year,month,average
2015,1,403.3644975
2015,2,404.0674156
2015,3,404.5871049
2015,4,404.8262707
2015,5,403.9191339
2015,6,401.1860694
2015,7,397.617987
2015,8,395.5755162
2015,9,396.7288981
2015,10,400.0649518
2015,11,403.0952445
2015,12,405.1041973
2016,1,406.4463914
2016,2,407.323805
2016,3,407.9952344
2016,4,408.3607599
2016,5,407.5500598
2016,6,404.8880987
2016,7,401.3023815
2016,8,399.1629585
2016,9,400.2109497
2016,10,403.4384368
2016,11,406.3570428
2016,12,408.2492652
2017,1,409.4712038
2017,2,410.2233307
2017,3,410.7765775
2017,4,411.0339933
2017,5,410.1189315
2017,6,407.3564918
2017,7,403.7370765
2017,8,401.6371515
2017,9,402.7325244
2017,10,406.0161154
2017,11,408.9934043
2017,12,410.9380904
2018,1,412.2054563
2018,2,412.997476
2018,3,413.5835379
2018,4,413.8647175
2018,5,412.9569724
2018,6,410.1877213
2018,7,406.5701638
2018,8,404.48924
2018,9,405.6003847
2018,10,408.8996798
2018,11,411.8891154
2018,12,413.8363724
2019,1,415.0994858
2019,2,415.8818081
2019,3,416.4547235
2019,4,416.7197457
2019,5,415.7865611
2019,6,412.9842752
2019,7,409.3525119
2019,8,407.2838909
2019,9,408.4083841
2019,10,411.7244863
2019,11,414.730007
2019,12,416.6859392
2020,1,417.9521505
2020,2,418.7330003
2020,3,419.300965
2020,4,419.5572779
2020,5,418.6050387
2020,6,415.7750698
2020,7,412.1321979
2020,8,410.0767046
2020,9,411.2144937
2020,10,414.5465317
2020,11,417.5666014
2020,12,419.5291984
2021,1,420.7961174
2021,2,421.5727468
2021,3,422.1327587
2021,4,422.3772036
2021,5,421.4027427
2021,6,418.541887
2021,7,414.8861632
2021,8,412.8433977
2021,9,413.9938869
2021,10,417.3410216
2021,11,420.3745997
2021,12,422.3426937
2022,1,423.6073656
2022,2,424.3783548
2022,3,424.9289696
2022,4,425.1600761
2022,5,424.1623474
2022,6,421.269933
2022,7,417.5984232
2022,8,415.5627486
2022,9,416.7203243
2022,10,420.0768804
2022,11,423.1185883
2022,12,425.0876261
2023,1,426.3476686
2023,2,427.109938
2023,3,427.6486971
2023,4,427.8647153
2023,5,426.8428647
2023,6,423.9188434
2023,7,420.2316953
2023,8,418.2032174
2023,9,419.3683628
2023,10,422.7350675
2023,11,425.7858738
2023,12,427.7571124
2024,1,429.0135675
2024,2,429.768627
2024,3,430.2970405
2024,4,430.4994034
2024,5,429.4549335
2024,6,426.5008333
2024,7,422.7987787
2024,8,420.7772171
2024,9,421.9494957
2024,10,425.3257107
2024,11,428.3849431
2024,12,430.3579245
2025,1,431.610598
2025,2,432.3583606
2025,3,432.8765174
2025,4,433.0655306
2025,5,431.9991883
2025,6,429.0161393
2025,7,425.2998931
2025,8,423.2852992
2025,9,424.4648207
2025,10,427.8506199
2025,11,430.9184151
2025,12,432.8935114
2026,1,434.1429688
2026,2,434.8840658
2026,3,435.3926414
2026,4,435.5690087
2026,5,434.4816907
2026,6,431.4707374
2026,7,427.7407725
2026,8,425.7328464
2026,9,426.919256
2026,10,430.3141745
2026,11,433.3900855
2026,12,435.3670647
2027,1,436.6132984
2027,2,437.3478321
2027,3,437.8470654
2027,4,438.0111825
2027,5,436.9036243
2027,6,433.8657956
2027,7,430.1227407
2027,8,428.1214993
2027,9,429.3148411
2027,10,432.7188736
2027,11,435.8029387
2027,12,437.7820396
2028,1,439.0254605
2028,2,439.7539041
2028,3,440.2443196
2028,4,440.3967539
2028,5,439.2697151
2028,6,436.2059189
2028,7,432.4501959
2028,8,430.4553945
2028,9,431.6553787
2028,10,435.0681374
2028,11,438.1599766
2028,12,440.1409947
2029,1,441.381557
2029,2,442.1039579
2029,3,442.5856963
2029,4,442.7266941
2029,5,441.5806865
2029,6,438.4916628
2029,7,434.7236277
2029,8,432.7350578
2029,9,433.9414969
2029,10,437.3627564
2029,11,440.4622007
2029,12,442.4451745
2030,1,443.6831395
2030,2,444.3998318
2030,3,444.8733286
2030,4,445.0034302
2030,5,443.8392355
2030,6,440.7259666
2030,7,436.9449583
2030,8,434.9601406
2030,9,436.1705289
2030,10,439.5976917
2030,11,442.7021222
2030,12,444.6845344
2031,1,445.9174962
2031,2,446.6260164
2031,3,447.0887723
2031,4,447.2054319
2031,5,446.0205654
2031,6,442.8805867
2031,7,439.0862329
2031,8,437.1067435
2031,9,438.3225086
2031,10,441.7568058
2031,11,444.8673305
2031,12,446.8502853
2032,1,448.0784185
2032,2,448.7798264
2032,3,449.2329242
2032,4,449.3372544
2032,5,448.1331732
2032,6,444.9682108
2032,7,441.1599999
2032,8,439.1827635
2032,9,440.4008053
2032,10,443.8390384
2032,11,446.9526016
2032,12,448.9335473
2033,1,450.1554041
2033,2,450.8480147
2033,3,451.2901308
2033,4,451.3812212
2033,5,450.1576425
2033,6,446.9680226
2033,7,443.1461741
2033,8,441.171054
2033,9,442.3914734
2033,10,445.833865
2033,11,448.9508633
2033,12,450.9304861
2034,1,452.1468018
2034,2,452.8316077
2034,3,453.2637782
2034,4,453.3426615
2034,5,452.1007602
2034,6,448.8877101
2034,7,445.0527314
2034,8,443.0793128
2034,9,444.3015591
2034,10,447.7473779
2034,11,450.867051
2034,12,452.8447884
2035,1,454.0552137
2035,2,454.731987
2035,3,455.1541409
2035,4,455.2209384
2035,5,453.9612427
2035,6,450.7256721
2035,7,446.8781027
2035,8,444.9063167
2035,9,446.1303984
2035,10,449.5796381
2035,11,452.7020573
2035,12,454.67822
2036,1,455.8832479
2036,2,456.5525731
2036,3,456.9653487
2036,4,457.0207356
2036,5,455.7441137
2036,6,452.4870183
2036,7,448.6272741
2036,8,446.6567618
2036,9,447.8822424
2036,10,451.3343367
2036,11,454.4589304
2036,12,456.4331337
2037,1,457.6325452
2037,2,458.2943217
2037,3,458.6977344
2037,4,458.7418621
2037,5,457.4487882
2037,6,454.170933
2037,7,450.29938
2037,8,448.3299
2037,9,449.5565818
2037,10,453.0113043
2037,11,456.1379162
2037,12,458.1102377
2038,1,459.3042998
2038,2,459.9589217
2038,3,460.3534669
2038,4,460.3869291
2038,5,459.0782547
2038,6,455.780698
2038,7,451.8979286
2038,8,449.9294067
2038,9,451.1571829
2038,10,454.614326
2038,11,457.7427454
2038,12,459.7131329
2039,1,460.9019084
2039,2,461.5494998
2039,3,461.9353375
2039,4,461.95833
2039,5,460.6344439
2039,6,457.3177199
2039,7,453.4237709
2039,8,451.4555717
2039,9,452.6837717
2039,10,456.1425841
2039,11,459.2720958
2039,12,461.2400471
2040,1,462.4232942
2040,2,463.0637012
2040,3,463.4408264
2040,4,463.4535137
2040,5,462.1149079
2040,6,458.7798146
2040,7,454.8753277
2040,8,452.9077487
2040,9,454.13674
2040,10,457.5975836
2040,11,460.7286095
2040,12,462.6947263
2041,1,463.8732158
2041,2,464.5072242
2041,3,464.8764399
2041,4,464.8796235
2041,5,463.5272052
2041,6,460.1746998
2041,7,456.2599418
2041,8,454.2924215
2041,9,455.5215388
2041,10,458.9836102
2041,11,462.1153019
2041,12,464.0788333
2042,1,465.2517483
2042,2,465.8787571
2042,3,466.2395372
2042,4,466.2327846
2042,5,464.8663864
2042,6,461.4965389
2042,7,457.5713026
2042,8,455.6031699
2042,9,456.831772
2042,10,460.294398
2042,11,463.4261461
2042,12,465.3867017
2043,1,466.5538361
2043,2,467.1737682
2043,3,467.526147
2043,4,467.5096063
2043,5,466.1296409
2043,6,462.7430864
2043,7,458.8076167
2043,8,456.8385459
2043,9,458.0663194
2043,10,461.5291399
2043,11,464.6606303
2043,12,466.6180923
2044,1,467.7794455
2044,2,468.3924599
2044,3,468.7366954
2044,4,468.7107268
2044,5,467.3178129
2044,6,463.9153854
2044,7,459.9700984
2044,8,457.9998982
2044,9,459.2266454
2044,10,462.689392
2044,11,465.820379
2044,12,467.7746773
2045,1,468.9302994
2045,2,469.5365472
2045,3,469.872854
2045,4,469.8377359
2045,5,468.4323681
2045,6,465.0147335
2045,7,461.0598354
2045,8,459.0880735
2045,9,460.3133291
2045,10,463.7754505
2045,11,466.9053992
2045,12,468.8561775
2046,1,470.0058468
2046,2,470.6052294
2046,3,470.933606
2046,4,470.8894445
2046,5,469.4719977
2046,6,466.0397644
2046,7,462.07548
2046,8,460.1018131
2046,9,461.3252574
2046,10,464.7863948
2046,11,467.9149996
2046,12,469.8621563
2047,1,471.0059246
2047,2,471.5986214
2047,3,471.9193416
2047,4,471.8665053
2047,5,470.4375931
2047,6,466.9915749
2047,7,463.0183007
2047,8,461.0425257
2047,9,462.2639425
2047,10,465.7238073
2047,11,468.8508002
2047,12,470.7942394
2048,1,471.9321358
2048,2,472.5182759
2048,3,472.8315389
2048,4,472.7703
2048,5,471.3304173
2048,6,467.8712911
2048,7,463.8892773
2048,8,461.9110418
2048,9,463.1300599
2048,10,466.5882079
2048,11,469.7131689
2048,12,471.6526489
2049,1,472.7845685
2049,2,473.3641636
2049,3,473.6700732
2049,4,473.6006355
2049,5,472.1502388
2049,6,468.6786775
2049,7,464.6882182
2049,8,462.7072606
2049,9,463.9236309
2049,10,467.3797649
2049,11,470.502436
2049,12,472.4378827
2050,1,473.5639167
2050,2,474.1371335
2050,3,474.4359284
2050,4,474.3586019
2050,5,472.8982093
2050,6,469.4148975
2050,7,465.4164059
2050,8,463.4327037
2050,9,464.646383
2050,10,468.1003909
2050,11,471.2206844
2050,12,473.1521803
2051,1,474.2725623
2051,2,474.8397347
2051,3,475.1318446
2051,4,475.0471648
2051,5,473.5775583
2051,6,470.0834947
2051,7,466.0773897
2051,8,464.0906258
2051,9,465.3013402
2051,10,468.7529408
2051,11,471.8706516
2051,12,473.7982028
2052,1,474.9132982
2052,2,475.4747416
2052,3,475.7605851
2052,4,475.6690764
2052,5,474.1909788
2052,6,470.6870603
2052,7,466.6741764
2052,8,464.68501
2052,9,465.8934476
2052,10,469.3433054
2052,11,472.4591137
2052,12,474.3834897
2053,1,475.4939217
2053,2,476.050476
2053,3,476.3308948
2053,4,476.2333871
2053,5,474.7477312
2053,6,471.2349413
2053,7,467.215763
2053,8,465.2240182
2053,9,466.42987
2053,10,469.8775136
2053,11,472.9908882
2053,12,474.9116509
2054,1,476.0171228
2054,2,476.5684944
2054,3,476.8432575
2054,4,476.7396064
2054,5,475.2464714
2054,6,471.7251031
2054,7,467.699692
2054,8,465.7050735
2054,9,466.9081213
2054,10,470.3533507
2054,11,473.4641671
2054,12,475.381369
2055,1,476.482054
2055,2,477.0285191
2055,3,477.2979628
2055,4,477.1885537
2055,5,475.6884758
2055,6,472.1591708
2055,7,468.127794
2055,8,466.1300487
2055,9,467.3299723
2055,10,470.772367
2055,11,473.8801866
2055,12,475.7934973
2056,1,476.889146
2056,2,477.4305357
2056,3,477.6945578
2056,4,477.5793687
2056,5,476.0725325
2056,6,472.5356618
2056,7,468.498425
2056,8,466.4972652
2056,9,467.6938217
2056,10,471.133133
2056,11,474.2377657
2056,12,476.1471618
2057,1,477.2378726
2057,2,477.7743902
2057,3,478.0332669
2057,4,477.9126436
2057,5,476.3995722
2057,6,472.8557991
2057,7,468.8130392
2057,8,466.8083345
2057,9,468.0013649
2057,10,471.4373609
2057,11,474.5385725
2057,12,476.4439314
2058,1,477.5296543
2058,2,478.0613132
2058,3,478.3150956
2058,4,478.1891296
2058,5,476.6700686
2058,6,473.1197623
2058,7,469.0715139
2058,8,467.0628306
2058,9,468.2518763
2058,10,471.6840398
2058,11,474.7813339
2058,12,476.6823029
2059,1,477.7628007
2059,2,478.2894783
2059,3,478.5381432
2059,4,478.406923
2059,5,476.8821955
2059,6,473.3258929
2059,7,469.2724608
2059,8,467.259746
2059,9,468.444822
2059,10,471.8731735
2059,11,474.9666265
2059,12,476.8634313
2060,1,477.9390564
2060,2,478.4611308
2060,3,478.7050704
2060,4,478.5689857
2060,5,477.0390643
2060,6,473.4772736
2060,7,469.4188874
2060,8,467.4019508
2060,9,468.5827345
2060,10,472.0068116
2060,11,475.0959195
2060,12,476.9881526
2061,1,478.0586164
2061,2,478.5758921
2061,3,478.8150372
2061,4,478.674181
2061,5,477.1394536
2061,6,473.5728641
2061,7,469.5098967
2061,8,467.4887095
2061,9,468.6654015
2061,10,472.0855629
2061,11,475.1708692
2061,12,477.0593226
2062,1,478.1258902
2062,2,478.6394594
2062,3,478.8749483
2062,4,478.7304716
2062,5,477.192101
2062,6,473.6218442
2062,7,469.5553516
2062,8,467.5308205
2062,9,468.7041719
2062,10,472.1210139
2062,11,475.2029962
2062,12,477.0880779
2063,1,478.1508349
2063,2,478.6610027
2063,3,478.8931259
2063,4,478.7453219
2063,5,477.2037099
2063,6,473.6302867
2063,7,469.560521
2063,8,467.532558
2063,9,468.7024932
2063,10,472.1159133
2063,11,475.1944914
2063,12,477.0762277
2064,1,478.1353332
2064,2,478.642248
2064,3,478.8711763
2064,4,478.7202345
2064,5,477.1756586
2064,6,473.5994087
2064,7,469.5264601
2064,8,467.49481
2064,9,468.661019
2064,10,472.0706312
2064,11,475.1453989
2064,12,477.023448
2065,1,478.0785936
2065,2,478.5820127
2065,3,478.8075476
2065,4,478.6533243
2065,5,477.1057838
2065,6,473.5268371
2065,7,469.4506582
2065,8,467.4150122
2065,9,468.5772325
2065,10,471.9827852
2065,11,475.0535447
2065,12,476.9278348
2066,1,477.9790353
2066,2,478.479062
2066,3,478.7013654
2066,4,478.544077
2066,5,476.9939169
2066,6,473.4127193
2066,7,469.3335301
2066,8,467.2937818
2066,9,468.4518831
2066,10,471.853193
2066,11,474.9197588
2066,12,476.7901838
2067,1,477.8373804
2067,2,478.3340129
2067,3,478.5531172
2067,4,478.3928347
2067,5,476.840247
2067,6,473.2570921
2067,7,469.1749634
2067,8,467.1308672
2067,9,468.2846002
2067,10,471.6813825
2067,11,474.7434834
2067,12,476.6098656
2068,1,477.6529396
2068,2,478.1461231
2068,3,478.362013
2068,4,478.1987614
2068,5,476.6438926
2068,6,473.0590255
2068,7,468.9739706
2068,8,466.9252104
2068,9,468.0742437
2068,10,471.4661248
2068,11,474.5234009
2068,12,476.385481
2069,1,477.4242473
2069,2,477.9138797
2069,3,478.1265188
2069,4,477.9603353
2069,5,476.4033844
2069,6,472.8171492
2069,7,468.7293311
2069,8,466.6757966
2069,9,467.8200686
2069,10,471.2069986
2069,11,474.2594539
2069,12,476.1173631
2070,1,477.1520452
2070,2,477.6384219
2070,3,477.848152
2070,4,477.6794176
2070,5,476.1208779
2070,6,472.5338491
2070,7,468.4431598
2070,8,466.3839549
2070,9,467.5225131
2070,10,470.9034486
2070,11,473.949998
2070,12,475.80269
2071,1,476.8322525
2071,2,477.3143394
2071,3,477.5201092
2071,4,477.3477568
2071,5,475.7866249
2071,6,472.1978403
2071,7,468.1038838
2071,8,466.0390822
2071,9,467.1719278
2071,10,470.5467699
2071,11,473.5872698
2071,12,475.4346429
2072,1,476.4586087
2072,2,476.9363707
2072,3,477.1382015
2072,4,476.9623187
2072,5,475.3989227
2072,6,471.8089121
2072,7,467.7113234
2072,8,465.6394729
2072,9,466.7651444
2072,10,470.132366
2072,11,473.1653407
2072,12,475.0061509
2073,1,476.0237532
2073,2,476.4963028
2073,3,476.6934348
2073,4,476.5134054
2073,5,474.9473893
2073,6,471.3560418
2073,7,467.2545527
2073,8,465.1751186
2073,9,466.2932246
2073,10,469.6525358
2073,11,472.6778396
2073,12,474.512167
2074,1,475.5235594
2074,2,475.9912914
2074,3,476.1842254
2074,4,476.0006377
2074,5,474.4327797
2074,6,470.8410088
2074,7,466.7361476
2074,8,464.6491046
2074,9,465.7595216
2074,10,469.1106469
2074,11,472.1279438
2074,12,473.9555317
2075,1,474.960517
2075,2,475.4232881
2075,3,475.6119288
2075,4,475.424755
2075,5,473.8552334
2075,6,470.2634072
2075,7,466.1552569
2075,8,464.060275
2075,9,465.1627456
2075,10,468.5054597
2075,11,471.5146203
2075,12,473.3355443
2076,1,474.3343471
2076,2,474.792511
2076,3,474.9772995
2076,4,474.7870583
2076,5,473.2165784
2076,6,469.6255428
2076,7,465.5145869
2076,8,463.4116308
2076,9,464.5060553
2076,10,467.8401405
2076,11,470.8409096
2076,12,472.6550043
2077,1,473.6475138
2077,2,474.1010139
2077,3,474.2819261
2077,4,474.0886357
2077,5,472.517386
2077,6,468.9274743
2077,7,464.8137089
2077,8,462.7022999
2077,9,463.7881993
2077,10,467.113135
2077,11,470.1050294
2077,12,471.9119752
2078,1,472.8979959
2078,2,473.3467598
2078,3,473.5238218
2078,4,473.327614
2078,5,471.755958
2078,6,468.1677374
2078,7,464.0514491
2078,8,461.9314547
2078,9,463.0087476
2078,10,466.3244594
2078,11,469.3074777
2078,12,471.107455
2079,1,472.0872937
2079,2,472.5317389
2079,3,472.7054367
2079,4,472.5068578
2079,5,470.9355116
2079,6,467.3498234
2079,7,463.2314787
2079,8,461.1028354
2079,9,462.171383
2079,10,465.4776008
2079,11,468.4514204
2079,12,470.244183
2080,1,471.2176405
2080,2,471.6576049
2080,3,471.8277982
2080,4,471.6267404
2080,5,470.0557567
2080,6,466.4727898
2080,7,462.3528037
2080,8,460.2160185
2080,9,461.2763244
2080,10,464.5735106
2080,11,467.5386414
2080,12,469.324886
2081,1,470.2928275
2081,2,470.7293489
2081,3,470.8972434
2081,4,470.6951031
2081,5,469.1262075
2081,6,465.5480045
2081,7,461.4271497
2081,8,459.281605
2081,9,460.3332655
2081,10,463.6212019
2081,11,466.5776699
2081,12,468.3577523
2082,1,469.3213772
2082,2,469.7552451
2082,3,469.9217149
2082,4,469.7194176
2082,5,468.153543
2082,6,464.5810146
2082,7,460.4607568
2082,8,458.3084538
2082,9,459.3533655
2082,10,462.6338173
2082,11,465.5832391
2082,12,467.358617
2083,1,468.3187459
2083,2,468.7511425
2083,3,468.9172793
2083,4,468.7158294
2083,5,467.1539892
2083,6,463.588133
2083,7,459.4690718
2083,8,457.3101001
2083,9,458.3482097
2083,10,461.6209452
2083,11,464.56298
2083,12,466.3333187
2084,1,467.2897529
2084,2,467.7203381
2084,3,467.885793
2084,4,467.6848557
2084,5,466.126814
2084,6,462.5674973
2084,7,458.4493674
2084,8,456.2832753
2084,9,457.3142107
2084,10,460.5789336
2084,11,463.5134024
2084,12,465.2786871
2085,1,466.2315143
2085,2,466.6605006
2085,3,466.825558
2085,4,466.6254731
2085,5,465.0716755
2085,6,461.5194133
2085,7,457.4025064
2085,8,455.2292637
2085,9,456.2529168
2085,10,459.5093975
2085,11,462.4359871
2085,12,464.1959038
2086,1,465.1447938
2086,2,465.5718626
2086,3,465.7362085
2086,4,465.5366848
2086,5,463.9869488
2086,6,460.4416646
2086,7,456.3257459
2086,8,454.1448929
2086,9,455.1608638
2086,10,458.4087514
2086,11,461.3272097
2086,12,463.0816662
2087,1,464.0266436
2087,2,464.4519402
2087,3,464.6158055
2087,4,464.4171516
2087,5,462.8719246
2087,6,459.3341756
2087,7,455.2196142
2087,8,453.0312372
2087,9,454.0395942
2087,10,457.2789012
2087,11,460.1892226
2087,12,461.9382652
2088,1,462.8793967
2088,2,463.3030171
2088,3,463.4665042
2088,4,463.26883
2088,5,461.7283026
2088,6,458.19834
2088,7,454.0851543
2088,8,451.8889531
2088,9,452.8893566
2088,10,456.1196759
2088,11,459.0214325
2088,12,460.7646954
2089,1,461.7016576
2089,2,462.1233417
2089,3,462.2862433
2089,4,462.0894086
2089,5,460.5535933
2089,6,457.0315753
2089,7,452.9197839
2089,8,450.7155619
2089,9,451.7078969
2089,10,454.929179
2089,11,457.8224386
2089,12,459.560161
2090,1,460.4932858
2090,2,460.9134811
2090,3,461.0762912
2090,4,460.8808118
2090,5,459.3502994
2090,6,455.8368429
2090,7,451.7281287
2090,8,449.5185142
2090,9,450.5052464
2090,10,453.7197373
2090,11,456.606559
2090,12,458.3407387
2091,1,459.2719763
2091,2,459.6927088
2091,3,459.857554
2091,4,459.6657285
2091,5,458.143145
2091,6,454.6412506
2091,7,450.5359407
2091,8,448.3185559
2091,9,449.2977742
2091,10,452.5040665
2091,11,455.3836551
2091,12,457.1141521
2092,1,458.0450977
2092,2,458.4671352
2092,3,458.6349785
2092,4,458.4478745
2092,5,456.9341269
2092,6,453.4445023
2092,7,449.3451247
2092,8,447.1244426
2092,9,448.1004054
2092,10,451.3025248
2092,11,454.1784854
2092,12,455.9082939
2093,1,456.8405183
2093,2,457.2658835
2093,3,457.4384169
2093,4,457.257415
2093,5,455.7536104
2093,6,452.277103
2093,7,448.1841879
2093,8,445.9604178
2093,9,446.9331057
2093,10,450.1308157
2093,11,453.0027248
2093,12,454.7312768
2094,1,455.6643678
2094,2,456.092268
2094,3,456.2686055
2094,4,456.092758
2094,5,454.5978771
2094,6,451.1334402
2094,7,447.0461134
2094,8,444.8186355
2094,9,445.7875549
2094,10,448.9805365
2094,11,451.8482548
2094,12,453.5755479
2095,1,454.5095888
2095,2,454.9402406
2095,3,455.1206771
2095,4,454.9503259
2095,5,453.4646944
2095,6,450.0126156
2095,7,445.9312316
2095,8,443.7004765
2095,9,444.6659751
2095,10,447.8544757
2095,11,450.7181003
2095,12,452.4440421
2096,1,453.3787706
2096,2,453.8117886
2096,3,453.9958335
2096,4,453.830403
2096,5,452.3533499
2096,6,448.9128923
2096,7,444.8367932
2096,8,442.6022398
2096,9,443.5638352
2096,10,446.747444
2096,11,449.606637
2096,12,451.3309404
2097,1,452.2661115
2097,2,452.7013146
2097,3,452.8888378
2097,4,452.7282408
2097,5,451.2596867
2097,6,447.8307785
2097,7,443.7600054
2097,8,441.5218329
2097,9,442.4797279
2097,10,445.6586745
2097,11,448.5136678
2097,12,450.236533
2098,1,451.1723077
2098,2,451.6098366
2098,3,451.8009484
2098,4,451.6452576
2098,5,450.1852063
2098,6,446.7677831
2098,7,442.7022986
2098,8,440.4605205
2098,9,441.4146763
2098,10,444.5888728
2098,11,447.4395079
2098,12,449.1606794
2099,1,450.0967151
2099,2,450.5361756
2099,3,450.7304401
2099,4,450.5791909
2099,5,449.1271392
2099,6,445.7206786
2099,7,441.6600474
2099,8,439.4143561
2099,9,440.3645173
2099,10,443.5337832
2099,11,446.3799533
2099,12,448.0993824
2100,1,449.0360823
2100,2,449.4774892
2100,3,449.6749268
2100,4,449.5281351
2100,5,448.0840573
2100,6,444.6884916
2100,7,440.632578
2100,8,438.3827951
2100,9,439.3287556
2100,10,442.4928594
2100,11,445.3342816
2100,12,447.0516008
2101,1,447.9878082
2101,2,448.4307434
2101,3,448.6309527
2101,4,448.4882386
2101,5,447.0517481
2101,6,443.6666968
2101,7,439.6155272
2101,8,437.3621285
2101,9,438.3044266
2101,10,441.4639857
2101,11,444.3013412
2101,12,446.0172663
2102,1,446.9542692
2102,2,447.3994931
2102,3,447.6032375
2102,4,447.4653564
2102,5,446.0371213
2102,6,442.6631709
2102,7,438.6173736
2102,8,436.3610961
2102,9,437.3004416
2102,10,440.456152
2102,11,443.2900692
2102,12,445.0050825
2103,1,445.9430489
2103,2,446.3907766
2103,3,446.5981554
2103,4,446.4650953
2103,5,445.044978
2103,6,441.6818851
2103,7,437.641233
2103,8,435.381911
2103,9,436.3181071
2103,10,439.469764
2103,11,442.3000258
2103,12,444.0138831
2104,1,444.9526058
2104,2,445.4025949
2104,3,445.6133873
2104,4,445.4849492
2104,5,444.0727314
2104,6,440.7202635
2104,7,436.6846528
2104,8,434.422349
2104,9,435.3554808
2104,10,438.5032013
2104,11,441.3299298
2104,12,443.0427175
2105,1,443.9822384
2105,2,444.4345194
2105,3,444.6487324
2105,4,444.5248973
2105,5,443.1205
2105,6,439.7785264
2105,7,435.747904
2105,8,433.4826811
2105,9,434.4128005
2105,10,437.5566373
2105,11,440.3798649
2105,12,442.0915615
2106,1,443.0318094
2106,2,443.486275
2106,3,443.7037667
2106,4,443.584357
2106,5,442.1875384
2106,6,438.8557632
2106,7,434.8299065
2106,8,432.561654
2106,9,433.4886452
2106,10,436.628491
2106,11,439.4481021
2106,12,441.1585548
2107,1,442.0993464
2107,2,442.5557996
2107,3,442.7763623
2107,4,442.6611615
2107,5,441.2716683
2107,6,437.9498118
2107,7,433.9285365
2107,8,431.6572026
2107,9,432.581035
2107,10,435.7168939
2107,11,438.5329112
2107,12,440.242134
2108,1,441.183482
2108,2,441.6419495
2108,3,441.8656279
2108,4,441.7546959
2108,5,440.3725662
2108,6,437.0606424
2108,7,433.044043
2108,8,430.7698268
2108,9,431.690685
2108,10,434.8227289
2108,11,437.6352843
2108,12,439.3433314
2109,1,440.2852071
2109,2,440.7455802
2109,3,440.9721781
2109,4,440.8652287
2109,5,439.490074
2109,6,436.1876159
2109,7,432.1752726
2109,8,429.89785
2109,9,430.8154181
2109,10,433.9433656
2109,11,436.7522123
2109,12,438.4588609
2110,1,439.4010879
2110,2,439.8632621
2110,3,440.0927661
2110,4,439.9898832
2110,5,438.6218408
2110,6,435.3290255
2110,7,431.3212402
2110,8,429.0410481
2110,9,429.9557758
2110,10,433.0800791
2110,11,435.8856345
2110,12,437.59122
2111,1,438.5340395
2111,2,438.9981439
2111,3,439.2305556
2111,4,439.1316011
2111,5,437.7703828
2111,6,434.4867998
2111,7,430.4831655
2111,8,428.1998523
2111,9,429.1113645
2111,10,432.2316558
2111,11,435.0335642
2111,12,436.7377383
2112,1,437.680837
2112,2,438.1466209
2112,3,438.381777
2112,4,438.2866884
2112,5,436.9322948
2112,6,433.6579961
2112,7,429.6586997
2112,8,427.3725985
2112,9,428.2812577
2112,10,431.3979197
2112,11,434.1965501
2112,12,435.8996234
2113,1,436.8432444
2113,2,437.3108646
2113,3,437.5488235
2113,4,437.4575457
2113,5,436.1097906
2113,6,432.8444806
2113,7,428.8492351
2113,8,426.5601126
2113,9,427.4656562
2113,10,430.578422
2113,11,433.3735018
2113,12,435.0751863
2114,1,436.0190431
2114,2,436.4882451
2114,3,436.7287992
2114,4,436.641183
2114,5,435.2999489
2114,6,432.0435384
2114,7,428.0523702
2114,8,425.7603871
2114,9,426.6630084
2114,10,429.7721034
2114,11,432.5638663
2114,12,434.2643701
2115,1,435.2086429
2115,2,435.6795737
2115,3,435.9228313
2115,4,435.8389378
2115,5,434.5042133
2115,6,431.2566281
2115,7,427.2694976
2115,8,424.9746797
2115,9,425.8743819
2115,10,428.9797987
2115,11,431.7682145
2115,12,433.4674639
2116,1,434.4120472
2116,2,434.8845724
2116,3,435.1303789
2116,4,435.0500355
2116,5,433.7216092
2116,6,430.4826088
2116,7,426.4993456
2116,8,424.2016245
2116,9,425.0983534
2116,10,428.2000645
2116,11,430.9851218
2116,12,432.6831015
2117,1,433.6279831
2117,2,434.1021084
2117,3,434.3504925
2117,4,434.2737531
2117,5,432.9516789
2117,6,429.7213141
2117,7,425.7420474
2117,8,423.4416477
2117,9,424.3356272
2117,10,427.4338553
2117,11,430.2157521
2117,12,431.9126034
2118,1,432.8578659
2118,2,433.3336082
2118,3,433.5845163
2118,4,433.5112474
2118,5,432.1952897
2118,6,428.9732402
2118,7,424.9976674
2118,8,422.6943427
2118,9,423.5853083
2118,10,426.6797916
2118,11,429.4582667
2118,12,431.1537188
2119,1,432.0990997
2119,2,432.5762224
2119,3,432.829459
2119,4,432.7595177
2119,5,431.4495672
2119,6,428.2357547
2119,7,424.263907
2119,8,421.9578144
2119,9,422.8459556
2119,10,425.9369145
2119,11,428.7121964
2119,12,430.4064545
2120,1,431.3521341
2120,2,431.8307835
2120,3,432.0864571
2120,4,432.0199036
2120,5,430.7159467
2120,6,427.5102944
2120,7,423.5421264
2120,8,421.2332842
2120,9,422.1186043
2120,10,425.2060417
2120,11,427.9781257
2120,12,429.6711616
2121,1,430.617095
2121,2,431.0972313
2121,3,431.3553116
2121,4,431.292131
2121,5,429.9941499
2121,6,426.7966355
2121,7,422.8321936
2121,8,420.5207321
2121,9,421.4033587
2121,10,424.4873986
2121,11,427.2563837
2121,12,428.9482424
2122,1,429.8944241
2122,2,430.3759737
2122,3,430.63632
2122,4,430.5762951
2122,5,429.2839709
2122,6,426.0941931
2122,7,422.1330959
2122,8,419.8186958
2122,9,420.6983062
2122,10,423.7786475
2122,11,426.5442575
2122,12,428.2346834
2123,1,429.180896
2123,2,429.6637109
2123,3,429.92626
2123,4,429.8694288
2123,5,428.5828912
2123,6,425.4010597
2123,7,421.4436537
2123,8,419.126798
2123,9,420.0039114
2123,10,423.0810933
2123,11,425.8438516
2123,12,427.5333087
2124,1,428.4799442
2124,2,428.9643131
2124,3,429.2292355
2124,4,429.175626
2124,5,427.8947218
2124,6,424.7205219
2124,7,420.7664391
2124,8,418.4467553
2124,9,419.3209392
2124,10,422.3945017
2124,11,425.1539326
2124,12,426.8419328
2125,1,427.7885152
2125,2,428.2740152
2125,3,428.5409634
2125,4,428.4903273
2125,5,427.2149087
2125,6,424.0482905
2125,7,420.0976362
2125,8,417.7753879
2125,9,418.6469719
2125,10,421.7172984
2125,11,424.4738076
2125,12,426.1607409
2126,1,427.1076345
2126,2,427.59458
2126,3,427.8638062
2126,4,427.8163138
2126,5,426.5464324
2126,6,423.3873365
2126,7,419.4400324
2126,8,417.1151588
2126,9,417.9840366
2126,10,421.0509958
2126,11,423.804428
2126,12,425.4901083
2127,1,426.4371131
2127,2,426.9253106
2127,3,427.1966424
2127,4,427.1521548
2127,5,425.887698
2127,6,422.736042
2127,7,418.7921021
2127,8,416.4647257
2127,9,417.3310446
2127,10,420.3948055
2127,11,423.1453292
2127,12,424.8298952
2128,1,425.7771147
2128,2,426.2666262
2128,3,426.5400767
2128,4,426.4985471
2128,5,425.2393801
2128,6,422.0949475
2128,7,418.1541601
2128,8,415.8241081
2128,9,416.6876751
2128,10,419.7480441
2128,11,422.4954659
2128,12,424.1787178
2129,1,425.1259677
2129,2,425.6166313
2129,3,425.8920807
2129,4,425.8534433
2129,5,424.5995461
2129,6,421.4623682
2129,7,417.5248785
2129,8,415.1924176
2129,9,416.0535318
2129,10,419.1108322
2129,11,421.8554724
2129,12,423.5376934
2130,1,424.4852043
2130,2,424.977198
2130,3,425.2547543
2130,4,425.2190313
2130,5,423.9703083
2130,6,420.8401728
2130,7,416.9057388
2130,8,414.5706344
2130,9,415.4290175
2130,10,418.4829506
2130,11,421.224496
2130,12,422.9053572
2131,1,423.8528114
2131,2,424.3458381
2131,3,424.6252494
2131,4,424.5922501
2131,5,423.3485695
2131,6,420.2254154
2131,7,416.2941089
2131,8,413.9565738
2131,9,414.8124943
2131,10,417.8633779
2131,11,420.60217
2131,12,422.2820044
2132,1,423.2297127
2132,2,423.724061
2132,3,424.0055783
2132,4,423.9755019
2132,5,422.7369801
2132,6,419.6208376
2132,7,415.6926768
2132,8,413.3527443
2132,9,414.2061921
2132,10,417.253986
2132,11,419.989951
2132,12,421.6686414
2133,1,422.6164619
2133,2,423.1119609
2133,3,423.395401
2133,4,423.3680584
2133,5,422.1344892
2133,6,419.0251447
2133,7,415.099981
2133,8,412.7575876
2133,9,413.6085118
2133,10,416.6531825
2133,11,419.3862915
2133,12,421.0637927
2134,1,422.0116622
2134,2,422.5082434
2134,3,422.7935282
2134,4,422.7688297
2134,5,421.5400929
2134,6,418.4373986
2134,7,414.5151275
2134,8,412.1702343
2134,9,413.0186001
2134,10,416.0601266
2134,11,418.7903648
2134,12,420.4666549
2135,1,421.4145545
2135,2,421.9122031
2135,3,422.1993307
2135,4,422.1772895
2135,5,420.9533993
2135,6,417.8573777
2135,7,413.9380939
2135,8,411.5908826
2135,9,412.4368857
2135,10,415.4754783
2135,11,418.2030535
2135,12,419.8783144
2136,1,420.8263983
2136,2,421.3252384
2136,3,421.614299
2136,4,421.5949648
2136,5,420.3759072
2136,6,417.2864796
2136,7,413.3701105
2136,8,411.02054
2136,9,411.8641136
2136,10,414.8996921
2136,11,417.6245067
2136,12,419.2986132
2137,1,420.2467412
2137,2,420.7466238
2137,3,421.0374706
2137,4,421.0207044
2137,5,419.8063379
2137,6,416.7233703
2137,7,412.8098562
2137,8,410.4579567
2137,9,411.2991511
2137,10,414.3317882
2137,11,417.0539224
2137,12,418.7269405
2138,1,419.6751628
2138,2,420.1761256
2138,3,420.4687797
2138,4,420.4545813
2138,5,419.2448637
2138,6,416.1682723
2138,7,412.2575532
2138,8,409.9033124
2138,9,410.7421064
2138,10,413.7717829
2138,11,416.4912146
2138,12,418.1631084
2139,1,419.1113876
2139,2,419.6133935
2139,3,419.9078285
2139,4,419.8961872
2139,5,418.6911115
2139,6,415.620902
2139,7,411.7130602
2139,8,409.3566468
2139,9,410.1932224
2139,10,413.2201297
2139,11,415.9370401
2139,12,417.6079539
2140,1,418.5563922
2140,2,419.0594948
2140,3,419.355709
2140,4,419.3465568
2140,5,418.1459631
2140,6,415.0818786
2140,7,411.1768919
2140,8,408.8185564
2140,9,409.6531303
2140,10,412.6774777
2140,11,415.3920778
2140,12,417.0622283
2141,1,418.0110704
2141,2,418.5155689
2141,3,418.8139367
2141,4,418.8077425
2141,5,417.6121986
2141,6,414.5549287
2141,7,410.6531456
2141,8,408.2928963
2141,9,409.1255881
2141,10,412.1475934
2141,11,414.8601708
2141,12,416.5298809
2142,1,417.4797954
2142,2,417.9860169
2142,3,418.286814
2142,4,418.2837812
2142,5,417.0933117
2142,6,414.0427071
2142,7,410.1444153
2142,8,407.7830829
2142,9,408.6146659
2142,10,411.6350828
2142,11,414.3463229
2142,12,416.0161277
2143,1,416.967279
2143,2,417.4755549
2143,3,417.7790639
2143,4,417.7794301
2143,5,416.5942022
2143,6,413.5503727
2143,7,409.6557397
2143,8,407.2935846
2143,9,408.124303
2143,10,411.1433697
2143,11,413.8534841
2143,12,415.5235371
2144,1,416.47611
2144,2,416.9864903
2144,3,417.2927077
2144,4,417.2964131
2144,5,416.116261
2144,6,413.078946
2144,7,409.1878158
2144,8,406.8248458
2144,9,407.6546833
2144,10,410.6723805
2144,11,413.3813212
2144,12,415.0515006
2145,1,416.0053026
2145,2,416.517565
2145,3,416.8262372
2145,4,416.832999
2145,5,415.6575697
2145,6,412.626361
2145,7,408.7384485
2145,8,406.3745564
2145,9,407.2034195
2145,10,410.2196879
2145,11,412.927405
2145,12,414.5976298
2146,1,415.5525651
2146,2,416.066609
2146,3,416.3776421
2146,4,416.3873752
2146,5,415.2165518
2146,6,412.1913153
2146,7,408.306644
2146,8,405.9420564
2146,9,406.7702006
2146,10,409.7853321
2146,11,412.4921184
2146,12,414.1626292
2147,1,415.118887
2147,2,415.6348556
2147,3,415.9483424
2147,4,415.961079
2147,5,414.7947818
2147,6,411.7753284
2147,7,407.8937678
2147,8,405.5284669
2147,9,406.3558282
2147,10,409.3697385
2147,11,412.0754718
2147,12,413.7460766
2148,1,414.7034134
2148,2,415.221034
2148,3,415.536687
2148,4,415.5521327
2148,5,414.3900291
2148,6,411.3760078
2148,7,407.4973551
2148,8,405.1313341
2148,9,405.9579464
2148,10,408.97072
2148,11,411.6755062
2148,12,413.3462856
2149,1,414.3047684
2149,2,414.8240879
2149,3,415.14194
2149,4,415.1601082
2149,5,414.0021453
2149,6,410.9934433
2149,7,407.117693
2149,8,404.7511012
2149,9,405.5771039
2149,10,408.5888869
2149,11,411.2928531
2149,12,412.9638747
2150,1,413.9235135
2150,2,414.4445131
2150,3,414.764515
2150,4,414.785325
2150,5,413.6313524
2150,6,410.6277605
2150,7,406.7547965
2150,8,404.3876566
2150,9,405.2130672
2150,10,408.2238872
2150,11,410.9270483
2150,12,412.5982768
2151,1,413.5590036
2151,2,414.0815785
2151,3,414.4036014
2151,4,414.4269
2151,5,413.2767023
2151,6,410.2779535
2151,7,406.4076121
2151,8,404.0399076
2151,9,404.8647044
2151,10,407.8745437
2151,11,410.5768558
2151,12,412.2481764
2152,1,413.2096437
2152,2,413.7335601
2152,3,414.0573273
2152,4,414.082789
2152,5,412.9359843
2152,6,409.941635
2152,7,406.0734188
2152,8,403.7046034
2152,9,404.5281943
2152,10,407.5364334
2152,11,410.2372668
2152,12,411.9080558
2153,1,412.8697865
2153,2,413.3944802
2153,3,413.7194738
2153,4,413.7466441
2153,5,412.6028308
2153,6,409.612558
2153,7,405.7463505
2153,8,403.3765521
2153,9,404.1991837
2153,10,407.2061753
2153,11,409.9059475
2153,12,411.5766354
2154,1,412.5390232
2154,2,413.0649036
2154,3,413.3914977
2154,4,413.4206914
2154,5,412.280081
2154,6,409.2939746
2154,7,405.4297985
2154,8,403.0589859
2154,9,403.8805169
2154,10,406.8860396
2154,11,409.5844591
2154,12,411.2546862
2155,1,412.2173368
2155,2,412.74399
2155,3,413.071782
2155,4,413.1026297
2155,5,411.964887
2155,6,408.9826741
2155,7,405.1204343
2155,8,402.748728
2155,9,403.5693888
2155,10,406.5737695
2155,11,409.2712247
2155,12,410.9413977
2156,1,411.9047181
2156,2,412.4325386
2156,3,412.7618903
2156,4,412.7946985
2156,5,411.6600325
2156,6,408.6818085
2156,7,404.8215442
2156,8,402.4489367
2156,9,403.2686116
2156,10,406.2716553
2156,11,408.9678805
2156,12,410.6376642
2157,1,411.6012822
2157,2,412.1298744
2157,3,412.4603967
2157,4,412.4948037
2157,5,411.3628801
2157,6,408.3883648
2157,7,404.529951
2157,8,402.1565138
2157,9,402.9753834
2157,10,405.9773681
2157,11,408.6727054
2157,12,410.3424649
2158,1,411.306757
2158,2,411.8364874
2158,3,412.168523
2158,4,412.2048271
2158,5,411.075858
2158,6,408.105163
2158,7,404.2486876
2158,8,401.8744933
2158,9,402.6925292
2158,10,405.6933495
2158,11,408.3876197
2158,12,410.0570964
2159,1,411.0217434
2159,2,411.5522606
2159,3,411.885442
2159,4,411.9232752
2159,5,410.7968883
2159,6,407.8296585
2159,7,403.9748738
2159,8,401.5998205
2159,9,402.4169961
2159,10,405.4167012
2159,11,408.1100095
2159,12,409.7793371
2160,1,410.7445062
2160,2,411.2759933
2160,3,411.6105219
2160,4,411.6500962
2160,5,410.5264849
2160,6,407.5628939
2160,7,403.7100373
2160,8,401.3344449
2160,9,402.151069
2160,10,405.1499594
2160,11,407.8425786
2160,12,409.5119751
2161,1,410.4778278
2161,2,411.0103919
2161,3,411.3463167
2161,4,411.3876164
2161,5,410.2666741
2161,6,407.3065236
2161,7,403.4553775
2161,8,401.0790279
2161,9,401.8948138
2161,10,404.8925587
2161,11,407.5841187
2161,12,409.2531715
2162,1,410.2192811
2162,2,410.7524922
2162,3,411.0894059
2162,4,411.132063
2162,5,410.0134569
2162,6,407.0564727
2162,7,403.2069278
2162,8,400.8299185
2162,9,401.6450858
2162,10,404.642016
2162,11,407.3329254
2162,12,409.0020793
2163,1,409.9689117
2163,2,410.5032431
2163,3,410.8416087
2163,4,410.8860555
2163,5,409.7701459
2163,6,406.816602
2163,7,402.9689117
2163,8,400.5914808
2163,9,401.406163
2163,10,404.4023274
2163,11,407.0925508
2163,12,408.7616786
2164,1,409.7290346
2164,2,410.2642309
2164,3,410.6037542
2164,4,410.6496704
2164,5,409.5361036
2164,6,406.5856312
2164,7,402.7395018
2164,8,400.3614677
2164,9,401.1755294
2164,10,404.1708426
2164,11,406.8603272
2164,12,408.5293827
2165,1,409.4972281
2165,2,410.0332571
2165,3,410.3739104
2165,4,410.4212673
2165,5,409.3099874
2165,6,406.3625041
2165,7,402.517916
2165,8,400.1393425
2165,9,400.952837
2165,10,403.9473521
2165,11,406.6361402
2165,12,408.3051369
2166,1,409.2734609
2166,2,409.8103025
2166,3,410.1520592
2166,4,410.2008259
2166,5,409.0917804
2166,6,406.1472202
2166,7,402.3041689
2166,8,399.9251389
2166,9,400.73817
2166,10,403.7320169
2166,11,406.4202487
2166,12,408.089314
2167,1,409.0582411
2167,2,409.5960025
2167,3,409.9389597
2167,4,409.9892193
2167,5,408.8824527
2167,6,405.9408243
2167,7,402.099369
2167,8,399.7200147
2167,9,400.5326985
2167,10,403.5259853
2167,11,406.2137482
2167,12,407.8829278
2168,1,408.8524656
2168,2,409.391126
2168,3,409.7352358
2168,4,409.7869132
2168,5,408.6823031
2168,6,405.7434422
2168,7,401.9034577
2168,8,399.5237166
2168,9,400.3359779
2168,10,403.3286277
2168,11,406.0158353
2168,12,407.6850174
2169,1,408.6550425
2169,2,409.1944689
2169,3,409.5395999
2169,4,409.5925694
2169,5,408.4899798
2169,6,405.5537503
2169,7,401.7151922
2169,8,399.3351411
2169,9,400.1470975
2169,10,403.1392725
2169,11,405.8261112
2169,12,407.4954783
2170,1,408.4661665
2170,2,409.0065258
2170,3,409.3528313
2170,4,409.4072242
2170,5,408.3067363
2170,6,405.3731674
2170,7,401.5360771
2170,8,399.1557857
2170,9,399.9674603
2170,10,402.9591467
2170,11,405.6455604
2170,12,407.3150008
2171,1,408.2862027
2171,2,408.8273084
2171,3,409.1745799
2171,4,409.2301723
2171,5,408.1315331
2171,6,405.2003548
2171,7,401.3645489
2171,8,398.9839521
2171,9,399.795312
2171,10,402.7865185
2171,11,405.4725414
2171,12,407.1420916
2172,1,408.1138438
2172,2,408.6557449
2172,3,409.0040399
2172,4,409.0608944
2172,5,407.9641494
2172,6,405.0353931
2172,7,401.2009536
2172,8,398.8202046
2172,9,399.6314072
2172,10,402.6223001
2172,11,405.3080937
2172,12,406.9778883
2173,1,407.9503098
2173,2,408.4930944
2173,3,408.8424786
2173,4,408.9006358
2173,5,407.8057771
2173,6,404.8793893
2173,7,401.0463068
2173,8,398.6654625
2173,9,399.4765405
2173,10,402.4671366
2173,11,405.152691
2173,12,406.8226751
2174,1,407.7956699
2174,2,408.3392168
2174,3,408.6895453
2174,4,408.7488386
2174,5,407.6556611
2174,6,404.7314056
2174,7,400.8994882
2174,8,398.5184262
2174,9,399.3292602
2174,10,402.3194531
2174,11,405.0046657
2174,12,406.6747245
2175,1,407.648181
2175,2,408.1923753
2175,3,408.5435432
2175,4,408.6038802
2175,5,407.5122865
2175,6,404.5900701
2175,7,400.7593173
2175,8,398.3781576
2175,9,399.1889098
2175,10,402.1789113
2175,11,404.864025
2175,12,406.5344043
2176,1,407.5085667
2176,2,408.0536541
2176,3,408.4059016
2176,4,408.4675097
2176,5,407.3776872
2176,6,404.4576553
2176,7,400.6282447
2176,8,398.2472132
2176,9,399.0580722
2176,10,402.0480373
2176,11,404.7331625
2176,12,406.4039116
2177,1,407.3787777
2177,2,407.9247073
2177,3,408.2779425
2177,4,408.3406903
2177,5,407.2524513
2177,6,404.3343679
2177,7,400.5060923
2177,8,398.1250364
2177,9,398.9358356
2177,10,401.9255937
2177,11,404.6105488
2177,12,406.2814603
2178,1,407.2568127
2178,2,407.8033573
2178,3,408.1573562
2178,4,408.2210279
2178,5,407.13415
2178,6,404.2177965
2178,7,400.3905277
2178,8,398.0094389
2178,9,398.8202178
2178,10,401.8098674
2178,11,404.4947917
2178,12,406.1660177
2179,1,407.1420171
2179,2,407.6893451
2179,3,408.0442775
2179,4,408.1090359
2179,5,407.023647
2179,6,404.1091138
2179,7,400.2829828
2179,8,397.9020477
2179,9,398.7129576
2179,10,401.702616
2179,11,404.3875833
2179,12,406.0591408
2180,1,407.0357572
2180,2,407.5838037
2180,3,407.9395778
2180,4,408.0053096
2180,5,406.9212615
2180,6,404.0083765
2180,7,400.1832602
2180,8,397.8024329
2180,9,398.6134471
2180,10,401.6031191
2180,11,404.2881533
2180,12,405.9600629
2181,1,406.9373235
2181,2,407.4861086
2181,3,407.8427442
2181,4,407.9094655
2181,5,406.8267475
2181,6,403.9154752
2181,7,400.0913989
2181,8,397.7107862
2181,9,398.5220057
2181,10,401.5117913
2181,11,404.1969783
2181,12,405.8692912
2182,1,406.8472132
2182,2,407.396733
2182,3,407.7542042
2182,4,407.8218658
2182,5,406.7403864
2182,6,403.830598
2182,7,400.0074672
2182,8,397.627031
2182,9,398.4384046
2182,10,401.4282467
2182,11,404.1135139
2182,12,405.7861279
2183,1,406.7645933
2183,2,407.3147139
2183,3,407.6728822
2183,4,407.7413455
2183,5,406.6609507
2183,6,403.7524866
2183,7,399.9302197
2183,8,397.5499841
2183,9,398.3615704
2183,10,401.3515739
2183,11,404.037059
2183,12,405.7101187
2184,1,406.6892782
2184,2,407.2401526
2184,3,407.5991705
2184,4,407.6685798
2184,5,406.5893802
2184,6,403.6823155
2184,7,399.8610227
2184,8,397.4811485
2184,9,398.2930788
2184,10,401.283346
2184,11,403.96911
2184,12,405.6426214
2185,1,406.6224391
2185,2,407.1739953
2185,3,407.5337657
2185,4,407.6040041
2185,5,406.5258497
2185,6,403.6200122
2185,7,399.7995831
2185,8,397.4200506
2185,9,398.2323268
2185,10,401.2228945
2185,11,403.9089982
2185,12,405.5830213
2186,1,406.5635567
2186,2,407.1158493
2186,3,407.4764198
2186,4,407.5475215
2186,5,406.4704074
2186,6,403.5657524
2186,7,399.7461691
2186,8,397.3670036
2186,9,398.1796188
2186,10,401.1704489
2186,11,403.8568105
2186,12,405.53121
2187,1,406.5122977
2187,2,407.0651304
2187,3,407.4262945
2187,4,407.4980529
2187,5,406.4217626
2187,6,403.5180796
2187,7,399.6992397
2187,8,397.3204816
2187,9,398.1335416
2187,10,401.1248241
2187,11,403.8117081
2187,12,405.4867885
2188,1,406.468759
2188,2,407.0224792
2188,3,407.3845852
2188,4,407.4573316
2188,5,406.3821425
2188,6,403.4796428
2188,7,399.6617395
2188,8,397.2835698
2188,9,398.0971641
2188,10,401.0888867
2188,11,403.7761586
2188,12,405.4516606
2189,1,406.4341642
2189,2,406.9883469
2189,3,407.3509264
2189,4,407.4241712
2189,5,406.3495747
2189,6,403.4477594
2189,7,399.6304251
2189,8,397.2526544
2189,9,398.0667001
2189,10,401.0589174
2189,11,403.7467709
2189,12,405.4229904
2190,1,406.4063981
2190,2,406.961484
2190,3,407.3250182
2190,4,407.3992579
2190,5,406.3257221
2190,6,403.4250104
2190,7,399.6083873
2190,8,397.2308776
2190,9,398.0451374
2190,10,401.0374946
2190,11,403.7254268
2190,12,405.4017026
2191,1,406.3852289
2191,2,406.9403043
2191,3,407.3037828
2191,4,407.3779266
2191,5,406.3042766
2191,6,403.4034321
2191,7,399.5868566
2191,8,397.2095586
2191,9,398.0240012
2191,10,401.01651
2191,11,403.7045772
2191,12,405.3809858
2192,1,406.3643848
2192,2,406.9195743
2192,3,407.2831663
2192,4,407.3574186
2192,5,406.2839383
2192,6,403.3832995
2192,7,399.566671
2192,8,397.1889708
2192,9,398.0029318
2192,10,400.9948463
2192,11,403.682246
2192,12,405.357993
2193,1,406.3407431
2193,2,406.895275
2193,3,407.258215
2193,4,407.3318387
2193,5,406.2578371
2193,6,403.3567822
2193,7,399.5395848
2193,8,397.1610987
2193,9,397.974334
2193,10,400.965573
2193,11,403.6524041
2193,12,405.3277552
2194,1,406.3101808
2194,2,406.864567
2194,3,407.2274499
2194,4,407.3010911
2194,5,406.2272472
2194,6,403.3264521
2194,7,399.509273
2194,8,397.1304511
2194,9,397.9432938
2194,10,400.9340361
2194,11,403.620301
2194,12,405.2950978
2195,1,406.2769202
2195,2,406.8307649
2195,3,407.1931197
2195,4,407.266265
2195,5,406.1920653
2195,6,403.2910463
2195,7,399.4734217
2195,8,397.0938407
2195,9,397.9059796
2195,10,400.8960545
2195,11,403.581761
2195,12,405.2562021
2196,1,406.2377805
2196,2,406.791563
2196,3,407.1539585
2196,4,407.2272337
2196,5,406.1533389
2196,6,403.2527568
2196,7,399.4352771
2196,8,397.0554134
2196,9,397.8672156
2196,10,400.8568453
2196,11,403.5420447
2196,12,405.2160133
2197,1,406.1970919
2197,2,406.7504373
2197,3,407.112412
2197,4,407.1853003
2197,5,406.1111768
2197,6,403.2105094
2197,7,399.3926607
2197,8,397.0120289
2197,9,397.8231008
2197,10,400.8120102
2197,11,403.4965816
2197,12,405.1701309
2198,1,406.1509169
2198,2,406.7041521
2198,3,407.0661297
2198,4,407.1391267
2198,5,406.0653245
2198,6,403.1651492
2198,7,399.3474812
2198,8,396.9665697
2198,9,397.7773417
2198,10,400.7658756
2198,11,403.4500581
2198,12,405.1233151
2199,1,406.1038367
2199,2,406.6568992
2199,3,407.0187437
2199,4,407.0916556
2199,5,406.0179458
2199,6,403.1180123
2199,7,399.3002419
2199,8,396.9187426
2199,9,397.7289232
2199,10,400.7168198
2199,11,403.4004006
2199,12,405.0732194
2200,1,406.0533628
2200,2,406.6062169
2200,3,406.9679428
2200,4,407.0408278
2200,5,405.9673109
2200,6,403.0677536
2200,7,399.2500182
2200,8,396.8680575
2200,9,397.6777774
2200,10,400.6651627
2200,11,403.3482598
2200,12,405.0207504
2201,1,406.0006803
2201,2,406.5534216
2201,3,406.9151031
2201,4,406.9880164
2201,5,405.9147371
2201,6,403.0155916
2201,7,399.1978992
2201,8,396.815454
2201,9,397.6246834
2201,10,400.6115213
2201,11,403.2940989
2201,12,404.9662339
2202,1,405.9459022
2202,2,406.4985188
2202,3,406.8601594
2202,4,406.9331184
2202,5,405.8601109
2202,6,402.9614245
2202,7,399.1438131
2202,8,396.760904
2202,9,397.5696624
2202,10,400.5559675
2202,11,403.2380359
2202,12,404.9098238
2203,1,405.8892359
2203,2,406.4417219
2203,3,406.8033038
2203,4,406.876282
2203,5,405.8035198
2203,6,402.9052698
2203,7,399.0877078
2203,8,396.7042938
2203,9,397.5125525
2203,10,400.4983115
2203,11,403.1798799
2203,12,404.8513621
2204,1,405.8305963
2204,2,406.3830677
2204,3,406.7447492
2204,4,406.8179413
2204,5,405.7456475
2204,6,402.8480726
2204,7,399.0307862
2204,8,396.6470644
2204,9,397.4549946
2204,10,400.440339
2204,11,403.1214901
2204,12,404.7926919
2205,1,405.7717035
2205,2,406.3240323
2205,3,406.6855909
2205,4,406.7586878
2205,5,405.6864928
2205,6,402.7891837
2205,7,398.971731
2205,8,396.5872449
2205,9,397.3944121
2205,10,400.3789504
2205,11,403.0593602
2205,12,404.7300511
2206,1,405.7087265
2206,2,406.2609332
2206,3,406.6225457
2206,4,406.6958758
2206,5,405.6242341
2206,6,402.727741
2206,7,398.9107253
2206,8,396.5260979
2206,9,397.3331277
2206,10,400.3174575
2206,11,402.9976679
2206,12,404.6683082
2207,1,405.6469967
2207,2,406.1992866
2207,3,406.5609867
2207,4,406.6344104
2207,5,405.5630405
2207,6,402.6669696
2207,7,398.8499035
2207,8,396.4645802
2207,9,397.2708928
2207,10,400.2544379
2207,11,402.9339088
2207,12,404.6040272
2208,1,405.5823567
2208,2,406.1344855
2208,3,406.4961863
2208,4,406.5697814
2208,5,405.4989044
2208,6,402.6035927
2208,7,398.7868908
2208,8,396.4013339
2208,9,397.2074231
2208,10,400.1906812
2208,11,402.8698886
2208,12,404.539916
2209,1,405.518245
2209,2,406.0704697
2209,3,406.4323008
2209,4,406.506059
2209,5,405.4355496
2209,6,402.5407754
2209,7,398.7241309
2209,8,396.3379672
2209,9,397.1434241
2209,10,400.1259709
2209,11,402.8044984
2209,12,404.4740497
2210,1,405.4520463
2210,2,406.0041074
2210,3,406.3659029
2210,4,406.4397638
2210,5,405.3696585
2210,6,402.475541
2210,7,398.6591329
2210,8,396.2725847
2210,9,397.0776702
2210,10,400.0597907
2210,11,402.737935
2210,12,404.4073074
2211,1,405.3852562
2211,2,405.937409
2211,3,406.2993822
2211,4,406.3735074
2211,5,405.3039212
2211,6,402.4105321
2211,7,398.5943857
2211,8,396.2074337
2211,9,397.0120961
2211,10,399.9937097
2211,11,402.6713672
2211,12,404.3404402
2212,1,405.3182074
2212,2,405.8703094
2212,3,406.2323129
2212,4,406.3065545
2212,5,405.2373434
2212,6,402.3445462
2212,7,398.5285275
2212,8,396.1410413
2212,9,396.9451649
2212,10,399.9261734
2212,11,402.6032676
2212,12,404.2719923
2213,1,405.24956
2213,2,405.8016259
2213,3,406.1637105
2213,4,406.2381577
2213,5,405.169447
2213,6,402.2773957
2213,7,398.461673
2213,8,396.0738267
2213,9,396.8775911
2213,10,399.8581722
2213,11,402.5348735
2213,12,404.2034075
2214,1,405.1809146
2214,2,405.7330547
2214,3,406.0952965
2214,4,406.1699854
2214,5,405.1017747
2214,6,402.2104369
2214,7,398.3949453
2214,8,396.0066445
2214,9,396.8099373
2214,10,399.7899646
2214,11,402.4661389
2214,12,404.1343473
2215,1,405.1116624
2215,2,405.6637543
2215,3,406.0260447
2215,4,406.1008848
2215,5,405.0331039
2215,6,402.1424279
2215,7,398.3271263
2215,8,395.9383371
2215,9,396.7411357
2215,10,399.7205965
2215,11,402.3962398
2215,12,404.0641275
2216,1,405.0412632
2216,2,405.5933238
2216,3,405.9556825
2216,4,406.0306955
2216,5,404.9633696
2216,6,402.0733847
2216,7,398.2583027
2216,8,395.8690548
2216,9,396.6713958
2216,10,399.6503341
2216,11,402.3255003
2216,12,403.9931338
2217,1,404.9701709
2217,2,405.5222948
2217,3,405.8848323
2217,4,405.9601456
2217,5,404.8934177
2217,6,402.0042771
2217,7,398.1895674
2217,8,395.8000056
2217,9,396.6020243
2217,10,399.5805595
2217,11,402.255347
2217,12,403.9227986
2218,1,404.8997775
2218,2,405.4519666
2218,3,405.8146402
2218,4,405.8901611
2218,5,404.823891
2218,6,401.9354163
2218,7,398.1208682
2218,8,395.7307591
2218,9,396.5322137
2218,10,399.5101058
2218,11,402.1842872
2218,12,403.851354
2219,1,404.828106
2219,2,405.3802362
2219,3,405.7429769
2219,4,405.8187011
2219,5,404.7529526
2219,6,401.8652646
2219,7,398.0510402
2219,8,395.6605742
2219,9,396.4616761
2219,10,399.4391455
2219,11,402.1129396
2219,12,403.779828
2220,1,404.7565362
2220,2,405.3087542
2220,3,405.6716608
2220,4,405.7476284
2220,5,404.6823791
2220,6,401.7954019
2220,7,397.9813783
2220,8,395.5903948
2220,9,396.3909594
2220,10,399.3678074
2220,11,402.0410122
2220,12,403.7075282
2221,1,404.6840169
2221,2,405.2361745
2221,3,405.5991372
2221,4,405.6752867
2221,5,404.6105295
2221,6,401.7243041
2221,7,397.9105598
2221,8,395.5191658
2221,9,396.3193243
2221,10,399.2956984
2221,11,401.9684706
2221,12,403.6347729
2222,1,404.6111949
2222,2,405.163432
2222,3,405.5265695
2222,4,405.602991
2222,5,404.5387837
2222,6,401.6533386
2222,7,397.8398743
2222,8,395.4480467
2222,9,396.2477612
2222,10,399.223613
2222,11,401.8958994
2222,12,403.5619366
2223,1,404.5382471
2223,2,405.0905296
2223,3,405.4538237
2223,4,405.5305204
2223,5,404.4668911
2223,6,401.5822765
2223,7,397.7691555
2223,8,395.3769652
2223,9,396.1763111
2223,10,399.1517159
2223,11,401.8235864
2223,12,403.4894184
2224,1,404.4656634
2224,2,405.0180156
2224,3,405.3814646
2224,4,405.4584033
2224,5,404.3952847
2224,6,401.5114019
2224,7,397.6984993
2224,8,395.3058004
2224,9,396.1046196
2224,10,399.0794125
2224,11,401.7507029
2224,12,403.4161727
2225,1,404.392208
2225,2,404.9445058
2225,3,405.3080117
2225,4,405.3851268
2225,5,404.3224914
2225,6,401.4393497
2225,7,397.626704
2225,8,395.2335596
2225,9,396.0319371
2225,10,399.0062208
2225,11,401.6770467
2225,12,403.3422793
2226,1,404.318235
2226,2,404.8706082
2226,3,405.2342962
2226,4,405.3117036
2226,5,404.2496547
2226,6,401.3673434
2226,7,397.5550284
2226,8,395.1614961
2226,9,395.9594759
2226,10,398.9332805
2226,11,401.6036592
2226,12,403.2686596
2227,1,404.2445285
2227,2,404.7969577
2227,3,405.1607967
2227,4,405.2384539
2227,5,404.1769384
2227,6,401.2953954
2227,7,397.483342
2227,8,395.0893486
2227,9,395.8868588
2227,10,398.8601174
2227,11,401.5299903
2227,12,403.1947129
2228,1,404.1704658
2228,2,404.7229416
2228,3,405.0869453
2228,4,405.1648932
2228,5,404.1039824
2228,6,401.2233078
2228,7,397.4116346
2228,8,395.0173088
2228,9,395.8144822
2228,10,398.7873231
2228,11,401.4568071
2228,12,403.1213491
2229,1,404.0970559
2229,2,404.6496123
2229,3,405.0137712
2229,4,405.0919483
2229,5,404.031522
2229,6,401.1515378
2229,7,397.3400209
2229,8,394.9451058
2229,9,395.7416675
2229,10,398.7138115
2229,11,401.3826365
2229,12,403.0467512
2230,1,404.022202
2230,2,404.5746794
2230,3,404.9388974
2230,4,405.0172851
2230,5,403.9574157
2230,6,401.078287
2230,7,397.2671664
2230,8,394.8719594
2230,9,395.6682486
2230,10,398.6400592
2230,11,401.308596
2230,12,402.9726446
2231,1,403.9481739
2231,2,404.5008623
2231,3,404.8653681
2231,4,404.9441163
2231,5,403.8848581
2231,6,401.0065376
2231,7,397.1956769
2231,8,394.7999686
2231,9,395.5957197
2231,10,398.5668914
2231,11,401.2348108
2231,12,402.898457
2232,1,403.8737376
2232,2,404.4263344
2232,3,404.7908661
2232,4,404.8697697
2232,5,403.8109911
2232,6,400.9334283
2232,7,397.1228483
2232,8,394.7267181
2232,9,395.5220586
2232,10,398.4927549
2232,11,401.1602447
2232,12,402.8236889
2233,1,403.7989221
2233,2,404.3516173
2233,3,404.7163418
2233,4,404.795533
2233,5,403.7373194
2233,6,400.8605463
2233,7,397.0502313
2233,8,394.6536255
2233,9,395.4484742
2233,10,398.4185958
2233,11,401.0855487
2233,12,402.7486854
2234,1,403.7237771
2234,2,404.2764976
2234,3,404.6413728
2234,4,404.7208498
2234,5,403.6632499
2234,6,400.7873716
2234,7,396.9774744
2234,8,394.5805814
2234,9,395.3751518
2234,10,398.3449255
2234,11,401.0115702
2234,12,402.6746186
2235,1,403.6497673
2235,2,404.2026785
2235,3,404.5678251
2235,4,404.6476525
2235,5,403.5906634
2235,6,400.7156009
2235,7,396.9059731
2235,8,394.5085875
2235,9,395.3026304
2235,10,398.2717764
2235,11,400.9378146
2235,12,402.600471
2236,1,403.57538
2236,2,404.1282054
2236,3,404.4933793
2236,4,404.5733585
2236,5,403.5168396
2236,6,400.6425209
2236,7,396.8331546
2236,8,394.4353233
2236,9,395.2289315
2236,10,398.1975784
2236,11,400.8631658
2236,12,402.5256035
2237,1,403.5004542
2237,2,404.0533733
2237,3,404.4187431
2237,4,404.4990221
2237,5,403.4430914
2237,6,400.5695961
2237,7,396.7605332
2237,8,394.3622657
2237,9,395.1554229
2237,10,398.1235347
2237,11,400.7886214
2237,12,402.4507828
2238,1,403.4255157
2238,2,403.9784732
2238,3,404.3439937
2238,4,404.424543
2238,5,403.3691932
2238,6,400.4965416
2238,7,396.6878274
2238,8,394.2891879
2238,9,395.0819711
2238,10,398.0496312
2238,11,400.7143004
2238,12,402.3762622
2239,1,403.3509411
2239,2,403.9039812
2239,3,404.2696704
2239,4,404.3504757
2239,5,403.2956535
2239,6,400.4237471
2239,7,396.6152399
2239,8,394.2160529
2239,9,395.0082637
2239,10,397.9752608
2239,11,400.639299
2239,12,402.3008555
2240,1,403.2752931
2240,2,403.8282565
2240,3,404.1939938
2240,4,404.2749828
2240,5,403.2206751
2240,6,400.3495697
2240,7,396.5413937
2240,8,394.1418408
2240,9,394.9337065
2240,10,397.9003016
2240,11,400.5639916
2240,12,402.2254357
2241,1,403.1999233
2241,2,403.7530873
2241,3,404.1191242
2241,4,404.2005113
2241,5,403.1468829
2241,6,400.2766821
2241,7,396.4688763
2241,8,394.0689393
2241,9,394.8603933
2241,10,397.8264802
2241,11,400.4896844
2241,12,402.1508562
2242,1,403.1252198
2242,2,403.6784052
2242,3,404.0445655
2242,4,404.1261861
2242,5,403.0730928
2242,6,400.2036814
2242,7,396.3961633
2242,8,393.9957895
2242,9,394.7868052
2242,10,397.7523794
2242,11,400.4151121
2242,12,402.0760404
2243,1,403.0503201
2243,2,403.6035736
2243,3,403.9699074
2243,4,404.051811
2243,5,402.9992979
2243,6,400.1307129
2243,7,396.3235094
2243,8,393.9227163
2243,9,394.7133028
2243,10,397.6783664
2243,11,400.3406236
2243,12,402.0012996
2244,1,402.9754824
2244,2,403.5287894
2244,3,403.895281
2244,4,403.977452
2244,5,402.925505
2244,6,400.0577347
2244,7,396.2508372
2244,8,393.8496189
2244,9,394.6397731
2244,10,397.6043252
2244,11,400.2661078
2244,12,401.9265342
2245,1,402.9006247
2245,2,403.4539898
2245,3,403.8206442
2245,4,403.9030876
2245,5,402.8517114
2245,6,399.9847596
2245,7,396.1781709
2245,8,393.7765293
2245,9,394.5662523
2245,10,397.5302931
2245,11,400.191601
2245,12,401.8517769
2246,1,402.8257733
2246,2,403.379195
2246,3,403.7460107
2246,4,403.828725
2246,5,402.777918
2246,6,399.9117837
2246,7,396.105503
2246,8,393.7034375
2246,9,394.4927287
2246,10,397.4562581
2246,11,400.1170911
2246,12,401.7770168
2247,1,402.7509198
2247,2,403.3043986
2247,3,403.671376
2247,4,403.7543618
2247,5,402.7041246
2247,6,399.8388083
2247,7,396.0328358
2247,8,393.6303464
2247,9,394.419206
2247,10,397.3822239
2247,11,400.0425821
2247,12,401.7022574
2248,1,402.6760671
2248,2,403.2296029
2248,3,403.5967418
2248,4,403.6799987
2248,5,402.6303311
2248,6,399.7658323
2248,7,395.9601679
2248,8,393.5572549
2248,9,394.345683
2248,10,397.3081897
2248,11,399.9680732
2248,12,401.6274983
2249,1,402.6012149
2249,2,403.1548077
2249,3,403.5221082
2249,4,403.6056362
2249,5,402.5565378
2249,6,399.6928563
2249,7,395.8874998
2249,8,393.484163
2249,9,394.2721596
2249,10,397.234155
2249,11,399.8935638
2249,12,401.5527386
2250,1,402.5263888
2250,2,403.0800367
2250,3,403.4474935
2250,4,403.531284
2250,5,402.4827369
2250,6,399.6198467
2250,7,395.8147887
2250,8,393.4110423
2250,9,394.1986218
2250,10,397.1601229
2250,11,399.8190727
2250,12,401.4780058
2251,1,402.4516071
2251,2,403.0053076
2251,3,403.3729131
2251,4,403.4569529
2251,5,402.4089291
2251,6,399.54679
2251,7,395.7420144
2251,8,393.3378773
2251,9,394.1250587
2251,10,397.0860883
2251,11,399.7446003
2251,12,401.4033021
2252,1,402.3768238
2252,2,402.9305755
2252,3,403.2983279
2252,4,403.3826149
2252,5,402.3351107
2252,6,399.4737179
2252,7,395.6692253
2252,8,393.2647056
2252,9,394.0514976
2252,10,397.0120656
2252,11,399.6701492
2252,12,401.3286267
2253,1,402.3020639
2253,2,402.8558697
2253,3,403.2237705
2253,4,403.3083046
2253,5,402.261318
2253,6,399.4006674
2253,7,395.5964492
2253,8,393.1915332
2253,9,393.9779202
2253,10,396.9380096
2253,11,399.5956481
2253,12,401.2538864
2254,1,402.2272258
2254,2,402.7810779
2254,3,403.1491245
2254,4,403.2339094
2254,5,402.1874527
2254,6,399.3275657
2254,7,395.5236505
2254,8,393.1183728
2254,9,393.9043958
2254,10,396.8640504
2254,11,399.5212875
2254,12,401.1793279
2255,1,402.1526026
2255,2,402.7065262
2255,3,403.0747309
2255,4,403.1597624
2255,5,402.1138129
2255,6,399.2546446
2255,7,395.450957
2255,8,393.045209
2255,9,393.8307362
2255,10,396.7898072
2255,11,399.4464846
2255,12,401.1041672
2256,1,402.0772214
2256,2,402.6310729
2256,3,402.9993099
2256,4,403.0844871
2256,5,402.0389765
2256,6,399.1804979
2256,7,395.3770493
2256,8,392.9708855
2256,9,393.7560135
2256,10,396.7146299
2256,11,399.3709011
2256,12,401.0283959
2257,1,402.0014067
2257,2,402.5553616
2257,3,402.9237953
2257,4,403.0092623
2257,5,401.9643072
2257,6,399.1065977
2257,7,395.303416
2257,8,392.8968044
2257,9,393.6814518
2257,10,396.639492
2257,11,399.295205
2257,12,400.9523407
2258,1,401.9251264
2258,2,402.4790016
2258,3,402.8474565
2258,4,402.9330555
2258,5,401.8885258
2258,6,399.0314923
2258,7,395.2285252
2258,8,392.8214606
2258,9,393.6056712
2258,10,396.5632195
2258,11,399.2184923
2258,12,400.8754139
2259,1,401.8481386
2259,2,402.4021086
2259,3,402.7707621
2259,4,402.8566647
2259,5,401.8127205
2259,6,398.956503
2259,7,395.1538574
2259,8,392.746405
2259,9,393.5302086
2259,10,396.4872642
2259,11,399.1420716
2259,12,400.7987365
2260,1,401.7713452
2260,2,402.3253475
2260,3,402.6941347
2260,4,402.7802796
2260,5,401.7368693
2260,6,398.8814314
2260,7,395.0790867
2260,8,392.6712451
2260,9,393.4546629
2260,10,396.4112635
2260,11,399.065655
2260,12,400.7221196
2261,1,401.6946703
2261,2,402.2487574
2261,3,402.6177201
2261,4,402.7041326
2261,5,401.6612604
2261,6,398.8065791
2261,7,395.004475
2261,8,392.5961403
2261,9,393.3790311
2261,10,396.3350079
2261,11,398.9887973
2261,12,400.6448694
2262,1,401.617174
2262,2,402.1711708
2262,3,402.5401574
2262,4,402.626719
2262,5,401.5843109
2262,6,398.7303665
2262,7,394.9285437
2262,8,392.5198253
2262,9,393.3023699
2262,10,396.2579603
2262,11,398.9114275
2262,12,400.5674155
2263,1,401.539796
2263,2,402.0940223
2263,3,402.4633353
2263,4,402.5503168
2263,5,401.5085974
2263,6,398.6555532
2263,7,394.8540954
2263,8,392.4449818
2263,9,393.2270741
2263,10,396.1820913
2263,11,398.8349856
2263,12,400.4905915
2264,1,401.4627187
2264,2,402.0168291
2264,3,402.386123
2264,4,402.4731946
2264,5,401.4318667
2264,6,398.5794737
2264,7,394.778193
2264,8,392.3685723
2264,9,393.1501855
2264,10,396.1046776
2264,11,398.75711
2264,12,400.4124965
2265,1,401.3845734
2265,2,401.9387973
2265,3,402.3083166
2265,4,402.3957259
2265,5,401.3550287
2265,6,398.5035054
2265,7,394.7025852
2265,8,392.292593
2265,9,393.0738106
2265,10,396.0278138
2265,11,398.6797803
2265,12,400.3349105
2266,1,401.3068737
2266,2,401.8611279
2266,3,402.2307762
2266,4,402.3184201
2266,5,401.2782511
2266,6,398.4275022
2266,7,394.6268588
2266,8,392.2164287
2266,9,392.9972083
2266,10,395.9507022
2266,11,398.6022013
2266,12,400.2570903
2267,1,401.2289687
2267,2,401.7832914
2267,3,402.1531133
2267,4,402.2410401
2267,5,401.2014483
2267,6,398.3515204
2267,7,394.5511928
2267,8,392.1403532
2267,9,392.9207116
2267,10,395.8737019
2267,11,398.5247306
2267,12,400.1793684
2268,1,401.1511471
2268,2,401.7055193
2268,3,402.0754936
2268,4,402.1636815
2268,5,401.1246466
2268,6,398.2755225
2268,7,394.4754969
2268,8,392.0642381
2268,9,392.8441728
2268,10,395.7966633
2268,11,398.4472302
2268,12,400.101629
2269,1,401.0733225
2269,2,401.627759
2269,3,401.9978995
2269,4,402.0863596
2269,5,401.0478891
2269,6,398.1995706
2269,7,394.3998409
2269,8,391.9881469
2269,9,392.767632
2269,10,395.7195887
2269,11,398.3696554
2269,12,400.0237766
2270,1,400.9953494
2270,2,401.5498207
2270,3,401.9201078
2270,4,402.0088337
2270,5,400.9709381
2270,6,398.1234565
2270,7,394.3240769
2270,8,391.9120284
2270,9,392.6911747
2270,10,395.6427344
2270,11,398.2924558
2270,12,399.9464642
2271,1,400.9180833
2271,2,401.4727496
2271,3,401.8433288
2271,4,401.9324433
2271,5,400.8952146
2271,6,398.0486227
2271,7,394.2495981
2271,8,391.8371436
2271,9,392.6158365
2271,10,395.566825
2271,11,398.2159789
2271,12,399.8696163
2272,1,400.8409992
2272,2,401.3955651
2272,3,401.7661399
2272,4,401.855357
2272,5,400.8185316
2272,6,397.9725999
2272,7,394.1737461
2272,8,391.7607585
2272,9,392.5389394
2272,10,395.489367
2272,11,398.1380242
2272,12,399.7914129
2273,1,400.7627248
2273,2,401.3173891
2273,3,401.688183
2273,4,401.7777423
2273,5,400.7415667
2273,6,397.8965399
2273,7,394.0980908
2273,8,391.684784
2273,9,392.4626383
2273,10,395.4126588
2273,11,398.0609434
2273,12,399.7141798
2274,1,400.685492
2274,2,401.2403024
2274,3,401.6113418
2274,4,401.7012505
2274,5,400.6657151
2274,6,397.8215686
2274,7,394.0234867
2274,8,391.6098128
2274,9,392.3872839
2274,10,395.3368335
2274,11,397.984674
2274,12,399.6376796
2275,1,400.6089064
2275,2,401.1637693
2275,3,401.5349533
2275,4,401.6251031
2275,5,400.590092
2275,6,397.7467025
2275,7,393.9488572
2275,8,391.5346781
2275,9,392.3116208
2275,10,395.2605479
2275,11,397.907792
2275,12,399.5604182
2276,1,400.5314206
2276,2,401.0862121
2276,3,401.4574369
2276,4,401.5477496
2276,5,400.5132154
2276,6,397.6705717
2276,7,393.8729939
2276,8,391.4583877
2276,9,392.2349325
2276,10,395.1834212
2276,11,397.8302964
2276,12,399.4828029
2277,1,400.4538612
2277,2,401.00887
2277,3,401.3804217
2277,4,401.4711689
2277,5,400.4373572
2277,6,397.5956673
2277,7,393.7985159
2277,8,391.3835813
2277,9,392.1597543
2277,10,395.1077524
2277,11,397.7541388
2277,12,399.406352
2278,1,400.3772532
2278,2,400.9322407
2278,3,401.3038694
2278,4,401.3948039
2278,5,400.3614843
2278,6,397.5205488
2278,7,393.7236699
2278,8,391.308313
2278,9,392.0840939
2278,10,395.0316638
2278,11,397.6776953
2278,12,399.3298045
2279,1,400.3007774
2279,2,400.8559955
2279,3,401.2279601
2279,4,401.3193318
2279,5,400.286729
2279,6,397.4467309
2279,7,393.6502512
2279,8,391.2345256
2279,9,392.0098787
2279,10,394.9568834
2279,11,397.6023339
2279,12,399.2540432
2280,1,400.2247422
2280,2,400.7798155
2280,3,401.1517306
2280,4,401.2431644
2280,5,400.2109329
2280,6,397.3715766
2280,7,393.5752704
2280,8,391.1590413
2280,9,391.9339412
2280,10,394.8804811
2280,11,397.525565
2280,12,399.1771798
2281,1,400.1479776
2281,2,400.703323
2281,3,401.0756265
2281,4,401.1675575
2281,5,400.1361063
2281,6,397.2977513
2281,7,393.5019063
2281,8,391.0853659
2281,9,391.8598856
2281,10,394.8058943
2281,11,397.4504146
2281,12,399.101632
2282,1,400.0721458
2282,2,400.6273248
2282,3,400.9995482
2282,4,401.0915033
2282,5,400.0603795
2282,6,397.2226188
2282,7,393.4268996
2282,8,391.0098103
2282,9,391.7838339
2282,10,394.7293405
2282,11,397.373466
2282,12,399.0245699
2283,1,399.9951735
2283,2,400.5506254
2283,3,400.9232482
2283,4,401.0157223
2283,5,399.9854111
2283,6,397.1486949
2283,7,393.3534932
2283,8,390.936163
2283,9,391.7098892
2283,10,394.6549594
2283,11,397.2986237
2283,12,398.949437
2284,1,399.9198657
2284,2,400.4752604
2284,3,400.8479102
2284,4,400.9405113
2284,5,399.9106233
2284,6,397.074588
2284,7,393.2795893
2284,8,390.8617761
2284,9,391.6350569
2284,10,394.5796588
2284,11,397.2229477
2284,12,398.8736531
2285,1,399.8441647
2285,2,400.399813
2285,3,400.7728322
2285,4,400.8659119
2285,5,399.8367862
2285,6,397.0017361
2285,7,393.2071894
2285,8,390.7890653
2285,9,391.5619728
2285,10,394.5060572
2285,11,397.1487964
2285,12,398.7991157
2286,1,399.7693522
2286,2,400.3248404
2286,3,400.697783
2286,4,400.7908871
2286,5,399.7620847
2286,6,396.9276201
2286,7,393.13319
2286,8,390.7145076
2286,9,391.4869057
2286,10,394.4304713
2286,11,397.0728018
2286,12,398.7229968
2287,1,399.6933164
2287,2,400.2490741
2287,3,400.6224167
2287,4,400.7160446
2287,5,399.6880626
2287,6,396.8546537
2287,7,393.0607601
2287,8,390.6418651
2287,9,391.4139992
2287,10,394.3571671
2287,11,396.9990731
2287,12,398.6490081
2288,1,399.619176
2288,2,400.1748907
2288,3,400.5482643
2288,4,400.6420109
2288,5,399.6144293
2288,6,396.7816623
2288,7,392.9879196
2288,8,390.5684758
2288,9,391.3400793
2288,10,394.2826733
2288,11,396.9240822
2288,12,398.573777
2289,1,399.5438909
2289,2,400.0997226
2289,3,400.4733349
2289,4,400.5674408
2289,5,399.5405177
2289,6,396.7086534
2289,7,392.9153113
2289,8,390.4955432
2289,9,391.2667987
2289,10,394.2089449
2289,11,396.8499154
2289,12,398.4993668
2290,1,399.4693708
2290,2,400.0252208
2290,3,400.3989395
2290,4,400.4932487
2290,5,399.4668132
2290,6,396.6356752
2290,7,392.842563
2290,8,390.4223148
2290,9,391.1930902
2290,10,394.1346897
2290,11,396.7751634
2290,12,398.4243515
2291,1,399.3942609
2291,2,399.9501755
2291,3,400.3240741
2291,4,400.418683
2291,5,399.3928502
2291,6,396.5625688
2291,7,392.7698289
2291,8,390.3492518
2291,9,391.1197017
2291,10,394.0609086
2291,11,396.7010352
2291,12,398.3501019
2292,1,399.3200464
2292,2,399.8761394
2292,3,400.250312
2292,4,400.3452909
2292,5,399.3201034
2292,6,396.4906892
2292,7,392.6982977
2292,8,390.2773296
2292,9,391.0473486
2292,10,393.9880104
2292,11,396.6275873
2292,12,398.2762859
2293,1,399.2459886
2293,2,399.8019653
2293,3,400.1761129
2293,4,400.2711718
2293,5,399.246361
2293,6,396.4175804
2293,7,392.625353
2293,8,390.2038727
2293,9,390.9734144
2293,10,393.9135729
2293,11,396.5527413
2293,12,398.2013063
2294,1,399.1710757
2294,2,399.7272999
2294,3,400.1018218
2294,4,400.1973761
2294,5,399.1733539
2294,6,396.3455958
2294,7,392.5538801
2294,8,390.1321748
2294,9,390.9014456
2294,10,393.8412068
2294,11,396.479954
2294,12,398.1282564
2295,1,399.0978681
2295,2,399.6540411
2295,3,400.0285865
2295,4,400.1242547
2295,5,399.1006305
2295,6,396.2735168
2295,7,392.4819704
2295,8,390.0597553
2295,9,390.8285484
2295,10,393.7678052
2295,11,396.4061449
2295,12,398.0543189
2296,1,399.0240055
2296,2,399.5804349
2296,3,399.9553625
2296,4,400.0515309
2296,5,399.0286941
2296,6,396.202594
2296,7,392.4115434
2296,8,389.9890791
2296,9,390.7575639
2296,10,393.6963714
2296,11,396.3342202
2296,12,397.9820408
2297,1,398.951461
2297,2,399.5077173
2297,3,399.8825371
2297,4,399.9786832
2297,5,398.9561066
2297,6,396.1305158
2297,7,392.3395091
2297,8,389.9164241
2297,9,390.6843363
2297,10,393.6225653
2297,11,396.2599568
2297,12,397.9076282
2298,1,398.8771303
2298,2,399.433675
2298,3,399.8089312
2298,4,399.9056508
2298,5,398.8839509
2298,6,396.0594759
2298,7,392.26908
2298,8,389.8458714
2298,9,390.6136064
2298,10,393.5515196
2298,11,396.188553
2298,12,397.8359962
2299,1,398.8053468
2299,2,399.3618208
2299,3,399.7370579
2299,4,399.8338281
2299,5,398.812443
2299,6,395.9885122
2299,7,392.1981759
2299,8,389.7743421
2299,9,390.5414757
2299,10,393.4787555
2299,11,396.1152487
2299,12,397.762434
2300,1,398.7319741
2300,2,399.2885576
2300,3,399.6640349
2300,4,399.761174
2300,5,398.7404594
2300,6,395.917445
2300,7,392.1275375
2300,8,389.7034245
2300,9,390.4702567
2300,10,393.4071367
2300,11,396.0432352
2300,12,397.6902053
2301,1,398.6594117
2301,2,399.2160444
2301,3,399.591651
2301,4,399.6890066
2301,5,398.6687802
2301,6,395.8464818
2301,7,392.0567973
2301,8,389.6322056
2301,9,390.3985539
2301,10,393.3348797
2301,11,395.9704694
2301,12,397.6171593
2302,1,398.586255
2302,2,399.1429413
2302,3,399.5187264
2302,4,399.6163888
2302,5,398.5967743
2302,6,395.7753413
2302,7,391.9860494
2302,8,389.5611618
2302,9,390.3272136
2302,10,393.2631703
2302,11,395.8984258
2302,12,397.5449928
2303,1,398.5141101
2303,2,399.0709504
2303,3,399.4469762
2303,4,399.5449705
2303,5,398.52596
2303,6,395.705356
2303,7,391.9163971
2303,8,389.4911356
2303,9,390.2567972
2303,10,393.19228
2303,11,395.8270894
2303,12,397.4734182
2304,1,398.442443
2304,2,398.9993284
2304,3,399.3754954
2304,4,399.4737314
2304,5,398.4552417
2304,6,395.6353889
2304,7,391.8466897
2304,8,389.420984
2304,9,390.1861854
2304,10,393.1211225
2304,11,395.7554105
2304,12,397.4014198
2305,1,398.3702634
2305,2,398.9270954
2305,3,399.3032941
2305,4,399.4016547
2305,5,398.3835682
2305,6,395.5643559
2305,7,391.7758221
2305,8,389.3496019
2305,9,390.1143031
2305,10,393.0486924
2305,11,395.6825021
2305,12,397.3282876
2306,1,398.2971054
2306,2,398.8541076
2306,3,399.2306364
2306,4,399.3294886
2306,5,398.3122212
2306,6,395.4940948
2306,7,391.7061822
2306,8,389.2798947
2306,9,390.0445129
2306,10,392.9787223
2306,11,395.6123521
2306,12,397.2581226
2307,1,398.2270145
2307,2,398.7841573
2307,3,399.1608383
2307,4,399.2598584
2307,5,398.2429675
2307,6,395.4253943
2307,7,391.6375107
2307,8,389.2105332
2307,9,389.974443
2307,10,392.907873
2307,11,395.5407782
2307,12,397.1860723
2308,1,398.1546886
2308,2,398.711764
2308,3,399.0885587
2308,4,399.1878831
2308,5,398.1716522
2308,6,395.3550327
2308,7,391.5676662
2308,8,389.1405446
2308,9,389.9043184
2308,10,392.8375379
2308,11,395.4702533
2308,12,397.1155411
2309,1,398.0842578
2309,2,398.6415163
2309,3,399.0185205
2309,4,399.118079
2309,5,398.1022954
2309,6,395.2863017
2309,7,391.499038
2309,8,389.0712994
2309,9,389.8344315
2309,10,392.7669293
2309,11,395.3989655
2309,12,397.0438063
2310,1,398.0122584
2310,2,398.5694385
2310,3,398.9465214
2310,4,399.0463274
2310,5,398.0311302
2310,6,395.2160045
2310,7,391.4291678
2310,8,389.0011958
2310,9,389.7641057
2310,10,392.6963148
2310,11,395.3280955
2310,12,396.9728807
2311,1,397.941405
2311,2,398.4987664
2311,3,398.876088
2311,4,398.9761882
2311,5,397.9615233
2311,6,395.1471286
2311,7,391.3605176
2311,8,388.9320652
2311,9,389.6944763
2311,10,392.6261086
2311,11,395.2573514
2311,12,396.9018221
2312,1,397.8702008
2312,2,398.4275844
2312,3,398.8050621
2312,4,398.9054627
2312,5,397.8914154
2312,6,395.0779016
2312,7,391.2917178
2312,8,388.8630235
2312,9,389.6251959
2312,10,392.5565184
2312,11,395.1874826
2312,12,396.8318754
2313,1,397.800308
2313,2,398.357862
2313,3,398.7355778
2313,4,398.8362835
2313,5,397.8227863
2313,6,395.0100242
2313,7,391.2240883
2313,8,388.794934
2313,9,389.5566197
2313,10,392.4873654
2313,11,395.1177754
2313,12,396.7618162
2314,1,397.7300408
2314,2,398.2875259
2314,3,398.6652739
2314,4,398.7661213
2314,5,397.7530529
2314,6,394.940961
2314,7,391.1552295
2314,8,388.7256066
2314,9,389.4868287
2314,10,392.4170491
2314,11,395.0469816
2314,12,396.6907695
2315,1,397.6589047
2315,2,398.2164558
2315,3,398.5943847
2315,4,398.6955332
2315,5,397.683061
2315,6,394.8718108
2315,7,391.0864575
2315,8,388.6565394
2315,9,389.4174655
2315,10,392.3473196
2315,11,394.9769215
2315,12,396.6205871
2316,1,397.5887439
2316,2,398.1464495
2316,3,398.5246217
2316,4,398.6261046
2316,5,397.6142327
2316,6,394.8038025
2316,7,391.0187837
2316,8,388.5885081
2316,9,389.3490595
2316,10,392.278455
2316,11,394.9076234
2316,12,396.551056
2317,1,397.5191189
2317,2,398.0768618
2317,3,398.4551612
2317,4,398.5568666
2317,5,397.5454891
2317,6,394.7357801
2317,7,390.9510069
2317,8,388.5202966
2317,9,389.2804078
2317,10,392.2092929
2317,11,394.8379905
2317,12,396.4811685
2318,1,397.4491335
2318,2,398.0069282
2318,3,398.3853899
2318,4,398.4873743
2318,5,397.4765672
2318,6,394.66767
2318,7,390.8832431
2318,8,388.4522035
2318,9,389.2119781
2318,10,392.1404488
2318,11,394.7687585
2318,12,396.4117458
2319,1,397.379652
2319,2,397.9375076
2319,3,398.3161047
2319,4,398.4183002
2319,5,397.4079545
2319,6,394.5997283
2319,7,390.8154864
2319,8,388.3839461
2319,9,389.1432117
2319,10,392.0711046
2319,11,394.6988819
2319,12,396.3415627
2320,1,397.3093332
2320,2,397.8672218
2320,3,398.2459858
2320,4,398.3484927
2320,5,397.3387798
2320,6,394.5314534
2320,7,390.7476687
2320,8,388.3159285
2320,9,389.0749981
2320,10,392.0026236
2320,11,394.6301609
2320,12,396.2727942
2321,1,397.2406394
2321,2,397.7987077
2321,3,398.1777061
2321,4,398.2804985
2321,5,397.2712913
2321,6,394.4646516
2321,7,390.6810434
2321,8,388.2487729
2321,9,389.0072827
2321,10,391.9342611
2321,11,394.5611801
2321,12,396.2034059
2322,1,397.1710021
2322,2,397.7289799
2322,3,398.108014
2322,4,398.2109813
2322,5,397.2022684
2322,6,394.3963921
2322,7,390.6131127
2322,8,388.1805256
2322,9,388.9387355
2322,10,391.8653588
2322,11,394.4919693
2322,12,396.134101
2323,1,397.1017505
2323,2,397.6599153
2323,3,398.0392234
2323,4,398.1425507
2323,5,397.1344531
2323,6,394.3294015
2323,7,390.5464602
2323,8,388.1135216
2323,9,388.8713584
2323,10,391.7975224
2323,11,394.423696
2323,12,396.0655878
2324,1,397.0331348
2324,2,397.5913278
2324,3,397.9707552
2324,4,398.0742992
2324,5,397.0666905
2324,6,394.2623551
2324,7,390.4796619
2324,8,388.0463002
2324,9,388.8037095
2324,10,391.7293766
2324,11,394.3550919
2324,12,395.996738
2325,1,396.9641922
2325,2,397.5224379
2325,3,397.9020236
2325,4,398.0058374
2325,5,396.9987842
2325,6,394.1952418
2325,7,390.4128811
2325,8,387.979184
2325,9,388.7362513
2325,10,391.6615008
2325,11,394.2868264
2325,12,395.92828
2326,1,396.8956748
2326,2,397.4539829
2326,3,397.8337088
2326,4,397.937742
2326,5,396.9311575
2326,6,394.1282899
2326,7,390.3461217
2326,8,387.9119374
2326,9,388.6685072
2326,10,391.5931892
2326,11,394.2179899
2326,12,395.8591397
2327,1,396.8263968
2327,2,397.3847314
2327,3,397.764613
2327,4,397.8689419
2327,5,396.8629714
2327,6,394.0609875
2327,7,390.2792702
2327,8,387.8448911
2327,9,388.6012735
2327,10,391.5257001
2327,11,394.1502745
2327,12,395.7913895
2328,1,396.7587331
2328,2,397.3172578
2328,3,397.697383
2328,4,397.8020039
2328,5,396.7965372
2328,6,393.9952238
2328,7,390.2136622
2328,8,387.7787319
2328,9,388.5345288
2328,10,391.4582809
2328,11,394.0822092
2328,12,395.7228893
2329,1,396.6899595
2329,2,397.2483754
2329,3,397.6285264
2329,4,397.7333236
2329,5,396.7283665
2329,6,393.9278518
2329,7,390.1466766
2329,8,387.7115066
2329,9,388.4670873
2329,10,391.39057
2329,11,394.0142709
2329,12,395.6549259
2330,1,396.6221019
2330,2,397.1807352
2330,3,397.5611637
2330,4,397.6662918
2330,5,396.6618803
2330,6,393.8620767
2330,7,390.081097
2330,8,387.6454144
2330,9,388.4004439
2330,10,391.3232815
2330,11,393.9463595
2330,12,395.5865948
2331,1,396.5535039
2331,2,397.1120253
2331,3,397.4924659
2331,4,397.5977451
2331,5,396.5938051
2331,6,393.7947523
2331,7,390.0141067
2331,8,387.5781312
2331,9,388.3328913
2331,10,391.2554094
2331,11,393.8782154
2331,12,395.5183892
2332,1,396.4853786
2332,2,397.0441058
2332,3,397.4248292
2332,4,397.5304643
2332,5,396.5271168
2332,6,393.7288429
2332,7,389.9484794
2332,8,387.5120936
2332,9,388.2664155
2332,10,391.1884085
2332,11,393.8107147
2332,12,395.4505914
2333,1,396.4174323
2333,2,396.9761585
2333,3,397.3569938
2333,4,397.4628653
2333,5,396.4600561
2333,6,393.6625809
2333,7,389.8825852
2333,8,387.4459282
2333,9,388.1999907
2333,10,391.1216647
2333,11,393.7436917
2333,12,395.3834934
2334,1,396.3503968
2334,2,396.909309
2334,3,397.2904073
2334,4,397.3966169
2334,5,396.3943859
2334,6,393.5976787
2334,7,389.8179565
2334,8,387.3808808
2334,9,388.1344921
2334,10,391.0556208
2334,11,393.6771177
2334,12,395.3165783
2335,1,396.2832732
2335,2,396.8421052
2335,3,397.2232149
2335,4,397.3295357
2335,5,396.3276902
2335,6,393.5316008
2335,7,389.7520453
2335,8,387.314486
2335,9,388.0676202
2335,10,390.9882149
2335,11,393.6092279
2335,12,395.2484266
2336,1,396.2150229
2336,2,396.7739141
2336,3,397.1552016
2336,4,397.2618253
2336,5,396.2605801
2336,6,393.4653443
2336,7,389.6862069
2336,8,387.2484228
2336,9,388.0013368
2336,10,390.9216445
2336,11,393.5424019
2336,12,395.1815396
2337,1,396.1482027
2337,2,396.707274
2337,3,397.0888079
2337,4,397.1957419
2337,5,396.1950348
2337,6,393.4005134
2337,7,389.621586
2337,8,387.1833147
2337,9,387.9357058
2337,10,390.8553979
2337,11,393.4755604
2337,12,395.1143013
2338,1,396.080714
2338,2,396.6396813
2338,3,397.0212253
2338,4,397.1282964
2338,5,396.1280313
2338,6,393.3342191
2338,7,389.5555854
2338,8,387.1169859
2338,9,387.8690731
2338,10,390.7884147
2338,11,393.4082785
2338,12,395.0469359
2339,1,396.0134137
2339,2,396.5725812
2339,3,396.9544138
2339,4,397.0618601
2339,5,396.0622205
2339,6,393.269233
2339,7,389.4909395
2339,8,387.0519985
2339,9,387.8037171
2339,10,390.7226012
2339,11,393.3420263
2339,12,394.9804358
2340,1,395.9467994
2340,2,396.5059819
2340,3,396.8879211
2340,4,396.9955731
2340,5,395.9964109
2340,6,393.2041302
2340,7,389.426093
2340,8,386.986757
2340,9,387.7380797
2340,10,390.6565014
2340,11,393.2755015
2340,12,394.9136915
2341,1,395.8799804
2341,2,396.4392246
2341,3,396.8213205
2341,4,396.9292282
2341,5,395.9305891
2341,6,393.1390532
2341,7,389.3613015
2341,8,386.9215923
2341,9,387.6725331
2341,10,390.5904997
2341,11,393.209076
2341,12,394.8470422
2342,1,395.8132474
2342,2,396.3725407
2342,3,396.7547783
2342,4,396.8629245
2342,5,395.8647903
2342,6,393.0739805
2342,7,389.2964966
2342,8,386.856398
2342,9,387.6069422
2342,10,390.524441
2342,11,393.1425831
2342,12,394.780318
2343,1,395.7464353
2343,2,396.3057771
2343,3,396.6881599
2343,4,396.796553
2343,5,395.798937
2343,6,393.008872
2343,7,389.231681
2343,8,386.7912228
2343,9,387.5414023
2343,10,390.4584652
2343,11,393.076203
2343,12,394.7137322
2344,1,395.6797809
2344,2,396.2391826
2344,3,396.6217118
2344,4,396.7303409
2344,5,395.7332179
2344,6,392.9438566
2344,7,389.1669012
2344,8,386.7260144
2344,9,387.475753
2344,10,390.3923021
2344,11,393.009561
2344,12,394.6468182
2345,1,395.6127458
2345,2,396.1721737
2345,3,396.5548398
2345,4,396.6637248
2345,5,395.6671493
2345,6,392.8785857
2345,7,389.1020032
2345,8,386.6608611
2345,9,387.4103568
2345,10,390.3266045
2345,11,392.9436008
2345,12,394.5807953
2346,1,395.5467936
2346,2,396.106412
2346,3,396.4893412
2346,4,396.5985598
2346,5,395.60255
2346,6,392.8147329
2346,7,389.0383956
2346,8,386.596803
2346,9,387.345807
2346,10,390.2614652
2346,11,392.8778859
2346,12,394.5146945
2347,1,395.4804446
2347,2,396.0399527
2347,3,396.4228773
2347,4,396.5322091
2347,5,395.5366064
2347,6,392.7494533
2347,7,388.9733675
2347,8,386.5314139
2347,9,387.2800854
2347,10,390.19537
2347,11,392.8114744
2347,12,394.4481863
2348,1,395.4139943
2348,2,395.9737026
2348,3,396.3569239
2348,4,396.4666481
2348,5,395.4716966
2348,6,392.6854029
2348,7,388.9097046
2348,8,386.4674667
2348,9,387.2158275
2348,10,390.1307111
2348,11,392.7464282
2348,12,394.3829341
2349,1,395.3486578
2349,2,395.9083966
2349,3,396.2917232
2349,4,396.401632
2349,5,395.4071127
2349,6,392.6214542
2349,7,388.8459194
2349,8,386.4031778
2349,9,387.1510174
2349,10,390.0653027
2349,11,392.6804526
2349,12,394.3165944
2350,1,395.2821022
2350,2,395.841771
2350,3,396.2251379
2350,4,396.3352063
2350,5,395.3411384
2350,6,392.5561833
2350,7,388.7809338
2350,8,386.3378611
2350,9,387.0853924
2350,10,389.9993229
2350,11,392.6141696
2350,12,394.2502218
2351,1,395.2157883
2351,2,395.7756518
2351,3,396.1593036
2351,4,396.2697464
2351,5,395.2763048
2351,6,392.4921775
2351,7,388.7172786
2351,8,386.2738798
2351,9,387.0210551
2351,10,389.9345388
2351,11,392.5489545
2351,12,394.1847618
2352,1,395.1502128
2352,2,395.710087
2352,3,396.0938383
2352,4,396.2044772
2352,5,395.2114989
2352,6,392.4280609
2352,7,388.6534069
2352,8,386.2096125
2352,9,386.9563942
2352,10,389.869421
2352,11,392.4834187
2352,12,394.1190125
2353,1,395.0843938
2353,2,395.6443339
2353,3,396.0282453
2353,4,396.1391414
2353,5,395.1466841
2353,6,392.3639846
2353,7,388.5896129
2353,8,386.1454465
2353,9,386.8918453
2353,10,389.8044154
2353,11,392.4179864
2353,12,394.0533512
2354,1,395.0186425
2354,2,395.5786254
2354,3,395.9626731
2354,4,396.0738043
2354,5,395.0818488
2354,6,392.2998744
2354,7,388.5257793
2354,8,386.0812441
2354,9,386.8272704
2354,10,389.739399
2354,11,392.3525619
2354,12,393.9877175
2355,1,394.9529377
2355,2,395.5129801
2355,3,395.8971764
2355,4,396.0085486
2355,5,395.0170928
2355,6,392.235831
2355,7,388.4619884
2355,8,386.0170483
2355,9,386.7626564
2355,10,389.6742928
2355,11,392.2869956
2355,12,393.9218928
2356,1,394.8869996
2356,2,395.44707
2356,3,395.8313984
2356,4,395.9430143
2356,5,394.9520839
2356,6,392.1715876
2356,7,388.3980822
2356,8,385.9528557
2356,9,386.6981917
2356,10,389.6095011
2356,11,392.2219197
2356,12,393.8567366
2357,1,394.8219021
2357,2,395.3821581
2357,3,395.7667535
2357,4,395.8787168
2357,5,394.8883759
2357,6,392.1086611
2357,7,388.3354531
2357,8,385.8898384
2357,9,386.6347446
2357,10,389.5455238
2357,11,392.1574199
2357,12,393.7918934
2358,1,394.7568401
2358,2,395.3170007
2358,3,395.7015886
2358,4,395.813642
2358,5,394.8236608
2358,6,392.0445361
2358,7,388.2714825
2358,8,385.8253947
2358,9,386.5698419
2358,10,389.4801124
2358,11,392.0915524
2358,12,393.7257884
2359,1,394.6906561
2359,2,395.2508894
2359,3,395.6356609
2359,4,395.7480129
2359,5,394.7586116
2359,6,391.9803033
2359,7,388.2076319
2359,8,385.7612945
2359,9,386.505498
2359,10,389.4154618
2359,11,392.02663
2359,12,393.6607903
2360,1,394.6257138
2360,2,395.186123
2360,3,395.5711454
2360,4,395.6838223
2360,5,394.6949821
2360,6,391.9174213
2360,7,388.1450089
2360,8,385.6982406
2360,9,386.4419663
2360,10,389.3513499
2360,11,391.9619471
2360,12,393.5957201
2361,1,394.5603889
2361,2,395.1206784
2361,3,395.5056842
2361,4,395.6184606
2361,5,394.6300113
2361,6,391.8530968
2361,7,388.0809248
2361,8,385.6338026
2361,9,386.3772195
2361,10,389.2862665
2361,11,391.8965921
2361,12,393.5303151
2362,1,394.4950859
2362,2,395.0556136
2362,3,395.4409436
2362,4,395.5541249
2362,5,394.5663181
2362,6,391.7902294
2362,7,388.0183873
2362,8,385.5708928
2362,9,386.313874
2362,10,389.2223674
2362,11,391.8321343
2362,12,393.4654695
2363,1,394.4299739
2363,2,394.9903599
2363,3,395.3756428
2363,4,395.4888858
2363,5,394.5014262
2363,6,391.7259357
2363,7,387.9542835
2363,8,385.5063842
2363,9,386.2490084
2363,10,389.1571221
2363,11,391.7665808
2363,12,393.3998373
2364,1,394.364426
2364,2,394.9250423
2364,3,395.3106543
2364,4,395.4243215
2364,5,394.4375392
2364,6,391.6629267
2364,7,387.8916773
2364,8,385.4435013
2364,9,386.1858036
2364,10,389.0934906
2364,11,391.7025258
2364,12,393.3355322
2365,1,394.2999926
2365,2,394.8605963
2365,3,395.2462784
2365,4,395.3601079
2365,5,394.373751
2365,6,391.599788
2365,7,387.8287516
2365,8,385.3801621
2365,9,386.1220633
2365,10,389.0292962
2365,11,391.6379234
2365,12,393.2707301
2366,1,394.2351387
2366,2,394.7958255
2366,3,395.1816844
2366,4,395.2957859
2366,5,394.3099582
2366,6,391.5367347
2366,7,387.7659818
2366,8,385.3170221
2366,9,386.0585314
2366,10,388.9652909
2366,11,391.5734687
2366,12,393.2060184
2367,1,394.1703089
2367,2,394.7310107
2367,3,395.1169832
2367,4,395.231305
2367,5,394.2459732
2367,6,391.4734808
2367,7,387.7030365
2367,8,385.2537726
2367,9,385.9949996
2367,10,388.9014312
2367,11,391.5093305
2367,12,393.1418085
2368,1,394.1061704
2368,2,394.6670704
2368,3,395.0533232
2368,4,395.1680051
2368,5,394.1832709
2368,6,391.4115631
2368,7,387.6414241
2368,8,385.1917855
2368,9,385.9325838
2368,10,388.8384748
2368,11,391.4458316
2368,12,393.0779377
2369,1,394.0420498
2369,2,394.6028215
2369,3,394.9890377
2369,4,395.103788
2369,5,394.1193997
2369,6,391.3482805
2369,7,387.5783231
2369,8,385.128275
2369,9,385.8687088
2369,10,388.7742149
2369,11,391.3812597
2369,12,393.0132822
2370,1,393.9774741
2370,2,394.5384717
2370,3,394.9250143
2370,4,395.0401877
2370,5,394.0564749
2370,6,391.2862322
2370,7,387.516688
2370,8,385.0663892
2370,9,385.8065286
2370,10,388.7116346
2370,11,391.3182786
2370,12,392.950067
2371,1,393.9141393
2371,2,394.4751271
2371,3,394.861736
2371,4,394.9770609
2371,5,393.9937523
2371,6,391.2241277
2371,7,387.4547652
2371,8,385.0040241
2371,9,385.7437273
2371,10,388.6483427
2371,11,391.2545426
2371,12,392.8860954
2372,1,393.8500843
2372,2,394.4111313
2372,3,394.7979043
2372,4,394.9135024
2372,5,393.9307388
2372,6,391.1618876
2372,7,387.392874
2372,8,384.9418655
2372,9,385.6813091
2372,10,388.5856084
2372,11,391.1915313
2372,12,392.8230038
2373,1,393.7870472
2373,2,394.3482701
2373,3,394.7352976
2373,4,394.8512284
2373,5,393.8690332
2373,6,391.1009384
2373,7,387.3322124
2373,8,384.8808269
2373,9,385.619847
2373,10,388.5236152
2373,11,391.1290069
2373,12,392.7601176
2374,1,393.7239205
2374,2,394.2850228
2374,3,394.6720199
2374,4,394.7880228
2374,5,393.8061722
2374,6,391.0386592
2374,7,387.2701104
2374,8,384.8183147
2374,9,385.5569664
2374,10,388.4603482
2374,11,391.0654283
2374,12,392.6964552
2375,1,393.6603377
2375,2,394.2216659
2375,3,394.6089895
2375,4,394.7254158
2375,5,393.7442387
2375,6,390.9775984
2375,7,387.209465
2375,8,384.757429
2375,9,385.4957964
2375,10,388.3987844
2375,11,391.0034654
2375,12,392.6342546
2376,1,393.5980101
2376,2,394.1593187
2376,3,394.5466982
2376,4,394.6632657
2376,5,393.6824822
2376,6,390.9164504
2376,7,387.1484993
2376,8,384.6960354
2376,9,385.4339884
2376,10,388.3365175
2376,11,390.9407917
2376,12,392.5713831
2377,1,393.53509
2377,2,394.096487
2377,3,394.4840503
2377,4,394.6008981
2377,5,393.6206482
2377,6,390.8553571
2377,7,387.0877049
2377,8,384.6349048
2377,9,385.3724999
2377,10,388.2745859
2377,11,390.878434
2377,12,392.5087805
2378,1,393.472372
2378,2,394.0337779
2378,3,394.4214416
2378,4,394.5384893
2378,5,393.5587037
2378,6,390.7941024
2378,7,387.0267261
2378,8,384.5736033
2378,9,385.3108964
2378,10,388.2126426
2378,11,390.816207
2378,12,392.4464786
2379,1,393.4101411
2379,2,393.9717485
2379,3,394.3596993
2379,4,394.4771174
2379,5,393.4979382
2379,6,390.7341298
2379,7,386.9670836
2379,8,384.5136324
2379,9,385.2505457
2379,10,388.1517943
2379,11,390.7548475
2379,12,392.384763
2380,1,393.3481784
2380,2,393.9096482
2380,3,394.2975434
2380,4,394.4150013
2380,5,393.4361266
2380,6,390.6728545
2380,7,386.9059449
2380,8,384.4520523
2380,9,385.1885678
2380,10,388.0894097
2380,11,390.6921419
2380,12,392.3219719
2381,1,393.2854724
2381,2,393.8471797
2381,3,394.2354182
2381,4,394.3533203
2381,5,393.3751405
2381,6,390.6127624
2381,7,386.8462973
2381,8,384.3922028
2381,9,385.1284716
2381,10,388.0289529
2381,11,390.6313093
2381,12,392.2609134
2382,1,393.2242883
2382,2,393.7859684
2382,3,394.1742471
2382,4,394.2922674
2382,5,393.314449
2382,6,390.5526395
2382,7,386.7863185
2382,8,384.3317628
2382,9,385.0675812
2382,10,387.9675682
2382,11,390.5694862
2382,12,392.198864
2383,1,393.162168
2383,2,393.7239219
2383,3,394.1123804
2383,4,394.230689
2383,5,393.2534242
2383,6,390.4923896
2383,7,386.7264269
2383,8,384.2716244
2383,9,385.0071972
2383,10,387.9068778
2383,11,390.5085236
2383,12,392.1378179
2384,1,393.1011681
2384,2,393.6630854
2384,3,394.051784
2384,4,394.1704099
2384,5,393.193694
2384,6,390.4333942
2384,7,386.6677135
2384,8,384.2125502
2384,9,384.9477227
2384,10,387.8468993
2384,11,390.4480366
2384,12,392.0769829
2385,1,393.0400988
2385,2,393.6018952
2385,3,393.9905574
2385,4,394.1092439
2385,5,393.1328519
2385,6,390.3731051
2385,7,386.6075816
2385,8,384.1520018
2385,9,384.8867979
2385,10,387.7855861
2385,11,390.3864216
2385,12,392.0152996
2386,1,392.9785146
2386,2,393.5405579
2386,3,393.929567
2386,4,394.0486933
2386,5,393.0729802
2386,6,390.3140986
2386,7,386.5489831
2386,8,384.0931578
2386,9,384.8276475
2386,10,387.7259977
2386,11,390.3263564
2386,12,391.9548868
2387,1,392.9178411
2387,2,393.4797148
2387,3,393.8686214
2387,4,393.9877292
2387,5,393.0122516
2387,6,390.2538304
2387,7,386.4887824
2387,8,384.0324593
2387,9,384.7665015
2387,10,387.6644073
2387,11,390.264428
2387,12,391.8928735
2388,1,392.8559286
2388,2,393.4180677
2388,3,393.807355
2388,4,393.9269504
2388,5,392.9522114
2388,6,390.1947255
2388,7,386.4301677
2388,8,383.9736923
2388,9,384.7075286
2388,10,387.6051024
2388,11,390.2047539
2388,12,391.8329571
2389,1,392.7958535
2389,2,393.357921
2389,3,393.7471986
2389,4,393.866862
2389,5,392.8924368
2389,6,390.1354803
2389,7,386.3710512
2389,8,383.9141313
2389,9,384.6475614
2389,10,387.5447194
2389,11,390.1440501
2389,12,391.7721752
2390,1,392.7351697
2390,2,393.29749
2390,3,393.6871264
2390,4,393.8072464
2390,5,392.8335189
2390,6,390.0774475
2390,7,386.3134521
2390,8,383.856318
2390,9,384.5894725
2390,10,387.4862215
2390,11,390.0850962
2390,12,391.7128816
2391,1,392.6756125
2391,2,393.2377515
2391,3,393.6272667
2391,4,393.7473441
2391,5,392.7738228
2391,6,390.0181791
2391,7,386.2542221
2391,8,383.7965681
2391,9,384.5292562
2391,10,387.4255473
2391,11,390.0240806
2391,12,391.6517897
2392,1,392.6146391
2392,2,393.1770672
2392,3,393.5669897
2392,4,393.6875812
2392,5,392.7148199
2392,6,389.9601252
2392,7,386.1966667
2392,8,383.7388618
2392,9,384.4713298
2392,10,387.3672563
2392,11,389.9653625
2392,12,391.5927413
2393,1,392.5553194
2393,2,393.117544
2393,3,393.5073111
2393,4,393.627816
2393,5,392.6552091
2393,6,389.900885
2393,7,386.1374078
2393,8,383.6790289
2393,9,384.4109792
2393,10,387.3064022
2393,11,389.90413
2393,12,391.531408
2394,1,392.4940937
2394,2,393.0566094
2394,3,393.4467992
2394,4,393.5678465
2394,5,392.5960403
2394,6,389.8427182
2394,7,386.0798072
2394,8,383.6213608
2394,9,384.353187
2394,10,387.2483546
2394,11,389.8457756
2394,12,391.4728482
2395,1,392.4353878
2395,2,392.9978218
2395,3,393.3879709
2395,4,393.5090355
2395,5,392.5374719
2395,6,389.7845894
2395,7,386.0217082
2395,8,383.5627128
2395,9,384.2940167
2395,10,387.1886423
2395,11,389.7856097
2395,12,391.4124737
2396,1,392.374987
2396,2,392.9375589
2396,3,393.3279641
2396,4,393.4493975
2396,5,392.4784596
2396,6,389.7264089
2396,7,385.9639378
2396,8,383.5047394
2396,9,384.2358083
2396,10,387.1300987
2396,11,389.7267157
2396,12,391.3533649
2397,1,392.3157532
2397,2,392.8782907
2397,3,393.2687254
2397,4,393.3902653
2397,5,392.4196737
2397,6,389.6681774
2397,7,385.9058607
2397,8,383.4462448
2397,9,384.1769232
2397,10,387.0708005
2397,11,389.6670857
2397,12,391.2936403
2398,1,392.2561078
2398,2,392.8188786
2398,3,393.2096532
2398,4,393.3316322
2398,5,392.361721
2398,6,389.6110937
2398,7,385.8492079
2398,8,383.3893924
2398,9,384.1198177
2398,10,387.0133184
2398,11,389.6091866
2398,12,391.2354314
2399,1,392.1976542
2399,2,392.760252
2399,3,393.150904
2399,4,393.2728293
2399,5,392.3031009
2399,6,389.5528669
2399,7,385.7909847
2399,8,383.3306179
2399,9,384.0605382
2399,10,386.9535367
2399,11,389.5490144
2399,12,391.1751415
2400,1,392.13788
2400,2,392.700698
2400,3,393.0916835
2400,4,393.2140505
2400,5,392.2450145
2400,6,389.4956733
2400,7,385.7342615
2400,8,383.2737527
2400,9,384.0034948
2400,10,386.8962108
2400,11,389.491386
2400,12,391.1173353
2401,1,392.0795453
2401,2,392.6423872
2401,3,393.0334589
2401,4,393.1559816
2401,5,392.1873279
2401,6,389.4385598
2401,7,385.677305
2401,8,383.2163622
2401,9,383.9456688
2401,10,386.8378945
2401,11,389.4326232
2401,12,391.0583264
2402,1,392.0204424
2402,2,392.5833389
2402,3,392.9745821
2402,4,393.0973939
2402,5,392.1292925
2402,6,389.3812925
2402,7,385.6204043
2402,8,383.1592408
2402,9,383.8883161
2402,10,386.7802351
2402,11,389.3746688
2402,12,391.0002333
2403,1,391.9623071
2403,2,392.5252429
2403,3,392.9165654
2403,4,393.0395039
2403,5,392.0717371
2403,6,389.3242484
2403,7,385.5634482
2403,8,383.1017797
2403,9,383.8303483
2403,10,386.7217101
2403,11,389.3156389
2403,12,390.9409109
2404,1,391.9028606
2404,2,392.4658421
2404,3,392.8573529
2404,4,392.9806245
2404,5,392.0134768
2404,6,389.2668422
2404,7,385.5065127
2404,8,383.0447423
2404,9,383.7732069
2404,10,386.6643945
2404,11,389.2581613
2404,12,390.883424
2405,1,391.8454536
2405,2,392.4085854
2405,3,392.8002714
2405,4,392.923746
2405,5,391.9569887
2405,6,389.2109007
2405,7,385.4506764
2405,8,382.9884008
2405,9,383.7163386
2405,10,386.606929
2405,11,389.2001307
2405,12,390.8250195
2406,1,391.7868228
2406,2,392.349877
2406,3,392.7416075
2406,4,392.8652559
2406,5,391.8989484
2406,6,389.1535415
2406,7,385.3936191
2406,8,382.931084
2406,9,383.658775
2406,10,386.5490689
2406,11,389.1420127
2406,12,390.7668279
2407,1,391.7286842
2407,2,392.2919056
2407,3,392.6838772
2407,4,392.807842
2407,5,391.8420765
2407,6,389.0973969
2407,7,385.3377835
2407,8,382.8749618
2407,9,383.6023479
2407,10,386.4922614
2407,11,389.0848422
2407,12,390.7094616
2408,1,391.671237
2408,2,392.2344845
2408,3,392.626554
2408,4,392.7506934
2408,5,391.7853315
2408,6,389.0412477
2408,7,385.281822
2408,8,382.8186056
2408,9,383.5455938
2408,10,386.4350516
2408,11,389.0272142
2408,12,390.6516054
2409,1,391.6132929
2409,2,392.1765873
2409,3,392.5688065
2409,4,392.6932033
2409,5,391.728353
2409,6,388.9849902
2409,7,385.2258886
2409,8,382.7624185
2409,9,383.489145
2409,10,386.3782718
2409,11,388.9701214
2409,12,390.5943624
2410,1,391.556005
2410,2,392.1193479
2410,3,392.511669
2410,4,392.6362221
2410,5,391.6717372
2410,6,388.9289162
2410,7,385.1699393
2410,8,382.7060078
2410,9,383.4322679
2410,10,386.3208731
2410,11,388.9122455
2410,12,390.5362096
2411,1,391.4977308
2411,2,392.0611065
2411,3,392.4535869
2411,4,392.5784352
2411,5,391.6145253
2411,6,388.8725103
2411,7,385.1139626
2411,8,382.6498984
2411,9,383.3760278
2411,10,386.2644384
2411,11,388.8556355
2411,12,390.479583
2412,1,391.4411853
2412,2,392.0047232
2412,3,392.3974029
2412,4,392.522484
2412,5,391.5589922
2412,6,388.8175489
2412,7,385.059136
2412,8,382.5946024
2412,9,383.320237
2412,10,386.2080787
2412,11,388.7987323
2412,12,390.4223178
2413,1,391.3836952
2413,2,391.9471455
2413,3,392.3398475
2413,4,392.465072
2413,5,391.5019937
2413,6,388.761191
2413,7,385.0030457
2413,8,382.5382277
2413,9,383.2635932
2413,10,386.1511207
2413,11,388.7415032
2413,12,390.3650053
2414,1,391.3264315
2414,2,391.8900514
2414,3,392.2830058
2414,4,392.4085658
2414,5,391.4460523
2414,6,388.7060023
2414,7,384.9482003
2414,8,382.4831396
2414,9,383.2082438
2414,10,386.095433
2414,11,388.6854899
2414,12,390.308825
2415,1,391.2701893
2415,2,391.8338427
2415,3,392.2268894
2415,4,392.3526029
2415,5,391.3904531
2415,6,388.6509417
2415,7,384.893263
2415,8,382.4277401
2415,9,383.1523689
2415,10,386.0390173
2415,11,388.6285632
2415,12,390.2515691
2416,1,391.212738
2416,2,391.7763268
2416,3,392.1694088
2416,4,392.2952656
2416,5,391.3335169
2416,6,388.5946237
2416,7,384.8371857
2416,8,382.3713508
2416,9,383.0956803
2416,10,385.9819845
2416,11,388.5712312
2416,12,390.1941286
2417,1,391.1553269
2417,2,391.7190738
2417,3,392.1124066
2417,4,392.2386097
2417,5,391.2774483
2417,6,388.5393417
2417,7,384.7822949
2417,8,382.3162792
2417,9,383.0404191
2417,10,385.9264657
2417,11,388.5154752
2417,12,390.1382997
2418,1,391.0995351
2418,2,391.6634186
2418,3,392.0569505
2418,4,392.183416
2418,5,391.2227261
2418,6,388.4852622
2418,7,384.7284402
2418,8,382.2620595
2418,9,382.9858109
2418,10,385.8713909
2418,11,388.4599481
2418,12,390.0824827
2419,1,391.0435407
2419,2,391.6073533
2419,3,392.0008879
2419,4,392.1274352
2419,5,391.1670551
2419,6,388.4300933
2419,7,384.67338
2419,8,382.2065457
2419,9,382.9298484
2419,10,385.8149329
2419,11,388.403042
2419,12,390.0253263
2420,1,390.9862843
2420,2,391.5501436
2420,3,391.9438408
2420,4,392.0706748
2420,5,391.1108538
2420,6,388.3746784
2420,7,384.6183819
2420,8,382.1514137
2420,9,382.8745857
2420,10,385.7594784
2420,11,388.3474167
2420,12,389.9696887
2421,1,390.9307332
2421,2,391.4947618
2421,3,391.8886683
2421,4,392.0157471
2421,5,391.0563465
2421,6,388.3207334
2421,7,384.5645628
2421,8,382.097121
2421,9,382.8197904
2421,10,385.7041047
2421,11,388.2914881
2421,12,389.9133834
2422,1,390.8741874
2422,2,391.4381134
2422,3,391.8320298
2422,4,391.9592442
2422,5,391.0002584
2422,6,388.2652979
2422,7,384.5094249
2422,8,382.0417467
2422,9,382.764199
2422,10,385.6482531
2422,11,388.2354162
2422,12,389.8572698
2423,1,390.8181526
2423,2,391.3822636
2423,3,391.77643
2423,4,391.9039564
2423,5,390.9454842
2423,6,388.2112005
2423,7,384.4555866
2423,8,381.9875822
2423,9,382.709686
2423,10,385.5933181
2423,11,388.1800795
2423,12,389.801701
2424,1,390.7624742
2424,2,391.3265948
2424,3,391.72086
2424,4,391.8485822
2424,5,390.8905521
2424,6,388.1569177
2424,7,384.4015729
2424,8,381.9332823
2424,9,382.6550993
2424,10,385.5383848
2424,11,388.1248259
2424,12,389.7462946
2425,1,390.7070282
2425,2,391.271211
2425,3,391.6656027
2425,4,391.7935159
2425,5,390.8358831
2425,6,388.1028148
2425,7,384.3476278
2425,8,381.8789217
2425,9,382.6003128
2425,10,385.4831124
2425,11,388.0691031
2425,12,389.6903072
2426,1,390.6509173
2426,2,391.215116
2426,3,391.6096348
2426,4,391.7377961
2426,5,390.7806829
2426,6,388.0483667
2426,7,384.2935743
2426,8,381.8247257
2426,9,382.5459836
2426,10,385.4285951
2426,11,388.0144231
2426,12,389.6356251
2427,1,390.5963338
2427,2,391.1607154
2427,3,391.5554582
2427,4,391.6838795
2427,5,390.727198
2427,6,387.9954446
2427,7,384.2407752
2427,8,381.7714502
2427,9,382.4921975
2427,10,385.3742198
2427,11,387.9594796
2427,12,389.580289
2428,1,390.5407406
2428,2,391.105004
2428,3,391.4997441
2428,4,391.6282925
2428,5,390.6720228
2428,6,387.9409318
2428,7,384.1865877
2428,8,381.7170701
2428,9,382.4376506
2428,10,385.3194663
2428,11,387.9045582
2428,12,389.525372
2429,1,390.4859395
2429,2,391.0504121
2429,3,391.4454107
2429,4,391.5742604
2429,5,390.6184685
2429,6,387.8879875
2429,7,384.1338144
2429,8,381.6638683
2429,9,382.3839823
2429,10,385.2652475
2429,11,387.8498029
2429,12,389.4702466
2430,1,390.4305687
2430,2,390.9949229
2430,3,391.3899049
2430,4,391.5188527
2430,5,390.5634265
2430,6,387.8335468
2430,7,384.0796295
2430,8,381.6094181
2430,9,382.3292912
2430,10,385.2102789
2430,11,387.7946028
2430,12,389.4149977
2431,1,390.3753977
2431,2,390.9399422
2431,3,391.3351874
2431,4,391.4644688
2431,5,390.509584
2431,6,387.7804102
2431,7,384.0267884
2431,8,381.5562955
2431,9,382.2758628
2431,10,385.1564683
2431,11,387.7404244
2431,12,389.3606112
2432,1,390.3209149
2432,2,390.8854704
2432,3,391.2808025
2432,4,391.4102529
2432,5,390.4557648
2432,6,387.7271797
2432,7,383.9737641
2432,8,381.5029265
2432,9,382.2221475
2432,10,385.1023509
2432,11,387.6859372
2432,12,389.3059293
2433,1,390.2661633
2433,2,390.8307669
2433,3,391.2262312
2433,4,391.3559022
2433,5,390.4018657
2433,6,387.6739253
2433,7,383.9207726
2433,8,381.449646
2433,9,382.1685727
2433,10,385.0484199
2433,11,387.6316747
2433,12,389.2515004
2434,1,390.2116815
2434,2,390.7763362
2434,3,391.1719205
2434,4,391.3017821
2434,5,390.348148
2434,6,387.6207819
2434,7,383.867805
2434,8,381.3962919
2434,9,382.1148215
2434,10,384.9942114
2434,11,387.5770409
2434,12,389.1966199
2435,1,390.1566874
2435,2,390.721359
2435,3,391.1170614
2435,4,391.247151
2435,5,390.2940012
2435,6,387.5673424
2435,7,383.8147223
2435,8,381.3430401
2435,9,382.061413
2435,10,384.9405965
2435,11,387.5232498
2435,12,389.1428166
2436,1,390.1029781
2436,2,390.6678349
2436,3,391.0637724
2436,4,391.1941428
2436,5,390.2414538
2436,6,387.5153903
2436,7,383.7629293
2436,8,381.2908121
2436,9,382.0087108
2436,10,384.8873365
2436,11,387.4694458
2436,12,389.0886339
2437,1,390.0485419
2437,2,390.6132728
2437,3,391.0091885
2437,4,391.1396548
2437,5,390.187331
2437,6,387.4618739
2437,7,383.7096935
2437,8,381.237355
2437,9,381.9550646
2437,10,384.8334693
2437,11,387.4154031
2437,12,389.0345924
2438,1,389.9946186
2438,2,390.5595676
2438,3,390.9557578
2438,4,391.0865487
2438,5,390.1347313
2438,6,387.4099147
2438,7,383.6579365
2438,8,381.185203
2438,9,381.9024728
2438,10,384.7803479
2438,11,387.3617591
2438,12,388.9805828
2439,1,389.94036
2439,2,390.5051787
2439,3,390.9013332
2439,4,391.0321961
2439,5,390.0807088
2439,6,387.3564518
2439,7,383.6047012
2439,8,381.1316911
2439,9,381.8487156
2439,10,384.7263158
2439,11,387.3075025
2439,12,388.926286
2440,1,389.8861508
2440,2,390.4511709
2440,3,390.8476004
2440,4,390.9788087
2440,5,390.0278712
2440,6,387.3043242
2440,7,383.5528725
2440,8,381.0795866
2440,9,381.7963054
2440,10,384.6735202
2440,11,387.2543326
2440,12,388.8728973
2441,1,389.8326533
2441,2,390.3976709
2441,3,390.7941754
2441,4,390.9255435
2441,5,389.9749954
2441,6,387.2520337
2441,7,383.5008011
2441,8,381.0272011
2441,9,381.7436099
2441,10,384.6204626
2441,11,387.2009449
2441,12,388.8193491
2442,1,389.7790623
2442,2,390.3441454
2442,3,390.7407875
2442,4,390.8723668
2442,5,389.9222414
2442,6,387.1998738
2442,7,383.4488408
2442,8,380.9748828
2442,9,381.6909192
2442,10,384.5673358
2442,11,387.1474092
2442,12,388.7655756
2443,1,389.7251773
2443,2,390.290272
2443,3,390.6870202
2443,4,390.818808
2443,5,389.8691378
2443,6,387.1474391
2443,7,383.3967293
2443,8,380.9225798
2443,9,381.6384409
2443,10,384.5146376
2443,11,387.0945255
2443,12,388.7126734
2444,1,389.6723669
2444,2,390.2376494
2444,3,390.634641
2444,4,390.7667243
2444,5,389.8175343
2444,6,387.0964559
2444,7,383.345938
2444,8,380.87139
2444,9,381.5868084
2444,10,384.4624742
2444,11,387.0418388
2444,12,388.6596196
2445,1,389.6190627
2445,2,390.1842136
2445,3,390.5811691
2445,4,390.7133247
2445,5,389.7644646
2445,6,387.0439459
2445,7,383.2936655
2445,8,380.8188675
2445,9,381.5340745
2445,10,384.4095046
2445,11,386.9886852
2445,12,388.606463
2446,1,389.5660252
2446,2,390.1314007
2446,3,390.5286431
2446,4,390.6611421
2446,5,389.7128113
2446,6,386.9929608
2446,7,383.242918
2446,8,380.7677619
2446,9,381.4825589
2446,10,384.3574833
2446,11,386.9361579
2446,12,388.5535775
2447,1,389.5128899
2447,2,390.078126
2447,3,390.4753165
2447,4,390.6078636
2447,5,389.6598298
2447,6,386.9404973
2447,7,383.1906443
2447,8,380.7151882
2447,9,381.4297232
2447,10,384.3043632
2447,11,386.8828097
2447,12,388.5001889
2448,1,389.4595925
2448,2,390.0250373
2448,3,390.4225138
2448,4,390.5554209
2448,5,389.6079527
2448,6,386.8893473
2448,7,383.1398179
2448,8,380.664115
2448,9,381.3783686
2448,10,384.2526438
2448,11,386.8307313
2448,12,388.4478997
2449,1,389.4071958
2449,2,389.9726333
2449,3,390.3701739
2449,4,390.5032241
2449,5,389.5561206
2449,6,386.8380682
2449,7,383.0887276
2449,8,380.612688
2449,9,381.3266107
2449,10,384.200506
2449,11,386.7782488
2449,12,388.3952439
2450,1,389.3544883
2450,2,389.9199867
2450,3,390.3176669
2450,4,390.4509373
2450,5,389.5042714
2450,6,386.7868357
2450,7,383.0377336
2450,8,380.5613902
2450,9,381.2749984
2450,10,384.1485165
2450,11,386.7259058
2450,12,388.3427098
2451,1,389.3018777
2451,2,389.8674084
2451,3,390.2651977
2451,4,390.398659
2451,5,389.4524046
2451,6,386.7355651
2451,7,382.9866901
2451,8,380.5100428
2451,9,381.2233451
2451,10,384.0965015
2451,11,386.6735571
2451,12,388.2901918
2452,1,389.2493051
2452,2,389.8148877
2452,3,390.2128017
2452,4,390.3464627
2452,5,389.4006198
2452,6,386.6843657
2452,7,382.9356951
2452,8,380.4587078
2452,9,381.1716571
2452,10,384.0443981
2452,11,386.6210641
2452,12,388.2374758
2453,1,389.1964874
2453,2,389.7620862
2453,3,390.1601049
2453,4,390.2939662
2453,5,389.3485601
2453,6,386.6329459
2453,7,382.884569
2453,8,380.4073697
2453,9,381.1201257
2453,10,383.9926333
2453,11,386.5691039
2453,12,388.1854885
2454,1,389.1445867
2454,2,389.7103718
2454,3,390.1086377
2454,4,390.242804
2454,5,389.2978916
2454,6,386.5829163
2454,7,382.8347656
2454,8,380.3572118
2454,9,381.069563
2454,10,383.941572
2454,11,386.5175441
2454,12,388.1335762
2455,1,389.0924288
2455,2,389.6580775
2455,3,390.0562929
2455,4,390.1905077
2455,5,389.2458885
2455,6,386.5314242
2455,7,382.7834606
2455,8,380.3056172
2455,9,381.0177268
2455,10,383.8894799
2455,11,386.4652566
2455,12,388.0812801
2456,1,389.0402528
2456,2,389.6061334
2456,3,390.0046503
2456,4,390.1392295
2456,5,389.1951647
2456,6,386.4813981
2456,7,382.733716
2456,8,380.2555668
2456,9,380.967308
2456,10,383.8385876
2456,11,386.4138797
2456,12,388.0295541
2457,1,388.988275
2457,2,389.5540043
2457,3,389.9524479
2457,4,390.0870455
2457,5,389.1432374
2457,6,386.4299395
2457,7,382.6823994
2457,8,380.2039144
2457,9,380.9153687
2457,10,383.7863508
2457,11,386.361411
2457,12,387.9770469
2458,1,388.9358666
2458,2,389.5018168
2458,3,389.9005634
2458,4,390.0355414
2458,5,389.0923194
2458,6,386.3797687
2458,7,382.6325812
2458,8,380.1538854
2458,9,380.8650852
2458,10,383.7357213
2458,11,386.3104329
2458,12,387.9258585
2459,1,388.8845636
2459,2,389.4504928
2459,3,389.8492848
2459,4,389.9843835
2459,5,389.0414984
2459,6,386.3294695
2459,7,382.5824475
2459,8,380.1034054
2459,9,380.8142721
2459,10,383.6845343
2459,11,386.2589122
2459,12,387.8741768
2460,1,388.832843
2460,2,389.3988457
2460,3,389.7977887
2460,4,389.9331164
2460,5,388.9906714
2460,6,386.2792547
2460,7,382.5324684
2460,8,380.0531225
2460,9,380.7636658
2460,10,383.6335357
2460,11,386.20754
2460,12,387.8225886
2461,1,388.7811522
2461,2,389.3471627
2461,3,389.7461954
2461,4,389.8817021
2461,5,388.9396645
2461,6,386.228851
2461,7,382.4823229
2461,8,380.0027341
2461,9,380.7130558
2461,10,383.5826698
2461,11,386.1564611
2461,12,387.7714691
2462,1,388.7301109
2462,2,389.2963055
2462,3,389.6955904
2462,4,389.831415
2462,5,388.8898905
2462,6,386.1797433
2462,7,382.4334852
2462,8,379.9536044
2462,9,380.6635873
2462,10,383.5327671
2462,11,386.1061188
2462,12,387.7208225
2463,1,388.6792539
2463,2,389.2453318
2463,3,389.6445677
2463,4,389.7804208
2463,5,388.8391436
2463,6,386.1294328
2463,7,382.3832635
2463,8,379.9029712
2463,9,380.612566
2463,10,383.4813296
2463,11,386.0543176
2463,12,387.6688424
2464,1,388.6272296
2464,2,389.1933885
2464,3,389.5927965
2464,4,389.7289136
2464,5,388.7881248
2464,6,386.0790882
2464,7,382.3332348
2464,8,379.8527384
2464,9,380.5621244
2464,10,383.4306219
2464,11,386.0033689
2464,12,387.6178112
2465,1,388.5762266
2465,2,389.1425169
2465,3,389.5421267
2465,4,389.6785192
2465,5,388.7382131
2465,6,386.02983
2465,7,382.2842596
2465,8,379.8035162
2465,9,380.5126414
2465,10,383.380812
2465,11,385.9532486
2465,12,387.5675305
2466,1,388.5258875
2466,2,389.092214
2466,3,389.4919225
2466,4,389.6284788
2466,5,388.6885357
2466,6,385.9806782
2466,7,382.2352559
2466,8,379.7541241
2466,9,380.4628393
2466,10,383.3305292
2466,11,385.9025015
2466,12,387.516474
2467,1,388.474634
2467,2,389.040874
2467,3,389.4405791
2467,4,389.5772237
2467,5,388.6375992
2467,6,385.9302595
2467,7,382.1850201
2467,8,379.7035827
2467,9,380.4120234
2467,10,383.2794187
2467,11,385.8511535
2467,12,387.4650728
2468,1,388.4233108
2468,2,388.9897467
2468,3,389.3897282
2468,4,389.5267267
2468,5,388.5876616
2468,6,385.8810447
2468,7,382.1361476
2468,8,379.6545083
2468,9,380.3627103
2468,10,383.2297768
2468,11,385.801179
2468,12,387.4149002
2469,1,388.3730321
2469,2,388.939452
2469,3,389.3394805
2469,4,389.4765974
2469,5,388.5378602
2469,6,385.83175
2469,7,382.0870062
2469,8,379.6050138
2469,9,380.312874
2469,10,383.1795615
2469,11,385.7506275
2469,12,387.3641855
2470,1,388.3222772
2470,2,388.8887704
2470,3,389.2889511
2470,4,389.4262997
2470,5,388.4880041
2470,6,385.7825069
2470,7,382.0380086
2470,8,379.555734
2470,9,380.2632935
2470,10,383.1296092
2470,11,385.7003176
2470,12,387.3136686
2471,1,388.2716612
2471,2,388.8381597
2471,3,389.2384228
2471,4,389.375938
2471,5,388.4380301
2471,6,385.73311
2471,7,381.9888472
2471,8,379.5063131
2471,9,380.2136331
2471,10,383.0796804
2471,11,385.6501693
2471,12,387.263476
2472,1,388.2215464
2472,2,388.788232
2472,3,389.1887536
2472,4,389.3265961
2472,5,388.389211
2472,6,385.6849674
2472,7,381.9409946
2472,8,379.4582013
2472,9,380.1652164
2472,10,383.0308581
2472,11,385.6009265
2472,12,387.2139374
2473,1,388.1717968
2473,2,388.7383571
2473,3,389.1388145
2473,4,389.2766646
2473,5,388.3394987
2473,6,385.6356576
2473,7,381.8917448
2473,8,379.4085194
2473,9,380.115127
2473,10,382.980341
2473,11,385.5500428
2473,12,387.1628764
2474,1,388.1206979
2474,2,388.6873489
2474,3,389.087991
2474,4,389.2261194
2474,5,388.2894541
2474,6,385.5862971
2474,7,381.8427159
2474,8,379.3593099
2474,9,380.0657293
2474,10,382.9306937
2474,11,385.5001648
2474,12,387.1129188
2475,1,388.0707651
2475,2,388.6375389
2475,3,389.0383705
2475,4,389.1767586
2475,5,388.2405556
2475,6,385.5380282
2475,7,381.794713
2475,8,379.3110534
2475,9,380.0172074
2475,10,382.8818439
2475,11,385.4510058
2475,12,387.0636004
2476,1,388.0213899
2476,2,388.588202
2476,3,388.989135
2476,4,389.1276907
2476,5,388.1918525
2476,6,385.4898512
2476,7,381.7466925
2476,8,379.2626637
2476,9,379.9684282
2476,10,382.8326043
2476,11,385.4013181
2476,12,387.0136128
2477,1,387.971209
2477,2,388.5379326
2477,3,388.9388557
2477,4,389.0774879
2477,5,388.1419496
2477,6,385.4404409
2477,7,381.6974433
2477,8,379.2130933
2477,9,379.918565
2477,10,382.7824308
2477,11,385.350898
2477,12,386.9631346
2478,1,387.9208083
2478,2,388.4877314
2478,3,388.8889382
2478,4,389.027935
2478,5,388.0929668
2478,6,385.392192
2478,7,381.6495569
2478,8,379.1650365
2478,9,379.8703026
2478,10,382.7338708
2478,11,385.302027
2478,12,386.9140754
2479,1,387.871643
2479,2,388.4385416
2479,3,388.8397798
2479,4,388.9788733
2479,5,388.044204
2479,6,385.3439011
2479,7,381.6013892
2479,8,379.1164941
2479,9,379.8213974
2479,10,382.6845701
2479,11,385.2523821
2479,12,386.864265
2480,1,387.8217958
2480,2,388.3887755
2480,3,388.790178
2480,4,388.9295183
2480,5,387.9953055
2480,6,385.2956296
2480,7,381.5533852
2480,8,379.0682393
2480,9,379.7728727
2480,10,382.6357023
2480,11,385.2031767
2480,12,386.8148619
2481,1,387.7722932
2481,2,388.3392699
2481,3,388.7407395
2481,4,388.8802252
2481,5,387.9463715
2481,6,385.2472383
2481,7,381.5051993
2481,8,379.0197719
2481,9,379.7241437
2481,10,382.5866864
2481,11,385.1539317
2481,12,386.7655703
2482,1,387.7230838
2482,2,388.2902575
2482,3,388.6920003
2482,4,388.831831
2482,5,387.8985173
2482,6,385.2000764
2482,7,381.4583498
2482,8,378.9726934
2482,9,379.6767881
2482,10,382.5389483
2482,11,385.105781
2482,12,386.7171137
2483,1,387.6743937
2483,2,388.2414106
2483,3,388.6430537
2483,4,388.7828566
2483,5,387.8497283
2483,6,385.1516626
2483,7,381.4099885
2483,8,378.9239193
2483,9,379.6276476
2483,10,382.489449
2483,11,385.0560199
2483,12,386.667311
2484,1,387.6247102
2484,2,388.1919869
2484,3,388.593986
2484,4,388.7342312
2484,5,387.8017478
2484,6,385.1044814
2484,7,381.3632247
2484,8,378.8770241
2484,9,379.5805579
2484,10,382.4420387
2484,11,385.008231
2484,12,386.6192209
2485,1,387.5763658
2485,2,388.1434442
2485,3,388.5452859
2485,4,388.6854333
2485,5,387.7530574
2485,6,385.0560845
2485,7,381.314801
2485,8,378.8281156
2485,9,379.5312208
2485,10,382.3922951
2485,11,384.9581974
2485,12,386.5691395
2486,1,387.5264166
2486,2,388.0937841
2486,3,388.4960241
2486,4,388.6366655
2486,5,387.7049923
2486,6,385.0088793
2486,7,381.268075
2486,8,378.7813184
2486,9,379.484283
2486,10,382.3450808
2486,11,384.9106348
2486,12,386.5212869
2487,1,387.4783042
2487,2,388.0454531
2487,3,388.4475032
2487,4,388.5880047
2487,5,387.6563888
2487,6,384.9605138
2487,7,381.2196262
2487,8,378.7323302
2487,9,379.4348141
2487,10,382.2951583
2487,11,384.8603829
2487,12,386.4709613
2488,1,387.428099
2488,2,387.9955389
2488,3,388.398003
2488,4,388.5390277
2488,5,387.6081566
2488,6,384.9131961
2488,7,381.1728568
2488,8,378.6855734
2488,9,379.3880131
2488,10,382.2481898
2488,11,384.8131865
2488,12,386.4235999
2489,1,387.3806025
2489,2,387.9479452
2489,3,388.3503334
2489,4,388.4913213
2489,5,387.5605954
2489,6,384.8659421
2489,7,381.1255678
2489,8,378.6377692
2489,9,379.339723
2489,10,382.1994079
2489,11,384.7640006
2489,12,386.3742326
2490,1,387.3312223
2490,2,387.8987032
2490,3,388.3013392
2490,4,388.4426772
2490,5,387.5125215
2490,6,384.8186133
2490,7,381.0786309
2490,8,378.5907083
2490,9,379.2925054
2490,10,382.1519412
2490,11,384.7162606
2490,12,386.3263178
2491,1,387.2831935
2491,2,387.8506253
2491,3,388.253257
2491,4,388.3946488
2491,5,387.464744
2491,6,384.7712597
2491,7,381.0313679
2491,8,378.5430613
2491,9,379.2445036
2491,10,382.1035748
2491,11,384.6676094
2491,12,386.2775956
2492,1,387.2345603
2492,2,387.8022225
2492,3,388.2051832
2492,4,388.346994
2492,5,387.4177142
2492,6,384.7250144
2492,7,380.9855389
2492,8,378.4971169
2492,9,379.1983922
2492,10,382.0571838
2492,11,384.6208931
2492,12,386.2306274
2493,1,387.187377
2493,2,387.7548677
2493,3,388.1576843
2493,4,388.2993952
2493,5,387.3702016
2493,6,384.6777537
2493,7,380.9381948
2493,8,378.4492168
2493,9,379.149969
2493,10,382.0082351
2493,11,384.5715089
2493,12,386.1810368
2494,1,387.1377596
2494,2,387.7053866
2494,3,388.1084614
2494,4,388.2505456
2494,5,387.3219576
2494,6,384.630303
2494,7,380.8912008
2494,8,378.4021816
2494,9,379.1028751
2494,10,381.9610056
2494,11,384.5241353
2494,12,386.1336285
2495,1,387.0903806
2495,2,387.6580983
2495,3,388.0612993
2495,4,388.2035524
2495,5,387.2753077
2495,6,384.5841408
2495,7,380.8451621
2495,8,378.3557554
2495,9,379.0560447
2495,10,381.9137094
2495,11,384.4763946
2495,12,386.0855955
2496,1,387.0421656
2496,2,387.6098081
2496,3,388.013013
2496,4,388.1553552
2496,5,387.227415
2496,6,384.5367367
2496,7,380.7979212
2496,8,378.308205
2496,9,379.0082036
2496,10,381.8655508
2496,11,384.4279727
2496,12,386.037094
2497,1,386.9937215
2497,2,387.5615461
2497,3,387.9650218
2497,4,388.1077206
2497,5,387.1803442
2497,6,384.4903966
2497,7,380.7519617
2497,8,378.2621198
2497,9,378.9619688
2497,10,381.8190878
2497,11,384.3812752
2497,12,385.9902767
2498,1,386.946852
2498,2,387.5146877
2498,3,387.9182099
2498,4,388.0609961
2498,5,387.1338771
2498,6,384.4443254
2498,7,380.7059167
2498,8,378.2155838
2498,9,378.9149144
2498,10,381.771441
2498,11,384.3330427
2498,12,385.9415938
2499,1,386.8978238
2499,2,387.465448
2499,3,387.8688996
2499,4,388.0117968
2499,5,387.0851344
2499,6,384.3963882
2499,7,380.6586619
2499,8,378.168776
2499,9,378.868842
2499,10,381.7263813
2499,11,384.2893884
2499,12,385.8999006
2500,1,386.8602887
2500,2,387.4307262
2500,3,387.8370925
2500,4,387.9829138
2500,5,387.0590927
2500,6,384.3730129
2500,7,380.637686
2500,8,378.1498405
2500,9,378.8514956
2500,10,381.7100807
2500,11,384.2734982
2500,12,385.883713
