projectid;simulationid;vColumn;vRow;vLocationID;vNUTS_ID;vNUTS_NAME;vSTATE_NAME;start_date;end_date;vIDPL
1;C412R659;412;659;0;DE236;Neumarkt i. d. OPf.;Bayern;2016-01-01;2017-12-31;269
2;C213R428;213;428;2;DE736;Waldeck-Frankenberg;Hessen;2016-01-01;2017-12-31;273
3;C442R553;442;553;3;DE24D;Wunsiedel i. Fichtelgebirge;Bayern;2016-01-01;2017-12-31;275
4;C267R473;267;473;4;DE733;Hersfeld-Rotenburg;Hessen;2016-01-01;2017-12-31;283
5;C441R101;441;101;5;DE80K;Landkreis Rostock;Mecklenburg-Vorpommern;2016-01-01;2017-12-31;277
6;C427R173;427;173;6;DE80O;Ludwigslust-Parchim;Mecklenburg-Vorpommern;2016-01-01;2017-12-31;256
7;C123R793;123;793;7;DE132;Breisgau-Hochschwarzwald;Baden-Württemberg;2016-01-01;2017-12-31;304
8;C156R256;156;256;8;DE94F;Vechta;Niedersachsen;2016-01-01;2017-12-31;302
9;C261R134;261;134;9;DEF0E;Steinburg;Schleswig-Holstein;2016-01-01;2017-12-31;270
10;C251R346;251;346;10;DE926;Holzminden;Niedersachsen;2016-01-01;2017-12-31;276
11;C530R177;530;177;11;DE40I;Uckermark;Brandenburg;2016-01-01;2017-12-31;252
12;C253R167;253;167;12;DE939;Stade;Niedersachsen;2016-01-01;2017-12-31;249
13;C268R87;268;87;13;DEF0B;Rendsburg-Eckernförde;Schleswig-Holstein;2016-01-01;2017-12-31;266
14;C345R259;345;259;14;DEE04;Altmarkkreis Salzwedel;Sachsen-Anhalt;2016-01-01;2017-12-31;277
15;C240R141;240;141;15;DE939;Stade;Niedersachsen;2016-01-01;2017-12-31;281
16;C289R596;289;596;16;DE26C;Würzburg, Landkreis;Bayern;2016-01-01;2017-12-31;288
17;C221R409;221;409;17;DE736;Waldeck-Frankenberg;Hessen;2016-01-01;2017-12-31;273
18;C225R280;225;280;18;DE927;Nienburg (Weser);Niedersachsen;2016-01-01;2017-12-31;284
19;C473R77;473;77;19;DE80L;Vorpommern-Rügen;Mecklenburg-Vorpommern;2016-01-01;2017-12-31;248
20;C173R325;173;325;20;DE94E;Osnabrück, Landkreis;Niedersachsen;2016-01-01;2017-12-31;285
21;C352R328;352;328;21;DE917;Helmstedt;Niedersachsen;2016-01-01;2017-12-31;277
22;C553R175;553;175;22;DE40I;Uckermark;Brandenburg;2016-01-01;2017-12-31;252
23;C570R239;570;239;23;DE409;Märkisch-Oderland;Brandenburg;2016-01-01;2017-12-31;283
24;C66R616;66;616;24;DEC02;Merzig-Wadern;Saarland;2016-01-01;2017-12-31;284
25;C457R395;457;395;25;DED53;Nordsachsen;Sachsen;2016-01-01;2017-12-31;275
26;C216R776;216;776;26;DE137;Tuttlingen;Baden-Württemberg;2016-01-01;2017-12-31;280
27;C243R459;243;459;27;DE735;Schwalm-Eder-Kreis;Hessen;2016-01-01;2017-12-31;287
28;C203R809;203;809;28;DE138;Konstanz;Baden-Württemberg;2016-01-01;2017-12-31;280
29;C416R234;416;234;29;DE40F;Prignitz;Brandenburg;2016-01-01;2017-12-31;253
30;C197R495;197;495;30;DE721;Gießen, Landkreis;Hessen;2016-01-01;2017-12-31;287
31;C378R564;378;564;31;DE245;Bamberg, Landkreis;Bayern;2016-01-01;2017-12-31;284
32;C551R221;551;221;32;DE40I;Uckermark;Brandenburg;2016-01-01;2017-12-31;283
33;C219R535;219;535;33;DE71E;Wetteraukreis;Hessen;2016-01-01;2017-12-31;294
34;C410R245;410;245;34;DEE0D;Stendal;Sachsen-Anhalt;2016-01-01;2017-12-31;253
35;C137R573;137;573;35;DEB14;Bad Kreuznach;Rheinland-Pfalz;2016-01-01;2017-12-31;283
36;C325R553;325;553;36;DE267;Haßberge;Bayern;2016-01-01;2017-12-31;288
37;C460R462;460;462;37;DEG0M;Altenburger Land;Thüringen;2016-01-01;2017-12-31;278
38;C222R117;222;117;38;DEF05;Dithmarschen;Schleswig-Holstein;2016-01-01;2017-12-31;269
39;C498R352;498;352;39;DEE0E;Wittenberg;Sachsen-Anhalt;2016-01-01;2017-12-31;273
40;C205R523;205;523;40;DE71E;Wetteraukreis;Hessen;2016-01-01;2017-12-31;277
41;C439R666;439;666;41;DE238;Regensburg, Landkreis;Bayern;2016-01-01;2017-12-31;290
42;C416R171;416;171;42;DE80O;Ludwigslust-Parchim;Mecklenburg-Vorpommern;2016-01-01;2017-12-31;255
43;C212R245;212;245;43;DE922;Diepholz;Niedersachsen;2016-01-01;2017-12-31;279
44;C378R345;378;345;44;DEE07;Börde;Sachsen-Anhalt;2016-01-01;2017-12-31;268
45;C100R156;100;156;45;DE947;Aurich;Niedersachsen;2016-01-01;2017-12-31;268
46;C191R308;191;308;46;DEA46;Minden-Lübbecke;Nordrhein-Westfalen;2016-01-01;2017-12-31;280
47;C455R722;455;722;47;DE227;Landshut, Landkreis;Bayern;2016-01-01;2017-12-31;283
48;C296R720;296;720;48;DE145;Alb-Donau-Kreis;Baden-Württemberg;2016-01-01;2017-12-31;266
49;C331R321;331;321;49;DE91B;Wolfenbüttel;Niedersachsen;2016-01-01;2017-12-31;281
50;C304R328;304;328;50;DE91B;Wolfenbüttel;Niedersachsen;2016-01-01;2017-12-31;268
51;C136R399;136;399;51;DEA58;Märkischer Kreis;Nordrhein-Westfalen;2016-01-01;2017-12-31;293
52;C442R481;442;481;52;DEG0L;Greiz;Thüringen;2016-01-01;2017-12-31;270
53;C474R232;474;232;53;DE40D;Ostprignitz-Ruppin;Brandenburg;2016-01-01;2017-12-31;265
54;C403R732;403;732;54;DE21J;Pfaffenhofen a. d. Ilm;Bayern;2016-01-01;2017-12-31;286
55;C486R363;486;363;55;DEE0E;Wittenberg;Sachsen-Anhalt;2016-01-01;2017-12-31;273
56;C306R692;306;692;56;DE11D;Ostalbkreis;Baden-Württemberg;2016-01-01;2017-12-31;277
57;C105R640;105;640;58;DEB3K;Südwestpfalz;Rheinland-Pfalz;2016-01-01;2017-12-31;278
58;C95R520;95;520;59;DEB17;Mayen-Koblenz;Rheinland-Pfalz;2016-01-01;2017-12-31;279
59;C488R100;488;100;60;DE80L;Vorpommern-Rügen;Mecklenburg-Vorpommern;2016-01-01;2017-12-31;248
60;C285R763;285;763;61;DE146;Biberach;Baden-Württemberg;2016-01-01;2017-12-31;277
61;C370R423;370;423;62;DEG0D;Sömmerda;Thüringen;2016-01-01;2017-12-31;272
62;C436R132;436;132;63;DE80K;Landkreis Rostock;Mecklenburg-Vorpommern;2016-01-01;2017-12-31;279
63;C411R453;411;453;64;DEG0J;Saale-Holzland-Kreis;Thüringen;2016-01-01;2017-12-31;293
64;C482R422;482;422;65;DED52;Leipzig;Sachsen;2016-01-01;2017-12-31;270
65;C469R685;469;685;66;DE22B;Straubing-Bogen;Bayern;2016-01-01;2017-12-31;279
66;C364R237;364;237;67;DE934;Lüchow-Dannenberg;Niedersachsen;2016-01-01;2017-12-31;283
67;C361R234;361;234;68;DE934;Lüchow-Dannenberg;Niedersachsen;2016-01-01;2017-12-31;283
68;C282R544;282;544;69;DE265;Bad Kissingen;Bayern;2016-01-01;2017-12-31;286
69;C208R522;208;522;70;DE71E;Wetteraukreis;Hessen;2016-01-01;2017-12-31;277
70;C285R374;285;374;71;DE918;Northeim;Niedersachsen;2016-01-01;2017-12-31;269
71;C334R772;334;772;72;DE27C;Unterallgäu;Bayern;2016-01-01;2017-12-31;274
72;C274R483;274;483;73;DE732;Fulda;Hessen;2016-01-01;2017-12-31;283
73;C212R813;212;813;74;DE138;Konstanz;Baden-Württemberg;2016-01-01;2017-12-31;294
74;C416R158;416;158;75;DE80O;Ludwigslust-Parchim;Mecklenburg-Vorpommern;2016-01-01;2017-12-31;256
75;C104R545;104;545;76;DEB1D;Rhein-Hunsrück-Kreis;Rheinland-Pfalz;2016-01-01;2017-12-31;278
76;C383R129;383;129;77;DE80M;Nordwestmecklenburg;Mecklenburg-Vorpommern;2016-01-01;2017-12-31;283
77;C371R155;371;155;78;DE80O;Ludwigslust-Parchim;Mecklenburg-Vorpommern;2016-01-01;2017-12-31;265
78;C498R37;498;37;79;DE80L;Vorpommern-Rügen;Mecklenburg-Vorpommern;2016-01-01;2017-12-31;277
79;C524R169;524;169;80;DE80J;Mecklenburgische Seenplatte;Mecklenburg-Vorpommern;2016-01-01;2017-12-31;255
80;C400R170;400;170;81;DE80O;Ludwigslust-Parchim;Mecklenburg-Vorpommern;2016-01-01;2017-12-31;255
81;C172R294;172;294;82;DE94E;Osnabrück, Landkreis;Niedersachsen;2016-01-01;2017-12-31;285
82;C195R634;195;634;83;DE128;Rhein-Neckar-Kreis;Baden-Württemberg;2016-01-01;2017-12-31;288
83;C414R146;414;146;84;DE80O;Ludwigslust-Parchim;Mecklenburg-Vorpommern;2016-01-01;2017-12-31;279
84;C411R353;411;353;85;DEE0C;Salzlandkreis;Sachsen-Anhalt;2016-01-01;2017-12-31;262
85;C384R362;384;362;86;DEE0C;Salzlandkreis;Sachsen-Anhalt;2016-01-01;2017-12-31;268
86;C592R265;592;265;87;DE409;Märkisch-Oderland;Brandenburg;2016-01-01;2017-12-31;264
87;C277R502;277;502;88;DE732;Fulda;Hessen;2016-01-01;2017-12-31;279
88;C302R569;302;569;89;DE26B;Schweinfurt, Landkreis;Bayern;2016-01-01;2017-12-31;283
89;C66R616;66;616;90;DEC02;Merzig-Wadern;Saarland;2016-01-01;2017-12-31;284
90;C356R551;356;551;91;DE24C;Lichtenfels;Bayern;2016-01-01;2017-12-31;281
91;C565R324;565;324;92;DE406;Dahme-Spreewald;Brandenburg;2016-01-01;2017-12-31;269
92;C253R325;253;325;93;DE923;Hameln-Pyrmont;Niedersachsen;2016-01-01;2017-12-31;278
93;C245R291;245;291;94;DE929;Region Hannover;Niedersachsen;2016-01-01;2017-12-31;287
94;C366R358;366;358;95;DEE09;Harz;Sachsen-Anhalt;2016-01-01;2017-12-31;268
95;C497R124;497;124;96;DE80N;Vorpommern-Greifswald;Mecklenburg-Vorpommern;2016-01-01;2017-12-31;266
96;C137R359;137;359;97;DEA38;Warendorf;Nordrhein-Westfalen;2016-01-01;2017-12-31;279
97;C347R339;347;339;98;DEE09;Harz;Sachsen-Anhalt;2016-01-01;2017-12-31;277
98;C437R191;437;191;99;DE40F;Prignitz;Brandenburg;2016-01-01;2017-12-31;263
99;C222R225;222;225;100;DE93B;Verden;Niedersachsen;2016-01-01;2017-12-31;279
100;C127R829;127;829;101;DE139;Lörrach;Baden-Württemberg;2016-01-01;2017-12-31;314
101;C339R422;339;422;102;DEG0A;Kyffhäuserkreis;Thüringen;2016-01-01;2017-12-31;267
102;C183R327;183;327;103;DEA43;Herford;Nordrhein-Westfalen;2016-01-01;2017-12-31;285
103;C282R753;282;753;104;DE145;Alb-Donau-Kreis;Baden-Württemberg;2016-01-01;2017-12-31;279
104;C492R132;492;132;105;DE80J;Mecklenburgische Seenplatte;Mecklenburg-Vorpommern;2016-01-01;2017-12-31;266
105;C95R345;95;345;106;DEA35;Coesfeld;Nordrhein-Westfalen;2016-01-01;2017-12-31;285
106;C278R744;278;744;107;DE145;Alb-Donau-Kreis;Baden-Württemberg;2016-01-01;2017-12-31;279
107;C64R553;64;553;108;DEB22;Bernkastel-Wittlich;Rheinland-Pfalz;2016-01-01;2017-12-31;288
108;C471R143;471;143;109;DE80J;Mecklenburgische Seenplatte;Mecklenburg-Vorpommern;2016-01-01;2017-12-31;251
109;C238R402;238;402;110;DE734;Kassel, Landkreis;Hessen;2016-01-01;2017-12-31;267
110;C400R347;400;347;111;DEE0C;Salzlandkreis;Sachsen-Anhalt;2016-01-01;2017-12-31;262
111;C135R239;135;239;112;DE949;Emsland;Niedersachsen;2016-01-01;2017-12-31;280
112;C327R458;327;458;113;DEG0C;Gotha;Thüringen;2016-01-01;2017-12-31;257
113;C358R454;358;454;114;DEG01;Erfurt, Kreisfreie Stadt;Thüringen;2016-01-01;2017-12-31;285
114;C479R356;479;356;115;DEE0E;Wittenberg;Sachsen-Anhalt;2016-01-01;2017-12-31;274
115;C482R69;482;69;116;DE80L;Vorpommern-Rügen;Mecklenburg-Vorpommern;2016-01-01;2017-12-31;260
116;C171R253;171;253;117;DE94F;Vechta;Niedersachsen;2016-01-01;2017-12-31;275
117;C154R562;154;562;118;DEB3J;Mainz-Bingen;Rheinland-Pfalz;2016-01-01;2017-12-31;301
118;C99R167;99;167;119;DE947;Aurich;Niedersachsen;2016-01-01;2017-12-31;268
119;C236R268;236;268;120;DE927;Nienburg (Weser);Niedersachsen;2016-01-01;2017-12-31;278
120;C232R651;232;651;121;DE118;Heilbronn, Landkreis;Baden-Württemberg;2016-01-01;2017-12-31;283
121;C327R772;327;772;122;DE27C;Unterallgäu;Bayern;2016-01-01;2017-12-31;274
122;C457R488;457;488;123;DED44;Vogtlandkreis;Sachsen;2016-01-01;2017-12-31;289
123;C441R283;441;283;124;DEE06;Jerichower Land;Sachsen-Anhalt;2016-01-01;2017-12-31;268
124;C350R536;350;536;125;DE247;Coburg, Landkreis;Bayern;2016-01-01;2017-12-31;292
125;C307R287;307;287;126;DE914;Gifhorn;Niedersachsen;2016-01-01;2017-12-31;277
126;C418R370;418;370;127;DEE05;Anhalt-Bitterfeld;Sachsen-Anhalt;2016-01-01;2017-12-31;262
127;C68R478;68;478;128;DEA28;Euskirchen;Nordrhein-Westfalen;2016-01-01;2017-12-31;284
128;C543R163;543;163;129;DE80N;Vorpommern-Greifswald;Mecklenburg-Vorpommern;2016-01-01;2017-12-31;259
129;C255R136;255;136;130;DEF0E;Steinburg;Schleswig-Holstein;2016-01-01;2017-12-31;270
130;C122R319;122;319;131;DEA37;Steinfurt;Nordrhein-Westfalen;2016-01-01;2017-12-31;283
131;C371R476;371;476;132;DEG0T;Ilm-Kreis;Thüringen;2016-01-01;2017-12-31;277
132;C346R667;346;667;133;DE25C;Weißenburg-Gunzenhausen;Bayern;2016-01-01;2017-12-31;283
133;C433R327;433;327;134;DEE06;Jerichower Land;Sachsen-Anhalt;2016-01-01;2017-12-31;288
134;C452R141;452;141;135;DE80K;Landkreis Rostock;Mecklenburg-Vorpommern;2016-01-01;2017-12-31;251
135;C540R361;540;361;136;DE407;Elbe-Elster;Brandenburg;2016-01-01;2017-12-31;271
136;C268R48;268;48;137;DEF0C;Schleswig-Flensburg;Schleswig-Holstein;2016-01-01;2017-12-31;270
137;C202R30;202;30;138;DEF07;Nordfriesland;Schleswig-Holstein;2016-01-01;2017-12-31;255
138;C265R732;265;732;139;DE145;Alb-Donau-Kreis;Baden-Württemberg;2016-01-01;2017-12-31;279
139;C442R762;442;762;140;DE218;Ebersberg;Bayern;2016-01-01;2017-12-31;288
140;C397R336;397;336;141;DEE07;Börde;Sachsen-Anhalt;2016-01-01;2017-12-31;290
141;C189R300;189;300;142;DEA46;Minden-Lübbecke;Nordrhein-Westfalen;2016-01-01;2017-12-31;280
142;C262R39;262;39;143;DEF0C;Schleswig-Flensburg;Schleswig-Holstein;2016-01-01;2017-12-31;270
143;C247R399;247;399;144;DE734;Kassel, Landkreis;Hessen;2016-01-01;2017-12-31;285
144;C458R308;458;308;145;DE40E;Potsdam-Mittelmark;Brandenburg;2016-01-01;2017-12-31;291
145;C444R696;444;696;146;DE226;Kelheim;Bayern;2016-01-01;2017-12-31;281
146;C371R321;371;321;147;DEE07;Börde;Sachsen-Anhalt;2016-01-01;2017-12-31;277
147;C359R611;359;611;148;DE257;Erlangen-Höchstadt;Bayern;2016-01-01;2017-12-31;274
148;C361R425;361;425;150;DEG0D;Sömmerda;Thüringen;2016-01-01;2017-12-31;272
149;C464R88;464;88;151;DE80L;Vorpommern-Rügen;Mecklenburg-Vorpommern;2016-01-01;2017-12-31;248
150;C458R235;458;235;152;DE40D;Ostprignitz-Ruppin;Brandenburg;2016-01-01;2017-12-31;265
151;C506R67;506;67;153;DE80L;Vorpommern-Rügen;Mecklenburg-Vorpommern;2016-01-01;2017-12-31;252
152;C468R725;468;725;154;DE227;Landshut, Landkreis;Bayern;2016-01-01;2017-12-31;281
153;C562R695;562;695;155;DE225;Freyung-Grafenau;Bayern;2016-01-01;2017-12-31;288
154;C405R165;405;165;156;DE80O;Ludwigslust-Parchim;Mecklenburg-Vorpommern;2016-01-01;2017-12-31;255
155;C447R209;447;209;157;DE40D;Ostprignitz-Ruppin;Brandenburg;2016-01-01;2017-12-31;263
156;C538R724;538;724;158;DE228;Passau, Landkreis;Bayern;2016-01-01;2017-12-31;280
157;C295R329;295;329;159;DE925;Hildesheim;Niedersachsen;2016-01-01;2017-12-31;268
158;C575R440;575;440;160;DED2F;Sächsische Schweiz-Osterzgebirge;Sachsen;2016-01-01;2017-12-31;276
159;C471R187;471;187;161;DE80J;Mecklenburgische Seenplatte;Mecklenburg-Vorpommern;2016-01-01;2017-12-31;263
160;C389R349;389;349;162;DEE0C;Salzlandkreis;Sachsen-Anhalt;2016-01-01;2017-12-31;268
161;C362R269;362;269;163;DEE04;Altmarkkreis Salzwedel;Sachsen-Anhalt;2016-01-01;2017-12-31;277
162;C196R386;196;386;164;DEA47;Paderborn;Nordrhein-Westfalen;2016-01-01;2017-12-31;280
163;C27R393;27;393;165;DEA1B;Kleve;Nordrhein-Westfalen;2016-01-01;2017-12-31;298
164;C446R129;446;129;166;DE80K;Landkreis Rostock;Mecklenburg-Vorpommern;2016-01-01;2017-12-31;251
165;C468R462;468;462;167;DED45;Zwickau;Sachsen;2016-01-01;2017-12-31;278
166;C511R421;511;421;168;DED43;Mittelsachsen;Sachsen;2016-01-01;2017-12-31;265
167;C42R389;42;389;169;DEA1B;Kleve;Nordrhein-Westfalen;2016-01-01;2017-12-31;298
168;C319R415;319;415;170;DEG06;Eichsfeld;Thüringen;2016-01-01;2017-12-31;272
169;C547R246;547;246;171;DE409;Märkisch-Oderland;Brandenburg;2016-01-01;2017-12-31;283
170;C425R465;425;465;172;DEG0L;Greiz;Thüringen;2016-01-01;2017-12-31;270
171;C332R677;332;677;173;DE27D;Donau-Ries;Bayern;2016-01-01;2017-12-31;281
172;C439R429;439;429;174;DEE08;Burgenlandkreis;Sachsen-Anhalt;2016-01-01;2017-12-31;270
173;C166R361;166;361;175;DEA38;Warendorf;Nordrhein-Westfalen;2016-01-01;2017-12-31;263
174;C293R192;293;192;176;DE933;Harburg;Niedersachsen;2016-01-01;2017-12-31;292
175;C467R728;467;728;177;DE227;Landshut, Landkreis;Bayern;2016-01-01;2017-12-31;281
176;C461R150;461;150;178;DE80J;Mecklenburgische Seenplatte;Mecklenburg-Vorpommern;2016-01-01;2017-12-31;251
177;C414R100;414;100;179;DE80K;Landkreis Rostock;Mecklenburg-Vorpommern;2016-01-01;2017-12-31;272
178;C337R296;337;296;180;DE913;Wolfsburg, Kreisfreie Stadt;Niedersachsen;2016-01-01;2017-12-31;262
179;C227R689;227;689;181;DE115;Ludwigsburg;Baden-Württemberg;2016-01-01;2017-12-31;293
180;C503R498;503;498;182;DED42;Erzgebirgskreis;Sachsen;2016-01-01;2017-12-31;255
181;C417R263;417;263;183;DEE0D;Stendal;Sachsen-Anhalt;2016-01-01;2017-12-31;267
182;C510R403;510;403;184;DED53;Nordsachsen;Sachsen;2016-01-01;2017-12-31;273
183;C210R662;210;662;185;DE123;Karlsruhe, Landkreis;Baden-Württemberg;2016-01-01;2017-12-31;286
184;C477R114;477;114;186;DE80J;Mecklenburgische Seenplatte;Mecklenburg-Vorpommern;2016-01-01;2017-12-31;255
185;C169R281;169;281;187;DE94F;Vechta;Niedersachsen;2016-01-01;2017-12-31;284
186;C295R576;295;576;188;DE26C;Würzburg, Landkreis;Bayern;2016-01-01;2017-12-31;282
187;C354R252;354;252;189;DEE04;Altmarkkreis Salzwedel;Sachsen-Anhalt;2016-01-01;2017-12-31;277
188;C275R733;275;733;190;DE145;Alb-Donau-Kreis;Baden-Württemberg;2016-01-01;2017-12-31;279
189;C201R460;201;460;191;DE724;Marburg-Biedenkopf;Hessen;2016-01-01;2017-12-31;280
190;C210R381;210;381;192;DEA47;Paderborn;Nordrhein-Westfalen;2016-01-01;2017-12-31;285
191;C301R396;301;396;193;DE91C;Göttingen;Niedersachsen;2016-01-01;2017-12-31;284
192;C497R93;497;93;194;DE80L;Vorpommern-Rügen;Mecklenburg-Vorpommern;2016-01-01;2017-12-31;276
193;C516R110;516;110;195;DE80N;Vorpommern-Greifswald;Mecklenburg-Vorpommern;2016-01-01;2017-12-31;276
194;C143R267;143;267;196;DE94E;Osnabrück, Landkreis;Niedersachsen;2016-01-01;2017-12-31;302
195;C426R351;426;351;197;DEE05;Anhalt-Bitterfeld;Sachsen-Anhalt;2016-01-01;2017-12-31;262
196;C214R493;214;493;198;DE721;Gießen, Landkreis;Hessen;2016-01-01;2017-12-31;273
197;C503R73;503;73;199;DE80L;Vorpommern-Rügen;Mecklenburg-Vorpommern;2016-01-01;2017-12-31;252
198;C558R162;558;162;200;DE80N;Vorpommern-Greifswald;Mecklenburg-Vorpommern;2016-01-01;2017-12-31;259
199;C432R229;432;229;201;DE40F;Prignitz;Brandenburg;2016-01-01;2017-12-31;253
200;C311R121;311;121;202;DEF0D;Segeberg;Schleswig-Holstein;2016-01-01;2017-12-31;265
201;C399R374;399;374;203;DEE0A;Mansfeld-Südharz;Sachsen-Anhalt;2016-01-01;2017-12-31;268
202;C303R322;303;322;204;DE91B;Wolfenbüttel;Niedersachsen;2016-01-01;2017-12-31;268
203;C306R81;306;81;205;DEF0A;Plön;Schleswig-Holstein;2016-01-01;2017-12-31;271
204;C517R428;517;428;206;DED43;Mittelsachsen;Sachsen;2016-01-01;2017-12-31;265
205;C108R531;108;531;207;DEB17;Mayen-Koblenz;Rheinland-Pfalz;2016-01-01;2017-12-31;279
206;C377R137;377;137;208;DE80M;Nordwestmecklenburg;Mecklenburg-Vorpommern;2016-01-01;2017-12-31;265
207;C35R384;35;384;209;DEA1B;Kleve;Nordrhein-Westfalen;2016-01-01;2017-12-31;298
208;C215R74;215;74;210;DEF07;Nordfriesland;Schleswig-Holstein;2016-01-01;2017-12-31;258
209;C218R683;218;683;211;DE115;Ludwigsburg;Baden-Württemberg;2016-01-01;2017-12-31;278
210;C212R95;212;95;212;DEF05;Dithmarschen;Schleswig-Holstein;2016-01-01;2017-12-31;264
211;C316R271;316;271;213;DE914;Gifhorn;Niedersachsen;2016-01-01;2017-12-31;277
212;C443R102;443;102;214;DE80K;Landkreis Rostock;Mecklenburg-Vorpommern;2016-01-01;2017-12-31;277
213;C441R712;441;712;215;DE227;Landshut, Landkreis;Bayern;2016-01-01;2017-12-31;283
214;C432R144;432;144;216;DE80K;Landkreis Rostock;Mecklenburg-Vorpommern;2016-01-01;2017-12-31;279
215;C464R93;464;93;217;DE80L;Vorpommern-Rügen;Mecklenburg-Vorpommern;2016-01-01;2017-12-31;248
216;C476R706;476;706;218;DE22C;Dingolfing-Landau;Bayern;2016-01-01;2017-12-31;286
217;C429R363;429;363;219;DEE05;Anhalt-Bitterfeld;Sachsen-Anhalt;2016-01-01;2017-12-31;262
218;C555R169;555;169;220;DE80N;Vorpommern-Greifswald;Mecklenburg-Vorpommern;2016-01-01;2017-12-31;259
219;C340R104;340;104;221;DEF08;Ostholstein;Schleswig-Holstein;2016-01-01;2017-12-31;269
220;C473R682;473;682;222;DE22B;Straubing-Bogen;Bayern;2016-01-01;2017-12-31;279
221;C235R183;235;183;223;DE937;Rotenburg (Wümme);Niedersachsen;2016-01-01;2017-12-31;265
222;C235R162;235;162;224;DE939;Stade;Niedersachsen;2016-01-01;2017-12-31;281
223;C368R457;368;457;225;DEG0G;Weimarer Land;Thüringen;2016-01-01;2017-12-31;277
224;C240R92;240;92;226;DEF05;Dithmarschen;Schleswig-Holstein;2016-01-01;2017-12-31;283
225;C407R699;407;699;227;DE21J;Pfaffenhofen a. d. Ilm;Bayern;2016-01-01;2017-12-31;274
226;C270R44;270;44;228;DEF0C;Schleswig-Flensburg;Schleswig-Holstein;2016-01-01;2017-12-31;270
227;C374R140;374;140;229;DE80M;Nordwestmecklenburg;Mecklenburg-Vorpommern;2016-01-01;2017-12-31;265
228;C127R498;127;498;230;DEB1B;Westerwaldkreis;Rheinland-Pfalz;2016-01-01;2017-12-31;284
229;C106R353;106;353;231;DEA35;Coesfeld;Nordrhein-Westfalen;2016-01-01;2017-12-31;283
230;C481R427;481;427;232;DED52;Leipzig;Sachsen;2016-01-01;2017-12-31;270
231;C442R675;442;675;233;DE226;Kelheim;Bayern;2016-01-01;2017-12-31;291
232;C303R365;303;365;234;DE91C;Göttingen;Niedersachsen;2016-01-01;2017-12-31;269
233;C460R451;460;451;235;DEG0M;Altenburger Land;Thüringen;2016-01-01;2017-12-31;277
234;C391R457;391;457;237;DEG0G;Weimarer Land;Thüringen;2016-01-01;2017-12-31;270
235;C488R151;488;151;239;DE80J;Mecklenburgische Seenplatte;Mecklenburg-Vorpommern;2016-01-01;2017-12-31;266
236;C128R758;128;758;240;DE133;Emmendingen;Baden-Württemberg;2016-01-01;2017-12-31;298
237;C530R720;530;720;241;DE228;Passau, Landkreis;Bayern;2016-01-01;2017-12-31;287
238;C314R618;314;618;242;DE25A;Neustadt a. d. Aisch-Bad Windsheim;Bayern;2016-01-01;2017-12-31;290
239;C587R425;587;425;243;DED2C;Bautzen;Sachsen;2016-01-01;2017-12-31;269
240;C277R40;277;40;244;DEF0C;Schleswig-Flensburg;Schleswig-Holstein;2016-01-01;2017-12-31;262
241;C332R685;332;685;245;DE27D;Donau-Ries;Bayern;2016-01-01;2017-12-31;270
242;C223R402;223;402;246;DE736;Waldeck-Frankenberg;Hessen;2016-01-01;2017-12-31;267
243;C262R354;262;354;247;DE926;Holzminden;Niedersachsen;2016-01-01;2017-12-31;276
244;C475R279;475;279;248;DE408;Havelland;Brandenburg;2016-01-01;2017-12-31;284
245;C199R28;199;28;249;DEF07;Nordfriesland;Schleswig-Holstein;2016-01-01;2017-12-31;255
246;C259R180;259;180;250;DE939;Stade;Niedersachsen;2016-01-01;2017-12-31;265
247;C456R237;456;237;251;DE40D;Ostprignitz-Ruppin;Brandenburg;2016-01-01;2017-12-31;265
248;C169R301;169;301;252;DE94E;Osnabrück, Landkreis;Niedersachsen;2016-01-01;2017-12-31;285
249;C236R396;236;396;253;DE734;Kassel, Landkreis;Hessen;2016-01-01;2017-12-31;267
250;C569R239;569;239;254;DE409;Märkisch-Oderland;Brandenburg;2016-01-01;2017-12-31;283
251;C270R75;270;75;255;DEF0B;Rendsburg-Eckernförde;Schleswig-Holstein;2016-01-01;2017-12-31;266
252;C352R339;352;339;256;DEE09;Harz;Sachsen-Anhalt;2016-01-01;2017-12-31;277
253;C105R648;105;648;257;DEB3K;Südwestpfalz;Rheinland-Pfalz;2016-01-01;2017-12-31;286
254;C532R196;532;196;258;DE40I;Uckermark;Brandenburg;2016-01-01;2017-12-31;252
255;C150R572;150;572;259;DEB3J;Mainz-Bingen;Rheinland-Pfalz;2016-01-01;2017-12-31;301
256;C616R449;616;449;260;DED2D;Görlitz;Sachsen;2016-01-01;2017-12-31;271
257;C152R608;152;608;261;DEB3D;Donnersbergkreis;Rheinland-Pfalz;2016-01-01;2017-12-31;293
258;C507R93;507;93;262;DE80N;Vorpommern-Greifswald;Mecklenburg-Vorpommern;2016-01-01;2017-12-31;276
259;C105R592;105;592;263;DEB15;Birkenfeld;Rheinland-Pfalz;2016-01-01;2017-12-31;278
260;C504R456;504;456;264;DED43;Mittelsachsen;Sachsen;2016-01-01;2017-12-31;255
261;C535R264;535;264;265;DE405;Barnim;Brandenburg;2016-01-01;2017-12-31;273
262;C378R140;378;140;266;DE80M;Nordwestmecklenburg;Mecklenburg-Vorpommern;2016-01-01;2017-12-31;265
263;C317R227;317;227;267;DE93A;Uelzen;Niedersachsen;2016-01-01;2017-12-31;287
264;C263R316;263;316;268;DE929;Region Hannover;Niedersachsen;2016-01-01;2017-12-31;268
265;C566R439;566;439;269;DED2F;Sächsische Schweiz-Osterzgebirge;Sachsen;2016-01-01;2017-12-31;276
266;C284R113;284;113;270;DEF04;Neumünster, Kreisfreie Stadt;Schleswig-Holstein;2016-01-01;2017-12-31;267
267;C154R509;154;509;271;DE723;Limburg-Weilburg;Hessen;2016-01-01;2017-12-31;280
268;C428R279;428;279;272;DEE06;Jerichower Land;Sachsen-Anhalt;2016-01-01;2017-12-31;268
269;C286R107;286;107;273;DEF0A;Plön;Schleswig-Holstein;2016-01-01;2017-12-31;264
270;C258R57;258;57;274;DEF0C;Schleswig-Flensburg;Schleswig-Holstein;2016-01-01;2017-12-31;281
271;C278R392;278;392;275;DE91C;Göttingen;Niedersachsen;2016-01-01;2017-12-31;258
272;C105R405;105;405;276;DEA56;Ennepe-Ruhr-Kreis;Nordrhein-Westfalen;2016-01-01;2017-12-31;280
273;C375R351;375;351;277;DEE09;Harz;Sachsen-Anhalt;2016-01-01;2017-12-31;268
274;C497R36;497;36;278;DE80L;Vorpommern-Rügen;Mecklenburg-Vorpommern;2016-01-01;2017-12-31;277
275;C296R348;296;348;279;DE916;Goslar;Niedersachsen;2016-01-01;2017-12-31;278
276;C363R495;363;495;281;DEG0T;Ilm-Kreis;Thüringen;2016-01-01;2017-12-31;287
277;C214R36;214;36;282;DEF07;Nordfriesland;Schleswig-Holstein;2016-01-01;2017-12-31;269
278;C279R39;279;39;283;DEF0C;Schleswig-Flensburg;Schleswig-Holstein;2016-01-01;2017-12-31;262
279;C252R265;252;265;284;DE927;Nienburg (Weser);Niedersachsen;2016-01-01;2017-12-31;270
280;C416R483;416;483;285;DEG0K;Saale-Orla-Kreis;Thüringen;2016-01-01;2017-12-31;270
281;C542R275;542;275;286;DE409;Märkisch-Oderland;Brandenburg;2016-01-01;2017-12-31;273
282;C258R132;258;132;287;DEF0E;Steinburg;Schleswig-Holstein;2016-01-01;2017-12-31;270
283;C505R438;505;438;288;DED43;Mittelsachsen;Sachsen;2016-01-01;2017-12-31;272
284;C294R73;294;73;289;DEF02;Kiel, Kreisfreie Stadt;Schleswig-Holstein;2016-01-01;2017-12-31;266
285;C283R360;283;360;290;DE918;Northeim;Niedersachsen;2016-01-01;2017-12-31;278
286;C228R137;228;137;291;DE939;Stade;Niedersachsen;2016-01-01;2017-12-31;281
287;C538R413;538;413;292;DED2E;Meißen;Sachsen;2016-01-01;2017-12-31;293
288;C498R414;498;414;293;DED53;Nordsachsen;Sachsen;2016-01-01;2017-12-31;273
289;C246R805;246;805;294;DE147;Bodenseekreis;Baden-Württemberg;2016-01-01;2017-12-31;284
290;C427R473;427;473;1750;DEG0L;Greiz;Thüringen;2017-01-01;2018-12-31;287
291;C465R740;465;740;1751;DE227;Landshut, Landkreis;Bayern;2017-01-01;2018-12-31;275
292;C381R725;381;725;1752;DE275;Aichach-Friedberg;Bayern;2017-01-01;2018-12-31;287
293;C302R573;302;573;1753;DE26C;Würzburg, Landkreis;Bayern;2017-01-01;2018-12-31;272
294;C536R432;536;432;1754;DED2E;Meißen;Sachsen;2017-01-01;2018-12-31;288
295;C279R613;279;613;1755;DE11B;Main-Tauber-Kreis;Baden-Württemberg;2017-01-01;2018-12-31;270
296;C296R135;296;135;1756;DEF0D;Segeberg;Schleswig-Holstein;2017-01-01;2018-12-31;269
297;C496R768;496;768;1757;DE21M;Traunstein;Bayern;2017-01-01;2018-12-31;279
298;C335R560;335;560;1758;DE267;Haßberge;Bayern;2017-01-01;2018-12-31;273
299;C204R800;204;800;1759;DE138;Konstanz;Baden-Württemberg;2017-01-01;2018-12-31;282
300;C563R177;563;177;1760;DE40I;Uckermark;Brandenburg;2017-01-01;2018-12-31;261
301;C466R754;466;754;1761;DE21G;Mühldorf a. Inn;Bayern;2017-01-01;2018-12-31;279
302;C386R330;386;330;1762;DEE07;Börde;Sachsen-Anhalt;2017-01-01;2018-12-31;283
303;C349R83;349;83;1763;DEF08;Ostholstein;Schleswig-Holstein;2017-01-01;2018-12-31;276
304;C430R277;430;277;1764;DEE06;Jerichower Land;Sachsen-Anhalt;2017-01-01;2018-12-31;272
305;C448R471;448;471;1765;DEG0L;Greiz;Thüringen;2017-01-01;2018-12-31;277
306;C405R239;405;239;1766;DEE0D;Stendal;Sachsen-Anhalt;2017-01-01;2018-12-31;268
307;C310R116;310;116;1767;DEF0D;Segeberg;Schleswig-Holstein;2017-01-01;2018-12-31;268
308;C198R314;198;314;1768;DEA43;Herford;Nordrhein-Westfalen;2017-01-01;2018-12-31;287
309;C483R78;483;78;1769;DE80L;Vorpommern-Rügen;Mecklenburg-Vorpommern;2017-01-01;2018-12-31;262
310;C267R385;267;385;1770;DE918;Northeim;Niedersachsen;2017-01-01;2018-12-31;273
311;C495R336;495;336;1771;DE40H;Teltow-Fläming;Brandenburg;2017-01-01;2018-12-31;273
312;C534R131;534;131;1772;DE80N;Vorpommern-Greifswald;Mecklenburg-Vorpommern;2017-01-01;2018-12-31;259
313;C375R457;375;457;1773;DEG0G;Weimarer Land;Thüringen;2017-01-01;2018-12-31;282
314;C101R351;101;351;1774;DEA35;Coesfeld;Nordrhein-Westfalen;2017-01-01;2018-12-31;286
315;C286R317;286;317;1775;DE925;Hildesheim;Niedersachsen;2017-01-01;2018-12-31;288
316;C418R245;418;245;1776;DEE0D;Stendal;Sachsen-Anhalt;2017-01-01;2018-12-31;288
317;C247R650;247;650;1777;DE118;Heilbronn, Landkreis;Baden-Württemberg;2017-01-01;2018-12-31;287
318;C230R356;230;356;1778;DEA44;Höxter;Nordrhein-Westfalen;2017-01-01;2018-12-31;299
319;C195R463;195;463;1779;DE724;Marburg-Biedenkopf;Hessen;2017-01-01;2018-12-31;284
320;C307R159;307;159;1780;DEF0F;Stormarn;Schleswig-Holstein;2017-01-01;2018-12-31;275
321;C419R483;419;483;1781;DEG0K;Saale-Orla-Kreis;Thüringen;2017-01-01;2018-12-31;287
322;C255R617;255;617;1782;DE127;Neckar-Odenwald-Kreis;Baden-Württemberg;2017-01-01;2018-12-31;275
323;C323R223;323;223;1783;DE93A;Uelzen;Niedersachsen;2017-01-01;2018-12-31;263
324;C346R454;346;454;1784;DEG0C;Gotha;Thüringen;2017-01-01;2018-12-31;269
325;C346R233;346;233;1785;DE934;Lüchow-Dannenberg;Niedersachsen;2017-01-01;2018-12-31;296
326;C202R640;202;640;1786;DE128;Rhein-Neckar-Kreis;Baden-Württemberg;2017-01-01;2018-12-31;286
327;C237R763;237;763;1787;DE149;Sigmaringen;Baden-Württemberg;2017-01-01;2018-12-31;278
328;C486R122;486;122;1788;DE80J;Mecklenburgische Seenplatte;Mecklenburg-Vorpommern;2017-01-01;2018-12-31;254
329;C584R392;584;392;1789;DED2C;Bautzen;Sachsen;2017-01-01;2018-12-31;284
330;C53R485;53;485;1790;DEA28;Euskirchen;Nordrhein-Westfalen;2017-01-01;2018-12-31;287
331;C520R714;520;714;1791;DE228;Passau, Landkreis;Bayern;2017-01-01;2018-12-31;285
332;C469R150;469;150;1792;DE80J;Mecklenburgische Seenplatte;Mecklenburg-Vorpommern;2017-01-01;2018-12-31;254
333;C545R189;545;189;1793;DE40I;Uckermark;Brandenburg;2017-01-01;2018-12-31;261
334;C289R300;289;300;1794;DE929;Region Hannover;Niedersachsen;2017-01-01;2018-12-31;288
335;C313R550;313;550;1795;DE26B;Schweinfurt, Landkreis;Bayern;2017-01-01;2018-12-31;268
336;C271R195;271;195;1796;DE933;Harburg;Niedersachsen;2017-01-01;2018-12-31;291
337;C266R275;266;275;1797;DE929;Region Hannover;Niedersachsen;2017-01-01;2018-12-31;313
338;C469R672;469;672;1798;DE238;Regensburg, Landkreis;Bayern;2017-01-01;2018-12-31;280
339;C422R690;422;690;1799;DE226;Kelheim;Bayern;2017-01-01;2018-12-31;285
340;C414R304;414;304;1800;DEE06;Jerichower Land;Sachsen-Anhalt;2017-01-01;2018-12-31;282
341;C407R342;407;342;1801;DEE0C;Salzlandkreis;Sachsen-Anhalt;2017-01-01;2018-12-31;261
342;C169R367;169;367;1802;DEA38;Warendorf;Nordrhein-Westfalen;2017-01-01;2018-12-31;266
343;C110R549;110;549;1803;DEB1D;Rhein-Hunsrück-Kreis;Rheinland-Pfalz;2017-01-01;2018-12-31;280
344;C555R238;555;238;1804;DE409;Märkisch-Oderland;Brandenburg;2017-01-01;2018-12-31;277
345;C438R715;438;715;1805;DE227;Landshut, Landkreis;Bayern;2017-01-01;2018-12-31;282
346;C391R372;391;372;1806;DEE0A;Mansfeld-Südharz;Sachsen-Anhalt;2017-01-01;2018-12-31;266
347;C211R730;211;730;1807;DE142;Tübingen, Landkreis;Baden-Württemberg;2017-01-01;2018-12-31;272
348;C261R773;261;773;1808;DE146;Biberach;Baden-Württemberg;2017-01-01;2018-12-31;286
349;C415R690;415;690;1809;DE219;Eichstätt;Bayern;2017-01-01;2018-12-31;285
350;C356R326;356;326;1810;DEE07;Börde;Sachsen-Anhalt;2017-01-01;2018-12-31;265
351;C141R231;141;231;1811;DE948;Cloppenburg;Niedersachsen;2017-01-01;2018-12-31;289
352;C103R536;103;536;1812;DEB17;Mayen-Koblenz;Rheinland-Pfalz;2017-01-01;2018-12-31;286
353;C462R778;462;778;1813;DE21K;Rosenheim, Landkreis;Bayern;2017-01-01;2018-12-31;287
354;C351R425;351;425;1814;DEG0A;Kyffhäuserkreis;Thüringen;2017-01-01;2018-12-31;268
355;C440R124;440;124;1815;DE80K;Landkreis Rostock;Mecklenburg-Vorpommern;2017-01-01;2018-12-31;254
356;C525R177;525;177;1816;DE40I;Uckermark;Brandenburg;2017-01-01;2018-12-31;255
357;C396R394;396;394;1817;DEE0A;Mansfeld-Südharz;Sachsen-Anhalt;2017-01-01;2018-12-31;262
358;C264R464;264;464;1818;DE733;Hersfeld-Rotenburg;Hessen;2017-01-01;2018-12-31;268
359;C229R455;229;455;1819;DE735;Schwalm-Eder-Kreis;Hessen;2017-01-01;2018-12-31;272
360;C446R420;446;420;1820;DED52;Leipzig;Sachsen;2017-01-01;2018-12-31;263
361;C393R775;393;775;1821;DE21L;Starnberg;Bayern;2017-01-01;2018-12-31;286
362;C163R511;163;511;1822;DE723;Limburg-Weilburg;Hessen;2017-01-01;2018-12-31;280
363;C176R753;176;753;1823;DE135;Rottweil;Baden-Württemberg;2017-01-01;2018-12-31;273
364;C412R154;412;154;1824;DE80O;Ludwigslust-Parchim;Mecklenburg-Vorpommern;2017-01-01;2018-12-31;272
365;C241R526;241;526;1825;DE719;Main-Kinzig-Kreis;Hessen;2017-01-01;2018-12-31;286
366;C213R120;213;120;1826;DEF05;Dithmarschen;Schleswig-Holstein;2017-01-01;2018-12-31;270
367;C408R237;408;237;1827;DEE0D;Stendal;Sachsen-Anhalt;2017-01-01;2018-12-31;268
368;C320R184;320;184;1828;DEF06;Herzogtum Lauenburg;Schleswig-Holstein;2017-01-01;2018-12-31;272
369;C94R654;94;654;1829;DEC05;Saarpfalz-Kreis;Saarland;2017-01-01;2018-12-31;275
370;C477R247;477;247;1830;DE40D;Ostprignitz-Ruppin;Brandenburg;2017-01-01;2018-12-31;289
371;C354R751;354;751;1831;DE276;Augsburg, Landkreis;Bayern;2017-01-01;2018-12-31;286
372;C319R151;319;151;1832;DEF06;Herzogtum Lauenburg;Schleswig-Holstein;2017-01-01;2018-12-31;275
373;C355R315;355;315;1833;DE917;Helmstedt;Niedersachsen;2017-01-01;2018-12-31;274
374;C35R607;35;607;1834;DEB25;Trier-Saarburg;Rheinland-Pfalz;2017-01-01;2018-12-31;286
375;C509R132;509;132;1835;DE80N;Vorpommern-Greifswald;Mecklenburg-Vorpommern;2017-01-01;2018-12-31;270
376;C284R359;284;359;1836;DE918;Northeim;Niedersachsen;2017-01-01;2018-12-31;290
377;C386R364;386;364;1837;DEE0C;Salzlandkreis;Sachsen-Anhalt;2017-01-01;2018-12-31;266
378;C231R292;231;292;1838;DE927;Nienburg (Weser);Niedersachsen;2017-01-01;2018-12-31;287
379;C158R564;158;564;1839;DEB35;Mainz, Kreisfreie Stadt;Rheinland-Pfalz;2017-01-01;2018-12-31;293
380;C260R774;260;774;1840;DE146;Biberach;Baden-Württemberg;2017-01-01;2018-12-31;286
381;C331R521;331;521;1841;DEG0E;Hildburghausen;Thüringen;2017-01-01;2018-12-31;283
382;C365R697;365;697;1842;DE21I;Neuburg-Schrobenhausen;Bayern;2017-01-01;2018-12-31;287
383;C285R602;285;602;1843;DE26C;Würzburg, Landkreis;Bayern;2017-01-01;2018-12-31;285
384;C468R569;468;569;1844;DE23A;Tirschenreuth;Bayern;2017-01-01;2018-12-31;282
385;C392R630;392;630;1845;DE259;Nürnberger Land;Bayern;2017-01-01;2018-12-31;289
386;C555R171;555;171;1846;DE40I;Uckermark;Brandenburg;2017-01-01;2018-12-31;274
387;C538R251;538;251;1847;DE405;Barnim;Brandenburg;2017-01-01;2018-12-31;277
388;C166R280;166;280;1848;DE94F;Vechta;Niedersachsen;2017-01-01;2018-12-31;298
389;C252R338;252;338;1849;DE923;Hameln-Pyrmont;Niedersachsen;2017-01-01;2018-12-31;273
390;C241R412;241;412;1850;DE734;Kassel, Landkreis;Hessen;2017-01-01;2018-12-31;272
391;C253R135;253;135;1851;DEF0E;Steinburg;Schleswig-Holstein;2017-01-01;2018-12-31;274
392;C465R394;465;394;1852;DED53;Nordsachsen;Sachsen;2017-01-01;2018-12-31;257
393;C348R339;348;339;1853;DEE09;Harz;Sachsen-Anhalt;2017-01-01;2018-12-31;256
394;C303R151;303;151;1854;DEF0F;Stormarn;Schleswig-Holstein;2017-01-01;2018-12-31;259
395;C132R244;132;244;1855;DE949;Emsland;Niedersachsen;2017-01-01;2018-12-31;289
396;C304R622;304;622;1856;DE256;Ansbach, Landkreis;Bayern;2017-01-01;2018-12-31;274
397;C516R428;516;428;1857;DED43;Mittelsachsen;Sachsen;2017-01-01;2018-12-31;261
398;C327R338;327;338;1858;DE91B;Wolfenbüttel;Niedersachsen;2017-01-01;2018-12-31;256
399;C123R494;123;494;1859;DEB18;Neuwied;Rheinland-Pfalz;2017-01-01;2018-12-31;293
400;C428R112;428;112;1860;DE80K;Landkreis Rostock;Mecklenburg-Vorpommern;2017-01-01;2018-12-31;272
401;C362R333;362;333;1861;DEE07;Börde;Sachsen-Anhalt;2017-01-01;2018-12-31;265
402;C138R304;138;304;1862;DEA37;Steinfurt;Nordrhein-Westfalen;2017-01-01;2018-12-31;274
403;C488R700;488;700;1863;DE22C;Dingolfing-Landau;Bayern;2017-01-01;2018-12-31;289
404;C503R779;503;779;1864;DE21M;Traunstein;Bayern;2017-01-01;2018-12-31;279
405;C291R619;291;619;1865;DE26C;Würzburg, Landkreis;Bayern;2017-01-01;2018-12-31;285
406;C431R102;431;102;1866;DE80K;Landkreis Rostock;Mecklenburg-Vorpommern;2017-01-01;2018-12-31;290
407;C299R201;299;201;1867;DE933;Harburg;Niedersachsen;2017-01-01;2018-12-31;291
408;C283R318;283;318;1869;DE925;Hildesheim;Niedersachsen;2017-01-01;2018-12-31;288
409;C220R230;220;230;1870;DE93B;Verden;Niedersachsen;2017-01-01;2018-12-31;288
410;C177R604;177;604;1871;DE715;Bergstraße;Hessen;2017-01-01;2018-12-31;285
411;C410R493;410;493;1872;DEG0K;Saale-Orla-Kreis;Thüringen;2017-01-01;2018-12-31;287
412;C287R479;287;479;1873;DEG0R;Wartburgkreis;Thüringen;2017-01-01;2018-12-31;289
413;C227R797;227;797;1874;DE138;Konstanz;Baden-Württemberg;2017-01-01;2018-12-31;285
414;C530R476;530;476;1875;DED43;Mittelsachsen;Sachsen;2017-01-01;2018-12-31;290
415;C490R85;490;85;1876;DE80L;Vorpommern-Rügen;Mecklenburg-Vorpommern;2017-01-01;2018-12-31;262
416;C438R384;438;384;1877;DEE0B;Saalekreis;Sachsen-Anhalt;2017-01-01;2018-12-31;288
417;C414R147;414;147;1878;DE80O;Ludwigslust-Parchim;Mecklenburg-Vorpommern;2017-01-01;2018-12-31;272
418;C482R779;482;779;1879;DE21M;Traunstein;Bayern;2017-01-01;2018-12-31;279
419;C318R629;318;629;1880;DE256;Ansbach, Landkreis;Bayern;2017-01-01;2018-12-31;288
420;C499R338;499;338;1881;DE40H;Teltow-Fläming;Brandenburg;2017-01-01;2018-12-31;273
421;C37R571;37;571;1882;DEB23;Eifelkreis Bitburg-Prüm;Rheinland-Pfalz;2017-01-01;2018-12-31;284
422;C345R224;345;224;1883;DE934;Lüchow-Dannenberg;Niedersachsen;2017-01-01;2018-12-31;296
423;C408R315;408;315;1884;DEE06;Jerichower Land;Sachsen-Anhalt;2017-01-01;2018-12-31;285
424;C344R759;344;759;1885;DE276;Augsburg, Landkreis;Bayern;2017-01-01;2018-12-31;287
425;C420R346;420;346;1886;DEE0C;Salzlandkreis;Sachsen-Anhalt;2017-01-01;2018-12-31;261
426;C350R526;350;526;1887;DE247;Coburg, Landkreis;Bayern;2017-01-01;2018-12-31;273
427;C401R264;401;264;1888;DEE0D;Stendal;Sachsen-Anhalt;2017-01-01;2018-12-31;288
428;C170R370;170;370;1889;DEA38;Warendorf;Nordrhein-Westfalen;2017-01-01;2018-12-31;266
429;C529R473;529;473;1890;DED43;Mittelsachsen;Sachsen;2017-01-01;2018-12-31;290
430;C360R253;360;253;1891;DEE04;Altmarkkreis Salzwedel;Sachsen-Anhalt;2017-01-01;2018-12-31;277
431;C140R208;140;208;1892;DE946;Ammerland;Niedersachsen;2017-01-01;2018-12-31;289
432;C200R520;200;520;1893;DE71E;Wetteraukreis;Hessen;2017-01-01;2018-12-31;279
433;C116R329;116;329;1894;DEA37;Steinfurt;Nordrhein-Westfalen;2017-01-01;2018-12-31;286
434;C255R51;255;51;1895;DEF0C;Schleswig-Flensburg;Schleswig-Holstein;2017-01-01;2018-12-31;270
435;C85R379;85;379;1896;DEA36;Recklinghausen;Nordrhein-Westfalen;2017-01-01;2018-12-31;287
436;C453R235;453;235;1897;DE40D;Ostprignitz-Ruppin;Brandenburg;2017-01-01;2018-12-31;293
437;C442R718;442;718;1898;DE227;Landshut, Landkreis;Bayern;2017-01-01;2018-12-31;282
438;C344R310;344;310;1899;DE917;Helmstedt;Niedersachsen;2017-01-01;2018-12-31;295
439;C309R338;309;338;1900;DE916;Goslar;Niedersachsen;2017-01-01;2018-12-31;292
440;C478R479;478;479;1901;DED45;Zwickau;Sachsen;2017-01-01;2018-12-31;260
441;C421R685;421;685;1902;DE226;Kelheim;Bayern;2017-01-01;2018-12-31;277
442;C293R448;293;448;1903;DE737;Werra-Meißner-Kreis;Hessen;2017-01-01;2018-12-31;259
443;C514R149;514;149;1904;DE80J;Mecklenburgische Seenplatte;Mecklenburg-Vorpommern;2017-01-01;2018-12-31;255
444;C561R251;561;251;1905;DE409;Märkisch-Oderland;Brandenburg;2017-01-01;2018-12-31;277
445;C252R774;252;774;1906;DE146;Biberach;Baden-Württemberg;2017-01-01;2018-12-31;286
446;C339R695;339;695;1907;DE27D;Donau-Ries;Bayern;2017-01-01;2018-12-31;271
447;C106R345;106;345;1908;DEA35;Coesfeld;Nordrhein-Westfalen;2017-01-01;2018-12-31;286
448;C436R289;436;289;1909;DEE06;Jerichower Land;Sachsen-Anhalt;2017-01-01;2018-12-31;272
449;C138R386;138;386;1910;DEA5B;Soest;Nordrhein-Westfalen;2017-01-01;2018-12-31;289
450;C489R155;489;155;1911;DE80J;Mecklenburgische Seenplatte;Mecklenburg-Vorpommern;2017-01-01;2018-12-31;270
451;C315R494;315;494;1912;DEG0Q;Schmalkalden-Meiningen;Thüringen;2017-01-01;2018-12-31;265
452;C249R105;249;105;1913;DEF0B;Rendsburg-Eckernförde;Schleswig-Holstein;2017-01-01;2018-12-31;251
453;C225R643;225;643;1914;DE118;Heilbronn, Landkreis;Baden-Württemberg;2017-01-01;2018-12-31;288
454;C334R689;334;689;1915;DE27D;Donau-Ries;Bayern;2017-01-01;2018-12-31;271
455;C187R653;187;653;1916;DE123;Karlsruhe, Landkreis;Baden-Württemberg;2017-01-01;2018-12-31;289
456;C471R238;471;238;1917;DE40D;Ostprignitz-Ruppin;Brandenburg;2017-01-01;2018-12-31;293
457;C562R173;562;173;1918;DE40I;Uckermark;Brandenburg;2017-01-01;2018-12-31;261
458;C229R241;229;241;1919;DE927;Nienburg (Weser);Niedersachsen;2017-01-01;2018-12-31;288
459;C475R688;475;688;1920;DE22B;Straubing-Bogen;Bayern;2017-01-01;2018-12-31;289
460;C408R345;408;345;1921;DEE0C;Salzlandkreis;Sachsen-Anhalt;2017-01-01;2018-12-31;261
461;C421R404;421;404;1922;DEE0B;Saalekreis;Sachsen-Anhalt;2017-01-01;2018-12-31;286
462;C553R175;553;175;1923;DE40I;Uckermark;Brandenburg;2017-01-01;2018-12-31;261
463;C490R707;490;707;1924;DE22C;Dingolfing-Landau;Bayern;2017-01-01;2018-12-31;289
464;C478R402;478;402;1925;DED52;Leipzig;Sachsen;2017-01-01;2018-12-31;278
465;C411R332;411;332;1926;DEE0C;Salzlandkreis;Sachsen-Anhalt;2017-01-01;2018-12-31;261
466;C534R434;534;434;1927;DED2E;Meißen;Sachsen;2017-01-01;2018-12-31;288
467;C536R363;536;363;1928;DE407;Elbe-Elster;Brandenburg;2017-01-01;2018-12-31;265
468;C496R95;496;95;1929;DE80L;Vorpommern-Rügen;Mecklenburg-Vorpommern;2017-01-01;2018-12-31;268
469;C35R384;35;384;1930;DEA1B;Kleve;Nordrhein-Westfalen;2017-01-01;2018-12-31;291
470;C402R408;402;408;1931;DEE0B;Saalekreis;Sachsen-Anhalt;2017-01-01;2018-12-31;291
471;C416R325;416;325;1932;DEE06;Jerichower Land;Sachsen-Anhalt;2017-01-01;2018-12-31;285
472;C292R481;292;481;1933;DEG0R;Wartburgkreis;Thüringen;2017-01-01;2018-12-31;289
473;C325R458;325;458;1934;DEG0C;Gotha;Thüringen;2017-01-01;2018-12-31;269
474;C489R449;489;449;1935;DED43;Mittelsachsen;Sachsen;2017-01-01;2018-12-31;286
475;C317R674;317;674;1936;DE11D;Ostalbkreis;Baden-Württemberg;2017-01-01;2018-12-31;283
476;C22R364;22;364;1937;DEA1B;Kleve;Nordrhein-Westfalen;2017-01-01;2018-12-31;295
477;C310R152;310;152;1938;DEF0F;Stormarn;Schleswig-Holstein;2017-01-01;2018-12-31;275
478;C336R310;336;310;1939;DE91B;Wolfenbüttel;Niedersachsen;2017-01-01;2018-12-31;295
479;C191R313;191;313;1940;DEA43;Herford;Nordrhein-Westfalen;2017-01-01;2018-12-31;287
480;C247R648;247;648;1941;DE118;Heilbronn, Landkreis;Baden-Württemberg;2017-01-01;2018-12-31;287
481;C356R319;356;319;1942;DE917;Helmstedt;Niedersachsen;2017-01-01;2018-12-31;274
482;C291R362;291;362;1943;DE918;Northeim;Niedersachsen;2017-01-01;2018-12-31;271
483;C494R130;494;130;1944;DE80J;Mecklenburgische Seenplatte;Mecklenburg-Vorpommern;2017-01-01;2018-12-31;270
484;C512R258;512;258;1945;DE40A;Oberhavel;Brandenburg;2017-01-01;2018-12-31;289
485;C498R686;498;686;1946;DE22B;Straubing-Bogen;Bayern;2017-01-01;2018-12-31;285
486;C351R328;351;328;1947;DE917;Helmstedt;Niedersachsen;2017-01-01;2018-12-31;265
487;C461R736;461;736;1948;DE227;Landshut, Landkreis;Bayern;2017-01-01;2018-12-31;275
488;C431R501;431;501;1949;DED44;Vogtlandkreis;Sachsen;2017-01-01;2018-12-31;283
489;C392R767;392;767;1950;DE21C;Fürstenfeldbruck;Bayern;2017-01-01;2018-12-31;286
490;C487R452;487;452;1951;DED43;Mittelsachsen;Sachsen;2017-01-01;2018-12-31;286
491;C391R369;391;369;1952;DEE0C;Salzlandkreis;Sachsen-Anhalt;2017-01-01;2018-12-31;266
492;C437R422;437;422;1953;DEE08;Burgenlandkreis;Sachsen-Anhalt;2017-01-01;2018-12-31;263
493;C454R130;454;130;1954;DE80K;Landkreis Rostock;Mecklenburg-Vorpommern;2017-01-01;2018-12-31;254
494;C503R93;503;93;1955;DE80N;Vorpommern-Greifswald;Mecklenburg-Vorpommern;2017-01-01;2018-12-31;268
495;C251R296;251;296;1956;DE929;Region Hannover;Niedersachsen;2017-01-01;2018-12-31;290
496;C561R423;561;423;1957;DED2C;Bautzen;Sachsen;2017-01-01;2018-12-31;288
497;C306R74;306;74;1958;DEF0A;Plön;Schleswig-Holstein;2017-01-01;2018-12-31;269
498;C167R228;167;228;1959;DE94D;Oldenburg, Landkreis;Niedersachsen;2017-01-01;2018-12-31;291
499;C449R753;449;753;1960;DE21A;Erding;Bayern;2017-01-01;2018-12-31;281
500;C372R144;372;144;1961;DE80M;Nordwestmecklenburg;Mecklenburg-Vorpommern;2017-01-01;2018-12-31;262
501;C197R334;197;334;1962;DEA45;Lippe;Nordrhein-Westfalen;2017-01-01;2018-12-31;287
502;C175R380;175;380;1963;DEA5B;Soest;Nordrhein-Westfalen;2017-01-01;2018-12-31;284
503;C403R323;403;323;1964;DEE03;Magdeburg, Kreisfreie Stadt;Sachsen-Anhalt;2017-01-01;2018-12-31;285
504;C494R143;494;143;1965;DE80J;Mecklenburgische Seenplatte;Mecklenburg-Vorpommern;2017-01-01;2018-12-31;270
505;C193R378;193;378;1966;DEA47;Paderborn;Nordrhein-Westfalen;2017-01-01;2018-12-31;284
506;C531R438;531;438;1967;DED2F;Sächsische Schweiz-Osterzgebirge;Sachsen;2017-01-01;2018-12-31;282
507;C259R147;259;147;1968;DEF09;Pinneberg;Schleswig-Holstein;2017-01-01;2018-12-31;270
508;C400R728;400;728;1969;DE21J;Pfaffenhofen a. d. Ilm;Bayern;2017-01-01;2018-12-31;292
509;C500R87;500;87;1970;DE80L;Vorpommern-Rügen;Mecklenburg-Vorpommern;2017-01-01;2018-12-31;268
510;C381R274;381;274;1971;DEE04;Altmarkkreis Salzwedel;Sachsen-Anhalt;2017-01-01;2018-12-31;299
511;C179R803;179;803;1972;DE13A;Waldshut;Baden-Württemberg;2017-01-01;2018-12-31;271
512;C311R131;311;131;1973;DEF0D;Segeberg;Schleswig-Holstein;2017-01-01;2018-12-31;273
513;C422R141;422;141;1974;DE80K;Landkreis Rostock;Mecklenburg-Vorpommern;2017-01-01;2018-12-31;272
514;C459R388;459;388;1975;DED53;Nordsachsen;Sachsen;2017-01-01;2018-12-31;257
515;C347R76;347;76;1976;DEF08;Ostholstein;Schleswig-Holstein;2017-01-01;2018-12-31;268
516;C249R487;249;487;1977;DE725;Vogelsbergkreis;Hessen;2017-01-01;2018-12-31;278
517;C302R582;302;582;1979;DE268;Kitzingen;Bayern;2017-01-01;2018-12-31;272
518;C346R90;346;90;1980;DEF08;Ostholstein;Schleswig-Holstein;2017-01-01;2018-12-31;268
519;C243R448;243;448;1981;DE735;Schwalm-Eder-Kreis;Hessen;2017-01-01;2018-12-31;281
520;C482R390;482;390;1982;DED53;Nordsachsen;Sachsen;2017-01-01;2018-12-31;257
521;C512R741;512;741;1983;DE22A;Rottal-Inn;Bayern;2017-01-01;2018-12-31;285
522;C606R355;606;355;1984;DE40G;Spree-Neiße;Brandenburg;2017-01-01;2018-12-31;282
523;C111R527;111;527;1985;DEB17;Mayen-Koblenz;Rheinland-Pfalz;2017-01-01;2018-12-31;286
524;C343R620;343;620;1986;DE258;Fürth, Landkreis;Bayern;2017-01-01;2018-12-31;292
525;C109R547;109;547;1987;DEB1D;Rhein-Hunsrück-Kreis;Rheinland-Pfalz;2017-01-01;2018-12-31;277
526;C406R692;406;692;1988;DE219;Eichstätt;Bayern;2017-01-01;2018-12-31;285
527;C285R233;285;233;1989;DE938;Heidekreis;Niedersachsen;2017-01-01;2018-12-31;287
528;C510R748;510;748;1990;DE22A;Rottal-Inn;Bayern;2017-01-01;2018-12-31;285
529;C302R682;302;682;1991;DE11D;Ostalbkreis;Baden-Württemberg;2017-01-01;2018-12-31;295
530;C234R801;234;801;1992;DE149;Sigmaringen;Baden-Württemberg;2017-01-01;2018-12-31;278
531;C216R453;216;453;1993;DE736;Waldeck-Frankenberg;Hessen;2017-01-01;2018-12-31;272
532;C200R430;200;430;1994;DEA57;Hochsauerlandkreis;Nordrhein-Westfalen;2017-01-01;2018-12-31;291
533;C295R688;295;688;1995;DE11D;Ostalbkreis;Baden-Württemberg;2017-01-01;2018-12-31;295
534;C522R429;522;429;1996;DED2E;Meißen;Sachsen;2017-01-01;2018-12-31;282
535;C332R453;332;453;1997;DEG0C;Gotha;Thüringen;2017-01-01;2018-12-31;269
536;C384R428;384;428;1998;DEG0D;Sömmerda;Thüringen;2017-01-01;2018-12-31;261
537;C592R275;592;275;1999;DE409;Märkisch-Oderland;Brandenburg;2017-01-01;2018-12-31;266
538;C548R166;548;166;2000;DE80N;Vorpommern-Greifswald;Mecklenburg-Vorpommern;2017-01-01;2018-12-31;274
539;C312R341;312;341;2001;DE916;Goslar;Niedersachsen;2017-01-01;2018-12-31;292
540;C254R321;254;321;2002;DE929;Region Hannover;Niedersachsen;2017-01-01;2018-12-31;292
541;C181R388;181;388;2003;DEA5B;Soest;Nordrhein-Westfalen;2017-01-01;2018-12-31;284
542;C365R168;365;168;2004;DE80O;Ludwigslust-Parchim;Mecklenburg-Vorpommern;2017-01-01;2018-12-31;275
543;C415R95;415;95;2005;DE80K;Landkreis Rostock;Mecklenburg-Vorpommern;2017-01-01;2018-12-31;271
544;C268R286;268;286;2006;DE929;Region Hannover;Niedersachsen;2017-01-01;2018-12-31;313
545;C36R563;36;563;2007;DEB23;Eifelkreis Bitburg-Prüm;Rheinland-Pfalz;2017-01-01;2018-12-31;284
546;C406R451;406;451;2008;DEG0J;Saale-Holzland-Kreis;Thüringen;2017-01-01;2018-12-31;265
547;C80R585;80;585;2009;DEB22;Bernkastel-Wittlich;Rheinland-Pfalz;2017-01-01;2018-12-31;272
548;C480R454;480;454;2010;DED43;Mittelsachsen;Sachsen;2017-01-01;2018-12-31;286
549;C287R546;287;546;2011;DE265;Bad Kissingen;Bayern;2017-01-01;2018-12-31;304
550;C299R636;299;636;2012;DE11A;Schwäbisch Hall;Baden-Württemberg;2017-01-01;2018-12-31;274
551;C629R445;629;445;2013;DED2D;Görlitz;Sachsen;2017-01-01;2018-12-31;277
552;C317R80;317;80;2014;DEF0A;Plön;Schleswig-Holstein;2017-01-01;2018-12-31;298
553;C505R147;505;147;2015;DE80J;Mecklenburgische Seenplatte;Mecklenburg-Vorpommern;2017-01-01;2018-12-31;270
554;C435R751;435;751;2016;DE21A;Erding;Bayern;2017-01-01;2018-12-31;281
555;C102R412;102;412;2017;DEA56;Ennepe-Ruhr-Kreis;Nordrhein-Westfalen;2017-01-01;2018-12-31;287
556;C530R97;530;97;2018;DE80N;Vorpommern-Greifswald;Mecklenburg-Vorpommern;2017-01-01;2018-12-31;261
557;C223R277;223;277;2019;DE927;Nienburg (Weser);Niedersachsen;2017-01-01;2018-12-31;287
558;C456R80;456;80;2020;DE80L;Vorpommern-Rügen;Mecklenburg-Vorpommern;2017-01-01;2018-12-31;287
559;C527R129;527;129;2021;DE80N;Vorpommern-Greifswald;Mecklenburg-Vorpommern;2017-01-01;2018-12-31;259
560;C319R435;319;435;2022;DEG09;Unstrut-Hainich-Kreis;Thüringen;2017-01-01;2018-12-31;273
561;C303R451;303;451;2023;DEG0R;Wartburgkreis;Thüringen;2017-01-01;2018-12-31;259
562;C361R417;361;417;2024;DEG0A;Kyffhäuserkreis;Thüringen;2017-01-01;2018-12-31;263
563;C330R420;330;420;2025;DEG09;Unstrut-Hainich-Kreis;Thüringen;2017-01-01;2018-12-31;268
564;C253R304;253;304;2026;DE929;Region Hannover;Niedersachsen;2017-01-01;2018-12-31;292
565;C457R481;457;481;2027;DED45;Zwickau;Sachsen;2017-01-01;2018-12-31;287
566;C158R602;158;602;2028;DEB3D;Donnersbergkreis;Rheinland-Pfalz;2017-01-01;2018-12-31;282
567;C333R345;333;345;2029;DEE09;Harz;Sachsen-Anhalt;2017-01-01;2018-12-31;256
568;C490R87;490;87;2030;DE80L;Vorpommern-Rügen;Mecklenburg-Vorpommern;2017-01-01;2018-12-31;268
569;C506R415;506;415;2031;DED53;Nordsachsen;Sachsen;2017-01-01;2018-12-31;266
570;C505R748;505;748;2032;DE214;Altötting;Bayern;2017-01-01;2018-12-31;285
571;C296R692;296;692;2033;DE11D;Ostalbkreis;Baden-Württemberg;2017-01-01;2018-12-31;295
572;C333R107;333;107;2034;DEF08;Ostholstein;Schleswig-Holstein;2017-01-01;2018-12-31;270
573;C530R417;530;417;2035;DED2E;Meißen;Sachsen;2017-01-01;2018-12-31;278
574;C452R120;452;120;2036;DE80K;Landkreis Rostock;Mecklenburg-Vorpommern;2017-01-01;2018-12-31;254
575;C407R400;407;400;2037;DEE0A;Mansfeld-Südharz;Sachsen-Anhalt;2017-01-01;2018-12-31;262
576;C501R776;501;776;2038;DE21M;Traunstein;Bayern;2017-01-01;2018-12-31;279
577;C154R526;154;526;3486;DEB1A;Rhein-Lahn-Kreis;Rheinland-Pfalz;2018-01-01;2019-12-31;283
578;C424R656;424;656;3487;DE238;Regensburg, Landkreis;Bayern;2018-01-01;2019-12-31;275
579;C238R625;238;625;3488;DE127;Neckar-Odenwald-Kreis;Baden-Württemberg;2018-01-01;2019-12-31;267
580;C409R384;409;384;3489;DEE0B;Saalekreis;Sachsen-Anhalt;2018-01-01;2019-12-31;281
581;C457R554;457;554;3490;DE23A;Tirschenreuth;Bayern;2018-01-01;2019-12-31;268
582;C335R539;335;539;3491;DE267;Haßberge;Bayern;2018-01-01;2019-12-31;269
583;C491R103;491;103;3492;DE80L;Vorpommern-Rügen;Mecklenburg-Vorpommern;2018-01-01;2019-12-31;264
584;C64R591;64;591;3493;DEB25;Trier-Saarburg;Rheinland-Pfalz;2018-01-01;2019-12-31;279
585;C556R201;556;201;3494;DE40I;Uckermark;Brandenburg;2018-01-01;2019-12-31;244
586;C370R768;370;768;3495;DE21E;Landsberg am Lech;Bayern;2018-01-01;2019-12-31;289
587;C444R713;444;713;3496;DE227;Landshut, Landkreis;Bayern;2018-01-01;2019-12-31;283
588;C293R311;293;311;3497;DE91A;Peine;Niedersachsen;2018-01-01;2019-12-31;290
589;C263R498;263;498;3498;DE732;Fulda;Hessen;2018-01-01;2019-12-31;274
590;C313R73;313;73;3499;DEF0A;Plön;Schleswig-Holstein;2018-01-01;2019-12-31;270
591;C295R277;295;277;3500;DE931;Celle;Niedersachsen;2018-01-01;2019-12-31;265
592;C459R188;459;188;3501;DE80J;Mecklenburgische Seenplatte;Mecklenburg-Vorpommern;2018-01-01;2019-12-31;277
593;C406R203;406;203;3502;DE40F;Prignitz;Brandenburg;2018-01-01;2019-12-31;260
594;C356R67;356;67;3503;DEF08;Ostholstein;Schleswig-Holstein;2018-01-01;2019-12-31;270
595;C198R336;198;336;3504;DEA45;Lippe;Nordrhein-Westfalen;2018-01-01;2019-12-31;292
596;C324R119;324;119;3505;DEF08;Ostholstein;Schleswig-Holstein;2018-01-01;2019-12-31;268
597;C472R352;472;352;3506;DEE0E;Wittenberg;Sachsen-Anhalt;2018-01-01;2019-12-31;275
598;C166R320;166;320;3507;DE94E;Osnabrück, Landkreis;Niedersachsen;2018-01-01;2019-12-31;288
599;C271R628;271;628;3509;DE11B;Main-Tauber-Kreis;Baden-Württemberg;2018-01-01;2019-12-31;290
600;C206R40;206;40;3510;DEF07;Nordfriesland;Schleswig-Holstein;2018-01-01;2019-12-31;271
601;C314R347;314;347;3511;DE916;Goslar;Niedersachsen;2018-01-01;2019-12-31;283
602;C577R244;577;244;3513;DE409;Märkisch-Oderland;Brandenburg;2018-01-01;2019-12-31;281
603;C545R189;545;189;3514;DE40I;Uckermark;Brandenburg;2018-01-01;2019-12-31;248
604;C316R578;316;578;3515;DE268;Kitzingen;Bayern;2018-01-01;2019-12-31;283
605;C243R392;243;392;3516;DE734;Kassel, Landkreis;Hessen;2018-01-01;2019-12-31;278
606;C209R530;209;530;3517;DE71E;Wetteraukreis;Hessen;2018-01-01;2019-12-31;278
607;C407R235;407;235;3518;DEE0D;Stendal;Sachsen-Anhalt;2018-01-01;2019-12-31;256
608;C156R562;156;562;3519;DEB3J;Mainz-Bingen;Rheinland-Pfalz;2018-01-01;2019-12-31;293
609;C536R160;536;160;3520;DE40I;Uckermark;Brandenburg;2018-01-01;2019-12-31;254
610;C259R34;259;34;3521;DEF0C;Schleswig-Flensburg;Schleswig-Holstein;2018-01-01;2019-12-31;250
611;C495R148;495;148;3522;DE80J;Mecklenburgische Seenplatte;Mecklenburg-Vorpommern;2018-01-01;2019-12-31;253
612;C282R755;282;755;3523;DE145;Alb-Donau-Kreis;Baden-Württemberg;2018-01-01;2019-12-31;275
613;C266R32;266;32;3524;DEF0C;Schleswig-Flensburg;Schleswig-Holstein;2018-01-01;2019-12-31;250
614;C337R449;337;449;3525;DEG0C;Gotha;Thüringen;2018-01-01;2019-12-31;254
615;C317R115;317;115;3526;DEF08;Ostholstein;Schleswig-Holstein;2018-01-01;2019-12-31;270
616;C391R351;391;351;3527;DEE0C;Salzlandkreis;Sachsen-Anhalt;2018-01-01;2019-12-31;264
617;C464R684;464;684;3528;DE238;Regensburg, Landkreis;Bayern;2018-01-01;2019-12-31;292
618;C183R238;183;238;3529;DE94D;Oldenburg, Landkreis;Niedersachsen;2018-01-01;2019-12-31;284
619;C225R456;225;456;3531;DE735;Schwalm-Eder-Kreis;Hessen;2018-01-01;2019-12-31;278
620;C372R315;372;315;3532;DEE07;Börde;Sachsen-Anhalt;2018-01-01;2019-12-31;279
621;C345R596;345;596;3533;DE257;Erlangen-Höchstadt;Bayern;2018-01-01;2019-12-31;281
622;C520R173;520;173;3534;DE80J;Mecklenburgische Seenplatte;Mecklenburg-Vorpommern;2018-01-01;2019-12-31;246
623;C289R336;289;336;3535;DE925;Hildesheim;Niedersachsen;2018-01-01;2019-12-31;283
624;C218R469;218;469;3536;DE724;Marburg-Biedenkopf;Hessen;2018-01-01;2019-12-31;279
625;C226R652;226;652;3537;DE117;Heilbronn, Stadtkreis;Baden-Württemberg;2018-01-01;2019-12-31;289
626;C262R300;262;300;3538;DE929;Region Hannover;Niedersachsen;2018-01-01;2019-12-31;263
627;C288R327;288;327;3539;DE925;Hildesheim;Niedersachsen;2018-01-01;2019-12-31;272
628;C511R446;511;446;3540;DED43;Mittelsachsen;Sachsen;2018-01-01;2019-12-31;285
629;C394R689;394;689;3541;DE219;Eichstätt;Bayern;2018-01-01;2019-12-31;271
630;C386R374;386;374;3542;DEE0A;Mansfeld-Südharz;Sachsen-Anhalt;2018-01-01;2019-12-31;264
631;C228R320;228;320;3543;DE928;Schaumburg;Niedersachsen;2018-01-01;2019-12-31;270
632;C181R245;181;245;3544;DE94D;Oldenburg, Landkreis;Niedersachsen;2018-01-01;2019-12-31;277
633;C368R459;368;459;3545;DEG0G;Weimarer Land;Thüringen;2018-01-01;2019-12-31;271
634;C147R151;147;151;3546;DE94A;Friesland (DE);Niedersachsen;2018-01-01;2019-12-31;279
635;C51R485;51;485;3547;DEA28;Euskirchen;Nordrhein-Westfalen;2018-01-01;2019-12-31;283
636;C391R777;391;777;3548;DE21L;Starnberg;Bayern;2018-01-01;2019-12-31;278
637;C392R355;392;355;3549;DEE0C;Salzlandkreis;Sachsen-Anhalt;2018-01-01;2019-12-31;264
638;C523R118;523;118;3550;DE80N;Vorpommern-Greifswald;Mecklenburg-Vorpommern;2018-01-01;2019-12-31;254
639;C560R221;560;221;3551;DE40I;Uckermark;Brandenburg;2018-01-01;2019-12-31;271
640;C376R754;376;754;3552;DE21C;Fürstenfeldbruck;Bayern;2018-01-01;2019-12-31;289
641;C32R441;32;441;3553;DEA29;Heinsberg;Nordrhein-Westfalen;2018-01-01;2019-12-31;275
642;C423R672;423;672;3554;DE226;Kelheim;Bayern;2018-01-01;2019-12-31;282
643;C355R158;355;158;3555;DE80M;Nordwestmecklenburg;Mecklenburg-Vorpommern;2018-01-01;2019-12-31;269
644;C427R207;427;207;3556;DE40F;Prignitz;Brandenburg;2018-01-01;2019-12-31;281
645;C376R485;376;485;3557;DEG0U;Saalfeld-Rudolstadt;Thüringen;2018-01-01;2019-12-31;271
646;C159R382;159;382;3558;DEA5B;Soest;Nordrhein-Westfalen;2018-01-01;2019-12-31;293
647;C430R757;430;757;3559;DE21A;Erding;Bayern;2018-01-01;2019-12-31;273
648;C20R538;20;538;3560;DEB23;Eifelkreis Bitburg-Prüm;Rheinland-Pfalz;2018-01-01;2019-12-31;274
649;C92R190;92;190;3561;DE942;Emden, Kreisfreie Stadt;Niedersachsen;2018-01-01;2019-12-31;285
650;C316R544;316;544;3562;DE26B;Schweinfurt, Landkreis;Bayern;2018-01-01;2019-12-31;262
651;C408R125;408;125;3563;DE80K;Landkreis Rostock;Mecklenburg-Vorpommern;2018-01-01;2019-12-31;270
652;C462R182;462;182;3564;DE80J;Mecklenburgische Seenplatte;Mecklenburg-Vorpommern;2018-01-01;2019-12-31;277
653;C295R731;295;731;3565;DE145;Alb-Donau-Kreis;Baden-Württemberg;2018-01-01;2019-12-31;283
654;C374R773;374;773;3566;DE21E;Landsberg am Lech;Bayern;2018-01-01;2019-12-31;278
655;C291R767;291;767;3567;DE146;Biberach;Baden-Württemberg;2018-01-01;2019-12-31;304
656;C315R558;315;558;3568;DE26B;Schweinfurt, Landkreis;Bayern;2018-01-01;2019-12-31;283
657;C388R113;388;113;3569;DE80M;Nordwestmecklenburg;Mecklenburg-Vorpommern;2018-01-01;2019-12-31;266
658;C333R411;333;411;3570;DEG0A;Kyffhäuserkreis;Thüringen;2018-01-01;2019-12-31;259
659;C526R395;526;395;3571;DED2E;Meißen;Sachsen;2018-01-01;2019-12-31;271
660;C378R315;378;315;3572;DEE07;Börde;Sachsen-Anhalt;2018-01-01;2019-12-31;279
661;C167R583;167;583;3573;DEB3J;Mainz-Bingen;Rheinland-Pfalz;2018-01-01;2019-12-31;279
662;C113R814;113;814;3574;DE139;Lörrach;Baden-Württemberg;2018-01-01;2019-12-31;301
663;C76R487;76;487;3575;DEA2C;Rhein-Sieg-Kreis;Nordrhein-Westfalen;2018-01-01;2019-12-31;291
664;C328R603;328;603;3576;DE25A;Neustadt a. d. Aisch-Bad Windsheim;Bayern;2018-01-01;2019-12-31;281
665;C172R591;172;591;3577;DEB3B;Alzey-Worms;Rheinland-Pfalz;2018-01-01;2019-12-31;295
666;C25R561;25;561;3578;DEB23;Eifelkreis Bitburg-Prüm;Rheinland-Pfalz;2018-01-01;2019-12-31;275
667;C331R155;331;155;3579;DEF06;Herzogtum Lauenburg;Schleswig-Holstein;2018-01-01;2019-12-31;278
668;C153R601;153;601;3580;DEB3D;Donnersbergkreis;Rheinland-Pfalz;2018-01-01;2019-12-31;279
669;C279R307;279;307;3581;DE929;Region Hannover;Niedersachsen;2018-01-01;2019-12-31;263
670;C384R328;384;328;3582;DEE07;Börde;Sachsen-Anhalt;2018-01-01;2019-12-31;279
671;C579R255;579;255;3583;DE409;Märkisch-Oderland;Brandenburg;2018-01-01;2019-12-31;281
672;C283R359;283;359;3584;DE918;Northeim;Niedersachsen;2018-01-01;2019-12-31;270
673;C527R112;527;112;3585;DE80N;Vorpommern-Greifswald;Mecklenburg-Vorpommern;2018-01-01;2019-12-31;254
674;C403R399;403;399;3586;DEE0B;Saalekreis;Sachsen-Anhalt;2018-01-01;2019-12-31;281
675;C327R319;327;319;3587;DE91B;Wolfenbüttel;Niedersachsen;2018-01-01;2019-12-31;274
676;C418R191;418;191;3588;DE80O;Ludwigslust-Parchim;Mecklenburg-Vorpommern;2018-01-01;2019-12-31;260
677;C349R559;349;559;3589;DE245;Bamberg, Landkreis;Bayern;2018-01-01;2019-12-31;278
678;C344R437;344;437;3590;DEG09;Unstrut-Hainich-Kreis;Thüringen;2018-01-01;2019-12-31;262
679;C293R594;293;594;3591;DE26C;Würzburg, Landkreis;Bayern;2018-01-01;2019-12-31;271
680;C20R455;20;455;3592;DEA2D;Städteregion Aachen;Nordrhein-Westfalen;2018-01-01;2019-12-31;291
681;C421R250;421;250;3593;DEE0D;Stendal;Sachsen-Anhalt;2018-01-01;2019-12-31;254
682;C409R343;409;343;3594;DEE0C;Salzlandkreis;Sachsen-Anhalt;2018-01-01;2019-12-31;263
683;C217R715;217;715;3595;DE112;Böblingen;Baden-Württemberg;2018-01-01;2019-12-31;277
684;C357R753;357;753;3596;DE276;Augsburg, Landkreis;Bayern;2018-01-01;2019-12-31;278
685;C217R650;217;650;3597;DE118;Heilbronn, Landkreis;Baden-Württemberg;2018-01-01;2019-12-31;289
686;C493R104;493;104;3598;DE80L;Vorpommern-Rügen;Mecklenburg-Vorpommern;2018-01-01;2019-12-31;264
687;C322R181;322;181;3599;DEF06;Herzogtum Lauenburg;Schleswig-Holstein;2018-01-01;2019-12-31;278
688;C279R400;279;400;3600;DE91C;Göttingen;Niedersachsen;2018-01-01;2019-12-31;272
689;C429R346;429;346;3601;DEE05;Anhalt-Bitterfeld;Sachsen-Anhalt;2018-01-01;2019-12-31;285
690;C444R153;444;153;3602;DE80K;Landkreis Rostock;Mecklenburg-Vorpommern;2018-01-01;2019-12-31;253
691;C203R38;203;38;3603;DEF07;Nordfriesland;Schleswig-Holstein;2018-01-01;2019-12-31;271
692;C209R46;209;46;3604;DEF07;Nordfriesland;Schleswig-Holstein;2018-01-01;2019-12-31;271
693;C143R509;143;509;3605;DEB1B;Westerwaldkreis;Rheinland-Pfalz;2018-01-01;2019-12-31;275
694;C287R556;287;556;3606;DE265;Bad Kissingen;Bayern;2018-01-01;2019-12-31;270
695;C365R754;365;754;3607;DE275;Aichach-Friedberg;Bayern;2018-01-01;2019-12-31;289
696;C497R146;497;146;3608;DE80J;Mecklenburgische Seenplatte;Mecklenburg-Vorpommern;2018-01-01;2019-12-31;253
697;C374R423;374;423;3609;DEG0D;Sömmerda;Thüringen;2018-01-01;2019-12-31;269
698;C495R43;495;43;3610;DE80L;Vorpommern-Rügen;Mecklenburg-Vorpommern;2018-01-01;2019-12-31;274
699;C444R145;444;145;3611;DE80K;Landkreis Rostock;Mecklenburg-Vorpommern;2018-01-01;2019-12-31;253
700;C278R786;278;786;3612;DE146;Biberach;Baden-Württemberg;2018-01-01;2019-12-31;277
701;C171R283;171;283;3613;DE94F;Vechta;Niedersachsen;2018-01-01;2019-12-31;277
702;C347R593;347;593;3614;DE257;Erlangen-Höchstadt;Bayern;2018-01-01;2019-12-31;281
703;C392R248;392;248;3615;DEE0D;Stendal;Sachsen-Anhalt;2018-01-01;2019-12-31;256
704;C117R330;117;330;3616;DEA37;Steinfurt;Nordrhein-Westfalen;2018-01-01;2019-12-31;285
705;C513R751;513;751;3617;DE22A;Rottal-Inn;Bayern;2018-01-01;2019-12-31;291
706;C80R474;80;474;3618;DEA2C;Rhein-Sieg-Kreis;Nordrhein-Westfalen;2018-01-01;2019-12-31;291
707;C328R323;328;323;3619;DE91B;Wolfenbüttel;Niedersachsen;2018-01-01;2019-12-31;274
708;C55R517;55;517;3620;DEA28;Euskirchen;Nordrhein-Westfalen;2018-01-01;2019-12-31;286
709;C411R263;411;263;3621;DEE0D;Stendal;Sachsen-Anhalt;2018-01-01;2019-12-31;259
710;C622R401;622;401;3622;DED2D;Görlitz;Sachsen;2018-01-01;2019-12-31;286
711;C517R45;517;45;3623;DE80L;Vorpommern-Rügen;Mecklenburg-Vorpommern;2018-01-01;2019-12-31;274
712;C469R88;469;88;3624;DE80L;Vorpommern-Rügen;Mecklenburg-Vorpommern;2018-01-01;2019-12-31;264
713;C283R306;283;306;3625;DE929;Region Hannover;Niedersachsen;2018-01-01;2019-12-31;290
714;C202R26;202;26;3626;DEF07;Nordfriesland;Schleswig-Holstein;2018-01-01;2019-12-31;271
715;C471R157;471;157;3627;DE80J;Mecklenburgische Seenplatte;Mecklenburg-Vorpommern;2018-01-01;2019-12-31;253
716;C304R529;304;529;3628;DE266;Rhön-Grabfeld;Bayern;2018-01-01;2019-12-31;270
717;C202R658;202;658;3629;DE123;Karlsruhe, Landkreis;Baden-Württemberg;2018-01-01;2019-12-31;293
718;C321R316;321;316;3630;DE911;Braunschweig, Kreisfreie Stadt;Niedersachsen;2018-01-01;2019-12-31;290
719;C516R429;516;429;3631;DED43;Mittelsachsen;Sachsen;2018-01-01;2019-12-31;268
720;C504R164;504;164;3632;DE80J;Mecklenburgische Seenplatte;Mecklenburg-Vorpommern;2018-01-01;2019-12-31;246
721;C421R790;421;790;3633;DE21F;Miesbach;Bayern;2018-01-01;2019-12-31;286
722;C378R312;378;312;3634;DEE07;Börde;Sachsen-Anhalt;2018-01-01;2019-12-31;279
723;C496R716;496;716;3636;DE22C;Dingolfing-Landau;Bayern;2018-01-01;2019-12-31;276
724;C345R425;345;425;3637;DEG0A;Kyffhäuserkreis;Thüringen;2018-01-01;2019-12-31;253
725;C138R308;138;308;3638;DEA37;Steinfurt;Nordrhein-Westfalen;2018-01-01;2019-12-31;281
726;C291R767;291;767;3639;DE146;Biberach;Baden-Württemberg;2018-01-01;2019-12-31;304
727;C244R301;244;301;3640;DE928;Schaumburg;Niedersachsen;2018-01-01;2019-12-31;280
728;C146R580;146;580;3641;DEB3J;Mainz-Bingen;Rheinland-Pfalz;2018-01-01;2019-12-31;293
729;C349R331;349;331;3642;DE917;Helmstedt;Niedersachsen;2018-01-01;2019-12-31;275
730;C235R444;235;444;3643;DE735;Schwalm-Eder-Kreis;Hessen;2018-01-01;2019-12-31;281
731;C487R146;487;146;3644;DE80J;Mecklenburgische Seenplatte;Mecklenburg-Vorpommern;2018-01-01;2019-12-31;253
732;C442R233;442;233;3645;DE40D;Ostprignitz-Ruppin;Brandenburg;2018-01-01;2019-12-31;271
733;C471R83;471;83;3647;DE80L;Vorpommern-Rügen;Mecklenburg-Vorpommern;2018-01-01;2019-12-31;264
734;C447R634;447;634;3648;DE239;Schwandorf;Bayern;2018-01-01;2019-12-31;277
735;C208R44;208;44;3649;DEF07;Nordfriesland;Schleswig-Holstein;2018-01-01;2019-12-31;271
736;C209R478;209;478;3650;DE724;Marburg-Biedenkopf;Hessen;2018-01-01;2019-12-31;285
737;C166R654;166;654;3651;DEB3E;Germersheim;Rheinland-Pfalz;2018-01-01;2019-12-31;285
738;C409R242;409;242;3652;DEE0D;Stendal;Sachsen-Anhalt;2018-01-01;2019-12-31;256
739;C475R166;475;166;3653;DE80J;Mecklenburgische Seenplatte;Mecklenburg-Vorpommern;2018-01-01;2019-12-31;253
740;C428R293;428;293;3654;DEE06;Jerichower Land;Sachsen-Anhalt;2018-01-01;2019-12-31;265
741;C416R446;416;446;3655;DEG0J;Saale-Holzland-Kreis;Thüringen;2018-01-01;2019-12-31;274
742;C516R216;516;216;3656;DE40I;Uckermark;Brandenburg;2018-01-01;2019-12-31;275
743;C501R461;501;461;3657;DED41;Chemnitz, Kreisfreie Stadt;Sachsen;2018-01-01;2019-12-31;292
744;C50R404;50;404;3658;DEA1F;Wesel;Nordrhein-Westfalen;2018-01-01;2019-12-31;296
745;C256R339;256;339;3659;DE926;Holzminden;Niedersachsen;2018-01-01;2019-12-31;263
746;C432R428;432;428;3660;DEE08;Burgenlandkreis;Sachsen-Anhalt;2018-01-01;2019-12-31;271
747;C511R390;511;390;3661;DE407;Elbe-Elster;Brandenburg;2018-01-01;2019-12-31;274
748;C308R143;308;143;3662;DEF0F;Stormarn;Schleswig-Holstein;2018-01-01;2019-12-31;257
749;C352R390;352;390;3663;DEG07;Nordhausen;Thüringen;2018-01-01;2019-12-31;259
750;C502R381;502;381;3664;DED53;Nordsachsen;Sachsen;2018-01-01;2019-12-31;274
751;C199R656;199;656;3665;DE123;Karlsruhe, Landkreis;Baden-Württemberg;2018-01-01;2019-12-31;282
752;C432R329;432;329;3666;DEE05;Anhalt-Bitterfeld;Sachsen-Anhalt;2018-01-01;2019-12-31;263
753;C380R467;380;467;3667;DEG0G;Weimarer Land;Thüringen;2018-01-01;2019-12-31;271
754;C90R489;90;489;3668;DEA2C;Rhein-Sieg-Kreis;Nordrhein-Westfalen;2018-01-01;2019-12-31;291
755;C275R486;275;486;3669;DE732;Fulda;Hessen;2018-01-01;2019-12-31;274
756;C122R506;122;506;3670;DEB18;Neuwied;Rheinland-Pfalz;2018-01-01;2019-12-31;286
757;C487R401;487;401;3671;DED52;Leipzig;Sachsen;2018-01-01;2019-12-31;274
758;C519R422;519;422;3672;DED2E;Meißen;Sachsen;2018-01-01;2019-12-31;274
759;C444R153;444;153;3673;DE80K;Landkreis Rostock;Mecklenburg-Vorpommern;2018-01-01;2019-12-31;253
760;C264R314;264;314;3674;DE929;Region Hannover;Niedersachsen;2018-01-01;2019-12-31;263
761;C421R674;421;674;3675;DE226;Kelheim;Bayern;2018-01-01;2019-12-31;282
762;C479R164;479;164;3676;DE80J;Mecklenburgische Seenplatte;Mecklenburg-Vorpommern;2018-01-01;2019-12-31;253
763;C459R80;459;80;3677;DE80L;Vorpommern-Rügen;Mecklenburg-Vorpommern;2018-01-01;2019-12-31;245
764;C406R331;406;331;3678;DEE03;Magdeburg, Kreisfreie Stadt;Sachsen-Anhalt;2018-01-01;2019-12-31;263
765;C122R615;122;615;3679;DEB3F;Kaiserslautern, Landkreis;Rheinland-Pfalz;2018-01-01;2019-12-31;282
766;C453R729;453;729;3680;DE227;Landshut, Landkreis;Bayern;2018-01-01;2019-12-31;278
767;C129R535;129;535;3681;DEB1A;Rhein-Lahn-Kreis;Rheinland-Pfalz;2018-01-01;2019-12-31;288
768;C394R260;394;260;3682;DEE0D;Stendal;Sachsen-Anhalt;2018-01-01;2019-12-31;254
769;C388R435;388;435;3683;DEG0D;Sömmerda;Thüringen;2018-01-01;2019-12-31;264
770;C419R120;419;120;3684;DE80K;Landkreis Rostock;Mecklenburg-Vorpommern;2018-01-01;2019-12-31;270
771;C456R722;456;722;3685;DE227;Landshut, Landkreis;Bayern;2018-01-01;2019-12-31;283
772;C592R273;592;273;3686;DE409;Märkisch-Oderland;Brandenburg;2018-01-01;2019-12-31;263
773;C173R801;173;801;3687;DE132;Breisgau-Hochschwarzwald;Baden-Württemberg;2018-01-01;2019-12-31;272
774;C395R437;395;437;3688;DEG0G;Weimarer Land;Thüringen;2018-01-01;2019-12-31;264
775;C446R392;446;392;3689;DED53;Nordsachsen;Sachsen;2018-01-01;2019-12-31;260
776;C496R145;496;145;3690;DE80J;Mecklenburgische Seenplatte;Mecklenburg-Vorpommern;2018-01-01;2019-12-31;253
777;C301R306;301;306;3691;DE91A;Peine;Niedersachsen;2018-01-01;2019-12-31;290
778;C226R393;226;393;3692;DEA44;Höxter;Nordrhein-Westfalen;2018-01-01;2019-12-31;279
779;C411R491;411;491;3693;DEG0K;Saale-Orla-Kreis;Thüringen;2018-01-01;2019-12-31;278
780;C525R121;525;121;3694;DE80N;Vorpommern-Greifswald;Mecklenburg-Vorpommern;2018-01-01;2019-12-31;254
781;C231R242;231;242;3695;DE927;Nienburg (Weser);Niedersachsen;2018-01-01;2019-12-31;281
782;C238R185;238;185;3696;DE937;Rotenburg (Wümme);Niedersachsen;2018-01-01;2019-12-31;277
783;C230R134;230;134;3697;DE939;Stade;Niedersachsen;2018-01-01;2019-12-31;261
784;C268R340;268;340;3698;DE925;Hildesheim;Niedersachsen;2018-01-01;2019-12-31;272
785;C40R376;40;376;3699;DEA1F;Wesel;Nordrhein-Westfalen;2018-01-01;2019-12-31;291
786;C93R336;93;336;3700;DEA35;Coesfeld;Nordrhein-Westfalen;2018-01-01;2019-12-31;288
787;C453R80;453;80;3701;DE80L;Vorpommern-Rügen;Mecklenburg-Vorpommern;2018-01-01;2019-12-31;245
788;C360R434;360;434;3702;DEG0D;Sömmerda;Thüringen;2018-01-01;2019-12-31;263
789;C515R453;515;453;3703;DED43;Mittelsachsen;Sachsen;2018-01-01;2019-12-31;285
790;C503R66;503;66;3704;DE80L;Vorpommern-Rügen;Mecklenburg-Vorpommern;2018-01-01;2019-12-31;274
791;C323R393;323;393;3705;DEG06;Eichsfeld;Thüringen;2018-01-01;2019-12-31;279
792;C408R123;408;123;3706;DE80K;Landkreis Rostock;Mecklenburg-Vorpommern;2018-01-01;2019-12-31;270
793;C437R111;437;111;3707;DE80K;Landkreis Rostock;Mecklenburg-Vorpommern;2018-01-01;2019-12-31;253
794;C374R252;374;252;3708;DEE04;Altmarkkreis Salzwedel;Sachsen-Anhalt;2018-01-01;2019-12-31;277
795;C275R768;275;768;3709;DE146;Biberach;Baden-Württemberg;2018-01-01;2019-12-31;277
796;C491R132;491;132;3710;DE80J;Mecklenburgische Seenplatte;Mecklenburg-Vorpommern;2018-01-01;2019-12-31;253
797;C472R743;472;743;3711;DE21G;Mühldorf a. Inn;Bayern;2018-01-01;2019-12-31;271
798;C501R124;501;124;3712;DE80N;Vorpommern-Greifswald;Mecklenburg-Vorpommern;2018-01-01;2019-12-31;253
799;C320R103;320;103;3713;DEF08;Ostholstein;Schleswig-Holstein;2018-01-01;2019-12-31;268
800;C371R760;371;760;3715;DE275;Aichach-Friedberg;Bayern;2018-01-01;2019-12-31;289
801;C365R153;365;153;3716;DE80M;Nordwestmecklenburg;Mecklenburg-Vorpommern;2018-01-01;2019-12-31;265
802;C471R72;471;72;3717;DE80L;Vorpommern-Rügen;Mecklenburg-Vorpommern;2018-01-01;2019-12-31;255
803;C312R695;312;695;3718;DE11D;Ostalbkreis;Baden-Württemberg;2018-01-01;2019-12-31;264
804;C412R247;412;247;3719;DEE0D;Stendal;Sachsen-Anhalt;2018-01-01;2019-12-31;254
805;C525R161;525;161;3720;DE80J;Mecklenburgische Seenplatte;Mecklenburg-Vorpommern;2018-01-01;2019-12-31;246
806;C337R539;337;539;3721;DE267;Haßberge;Bayern;2018-01-01;2019-12-31;269
807;C392R131;392;131;3722;DE80M;Nordwestmecklenburg;Mecklenburg-Vorpommern;2018-01-01;2019-12-31;248
808;C425R672;425;672;3723;DE226;Kelheim;Bayern;2018-01-01;2019-12-31;282
809;C351R75;351;75;3724;DEF08;Ostholstein;Schleswig-Holstein;2018-01-01;2019-12-31;270
810;C275R47;275;47;3725;DEF0C;Schleswig-Flensburg;Schleswig-Holstein;2018-01-01;2019-12-31;250
811;C104R613;104;613;3726;DEB3G;Kusel;Rheinland-Pfalz;2018-01-01;2019-12-31;284
812;C451R139;451;139;3727;DE80K;Landkreis Rostock;Mecklenburg-Vorpommern;2018-01-01;2019-12-31;253
813;C50R505;50;505;3728;DEA28;Euskirchen;Nordrhein-Westfalen;2018-01-01;2019-12-31;283
814;C279R42;279;42;3729;DEF0C;Schleswig-Flensburg;Schleswig-Holstein;2018-01-01;2019-12-31;250
815;C420R428;420;428;3730;DEE08;Burgenlandkreis;Sachsen-Anhalt;2018-01-01;2019-12-31;274
816;C127R393;127;393;3731;DEA5C;Unna;Nordrhein-Westfalen;2018-01-01;2019-12-31;289
817;C200R25;200;25;3732;DEF07;Nordfriesland;Schleswig-Holstein;2018-01-01;2019-12-31;271
818;C141R399;141;399;3733;DEA57;Hochsauerlandkreis;Nordrhein-Westfalen;2018-01-01;2019-12-31;269
819;C134R598;134;598;3734;DEB3D;Donnersbergkreis;Rheinland-Pfalz;2018-01-01;2019-12-31;275
820;C524R322;524;322;3735;DE40H;Teltow-Fläming;Brandenburg;2018-01-01;2019-12-31;278
821;C364R530;364;530;3736;DE247;Coburg, Landkreis;Bayern;2018-01-01;2019-12-31;271
822;C408R497;408;497;3737;DEG0K;Saale-Orla-Kreis;Thüringen;2018-01-01;2019-12-31;278
823;C429R762;429;762;3738;DE218;Ebersberg;Bayern;2018-01-01;2019-12-31;286
824;C467R701;467;701;3739;DE22C;Dingolfing-Landau;Bayern;2018-01-01;2019-12-31;285
825;C431R619;431;619;3740;DE234;Amberg-Sulzbach;Bayern;2018-01-01;2019-12-31;262
826;C571R357;571;357;3742;DE40B;Oberspreewald-Lausitz;Brandenburg;2018-01-01;2019-12-31;289
827;C346R694;346;694;3743;DE27D;Donau-Ries;Bayern;2018-01-01;2019-12-31;271
828;C619R443;619;443;3744;DED2D;Görlitz;Sachsen;2018-01-01;2019-12-31;260
829;C288R396;288;396;3745;DE91C;Göttingen;Niedersachsen;2018-01-01;2019-12-31;272
830;C333R322;333;322;3746;DE91B;Wolfenbüttel;Niedersachsen;2018-01-01;2019-12-31;274
831;C286R598;286;598;3747;DE26C;Würzburg, Landkreis;Bayern;2018-01-01;2019-12-31;271
832;C225R242;225;242;3748;DE922;Diepholz;Niedersachsen;2018-01-01;2019-12-31;281
833;C221R347;221;347;3749;DEA45;Lippe;Nordrhein-Westfalen;2018-01-01;2019-12-31;270
834;C306R300;306;300;3750;DE91A;Peine;Niedersachsen;2018-01-01;2019-12-31;290
835;C139R418;139;418;3751;DEA58;Märkischer Kreis;Nordrhein-Westfalen;2018-01-01;2019-12-31;260
836;C548R174;548;174;3752;DE40I;Uckermark;Brandenburg;2018-01-01;2019-12-31;248
837;C212R96;212;96;3753;DEF05;Dithmarschen;Schleswig-Holstein;2018-01-01;2019-12-31;263
838;C299R345;299;345;3754;DE916;Goslar;Niedersachsen;2018-01-01;2019-12-31;283
839;C411R241;411;241;3755;DEE0D;Stendal;Sachsen-Anhalt;2018-01-01;2019-12-31;256
840;C73R471;73;471;3756;DEA2C;Rhein-Sieg-Kreis;Nordrhein-Westfalen;2018-01-01;2019-12-31;291
841;C366R470;366;470;3757;DEG0T;Ilm-Kreis;Thüringen;2018-01-01;2019-12-31;271
842;C48R466;48;466;3758;DEA26;Düren;Nordrhein-Westfalen;2018-01-01;2019-12-31;290
843;C274R566;274;566;3759;DE26A;Main-Spessart;Bayern;2018-01-01;2019-12-31;270
844;C476R143;476;143;3760;DE80J;Mecklenburgische Seenplatte;Mecklenburg-Vorpommern;2018-01-01;2019-12-31;253
845;C412R564;412;564;3761;DE246;Bayreuth, Landkreis;Bayern;2018-01-01;2019-12-31;282
846;C163R640;163;640;3762;DEB36;Neustadt an der Weinstraße, Kreisfreie Stadt;Rheinland-Pfalz;2018-01-01;2019-12-31;269
847;C505R469;505;469;3763;DED42;Erzgebirgskreis;Sachsen;2018-01-01;2019-12-31;292
848;C285R753;285;753;3764;DE146;Biberach;Baden-Württemberg;2018-01-01;2019-12-31;275
849;C221R312;221;312;3765;DE928;Schaumburg;Niedersachsen;2018-01-01;2019-12-31;270
850;C313R128;313;128;3766;DEF0D;Segeberg;Schleswig-Holstein;2018-01-01;2019-12-31;270
851;C306R227;306;227;3767;DE93A;Uelzen;Niedersachsen;2018-01-01;2019-12-31;283
852;C310R565;310;565;3768;DE26B;Schweinfurt, Landkreis;Bayern;2018-01-01;2019-12-31;283
853;C434R631;434;631;3769;DE234;Amberg-Sulzbach;Bayern;2018-01-01;2019-12-31;264
854;C106R339;106;339;3770;DEA35;Coesfeld;Nordrhein-Westfalen;2018-01-01;2019-12-31;288
855;C604R362;604;362;3771;DE40G;Spree-Neiße;Brandenburg;2018-01-01;2019-12-31;288
856;C240R108;240;108;3772;DEF0B;Rendsburg-Eckernförde;Schleswig-Holstein;2018-01-01;2019-12-31;280
857;C210R330;210;330;3773;DEA45;Lippe;Nordrhein-Westfalen;2018-01-01;2019-12-31;270
858;C219R120;219;120;3774;DEF05;Dithmarschen;Schleswig-Holstein;2018-01-01;2019-12-31;261
859;C312R108;312;108;3775;DEF0D;Segeberg;Schleswig-Holstein;2018-01-01;2019-12-31;269
860;C277R362;277;362;3776;DE918;Northeim;Niedersachsen;2018-01-01;2019-12-31;285
861;C252R430;252;430;3778;DE735;Schwalm-Eder-Kreis;Hessen;2018-01-01;2019-12-31;276
862;C339R418;339;418;3779;DEG0A;Kyffhäuserkreis;Thüringen;2018-01-01;2019-12-31;259
863;C195R256;195;256;3780;DE922;Diepholz;Niedersachsen;2018-01-01;2019-12-31;286
864;C211R585;211;585;3781;DE716;Darmstadt-Dieburg;Hessen;2018-01-01;2019-12-31;274
865;C420R535;420;535;3782;DE249;Hof, Landkreis;Bayern;2018-01-01;2019-12-31;283
866;C233R636;233;636;3783;DE127;Neckar-Odenwald-Kreis;Baden-Württemberg;2018-01-01;2019-12-31;289
867;C201R35;201;35;3784;DEF07;Nordfriesland;Schleswig-Holstein;2018-01-01;2019-12-31;271
868;C262R343;262;343;3785;DE926;Holzminden;Niedersachsen;2018-01-01;2019-12-31;263
869;C188R505;188;505;3786;DE722;Lahn-Dill-Kreis;Hessen;2018-01-01;2019-12-31;290
870;C190R314;190;314;3787;DEA43;Herford;Nordrhein-Westfalen;2018-01-01;2019-12-31;284
871;C453R118;453;118;3788;DE80K;Landkreis Rostock;Mecklenburg-Vorpommern;2018-01-01;2019-12-31;253
872;C220R414;220;414;3789;DE736;Waldeck-Frankenberg;Hessen;2018-01-01;2019-12-31;275
873;C410R686;410;686;3790;DE219;Eichstätt;Bayern;2018-01-01;2019-12-31;278
874;C290R106;290;106;3791;DEF0A;Plön;Schleswig-Holstein;2018-01-01;2019-12-31;269
875;C136R362;136;362;3792;DEA38;Warendorf;Nordrhein-Westfalen;2018-01-01;2019-12-31;283
876;C352R125;352;125;3793;DE80M;Nordwestmecklenburg;Mecklenburg-Vorpommern;2018-01-01;2019-12-31;253
877;C467R394;467;394;3794;DED53;Nordsachsen;Sachsen;2018-01-01;2019-12-31;274
878;C355R354;355;354;3795;DEE09;Harz;Sachsen-Anhalt;2018-01-01;2019-12-31;257
879;C453R799;453;799;3796;DE213;Rosenheim, Kreisfreie Stadt;Bayern;2018-01-01;2019-12-31;289
880;C559R708;559;708;5316;DE228;Passau, Landkreis;Bayern;2019-01-01;2020-12-31;288
881;C93R617;93;617;5317;DEC06;St. Wendel;Saarland;2019-01-01;2020-12-31;287
882;C270R406;270;406;5318;DE91C;Göttingen;Niedersachsen;2019-01-01;2020-12-31;268
883;C314R644;314;644;5319;DE256;Ansbach, Landkreis;Bayern;2019-01-01;2020-12-31;287
884;C206R483;206;483;5320;DE724;Marburg-Biedenkopf;Hessen;2019-01-01;2020-12-31;287
885;C485R759;485;759;5321;DE21G;Mühldorf a. Inn;Bayern;2019-01-01;2020-12-31;281
886;C492R144;492;144;5322;DE80J;Mecklenburgische Seenplatte;Mecklenburg-Vorpommern;2019-01-01;2020-12-31;254
887;C329R552;329;552;5323;DE267;Haßberge;Bayern;2019-01-01;2020-12-31;293
888;C357R755;357;755;5324;DE276;Augsburg, Landkreis;Bayern;2019-01-01;2020-12-31;296
889;C555R238;555;238;5325;DE409;Märkisch-Oderland;Brandenburg;2019-01-01;2020-12-31;258
890;C299R330;299;330;5326;DE925;Hildesheim;Niedersachsen;2019-01-01;2020-12-31;279
891;C48R488;48;488;5327;DEA26;Düren;Nordrhein-Westfalen;2019-01-01;2020-12-31;286
892;C467R89;467;89;5328;DE80L;Vorpommern-Rügen;Mecklenburg-Vorpommern;2019-01-01;2020-12-31;274
893;C222R260;222;260;5329;DE927;Nienburg (Weser);Niedersachsen;2019-01-01;2020-12-31;278
894;C322R453;322;453;5330;DEG0R;Wartburgkreis;Thüringen;2019-01-01;2020-12-31;257
895;C414R215;414;215;5331;DE40F;Prignitz;Brandenburg;2019-01-01;2020-12-31;269
896;C412R179;412;179;5332;DE80O;Ludwigslust-Parchim;Mecklenburg-Vorpommern;2019-01-01;2020-12-31;269
897;C487R336;487;336;5333;DE40H;Teltow-Fläming;Brandenburg;2019-01-01;2020-12-31;263
898;C261R104;261;104;5334;DEF0B;Rendsburg-Eckernförde;Schleswig-Holstein;2019-01-01;2020-12-31;266
899;C301R576;301;576;5335;DE26C;Würzburg, Landkreis;Bayern;2019-01-01;2020-12-31;287
900;C300R404;300;404;5336;DEG06;Eichsfeld;Thüringen;2019-01-01;2020-12-31;280
901;C282R273;282;273;5337;DE931;Celle;Niedersachsen;2019-01-01;2020-12-31;281
902;C505R115;505;115;5338;DE80N;Vorpommern-Greifswald;Mecklenburg-Vorpommern;2019-01-01;2020-12-31;258
903;C169R610;169;610;5339;DEB3I;Rhein-Pfalz-Kreis;Rheinland-Pfalz;2019-01-01;2020-12-31;290
904;C61R481;61;481;5340;DEA28;Euskirchen;Nordrhein-Westfalen;2019-01-01;2020-12-31;286
905;C254R31;254;31;5341;DEF0C;Schleswig-Flensburg;Schleswig-Holstein;2019-01-01;2020-12-31;265
906;C254R341;254;341;5342;DE926;Holzminden;Niedersachsen;2019-01-01;2020-12-31;261
907;C537R158;537;158;5343;DE40I;Uckermark;Brandenburg;2019-01-01;2020-12-31;255
908;C466R444;466;444;5344;DEG0M;Altenburger Land;Thüringen;2019-01-01;2020-12-31;282
909;C357R545;357;545;5345;DE247;Coburg, Landkreis;Bayern;2019-01-01;2020-12-31;287
910;C358R242;358;242;5346;DEE04;Altmarkkreis Salzwedel;Sachsen-Anhalt;2019-01-01;2020-12-31;283
911;C209R649;209;649;5347;DE128;Rhein-Neckar-Kreis;Baden-Württemberg;2019-01-01;2020-12-31;295
912;C232R245;232;245;5348;DE927;Nienburg (Weser);Niedersachsen;2019-01-01;2020-12-31;278
913;C206R809;206;809;5349;DE138;Konstanz;Baden-Württemberg;2019-01-01;2020-12-31;277
914;C519R162;519;162;5350;DE80J;Mecklenburgische Seenplatte;Mecklenburg-Vorpommern;2019-01-01;2020-12-31;254
915;C415R464;415;464;5351;DEG0J;Saale-Holzland-Kreis;Thüringen;2019-01-01;2020-12-31;295
916;C213R580;213;580;5352;DE716;Darmstadt-Dieburg;Hessen;2019-01-01;2020-12-31;283
917;C365R581;365;581;5353;DE245;Bamberg, Landkreis;Bayern;2019-01-01;2020-12-31;287
918;C204R586;204;586;5354;DE716;Darmstadt-Dieburg;Hessen;2019-01-01;2020-12-31;275
919;C250R784;250;784;5355;DE149;Sigmaringen;Baden-Württemberg;2019-01-01;2020-12-31;284
920;C498R37;498;37;5356;DE80L;Vorpommern-Rügen;Mecklenburg-Vorpommern;2019-01-01;2020-12-31;250
921;C493R117;493;117;5357;DE80J;Mecklenburgische Seenplatte;Mecklenburg-Vorpommern;2019-01-01;2020-12-31;254
922;C273R398;273;398;5358;DE91C;Göttingen;Niedersachsen;2019-01-01;2020-12-31;288
923;C476R460;476;460;5359;DED45;Zwickau;Sachsen;2019-01-01;2020-12-31;285
924;C306R205;306;205;5360;DE935;Lüneburg, Landkreis;Niedersachsen;2019-01-01;2020-12-31;301
925;C284R247;284;247;5361;DE931;Celle;Niedersachsen;2019-01-01;2020-12-31;287
926;C282R569;282;569;5362;DE26A;Main-Spessart;Bayern;2019-01-01;2020-12-31;278
927;C267R507;267;507;5363;DE732;Fulda;Hessen;2019-01-01;2020-12-31;278
928;C378R313;378;313;5364;DEE07;Börde;Sachsen-Anhalt;2019-01-01;2020-12-31;263
929;C277R609;277;609;5365;DE11B;Main-Tauber-Kreis;Baden-Württemberg;2019-01-01;2020-12-31;288
930;C570R238;570;238;5366;DE409;Märkisch-Oderland;Brandenburg;2019-01-01;2020-12-31;258
931;C421R293;421;293;5367;DEE06;Jerichower Land;Sachsen-Anhalt;2019-01-01;2020-12-31;269
932;C366R699;366;699;5368;DE21I;Neuburg-Schrobenhausen;Bayern;2019-01-01;2020-12-31;277
933;C133R347;133;347;5369;DEA33;Münster, Kreisfreie Stadt;Nordrhein-Westfalen;2019-01-01;2020-12-31;293
934;C79R325;79;325;5370;DEA34;Borken;Nordrhein-Westfalen;2019-01-01;2020-12-31;289
935;C168R354;168;354;5371;DEA42;Gütersloh;Nordrhein-Westfalen;2019-01-01;2020-12-31;279
936;C372R452;372;452;5372;DEG0G;Weimarer Land;Thüringen;2019-01-01;2020-12-31;266
937;C190R669;190;669;5373;DE123;Karlsruhe, Landkreis;Baden-Württemberg;2019-01-01;2020-12-31;285
938;C433R426;433;426;5374;DEE08;Burgenlandkreis;Sachsen-Anhalt;2019-01-01;2020-12-31;276
939;C495R698;495;698;5375;DE22C;Dingolfing-Landau;Bayern;2019-01-01;2020-12-31;276
940;C261R28;261;28;5376;DEF0C;Schleswig-Flensburg;Schleswig-Holstein;2019-01-01;2020-12-31;265
941;C583R289;583;289;5377;DE40C;Oder-Spree;Brandenburg;2019-01-01;2020-12-31;290
942;C304R175;304;175;5378;DEF06;Herzogtum Lauenburg;Schleswig-Holstein;2019-01-01;2020-12-31;271
943;C225R626;225;626;5379;DE127;Neckar-Odenwald-Kreis;Baden-Württemberg;2019-01-01;2020-12-31;284
944;C511R471;511;471;5381;DED42;Erzgebirgskreis;Sachsen;2019-01-01;2020-12-31;275
945;C455R82;455;82;5382;DE80L;Vorpommern-Rügen;Mecklenburg-Vorpommern;2019-01-01;2020-12-31;274
946;C24R455;24;455;5383;DEA26;Düren;Nordrhein-Westfalen;2019-01-01;2020-12-31;298
947;C322R104;322;104;5385;DEF08;Ostholstein;Schleswig-Holstein;2019-01-01;2020-12-31;263
948;C330R545;330;545;5386;DE267;Haßberge;Bayern;2019-01-01;2020-12-31;293
949;C484R364;484;364;5387;DEE0E;Wittenberg;Sachsen-Anhalt;2019-01-01;2020-12-31;263
950;C361R674;361;674;5388;DE25C;Weißenburg-Gunzenhausen;Bayern;2019-01-01;2020-12-31;288
951;C410R248;410;248;5389;DEE0D;Stendal;Sachsen-Anhalt;2019-01-01;2020-12-31;292
952;C351R461;351;461;5390;DEG0C;Gotha;Thüringen;2019-01-01;2020-12-31;254
953;C212R541;212;541;5391;DE719;Main-Kinzig-Kreis;Hessen;2019-01-01;2020-12-31;284
954;C360R409;360;409;5392;DEG0A;Kyffhäuserkreis;Thüringen;2019-01-01;2020-12-31;269
955;C229R781;229;781;5393;DE149;Sigmaringen;Baden-Württemberg;2019-01-01;2020-12-31;287
956;C425R464;425;464;5394;DEG0L;Greiz;Thüringen;2019-01-01;2020-12-31;272
957;C532R183;532;183;5395;DE40I;Uckermark;Brandenburg;2019-01-01;2020-12-31;247
958;C396R148;396;148;5396;DE80O;Ludwigslust-Parchim;Mecklenburg-Vorpommern;2019-01-01;2020-12-31;282
959;C368R159;368;159;5397;DE80M;Nordwestmecklenburg;Mecklenburg-Vorpommern;2019-01-01;2020-12-31;254
960;C257R29;257;29;5398;DEF0C;Schleswig-Flensburg;Schleswig-Holstein;2019-01-01;2020-12-31;265
961;C515R44;515;44;5399;DE80L;Vorpommern-Rügen;Mecklenburg-Vorpommern;2019-01-01;2020-12-31;280
962;C297R651;297;651;5400;DE11A;Schwäbisch Hall;Baden-Württemberg;2019-01-01;2020-12-31;290
963;C301R800;301;800;5401;DE148;Ravensburg;Baden-Württemberg;2019-01-01;2020-12-31;290
964;C311R177;311;177;5402;DEF06;Herzogtum Lauenburg;Schleswig-Holstein;2019-01-01;2020-12-31;280
965;C199R811;199;811;5403;DE138;Konstanz;Baden-Württemberg;2019-01-01;2020-12-31;277
966;C241R339;241;339;5404;DE923;Hameln-Pyrmont;Niedersachsen;2019-01-01;2020-12-31;280
967;C291R589;291;589;5405;DE26C;Würzburg, Landkreis;Bayern;2019-01-01;2020-12-31;285
968;C410R126;410;126;5406;DE80K;Landkreis Rostock;Mecklenburg-Vorpommern;2019-01-01;2020-12-31;288
969;C402R356;402;356;5407;DEE0C;Salzlandkreis;Sachsen-Anhalt;2019-01-01;2020-12-31;268
970;C349R415;349;415;5408;DEG0A;Kyffhäuserkreis;Thüringen;2019-01-01;2020-12-31;267
971;C411R264;411;264;5409;DEE0D;Stendal;Sachsen-Anhalt;2019-01-01;2020-12-31;276
972;C213R789;213;789;5410;DE137;Tuttlingen;Baden-Württemberg;2019-01-01;2020-12-31;287
973;C406R450;406;450;5411;DEG0J;Saale-Holzland-Kreis;Thüringen;2019-01-01;2020-12-31;295
974;C375R599;375;599;5412;DE248;Forchheim;Bayern;2019-01-01;2020-12-31;277
975;C447R762;447;762;5413;DE21A;Erding;Bayern;2019-01-01;2020-12-31;297
976;C321R175;321;175;5414;DEF06;Herzogtum Lauenburg;Schleswig-Holstein;2019-01-01;2020-12-31;280
977;C330R564;330;564;5415;DE267;Haßberge;Bayern;2019-01-01;2020-12-31;267
978;C316R326;316;326;5416;DE912;Salzgitter, Kreisfreie Stadt;Niedersachsen;2019-01-01;2020-12-31;279
979;C371R249;371;249;5417;DEE04;Altmarkkreis Salzwedel;Sachsen-Anhalt;2019-01-01;2020-12-31;270
980;C469R409;469;409;5418;DED52;Leipzig;Sachsen;2019-01-01;2020-12-31;260
981;C227R122;227;122;5419;DEF05;Dithmarschen;Schleswig-Holstein;2019-01-01;2020-12-31;260
982;C422R423;422;423;5420;DEE08;Burgenlandkreis;Sachsen-Anhalt;2019-01-01;2020-12-31;263
983;C109R156;109;156;5421;DE947;Aurich;Niedersachsen;2019-01-01;2020-12-31;305
984;C554R202;554;202;5422;DE40I;Uckermark;Brandenburg;2019-01-01;2020-12-31;256
985;C409R620;409;620;5423;DE234;Amberg-Sulzbach;Bayern;2019-01-01;2020-12-31;269
986;C399R422;399;422;5424;DEE08;Burgenlandkreis;Sachsen-Anhalt;2019-01-01;2020-12-31;263
987;C276R570;276;570;5425;DE26A;Main-Spessart;Bayern;2019-01-01;2020-12-31;278
988;C606R300;606;300;5426;DE40C;Oder-Spree;Brandenburg;2019-01-01;2020-12-31;290
989;C295R533;295;533;5427;DE265;Bad Kissingen;Bayern;2019-01-01;2020-12-31;271
990;C367R756;367;756;5428;DE275;Aichach-Friedberg;Bayern;2019-01-01;2020-12-31;292
991;C254R327;254;327;5429;DE923;Hameln-Pyrmont;Niedersachsen;2019-01-01;2020-12-31;286
992;C145R336;145;336;5430;DEA38;Warendorf;Nordrhein-Westfalen;2019-01-01;2020-12-31;293
993;C465R728;465;728;5431;DE227;Landshut, Landkreis;Bayern;2019-01-01;2020-12-31;276
994;C473R163;473;163;5432;DE80J;Mecklenburgische Seenplatte;Mecklenburg-Vorpommern;2019-01-01;2020-12-31;252
995;C121R364;121;364;5433;DEA35;Coesfeld;Nordrhein-Westfalen;2019-01-01;2020-12-31;287
996;C299R342;299;342;5434;DE925;Hildesheim;Niedersachsen;2019-01-01;2020-12-31;288
997;C550R190;550;190;5435;DE40I;Uckermark;Brandenburg;2019-01-01;2020-12-31;247
998;C249R603;249;603;5436;DE127;Neckar-Odenwald-Kreis;Baden-Württemberg;2019-01-01;2020-12-31;290
999;C260R48;260;48;5437;DEF0C;Schleswig-Flensburg;Schleswig-Holstein;2019-01-01;2020-12-31;265
1000;C502R36;502;36;5438;DE80L;Vorpommern-Rügen;Mecklenburg-Vorpommern;2019-01-01;2020-12-31;250
1001;C154R568;154;568;5439;DEB3J;Mainz-Bingen;Rheinland-Pfalz;2019-01-01;2020-12-31;299
1002;C133R542;133;542;5440;DEB1A;Rhein-Lahn-Kreis;Rheinland-Pfalz;2019-01-01;2020-12-31;301
1003;C445R80;445;80;5441;DE80L;Vorpommern-Rügen;Mecklenburg-Vorpommern;2019-01-01;2020-12-31;275
1004;C476R437;476;437;5442;DED52;Leipzig;Sachsen;2019-01-01;2020-12-31;282
1005;C308R82;308;82;5443;DEF0A;Plön;Schleswig-Holstein;2019-01-01;2020-12-31;277
1006;C439R751;439;751;5444;DE21A;Erding;Bayern;2019-01-01;2020-12-31;297
1007;C245R595;245;595;5445;DE11B;Main-Tauber-Kreis;Baden-Württemberg;2019-01-01;2020-12-31;290
1008;C246R312;246;312;5446;DE928;Schaumburg;Niedersachsen;2019-01-01;2020-12-31;286
1009;C303R568;303;568;5447;DE26B;Schweinfurt, Landkreis;Bayern;2019-01-01;2020-12-31;287
1010;C556R257;556;257;5448;DE409;Märkisch-Oderland;Brandenburg;2019-01-01;2020-12-31;280
1011;C485R695;485;695;5449;DE22B;Straubing-Bogen;Bayern;2019-01-01;2020-12-31;276
1012;C101R492;101;492;5450;DEB18;Neuwied;Rheinland-Pfalz;2019-01-01;2020-12-31;299
1013;C393R257;393;257;5451;DEE0D;Stendal;Sachsen-Anhalt;2019-01-01;2020-12-31;292
1014;C269R324;269;324;5452;DE925;Hildesheim;Niedersachsen;2019-01-01;2020-12-31;285
1015;C415R403;415;403;5453;DEE0B;Saalekreis;Sachsen-Anhalt;2019-01-01;2020-12-31;277
1016;C535R166;535;166;5454;DE40I;Uckermark;Brandenburg;2019-01-01;2020-12-31;254
1017;C478R70;478;70;5455;DE80L;Vorpommern-Rügen;Mecklenburg-Vorpommern;2019-01-01;2020-12-31;250
1018;C355R347;355;347;5456;DEE09;Harz;Sachsen-Anhalt;2019-01-01;2020-12-31;277
1019;C222R31;222;31;5457;DEF07;Nordfriesland;Schleswig-Holstein;2019-01-01;2020-12-31;265
1020;C406R214;406;214;5458;DE40F;Prignitz;Brandenburg;2019-01-01;2020-12-31;269
1021;C313R725;313;725;5459;DE11C;Heidenheim;Baden-Württemberg;2019-01-01;2020-12-31;285
1022;C217R252;217;252;5460;DE922;Diepholz;Niedersachsen;2019-01-01;2020-12-31;278
1023;C215R124;215;124;5461;DEF05;Dithmarschen;Schleswig-Holstein;2019-01-01;2020-12-31;260
1024;C286R396;286;396;5462;DE91C;Göttingen;Niedersachsen;2019-01-01;2020-12-31;288
1025;C114R157;114;157;5463;DE947;Aurich;Niedersachsen;2019-01-01;2020-12-31;305
1026;C160R654;160;654;5464;DEB3H;Südliche Weinstraße;Rheinland-Pfalz;2019-01-01;2020-12-31;302
1027;C125R833;125;833;5465;DE139;Lörrach;Baden-Württemberg;2019-01-01;2020-12-31;296
1028;C289R308;289;308;5466;DE929;Region Hannover;Niedersachsen;2019-01-01;2020-12-31;281
1029;C310R314;310;314;5467;DE91A;Peine;Niedersachsen;2019-01-01;2020-12-31;288
1030;C314R476;314;476;5468;DEG0Q;Schmalkalden-Meiningen;Thüringen;2019-01-01;2020-12-31;286
1031;C467R392;467;392;5469;DED53;Nordsachsen;Sachsen;2019-01-01;2020-12-31;275
1032;C357R228;357;228;5470;DE934;Lüchow-Dannenberg;Niedersachsen;2019-01-01;2020-12-31;288
1033;C263R301;263;301;5471;DE929;Region Hannover;Niedersachsen;2019-01-01;2020-12-31;286
1034;C241R764;241;764;5472;DE149;Sigmaringen;Baden-Württemberg;2019-01-01;2020-12-31;274
1035;C398R688;398;688;5473;DE219;Eichstätt;Bayern;2019-01-01;2020-12-31;266
1036;C409R342;409;342;5474;DEE0C;Salzlandkreis;Sachsen-Anhalt;2019-01-01;2020-12-31;268
1037;C310R550;310;550;5475;DE26B;Schweinfurt, Landkreis;Bayern;2019-01-01;2020-12-31;262
1038;C438R392;438;392;5476;DEE0B;Saalekreis;Sachsen-Anhalt;2019-01-01;2020-12-31;280
1039;C439R108;439;108;5477;DE80K;Landkreis Rostock;Mecklenburg-Vorpommern;2019-01-01;2020-12-31;274
1040;C477R64;477;64;5478;DE80L;Vorpommern-Rügen;Mecklenburg-Vorpommern;2019-01-01;2020-12-31;250
1041;C400R743;400;743;5479;DE217;Dachau;Bayern;2019-01-01;2020-12-31;295
1042;C552R185;552;185;5480;DE40I;Uckermark;Brandenburg;2019-01-01;2020-12-31;247
1043;C231R233;231;233;5481;DE93B;Verden;Niedersachsen;2019-01-01;2020-12-31;278
1044;C329R318;329;318;5482;DE91B;Wolfenbüttel;Niedersachsen;2019-01-01;2020-12-31;293
1045;C371R433;371;433;5483;DEG0D;Sömmerda;Thüringen;2019-01-01;2020-12-31;263
1046;C280R747;280;747;5484;DE145;Alb-Donau-Kreis;Baden-Württemberg;2019-01-01;2020-12-31;289
1047;C427R334;427;334;5485;DEE05;Anhalt-Bitterfeld;Sachsen-Anhalt;2019-01-01;2020-12-31;268
1048;C421R427;421;427;5486;DEE08;Burgenlandkreis;Sachsen-Anhalt;2019-01-01;2020-12-31;263
1049;C446R423;446;423;5487;DED52;Leipzig;Sachsen;2019-01-01;2020-12-31;280
1050;C272R78;272;78;5488;DEF0B;Rendsburg-Eckernförde;Schleswig-Holstein;2019-01-01;2020-12-31;263
1051;C617R434;617;434;5491;DED2D;Görlitz;Sachsen;2019-01-01;2020-12-31;270
1052;C292R354;292;354;5492;DE918;Northeim;Niedersachsen;2019-01-01;2020-12-31;266
1053;C408R653;408;653;5493;DE236;Neumarkt i. d. OPf.;Bayern;2019-01-01;2020-12-31;287
1054;C276R306;276;306;5494;DE929;Region Hannover;Niedersachsen;2019-01-01;2020-12-31;281
1055;C179R523;179;523;5495;DE718;Hochtaunuskreis;Hessen;2019-01-01;2020-12-31;287
1056;C110R504;110;504;5496;DEB18;Neuwied;Rheinland-Pfalz;2019-01-01;2020-12-31;284
1057;C190R503;190;503;5497;DE721;Gießen, Landkreis;Hessen;2019-01-01;2020-12-31;288
1058;C201R520;201;520;5498;DE71E;Wetteraukreis;Hessen;2019-01-01;2020-12-31;288
1059;C389R731;389;731;5499;DE275;Aichach-Friedberg;Bayern;2019-01-01;2020-12-31;295
1060;C460R389;460;389;5500;DED53;Nordsachsen;Sachsen;2019-01-01;2020-12-31;275
1061;C91R177;91;177;5502;DE947;Aurich;Niedersachsen;2019-01-01;2020-12-31;287
1062;C289R310;289;310;5503;DE925;Hildesheim;Niedersachsen;2019-01-01;2020-12-31;281
1063;C319R177;319;177;5504;DEF06;Herzogtum Lauenburg;Schleswig-Holstein;2019-01-01;2020-12-31;280
1064;C335R106;335;106;5505;DEF08;Ostholstein;Schleswig-Holstein;2019-01-01;2020-12-31;263
1065;C112R345;112;345;5506;DEA35;Coesfeld;Nordrhein-Westfalen;2019-01-01;2020-12-31;287
1066;C502R685;502;685;5507;DE224;Deggendorf;Bayern;2019-01-01;2020-12-31;287
1067;C503R476;503;476;5508;DED42;Erzgebirgskreis;Sachsen;2019-01-01;2020-12-31;275
1068;C408R267;408;267;5509;DEE0D;Stendal;Sachsen-Anhalt;2019-01-01;2020-12-31;276
1069;C406R374;406;374;5510;DEE0C;Salzlandkreis;Sachsen-Anhalt;2019-01-01;2020-12-31;277
1070;C350R718;350;718;5511;DE276;Augsburg, Landkreis;Bayern;2019-01-01;2020-12-31;291
1071;C277R140;277;140;5512;DEF0D;Segeberg;Schleswig-Holstein;2019-01-01;2020-12-31;271
1072;C382R311;382;311;5513;DEE07;Börde;Sachsen-Anhalt;2019-01-01;2020-12-31;263
1073;C284R691;284;691;5514;DE11D;Ostalbkreis;Baden-Württemberg;2019-01-01;2020-12-31;301
1074;C308R599;308;599;5515;DE268;Kitzingen;Bayern;2019-01-01;2020-12-31;285
1075;C125R288;125;288;5516;DEA37;Steinfurt;Nordrhein-Westfalen;2019-01-01;2020-12-31;291
1076;C491R720;491;720;5517;DE22C;Dingolfing-Landau;Bayern;2019-01-01;2020-12-31;288
1077;C508R418;508;418;5518;DED53;Nordsachsen;Sachsen;2019-01-01;2020-12-31;269
1078;C622R421;622;421;5519;DED2D;Görlitz;Sachsen;2019-01-01;2020-12-31;270
1079;C367R68;367;68;5520;DEF08;Ostholstein;Schleswig-Holstein;2019-01-01;2020-12-31;272
1080;C492R144;492;144;5521;DE80J;Mecklenburgische Seenplatte;Mecklenburg-Vorpommern;2019-01-01;2020-12-31;254
1081;C527R260;527;260;5522;DE405;Barnim;Brandenburg;2019-01-01;2020-12-31;280
1082;C439R428;439;428;5523;DEE08;Burgenlandkreis;Sachsen-Anhalt;2019-01-01;2020-12-31;276
1083;C220R536;220;536;5524;DE719;Main-Kinzig-Kreis;Hessen;2019-01-01;2020-12-31;284
1084;C497R63;497;63;5525;DE80L;Vorpommern-Rügen;Mecklenburg-Vorpommern;2019-01-01;2020-12-31;250
1085;C431R202;431;202;5526;DE40F;Prignitz;Brandenburg;2019-01-01;2020-12-31;267
1086;C257R136;257;136;5527;DEF0E;Steinburg;Schleswig-Holstein;2019-01-01;2020-12-31;271
1087;C304R341;304;341;5528;DE916;Goslar;Niedersachsen;2019-01-01;2020-12-31;288
1088;C371R358;371;358;5529;DEE09;Harz;Sachsen-Anhalt;2019-01-01;2020-12-31;267
1089;C307R333;307;333;5530;DE91B;Wolfenbüttel;Niedersachsen;2019-01-01;2020-12-31;279
1090;C410R105;410;105;5531;DE80K;Landkreis Rostock;Mecklenburg-Vorpommern;2019-01-01;2020-12-31;257
1091;C328R390;328;390;5532;DEG07;Nordhausen;Thüringen;2019-01-01;2020-12-31;260
1092;C468R122;468;122;5533;DE80J;Mecklenburgische Seenplatte;Mecklenburg-Vorpommern;2019-01-01;2020-12-31;254
1093;C342R427;342;427;5534;DEG09;Unstrut-Hainich-Kreis;Thüringen;2019-01-01;2020-12-31;261
1094;C316R111;316;111;5535;DEF0D;Segeberg;Schleswig-Holstein;2019-01-01;2020-12-31;283
1095;C456R673;456;673;5536;DE238;Regensburg, Landkreis;Bayern;2019-01-01;2020-12-31;303
1096;C373R146;373;146;5537;DE80M;Nordwestmecklenburg;Mecklenburg-Vorpommern;2019-01-01;2020-12-31;282
1097;C193R780;193;780;5539;DE137;Tuttlingen;Baden-Württemberg;2019-01-01;2020-12-31;273
1098;C463R80;463;80;5540;DE80L;Vorpommern-Rügen;Mecklenburg-Vorpommern;2019-01-01;2020-12-31;274
1099;C488R109;488;109;5541;DE80N;Vorpommern-Greifswald;Mecklenburg-Vorpommern;2019-01-01;2020-12-31;258
1100;C334R149;334;149;5542;DEF06;Herzogtum Lauenburg;Schleswig-Holstein;2019-01-01;2020-12-31;254
1101;C511R444;511;444;5543;DED43;Mittelsachsen;Sachsen;2019-01-01;2020-12-31;278
1102;C280R781;280;781;5544;DE146;Biberach;Baden-Württemberg;2019-01-01;2020-12-31;290
1103;C436R93;436;93;5545;DE80K;Landkreis Rostock;Mecklenburg-Vorpommern;2019-01-01;2020-12-31;275
1104;C221R235;221;235;5546;DE93B;Verden;Niedersachsen;2019-01-01;2020-12-31;278
1105;C267R145;267;145;5547;DEF09;Pinneberg;Schleswig-Holstein;2019-01-01;2020-12-31;271
1106;C437R705;437;705;5548;DE227;Landshut, Landkreis;Bayern;2019-01-01;2020-12-31;290
1107;C455R131;455;131;5549;DE80K;Landkreis Rostock;Mecklenburg-Vorpommern;2019-01-01;2020-12-31;252
1108;C350R75;350;75;5550;DEF08;Ostholstein;Schleswig-Holstein;2019-01-01;2020-12-31;272
1109;C465R470;465;470;5551;DED45;Zwickau;Sachsen;2019-01-01;2020-12-31;282
1110;C240R443;240;443;5552;DE735;Schwalm-Eder-Kreis;Hessen;2019-01-01;2020-12-31;277
1111;C317R431;317;431;5553;DEG09;Unstrut-Hainich-Kreis;Thüringen;2019-01-01;2020-12-31;257
1112;C418R393;418;393;5554;DEE0B;Saalekreis;Sachsen-Anhalt;2019-01-01;2020-12-31;277
1113;C449R450;449;450;5555;DEG0M;Altenburger Land;Thüringen;2019-01-01;2020-12-31;272
1114;C470R332;470;332;5556;DEE0E;Wittenberg;Sachsen-Anhalt;2019-01-01;2020-12-31;287
1115;C182R524;182;524;5557;DE718;Hochtaunuskreis;Hessen;2019-01-01;2020-12-31;287
1116;C141R737;141;737;5558;DE134;Ortenaukreis;Baden-Württemberg;2019-01-01;2020-12-31;287
1117;C545R200;545;200;5559;DE40I;Uckermark;Brandenburg;2019-01-01;2020-12-31;256
1118;C389R654;389;654;5560;DE236;Neumarkt i. d. OPf.;Bayern;2019-01-01;2020-12-31;288
1119;C261R388;261;388;5561;DE734;Kassel, Landkreis;Hessen;2019-01-01;2020-12-31;279
1120;C269R398;269;398;5562;DE91C;Göttingen;Niedersachsen;2019-01-01;2020-12-31;279
1121;C73R415;73;415;5563;DEA1C;Mettmann;Nordrhein-Westfalen;2019-01-01;2020-12-31;288
1122;C81R332;81;332;5564;DEA34;Borken;Nordrhein-Westfalen;2019-01-01;2020-12-31;289
1123;C426R336;426;336;5565;DEE05;Anhalt-Bitterfeld;Sachsen-Anhalt;2019-01-01;2020-12-31;268
1124;C422R326;422;326;5566;DEE06;Jerichower Land;Sachsen-Anhalt;2019-01-01;2020-12-31;268
1125;C511R398;511;398;5567;DED53;Nordsachsen;Sachsen;2019-01-01;2020-12-31;278
1126;C477R65;477;65;5568;DE80L;Vorpommern-Rügen;Mecklenburg-Vorpommern;2019-01-01;2020-12-31;250
1127;C400R334;400;334;5569;DEE0C;Salzlandkreis;Sachsen-Anhalt;2019-01-01;2020-12-31;287
1128;C329R754;329;754;5570;DE278;Günzburg;Bayern;2019-01-01;2020-12-31;292
1129;C483R148;483;148;5571;DE80J;Mecklenburgische Seenplatte;Mecklenburg-Vorpommern;2019-01-01;2020-12-31;254
1130;C307R510;307;510;5572;DE266;Rhön-Grabfeld;Bayern;2019-01-01;2020-12-31;260
1131;C202R488;202;488;5573;DE721;Gießen, Landkreis;Hessen;2019-01-01;2020-12-31;287
1132;C463R451;463;451;5574;DEG0M;Altenburger Land;Thüringen;2019-01-01;2020-12-31;282
1133;C429R106;429;106;5575;DE80K;Landkreis Rostock;Mecklenburg-Vorpommern;2019-01-01;2020-12-31;257
1134;C259R581;259;581;5576;DE26A;Main-Spessart;Bayern;2019-01-01;2020-12-31;290
1135;C448R503;448;503;5577;DED44;Vogtlandkreis;Sachsen;2019-01-01;2020-12-31;287
1136;C181R773;181;773;5578;DE136;Schwarzwald-Baar-Kreis;Baden-Württemberg;2019-01-01;2020-12-31;273
1137;C326R349;326;349;5579;DE916;Goslar;Niedersachsen;2019-01-01;2020-12-31;288
1138;C459R91;459;91;5580;DE80L;Vorpommern-Rügen;Mecklenburg-Vorpommern;2019-01-01;2020-12-31;274
1139;C241R304;241;304;5581;DE928;Schaumburg;Niedersachsen;2019-01-01;2020-12-31;284
1140;C567R419;567;419;5582;DED2C;Bautzen;Sachsen;2019-01-01;2020-12-31;263
1141;C480R62;480;62;5583;DE80L;Vorpommern-Rügen;Mecklenburg-Vorpommern;2019-01-01;2020-12-31;250
1142;C210R510;210;510;5584;DE721;Gießen, Landkreis;Hessen;2019-01-01;2020-12-31;271
1143;C344R310;344;310;5585;DE917;Helmstedt;Niedersachsen;2019-01-01;2020-12-31;283
1144;C392R103;392;103;5586;DE80K;Landkreis Rostock;Mecklenburg-Vorpommern;2019-01-01;2020-12-31;250
1145;C439R111;439;111;5587;DE80K;Landkreis Rostock;Mecklenburg-Vorpommern;2019-01-01;2020-12-31;274
1146;C373R408;373;408;5588;DEG0A;Kyffhäuserkreis;Thüringen;2019-01-01;2020-12-31;269
1147;C413R355;413;355;5590;DEE0C;Salzlandkreis;Sachsen-Anhalt;2019-01-01;2020-12-31;268
1148;C427R378;427;378;5591;DEE0B;Saalekreis;Sachsen-Anhalt;2019-01-01;2020-12-31;287
1149;C363R313;363;313;5592;DEE07;Börde;Sachsen-Anhalt;2019-01-01;2020-12-31;286
1150;C309R597;309;597;5593;DE268;Kitzingen;Bayern;2019-01-01;2020-12-31;285
1151;C430R527;430;527;5594;DE249;Hof, Landkreis;Bayern;2019-01-01;2020-12-31;257
1152;C280R568;280;568;5595;DE26A;Main-Spessart;Bayern;2019-01-01;2020-12-31;278
1153;C580R253;580;253;5596;DE409;Märkisch-Oderland;Brandenburg;2019-01-01;2020-12-31;280
1154;C341R338;341;338;5597;DEE09;Harz;Sachsen-Anhalt;2019-01-01;2020-12-31;277
1155;C327R124;327;124;5598;DEF08;Ostholstein;Schleswig-Holstein;2019-01-01;2020-12-31;280
1156;C392R406;392;406;5599;DEE0B;Saalekreis;Sachsen-Anhalt;2019-01-01;2020-12-31;269
1157;C352R757;352;757;5600;DE276;Augsburg, Landkreis;Bayern;2019-01-01;2020-12-31;296
1158;C239R666;239;666;5601;DE118;Heilbronn, Landkreis;Baden-Württemberg;2019-01-01;2020-12-31;303
1159;C352R125;352;125;5602;DE80M;Nordwestmecklenburg;Mecklenburg-Vorpommern;2019-01-01;2020-12-31;266
1160;C325R408;325;408;5603;DEG07;Nordhausen;Thüringen;2019-01-01;2020-12-31;280
1161;C529R105;529;105;5604;DE80N;Vorpommern-Greifswald;Mecklenburg-Vorpommern;2019-01-01;2020-12-31;256
1162;C233R387;233;387;5605;DEA44;Höxter;Nordrhein-Westfalen;2019-01-01;2020-12-31;280
1163;C428R377;428;377;5606;DEE0B;Saalekreis;Sachsen-Anhalt;2019-01-01;2020-12-31;287
1164;C481R750;481;750;5607;DE21G;Mühldorf a. Inn;Bayern;2019-01-01;2020-12-31;281
1165;C467R463;467;463;7102;DED45;Zwickau;Sachsen;2020-01-01;2021-12-31;281
1166;C234R691;234;691;7103;DE111;Stuttgart, Stadtkreis;Baden-Württemberg;2020-01-01;2021-12-31;297
1167;C453R701;453;701;7104;DE227;Landshut, Landkreis;Bayern;2020-01-01;2021-12-31;297
1168;C444R586;444;586;7105;DE237;Neustadt a. d. Waldnaab;Bayern;2020-01-01;2021-12-31;265
1169;C384R444;384;444;7106;DEG0G;Weimarer Land;Thüringen;2020-01-01;2021-12-31;274
1170;C312R621;312;621;7107;DE25A;Neustadt a. d. Aisch-Bad Windsheim;Bayern;2020-01-01;2021-12-31;285
1171;C359R146;359;146;7108;DE80M;Nordwestmecklenburg;Mecklenburg-Vorpommern;2020-01-01;2021-12-31;257
1172;C393R775;393;775;7109;DE21L;Starnberg;Bayern;2020-01-01;2021-12-31;283
1173;C453R175;453;175;7110;DE80J;Mecklenburgische Seenplatte;Mecklenburg-Vorpommern;2020-01-01;2021-12-31;259
1174;C313R785;313;785;7111;DE27C;Unterallgäu;Bayern;2020-01-01;2021-12-31;271
1175;C515R694;515;694;7112;DE224;Deggendorf;Bayern;2020-01-01;2021-12-31;285
1176;C333R335;333;335;7113;DEE09;Harz;Sachsen-Anhalt;2020-01-01;2021-12-31;279
1177;C428R538;428;538;7114;DE249;Hof, Landkreis;Bayern;2020-01-01;2021-12-31;295
1178;C511R120;511;120;7115;DE80N;Vorpommern-Greifswald;Mecklenburg-Vorpommern;2020-01-01;2021-12-31;259
1179;C361R348;361;348;7116;DEE09;Harz;Sachsen-Anhalt;2020-01-01;2021-12-31;275
1180;C50R474;50;474;7117;DEA26;Düren;Nordrhein-Westfalen;2020-01-01;2021-12-31;286
1181;C555R177;555;177;7118;DE40I;Uckermark;Brandenburg;2020-01-01;2021-12-31;257
1182;C343R138;343;138;7119;DE80M;Nordwestmecklenburg;Mecklenburg-Vorpommern;2020-01-01;2021-12-31;260
1183;C448R342;448;342;7120;DEE0E;Wittenberg;Sachsen-Anhalt;2020-01-01;2021-12-31;283
1184;C471R111;471;111;7121;DE80L;Vorpommern-Rügen;Mecklenburg-Vorpommern;2020-01-01;2021-12-31;255
1185;C220R395;220;395;7122;DE736;Waldeck-Frankenberg;Hessen;2020-01-01;2021-12-31;283
1186;C394R328;394;328;7123;DEE03;Magdeburg, Kreisfreie Stadt;Sachsen-Anhalt;2020-01-01;2021-12-31;281
1187;C415R121;415;121;7124;DE80K;Landkreis Rostock;Mecklenburg-Vorpommern;2020-01-01;2021-12-31;267
1188;C525R465;525;465;7125;DED43;Mittelsachsen;Sachsen;2020-01-01;2021-12-31;275
1189;C226R340;226;340;7126;DEA45;Lippe;Nordrhein-Westfalen;2020-01-01;2021-12-31;266
1190;C571R200;571;200;7127;DE40I;Uckermark;Brandenburg;2020-01-01;2021-12-31;239
1191;C183R593;183;593;7128;DE717;Groß-Gerau;Hessen;2020-01-01;2021-12-31;287
1192;C426R361;426;361;7129;DEE05;Anhalt-Bitterfeld;Sachsen-Anhalt;2020-01-01;2021-12-31;274
1193;C255R784;255;784;7130;DE149;Sigmaringen;Baden-Württemberg;2020-01-01;2021-12-31;292
1194;C419R496;419;496;7131;DEG0K;Saale-Orla-Kreis;Thüringen;2020-01-01;2021-12-31;283
1195;C372R752;372;752;7132;DE275;Aichach-Friedberg;Bayern;2020-01-01;2021-12-31;283
1196;C110R238;110;238;7133;DE949;Emsland;Niedersachsen;2020-01-01;2021-12-31;275
1197;C528R158;528;158;7134;DE80J;Mecklenburgische Seenplatte;Mecklenburg-Vorpommern;2020-01-01;2021-12-31;253
1198;C187R204;187;204;7135;DE501;Bremen, Kreisfreie Stadt;Bremen;2020-01-01;2021-12-31;278
1199;C252R479;252;479;7136;DE725;Vogelsbergkreis;Hessen;2020-01-01;2021-12-31;280
1200;C450R244;450;244;7137;DE40D;Ostprignitz-Ruppin;Brandenburg;2020-01-01;2021-12-31;279
1201;C441R644;441;644;7138;DE239;Schwandorf;Bayern;2020-01-01;2021-12-31;281
1202;C280R36;280;36;7139;DEF0C;Schleswig-Flensburg;Schleswig-Holstein;2020-01-01;2021-12-31;266
1203;C36R542;36;542;7140;DEB23;Eifelkreis Bitburg-Prüm;Rheinland-Pfalz;2020-01-01;2021-12-31;285
1204;C489R135;489;135;7141;DE80J;Mecklenburgische Seenplatte;Mecklenburg-Vorpommern;2020-01-01;2021-12-31;255
1205;C432R427;432;427;7142;DEE08;Burgenlandkreis;Sachsen-Anhalt;2020-01-01;2021-12-31;277
1206;C544R158;544;158;7143;DE80N;Vorpommern-Greifswald;Mecklenburg-Vorpommern;2020-01-01;2021-12-31;251
1207;C223R244;223;244;7144;DE922;Diepholz;Niedersachsen;2020-01-01;2021-12-31;288
1208;C111R586;111;586;7145;DEB14;Bad Kreuznach;Rheinland-Pfalz;2020-01-01;2021-12-31;273
1209;C120R499;120;499;7146;DEB18;Neuwied;Rheinland-Pfalz;2020-01-01;2021-12-31;283
1210;C274R331;274;331;7147;DE925;Hildesheim;Niedersachsen;2020-01-01;2021-12-31;283
1211;C280R32;280;32;7148;DEF0C;Schleswig-Flensburg;Schleswig-Holstein;2020-01-01;2021-12-31;266
1212;C500R255;500;255;7149;DE40A;Oberhavel;Brandenburg;2020-01-01;2021-12-31;277
1213;C509R340;509;340;7150;DE40H;Teltow-Fläming;Brandenburg;2020-01-01;2021-12-31;272
1214;C130R360;130;360;7151;DEA38;Warendorf;Nordrhein-Westfalen;2020-01-01;2021-12-31;286
1215;C209R247;209;247;7152;DE922;Diepholz;Niedersachsen;2020-01-01;2021-12-31;288
1216;C327R730;327;730;7153;DE277;Dillingen a.d. Donau;Bayern;2020-01-01;2021-12-31;282
1217;C359R415;359;415;7154;DEG0A;Kyffhäuserkreis;Thüringen;2020-01-01;2021-12-31;285
1218;C262R43;262;43;7155;DEF0C;Schleswig-Flensburg;Schleswig-Holstein;2020-01-01;2021-12-31;266
1219;C386R746;386;746;7156;DE217;Dachau;Bayern;2020-01-01;2021-12-31;292
1220;C356R300;356;300;7157;DE917;Helmstedt;Niedersachsen;2020-01-01;2021-12-31;277
1221;C125R189;125;189;7158;DE947;Aurich;Niedersachsen;2020-01-01;2021-12-31;290
1222;C95R648;95;648;7159;DEC05;Saarpfalz-Kreis;Saarland;2020-01-01;2021-12-31;287
1223;C133R588;133;588;7160;DEB14;Bad Kreuznach;Rheinland-Pfalz;2020-01-01;2021-12-31;283
1224;C426R477;426;477;7161;DEG0L;Greiz;Thüringen;2020-01-01;2021-12-31;283
1225;C483R115;483;115;7162;DE80J;Mecklenburgische Seenplatte;Mecklenburg-Vorpommern;2020-01-01;2021-12-31;255
1226;C210R532;210;532;7163;DE719;Main-Kinzig-Kreis;Hessen;2020-01-01;2021-12-31;283
1227;C374R411;374;411;7164;DEG0A;Kyffhäuserkreis;Thüringen;2020-01-01;2021-12-31;285
1228;C505R136;505;136;7165;DE80J;Mecklenburgische Seenplatte;Mecklenburg-Vorpommern;2020-01-01;2021-12-31;255
1229;C362R168;362;168;7166;DE80O;Ludwigslust-Parchim;Mecklenburg-Vorpommern;2020-01-01;2021-12-31;257
1230;C402R375;402;375;7167;DEE0C;Salzlandkreis;Sachsen-Anhalt;2020-01-01;2021-12-31;269
1231;C436R742;436;742;7168;DE21A;Erding;Bayern;2020-01-01;2021-12-31;296
1232;C329R224;329;224;7169;DE93A;Uelzen;Niedersachsen;2020-01-01;2021-12-31;279
1233;C344R207;344;207;7170;DE935;Lüneburg, Landkreis;Niedersachsen;2020-01-01;2021-12-31;279
1234;C410R489;410;489;7171;DEG0K;Saale-Orla-Kreis;Thüringen;2020-01-01;2021-12-31;283
1235;C152R390;152;390;7172;DEA5B;Soest;Nordrhein-Westfalen;2020-01-01;2021-12-31;273
1236;C362R789;362;789;7173;DE21E;Landsberg am Lech;Bayern;2020-01-01;2021-12-31;294
1237;C96R529;96;529;7174;DEB17;Mayen-Koblenz;Rheinland-Pfalz;2020-01-01;2021-12-31;283
1238;C404R135;404;135;7175;DE80K;Landkreis Rostock;Mecklenburg-Vorpommern;2020-01-01;2021-12-31;267
1239;C212R246;212;246;7176;DE922;Diepholz;Niedersachsen;2020-01-01;2021-12-31;288
1240;C427R208;427;208;7177;DE40F;Prignitz;Brandenburg;2020-01-01;2021-12-31;261
1241;C558R163;558;163;7178;DE80N;Vorpommern-Greifswald;Mecklenburg-Vorpommern;2020-01-01;2021-12-31;251
1242;C352R768;352;768;7179;DE276;Augsburg, Landkreis;Bayern;2020-01-01;2021-12-31;294
1243;C423R208;423;208;7180;DE40F;Prignitz;Brandenburg;2020-01-01;2021-12-31;261
1244;C345R296;345;296;7181;DE913;Wolfsburg, Kreisfreie Stadt;Niedersachsen;2020-01-01;2021-12-31;277
1245;C303R639;303;639;7182;DE256;Ansbach, Landkreis;Bayern;2020-01-01;2021-12-31;277
1246;C208R449;208;449;7183;DE736;Waldeck-Frankenberg;Hessen;2020-01-01;2021-12-31;276
1247;C250R448;250;448;7184;DE735;Schwalm-Eder-Kreis;Hessen;2020-01-01;2021-12-31;281
1248;C358R327;358;327;7185;DEE07;Börde;Sachsen-Anhalt;2020-01-01;2021-12-31;275
1249;C411R552;411;552;7186;DE246;Bayreuth, Landkreis;Bayern;2020-01-01;2021-12-31;265
1250;C315R773;315;773;7187;DE27C;Unterallgäu;Bayern;2020-01-01;2021-12-31;271
1251;C160R493;160;493;7188;DE722;Lahn-Dill-Kreis;Hessen;2020-01-01;2021-12-31;286
1252;C252R777;252;777;7189;DE149;Sigmaringen;Baden-Württemberg;2020-01-01;2021-12-31;275
1253;C146R581;146;581;7190;DEB3J;Mainz-Bingen;Rheinland-Pfalz;2020-01-01;2021-12-31;290
1254;C385R185;385;185;7191;DE80O;Ludwigslust-Parchim;Mecklenburg-Vorpommern;2020-01-01;2021-12-31;266
1255;C517R292;517;292;7192;DE40H;Teltow-Fläming;Brandenburg;2020-01-01;2021-12-31;285
1256;C364R338;364;338;7193;DEE09;Harz;Sachsen-Anhalt;2020-01-01;2021-12-31;275
1257;C532R268;532;268;7194;DE405;Barnim;Brandenburg;2020-01-01;2021-12-31;273
1258;C355R427;355;427;7195;DEG0D;Sömmerda;Thüringen;2020-01-01;2021-12-31;285
1259;C373R129;373;129;7196;DE80M;Nordwestmecklenburg;Mecklenburg-Vorpommern;2020-01-01;2021-12-31;269
1260;C392R428;392;428;7197;DEE08;Burgenlandkreis;Sachsen-Anhalt;2020-01-01;2021-12-31;279
1261;C200R325;200;325;7198;DEA43;Herford;Nordrhein-Westfalen;2020-01-01;2021-12-31;283
1262;C177R250;177;250;7199;DE94F;Vechta;Niedersachsen;2020-01-01;2021-12-31;272
1263;C305R613;305;613;7200;DE25A;Neustadt a. d. Aisch-Bad Windsheim;Bayern;2020-01-01;2021-12-31;278
1264;C501R381;501;381;7201;DED53;Nordsachsen;Sachsen;2020-01-01;2021-12-31;278
1265;C345R587;345;587;7202;DE257;Erlangen-Höchstadt;Bayern;2020-01-01;2021-12-31;278
1266;C221R344;221;344;7203;DEA45;Lippe;Nordrhein-Westfalen;2020-01-01;2021-12-31;266
1267;C437R485;437;485;7204;DEG0L;Greiz;Thüringen;2020-01-01;2021-12-31;283
1268;C384R761;384;761;7205;DE21C;Fürstenfeldbruck;Bayern;2020-01-01;2021-12-31;283
1269;C285R81;285;81;7206;DEF0B;Rendsburg-Eckernförde;Schleswig-Holstein;2020-01-01;2021-12-31;291
1270;C386R311;386;311;7207;DEE07;Börde;Sachsen-Anhalt;2020-01-01;2021-12-31;275
1271;C371R314;371;314;7208;DEE07;Börde;Sachsen-Anhalt;2020-01-01;2021-12-31;275
1272;C114R780;114;780;7209;DE132;Breisgau-Hochschwarzwald;Baden-Württemberg;2020-01-01;2021-12-31;299
1273;C264R596;264;596;7210;DE11B;Main-Tauber-Kreis;Baden-Württemberg;2020-01-01;2021-12-31;292
1274;C415R147;415;147;7211;DE80O;Ludwigslust-Parchim;Mecklenburg-Vorpommern;2020-01-01;2021-12-31;267
1275;C110R352;110;352;7212;DEA35;Coesfeld;Nordrhein-Westfalen;2020-01-01;2021-12-31;286
1276;C307R321;307;321;7213;DE912;Salzgitter, Kreisfreie Stadt;Niedersachsen;2020-01-01;2021-12-31;274
1277;C357R161;357;161;7214;DE80O;Ludwigslust-Parchim;Mecklenburg-Vorpommern;2020-01-01;2021-12-31;257
1278;C200R600;200;600;7215;DE715;Bergstraße;Hessen;2020-01-01;2021-12-31;295
1279;C479R451;479;451;7216;DED43;Mittelsachsen;Sachsen;2020-01-01;2021-12-31;286
1280;C157R611;157;611;7217;DEB3C;Bad Dürkheim;Rheinland-Pfalz;2020-01-01;2021-12-31;266
1281;C341R522;341;522;7218;DEG0E;Hildburghausen;Thüringen;2020-01-01;2021-12-31;282
1282;C42R358;42;358;7219;DEA34;Borken;Nordrhein-Westfalen;2020-01-01;2021-12-31;311
1283;C291R771;291;771;7220;DE146;Biberach;Baden-Württemberg;2020-01-01;2021-12-31;303
1284;C324R122;324;122;7221;DEF08;Ostholstein;Schleswig-Holstein;2020-01-01;2021-12-31;267
1285;C347R346;347;346;7222;DEE09;Harz;Sachsen-Anhalt;2020-01-01;2021-12-31;275
1286;C290R607;290;607;7223;DE26C;Würzburg, Landkreis;Bayern;2020-01-01;2021-12-31;285
1287;C308R152;308;152;7224;DEF0F;Stormarn;Schleswig-Holstein;2020-01-01;2021-12-31;262
1288;C145R727;145;727;7225;DE134;Ortenaukreis;Baden-Württemberg;2020-01-01;2021-12-31;286
1289;C282R316;282;316;7226;DE925;Hildesheim;Niedersachsen;2020-01-01;2021-12-31;279
1290;C421R656;421;656;7227;DE238;Regensburg, Landkreis;Bayern;2020-01-01;2021-12-31;283
1291;C282R40;282;40;7228;DEF0C;Schleswig-Flensburg;Schleswig-Holstein;2020-01-01;2021-12-31;266
1292;C279R750;279;750;7229;DE145;Alb-Donau-Kreis;Baden-Württemberg;2020-01-01;2021-12-31;293
1293;C465R457;465;457;7230;DEG0M;Altenburger Land;Thüringen;2020-01-01;2021-12-31;281
1294;C391R330;391;330;7231;DEE07;Börde;Sachsen-Anhalt;2020-01-01;2021-12-31;281
1295;C411R491;411;491;7232;DEG0K;Saale-Orla-Kreis;Thüringen;2020-01-01;2021-12-31;283
1296;C417R322;417;322;7233;DEE06;Jerichower Land;Sachsen-Anhalt;2020-01-01;2021-12-31;281
1297;C467R380;467;380;7234;DED53;Nordsachsen;Sachsen;2020-01-01;2021-12-31;274
1298;C121R548;121;548;7235;DEB1D;Rhein-Hunsrück-Kreis;Rheinland-Pfalz;2020-01-01;2021-12-31;288
1299;C317R178;317;178;7236;DEF06;Herzogtum Lauenburg;Schleswig-Holstein;2020-01-01;2021-12-31;267
1300;C174R266;174;266;7237;DE922;Diepholz;Niedersachsen;2020-01-01;2021-12-31;290
1301;C220R488;220;488;7238;DE725;Vogelsbergkreis;Hessen;2020-01-01;2021-12-31;274
1302;C236R666;236;666;7239;DE118;Heilbronn, Landkreis;Baden-Württemberg;2020-01-01;2021-12-31;282
1303;C278R322;278;322;7240;DE925;Hildesheim;Niedersachsen;2020-01-01;2021-12-31;283
1304;C290R92;290;92;7241;DEF0B;Rendsburg-Eckernförde;Schleswig-Holstein;2020-01-01;2021-12-31;279
1305;C456R420;456;420;7242;DED52;Leipzig;Sachsen;2020-01-01;2021-12-31;294
1306;C230R250;230;250;7243;DE927;Nienburg (Weser);Niedersachsen;2020-01-01;2021-12-31;288
1307;C207R742;207;742;7244;DE143;Zollernalbkreis;Baden-Württemberg;2020-01-01;2021-12-31;274
1308;C344R333;344;333;7245;DE917;Helmstedt;Niedersachsen;2020-01-01;2021-12-31;279
1309;C261R41;261;41;7247;DEF0C;Schleswig-Flensburg;Schleswig-Holstein;2020-01-01;2021-12-31;266
1310;C488R698;488;698;7248;DE22C;Dingolfing-Landau;Bayern;2020-01-01;2021-12-31;281
1311;C368R364;368;364;7249;DEE09;Harz;Sachsen-Anhalt;2020-01-01;2021-12-31;275
1312;C136R265;136;265;7250;DE94E;Osnabrück, Landkreis;Niedersachsen;2020-01-01;2021-12-31;297
1313;C337R259;337;259;7251;DE914;Gifhorn;Niedersachsen;2020-01-01;2021-12-31;291
1314;C429R417;429;417;7252;DEE08;Burgenlandkreis;Sachsen-Anhalt;2020-01-01;2021-12-31;275
1315;C257R52;257;52;7253;DEF0C;Schleswig-Flensburg;Schleswig-Holstein;2020-01-01;2021-12-31;266
1316;C352R158;352;158;7254;DE80M;Nordwestmecklenburg;Mecklenburg-Vorpommern;2020-01-01;2021-12-31;257
1317;C331R142;331;142;7255;DEF06;Herzogtum Lauenburg;Schleswig-Holstein;2020-01-01;2021-12-31;260
1318;C311R718;311;718;7256;DE11C;Heidenheim;Baden-Württemberg;2020-01-01;2021-12-31;287
1319;C52R457;52;457;7257;DEA27;Rhein-Erft-Kreis;Nordrhein-Westfalen;2020-01-01;2021-12-31;287
1320;C352R666;352;666;7258;DE25C;Weißenburg-Gunzenhausen;Bayern;2020-01-01;2021-12-31;287
1321;C323R213;323;213;7259;DE93A;Uelzen;Niedersachsen;2020-01-01;2021-12-31;279
1322;C473R211;473;211;7260;DE40D;Ostprignitz-Ruppin;Brandenburg;2020-01-01;2021-12-31;266
1323;C400R734;400;734;7261;DE21J;Pfaffenhofen a. d. Ilm;Bayern;2020-01-01;2021-12-31;292
1324;C296R314;296;314;7262;DE925;Hildesheim;Niedersachsen;2020-01-01;2021-12-31;279
1325;C621R401;621;401;7263;DED2D;Görlitz;Sachsen;2020-01-01;2021-12-31;252
1326;C348R150;348;150;7264;DE80M;Nordwestmecklenburg;Mecklenburg-Vorpommern;2020-01-01;2021-12-31;257
1327;C318R711;318;711;7265;DE277;Dillingen a.d. Donau;Bayern;2020-01-01;2021-12-31;287
1328;C280R453;280;453;7266;DE733;Hersfeld-Rotenburg;Hessen;2020-01-01;2021-12-31;266
1329;C471R427;471;427;7267;DED52;Leipzig;Sachsen;2020-01-01;2021-12-31;274
1330;C317R329;317;329;7268;DE912;Salzgitter, Kreisfreie Stadt;Niedersachsen;2020-01-01;2021-12-31;274
1331;C530R415;530;415;7269;DED2E;Meißen;Sachsen;2020-01-01;2021-12-31;293
1332;C359R359;359;359;7270;DEE09;Harz;Sachsen-Anhalt;2020-01-01;2021-12-31;275
1333;C463R137;463;137;7271;DE80J;Mecklenburgische Seenplatte;Mecklenburg-Vorpommern;2020-01-01;2021-12-31;257
1334;C291R406;291;406;7272;DEG06;Eichsfeld;Thüringen;2020-01-01;2021-12-31;264
1335;C448R387;448;387;7273;DED53;Nordsachsen;Sachsen;2020-01-01;2021-12-31;274
1336;C114R358;114;358;7274;DEA35;Coesfeld;Nordrhein-Westfalen;2020-01-01;2021-12-31;286
1337;C302R731;302;731;7275;DE145;Alb-Donau-Kreis;Baden-Württemberg;2020-01-01;2021-12-31;288
1338;C353R463;353;463;7276;DEG0T;Ilm-Kreis;Thüringen;2020-01-01;2021-12-31;267
1339;C62R468;62;468;7277;DEA27;Rhein-Erft-Kreis;Nordrhein-Westfalen;2020-01-01;2021-12-31;286
1340;C386R540;386;540;7278;DE24A;Kronach;Bayern;2020-01-01;2021-12-31;289
1341;C222R528;222;528;7279;DE71E;Wetteraukreis;Hessen;2020-01-01;2021-12-31;275
1342;C376R744;376;744;7280;DE275;Aichach-Friedberg;Bayern;2020-01-01;2021-12-31;283
1343;C243R385;243;385;7281;DEA44;Höxter;Nordrhein-Westfalen;2020-01-01;2021-12-31;286
1344;C234R396;234;396;7282;DEA44;Höxter;Nordrhein-Westfalen;2020-01-01;2021-12-31;268
1345;C231R270;231;270;7283;DE927;Nienburg (Weser);Niedersachsen;2020-01-01;2021-12-31;280
1346;C186R151;186;151;7284;DE932;Cuxhaven;Niedersachsen;2020-01-01;2021-12-31;272
1347;C352R313;352;313;7286;DE917;Helmstedt;Niedersachsen;2020-01-01;2021-12-31;276
1348;C298R562;298;562;7287;DE26B;Schweinfurt, Landkreis;Bayern;2020-01-01;2021-12-31;289
1349;C487R740;487;740;7288;DE214;Altötting;Bayern;2020-01-01;2021-12-31;286
1350;C324R449;324;449;7289;DEG0R;Wartburgkreis;Thüringen;2020-01-01;2021-12-31;274
1351;C426R111;426;111;7290;DE80K;Landkreis Rostock;Mecklenburg-Vorpommern;2020-01-01;2021-12-31;267
1352;C369R660;369;660;7291;DE25C;Weißenburg-Gunzenhausen;Bayern;2020-01-01;2021-12-31;286
1353;C254R306;254;306;7292;DE929;Region Hannover;Niedersachsen;2020-01-01;2021-12-31;284
1354;C515R736;515;736;7293;DE22A;Rottal-Inn;Bayern;2020-01-01;2021-12-31;282
1355;C285R602;285;602;7294;DE26C;Würzburg, Landkreis;Bayern;2020-01-01;2021-12-31;285
1356;C242R293;242;293;7295;DE928;Schaumburg;Niedersachsen;2020-01-01;2021-12-31;282
1357;C360R712;360;712;7296;DE27D;Donau-Ries;Bayern;2020-01-01;2021-12-31;265
1358;C326R521;326;521;7297;DEG0E;Hildburghausen;Thüringen;2020-01-01;2021-12-31;282
1359;C449R758;449;758;7298;DE21A;Erding;Bayern;2020-01-01;2021-12-31;296
1360;C383R413;383;413;7299;DEG0A;Kyffhäuserkreis;Thüringen;2020-01-01;2021-12-31;285
1361;C369R434;369;434;7300;DEG0D;Sömmerda;Thüringen;2020-01-01;2021-12-31;285
1362;C474R100;474;100;7301;DE80L;Vorpommern-Rügen;Mecklenburg-Vorpommern;2020-01-01;2021-12-31;259
1363;C351R122;351;122;7302;DE80M;Nordwestmecklenburg;Mecklenburg-Vorpommern;2020-01-01;2021-12-31;271
1364;C340R288;340;288;7303;DE913;Wolfsburg, Kreisfreie Stadt;Niedersachsen;2020-01-01;2021-12-31;280
1365;C411R370;411;370;7304;DEE0C;Salzlandkreis;Sachsen-Anhalt;2020-01-01;2021-12-31;269
1366;C364R142;364;142;7305;DE80M;Nordwestmecklenburg;Mecklenburg-Vorpommern;2020-01-01;2021-12-31;269
1367;C280R193;280;193;7306;DE933;Harburg;Niedersachsen;2020-01-01;2021-12-31;286
1368;C311R134;311;134;7307;DEF0F;Stormarn;Schleswig-Holstein;2020-01-01;2021-12-31;267
1369;C231R271;231;271;7308;DE927;Nienburg (Weser);Niedersachsen;2020-01-01;2021-12-31;280
1370;C438R445;438;445;7309;DEE08;Burgenlandkreis;Sachsen-Anhalt;2020-01-01;2021-12-31;277
1371;C261R348;261;348;7310;DE926;Holzminden;Niedersachsen;2020-01-01;2021-12-31;257
1372;C497R143;497;143;7311;DE80J;Mecklenburgische Seenplatte;Mecklenburg-Vorpommern;2020-01-01;2021-12-31;255
1373;C341R396;341;396;7312;DEG07;Nordhausen;Thüringen;2020-01-01;2021-12-31;260
1374;C504R451;504;451;7313;DED43;Mittelsachsen;Sachsen;2020-01-01;2021-12-31;286
1375;C533R127;533;127;7314;DE80N;Vorpommern-Greifswald;Mecklenburg-Vorpommern;2020-01-01;2021-12-31;253
1376;C422R421;422;421;7315;DEE08;Burgenlandkreis;Sachsen-Anhalt;2020-01-01;2021-12-31;279
1377;C138R151;138;151;7316;DE94H;Wittmund;Niedersachsen;2020-01-01;2021-12-31;265
1378;C333R697;333;697;7317;DE27D;Donau-Ries;Bayern;2020-01-01;2021-12-31;289
1379;C515R111;515;111;7318;DE80N;Vorpommern-Greifswald;Mecklenburg-Vorpommern;2020-01-01;2021-12-31;262
1380;C247R273;247;273;7319;DE929;Region Hannover;Niedersachsen;2020-01-01;2021-12-31;281
1381;C324R110;324;110;7320;DEF08;Ostholstein;Schleswig-Holstein;2020-01-01;2021-12-31;260
1382;C441R748;441;748;7321;DE21A;Erding;Bayern;2020-01-01;2021-12-31;296
1383;C528R93;528;93;7322;DE80N;Vorpommern-Greifswald;Mecklenburg-Vorpommern;2020-01-01;2021-12-31;262
1384;C342R96;342;96;7323;DEF08;Ostholstein;Schleswig-Holstein;2020-01-01;2021-12-31;268
1385;C487R389;487;389;7324;DED53;Nordsachsen;Sachsen;2020-01-01;2021-12-31;271
1386;C516R790;516;790;7325;DE215;Berchtesgadener Land;Bayern;2020-01-01;2021-12-31;287
1387;C490R158;490;158;7326;DE80J;Mecklenburgische Seenplatte;Mecklenburg-Vorpommern;2020-01-01;2021-12-31;253
1388;C270R80;270;80;7327;DEF0B;Rendsburg-Eckernförde;Schleswig-Holstein;2020-01-01;2021-12-31;266
1389;C489R702;489;702;7328;DE22C;Dingolfing-Landau;Bayern;2020-01-01;2021-12-31;281
1390;C270R193;270;193;7329;DE933;Harburg;Niedersachsen;2020-01-01;2021-12-31;274
1391;C447R498;447;498;7330;DED44;Vogtlandkreis;Sachsen;2020-01-01;2021-12-31;285
1392;C235R139;235;139;7331;DE939;Stade;Niedersachsen;2020-01-01;2021-12-31;286
1393;C197R684;197;684;7332;DE129;Pforzheim, Stadtkreis;Baden-Württemberg;2020-01-01;2021-12-31;287
1394;C346R144;346;144;7333;DE80M;Nordwestmecklenburg;Mecklenburg-Vorpommern;2020-01-01;2021-12-31;260
1395;C288R564;288;564;7334;DE26A;Main-Spessart;Bayern;2020-01-01;2021-12-31;289
1396;C400R129;400;129;7335;DE80M;Nordwestmecklenburg;Mecklenburg-Vorpommern;2020-01-01;2021-12-31;267
1397;C302R495;302;495;7336;DEG0Q;Schmalkalden-Meiningen;Thüringen;2020-01-01;2021-12-31;266
1398;C270R357;270;357;7337;DE918;Northeim;Niedersachsen;2020-01-01;2021-12-31;257
1399;C299R370;299;370;7338;DE91C;Göttingen;Niedersachsen;2020-01-01;2021-12-31;274
1400;C207R739;207;739;7339;DE142;Tübingen, Landkreis;Baden-Württemberg;2020-01-01;2021-12-31;274
1401;C436R424;436;424;7340;DEE08;Burgenlandkreis;Sachsen-Anhalt;2020-01-01;2021-12-31;275
1402;C470R453;470;453;7341;DEG0M;Altenburger Land;Thüringen;2020-01-01;2021-12-31;273
1403;C322R528;322;528;7342;DE266;Rhön-Grabfeld;Bayern;2020-01-01;2021-12-31;278
1404;C272R756;272;756;7343;DE145;Alb-Donau-Kreis;Baden-Württemberg;2020-01-01;2021-12-31;293
1405;C244R733;244;733;7344;DE141;Reutlingen;Baden-Württemberg;2020-01-01;2021-12-31;300
1406;C167R601;167;601;7345;DEB39;Worms, Kreisfreie Stadt;Rheinland-Pfalz;2020-01-01;2021-12-31;298
1407;C380R761;380;761;7346;DE21C;Fürstenfeldbruck;Bayern;2020-01-01;2021-12-31;283
1408;C282R377;282;377;7347;DE918;Northeim;Niedersachsen;2020-01-01;2021-12-31;264
1409;C366R728;366;728;7348;DE275;Aichach-Friedberg;Bayern;2020-01-01;2021-12-31;292
1410;C392R355;392;355;7349;DEE0C;Salzlandkreis;Sachsen-Anhalt;2020-01-01;2021-12-31;267
1411;C355R527;355;527;7350;DE247;Coburg, Landkreis;Bayern;2020-01-01;2021-12-31;276
1412;C299R354;299;354;7351;DE916;Goslar;Niedersachsen;2020-01-01;2021-12-31;274
1413;C193R615;193;615;7352;DE128;Rhein-Neckar-Kreis;Baden-Württemberg;2020-01-01;2021-12-31;285
1414;C395R198;395;198;7353;DE80O;Ludwigslust-Parchim;Mecklenburg-Vorpommern;2020-01-01;2021-12-31;266
1415;C206R324;206;324;7354;DEA43;Herford;Nordrhein-Westfalen;2020-01-01;2021-12-31;283
1416;C343R325;343;325;7355;DE91B;Wolfenbüttel;Niedersachsen;2020-01-01;2021-12-31;279
1417;C509R426;509;426;7356;DED43;Mittelsachsen;Sachsen;2020-01-01;2021-12-31;273
1418;C220R98;220;98;7357;DEF05;Dithmarschen;Schleswig-Holstein;2020-01-01;2021-12-31;263
1419;C383R269;383;269;7358;DEE0D;Stendal;Sachsen-Anhalt;2020-01-01;2021-12-31;285
1420;C278R769;278;769;7359;DE146;Biberach;Baden-Württemberg;2020-01-01;2021-12-31;293
1421;C266R577;266;577;7360;DE26A;Main-Spessart;Bayern;2020-01-01;2021-12-31;292
1422;C234R458;234;458;7361;DE735;Schwalm-Eder-Kreis;Hessen;2020-01-01;2021-12-31;273
1423;C219R97;219;97;7362;DEF05;Dithmarschen;Schleswig-Holstein;2020-01-01;2021-12-31;263
1424;C183R600;183;600;7363;DE715;Bergstraße;Hessen;2020-01-01;2021-12-31;295
1425;C522R461;522;461;7364;DED43;Mittelsachsen;Sachsen;2020-01-01;2021-12-31;275
1426;C378R318;378;318;7365;DEE07;Börde;Sachsen-Anhalt;2020-01-01;2021-12-31;275
1427;C364R132;364;132;7366;DE80M;Nordwestmecklenburg;Mecklenburg-Vorpommern;2020-01-01;2021-12-31;269
1428;C404R164;404;164;7367;DE80O;Ludwigslust-Parchim;Mecklenburg-Vorpommern;2020-01-01;2021-12-31;266
1429;C160R575;160;575;7368;DEB3B;Alzey-Worms;Rheinland-Pfalz;2020-01-01;2021-12-31;290
1430;C421R632;421;632;7369;DE234;Amberg-Sulzbach;Bayern;2020-01-01;2021-12-31;264
1431;C378R313;378;313;7370;DEE07;Börde;Sachsen-Anhalt;2020-01-01;2021-12-31;275
1432;C237R442;237;442;7371;DE735;Schwalm-Eder-Kreis;Hessen;2020-01-01;2021-12-31;281
1433;C303R128;303;128;7372;DEF0D;Segeberg;Schleswig-Holstein;2020-01-01;2021-12-31;267
1434;C58R454;58;454;7373;DEA27;Rhein-Erft-Kreis;Nordrhein-Westfalen;2020-01-01;2021-12-31;287
1435;C479R273;479;273;7374;DE408;Havelland;Brandenburg;2020-01-01;2021-12-31;277
1436;C382R134;382;134;7375;DE80M;Nordwestmecklenburg;Mecklenburg-Vorpommern;2020-01-01;2021-12-31;269
1437;C498R93;498;93;7376;DE80L;Vorpommern-Rügen;Mecklenburg-Vorpommern;2020-01-01;2021-12-31;259
1438;C160R380;160;380;7377;DEA5B;Soest;Nordrhein-Westfalen;2020-01-01;2021-12-31;277
1439;C204R389;204;389;7378;DEA47;Paderborn;Nordrhein-Westfalen;2020-01-01;2021-12-31;283
1440;C593R415;593;415;7379;DED2C;Bautzen;Sachsen;2020-01-01;2021-12-31;275
1441;C331R254;331;254;7380;DE914;Gifhorn;Niedersachsen;2020-01-01;2021-12-31;291
1442;C65R482;65;482;7381;DEA28;Euskirchen;Nordrhein-Westfalen;2020-01-01;2021-12-31;286
1443;C294R570;294;570;7382;DE26C;Würzburg, Landkreis;Bayern;2020-01-01;2021-12-31;289
1444;C414R491;414;491;7383;DEG0K;Saale-Orla-Kreis;Thüringen;2020-01-01;2021-12-31;283
1445;C280R763;280;763;7385;DE146;Biberach;Baden-Württemberg;2020-01-01;2021-12-31;293
1446;C519R462;519;462;7386;DED43;Mittelsachsen;Sachsen;2020-01-01;2021-12-31;275
1447;C406R676;406;676;7387;DE219;Eichstätt;Bayern;2020-01-01;2021-12-31;294
1448;C426R124;426;124;7388;DE80K;Landkreis Rostock;Mecklenburg-Vorpommern;2020-01-01;2021-12-31;267
1449;C412R435;412;435;7389;DEE08;Burgenlandkreis;Sachsen-Anhalt;2020-01-01;2021-12-31;279
1450;C394R119;394;119;7390;DE80M;Nordwestmecklenburg;Mecklenburg-Vorpommern;2020-01-01;2021-12-31;259
1451;C387R420;387;420;7391;DEG0A;Kyffhäuserkreis;Thüringen;2020-01-01;2021-12-31;279
1452;C334R402;334;402;7392;DEG07;Nordhausen;Thüringen;2020-01-01;2021-12-31;260
1453;C351R763;351;763;7393;DE276;Augsburg, Landkreis;Bayern;2020-01-01;2021-12-31;287
