projectid;simulationid;vColumn;vRow;vLocationID;vNUTS_ID;vNUTS_NAME;vSTATE_NAME;start_date;end_date;vIDPL;vYear
1;C199R517;199;517;940;DE71E;Wetteraukreis;Hessen;2017-01-01;2017-12-31;111;2017
2;C319R734;319;734;941;DE278;Günzburg;Bayern;2017-01-01;2017-12-31;102;2017
3;C414R691;414;691;942;DE219;Eichstätt;Bayern;2017-01-01;2017-12-31;108;2017
4;C370R404;370;404;943;DEE0A;Mansfeld-Südharz;Sachsen-Anhalt;2017-01-01;2017-12-31;112;2017
5;C156R597;156;597;944;DEB3B;Alzey-Worms;Rheinland-Pfalz;2017-01-01;2017-12-31;114;2017
6;C526R461;526;461;945;DED43;Mittelsachsen;Sachsen;2017-01-01;2017-12-31;126;2017
7;C355R768;355;768;946;DE21E;Landsberg am Lech;Bayern;2017-01-01;2017-12-31;113;2017
8;C174R593;174;593;947;DEB39;Worms, Kreisfreie Stadt;Rheinland-Pfalz;2017-01-01;2017-12-31;115;2017
9;C114R800;114;800;948;DE132;Breisgau-Hochschwarzwald;Baden-Württemberg;2017-01-01;2017-12-31;109;2017
10;C461R677;461;677;949;DE238;Regensburg, Landkreis;Bayern;2017-01-01;2017-12-31;105;2017
11;C145R277;145;277;950;DE94E;Osnabrück, Landkreis;Niedersachsen;2017-01-01;2017-12-31;113;2017
12;C233R61;233;61;951;DEF07;Nordfriesland;Schleswig-Holstein;2017-01-01;2017-12-31;112;2017
13;C250R303;250;303;952;DE929;Region Hannover;Niedersachsen;2017-01-01;2017-12-31;118;2017
14;C52R468;52;468;953;DEA27;Rhein-Erft-Kreis;Nordrhein-Westfalen;2017-01-01;2017-12-31;110;2017
15;C92R189;92;189;954;DE942;Emden, Kreisfreie Stadt;Niedersachsen;2017-01-01;2017-12-31;112;2017
16;C92R248;92;248;955;DE949;Emsland;Niedersachsen;2017-01-01;2017-12-31;110;2017
17;C300R124;300;124;956;DEF0D;Segeberg;Schleswig-Holstein;2017-01-01;2017-12-31;116;2017
18;C483R124;483;124;957;DE80J;Mecklenburgische Seenplatte;Mecklenburg-Vorpommern;2017-01-01;2017-12-31;128;2017
19;C306R582;306;582;958;DE268;Kitzingen;Bayern;2017-01-01;2017-12-31;110;2017
20;C56R436;56;436;959;DEA1D;Rhein-Kreis Neuss;Nordrhein-Westfalen;2017-01-01;2017-12-31;115;2017
21;C290R284;290;284;960;DE929;Region Hannover;Niedersachsen;2017-01-01;2017-12-31;115;2017
22;C234R112;234;112;961;DEF05;Dithmarschen;Schleswig-Holstein;2017-01-01;2017-12-31;110;2017
23;C172R622;172;622;962;DEB34;Ludwigshafen am Rhein, Kreisfreie Stadt;Rheinland-Pfalz;2017-01-01;2017-12-31;117;2017
24;C67R483;67;483;963;DEA28;Euskirchen;Nordrhein-Westfalen;2017-01-01;2017-12-31;114;2017
25;C92R292;92;292;964;DE94B;Grafschaft Bentheim;Niedersachsen;2017-01-01;2017-12-31;105;2017
26;C100R302;100;302;965;DE94B;Grafschaft Bentheim;Niedersachsen;2017-01-01;2017-12-31;114;2017
27;C373R232;373;232;966;DE934;Lüchow-Dannenberg;Niedersachsen;2017-01-01;2017-12-31;122;2017
28;C166R631;166;631;967;DEB3C;Bad Dürkheim;Rheinland-Pfalz;2017-01-01;2017-12-31;105;2017
29;C404R756;404;756;968;DE217;Dachau;Bayern;2017-01-01;2017-12-31;122;2017
30;C314R243;314;243;969;DE93A;Uelzen;Niedersachsen;2017-01-01;2017-12-31;108;2017
31;C349R647;349;647;970;DE256;Ansbach, Landkreis;Bayern;2017-01-01;2017-12-31;117;2017
32;C429R771;429;771;971;DE218;Ebersberg;Bayern;2017-01-01;2017-12-31;111;2017
33;C67R482;67;482;972;DEA28;Euskirchen;Nordrhein-Westfalen;2017-01-01;2017-12-31;114;2017
34;C106R239;106;239;973;DE949;Emsland;Niedersachsen;2017-01-01;2017-12-31;111;2017
35;C460R593;460;593;974;DE237;Neustadt a. d. Waldnaab;Bayern;2017-01-01;2017-12-31;119;2017
36;C411R748;411;748;975;DE21B;Freising;Bayern;2017-01-01;2017-12-31;109;2017
37;C453R122;453;122;976;DE80K;Landkreis Rostock;Mecklenburg-Vorpommern;2017-01-01;2017-12-31;124;2017
38;C352R440;352;440;977;DEG0D;Sömmerda;Thüringen;2017-01-01;2017-12-31;124;2017
39;C314R521;314;521;978;DE266;Rhön-Grabfeld;Bayern;2017-01-01;2017-12-31;114;2017
40;C168R621;168;621;979;DEB3I;Rhein-Pfalz-Kreis;Rheinland-Pfalz;2017-01-01;2017-12-31;97;2017
41;C289R251;289;251;980;DE931;Celle;Niedersachsen;2017-01-01;2017-12-31;115;2017
42;C470R633;470;633;981;DE239;Schwandorf;Bayern;2017-01-01;2017-12-31;113;2017
43;C465R468;465;468;982;DED45;Zwickau;Sachsen;2017-01-01;2017-12-31;120;2017
44;C362R703;362;703;983;DE27D;Donau-Ries;Bayern;2017-01-01;2017-12-31;107;2017
45;C463R678;463;678;984;DE238;Regensburg, Landkreis;Bayern;2017-01-01;2017-12-31;105;2017
46;C230R307;230;307;985;DE928;Schaumburg;Niedersachsen;2017-01-01;2017-12-31;113;2017
47;C51R357;51;357;986;DEA34;Borken;Nordrhein-Westfalen;2017-01-01;2017-12-31;108;2017
48;C377R710;377;710;987;DE21I;Neuburg-Schrobenhausen;Bayern;2017-01-01;2017-12-31;108;2017
49;C329R398;329;398;988;DEG07;Nordhausen;Thüringen;2017-01-01;2017-12-31;128;2017
50;C397R726;397;726;989;DE21J;Pfaffenhofen a. d. Ilm;Bayern;2017-01-01;2017-12-31;119;2017
51;C196R799;196;799;990;DE137;Tuttlingen;Baden-Württemberg;2017-01-01;2017-12-31;104;2017
52;C455R218;455;218;992;DE40D;Ostprignitz-Ruppin;Brandenburg;2017-01-01;2017-12-31;116;2017
53;C446R623;446;623;993;DE239;Schwandorf;Bayern;2017-01-01;2017-12-31;114;2017
54;C414R576;414;576;994;DE246;Bayreuth, Landkreis;Bayern;2017-01-01;2017-12-31;116;2017
55;C438R105;438;105;995;DE80K;Landkreis Rostock;Mecklenburg-Vorpommern;2017-01-01;2017-12-31;122;2017
56;C172R801;172;801;996;DE132;Breisgau-Hochschwarzwald;Baden-Württemberg;2017-01-01;2017-12-31;117;2017
57;C426R120;426;120;997;DE80K;Landkreis Rostock;Mecklenburg-Vorpommern;2017-01-01;2017-12-31;125;2017
58;C56R460;56;460;998;DEA27;Rhein-Erft-Kreis;Nordrhein-Westfalen;2017-01-01;2017-12-31;112;2017
59;C460R239;460;239;999;DE40D;Ostprignitz-Ruppin;Brandenburg;2017-01-01;2017-12-31;115;2017
60;C353R762;353;762;1000;DE276;Augsburg, Landkreis;Bayern;2017-01-01;2017-12-31;111;2017
61;C371R709;371;709;1001;DE21I;Neuburg-Schrobenhausen;Bayern;2017-01-01;2017-12-31;104;2017
62;C415R178;415;178;1002;DE80O;Ludwigslust-Parchim;Mecklenburg-Vorpommern;2017-01-01;2017-12-31;114;2017
63;C23R415;23;415;1003;DEA1E;Viersen;Nordrhein-Westfalen;2017-01-01;2017-12-31;100;2017
64;C422R751;422;751;1004;DE21H;München, Landkreis;Bayern;2017-01-01;2017-12-31;122;2017
65;C405R758;405;758;1005;DE212;München, Kreisfreie Stadt;Bayern;2017-01-01;2017-12-31;122;2017
66;C104R227;104;227;1006;DE949;Emsland;Niedersachsen;2017-01-01;2017-12-31;99;2017
67;C392R720;392;720;1007;DE21I;Neuburg-Schrobenhausen;Bayern;2017-01-01;2017-12-31;107;2017
68;C92R243;92;243;1008;DE949;Emsland;Niedersachsen;2017-01-01;2017-12-31;110;2017
69;C410R782;410;782;1009;DE21H;München, Landkreis;Bayern;2017-01-01;2017-12-31;111;2017
70;C423R762;423;762;1010;DE21H;München, Landkreis;Bayern;2017-01-01;2017-12-31;117;2017
71;C220R249;220;249;1011;DE922;Diepholz;Niedersachsen;2017-01-01;2017-12-31;113;2017
72;C427R784;427;784;1012;DE21H;München, Landkreis;Bayern;2017-01-01;2017-12-31;122;2017
73;C77R275;77;275;1013;DE94B;Grafschaft Bentheim;Niedersachsen;2017-01-01;2017-12-31;120;2017
74;C54R420;54;420;1014;DEA1D;Rhein-Kreis Neuss;Nordrhein-Westfalen;2017-01-01;2017-12-31;105;2017
75;C139R394;139;394;1015;DEA5B;Soest;Nordrhein-Westfalen;2017-01-01;2017-12-31;115;2017
76;C308R272;308;272;1016;DE931;Celle;Niedersachsen;2017-01-01;2017-12-31;117;2017
77;C435R762;435;762;1017;DE218;Ebersberg;Bayern;2017-01-01;2017-12-31;113;2017
78;C23R454;23;454;1018;DEA26;Düren;Nordrhein-Westfalen;2017-01-01;2017-12-31;116;2017
79;C179R610;179;610;1019;DE126;Mannheim, Stadtkreis;Baden-Württemberg;2017-01-01;2017-12-31;101;2017
80;C147R269;147;269;1020;DE94E;Osnabrück, Landkreis;Niedersachsen;2017-01-01;2017-12-31;125;2017
81;C65R281;65;281;1021;DE94B;Grafschaft Bentheim;Niedersachsen;2017-01-01;2017-12-31;104;2017
82;C134R388;134;388;1022;DEA5C;Unna;Nordrhein-Westfalen;2017-01-01;2017-12-31;110;2017
83;C151R276;151;276;1023;DE94E;Osnabrück, Landkreis;Niedersachsen;2017-01-01;2017-12-31;113;2017
84;C452R232;452;232;1024;DE40D;Ostprignitz-Ruppin;Brandenburg;2017-01-01;2017-12-31;102;2017
85;C190R251;190;251;1025;DE922;Diepholz;Niedersachsen;2017-01-01;2017-12-31;114;2017
86;C346R765;346;765;1026;DE276;Augsburg, Landkreis;Bayern;2017-01-01;2017-12-31;111;2017
87;C308R585;308;585;1027;DE268;Kitzingen;Bayern;2017-01-01;2017-12-31;109;2017
88;C349R272;349;272;1028;DE914;Gifhorn;Niedersachsen;2017-01-01;2017-12-31;116;2017
89;C475R682;475;682;1029;DE22B;Straubing-Bogen;Bayern;2017-01-01;2017-12-31;104;2017
90;C370R767;370;767;1030;DE21E;Landsberg am Lech;Bayern;2017-01-01;2017-12-31;107;2017
91;C102R533;102;533;1031;DEB17;Mayen-Koblenz;Rheinland-Pfalz;2017-01-01;2017-12-31;109;2017
92;C170R614;170;614;1032;DEB31;Frankenthal (Pfalz), Kreisfreie Stadt;Rheinland-Pfalz;2017-01-01;2017-12-31;107;2017
93;C199R534;199;534;1033;DE71E;Wetteraukreis;Hessen;2017-01-01;2017-12-31;104;2017
94;C214R98;214;98;1034;DEF05;Dithmarschen;Schleswig-Holstein;2017-01-01;2017-12-31;108;2017
95;C384R793;384;793;1035;DE21L;Starnberg;Bayern;2017-01-01;2017-12-31;116;2017
96;C461R107;461;107;1036;DE80L;Vorpommern-Rügen;Mecklenburg-Vorpommern;2017-01-01;2017-12-31;122;2017
97;C120R791;120;791;1037;DE132;Breisgau-Hochschwarzwald;Baden-Württemberg;2017-01-01;2017-12-31;112;2017
98;C372R604;372;604;1038;DE248;Forchheim;Bayern;2017-01-01;2017-12-31;125;2017
99;C402R348;402;348;1039;DEE0C;Salzlandkreis;Sachsen-Anhalt;2017-01-01;2017-12-31;117;2017
100;C376R713;376;713;1040;DE21I;Neuburg-Schrobenhausen;Bayern;2017-01-01;2017-12-31;108;2017
101;C304R307;304;307;1041;DE91A;Peine;Niedersachsen;2017-01-01;2017-12-31;96;2017
102;C464R672;464;672;1042;DE238;Regensburg, Landkreis;Bayern;2017-01-01;2017-12-31;123;2017
103;C398R755;398;755;1043;DE217;Dachau;Bayern;2017-01-01;2017-12-31;122;2017
104;C20R464;20;464;1044;DEA2D;Städteregion Aachen;Nordrhein-Westfalen;2017-01-01;2017-12-31;112;2017
105;C359R327;359;327;1045;DEE07;Börde;Sachsen-Anhalt;2017-01-01;2017-12-31;116;2017
106;C304R524;304;524;1046;DE266;Rhön-Grabfeld;Bayern;2017-01-01;2017-12-31;112;2017
107;C109R269;109;269;1047;DE949;Emsland;Niedersachsen;2017-01-01;2017-12-31;116;2017
108;C533R414;533;414;1048;DED2E;Meißen;Sachsen;2017-01-01;2017-12-31;134;2017
109;C55R469;55;469;1049;DEA26;Düren;Nordrhein-Westfalen;2017-01-01;2017-12-31;110;2017
110;C221R127;221;127;1050;DEF05;Dithmarschen;Schleswig-Holstein;2017-01-01;2017-12-31;112;2017
111;C126R290;126;290;1051;DEA37;Steinfurt;Nordrhein-Westfalen;2017-01-01;2017-12-31;118;2017
112;C344R243;344;243;1052;DE934;Lüchow-Dannenberg;Niedersachsen;2017-01-01;2017-12-31;111;2017
113;C627R445;627;445;1053;DED2D;Görlitz;Sachsen;2017-01-01;2017-12-31;133;2017
114;C297R298;297;298;1054;DE929;Region Hannover;Niedersachsen;2017-01-01;2017-12-31;97;2017
115;C231R65;231;65;1055;DEF07;Nordfriesland;Schleswig-Holstein;2017-01-01;2017-12-31;112;2017
116;C175R365;175;365;1056;DEA42;Gütersloh;Nordrhein-Westfalen;2017-01-01;2017-12-31;117;2017
117;C485R681;485;681;1057;DE223;Straubing, Kreisfreie Stadt;Bayern;2017-01-01;2017-12-31;105;2017
118;C419R756;419;756;1058;DE21H;München, Landkreis;Bayern;2017-01-01;2017-12-31;109;2017
119;C189R264;189;264;1059;DE922;Diepholz;Niedersachsen;2017-01-01;2017-12-31;96;2017
120;C483R485;483;485;1060;DED42;Erzgebirgskreis;Sachsen;2017-01-01;2017-12-31;128;2017
121;C338R681;338;681;1061;DE27D;Donau-Ries;Bayern;2017-01-01;2017-12-31;108;2017
122;C317R272;317;272;1062;DE914;Gifhorn;Niedersachsen;2017-01-01;2017-12-31;106;2017
123;C499R113;499;113;1063;DE80N;Vorpommern-Greifswald;Mecklenburg-Vorpommern;2017-01-01;2017-12-31;130;2017
124;C267R184;267;184;1064;DE933;Harburg;Niedersachsen;2017-01-01;2017-12-31;118;2017
125;C510R109;510;109;1065;DE80N;Vorpommern-Greifswald;Mecklenburg-Vorpommern;2017-01-01;2017-12-31;116;2017
126;C383R716;383;716;1066;DE21I;Neuburg-Schrobenhausen;Bayern;2017-01-01;2017-12-31;105;2017
127;C102R240;102;240;1067;DE949;Emsland;Niedersachsen;2017-01-01;2017-12-31;111;2017
128;C249R199;249;199;1068;DE937;Rotenburg (Wümme);Niedersachsen;2017-01-01;2017-12-31;116;2017
129;C93R252;93;252;1069;DE949;Emsland;Niedersachsen;2017-01-01;2017-12-31;110;2017
130;C475R679;475;679;1070;DE22B;Straubing-Bogen;Bayern;2017-01-01;2017-12-31;104;2017
131;C344R222;344;222;1071;DE934;Lüchow-Dannenberg;Niedersachsen;2017-01-01;2017-12-31;114;2017
132;C363R703;363;703;1072;DE27D;Donau-Ries;Bayern;2017-01-01;2017-12-31;107;2017
133;C350R458;350;458;1073;DEG0C;Gotha;Thüringen;2017-01-01;2017-12-31;119;2017
134;C98R353;98;353;1074;DEA35;Coesfeld;Nordrhein-Westfalen;2017-01-01;2017-12-31;119;2017
135;C56R436;56;436;1075;DEA1D;Rhein-Kreis Neuss;Nordrhein-Westfalen;2017-01-01;2017-12-31;115;2017
136;C619R419;619;419;1076;DED2D;Görlitz;Sachsen;2017-01-01;2017-12-31;130;2017
137;C217R85;217;85;1077;DEF05;Dithmarschen;Schleswig-Holstein;2017-01-01;2017-12-31;125;2017
138;C71R480;71;480;1078;DEA28;Euskirchen;Nordrhein-Westfalen;2017-01-01;2017-12-31;108;2017
139;C169R436;169;436;1079;DEA57;Hochsauerlandkreis;Nordrhein-Westfalen;2017-01-01;2017-12-31;125;2017
140;C397R351;397;351;1080;DEE0C;Salzlandkreis;Sachsen-Anhalt;2017-01-01;2017-12-31;117;2017
141;C30R366;30;366;1081;DEA1B;Kleve;Nordrhein-Westfalen;2017-01-01;2017-12-31;90;2017
142;C488R680;488;680;1082;DE22B;Straubing-Bogen;Bayern;2017-01-01;2017-12-31;105;2017
143;C450R676;450;676;1084;DE238;Regensburg, Landkreis;Bayern;2017-01-01;2017-12-31;109;2017
144;C310R258;310;258;1085;DE931;Celle;Niedersachsen;2017-01-01;2017-12-31;115;2017
145;C461R696;461;696;1086;DE22B;Straubing-Bogen;Bayern;2017-01-01;2017-12-31;110;2017
146;C443R219;443;219;1087;DE40D;Ostprignitz-Ruppin;Brandenburg;2017-01-01;2017-12-31;120;2017
147;C510R109;510;109;1088;DE80N;Vorpommern-Greifswald;Mecklenburg-Vorpommern;2017-01-01;2017-12-31;116;2017
148;C352R280;352;280;1089;DE914;Gifhorn;Niedersachsen;2017-01-01;2017-12-31;116;2017
149;C190R627;190;627;1090;DE125;Heidelberg, Stadtkreis;Baden-Württemberg;2017-01-01;2017-12-31;110;2017
150;C307R679;307;679;1091;DE11D;Ostalbkreis;Baden-Württemberg;2017-01-01;2017-12-31;115;2017
151;C411R274;411;274;1092;DEE0D;Stendal;Sachsen-Anhalt;2017-01-01;2017-12-31;120;2017
152;C494R677;494;677;1093;DE22B;Straubing-Bogen;Bayern;2017-01-01;2017-12-31;115;2017
153;C416R125;416;125;1094;DE80K;Landkreis Rostock;Mecklenburg-Vorpommern;2017-01-01;2017-12-31;121;2017
154;C393R713;393;713;1095;DE21I;Neuburg-Schrobenhausen;Bayern;2017-01-01;2017-12-31;101;2017
155;C173R595;173;595;1096;DEB39;Worms, Kreisfreie Stadt;Rheinland-Pfalz;2017-01-01;2017-12-31;115;2017
156;C179R272;179;272;1097;DE922;Diepholz;Niedersachsen;2017-01-01;2017-12-31;122;2017
157;C389R721;389;721;1098;DE21I;Neuburg-Schrobenhausen;Bayern;2017-01-01;2017-12-31;107;2017
158;C41R475;41;475;1099;DEA26;Düren;Nordrhein-Westfalen;2017-01-01;2017-12-31;113;2017
159;C424R765;424;765;1100;DE21H;München, Landkreis;Bayern;2017-01-01;2017-12-31;117;2017
160;C467R442;467;442;1101;DED52;Leipzig;Sachsen;2017-01-01;2017-12-31;126;2017
161;C421R121;421;121;1102;DE80K;Landkreis Rostock;Mecklenburg-Vorpommern;2017-01-01;2017-12-31;117;2017
162;C150R268;150;268;1103;DE94E;Osnabrück, Landkreis;Niedersachsen;2017-01-01;2017-12-31;120;2017
163;C467R459;467;459;1104;DED45;Zwickau;Sachsen;2017-01-01;2017-12-31;120;2017
164;C249R209;249;209;1105;DE937;Rotenburg (Wümme);Niedersachsen;2017-01-01;2017-12-31;108;2017
165;C442R764;442;764;1106;DE218;Ebersberg;Bayern;2017-01-01;2017-12-31;110;2017
166;C499R38;499;38;1107;DE80L;Vorpommern-Rügen;Mecklenburg-Vorpommern;2017-01-01;2017-12-31;134;2017
167;C503R140;503;140;1108;DE80J;Mecklenburgische Seenplatte;Mecklenburg-Vorpommern;2017-01-01;2017-12-31;122;2017
168;C163R264;163;264;1109;DE94F;Vechta;Niedersachsen;2017-01-01;2017-12-31;116;2017
169;C403R432;403;432;1110;DEE08;Burgenlandkreis;Sachsen-Anhalt;2017-01-01;2017-12-31;125;2017
170;C5R445;5;445;1111;DEA29;Heinsberg;Nordrhein-Westfalen;2017-01-01;2017-12-31;96;2017
171;C219R99;219;99;1112;DEF05;Dithmarschen;Schleswig-Holstein;2017-01-01;2017-12-31;104;2017
172;C571R436;571;436;1113;DED2F;Sächsische Schweiz-Osterzgebirge;Sachsen;2017-01-01;2017-12-31;130;2017
173;C461R107;461;107;1114;DE80L;Vorpommern-Rügen;Mecklenburg-Vorpommern;2017-01-01;2017-12-31;122;2017
174;C162R660;162;660;1115;DEB3H;Südliche Weinstraße;Rheinland-Pfalz;2017-01-01;2017-12-31;108;2017
175;C511R109;511;109;1116;DE80N;Vorpommern-Greifswald;Mecklenburg-Vorpommern;2017-01-01;2017-12-31;116;2017
176;C398R766;398;766;1117;DE212;München, Kreisfreie Stadt;Bayern;2017-01-01;2017-12-31;114;2017
177;C217R96;217;96;1118;DEF05;Dithmarschen;Schleswig-Holstein;2017-01-01;2017-12-31;104;2017
178;C319R720;319;720;1119;DE277;Dillingen a.d. Donau;Bayern;2017-01-01;2017-12-31;120;2017
179;C217R125;217;125;1120;DEF05;Dithmarschen;Schleswig-Holstein;2017-01-01;2017-12-31;112;2017
180;C215R92;215;92;1121;DEF05;Dithmarschen;Schleswig-Holstein;2017-01-01;2017-12-31;108;2017
181;C468R681;468;681;1122;DE238;Regensburg, Landkreis;Bayern;2017-01-01;2017-12-31;105;2017
182;C29R407;29;407;1123;DEA1B;Kleve;Nordrhein-Westfalen;2017-01-01;2017-12-31;98;2017
183;C349R786;349;786;1124;DE27B;Ostallgäu;Bayern;2017-01-01;2017-12-31;115;2017
184;C209R101;209;101;1125;DEF05;Dithmarschen;Schleswig-Holstein;2017-01-01;2017-12-31;108;2017
185;C478R684;478;684;1126;DE223;Straubing, Kreisfreie Stadt;Bayern;2017-01-01;2017-12-31;105;2017
186;C441R457;441;457;1127;DEG0L;Greiz;Thüringen;2017-01-01;2017-12-31;118;2017
187;C221R102;221;102;1128;DEF05;Dithmarschen;Schleswig-Holstein;2017-01-01;2017-12-31;104;2017
188;C427R117;427;117;1129;DE80K;Landkreis Rostock;Mecklenburg-Vorpommern;2017-01-01;2017-12-31;117;2017
189;C172R589;172;589;1130;DEB3B;Alzey-Worms;Rheinland-Pfalz;2017-01-01;2017-12-31;109;2017
190;C217R95;217;95;1131;DEF05;Dithmarschen;Schleswig-Holstein;2017-01-01;2017-12-31;108;2017
191;C51R360;51;360;1132;DEA34;Borken;Nordrhein-Westfalen;2017-01-01;2017-12-31;100;2017
192;C452R619;452;619;1133;DE239;Schwandorf;Bayern;2017-01-01;2017-12-31;116;2017
193;C165R643;165;643;1134;DEB3E;Germersheim;Rheinland-Pfalz;2017-01-01;2017-12-31;106;2017
194;C285R264;285;264;1135;DE931;Celle;Niedersachsen;2017-01-01;2017-12-31;110;2017
195;C100R535;100;535;1136;DEB17;Mayen-Koblenz;Rheinland-Pfalz;2017-01-01;2017-12-31;109;2017
196;C379R722;379;722;1137;DE21I;Neuburg-Schrobenhausen;Bayern;2017-01-01;2017-12-31;106;2017
197;C94R243;94;243;1138;DE949;Emsland;Niedersachsen;2017-01-01;2017-12-31;110;2017
198;C418R694;418;694;1139;DE21J;Pfaffenhofen a. d. Ilm;Bayern;2017-01-01;2017-12-31;114;2017
199;C25R457;25;457;1142;DEA26;Düren;Nordrhein-Westfalen;2017-01-01;2017-12-31;116;2017
200;C387R418;387;418;1143;DEG0A;Kyffhäuserkreis;Thüringen;2017-01-01;2017-12-31;116;2017
201;C46R436;46;436;1144;DEA1D;Rhein-Kreis Neuss;Nordrhein-Westfalen;2017-01-01;2017-12-31;111;2017
202;C443R381;443;381;1145;DEE05;Anhalt-Bitterfeld;Sachsen-Anhalt;2017-01-01;2017-12-31;119;2017
203;C173R623;173;623;1146;DEB3I;Rhein-Pfalz-Kreis;Rheinland-Pfalz;2017-01-01;2017-12-31;117;2017
204;C165R386;165;386;1147;DEA5B;Soest;Nordrhein-Westfalen;2017-01-01;2017-12-31;107;2017
205;C178R247;178;247;1148;DE94F;Vechta;Niedersachsen;2017-01-01;2017-12-31;118;2017
206;C187R306;187;306;1149;DEA46;Minden-Lübbecke;Nordrhein-Westfalen;2017-01-01;2017-12-31;124;2017
207;C477R753;477;753;1150;DE21G;Mühldorf a. Inn;Bayern;2017-01-01;2017-12-31;117;2017
208;C215R182;215;182;1151;DE937;Rotenburg (Wümme);Niedersachsen;2017-01-01;2017-12-31;118;2017
209;C168R646;168;646;1152;DEB3E;Germersheim;Rheinland-Pfalz;2017-01-01;2017-12-31;106;2017
210;C68R486;68;486;1153;DEA28;Euskirchen;Nordrhein-Westfalen;2017-01-01;2017-12-31;114;2017
211;C401R642;401;642;1154;DE236;Neumarkt i. d. OPf.;Bayern;2017-01-01;2017-12-31;114;2017
212;C450R616;450;616;1155;DE239;Schwandorf;Bayern;2017-01-01;2017-12-31;116;2017
213;C167R610;167;610;1156;DEB3C;Bad Dürkheim;Rheinland-Pfalz;2017-01-01;2017-12-31;96;2017
214;C203R525;203;525;1157;DE71E;Wetteraukreis;Hessen;2017-01-01;2017-12-31;111;2017
215;C414R750;414;750;1158;DE21B;Freising;Bayern;2017-01-01;2017-12-31;109;2017
216;C381R342;381;342;1159;DEE0C;Salzlandkreis;Sachsen-Anhalt;2017-01-01;2017-12-31;115;2017
217;C212R101;212;101;1160;DEF05;Dithmarschen;Schleswig-Holstein;2017-01-01;2017-12-31;104;2017
218;C340R239;340;239;1161;DE93A;Uelzen;Niedersachsen;2017-01-01;2017-12-31;115;2017
219;C420R755;420;755;1162;DE21H;München, Landkreis;Bayern;2017-01-01;2017-12-31;109;2017
220;C93R564;93;564;1163;DEB1C;Cochem-Zell;Rheinland-Pfalz;2017-01-01;2017-12-31;115;2017
221;C486R117;486;117;1164;DE80J;Mecklenburgische Seenplatte;Mecklenburg-Vorpommern;2017-01-01;2017-12-31;130;2017
222;C462R466;462;466;1165;DED45;Zwickau;Sachsen;2017-01-01;2017-12-31;120;2017
223;C93R283;93;283;1166;DE94B;Grafschaft Bentheim;Niedersachsen;2017-01-01;2017-12-31;105;2017
224;C501R119;501;119;1167;DE80N;Vorpommern-Greifswald;Mecklenburg-Vorpommern;2017-01-01;2017-12-31;130;2017
225;C60R442;60;442;1168;DEA1D;Rhein-Kreis Neuss;Nordrhein-Westfalen;2017-01-01;2017-12-31;109;2017
226;C229R304;229;304;1169;DE928;Schaumburg;Niedersachsen;2017-01-01;2017-12-31;113;2017
227;C211R84;211;84;1170;DEF07;Nordfriesland;Schleswig-Holstein;2017-01-01;2017-12-31;130;2017
228;C557R367;557;367;1171;DE40B;Oberspreewald-Lausitz;Brandenburg;2017-01-01;2017-12-31;118;2017
229;C124R768;124;768;1172;DE133;Emmendingen;Baden-Württemberg;2017-01-01;2017-12-31;111;2017
230;C143R530;143;530;1173;DEB1A;Rhein-Lahn-Kreis;Rheinland-Pfalz;2017-01-01;2017-12-31;114;2017
231;C487R717;487;717;1174;DE22C;Dingolfing-Landau;Bayern;2017-01-01;2017-12-31;106;2017
232;C51R420;51;420;1175;DEA1E;Viersen;Nordrhein-Westfalen;2017-01-01;2017-12-31;94;2017
233;C559R138;559;138;1176;DE80N;Vorpommern-Greifswald;Mecklenburg-Vorpommern;2017-01-01;2017-12-31;120;2017
234;C42R451;42;451;1177;DEA26;Düren;Nordrhein-Westfalen;2017-01-01;2017-12-31;101;2017
235;C59R358;59;358;1178;DEA34;Borken;Nordrhein-Westfalen;2017-01-01;2017-12-31;106;2017
236;C423R750;423;750;1179;DE21A;Erding;Bayern;2017-01-01;2017-12-31;122;2017
237;C376R771;376;771;1180;DE21C;Fürstenfeldbruck;Bayern;2017-01-01;2017-12-31;116;2017
238;C204R518;204;518;2680;DE71E;Wetteraukreis;Hessen;2018-01-01;2018-12-31;120;2018
239;C499R695;499;695;2681;DE224;Deggendorf;Bayern;2018-01-01;2018-12-31;109;2018
240;C394R747;394;747;2682;DE217;Dachau;Bayern;2018-01-01;2018-12-31;112;2018
241;C40R437;40;437;2683;DEA1D;Rhein-Kreis Neuss;Nordrhein-Westfalen;2018-01-01;2018-12-31;106;2018
242;C383R550;383;550;2684;DE24C;Lichtenfels;Bayern;2018-01-01;2018-12-31;112;2018
243;C246R792;246;792;2685;DE149;Sigmaringen;Baden-Württemberg;2018-01-01;2018-12-31;121;2018
244;C166R630;166;630;2686;DEB3C;Bad Dürkheim;Rheinland-Pfalz;2018-01-01;2018-12-31;108;2018
245;C234R789;234;789;2687;DE149;Sigmaringen;Baden-Württemberg;2018-01-01;2018-12-31;115;2018
246;C133R230;133;230;2688;DE949;Emsland;Niedersachsen;2018-01-01;2018-12-31;108;2018
247;C376R755;376;755;2689;DE21C;Fürstenfeldbruck;Bayern;2018-01-01;2018-12-31;114;2018
248;C473R684;473;684;2690;DE22B;Straubing-Bogen;Bayern;2018-01-01;2018-12-31;104;2018
249;C390R334;390;334;2691;DEE07;Börde;Sachsen-Anhalt;2018-01-01;2018-12-31;118;2018
250;C236R136;236;136;2692;DE939;Stade;Niedersachsen;2018-01-01;2018-12-31;126;2018
251;C363R332;363;332;2693;DEE07;Börde;Sachsen-Anhalt;2018-01-01;2018-12-31;122;2018
252;C179R229;179;229;2694;DE94D;Oldenburg, Landkreis;Niedersachsen;2018-01-01;2018-12-31;104;2018
253;C289R319;289;319;2695;DE925;Hildesheim;Niedersachsen;2018-01-01;2018-12-31;109;2018
254;C476R134;476;134;2696;DE80J;Mecklenburgische Seenplatte;Mecklenburg-Vorpommern;2018-01-01;2018-12-31;128;2018
255;C361R645;361;645;2697;DE25B;Roth;Bayern;2018-01-01;2018-12-31;120;2018
256;C45R449;45;449;2698;DEA27;Rhein-Erft-Kreis;Nordrhein-Westfalen;2018-01-01;2018-12-31;120;2018
257;C346R263;346;263;2699;DEE04;Altmarkkreis Salzwedel;Sachsen-Anhalt;2018-01-01;2018-12-31;118;2018
258;C486R124;486;124;2700;DE80J;Mecklenburgische Seenplatte;Mecklenburg-Vorpommern;2018-01-01;2018-12-31;115;2018
259;C164R630;164;630;2701;DEB3C;Bad Dürkheim;Rheinland-Pfalz;2018-01-01;2018-12-31;105;2018
260;C379R339;379;339;2702;DEE07;Börde;Sachsen-Anhalt;2018-01-01;2018-12-31;118;2018
261;C336R239;336;239;2703;DE93A;Uelzen;Niedersachsen;2018-01-01;2018-12-31;115;2018
262;C26R420;26;420;2704;DEA1E;Viersen;Nordrhein-Westfalen;2018-01-01;2018-12-31;116;2018
263;C59R467;59;467;2705;DEA27;Rhein-Erft-Kreis;Nordrhein-Westfalen;2018-01-01;2018-12-31;108;2018
264;C301R202;301;202;2706;DE935;Lüneburg, Landkreis;Niedersachsen;2018-01-01;2018-12-31;117;2018
265;C355R228;355;228;2707;DE934;Lüchow-Dannenberg;Niedersachsen;2018-01-01;2018-12-31;116;2018
266;C47R453;47;453;2709;DEA27;Rhein-Erft-Kreis;Nordrhein-Westfalen;2018-01-01;2018-12-31;120;2018
267;C302R571;302;571;2710;DE26B;Schweinfurt, Landkreis;Bayern;2018-01-01;2018-12-31;110;2018
268;C432R548;432;548;2711;DE24D;Wunsiedel i. Fichtelgebirge;Bayern;2018-01-01;2018-12-31;110;2018
269;C168R645;168;645;2712;DEB3E;Germersheim;Rheinland-Pfalz;2018-01-01;2018-12-31;106;2018
270;C220R124;220;124;2713;DEF05;Dithmarschen;Schleswig-Holstein;2018-01-01;2018-12-31;112;2018
271;C46R450;46;450;2714;DEA27;Rhein-Erft-Kreis;Nordrhein-Westfalen;2018-01-01;2018-12-31;120;2018
272;C17R463;17;463;2715;DEA2D;Städteregion Aachen;Nordrhein-Westfalen;2018-01-01;2018-12-31;102;2018
273;C400R745;400;745;2716;DE217;Dachau;Bayern;2018-01-01;2018-12-31;118;2018
274;C363R217;363;217;2717;DE934;Lüchow-Dannenberg;Niedersachsen;2018-01-01;2018-12-31;96;2018
275;C364R248;364;248;2718;DEE04;Altmarkkreis Salzwedel;Sachsen-Anhalt;2018-01-01;2018-12-31;110;2018
276;C218R640;218;640;2719;DE128;Rhein-Neckar-Kreis;Baden-Württemberg;2018-01-01;2018-12-31;109;2018
277;C169R624;169;624;2720;DEB3I;Rhein-Pfalz-Kreis;Rheinland-Pfalz;2018-01-01;2018-12-31;97;2018
278;C355R167;355;167;2721;DE80O;Ludwigslust-Parchim;Mecklenburg-Vorpommern;2018-01-01;2018-12-31;116;2018
279;C315R279;315;279;2722;DE914;Gifhorn;Niedersachsen;2018-01-01;2018-12-31;104;2018
280;C453R682;453;682;2723;DE238;Regensburg, Landkreis;Bayern;2018-01-01;2018-12-31;114;2018
281;C327R720;327;720;2724;DE277;Dillingen a.d. Donau;Bayern;2018-01-01;2018-12-31;104;2018
282;C142R259;142;259;2725;DE948;Cloppenburg;Niedersachsen;2018-01-01;2018-12-31;112;2018
283;C180R276;180;276;2726;DE922;Diepholz;Niedersachsen;2018-01-01;2018-12-31;109;2018
284;C165R372;165;372;2727;DEA38;Warendorf;Nordrhein-Westfalen;2018-01-01;2018-12-31;118;2018
285;C374R226;374;226;2728;DE934;Lüchow-Dannenberg;Niedersachsen;2018-01-01;2018-12-31;115;2018
286;C137R396;137;396;2729;DEA5C;Unna;Nordrhein-Westfalen;2018-01-01;2018-12-31;115;2018
287;C498R39;498;39;2730;DE80L;Vorpommern-Rügen;Mecklenburg-Vorpommern;2018-01-01;2018-12-31;134;2018
288;C373R752;373;752;2731;DE21C;Fürstenfeldbruck;Bayern;2018-01-01;2018-12-31;113;2018
289;C384R726;384;726;2732;DE21I;Neuburg-Schrobenhausen;Bayern;2018-01-01;2018-12-31;106;2018
290;C527R302;527;302;2733;DE406;Dahme-Spreewald;Brandenburg;2018-01-01;2018-12-31;119;2018
291;C102R232;102;232;2734;DE949;Emsland;Niedersachsen;2018-01-01;2018-12-31;99;2018
292;C330R564;330;564;2735;DE267;Haßberge;Bayern;2018-01-01;2018-12-31;112;2018
293;C440R111;440;111;2736;DE80K;Landkreis Rostock;Mecklenburg-Vorpommern;2018-01-01;2018-12-31;122;2018
294;C488R399;488;399;2737;DED52;Leipzig;Sachsen;2018-01-01;2018-12-31;120;2018
295;C515R114;515;114;2738;DE80N;Vorpommern-Greifswald;Mecklenburg-Vorpommern;2018-01-01;2018-12-31;116;2018
296;C489R466;489;466;2739;DED41;Chemnitz, Kreisfreie Stadt;Sachsen;2018-01-01;2018-12-31;111;2018
297;C328R775;328;775;2740;DE27C;Unterallgäu;Bayern;2018-01-01;2018-12-31;116;2018
298;C396R704;396;704;2741;DE211;Ingolstadt, Kreisfreie Stadt;Bayern;2018-01-01;2018-12-31;111;2018
299;C41R464;41;464;2742;DEA26;Düren;Nordrhein-Westfalen;2018-01-01;2018-12-31;98;2018
300;C41R411;41;411;2743;DEA1E;Viersen;Nordrhein-Westfalen;2018-01-01;2018-12-31;98;2018
301;C426R763;426;763;2744;DE218;Ebersberg;Bayern;2018-01-01;2018-12-31;113;2018
302;C241R801;241;801;2745;DE147;Bodenseekreis;Baden-Württemberg;2018-01-01;2018-12-31;114;2018
303;C44R453;44;453;2746;DEA27;Rhein-Erft-Kreis;Nordrhein-Westfalen;2018-01-01;2018-12-31;120;2018
304;C483R79;483;79;2747;DE80L;Vorpommern-Rügen;Mecklenburg-Vorpommern;2018-01-01;2018-12-31;125;2018
305;C416R201;416;201;2748;DE40F;Prignitz;Brandenburg;2018-01-01;2018-12-31;119;2018
306;C467R679;467;679;2749;DE238;Regensburg, Landkreis;Bayern;2018-01-01;2018-12-31;105;2018
307;C280R798;280;798;2750;DE148;Ravensburg;Baden-Württemberg;2018-01-01;2018-12-31;114;2018
308;C270R226;270;226;2751;DE938;Heidekreis;Niedersachsen;2018-01-01;2018-12-31;118;2018
309;C258R772;258;772;2752;DE146;Biberach;Baden-Württemberg;2018-01-01;2018-12-31;116;2018
310;C273R564;273;564;2753;DE26A;Main-Spessart;Bayern;2018-01-01;2018-12-31;104;2018
311;C505R72;505;72;2754;DE80L;Vorpommern-Rügen;Mecklenburg-Vorpommern;2018-01-01;2018-12-31;124;2018
312;C497R373;497;373;2755;DED53;Nordsachsen;Sachsen;2018-01-01;2018-12-31;113;2018
313;C65R283;65;283;2756;DE94B;Grafschaft Bentheim;Niedersachsen;2018-01-01;2018-12-31;104;2018
314;C60R487;60;487;2757;DEA28;Euskirchen;Nordrhein-Westfalen;2018-01-01;2018-12-31;106;2018
315;C377R734;377;734;2758;DE275;Aichach-Friedberg;Bayern;2018-01-01;2018-12-31;109;2018
316;C328R765;328;765;2759;DE27C;Unterallgäu;Bayern;2018-01-01;2018-12-31;116;2018
317;C167R629;167;629;2760;DEB3I;Rhein-Pfalz-Kreis;Rheinland-Pfalz;2018-01-01;2018-12-31;108;2018
318;C294R574;294;574;2761;DE26C;Würzburg, Landkreis;Bayern;2018-01-01;2018-12-31;108;2018
319;C182R280;182;280;2762;DE922;Diepholz;Niedersachsen;2018-01-01;2018-12-31;109;2018
320;C300R303;300;303;2763;DE91A;Peine;Niedersachsen;2018-01-01;2018-12-31;96;2018
321;C150R261;150;261;2764;DE948;Cloppenburg;Niedersachsen;2018-01-01;2018-12-31;120;2018
322;C72R369;72;369;2765;DEA1F;Wesel;Nordrhein-Westfalen;2018-01-01;2018-12-31;128;2018
323;C325R88;325;88;2766;DEF0A;Plön;Schleswig-Holstein;2018-01-01;2018-12-31;124;2018
324;C33R400;33;400;2767;DEA1B;Kleve;Nordrhein-Westfalen;2018-01-01;2018-12-31;98;2018
325;C324R249;324;249;2768;DE914;Gifhorn;Niedersachsen;2018-01-01;2018-12-31;110;2018
326;C305R222;305;222;2769;DE93A;Uelzen;Niedersachsen;2018-01-01;2018-12-31;114;2018
327;C36R405;36;405;2770;DEA1B;Kleve;Nordrhein-Westfalen;2018-01-01;2018-12-31;98;2018
328;C182R587;182;587;2771;DE717;Groß-Gerau;Hessen;2018-01-01;2018-12-31;111;2018
329;C498R345;498;345;2772;DE40H;Teltow-Fläming;Brandenburg;2018-01-01;2018-12-31;114;2018
330;C424R749;424;749;2773;DE21A;Erding;Bayern;2018-01-01;2018-12-31;122;2018
331;C505R72;505;72;2774;DE80L;Vorpommern-Rügen;Mecklenburg-Vorpommern;2018-01-01;2018-12-31;129;2018
332;C121R266;121;266;2775;DE949;Emsland;Niedersachsen;2018-01-01;2018-12-31;108;2018
333;C335R254;335;254;2776;DE914;Gifhorn;Niedersachsen;2018-01-01;2018-12-31;118;2018
334;C463R685;463;685;2777;DE22B;Straubing-Bogen;Bayern;2018-01-01;2018-12-31;105;2018
335;C397R756;397;756;2778;DE217;Dachau;Bayern;2018-01-01;2018-12-31;122;2018
336;C276R147;276;147;2779;DEF09;Pinneberg;Schleswig-Holstein;2018-01-01;2018-12-31;113;2018
337;C107R248;107;248;2780;DE949;Emsland;Niedersachsen;2018-01-01;2018-12-31;109;2018
338;C59R450;59;450;2781;DEA27;Rhein-Erft-Kreis;Nordrhein-Westfalen;2018-01-01;2018-12-31;98;2018
339;C356R231;356;231;2782;DE934;Lüchow-Dannenberg;Niedersachsen;2018-01-01;2018-12-31;121;2018
340;C252R648;252;648;2783;DE119;Hohenlohekreis;Baden-Württemberg;2018-01-01;2018-12-31;116;2018
341;C384R474;384;474;2784;DEG0U;Saalfeld-Rudolstadt;Thüringen;2018-01-01;2018-12-31;117;2018
342;C312R801;312;801;2785;DE27C;Unterallgäu;Bayern;2018-01-01;2018-12-31;123;2018
343;C28R529;28;529;2786;DEB23;Eifelkreis Bitburg-Prüm;Rheinland-Pfalz;2018-01-01;2018-12-31;116;2018
344;C473R110;473;110;2787;DE80L;Vorpommern-Rügen;Mecklenburg-Vorpommern;2018-01-01;2018-12-31;124;2018
345;C419R755;419;755;2788;DE21H;München, Landkreis;Bayern;2018-01-01;2018-12-31;109;2018
346;C171R611;171;611;2789;DEB3I;Rhein-Pfalz-Kreis;Rheinland-Pfalz;2018-01-01;2018-12-31;104;2018
347;C262R180;262;180;2790;DE939;Stade;Niedersachsen;2018-01-01;2018-12-31;107;2018
348;C215R658;215;658;2791;DE118;Heilbronn, Landkreis;Baden-Württemberg;2018-01-01;2018-12-31;110;2018
349;C378R702;378;702;2792;DE21I;Neuburg-Schrobenhausen;Bayern;2018-01-01;2018-12-31;110;2018
350;C131R280;131;280;2793;DE94E;Osnabrück, Landkreis;Niedersachsen;2018-01-01;2018-12-31;115;2018
351;C489R467;489;467;2794;DED41;Chemnitz, Kreisfreie Stadt;Sachsen;2018-01-01;2018-12-31;111;2018
352;C497R39;497;39;2795;DE80L;Vorpommern-Rügen;Mecklenburg-Vorpommern;2018-01-01;2018-12-31;134;2018
353;C202R158;202;158;2796;DE932;Cuxhaven;Niedersachsen;2018-01-01;2018-12-31;115;2018
354;C326R82;326;82;2797;DEF0A;Plön;Schleswig-Holstein;2018-01-01;2018-12-31;123;2018
355;C267R316;267;316;2798;DE929;Region Hannover;Niedersachsen;2018-01-01;2018-12-31;110;2018
356;C308R226;308;226;2799;DE93A;Uelzen;Niedersachsen;2018-01-01;2018-12-31;114;2018
357;C387R709;387;709;2800;DE21I;Neuburg-Schrobenhausen;Bayern;2018-01-01;2018-12-31;110;2018
358;C215R98;215;98;2801;DEF05;Dithmarschen;Schleswig-Holstein;2018-01-01;2018-12-31;104;2018
359;C179R369;179;369;2802;DEA47;Paderborn;Nordrhein-Westfalen;2018-01-01;2018-12-31;117;2018
360;C291R246;291;246;2803;DE931;Celle;Niedersachsen;2018-01-01;2018-12-31;106;2018
361;C491R686;491;686;2804;DE22B;Straubing-Bogen;Bayern;2018-01-01;2018-12-31;108;2018
362;C292R287;292;287;2805;DE929;Region Hannover;Niedersachsen;2018-01-01;2018-12-31;115;2018
363;C21R439;21;439;2806;DEA29;Heinsberg;Nordrhein-Westfalen;2018-01-01;2018-12-31;112;2018
364;C365R761;365;761;2807;DE275;Aichach-Friedberg;Bayern;2018-01-01;2018-12-31;122;2018
365;C375R709;375;709;2808;DE21I;Neuburg-Schrobenhausen;Bayern;2018-01-01;2018-12-31;110;2018
366;C246R333;246;333;2809;DE923;Hameln-Pyrmont;Niedersachsen;2018-01-01;2018-12-31;117;2018
367;C166R630;166;630;2810;DEB3C;Bad Dürkheim;Rheinland-Pfalz;2018-01-01;2018-12-31;108;2018
368;C381R344;381;344;2811;DEE07;Börde;Sachsen-Anhalt;2018-01-01;2018-12-31;115;2018
369;C305R97;305;97;2812;DEF0A;Plön;Schleswig-Holstein;2018-01-01;2018-12-31;110;2018
370;C241R167;241;167;2813;DE939;Stade;Niedersachsen;2018-01-01;2018-12-31;119;2018
371;C492R95;492;95;2814;DE80L;Vorpommern-Rügen;Mecklenburg-Vorpommern;2018-01-01;2018-12-31;119;2018
372;C167R632;167;632;2815;DEB3C;Bad Dürkheim;Rheinland-Pfalz;2018-01-01;2018-12-31;105;2018
373;C462R680;462;680;2816;DE238;Regensburg, Landkreis;Bayern;2018-01-01;2018-12-31;105;2018
374;C199R539;199;539;2817;DE712;Frankfurt am Main, Kreisfreie Stadt;Hessen;2018-01-01;2018-12-31;106;2018
375;C325R247;325;247;2818;DE93A;Uelzen;Niedersachsen;2018-01-01;2018-12-31;110;2018
376;C365R188;365;188;2819;DE80O;Ludwigslust-Parchim;Mecklenburg-Vorpommern;2018-01-01;2018-12-31;116;2018
377;C518R710;518;710;2820;DE228;Passau, Landkreis;Bayern;2018-01-01;2018-12-31;115;2018
378;C189R268;189;268;2821;DE922;Diepholz;Niedersachsen;2018-01-01;2018-12-31;110;2018
379;C456R680;456;680;2822;DE238;Regensburg, Landkreis;Bayern;2018-01-01;2018-12-31;114;2018
380;C63R356;63;356;2823;DEA34;Borken;Nordrhein-Westfalen;2018-01-01;2018-12-31;106;2018
381;C307R329;307;329;2824;DE91B;Wolfenbüttel;Niedersachsen;2018-01-01;2018-12-31;125;2018
382;C142R391;142;391;2825;DEA5B;Soest;Nordrhein-Westfalen;2018-01-01;2018-12-31;108;2018
383;C621R396;621;396;2826;DED2D;Görlitz;Sachsen;2018-01-01;2018-12-31;120;2018
384;C198R84;198;84;2827;DEF07;Nordfriesland;Schleswig-Holstein;2018-01-01;2018-12-31;121;2018
385;C452R513;452;513;2828;DED44;Vogtlandkreis;Sachsen;2018-01-01;2018-12-31;127;2018
386;C10R446;10;446;2829;DEA29;Heinsberg;Nordrhein-Westfalen;2018-01-01;2018-12-31;102;2018
387;C39R361;39;361;2830;DEA1B;Kleve;Nordrhein-Westfalen;2018-01-01;2018-12-31;98;2018
388;C23R453;23;453;2831;DEA26;Düren;Nordrhein-Westfalen;2018-01-01;2018-12-31;116;2018
389;C310R661;310;661;2832;DE256;Ansbach, Landkreis;Bayern;2018-01-01;2018-12-31;108;2018
390;C173R296;173;296;2833;DE94E;Osnabrück, Landkreis;Niedersachsen;2018-01-01;2018-12-31;122;2018
391;C199R512;199;512;2834;DE71E;Wetteraukreis;Hessen;2018-01-01;2018-12-31;108;2018
392;C27R459;27;459;2835;DEA26;Düren;Nordrhein-Westfalen;2018-01-01;2018-12-31;116;2018
393;C203R509;203;509;2836;DE721;Gießen, Landkreis;Hessen;2018-01-01;2018-12-31;108;2018
394;C21R460;21;460;2837;DEA2D;Städteregion Aachen;Nordrhein-Westfalen;2018-01-01;2018-12-31;112;2018
395;C400R715;400;715;2838;DE21J;Pfaffenhofen a. d. Ilm;Bayern;2018-01-01;2018-12-31;112;2018
396;C58R446;58;446;2839;DEA1D;Rhein-Kreis Neuss;Nordrhein-Westfalen;2018-01-01;2018-12-31;98;2018
397;C297R296;297;296;2840;DE91A;Peine;Niedersachsen;2018-01-01;2018-12-31;97;2018
398;C163R653;163;653;2841;DEB3E;Germersheim;Rheinland-Pfalz;2018-01-01;2018-12-31;109;2018
399;C205R579;205;579;2842;DE716;Darmstadt-Dieburg;Hessen;2018-01-01;2018-12-31;108;2018
400;C226R748;226;748;2843;DE143;Zollernalbkreis;Baden-Württemberg;2018-01-01;2018-12-31;110;2018
401;C153R272;153;272;2844;DE94E;Osnabrück, Landkreis;Niedersachsen;2018-01-01;2018-12-31;125;2018
402;C45R430;45;430;2845;DEA15;Mönchengladbach, Kreisfreie Stadt;Nordrhein-Westfalen;2018-01-01;2018-12-31;120;2018
403;C474R673;474;673;2846;DE22B;Straubing-Bogen;Bayern;2018-01-01;2018-12-31;104;2018
404;C457R93;457;93;2847;DE80L;Vorpommern-Rügen;Mecklenburg-Vorpommern;2018-01-01;2018-12-31;118;2018
405;C457R669;457;669;2848;DE238;Regensburg, Landkreis;Bayern;2018-01-01;2018-12-31;112;2018
406;C316R273;316;273;2849;DE914;Gifhorn;Niedersachsen;2018-01-01;2018-12-31;106;2018
407;C400R700;400;700;2850;DE211;Ingolstadt, Kreisfreie Stadt;Bayern;2018-01-01;2018-12-31;112;2018
408;C36R460;36;460;2851;DEA26;Düren;Nordrhein-Westfalen;2018-01-01;2018-12-31;98;2018
409;C79R473;79;473;2852;DEA2C;Rhein-Sieg-Kreis;Nordrhein-Westfalen;2018-01-01;2018-12-31;107;2018
410;C31R420;31;420;2853;DEA1E;Viersen;Nordrhein-Westfalen;2018-01-01;2018-12-31;100;2018
411;C231R60;231;60;2854;DEF07;Nordfriesland;Schleswig-Holstein;2018-01-01;2018-12-31;112;2018
412;C231R69;231;69;2855;DEF07;Nordfriesland;Schleswig-Holstein;2018-01-01;2018-12-31;124;2018
413;C81R336;81;336;2856;DEA34;Borken;Nordrhein-Westfalen;2018-01-01;2018-12-31;114;2018
414;C629R395;629;395;2857;DED2D;Görlitz;Sachsen;2018-01-01;2018-12-31;121;2018
415;C197R538;197;538;2858;DE718;Hochtaunuskreis;Hessen;2018-01-01;2018-12-31;104;2018
416;C453R125;453;125;2859;DE80K;Landkreis Rostock;Mecklenburg-Vorpommern;2018-01-01;2018-12-31;108;2018
417;C333R770;333;770;2860;DE27C;Unterallgäu;Bayern;2018-01-01;2018-12-31;104;2018
418;C434R94;434;94;2861;DE80K;Landkreis Rostock;Mecklenburg-Vorpommern;2018-01-01;2018-12-31;131;2018
419;C485R339;485;339;2862;DE40H;Teltow-Fläming;Brandenburg;2018-01-01;2018-12-31;114;2018
420;C350R438;350;438;2863;DEG09;Unstrut-Hainich-Kreis;Thüringen;2018-01-01;2018-12-31;114;2018
421;C200R302;200;302;2864;DEA46;Minden-Lübbecke;Nordrhein-Westfalen;2018-01-01;2018-12-31;113;2018
422;C504R140;504;140;2865;DE80J;Mecklenburgische Seenplatte;Mecklenburg-Vorpommern;2018-01-01;2018-12-31;122;2018
423;C558R359;558;359;2866;DE40B;Oberspreewald-Lausitz;Brandenburg;2018-01-01;2018-12-31;120;2018
424;C309R128;309;128;2867;DEF0D;Segeberg;Schleswig-Holstein;2018-01-01;2018-12-31;111;2018
425;C525R433;525;433;2868;DED2E;Meißen;Sachsen;2018-01-01;2018-12-31;130;2018
426;C466R684;466;684;2869;DE238;Regensburg, Landkreis;Bayern;2018-01-01;2018-12-31;105;2018
427;C402R98;402;98;2870;DE80K;Landkreis Rostock;Mecklenburg-Vorpommern;2018-01-01;2018-12-31;120;2018
428;C114R799;114;799;2871;DE132;Breisgau-Hochschwarzwald;Baden-Württemberg;2018-01-01;2018-12-31;109;2018
429;C476R71;476;71;2872;DE80L;Vorpommern-Rügen;Mecklenburg-Vorpommern;2018-01-01;2018-12-31;124;2018
430;C473R679;473;679;2873;DE22B;Straubing-Bogen;Bayern;2018-01-01;2018-12-31;104;2018
431;C509R126;509;126;2874;DE80N;Vorpommern-Greifswald;Mecklenburg-Vorpommern;2018-01-01;2018-12-31;120;2018
432;C472R674;472;674;2875;DE22B;Straubing-Bogen;Bayern;2018-01-01;2018-12-31;104;2018
433;C38R378;38;378;2876;DEA1F;Wesel;Nordrhein-Westfalen;2018-01-01;2018-12-31;111;2018
434;C306R757;306;757;2877;DE279;Neu-Ulm;Bayern;2018-01-01;2018-12-31;118;2018
435;C254R197;254;197;2878;DE937;Rotenburg (Wümme);Niedersachsen;2018-01-01;2018-12-31;116;2018
436;C486R145;486;145;2879;DE80J;Mecklenburgische Seenplatte;Mecklenburg-Vorpommern;2018-01-01;2018-12-31;119;2018
437;C482R687;482;687;2880;DE22B;Straubing-Bogen;Bayern;2018-01-01;2018-12-31;105;2018
438;C493R132;493;132;2881;DE80J;Mecklenburgische Seenplatte;Mecklenburg-Vorpommern;2018-01-01;2018-12-31;122;2018
439;C226R124;226;124;2882;DEF05;Dithmarschen;Schleswig-Holstein;2018-01-01;2018-12-31;146;2018
440;C520R352;520;352;2883;DE407;Elbe-Elster;Brandenburg;2018-01-01;2018-12-31;114;2018
441;C401R386;401;386;2884;DEE0A;Mansfeld-Südharz;Sachsen-Anhalt;2018-01-01;2018-12-31;116;2018
442;C509R695;509;695;2885;DE224;Deggendorf;Bayern;2018-01-01;2018-12-31;106;2018
443;C24R377;24;377;2886;DEA1B;Kleve;Nordrhein-Westfalen;2018-01-01;2018-12-31;105;2018
444;C164R523;164;523;2887;DE723;Limburg-Weilburg;Hessen;2018-01-01;2018-12-31;112;2018
445;C455R583;455;583;2888;DE23A;Tirschenreuth;Bayern;2018-01-01;2018-12-31;118;2018
446;C66R271;66;271;2889;DE94B;Grafschaft Bentheim;Niedersachsen;2018-01-01;2018-12-31;106;2018
447;C486R484;486;484;2890;DED42;Erzgebirgskreis;Sachsen;2018-01-01;2018-12-31;124;2018
448;C24R468;24;468;2891;DEA2D;Städteregion Aachen;Nordrhein-Westfalen;2018-01-01;2018-12-31;110;2018
449;C369R704;369;704;2892;DE21I;Neuburg-Schrobenhausen;Bayern;2018-01-01;2018-12-31;107;2018
450;C304R221;304;221;2893;DE93A;Uelzen;Niedersachsen;2018-01-01;2018-12-31;103;2018
451;C415R750;415;750;2894;DE21B;Freising;Bayern;2018-01-01;2018-12-31;109;2018
452;C460R695;460;695;2895;DE22B;Straubing-Bogen;Bayern;2018-01-01;2018-12-31;102;2018
453;C130R363;130;363;2896;DEA38;Warendorf;Nordrhein-Westfalen;2018-01-01;2018-12-31;128;2018
454;C260R748;260;748;2897;DE141;Reutlingen;Baden-Württemberg;2018-01-01;2018-12-31;114;2018
455;C45R418;45;418;2898;DEA1E;Viersen;Nordrhein-Westfalen;2018-01-01;2018-12-31;103;2018
456;C57R365;57;365;2899;DEA1F;Wesel;Nordrhein-Westfalen;2018-01-01;2018-12-31;110;2018
457;C336R225;336;225;2900;DE93A;Uelzen;Niedersachsen;2018-01-01;2018-12-31;117;2018
458;C64R284;64;284;2901;DE94B;Grafschaft Bentheim;Niedersachsen;2018-01-01;2018-12-31;104;2018
459;C97R271;97;271;2902;DE949;Emsland;Niedersachsen;2018-01-01;2018-12-31;116;2018
460;C468R143;468;143;2903;DE80J;Mecklenburgische Seenplatte;Mecklenburg-Vorpommern;2018-01-01;2018-12-31;120;2018
461;C309R295;309;295;2904;DE91A;Peine;Niedersachsen;2018-01-01;2018-12-31;119;2018
462;C307R783;307;783;2905;DE274;Memmingen, Kreisfreie Stadt;Bayern;2018-01-01;2018-12-31;105;2018
463;C209R559;209;559;2906;DE71C;Offenbach, Landkreis;Hessen;2018-01-01;2018-12-31;113;2018
464;C432R543;432;543;2907;DE24D;Wunsiedel i. Fichtelgebirge;Bayern;2018-01-01;2018-12-31;120;2018
465;C202R641;202;641;2908;DE128;Rhein-Neckar-Kreis;Baden-Württemberg;2018-01-01;2018-12-31;117;2018
466;C326R546;326;546;2909;DE267;Haßberge;Bayern;2018-01-01;2018-12-31;117;2018
467;C464R461;464;461;2910;DED45;Zwickau;Sachsen;2018-01-01;2018-12-31;120;2018
468;C508R126;508;126;2911;DE80N;Vorpommern-Greifswald;Mecklenburg-Vorpommern;2018-01-01;2018-12-31;120;2018
469;C169R644;169;644;2912;DEB3E;Germersheim;Rheinland-Pfalz;2018-01-01;2018-12-31;106;2018
470;C460R578;460;578;2913;DE23A;Tirschenreuth;Bayern;2018-01-01;2018-12-31;112;2018
471;C200R539;200;539;2914;DE71E;Wetteraukreis;Hessen;2018-01-01;2018-12-31;106;2018
472;C505R72;505;72;2915;DE80L;Vorpommern-Rügen;Mecklenburg-Vorpommern;2018-01-01;2018-12-31;124;2018
473;C458R608;458;608;2916;DE237;Neustadt a. d. Waldnaab;Bayern;2018-01-01;2018-12-31;118;2018
474;C217R257;217;257;2917;DE922;Diepholz;Niedersachsen;2018-01-01;2018-12-31;113;2018
475;C28R426;28;426;2918;DEA1E;Viersen;Nordrhein-Westfalen;2018-01-01;2018-12-31;116;2018
476;C359R140;359;140;2919;DE80M;Nordwestmecklenburg;Mecklenburg-Vorpommern;2018-01-01;2018-12-31;120;2018
477;C472R123;472;123;2920;DE80J;Mecklenburgische Seenplatte;Mecklenburg-Vorpommern;2018-01-01;2018-12-31;123;2018
478;C473R434;473;434;2921;DED52;Leipzig;Sachsen;2018-01-01;2018-12-31;127;2018
479;C61R461;61;461;2922;DEA27;Rhein-Erft-Kreis;Nordrhein-Westfalen;2018-01-01;2018-12-31;112;2018
480;C30R422;30;422;2923;DEA1E;Viersen;Nordrhein-Westfalen;2018-01-01;2018-12-31;102;2018
481;C408R374;408;374;2924;DEE0C;Salzlandkreis;Sachsen-Anhalt;2018-01-01;2018-12-31;110;2018
482;C168R613;168;613;2925;DEB3I;Rhein-Pfalz-Kreis;Rheinland-Pfalz;2018-01-01;2018-12-31;96;2018
483;C82R268;82;268;2926;DE94B;Grafschaft Bentheim;Niedersachsen;2018-01-01;2018-12-31;120;2018
484;C509R144;509;144;2927;DE80J;Mecklenburgische Seenplatte;Mecklenburg-Vorpommern;2018-01-01;2018-12-31;122;2018
485;C196R365;196;365;2928;DEA47;Paderborn;Nordrhein-Westfalen;2018-01-01;2018-12-31;108;2018
486;C326R764;326;764;2929;DE27C;Unterallgäu;Bayern;2018-01-01;2018-12-31;116;2018
487;C213R94;213;94;2930;DEF05;Dithmarschen;Schleswig-Holstein;2018-01-01;2018-12-31;108;2018
488;C32R451;32;451;2931;DEA26;Düren;Nordrhein-Westfalen;2018-01-01;2018-12-31;101;2018
489;C258R352;258;352;2932;DE926;Holzminden;Niedersachsen;2018-01-01;2018-12-31;112;2018
490;C23R467;23;467;4457;DEA2D;Städteregion Aachen;Nordrhein-Westfalen;2019-01-01;2019-12-31;110;2019
491;C495R690;495;690;4458;DE22C;Dingolfing-Landau;Bayern;2019-01-01;2019-12-31;108;2019
492;C459R675;459;675;4459;DE238;Regensburg, Landkreis;Bayern;2019-01-01;2019-12-31;105;2019
493;C50R422;50;422;4460;DEA1D;Rhein-Kreis Neuss;Nordrhein-Westfalen;2019-01-01;2019-12-31;98;2019
494;C443R630;443;630;4461;DE239;Schwandorf;Bayern;2019-01-01;2019-12-31;117;2019
495;C298R577;298;577;4462;DE26C;Würzburg, Landkreis;Bayern;2019-01-01;2019-12-31;109;2019
496;C395R757;395;757;4463;DE21C;Fürstenfeldbruck;Bayern;2019-01-01;2019-12-31;103;2019
497;C213R99;213;99;4464;DEF05;Dithmarschen;Schleswig-Holstein;2019-01-01;2019-12-31;108;2019
498;C392R765;392;765;4465;DE21C;Fürstenfeldbruck;Bayern;2019-01-01;2019-12-31;114;2019
499;C357R217;357;217;4466;DE934;Lüchow-Dannenberg;Niedersachsen;2019-01-01;2019-12-31;110;2019
500;C423R760;423;760;4467;DE21H;München, Landkreis;Bayern;2019-01-01;2019-12-31;113;2019
501;C444R691;444;691;4468;DE226;Kelheim;Bayern;2019-01-01;2019-12-31;110;2019
502;C185R274;185;274;4469;DE922;Diepholz;Niedersachsen;2019-01-01;2019-12-31;109;2019
503;C474R85;474;85;4470;DE80L;Vorpommern-Rügen;Mecklenburg-Vorpommern;2019-01-01;2019-12-31;124;2019
504;C434R251;434;251;4471;DEE0D;Stendal;Sachsen-Anhalt;2019-01-01;2019-12-31;122;2019
505;C22R455;22;455;4472;DEA2D;Städteregion Aachen;Nordrhein-Westfalen;2019-01-01;2019-12-31;116;2019
506;C359R162;359;162;4473;DE80O;Ludwigslust-Parchim;Mecklenburg-Vorpommern;2019-01-01;2019-12-31;119;2019
507;C471R110;471;110;4474;DE80L;Vorpommern-Rügen;Mecklenburg-Vorpommern;2019-01-01;2019-12-31;116;2019
508;C526R304;526;304;4475;DE406;Dahme-Spreewald;Brandenburg;2019-01-01;2019-12-31;119;2019
509;C438R104;438;104;4476;DE80K;Landkreis Rostock;Mecklenburg-Vorpommern;2019-01-01;2019-12-31;122;2019
510;C457R625;457;625;4477;DE239;Schwandorf;Bayern;2019-01-01;2019-12-31;113;2019
511;C263R300;263;300;4478;DE929;Region Hannover;Niedersachsen;2019-01-01;2019-12-31;114;2019
512;C210R90;210;90;4479;DEF05;Dithmarschen;Schleswig-Holstein;2019-01-01;2019-12-31;108;2019
513;C455R630;455;630;4480;DE239;Schwandorf;Bayern;2019-01-01;2019-12-31;116;2019
514;C467R456;467;456;4481;DEG0M;Altenburger Land;Thüringen;2019-01-01;2019-12-31;120;2019
515;C301R275;301;275;4482;DE931;Celle;Niedersachsen;2019-01-01;2019-12-31;118;2019
516;C193R301;193;301;4483;DEA46;Minden-Lübbecke;Nordrhein-Westfalen;2019-01-01;2019-12-31;117;2019
517;C330R241;330;241;4484;DE93A;Uelzen;Niedersachsen;2019-01-01;2019-12-31;108;2019
518;C172R621;172;621;4485;DEB34;Ludwigshafen am Rhein, Kreisfreie Stadt;Rheinland-Pfalz;2019-01-01;2019-12-31;117;2019
519;C393R760;393;760;4486;DE21C;Fürstenfeldbruck;Bayern;2019-01-01;2019-12-31;103;2019
520;C10R470;10;470;4487;DEA2D;Städteregion Aachen;Nordrhein-Westfalen;2019-01-01;2019-12-31;120;2019
521;C172R608;172;608;4488;DEB3I;Rhein-Pfalz-Kreis;Rheinland-Pfalz;2019-01-01;2019-12-31;104;2019
522;C134R233;134;233;4489;DE949;Emsland;Niedersachsen;2019-01-01;2019-12-31;108;2019
523;C407R751;407;751;4490;DE21H;München, Landkreis;Bayern;2019-01-01;2019-12-31;122;2019
524;C190R249;190;249;4491;DE922;Diepholz;Niedersachsen;2019-01-01;2019-12-31;114;2019
525;C167R615;167;615;4492;DEB3I;Rhein-Pfalz-Kreis;Rheinland-Pfalz;2019-01-01;2019-12-31;96;2019
526;C169R645;169;645;4493;DEB3E;Germersheim;Rheinland-Pfalz;2019-01-01;2019-12-31;106;2019
527;C206R805;206;805;4494;DE138;Konstanz;Baden-Württemberg;2019-01-01;2019-12-31;104;2019
528;C246R42;246;42;4495;DEF0C;Schleswig-Flensburg;Schleswig-Holstein;2019-01-01;2019-12-31;111;2019
529;C452R471;452;471;4496;DED45;Zwickau;Sachsen;2019-01-01;2019-12-31;127;2019
530;C189R537;189;537;4498;DE718;Hochtaunuskreis;Hessen;2019-01-01;2019-12-31;108;2019
531;C447R683;447;683;4499;DE226;Kelheim;Bayern;2019-01-01;2019-12-31;114;2019
532;C174R576;174;576;4500;DE717;Groß-Gerau;Hessen;2019-01-01;2019-12-31;116;2019
533;C74R470;74;470;4501;DEA27;Rhein-Erft-Kreis;Nordrhein-Westfalen;2019-01-01;2019-12-31;107;2019
534;C244R45;244;45;4502;DEF0C;Schleswig-Flensburg;Schleswig-Holstein;2019-01-01;2019-12-31;111;2019
535;C362R335;362;335;4503;DEE09;Harz;Sachsen-Anhalt;2019-01-01;2019-12-31;117;2019
536;C472R463;472;463;4504;DED45;Zwickau;Sachsen;2019-01-01;2019-12-31;120;2019
537;C486R713;486;713;4505;DE22C;Dingolfing-Landau;Bayern;2019-01-01;2019-12-31;112;2019
538;C451R677;451;677;4506;DE238;Regensburg, Landkreis;Bayern;2019-01-01;2019-12-31;109;2019
539;C260R308;260;308;4507;DE929;Region Hannover;Niedersachsen;2019-01-01;2019-12-31;117;2019
540;C348R269;348;269;4508;DE914;Gifhorn;Niedersachsen;2019-01-01;2019-12-31;106;2019
541;C100R370;100;370;4509;DEA36;Recklinghausen;Nordrhein-Westfalen;2019-01-01;2019-12-31;114;2019
542;C331R718;331;718;4510;DE277;Dillingen a.d. Donau;Bayern;2019-01-01;2019-12-31;109;2019
543;C389R716;389;716;4511;DE21I;Neuburg-Schrobenhausen;Bayern;2019-01-01;2019-12-31;110;2019
544;C419R762;419;762;4512;DE212;München, Kreisfreie Stadt;Bayern;2019-01-01;2019-12-31;117;2019
545;C386R729;386;729;4513;DE21I;Neuburg-Schrobenhausen;Bayern;2019-01-01;2019-12-31;106;2019
546;C326R269;326;269;4514;DE914;Gifhorn;Niedersachsen;2019-01-01;2019-12-31;122;2019
547;C367R644;367;644;4515;DE25B;Roth;Bayern;2019-01-01;2019-12-31;116;2019
548;C217R84;217;84;4516;DEF05;Dithmarschen;Schleswig-Holstein;2019-01-01;2019-12-31;130;2019
549;C275R789;275;789;4517;DE148;Ravensburg;Baden-Württemberg;2019-01-01;2019-12-31;114;2019
550;C36R388;36;388;4518;DEA1B;Kleve;Nordrhein-Westfalen;2019-01-01;2019-12-31;107;2019
551;C458R87;458;87;4519;DE80L;Vorpommern-Rügen;Mecklenburg-Vorpommern;2019-01-01;2019-12-31;124;2019
552;C57R473;57;473;4520;DEA27;Rhein-Erft-Kreis;Nordrhein-Westfalen;2019-01-01;2019-12-31;110;2019
553;C119R790;119;790;4521;DE132;Breisgau-Hochschwarzwald;Baden-Württemberg;2019-01-01;2019-12-31;112;2019
554;C378R733;378;733;4522;DE275;Aichach-Friedberg;Bayern;2019-01-01;2019-12-31;109;2019
555;C298R207;298;207;4523;DE933;Harburg;Niedersachsen;2019-01-01;2019-12-31;117;2019
556;C482R451;482;451;4524;DED43;Mittelsachsen;Sachsen;2019-01-01;2019-12-31;124;2019
557;C403R414;403;414;4525;DEE0B;Saalekreis;Sachsen-Anhalt;2019-01-01;2019-12-31;116;2019
558;C395R750;395;750;4526;DE217;Dachau;Bayern;2019-01-01;2019-12-31;112;2019
559;C420R758;420;758;4527;DE21H;München, Landkreis;Bayern;2019-01-01;2019-12-31;109;2019
560;C276R116;276;116;4528;DEF0D;Segeberg;Schleswig-Holstein;2019-01-01;2019-12-31;107;2019
561;C452R229;452;229;4529;DE40D;Ostprignitz-Ruppin;Brandenburg;2019-01-01;2019-12-31;102;2019
562;C314R190;314;190;4530;DE935;Lüneburg, Landkreis;Niedersachsen;2019-01-01;2019-12-31;114;2019
563;C462R679;462;679;4531;DE238;Regensburg, Landkreis;Bayern;2019-01-01;2019-12-31;105;2019
564;C391R776;391;776;4533;DE21L;Starnberg;Bayern;2019-01-01;2019-12-31;110;2019
565;C119R792;119;792;4534;DE132;Breisgau-Hochschwarzwald;Baden-Württemberg;2019-01-01;2019-12-31;112;2019
566;C517R345;517;345;4535;DE40H;Teltow-Fläming;Brandenburg;2019-01-01;2019-12-31;114;2019
567;C178R626;178;626;4536;DEB3I;Rhein-Pfalz-Kreis;Rheinland-Pfalz;2019-01-01;2019-12-31;106;2019
568;C417R124;417;124;4537;DE80K;Landkreis Rostock;Mecklenburg-Vorpommern;2019-01-01;2019-12-31;117;2019
569;C10R450;10;450;4538;DEA29;Heinsberg;Nordrhein-Westfalen;2019-01-01;2019-12-31;96;2019
570;C54R359;54;359;4539;DEA34;Borken;Nordrhein-Westfalen;2019-01-01;2019-12-31;110;2019
571;C308R291;308;291;4540;DE91A;Peine;Niedersachsen;2019-01-01;2019-12-31;119;2019
572;C252R771;252;771;4541;DE146;Biberach;Baden-Württemberg;2019-01-01;2019-12-31;116;2019
573;C395R745;395;745;4542;DE217;Dachau;Bayern;2019-01-01;2019-12-31;112;2019
574;C165R627;165;627;4543;DEB3C;Bad Dürkheim;Rheinland-Pfalz;2019-01-01;2019-12-31;105;2019
575;C165R631;165;631;4544;DEB3C;Bad Dürkheim;Rheinland-Pfalz;2019-01-01;2019-12-31;105;2019
576;C186R629;186;629;4545;DE128;Rhein-Neckar-Kreis;Baden-Württemberg;2019-01-01;2019-12-31;118;2019
577;C462R240;462;240;4546;DE40D;Ostprignitz-Ruppin;Brandenburg;2019-01-01;2019-12-31;115;2019
578;C273R564;273;564;4547;DE26A;Main-Spessart;Bayern;2019-01-01;2019-12-31;104;2019
579;C165R379;165;379;4548;DEA5B;Soest;Nordrhein-Westfalen;2019-01-01;2019-12-31;118;2019
580;C52R419;52;419;4549;DEA1D;Rhein-Kreis Neuss;Nordrhein-Westfalen;2019-01-01;2019-12-31;94;2019
581;C422R751;422;751;4550;DE21H;München, Landkreis;Bayern;2019-01-01;2019-12-31;109;2019
582;C421R572;421;572;4551;DE246;Bayreuth, Landkreis;Bayern;2019-01-01;2019-12-31;118;2019
583;C171R383;171;383;4552;DEA5B;Soest;Nordrhein-Westfalen;2019-01-01;2019-12-31;108;2019
584;C178R269;178;269;4553;DE922;Diepholz;Niedersachsen;2019-01-01;2019-12-31;122;2019
585;C219R535;219;535;4554;DE71E;Wetteraukreis;Hessen;2019-01-01;2019-12-31;102;2019
586;C246R137;246;137;4555;DEF0E;Steinburg;Schleswig-Holstein;2019-01-01;2019-12-31;88;2019
587;C254R276;254;276;4556;DE929;Region Hannover;Niedersachsen;2019-01-01;2019-12-31;113;2019
588;C361R337;361;337;4557;DEE09;Harz;Sachsen-Anhalt;2019-01-01;2019-12-31;118;2019
589;C501R688;501;688;4558;DE224;Deggendorf;Bayern;2019-01-01;2019-12-31;104;2019
590;C528R113;528;113;4559;DE80N;Vorpommern-Greifswald;Mecklenburg-Vorpommern;2019-01-01;2019-12-31;119;2019
591;C330R241;330;241;4560;DE93A;Uelzen;Niedersachsen;2019-01-01;2019-12-31;108;2019
592;C166R631;166;631;4561;DEB3C;Bad Dürkheim;Rheinland-Pfalz;2019-01-01;2019-12-31;105;2019
593;C354R453;354;453;4562;DEG01;Erfurt, Kreisfreie Stadt;Thüringen;2019-01-01;2019-12-31;114;2019
594;C395R113;395;113;4563;DE80K;Landkreis Rostock;Mecklenburg-Vorpommern;2019-01-01;2019-12-31;122;2019
595;C23R452;23;452;4564;DEA26;Düren;Nordrhein-Westfalen;2019-01-01;2019-12-31;116;2019
596;C215R101;215;101;4565;DEF05;Dithmarschen;Schleswig-Holstein;2019-01-01;2019-12-31;104;2019
597;C340R230;340;230;4566;DE93A;Uelzen;Niedersachsen;2019-01-01;2019-12-31;101;2019
598;C299R716;299;716;4567;DE11C;Heidenheim;Baden-Württemberg;2019-01-01;2019-12-31;113;2019
599;C66R281;66;281;4568;DE94B;Grafschaft Bentheim;Niedersachsen;2019-01-01;2019-12-31;104;2019
600;C384R710;384;710;4569;DE21I;Neuburg-Schrobenhausen;Bayern;2019-01-01;2019-12-31;110;2019
601;C115R797;115;797;4570;DE132;Breisgau-Hochschwarzwald;Baden-Württemberg;2019-01-01;2019-12-31;109;2019
602;C56R429;56;429;4571;DEA1D;Rhein-Kreis Neuss;Nordrhein-Westfalen;2019-01-01;2019-12-31;115;2019
603;C100R227;100;227;4572;DE949;Emsland;Niedersachsen;2019-01-01;2019-12-31;99;2019
604;C220R127;220;127;4573;DEF05;Dithmarschen;Schleswig-Holstein;2019-01-01;2019-12-31;112;2019
605;C105R298;105;298;4574;DE949;Emsland;Niedersachsen;2019-01-01;2019-12-31;108;2019
606;C471R458;471;458;4575;DED45;Zwickau;Sachsen;2019-01-01;2019-12-31;128;2019
607;C477R683;477;683;4576;DE223;Straubing, Kreisfreie Stadt;Bayern;2019-01-01;2019-12-31;105;2019
608;C402R267;402;267;4577;DEE0D;Stendal;Sachsen-Anhalt;2019-01-01;2019-12-31;119;2019
609;C220R109;220;109;4578;DEF05;Dithmarschen;Schleswig-Holstein;2019-01-01;2019-12-31;115;2019
610;C40R391;40;391;4579;DEA1B;Kleve;Nordrhein-Westfalen;2019-01-01;2019-12-31;92;2019
611;C286R181;286;181;4580;DE600;Hamburg;Hamburg;2019-01-01;2019-12-31;118;2019
612;C475R685;475;685;4581;DE22B;Straubing-Bogen;Bayern;2019-01-01;2019-12-31;104;2019
613;C423R759;423;759;4582;DE21H;München, Landkreis;Bayern;2019-01-01;2019-12-31;113;2019
614;C147R268;147;268;4583;DE94E;Osnabrück, Landkreis;Niedersachsen;2019-01-01;2019-12-31;125;2019
615;C347R454;347;454;4584;DEG0C;Gotha;Thüringen;2019-01-01;2019-12-31;114;2019
616;C162R655;162;655;4585;DEB3H;Südliche Weinstraße;Rheinland-Pfalz;2019-01-01;2019-12-31;109;2019
617;C34R369;34;369;4586;DEA1B;Kleve;Nordrhein-Westfalen;2019-01-01;2019-12-31;100;2019
618;C499R41;499;41;4587;DE80L;Vorpommern-Rügen;Mecklenburg-Vorpommern;2019-01-01;2019-12-31;134;2019
619;C302R299;302;299;4588;DE91A;Peine;Niedersachsen;2019-01-01;2019-12-31;97;2019
620;C385R750;385;750;4589;DE217;Dachau;Bayern;2019-01-01;2019-12-31;114;2019
621;C358R720;358;720;4590;DE276;Augsburg, Landkreis;Bayern;2019-01-01;2019-12-31;100;2019
622;C165R331;165;331;4591;DEA42;Gütersloh;Nordrhein-Westfalen;2019-01-01;2019-12-31;115;2019
623;C176R599;176;599;4592;DE715;Bergstraße;Hessen;2019-01-01;2019-12-31;115;2019
624;C45R424;45;424;4593;DEA1D;Rhein-Kreis Neuss;Nordrhein-Westfalen;2019-01-01;2019-12-31;103;2019
625;C216R100;216;100;4594;DEF05;Dithmarschen;Schleswig-Holstein;2019-01-01;2019-12-31;104;2019
626;C209R102;209;102;4595;DEF05;Dithmarschen;Schleswig-Holstein;2019-01-01;2019-12-31;108;2019
627;C176R593;176;593;4596;DEB39;Worms, Kreisfreie Stadt;Rheinland-Pfalz;2019-01-01;2019-12-31;115;2019
628;C246R737;246;737;4597;DE141;Reutlingen;Baden-Württemberg;2019-01-01;2019-12-31;122;2019
629;C388R706;388;706;4598;DE21I;Neuburg-Schrobenhausen;Bayern;2019-01-01;2019-12-31;110;2019
630;C106R237;106;237;4599;DE949;Emsland;Niedersachsen;2019-01-01;2019-12-31;111;2019
631;C101R249;101;249;4600;DE949;Emsland;Niedersachsen;2019-01-01;2019-12-31;110;2019
632;C328R204;328;204;4601;DE935;Lüneburg, Landkreis;Niedersachsen;2019-01-01;2019-12-31;111;2019
633;C381R721;381;721;4602;DE21I;Neuburg-Schrobenhausen;Bayern;2019-01-01;2019-12-31;106;2019
634;C183R256;183;256;4603;DE94F;Vechta;Niedersachsen;2019-01-01;2019-12-31;114;2019
635;C178R659;178;659;4604;DE123;Karlsruhe, Landkreis;Baden-Württemberg;2019-01-01;2019-12-31;108;2019
636;C15R443;15;443;4605;DEA29;Heinsberg;Nordrhein-Westfalen;2019-01-01;2019-12-31;105;2019
637;C90R266;90;266;4606;DE949;Emsland;Niedersachsen;2019-01-01;2019-12-31;116;2019
638;C63R374;63;374;4607;DEA1F;Wesel;Nordrhein-Westfalen;2019-01-01;2019-12-31;110;2019
639;C42R432;42;432;4608;DEA15;Mönchengladbach, Kreisfreie Stadt;Nordrhein-Westfalen;2019-01-01;2019-12-31;120;2019
640;C431R132;431;132;4609;DE80K;Landkreis Rostock;Mecklenburg-Vorpommern;2019-01-01;2019-12-31;132;2019
641;C42R420;42;420;4610;DEA1E;Viersen;Nordrhein-Westfalen;2019-01-01;2019-12-31;112;2019
642;C376R363;376;363;4611;DEE09;Harz;Sachsen-Anhalt;2019-01-01;2019-12-31;116;2019
643;C569R382;569;382;4612;DE40B;Oberspreewald-Lausitz;Brandenburg;2019-01-01;2019-12-31;123;2019
644;C473R679;473;679;4613;DE22B;Straubing-Bogen;Bayern;2019-01-01;2019-12-31;104;2019
645;C256R268;256;268;4614;DE929;Region Hannover;Niedersachsen;2019-01-01;2019-12-31;108;2019
646;C26R454;26;454;4615;DEA26;Düren;Nordrhein-Westfalen;2019-01-01;2019-12-31;116;2019
647;C45R455;45;455;4616;DEA27;Rhein-Erft-Kreis;Nordrhein-Westfalen;2019-01-01;2019-12-31;120;2019
648;C381R474;381;474;4617;DEG0U;Saalfeld-Rudolstadt;Thüringen;2019-01-01;2019-12-31;117;2019
649;C461R670;461;670;4618;DE238;Regensburg, Landkreis;Bayern;2019-01-01;2019-12-31;123;2019
650;C60R451;60;451;4619;DEA27;Rhein-Erft-Kreis;Nordrhein-Westfalen;2019-01-01;2019-12-31;98;2019
651;C30R382;30;382;4620;DEA1B;Kleve;Nordrhein-Westfalen;2019-01-01;2019-12-31;112;2019
652;C287R287;287;287;4621;DE929;Region Hannover;Niedersachsen;2019-01-01;2019-12-31;115;2019
653;C122R231;122;231;4623;DE949;Emsland;Niedersachsen;2019-01-01;2019-12-31;108;2019
654;C243R299;243;299;4624;DE928;Schaumburg;Niedersachsen;2019-01-01;2019-12-31;117;2019
655;C493R707;493;707;4625;DE22C;Dingolfing-Landau;Bayern;2019-01-01;2019-12-31;110;2019
656;C125R268;125;268;4626;DE949;Emsland;Niedersachsen;2019-01-01;2019-12-31;108;2019
657;C24R377;24;377;4627;DEA1B;Kleve;Nordrhein-Westfalen;2019-01-01;2019-12-31;105;2019
658;C306R736;306;736;4628;DE279;Neu-Ulm;Bayern;2019-01-01;2019-12-31;105;2019
659;C403R743;403;743;4629;DE217;Dachau;Bayern;2019-01-01;2019-12-31;118;2019
660;C97R255;97;255;4630;DE949;Emsland;Niedersachsen;2019-01-01;2019-12-31;110;2019
661;C381R704;381;704;4631;DE21I;Neuburg-Schrobenhausen;Bayern;2019-01-01;2019-12-31;110;2019
662;C24R461;24;461;4632;DEA26;Düren;Nordrhein-Westfalen;2019-01-01;2019-12-31;116;2019
663;C408R752;408;752;4633;DE21H;München, Landkreis;Bayern;2019-01-01;2019-12-31;122;2019
664;C29R461;29;461;4634;DEA2D;Städteregion Aachen;Nordrhein-Westfalen;2019-01-01;2019-12-31;93;2019
665;C93R355;93;355;4635;DEA35;Coesfeld;Nordrhein-Westfalen;2019-01-01;2019-12-31;119;2019
666;C104R370;104;370;4636;DEA35;Coesfeld;Nordrhein-Westfalen;2019-01-01;2019-12-31;114;2019
667;C391R333;391;333;4637;DEE07;Börde;Sachsen-Anhalt;2019-01-01;2019-12-31;118;2019
668;C428R129;428;129;4638;DE80K;Landkreis Rostock;Mecklenburg-Vorpommern;2019-01-01;2019-12-31;125;2019
669;C304R191;304;191;4639;DE933;Harburg;Niedersachsen;2019-01-01;2019-12-31;121;2019
670;C521R107;521;107;4640;DE80N;Vorpommern-Greifswald;Mecklenburg-Vorpommern;2019-01-01;2019-12-31;116;2019
671;C318R275;318;275;4641;DE914;Gifhorn;Niedersachsen;2019-01-01;2019-12-31;104;2019
672;C296R296;296;296;4642;DE929;Region Hannover;Niedersachsen;2019-01-01;2019-12-31;97;2019
673;C484R124;484;124;4643;DE80J;Mecklenburgische Seenplatte;Mecklenburg-Vorpommern;2019-01-01;2019-12-31;128;2019
674;C32R456;32;456;4644;DEA26;Düren;Nordrhein-Westfalen;2019-01-01;2019-12-31;93;2019
675;C522R117;522;117;4645;DE80N;Vorpommern-Greifswald;Mecklenburg-Vorpommern;2019-01-01;2019-12-31;128;2019
676;C584R351;584;351;4646;DE402;Cottbus, Kreisfreie Stadt;Brandenburg;2019-01-01;2019-12-31;116;2019
677;C400R737;400;737;4647;DE217;Dachau;Bayern;2019-01-01;2019-12-31;118;2019
678;C515R107;515;107;4648;DE80N;Vorpommern-Greifswald;Mecklenburg-Vorpommern;2019-01-01;2019-12-31;116;2019
679;C139R277;139;277;4649;DE94E;Osnabrück, Landkreis;Niedersachsen;2019-01-01;2019-12-31;110;2019
680;C127R788;127;788;4650;DE132;Breisgau-Hochschwarzwald;Baden-Württemberg;2019-01-01;2019-12-31;115;2019
681;C409R688;409;688;4651;DE219;Eichstätt;Bayern;2019-01-01;2019-12-31;108;2019
682;C523R110;523;110;4652;DE80N;Vorpommern-Greifswald;Mecklenburg-Vorpommern;2019-01-01;2019-12-31;116;2019
683;C415R123;415;123;4653;DE80K;Landkreis Rostock;Mecklenburg-Vorpommern;2019-01-01;2019-12-31;121;2019
684;C476R685;476;685;4654;DE22B;Straubing-Bogen;Bayern;2019-01-01;2019-12-31;105;2019
685;C204R804;204;804;4655;DE138;Konstanz;Baden-Württemberg;2019-01-01;2019-12-31;104;2019
686;C207R250;207;250;4656;DE922;Diepholz;Niedersachsen;2019-01-01;2019-12-31;120;2019
687;C219R80;219;80;4657;DEF05;Dithmarschen;Schleswig-Holstein;2019-01-01;2019-12-31;130;2019
688;C482R160;482;160;4658;DE80J;Mecklenburgische Seenplatte;Mecklenburg-Vorpommern;2019-01-01;2019-12-31;120;2019
689;C30R460;30;460;4659;DEA26;Düren;Nordrhein-Westfalen;2019-01-01;2019-12-31;93;2019
690;C481R686;481;686;4660;DE22B;Straubing-Bogen;Bayern;2019-01-01;2019-12-31;105;2019
691;C492R129;492;129;4661;DE80J;Mecklenburgische Seenplatte;Mecklenburg-Vorpommern;2019-01-01;2019-12-31;115;2019
692;C453R588;453;588;4662;DE237;Neustadt a. d. Waldnaab;Bayern;2019-01-01;2019-12-31;114;2019
693;C389R112;389;112;4663;DE80K;Landkreis Rostock;Mecklenburg-Vorpommern;2019-01-01;2019-12-31;105;2019
694;C26R433;26;433;4664;DEA29;Heinsberg;Nordrhein-Westfalen;2019-01-01;2019-12-31;91;2019
695;C427R439;427;439;4665;DEE08;Burgenlandkreis;Sachsen-Anhalt;2019-01-01;2019-12-31;130;2019
696;C325R718;325;718;4666;DE277;Dillingen a.d. Donau;Bayern;2019-01-01;2019-12-31;104;2019
697;C196R518;196;518;4667;DE71E;Wetteraukreis;Hessen;2019-01-01;2019-12-31;111;2019
698;C363R626;363;626;4668;DE258;Fürth, Landkreis;Bayern;2019-01-01;2019-12-31;123;2019
699;C189R569;189;569;4669;DE716;Darmstadt-Dieburg;Hessen;2019-01-01;2019-12-31;113;2019
700;C183R288;183;288;4670;DEA46;Minden-Lübbecke;Nordrhein-Westfalen;2019-01-01;2019-12-31;108;2019
701;C478R460;478;460;4671;DED45;Zwickau;Sachsen;2019-01-01;2019-12-31;118;2019
702;C23R455;23;455;4672;DEA2D;Städteregion Aachen;Nordrhein-Westfalen;2019-01-01;2019-12-31;116;2019
703;C475R675;475;675;4673;DE22B;Straubing-Bogen;Bayern;2019-01-01;2019-12-31;104;2019
704;C289R247;289;247;4674;DE931;Celle;Niedersachsen;2019-01-01;2019-12-31;106;2019
705;C378R750;378;750;4675;DE217;Dachau;Bayern;2019-01-01;2019-12-31;114;2019
706;C381R709;381;709;4676;DE21I;Neuburg-Schrobenhausen;Bayern;2019-01-01;2019-12-31;110;2019
707;C181R606;181;606;4677;DE715;Bergstraße;Hessen;2019-01-01;2019-12-31;101;2019
708;C225R766;225;766;4678;DE143;Zollernalbkreis;Baden-Württemberg;2019-01-01;2019-12-31;124;2019
709;C349R455;349;455;4679;DEG0C;Gotha;Thüringen;2019-01-01;2019-12-31;114;2019
710;C226R664;226;664;4680;DE118;Heilbronn, Landkreis;Baden-Württemberg;2019-01-01;2019-12-31;102;2019
711;C84R367;84;367;4681;DEA36;Recklinghausen;Nordrhein-Westfalen;2019-01-01;2019-12-31;102;2019
712;C17R435;17;435;4682;DEA29;Heinsberg;Nordrhein-Westfalen;2019-01-01;2019-12-31;105;2019
713;C165R610;165;610;4683;DEB3C;Bad Dürkheim;Rheinland-Pfalz;2019-01-01;2019-12-31;96;2019
714;C286R199;286;199;4684;DE933;Harburg;Niedersachsen;2019-01-01;2019-12-31;115;2019
715;C349R226;349;226;4685;DE934;Lüchow-Dannenberg;Niedersachsen;2019-01-01;2019-12-31;114;2019
716;C101R290;101;290;4686;DE949;Emsland;Niedersachsen;2019-01-01;2019-12-31;108;2019
717;C290R207;290;207;4687;DE933;Harburg;Niedersachsen;2019-01-01;2019-12-31;116;2019
718;C218R80;218;80;4688;DEF07;Nordfriesland;Schleswig-Holstein;2019-01-01;2019-12-31;130;2019
719;C390R766;390;766;4689;DE21C;Fürstenfeldbruck;Bayern;2019-01-01;2019-12-31;114;2019
720;C361R232;361;232;4690;DE934;Lüchow-Dannenberg;Niedersachsen;2019-01-01;2019-12-31;121;2019
721;C57R478;57;478;4691;DEA26;Düren;Nordrhein-Westfalen;2019-01-01;2019-12-31;110;2019
722;C177R633;177;633;4692;DEB38;Speyer, Kreisfreie Stadt;Rheinland-Pfalz;2019-01-01;2019-12-31;106;2019
723;C168R606;168;606;4693;DEB39;Worms, Kreisfreie Stadt;Rheinland-Pfalz;2019-01-01;2019-12-31;100;2019
724;C347R452;347;452;4694;DEG0C;Gotha;Thüringen;2019-01-01;2019-12-31;114;2019
725;C427R764;427;764;4695;DE218;Ebersberg;Bayern;2019-01-01;2019-12-31;113;2019
726;C219R97;219;97;4696;DEF05;Dithmarschen;Schleswig-Holstein;2019-01-01;2019-12-31;104;2019
727;C187R586;187;586;4697;DE716;Darmstadt-Dieburg;Hessen;2019-01-01;2019-12-31;108;2019
728;C425R748;425;748;4698;DE21A;Erding;Bayern;2019-01-01;2019-12-31;122;2019
729;C340R258;340;258;4699;DE914;Gifhorn;Niedersachsen;2019-01-01;2019-12-31;118;2019
730;C34R399;34;399;4700;DEA1B;Kleve;Nordrhein-Westfalen;2019-01-01;2019-12-31;98;2019
731;C217R90;217;90;4701;DEF05;Dithmarschen;Schleswig-Holstein;2019-01-01;2019-12-31;108;2019
732;C355R295;355;295;4702;DE917;Helmstedt;Niedersachsen;2019-01-01;2019-12-31;113;2019
733;C214R97;214;97;4703;DEF05;Dithmarschen;Schleswig-Holstein;2019-01-01;2019-12-31;108;2019
734;C421R119;421;119;4704;DE80K;Landkreis Rostock;Mecklenburg-Vorpommern;2019-01-01;2019-12-31;117;2019
735;C469R450;469;450;4705;DEG0M;Altenburger Land;Thüringen;2019-01-01;2019-12-31;118;2019
736;C525R346;525;346;4706;DE40H;Teltow-Fläming;Brandenburg;2019-01-01;2019-12-31;110;2019
737;C26R366;26;366;4707;DEA1B;Kleve;Nordrhein-Westfalen;2019-01-01;2019-12-31;94;2019
738;C95R275;95;275;4708;DE949;Emsland;Niedersachsen;2019-01-01;2019-12-31;105;2019
739;C466R615;466;615;4709;DE239;Schwandorf;Bayern;2019-01-01;2019-12-31;117;2019
740;C152R288;152;288;4710;DE94E;Osnabrück, Landkreis;Niedersachsen;2019-01-01;2019-12-31;121;2019
741;C420R488;420;488;4711;DEG0K;Saale-Orla-Kreis;Thüringen;2019-01-01;2019-12-31;119;2019
742;C325R258;325;258;4712;DE914;Gifhorn;Niedersachsen;2019-01-01;2019-12-31;103;2019
743;C266R86;266;86;4713;DEF0B;Rendsburg-Eckernförde;Schleswig-Holstein;2019-01-01;2019-12-31;114;2019
744;C67R446;67;446;4714;DEA27;Rhein-Erft-Kreis;Nordrhein-Westfalen;2019-01-01;2019-12-31;109;2019
745;C388R764;388;764;4715;DE21C;Fürstenfeldbruck;Bayern;2019-01-01;2019-12-31;110;2019
746;C18R466;18;466;4716;DEA2D;Städteregion Aachen;Nordrhein-Westfalen;2019-01-01;2019-12-31;112;2019
747;C275R110;275;110;4717;DEF0B;Rendsburg-Eckernförde;Schleswig-Holstein;2019-01-01;2019-12-31;123;2019
748;C48R404;48;404;4718;DEA14;Krefeld, Kreisfreie Stadt;Nordrhein-Westfalen;2019-01-01;2019-12-31;77;2019
749;C537R439;537;439;4719;DED2F;Sächsische Schweiz-Osterzgebirge;Sachsen;2019-01-01;2019-12-31;112;2019
750;C78R362;78;362;4720;DEA34;Borken;Nordrhein-Westfalen;2019-01-01;2019-12-31;110;2019
751;C124R768;124;768;4721;DE133;Emmendingen;Baden-Württemberg;2019-01-01;2019-12-31;111;2019
752;C385R697;385;697;6251;DE21I;Neuburg-Schrobenhausen;Bayern;2020-01-01;2020-12-31;110;2020
753;C360R642;360;642;6252;DE25B;Roth;Bayern;2020-01-01;2020-12-31;120;2020
754;C142R390;142;390;6253;DEA5B;Soest;Nordrhein-Westfalen;2020-01-01;2020-12-31;108;2020
755;C186R576;186;576;6254;DE716;Darmstadt-Dieburg;Hessen;2020-01-01;2020-12-31;109;2020
756;C215R98;215;98;6255;DEF05;Dithmarschen;Schleswig-Holstein;2020-01-01;2020-12-31;104;2020
757;C362R790;362;790;6256;DE21E;Landsberg am Lech;Bayern;2020-01-01;2020-12-31;120;2020
758;C381R763;381;763;6257;DE21C;Fürstenfeldbruck;Bayern;2020-01-01;2020-12-31;110;2020
759;C153R240;153;240;6258;DE948;Cloppenburg;Niedersachsen;2020-01-01;2020-12-31;115;2020
760;C384R704;384;704;6259;DE21I;Neuburg-Schrobenhausen;Bayern;2020-01-01;2020-12-31;110;2020
761;C96R295;96;295;6260;DE94B;Grafschaft Bentheim;Niedersachsen;2020-01-01;2020-12-31;108;2020
762;C309R279;309;279;6261;DE931;Celle;Niedersachsen;2020-01-01;2020-12-31;105;2020
763;C28R462;28;462;6262;DEA2D;Städteregion Aachen;Nordrhein-Westfalen;2020-01-01;2020-12-31;110;2020
764;C495R131;495;131;6263;DE80J;Mecklenburgische Seenplatte;Mecklenburg-Vorpommern;2020-01-01;2020-12-31;115;2020
765;C497R141;497;141;6264;DE80J;Mecklenburgische Seenplatte;Mecklenburg-Vorpommern;2020-01-01;2020-12-31;115;2020
766;C400R414;400;414;6265;DEE0B;Saalekreis;Sachsen-Anhalt;2020-01-01;2020-12-31;116;2020
767;C62R330;62;330;6266;DEA34;Borken;Nordrhein-Westfalen;2020-01-01;2020-12-31;112;2020
768;C236R111;236;111;6267;DEF05;Dithmarschen;Schleswig-Holstein;2020-01-01;2020-12-31;111;2020
769;C19R465;19;465;6268;DEA2D;Städteregion Aachen;Nordrhein-Westfalen;2020-01-01;2020-12-31;112;2020
770;C383R325;383;325;6269;DEE07;Börde;Sachsen-Anhalt;2020-01-01;2020-12-31;111;2020
771;C271R265;271;265;6270;DE931;Celle;Niedersachsen;2020-01-01;2020-12-31;101;2020
772;C94R245;94;245;6271;DE949;Emsland;Niedersachsen;2020-01-01;2020-12-31;110;2020
773;C72R419;72;419;6272;DEA1C;Mettmann;Nordrhein-Westfalen;2020-01-01;2020-12-31;115;2020
774;C46R453;46;453;6273;DEA27;Rhein-Erft-Kreis;Nordrhein-Westfalen;2020-01-01;2020-12-31;120;2020
775;C153R517;153;517;6274;DE723;Limburg-Weilburg;Hessen;2020-01-01;2020-12-31;119;2020
776;C385R212;385;212;6276;DE40F;Prignitz;Brandenburg;2020-01-01;2020-12-31;118;2020
777;C211R518;211;518;6277;DE71E;Wetteraukreis;Hessen;2020-01-01;2020-12-31;120;2020
778;C308R222;308;222;6278;DE93A;Uelzen;Niedersachsen;2020-01-01;2020-12-31;114;2020
779;C173R585;173;585;6279;DEB3J;Mainz-Bingen;Rheinland-Pfalz;2020-01-01;2020-12-31;116;2020
780;C167R605;167;605;6280;DEB39;Worms, Kreisfreie Stadt;Rheinland-Pfalz;2020-01-01;2020-12-31;100;2020
781;C342R775;342;775;6281;DE27C;Unterallgäu;Bayern;2020-01-01;2020-12-31;113;2020
782;C103R530;103;530;6282;DEB17;Mayen-Koblenz;Rheinland-Pfalz;2020-01-01;2020-12-31;109;2020
783;C351R437;351;437;6283;DEG0D;Sömmerda;Thüringen;2020-01-01;2020-12-31;114;2020
784;C201R459;201;459;6284;DE724;Marburg-Biedenkopf;Hessen;2020-01-01;2020-12-31;112;2020
785;C360R708;360;708;6285;DE27D;Donau-Ries;Bayern;2020-01-01;2020-12-31;104;2020
786;C336R221;336;221;6286;DE93A;Uelzen;Niedersachsen;2020-01-01;2020-12-31;105;2020
787;C310R222;310;222;6287;DE93A;Uelzen;Niedersachsen;2020-01-01;2020-12-31;102;2020
788;C84R649;84;649;6288;DEC05;Saarpfalz-Kreis;Saarland;2020-01-01;2020-12-31;122;2020
789;C54R459;54;459;6289;DEA27;Rhein-Erft-Kreis;Nordrhein-Westfalen;2020-01-01;2020-12-31;112;2020
790;C342R270;342;270;6290;DE914;Gifhorn;Niedersachsen;2020-01-01;2020-12-31;106;2020
791;C167R624;167;624;6291;DEB3I;Rhein-Pfalz-Kreis;Rheinland-Pfalz;2020-01-01;2020-12-31;97;2020
792;C316R225;316;225;6292;DE93A;Uelzen;Niedersachsen;2020-01-01;2020-12-31;102;2020
793;C323R272;323;272;6293;DE914;Gifhorn;Niedersachsen;2020-01-01;2020-12-31;122;2020
794;C17R457;17;457;6294;DEA29;Heinsberg;Nordrhein-Westfalen;2020-01-01;2020-12-31;103;2020
795;C213R652;213;652;6295;DE118;Heilbronn, Landkreis;Baden-Württemberg;2020-01-01;2020-12-31;115;2020
796;C464R680;464;680;6296;DE238;Regensburg, Landkreis;Bayern;2020-01-01;2020-12-31;105;2020
797;C94R284;94;284;6297;DE94B;Grafschaft Bentheim;Niedersachsen;2020-01-01;2020-12-31;105;2020
798;C286R287;286;287;6298;DE929;Region Hannover;Niedersachsen;2020-01-01;2020-12-31;115;2020
799;C164R384;164;384;6299;DEA5B;Soest;Nordrhein-Westfalen;2020-01-01;2020-12-31;118;2020
800;C25R460;25;460;6300;DEA26;Düren;Nordrhein-Westfalen;2020-01-01;2020-12-31;116;2020
801;C385R195;385;195;6301;DE80O;Ludwigslust-Parchim;Mecklenburg-Vorpommern;2020-01-01;2020-12-31;124;2020
802;C494R685;494;685;6302;DE22B;Straubing-Bogen;Bayern;2020-01-01;2020-12-31;108;2020
803;C169R381;169;381;6303;DEA5B;Soest;Nordrhein-Westfalen;2020-01-01;2020-12-31;118;2020
804;C475R683;475;683;6304;DE223;Straubing, Kreisfreie Stadt;Bayern;2020-01-01;2020-12-31;104;2020
805;C239R33;239;33;6305;DEF0C;Schleswig-Flensburg;Schleswig-Holstein;2020-01-01;2020-12-31;108;2020
806;C416R693;416;693;6306;DE219;Eichstätt;Bayern;2020-01-01;2020-12-31;114;2020
807;C92R292;92;292;6307;DE94B;Grafschaft Bentheim;Niedersachsen;2020-01-01;2020-12-31;105;2020
808;C345R241;345;241;6308;DE934;Lüchow-Dannenberg;Niedersachsen;2020-01-01;2020-12-31;112;2020
809;C168R612;168;612;6309;DEB3I;Rhein-Pfalz-Kreis;Rheinland-Pfalz;2020-01-01;2020-12-31;96;2020
810;C182R606;182;606;6310;DE715;Bergstraße;Hessen;2020-01-01;2020-12-31;101;2020
811;C204R520;204;520;6311;DE71E;Wetteraukreis;Hessen;2020-01-01;2020-12-31;120;2020
812;C470R129;470;129;6312;DE80J;Mecklenburgische Seenplatte;Mecklenburg-Vorpommern;2020-01-01;2020-12-31;135;2020
813;C245R813;245;813;6313;DE147;Bodenseekreis;Baden-Württemberg;2020-01-01;2020-12-31;114;2020
814;C289R424;289;424;6314;DE737;Werra-Meißner-Kreis;Hessen;2020-01-01;2020-12-31;110;2020
815;C398R112;398;112;6315;DE80K;Landkreis Rostock;Mecklenburg-Vorpommern;2020-01-01;2020-12-31;120;2020
816;C50R480;50;480;6316;DEA26;Düren;Nordrhein-Westfalen;2020-01-01;2020-12-31;110;2020
817;C390R353;390;353;6317;DEE0C;Salzlandkreis;Sachsen-Anhalt;2020-01-01;2020-12-31;120;2020
818;C323R204;323;204;6318;DE935;Lüneburg, Landkreis;Niedersachsen;2020-01-01;2020-12-31;109;2020
819;C135R479;135;479;6319;DEB13;Altenkirchen (Westerwald);Rheinland-Pfalz;2020-01-01;2020-12-31;110;2020
820;C428R436;428;436;6320;DEE08;Burgenlandkreis;Sachsen-Anhalt;2020-01-01;2020-12-31;130;2020
821;C473R458;473;458;6321;DED45;Zwickau;Sachsen;2020-01-01;2020-12-31;128;2020
822;C426R768;426;768;6322;DE218;Ebersberg;Bayern;2020-01-01;2020-12-31;111;2020
823;C101R527;101;527;6323;DEB17;Mayen-Koblenz;Rheinland-Pfalz;2020-01-01;2020-12-31;109;2020
824;C513R116;513;116;6324;DE80N;Vorpommern-Greifswald;Mecklenburg-Vorpommern;2020-01-01;2020-12-31;116;2020
825;C383R237;383;237;6325;DEE04;Altmarkkreis Salzwedel;Sachsen-Anhalt;2020-01-01;2020-12-31;106;2020
826;C493R692;493;692;6326;DE22C;Dingolfing-Landau;Bayern;2020-01-01;2020-12-31;109;2020
827;C302R208;302;208;6327;DE935;Lüneburg, Landkreis;Niedersachsen;2020-01-01;2020-12-31;117;2020
828;C420R758;420;758;6328;DE21H;München, Landkreis;Bayern;2020-01-01;2020-12-31;109;2020
829;C430R214;430;214;6329;DE40F;Prignitz;Brandenburg;2020-01-01;2020-12-31;120;2020
830;C404R759;404;759;6330;DE212;München, Kreisfreie Stadt;Bayern;2020-01-01;2020-12-31;122;2020
831;C356R646;356;646;6331;DE256;Ansbach, Landkreis;Bayern;2020-01-01;2020-12-31;117;2020
832;C559R369;559;369;6332;DE40B;Oberspreewald-Lausitz;Brandenburg;2020-01-01;2020-12-31;118;2020
833;C87R356;87;356;6333;DEA34;Borken;Nordrhein-Westfalen;2020-01-01;2020-12-31;98;2020
834;C211R580;211;580;6334;DE716;Darmstadt-Dieburg;Hessen;2020-01-01;2020-12-31;106;2020
835;C366R759;366;759;6335;DE275;Aichach-Friedberg;Bayern;2020-01-01;2020-12-31;122;2020
836;C474R697;474;697;6336;DE22C;Dingolfing-Landau;Bayern;2020-01-01;2020-12-31;106;2020
837;C168R645;168;645;6337;DEB3E;Germersheim;Rheinland-Pfalz;2020-01-01;2020-12-31;106;2020
838;C425R755;425;755;6338;DE21A;Erding;Bayern;2020-01-01;2020-12-31;122;2020
839;C209R577;209;577;6339;DE716;Darmstadt-Dieburg;Hessen;2020-01-01;2020-12-31;114;2020
840;C128R231;128;231;6340;DE949;Emsland;Niedersachsen;2020-01-01;2020-12-31;108;2020
841;C181R600;181;600;6341;DE715;Bergstraße;Hessen;2020-01-01;2020-12-31;101;2020
842;C197R269;197;269;6342;DE922;Diepholz;Niedersachsen;2020-01-01;2020-12-31;106;2020
843;C119R257;119;257;6343;DE949;Emsland;Niedersachsen;2020-01-01;2020-12-31;104;2020
844;C68R286;68;286;6344;DE94B;Grafschaft Bentheim;Niedersachsen;2020-01-01;2020-12-31;115;2020
845;C435R373;435;373;6345;DEE05;Anhalt-Bitterfeld;Sachsen-Anhalt;2020-01-01;2020-12-31;116;2020
846;C80R378;80;378;6346;DEA36;Recklinghausen;Nordrhein-Westfalen;2020-01-01;2020-12-31;108;2020
847;C135R262;135;262;6347;DE948;Cloppenburg;Niedersachsen;2020-01-01;2020-12-31;115;2020
848;C334R199;334;199;6348;DE935;Lüneburg, Landkreis;Niedersachsen;2020-01-01;2020-12-31;111;2020
849;C444R230;444;230;6349;DE40D;Ostprignitz-Ruppin;Brandenburg;2020-01-01;2020-12-31;102;2020
850;C393R769;393;769;6350;DE21C;Fürstenfeldbruck;Bayern;2020-01-01;2020-12-31;114;2020
851;C357R629;357;629;6351;DE258;Fürth, Landkreis;Bayern;2020-01-01;2020-12-31;120;2020
852;C446R385;446;385;6352;DED53;Nordsachsen;Sachsen;2020-01-01;2020-12-31;119;2020
853;C148R575;148;575;6353;DEB3J;Mainz-Bingen;Rheinland-Pfalz;2020-01-01;2020-12-31;118;2020
854;C69R275;69;275;6354;DE94B;Grafschaft Bentheim;Niedersachsen;2020-01-01;2020-12-31;104;2020
855;C519R457;519;457;6355;DED43;Mittelsachsen;Sachsen;2020-01-01;2020-12-31;122;2020
856;C214R101;214;101;6356;DEF05;Dithmarschen;Schleswig-Holstein;2020-01-01;2020-12-31;104;2020
857;C453R683;453;683;6357;DE238;Regensburg, Landkreis;Bayern;2020-01-01;2020-12-31;114;2020
858;C376R754;376;754;6358;DE21C;Fürstenfeldbruck;Bayern;2020-01-01;2020-12-31;114;2020
859;C459R105;459;105;6359;DE80L;Vorpommern-Rügen;Mecklenburg-Vorpommern;2020-01-01;2020-12-31;129;2020
860;C402R236;402;236;6360;DEE0D;Stendal;Sachsen-Anhalt;2020-01-01;2020-12-31;119;2020
861;C375R351;375;351;6361;DEE09;Harz;Sachsen-Anhalt;2020-01-01;2020-12-31;132;2020
862;C101R295;101;295;6362;DE949;Emsland;Niedersachsen;2020-01-01;2020-12-31;108;2020
863;C93R250;93;250;6363;DE949;Emsland;Niedersachsen;2020-01-01;2020-12-31;110;2020
864;C171R616;171;616;6364;DEB31;Frankenthal (Pfalz), Kreisfreie Stadt;Rheinland-Pfalz;2020-01-01;2020-12-31;107;2020
865;C173R551;173;551;6365;DE714;Wiesbaden, Kreisfreie Stadt;Hessen;2020-01-01;2020-12-31;106;2020
866;C306R512;306;512;6366;DE266;Rhön-Grabfeld;Bayern;2020-01-01;2020-12-31;122;2020
867;C470R433;470;433;6367;DED52;Leipzig;Sachsen;2020-01-01;2020-12-31;127;2020
868;C431R762;431;762;6368;DE218;Ebersberg;Bayern;2020-01-01;2020-12-31;113;2020
869;C478R103;478;103;6369;DE80L;Vorpommern-Rügen;Mecklenburg-Vorpommern;2020-01-01;2020-12-31;124;2020
870;C427R759;427;759;6370;DE218;Ebersberg;Bayern;2020-01-01;2020-12-31;113;2020
871;C186R640;186;640;6371;DE128;Rhein-Neckar-Kreis;Baden-Württemberg;2020-01-01;2020-12-31;114;2020
872;C108R275;108;275;6372;DE949;Emsland;Niedersachsen;2020-01-01;2020-12-31;113;2020
873;C185R234;185;234;6373;DE94D;Oldenburg, Landkreis;Niedersachsen;2020-01-01;2020-12-31;104;2020
874;C479R684;479;684;6374;DE223;Straubing, Kreisfreie Stadt;Bayern;2020-01-01;2020-12-31;105;2020
875;C431R743;431;743;6375;DE21A;Erding;Bayern;2020-01-01;2020-12-31;99;2020
876;C390R759;390;759;6376;DE21C;Fürstenfeldbruck;Bayern;2020-01-01;2020-12-31;103;2020
877;C48R465;48;465;6377;DEA27;Rhein-Erft-Kreis;Nordrhein-Westfalen;2020-01-01;2020-12-31;91;2020
878;C155R297;155;297;6378;DE94E;Osnabrück, Landkreis;Niedersachsen;2020-01-01;2020-12-31;121;2020
879;C88R270;88;270;6379;DE949;Emsland;Niedersachsen;2020-01-01;2020-12-31;105;2020
880;C264R430;264;430;6380;DE737;Werra-Meißner-Kreis;Hessen;2020-01-01;2020-12-31;108;2020
881;C14R454;14;454;6381;DEA29;Heinsberg;Nordrhein-Westfalen;2020-01-01;2020-12-31;103;2020
882;C99R259;99;259;6382;DE949;Emsland;Niedersachsen;2020-01-01;2020-12-31;110;2020
883;C272R224;272;224;6383;DE938;Heidekreis;Niedersachsen;2020-01-01;2020-12-31;110;2020
884;C489R698;489;698;6384;DE22C;Dingolfing-Landau;Bayern;2020-01-01;2020-12-31;109;2020
885;C167R385;167;385;6385;DEA5B;Soest;Nordrhein-Westfalen;2020-01-01;2020-12-31;107;2020
886;C150R210;150;210;6386;DE946;Ammerland;Niedersachsen;2020-01-01;2020-12-31;128;2020
887;C490R688;490;688;6387;DE22B;Straubing-Bogen;Bayern;2020-01-01;2020-12-31;108;2020
888;C301R293;301;293;6388;DE91A;Peine;Niedersachsen;2020-01-01;2020-12-31;97;2020
889;C87R273;87;273;6389;DE94B;Grafschaft Bentheim;Niedersachsen;2020-01-01;2020-12-31;105;2020
890;C427R476;427;476;6390;DEG0L;Greiz;Thüringen;2020-01-01;2020-12-31;122;2020
891;C363R708;363;708;6391;DE27D;Donau-Ries;Bayern;2020-01-01;2020-12-31;104;2020
892;C525R411;525;411;6392;DED2E;Meißen;Sachsen;2020-01-01;2020-12-31;120;2020
893;C127R305;127;305;6393;DEA37;Steinfurt;Nordrhein-Westfalen;2020-01-01;2020-12-31;120;2020
894;C399R761;399;761;6394;DE212;München, Kreisfreie Stadt;Bayern;2020-01-01;2020-12-31;122;2020
895;C446R683;446;683;6395;DE226;Kelheim;Bayern;2020-01-01;2020-12-31;114;2020
896;C301R297;301;297;6396;DE91A;Peine;Niedersachsen;2020-01-01;2020-12-31;97;2020
897;C163R604;163;604;6397;DEB3B;Alzey-Worms;Rheinland-Pfalz;2020-01-01;2020-12-31;105;2020
898;C145R279;145;279;6398;DE94E;Osnabrück, Landkreis;Niedersachsen;2020-01-01;2020-12-31;124;2020
899;C542R400;542;400;6399;DE407;Elbe-Elster;Brandenburg;2020-01-01;2020-12-31;123;2020
900;C472R117;472;117;6400;DE80J;Mecklenburgische Seenplatte;Mecklenburg-Vorpommern;2020-01-01;2020-12-31;122;2020
901;C170R237;170;237;6401;DE94D;Oldenburg, Landkreis;Niedersachsen;2020-01-01;2020-12-31;117;2020
902;C353R451;353;451;6402;DEG01;Erfurt, Kreisfreie Stadt;Thüringen;2020-01-01;2020-12-31;114;2020
903;C470R115;470;115;6403;DE80J;Mecklenburgische Seenplatte;Mecklenburg-Vorpommern;2020-01-01;2020-12-31;116;2020
904;C165R613;165;613;6404;DEB3C;Bad Dürkheim;Rheinland-Pfalz;2020-01-01;2020-12-31;96;2020
905;C394R725;394;725;6405;DE21J;Pfaffenhofen a. d. Ilm;Bayern;2020-01-01;2020-12-31;107;2020
906;C50R478;50;478;6406;DEA26;Düren;Nordrhein-Westfalen;2020-01-01;2020-12-31;110;2020
907;C501R694;501;694;6407;DE224;Deggendorf;Bayern;2020-01-01;2020-12-31;112;2020
908;C272R230;272;230;6408;DE938;Heidekreis;Niedersachsen;2020-01-01;2020-12-31;110;2020
909;C259R299;259;299;6409;DE929;Region Hannover;Niedersachsen;2020-01-01;2020-12-31;116;2020
910;C493R441;493;441;6410;DED43;Mittelsachsen;Sachsen;2020-01-01;2020-12-31;127;2020
911;C316R164;316;164;6411;DEF06;Herzogtum Lauenburg;Schleswig-Holstein;2020-01-01;2020-12-31;113;2020
912;C501R683;501;683;6412;DE224;Deggendorf;Bayern;2020-01-01;2020-12-31;104;2020
913;C470R491;470;491;6413;DED45;Zwickau;Sachsen;2020-01-01;2020-12-31;126;2020
914;C423R419;423;419;6414;DEE0B;Saalekreis;Sachsen-Anhalt;2020-01-01;2020-12-31;109;2020
915;C408R255;408;255;6415;DEE0D;Stendal;Sachsen-Anhalt;2020-01-01;2020-12-31;122;2020
916;C486R398;486;398;6416;DED52;Leipzig;Sachsen;2020-01-01;2020-12-31;120;2020
917;C264R126;264;126;6417;DEF0E;Steinburg;Schleswig-Holstein;2020-01-01;2020-12-31;108;2020
918;C50R477;50;477;6418;DEA26;Düren;Nordrhein-Westfalen;2020-01-01;2020-12-31;110;2020
919;C404R354;404;354;6419;DEE0C;Salzlandkreis;Sachsen-Anhalt;2020-01-01;2020-12-31;109;2020
920;C402R369;402;369;6420;DEE0C;Salzlandkreis;Sachsen-Anhalt;2020-01-01;2020-12-31;120;2020
921;C539R376;539;376;6421;DE407;Elbe-Elster;Brandenburg;2020-01-01;2020-12-31;121;2020
922;C515R701;515;701;6422;DE224;Deggendorf;Bayern;2020-01-01;2020-12-31;110;2020
923;C415R492;415;492;6423;DEG0K;Saale-Orla-Kreis;Thüringen;2020-01-01;2020-12-31;112;2020
924;C69R479;69;479;6424;DEA28;Euskirchen;Nordrhein-Westfalen;2020-01-01;2020-12-31;108;2020
925;C507R688;507;688;6425;DE224;Deggendorf;Bayern;2020-01-01;2020-12-31;112;2020
926;C377R354;377;354;6426;DEE09;Harz;Sachsen-Anhalt;2020-01-01;2020-12-31;116;2020
927;C75R364;75;364;6427;DEA34;Borken;Nordrhein-Westfalen;2020-01-01;2020-12-31;110;2020
928;C141R244;141;244;6428;DE948;Cloppenburg;Niedersachsen;2020-01-01;2020-12-31;112;2020
929;C358R727;358;727;6429;DE275;Aichach-Friedberg;Bayern;2020-01-01;2020-12-31;112;2020
930;C221R99;221;99;6431;DEF05;Dithmarschen;Schleswig-Holstein;2020-01-01;2020-12-31;104;2020
931;C294R296;294;296;6432;DE929;Region Hannover;Niedersachsen;2020-01-01;2020-12-31;105;2020
932;C191R646;191;646;6433;DE128;Rhein-Neckar-Kreis;Baden-Württemberg;2020-01-01;2020-12-31;113;2020
933;C326R744;326;744;6434;DE278;Günzburg;Bayern;2020-01-01;2020-12-31;109;2020
934;C72R368;72;368;6436;DEA1F;Wesel;Nordrhein-Westfalen;2020-01-01;2020-12-31;128;2020
935;C376R701;376;701;6437;DE21I;Neuburg-Schrobenhausen;Bayern;2020-01-01;2020-12-31;110;2020
936;C137R151;137;151;6438;DE94H;Wittmund;Niedersachsen;2020-01-01;2020-12-31;117;2020
937;C507R700;507;700;6439;DE224;Deggendorf;Bayern;2020-01-01;2020-12-31;110;2020
938;C73R268;73;268;6440;DE94B;Grafschaft Bentheim;Niedersachsen;2020-01-01;2020-12-31;120;2020
939;C385R706;385;706;6441;DE21I;Neuburg-Schrobenhausen;Bayern;2020-01-01;2020-12-31;110;2020
940;C165R646;165;646;6442;DEB3E;Germersheim;Rheinland-Pfalz;2020-01-01;2020-12-31;106;2020
941;C440R665;440;665;6443;DE238;Regensburg, Landkreis;Bayern;2020-01-01;2020-12-31;107;2020
942;C350R792;350;792;6444;DE27B;Ostallgäu;Bayern;2020-01-01;2020-12-31;114;2020
943;C425R434;425;434;6445;DEE08;Burgenlandkreis;Sachsen-Anhalt;2020-01-01;2020-12-31;118;2020
944;C516R420;516;420;6446;DED2E;Meißen;Sachsen;2020-01-01;2020-12-31;120;2020
945;C271R55;271;55;6447;DEF0B;Rendsburg-Eckernförde;Schleswig-Holstein;2020-01-01;2020-12-31;125;2020
946;C247R334;247;334;6448;DE923;Hameln-Pyrmont;Niedersachsen;2020-01-01;2020-12-31;117;2020
947;C546R365;546;365;6449;DE407;Elbe-Elster;Brandenburg;2020-01-01;2020-12-31;116;2020
948;C182R549;182;549;6450;DE71A;Main-Taunus-Kreis;Hessen;2020-01-01;2020-12-31;115;2020
949;C328R228;328;228;6451;DE93A;Uelzen;Niedersachsen;2020-01-01;2020-12-31;117;2020
950;C420R751;420;751;6452;DE21H;München, Landkreis;Bayern;2020-01-01;2020-12-31;109;2020
951;C219R102;219;102;6453;DEF05;Dithmarschen;Schleswig-Holstein;2020-01-01;2020-12-31;104;2020
952;C374R358;374;358;6454;DEE09;Harz;Sachsen-Anhalt;2020-01-01;2020-12-31;116;2020
953;C136R261;136;261;6455;DE948;Cloppenburg;Niedersachsen;2020-01-01;2020-12-31;112;2020
954;C437R359;437;359;6456;DEE01;Dessau-Roßlau, Kreisfreie Stadt;Sachsen-Anhalt;2020-01-01;2020-12-31;112;2020
955;C69R479;69;479;6457;DEA28;Euskirchen;Nordrhein-Westfalen;2020-01-01;2020-12-31;108;2020
956;C453R112;453;112;6458;DE80K;Landkreis Rostock;Mecklenburg-Vorpommern;2020-01-01;2020-12-31;118;2020
957;C498R422;498;422;6459;DED43;Mittelsachsen;Sachsen;2020-01-01;2020-12-31;123;2020
958;C216R101;216;101;6460;DEF05;Dithmarschen;Schleswig-Holstein;2020-01-01;2020-12-31;104;2020
959;C392R711;392;711;6461;DE21I;Neuburg-Schrobenhausen;Bayern;2020-01-01;2020-12-31;101;2020
960;C222R88;222;88;6462;DEF05;Dithmarschen;Schleswig-Holstein;2020-01-01;2020-12-31;125;2020
961;C226R321;226;321;6463;DE928;Schaumburg;Niedersachsen;2020-01-01;2020-12-31;112;2020
962;C428R778;428;778;6464;DE218;Ebersberg;Bayern;2020-01-01;2020-12-31;122;2020
963;C212R84;212;84;6465;DEF07;Nordfriesland;Schleswig-Holstein;2020-01-01;2020-12-31;121;2020
964;C500R712;500;712;6466;DE22A;Rottal-Inn;Bayern;2020-01-01;2020-12-31;100;2020
965;C216R116;216;116;6467;DEF05;Dithmarschen;Schleswig-Holstein;2020-01-01;2020-12-31;116;2020
966;C174R664;174;664;6468;DE123;Karlsruhe, Landkreis;Baden-Württemberg;2020-01-01;2020-12-31;115;2020
967;C536R417;536;417;6469;DED2E;Meißen;Sachsen;2020-01-01;2020-12-31;117;2020
968;C389R768;389;768;6470;DE21C;Fürstenfeldbruck;Bayern;2020-01-01;2020-12-31;114;2020
969;C346R206;346;206;6471;DE934;Lüchow-Dannenberg;Niedersachsen;2020-01-01;2020-12-31;122;2020
970;C402R713;402;713;6473;DE21J;Pfaffenhofen a. d. Ilm;Bayern;2020-01-01;2020-12-31;112;2020
971;C357R228;357;228;6474;DE934;Lüchow-Dannenberg;Niedersachsen;2020-01-01;2020-12-31;121;2020
972;C365R217;365;217;6475;DE934;Lüchow-Dannenberg;Niedersachsen;2020-01-01;2020-12-31;96;2020
973;C275R111;275;111;6476;DEF0B;Rendsburg-Eckernförde;Schleswig-Holstein;2020-01-01;2020-12-31;123;2020
974;C352R697;352;697;6477;DE27D;Donau-Ries;Bayern;2020-01-01;2020-12-31;124;2020
975;C173R626;173;626;6478;DEB3I;Rhein-Pfalz-Kreis;Rheinland-Pfalz;2020-01-01;2020-12-31;106;2020
976;C61R483;61;483;6479;DEA28;Euskirchen;Nordrhein-Westfalen;2020-01-01;2020-12-31;106;2020
977;C481R405;481;405;6480;DED52;Leipzig;Sachsen;2020-01-01;2020-12-31;120;2020
978;C519R420;519;420;6481;DED2E;Meißen;Sachsen;2020-01-01;2020-12-31;126;2020
979;C162R663;162;663;6482;DEB3E;Germersheim;Rheinland-Pfalz;2020-01-01;2020-12-31;114;2020
980;C170R386;170;386;6483;DEA5B;Soest;Nordrhein-Westfalen;2020-01-01;2020-12-31;108;2020
981;C404R559;404;559;6484;DE246;Bayreuth, Landkreis;Bayern;2020-01-01;2020-12-31;107;2020
982;C158R261;158;261;6485;DE94F;Vechta;Niedersachsen;2020-01-01;2020-12-31;116;2020
983;C10R468;10;468;6486;DEA2D;Städteregion Aachen;Nordrhein-Westfalen;2020-01-01;2020-12-31;120;2020
984;C479R696;479;696;6487;DE22B;Straubing-Bogen;Bayern;2020-01-01;2020-12-31;106;2020
985;C408R750;408;750;6488;DE217;Dachau;Bayern;2020-01-01;2020-12-31;122;2020
986;C467R674;467;674;6489;DE238;Regensburg, Landkreis;Bayern;2020-01-01;2020-12-31;104;2020
987;C423R752;423;752;6490;DE21A;Erding;Bayern;2020-01-01;2020-12-31;122;2020
988;C54R481;54;481;6491;DEA28;Euskirchen;Nordrhein-Westfalen;2020-01-01;2020-12-31;99;2020
989;C380R353;380;353;6492;DEE09;Harz;Sachsen-Anhalt;2020-01-01;2020-12-31;132;2020
990;C474R683;474;683;6493;DE22B;Straubing-Bogen;Bayern;2020-01-01;2020-12-31;104;2020
991;C144R392;144;392;6494;DEA5B;Soest;Nordrhein-Westfalen;2020-01-01;2020-12-31;108;2020
992;C536R415;536;415;6495;DED2E;Meißen;Sachsen;2020-01-01;2020-12-31;134;2020
993;C380R338;380;338;6496;DEE07;Börde;Sachsen-Anhalt;2020-01-01;2020-12-31;118;2020
994;C208R344;208;344;6497;DEA45;Lippe;Nordrhein-Westfalen;2020-01-01;2020-12-31;112;2020
995;C392R444;392;444;6498;DEG0G;Weimarer Land;Thüringen;2020-01-01;2020-12-31;122;2020
996;C440R108;440;108;6499;DE80K;Landkreis Rostock;Mecklenburg-Vorpommern;2020-01-01;2020-12-31;122;2020
997;C147R339;147;339;6500;DEA38;Warendorf;Nordrhein-Westfalen;2020-01-01;2020-12-31;110;2020
998;C431R762;431;762;6501;DE218;Ebersberg;Bayern;2020-01-01;2020-12-31;113;2020
999;C179R627;179;627;6502;DEB3I;Rhein-Pfalz-Kreis;Rheinland-Pfalz;2020-01-01;2020-12-31;106;2020
1000;C232R467;232;467;6503;DE735;Schwalm-Eder-Kreis;Hessen;2020-01-01;2020-12-31;116;2020
1001;C390R112;390;112;6504;DE80K;Landkreis Rostock;Mecklenburg-Vorpommern;2020-01-01;2020-12-31;105;2020
1002;C174R586;174;586;6505;DEB3B;Alzey-Worms;Rheinland-Pfalz;2020-01-01;2020-12-31;111;2020
1003;C165R630;165;630;6506;DEB3C;Bad Dürkheim;Rheinland-Pfalz;2020-01-01;2020-12-31;105;2020
1004;C155R525;155;525;6507;DE723;Limburg-Weilburg;Hessen;2020-01-01;2020-12-31;117;2020
1005;C119R284;119;284;6508;DE949;Emsland;Niedersachsen;2020-01-01;2020-12-31;110;2020
1006;C514R116;514;116;6509;DE80N;Vorpommern-Greifswald;Mecklenburg-Vorpommern;2020-01-01;2020-12-31;116;2020
1007;C96R236;96;236;6510;DE949;Emsland;Niedersachsen;2020-01-01;2020-12-31;111;2020
1008;C149R575;149;575;6511;DEB3J;Mainz-Bingen;Rheinland-Pfalz;2020-01-01;2020-12-31;118;2020
1009;C390R759;390;759;6512;DE21C;Fürstenfeldbruck;Bayern;2020-01-01;2020-12-31;103;2020
1010;C315R588;315;588;6513;DE268;Kitzingen;Bayern;2020-01-01;2020-12-31;109;2020
1011;C187R327;187;327;6514;DEA43;Herford;Nordrhein-Westfalen;2020-01-01;2020-12-31;122;2020
1012;C112R374;112;374;6515;DEA5C;Unna;Nordrhein-Westfalen;2020-01-01;2020-12-31;120;2020
1013;C279R115;279;115;6516;DEF0D;Segeberg;Schleswig-Holstein;2020-01-01;2020-12-31;107;2020
1014;C107R389;107;389;6517;DEA52;Dortmund, Kreisfreie Stadt;Nordrhein-Westfalen;2020-01-01;2020-12-31;102;2020
1015;C447R426;447;426;6518;DED52;Leipzig;Sachsen;2020-01-01;2020-12-31;117;2020
1016;C92R357;92;357;6519;DEA35;Coesfeld;Nordrhein-Westfalen;2020-01-01;2020-12-31;119;2020
1017;C501R343;501;343;6520;DE40H;Teltow-Fläming;Brandenburg;2020-01-01;2020-12-31;114;2020
1018;C168R646;168;646;6521;DEB3E;Germersheim;Rheinland-Pfalz;2020-01-01;2020-12-31;106;2020
1019;C466R468;466;468;6522;DED45;Zwickau;Sachsen;2020-01-01;2020-12-31;120;2020
1020;C113R270;113;270;6523;DE949;Emsland;Niedersachsen;2020-01-01;2020-12-31;108;2020
1021;C522R117;522;117;6524;DE80N;Vorpommern-Greifswald;Mecklenburg-Vorpommern;2020-01-01;2020-12-31;128;2020
1022;C537R417;537;417;6525;DED2E;Meißen;Sachsen;2020-01-01;2020-12-31;117;2020
1023;C492R762;492;762;6526;DE214;Altötting;Bayern;2020-01-01;2020-12-31;111;2020
1024;C23R461;23;461;6527;DEA2D;Städteregion Aachen;Nordrhein-Westfalen;2020-01-01;2020-12-31;112;2020
1025;C397R675;397;675;6528;DE219;Eichstätt;Bayern;2020-01-01;2020-12-31;117;2020
1026;C400R99;400;99;6529;DE80K;Landkreis Rostock;Mecklenburg-Vorpommern;2020-01-01;2020-12-31;120;2020
1027;C357R353;357;353;6530;DEE09;Harz;Sachsen-Anhalt;2020-01-01;2020-12-31;134;2020
1028;C415R122;415;122;6531;DE80K;Landkreis Rostock;Mecklenburg-Vorpommern;2020-01-01;2020-12-31;117;2020
1029;C85R380;85;380;6532;DEA36;Recklinghausen;Nordrhein-Westfalen;2020-01-01;2020-12-31;117;2020
1030;C419R757;419;757;6534;DE21H;München, Landkreis;Bayern;2020-01-01;2020-12-31;109;2020
1031;C359R771;359;771;6535;DE21E;Landsberg am Lech;Bayern;2020-01-01;2020-12-31;117;2020
1032;C255R683;255;683;8032;DE116;Rems-Murr-Kreis;Baden-Württemberg;2021-01-01;2021-12-31;117;2021
1033;C363R635;363;635;8033;DE25B;Roth;Bayern;2021-01-01;2021-12-31;118;2021
1034;C169R626;169;626;8034;DEB3I;Rhein-Pfalz-Kreis;Rheinland-Pfalz;2021-01-01;2021-12-31;97;2021
1035;C280R596;280;596;8035;DE26C;Würzburg, Landkreis;Bayern;2021-01-01;2021-12-31;111;2021
1036;C348R761;348;761;8036;DE276;Augsburg, Landkreis;Bayern;2021-01-01;2021-12-31;111;2021
1037;C404R106;404;106;8037;DE80K;Landkreis Rostock;Mecklenburg-Vorpommern;2021-01-01;2021-12-31;120;2021
1038;C197R754;197;754;8038;DE143;Zollernalbkreis;Baden-Württemberg;2021-01-01;2021-12-31;108;2021
1039;C317R238;317;238;8039;DE93A;Uelzen;Niedersachsen;2021-01-01;2021-12-31;108;2021
1040;C272R741;272;741;8040;DE145;Alb-Donau-Kreis;Baden-Württemberg;2021-01-01;2021-12-31;122;2021
1041;C105R273;105;273;8041;DE949;Emsland;Niedersachsen;2021-01-01;2021-12-31;116;2021
1042;C197R543;197;543;8042;DE712;Frankfurt am Main, Kreisfreie Stadt;Hessen;2021-01-01;2021-12-31;106;2021
1043;C67R327;67;327;8043;DEA34;Borken;Nordrhein-Westfalen;2021-01-01;2021-12-31;112;2021
1044;C144R229;144;229;8044;DE948;Cloppenburg;Niedersachsen;2021-01-01;2021-12-31;114;2021
1045;C373R143;373;143;8045;DE80M;Nordwestmecklenburg;Mecklenburg-Vorpommern;2021-01-01;2021-12-31;119;2021
1046;C321R270;321;270;8046;DE914;Gifhorn;Niedersachsen;2021-01-01;2021-12-31;110;2021
1047;C176R639;176;639;8047;DEB3I;Rhein-Pfalz-Kreis;Rheinland-Pfalz;2021-01-01;2021-12-31;107;2021
1048;C99R277;99;277;8049;DE949;Emsland;Niedersachsen;2021-01-01;2021-12-31;102;2021
1049;C485R343;485;343;8050;DEE0E;Wittenberg;Sachsen-Anhalt;2021-01-01;2021-12-31;114;2021
1050;C451R175;451;175;8051;DE80J;Mecklenburgische Seenplatte;Mecklenburg-Vorpommern;2021-01-01;2021-12-31;129;2021
1051;C216R560;216;560;8052;DE71C;Offenbach, Landkreis;Hessen;2021-01-01;2021-12-31;98;2021
1052;C518R419;518;419;8053;DED2E;Meißen;Sachsen;2021-01-01;2021-12-31;120;2021
1053;C114R799;114;799;8054;DE132;Breisgau-Hochschwarzwald;Baden-Württemberg;2021-01-01;2021-12-31;109;2021
1054;C174R592;174;592;8055;DEB3B;Alzey-Worms;Rheinland-Pfalz;2021-01-01;2021-12-31;109;2021
1055;C359R772;359;772;8056;DE21E;Landsberg am Lech;Bayern;2021-01-01;2021-12-31;117;2021
1056;C111R181;111;181;8057;DE947;Aurich;Niedersachsen;2021-01-01;2021-12-31;109;2021
1057;C355R644;355;644;8058;DE256;Ansbach, Landkreis;Bayern;2021-01-01;2021-12-31;117;2021
1058;C374R771;374;771;8059;DE21C;Fürstenfeldbruck;Bayern;2021-01-01;2021-12-31;116;2021
1059;C517R122;517;122;8060;DE80N;Vorpommern-Greifswald;Mecklenburg-Vorpommern;2021-01-01;2021-12-31;128;2021
1060;C412R367;412;367;8061;DEE0C;Salzlandkreis;Sachsen-Anhalt;2021-01-01;2021-12-31;112;2021
1061;C51R470;51;470;8062;DEA26;Düren;Nordrhein-Westfalen;2021-01-01;2021-12-31;110;2021
1062;C415R690;415;690;8063;DE219;Eichstätt;Bayern;2021-01-01;2021-12-31;114;2021
1063;C206R249;206;249;8064;DE922;Diepholz;Niedersachsen;2021-01-01;2021-12-31;120;2021
1064;C131R227;131;227;8065;DE949;Emsland;Niedersachsen;2021-01-01;2021-12-31;117;2021
1065;C20R463;20;463;8066;DEA2D;Städteregion Aachen;Nordrhein-Westfalen;2021-01-01;2021-12-31;112;2021
1066;C368R338;368;338;8067;DEE07;Börde;Sachsen-Anhalt;2021-01-01;2021-12-31;117;2021
1067;C178R634;178;634;8068;DEB38;Speyer, Kreisfreie Stadt;Rheinland-Pfalz;2021-01-01;2021-12-31;106;2021
1068;C187R262;187;262;8069;DE922;Diepholz;Niedersachsen;2021-01-01;2021-12-31;96;2021
1069;C406R692;406;692;8070;DE219;Eichstätt;Bayern;2021-01-01;2021-12-31;108;2021
1070;C468R674;468;674;8071;DE238;Regensburg, Landkreis;Bayern;2021-01-01;2021-12-31;104;2021
1071;C25R367;25;367;8072;DEA1B;Kleve;Nordrhein-Westfalen;2021-01-01;2021-12-31;94;2021
1072;C71R483;71;483;8073;DEA2C;Rhein-Sieg-Kreis;Nordrhein-Westfalen;2021-01-01;2021-12-31;114;2021
1073;C331R726;331;726;8074;DE277;Dillingen a.d. Donau;Bayern;2021-01-01;2021-12-31;116;2021
1074;C572R358;572;358;8075;DE40B;Oberspreewald-Lausitz;Brandenburg;2021-01-01;2021-12-31;116;2021
1075;C282R736;282;736;8076;DE145;Alb-Donau-Kreis;Baden-Württemberg;2021-01-01;2021-12-31;115;2021
1076;C365R772;365;772;8077;DE21E;Landsberg am Lech;Bayern;2021-01-01;2021-12-31;105;2021
1077;C387R718;387;718;8078;DE21I;Neuburg-Schrobenhausen;Bayern;2021-01-01;2021-12-31;105;2021
1078;C413R340;413;340;8079;DEE0C;Salzlandkreis;Sachsen-Anhalt;2021-01-01;2021-12-31;107;2021
1079;C451R631;451;631;8080;DE239;Schwandorf;Bayern;2021-01-01;2021-12-31;117;2021
1080;C52R473;52;473;8081;DEA26;Düren;Nordrhein-Westfalen;2021-01-01;2021-12-31;110;2021
1081;C224R72;224;72;8082;DEF07;Nordfriesland;Schleswig-Holstein;2021-01-01;2021-12-31;122;2021
1082;C189R531;189;531;8083;DE718;Hochtaunuskreis;Hessen;2021-01-01;2021-12-31;123;2021
1083;C116R797;116;797;8084;DE132;Breisgau-Hochschwarzwald;Baden-Württemberg;2021-01-01;2021-12-31;109;2021
1084;C424R756;424;756;8085;DE21H;München, Landkreis;Bayern;2021-01-01;2021-12-31;122;2021
1085;C405R105;405;105;8086;DE80K;Landkreis Rostock;Mecklenburg-Vorpommern;2021-01-01;2021-12-31;120;2021
1086;C411R207;411;207;8087;DE40F;Prignitz;Brandenburg;2021-01-01;2021-12-31;119;2021
1087;C412R751;412;751;8088;DE21B;Freising;Bayern;2021-01-01;2021-12-31;109;2021
1088;C375R725;375;725;8089;DE275;Aichach-Friedberg;Bayern;2021-01-01;2021-12-31;107;2021
1089;C65R454;65;454;8090;DEA27;Rhein-Erft-Kreis;Nordrhein-Westfalen;2021-01-01;2021-12-31;98;2021
1090;C55R446;55;446;8091;DEA1D;Rhein-Kreis Neuss;Nordrhein-Westfalen;2021-01-01;2021-12-31;120;2021
1091;C397R757;397;757;8092;DE21C;Fürstenfeldbruck;Bayern;2021-01-01;2021-12-31;122;2021
1092;C388R761;388;761;8093;DE21C;Fürstenfeldbruck;Bayern;2021-01-01;2021-12-31;110;2021
1093;C100R227;100;227;8094;DE949;Emsland;Niedersachsen;2021-01-01;2021-12-31;99;2021
1094;C466R88;466;88;8095;DE80L;Vorpommern-Rügen;Mecklenburg-Vorpommern;2021-01-01;2021-12-31;117;2021
1095;C306R225;306;225;8096;DE93A;Uelzen;Niedersachsen;2021-01-01;2021-12-31;114;2021
1096;C379R714;379;714;8097;DE21I;Neuburg-Schrobenhausen;Bayern;2021-01-01;2021-12-31;108;2021
1097;C264R225;264;225;8098;DE938;Heidekreis;Niedersachsen;2021-01-01;2021-12-31;118;2021
1098;C428R767;428;767;8099;DE218;Ebersberg;Bayern;2021-01-01;2021-12-31;111;2021
1099;C359R772;359;772;8100;DE21E;Landsberg am Lech;Bayern;2021-01-01;2021-12-31;117;2021
1100;C356R227;356;227;8101;DE934;Lüchow-Dannenberg;Niedersachsen;2021-01-01;2021-12-31;116;2021
1101;C119R286;119;286;8102;DE949;Emsland;Niedersachsen;2021-01-01;2021-12-31;110;2021
1102;C434R106;434;106;8103;DE80K;Landkreis Rostock;Mecklenburg-Vorpommern;2021-01-01;2021-12-31;122;2021
1103;C20R371;20;371;8104;DEA1B;Kleve;Nordrhein-Westfalen;2021-01-01;2021-12-31;94;2021
1104;C398R413;398;413;8105;DEE0B;Saalekreis;Sachsen-Anhalt;2021-01-01;2021-12-31;116;2021
1105;C157R606;157;606;8106;DEB3C;Bad Dürkheim;Rheinland-Pfalz;2021-01-01;2021-12-31;109;2021
1106;C313R522;313;522;8107;DE266;Rhön-Grabfeld;Bayern;2021-01-01;2021-12-31;111;2021
1107;C411R704;411;704;8108;DE21J;Pfaffenhofen a. d. Ilm;Bayern;2021-01-01;2021-12-31;115;2021
1108;C183R593;183;593;8109;DE717;Groß-Gerau;Hessen;2021-01-01;2021-12-31;111;2021
1109;C175R601;175;601;8110;DE715;Bergstraße;Hessen;2021-01-01;2021-12-31;103;2021
1110;C331R248;331;248;8111;DE93A;Uelzen;Niedersachsen;2021-01-01;2021-12-31;110;2021
1111;C361R638;361;638;8112;DE25B;Roth;Bayern;2021-01-01;2021-12-31;120;2021
1112;C77R280;77;280;8113;DE94B;Grafschaft Bentheim;Niedersachsen;2021-01-01;2021-12-31;115;2021
1113;C484R125;484;125;8114;DE80J;Mecklenburgische Seenplatte;Mecklenburg-Vorpommern;2021-01-01;2021-12-31;128;2021
1114;C95R278;95;278;8115;DE94B;Grafschaft Bentheim;Niedersachsen;2021-01-01;2021-12-31;105;2021
1115;C211R242;211;242;8116;DE922;Diepholz;Niedersachsen;2021-01-01;2021-12-31;105;2021
1116;C407R756;407;756;8117;DE212;München, Kreisfreie Stadt;Bayern;2021-01-01;2021-12-31;122;2021
1117;C293R596;293;596;8118;DE26C;Würzburg, Landkreis;Bayern;2021-01-01;2021-12-31;106;2021
1118;C165R384;165;384;8119;DEA5B;Soest;Nordrhein-Westfalen;2021-01-01;2021-12-31;118;2021
1119;C169R590;169;590;8120;DEB3B;Alzey-Worms;Rheinland-Pfalz;2021-01-01;2021-12-31;109;2021
1120;C297R295;297;295;8121;DE929;Region Hannover;Niedersachsen;2021-01-01;2021-12-31;97;2021
1121;C429R771;429;771;8122;DE218;Ebersberg;Bayern;2021-01-01;2021-12-31;111;2021
1122;C320R266;320;266;8124;DE914;Gifhorn;Niedersachsen;2021-01-01;2021-12-31;110;2021
1123;C394R722;394;722;8125;DE21J;Pfaffenhofen a. d. Ilm;Bayern;2021-01-01;2021-12-31;107;2021
1124;C227R777;227;777;8126;DE149;Sigmaringen;Baden-Württemberg;2021-01-01;2021-12-31;124;2021
1125;C444R189;444;189;8127;DE80J;Mecklenburgische Seenplatte;Mecklenburg-Vorpommern;2021-01-01;2021-12-31;118;2021
1126;C382R349;382;349;8128;DEE0C;Salzlandkreis;Sachsen-Anhalt;2021-01-01;2021-12-31;115;2021
1127;C344R222;344;222;8129;DE934;Lüchow-Dannenberg;Niedersachsen;2021-01-01;2021-12-31;114;2021
1128;C239R32;239;32;8130;DEF0C;Schleswig-Flensburg;Schleswig-Holstein;2021-01-01;2021-12-31;108;2021
1129;C51R470;51;470;8131;DEA26;Düren;Nordrhein-Westfalen;2021-01-01;2021-12-31;110;2021
1130;C29R458;29;458;8132;DEA26;Düren;Nordrhein-Westfalen;2021-01-01;2021-12-31;93;2021
1131;C221R786;221;786;8133;DE149;Sigmaringen;Baden-Württemberg;2021-01-01;2021-12-31;110;2021
1132;C631R416;631;416;8134;DED2D;Görlitz;Sachsen;2021-01-01;2021-12-31;140;2021
1133;C477R119;477;119;8135;DE80J;Mecklenburgische Seenplatte;Mecklenburg-Vorpommern;2021-01-01;2021-12-31;123;2021
1134;C235R797;235;797;8136;DE149;Sigmaringen;Baden-Württemberg;2021-01-01;2021-12-31;111;2021
1135;C184R582;184;582;8137;DE717;Groß-Gerau;Hessen;2021-01-01;2021-12-31;108;2021
1136;C522R342;522;342;8138;DE40H;Teltow-Fläming;Brandenburg;2021-01-01;2021-12-31;110;2021
1137;C165R626;165;626;8139;DEB3I;Rhein-Pfalz-Kreis;Rheinland-Pfalz;2021-01-01;2021-12-31;105;2021
1138;C498R709;498;709;8140;DE22C;Dingolfing-Landau;Bayern;2021-01-01;2021-12-31;110;2021
1139;C152R296;152;296;8141;DE94E;Osnabrück, Landkreis;Niedersachsen;2021-01-01;2021-12-31;121;2021
1140;C28R466;28;466;8142;DEA2D;Städteregion Aachen;Nordrhein-Westfalen;2021-01-01;2021-12-31;110;2021
1141;C463R264;463;264;8143;DE408;Havelland;Brandenburg;2021-01-01;2021-12-31;117;2021
1142;C51R429;51;429;8144;DEA1D;Rhein-Kreis Neuss;Nordrhein-Westfalen;2021-01-01;2021-12-31;111;2021
1143;C332R216;332;216;8145;DE93A;Uelzen;Niedersachsen;2021-01-01;2021-12-31;105;2021
1144;C213R89;213;89;8146;DEF05;Dithmarschen;Schleswig-Holstein;2021-01-01;2021-12-31;108;2021
1145;C120R229;120;229;8147;DE949;Emsland;Niedersachsen;2021-01-01;2021-12-31;119;2021
1146;C370R744;370;744;8148;DE275;Aichach-Friedberg;Bayern;2021-01-01;2021-12-31;113;2021
1147;C44R405;44;405;8149;DEA14;Krefeld, Kreisfreie Stadt;Nordrhein-Westfalen;2021-01-01;2021-12-31;102;2021
1148;C315R233;315;233;8150;DE93A;Uelzen;Niedersachsen;2021-01-01;2021-12-31;113;2021
1149;C361R709;361;709;8151;DE27D;Donau-Ries;Bayern;2021-01-01;2021-12-31;104;2021
1150;C176R791;176;791;8152;DE136;Schwarzwald-Baar-Kreis;Baden-Württemberg;2021-01-01;2021-12-31;115;2021
1151;C306R292;306;292;8153;DE91A;Peine;Niedersachsen;2021-01-01;2021-12-31;119;2021
1152;C486R696;486;696;8154;DE22B;Straubing-Bogen;Bayern;2021-01-01;2021-12-31;106;2021
1153;C231R304;231;304;8155;DE928;Schaumburg;Niedersachsen;2021-01-01;2021-12-31;113;2021
1154;C120R791;120;791;8156;DE132;Breisgau-Hochschwarzwald;Baden-Württemberg;2021-01-01;2021-12-31;112;2021
1155;C360R615;360;615;8157;DE253;Fürth, Kreisfreie Stadt;Bayern;2021-01-01;2021-12-31;112;2021
1156;C497R341;497;341;8158;DE40H;Teltow-Fläming;Brandenburg;2021-01-01;2021-12-31;114;2021
1157;C514R421;514;421;8159;DED2E;Meißen;Sachsen;2021-01-01;2021-12-31;124;2021
1158;C492R131;492;131;8160;DE80J;Mecklenburgische Seenplatte;Mecklenburg-Vorpommern;2021-01-01;2021-12-31;122;2021
1159;C48R472;48;472;8161;DEA26;Düren;Nordrhein-Westfalen;2021-01-01;2021-12-31;110;2021
1160;C504R140;504;140;8162;DE80J;Mecklenburgische Seenplatte;Mecklenburg-Vorpommern;2021-01-01;2021-12-31;122;2021
1161;C324R727;324;727;8163;DE278;Günzburg;Bayern;2021-01-01;2021-12-31;102;2021
1162;C101R533;101;533;8164;DEB17;Mayen-Koblenz;Rheinland-Pfalz;2021-01-01;2021-12-31;109;2021
1163;C418R689;418;689;8165;DE226;Kelheim;Bayern;2021-01-01;2021-12-31;114;2021
1164;C382R180;382;180;8166;DE80O;Ludwigslust-Parchim;Mecklenburg-Vorpommern;2021-01-01;2021-12-31;114;2021
1165;C399R704;399;704;8167;DE21I;Neuburg-Schrobenhausen;Bayern;2021-01-01;2021-12-31;111;2021
1166;C414R364;414;364;8168;DEE0C;Salzlandkreis;Sachsen-Anhalt;2021-01-01;2021-12-31;116;2021
1167;C447R239;447;239;8169;DE40D;Ostprignitz-Ruppin;Brandenburg;2021-01-01;2021-12-31;118;2021
1168;C382R714;382;714;8170;DE21I;Neuburg-Schrobenhausen;Bayern;2021-01-01;2021-12-31;105;2021
1169;C26R365;26;365;8171;DEA1B;Kleve;Nordrhein-Westfalen;2021-01-01;2021-12-31;94;2021
1170;C336R278;336;278;8172;DE914;Gifhorn;Niedersachsen;2021-01-01;2021-12-31;105;2021
1171;C141R410;141;410;8173;DEA58;Märkischer Kreis;Nordrhein-Westfalen;2021-01-01;2021-12-31;118;2021
1172;C165R386;165;386;8174;DEA5B;Soest;Nordrhein-Westfalen;2021-01-01;2021-12-31;107;2021
1173;C238R76;238;76;8175;DEF0C;Schleswig-Flensburg;Schleswig-Holstein;2021-01-01;2021-12-31;116;2021
1174;C203R540;203;540;8176;DE71E;Wetteraukreis;Hessen;2021-01-01;2021-12-31;105;2021
1175;C39R395;39;395;8177;DEA1B;Kleve;Nordrhein-Westfalen;2021-01-01;2021-12-31;92;2021
1176;C447R426;447;426;8178;DED52;Leipzig;Sachsen;2021-01-01;2021-12-31;117;2021
1177;C230R659;230;659;8179;DE117;Heilbronn, Stadtkreis;Baden-Württemberg;2021-01-01;2021-12-31;110;2021
1178;C98R292;98;292;8180;DE94B;Grafschaft Bentheim;Niedersachsen;2021-01-01;2021-12-31;108;2021
1179;C25R455;25;455;8181;DEA26;Düren;Nordrhein-Westfalen;2021-01-01;2021-12-31;116;2021
1180;C204R524;204;524;8182;DE71E;Wetteraukreis;Hessen;2021-01-01;2021-12-31;111;2021
1181;C23R465;23;465;8183;DEA2D;Städteregion Aachen;Nordrhein-Westfalen;2021-01-01;2021-12-31;112;2021
1182;C398R710;398;710;8184;DE21I;Neuburg-Schrobenhausen;Bayern;2021-01-01;2021-12-31;110;2021
1183;C24R426;24;426;8185;DEA1E;Viersen;Nordrhein-Westfalen;2021-01-01;2021-12-31;116;2021
1184;C396R111;396;111;8186;DE80K;Landkreis Rostock;Mecklenburg-Vorpommern;2021-01-01;2021-12-31;120;2021
1185;C365R340;365;340;8187;DEE09;Harz;Sachsen-Anhalt;2021-01-01;2021-12-31;117;2021
1186;C215R653;215;653;8188;DE118;Heilbronn, Landkreis;Baden-Württemberg;2021-01-01;2021-12-31;110;2021
1187;C178R263;178;263;8189;DE922;Diepholz;Niedersachsen;2021-01-01;2021-12-31;122;2021
1188;C372R650;372;650;8190;DE25B;Roth;Bayern;2021-01-01;2021-12-31;116;2021
1189;C377R718;377;718;8191;DE275;Aichach-Friedberg;Bayern;2021-01-01;2021-12-31;108;2021
1190;C90R279;90;279;8192;DE94B;Grafschaft Bentheim;Niedersachsen;2021-01-01;2021-12-31;105;2021
1191;C460R680;460;680;8193;DE238;Regensburg, Landkreis;Bayern;2021-01-01;2021-12-31;105;2021
1192;C347R630;347;630;8194;DE256;Ansbach, Landkreis;Bayern;2021-01-01;2021-12-31;118;2021
1193;C287R293;287;293;8195;DE929;Region Hannover;Niedersachsen;2021-01-01;2021-12-31;115;2021
1194;C502R689;502;689;8196;DE224;Deggendorf;Bayern;2021-01-01;2021-12-31;112;2021
1195;C467R460;467;460;8197;DED45;Zwickau;Sachsen;2021-01-01;2021-12-31;120;2021
1196;C251R801;251;801;8198;DE148;Ravensburg;Baden-Württemberg;2021-01-01;2021-12-31;121;2021
1197;C43R466;43;466;8199;DEA26;Düren;Nordrhein-Westfalen;2021-01-01;2021-12-31;91;2021
1198;C496R349;496;349;8200;DEE0E;Wittenberg;Sachsen-Anhalt;2021-01-01;2021-12-31;114;2021
1199;C42R448;42;448;8201;DEA27;Rhein-Erft-Kreis;Nordrhein-Westfalen;2021-01-01;2021-12-31;101;2021
1200;C323R135;323;135;8202;DEF03;Lübeck, Kreisfreie Stadt;Schleswig-Holstein;2021-01-01;2021-12-31;119;2021
1201;C217R139;217;139;8203;DE932;Cuxhaven;Niedersachsen;2021-01-01;2021-12-31;135;2021
1202;C300R264;300;264;8204;DE931;Celle;Niedersachsen;2021-01-01;2021-12-31;104;2021
1203;C25R449;25;449;8205;DEA26;Düren;Nordrhein-Westfalen;2021-01-01;2021-12-31;96;2021
1204;C370R192;370;192;8207;DE80O;Ludwigslust-Parchim;Mecklenburg-Vorpommern;2021-01-01;2021-12-31;116;2021
1205;C270R769;270;769;8208;DE146;Biberach;Baden-Württemberg;2021-01-01;2021-12-31;110;2021
1206;C343R233;343;233;8209;DE93A;Uelzen;Niedersachsen;2021-01-01;2021-12-31;110;2021
1207;C218R95;218;95;8210;DEF05;Dithmarschen;Schleswig-Holstein;2021-01-01;2021-12-31;104;2021
1208;C291R281;291;281;8211;DE929;Region Hannover;Niedersachsen;2021-01-01;2021-12-31;117;2021
1209;C30R425;30;425;8212;DEA1E;Viersen;Nordrhein-Westfalen;2021-01-01;2021-12-31;116;2021
1210;C122R283;122;283;8213;DE949;Emsland;Niedersachsen;2021-01-01;2021-12-31;110;2021
1211;C498R405;498;405;8214;DED53;Nordsachsen;Sachsen;2021-01-01;2021-12-31;117;2021
1212;C49R454;49;454;8215;DEA27;Rhein-Erft-Kreis;Nordrhein-Westfalen;2021-01-01;2021-12-31;91;2021
1213;C217R123;217;123;8216;DEF05;Dithmarschen;Schleswig-Holstein;2021-01-01;2021-12-31;112;2021
1214;C477R104;477;104;8218;DE80L;Vorpommern-Rügen;Mecklenburg-Vorpommern;2021-01-01;2021-12-31;124;2021
1215;C215R118;215;118;8219;DEF05;Dithmarschen;Schleswig-Holstein;2021-01-01;2021-12-31;116;2021
1216;C257R301;257;301;8220;DE929;Region Hannover;Niedersachsen;2021-01-01;2021-12-31;117;2021
1217;C518R100;518;100;8221;DE80N;Vorpommern-Greifswald;Mecklenburg-Vorpommern;2021-01-01;2021-12-31;138;2021
1218;C189R741;189;741;8222;DE135;Rottweil;Baden-Württemberg;2021-01-01;2021-12-31;117;2021
1219;C213R98;213;98;8223;DEF05;Dithmarschen;Schleswig-Holstein;2021-01-01;2021-12-31;108;2021
1220;C523R117;523;117;8224;DE80N;Vorpommern-Greifswald;Mecklenburg-Vorpommern;2021-01-01;2021-12-31;128;2021
1221;C498R690;498;690;8225;DE224;Deggendorf;Bayern;2021-01-01;2021-12-31;104;2021
1222;C33R436;33;436;8226;DEA29;Heinsberg;Nordrhein-Westfalen;2021-01-01;2021-12-31;104;2021
1223;C383R751;383;751;8227;DE217;Dachau;Bayern;2021-01-01;2021-12-31;114;2021
1224;C518R116;518;116;8228;DE80N;Vorpommern-Greifswald;Mecklenburg-Vorpommern;2021-01-01;2021-12-31;116;2021
1225;C393R713;393;713;8229;DE21I;Neuburg-Schrobenhausen;Bayern;2021-01-01;2021-12-31;101;2021
1226;C100R531;100;531;8230;DEB17;Mayen-Koblenz;Rheinland-Pfalz;2021-01-01;2021-12-31;109;2021
1227;C397R744;397;744;8231;DE217;Dachau;Bayern;2021-01-01;2021-12-31;118;2021
1228;C449R585;449;585;8232;DE237;Neustadt a. d. Waldnaab;Bayern;2021-01-01;2021-12-31;121;2021
1229;C219R106;219;106;8233;DEF05;Dithmarschen;Schleswig-Holstein;2021-01-01;2021-12-31;115;2021
1230;C448R472;448;472;8234;DEG0L;Greiz;Thüringen;2021-01-01;2021-12-31;127;2021
1231;C40R438;40;438;8235;DEA15;Mönchengladbach, Kreisfreie Stadt;Nordrhein-Westfalen;2021-01-01;2021-12-31;106;2021
1232;C60R359;60;359;8236;DEA34;Borken;Nordrhein-Westfalen;2021-01-01;2021-12-31;106;2021
1233;C422R710;422;710;8237;DE226;Kelheim;Bayern;2021-01-01;2021-12-31;118;2021
1234;C149R395;149;395;8238;DEA5B;Soest;Nordrhein-Westfalen;2021-01-01;2021-12-31;112;2021
1235;C52R469;52;469;8239;DEA26;Düren;Nordrhein-Westfalen;2021-01-01;2021-12-31;110;2021
1236;C177R632;177;632;8240;DEB38;Speyer, Kreisfreie Stadt;Rheinland-Pfalz;2021-01-01;2021-12-31;106;2021
1237;C60R478;60;478;8241;DEA27;Rhein-Erft-Kreis;Nordrhein-Westfalen;2021-01-01;2021-12-31;108;2021
1238;C470R680;470;680;8242;DE238;Regensburg, Landkreis;Bayern;2021-01-01;2021-12-31;104;2021
1239;C384R760;384;760;8243;DE21C;Fürstenfeldbruck;Bayern;2021-01-01;2021-12-31;110;2021
1240;C484R685;484;685;8244;DE22B;Straubing-Bogen;Bayern;2021-01-01;2021-12-31;105;2021
1241;C231R786;231;786;8245;DE149;Sigmaringen;Baden-Württemberg;2021-01-01;2021-12-31;112;2021
1242;C471R679;471;679;8246;DE238;Regensburg, Landkreis;Bayern;2021-01-01;2021-12-31;104;2021
1243;C32R452;32;452;8247;DEA26;Düren;Nordrhein-Westfalen;2021-01-01;2021-12-31;101;2021
1244;C394R539;394;539;8248;DE24B;Kulmbach;Bayern;2021-01-01;2021-12-31;119;2021
1245;C424R371;424;371;8249;DEE05;Anhalt-Bitterfeld;Sachsen-Anhalt;2021-01-01;2021-12-31;117;2021
1246;C282R284;282;284;8250;DE929;Region Hannover;Niedersachsen;2021-01-01;2021-12-31;120;2021
1247;C204R250;204;250;8251;DE922;Diepholz;Niedersachsen;2021-01-01;2021-12-31;120;2021
1248;C440R231;440;231;8252;DE40D;Ostprignitz-Ruppin;Brandenburg;2021-01-01;2021-12-31;120;2021
1249;C133R272;133;272;8253;DE94E;Osnabrück, Landkreis;Niedersachsen;2021-01-01;2021-12-31;115;2021
1250;C143R392;143;392;8254;DEA5B;Soest;Nordrhein-Westfalen;2021-01-01;2021-12-31;108;2021
1251;C261R183;261;183;8255;DE939;Stade;Niedersachsen;2021-01-01;2021-12-31;107;2021
1252;C497R337;497;337;8256;DE40H;Teltow-Fläming;Brandenburg;2021-01-01;2021-12-31;120;2021
1253;C391R771;391;771;8257;DE21L;Starnberg;Bayern;2021-01-01;2021-12-31;114;2021
1254;C176R604;176;604;8258;DE715;Bergstraße;Hessen;2021-01-01;2021-12-31;103;2021
1255;C453R586;453;586;8259;DE237;Neustadt a. d. Waldnaab;Bayern;2021-01-01;2021-12-31;118;2021
1256;C169R618;169;618;8260;DEB31;Frankenthal (Pfalz), Kreisfreie Stadt;Rheinland-Pfalz;2021-01-01;2021-12-31;107;2021
1257;C492R750;492;750;8261;DE214;Altötting;Bayern;2021-01-01;2021-12-31;115;2021
1258;C417R765;417;765;8262;DE212;München, Kreisfreie Stadt;Bayern;2021-01-01;2021-12-31;117;2021
1259;C203R269;203;269;8263;DE922;Diepholz;Niedersachsen;2021-01-01;2021-12-31;106;2021
1260;C372R333;372;333;8264;DEE07;Börde;Sachsen-Anhalt;2021-01-01;2021-12-31;116;2021
1261;C522R414;522;414;8266;DED2E;Meißen;Sachsen;2021-01-01;2021-12-31;120;2021
1262;C21R370;21;370;8267;DEA1B;Kleve;Nordrhein-Westfalen;2021-01-01;2021-12-31;94;2021
1263;C68R268;68;268;8268;DE94B;Grafschaft Bentheim;Niedersachsen;2021-01-01;2021-12-31;106;2021
1264;C165R641;165;641;8269;DEB3H;Südliche Weinstraße;Rheinland-Pfalz;2021-01-01;2021-12-31;102;2021
1265;C191R629;191;629;8270;DE128;Rhein-Neckar-Kreis;Baden-Württemberg;2021-01-01;2021-12-31;110;2021
1266;C321R261;321;261;8271;DE914;Gifhorn;Niedersachsen;2021-01-01;2021-12-31;110;2021
1267;C257R300;257;300;8272;DE929;Region Hannover;Niedersachsen;2021-01-01;2021-12-31;116;2021
1268;C405R751;405;751;8273;DE217;Dachau;Bayern;2021-01-01;2021-12-31;122;2021
1269;C435R710;435;710;8274;DE227;Landshut, Landkreis;Bayern;2021-01-01;2021-12-31;106;2021
1270;C214R117;214;117;8275;DEF05;Dithmarschen;Schleswig-Holstein;2021-01-01;2021-12-31;116;2021
1271;C23R450;23;450;8276;DEA29;Heinsberg;Nordrhein-Westfalen;2021-01-01;2021-12-31;116;2021
1272;C201R806;201;806;8278;DE138;Konstanz;Baden-Württemberg;2021-01-01;2021-12-31;108;2021
