projectid;simulationid;vColumn;vRow;vLocationID;vNUTS_ID;vNUTS_NAME;vSTATE_NAME;start_date;end_date;vIDPL;vYear
1;C371R531;371;531;612;DE247;Coburg, Landkreis;Bayern;2017-01-01;2017-12-31;119;2017
2;C337R711;337;711;613;DE277;Dillingen a.d. Donau;Bayern;2017-01-01;2017-12-31;101;2017
3;C322R665;322;665;614;DE256;Ansbach, Landkreis;Bayern;2017-01-01;2017-12-31;105;2017
4;C398R447;398;447;615;DEG0G;Weimarer Land;Thüringen;2017-01-01;2017-12-31;102;2017
5;C452R558;452;558;616;DE23A;Tirschenreuth;Bayern;2017-01-01;2017-12-31;126;2017
6;C260R778;260;778;617;DE146;Biberach;Baden-Württemberg;2017-01-01;2017-12-31;111;2017
7;C483R141;483;141;618;DE80J;Mecklenburgische Seenplatte;Mecklenburg-Vorpommern;2017-01-01;2017-12-31;118;2017
8;C301R633;301;633;619;DE256;Ansbach, Landkreis;Bayern;2017-01-01;2017-12-31;112;2017
9;C369R323;369;323;620;DEE07;Börde;Sachsen-Anhalt;2017-01-01;2017-12-31;114;2017
10;C359R511;359;511;621;DEG0E;Hildburghausen;Thüringen;2017-01-01;2017-12-31;122;2017
11;C482R71;482;71;622;DE80L;Vorpommern-Rügen;Mecklenburg-Vorpommern;2017-01-01;2017-12-31;119;2017
12;C197R281;197;281;623;DE922;Diepholz;Niedersachsen;2017-01-01;2017-12-31;122;2017
13;C262R467;262;467;624;DE733;Hersfeld-Rotenburg;Hessen;2017-01-01;2017-12-31;119;2017
14;C106R224;106;224;625;DE949;Emsland;Niedersachsen;2017-01-01;2017-12-31;116;2017
15;C345R192;345;192;626;DE935;Lüneburg, Landkreis;Niedersachsen;2017-01-01;2017-12-31;122;2017
16;C257R102;257;102;627;DEF0B;Rendsburg-Eckernförde;Schleswig-Holstein;2017-01-01;2017-12-31;122;2017
17;C476R119;476;119;628;DE80J;Mecklenburgische Seenplatte;Mecklenburg-Vorpommern;2017-01-01;2017-12-31;119;2017
18;C447R632;447;632;629;DE239;Schwandorf;Bayern;2017-01-01;2017-12-31;131;2017
19;C295R365;295;365;630;DE918;Northeim;Niedersachsen;2017-01-01;2017-12-31;118;2017
20;C306R261;306;261;631;DE931;Celle;Niedersachsen;2017-01-01;2017-12-31;114;2017
21;C468R89;468;89;632;DE80L;Vorpommern-Rügen;Mecklenburg-Vorpommern;2017-01-01;2017-12-31;119;2017
22;C403R634;403;634;633;DE236;Neumarkt i. d. OPf.;Bayern;2017-01-01;2017-12-31;122;2017
23;C418R488;418;488;634;DEG0K;Saale-Orla-Kreis;Thüringen;2017-01-01;2017-12-31;116;2017
24;C275R48;275;48;635;DEF0C;Schleswig-Flensburg;Schleswig-Holstein;2017-01-01;2017-12-31;123;2017
25;C133R293;133;293;636;DE94E;Osnabrück, Landkreis;Niedersachsen;2017-01-01;2017-12-31;105;2017
26;C367R253;367;253;637;DEE04;Altmarkkreis Salzwedel;Sachsen-Anhalt;2017-01-01;2017-12-31;122;2017
27;C548R174;548;174;638;DE40I;Uckermark;Brandenburg;2017-01-01;2017-12-31;118;2017
28;C139R210;139;210;639;DE948;Cloppenburg;Niedersachsen;2017-01-01;2017-12-31;111;2017
29;C432R605;432;605;640;DE234;Amberg-Sulzbach;Bayern;2017-01-01;2017-12-31;127;2017
30;C116R483;116;483;641;DEB13;Altenkirchen (Westerwald);Rheinland-Pfalz;2017-01-01;2017-12-31;134;2017
31;C445R749;445;749;642;DE21A;Erding;Bayern;2017-01-01;2017-12-31;121;2017
32;C101R226;101;226;643;DE949;Emsland;Niedersachsen;2017-01-01;2017-12-31;116;2017
33;C230R46;230;46;644;DEF07;Nordfriesland;Schleswig-Holstein;2017-01-01;2017-12-31;125;2017
34;C502R214;502;214;645;DE40A;Oberhavel;Brandenburg;2017-01-01;2017-12-31;114;2017
35;C117R785;117;785;646;DE132;Breisgau-Hochschwarzwald;Baden-Württemberg;2017-01-01;2017-12-31;92;2017
36;C232R27;232;27;647;DEF0C;Schleswig-Flensburg;Schleswig-Holstein;2017-01-01;2017-12-31;116;2017
37;C424R521;424;521;648;DE244;Hof, Kreisfreie Stadt;Bayern;2017-01-01;2017-12-31;115;2017
38;C548R225;548;225;649;DE405;Barnim;Brandenburg;2017-01-01;2017-12-31;114;2017
39;C358R632;358;632;650;DE258;Fürth, Landkreis;Bayern;2017-01-01;2017-12-31;126;2017
40;C124R785;124;785;651;DE131;Freiburg im Breisgau, Stadtkreis;Baden-Württemberg;2017-01-01;2017-12-31;92;2017
41;C370R544;370;544;652;DE24C;Lichtenfels;Bayern;2017-01-01;2017-12-31;130;2017
42;C195R147;195;147;653;DE932;Cuxhaven;Niedersachsen;2017-01-01;2017-12-31;124;2017
43;C438R414;438;414;654;DEE0B;Saalekreis;Sachsen-Anhalt;2017-01-01;2017-12-31;113;2017
44;C65R486;65;486;655;DEA28;Euskirchen;Nordrhein-Westfalen;2017-01-01;2017-12-31;105;2017
45;C542R695;542;695;656;DE228;Passau, Landkreis;Bayern;2017-01-01;2017-12-31;137;2017
46;C492R153;492;153;657;DE80J;Mecklenburgische Seenplatte;Mecklenburg-Vorpommern;2017-01-01;2017-12-31;118;2017
47;C144R191;144;191;658;DE946;Ammerland;Niedersachsen;2017-01-01;2017-12-31;121;2017
48;C233R48;233;48;659;DEF07;Nordfriesland;Schleswig-Holstein;2017-01-01;2017-12-31;125;2017
49;C116R343;116;343;660;DEA33;Münster, Kreisfreie Stadt;Nordrhein-Westfalen;2017-01-01;2017-12-31;111;2017
50;C60R568;60;568;661;DEB22;Bernkastel-Wittlich;Rheinland-Pfalz;2017-01-01;2017-12-31;121;2017
51;C450R185;450;185;662;DE80J;Mecklenburgische Seenplatte;Mecklenburg-Vorpommern;2017-01-01;2017-12-31;111;2017
52;C501R496;501;496;663;DED42;Erzgebirgskreis;Sachsen;2017-01-01;2017-12-31;123;2017
53;C295R664;295;664;664;DE11A;Schwäbisch Hall;Baden-Württemberg;2017-01-01;2017-12-31;115;2017
54;C432R696;432;696;665;DE226;Kelheim;Bayern;2017-01-01;2017-12-31;101;2017
55;C596R310;596;310;666;DE40C;Oder-Spree;Brandenburg;2017-01-01;2017-12-31;111;2017
56;C224R383;224;383;667;DEA44;Höxter;Nordrhein-Westfalen;2017-01-01;2017-12-31;119;2017
57;C136R238;136;238;668;DE949;Emsland;Niedersachsen;2017-01-01;2017-12-31;111;2017
58;C328R666;328;666;669;DE256;Ansbach, Landkreis;Bayern;2017-01-01;2017-12-31;126;2017
59;C227R407;227;407;670;DE736;Waldeck-Frankenberg;Hessen;2017-01-01;2017-12-31;126;2017
60;C443R703;443;703;671;DE227;Landshut, Landkreis;Bayern;2017-01-01;2017-12-31;106;2017
61;C212R23;212;23;672;DEF07;Nordfriesland;Schleswig-Holstein;2017-01-01;2017-12-31;116;2017
62;C273R758;273;758;673;DE145;Alb-Donau-Kreis;Baden-Württemberg;2017-01-01;2017-12-31;119;2017
63;C122R190;122;190;674;DE94C;Leer;Niedersachsen;2017-01-01;2017-12-31;135;2017
64;C90R614;90;614;675;DEC06;St. Wendel;Saarland;2017-01-01;2017-12-31;131;2017
65;C326R551;326;551;676;DE267;Haßberge;Bayern;2017-01-01;2017-12-31;114;2017
66;C313R519;313;519;677;DE266;Rhön-Grabfeld;Bayern;2017-01-01;2017-12-31;100;2017
67;C283R74;283;74;678;DEF0B;Rendsburg-Eckernförde;Schleswig-Holstein;2017-01-01;2017-12-31;116;2017
68;C426R477;426;477;679;DEG0L;Greiz;Thüringen;2017-01-01;2017-12-31;114;2017
69;C493R772;493;772;680;DE214;Altötting;Bayern;2017-01-01;2017-12-31;120;2017
70;C132R371;132;371;681;DEA54;Hamm, Kreisfreie Stadt;Nordrhein-Westfalen;2017-01-01;2017-12-31;109;2017
71;C269R123;269;123;682;DEF0E;Steinburg;Schleswig-Holstein;2017-01-01;2017-12-31;122;2017
72;C331R501;331;501;683;DEG0E;Hildburghausen;Thüringen;2017-01-01;2017-12-31;122;2017
73;C156R223;156;223;684;DE948;Cloppenburg;Niedersachsen;2017-01-01;2017-12-31;133;2017
74;C438R751;438;751;685;DE21A;Erding;Bayern;2017-01-01;2017-12-31;121;2017
75;C104R362;104;362;686;DEA35;Coesfeld;Nordrhein-Westfalen;2017-01-01;2017-12-31;111;2017
76;C252R184;252;184;687;DE939;Stade;Niedersachsen;2017-01-01;2017-12-31;123;2017
77;C215R473;215;473;688;DE724;Marburg-Biedenkopf;Hessen;2017-01-01;2017-12-31;120;2017
78;C299R508;299;508;689;DE266;Rhön-Grabfeld;Bayern;2017-01-01;2017-12-31;119;2017
79;C417R371;417;371;690;DEE05;Anhalt-Bitterfeld;Sachsen-Anhalt;2017-01-01;2017-12-31;103;2017
80;C467R786;467;786;691;DE21K;Rosenheim, Landkreis;Bayern;2017-01-01;2017-12-31;112;2017
81;C326R516;326;516;692;DEG0E;Hildburghausen;Thüringen;2017-01-01;2017-12-31;100;2017
82;C225R194;225;194;693;DE937;Rotenburg (Wümme);Niedersachsen;2017-01-01;2017-12-31;110;2017
83;C525R461;525;461;694;DED43;Mittelsachsen;Sachsen;2017-01-01;2017-12-31;128;2017
84;C237R89;237;89;695;DEF05;Dithmarschen;Schleswig-Holstein;2017-01-01;2017-12-31;122;2017
85;C260R43;260;43;696;DEF0C;Schleswig-Flensburg;Schleswig-Holstein;2017-01-01;2017-12-31;123;2017
86;C323R173;323;173;698;DEF06;Herzogtum Lauenburg;Schleswig-Holstein;2017-01-01;2017-12-31;128;2017
87;C452R741;452;741;699;DE21A;Erding;Bayern;2017-01-01;2017-12-31;121;2017
88;C222R210;222;210;700;DE936;Osterholz;Niedersachsen;2017-01-01;2017-12-31;110;2017
89;C425R221;425;221;701;DE40F;Prignitz;Brandenburg;2017-01-01;2017-12-31;123;2017
90;C413R325;413;325;702;DEE06;Jerichower Land;Sachsen-Anhalt;2017-01-01;2017-12-31;115;2017
91;C103R637;103;637;703;DEB3K;Südwestpfalz;Rheinland-Pfalz;2017-01-01;2017-12-31;133;2017
92;C294R111;294;111;704;DEF0D;Segeberg;Schleswig-Holstein;2017-01-01;2017-12-31;121;2017
93;C110R429;110;429;705;DEA58;Märkischer Kreis;Nordrhein-Westfalen;2017-01-01;2017-12-31;118;2017
94;C132R357;132;357;706;DEA38;Warendorf;Nordrhein-Westfalen;2017-01-01;2017-12-31;109;2017
95;C577R249;577;249;707;DE409;Märkisch-Oderland;Brandenburg;2017-01-01;2017-12-31;114;2017
96;C270R577;270;577;708;DE26A;Main-Spessart;Bayern;2017-01-01;2017-12-31;111;2017
97;C264R35;264;35;709;DEF0C;Schleswig-Flensburg;Schleswig-Holstein;2017-01-01;2017-12-31;123;2017
98;C57R473;57;473;710;DEA27;Rhein-Erft-Kreis;Nordrhein-Westfalen;2017-01-01;2017-12-31;105;2017
99;C335R711;335;711;711;DE277;Dillingen a.d. Donau;Bayern;2017-01-01;2017-12-31;101;2017
100;C318R641;318;641;712;DE256;Ansbach, Landkreis;Bayern;2017-01-01;2017-12-31;114;2017
101;C24R560;24;560;713;DEB23;Eifelkreis Bitburg-Prüm;Rheinland-Pfalz;2017-01-01;2017-12-31;121;2017
102;C181R600;181;600;714;DE715;Bergstraße;Hessen;2017-01-01;2017-12-31;98;2017
103;C359R615;359;615;715;DE258;Fürth, Landkreis;Bayern;2017-01-01;2017-12-31;121;2017
104;C328R325;328;325;716;DE91B;Wolfenbüttel;Niedersachsen;2017-01-01;2017-12-31;101;2017
105;C588R277;588;277;717;DE409;Märkisch-Oderland;Brandenburg;2017-01-01;2017-12-31;100;2017
106;C104R341;104;341;718;DEA35;Coesfeld;Nordrhein-Westfalen;2017-01-01;2017-12-31;111;2017
107;C559R139;559;139;720;DE80N;Vorpommern-Greifswald;Mecklenburg-Vorpommern;2017-01-01;2017-12-31;118;2017
108;C38R366;38;366;721;DEA1B;Kleve;Nordrhein-Westfalen;2017-01-01;2017-12-31;110;2017
109;C581R275;581;275;722;DE409;Märkisch-Oderland;Brandenburg;2017-01-01;2017-12-31;132;2017
110;C101R229;101;229;723;DE949;Emsland;Niedersachsen;2017-01-01;2017-12-31;116;2017
111;C338R649;338;649;724;DE256;Ansbach, Landkreis;Bayern;2017-01-01;2017-12-31;119;2017
112;C107R366;107;366;725;DEA35;Coesfeld;Nordrhein-Westfalen;2017-01-01;2017-12-31;111;2017
113;C198R306;198;306;726;DEA46;Minden-Lübbecke;Nordrhein-Westfalen;2017-01-01;2017-12-31;115;2017
114;C562R464;562;464;727;DED2F;Sächsische Schweiz-Osterzgebirge;Sachsen;2017-01-01;2017-12-31;121;2017
115;C270R822;270;822;728;DE147;Bodenseekreis;Baden-Württemberg;2017-01-01;2017-12-31;102;2017
116;C416R128;416;128;729;DE80K;Landkreis Rostock;Mecklenburg-Vorpommern;2017-01-01;2017-12-31;116;2017
117;C278R322;278;322;730;DE925;Hildesheim;Niedersachsen;2017-01-01;2017-12-31;117;2017
118;C301R316;301;316;731;DE925;Hildesheim;Niedersachsen;2017-01-01;2017-12-31;117;2017
119;C480R680;480;680;732;DE223;Straubing, Kreisfreie Stadt;Bayern;2017-01-01;2017-12-31;131;2017
120;C215R771;215;771;733;DE143;Zollernalbkreis;Baden-Württemberg;2017-01-01;2017-12-31;131;2017
121;C465R577;465;577;734;DE23A;Tirschenreuth;Bayern;2017-01-01;2017-12-31;126;2017
122;C286R82;286;82;735;DEF0B;Rendsburg-Eckernförde;Schleswig-Holstein;2017-01-01;2017-12-31;116;2017
123;C370R213;370;213;736;DE934;Lüchow-Dannenberg;Niedersachsen;2017-01-01;2017-12-31;119;2017
124;C561R365;561;365;737;DE40B;Oberspreewald-Lausitz;Brandenburg;2017-01-01;2017-12-31;104;2017
125;C75R322;75;322;738;DEA34;Borken;Nordrhein-Westfalen;2017-01-01;2017-12-31;111;2017
126;C148R248;148;248;739;DE948;Cloppenburg;Niedersachsen;2017-01-01;2017-12-31;111;2017
127;C343R615;343;615;740;DE25A;Neustadt a. d. Aisch-Bad Windsheim;Bayern;2017-01-01;2017-12-31;121;2017
128;C254R28;254;28;741;DEF0C;Schleswig-Flensburg;Schleswig-Holstein;2017-01-01;2017-12-31;123;2017
129;C237R42;237;42;742;DEF0C;Schleswig-Flensburg;Schleswig-Holstein;2017-01-01;2017-12-31;125;2017
130;C209R493;209;493;743;DE721;Gießen, Landkreis;Hessen;2017-01-01;2017-12-31;118;2017
131;C302R551;302;551;744;DE26B;Schweinfurt, Landkreis;Bayern;2017-01-01;2017-12-31;103;2017
132;C49R492;49;492;745;DEA28;Euskirchen;Nordrhein-Westfalen;2017-01-01;2017-12-31;111;2017
133;C287R108;287;108;746;DEF0A;Plön;Schleswig-Holstein;2017-01-01;2017-12-31;121;2017
134;C200R405;200;405;747;DEA57;Hochsauerlandkreis;Nordrhein-Westfalen;2017-01-01;2017-12-31;119;2017
135;C231R29;231;29;748;DEF0C;Schleswig-Flensburg;Schleswig-Holstein;2017-01-01;2017-12-31;116;2017
136;C498R112;498;112;749;DE80N;Vorpommern-Greifswald;Mecklenburg-Vorpommern;2017-01-01;2017-12-31;134;2017
137;C451R562;451;562;750;DE23A;Tirschenreuth;Bayern;2017-01-01;2017-12-31;126;2017
138;C321R633;321;633;751;DE256;Ansbach, Landkreis;Bayern;2017-01-01;2017-12-31;114;2017
139;C302R178;302;178;752;DE600;Hamburg;Hamburg;2017-01-01;2017-12-31;112;2017
140;C409R709;409;709;753;DE21J;Pfaffenhofen a. d. Ilm;Bayern;2017-01-01;2017-12-31;115;2017
141;C310R265;310;265;754;DE931;Celle;Niedersachsen;2017-01-01;2017-12-31;114;2017
142;C245R692;245;692;755;DE116;Rems-Murr-Kreis;Baden-Württemberg;2017-01-01;2017-12-31;120;2017
143;C218R22;218;22;756;DEF07;Nordfriesland;Schleswig-Holstein;2017-01-01;2017-12-31;116;2017
144;C274R40;274;40;757;DEF0C;Schleswig-Flensburg;Schleswig-Holstein;2017-01-01;2017-12-31;116;2017
145;C245R514;245;514;758;DE725;Vogelsbergkreis;Hessen;2017-01-01;2017-12-31;119;2017
146;C75R328;75;328;759;DEA34;Borken;Nordrhein-Westfalen;2017-01-01;2017-12-31;111;2017
147;C490R473;490;473;760;DED42;Erzgebirgskreis;Sachsen;2017-01-01;2017-12-31;122;2017
148;C241R271;241;271;761;DE927;Nienburg (Weser);Niedersachsen;2017-01-01;2017-12-31;120;2017
149;C135R353;135;353;762;DEA38;Warendorf;Nordrhein-Westfalen;2017-01-01;2017-12-31;108;2017
150;C221R23;221;23;763;DEF07;Nordfriesland;Schleswig-Holstein;2017-01-01;2017-12-31;116;2017
151;C221R44;221;44;764;DEF07;Nordfriesland;Schleswig-Holstein;2017-01-01;2017-12-31;101;2017
152;C486R79;486;79;765;DE80L;Vorpommern-Rügen;Mecklenburg-Vorpommern;2017-01-01;2017-12-31;119;2017
153;C393R313;393;313;766;DEE07;Börde;Sachsen-Anhalt;2017-01-01;2017-12-31;115;2017
154;C157R201;157;201;767;DE946;Ammerland;Niedersachsen;2017-01-01;2017-12-31;115;2017
155;C285R490;285;490;768;DEG0R;Wartburgkreis;Thüringen;2017-01-01;2017-12-31;117;2017
156;C117R267;117;267;769;DE949;Emsland;Niedersachsen;2017-01-01;2017-12-31;122;2017
157;C492R121;492;121;770;DE80J;Mecklenburgische Seenplatte;Mecklenburg-Vorpommern;2017-01-01;2017-12-31;119;2017
158;C14R441;14;441;771;DEA29;Heinsberg;Nordrhein-Westfalen;2017-01-01;2017-12-31;102;2017
159;C226R47;226;47;772;DEF07;Nordfriesland;Schleswig-Holstein;2017-01-01;2017-12-31;125;2017
160;C198R167;198;167;773;DE932;Cuxhaven;Niedersachsen;2017-01-01;2017-12-31;118;2017
161;C264R37;264;37;774;DEF0C;Schleswig-Flensburg;Schleswig-Holstein;2017-01-01;2017-12-31;123;2017
162;C446R702;446;702;775;DE227;Landshut, Landkreis;Bayern;2017-01-01;2017-12-31;106;2017
163;C462R758;462;758;776;DE21G;Mühldorf a. Inn;Bayern;2017-01-01;2017-12-31;111;2017
164;C144R289;144;289;777;DE94E;Osnabrück, Landkreis;Niedersachsen;2017-01-01;2017-12-31;105;2017
165;C46R463;46;463;779;DEA26;Düren;Nordrhein-Westfalen;2017-01-01;2017-12-31;103;2017
166;C231R45;231;45;780;DEF07;Nordfriesland;Schleswig-Holstein;2017-01-01;2017-12-31;125;2017
167;C331R688;331;688;781;DE27D;Donau-Ries;Bayern;2017-01-01;2017-12-31;101;2017
168;C228R405;228;405;782;DE736;Waldeck-Frankenberg;Hessen;2017-01-01;2017-12-31;119;2017
169;C363R157;363;157;783;DE80M;Nordwestmecklenburg;Mecklenburg-Vorpommern;2017-01-01;2017-12-31;124;2017
170;C358R259;358;259;784;DEE04;Altmarkkreis Salzwedel;Sachsen-Anhalt;2017-01-01;2017-12-31;122;2017
171;C485R745;485;745;785;DE214;Altötting;Bayern;2017-01-01;2017-12-31;102;2017
172;C192R288;192;288;786;DEA46;Minden-Lübbecke;Nordrhein-Westfalen;2017-01-01;2017-12-31;111;2017
173;C456R627;456;627;787;DE239;Schwandorf;Bayern;2017-01-01;2017-12-31;119;2017
174;C317R267;317;267;788;DE914;Gifhorn;Niedersachsen;2017-01-01;2017-12-31;114;2017
175;C172R413;172;413;789;DEA57;Hochsauerlandkreis;Nordrhein-Westfalen;2017-01-01;2017-12-31;120;2017
176;C252R65;252;65;790;DEF0C;Schleswig-Flensburg;Schleswig-Holstein;2017-01-01;2017-12-31;119;2017
177;C513R230;513;230;791;DE40A;Oberhavel;Brandenburg;2017-01-01;2017-12-31;114;2017
178;C338R459;338;459;792;DEG0C;Gotha;Thüringen;2017-01-01;2017-12-31;119;2017
179;C411R117;411;117;793;DE80K;Landkreis Rostock;Mecklenburg-Vorpommern;2017-01-01;2017-12-31;116;2017
180;C318R589;318;589;794;DE268;Kitzingen;Bayern;2017-01-01;2017-12-31;106;2017
181;C261R467;261;467;795;DE733;Hersfeld-Rotenburg;Hessen;2017-01-01;2017-12-31;119;2017
182;C120R224;120;224;796;DE949;Emsland;Niedersachsen;2017-01-01;2017-12-31;111;2017
183;C168R366;168;366;797;DEA38;Warendorf;Nordrhein-Westfalen;2017-01-01;2017-12-31;116;2017
184;C548R221;548;221;798;DE405;Barnim;Brandenburg;2017-01-01;2017-12-31;117;2017
185;C513R699;513;699;799;DE224;Deggendorf;Bayern;2017-01-01;2017-12-31;102;2017
186;C199R453;199;453;800;DE736;Waldeck-Frankenberg;Hessen;2017-01-01;2017-12-31;120;2017
187;C498R376;498;376;801;DED53;Nordsachsen;Sachsen;2017-01-01;2017-12-31;110;2017
188;C421R343;421;343;802;DEE0C;Salzlandkreis;Sachsen-Anhalt;2017-01-01;2017-12-31;116;2017
189;C62R438;62;438;803;DEA1D;Rhein-Kreis Neuss;Nordrhein-Westfalen;2017-01-01;2017-12-31;105;2017
190;C442R439;442;439;804;DEE08;Burgenlandkreis;Sachsen-Anhalt;2017-01-01;2017-12-31;129;2017
191;C483R141;483;141;805;DE80J;Mecklenburgische Seenplatte;Mecklenburg-Vorpommern;2017-01-01;2017-12-31;118;2017
192;C239R463;239;463;806;DE735;Schwalm-Eder-Kreis;Hessen;2017-01-01;2017-12-31;107;2017
193;C496R376;496;376;807;DED53;Nordsachsen;Sachsen;2017-01-01;2017-12-31;110;2017
194;C580R440;580;440;808;DED2F;Sächsische Schweiz-Osterzgebirge;Sachsen;2017-01-01;2017-12-31;121;2017
195;C425R442;425;442;809;DEE08;Burgenlandkreis;Sachsen-Anhalt;2017-01-01;2017-12-31;113;2017
196;C447R678;447;678;810;DE238;Regensburg, Landkreis;Bayern;2017-01-01;2017-12-31;119;2017
197;C85R342;85;342;811;DEA34;Borken;Nordrhein-Westfalen;2017-01-01;2017-12-31;111;2017
198;C51R494;51;494;812;DEA28;Euskirchen;Nordrhein-Westfalen;2017-01-01;2017-12-31;111;2017
199;C144R494;144;494;813;DEB1B;Westerwaldkreis;Rheinland-Pfalz;2017-01-01;2017-12-31;135;2017
200;C46R533;46;533;814;DEB24;Vulkaneifel;Rheinland-Pfalz;2017-01-01;2017-12-31;125;2017
201;C309R502;309;502;815;DEG0Q;Schmalkalden-Meiningen;Thüringen;2017-01-01;2017-12-31;119;2017
202;C376R528;376;528;816;DE24A;Kronach;Bayern;2017-01-01;2017-12-31;119;2017
203;C453R698;453;698;817;DE227;Landshut, Landkreis;Bayern;2017-01-01;2017-12-31;100;2017
204;C543R391;543;391;818;DE407;Elbe-Elster;Brandenburg;2017-01-01;2017-12-31;114;2017
205;C398R375;398;375;819;DEE0A;Mansfeld-Südharz;Sachsen-Anhalt;2017-01-01;2017-12-31;103;2017
206;C517R227;517;227;820;DE405;Barnim;Brandenburg;2017-01-01;2017-12-31;114;2017
207;C451R688;451;688;821;DE238;Regensburg, Landkreis;Bayern;2017-01-01;2017-12-31;101;2017
208;C145R189;145;189;822;DE94A;Friesland (DE);Niedersachsen;2017-01-01;2017-12-31;121;2017
209;C238R33;238;33;823;DEF0C;Schleswig-Flensburg;Schleswig-Holstein;2017-01-01;2017-12-31;125;2017
210;C499R146;499;146;824;DE80J;Mecklenburgische Seenplatte;Mecklenburg-Vorpommern;2017-01-01;2017-12-31;118;2017
211;C109R281;109;281;825;DE949;Emsland;Niedersachsen;2017-01-01;2017-12-31;122;2017
212;C43R627;43;627;826;DEC04;Saarlouis;Saarland;2017-01-01;2017-12-31;116;2017
213;C308R743;308;743;827;DE278;Günzburg;Bayern;2017-01-01;2017-12-31;102;2017
214;C103R515;103;515;828;DEB17;Mayen-Koblenz;Rheinland-Pfalz;2017-01-01;2017-12-31;124;2017
215;C83R358;83;358;829;DEA34;Borken;Nordrhein-Westfalen;2017-01-01;2017-12-31;119;2017
216;C153R745;153;745;830;DE134;Ortenaukreis;Baden-Württemberg;2017-01-01;2017-12-31;125;2017
217;C202R82;202;82;831;DEF07;Nordfriesland;Schleswig-Holstein;2017-01-01;2017-12-31;113;2017
218;C249R317;249;317;832;DE923;Hameln-Pyrmont;Niedersachsen;2017-01-01;2017-12-31;125;2017
219;C427R693;427;693;833;DE226;Kelheim;Bayern;2017-01-01;2017-12-31;101;2017
220;C241R38;241;38;834;DEF0C;Schleswig-Flensburg;Schleswig-Holstein;2017-01-01;2017-12-31;125;2017
221;C77R349;77;349;835;DEA34;Borken;Nordrhein-Westfalen;2017-01-01;2017-12-31;119;2017
222;C326R744;326;744;836;DE278;Günzburg;Bayern;2017-01-01;2017-12-31;102;2017
223;C452R485;452;485;837;DEG0L;Greiz;Thüringen;2017-01-01;2017-12-31;118;2017
224;C477R775;477;775;838;DE21M;Traunstein;Bayern;2017-01-01;2017-12-31;120;2017
225;C229R492;229;492;839;DE725;Vogelsbergkreis;Hessen;2017-01-01;2017-12-31;103;2017
226;C226R375;226;375;840;DEA44;Höxter;Nordrhein-Westfalen;2017-01-01;2017-12-31;119;2017
227;C404R411;404;411;841;DEE0B;Saalekreis;Sachsen-Anhalt;2017-01-01;2017-12-31;113;2017
228;C362R145;362;145;842;DE80M;Nordwestmecklenburg;Mecklenburg-Vorpommern;2017-01-01;2017-12-31;121;2017
229;C278R131;278;131;843;DEF0D;Segeberg;Schleswig-Holstein;2017-01-01;2017-12-31;125;2017
230;C505R378;505;378;844;DED53;Nordsachsen;Sachsen;2017-01-01;2017-12-31;112;2017
231;C167R520;167;520;845;DE723;Limburg-Weilburg;Hessen;2017-01-01;2017-12-31;118;2017
232;C215R148;215;148;846;DE932;Cuxhaven;Niedersachsen;2017-01-01;2017-12-31;109;2017
233;C100R242;100;242;847;DE949;Emsland;Niedersachsen;2017-01-01;2017-12-31;116;2017
234;C487R759;487;759;848;DE214;Altötting;Bayern;2017-01-01;2017-12-31;120;2017
235;C232R48;232;48;849;DEF07;Nordfriesland;Schleswig-Holstein;2017-01-01;2017-12-31;125;2017
236;C235R231;235;231;850;DE93B;Verden;Niedersachsen;2017-01-01;2017-12-31;111;2017
237;C369R132;369;132;851;DE80M;Nordwestmecklenburg;Mecklenburg-Vorpommern;2017-01-01;2017-12-31;121;2017
238;C540R249;540;249;852;DE405;Barnim;Brandenburg;2017-01-01;2017-12-31;114;2017
239;C15R437;15;437;853;DEA29;Heinsberg;Nordrhein-Westfalen;2017-01-01;2017-12-31;108;2017
240;C129R292;129;292;854;DEA37;Steinfurt;Nordrhein-Westfalen;2017-01-01;2017-12-31;105;2017
241;C295R118;295;118;855;DEF0D;Segeberg;Schleswig-Holstein;2017-01-01;2017-12-31;121;2017
242;C567R441;567;441;856;DED2F;Sächsische Schweiz-Osterzgebirge;Sachsen;2017-01-01;2017-12-31;121;2017
243;C205R480;205;480;857;DE724;Marburg-Biedenkopf;Hessen;2017-01-01;2017-12-31;120;2017
244;C304R112;304;112;858;DEF0D;Segeberg;Schleswig-Holstein;2017-01-01;2017-12-31;121;2017
245;C318R383;318;383;859;DE91C;Göttingen;Niedersachsen;2017-01-01;2017-12-31;118;2017
246;C341R85;341;85;860;DEF08;Ostholstein;Schleswig-Holstein;2017-01-01;2017-12-31;131;2017
247;C229R41;229;41;861;DEF07;Nordfriesland;Schleswig-Holstein;2017-01-01;2017-12-31;125;2017
248;C346R669;346;669;862;DE25C;Weißenburg-Gunzenhausen;Bayern;2017-01-01;2017-12-31;126;2017
249;C235R52;235;52;863;DEF07;Nordfriesland;Schleswig-Holstein;2017-01-01;2017-12-31;125;2017
250;C343R306;343;306;864;DE917;Helmstedt;Niedersachsen;2017-01-01;2017-12-31;117;2017
251;C386R137;386;137;865;DE80M;Nordwestmecklenburg;Mecklenburg-Vorpommern;2017-01-01;2017-12-31;119;2017
252;C536R717;536;717;866;DE228;Passau, Landkreis;Bayern;2017-01-01;2017-12-31;102;2017
253;C390R137;390;137;867;DE80M;Nordwestmecklenburg;Mecklenburg-Vorpommern;2017-01-01;2017-12-31;119;2017
254;C536R146;536;146;868;DE80N;Vorpommern-Greifswald;Mecklenburg-Vorpommern;2017-01-01;2017-12-31;118;2017
255;C232R42;232;42;869;DEF0C;Schleswig-Flensburg;Schleswig-Holstein;2017-01-01;2017-12-31;125;2017
256;C479R730;479;730;870;DE22A;Rottal-Inn;Bayern;2017-01-01;2017-12-31;131;2017
257;C344R349;344;349;871;DEE09;Harz;Sachsen-Anhalt;2017-01-01;2017-12-31;101;2017
258;C114R798;114;798;872;DE132;Breisgau-Hochschwarzwald;Baden-Württemberg;2017-01-01;2017-12-31;103;2017
259;C302R124;302;124;873;DEF0D;Segeberg;Schleswig-Holstein;2017-01-01;2017-12-31;120;2017
260;C495R729;495;729;874;DE22A;Rottal-Inn;Bayern;2017-01-01;2017-12-31;131;2017
261;C134R230;134;230;875;DE948;Cloppenburg;Niedersachsen;2017-01-01;2017-12-31;111;2017
262;C423R224;423;224;876;DE40F;Prignitz;Brandenburg;2017-01-01;2017-12-31;123;2017
263;C238R63;238;63;877;DEF07;Nordfriesland;Schleswig-Holstein;2017-01-01;2017-12-31;119;2017
264;C479R726;479;726;878;DE22A;Rottal-Inn;Bayern;2017-01-01;2017-12-31;131;2017
265;C494R118;494;118;879;DE80J;Mecklenburgische Seenplatte;Mecklenburg-Vorpommern;2017-01-01;2017-12-31;119;2017
266;C474R646;474;646;880;DE235;Cham;Bayern;2017-01-01;2017-12-31;144;2017
267;C406R126;406;126;881;DE80K;Landkreis Rostock;Mecklenburg-Vorpommern;2017-01-01;2017-12-31;116;2017
268;C445R474;445;474;882;DEG0L;Greiz;Thüringen;2017-01-01;2017-12-31;118;2017
269;C385R401;385;401;883;DEE0A;Mansfeld-Südharz;Sachsen-Anhalt;2017-01-01;2017-12-31;114;2017
270;C488R647;488;647;884;DE235;Cham;Bayern;2017-01-01;2017-12-31;126;2017
271;C112R371;112;371;885;DEA5C;Unna;Nordrhein-Westfalen;2017-01-01;2017-12-31;111;2017
272;C499R338;499;338;887;DE40H;Teltow-Fläming;Brandenburg;2017-01-01;2017-12-31;115;2017
273;C281R49;281;49;888;DEF0B;Rendsburg-Eckernförde;Schleswig-Holstein;2017-01-01;2017-12-31;123;2017
274;C510R490;510;490;889;DED42;Erzgebirgskreis;Sachsen;2017-01-01;2017-12-31;123;2017
275;C146R501;146;501;890;DEB1B;Westerwaldkreis;Rheinland-Pfalz;2017-01-01;2017-12-31;135;2017
276;C310R733;310;733;891;DE278;Günzburg;Bayern;2017-01-01;2017-12-31;102;2017
277;C488R229;488;229;892;DE40D;Ostprignitz-Ruppin;Brandenburg;2017-01-01;2017-12-31;114;2017
278;C128R756;128;756;893;DE134;Ortenaukreis;Baden-Württemberg;2017-01-01;2017-12-31;91;2017
279;C165R631;165;631;894;DEB3C;Bad Dürkheim;Rheinland-Pfalz;2017-01-01;2017-12-31;95;2017
280;C370R533;370;533;895;DE247;Coburg, Landkreis;Bayern;2017-01-01;2017-12-31;119;2017
281;C410R410;410;410;896;DEE0B;Saalekreis;Sachsen-Anhalt;2017-01-01;2017-12-31;113;2017
282;C529R737;529;737;897;DE228;Passau, Landkreis;Bayern;2017-01-01;2017-12-31;126;2017
283;C26R403;26;403;898;DEA1B;Kleve;Nordrhein-Westfalen;2017-01-01;2017-12-31;110;2017
284;C214R466;214;466;899;DE724;Marburg-Biedenkopf;Hessen;2017-01-01;2017-12-31;107;2017
285;C99R255;99;255;900;DE949;Emsland;Niedersachsen;2017-01-01;2017-12-31;122;2017
286;C226R153;226;153;901;DE932;Cuxhaven;Niedersachsen;2017-01-01;2017-12-31;109;2017
287;C424R370;424;370;902;DEE05;Anhalt-Bitterfeld;Sachsen-Anhalt;2017-01-01;2017-12-31;103;2017
288;C536R147;536;147;903;DE80N;Vorpommern-Greifswald;Mecklenburg-Vorpommern;2017-01-01;2017-12-31;118;2017
289;C224R39;224;39;904;DEF07;Nordfriesland;Schleswig-Holstein;2017-01-01;2017-12-31;125;2017
290;C259R123;259;123;905;DEF0E;Steinburg;Schleswig-Holstein;2017-01-01;2017-12-31;122;2017
291;C406R285;406;285;906;DEE0D;Stendal;Sachsen-Anhalt;2017-01-01;2017-12-31;111;2017
292;C501R645;501;645;907;DE235;Cham;Bayern;2017-01-01;2017-12-31;132;2017
293;C402R219;402;219;908;DE40F;Prignitz;Brandenburg;2017-01-01;2017-12-31;123;2017
294;C242R523;242;523;909;DE719;Main-Kinzig-Kreis;Hessen;2017-01-01;2017-12-31;119;2017
295;C358R461;358;461;910;DEG01;Erfurt, Kreisfreie Stadt;Thüringen;2017-01-01;2017-12-31;117;2017
296;C96R563;96;563;911;DEB1C;Cochem-Zell;Rheinland-Pfalz;2017-01-01;2017-12-31;123;2017
297;C541R144;541;144;912;DE80N;Vorpommern-Greifswald;Mecklenburg-Vorpommern;2017-01-01;2017-12-31;118;2017
298;C108R633;108;633;913;DEB3F;Kaiserslautern, Landkreis;Rheinland-Pfalz;2017-01-01;2017-12-31;133;2017
299;C80R541;80;541;914;DEB1C;Cochem-Zell;Rheinland-Pfalz;2017-01-01;2017-12-31;124;2017
300;C72R333;72;333;915;DEA34;Borken;Nordrhein-Westfalen;2017-01-01;2017-12-31;111;2017
301;C273R117;273;117;916;DEF0E;Steinburg;Schleswig-Holstein;2017-01-01;2017-12-31;122;2017
302;C521R189;521;189;917;DE40I;Uckermark;Brandenburg;2017-01-01;2017-12-31;123;2017
303;C113R296;113;296;918;DE949;Emsland;Niedersachsen;2017-01-01;2017-12-31;112;2017
304;C36R443;36;443;919;DEA29;Heinsberg;Nordrhein-Westfalen;2017-01-01;2017-12-31;102;2017
305;C308R133;308;133;920;DEF0D;Segeberg;Schleswig-Holstein;2017-01-01;2017-12-31;120;2017
306;C310R113;310;113;921;DEF0D;Segeberg;Schleswig-Holstein;2017-01-01;2017-12-31;120;2017
307;C189R148;189;148;922;DE932;Cuxhaven;Niedersachsen;2017-01-01;2017-12-31;124;2017
308;C498R388;498;388;923;DED53;Nordsachsen;Sachsen;2017-01-01;2017-12-31;112;2017
309;C346R504;346;504;924;DEG0E;Hildburghausen;Thüringen;2017-01-01;2017-12-31;103;2017
310;C41R402;41;402;925;DEA1B;Kleve;Nordrhein-Westfalen;2017-01-01;2017-12-31;116;2017
311;C238R35;238;35;926;DEF0C;Schleswig-Flensburg;Schleswig-Holstein;2017-01-01;2017-12-31;125;2017
312;C262R274;262;274;927;DE929;Region Hannover;Niedersachsen;2017-01-01;2017-12-31;117;2017
313;C311R648;311;648;928;DE256;Ansbach, Landkreis;Bayern;2017-01-01;2017-12-31;105;2017
314;C299R630;299;630;929;DE11A;Schwäbisch Hall;Baden-Württemberg;2017-01-01;2017-12-31;112;2017
315;C135R299;135;299;930;DEA37;Steinfurt;Nordrhein-Westfalen;2017-01-01;2017-12-31;105;2017
316;C170R295;170;295;931;DE94E;Osnabrück, Landkreis;Niedersachsen;2017-01-01;2017-12-31;116;2017
317;C254R76;254;76;932;DEF0C;Schleswig-Flensburg;Schleswig-Holstein;2017-01-01;2017-12-31;122;2017
318;C200R460;200;460;933;DE724;Marburg-Biedenkopf;Hessen;2017-01-01;2017-12-31;120;2017
319;C340R724;340;724;934;DE277;Dillingen a.d. Donau;Bayern;2017-01-01;2017-12-31;98;2017
320;C280R123;280;123;935;DEF0D;Segeberg;Schleswig-Holstein;2017-01-01;2017-12-31;122;2017
321;C247R106;247;106;936;DEF0B;Rendsburg-Eckernförde;Schleswig-Holstein;2017-01-01;2017-12-31;120;2017
322;C32R373;32;373;937;DEA1B;Kleve;Nordrhein-Westfalen;2017-01-01;2017-12-31;110;2017
323;C153R354;153;354;938;DEA38;Warendorf;Nordrhein-Westfalen;2017-01-01;2017-12-31;108;2017
324;C441R759;441;759;939;DE21A;Erding;Bayern;2017-01-01;2017-12-31;121;2017
325;C10R467;10;467;2370;DEA2D;Städteregion Aachen;Nordrhein-Westfalen;2018-01-01;2018-12-31;112;2018
326;C477R718;477;718;2371;DE227;Landshut, Landkreis;Bayern;2018-01-01;2018-12-31;110;2018
327;C408R577;408;577;2372;DE246;Bayreuth, Landkreis;Bayern;2018-01-01;2018-12-31;118;2018
328;C489R408;489;408;2373;DED52;Leipzig;Sachsen;2018-01-01;2018-12-31;111;2018
329;C145R567;145;567;2374;DEB3J;Mainz-Bingen;Rheinland-Pfalz;2018-01-01;2018-12-31;115;2018
330;C72R633;72;633;2375;DEC01;Regionalverband Saarbrücken;Saarland;2018-01-01;2018-12-31;115;2018
331;C456R478;456;478;2376;DED45;Zwickau;Sachsen;2018-01-01;2018-12-31;116;2018
332;C483R773;483;773;2377;DE21M;Traunstein;Bayern;2018-01-01;2018-12-31;109;2018
333;C275R122;275;122;2378;DEF0D;Segeberg;Schleswig-Holstein;2018-01-01;2018-12-31;110;2018
334;C513R44;513;44;2379;DE80L;Vorpommern-Rügen;Mecklenburg-Vorpommern;2018-01-01;2018-12-31;132;2018
335;C406R632;406;632;2380;DE236;Neumarkt i. d. OPf.;Bayern;2018-01-01;2018-12-31;116;2018
336;C440R222;440;222;2381;DE40F;Prignitz;Brandenburg;2018-01-01;2018-12-31;116;2018
337;C166R656;166;656;2382;DEB3E;Germersheim;Rheinland-Pfalz;2018-01-01;2018-12-31;111;2018
338;C443R283;443;283;2383;DEE06;Jerichower Land;Sachsen-Anhalt;2018-01-01;2018-12-31;108;2018
339;C63R482;63;482;2384;DEA28;Euskirchen;Nordrhein-Westfalen;2018-01-01;2018-12-31;111;2018
340;C272R128;272;128;2385;DEF0D;Segeberg;Schleswig-Holstein;2018-01-01;2018-12-31;125;2018
341;C437R482;437;482;2386;DEG0L;Greiz;Thüringen;2018-01-01;2018-12-31;128;2018
342;C220R209;220;209;2387;DE936;Osterholz;Niedersachsen;2018-01-01;2018-12-31;110;2018
343;C91R246;91;246;2388;DE949;Emsland;Niedersachsen;2018-01-01;2018-12-31;132;2018
344;C386R142;386;142;2389;DE80O;Ludwigslust-Parchim;Mecklenburg-Vorpommern;2018-01-01;2018-12-31;126;2018
345;C173R326;173;326;2390;DEA42;Gütersloh;Nordrhein-Westfalen;2018-01-01;2018-12-31;122;2018
346;C226R86;226;86;2391;DEF05;Dithmarschen;Schleswig-Holstein;2018-01-01;2018-12-31;112;2018
347;C352R612;352;612;2392;DE257;Erlangen-Höchstadt;Bayern;2018-01-01;2018-12-31;113;2018
348;C139R365;139;365;2393;DEA38;Warendorf;Nordrhein-Westfalen;2018-01-01;2018-12-31;110;2018
349;C127R299;127;299;2394;DEA37;Steinfurt;Nordrhein-Westfalen;2018-01-01;2018-12-31;118;2018
350;C446R79;446;79;2395;DE80L;Vorpommern-Rügen;Mecklenburg-Vorpommern;2018-01-01;2018-12-31;119;2018
351;C304R517;304;517;2396;DE266;Rhön-Grabfeld;Bayern;2018-01-01;2018-12-31;108;2018
352;C513R45;513;45;2397;DE80L;Vorpommern-Rügen;Mecklenburg-Vorpommern;2018-01-01;2018-12-31;132;2018
353;C164R255;164;255;2398;DE94F;Vechta;Niedersachsen;2018-01-01;2018-12-31;108;2018
354;C97R329;97;329;2399;DEA34;Borken;Nordrhein-Westfalen;2018-01-01;2018-12-31;106;2018
355;C206R202;206;202;2400;DE936;Osterholz;Niedersachsen;2018-01-01;2018-12-31;124;2018
356;C428R576;428;576;2401;DE23A;Tirschenreuth;Bayern;2018-01-01;2018-12-31;110;2018
357;C289R361;289;361;2402;DE918;Northeim;Niedersachsen;2018-01-01;2018-12-31;124;2018
358;C469R758;469;758;2403;DE21G;Mühldorf a. Inn;Bayern;2018-01-01;2018-12-31;109;2018
359;C208R543;208;543;2404;DE719;Main-Kinzig-Kreis;Hessen;2018-01-01;2018-12-31;111;2018
360;C391R754;391;754;2405;DE217;Dachau;Bayern;2018-01-01;2018-12-31;111;2018
361;C178R239;178;239;2406;DE94D;Oldenburg, Landkreis;Niedersachsen;2018-01-01;2018-12-31;132;2018
362;C239R531;239;531;2407;DE719;Main-Kinzig-Kreis;Hessen;2018-01-01;2018-12-31;118;2018
363;C178R573;178;573;2408;DE717;Groß-Gerau;Hessen;2018-01-01;2018-12-31;112;2018
364;C353R191;353;191;2409;DE80O;Ludwigslust-Parchim;Mecklenburg-Vorpommern;2018-01-01;2018-12-31;117;2018
365;C483R762;483;762;2410;DE21M;Traunstein;Bayern;2018-01-01;2018-12-31;109;2018
366;C402R245;402;245;2411;DEE0D;Stendal;Sachsen-Anhalt;2018-01-01;2018-12-31;107;2018
367;C108R225;108;225;2412;DE949;Emsland;Niedersachsen;2018-01-01;2018-12-31;111;2018
368;C405R641;405;641;2413;DE236;Neumarkt i. d. OPf.;Bayern;2018-01-01;2018-12-31;116;2018
369;C297R593;297;593;2414;DE268;Kitzingen;Bayern;2018-01-01;2018-12-31;113;2018
370;C450R622;450;622;2415;DE239;Schwandorf;Bayern;2018-01-01;2018-12-31;117;2018
371;C296R121;296;121;2416;DEF0D;Segeberg;Schleswig-Holstein;2018-01-01;2018-12-31;111;2018
372;C226R201;226;201;2417;DE937;Rotenburg (Wümme);Niedersachsen;2018-01-01;2018-12-31;128;2018
373;C221R170;221;170;2418;DE937;Rotenburg (Wümme);Niedersachsen;2018-01-01;2018-12-31;129;2018
374;C460R577;460;577;2419;DE23A;Tirschenreuth;Bayern;2018-01-01;2018-12-31;116;2018
375;C137R477;137;477;2420;DEB13;Altenkirchen (Westerwald);Rheinland-Pfalz;2018-01-01;2018-12-31;114;2018
376;C93R321;93;321;2421;DEA37;Steinfurt;Nordrhein-Westfalen;2018-01-01;2018-12-31;106;2018
377;C413R581;413;581;2422;DE237;Neustadt a. d. Waldnaab;Bayern;2018-01-01;2018-12-31;118;2018
378;C413R176;413;176;2423;DE80O;Ludwigslust-Parchim;Mecklenburg-Vorpommern;2018-01-01;2018-12-31;113;2018
379;C179R270;179;270;2424;DE922;Diepholz;Niedersachsen;2018-01-01;2018-12-31;108;2018
380;C344R461;344;461;2425;DEG0C;Gotha;Thüringen;2018-01-01;2018-12-31;103;2018
381;C374R701;374;701;2426;DE21I;Neuburg-Schrobenhausen;Bayern;2018-01-01;2018-12-31;108;2018
382;C539R723;539;723;2427;DE228;Passau, Landkreis;Bayern;2018-01-01;2018-12-31;102;2018
383;C256R284;256;284;2428;DE929;Region Hannover;Niedersachsen;2018-01-01;2018-12-31;110;2018
384;C403R266;403;266;2429;DEE0D;Stendal;Sachsen-Anhalt;2018-01-01;2018-12-31;117;2018
385;C521R415;521;415;2430;DED2E;Meißen;Sachsen;2018-01-01;2018-12-31;115;2018
386;C22R540;22;540;2431;DEB23;Eifelkreis Bitburg-Prüm;Rheinland-Pfalz;2018-01-01;2018-12-31;112;2018
387;C351R151;351;151;2432;DE80M;Nordwestmecklenburg;Mecklenburg-Vorpommern;2018-01-01;2018-12-31;118;2018
388;C470R741;470;741;2433;DE21G;Mühldorf a. Inn;Bayern;2018-01-01;2018-12-31;109;2018
389;C183R365;183;365;2434;DEA47;Paderborn;Nordrhein-Westfalen;2018-01-01;2018-12-31;111;2018
390;C460R659;460;659;2435;DE238;Regensburg, Landkreis;Bayern;2018-01-01;2018-12-31;103;2018
391;C467R751;467;751;2436;DE21G;Mühldorf a. Inn;Bayern;2018-01-01;2018-12-31;109;2018
392;C461R718;461;718;2437;DE227;Landshut, Landkreis;Bayern;2018-01-01;2018-12-31;108;2018
393;C225R644;225;644;2438;DE118;Heilbronn, Landkreis;Baden-Württemberg;2018-01-01;2018-12-31;108;2018
394;C92R563;92;563;2439;DEB1C;Cochem-Zell;Rheinland-Pfalz;2018-01-01;2018-12-31;116;2018
395;C107R477;107;477;2440;DEA2C;Rhein-Sieg-Kreis;Nordrhein-Westfalen;2018-01-01;2018-12-31;122;2018
396;C226R64;226;64;2441;DEF07;Nordfriesland;Schleswig-Holstein;2018-01-01;2018-12-31;106;2018
397;C491R756;491;756;2442;DE214;Altötting;Bayern;2018-01-01;2018-12-31;109;2018
398;C105R370;105;370;2443;DEA35;Coesfeld;Nordrhein-Westfalen;2018-01-01;2018-12-31;113;2018
399;C273R122;273;122;2444;DEF0D;Segeberg;Schleswig-Holstein;2018-01-01;2018-12-31;110;2018
400;C355R538;355;538;2445;DE247;Coburg, Landkreis;Bayern;2018-01-01;2018-12-31;109;2018
401;C285R244;285;244;2446;DE931;Celle;Niedersachsen;2018-01-01;2018-12-31;127;2018
402;C480R783;480;783;2447;DE21M;Traunstein;Bayern;2018-01-01;2018-12-31;109;2018
403;C31R363;31;363;2448;DEA1B;Kleve;Nordrhein-Westfalen;2018-01-01;2018-12-31;114;2018
404;C567R695;567;695;2449;DE228;Passau, Landkreis;Bayern;2018-01-01;2018-12-31;114;2018
405;C116R218;116;218;2450;DE949;Emsland;Niedersachsen;2018-01-01;2018-12-31;111;2018
406;C555R220;555;220;2451;DE40I;Uckermark;Brandenburg;2018-01-01;2018-12-31;110;2018
407;C189R550;189;550;2452;DE712;Frankfurt am Main, Kreisfreie Stadt;Hessen;2018-01-01;2018-12-31;122;2018
408;C180R355;180;355;2453;DEA42;Gütersloh;Nordrhein-Westfalen;2018-01-01;2018-12-31;111;2018
409;C203R779;203;779;2454;DE137;Tuttlingen;Baden-Württemberg;2018-01-01;2018-12-31;117;2018
410;C227R534;227;534;2455;DE71E;Wetteraukreis;Hessen;2018-01-01;2018-12-31;118;2018
411;C449R465;449;465;2456;DEG0M;Altenburger Land;Thüringen;2018-01-01;2018-12-31;114;2018
412;C336R89;336;89;2457;DEF08;Ostholstein;Schleswig-Holstein;2018-01-01;2018-12-31;118;2018
413;C518R244;518;244;2458;DE405;Barnim;Brandenburg;2018-01-01;2018-12-31;111;2018
414;C433R745;433;745;2459;DE21A;Erding;Bayern;2018-01-01;2018-12-31;111;2018
415;C254R179;254;179;2460;DE939;Stade;Niedersachsen;2018-01-01;2018-12-31;115;2018
416;C350R773;350;773;2461;DE27B;Ostallgäu;Bayern;2018-01-01;2018-12-31;115;2018
417;C215R248;215;248;2462;DE922;Diepholz;Niedersachsen;2018-01-01;2018-12-31;124;2018
418;C129R351;129;351;2463;DEA38;Warendorf;Nordrhein-Westfalen;2018-01-01;2018-12-31;108;2018
419;C162R638;162;638;2464;DEB36;Neustadt an der Weinstraße, Kreisfreie Stadt;Rheinland-Pfalz;2018-01-01;2018-12-31;110;2018
420;C328R147;328;147;2465;DEF06;Herzogtum Lauenburg;Schleswig-Holstein;2018-01-01;2018-12-31;110;2018
421;C542R418;542;418;2466;DED2E;Meißen;Sachsen;2018-01-01;2018-12-31;111;2018
422;C335R433;335;433;2467;DEG09;Unstrut-Hainich-Kreis;Thüringen;2018-01-01;2018-12-31;108;2018
423;C314R305;314;305;2468;DE91A;Peine;Niedersachsen;2018-01-01;2018-12-31;114;2018
424;C444R448;444;448;2469;DEE08;Burgenlandkreis;Sachsen-Anhalt;2018-01-01;2018-12-31;114;2018
425;C441R737;441;737;2470;DE21A;Erding;Bayern;2018-01-01;2018-12-31;111;2018
426;C265R649;265;649;2471;DE119;Hohenlohekreis;Baden-Württemberg;2018-01-01;2018-12-31;110;2018
427;C332R768;332;768;2472;DE27C;Unterallgäu;Bayern;2018-01-01;2018-12-31;110;2018
428;C201R240;201;240;2473;DE922;Diepholz;Niedersachsen;2018-01-01;2018-12-31;124;2018
429;C422R571;422;571;2474;DE246;Bayreuth, Landkreis;Bayern;2018-01-01;2018-12-31;110;2018
430;C383R319;383;319;2475;DEE07;Börde;Sachsen-Anhalt;2018-01-01;2018-12-31;113;2018
431;C230R268;230;268;2476;DE927;Nienburg (Weser);Niedersachsen;2018-01-01;2018-12-31;111;2018
432;C56R423;56;423;2477;DEA1D;Rhein-Kreis Neuss;Nordrhein-Westfalen;2018-01-01;2018-12-31;105;2018
433;C309R124;309;124;2478;DEF0D;Segeberg;Schleswig-Holstein;2018-01-01;2018-12-31;111;2018
434;C227R365;227;365;2479;DEA44;Höxter;Nordrhein-Westfalen;2018-01-01;2018-12-31;111;2018
435;C152R287;152;287;2480;DE94E;Osnabrück, Landkreis;Niedersachsen;2018-01-01;2018-12-31;109;2018
436;C240R166;240;166;2481;DE939;Stade;Niedersachsen;2018-01-01;2018-12-31;109;2018
437;C476R759;476;759;2482;DE21G;Mühldorf a. Inn;Bayern;2018-01-01;2018-12-31;109;2018
438;C482R644;482;644;2483;DE235;Cham;Bayern;2018-01-01;2018-12-31;120;2018
439;C389R384;389;384;2484;DEE0A;Mansfeld-Südharz;Sachsen-Anhalt;2018-01-01;2018-12-31;113;2018
440;C300R617;300;617;2485;DE25A;Neustadt a. d. Aisch-Bad Windsheim;Bayern;2018-01-01;2018-12-31;110;2018
441;C353R287;353;287;2486;DEE07;Börde;Sachsen-Anhalt;2018-01-01;2018-12-31;120;2018
442;C552R451;552;451;2487;DED2F;Sächsische Schweiz-Osterzgebirge;Sachsen;2018-01-01;2018-12-31;95;2018
443;C481R787;481;787;2488;DE21M;Traunstein;Bayern;2018-01-01;2018-12-31;109;2018
444;C334R103;334;103;2489;DEF08;Ostholstein;Schleswig-Holstein;2018-01-01;2018-12-31;118;2018
445;C209R308;209;308;2490;DEA46;Minden-Lübbecke;Nordrhein-Westfalen;2018-01-01;2018-12-31;111;2018
446;C216R294;216;294;2491;DEA46;Minden-Lübbecke;Nordrhein-Westfalen;2018-01-01;2018-12-31;120;2018
447;C458R652;458;652;2492;DE239;Schwandorf;Bayern;2018-01-01;2018-12-31;103;2018
448;C377R645;377;645;2493;DE25B;Roth;Bayern;2018-01-01;2018-12-31;125;2018
449;C294R103;294;103;2494;DEF0A;Plön;Schleswig-Holstein;2018-01-01;2018-12-31;124;2018
450;C285R199;285;199;2495;DE933;Harburg;Niedersachsen;2018-01-01;2018-12-31;103;2018
451;C511R401;511;401;2496;DED2E;Meißen;Sachsen;2018-01-01;2018-12-31;111;2018
452;C199R190;199;190;2497;DE932;Cuxhaven;Niedersachsen;2018-01-01;2018-12-31;124;2018
453;C35R569;35;569;2498;DEB23;Eifelkreis Bitburg-Prüm;Rheinland-Pfalz;2018-01-01;2018-12-31;107;2018
454;C49R539;49;539;2499;DEB24;Vulkaneifel;Rheinland-Pfalz;2018-01-01;2018-12-31;123;2018
455;C370R560;370;560;2500;DE245;Bamberg, Landkreis;Bayern;2018-01-01;2018-12-31;124;2018
456;C111R489;111;489;2501;DEB18;Neuwied;Rheinland-Pfalz;2018-01-01;2018-12-31;122;2018
457;C250R71;250;71;2502;DEF0C;Schleswig-Flensburg;Schleswig-Holstein;2018-01-01;2018-12-31;113;2018
458;C40R386;40;386;2503;DEA1B;Kleve;Nordrhein-Westfalen;2018-01-01;2018-12-31;111;2018
459;C479R753;479;753;2504;DE21G;Mühldorf a. Inn;Bayern;2018-01-01;2018-12-31;109;2018
460;C251R65;251;65;2505;DEF0C;Schleswig-Flensburg;Schleswig-Holstein;2018-01-01;2018-12-31;113;2018
461;C314R782;314;782;2506;DE27C;Unterallgäu;Bayern;2018-01-01;2018-12-31;110;2018
462;C203R638;203;638;2507;DE128;Rhein-Neckar-Kreis;Baden-Württemberg;2018-01-01;2018-12-31;120;2018
463;C558R226;558;226;2508;DE405;Barnim;Brandenburg;2018-01-01;2018-12-31;110;2018
464;C467R689;467;689;2509;DE22B;Straubing-Bogen;Bayern;2018-01-01;2018-12-31;108;2018
465;C603R298;603;298;2510;DE40C;Oder-Spree;Brandenburg;2018-01-01;2018-12-31;110;2018
466;C458R501;458;501;2511;DED44;Vogtlandkreis;Sachsen;2018-01-01;2018-12-31;116;2018
467;C292R330;292;330;2512;DE925;Hildesheim;Niedersachsen;2018-01-01;2018-12-31;121;2018
468;C340R460;340;460;2513;DEG0C;Gotha;Thüringen;2018-01-01;2018-12-31;102;2018
469;C157R313;157;313;2514;DE944;Osnabrück, Kreisfreie Stadt;Niedersachsen;2018-01-01;2018-12-31;122;2018
470;C379R437;379;437;2515;DEG0D;Sömmerda;Thüringen;2018-01-01;2018-12-31;107;2018
471;C50R522;50;522;2516;DEB24;Vulkaneifel;Rheinland-Pfalz;2018-01-01;2018-12-31;123;2018
472;C136R216;136;216;2517;DE948;Cloppenburg;Niedersachsen;2018-01-01;2018-12-31;108;2018
473;C295R93;295;93;2518;DEF0A;Plön;Schleswig-Holstein;2018-01-01;2018-12-31;114;2018
474;C321R267;321;267;2519;DE914;Gifhorn;Niedersachsen;2018-01-01;2018-12-31;115;2018
475;C433R198;433;198;2520;DE40F;Prignitz;Brandenburg;2018-01-01;2018-12-31;114;2018
476;C386R279;386;279;2521;DEE04;Altmarkkreis Salzwedel;Sachsen-Anhalt;2018-01-01;2018-12-31;115;2018
477;C234R89;234;89;2522;DEF05;Dithmarschen;Schleswig-Holstein;2018-01-01;2018-12-31;112;2018
478;C296R430;296;430;2523;DE737;Werra-Meißner-Kreis;Hessen;2018-01-01;2018-12-31;109;2018
479;C517R695;517;695;2524;DE224;Deggendorf;Bayern;2018-01-01;2018-12-31;104;2018
480;C329R755;329;755;2525;DE278;Günzburg;Bayern;2018-01-01;2018-12-31;110;2018
481;C95R321;95;321;2526;DEA37;Steinfurt;Nordrhein-Westfalen;2018-01-01;2018-12-31;106;2018
482;C78R357;78;357;2527;DEA34;Borken;Nordrhein-Westfalen;2018-01-01;2018-12-31;122;2018
483;C484R272;484;272;2528;DE408;Havelland;Brandenburg;2018-01-01;2018-12-31;111;2018
484;C167R664;167;664;2530;DEB3E;Germersheim;Rheinland-Pfalz;2018-01-01;2018-12-31;111;2018
485;C307R285;307;285;2531;DE914;Gifhorn;Niedersachsen;2018-01-01;2018-12-31;115;2018
486;C395R641;395;641;2532;DE236;Neumarkt i. d. OPf.;Bayern;2018-01-01;2018-12-31;106;2018
487;C539R389;539;389;2533;DE407;Elbe-Elster;Brandenburg;2018-01-01;2018-12-31;110;2018
488;C180R228;180;228;2534;DE94D;Oldenburg, Landkreis;Niedersachsen;2018-01-01;2018-12-31;132;2018
489;C518R96;518;96;2535;DE80N;Vorpommern-Greifswald;Mecklenburg-Vorpommern;2018-01-01;2018-12-31;118;2018
490;C495R636;495;636;2536;DE235;Cham;Bayern;2018-01-01;2018-12-31;120;2018
491;C328R744;328;744;2537;DE278;Günzburg;Bayern;2018-01-01;2018-12-31;115;2018
492;C100R213;100;213;2538;DE94C;Leer;Niedersachsen;2018-01-01;2018-12-31;111;2018
493;C116R236;116;236;2539;DE949;Emsland;Niedersachsen;2018-01-01;2018-12-31;113;2018
494;C574R171;574;171;2540;DE80N;Vorpommern-Greifswald;Mecklenburg-Vorpommern;2018-01-01;2018-12-31;110;2018
495;C462R306;462;306;2541;DE40E;Potsdam-Mittelmark;Brandenburg;2018-01-01;2018-12-31;108;2018
496;C445R398;445;398;2542;DED53;Nordsachsen;Sachsen;2018-01-01;2018-12-31;113;2018
497;C192R202;192;202;2543;DE936;Osterholz;Niedersachsen;2018-01-01;2018-12-31;124;2018
498;C339R696;339;696;2544;DE27D;Donau-Ries;Bayern;2018-01-01;2018-12-31;108;2018
499;C223R528;223;528;2545;DE71E;Wetteraukreis;Hessen;2018-01-01;2018-12-31;110;2018
500;C243R442;243;442;2546;DE735;Schwalm-Eder-Kreis;Hessen;2018-01-01;2018-12-31;110;2018
501;C380R274;380;274;2547;DEE04;Altmarkkreis Salzwedel;Sachsen-Anhalt;2018-01-01;2018-12-31;115;2018
502;C65R373;65;373;2548;DEA1F;Wesel;Nordrhein-Westfalen;2018-01-01;2018-12-31;122;2018
503;C299R130;299;130;2549;DEF0D;Segeberg;Schleswig-Holstein;2018-01-01;2018-12-31;111;2018
504;C73R489;73;489;2550;DEA2C;Rhein-Sieg-Kreis;Nordrhein-Westfalen;2018-01-01;2018-12-31;111;2018
505;C397R352;397;352;2553;DEE0C;Salzlandkreis;Sachsen-Anhalt;2018-01-01;2018-12-31;108;2018
506;C527R734;527;734;2554;DE228;Passau, Landkreis;Bayern;2018-01-01;2018-12-31;114;2018
507;C234R280;234;280;2555;DE927;Nienburg (Weser);Niedersachsen;2018-01-01;2018-12-31;110;2018
508;C98R466;98;466;2556;DEA2C;Rhein-Sieg-Kreis;Nordrhein-Westfalen;2018-01-01;2018-12-31;121;2018
509;C216R519;216;519;2557;DE71E;Wetteraukreis;Hessen;2018-01-01;2018-12-31;110;2018
510;C255R491;255;491;2558;DE725;Vogelsbergkreis;Hessen;2018-01-01;2018-12-31;113;2018
511;C343R530;343;530;2559;DEG0E;Hildburghausen;Thüringen;2018-01-01;2018-12-31;109;2018
512;C339R445;339;445;2560;DEG0C;Gotha;Thüringen;2018-01-01;2018-12-31;103;2018
513;C267R449;267;449;2561;DE733;Hersfeld-Rotenburg;Hessen;2018-01-01;2018-12-31;111;2018
514;C111R168;111;168;2562;DE947;Aurich;Niedersachsen;2018-01-01;2018-12-31;129;2018
515;C96R294;96;294;2563;DE94B;Grafschaft Bentheim;Niedersachsen;2018-01-01;2018-12-31;118;2018
516;C564R236;564;236;2564;DE409;Märkisch-Oderland;Brandenburg;2018-01-01;2018-12-31;118;2018
517;C216R149;216;149;2565;DE932;Cuxhaven;Niedersachsen;2018-01-01;2018-12-31;110;2018
518;C292R615;292;615;2566;DE26C;Würzburg, Landkreis;Bayern;2018-01-01;2018-12-31;107;2018
519;C289R663;289;663;2567;DE11A;Schwäbisch Hall;Baden-Württemberg;2018-01-01;2018-12-31;114;2018
520;C55R500;55;500;2568;DEA28;Euskirchen;Nordrhein-Westfalen;2018-01-01;2018-12-31;111;2018
521;C255R319;255;319;2569;DE929;Region Hannover;Niedersachsen;2018-01-01;2018-12-31;119;2018
522;C470R422;470;422;2570;DED52;Leipzig;Sachsen;2018-01-01;2018-12-31;114;2018
523;C268R100;268;100;2571;DEF0B;Rendsburg-Eckernförde;Schleswig-Holstein;2018-01-01;2018-12-31;110;2018
524;C99R262;99;262;2572;DE949;Emsland;Niedersachsen;2018-01-01;2018-12-31;132;2018
525;C205R733;205;733;2573;DE12C;Freudenstadt;Baden-Württemberg;2018-01-01;2018-12-31;115;2018
526;C265R650;265;650;2574;DE119;Hohenlohekreis;Baden-Württemberg;2018-01-01;2018-12-31;110;2018
527;C506R756;506;756;2576;DE214;Altötting;Bayern;2018-01-01;2018-12-31;114;2018
528;C332R544;332;544;2577;DE267;Haßberge;Bayern;2018-01-01;2018-12-31;118;2018
529;C202R436;202;436;2578;DE736;Waldeck-Frankenberg;Hessen;2018-01-01;2018-12-31;120;2018
530;C594R414;594;414;2579;DED2C;Bautzen;Sachsen;2018-01-01;2018-12-31;109;2018
531;C226R61;226;61;2580;DEF07;Nordfriesland;Schleswig-Holstein;2018-01-01;2018-12-31;106;2018
532;C466R79;466;79;2581;DE80L;Vorpommern-Rügen;Mecklenburg-Vorpommern;2018-01-01;2018-12-31;120;2018
533;C237R486;237;486;2582;DE725;Vogelsbergkreis;Hessen;2018-01-01;2018-12-31;113;2018
534;C275R76;275;76;2583;DEF0B;Rendsburg-Eckernförde;Schleswig-Holstein;2018-01-01;2018-12-31;114;2018
535;C138R211;138;211;2584;DE948;Cloppenburg;Niedersachsen;2018-01-01;2018-12-31;108;2018
536;C129R214;129;214;2585;DE948;Cloppenburg;Niedersachsen;2018-01-01;2018-12-31;108;2018
537;C310R92;310;92;2586;DEF0A;Plön;Schleswig-Holstein;2018-01-01;2018-12-31;116;2018
538;C261R301;261;301;2587;DE929;Region Hannover;Niedersachsen;2018-01-01;2018-12-31;119;2018
539;C479R406;479;406;2588;DED52;Leipzig;Sachsen;2018-01-01;2018-12-31;119;2018
540;C32R353;32;353;2589;DEA1B;Kleve;Nordrhein-Westfalen;2018-01-01;2018-12-31;114;2018
541;C414R117;414;117;2590;DE80K;Landkreis Rostock;Mecklenburg-Vorpommern;2018-01-01;2018-12-31;126;2018
542;C202R450;202;450;2591;DE736;Waldeck-Frankenberg;Hessen;2018-01-01;2018-12-31;126;2018
543;C403R537;403;537;2592;DE24B;Kulmbach;Bayern;2018-01-01;2018-12-31;110;2018
544;C292R103;292;103;2593;DEF0A;Plön;Schleswig-Holstein;2018-01-01;2018-12-31;124;2018
545;C37R385;37;385;2594;DEA1F;Wesel;Nordrhein-Westfalen;2018-01-01;2018-12-31;111;2018
546;C203R139;203;139;2595;DE932;Cuxhaven;Niedersachsen;2018-01-01;2018-12-31;127;2018
547;C355R734;355;734;2596;DE276;Augsburg, Landkreis;Bayern;2018-01-01;2018-12-31;108;2018
548;C263R68;263;68;2597;DEF0B;Rendsburg-Eckernförde;Schleswig-Holstein;2018-01-01;2018-12-31;114;2018
549;C276R96;276;96;2598;DEF0B;Rendsburg-Eckernförde;Schleswig-Holstein;2018-01-01;2018-12-31;114;2018
550;C195R727;195;727;2599;DE12A;Calw;Baden-Württemberg;2018-01-01;2018-12-31;115;2018
551;C321R138;321;138;2600;DEF0F;Stormarn;Schleswig-Holstein;2018-01-01;2018-12-31;111;2018
552;C237R52;237;52;2601;DEF0C;Schleswig-Flensburg;Schleswig-Holstein;2018-01-01;2018-12-31;119;2018
553;C200R657;200;657;2602;DE123;Karlsruhe, Landkreis;Baden-Württemberg;2018-01-01;2018-12-31;108;2018
554;C347R449;347;449;2603;DEG0C;Gotha;Thüringen;2018-01-01;2018-12-31;103;2018
555;C387R757;387;757;2604;DE21C;Fürstenfeldbruck;Bayern;2018-01-01;2018-12-31;104;2018
556;C247R66;247;66;2605;DEF0C;Schleswig-Flensburg;Schleswig-Holstein;2018-01-01;2018-12-31;113;2018
557;C393R726;393;726;2606;DE21J;Pfaffenhofen a. d. Ilm;Bayern;2018-01-01;2018-12-31;111;2018
558;C149R210;149;210;2607;DE946;Ammerland;Niedersachsen;2018-01-01;2018-12-31;109;2018
559;C178R236;178;236;2608;DE94D;Oldenburg, Landkreis;Niedersachsen;2018-01-01;2018-12-31;132;2018
560;C174R519;174;519;2609;DE723;Limburg-Weilburg;Hessen;2018-01-01;2018-12-31;125;2018
561;C300R87;300;87;2610;DEF0A;Plön;Schleswig-Holstein;2018-01-01;2018-12-31;114;2018
562;C128R738;128;738;2611;DE134;Ortenaukreis;Baden-Württemberg;2018-01-01;2018-12-31;104;2018
563;C213R63;213;63;2612;DEF07;Nordfriesland;Schleswig-Holstein;2018-01-01;2018-12-31;106;2018
564;C170R640;170;640;2613;DEB3I;Rhein-Pfalz-Kreis;Rheinland-Pfalz;2018-01-01;2018-12-31;110;2018
565;C408R134;408;134;2614;DE80K;Landkreis Rostock;Mecklenburg-Vorpommern;2018-01-01;2018-12-31;126;2018
566;C137R417;137;417;2615;DEA58;Märkischer Kreis;Nordrhein-Westfalen;2018-01-01;2018-12-31;112;2018
567;C109R361;109;361;2616;DEA35;Coesfeld;Nordrhein-Westfalen;2018-01-01;2018-12-31;112;2018
568;C448R736;448;736;2617;DE21A;Erding;Bayern;2018-01-01;2018-12-31;111;2018
569;C311R443;311;443;2618;DEG0R;Wartburgkreis;Thüringen;2018-01-01;2018-12-31;102;2018
570;C313R498;313;498;2619;DEG0Q;Schmalkalden-Meiningen;Thüringen;2018-01-01;2018-12-31;108;2018
571;C105R624;105;624;2620;DEB3G;Kusel;Rheinland-Pfalz;2018-01-01;2018-12-31;118;2018
572;C443R334;443;334;2621;DEE05;Anhalt-Bitterfeld;Sachsen-Anhalt;2018-01-01;2018-12-31;107;2018
573;C513R447;513;447;2622;DED43;Mittelsachsen;Sachsen;2018-01-01;2018-12-31;110;2018
574;C133R539;133;539;2623;DEB1A;Rhein-Lahn-Kreis;Rheinland-Pfalz;2018-01-01;2018-12-31;106;2018
575;C345R735;345;735;2624;DE276;Augsburg, Landkreis;Bayern;2018-01-01;2018-12-31;108;2018
576;C249R242;249;242;2625;DE938;Heidekreis;Niedersachsen;2018-01-01;2018-12-31;110;2018
577;C457R745;457;745;2626;DE21A;Erding;Bayern;2018-01-01;2018-12-31;109;2018
578;C379R765;379;765;2627;DE21C;Fürstenfeldbruck;Bayern;2018-01-01;2018-12-31;104;2018
579;C304R522;304;522;2628;DE266;Rhön-Grabfeld;Bayern;2018-01-01;2018-12-31;108;2018
580;C519R713;519;713;2629;DE228;Passau, Landkreis;Bayern;2018-01-01;2018-12-31;110;2018
581;C346R397;346;397;2630;DEG07;Nordhausen;Thüringen;2018-01-01;2018-12-31;111;2018
582;C51R489;51;489;2631;DEA28;Euskirchen;Nordrhein-Westfalen;2018-01-01;2018-12-31;111;2018
583;C137R355;137;355;2632;DEA38;Warendorf;Nordrhein-Westfalen;2018-01-01;2018-12-31;108;2018
584;C69R346;69;346;2633;DEA34;Borken;Nordrhein-Westfalen;2018-01-01;2018-12-31;122;2018
585;C513R45;513;45;2634;DE80L;Vorpommern-Rügen;Mecklenburg-Vorpommern;2018-01-01;2018-12-31;132;2018
586;C469R569;469;569;2635;DE23A;Tirschenreuth;Bayern;2018-01-01;2018-12-31;116;2018
587;C180R226;180;226;2636;DE94D;Oldenburg, Landkreis;Niedersachsen;2018-01-01;2018-12-31;132;2018
588;C174R244;174;244;2637;DE94F;Vechta;Niedersachsen;2018-01-01;2018-12-31;108;2018
589;C249R269;249;269;2638;DE927;Nienburg (Weser);Niedersachsen;2018-01-01;2018-12-31;110;2018
590;C287R277;287;277;2639;DE931;Celle;Niedersachsen;2018-01-01;2018-12-31;113;2018
591;C137R380;137;380;2640;DEA54;Hamm, Kreisfreie Stadt;Nordrhein-Westfalen;2018-01-01;2018-12-31;110;2018
592;C229R116;229;116;2642;DEF05;Dithmarschen;Schleswig-Holstein;2018-01-01;2018-12-31;112;2018
593;C99R313;99;313;2643;DEA37;Steinfurt;Nordrhein-Westfalen;2018-01-01;2018-12-31;110;2018
594;C458R751;458;751;2644;DE21A;Erding;Bayern;2018-01-01;2018-12-31;109;2018
595;C86R604;86;604;2645;DEB15;Birkenfeld;Rheinland-Pfalz;2018-01-01;2018-12-31;118;2018
596;C518R164;518;164;2646;DE80J;Mecklenburgische Seenplatte;Mecklenburg-Vorpommern;2018-01-01;2018-12-31;111;2018
597;C442R640;442;640;2647;DE239;Schwandorf;Bayern;2018-01-01;2018-12-31;112;2018
598;C440R623;440;623;2648;DE239;Schwandorf;Bayern;2018-01-01;2018-12-31;117;2018
599;C461R93;461;93;2649;DE80L;Vorpommern-Rügen;Mecklenburg-Vorpommern;2018-01-01;2018-12-31;120;2018
600;C292R551;292;551;2650;DE26B;Schweinfurt, Landkreis;Bayern;2018-01-01;2018-12-31;111;2018
601;C340R460;340;460;2651;DEG0C;Gotha;Thüringen;2018-01-01;2018-12-31;102;2018
602;C575R320;575;320;2652;DE40C;Oder-Spree;Brandenburg;2018-01-01;2018-12-31;110;2018
603;C280R77;280;77;2653;DEF0B;Rendsburg-Eckernförde;Schleswig-Holstein;2018-01-01;2018-12-31;114;2018
604;C443R185;443;185;2654;DE80J;Mecklenburgische Seenplatte;Mecklenburg-Vorpommern;2018-01-01;2018-12-31;110;2018
605;C455R756;455;756;2655;DE21A;Erding;Bayern;2018-01-01;2018-12-31;111;2018
606;C300R304;300;304;2656;DE91A;Peine;Niedersachsen;2018-01-01;2018-12-31;114;2018
607;C461R441;461;441;2657;DEG0M;Altenburger Land;Thüringen;2018-01-01;2018-12-31;114;2018
608;C343R93;343;93;2658;DEF08;Ostholstein;Schleswig-Holstein;2018-01-01;2018-12-31;118;2018
609;C115R483;115;483;2659;DEB13;Altenkirchen (Westerwald);Rheinland-Pfalz;2018-01-01;2018-12-31;122;2018
610;C91R344;91;344;2660;DEA35;Coesfeld;Nordrhein-Westfalen;2018-01-01;2018-12-31;112;2018
611;C297R106;297;106;2661;DEF0A;Plön;Schleswig-Holstein;2018-01-01;2018-12-31;124;2018
612;C250R64;250;64;2662;DEF0C;Schleswig-Flensburg;Schleswig-Holstein;2018-01-01;2018-12-31;113;2018
613;C200R379;200;379;2663;DEA47;Paderborn;Nordrhein-Westfalen;2018-01-01;2018-12-31;111;2018
614;C510R447;510;447;2664;DED43;Mittelsachsen;Sachsen;2018-01-01;2018-12-31;110;2018
615;C385R359;385;359;2665;DEE0C;Salzlandkreis;Sachsen-Anhalt;2018-01-01;2018-12-31;113;2018
616;C112R314;112;314;2666;DEA37;Steinfurt;Nordrhein-Westfalen;2018-01-01;2018-12-31;111;2018
617;C290R561;290;561;2667;DE26A;Main-Spessart;Bayern;2018-01-01;2018-12-31;108;2018
618;C334R627;334;627;2668;DE256;Ansbach, Landkreis;Bayern;2018-01-01;2018-12-31;115;2018
619;C128R296;128;296;2669;DEA37;Steinfurt;Nordrhein-Westfalen;2018-01-01;2018-12-31;118;2018
620;C369R476;369;476;2670;DEG0T;Ilm-Kreis;Thüringen;2018-01-01;2018-12-31;114;2018
621;C417R262;417;262;2671;DEE0D;Stendal;Sachsen-Anhalt;2018-01-01;2018-12-31;117;2018
622;C259R98;259;98;2672;DEF0B;Rendsburg-Eckernförde;Schleswig-Holstein;2018-01-01;2018-12-31;110;2018
623;C42R416;42;416;2673;DEA1E;Viersen;Nordrhein-Westfalen;2018-01-01;2018-12-31;105;2018
624;C422R689;422;689;2674;DE226;Kelheim;Bayern;2018-01-01;2018-12-31;106;2018
625;C275R137;275;137;2675;DEF09;Pinneberg;Schleswig-Holstein;2018-01-01;2018-12-31;125;2018
626;C252R145;252;145;2676;DEF0E;Steinburg;Schleswig-Holstein;2018-01-01;2018-12-31;112;2018
627;C259R351;259;351;2677;DE926;Holzminden;Niedersachsen;2018-01-01;2018-12-31;115;2018
628;C164R383;164;383;2678;DEA5B;Soest;Nordrhein-Westfalen;2018-01-01;2018-12-31;118;2018
629;C202R796;202;796;2679;DE137;Tuttlingen;Baden-Württemberg;2018-01-01;2018-12-31;117;2018
630;C512R718;512;718;4129;DE22A;Rottal-Inn;Bayern;2019-01-01;2019-12-31;109;2019
631;C285R671;285;671;4130;DE11A;Schwäbisch Hall;Baden-Württemberg;2019-01-01;2019-12-31;113;2019
632;C288R623;288;623;4131;DE11B;Main-Tauber-Kreis;Baden-Württemberg;2019-01-01;2019-12-31;110;2019
633;C409R409;409;409;4132;DEE0B;Saalekreis;Sachsen-Anhalt;2019-01-01;2019-12-31;100;2019
634;C297R563;297;563;4133;DE26B;Schweinfurt, Landkreis;Bayern;2019-01-01;2019-12-31;107;2019
635;C411R584;411;584;4134;DE237;Neustadt a. d. Waldnaab;Bayern;2019-01-01;2019-12-31;110;2019
636;C405R135;405;135;4136;DE80K;Landkreis Rostock;Mecklenburg-Vorpommern;2019-01-01;2019-12-31;117;2019
637;C304R783;304;783;4137;DE27C;Unterallgäu;Bayern;2019-01-01;2019-12-31;107;2019
638;C531R151;531;151;4138;DE80J;Mecklenburgische Seenplatte;Mecklenburg-Vorpommern;2019-01-01;2019-12-31;113;2019
639;C361R784;361;784;4139;DE21E;Landsberg am Lech;Bayern;2019-01-01;2019-12-31;115;2019
640;C120R314;120;314;4140;DEA37;Steinfurt;Nordrhein-Westfalen;2019-01-01;2019-12-31;108;2019
641;C230R461;230;461;4141;DE735;Schwalm-Eder-Kreis;Hessen;2019-01-01;2019-12-31;119;2019
642;C420R124;420;124;4142;DE80K;Landkreis Rostock;Mecklenburg-Vorpommern;2019-01-01;2019-12-31;107;2019
643;C98R271;98;271;4143;DE949;Emsland;Niedersachsen;2019-01-01;2019-12-31;118;2019
644;C208R472;208;472;4144;DE724;Marburg-Biedenkopf;Hessen;2019-01-01;2019-12-31;119;2019
645;C125R175;125;175;4145;DE947;Aurich;Niedersachsen;2019-01-01;2019-12-31;115;2019
646;C123R169;123;169;4146;DE947;Aurich;Niedersachsen;2019-01-01;2019-12-31;122;2019
647;C304R138;304;138;4147;DEF0F;Stormarn;Schleswig-Holstein;2019-01-01;2019-12-31;113;2019
648;C428R342;428;342;4148;DEE05;Anhalt-Bitterfeld;Sachsen-Anhalt;2019-01-01;2019-12-31;106;2019
649;C233R117;233;117;4149;DEF05;Dithmarschen;Schleswig-Holstein;2019-01-01;2019-12-31;113;2019
650;C310R395;310;395;4150;DEG06;Eichsfeld;Thüringen;2019-01-01;2019-12-31;116;2019
651;C404R255;404;255;4151;DEE0D;Stendal;Sachsen-Anhalt;2019-01-01;2019-12-31;120;2019
652;C287R69;287;69;4152;DEF0B;Rendsburg-Eckernförde;Schleswig-Holstein;2019-01-01;2019-12-31;108;2019
653;C104R464;104;464;4153;DEA2C;Rhein-Sieg-Kreis;Nordrhein-Westfalen;2019-01-01;2019-12-31;111;2019
654;C199R283;199;283;4154;DE922;Diepholz;Niedersachsen;2019-01-01;2019-12-31;114;2019
655;C241R40;241;40;4155;DEF0C;Schleswig-Flensburg;Schleswig-Holstein;2019-01-01;2019-12-31;126;2019
656;C570R197;570;197;4156;DE40I;Uckermark;Brandenburg;2019-01-01;2019-12-31;116;2019
657;C143R230;143;230;4157;DE948;Cloppenburg;Niedersachsen;2019-01-01;2019-12-31;107;2019
658;C385R415;385;415;4159;DEG0A;Kyffhäuserkreis;Thüringen;2019-01-01;2019-12-31;110;2019
659;C361R786;361;786;4160;DE21E;Landsberg am Lech;Bayern;2019-01-01;2019-12-31;115;2019
660;C122R172;122;172;4161;DE947;Aurich;Niedersachsen;2019-01-01;2019-12-31;115;2019
661;C425R486;425;486;4162;DEG0L;Greiz;Thüringen;2019-01-01;2019-12-31;107;2019
662;C233R33;233;33;4163;DEF0C;Schleswig-Flensburg;Schleswig-Holstein;2019-01-01;2019-12-31;108;2019
663;C149R231;149;231;4164;DE948;Cloppenburg;Niedersachsen;2019-01-01;2019-12-31;107;2019
664;C313R633;313;633;4167;DE256;Ansbach, Landkreis;Bayern;2019-01-01;2019-12-31;118;2019
665;C307R648;307;648;4168;DE256;Ansbach, Landkreis;Bayern;2019-01-01;2019-12-31;116;2019
666;C108R483;108;483;4170;DEB18;Neuwied;Rheinland-Pfalz;2019-01-01;2019-12-31;133;2019
667;C326R147;326;147;4171;DEF06;Herzogtum Lauenburg;Schleswig-Holstein;2019-01-01;2019-12-31;108;2019
668;C211R729;211;729;4172;DE142;Tübingen, Landkreis;Baden-Württemberg;2019-01-01;2019-12-31;107;2019
669;C427R172;427;172;4173;DE80O;Ludwigslust-Parchim;Mecklenburg-Vorpommern;2019-01-01;2019-12-31;107;2019
670;C452R230;452;230;4174;DE40D;Ostprignitz-Ruppin;Brandenburg;2019-01-01;2019-12-31;113;2019
671;C433R584;433;584;4175;DE237;Neustadt a. d. Waldnaab;Bayern;2019-01-01;2019-12-31;116;2019
672;C224R37;224;37;4176;DEF07;Nordfriesland;Schleswig-Holstein;2019-01-01;2019-12-31;108;2019
673;C347R509;347;509;4177;DEG0E;Hildburghausen;Thüringen;2019-01-01;2019-12-31;119;2019
674;C142R287;142;287;4178;DE94E;Osnabrück, Landkreis;Niedersachsen;2019-01-01;2019-12-31;110;2019
675;C230R206;230;206;4179;DE937;Rotenburg (Wümme);Niedersachsen;2019-01-01;2019-12-31;110;2019
676;C236R37;236;37;4180;DEF0C;Schleswig-Flensburg;Schleswig-Holstein;2019-01-01;2019-12-31;108;2019
677;C101R295;101;295;4181;DE949;Emsland;Niedersachsen;2019-01-01;2019-12-31;116;2019
678;C290R471;290;471;4182;DEG0R;Wartburgkreis;Thüringen;2019-01-01;2019-12-31;114;2019
679;C364R722;364;722;4183;DE276;Augsburg, Landkreis;Bayern;2019-01-01;2019-12-31;110;2019
680;C133R260;133;260;4184;DE948;Cloppenburg;Niedersachsen;2019-01-01;2019-12-31;108;2019
681;C365R252;365;252;4185;DEE04;Altmarkkreis Salzwedel;Sachsen-Anhalt;2019-01-01;2019-12-31;120;2019
682;C539R417;539;417;4186;DED2E;Meißen;Sachsen;2019-01-01;2019-12-31;115;2019
683;C487R448;487;448;4187;DED43;Mittelsachsen;Sachsen;2019-01-01;2019-12-31;116;2019
684;C214R235;214;235;4188;DE93B;Verden;Niedersachsen;2019-01-01;2019-12-31;132;2019
685;C177R373;177;373;4189;DEA5B;Soest;Nordrhein-Westfalen;2019-01-01;2019-12-31;107;2019
686;C510R669;510;669;4190;DE229;Regen;Bayern;2019-01-01;2019-12-31;115;2019
687;C235R46;235;46;4191;DEF0C;Schleswig-Flensburg;Schleswig-Holstein;2019-01-01;2019-12-31;108;2019
688;C528R701;528;701;4192;DE228;Passau, Landkreis;Bayern;2019-01-01;2019-12-31;115;2019
689;C470R600;470;600;4193;DE237;Neustadt a. d. Waldnaab;Bayern;2019-01-01;2019-12-31;114;2019
690;C468R607;468;607;4194;DE237;Neustadt a. d. Waldnaab;Bayern;2019-01-01;2019-12-31;114;2019
691;C495R492;495;492;4195;DED42;Erzgebirgskreis;Sachsen;2019-01-01;2019-12-31;130;2019
692;C229R88;229;88;4196;DEF05;Dithmarschen;Schleswig-Holstein;2019-01-01;2019-12-31;122;2019
693;C381R540;381;540;4197;DE24A;Kronach;Bayern;2019-01-01;2019-12-31;110;2019
694;C306R761;306;761;4198;DE279;Neu-Ulm;Bayern;2019-01-01;2019-12-31;107;2019
695;C229R801;229;801;4199;DE149;Sigmaringen;Baden-Württemberg;2019-01-01;2019-12-31;133;2019
696;C541R365;541;365;4200;DE407;Elbe-Elster;Brandenburg;2019-01-01;2019-12-31;114;2019
697;C264R90;264;90;4201;DEF0B;Rendsburg-Eckernförde;Schleswig-Holstein;2019-01-01;2019-12-31;110;2019
698;C307R182;307;182;4202;DE933;Harburg;Niedersachsen;2019-01-01;2019-12-31;109;2019
699;C240R215;240;215;4204;DE937;Rotenburg (Wümme);Niedersachsen;2019-01-01;2019-12-31;110;2019
700;C376R233;376;233;4205;DE934;Lüchow-Dannenberg;Niedersachsen;2019-01-01;2019-12-31;120;2019
701;C88R531;88;531;4206;DEB1C;Cochem-Zell;Rheinland-Pfalz;2019-01-01;2019-12-31;107;2019
702;C227R383;227;383;4208;DEA44;Höxter;Nordrhein-Westfalen;2019-01-01;2019-12-31;114;2019
703;C535R149;535;149;4209;DE80N;Vorpommern-Greifswald;Mecklenburg-Vorpommern;2019-01-01;2019-12-31;113;2019
704;C21R541;21;541;4210;DEB23;Eifelkreis Bitburg-Prüm;Rheinland-Pfalz;2019-01-01;2019-12-31;110;2019
705;C281R49;281;49;4211;DEF0B;Rendsburg-Eckernförde;Schleswig-Holstein;2019-01-01;2019-12-31;116;2019
706;C298R102;298;102;4212;DEF0A;Plön;Schleswig-Holstein;2019-01-01;2019-12-31;117;2019
707;C140R223;140;223;4213;DE948;Cloppenburg;Niedersachsen;2019-01-01;2019-12-31;107;2019
708;C262R36;262;36;4214;DEF0C;Schleswig-Flensburg;Schleswig-Holstein;2019-01-01;2019-12-31;116;2019
709;C429R190;429;190;4215;DE40F;Prignitz;Brandenburg;2019-01-01;2019-12-31;100;2019
710;C435R649;435;649;4216;DE238;Regensburg, Landkreis;Bayern;2019-01-01;2019-12-31;110;2019
711;C346R171;346;171;4217;DE80O;Ludwigslust-Parchim;Mecklenburg-Vorpommern;2019-01-01;2019-12-31;113;2019
712;C380R795;380;795;4218;DE21N;Weilheim-Schongau;Bayern;2019-01-01;2019-12-31;115;2019
713;C427R200;427;200;4219;DE40F;Prignitz;Brandenburg;2019-01-01;2019-12-31;100;2019
714;C423R752;423;752;4220;DE21H;München, Landkreis;Bayern;2019-01-01;2019-12-31;119;2019
715;C88R328;88;328;4221;DEA34;Borken;Nordrhein-Westfalen;2019-01-01;2019-12-31;103;2019
716;C352R141;352;141;4222;DE80M;Nordwestmecklenburg;Mecklenburg-Vorpommern;2019-01-01;2019-12-31;114;2019
717;C412R375;412;375;4223;DEE0C;Salzlandkreis;Sachsen-Anhalt;2019-01-01;2019-12-31;100;2019
718;C603R321;603;321;4224;DE40C;Oder-Spree;Brandenburg;2019-01-01;2019-12-31;107;2019
719;C281R32;281;32;4225;DEF0C;Schleswig-Flensburg;Schleswig-Holstein;2019-01-01;2019-12-31;116;2019
720;C260R818;260;818;4226;DE147;Bodenseekreis;Baden-Württemberg;2019-01-01;2019-12-31;110;2019
721;C264R486;264;486;4227;DE732;Fulda;Hessen;2019-01-01;2019-12-31;114;2019
722;C290R709;290;709;4228;DE114;Göppingen;Baden-Württemberg;2019-01-01;2019-12-31;135;2019
723;C99R615;99;615;4229;DEB3G;Kusel;Rheinland-Pfalz;2019-01-01;2019-12-31;126;2019
724;C271R569;271;569;4230;DE26A;Main-Spessart;Bayern;2019-01-01;2019-12-31;105;2019
725;C395R754;395;754;4231;DE217;Dachau;Bayern;2019-01-01;2019-12-31;101;2019
726;C398R561;398;561;4232;DE246;Bayreuth, Landkreis;Bayern;2019-01-01;2019-12-31;110;2019
727;C501R633;501;633;4234;DE235;Cham;Bayern;2019-01-01;2019-12-31;109;2019
728;C441R338;441;338;4235;DEE05;Anhalt-Bitterfeld;Sachsen-Anhalt;2019-01-01;2019-12-31;115;2019
729;C388R265;388;265;4236;DEE0D;Stendal;Sachsen-Anhalt;2019-01-01;2019-12-31;110;2019
730;C185R266;185;266;4237;DE922;Diepholz;Niedersachsen;2019-01-01;2019-12-31;106;2019
731;C198R150;198;150;4238;DE932;Cuxhaven;Niedersachsen;2019-01-01;2019-12-31;110;2019
732;C426R385;426;385;4239;DEE0B;Saalekreis;Sachsen-Anhalt;2019-01-01;2019-12-31;100;2019
733;C407R283;407;283;4240;DEE0D;Stendal;Sachsen-Anhalt;2019-01-01;2019-12-31;98;2019
734;C355R167;355;167;4241;DE80O;Ludwigslust-Parchim;Mecklenburg-Vorpommern;2019-01-01;2019-12-31;126;2019
735;C155R229;155;229;4242;DE948;Cloppenburg;Niedersachsen;2019-01-01;2019-12-31;126;2019
736;C183R805;183;805;4243;DE136;Schwarzwald-Baar-Kreis;Baden-Württemberg;2019-01-01;2019-12-31;114;2019
737;C274R634;274;634;4244;DE119;Hohenlohekreis;Baden-Württemberg;2019-01-01;2019-12-31;108;2019
738;C298R608;298;608;4245;DE25A;Neustadt a. d. Aisch-Bad Windsheim;Bayern;2019-01-01;2019-12-31;106;2019
739;C121R282;121;282;4246;DE949;Emsland;Niedersachsen;2019-01-01;2019-12-31;120;2019
740;C416R544;416;544;4247;DE249;Hof, Landkreis;Bayern;2019-01-01;2019-12-31;111;2019
741;C402R785;402;785;4248;DE216;Bad Tölz-Wolfratshausen;Bayern;2019-01-01;2019-12-31;110;2019
742;C231R137;231;137;4249;DE939;Stade;Niedersachsen;2019-01-01;2019-12-31;110;2019
743;C161R337;161;337;4250;DEA42;Gütersloh;Nordrhein-Westfalen;2019-01-01;2019-12-31;114;2019
744;C88R313;88;313;4251;DEA34;Borken;Nordrhein-Westfalen;2019-01-01;2019-12-31;115;2019
745;C344R659;344;659;4252;DE25C;Weißenburg-Gunzenhausen;Bayern;2019-01-01;2019-12-31;119;2019
746;C481R770;481;770;4253;DE21M;Traunstein;Bayern;2019-01-01;2019-12-31;107;2019
747;C288R645;288;645;4254;DE11A;Schwäbisch Hall;Baden-Württemberg;2019-01-01;2019-12-31;113;2019
748;C541R145;541;145;4255;DE80N;Vorpommern-Greifswald;Mecklenburg-Vorpommern;2019-01-01;2019-12-31;113;2019
749;C543R156;543;156;4256;DE80N;Vorpommern-Greifswald;Mecklenburg-Vorpommern;2019-01-01;2019-12-31;113;2019
750;C398R386;398;386;4257;DEE0A;Mansfeld-Südharz;Sachsen-Anhalt;2019-01-01;2019-12-31;100;2019
751;C216R266;216;266;4258;DE922;Diepholz;Niedersachsen;2019-01-01;2019-12-31;113;2019
752;C131R161;131;161;4259;DE94H;Wittmund;Niedersachsen;2019-01-01;2019-12-31;122;2019
753;C405R638;405;638;4260;DE236;Neumarkt i. d. OPf.;Bayern;2019-01-01;2019-12-31;123;2019
754;C448R500;448;500;4261;DED44;Vogtlandkreis;Sachsen;2019-01-01;2019-12-31;114;2019
755;C432R512;432;512;4262;DED44;Vogtlandkreis;Sachsen;2019-01-01;2019-12-31;114;2019
756;C335R770;335;770;4263;DE27C;Unterallgäu;Bayern;2019-01-01;2019-12-31;113;2019
757;C248R115;248;115;4264;DEF0E;Steinburg;Schleswig-Holstein;2019-01-01;2019-12-31;110;2019
758;C412R367;412;367;4265;DEE0C;Salzlandkreis;Sachsen-Anhalt;2019-01-01;2019-12-31;108;2019
759;C489R757;489;757;4266;DE214;Altötting;Bayern;2019-01-01;2019-12-31;102;2019
760;C317R127;317;127;4267;DEF0D;Segeberg;Schleswig-Holstein;2019-01-01;2019-12-31;113;2019
761;C280R204;280;204;4268;DE933;Harburg;Niedersachsen;2019-01-01;2019-12-31;106;2019
762;C374R665;374;665;4269;DE25C;Weißenburg-Gunzenhausen;Bayern;2019-01-01;2019-12-31;110;2019
763;C172R333;172;333;4270;DEA42;Gütersloh;Nordrhein-Westfalen;2019-01-01;2019-12-31;115;2019
764;C480R703;480;703;4271;DE22C;Dingolfing-Landau;Bayern;2019-01-01;2019-12-31;105;2019
765;C184R751;184;751;4272;DE135;Rottweil;Baden-Württemberg;2019-01-01;2019-12-31;137;2019
766;C466R489;466;489;4273;DED45;Zwickau;Sachsen;2019-01-01;2019-12-31;116;2019
767;C217R266;217;266;4274;DE922;Diepholz;Niedersachsen;2019-01-01;2019-12-31;113;2019
768;C236R489;236;489;4275;DE725;Vogelsbergkreis;Hessen;2019-01-01;2019-12-31;108;2019
769;C140R322;140;322;4276;DEA37;Steinfurt;Nordrhein-Westfalen;2019-01-01;2019-12-31;119;2019
770;C470R438;470;438;4277;DED52;Leipzig;Sachsen;2019-01-01;2019-12-31;105;2019
771;C438R185;438;185;4278;DE80O;Ludwigslust-Parchim;Mecklenburg-Vorpommern;2019-01-01;2019-12-31;101;2019
772;C237R76;237;76;4279;DEF0C;Schleswig-Flensburg;Schleswig-Holstein;2019-01-01;2019-12-31;122;2019
773;C69R344;69;344;4280;DEA34;Borken;Nordrhein-Westfalen;2019-01-01;2019-12-31;106;2019
774;C150R227;150;227;4281;DE948;Cloppenburg;Niedersachsen;2019-01-01;2019-12-31;107;2019
775;C59R476;59;476;4282;DEA27;Rhein-Erft-Kreis;Nordrhein-Westfalen;2019-01-01;2019-12-31;107;2019
776;C270R316;270;316;4283;DE929;Region Hannover;Niedersachsen;2019-01-01;2019-12-31;115;2019
777;C270R100;270;100;4284;DEF0B;Rendsburg-Eckernförde;Schleswig-Holstein;2019-01-01;2019-12-31;110;2019
778;C155R355;155;355;4285;DEA38;Warendorf;Nordrhein-Westfalen;2019-01-01;2019-12-31;114;2019
779;C227R27;227;27;4286;DEF0C;Schleswig-Flensburg;Schleswig-Holstein;2019-01-01;2019-12-31;112;2019
780;C288R197;288;197;4287;DE933;Harburg;Niedersachsen;2019-01-01;2019-12-31;106;2019
781;C545R682;545;682;4288;DE225;Freyung-Grafenau;Bayern;2019-01-01;2019-12-31;115;2019
782;C114R800;114;800;4289;DE132;Breisgau-Hochschwarzwald;Baden-Württemberg;2019-01-01;2019-12-31;110;2019
783;C70R352;70;352;4290;DEA34;Borken;Nordrhein-Westfalen;2019-01-01;2019-12-31;106;2019
784;C107R465;107;465;4291;DEA2C;Rhein-Sieg-Kreis;Nordrhein-Westfalen;2019-01-01;2019-12-31;111;2019
785;C233R34;233;34;4292;DEF0C;Schleswig-Flensburg;Schleswig-Holstein;2019-01-01;2019-12-31;108;2019
786;C541R701;541;701;4293;DE228;Passau, Landkreis;Bayern;2019-01-01;2019-12-31;112;2019
787;C533R408;533;408;4294;DED2E;Meißen;Sachsen;2019-01-01;2019-12-31;115;2019
788;C159R228;159;228;4295;DE948;Cloppenburg;Niedersachsen;2019-01-01;2019-12-31;126;2019
789;C90R343;90;343;4296;DEA35;Coesfeld;Nordrhein-Westfalen;2019-01-01;2019-12-31;106;2019
790;C239R774;239;774;4297;DE149;Sigmaringen;Baden-Württemberg;2019-01-01;2019-12-31;115;2019
791;C162R654;162;654;4298;DEB3H;Südliche Weinstraße;Rheinland-Pfalz;2019-01-01;2019-12-31;108;2019
792;C48R431;48;431;4299;DEA1D;Rhein-Kreis Neuss;Nordrhein-Westfalen;2019-01-01;2019-12-31;113;2019
793;C241R123;241;123;4300;DEF0E;Steinburg;Schleswig-Holstein;2019-01-01;2019-12-31;113;2019
794;C151R192;151;192;4301;DE94A;Friesland (DE);Niedersachsen;2019-01-01;2019-12-31;110;2019
795;C61R553;61;553;4302;DEB22;Bernkastel-Wittlich;Rheinland-Pfalz;2019-01-01;2019-12-31;127;2019
796;C231R31;231;31;4303;DEF0C;Schleswig-Flensburg;Schleswig-Holstein;2019-01-01;2019-12-31;112;2019
797;C235R93;235;93;4304;DEF05;Dithmarschen;Schleswig-Holstein;2019-01-01;2019-12-31;107;2019
798;C409R632;409;632;4305;DE236;Neumarkt i. d. OPf.;Bayern;2019-01-01;2019-12-31;123;2019
799;C485R739;485;739;4306;DE21G;Mühldorf a. Inn;Bayern;2019-01-01;2019-12-31;103;2019
800;C331R528;331;528;4307;DE266;Rhön-Grabfeld;Bayern;2019-01-01;2019-12-31;102;2019
801;C120R206;120;206;4308;DE94C;Leer;Niedersachsen;2019-01-01;2019-12-31;116;2019
802;C112R223;112;223;4309;DE949;Emsland;Niedersachsen;2019-01-01;2019-12-31;110;2019
803;C147R223;147;223;4310;DE948;Cloppenburg;Niedersachsen;2019-01-01;2019-12-31;107;2019
804;C472R277;472;277;4311;DE40E;Potsdam-Mittelmark;Brandenburg;2019-01-01;2019-12-31;108;2019
805;C171R372;171;372;4312;DEA5B;Soest;Nordrhein-Westfalen;2019-01-01;2019-12-31;107;2019
806;C535R181;535;181;4313;DE40I;Uckermark;Brandenburg;2019-01-01;2019-12-31;108;2019
807;C138R713;138;713;4314;DE134;Ortenaukreis;Baden-Württemberg;2019-01-01;2019-12-31;108;2019
808;C67R362;67;362;4315;DEA34;Borken;Nordrhein-Westfalen;2019-01-01;2019-12-31;119;2019
809;C109R300;109;300;4316;DE949;Emsland;Niedersachsen;2019-01-01;2019-12-31;116;2019
810;C103R382;103;382;4317;DEA36;Recklinghausen;Nordrhein-Westfalen;2019-01-01;2019-12-31;110;2019
811;C35R374;35;374;4318;DEA1B;Kleve;Nordrhein-Westfalen;2019-01-01;2019-12-31;108;2019
812;C270R76;270;76;4319;DEF0B;Rendsburg-Eckernförde;Schleswig-Holstein;2019-01-01;2019-12-31;108;2019
813;C339R518;339;518;4320;DEG0E;Hildburghausen;Thüringen;2019-01-01;2019-12-31;109;2019
814;C455R386;455;386;4321;DED53;Nordsachsen;Sachsen;2019-01-01;2019-12-31;113;2019
815;C240R357;240;357;4322;DEA44;Höxter;Nordrhein-Westfalen;2019-01-01;2019-12-31;106;2019
816;C330R717;330;717;4324;DE277;Dillingen a.d. Donau;Bayern;2019-01-01;2019-12-31;103;2019
817;C161R272;161;272;4325;DE94F;Vechta;Niedersachsen;2019-01-01;2019-12-31;106;2019
818;C48R474;48;474;4326;DEA26;Düren;Nordrhein-Westfalen;2019-01-01;2019-12-31;107;2019
819;C624R448;624;448;4327;DED2D;Görlitz;Sachsen;2019-01-01;2019-12-31;105;2019
820;C417R478;417;478;4328;DEG0K;Saale-Orla-Kreis;Thüringen;2019-01-01;2019-12-31;107;2019
821;C502R470;502;470;4329;DED42;Erzgebirgskreis;Sachsen;2019-01-01;2019-12-31;130;2019
822;C35R379;35;379;4330;DEA1F;Wesel;Nordrhein-Westfalen;2019-01-01;2019-12-31;108;2019
823;C411R372;411;372;4331;DEE0C;Salzlandkreis;Sachsen-Anhalt;2019-01-01;2019-12-31;100;2019
824;C333R226;333;226;4332;DE93A;Uelzen;Niedersachsen;2019-01-01;2019-12-31;101;2019
825;C113R314;113;314;4333;DEA37;Steinfurt;Nordrhein-Westfalen;2019-01-01;2019-12-31;122;2019
826;C328R185;328;185;4334;DE80O;Ludwigslust-Parchim;Mecklenburg-Vorpommern;2019-01-01;2019-12-31;113;2019
827;C254R37;254;37;4335;DEF0C;Schleswig-Flensburg;Schleswig-Holstein;2019-01-01;2019-12-31;126;2019
828;C469R128;469;128;4336;DE80J;Mecklenburgische Seenplatte;Mecklenburg-Vorpommern;2019-01-01;2019-12-31;99;2019
829;C402R296;402;296;4337;DEE07;Börde;Sachsen-Anhalt;2019-01-01;2019-12-31;131;2019
830;C291R564;291;564;4338;DE26A;Main-Spessart;Bayern;2019-01-01;2019-12-31;107;2019
831;C543R724;543;724;4339;DE228;Passau, Landkreis;Bayern;2019-01-01;2019-12-31;106;2019
832;C318R530;318;530;4340;DE266;Rhön-Grabfeld;Bayern;2019-01-01;2019-12-31;102;2019
833;C105R314;105;314;4341;DEA37;Steinfurt;Nordrhein-Westfalen;2019-01-01;2019-12-31;116;2019
834;C306R436;306;436;4342;DEG0R;Wartburgkreis;Thüringen;2019-01-01;2019-12-31;115;2019
835;C500R733;500;733;4343;DE22A;Rottal-Inn;Bayern;2019-01-01;2019-12-31;109;2019
836;C306R139;306;139;4344;DEF0F;Stormarn;Schleswig-Holstein;2019-01-01;2019-12-31;113;2019
837;C288R253;288;253;4345;DE931;Celle;Niedersachsen;2019-01-01;2019-12-31;113;2019
838;C333R708;333;708;4346;DE277;Dillingen a.d. Donau;Bayern;2019-01-01;2019-12-31;108;2019
839;C504R466;504;466;4347;DED42;Erzgebirgskreis;Sachsen;2019-01-01;2019-12-31;130;2019
840;C451R755;451;755;4348;DE21A;Erding;Bayern;2019-01-01;2019-12-31;114;2019
841;C489R398;489;398;4349;DED52;Leipzig;Sachsen;2019-01-01;2019-12-31;94;2019
842;C590R409;590;409;4350;DED2C;Bautzen;Sachsen;2019-01-01;2019-12-31;110;2019
843;C378R127;378;127;4351;DE80M;Nordwestmecklenburg;Mecklenburg-Vorpommern;2019-01-01;2019-12-31;105;2019
844;C324R136;324;136;4352;DEF03;Lübeck, Kreisfreie Stadt;Schleswig-Holstein;2019-01-01;2019-12-31;113;2019
845;C149R336;149;336;4353;DEA38;Warendorf;Nordrhein-Westfalen;2019-01-01;2019-12-31;114;2019
846;C189R359;189;359;4354;DEA47;Paderborn;Nordrhein-Westfalen;2019-01-01;2019-12-31;119;2019
847;C476R121;476;121;4355;DE80J;Mecklenburgische Seenplatte;Mecklenburg-Vorpommern;2019-01-01;2019-12-31;99;2019
848;C429R197;429;197;4356;DE40F;Prignitz;Brandenburg;2019-01-01;2019-12-31;100;2019
849;C428R196;428;196;4357;DE40F;Prignitz;Brandenburg;2019-01-01;2019-12-31;100;2019
850;C447R135;447;135;4358;DE80K;Landkreis Rostock;Mecklenburg-Vorpommern;2019-01-01;2019-12-31;105;2019
851;C44R359;44;359;4360;DEA34;Borken;Nordrhein-Westfalen;2019-01-01;2019-12-31;119;2019
852;C122R350;122;350;4361;DEA33;Münster, Kreisfreie Stadt;Nordrhein-Westfalen;2019-01-01;2019-12-31;116;2019
853;C298R108;298;108;4362;DEF0A;Plön;Schleswig-Holstein;2019-01-01;2019-12-31;117;2019
854;C414R394;414;394;4363;DEE0B;Saalekreis;Sachsen-Anhalt;2019-01-01;2019-12-31;100;2019
855;C448R499;448;499;4364;DED44;Vogtlandkreis;Sachsen;2019-01-01;2019-12-31;114;2019
856;C312R94;312;94;4365;DEF0A;Plön;Schleswig-Holstein;2019-01-01;2019-12-31;116;2019
857;C175R369;175;369;4366;DEA42;Gütersloh;Nordrhein-Westfalen;2019-01-01;2019-12-31;107;2019
858;C194R145;194;145;4367;DE932;Cuxhaven;Niedersachsen;2019-01-01;2019-12-31;110;2019
859;C242R96;242;96;4368;DEF05;Dithmarschen;Schleswig-Holstein;2019-01-01;2019-12-31;122;2019
860;C237R336;237;336;4369;DE923;Hameln-Pyrmont;Niedersachsen;2019-01-01;2019-12-31;106;2019
861;C192R147;192;147;4370;DE932;Cuxhaven;Niedersachsen;2019-01-01;2019-12-31;110;2019
862;C231R662;231;662;4371;DE117;Heilbronn, Stadtkreis;Baden-Württemberg;2019-01-01;2019-12-31;108;2019
863;C228R53;228;53;4372;DEF07;Nordfriesland;Schleswig-Holstein;2019-01-01;2019-12-31;108;2019
864;C240R105;240;105;4373;DEF0B;Rendsburg-Eckernförde;Schleswig-Holstein;2019-01-01;2019-12-31;107;2019
865;C433R720;433;720;4374;DE21B;Freising;Bayern;2019-01-01;2019-12-31;107;2019
866;C86R357;86;357;4375;DEA34;Borken;Nordrhein-Westfalen;2019-01-01;2019-12-31;116;2019
867;C225R24;225;24;4376;DEF07;Nordfriesland;Schleswig-Holstein;2019-01-01;2019-12-31;112;2019
868;C525R101;525;101;4377;DE80N;Vorpommern-Greifswald;Mecklenburg-Vorpommern;2019-01-01;2019-12-31;122;2019
869;C334R743;334;743;4378;DE276;Augsburg, Landkreis;Bayern;2019-01-01;2019-12-31;113;2019
870;C411R149;411;149;4379;DE80O;Ludwigslust-Parchim;Mecklenburg-Vorpommern;2019-01-01;2019-12-31;117;2019
871;C301R83;301;83;4380;DEF0A;Plön;Schleswig-Holstein;2019-01-01;2019-12-31;116;2019
872;C231R39;231;39;4381;DEF0C;Schleswig-Flensburg;Schleswig-Holstein;2019-01-01;2019-12-31;108;2019
873;C227R644;227;644;4382;DE118;Heilbronn, Landkreis;Baden-Württemberg;2019-01-01;2019-12-31;106;2019
874;C235R102;235;102;4383;DEF05;Dithmarschen;Schleswig-Holstein;2019-01-01;2019-12-31;107;2019
875;C430R481;430;481;4384;DEG0L;Greiz;Thüringen;2019-01-01;2019-12-31;107;2019
876;C283R367;283;367;4385;DE918;Northeim;Niedersachsen;2019-01-01;2019-12-31;112;2019
877;C280R372;280;372;4386;DE918;Northeim;Niedersachsen;2019-01-01;2019-12-31;112;2019
878;C154R709;154;709;4387;DE124;Rastatt;Baden-Württemberg;2019-01-01;2019-12-31;110;2019
879;C514R386;514;386;4388;DE407;Elbe-Elster;Brandenburg;2019-01-01;2019-12-31;108;2019
880;C343R528;343;528;4389;DEG0E;Hildburghausen;Thüringen;2019-01-01;2019-12-31;109;2019
881;C422R449;422;449;4390;DEG0J;Saale-Holzland-Kreis;Thüringen;2019-01-01;2019-12-31;112;2019
882;C212R646;212;646;4391;DE128;Rhein-Neckar-Kreis;Baden-Württemberg;2019-01-01;2019-12-31;108;2019
883;C307R647;307;647;4392;DE256;Ansbach, Landkreis;Bayern;2019-01-01;2019-12-31;116;2019
884;C261R39;261;39;4393;DEF0C;Schleswig-Flensburg;Schleswig-Holstein;2019-01-01;2019-12-31;116;2019
885;C396R450;396;450;4394;DEG0G;Weimarer Land;Thüringen;2019-01-01;2019-12-31;108;2019
886;C16R469;16;469;4395;DEA2D;Städteregion Aachen;Nordrhein-Westfalen;2019-01-01;2019-12-31;106;2019
887;C113R213;113;213;4396;DE94C;Leer;Niedersachsen;2019-01-01;2019-12-31;110;2019
888;C512R787;512;787;4397;DE215;Berchtesgadener Land;Bayern;2019-01-01;2019-12-31;107;2019
889;C288R729;288;729;4398;DE145;Alb-Donau-Kreis;Baden-Württemberg;2019-01-01;2019-12-31;124;2019
890;C440R604;440;604;4399;DE237;Neustadt a. d. Waldnaab;Bayern;2019-01-01;2019-12-31;107;2019
891;C492R784;492;784;4400;DE21M;Traunstein;Bayern;2019-01-01;2019-12-31;107;2019
892;C29R395;29;395;4401;DEA1B;Kleve;Nordrhein-Westfalen;2019-01-01;2019-12-31;106;2019
893;C526R724;526;724;4402;DE228;Passau, Landkreis;Bayern;2019-01-01;2019-12-31;109;2019
894;C78R379;78;379;4403;DEA31;Bottrop, Kreisfreie Stadt;Nordrhein-Westfalen;2019-01-01;2019-12-31;114;2019
895;C514R377;514;377;4404;DE407;Elbe-Elster;Brandenburg;2019-01-01;2019-12-31;108;2019
896;C95R351;95;351;4405;DEA35;Coesfeld;Nordrhein-Westfalen;2019-01-01;2019-12-31;116;2019
897;C241R46;241;46;4406;DEF0C;Schleswig-Flensburg;Schleswig-Holstein;2019-01-01;2019-12-31;115;2019
898;C304R611;304;611;4407;DE25A;Neustadt a. d. Aisch-Bad Windsheim;Bayern;2019-01-01;2019-12-31;106;2019
899;C103R217;103;217;4408;DE949;Emsland;Niedersachsen;2019-01-01;2019-12-31;110;2019
900;C363R166;363;166;4409;DE80O;Ludwigslust-Parchim;Mecklenburg-Vorpommern;2019-01-01;2019-12-31;126;2019
901;C84R323;84;323;4410;DEA34;Borken;Nordrhein-Westfalen;2019-01-01;2019-12-31;103;2019
902;C413R324;413;324;4411;DEE06;Jerichower Land;Sachsen-Anhalt;2019-01-01;2019-12-31;116;2019
903;C418R358;418;358;4412;DEE05;Anhalt-Bitterfeld;Sachsen-Anhalt;2019-01-01;2019-12-31;108;2019
904;C565R175;565;175;4413;DE40I;Uckermark;Brandenburg;2019-01-01;2019-12-31;123;2019
905;C423R123;423;123;4414;DE80K;Landkreis Rostock;Mecklenburg-Vorpommern;2019-01-01;2019-12-31;107;2019
906;C428R341;428;341;4415;DEE05;Anhalt-Bitterfeld;Sachsen-Anhalt;2019-01-01;2019-12-31;106;2019
907;C512R753;512;753;4416;DE22A;Rottal-Inn;Bayern;2019-01-01;2019-12-31;110;2019
908;C41R573;41;573;4417;DEB23;Eifelkreis Bitburg-Prüm;Rheinland-Pfalz;2019-01-01;2019-12-31;127;2019
909;C426R205;426;205;4418;DE40F;Prignitz;Brandenburg;2019-01-01;2019-12-31;100;2019
910;C229R451;229;451;4419;DE735;Schwalm-Eder-Kreis;Hessen;2019-01-01;2019-12-31;108;2019
911;C98R466;98;466;4420;DEA2C;Rhein-Sieg-Kreis;Nordrhein-Westfalen;2019-01-01;2019-12-31;111;2019
912;C479R453;479;453;4421;DED43;Mittelsachsen;Sachsen;2019-01-01;2019-12-31;116;2019
913;C355R592;355;592;4422;DE257;Erlangen-Höchstadt;Bayern;2019-01-01;2019-12-31;122;2019
914;C330R114;330;114;4423;DEF08;Ostholstein;Schleswig-Holstein;2019-01-01;2019-12-31;112;2019
915;C46R558;46;558;4424;DEB23;Eifelkreis Bitburg-Prüm;Rheinland-Pfalz;2019-01-01;2019-12-31;127;2019
916;C355R584;355;584;4425;DE245;Bamberg, Landkreis;Bayern;2019-01-01;2019-12-31;114;2019
917;C500R477;500;477;4426;DED42;Erzgebirgskreis;Sachsen;2019-01-01;2019-12-31;130;2019
918;C560R136;560;136;4428;DE80N;Vorpommern-Greifswald;Mecklenburg-Vorpommern;2019-01-01;2019-12-31;113;2019
919;C352R190;352;190;4429;DE80O;Ludwigslust-Parchim;Mecklenburg-Vorpommern;2019-01-01;2019-12-31;113;2019
920;C396R555;396;555;4430;DE24B;Kulmbach;Bayern;2019-01-01;2019-12-31;110;2019
921;C279R384;279;384;4431;DE91C;Göttingen;Niedersachsen;2019-01-01;2019-12-31;121;2019
922;C498R59;498;59;4432;DE80L;Vorpommern-Rügen;Mecklenburg-Vorpommern;2019-01-01;2019-12-31;117;2019
923;C275R482;275;482;4433;DE732;Fulda;Hessen;2019-01-01;2019-12-31;114;2019
924;C123R285;123;285;4434;DE949;Emsland;Niedersachsen;2019-01-01;2019-12-31;110;2019
925;C363R145;363;145;4435;DE80M;Nordwestmecklenburg;Mecklenburg-Vorpommern;2019-01-01;2019-12-31;112;2019
926;C414R115;414;115;4436;DE80K;Landkreis Rostock;Mecklenburg-Vorpommern;2019-01-01;2019-12-31;107;2019
927;C162R389;162;389;4437;DEA5B;Soest;Nordrhein-Westfalen;2019-01-01;2019-12-31;107;2019
928;C260R475;260;475;4438;DE733;Hersfeld-Rotenburg;Hessen;2019-01-01;2019-12-31;121;2019
929;C243R438;243;438;4439;DE735;Schwalm-Eder-Kreis;Hessen;2019-01-01;2019-12-31;103;2019
930;C234R35;234;35;4440;DEF0C;Schleswig-Flensburg;Schleswig-Holstein;2019-01-01;2019-12-31;108;2019
931;C513R321;513;321;4441;DE40H;Teltow-Fläming;Brandenburg;2019-01-01;2019-12-31;105;2019
932;C345R621;345;621;4442;DE258;Fürth, Landkreis;Bayern;2019-01-01;2019-12-31;112;2019
933;C343R531;343;531;4443;DEG0E;Hildburghausen;Thüringen;2019-01-01;2019-12-31;109;2019
934;C38R576;38;576;4444;DEB23;Eifelkreis Bitburg-Prüm;Rheinland-Pfalz;2019-01-01;2019-12-31;127;2019
935;C216R254;216;254;4445;DE922;Diepholz;Niedersachsen;2019-01-01;2019-12-31;113;2019
936;C382R469;382;469;4446;DEG0G;Weimarer Land;Thüringen;2019-01-01;2019-12-31;115;2019
937;C226R47;226;47;4447;DEF07;Nordfriesland;Schleswig-Holstein;2019-01-01;2019-12-31;108;2019
938;C377R322;377;322;4448;DEE07;Börde;Sachsen-Anhalt;2019-01-01;2019-12-31;110;2019
939;C274R71;274;71;4449;DEF0B;Rendsburg-Eckernförde;Schleswig-Holstein;2019-01-01;2019-12-31;108;2019
940;C90R353;90;353;4450;DEA35;Coesfeld;Nordrhein-Westfalen;2019-01-01;2019-12-31;116;2019
941;C34R542;34;542;4451;DEB23;Eifelkreis Bitburg-Prüm;Rheinland-Pfalz;2019-01-01;2019-12-31;110;2019
942;C245R106;245;106;4452;DEF0B;Rendsburg-Eckernförde;Schleswig-Holstein;2019-01-01;2019-12-31;110;2019
943;C358R133;358;133;4453;DE80M;Nordwestmecklenburg;Mecklenburg-Vorpommern;2019-01-01;2019-12-31;114;2019
944;C397R360;397;360;4454;DEE0C;Salzlandkreis;Sachsen-Anhalt;2019-01-01;2019-12-31;106;2019
945;C544R384;544;384;4455;DE40B;Oberspreewald-Lausitz;Brandenburg;2019-01-01;2019-12-31;108;2019
946;C454R783;454;783;4456;DE21K;Rosenheim, Landkreis;Bayern;2019-01-01;2019-12-31;113;2019
947;C428R730;428;730;5920;DE21B;Freising;Bayern;2020-01-01;2020-12-31;107;2020
948;C137R355;137;355;5921;DEA38;Warendorf;Nordrhein-Westfalen;2020-01-01;2020-12-31;107;2020
949;C331R634;331;634;5922;DE256;Ansbach, Landkreis;Bayern;2020-01-01;2020-12-31;106;2020
950;C386R451;386;451;5924;DEG05;Weimar, Kreisfreie Stadt;Thüringen;2020-01-01;2020-12-31;107;2020
951;C267R102;267;102;5925;DEF0B;Rendsburg-Eckernförde;Schleswig-Holstein;2020-01-01;2020-12-31;112;2020
952;C375R611;375;611;5926;DE257;Erlangen-Höchstadt;Bayern;2020-01-01;2020-12-31;108;2020
953;C315R781;315;781;5927;DE27C;Unterallgäu;Bayern;2020-01-01;2020-12-31;115;2020
954;C476R749;476;749;5928;DE21G;Mühldorf a. Inn;Bayern;2020-01-01;2020-12-31;107;2020
955;C460R741;460;741;5929;DE227;Landshut, Landkreis;Bayern;2020-01-01;2020-12-31;99;2020
956;C101R319;101;319;5930;DEA37;Steinfurt;Nordrhein-Westfalen;2020-01-01;2020-12-31;111;2020
957;C352R532;352;532;5931;DE247;Coburg, Landkreis;Bayern;2020-01-01;2020-12-31;100;2020
958;C495R105;495;105;5932;DE80L;Vorpommern-Rügen;Mecklenburg-Vorpommern;2020-01-01;2020-12-31;101;2020
959;C385R332;385;332;5933;DEE07;Börde;Sachsen-Anhalt;2020-01-01;2020-12-31;106;2020
960;C112R169;112;169;5934;DE947;Aurich;Niedersachsen;2020-01-01;2020-12-31;114;2020
961;C223R155;223;155;5935;DE932;Cuxhaven;Niedersachsen;2020-01-01;2020-12-31;108;2020
962;C253R70;253;70;5936;DEF0C;Schleswig-Flensburg;Schleswig-Holstein;2020-01-01;2020-12-31;111;2020
963;C153R279;153;279;5937;DE94E;Osnabrück, Landkreis;Niedersachsen;2020-01-01;2020-12-31;104;2020
964;C294R135;294;135;5938;DEF0D;Segeberg;Schleswig-Holstein;2020-01-01;2020-12-31;107;2020
965;C401R353;401;353;5939;DEE0C;Salzlandkreis;Sachsen-Anhalt;2020-01-01;2020-12-31;106;2020
966;C237R55;237;55;5940;DEF07;Nordfriesland;Schleswig-Holstein;2020-01-01;2020-12-31;89;2020
967;C24R559;24;559;5941;DEB23;Eifelkreis Bitburg-Prüm;Rheinland-Pfalz;2020-01-01;2020-12-31;118;2020
968;C33R537;33;537;5942;DEB23;Eifelkreis Bitburg-Prüm;Rheinland-Pfalz;2020-01-01;2020-12-31;109;2020
969;C235R40;235;40;5943;DEF0C;Schleswig-Flensburg;Schleswig-Holstein;2020-01-01;2020-12-31;104;2020
970;C423R303;423;303;5944;DEE06;Jerichower Land;Sachsen-Anhalt;2020-01-01;2020-12-31;112;2020
971;C228R23;228;23;5945;DEF0C;Schleswig-Flensburg;Schleswig-Holstein;2020-01-01;2020-12-31;108;2020
972;C100R333;100;333;5946;DEA35;Coesfeld;Nordrhein-Westfalen;2020-01-01;2020-12-31;99;2020
973;C117R249;117;249;5947;DE949;Emsland;Niedersachsen;2020-01-01;2020-12-31;105;2020
974;C222R163;222;163;5948;DE932;Cuxhaven;Niedersachsen;2020-01-01;2020-12-31;113;2020
975;C331R418;331;418;5950;DEG09;Unstrut-Hainich-Kreis;Thüringen;2020-01-01;2020-12-31;98;2020
976;C358R522;358;522;5951;DE247;Coburg, Landkreis;Bayern;2020-01-01;2020-12-31;138;2020
977;C137R216;137;216;5952;DE948;Cloppenburg;Niedersachsen;2020-01-01;2020-12-31;101;2020
978;C428R532;428;532;5953;DE249;Hof, Landkreis;Bayern;2020-01-01;2020-12-31;112;2020
979;C454R600;454;600;5954;DE237;Neustadt a. d. Waldnaab;Bayern;2020-01-01;2020-12-31;106;2020
980;C400R229;400;229;5956;DEE0D;Stendal;Sachsen-Anhalt;2020-01-01;2020-12-31;105;2020
981;C439R780;439;780;5957;DE218;Ebersberg;Bayern;2020-01-01;2020-12-31;115;2020
982;C228R42;228;42;5958;DEF07;Nordfriesland;Schleswig-Holstein;2020-01-01;2020-12-31;104;2020
983;C487R474;487;474;5959;DED42;Erzgebirgskreis;Sachsen;2020-01-01;2020-12-31;110;2020
984;C423R192;423;192;5960;DE40F;Prignitz;Brandenburg;2020-01-01;2020-12-31;110;2020
985;C293R553;293;553;5961;DE26B;Schweinfurt, Landkreis;Bayern;2020-01-01;2020-12-31;108;2020
986;C213R562;213;562;5962;DE71C;Offenbach, Landkreis;Hessen;2020-01-01;2020-12-31;127;2020
987;C169R503;169;503;5963;DE722;Lahn-Dill-Kreis;Hessen;2020-01-01;2020-12-31;129;2020
988;C250R59;250;59;5964;DEF0C;Schleswig-Flensburg;Schleswig-Holstein;2020-01-01;2020-12-31;89;2020
989;C434R379;434;379;5965;DEE05;Anhalt-Bitterfeld;Sachsen-Anhalt;2020-01-01;2020-12-31;104;2020
990;C424R531;424;531;5966;DE249;Hof, Landkreis;Bayern;2020-01-01;2020-12-31;112;2020
991;C137R227;137;227;5967;DE948;Cloppenburg;Niedersachsen;2020-01-01;2020-12-31;101;2020
992;C526R162;526;162;5968;DE80J;Mecklenburgische Seenplatte;Mecklenburg-Vorpommern;2020-01-01;2020-12-31;99;2020
993;C480R646;480;646;5969;DE235;Cham;Bayern;2020-01-01;2020-12-31;113;2020
994;C349R458;349;458;5970;DEG0C;Gotha;Thüringen;2020-01-01;2020-12-31;98;2020
995;C169R325;169;325;5971;DE94E;Osnabrück, Landkreis;Niedersachsen;2020-01-01;2020-12-31;107;2020
996;C136R228;136;228;5972;DE948;Cloppenburg;Niedersachsen;2020-01-01;2020-12-31;101;2020
997;C370R250;370;250;5973;DEE04;Altmarkkreis Salzwedel;Sachsen-Anhalt;2020-01-01;2020-12-31;112;2020
998;C323R495;323;495;5974;DEG0Q;Schmalkalden-Meiningen;Thüringen;2020-01-01;2020-12-31;106;2020
999;C212R705;212;705;5975;DE112;Böblingen;Baden-Württemberg;2020-01-01;2020-12-31;110;2020
1000;C284R737;284;737;5976;DE145;Alb-Donau-Kreis;Baden-Württemberg;2020-01-01;2020-12-31;114;2020
1001;C273R318;273;318;5977;DE929;Region Hannover;Niedersachsen;2020-01-01;2020-12-31;113;2020
1002;C265R361;265;361;5978;DE918;Northeim;Niedersachsen;2020-01-01;2020-12-31;117;2020
1003;C257R459;257;459;5979;DE733;Hersfeld-Rotenburg;Hessen;2020-01-01;2020-12-31;114;2020
1004;C152R190;152;190;5980;DE94A;Friesland (DE);Niedersachsen;2020-01-01;2020-12-31;108;2020
1005;C357R351;357;351;5981;DEE09;Harz;Sachsen-Anhalt;2020-01-01;2020-12-31;120;2020
1006;C243R39;243;39;5982;DEF0C;Schleswig-Flensburg;Schleswig-Holstein;2020-01-01;2020-12-31;133;2020
1007;C256R49;256;49;5983;DEF0C;Schleswig-Flensburg;Schleswig-Holstein;2020-01-01;2020-12-31;89;2020
1008;C320R781;320;781;5984;DE27C;Unterallgäu;Bayern;2020-01-01;2020-12-31;115;2020
1009;C410R707;410;707;5985;DE21J;Pfaffenhofen a. d. Ilm;Bayern;2020-01-01;2020-12-31;110;2020
1010;C144R306;144;306;5986;DEA37;Steinfurt;Nordrhein-Westfalen;2020-01-01;2020-12-31;110;2020
1011;C262R249;262;249;5987;DE938;Heidekreis;Niedersachsen;2020-01-01;2020-12-31;112;2020
1012;C405R617;405;617;5988;DE259;Nürnberger Land;Bayern;2020-01-01;2020-12-31;125;2020
1013;C303R576;303;576;5989;DE26C;Würzburg, Landkreis;Bayern;2020-01-01;2020-12-31;105;2020
1014;C481R464;481;464;5990;DED45;Zwickau;Sachsen;2020-01-01;2020-12-31;118;2020
1015;C401R111;401;111;5991;DE80K;Landkreis Rostock;Mecklenburg-Vorpommern;2020-01-01;2020-12-31;111;2020
1016;C414R530;414;530;5992;DE249;Hof, Landkreis;Bayern;2020-01-01;2020-12-31;119;2020
1017;C114R820;114;820;5993;DE139;Lörrach;Baden-Württemberg;2020-01-01;2020-12-31;109;2020
1018;C236R31;236;31;5994;DEF0C;Schleswig-Flensburg;Schleswig-Holstein;2020-01-01;2020-12-31;133;2020
1019;C161R388;161;388;5995;DEA5B;Soest;Nordrhein-Westfalen;2020-01-01;2020-12-31;108;2020
1020;C273R138;273;138;5996;DEF09;Pinneberg;Schleswig-Holstein;2020-01-01;2020-12-31;108;2020
1021;C82R423;82;423;5998;DEA1A;Wuppertal, Kreisfreie Stadt;Nordrhein-Westfalen;2020-01-01;2020-12-31;100;2020
1022;C400R212;400;212;5999;DE40F;Prignitz;Brandenburg;2020-01-01;2020-12-31;105;2020
1023;C359R226;359;226;6000;DE934;Lüchow-Dannenberg;Niedersachsen;2020-01-01;2020-12-31;116;2020
1024;C499R477;499;477;6001;DED42;Erzgebirgskreis;Sachsen;2020-01-01;2020-12-31;125;2020
1025;C488R474;488;474;6002;DED42;Erzgebirgskreis;Sachsen;2020-01-01;2020-12-31;110;2020
1026;C481R395;481;395;6003;DED52;Leipzig;Sachsen;2020-01-01;2020-12-31;104;2020
1027;C184R796;184;796;6004;DE136;Schwarzwald-Baar-Kreis;Baden-Württemberg;2020-01-01;2020-12-31;113;2020
1028;C504R792;504;792;6005;DE215;Berchtesgadener Land;Bayern;2020-01-01;2020-12-31;107;2020
1029;C289R774;289;774;6006;DE146;Biberach;Baden-Württemberg;2020-01-01;2020-12-31;106;2020
1030;C349R164;349;164;6007;DE80O;Ludwigslust-Parchim;Mecklenburg-Vorpommern;2020-01-01;2020-12-31;120;2020
1031;C495R115;495;115;6008;DE80N;Vorpommern-Greifswald;Mecklenburg-Vorpommern;2020-01-01;2020-12-31;101;2020
1032;C512R178;512;178;6009;DE80J;Mecklenburgische Seenplatte;Mecklenburg-Vorpommern;2020-01-01;2020-12-31;99;2020
1033;C417R197;417;197;6010;DE40F;Prignitz;Brandenburg;2020-01-01;2020-12-31;110;2020
1034;C427R695;427;695;6011;DE226;Kelheim;Bayern;2020-01-01;2020-12-31;110;2020
1035;C221R179;221;179;6012;DE937;Rotenburg (Wümme);Niedersachsen;2020-01-01;2020-12-31;116;2020
1036;C239R788;239;788;6013;DE149;Sigmaringen;Baden-Württemberg;2020-01-01;2020-12-31;111;2020
1037;C416R176;416;176;6014;DE80O;Ludwigslust-Parchim;Mecklenburg-Vorpommern;2020-01-01;2020-12-31;110;2020
1038;C130R761;130;761;6015;DE133;Emmendingen;Baden-Württemberg;2020-01-01;2020-12-31;86;2020
1039;C584R269;584;269;6016;DE409;Märkisch-Oderland;Brandenburg;2020-01-01;2020-12-31;96;2020
1040;C201R136;201;136;6017;DE932;Cuxhaven;Niedersachsen;2020-01-01;2020-12-31;115;2020
1041;C167R375;167;375;6018;DEA38;Warendorf;Nordrhein-Westfalen;2020-01-01;2020-12-31;108;2020
1042;C236R391;236;391;6019;DEA44;Höxter;Nordrhein-Westfalen;2020-01-01;2020-12-31;113;2020
1043;C123R331;123;331;6020;DEA37;Steinfurt;Nordrhein-Westfalen;2020-01-01;2020-12-31;107;2020
1044;C349R665;349;665;6022;DE25C;Weißenburg-Gunzenhausen;Bayern;2020-01-01;2020-12-31;114;2020
1045;C389R646;389;646;6023;DE236;Neumarkt i. d. OPf.;Bayern;2020-01-01;2020-12-31;101;2020
1046;C425R759;425;759;6024;DE218;Ebersberg;Bayern;2020-01-01;2020-12-31;120;2020
1047;C280R235;280;235;6026;DE938;Heidekreis;Niedersachsen;2020-01-01;2020-12-31;100;2020
1048;C431R610;431;610;6027;DE234;Amberg-Sulzbach;Bayern;2020-01-01;2020-12-31;112;2020
1049;C160R307;160;307;6028;DE94E;Osnabrück, Landkreis;Niedersachsen;2020-01-01;2020-12-31;113;2020
1050;C87R337;87;337;6029;DEA34;Borken;Nordrhein-Westfalen;2020-01-01;2020-12-31;99;2020
1051;C67R268;67;268;6030;DE94B;Grafschaft Bentheim;Niedersachsen;2020-01-01;2020-12-31;117;2020
1052;C165R364;165;364;6031;DEA38;Warendorf;Nordrhein-Westfalen;2020-01-01;2020-12-31;99;2020
1053;C218R86;218;86;6032;DEF05;Dithmarschen;Schleswig-Holstein;2020-01-01;2020-12-31;107;2020
1054;C375R430;375;430;6033;DEG0D;Sömmerda;Thüringen;2020-01-01;2020-12-31;107;2020
1055;C199R264;199;264;6034;DE922;Diepholz;Niedersachsen;2020-01-01;2020-12-31;115;2020
1056;C136R245;136;245;6035;DE948;Cloppenburg;Niedersachsen;2020-01-01;2020-12-31;105;2020
1057;C262R227;262;227;6036;DE937;Rotenburg (Wümme);Niedersachsen;2020-01-01;2020-12-31;112;2020
1058;C314R622;314;622;6037;DE25A;Neustadt a. d. Aisch-Bad Windsheim;Bayern;2020-01-01;2020-12-31;114;2020
1059;C431R626;431;626;6038;DE234;Amberg-Sulzbach;Bayern;2020-01-01;2020-12-31;112;2020
1060;C114R298;114;298;6039;DE949;Emsland;Niedersachsen;2020-01-01;2020-12-31;111;2020
1061;C489R453;489;453;6040;DED43;Mittelsachsen;Sachsen;2020-01-01;2020-12-31;117;2020
1062;C435R753;435;753;6041;DE21A;Erding;Bayern;2020-01-01;2020-12-31;112;2020
1063;C284R69;284;69;6042;DEF0B;Rendsburg-Eckernförde;Schleswig-Holstein;2020-01-01;2020-12-31;106;2020
1064;C116R291;116;291;6043;DE949;Emsland;Niedersachsen;2020-01-01;2020-12-31;111;2020
1065;C183R287;183;287;6044;DEA46;Minden-Lübbecke;Nordrhein-Westfalen;2020-01-01;2020-12-31;114;2020
1066;C490R704;490;704;6045;DE22C;Dingolfing-Landau;Bayern;2020-01-01;2020-12-31;101;2020
1067;C432R585;432;585;6046;DE237;Neustadt a. d. Waldnaab;Bayern;2020-01-01;2020-12-31;108;2020
1068;C251R100;251;100;6047;DEF0B;Rendsburg-Eckernförde;Schleswig-Holstein;2020-01-01;2020-12-31;112;2020
1069;C102R249;102;249;6048;DE949;Emsland;Niedersachsen;2020-01-01;2020-12-31;105;2020
1070;C322R432;322;432;6049;DEG09;Unstrut-Hainich-Kreis;Thüringen;2020-01-01;2020-12-31;112;2020
1071;C201R251;201;251;6050;DE922;Diepholz;Niedersachsen;2020-01-01;2020-12-31;118;2020
1072;C386R182;386;182;6051;DE80O;Ludwigslust-Parchim;Mecklenburg-Vorpommern;2020-01-01;2020-12-31;110;2020
1073;C323R620;323;620;6052;DE25A;Neustadt a. d. Aisch-Bad Windsheim;Bayern;2020-01-01;2020-12-31;114;2020
1074;C528R466;528;466;6053;DED43;Mittelsachsen;Sachsen;2020-01-01;2020-12-31;110;2020
1075;C199R818;199;818;6054;DE138;Konstanz;Baden-Württemberg;2020-01-01;2020-12-31;120;2020
1076;C120R457;120;457;6055;DEA2A;Oberbergischer Kreis;Nordrhein-Westfalen;2020-01-01;2020-12-31;116;2020
1077;C245R108;245;108;6056;DEF0B;Rendsburg-Eckernförde;Schleswig-Holstein;2020-01-01;2020-12-31;112;2020
1078;C544R412;544;412;6057;DED2E;Meißen;Sachsen;2020-01-01;2020-12-31;124;2020
1079;C208R22;208;22;6058;DEF07;Nordfriesland;Schleswig-Holstein;2020-01-01;2020-12-31;108;2020
1080;C219R77;219;77;6059;DEF05;Dithmarschen;Schleswig-Holstein;2020-01-01;2020-12-31;118;2020
1081;C218R346;218;346;6060;DEA45;Lippe;Nordrhein-Westfalen;2020-01-01;2020-12-31;91;2020
1082;C292R575;292;575;6061;DE26C;Würzburg, Landkreis;Bayern;2020-01-01;2020-12-31;105;2020
1083;C136R225;136;225;6062;DE948;Cloppenburg;Niedersachsen;2020-01-01;2020-12-31;101;2020
1084;C372R742;372;742;6063;DE275;Aichach-Friedberg;Bayern;2020-01-01;2020-12-31;103;2020
1085;C287R340;287;340;6064;DE925;Hildesheim;Niedersachsen;2020-01-01;2020-12-31;109;2020
1086;C264R703;264;703;6065;DE114;Göppingen;Baden-Württemberg;2020-01-01;2020-12-31;105;2020
1087;C229R41;229;41;6066;DEF07;Nordfriesland;Schleswig-Holstein;2020-01-01;2020-12-31;104;2020
1088;C262R48;262;48;6067;DEF0C;Schleswig-Flensburg;Schleswig-Holstein;2020-01-01;2020-12-31;113;2020
1089;C235R517;235;517;6068;DE71E;Wetteraukreis;Hessen;2020-01-01;2020-12-31;122;2020
1090;C166R268;166;268;6069;DE94F;Vechta;Niedersachsen;2020-01-01;2020-12-31;118;2020
1091;C190R543;190;543;6070;DE718;Hochtaunuskreis;Hessen;2020-01-01;2020-12-31;110;2020
1092;C303R300;303;300;6071;DE91A;Peine;Niedersachsen;2020-01-01;2020-12-31;113;2020
1093;C484R377;484;377;6072;DED53;Nordsachsen;Sachsen;2020-01-01;2020-12-31;118;2020
1094;C371R453;371;453;6073;DEG0G;Weimarer Land;Thüringen;2020-01-01;2020-12-31;115;2020
1095;C202R24;202;24;6074;DEF07;Nordfriesland;Schleswig-Holstein;2020-01-01;2020-12-31;108;2020
1096;C140R195;140;195;6075;DE94C;Leer;Niedersachsen;2020-01-01;2020-12-31;101;2020
1097;C497R133;497;133;6076;DE80J;Mecklenburgische Seenplatte;Mecklenburg-Vorpommern;2020-01-01;2020-12-31;104;2020
1098;C238R275;238;275;6077;DE927;Nienburg (Weser);Niedersachsen;2020-01-01;2020-12-31;114;2020
1099;C225R216;225;216;6078;DE93B;Verden;Niedersachsen;2020-01-01;2020-12-31;117;2020
1100;C57R490;57;490;6079;DEA28;Euskirchen;Nordrhein-Westfalen;2020-01-01;2020-12-31;105;2020
1101;C563R708;563;708;6080;DE228;Passau, Landkreis;Bayern;2020-01-01;2020-12-31;108;2020
1102;C248R84;248;84;6081;DEF0B;Rendsburg-Eckernförde;Schleswig-Holstein;2020-01-01;2020-12-31;111;2020
1103;C419R443;419;443;6082;DEG0J;Saale-Holzland-Kreis;Thüringen;2020-01-01;2020-12-31;112;2020
1104;C220R19;220;19;6083;DEF07;Nordfriesland;Schleswig-Holstein;2020-01-01;2020-12-31;108;2020
1105;C333R212;333;212;6084;DE93A;Uelzen;Niedersachsen;2020-01-01;2020-12-31;110;2020
1106;C352R764;352;764;6085;DE276;Augsburg, Landkreis;Bayern;2020-01-01;2020-12-31;108;2020
1107;C495R323;495;323;6086;DE40H;Teltow-Fläming;Brandenburg;2020-01-01;2020-12-31;112;2020
1108;C616R449;616;449;6087;DED2D;Görlitz;Sachsen;2020-01-01;2020-12-31;105;2020
1109;C232R34;232;34;6088;DEF0C;Schleswig-Flensburg;Schleswig-Holstein;2020-01-01;2020-12-31;104;2020
1110;C440R695;440;695;6089;DE226;Kelheim;Bayern;2020-01-01;2020-12-31;106;2020
1111;C455R391;455;391;6090;DED53;Nordsachsen;Sachsen;2020-01-01;2020-12-31;104;2020
1112;C228R25;228;25;6091;DEF0C;Schleswig-Flensburg;Schleswig-Holstein;2020-01-01;2020-12-31;108;2020
1113;C152R289;152;289;6092;DE94E;Osnabrück, Landkreis;Niedersachsen;2020-01-01;2020-12-31;104;2020
1114;C525R741;525;741;6093;DE22A;Rottal-Inn;Bayern;2020-01-01;2020-12-31;109;2020
1115;C50R566;50;566;6094;DEB23;Eifelkreis Bitburg-Prüm;Rheinland-Pfalz;2020-01-01;2020-12-31;118;2020
1116;C509R320;509;320;6095;DE40H;Teltow-Fläming;Brandenburg;2020-01-01;2020-12-31;112;2020
1117;C74R380;74;380;6096;DEA31;Bottrop, Kreisfreie Stadt;Nordrhein-Westfalen;2020-01-01;2020-12-31;103;2020
1118;C529R99;529;99;6097;DE80N;Vorpommern-Greifswald;Mecklenburg-Vorpommern;2020-01-01;2020-12-31;111;2020
1119;C350R247;350;247;6098;DEE04;Altmarkkreis Salzwedel;Sachsen-Anhalt;2020-01-01;2020-12-31;112;2020
1120;C316R147;316;147;6100;DEF06;Herzogtum Lauenburg;Schleswig-Holstein;2020-01-01;2020-12-31;111;2020
1121;C125R579;125;579;6101;DEB14;Bad Kreuznach;Rheinland-Pfalz;2020-01-01;2020-12-31;120;2020
1122;C230R27;230;27;6102;DEF0C;Schleswig-Flensburg;Schleswig-Holstein;2020-01-01;2020-12-31;108;2020
1123;C518R737;518;737;6103;DE22A;Rottal-Inn;Bayern;2020-01-01;2020-12-31;110;2020
1124;C88R528;88;528;6104;DEB17;Mayen-Koblenz;Rheinland-Pfalz;2020-01-01;2020-12-31;107;2020
1125;C344R714;344;714;6105;DE277;Dillingen a.d. Donau;Bayern;2020-01-01;2020-12-31;108;2020
1126;C150R183;150;183;6106;DE94A;Friesland (DE);Niedersachsen;2020-01-01;2020-12-31;108;2020
1127;C272R227;272;227;6107;DE938;Heidekreis;Niedersachsen;2020-01-01;2020-12-31;100;2020
1128;C485R733;485;733;6108;DE22A;Rottal-Inn;Bayern;2020-01-01;2020-12-31;106;2020
1129;C188R280;188;280;6109;DE922;Diepholz;Niedersachsen;2020-01-01;2020-12-31;115;2020
1130;C209R362;209;362;6110;DEA45;Lippe;Nordrhein-Westfalen;2020-01-01;2020-12-31;111;2020
1131;C422R703;422;703;6111;DE226;Kelheim;Bayern;2020-01-01;2020-12-31;110;2020
1132;C403R390;403;390;6112;DEE0A;Mansfeld-Südharz;Sachsen-Anhalt;2020-01-01;2020-12-31;104;2020
1133;C560R364;560;364;6113;DE40B;Oberspreewald-Lausitz;Brandenburg;2020-01-01;2020-12-31;111;2020
1134;C296R375;296;375;6114;DE918;Northeim;Niedersachsen;2020-01-01;2020-12-31;113;2020
1135;C533R140;533;140;6115;DE80N;Vorpommern-Greifswald;Mecklenburg-Vorpommern;2020-01-01;2020-12-31;110;2020
1136;C392R382;392;382;6116;DEE0A;Mansfeld-Südharz;Sachsen-Anhalt;2020-01-01;2020-12-31;104;2020
1137;C174R363;174;363;6117;DEA42;Gütersloh;Nordrhein-Westfalen;2020-01-01;2020-12-31;99;2020
1138;C373R657;373;657;6119;DE25B;Roth;Bayern;2020-01-01;2020-12-31;101;2020
1139;C213R264;213;264;6120;DE922;Diepholz;Niedersachsen;2020-01-01;2020-12-31;115;2020
1140;C313R521;313;521;6121;DE266;Rhön-Grabfeld;Bayern;2020-01-01;2020-12-31;101;2020
1141;C541R456;541;456;6122;DED2F;Sächsische Schweiz-Osterzgebirge;Sachsen;2020-01-01;2020-12-31;110;2020
1142;C235R470;235;470;6123;DE735;Schwalm-Eder-Kreis;Hessen;2020-01-01;2020-12-31;115;2020
1143;C345R503;345;503;6124;DEG0E;Hildburghausen;Thüringen;2020-01-01;2020-12-31;108;2020
1144;C487R699;487;699;6125;DE22C;Dingolfing-Landau;Bayern;2020-01-01;2020-12-31;101;2020
1145;C397R436;397;436;6126;DEE08;Burgenlandkreis;Sachsen-Anhalt;2020-01-01;2020-12-31;107;2020
1146;C339R394;339;394;6127;DEG07;Nordhausen;Thüringen;2020-01-01;2020-12-31;98;2020
1147;C356R224;356;224;6128;DE934;Lüchow-Dannenberg;Niedersachsen;2020-01-01;2020-12-31;116;2020
1148;C215R282;215;282;6129;DE927;Nienburg (Weser);Niedersachsen;2020-01-01;2020-12-31;110;2020
1149;C389R742;389;742;6130;DE217;Dachau;Bayern;2020-01-01;2020-12-31;103;2020
1150;C372R204;372;204;6131;DE80O;Ludwigslust-Parchim;Mecklenburg-Vorpommern;2020-01-01;2020-12-31;116;2020
1151;C322R89;322;89;6132;DEF0A;Plön;Schleswig-Holstein;2020-01-01;2020-12-31;115;2020
1152;C112R352;112;352;6133;DEA35;Coesfeld;Nordrhein-Westfalen;2020-01-01;2020-12-31;107;2020
1153;C258R650;258;650;6134;DE119;Hohenlohekreis;Baden-Württemberg;2020-01-01;2020-12-31;105;2020
1154;C462R454;462;454;6135;DEG0M;Altenburger Land;Thüringen;2020-01-01;2020-12-31;112;2020
1155;C89R298;89;298;6136;DE94B;Grafschaft Bentheim;Niedersachsen;2020-01-01;2020-12-31;132;2020
1156;C151R389;151;389;6137;DEA5B;Soest;Nordrhein-Westfalen;2020-01-01;2020-12-31;106;2020
1157;C198R663;198;663;6138;DE123;Karlsruhe, Landkreis;Baden-Württemberg;2020-01-01;2020-12-31;94;2020
1158;C319R100;319;100;6139;DEF08;Ostholstein;Schleswig-Holstein;2020-01-01;2020-12-31;115;2020
1159;C152R710;152;710;6140;DE124;Rastatt;Baden-Württemberg;2020-01-01;2020-12-31;98;2020
1160;C483R314;483;314;6141;DE40E;Potsdam-Mittelmark;Brandenburg;2020-01-01;2020-12-31;112;2020
1161;C148R302;148;302;6143;DE94E;Osnabrück, Landkreis;Niedersachsen;2020-01-01;2020-12-31;113;2020
1162;C378R731;378;731;6144;DE275;Aichach-Friedberg;Bayern;2020-01-01;2020-12-31;108;2020
1163;C414R464;414;464;6145;DEG0J;Saale-Holzland-Kreis;Thüringen;2020-01-01;2020-12-31;128;2020
1164;C83R358;83;358;6146;DEA34;Borken;Nordrhein-Westfalen;2020-01-01;2020-12-31;113;2020
1165;C474R434;474;434;6147;DED52;Leipzig;Sachsen;2020-01-01;2020-12-31;105;2020
1166;C231R88;231;88;6148;DEF05;Dithmarschen;Schleswig-Holstein;2020-01-01;2020-12-31;118;2020
1167;C407R126;407;126;6149;DE80K;Landkreis Rostock;Mecklenburg-Vorpommern;2020-01-01;2020-12-31;124;2020
1168;C467R290;467;290;6150;DE40E;Potsdam-Mittelmark;Brandenburg;2020-01-01;2020-12-31;115;2020
1169;C621R434;621;434;6151;DED2D;Görlitz;Sachsen;2020-01-01;2020-12-31;105;2020
1170;C69R539;69;539;6152;DEB24;Vulkaneifel;Rheinland-Pfalz;2020-01-01;2020-12-31;118;2020
1171;C182R39;182;39;6153;DEF07;Nordfriesland;Schleswig-Holstein;2020-01-01;2020-12-31;117;2020
1172;C239R53;239;53;6154;DEF0C;Schleswig-Flensburg;Schleswig-Holstein;2020-01-01;2020-12-31;89;2020
1173;C437R227;437;227;6155;DE40F;Prignitz;Brandenburg;2020-01-01;2020-12-31;110;2020
1174;C241R222;241;222;6156;DE937;Rotenburg (Wümme);Niedersachsen;2020-01-01;2020-12-31;117;2020
1175;C252R144;252;144;6157;DEF0E;Steinburg;Schleswig-Holstein;2020-01-01;2020-12-31;108;2020
1176;C369R325;369;325;6158;DEE07;Börde;Sachsen-Anhalt;2020-01-01;2020-12-31;120;2020
1177;C306R372;306;372;6159;DE91C;Göttingen;Niedersachsen;2020-01-01;2020-12-31;113;2020
1178;C444R250;444;250;6160;DE408;Havelland;Brandenburg;2020-01-01;2020-12-31;110;2020
1179;C242R96;242;96;6161;DEF05;Dithmarschen;Schleswig-Holstein;2020-01-01;2020-12-31;112;2020
1180;C486R422;486;422;6162;DED52;Leipzig;Sachsen;2020-01-01;2020-12-31;104;2020
1181;C50R479;50;479;6163;DEA26;Düren;Nordrhein-Westfalen;2020-01-01;2020-12-31;105;2020
1182;C490R125;490;125;6164;DE80J;Mecklenburgische Seenplatte;Mecklenburg-Vorpommern;2020-01-01;2020-12-31;104;2020
1183;C278R393;278;393;6165;DE91C;Göttingen;Niedersachsen;2020-01-01;2020-12-31;114;2020
1184;C218R137;218;137;6166;DE932;Cuxhaven;Niedersachsen;2020-01-01;2020-12-31;108;2020
1185;C239R95;239;95;6167;DEF05;Dithmarschen;Schleswig-Holstein;2020-01-01;2020-12-31;112;2020
1186;C75R325;75;325;6168;DEA34;Borken;Nordrhein-Westfalen;2020-01-01;2020-12-31;99;2020
1187;C271R88;271;88;6169;DEF0B;Rendsburg-Eckernförde;Schleswig-Holstein;2020-01-01;2020-12-31;107;2020
1188;C549R702;549;702;6170;DE228;Passau, Landkreis;Bayern;2020-01-01;2020-12-31;108;2020
1189;C279R115;279;115;6171;DEF0D;Segeberg;Schleswig-Holstein;2020-01-01;2020-12-31;112;2020
1190;C237R108;237;108;6172;DEF05;Dithmarschen;Schleswig-Holstein;2020-01-01;2020-12-31;112;2020
1191;C232R26;232;26;6173;DEF0C;Schleswig-Flensburg;Schleswig-Holstein;2020-01-01;2020-12-31;108;2020
1192;C398R713;398;713;6174;DE21J;Pfaffenhofen a. d. Ilm;Bayern;2020-01-01;2020-12-31;118;2020
1193;C406R391;406;391;6175;DEE0A;Mansfeld-Südharz;Sachsen-Anhalt;2020-01-01;2020-12-31;104;2020
1194;C222R160;222;160;6176;DE932;Cuxhaven;Niedersachsen;2020-01-01;2020-12-31;108;2020
1195;C268R84;268;84;6177;DEF0B;Rendsburg-Eckernförde;Schleswig-Holstein;2020-01-01;2020-12-31;107;2020
1196;C496R745;496;745;6178;DE214;Altötting;Bayern;2020-01-01;2020-12-31;106;2020
1197;C329R174;329;174;6179;DEF06;Herzogtum Lauenburg;Schleswig-Holstein;2020-01-01;2020-12-31;113;2020
1198;C384R181;384;181;6180;DE80O;Ludwigslust-Parchim;Mecklenburg-Vorpommern;2020-01-01;2020-12-31;110;2020
1199;C489R470;489;470;6181;DED42;Erzgebirgskreis;Sachsen;2020-01-01;2020-12-31;110;2020
1200;C258R65;258;65;6182;DEF0C;Schleswig-Flensburg;Schleswig-Holstein;2020-01-01;2020-12-31;111;2020
1201;C486R666;486;666;6183;DE22B;Straubing-Bogen;Bayern;2020-01-01;2020-12-31;107;2020
1202;C337R89;337;89;6184;DEF08;Ostholstein;Schleswig-Holstein;2020-01-01;2020-12-31;115;2020
1203;C358R617;358;617;6185;DE253;Fürth, Kreisfreie Stadt;Bayern;2020-01-01;2020-12-31;101;2020
1204;C400R113;400;113;6186;DE80K;Landkreis Rostock;Mecklenburg-Vorpommern;2020-01-01;2020-12-31;111;2020
1205;C401R381;401;381;6187;DEE0A;Mansfeld-Südharz;Sachsen-Anhalt;2020-01-01;2020-12-31;104;2020
1206;C81R361;81;361;6188;DEA36;Recklinghausen;Nordrhein-Westfalen;2020-01-01;2020-12-31;113;2020
1207;C147R704;147;704;6189;DE124;Rastatt;Baden-Württemberg;2020-01-01;2020-12-31;98;2020
1208;C163R355;163;355;6190;DEA38;Warendorf;Nordrhein-Westfalen;2020-01-01;2020-12-31;99;2020
1209;C422R499;422;499;6191;DEG0K;Saale-Orla-Kreis;Thüringen;2020-01-01;2020-12-31;108;2020
1210;C261R518;261;518;6192;DE732;Fulda;Hessen;2020-01-01;2020-12-31;105;2020
1211;C253R266;253;266;6193;DE927;Nienburg (Weser);Niedersachsen;2020-01-01;2020-12-31;122;2020
1212;C42R535;42;535;6194;DEB23;Eifelkreis Bitburg-Prüm;Rheinland-Pfalz;2020-01-01;2020-12-31;109;2020
1213;C316R525;316;525;6195;DE266;Rhön-Grabfeld;Bayern;2020-01-01;2020-12-31;106;2020
1214;C265R218;265;218;6196;DE938;Heidekreis;Niedersachsen;2020-01-01;2020-12-31;100;2020
1215;C252R802;252;802;6197;DE148;Ravensburg;Baden-Württemberg;2020-01-01;2020-12-31;108;2020
1216;C355R751;355;751;6198;DE276;Augsburg, Landkreis;Bayern;2020-01-01;2020-12-31;108;2020
1217;C273R496;273;496;6199;DE732;Fulda;Hessen;2020-01-01;2020-12-31;105;2020
1218;C75R386;75;386;6200;DEA31;Bottrop, Kreisfreie Stadt;Nordrhein-Westfalen;2020-01-01;2020-12-31;103;2020
1219;C526R712;526;712;6201;DE228;Passau, Landkreis;Bayern;2020-01-01;2020-12-31;104;2020
1220;C144R385;144;385;6202;DEA5B;Soest;Nordrhein-Westfalen;2020-01-01;2020-12-31;108;2020
1221;C184R475;184;475;6203;DE724;Marburg-Biedenkopf;Hessen;2020-01-01;2020-12-31;128;2020
1222;C286R413;286;413;6204;DEG06;Eichsfeld;Thüringen;2020-01-01;2020-12-31;109;2020
1223;C572R249;572;249;6205;DE409;Märkisch-Oderland;Brandenburg;2020-01-01;2020-12-31;115;2020
1224;C210R23;210;23;6206;DEF07;Nordfriesland;Schleswig-Holstein;2020-01-01;2020-12-31;108;2020
1225;C345R639;345;639;6207;DE256;Ansbach, Landkreis;Bayern;2020-01-01;2020-12-31;101;2020
1226;C126R232;126;232;6208;DE949;Emsland;Niedersachsen;2020-01-01;2020-12-31;105;2020
1227;C362R172;362;172;6209;DE80O;Ludwigslust-Parchim;Mecklenburg-Vorpommern;2020-01-01;2020-12-31;120;2020
1228;C373R307;373;307;6210;DEE07;Börde;Sachsen-Anhalt;2020-01-01;2020-12-31;106;2020
1229;C591R295;591;295;6211;DE403;Frankfurt (Oder), Kreisfreie Stadt;Brandenburg;2020-01-01;2020-12-31;117;2020
1230;C180R370;180;370;6212;DEA47;Paderborn;Nordrhein-Westfalen;2020-01-01;2020-12-31;99;2020
1231;C441R86;441;86;6213;DE80L;Vorpommern-Rügen;Mecklenburg-Vorpommern;2020-01-01;2020-12-31;101;2020
1232;C116R317;116;317;6214;DEA37;Steinfurt;Nordrhein-Westfalen;2020-01-01;2020-12-31;107;2020
1233;C206R612;206;612;6215;DE715;Bergstraße;Hessen;2020-01-01;2020-12-31;107;2020
1234;C259R181;259;181;6216;DE939;Stade;Niedersachsen;2020-01-01;2020-12-31;88;2020
1235;C417R478;417;478;6217;DEG0K;Saale-Orla-Kreis;Thüringen;2020-01-01;2020-12-31;108;2020
1236;C121R578;121;578;6218;DEB14;Bad Kreuznach;Rheinland-Pfalz;2020-01-01;2020-12-31;120;2020
1237;C478R85;478;85;6219;DE80L;Vorpommern-Rügen;Mecklenburg-Vorpommern;2020-01-01;2020-12-31;101;2020
1238;C405R625;405;625;6220;DE236;Neumarkt i. d. OPf.;Bayern;2020-01-01;2020-12-31;125;2020
1239;C126R271;126;271;6221;DE94E;Osnabrück, Landkreis;Niedersachsen;2020-01-01;2020-12-31;109;2020
1240;C244R128;244;128;6222;DEF0E;Steinburg;Schleswig-Holstein;2020-01-01;2020-12-31;104;2020
1241;C358R186;358;186;6223;DE80O;Ludwigslust-Parchim;Mecklenburg-Vorpommern;2020-01-01;2020-12-31;112;2020
1242;C420R611;420;611;6224;DE234;Amberg-Sulzbach;Bayern;2020-01-01;2020-12-31;112;2020
1243;C268R556;268;556;6225;DE26A;Main-Spessart;Bayern;2020-01-01;2020-12-31;108;2020
1244;C139R252;139;252;6226;DE948;Cloppenburg;Niedersachsen;2020-01-01;2020-12-31;105;2020
1245;C138R352;138;352;6227;DEA38;Warendorf;Nordrhein-Westfalen;2020-01-01;2020-12-31;107;2020
1246;C286R137;286;137;6228;DEF0D;Segeberg;Schleswig-Holstein;2020-01-01;2020-12-31;108;2020
1247;C68R352;68;352;6229;DEA34;Borken;Nordrhein-Westfalen;2020-01-01;2020-12-31;108;2020
1248;C242R111;242;111;6230;DEF0E;Steinburg;Schleswig-Holstein;2020-01-01;2020-12-31;112;2020
1249;C470R80;470;80;6231;DE80L;Vorpommern-Rügen;Mecklenburg-Vorpommern;2020-01-01;2020-12-31;101;2020
1250;C454R420;454;420;6232;DED52;Leipzig;Sachsen;2020-01-01;2020-12-31;112;2020
1251;C285R374;285;374;6233;DE918;Northeim;Niedersachsen;2020-01-01;2020-12-31;108;2020
1252;C440R398;440;398;6234;DED53;Nordsachsen;Sachsen;2020-01-01;2020-12-31;112;2020
1253;C285R45;285;45;6235;DEF0C;Schleswig-Flensburg;Schleswig-Holstein;2020-01-01;2020-12-31;113;2020
1254;C479R263;479;263;6236;DE408;Havelland;Brandenburg;2020-01-01;2020-12-31;116;2020
1255;C256R459;256;459;6237;DE733;Hersfeld-Rotenburg;Hessen;2020-01-01;2020-12-31;114;2020
1256;C231R42;231;42;6238;DEF0C;Schleswig-Flensburg;Schleswig-Holstein;2020-01-01;2020-12-31;104;2020
1257;C423R299;423;299;6239;DEE06;Jerichower Land;Sachsen-Anhalt;2020-01-01;2020-12-31;112;2020
1258;C232R33;232;33;6240;DEF0C;Schleswig-Flensburg;Schleswig-Holstein;2020-01-01;2020-12-31;104;2020
1259;C498R94;498;94;6241;DE80L;Vorpommern-Rügen;Mecklenburg-Vorpommern;2020-01-01;2020-12-31;101;2020
1260;C175R395;175;395;6242;DEA5B;Soest;Nordrhein-Westfalen;2020-01-01;2020-12-31;116;2020
1261;C300R503;300;503;6243;DE266;Rhön-Grabfeld;Bayern;2020-01-01;2020-12-31;106;2020
1262;C456R731;456;731;6244;DE227;Landshut, Landkreis;Bayern;2020-01-01;2020-12-31;99;2020
1263;C363R148;363;148;6245;DE80M;Nordwestmecklenburg;Mecklenburg-Vorpommern;2020-01-01;2020-12-31;120;2020
1264;C108R358;108;358;6246;DEA35;Coesfeld;Nordrhein-Westfalen;2020-01-01;2020-12-31;107;2020
1265;C295R116;295;116;6247;DEF0D;Segeberg;Schleswig-Holstein;2020-01-01;2020-12-31;107;2020
1266;C622R421;622;421;6248;DED2D;Görlitz;Sachsen;2020-01-01;2020-12-31;105;2020
1267;C570R387;570;387;6249;DED2C;Bautzen;Sachsen;2020-01-01;2020-12-31;123;2020
1268;C293R780;293;780;6250;DE146;Biberach;Baden-Württemberg;2020-01-01;2020-12-31;106;2020
1269;C282R466;282;466;7705;DE733;Hersfeld-Rotenburg;Hessen;2021-01-01;2021-12-31;123;2021
1270;C187R670;187;670;7706;DE123;Karlsruhe, Landkreis;Baden-Württemberg;2021-01-01;2021-12-31;110;2021
1271;C300R575;300;575;7707;DE26C;Würzburg, Landkreis;Bayern;2021-01-01;2021-12-31;111;2021
1272;C516R384;516;384;7708;DE407;Elbe-Elster;Brandenburg;2021-01-01;2021-12-31;109;2021
1273;C78R546;78;546;7709;DEB1C;Cochem-Zell;Rheinland-Pfalz;2021-01-01;2021-12-31;118;2021
1274;C232R98;232;98;7710;DEF05;Dithmarschen;Schleswig-Holstein;2021-01-01;2021-12-31;117;2021
1275;C292R798;292;798;7711;DE148;Ravensburg;Baden-Württemberg;2021-01-01;2021-12-31;113;2021
1276;C250R46;250;46;7712;DEF0C;Schleswig-Flensburg;Schleswig-Holstein;2021-01-01;2021-12-31;112;2021
1277;C153R567;153;567;7713;DEB3J;Mainz-Bingen;Rheinland-Pfalz;2021-01-01;2021-12-31;113;2021
1278;C225R197;225;197;7714;DE937;Rotenburg (Wümme);Niedersachsen;2021-01-01;2021-12-31;142;2021
1279;C121R789;121;789;7715;DE132;Breisgau-Hochschwarzwald;Baden-Württemberg;2021-01-01;2021-12-31;102;2021
1280;C438R744;438;744;7716;DE21A;Erding;Bayern;2021-01-01;2021-12-31;116;2021
1281;C84R328;84;328;7717;DEA34;Borken;Nordrhein-Westfalen;2021-01-01;2021-12-31;113;2021
1282;C375R148;375;148;7718;DE80M;Nordwestmecklenburg;Mecklenburg-Vorpommern;2021-01-01;2021-12-31;113;2021
1283;C80R280;80;280;7719;DE94B;Grafschaft Bentheim;Niedersachsen;2021-01-01;2021-12-31;119;2021
1284;C533R458;533;458;7720;DED43;Mittelsachsen;Sachsen;2021-01-01;2021-12-31;120;2021
1285;C240R162;240;162;7721;DE939;Stade;Niedersachsen;2021-01-01;2021-12-31;113;2021
1286;C435R216;435;216;7722;DE40F;Prignitz;Brandenburg;2021-01-01;2021-12-31;117;2021
1287;C473R105;473;105;7723;DE80L;Vorpommern-Rügen;Mecklenburg-Vorpommern;2021-01-01;2021-12-31;130;2021
1288;C415R314;415;314;7724;DEE06;Jerichower Land;Sachsen-Anhalt;2021-01-01;2021-12-31;125;2021
1289;C492R133;492;133;7725;DE80J;Mecklenburgische Seenplatte;Mecklenburg-Vorpommern;2021-01-01;2021-12-31;107;2021
1290;C628R395;628;395;7726;DED2D;Görlitz;Sachsen;2021-01-01;2021-12-31;125;2021
1291;C96R311;96;311;7727;DEA37;Steinfurt;Nordrhein-Westfalen;2021-01-01;2021-12-31;109;2021
1292;C281R143;281;143;7728;DEF0D;Segeberg;Schleswig-Holstein;2021-01-01;2021-12-31;117;2021
1293;C372R642;372;642;7729;DE25B;Roth;Bayern;2021-01-01;2021-12-31;114;2021
1294;C404R543;404;543;7730;DE24B;Kulmbach;Bayern;2021-01-01;2021-12-31;120;2021
1295;C578R254;578;254;7731;DE409;Märkisch-Oderland;Brandenburg;2021-01-01;2021-12-31;112;2021
1296;C221R39;221;39;7732;DEF07;Nordfriesland;Schleswig-Holstein;2021-01-01;2021-12-31;116;2021
1297;C187R309;187;309;7733;DEA46;Minden-Lübbecke;Nordrhein-Westfalen;2021-01-01;2021-12-31;120;2021
1298;C326R225;326;225;7734;DE93A;Uelzen;Niedersachsen;2021-01-01;2021-12-31;117;2021
1299;C437R228;437;228;7735;DE40F;Prignitz;Brandenburg;2021-01-01;2021-12-31;117;2021
1300;C460R556;460;556;7736;DE23A;Tirschenreuth;Bayern;2021-01-01;2021-12-31;120;2021
1301;C11R446;11;446;7737;DEA29;Heinsberg;Nordrhein-Westfalen;2021-01-01;2021-12-31;126;2021
1302;C454R803;454;803;7738;DE21K;Rosenheim, Landkreis;Bayern;2021-01-01;2021-12-31;120;2021
1303;C201R506;201;506;7739;DE721;Gießen, Landkreis;Hessen;2021-01-01;2021-12-31;120;2021
1304;C522R174;522;174;7740;DE80J;Mecklenburgische Seenplatte;Mecklenburg-Vorpommern;2021-01-01;2021-12-31;119;2021
1305;C375R457;375;457;7741;DEG0G;Weimarer Land;Thüringen;2021-01-01;2021-12-31;120;2021
1306;C209R196;209;196;7742;DE936;Osterholz;Niedersachsen;2021-01-01;2021-12-31;133;2021
1307;C355R172;355;172;7743;DE80O;Ludwigslust-Parchim;Mecklenburg-Vorpommern;2021-01-01;2021-12-31;113;2021
1308;C222R45;222;45;7744;DEF07;Nordfriesland;Schleswig-Holstein;2021-01-01;2021-12-31;116;2021
1309;C338R516;338;516;7745;DEG0E;Hildburghausen;Thüringen;2021-01-01;2021-12-31;123;2021
1310;C491R639;491;639;7746;DE235;Cham;Bayern;2021-01-01;2021-12-31;129;2021
1311;C293R558;293;558;7747;DE26B;Schweinfurt, Landkreis;Bayern;2021-01-01;2021-12-31;111;2021
1312;C332R602;332;602;7748;DE25A;Neustadt a. d. Aisch-Bad Windsheim;Bayern;2021-01-01;2021-12-31;119;2021
1313;C304R98;304;98;7750;DEF0A;Plön;Schleswig-Holstein;2021-01-01;2021-12-31;116;2021
1314;C178R357;178;357;7751;DEA42;Gütersloh;Nordrhein-Westfalen;2021-01-01;2021-12-31;107;2021
1315;C290R731;290;731;7752;DE145;Alb-Donau-Kreis;Baden-Württemberg;2021-01-01;2021-12-31;123;2021
1316;C154R193;154;193;7753;DE94A;Friesland (DE);Niedersachsen;2021-01-01;2021-12-31;117;2021
1317;C251R160;251;160;7754;DE939;Stade;Niedersachsen;2021-01-01;2021-12-31;113;2021
1318;C305R553;305;553;7755;DE26B;Schweinfurt, Landkreis;Bayern;2021-01-01;2021-12-31;111;2021
1319;C249R49;249;49;7756;DEF0C;Schleswig-Flensburg;Schleswig-Holstein;2021-01-01;2021-12-31;112;2021
1320;C88R471;88;471;7757;DEA2C;Rhein-Sieg-Kreis;Nordrhein-Westfalen;2021-01-01;2021-12-31;115;2021
1321;C253R273;253;273;7758;DE929;Region Hannover;Niedersachsen;2021-01-01;2021-12-31;118;2021
1322;C236R43;236;43;7759;DEF0C;Schleswig-Flensburg;Schleswig-Holstein;2021-01-01;2021-12-31;116;2021
1323;C115R173;115;173;7760;DE947;Aurich;Niedersachsen;2021-01-01;2021-12-31;121;2021
1324;C398R277;398;277;7761;DEE0D;Stendal;Sachsen-Anhalt;2021-01-01;2021-12-31;113;2021
1325;C361R715;361;715;7762;DE27D;Donau-Ries;Bayern;2021-01-01;2021-12-31;134;2021
1326;C287R315;287;315;7763;DE925;Hildesheim;Niedersachsen;2021-01-01;2021-12-31;117;2021
1327;C379R313;379;313;7764;DEE07;Börde;Sachsen-Anhalt;2021-01-01;2021-12-31;118;2021
1328;C313R444;313;444;7765;DEG0R;Wartburgkreis;Thüringen;2021-01-01;2021-12-31;118;2021
1329;C463R152;463;152;7766;DE80J;Mecklenburgische Seenplatte;Mecklenburg-Vorpommern;2021-01-01;2021-12-31;109;2021
1330;C397R737;397;737;7767;DE217;Dachau;Bayern;2021-01-01;2021-12-31;119;2021
1331;C491R380;491;380;7768;DED53;Nordsachsen;Sachsen;2021-01-01;2021-12-31;110;2021
1332;C528R734;528;734;7769;DE228;Passau, Landkreis;Bayern;2021-01-01;2021-12-31;130;2021
1333;C263R27;263;27;7770;DEF0C;Schleswig-Flensburg;Schleswig-Holstein;2021-01-01;2021-12-31;109;2021
1334;C459R782;459;782;7771;DE21K;Rosenheim, Landkreis;Bayern;2021-01-01;2021-12-31;120;2021
1335;C160R683;160;683;7772;DE124;Rastatt;Baden-Württemberg;2021-01-01;2021-12-31;112;2021
1336;C597R341;597;341;7773;DE40G;Spree-Neiße;Brandenburg;2021-01-01;2021-12-31;117;2021
1337;C374R603;374;603;7774;DE248;Forchheim;Bayern;2021-01-01;2021-12-31;137;2021
1338;C496R638;496;638;7775;DE235;Cham;Bayern;2021-01-01;2021-12-31;129;2021
1339;C366R470;366;470;7776;DEG0T;Ilm-Kreis;Thüringen;2021-01-01;2021-12-31;120;2021
1340;C231R135;231;135;7777;DE939;Stade;Niedersachsen;2021-01-01;2021-12-31;111;2021
1341;C37R536;37;536;7778;DEB23;Eifelkreis Bitburg-Prüm;Rheinland-Pfalz;2021-01-01;2021-12-31;116;2021
1342;C239R806;239;806;7779;DE147;Bodenseekreis;Baden-Württemberg;2021-01-01;2021-12-31;134;2021
1343;C462R753;462;753;7780;DE21G;Mühldorf a. Inn;Bayern;2021-01-01;2021-12-31;114;2021
1344;C147R386;147;386;7781;DEA5B;Soest;Nordrhein-Westfalen;2021-01-01;2021-12-31;112;2021
1345;C21R552;21;552;7782;DEB23;Eifelkreis Bitburg-Prüm;Rheinland-Pfalz;2021-01-01;2021-12-31;116;2021
1346;C524R388;524;388;7783;DE407;Elbe-Elster;Brandenburg;2021-01-01;2021-12-31;115;2021
1347;C327R686;327;686;7784;DE27D;Donau-Ries;Bayern;2021-01-01;2021-12-31;114;2021
1348;C348R184;348;184;7785;DE80O;Ludwigslust-Parchim;Mecklenburg-Vorpommern;2021-01-01;2021-12-31;114;2021
1349;C152R510;152;510;7786;DE723;Limburg-Weilburg;Hessen;2021-01-01;2021-12-31;123;2021
1350;C551R372;551;372;7787;DE407;Elbe-Elster;Brandenburg;2021-01-01;2021-12-31;114;2021
1351;C494R764;494;764;7788;DE214;Altötting;Bayern;2021-01-01;2021-12-31;116;2021
1352;C546R458;546;458;7789;DED2F;Sächsische Schweiz-Osterzgebirge;Sachsen;2021-01-01;2021-12-31;98;2021
1353;C449R750;449;750;7790;DE21A;Erding;Bayern;2021-01-01;2021-12-31;116;2021
1354;C353R168;353;168;7791;DE80O;Ludwigslust-Parchim;Mecklenburg-Vorpommern;2021-01-01;2021-12-31;113;2021
1355;C502R494;502;494;7792;DED42;Erzgebirgskreis;Sachsen;2021-01-01;2021-12-31;147;2021
1356;C220R50;220;50;7793;DEF07;Nordfriesland;Schleswig-Holstein;2021-01-01;2021-12-31;116;2021
1357;C226R104;226;104;7794;DEF05;Dithmarschen;Schleswig-Holstein;2021-01-01;2021-12-31;117;2021
1358;C234R215;234;215;7795;DE937;Rotenburg (Wümme);Niedersachsen;2021-01-01;2021-12-31;122;2021
1359;C269R34;269;34;7796;DEF0C;Schleswig-Flensburg;Schleswig-Holstein;2021-01-01;2021-12-31;109;2021
1360;C214R235;214;235;7797;DE93B;Verden;Niedersachsen;2021-01-01;2021-12-31;114;2021
1361;C425R720;425;720;7798;DE21B;Freising;Bayern;2021-01-01;2021-12-31;116;2021
1362;C390R175;390;175;7799;DE80O;Ludwigslust-Parchim;Mecklenburg-Vorpommern;2021-01-01;2021-12-31;113;2021
1363;C363R769;363;769;7800;DE21E;Landsberg am Lech;Bayern;2021-01-01;2021-12-31;120;2021
1364;C241R795;241;795;7801;DE149;Sigmaringen;Baden-Württemberg;2021-01-01;2021-12-31;113;2021
1365;C450R284;450;284;7802;DE408;Havelland;Brandenburg;2021-01-01;2021-12-31;113;2021
1366;C270R83;270;83;7803;DEF0B;Rendsburg-Eckernförde;Schleswig-Holstein;2021-01-01;2021-12-31;111;2021
1367;C552R397;552;397;7804;DE40B;Oberspreewald-Lausitz;Brandenburg;2021-01-01;2021-12-31;114;2021
1368;C542R445;542;445;7805;DED2F;Sächsische Schweiz-Osterzgebirge;Sachsen;2021-01-01;2021-12-31;125;2021
1369;C246R40;246;40;7806;DEF0C;Schleswig-Flensburg;Schleswig-Holstein;2021-01-01;2021-12-31;116;2021
1370;C402R733;402;733;7807;DE21J;Pfaffenhofen a. d. Ilm;Bayern;2021-01-01;2021-12-31;119;2021
1371;C67R595;67;595;7808;DEB25;Trier-Saarburg;Rheinland-Pfalz;2021-01-01;2021-12-31;104;2021
1372;C120R767;120;767;7809;DE133;Emmendingen;Baden-Württemberg;2021-01-01;2021-12-31;102;2021
1373;C30R576;30;576;7810;DEB23;Eifelkreis Bitburg-Prüm;Rheinland-Pfalz;2021-01-01;2021-12-31;130;2021
1374;C118R228;118;228;7811;DE949;Emsland;Niedersachsen;2021-01-01;2021-12-31;117;2021
1375;C297R602;297;602;7812;DE26C;Würzburg, Landkreis;Bayern;2021-01-01;2021-12-31;111;2021
1376;C129R293;129;293;7813;DEA37;Steinfurt;Nordrhein-Westfalen;2021-01-01;2021-12-31;113;2021
1377;C72R272;72;272;7814;DE94B;Grafschaft Bentheim;Niedersachsen;2021-01-01;2021-12-31;119;2021
1378;C483R408;483;408;7815;DED52;Leipzig;Sachsen;2021-01-01;2021-12-31;120;2021
1379;C259R80;259;80;7816;DEF0B;Rendsburg-Eckernförde;Schleswig-Holstein;2021-01-01;2021-12-31;119;2021
1380;C531R399;531;399;7817;DED2E;Meißen;Sachsen;2021-01-01;2021-12-31;109;2021
1381;C122R265;122;265;7818;DE949;Emsland;Niedersachsen;2021-01-01;2021-12-31;109;2021
1382;C219R221;219;221;7819;DE93B;Verden;Niedersachsen;2021-01-01;2021-12-31;126;2021
1383;C197R157;197;157;7820;DE932;Cuxhaven;Niedersachsen;2021-01-01;2021-12-31;117;2021
1384;C109R388;109;388;7821;DEA52;Dortmund, Kreisfreie Stadt;Nordrhein-Westfalen;2021-01-01;2021-12-31;114;2021
1385;C73R592;73;592;7822;DEB25;Trier-Saarburg;Rheinland-Pfalz;2021-01-01;2021-12-31;104;2021
1386;C310R279;310;279;7823;DE914;Gifhorn;Niedersachsen;2021-01-01;2021-12-31;113;2021
1387;C268R803;268;803;7824;DE148;Ravensburg;Baden-Württemberg;2021-01-01;2021-12-31;113;2021
1388;C436R143;436;143;7825;DE80K;Landkreis Rostock;Mecklenburg-Vorpommern;2021-01-01;2021-12-31;117;2021
1389;C215R253;215;253;7826;DE922;Diepholz;Niedersachsen;2021-01-01;2021-12-31;118;2021
1390;C539R740;539;740;7827;DE228;Passau, Landkreis;Bayern;2021-01-01;2021-12-31;130;2021
1391;C312R788;312;788;7828;DE27C;Unterallgäu;Bayern;2021-01-01;2021-12-31;113;2021
1392;C301R141;301;141;7829;DEF0D;Segeberg;Schleswig-Holstein;2021-01-01;2021-12-31;105;2021
1393;C207R176;207;176;7830;DE932;Cuxhaven;Niedersachsen;2021-01-01;2021-12-31;133;2021
1394;C75R441;75;441;7831;DEA1C;Mettmann;Nordrhein-Westfalen;2021-01-01;2021-12-31;107;2021
1395;C228R288;228;288;7832;DE927;Nienburg (Weser);Niedersachsen;2021-01-01;2021-12-31;120;2021
1396;C265R41;265;41;7833;DEF0C;Schleswig-Flensburg;Schleswig-Holstein;2021-01-01;2021-12-31;109;2021
1397;C395R451;395;451;7834;DEG0G;Weimarer Land;Thüringen;2021-01-01;2021-12-31;118;2021
1398;C460R614;460;614;7835;DE239;Schwandorf;Bayern;2021-01-01;2021-12-31;125;2021
1399;C321R525;321;525;7836;DE266;Rhön-Grabfeld;Bayern;2021-01-01;2021-12-31;112;2021
1400;C259R819;259;819;7837;DE147;Bodenseekreis;Baden-Württemberg;2021-01-01;2021-12-31;113;2021
1401;C254R97;254;97;7838;DEF0B;Rendsburg-Eckernförde;Schleswig-Holstein;2021-01-01;2021-12-31;112;2021
1402;C241R35;241;35;7839;DEF0C;Schleswig-Flensburg;Schleswig-Holstein;2021-01-01;2021-12-31;116;2021
1403;C250R70;250;70;7840;DEF0C;Schleswig-Flensburg;Schleswig-Holstein;2021-01-01;2021-12-31;119;2021
1404;C454R561;454;561;7841;DE23A;Tirschenreuth;Bayern;2021-01-01;2021-12-31;120;2021
1405;C571R316;571;316;7842;DE40C;Oder-Spree;Brandenburg;2021-01-01;2021-12-31;118;2021
1406;C314R673;314;673;7843;DE11D;Ostalbkreis;Baden-Württemberg;2021-01-01;2021-12-31;112;2021
1407;C382R345;382;345;7844;DEE07;Börde;Sachsen-Anhalt;2021-01-01;2021-12-31;123;2021
1408;C400R662;400;662;7845;DE236;Neumarkt i. d. OPf.;Bayern;2021-01-01;2021-12-31;117;2021
1409;C457R781;457;781;7846;DE21K;Rosenheim, Landkreis;Bayern;2021-01-01;2021-12-31;120;2021
1410;C134R301;134;301;7847;DEA37;Steinfurt;Nordrhein-Westfalen;2021-01-01;2021-12-31;113;2021
1411;C459R454;459;454;7848;DEG0M;Altenburger Land;Thüringen;2021-01-01;2021-12-31;119;2021
1412;C150R327;150;327;7849;DE94E;Osnabrück, Landkreis;Niedersachsen;2021-01-01;2021-12-31;117;2021
1413;C485R359;485;359;7850;DEE0E;Wittenberg;Sachsen-Anhalt;2021-01-01;2021-12-31;110;2021
1414;C347R454;347;454;7851;DEG0C;Gotha;Thüringen;2021-01-01;2021-12-31;126;2021
1415;C243R41;243;41;7852;DEF0C;Schleswig-Flensburg;Schleswig-Holstein;2021-01-01;2021-12-31;116;2021
1416;C271R194;271;194;7853;DE933;Harburg;Niedersachsen;2021-01-01;2021-12-31;109;2021
1417;C227R146;227;146;7854;DE932;Cuxhaven;Niedersachsen;2021-01-01;2021-12-31;111;2021
1418;C154R219;154;219;7855;DE946;Ammerland;Niedersachsen;2021-01-01;2021-12-31;127;2021
1419;C405R505;405;505;7856;DEG0K;Saale-Orla-Kreis;Thüringen;2021-01-01;2021-12-31;119;2021
1420;C201R664;201;664;7857;DE123;Karlsruhe, Landkreis;Baden-Württemberg;2021-01-01;2021-12-31;112;2021
1421;C426R326;426;326;7858;DEE06;Jerichower Land;Sachsen-Anhalt;2021-01-01;2021-12-31;125;2021
1422;C252R76;252;76;7859;DEF0C;Schleswig-Flensburg;Schleswig-Holstein;2021-01-01;2021-12-31;119;2021
1423;C319R398;319;398;7860;DEG06;Eichsfeld;Thüringen;2021-01-01;2021-12-31;119;2021
1424;C227R29;227;29;7861;DEF0C;Schleswig-Flensburg;Schleswig-Holstein;2021-01-01;2021-12-31;116;2021
1425;C446R188;446;188;7862;DE80J;Mecklenburgische Seenplatte;Mecklenburg-Vorpommern;2021-01-01;2021-12-31;114;2021
1426;C288R747;288;747;7863;DE144;Ulm, Stadtkreis;Baden-Württemberg;2021-01-01;2021-12-31;123;2021
1427;C146R332;146;332;7864;DE94E;Osnabrück, Landkreis;Niedersachsen;2021-01-01;2021-12-31;119;2021
1428;C223R24;223;24;7865;DEF07;Nordfriesland;Schleswig-Holstein;2021-01-01;2021-12-31;116;2021
1429;C519R735;519;735;7866;DE22A;Rottal-Inn;Bayern;2021-01-01;2021-12-31;114;2021
1430;C470R392;470;392;7867;DED53;Nordsachsen;Sachsen;2021-01-01;2021-12-31;130;2021
1431;C402R217;402;217;7868;DE40F;Prignitz;Brandenburg;2021-01-01;2021-12-31;117;2021
1432;C495R758;495;758;7869;DE214;Altötting;Bayern;2021-01-01;2021-12-31;116;2021
1433;C346R740;346;740;7870;DE276;Augsburg, Landkreis;Bayern;2021-01-01;2021-12-31;108;2021
1434;C277R270;277;270;7871;DE931;Celle;Niedersachsen;2021-01-01;2021-12-31;112;2021
1435;C162R255;162;255;7872;DE94F;Vechta;Niedersachsen;2021-01-01;2021-12-31;129;2021
1436;C118R363;118;363;7873;DEA35;Coesfeld;Nordrhein-Westfalen;2021-01-01;2021-12-31;114;2021
1437;C467R230;467;230;7874;DE40D;Ostprignitz-Ruppin;Brandenburg;2021-01-01;2021-12-31;120;2021
1438;C254R539;254;539;7875;DE719;Main-Kinzig-Kreis;Hessen;2021-01-01;2021-12-31;120;2021
1439;C320R138;320;138;7876;DEF0F;Stormarn;Schleswig-Holstein;2021-01-01;2021-12-31;115;2021
1440;C421R587;421;587;7877;DE237;Neustadt a. d. Waldnaab;Bayern;2021-01-01;2021-12-31;123;2021
1441;C371R668;371;668;7878;DE25C;Weißenburg-Gunzenhausen;Bayern;2021-01-01;2021-12-31;119;2021
1442;C425R477;425;477;7879;DEG0L;Greiz;Thüringen;2021-01-01;2021-12-31;125;2021
1443;C424R717;424;717;7880;DE21B;Freising;Bayern;2021-01-01;2021-12-31;111;2021
1444;C225R195;225;195;7881;DE937;Rotenburg (Wümme);Niedersachsen;2021-01-01;2021-12-31;142;2021
1445;C442R727;442;727;7883;DE227;Landshut, Landkreis;Bayern;2021-01-01;2021-12-31;111;2021
1446;C476R260;476;260;7884;DE408;Havelland;Brandenburg;2021-01-01;2021-12-31;116;2021
1447;C590R373;590;373;7885;DE40G;Spree-Neiße;Brandenburg;2021-01-01;2021-12-31;118;2021
1448;C506R722;506;722;7886;DE22A;Rottal-Inn;Bayern;2021-01-01;2021-12-31;114;2021
1449;C77R360;77;360;7887;DEA34;Borken;Nordrhein-Westfalen;2021-01-01;2021-12-31;119;2021
1450;C457R303;457;303;7888;DE40E;Potsdam-Mittelmark;Brandenburg;2021-01-01;2021-12-31;120;2021
1451;C198R352;198;352;7889;DEA42;Gütersloh;Nordrhein-Westfalen;2021-01-01;2021-12-31;128;2021
1452;C260R355;260;355;7890;DE926;Holzminden;Niedersachsen;2021-01-01;2021-12-31;118;2021
1453;C223R27;223;27;7891;DEF07;Nordfriesland;Schleswig-Holstein;2021-01-01;2021-12-31;116;2021
1454;C513R141;513;141;7892;DE80J;Mecklenburgische Seenplatte;Mecklenburg-Vorpommern;2021-01-01;2021-12-31;119;2021
1455;C94R541;94;541;7893;DEB1C;Cochem-Zell;Rheinland-Pfalz;2021-01-01;2021-12-31;118;2021
1456;C577R355;577;355;7894;DE40G;Spree-Neiße;Brandenburg;2021-01-01;2021-12-31;117;2021
1457;C43R359;43;359;7895;DEA34;Borken;Nordrhein-Westfalen;2021-01-01;2021-12-31;122;2021
1458;C212R678;212;678;7896;DE12B;Enzkreis;Baden-Württemberg;2021-01-01;2021-12-31;125;2021
1459;C98R261;98;261;7897;DE949;Emsland;Niedersachsen;2021-01-01;2021-12-31;119;2021
1460;C365R521;365;521;7898;DEG0V;Sonneberg;Thüringen;2021-01-01;2021-12-31;118;2021
1461;C301R496;301;496;7899;DEG0Q;Schmalkalden-Meiningen;Thüringen;2021-01-01;2021-12-31;119;2021
1462;C335R530;335;530;7900;DEG0E;Hildburghausen;Thüringen;2021-01-01;2021-12-31;119;2021
1463;C407R699;407;699;7901;DE219;Eichstätt;Bayern;2021-01-01;2021-12-31;119;2021
1464;C395R358;395;358;7902;DEE0C;Salzlandkreis;Sachsen-Anhalt;2021-01-01;2021-12-31;104;2021
1465;C284R373;284;373;7903;DE918;Northeim;Niedersachsen;2021-01-01;2021-12-31;115;2021
1466;C506R179;506;179;7904;DE80J;Mecklenburgische Seenplatte;Mecklenburg-Vorpommern;2021-01-01;2021-12-31;119;2021
1467;C555R702;555;702;7905;DE228;Passau, Landkreis;Bayern;2021-01-01;2021-12-31;119;2021
1468;C434R171;434;171;7906;DE80O;Ludwigslust-Parchim;Mecklenburg-Vorpommern;2021-01-01;2021-12-31;109;2021
1469;C217R39;217;39;7907;DEF07;Nordfriesland;Schleswig-Holstein;2021-01-01;2021-12-31;116;2021
1470;C321R92;321;92;7908;DEF08;Ostholstein;Schleswig-Holstein;2021-01-01;2021-12-31;115;2021
1471;C495R321;495;321;7909;DE40H;Teltow-Fläming;Brandenburg;2021-01-01;2021-12-31;120;2021
1472;C360R586;360;586;7910;DE248;Forchheim;Bayern;2021-01-01;2021-12-31;125;2021
1473;C539R718;539;718;7911;DE228;Passau, Landkreis;Bayern;2021-01-01;2021-12-31;116;2021
1474;C197R256;197;256;7912;DE922;Diepholz;Niedersachsen;2021-01-01;2021-12-31;129;2021
1475;C481R439;481;439;7913;DED43;Mittelsachsen;Sachsen;2021-01-01;2021-12-31;130;2021
1476;C499R728;499;728;7914;DE22A;Rottal-Inn;Bayern;2021-01-01;2021-12-31;114;2021
1477;C318R111;318;111;7915;DEF0D;Segeberg;Schleswig-Holstein;2021-01-01;2021-12-31;115;2021
1478;C128R752;128;752;7916;DE134;Ortenaukreis;Baden-Württemberg;2021-01-01;2021-12-31;99;2021
1479;C169R286;169;286;7917;DE94F;Vechta;Niedersachsen;2021-01-01;2021-12-31;136;2021
1480;C147R718;147;718;7918;DE134;Ortenaukreis;Baden-Württemberg;2021-01-01;2021-12-31;111;2021
1481;C420R624;420;624;7919;DE234;Amberg-Sulzbach;Bayern;2021-01-01;2021-12-31;117;2021
1482;C378R346;378;346;7920;DEE07;Börde;Sachsen-Anhalt;2021-01-01;2021-12-31;123;2021
1483;C484R718;484;718;7921;DE22C;Dingolfing-Landau;Bayern;2021-01-01;2021-12-31;116;2021
1484;C303R525;303;525;7922;DE266;Rhön-Grabfeld;Bayern;2021-01-01;2021-12-31;118;2021
1485;C158R368;158;368;7923;DEA38;Warendorf;Nordrhein-Westfalen;2021-01-01;2021-12-31;107;2021
1486;C463R393;463;393;7924;DED53;Nordsachsen;Sachsen;2021-01-01;2021-12-31;130;2021
1487;C263R90;263;90;7925;DEF0B;Rendsburg-Eckernförde;Schleswig-Holstein;2021-01-01;2021-12-31;117;2021
1488;C245R60;245;60;7926;DEF0C;Schleswig-Flensburg;Schleswig-Holstein;2021-01-01;2021-12-31;112;2021
1489;C90R340;90;340;7927;DEA35;Coesfeld;Nordrhein-Westfalen;2021-01-01;2021-12-31;113;2021
1490;C144R379;144;379;7928;DEA54;Hamm, Kreisfreie Stadt;Nordrhein-Westfalen;2021-01-01;2021-12-31;112;2021
1491;C212R60;212;60;7929;DEF07;Nordfriesland;Schleswig-Holstein;2021-01-01;2021-12-31;116;2021
1492;C250R776;250;776;7930;DE149;Sigmaringen;Baden-Württemberg;2021-01-01;2021-12-31;113;2021
1493;C223R49;223;49;7931;DEF07;Nordfriesland;Schleswig-Holstein;2021-01-01;2021-12-31;116;2021
1494;C365R201;365;201;7932;DE80O;Ludwigslust-Parchim;Mecklenburg-Vorpommern;2021-01-01;2021-12-31;117;2021
1495;C491R122;491;122;7933;DE80J;Mecklenburgische Seenplatte;Mecklenburg-Vorpommern;2021-01-01;2021-12-31;107;2021
1496;C171R275;171;275;7934;DE94F;Vechta;Niedersachsen;2021-01-01;2021-12-31;136;2021
1497;C67R334;67;334;7935;DEA34;Borken;Nordrhein-Westfalen;2021-01-01;2021-12-31;109;2021
1498;C242R113;242;113;7936;DEF0E;Steinburg;Schleswig-Holstein;2021-01-01;2021-12-31;112;2021
1499;C260R112;260;112;7937;DEF0E;Steinburg;Schleswig-Holstein;2021-01-01;2021-12-31;117;2021
1500;C131R395;131;395;7938;DEA5C;Unna;Nordrhein-Westfalen;2021-01-01;2021-12-31;120;2021
1501;C247R117;247;117;7939;DEF0E;Steinburg;Schleswig-Holstein;2021-01-01;2021-12-31;112;2021
1502;C226R42;226;42;7940;DEF07;Nordfriesland;Schleswig-Holstein;2021-01-01;2021-12-31;116;2021
1503;C445R650;445;650;7941;DE239;Schwandorf;Bayern;2021-01-01;2021-12-31;115;2021
1504;C220R52;220;52;7942;DEF07;Nordfriesland;Schleswig-Holstein;2021-01-01;2021-12-31;116;2021
1505;C228R135;228;135;7943;DE939;Stade;Niedersachsen;2021-01-01;2021-12-31;111;2021
1506;C359R136;359;136;7944;DE80M;Nordwestmecklenburg;Mecklenburg-Vorpommern;2021-01-01;2021-12-31;140;2021
1507;C292R95;292;95;7945;DEF0B;Rendsburg-Eckernförde;Schleswig-Holstein;2021-01-01;2021-12-31;119;2021
1508;C227R25;227;25;7946;DEF0C;Schleswig-Flensburg;Schleswig-Holstein;2021-01-01;2021-12-31;116;2021
1509;C421R714;421;714;7947;DE21B;Freising;Bayern;2021-01-01;2021-12-31;119;2021
1510;C576R360;576;360;7948;DE40G;Spree-Neiße;Brandenburg;2021-01-01;2021-12-31;117;2021
1511;C239R33;239;33;7949;DEF0C;Schleswig-Flensburg;Schleswig-Holstein;2021-01-01;2021-12-31;116;2021
1512;C395R793;395;793;7950;DE216;Bad Tölz-Wolfratshausen;Bayern;2021-01-01;2021-12-31;117;2021
1513;C327R169;327;169;7951;DEF06;Herzogtum Lauenburg;Schleswig-Holstein;2021-01-01;2021-12-31;114;2021
1514;C248R59;248;59;7952;DEF0C;Schleswig-Flensburg;Schleswig-Holstein;2021-01-01;2021-12-31;112;2021
1515;C231R178;231;178;7953;DE937;Rotenburg (Wümme);Niedersachsen;2021-01-01;2021-12-31;142;2021
1516;C100R225;100;225;7954;DE949;Emsland;Niedersachsen;2021-01-01;2021-12-31;120;2021
1517;C372R131;372;131;7955;DE80M;Nordwestmecklenburg;Mecklenburg-Vorpommern;2021-01-01;2021-12-31;120;2021
1518;C450R743;450;743;7956;DE21A;Erding;Bayern;2021-01-01;2021-12-31;116;2021
1519;C459R610;459;610;7957;DE237;Neustadt a. d. Waldnaab;Bayern;2021-01-01;2021-12-31;125;2021
1520;C256R72;256;72;7958;DEF0B;Rendsburg-Eckernförde;Schleswig-Holstein;2021-01-01;2021-12-31;119;2021
1521;C374R485;374;485;7959;DEG0U;Saalfeld-Rudolstadt;Thüringen;2021-01-01;2021-12-31;119;2021
1522;C225R36;225;36;7960;DEF0C;Schleswig-Flensburg;Schleswig-Holstein;2021-01-01;2021-12-31;116;2021
1523;C439R414;439;414;7961;DEE0B;Saalekreis;Sachsen-Anhalt;2021-01-01;2021-12-31;118;2021
1524;C91R358;91;358;7962;DEA34;Borken;Nordrhein-Westfalen;2021-01-01;2021-12-31;114;2021
1525;C257R43;257;43;7963;DEF0C;Schleswig-Flensburg;Schleswig-Holstein;2021-01-01;2021-12-31;109;2021
1526;C285R351;285;351;7964;DE918;Northeim;Niedersachsen;2021-01-01;2021-12-31;124;2021
1527;C237R528;237;528;7965;DE719;Main-Kinzig-Kreis;Hessen;2021-01-01;2021-12-31;120;2021
1528;C391R623;391;623;7966;DE259;Nürnberger Land;Bayern;2021-01-01;2021-12-31;115;2021
1529;C149R275;149;275;7967;DE94E;Osnabrück, Landkreis;Niedersachsen;2021-01-01;2021-12-31;115;2021
1530;C221R39;221;39;7968;DEF07;Nordfriesland;Schleswig-Holstein;2021-01-01;2021-12-31;116;2021
1531;C446R508;446;508;7969;DED44;Vogtlandkreis;Sachsen;2021-01-01;2021-12-31;129;2021
1532;C486R497;486;497;7970;DED42;Erzgebirgskreis;Sachsen;2021-01-01;2021-12-31;147;2021
1533;C349R176;349;176;7971;DE80O;Ludwigslust-Parchim;Mecklenburg-Vorpommern;2021-01-01;2021-12-31;114;2021
1534;C210R738;210;738;7973;DE142;Tübingen, Landkreis;Baden-Württemberg;2021-01-01;2021-12-31;116;2021
1535;C303R645;303;645;7974;DE256;Ansbach, Landkreis;Bayern;2021-01-01;2021-12-31;123;2021
1536;C439R480;439;480;7976;DEG0L;Greiz;Thüringen;2021-01-01;2021-12-31;128;2021
1537;C273R402;273;402;7977;DE91C;Göttingen;Niedersachsen;2021-01-01;2021-12-31;112;2021
1538;C216R47;216;47;7978;DEF07;Nordfriesland;Schleswig-Holstein;2021-01-01;2021-12-31;116;2021
1539;C404R748;404;748;7979;DE217;Dachau;Bayern;2021-01-01;2021-12-31;117;2021
1540;C107R383;107;383;7980;DEA36;Recklinghausen;Nordrhein-Westfalen;2021-01-01;2021-12-31;114;2021
1541;C249R470;249;470;7981;DE735;Schwalm-Eder-Kreis;Hessen;2021-01-01;2021-12-31;129;2021
1542;C293R307;293;307;7982;DE91A;Peine;Niedersachsen;2021-01-01;2021-12-31;118;2021
1543;C218R20;218;20;7983;DEF07;Nordfriesland;Schleswig-Holstein;2021-01-01;2021-12-31;116;2021
1544;C434R641;434;641;7984;DE234;Amberg-Sulzbach;Bayern;2021-01-01;2021-12-31;110;2021
1545;C102R236;102;236;7985;DE949;Emsland;Niedersachsen;2021-01-01;2021-12-31;120;2021
1546;C192R187;192;187;7986;DE932;Cuxhaven;Niedersachsen;2021-01-01;2021-12-31;133;2021
1547;C174R252;174;252;7987;DE94F;Vechta;Niedersachsen;2021-01-01;2021-12-31;129;2021
1548;C207R371;207;371;7988;DEA47;Paderborn;Nordrhein-Westfalen;2021-01-01;2021-12-31;128;2021
1549;C277R123;277;123;7989;DEF0D;Segeberg;Schleswig-Holstein;2021-01-01;2021-12-31;117;2021
1550;C435R302;435;302;7990;DEE06;Jerichower Land;Sachsen-Anhalt;2021-01-01;2021-12-31;125;2021
1551;C521R183;521;183;7992;DE40I;Uckermark;Brandenburg;2021-01-01;2021-12-31;119;2021
1552;C199R483;199;483;7993;DE724;Marburg-Biedenkopf;Hessen;2021-01-01;2021-12-31;120;2021
1553;C34R467;34;467;7994;DEA26;Düren;Nordrhein-Westfalen;2021-01-01;2021-12-31;113;2021
1554;C526R455;526;455;7995;DED43;Mittelsachsen;Sachsen;2021-01-01;2021-12-31;119;2021
1555;C299R563;299;563;7996;DE26B;Schweinfurt, Landkreis;Bayern;2021-01-01;2021-12-31;111;2021
1556;C512R142;512;142;7997;DE80J;Mecklenburgische Seenplatte;Mecklenburg-Vorpommern;2021-01-01;2021-12-31;119;2021
1557;C325R601;325;601;7998;DE25A;Neustadt a. d. Aisch-Bad Windsheim;Bayern;2021-01-01;2021-12-31;119;2021
1558;C266R609;266;609;7999;DE11B;Main-Tauber-Kreis;Baden-Württemberg;2021-01-01;2021-12-31;120;2021
1559;C373R545;373;545;8000;DE24C;Lichtenfels;Bayern;2021-01-01;2021-12-31;129;2021
1560;C210R804;210;804;8001;DE138;Konstanz;Baden-Württemberg;2021-01-01;2021-12-31;117;2021
1561;C410R343;410;343;8002;DEE0C;Salzlandkreis;Sachsen-Anhalt;2021-01-01;2021-12-31;104;2021
1562;C364R165;364;165;8003;DE80O;Ludwigslust-Parchim;Mecklenburg-Vorpommern;2021-01-01;2021-12-31;113;2021
1563;C301R563;301;563;8004;DE26B;Schweinfurt, Landkreis;Bayern;2021-01-01;2021-12-31;111;2021
1564;C289R410;289;410;8005;DEG06;Eichsfeld;Thüringen;2021-01-01;2021-12-31;122;2021
1565;C449R113;449;113;8006;DE80K;Landkreis Rostock;Mecklenburg-Vorpommern;2021-01-01;2021-12-31;118;2021
1566;C407R503;407;503;8007;DEG0K;Saale-Orla-Kreis;Thüringen;2021-01-01;2021-12-31;123;2021
1567;C461R294;461;294;8008;DE401;Brandenburg an der Havel, Kreisfreie Stadt;Brandenburg;2021-01-01;2021-12-31;120;2021
1568;C233R62;233;62;8009;DEF07;Nordfriesland;Schleswig-Holstein;2021-01-01;2021-12-31;123;2021
1569;C249R62;249;62;8010;DEF0C;Schleswig-Flensburg;Schleswig-Holstein;2021-01-01;2021-12-31;112;2021
1570;C176R383;176;383;8011;DEA5B;Soest;Nordrhein-Westfalen;2021-01-01;2021-12-31;131;2021
1571;C385R546;385;546;8012;DE24C;Lichtenfels;Bayern;2021-01-01;2021-12-31;118;2021
1572;C619R438;619;438;8013;DED2D;Görlitz;Sachsen;2021-01-01;2021-12-31;119;2021
1573;C221R33;221;33;8014;DEF07;Nordfriesland;Schleswig-Holstein;2021-01-01;2021-12-31;116;2021
1574;C305R270;305;270;8015;DE931;Celle;Niedersachsen;2021-01-01;2021-12-31;113;2021
1575;C418R546;418;546;8016;DE246;Bayreuth, Landkreis;Bayern;2021-01-01;2021-12-31;120;2021
1576;C464R578;464;578;8017;DE23A;Tirschenreuth;Bayern;2021-01-01;2021-12-31;123;2021
1577;C230R33;230;33;8018;DEF0C;Schleswig-Flensburg;Schleswig-Holstein;2021-01-01;2021-12-31;116;2021
1578;C117R331;117;331;8019;DEA37;Steinfurt;Nordrhein-Westfalen;2021-01-01;2021-12-31;106;2021
1579;C453R461;453;461;8020;DEG0M;Altenburger Land;Thüringen;2021-01-01;2021-12-31;119;2021
1580;C299R337;299;337;8021;DE925;Hildesheim;Niedersachsen;2021-01-01;2021-12-31;118;2021
1581;C454R100;454;100;8022;DE80L;Vorpommern-Rügen;Mecklenburg-Vorpommern;2021-01-01;2021-12-31;118;2021
1582;C587R415;587;415;8023;DED2C;Bautzen;Sachsen;2021-01-01;2021-12-31;112;2021
1583;C469R758;469;758;8024;DE21G;Mühldorf a. Inn;Bayern;2021-01-01;2021-12-31;114;2021
1584;C265R144;265;144;8025;DEF09;Pinneberg;Schleswig-Holstein;2021-01-01;2021-12-31;117;2021
1585;C241R396;241;396;8026;DE734;Kassel, Landkreis;Hessen;2021-01-01;2021-12-31;118;2021
1586;C452R137;452;137;8027;DE80K;Landkreis Rostock;Mecklenburg-Vorpommern;2021-01-01;2021-12-31;109;2021
1587;C160R386;160;386;8028;DEA5B;Soest;Nordrhein-Westfalen;2021-01-01;2021-12-31;131;2021
1588;C19R355;19;355;8029;DEA1B;Kleve;Nordrhein-Westfalen;2021-01-01;2021-12-31;115;2021
1589;C455R762;455;762;8030;DE21G;Mühldorf a. Inn;Bayern;2021-01-01;2021-12-31;116;2021
1590;C285R796;285;796;8031;DE148;Ravensburg;Baden-Württemberg;2021-01-01;2021-12-31;113;2021
