projectid;simulationid;vColumn;vRow;vLocationID;vNUTS_ID;vNUTS_NAME;vSTATE_NAME;start_date;end_date;vIDPL;vYear
1;C485R649;485;649;296;DE235;Cham;Bayern;2017-01-01;2017-12-31;90;2017
2;C463R712;463;712;297;DE227;Landshut, Landkreis;Bayern;2017-01-01;2017-12-31;86;2017
3;C179R390;179;390;298;DEA5B;Soest;Nordrhein-Westfalen;2017-01-01;2017-12-31;95;2017
4;C126R594;126;594;299;DEB14;Bad Kreuznach;Rheinland-Pfalz;2017-01-01;2017-12-31;87;2017
5;C215R484;215;484;300;DE725;Vogelsbergkreis;Hessen;2017-01-01;2017-12-31;80;2017
6;C361R776;361;776;301;DE21E;Landsberg am Lech;Bayern;2017-01-01;2017-12-31;88;2017
7;C396R104;396;104;302;DE80K;Landkreis Rostock;Mecklenburg-Vorpommern;2017-01-01;2017-12-31;93;2017
8;C526R163;526;163;303;DE80J;Mecklenburgische Seenplatte;Mecklenburg-Vorpommern;2017-01-01;2017-12-31;81;2017
9;C394R336;394;336;304;DEE07;Börde;Sachsen-Anhalt;2017-01-01;2017-12-31;75;2017
10;C265R66;265;66;305;DEF0B;Rendsburg-Eckernförde;Schleswig-Holstein;2017-01-01;2017-12-31;101;2017
11;C412R339;412;339;306;DEE0C;Salzlandkreis;Sachsen-Anhalt;2017-01-01;2017-12-31;75;2017
12;C233R451;233;451;307;DE735;Schwalm-Eder-Kreis;Hessen;2017-01-01;2017-12-31;79;2017
13;C313R215;313;215;308;DE93A;Uelzen;Niedersachsen;2017-01-01;2017-12-31;72;2017
14;C523R128;523;128;309;DE80N;Vorpommern-Greifswald;Mecklenburg-Vorpommern;2017-01-01;2017-12-31;95;2017
15;C441R143;441;143;310;DE80K;Landkreis Rostock;Mecklenburg-Vorpommern;2017-01-01;2017-12-31;76;2017
16;C471R427;471;427;312;DED52;Leipzig;Sachsen;2017-01-01;2017-12-31;87;2017
17;C516R337;516;337;313;DE40H;Teltow-Fläming;Brandenburg;2017-01-01;2017-12-31;88;2017
18;C341R134;341;134;314;DE80M;Nordwestmecklenburg;Mecklenburg-Vorpommern;2017-01-01;2017-12-31;83;2017
19;C166R570;166;570;315;DEB35;Mainz, Kreisfreie Stadt;Rheinland-Pfalz;2017-01-01;2017-12-31;77;2017
20;C161R521;161;521;316;DE723;Limburg-Weilburg;Hessen;2017-01-01;2017-12-31;74;2017
21;C408R309;408;309;317;DEE06;Jerichower Land;Sachsen-Anhalt;2017-01-01;2017-12-31;81;2017
22;C255R291;255;291;318;DE929;Region Hannover;Niedersachsen;2017-01-01;2017-12-31;83;2017
23;C227R227;227;227;319;DE93B;Verden;Niedersachsen;2017-01-01;2017-12-31;86;2017
24;C560R211;560;211;320;DE40I;Uckermark;Brandenburg;2017-01-01;2017-12-31;81;2017
25;C482R436;482;436;321;DED43;Mittelsachsen;Sachsen;2017-01-01;2017-12-31;87;2017
26;C269R506;269;506;322;DE732;Fulda;Hessen;2017-01-01;2017-12-31;72;2017
27;C423R215;423;215;323;DE40F;Prignitz;Brandenburg;2017-01-01;2017-12-31;86;2017
28;C237R481;237;481;324;DE725;Vogelsbergkreis;Hessen;2017-01-01;2017-12-31;78;2017
29;C253R36;253;36;325;DEF0C;Schleswig-Flensburg;Schleswig-Holstein;2017-01-01;2017-12-31;101;2017
30;C37R607;37;607;326;DEB25;Trier-Saarburg;Rheinland-Pfalz;2017-01-01;2017-12-31;73;2017
31;C554R206;554;206;327;DE40I;Uckermark;Brandenburg;2017-01-01;2017-12-31;81;2017
32;C524R187;524;187;328;DE40I;Uckermark;Brandenburg;2017-01-01;2017-12-31;81;2017
33;C155R525;155;525;329;DE723;Limburg-Weilburg;Hessen;2017-01-01;2017-12-31;74;2017
34;C178R218;178;218;330;DE94D;Oldenburg, Landkreis;Niedersachsen;2017-01-01;2017-12-31;90;2017
35;C148R592;148;592;331;DEB3B;Alzey-Worms;Rheinland-Pfalz;2017-01-01;2017-12-31;98;2017
36;C308R631;308;631;332;DE256;Ansbach, Landkreis;Bayern;2017-01-01;2017-12-31;75;2017
37;C180R462;180;462;333;DE724;Marburg-Biedenkopf;Hessen;2017-01-01;2017-12-31;79;2017
38;C500R102;500;102;334;DE80N;Vorpommern-Greifswald;Mecklenburg-Vorpommern;2017-01-01;2017-12-31;95;2017
39;C363R401;363;401;335;DEE0A;Mansfeld-Südharz;Sachsen-Anhalt;2017-01-01;2017-12-31;83;2017
40;C433R508;433;508;336;DED44;Vogtlandkreis;Sachsen;2017-01-01;2017-12-31;89;2017
41;C351R179;351;179;337;DE80O;Ludwigslust-Parchim;Mecklenburg-Vorpommern;2017-01-01;2017-12-31;75;2017
42;C251R230;251;230;338;DE937;Rotenburg (Wümme);Niedersachsen;2017-01-01;2017-12-31;90;2017
43;C301R582;301;582;339;DE268;Kitzingen;Bayern;2017-01-01;2017-12-31;77;2017
44;C313R505;313;505;340;DEG0Q;Schmalkalden-Meiningen;Thüringen;2017-01-01;2017-12-31;86;2017
45;C290R252;290;252;341;DE931;Celle;Niedersachsen;2017-01-01;2017-12-31;74;2017
46;C422R152;422;152;342;DE80O;Ludwigslust-Parchim;Mecklenburg-Vorpommern;2017-01-01;2017-12-31;76;2017
47;C216R274;216;274;343;DE927;Nienburg (Weser);Niedersachsen;2017-01-01;2017-12-31;74;2017
48;C305R543;305;543;344;DE265;Bad Kissingen;Bayern;2017-01-01;2017-12-31;75;2017
49;C161R333;161;333;345;DEA42;Gütersloh;Nordrhein-Westfalen;2017-01-01;2017-12-31;88;2017
50;C214R280;214;280;346;DE927;Nienburg (Weser);Niedersachsen;2017-01-01;2017-12-31;88;2017
51;C343R453;343;453;348;DEG0C;Gotha;Thüringen;2017-01-01;2017-12-31;75;2017
52;C447R226;447;226;349;DE40D;Ostprignitz-Ruppin;Brandenburg;2017-01-01;2017-12-31;89;2017
53;C537R417;537;417;350;DED2E;Meißen;Sachsen;2017-01-01;2017-12-31;84;2017
54;C523R713;523;713;351;DE228;Passau, Landkreis;Bayern;2017-01-01;2017-12-31;83;2017
55;C547R709;547;709;352;DE222;Passau, Kreisfreie Stadt;Bayern;2017-01-01;2017-12-31;83;2017
56;C228R340;228;340;353;DEA45;Lippe;Nordrhein-Westfalen;2017-01-01;2017-12-31;83;2017
57;C268R224;268;224;354;DE938;Heidekreis;Niedersachsen;2017-01-01;2017-12-31;98;2017
58;C365R630;365;630;355;DE254;Nürnberg, Kreisfreie Stadt;Bayern;2017-01-01;2017-12-31;74;2017
59;C439R109;439;109;356;DE80K;Landkreis Rostock;Mecklenburg-Vorpommern;2017-01-01;2017-12-31;95;2017
60;C255R796;255;796;357;DE148;Ravensburg;Baden-Württemberg;2017-01-01;2017-12-31;76;2017
61;C450R146;450;146;358;DE80K;Landkreis Rostock;Mecklenburg-Vorpommern;2017-01-01;2017-12-31;76;2017
62;C439R464;439;464;359;DEG02;Gera, Kreisfreie Stadt;Thüringen;2017-01-01;2017-12-31;90;2017
63;C568R209;568;209;360;DE40I;Uckermark;Brandenburg;2017-01-01;2017-12-31;81;2017
64;C363R419;363;419;361;DEG0D;Sömmerda;Thüringen;2017-01-01;2017-12-31;72;2017
65;C277R189;277;189;362;DE933;Harburg;Niedersachsen;2017-01-01;2017-12-31;103;2017
66;C52R501;52;501;363;DEA28;Euskirchen;Nordrhein-Westfalen;2017-01-01;2017-12-31;74;2017
67;C331R530;331;530;364;DE266;Rhön-Grabfeld;Bayern;2017-01-01;2017-12-31;74;2017
68;C552R358;552;358;365;DE40B;Oberspreewald-Lausitz;Brandenburg;2017-01-01;2017-12-31;88;2017
69;C312R516;312;516;366;DE266;Rhön-Grabfeld;Bayern;2017-01-01;2017-12-31;74;2017
70;C529R166;529;166;368;DE80J;Mecklenburgische Seenplatte;Mecklenburg-Vorpommern;2017-01-01;2017-12-31;81;2017
71;C385R465;385;465;369;DEG0G;Weimarer Land;Thüringen;2017-01-01;2017-12-31;88;2017
72;C331R121;331;121;370;DEF08;Ostholstein;Schleswig-Holstein;2017-01-01;2017-12-31;83;2017
73;C171R244;171;244;371;DE94F;Vechta;Niedersachsen;2017-01-01;2017-12-31;79;2017
74;C546R196;546;196;372;DE40I;Uckermark;Brandenburg;2017-01-01;2017-12-31;81;2017
75;C331R675;331;675;373;DE27D;Donau-Ries;Bayern;2017-01-01;2017-12-31;76;2017
76;C406R164;406;164;374;DE80O;Ludwigslust-Parchim;Mecklenburg-Vorpommern;2017-01-01;2017-12-31;86;2017
77;C263R779;263;779;375;DE146;Biberach;Baden-Württemberg;2017-01-01;2017-12-31;76;2017
78;C274R819;274;819;376;DE148;Ravensburg;Baden-Württemberg;2017-01-01;2017-12-31;76;2017
79;C165R205;165;205;377;DE946;Ammerland;Niedersachsen;2017-01-01;2017-12-31;90;2017
80;C184R254;184;254;378;DE922;Diepholz;Niedersachsen;2017-01-01;2017-12-31;79;2017
81;C459R126;459;126;379;DE80K;Landkreis Rostock;Mecklenburg-Vorpommern;2017-01-01;2017-12-31;95;2017
82;C86R384;86;384;380;DEA32;Gelsenkirchen, Kreisfreie Stadt;Nordrhein-Westfalen;2017-01-01;2017-12-31;76;2017
83;C237R394;237;394;381;DEA44;Höxter;Nordrhein-Westfalen;2017-01-01;2017-12-31;83;2017
84;C140R261;140;261;382;DE948;Cloppenburg;Niedersachsen;2017-01-01;2017-12-31;74;2017
85;C334R569;334;569;383;DE267;Haßberge;Bayern;2017-01-01;2017-12-31;74;2017
86;C435R520;435;520;384;DED44;Vogtlandkreis;Sachsen;2017-01-01;2017-12-31;77;2017
87;C332R573;332;573;386;DE267;Haßberge;Bayern;2017-01-01;2017-12-31;74;2017
88;C295R635;295;635;387;DE11A;Schwäbisch Hall;Baden-Württemberg;2017-01-01;2017-12-31;75;2017
89;C498R330;498;330;388;DE40H;Teltow-Fläming;Brandenburg;2017-01-01;2017-12-31;75;2017
90;C298R294;298;294;389;DE929;Region Hannover;Niedersachsen;2017-01-01;2017-12-31;71;2017
91;C363R321;363;321;390;DEE07;Börde;Sachsen-Anhalt;2017-01-01;2017-12-31;86;2017
92;C117R357;117;357;391;DEA35;Coesfeld;Nordrhein-Westfalen;2017-01-01;2017-12-31;88;2017
93;C395R115;395;115;392;DE80K;Landkreis Rostock;Mecklenburg-Vorpommern;2017-01-01;2017-12-31;93;2017
94;C52R445;52;445;393;DEA1D;Rhein-Kreis Neuss;Nordrhein-Westfalen;2017-01-01;2017-12-31;82;2017
95;C407R279;407;279;394;DEE0D;Stendal;Sachsen-Anhalt;2017-01-01;2017-12-31;81;2017
96;C554R179;554;179;395;DE40I;Uckermark;Brandenburg;2017-01-01;2017-12-31;81;2017
97;C261R246;261;246;396;DE938;Heidekreis;Niedersachsen;2017-01-01;2017-12-31;90;2017
98;C231R768;231;768;397;DE143;Zollernalbkreis;Baden-Württemberg;2017-01-01;2017-12-31;76;2017
99;C32R574;32;574;399;DEB23;Eifelkreis Bitburg-Prüm;Rheinland-Pfalz;2017-01-01;2017-12-31;84;2017
100;C316R255;316;255;400;DE914;Gifhorn;Niedersachsen;2017-01-01;2017-12-31;89;2017
101;C135R541;135;541;401;DEB1A;Rhein-Lahn-Kreis;Rheinland-Pfalz;2017-01-01;2017-12-31;83;2017
102;C428R141;428;141;402;DE80K;Landkreis Rostock;Mecklenburg-Vorpommern;2017-01-01;2017-12-31;76;2017
103;C590R273;590;273;403;DE409;Märkisch-Oderland;Brandenburg;2017-01-01;2017-12-31;90;2017
104;C300R289;300;289;404;DE929;Region Hannover;Niedersachsen;2017-01-01;2017-12-31;79;2017
105;C435R731;435;731;405;DE21B;Freising;Bayern;2017-01-01;2017-12-31;76;2017
106;C381R139;381;139;406;DE80M;Nordwestmecklenburg;Mecklenburg-Vorpommern;2017-01-01;2017-12-31;93;2017
107;C304R228;304;228;407;DE93A;Uelzen;Niedersachsen;2017-01-01;2017-12-31;72;2017
108;C7R442;7;442;408;DEA29;Heinsberg;Nordrhein-Westfalen;2017-01-01;2017-12-31;82;2017
109;C121R350;121;350;409;DEA33;Münster, Kreisfreie Stadt;Nordrhein-Westfalen;2017-01-01;2017-12-31;92;2017
110;C207R192;207;192;410;DE936;Osterholz;Niedersachsen;2017-01-01;2017-12-31;100;2017
111;C248R622;248;622;411;DE127;Neckar-Odenwald-Kreis;Baden-Württemberg;2017-01-01;2017-12-31;96;2017
112;C386R465;386;465;412;DEG0G;Weimarer Land;Thüringen;2017-01-01;2017-12-31;88;2017
113;C314R516;314;516;413;DE266;Rhön-Grabfeld;Bayern;2017-01-01;2017-12-31;74;2017
114;C433R109;433;109;414;DE80K;Landkreis Rostock;Mecklenburg-Vorpommern;2017-01-01;2017-12-31;95;2017
115;C126R397;126;397;415;DEA5C;Unna;Nordrhein-Westfalen;2017-01-01;2017-12-31;87;2017
116;C402R757;402;757;416;DE217;Dachau;Bayern;2017-01-01;2017-12-31;74;2017
117;C504R102;504;102;417;DE80N;Vorpommern-Greifswald;Mecklenburg-Vorpommern;2017-01-01;2017-12-31;95;2017
118;C183R574;183;574;419;DE717;Groß-Gerau;Hessen;2017-01-01;2017-12-31;65;2017
119;C437R651;437;651;420;DE238;Regensburg, Landkreis;Bayern;2017-01-01;2017-12-31;76;2017
120;C413R747;413;747;421;DE21B;Freising;Bayern;2017-01-01;2017-12-31;76;2017
121;C152R522;152;522;422;DEB1A;Rhein-Lahn-Kreis;Rheinland-Pfalz;2017-01-01;2017-12-31;74;2017
122;C234R300;234;300;423;DE928;Schaumburg;Niedersachsen;2017-01-01;2017-12-31;83;2017
123;C348R532;348;532;424;DEG0E;Hildburghausen;Thüringen;2017-01-01;2017-12-31;103;2017
124;C306R264;306;264;425;DE931;Celle;Niedersachsen;2017-01-01;2017-12-31;62;2017
125;C616R409;616;409;426;DED2D;Görlitz;Sachsen;2017-01-01;2017-12-31;76;2017
126;C168R527;168;527;427;DE723;Limburg-Weilburg;Hessen;2017-01-01;2017-12-31;74;2017
127;C351R230;351;230;428;DE934;Lüchow-Dannenberg;Niedersachsen;2017-01-01;2017-12-31;84;2017
128;C462R94;462;94;429;DE80L;Vorpommern-Rügen;Mecklenburg-Vorpommern;2017-01-01;2017-12-31;95;2017
129;C371R299;371;299;430;DEE07;Börde;Sachsen-Anhalt;2017-01-01;2017-12-31;86;2017
130;C561R208;561;208;431;DE40I;Uckermark;Brandenburg;2017-01-01;2017-12-31;81;2017
131;C456R527;456;527;432;DED44;Vogtlandkreis;Sachsen;2017-01-01;2017-12-31;77;2017
132;C429R309;429;309;433;DEE06;Jerichower Land;Sachsen-Anhalt;2017-01-01;2017-12-31;72;2017
133;C413R125;413;125;434;DE80K;Landkreis Rostock;Mecklenburg-Vorpommern;2017-01-01;2017-12-31;76;2017
134;C618R425;618;425;435;DED2D;Görlitz;Sachsen;2017-01-01;2017-12-31;87;2017
135;C269R44;269;44;436;DEF0C;Schleswig-Flensburg;Schleswig-Holstein;2017-01-01;2017-12-31;101;2017
136;C133R250;133;250;437;DE948;Cloppenburg;Niedersachsen;2017-01-01;2017-12-31;74;2017
137;C421R660;421;660;438;DE238;Regensburg, Landkreis;Bayern;2017-01-01;2017-12-31;80;2017
138;C288R335;288;335;439;DE925;Hildesheim;Niedersachsen;2017-01-01;2017-12-31;82;2017
139;C237R298;237;298;440;DE928;Schaumburg;Niedersachsen;2017-01-01;2017-12-31;83;2017
140;C188R465;188;465;441;DE724;Marburg-Biedenkopf;Hessen;2017-01-01;2017-12-31;79;2017
141;C452R727;452;727;442;DE227;Landshut, Landkreis;Bayern;2017-01-01;2017-12-31;87;2017
142;C471R353;471;353;443;DEE0E;Wittenberg;Sachsen-Anhalt;2017-01-01;2017-12-31;75;2017
143;C426R241;426;241;444;DEE0D;Stendal;Sachsen-Anhalt;2017-01-01;2017-12-31;89;2017
144;C341R346;341;346;445;DEE09;Harz;Sachsen-Anhalt;2017-01-01;2017-12-31;86;2017
145;C190R823;190;823;446;DE13A;Waldshut;Baden-Württemberg;2017-01-01;2017-12-31;80;2017
146;C211R332;211;332;447;DEA45;Lippe;Nordrhein-Westfalen;2017-01-01;2017-12-31;83;2017
147;C456R590;456;590;448;DE237;Neustadt a. d. Waldnaab;Bayern;2017-01-01;2017-12-31;91;2017
148;C300R296;300;296;449;DE91A;Peine;Niedersachsen;2017-01-01;2017-12-31;71;2017
149;C538R405;538;405;450;DED2E;Meißen;Sachsen;2017-01-01;2017-12-31;84;2017
150;C281R139;281;139;451;DEF0D;Segeberg;Schleswig-Holstein;2017-01-01;2017-12-31;95;2017
151;C232R233;232;233;452;DE93B;Verden;Niedersachsen;2017-01-01;2017-12-31;86;2017
152;C330R86;330;86;453;DEF0A;Plön;Schleswig-Holstein;2017-01-01;2017-12-31;93;2017
153;C201R728;201;728;454;DE12A;Calw;Baden-Württemberg;2017-01-01;2017-12-31;67;2017
154;C256R475;256;475;455;DE733;Hersfeld-Rotenburg;Hessen;2017-01-01;2017-12-31;88;2017
155;C547R244;547;244;456;DE405;Barnim;Brandenburg;2017-01-01;2017-12-31;81;2017
156;C267R212;267;212;457;DE938;Heidekreis;Niedersachsen;2017-01-01;2017-12-31;98;2017
157;C333R191;333;191;458;DE935;Lüneburg, Landkreis;Niedersachsen;2017-01-01;2017-12-31;75;2017
158;C327R712;327;712;459;DE277;Dillingen a.d. Donau;Bayern;2017-01-01;2017-12-31;76;2017
159;C225R340;225;340;460;DEA45;Lippe;Nordrhein-Westfalen;2017-01-01;2017-12-31;83;2017
160;C306R227;306;227;462;DE93A;Uelzen;Niedersachsen;2017-01-01;2017-12-31;72;2017
161;C431R738;431;738;463;DE21A;Erding;Bayern;2017-01-01;2017-12-31;76;2017
162;C93R514;93;514;464;DEB12;Ahrweiler;Rheinland-Pfalz;2017-01-01;2017-12-31;75;2017
163;C546R348;546;348;465;DE406;Dahme-Spreewald;Brandenburg;2017-01-01;2017-12-31;88;2017
164;C367R284;367;284;466;DEE04;Altmarkkreis Salzwedel;Sachsen-Anhalt;2017-01-01;2017-12-31;76;2017
165;C107R358;107;358;467;DEA35;Coesfeld;Nordrhein-Westfalen;2017-01-01;2017-12-31;92;2017
166;C328R394;328;394;468;DEG07;Nordhausen;Thüringen;2017-01-01;2017-12-31;79;2017
167;C275R54;275;54;469;DEF0B;Rendsburg-Eckernförde;Schleswig-Holstein;2017-01-01;2017-12-31;101;2017
168;C552R423;552;423;470;DED2E;Meißen;Sachsen;2017-01-01;2017-12-31;84;2017
169;C295R437;295;437;471;DE737;Werra-Meißner-Kreis;Hessen;2017-01-01;2017-12-31;86;2017
170;C545R350;545;350;472;DE406;Dahme-Spreewald;Brandenburg;2017-01-01;2017-12-31;88;2017
171;C222R288;222;288;473;DEA46;Minden-Lübbecke;Nordrhein-Westfalen;2017-01-01;2017-12-31;88;2017
172;C358R517;358;517;474;DEG0E;Hildburghausen;Thüringen;2017-01-01;2017-12-31;103;2017
173;C224R470;224;470;475;DE724;Marburg-Biedenkopf;Hessen;2017-01-01;2017-12-31;86;2017
174;C63R464;63;464;476;DEA27;Rhein-Erft-Kreis;Nordrhein-Westfalen;2017-01-01;2017-12-31;74;2017
175;C344R451;344;451;477;DEG0C;Gotha;Thüringen;2017-01-01;2017-12-31;75;2017
176;C307R658;307;658;479;DE11A;Schwäbisch Hall;Baden-Württemberg;2017-01-01;2017-12-31;76;2017
177;C473R353;473;353;480;DEE0E;Wittenberg;Sachsen-Anhalt;2017-01-01;2017-12-31;75;2017
178;C485R387;485;387;481;DED53;Nordsachsen;Sachsen;2017-01-01;2017-12-31;75;2017
179;C223R344;223;344;483;DEA45;Lippe;Nordrhein-Westfalen;2017-01-01;2017-12-31;83;2017
180;C460R161;460;161;484;DE80J;Mecklenburgische Seenplatte;Mecklenburg-Vorpommern;2017-01-01;2017-12-31;76;2017
181;C365R266;365;266;485;DEE04;Altmarkkreis Salzwedel;Sachsen-Anhalt;2017-01-01;2017-12-31;76;2017
182;C167R574;167;574;486;DEB3J;Mainz-Bingen;Rheinland-Pfalz;2017-01-01;2017-12-31;77;2017
183;C330R512;330;512;487;DEG0Q;Schmalkalden-Meiningen;Thüringen;2017-01-01;2017-12-31;74;2017
184;C212R333;212;333;488;DEA45;Lippe;Nordrhein-Westfalen;2017-01-01;2017-12-31;83;2017
185;C537R421;537;421;489;DED2E;Meißen;Sachsen;2017-01-01;2017-12-31;84;2017
186;C304R741;304;741;490;DE279;Neu-Ulm;Bayern;2017-01-01;2017-12-31;79;2017
187;C374R130;374;130;491;DE80M;Nordwestmecklenburg;Mecklenburg-Vorpommern;2017-01-01;2017-12-31;93;2017
188;C356R291;356;291;492;DEE07;Börde;Sachsen-Anhalt;2017-01-01;2017-12-31;76;2017
189;C164R679;164;679;493;DE124;Rastatt;Baden-Württemberg;2017-01-01;2017-12-31;86;2017
190;C197R300;197;300;494;DEA46;Minden-Lübbecke;Nordrhein-Westfalen;2017-01-01;2017-12-31;88;2017
191;C239R474;239;474;495;DE725;Vogelsbergkreis;Hessen;2017-01-01;2017-12-31;78;2017
192;C426R774;426;774;496;DE21H;München, Landkreis;Bayern;2017-01-01;2017-12-31;74;2017
193;C161R534;161;534;497;DE71D;Rheingau-Taunus-Kreis;Hessen;2017-01-01;2017-12-31;74;2017
194;C454R355;454;355;498;DEE0E;Wittenberg;Sachsen-Anhalt;2017-01-01;2017-12-31;74;2017
195;C455R382;455;382;499;DED53;Nordsachsen;Sachsen;2017-01-01;2017-12-31;75;2017
196;C427R121;427;121;500;DE80K;Landkreis Rostock;Mecklenburg-Vorpommern;2017-01-01;2017-12-31;76;2017
197;C479R72;479;72;501;DE80L;Vorpommern-Rügen;Mecklenburg-Vorpommern;2017-01-01;2017-12-31;95;2017
198;C466R277;466;277;502;DE40E;Potsdam-Mittelmark;Brandenburg;2017-01-01;2017-12-31;81;2017
199;C583R440;583;440;503;DED2F;Sächsische Schweiz-Osterzgebirge;Sachsen;2017-01-01;2017-12-31;87;2017
200;C500R70;500;70;504;DE80L;Vorpommern-Rügen;Mecklenburg-Vorpommern;2017-01-01;2017-12-31;95;2017
201;C105R247;105;247;505;DE949;Emsland;Niedersachsen;2017-01-01;2017-12-31;89;2017
202;C356R168;356;168;506;DE80O;Ludwigslust-Parchim;Mecklenburg-Vorpommern;2017-01-01;2017-12-31;75;2017
203;C298R107;298;107;507;DEF0A;Plön;Schleswig-Holstein;2017-01-01;2017-12-31;103;2017
204;C246R290;246;290;508;DE929;Region Hannover;Niedersachsen;2017-01-01;2017-12-31;83;2017
205;C464R423;464;423;509;DED52;Leipzig;Sachsen;2017-01-01;2017-12-31;75;2017
206;C177R306;177;306;510;DE94E;Osnabrück, Landkreis;Niedersachsen;2017-01-01;2017-12-31;88;2017
207;C377R146;377;146;511;DE80M;Nordwestmecklenburg;Mecklenburg-Vorpommern;2017-01-01;2017-12-31;93;2017
208;C308R419;308;419;512;DEG06;Eichsfeld;Thüringen;2017-01-01;2017-12-31;84;2017
209;C117R493;117;493;513;DEB18;Neuwied;Rheinland-Pfalz;2017-01-01;2017-12-31;91;2017
210;C355R91;355;91;514;DEF08;Ostholstein;Schleswig-Holstein;2017-01-01;2017-12-31;93;2017
211;C289R415;289;415;515;DEG06;Eichsfeld;Thüringen;2017-01-01;2017-12-31;76;2017
212;C255R134;255;134;516;DEF0E;Steinburg;Schleswig-Holstein;2017-01-01;2017-12-31;95;2017
213;C525R723;525;723;517;DE228;Passau, Landkreis;Bayern;2017-01-01;2017-12-31;83;2017
214;C457R128;457;128;518;DE80K;Landkreis Rostock;Mecklenburg-Vorpommern;2017-01-01;2017-12-31;95;2017
215;C321R307;321;307;519;DE911;Braunschweig, Kreisfreie Stadt;Niedersachsen;2017-01-01;2017-12-31;71;2017
216;C247R757;247;757;520;DE141;Reutlingen;Baden-Württemberg;2017-01-01;2017-12-31;76;2017
217;C420R144;420;144;521;DE80K;Landkreis Rostock;Mecklenburg-Vorpommern;2017-01-01;2017-12-31;76;2017
218;C215R690;215;690;522;DE112;Böblingen;Baden-Württemberg;2017-01-01;2017-12-31;75;2017
219;C350R86;350;86;523;DEF08;Ostholstein;Schleswig-Holstein;2017-01-01;2017-12-31;93;2017
220;C283R93;283;93;524;DEF0B;Rendsburg-Eckernförde;Schleswig-Holstein;2017-01-01;2017-12-31;103;2017
221;C516R727;516;727;525;DE22A;Rottal-Inn;Bayern;2017-01-01;2017-12-31;89;2017
222;C171R396;171;396;526;DEA5B;Soest;Nordrhein-Westfalen;2017-01-01;2017-12-31;93;2017
223;C505R170;505;170;527;DE80J;Mecklenburgische Seenplatte;Mecklenburg-Vorpommern;2017-01-01;2017-12-31;81;2017
224;C355R139;355;139;528;DE80M;Nordwestmecklenburg;Mecklenburg-Vorpommern;2017-01-01;2017-12-31;93;2017
225;C363R209;363;209;529;DE934;Lüchow-Dannenberg;Niedersachsen;2017-01-01;2017-12-31;75;2017
226;C564R188;564;188;530;DE40I;Uckermark;Brandenburg;2017-01-01;2017-12-31;81;2017
227;C102R552;102;552;531;DEB1D;Rhein-Hunsrück-Kreis;Rheinland-Pfalz;2017-01-01;2017-12-31;86;2017
228;C497R146;497;146;532;DE80J;Mecklenburgische Seenplatte;Mecklenburg-Vorpommern;2017-01-01;2017-12-31;95;2017
229;C289R708;289;708;533;DE114;Göppingen;Baden-Württemberg;2017-01-01;2017-12-31;87;2017
230;C396R113;396;113;534;DE80K;Landkreis Rostock;Mecklenburg-Vorpommern;2017-01-01;2017-12-31;93;2017
231;C47R579;47;579;535;DEB25;Trier-Saarburg;Rheinland-Pfalz;2017-01-01;2017-12-31;84;2017
232;C259R67;259;67;536;DEF0C;Schleswig-Flensburg;Schleswig-Holstein;2017-01-01;2017-12-31;101;2017
233;C283R475;283;475;537;DE733;Hersfeld-Rotenburg;Hessen;2017-01-01;2017-12-31;72;2017
234;C497R360;497;360;538;DEE0E;Wittenberg;Sachsen-Anhalt;2017-01-01;2017-12-31;75;2017
235;C455R372;455;372;539;DEE05;Anhalt-Bitterfeld;Sachsen-Anhalt;2017-01-01;2017-12-31;75;2017
236;C458R727;458;727;540;DE227;Landshut, Landkreis;Bayern;2017-01-01;2017-12-31;87;2017
237;C277R353;277;353;541;DE918;Northeim;Niedersachsen;2017-01-01;2017-12-31;82;2017
238;C321R596;321;596;543;DE25A;Neustadt a. d. Aisch-Bad Windsheim;Bayern;2017-01-01;2017-12-31;79;2017
239;C95R553;95;553;544;DEB1C;Cochem-Zell;Rheinland-Pfalz;2017-01-01;2017-12-31;86;2017
240;C101R341;101;341;545;DEA35;Coesfeld;Nordrhein-Westfalen;2017-01-01;2017-12-31;92;2017
241;C440R463;440;463;546;DEG02;Gera, Kreisfreie Stadt;Thüringen;2017-01-01;2017-12-31;90;2017
242;C535R461;535;461;547;DED43;Mittelsachsen;Sachsen;2017-01-01;2017-12-31;76;2017
243;C553R198;553;198;548;DE40I;Uckermark;Brandenburg;2017-01-01;2017-12-31;81;2017
244;C234R791;234;791;549;DE149;Sigmaringen;Baden-Württemberg;2017-01-01;2017-12-31;76;2017
245;C284R709;284;709;550;DE114;Göppingen;Baden-Württemberg;2017-01-01;2017-12-31;87;2017
246;C358R553;358;553;551;DE24C;Lichtenfels;Bayern;2017-01-01;2017-12-31;86;2017
247;C245R780;245;780;552;DE149;Sigmaringen;Baden-Württemberg;2017-01-01;2017-12-31;76;2017
248;C473R401;473;401;553;DED52;Leipzig;Sachsen;2017-01-01;2017-12-31;75;2017
249;C213R728;213;728;554;DE142;Tübingen, Landkreis;Baden-Württemberg;2017-01-01;2017-12-31;67;2017
250;C422R446;422;446;555;DEG0J;Saale-Holzland-Kreis;Thüringen;2017-01-01;2017-12-31;90;2017
251;C129R469;129;469;556;DEB13;Altenkirchen (Westerwald);Rheinland-Pfalz;2017-01-01;2017-12-31;93;2017
252;C469R402;469;402;557;DED53;Nordsachsen;Sachsen;2017-01-01;2017-12-31;75;2017
253;C308R286;308;286;558;DE914;Gifhorn;Niedersachsen;2017-01-01;2017-12-31;79;2017
254;C265R30;265;30;559;DEF0C;Schleswig-Flensburg;Schleswig-Holstein;2017-01-01;2017-12-31;101;2017
255;C364R549;364;549;560;DE24C;Lichtenfels;Bayern;2017-01-01;2017-12-31;91;2017
256;C366R155;366;155;561;DE80M;Nordwestmecklenburg;Mecklenburg-Vorpommern;2017-01-01;2017-12-31;93;2017
257;C540R166;540;166;562;DE40I;Uckermark;Brandenburg;2017-01-01;2017-12-31;81;2017
258;C460R279;460;279;563;DE40E;Potsdam-Mittelmark;Brandenburg;2017-01-01;2017-12-31;81;2017
259;C205R270;205;270;564;DE922;Diepholz;Niedersachsen;2017-01-01;2017-12-31;79;2017
260;C214R381;214;381;565;DEA47;Paderborn;Nordrhein-Westfalen;2017-01-01;2017-12-31;83;2017
261;C498R168;498;168;566;DE80J;Mecklenburgische Seenplatte;Mecklenburg-Vorpommern;2017-01-01;2017-12-31;76;2017
262;C451R139;451;139;567;DE80K;Landkreis Rostock;Mecklenburg-Vorpommern;2017-01-01;2017-12-31;76;2017
263;C482R251;482;251;568;DE40D;Ostprignitz-Ruppin;Brandenburg;2017-01-01;2017-12-31;81;2017
264;C551R198;551;198;569;DE40I;Uckermark;Brandenburg;2017-01-01;2017-12-31;81;2017
265;C443R510;443;510;570;DED44;Vogtlandkreis;Sachsen;2017-01-01;2017-12-31;89;2017
266;C413R647;413;647;571;DE236;Neumarkt i. d. OPf.;Bayern;2017-01-01;2017-12-31;80;2017
267;C301R536;301;536;572;DE265;Bad Kissingen;Bayern;2017-01-01;2017-12-31;74;2017
268;C200R481;200;481;573;DE724;Marburg-Biedenkopf;Hessen;2017-01-01;2017-12-31;86;2017
269;C317R624;317;624;574;DE25A;Neustadt a. d. Aisch-Bad Windsheim;Bayern;2017-01-01;2017-12-31;86;2017
270;C415R117;415;117;575;DE80K;Landkreis Rostock;Mecklenburg-Vorpommern;2017-01-01;2017-12-31;76;2017
271;C311R566;311;566;576;DE26B;Schweinfurt, Landkreis;Bayern;2017-01-01;2017-12-31;71;2017
272;C167R592;167;592;577;DEB3B;Alzey-Worms;Rheinland-Pfalz;2017-01-01;2017-12-31;72;2017
273;C273R457;273;457;578;DE733;Hersfeld-Rotenburg;Hessen;2017-01-01;2017-12-31;72;2017
274;C196R338;196;338;579;DEA45;Lippe;Nordrhein-Westfalen;2017-01-01;2017-12-31;110;2017
275;C512R143;512;143;580;DE80J;Mecklenburgische Seenplatte;Mecklenburg-Vorpommern;2017-01-01;2017-12-31;95;2017
276;C429R194;429;194;581;DE40F;Prignitz;Brandenburg;2017-01-01;2017-12-31;86;2017
277;C359R630;359;630;582;DE258;Fürth, Landkreis;Bayern;2017-01-01;2017-12-31;74;2017
278;C455R552;455;552;583;DE23A;Tirschenreuth;Bayern;2017-01-01;2017-12-31;96;2017
279;C392R314;392;314;584;DEE07;Börde;Sachsen-Anhalt;2017-01-01;2017-12-31;75;2017
280;C383R408;383;408;585;DEG0A;Kyffhäuserkreis;Thüringen;2017-01-01;2017-12-31;83;2017
281;C448R79;448;79;586;DE80L;Vorpommern-Rügen;Mecklenburg-Vorpommern;2017-01-01;2017-12-31;79;2017
282;C63R483;63;483;587;DEA28;Euskirchen;Nordrhein-Westfalen;2017-01-01;2017-12-31;84;2017
283;C447R314;447;314;588;DE40E;Potsdam-Mittelmark;Brandenburg;2017-01-01;2017-12-31;74;2017
284;C491R138;491;138;589;DE80J;Mecklenburgische Seenplatte;Mecklenburg-Vorpommern;2017-01-01;2017-12-31;95;2017
285;C519R113;519;113;590;DE80N;Vorpommern-Greifswald;Mecklenburg-Vorpommern;2017-01-01;2017-12-31;95;2017
286;C541R400;541;400;591;DED2E;Meißen;Sachsen;2017-01-01;2017-12-31;84;2017
287;C146R514;146;514;592;DEB1B;Westerwaldkreis;Rheinland-Pfalz;2017-01-01;2017-12-31;86;2017
288;C494R429;494;429;593;DED43;Mittelsachsen;Sachsen;2017-01-01;2017-12-31;87;2017
289;C442R442;442;442;594;DEE08;Burgenlandkreis;Sachsen-Anhalt;2017-01-01;2017-12-31;90;2017
290;C252R271;252;271;595;DE929;Region Hannover;Niedersachsen;2017-01-01;2017-12-31;83;2017
291;C334R636;334;636;596;DE251;Ansbach, Kreisfreie Stadt;Bayern;2017-01-01;2017-12-31;87;2017
292;C533R460;533;460;597;DED43;Mittelsachsen;Sachsen;2017-01-01;2017-12-31;76;2017
293;C60R600;60;600;598;DEB25;Trier-Saarburg;Rheinland-Pfalz;2017-01-01;2017-12-31;73;2017
294;C228R276;228;276;599;DE927;Nienburg (Weser);Niedersachsen;2017-01-01;2017-12-31;74;2017
295;C495R337;495;337;600;DE40H;Teltow-Fläming;Brandenburg;2017-01-01;2017-12-31;75;2017
296;C520R132;520;132;601;DE80N;Vorpommern-Greifswald;Mecklenburg-Vorpommern;2017-01-01;2017-12-31;95;2017
297;C615R367;615;367;602;DE40G;Spree-Neiße;Brandenburg;2017-01-01;2017-12-31;86;2017
298;C272R807;272;807;603;DE148;Ravensburg;Baden-Württemberg;2017-01-01;2017-12-31;76;2017
299;C154R515;154;515;604;DE723;Limburg-Weilburg;Hessen;2017-01-01;2017-12-31;74;2017
300;C305R73;305;73;605;DEF0A;Plön;Schleswig-Holstein;2017-01-01;2017-12-31;103;2017
301;C188R357;188;357;606;DEA42;Gütersloh;Nordrhein-Westfalen;2017-01-01;2017-12-31;110;2017
302;C447R143;447;143;607;DE80K;Landkreis Rostock;Mecklenburg-Vorpommern;2017-01-01;2017-12-31;76;2017
303;C467R422;467;422;608;DED52;Leipzig;Sachsen;2017-01-01;2017-12-31;75;2017
304;C330R429;330;429;609;DEG09;Unstrut-Hainich-Kreis;Thüringen;2017-01-01;2017-12-31;74;2017
305;C284R769;284;769;610;DE146;Biberach;Baden-Württemberg;2017-01-01;2017-12-31;83;2017
306;C474R776;474;776;611;DE21M;Traunstein;Bayern;2017-01-01;2017-12-31;91;2017
307;C426R497;426;497;2039;DED44;Vogtlandkreis;Sachsen;2018-01-01;2018-12-31;99;2018
308;C268R729;268;729;2040;DE145;Alb-Donau-Kreis;Baden-Württemberg;2018-01-01;2018-12-31;100;2018
309;C445R679;445;679;2041;DE226;Kelheim;Bayern;2018-01-01;2018-12-31;94;2018
310;C41R404;41;404;2042;DEA1E;Viersen;Nordrhein-Westfalen;2018-01-01;2018-12-31;83;2018
311;C403R571;403;571;2043;DE242;Bayreuth, Kreisfreie Stadt;Bayern;2018-01-01;2018-12-31;111;2018
312;C351R526;351;526;2045;DE247;Coburg, Landkreis;Bayern;2018-01-01;2018-12-31;96;2018
313;C391R770;391;770;2046;DE21L;Starnberg;Bayern;2018-01-01;2018-12-31;93;2018
314;C458R86;458;86;2047;DE80L;Vorpommern-Rügen;Mecklenburg-Vorpommern;2018-01-01;2018-12-31;109;2018
315;C330R754;330;754;2048;DE278;Günzburg;Bayern;2018-01-01;2018-12-31;93;2018
316;C405R588;405;588;2049;DE246;Bayreuth, Landkreis;Bayern;2018-01-01;2018-12-31;97;2018
317;C273R761;273;761;2050;DE145;Alb-Donau-Kreis;Baden-Württemberg;2018-01-01;2018-12-31;87;2018
318;C219R231;219;231;2051;DE93B;Verden;Niedersachsen;2018-01-01;2018-12-31;79;2018
319;C445R695;445;695;2052;DE226;Kelheim;Bayern;2018-01-01;2018-12-31;94;2018
320;C121R266;121;266;2053;DE949;Emsland;Niedersachsen;2018-01-01;2018-12-31;97;2018
321;C212R485;212;485;2054;DE724;Marburg-Biedenkopf;Hessen;2018-01-01;2018-12-31;100;2018
322;C444R134;444;134;2055;DE80K;Landkreis Rostock;Mecklenburg-Vorpommern;2018-01-01;2018-12-31;100;2018
323;C152R290;152;290;2056;DE94E;Osnabrück, Landkreis;Niedersachsen;2018-01-01;2018-12-31;103;2018
324;C355R148;355;148;2057;DE80M;Nordwestmecklenburg;Mecklenburg-Vorpommern;2018-01-01;2018-12-31;94;2018
325;C476R332;476;332;2058;DE40E;Potsdam-Mittelmark;Brandenburg;2018-01-01;2018-12-31;86;2018
326;C450R83;450;83;2059;DE80L;Vorpommern-Rügen;Mecklenburg-Vorpommern;2018-01-01;2018-12-31;87;2018
327;C265R639;265;639;2060;DE119;Hohenlohekreis;Baden-Württemberg;2018-01-01;2018-12-31;97;2018
328;C107R374;107;374;2061;DEA35;Coesfeld;Nordrhein-Westfalen;2018-01-01;2018-12-31;96;2018
329;C191R330;191;330;2062;DEA43;Herford;Nordrhein-Westfalen;2018-01-01;2018-12-31;100;2018
330;C352R64;352;64;2063;DEF08;Ostholstein;Schleswig-Holstein;2018-01-01;2018-12-31;105;2018
331;C355R552;355;552;2064;DE24C;Lichtenfels;Bayern;2018-01-01;2018-12-31;101;2018
332;C275R542;275;542;2065;DE265;Bad Kissingen;Bayern;2018-01-01;2018-12-31;102;2018
333;C574R279;574;279;2066;DE40C;Oder-Spree;Brandenburg;2018-01-01;2018-12-31;101;2018
334;C342R274;342;274;2067;DE914;Gifhorn;Niedersachsen;2018-01-01;2018-12-31;87;2018
335;C98R161;98;161;2068;DE947;Aurich;Niedersachsen;2018-01-01;2018-12-31;107;2018
336;C202R229;202;229;2069;DE922;Diepholz;Niedersachsen;2018-01-01;2018-12-31;79;2018
337;C28R391;28;391;2071;DEA1B;Kleve;Nordrhein-Westfalen;2018-01-01;2018-12-31;83;2018
338;C514R753;514;753;2072;DE22A;Rottal-Inn;Bayern;2018-01-01;2018-12-31;95;2018
339;C298R450;298;450;2073;DE737;Werra-Meißner-Kreis;Hessen;2018-01-01;2018-12-31;99;2018
340;C559R219;559;219;2074;DE40I;Uckermark;Brandenburg;2018-01-01;2018-12-31;95;2018
341;C456R469;456;469;2075;DED45;Zwickau;Sachsen;2018-01-01;2018-12-31;97;2018
342;C286R764;286;764;2076;DE146;Biberach;Baden-Württemberg;2018-01-01;2018-12-31;95;2018
343;C425R535;425;535;2078;DE249;Hof, Landkreis;Bayern;2018-01-01;2018-12-31;97;2018
344;C428R573;428;573;2079;DE23A;Tirschenreuth;Bayern;2018-01-01;2018-12-31;100;2018
345;C135R571;135;571;2080;DEB14;Bad Kreuznach;Rheinland-Pfalz;2018-01-01;2018-12-31;98;2018
346;C288R566;288;566;2081;DE26A;Main-Spessart;Bayern;2018-01-01;2018-12-31;101;2018
347;C156R539;156;539;2082;DE71D;Rheingau-Taunus-Kreis;Hessen;2018-01-01;2018-12-31;102;2018
348;C552R350;552;350;2083;DE406;Dahme-Spreewald;Brandenburg;2018-01-01;2018-12-31;94;2018
349;C38R551;38;551;2084;DEB23;Eifelkreis Bitburg-Prüm;Rheinland-Pfalz;2018-01-01;2018-12-31;102;2018
350;C421R674;421;674;2085;DE226;Kelheim;Bayern;2018-01-01;2018-12-31;99;2018
351;C537R159;537;159;2086;DE40I;Uckermark;Brandenburg;2018-01-01;2018-12-31;96;2018
352;C307R551;307;551;2087;DE26B;Schweinfurt, Landkreis;Bayern;2018-01-01;2018-12-31;94;2018
353;C486R467;486;467;2088;DED41;Chemnitz, Kreisfreie Stadt;Sachsen;2018-01-01;2018-12-31;102;2018
354;C55R600;55;600;2089;DEB25;Trier-Saarburg;Rheinland-Pfalz;2018-01-01;2018-12-31;103;2018
355;C367R170;367;170;2090;DE80O;Ludwigslust-Parchim;Mecklenburg-Vorpommern;2018-01-01;2018-12-31;94;2018
356;C425R278;425;278;2091;DEE06;Jerichower Land;Sachsen-Anhalt;2018-01-01;2018-12-31;88;2018
357;C506R470;506;470;2092;DED42;Erzgebirgskreis;Sachsen;2018-01-01;2018-12-31;101;2018
358;C473R727;473;727;2093;DE227;Landshut, Landkreis;Bayern;2018-01-01;2018-12-31;99;2018
359;C494R713;494;713;2094;DE22C;Dingolfing-Landau;Bayern;2018-01-01;2018-12-31;95;2018
360;C588R276;588;276;2095;DE409;Märkisch-Oderland;Brandenburg;2018-01-01;2018-12-31;109;2018
361;C574R418;574;418;2096;DED2C;Bautzen;Sachsen;2018-01-01;2018-12-31;95;2018
362;C305R520;305;520;2097;DE266;Rhön-Grabfeld;Bayern;2018-01-01;2018-12-31;97;2018
363;C553R186;553;186;2098;DE40I;Uckermark;Brandenburg;2018-01-01;2018-12-31;96;2018
364;C408R661;408;661;2099;DE236;Neumarkt i. d. OPf.;Bayern;2018-01-01;2018-12-31;94;2018
365;C412R350;412;350;2100;DEE0C;Salzlandkreis;Sachsen-Anhalt;2018-01-01;2018-12-31;94;2018
366;C448R713;448;713;2101;DE227;Landshut, Landkreis;Bayern;2018-01-01;2018-12-31;99;2018
367;C174R297;174;297;2102;DE94E;Osnabrück, Landkreis;Niedersachsen;2018-01-01;2018-12-31;100;2018
368;C121R494;121;494;2103;DEB18;Neuwied;Rheinland-Pfalz;2018-01-01;2018-12-31;93;2018
369;C300R75;300;75;2104;DEF0A;Plön;Schleswig-Holstein;2018-01-01;2018-12-31;101;2018
370;C108R552;108;552;2105;DEB1D;Rhein-Hunsrück-Kreis;Rheinland-Pfalz;2018-01-01;2018-12-31;97;2018
371;C356R767;356;767;2106;DE21E;Landsberg am Lech;Bayern;2018-01-01;2018-12-31;94;2018
372;C489R757;489;757;2107;DE214;Altötting;Bayern;2018-01-01;2018-12-31;95;2018
373;C582R354;582;354;2108;DE40G;Spree-Neiße;Brandenburg;2018-01-01;2018-12-31;100;2018
374;C303R100;303;100;2109;DEF0A;Plön;Schleswig-Holstein;2018-01-01;2018-12-31;101;2018
375;C616R423;616;423;2110;DED2D;Görlitz;Sachsen;2018-01-01;2018-12-31;99;2018
376;C530R728;530;728;2111;DE228;Passau, Landkreis;Bayern;2018-01-01;2018-12-31;89;2018
377;C333R249;333;249;2112;DE93A;Uelzen;Niedersachsen;2018-01-01;2018-12-31;89;2018
378;C354R176;354;176;2113;DE80O;Ludwigslust-Parchim;Mecklenburg-Vorpommern;2018-01-01;2018-12-31;94;2018
379;C417R513;417;513;2114;DE249;Hof, Landkreis;Bayern;2018-01-01;2018-12-31;97;2018
380;C305R458;305;458;2115;DEG0R;Wartburgkreis;Thüringen;2018-01-01;2018-12-31;71;2018
381;C422R759;422;759;2117;DE21H;München, Landkreis;Bayern;2018-01-01;2018-12-31;93;2018
382;C205R532;205;532;2118;DE71E;Wetteraukreis;Hessen;2018-01-01;2018-12-31;94;2018
383;C300R483;300;483;2119;DEG0R;Wartburgkreis;Thüringen;2018-01-01;2018-12-31;100;2018
384;C374R146;374;146;2120;DE80M;Nordwestmecklenburg;Mecklenburg-Vorpommern;2018-01-01;2018-12-31;94;2018
385;C391R156;391;156;2121;DE80O;Ludwigslust-Parchim;Mecklenburg-Vorpommern;2018-01-01;2018-12-31;94;2018
386;C516R43;516;43;2122;DE80L;Vorpommern-Rügen;Mecklenburg-Vorpommern;2018-01-01;2018-12-31;107;2018
387;C225R235;225;235;2123;DE93B;Verden;Niedersachsen;2018-01-01;2018-12-31;79;2018
388;C390R718;390;718;2124;DE21I;Neuburg-Schrobenhausen;Bayern;2018-01-01;2018-12-31;87;2018
389;C464R184;464;184;2125;DE80J;Mecklenburgische Seenplatte;Mecklenburg-Vorpommern;2018-01-01;2018-12-31;102;2018
390;C267R811;267;811;2126;DE148;Ravensburg;Baden-Württemberg;2018-01-01;2018-12-31;77;2018
391;C157R251;157;251;2127;DE948;Cloppenburg;Niedersachsen;2018-01-01;2018-12-31;79;2018
392;C377R770;377;770;2128;DE21C;Fürstenfeldbruck;Bayern;2018-01-01;2018-12-31;94;2018
393;C397R252;397;252;2129;DEE0D;Stendal;Sachsen-Anhalt;2018-01-01;2018-12-31;93;2018
394;C268R636;268;636;2130;DE119;Hohenlohekreis;Baden-Württemberg;2018-01-01;2018-12-31;97;2018
395;C472R96;472;96;2131;DE80L;Vorpommern-Rügen;Mecklenburg-Vorpommern;2018-01-01;2018-12-31;109;2018
396;C403R446;403;446;2132;DEG0J;Saale-Holzland-Kreis;Thüringen;2018-01-01;2018-12-31;94;2018
397;C108R372;108;372;2133;DEA35;Coesfeld;Nordrhein-Westfalen;2018-01-01;2018-12-31;96;2018
398;C158R326;158;326;2134;DE94E;Osnabrück, Landkreis;Niedersachsen;2018-01-01;2018-12-31;104;2018
399;C270R583;270;583;2135;DE26C;Würzburg, Landkreis;Bayern;2018-01-01;2018-12-31;93;2018
400;C510R797;510;797;2136;DE215;Berchtesgadener Land;Bayern;2018-01-01;2018-12-31;95;2018
401;C205R510;205;510;2137;DE721;Gießen, Landkreis;Hessen;2018-01-01;2018-12-31;96;2018
402;C276R657;276;657;2138;DE11A;Schwäbisch Hall;Baden-Württemberg;2018-01-01;2018-12-31;103;2018
403;C60R590;60;590;2139;DEB25;Trier-Saarburg;Rheinland-Pfalz;2018-01-01;2018-12-31;103;2018
404;C152R614;152;614;2140;DEB3C;Bad Dürkheim;Rheinland-Pfalz;2018-01-01;2018-12-31;113;2018
405;C171R598;171;598;2141;DEB39;Worms, Kreisfreie Stadt;Rheinland-Pfalz;2018-01-01;2018-12-31;87;2018
406;C331R238;331;238;2142;DE93A;Uelzen;Niedersachsen;2018-01-01;2018-12-31;89;2018
407;C411R595;411;595;2143;DE234;Amberg-Sulzbach;Bayern;2018-01-01;2018-12-31;74;2018
408;C478R331;478;331;2144;DE40E;Potsdam-Mittelmark;Brandenburg;2018-01-01;2018-12-31;86;2018
409;C114R332;114;332;2145;DEA37;Steinfurt;Nordrhein-Westfalen;2018-01-01;2018-12-31;87;2018
410;C105R338;105;338;2146;DEA35;Coesfeld;Nordrhein-Westfalen;2018-01-01;2018-12-31;87;2018
411;C323R447;323;447;2147;DEG0R;Wartburgkreis;Thüringen;2018-01-01;2018-12-31;71;2018
412;C511R99;511;99;2148;DE80N;Vorpommern-Greifswald;Mecklenburg-Vorpommern;2018-01-01;2018-12-31;109;2018
413;C505R438;505;438;2149;DED43;Mittelsachsen;Sachsen;2018-01-01;2018-12-31;97;2018
414;C66R348;66;348;2150;DEA34;Borken;Nordrhein-Westfalen;2018-01-01;2018-12-31;85;2018
415;C367R156;367;156;2151;DE80M;Nordwestmecklenburg;Mecklenburg-Vorpommern;2018-01-01;2018-12-31;94;2018
416;C450R150;450;150;2152;DE80J;Mecklenburgische Seenplatte;Mecklenburg-Vorpommern;2018-01-01;2018-12-31;102;2018
417;C263R603;263;603;2153;DE11B;Main-Tauber-Kreis;Baden-Württemberg;2018-01-01;2018-12-31;93;2018
418;C633R414;633;414;2154;DED2D;Görlitz;Sachsen;2018-01-01;2018-12-31;94;2018
419;C103R570;103;570;2155;DEB1D;Rhein-Hunsrück-Kreis;Rheinland-Pfalz;2018-01-01;2018-12-31;97;2018
420;C166R281;166;281;2156;DE94F;Vechta;Niedersachsen;2018-01-01;2018-12-31;96;2018
421;C94R520;94;520;2157;DEB17;Mayen-Koblenz;Rheinland-Pfalz;2018-01-01;2018-12-31;88;2018
422;C423R778;423;778;2158;DE21H;München, Landkreis;Bayern;2018-01-01;2018-12-31;93;2018
423;C118R270;118;270;2159;DE949;Emsland;Niedersachsen;2018-01-01;2018-12-31;97;2018
424;C220R284;220;284;2160;DE927;Nienburg (Weser);Niedersachsen;2018-01-01;2018-12-31;95;2018
425;C189R671;189;671;2161;DE123;Karlsruhe, Landkreis;Baden-Württemberg;2018-01-01;2018-12-31;71;2018
426;C205R795;205;795;2162;DE138;Konstanz;Baden-Württemberg;2018-01-01;2018-12-31;87;2018
427;C283R564;283;564;2163;DE26A;Main-Spessart;Bayern;2018-01-01;2018-12-31;101;2018
428;C464R95;464;95;2164;DE80L;Vorpommern-Rügen;Mecklenburg-Vorpommern;2018-01-01;2018-12-31;109;2018
429;C435R165;435;165;2165;DE80O;Ludwigslust-Parchim;Mecklenburg-Vorpommern;2018-01-01;2018-12-31;102;2018
430;C435R364;435;364;2166;DEE05;Anhalt-Bitterfeld;Sachsen-Anhalt;2018-01-01;2018-12-31;94;2018
431;C193R301;193;301;2167;DEA46;Minden-Lübbecke;Nordrhein-Westfalen;2018-01-01;2018-12-31;100;2018
432;C422R178;422;178;2168;DE80O;Ludwigslust-Parchim;Mecklenburg-Vorpommern;2018-01-01;2018-12-31;102;2018
433;C233R625;233;625;2169;DE127;Neckar-Odenwald-Kreis;Baden-Württemberg;2018-01-01;2018-12-31;96;2018
434;C104R488;104;488;2170;DEB18;Neuwied;Rheinland-Pfalz;2018-01-01;2018-12-31;93;2018
435;C389R537;389;537;2171;DE24A;Kronach;Bayern;2018-01-01;2018-12-31;96;2018
436;C239R766;239;766;2172;DE149;Sigmaringen;Baden-Württemberg;2018-01-01;2018-12-31;99;2018
437;C66R490;66;490;2173;DEA28;Euskirchen;Nordrhein-Westfalen;2018-01-01;2018-12-31;85;2018
438;C489R102;489;102;2174;DE80L;Vorpommern-Rügen;Mecklenburg-Vorpommern;2018-01-01;2018-12-31;109;2018
439;C278R446;278;446;2175;DE733;Hersfeld-Rotenburg;Hessen;2018-01-01;2018-12-31;94;2018
440;C347R763;347;763;2176;DE276;Augsburg, Landkreis;Bayern;2018-01-01;2018-12-31;94;2018
441;C476R105;476;105;2177;DE80L;Vorpommern-Rügen;Mecklenburg-Vorpommern;2018-01-01;2018-12-31;109;2018
442;C416R777;416;777;2178;DE21H;München, Landkreis;Bayern;2018-01-01;2018-12-31;93;2018
443;C94R565;94;565;2179;DEB1D;Rhein-Hunsrück-Kreis;Rheinland-Pfalz;2018-01-01;2018-12-31;97;2018
444;C69R349;69;349;2180;DEA34;Borken;Nordrhein-Westfalen;2018-01-01;2018-12-31;85;2018
445;C165R245;165;245;2181;DE948;Cloppenburg;Niedersachsen;2018-01-01;2018-12-31;96;2018
446;C442R716;442;716;2182;DE227;Landshut, Landkreis;Bayern;2018-01-01;2018-12-31;99;2018
447;C204R289;204;289;2183;DE927;Nienburg (Weser);Niedersachsen;2018-01-01;2018-12-31;100;2018
448;C380R738;380;738;2184;DE275;Aichach-Friedberg;Bayern;2018-01-01;2018-12-31;87;2018
449;C115R797;115;797;2185;DE132;Breisgau-Hochschwarzwald;Baden-Württemberg;2018-01-01;2018-12-31;81;2018
450;C515R43;515;43;2186;DE80L;Vorpommern-Rügen;Mecklenburg-Vorpommern;2018-01-01;2018-12-31;107;2018
451;C45R483;45;483;2187;DEA26;Düren;Nordrhein-Westfalen;2018-01-01;2018-12-31;85;2018
452;C121R279;121;279;2188;DE949;Emsland;Niedersachsen;2018-01-01;2018-12-31;97;2018
453;C564R461;564;461;2189;DED2F;Sächsische Schweiz-Osterzgebirge;Sachsen;2018-01-01;2018-12-31;98;2018
454;C372R256;372;256;2190;DEE04;Altmarkkreis Salzwedel;Sachsen-Anhalt;2018-01-01;2018-12-31;87;2018
455;C15R436;15;436;2191;DEA29;Heinsberg;Nordrhein-Westfalen;2018-01-01;2018-12-31;90;2018
456;C395R449;395;449;2192;DEG0G;Weimarer Land;Thüringen;2018-01-01;2018-12-31;94;2018
457;C391R148;391;148;2193;DE80O;Ludwigslust-Parchim;Mecklenburg-Vorpommern;2018-01-01;2018-12-31;100;2018
458;C118R330;118;330;2194;DEA37;Steinfurt;Nordrhein-Westfalen;2018-01-01;2018-12-31;87;2018
459;C265R184;265;184;2195;DE933;Harburg;Niedersachsen;2018-01-01;2018-12-31;103;2018
460;C502R470;502;470;2196;DED42;Erzgebirgskreis;Sachsen;2018-01-01;2018-12-31;101;2018
461;C357R721;357;721;2197;DE276;Augsburg, Landkreis;Bayern;2018-01-01;2018-12-31;94;2018
462;C571R309;571;309;2198;DE40C;Oder-Spree;Brandenburg;2018-01-01;2018-12-31;101;2018
463;C301R104;301;104;2199;DEF0A;Plön;Schleswig-Holstein;2018-01-01;2018-12-31;101;2018
464;C389R432;389;432;2200;DEG0D;Sömmerda;Thüringen;2018-01-01;2018-12-31;94;2018
465;C120R180;120;180;2201;DE947;Aurich;Niedersachsen;2018-01-01;2018-12-31;107;2018
466;C501R39;501;39;2202;DE80L;Vorpommern-Rügen;Mecklenburg-Vorpommern;2018-01-01;2018-12-31;107;2018
467;C393R719;393;719;2203;DE21J;Pfaffenhofen a. d. Ilm;Bayern;2018-01-01;2018-12-31;87;2018
468;C256R799;256;799;2204;DE148;Ravensburg;Baden-Württemberg;2018-01-01;2018-12-31;77;2018
469;C56R509;56;509;2205;DEA28;Euskirchen;Nordrhein-Westfalen;2018-01-01;2018-12-31;83;2018
470;C394R748;394;748;2206;DE217;Dachau;Bayern;2018-01-01;2018-12-31;99;2018
471;C36R434;36;434;2207;DEA15;Mönchengladbach, Kreisfreie Stadt;Nordrhein-Westfalen;2018-01-01;2018-12-31;90;2018
472;C210R174;210;174;2208;DE932;Cuxhaven;Niedersachsen;2018-01-01;2018-12-31;104;2018
473;C136R346;136;346;2209;DEA38;Warendorf;Nordrhein-Westfalen;2018-01-01;2018-12-31;96;2018
474;C433R754;433;754;2210;DE21A;Erding;Bayern;2018-01-01;2018-12-31;93;2018
475;C291R747;291;747;2211;DE144;Ulm, Stadtkreis;Baden-Württemberg;2018-01-01;2018-12-31;98;2018
476;C412R322;412;322;2212;DEE06;Jerichower Land;Sachsen-Anhalt;2018-01-01;2018-12-31;99;2018
477;C391R333;391;333;2213;DEE07;Börde;Sachsen-Anhalt;2018-01-01;2018-12-31;99;2018
478;C323R391;323;391;2214;DEG06;Eichsfeld;Thüringen;2018-01-01;2018-12-31;111;2018
479;C480R133;480;133;2215;DE80J;Mecklenburgische Seenplatte;Mecklenburg-Vorpommern;2018-01-01;2018-12-31;109;2018
480;C455R184;455;184;2216;DE80J;Mecklenburgische Seenplatte;Mecklenburg-Vorpommern;2018-01-01;2018-12-31;102;2018
481;C417R524;417;524;2217;DE249;Hof, Landkreis;Bayern;2018-01-01;2018-12-31;97;2018
482;C365R133;365;133;2218;DE80M;Nordwestmecklenburg;Mecklenburg-Vorpommern;2018-01-01;2018-12-31;94;2018
483;C510R636;510;636;2219;DE235;Cham;Bayern;2018-01-01;2018-12-31;102;2018
484;C467R673;467;673;2220;DE238;Regensburg, Landkreis;Bayern;2018-01-01;2018-12-31;101;2018
485;C306R544;306;544;2221;DE265;Bad Kissingen;Bayern;2018-01-01;2018-12-31;94;2018
486;C403R202;403;202;2222;DE40F;Prignitz;Brandenburg;2018-01-01;2018-12-31;93;2018
487;C350R156;350;156;2223;DE80O;Ludwigslust-Parchim;Mecklenburg-Vorpommern;2018-01-01;2018-12-31;94;2018
488;C403R179;403;179;2224;DE80O;Ludwigslust-Parchim;Mecklenburg-Vorpommern;2018-01-01;2018-12-31;102;2018
489;C424R655;424;655;2225;DE238;Regensburg, Landkreis;Bayern;2018-01-01;2018-12-31;96;2018
490;C111R286;111;286;2226;DE949;Emsland;Niedersachsen;2018-01-01;2018-12-31;102;2018
491;C491R366;491;366;2227;DEE0E;Wittenberg;Sachsen-Anhalt;2018-01-01;2018-12-31;93;2018
492;C570R196;570;196;2228;DE40I;Uckermark;Brandenburg;2018-01-01;2018-12-31;96;2018
493;C517R696;517;696;2229;DE224;Deggendorf;Bayern;2018-01-01;2018-12-31;95;2018
494;C335R434;335;434;2230;DEG09;Unstrut-Hainich-Kreis;Thüringen;2018-01-01;2018-12-31;84;2018
495;C172R320;172;320;2231;DE94E;Osnabrück, Landkreis;Niedersachsen;2018-01-01;2018-12-31;103;2018
496;C371R407;371;407;2232;DEG0A;Kyffhäuserkreis;Thüringen;2018-01-01;2018-12-31;102;2018
497;C633R413;633;413;2233;DED2D;Görlitz;Sachsen;2018-01-01;2018-12-31;94;2018
498;C35R388;35;388;2234;DEA1B;Kleve;Nordrhein-Westfalen;2018-01-01;2018-12-31;83;2018
499;C541R439;541;439;2235;DED2F;Sächsische Schweiz-Osterzgebirge;Sachsen;2018-01-01;2018-12-31;98;2018
500;C488R358;488;358;2236;DEE0E;Wittenberg;Sachsen-Anhalt;2018-01-01;2018-12-31;93;2018
501;C379R674;379;674;2237;DE219;Eichstätt;Bayern;2018-01-01;2018-12-31;100;2018
502;C107R341;107;341;2238;DEA35;Coesfeld;Nordrhein-Westfalen;2018-01-01;2018-12-31;87;2018
503;C144R531;144;531;2239;DEB1A;Rhein-Lahn-Kreis;Rheinland-Pfalz;2018-01-01;2018-12-31;98;2018
504;C439R539;439;539;2240;DE24D;Wunsiedel i. Fichtelgebirge;Bayern;2018-01-01;2018-12-31;99;2018
505;C36R499;36;499;2241;DEA28;Euskirchen;Nordrhein-Westfalen;2018-01-01;2018-12-31;85;2018
506;C207R730;207;730;2242;DE142;Tübingen, Landkreis;Baden-Württemberg;2018-01-01;2018-12-31;93;2018
507;C38R382;38;382;2243;DEA1F;Wesel;Nordrhein-Westfalen;2018-01-01;2018-12-31;83;2018
508;C250R405;250;405;2244;DE734;Kassel, Landkreis;Hessen;2018-01-01;2018-12-31;98;2018
509;C237R233;237;233;2245;DE93B;Verden;Niedersachsen;2018-01-01;2018-12-31;88;2018
510;C566R276;566;276;2246;DE409;Märkisch-Oderland;Brandenburg;2018-01-01;2018-12-31;101;2018
511;C224R246;224;246;2247;DE927;Nienburg (Weser);Niedersachsen;2018-01-01;2018-12-31;79;2018
512;C515R69;515;69;2248;DE80L;Vorpommern-Rügen;Mecklenburg-Vorpommern;2018-01-01;2018-12-31;107;2018
513;C241R347;241;347;2249;DE923;Hameln-Pyrmont;Niedersachsen;2018-01-01;2018-12-31;95;2018
514;C63R617;63;617;2250;DEC02;Merzig-Wadern;Saarland;2018-01-01;2018-12-31;103;2018
515;C445R508;445;508;2251;DED44;Vogtlandkreis;Sachsen;2018-01-01;2018-12-31;102;2018
516;C125R296;125;296;2252;DEA37;Steinfurt;Nordrhein-Westfalen;2018-01-01;2018-12-31;102;2018
517;C489R445;489;445;2253;DED43;Mittelsachsen;Sachsen;2018-01-01;2018-12-31;99;2018
518;C274R113;274;113;2255;DEF0B;Rendsburg-Eckernförde;Schleswig-Holstein;2018-01-01;2018-12-31;101;2018
519;C464R322;464;322;2257;DE40E;Potsdam-Mittelmark;Brandenburg;2018-01-01;2018-12-31;86;2018
520;C510R733;510;733;2258;DE22A;Rottal-Inn;Bayern;2018-01-01;2018-12-31;97;2018
521;C580R249;580;249;2259;DE409;Märkisch-Oderland;Brandenburg;2018-01-01;2018-12-31;101;2018
522;C356R736;356;736;2260;DE276;Augsburg, Landkreis;Bayern;2018-01-01;2018-12-31;94;2018
523;C496R491;496;491;2261;DED42;Erzgebirgskreis;Sachsen;2018-01-01;2018-12-31;97;2018
524;C425R506;425;506;2262;DEG0K;Saale-Orla-Kreis;Thüringen;2018-01-01;2018-12-31;99;2018
525;C523R416;523;416;2263;DED2E;Meißen;Sachsen;2018-01-01;2018-12-31;97;2018
526;C338R423;338;423;2264;DEG0A;Kyffhäuserkreis;Thüringen;2018-01-01;2018-12-31;84;2018
527;C422R136;422;136;2265;DE80K;Landkreis Rostock;Mecklenburg-Vorpommern;2018-01-01;2018-12-31;100;2018
528;C527R126;527;126;2266;DE80N;Vorpommern-Greifswald;Mecklenburg-Vorpommern;2018-01-01;2018-12-31;96;2018
529;C186R302;186;302;2267;DEA46;Minden-Lübbecke;Nordrhein-Westfalen;2018-01-01;2018-12-31;100;2018
530;C341R437;341;437;2268;DEG09;Unstrut-Hainich-Kreis;Thüringen;2018-01-01;2018-12-31;84;2018
531;C289R545;289;545;2269;DE265;Bad Kissingen;Bayern;2018-01-01;2018-12-31;102;2018
532;C283R68;283;68;2270;DEF0B;Rendsburg-Eckernförde;Schleswig-Holstein;2018-01-01;2018-12-31;101;2018
533;C234R802;234;802;2271;DE149;Sigmaringen;Baden-Württemberg;2018-01-01;2018-12-31;77;2018
534;C199R245;199;245;2272;DE922;Diepholz;Niedersachsen;2018-01-01;2018-12-31;96;2018
535;C477R94;477;94;2273;DE80L;Vorpommern-Rügen;Mecklenburg-Vorpommern;2018-01-01;2018-12-31;109;2018
536;C186R328;186;328;2274;DEA41;Bielefeld, Kreisfreie Stadt;Nordrhein-Westfalen;2018-01-01;2018-12-31;100;2018
537;C198R372;198;372;2275;DEA47;Paderborn;Nordrhein-Westfalen;2018-01-01;2018-12-31;100;2018
538;C103R327;103;327;2276;DEA37;Steinfurt;Nordrhein-Westfalen;2018-01-01;2018-12-31;102;2018
539;C322R124;322;124;2277;DEF08;Ostholstein;Schleswig-Holstein;2018-01-01;2018-12-31;98;2018
540;C432R432;432;432;2278;DEE08;Burgenlandkreis;Sachsen-Anhalt;2018-01-01;2018-12-31;93;2018
541;C313R543;313;543;2279;DE265;Bad Kissingen;Bayern;2018-01-01;2018-12-31;94;2018
542;C424R143;424;143;2280;DE80K;Landkreis Rostock;Mecklenburg-Vorpommern;2018-01-01;2018-12-31;100;2018
543;C539R431;539;431;2281;DED2E;Meißen;Sachsen;2018-01-01;2018-12-31;98;2018
544;C131R299;131;299;2283;DEA37;Steinfurt;Nordrhein-Westfalen;2018-01-01;2018-12-31;104;2018
545;C271R761;271;761;2284;DE145;Alb-Donau-Kreis;Baden-Württemberg;2018-01-01;2018-12-31;87;2018
546;C300R128;300;128;2285;DEF0D;Segeberg;Schleswig-Holstein;2018-01-01;2018-12-31;100;2018
547;C456R722;456;722;2286;DE227;Landshut, Landkreis;Bayern;2018-01-01;2018-12-31;99;2018
548;C453R132;453;132;2287;DE80K;Landkreis Rostock;Mecklenburg-Vorpommern;2018-01-01;2018-12-31;100;2018
549;C346R83;346;83;2288;DEF08;Ostholstein;Schleswig-Holstein;2018-01-01;2018-12-31;105;2018
550;C466R405;466;405;2289;DED52;Leipzig;Sachsen;2018-01-01;2018-12-31;96;2018
551;C538R180;538;180;2291;DE40I;Uckermark;Brandenburg;2018-01-01;2018-12-31;96;2018
552;C220R89;220;89;2292;DEF05;Dithmarschen;Schleswig-Holstein;2018-01-01;2018-12-31;101;2018
553;C367R741;367;741;2293;DE275;Aichach-Friedberg;Bayern;2018-01-01;2018-12-31;94;2018
554;C467R153;467;153;2294;DE80J;Mecklenburgische Seenplatte;Mecklenburg-Vorpommern;2018-01-01;2018-12-31;102;2018
555;C115R487;115;487;2295;DEB13;Altenkirchen (Westerwald);Rheinland-Pfalz;2018-01-01;2018-12-31;93;2018
556;C456R76;456;76;2296;DE80L;Vorpommern-Rügen;Mecklenburg-Vorpommern;2018-01-01;2018-12-31;87;2018
557;C384R727;384;727;2297;DE21I;Neuburg-Schrobenhausen;Bayern;2018-01-01;2018-12-31;87;2018
558;C364R134;364;134;2298;DE80M;Nordwestmecklenburg;Mecklenburg-Vorpommern;2018-01-01;2018-12-31;94;2018
559;C311R613;311;613;2299;DE25A;Neustadt a. d. Aisch-Bad Windsheim;Bayern;2018-01-01;2018-12-31;67;2018
560;C451R107;451;107;2300;DE80K;Landkreis Rostock;Mecklenburg-Vorpommern;2018-01-01;2018-12-31;109;2018
561;C46R486;46;486;2301;DEA26;Düren;Nordrhein-Westfalen;2018-01-01;2018-12-31;85;2018
562;C291R353;291;353;2302;DE918;Northeim;Niedersachsen;2018-01-01;2018-12-31;99;2018
563;C484R385;484;385;2303;DED53;Nordsachsen;Sachsen;2018-01-01;2018-12-31;93;2018
564;C192R664;192;664;2304;DE123;Karlsruhe, Landkreis;Baden-Württemberg;2018-01-01;2018-12-31;83;2018
565;C498R35;498;35;2305;DE80L;Vorpommern-Rügen;Mecklenburg-Vorpommern;2018-01-01;2018-12-31;107;2018
566;C572R400;572;400;2306;DED2C;Bautzen;Sachsen;2018-01-01;2018-12-31;96;2018
567;C310R467;310;467;2307;DEG0R;Wartburgkreis;Thüringen;2018-01-01;2018-12-31;71;2018
568;C213R538;213;538;2308;DE719;Main-Kinzig-Kreis;Hessen;2018-01-01;2018-12-31;96;2018
569;C470R322;470;322;2309;DE40E;Potsdam-Mittelmark;Brandenburg;2018-01-01;2018-12-31;86;2018
570;C214R484;214;484;2310;DE725;Vogelsbergkreis;Hessen;2018-01-01;2018-12-31;96;2018
571;C423R533;423;533;2311;DE249;Hof, Landkreis;Bayern;2018-01-01;2018-12-31;97;2018
572;C229R655;229;655;2312;DE118;Heilbronn, Landkreis;Baden-Württemberg;2018-01-01;2018-12-31;67;2018
573;C454R209;454;209;2313;DE40D;Ostprignitz-Ruppin;Brandenburg;2018-01-01;2018-12-31;94;2018
574;C289R763;289;763;2314;DE146;Biberach;Baden-Württemberg;2018-01-01;2018-12-31;98;2018
575;C351R717;351;717;2315;DE276;Augsburg, Landkreis;Bayern;2018-01-01;2018-12-31;93;2018
576;C390R595;390;595;2316;DE248;Forchheim;Bayern;2018-01-01;2018-12-31;97;2018
577;C172R504;172;504;2317;DE722;Lahn-Dill-Kreis;Hessen;2018-01-01;2018-12-31;109;2018
578;C39R400;39;400;2318;DEA1B;Kleve;Nordrhein-Westfalen;2018-01-01;2018-12-31;83;2018
579;C196R668;196;668;2319;DE123;Karlsruhe, Landkreis;Baden-Württemberg;2018-01-01;2018-12-31;71;2018
580;C297R351;297;351;2320;DE916;Goslar;Niedersachsen;2018-01-01;2018-12-31;99;2018
581;C479R396;479;396;2321;DED52;Leipzig;Sachsen;2018-01-01;2018-12-31;96;2018
582;C139R343;139;343;2322;DEA38;Warendorf;Nordrhein-Westfalen;2018-01-01;2018-12-31;96;2018
583;C501R39;501;39;2323;DE80L;Vorpommern-Rügen;Mecklenburg-Vorpommern;2018-01-01;2018-12-31;107;2018
584;C152R601;152;601;2324;DEB3D;Donnersbergkreis;Rheinland-Pfalz;2018-01-01;2018-12-31;84;2018
585;C239R248;239;248;2325;DE93B;Verden;Niedersachsen;2018-01-01;2018-12-31;79;2018
586;C257R237;257;237;2326;DE938;Heidekreis;Niedersachsen;2018-01-01;2018-12-31;81;2018
587;C505R334;505;334;2327;DE40H;Teltow-Fläming;Brandenburg;2018-01-01;2018-12-31;94;2018
588;C137R345;137;345;2328;DEA38;Warendorf;Nordrhein-Westfalen;2018-01-01;2018-12-31;96;2018
589;C541R390;541;390;2329;DE407;Elbe-Elster;Brandenburg;2018-01-01;2018-12-31;94;2018
590;C570R194;570;194;2330;DE40I;Uckermark;Brandenburg;2018-01-01;2018-12-31;96;2018
591;C263R65;263;65;2331;DEF0B;Rendsburg-Eckernförde;Schleswig-Holstein;2018-01-01;2018-12-31;108;2018
592;C254R277;254;277;2332;DE929;Region Hannover;Niedersachsen;2018-01-01;2018-12-31;100;2018
593;C291R752;291;752;2333;DE145;Alb-Donau-Kreis;Baden-Württemberg;2018-01-01;2018-12-31;98;2018
594;C529R474;529;474;2334;DED43;Mittelsachsen;Sachsen;2018-01-01;2018-12-31;96;2018
595;C282R558;282;558;2335;DE26A;Main-Spessart;Bayern;2018-01-01;2018-12-31;102;2018
596;C503R92;503;92;2336;DE80N;Vorpommern-Greifswald;Mecklenburg-Vorpommern;2018-01-01;2018-12-31;109;2018
597;C53R588;53;588;2337;DEB21;Trier, Kreisfreie Stadt;Rheinland-Pfalz;2018-01-01;2018-12-31;103;2018
598;C118R592;118;592;2338;DEB14;Bad Kreuznach;Rheinland-Pfalz;2018-01-01;2018-12-31;98;2018
599;C431R541;431;541;2339;DE24D;Wunsiedel i. Fichtelgebirge;Bayern;2018-01-01;2018-12-31;99;2018
600;C597R309;597;309;2340;DE40C;Oder-Spree;Brandenburg;2018-01-01;2018-12-31;109;2018
601;C515R69;515;69;2341;DE80L;Vorpommern-Rügen;Mecklenburg-Vorpommern;2018-01-01;2018-12-31;107;2018
602;C449R149;449;149;2342;DE80J;Mecklenburgische Seenplatte;Mecklenburg-Vorpommern;2018-01-01;2018-12-31;102;2018
603;C404R619;404;619;2343;DE259;Nürnberger Land;Bayern;2018-01-01;2018-12-31;96;2018
604;C171R313;171;313;2344;DE94E;Osnabrück, Landkreis;Niedersachsen;2018-01-01;2018-12-31;103;2018
605;C155R396;155;396;2345;DEA5B;Soest;Nordrhein-Westfalen;2018-01-01;2018-12-31;86;2018
606;C511R45;511;45;2346;DE80L;Vorpommern-Rügen;Mecklenburg-Vorpommern;2018-01-01;2018-12-31;107;2018
607;C311R113;311;113;2347;DEF0D;Segeberg;Schleswig-Holstein;2018-01-01;2018-12-31;100;2018
608;C189R297;189;297;2348;DEA46;Minden-Lübbecke;Nordrhein-Westfalen;2018-01-01;2018-12-31;100;2018
609;C530R131;530;131;2349;DE80N;Vorpommern-Greifswald;Mecklenburg-Vorpommern;2018-01-01;2018-12-31;96;2018
610;C489R136;489;136;2350;DE80J;Mecklenburgische Seenplatte;Mecklenburg-Vorpommern;2018-01-01;2018-12-31;109;2018
611;C412R419;412;419;2351;DEE08;Burgenlandkreis;Sachsen-Anhalt;2018-01-01;2018-12-31;93;2018
612;C482R472;482;472;2352;DED42;Erzgebirgskreis;Sachsen;2018-01-01;2018-12-31;102;2018
613;C367R401;367;401;2353;DEE0A;Mansfeld-Südharz;Sachsen-Anhalt;2018-01-01;2018-12-31;102;2018
614;C368R383;368;383;2354;DEE09;Harz;Sachsen-Anhalt;2018-01-01;2018-12-31;102;2018
615;C169R308;169;308;2355;DE94E;Osnabrück, Landkreis;Niedersachsen;2018-01-01;2018-12-31;103;2018
616;C341R552;341;552;2356;DE267;Haßberge;Bayern;2018-01-01;2018-12-31;101;2018
617;C29R462;29;462;2357;DEA2D;Städteregion Aachen;Nordrhein-Westfalen;2018-01-01;2018-12-31;85;2018
618;C473R630;473;630;2358;DE235;Cham;Bayern;2018-01-01;2018-12-31;99;2018
619;C500R38;500;38;2359;DE80L;Vorpommern-Rügen;Mecklenburg-Vorpommern;2018-01-01;2018-12-31;107;2018
620;C216R342;216;342;2360;DEA45;Lippe;Nordrhein-Westfalen;2018-01-01;2018-12-31;97;2018
621;C145R330;145;330;2361;DE94E;Osnabrück, Landkreis;Niedersachsen;2018-01-01;2018-12-31;96;2018
622;C155R365;155;365;2362;DEA38;Warendorf;Nordrhein-Westfalen;2018-01-01;2018-12-31;83;2018
623;C321R654;321;654;2363;DE256;Ansbach, Landkreis;Bayern;2018-01-01;2018-12-31;102;2018
624;C373R144;373;144;2364;DE80M;Nordwestmecklenburg;Mecklenburg-Vorpommern;2018-01-01;2018-12-31;94;2018
625;C283R99;283;99;2366;DEF0B;Rendsburg-Eckernförde;Schleswig-Holstein;2018-01-01;2018-12-31;101;2018
626;C33R442;33;442;2367;DEA29;Heinsberg;Nordrhein-Westfalen;2018-01-01;2018-12-31;90;2018
627;C262R410;262;410;2368;DE91C;Göttingen;Niedersachsen;2018-01-01;2018-12-31;97;2018
628;C387R756;387;756;2369;DE21C;Fürstenfeldbruck;Bayern;2018-01-01;2018-12-31;94;2018
629;C246R507;246;507;3797;DE725;Vogelsbergkreis;Hessen;2019-01-01;2019-12-31;88;2019
630;C295R724;295;724;3798;DE145;Alb-Donau-Kreis;Baden-Württemberg;2019-01-01;2019-12-31;92;2019
631;C351R706;351;706;3799;DE27D;Donau-Ries;Bayern;2019-01-01;2019-12-31;87;2019
632;C303R565;303;565;3800;DE26B;Schweinfurt, Landkreis;Bayern;2019-01-01;2019-12-31;58;2019
633;C398R394;398;394;3801;DEE0A;Mansfeld-Südharz;Sachsen-Anhalt;2019-01-01;2019-12-31;83;2019
634;C292R641;292;641;3802;DE11A;Schwäbisch Hall;Baden-Württemberg;2019-01-01;2019-12-31;84;2019
635;C235R564;235;564;3803;DE264;Aschaffenburg, Landkreis;Bayern;2019-01-01;2019-12-31;63;2019
636;C436R94;436;94;3804;DE80K;Landkreis Rostock;Mecklenburg-Vorpommern;2019-01-01;2019-12-31;85;2019
637;C277R771;277;771;3805;DE146;Biberach;Baden-Württemberg;2019-01-01;2019-12-31;81;2019
638;C177R795;177;795;3806;DE136;Schwarzwald-Baar-Kreis;Baden-Württemberg;2019-01-01;2019-12-31;89;2019
639;C399R161;399;161;3807;DE80O;Ludwigslust-Parchim;Mecklenburg-Vorpommern;2019-01-01;2019-12-31;85;2019
640;C398R755;398;755;3808;DE217;Dachau;Bayern;2019-01-01;2019-12-31;91;2019
641;C478R725;478;725;3809;DE22A;Rottal-Inn;Bayern;2019-01-01;2019-12-31;82;2019
642;C88R339;88;339;3810;DEA35;Coesfeld;Nordrhein-Westfalen;2019-01-01;2019-12-31;80;2019
643;C264R80;264;80;3811;DEF0B;Rendsburg-Eckernförde;Schleswig-Holstein;2019-01-01;2019-12-31;99;2019
644;C231R291;231;291;3812;DE927;Nienburg (Weser);Niedersachsen;2019-01-01;2019-12-31;95;2019
645;C482R475;482;475;3813;DED42;Erzgebirgskreis;Sachsen;2019-01-01;2019-12-31;88;2019
646;C151R198;151;198;3814;DE946;Ammerland;Niedersachsen;2019-01-01;2019-12-31;95;2019
647;C253R187;253;187;3815;DE937;Rotenburg (Wümme);Niedersachsen;2019-01-01;2019-12-31;99;2019
648;C352R58;352;58;3816;DEF08;Ostholstein;Schleswig-Holstein;2019-01-01;2019-12-31;85;2019
649;C279R332;279;332;3817;DE925;Hildesheim;Niedersachsen;2019-01-01;2019-12-31;88;2019
650;C272R93;272;93;3818;DEF0B;Rendsburg-Eckernförde;Schleswig-Holstein;2019-01-01;2019-12-31;99;2019
651;C420R608;420;608;3819;DE234;Amberg-Sulzbach;Bayern;2019-01-01;2019-12-31;68;2019
652;C536R368;536;368;3820;DE407;Elbe-Elster;Brandenburg;2019-01-01;2019-12-31;79;2019
653;C187R323;187;323;3821;DEA43;Herford;Nordrhein-Westfalen;2019-01-01;2019-12-31;89;2019
654;C467R122;467;122;3822;DE80J;Mecklenburgische Seenplatte;Mecklenburg-Vorpommern;2019-01-01;2019-12-31;94;2019
655;C305R543;305;543;3823;DE265;Bad Kissingen;Bayern;2019-01-01;2019-12-31;61;2019
656;C416R295;416;295;3824;DEE0D;Stendal;Sachsen-Anhalt;2019-01-01;2019-12-31;82;2019
657;C209R274;209;274;3825;DE922;Diepholz;Niedersachsen;2019-01-01;2019-12-31;67;2019
658;C571R182;571;182;3826;DE80N;Vorpommern-Greifswald;Mecklenburg-Vorpommern;2019-01-01;2019-12-31;80;2019
659;C113R156;113;156;3827;DE947;Aurich;Niedersachsen;2019-01-01;2019-12-31;91;2019
660;C148R597;148;597;3828;DEB3D;Donnersbergkreis;Rheinland-Pfalz;2019-01-01;2019-12-31;65;2019
661;C233R417;233;417;3829;DE734;Kassel, Landkreis;Hessen;2019-01-01;2019-12-31;92;2019
662;C229R793;229;793;3830;DE149;Sigmaringen;Baden-Württemberg;2019-01-01;2019-12-31;85;2019
663;C523R460;523;460;3831;DED43;Mittelsachsen;Sachsen;2019-01-01;2019-12-31;81;2019
664;C389R765;389;765;3832;DE21C;Fürstenfeldbruck;Bayern;2019-01-01;2019-12-31;91;2019
665;C516R214;516;214;3833;DE40I;Uckermark;Brandenburg;2019-01-01;2019-12-31;82;2019
666;C492R455;492;455;3834;DED41;Chemnitz, Kreisfreie Stadt;Sachsen;2019-01-01;2019-12-31;100;2019
667;C418R576;418;576;3835;DE246;Bayreuth, Landkreis;Bayern;2019-01-01;2019-12-31;86;2019
668;C476R194;476;194;3836;DE80J;Mecklenburgische Seenplatte;Mecklenburg-Vorpommern;2019-01-01;2019-12-31;81;2019
669;C451R151;451;151;3837;DE80J;Mecklenburgische Seenplatte;Mecklenburg-Vorpommern;2019-01-01;2019-12-31;81;2019
670;C342R517;342;517;3838;DEG0E;Hildburghausen;Thüringen;2019-01-01;2019-12-31;89;2019
671;C363R217;363;217;3839;DE934;Lüchow-Dannenberg;Niedersachsen;2019-01-01;2019-12-31;84;2019
672;C283R637;283;637;3840;DE11A;Schwäbisch Hall;Baden-Württemberg;2019-01-01;2019-12-31;57;2019
673;C341R413;341;413;3841;DEG0A;Kyffhäuserkreis;Thüringen;2019-01-01;2019-12-31;56;2019
674;C377R494;377;494;3842;DEG0U;Saalfeld-Rudolstadt;Thüringen;2019-01-01;2019-12-31;91;2019
675;C532R701;532;701;3843;DE228;Passau, Landkreis;Bayern;2019-01-01;2019-12-31;74;2019
676;C542R160;542;160;3844;DE80N;Vorpommern-Greifswald;Mecklenburg-Vorpommern;2019-01-01;2019-12-31;80;2019
677;C520R162;520;162;3845;DE80J;Mecklenburgische Seenplatte;Mecklenburg-Vorpommern;2019-01-01;2019-12-31;80;2019
678;C301R613;301;613;3846;DE25A;Neustadt a. d. Aisch-Bad Windsheim;Bayern;2019-01-01;2019-12-31;59;2019
679;C486R485;486;485;3847;DED42;Erzgebirgskreis;Sachsen;2019-01-01;2019-12-31;92;2019
680;C215R324;215;324;3848;DEA45;Lippe;Nordrhein-Westfalen;2019-01-01;2019-12-31;95;2019
681;C291R619;291;619;3849;DE26C;Würzburg, Landkreis;Bayern;2019-01-01;2019-12-31;84;2019
682;C258R232;258;232;3850;DE937;Rotenburg (Wümme);Niedersachsen;2019-01-01;2019-12-31;80;2019
683;C227R311;227;311;3851;DE928;Schaumburg;Niedersachsen;2019-01-01;2019-12-31;95;2019
684;C440R507;440;507;3852;DED44;Vogtlandkreis;Sachsen;2019-01-01;2019-12-31;92;2019
685;C427R648;427;648;3853;DE236;Neumarkt i. d. OPf.;Bayern;2019-01-01;2019-12-31;89;2019
686;C242R732;242;732;3854;DE141;Reutlingen;Baden-Württemberg;2019-01-01;2019-12-31;89;2019
687;C291R319;291;319;3855;DE925;Hildesheim;Niedersachsen;2019-01-01;2019-12-31;72;2019
688;C390R379;390;379;3856;DEE0A;Mansfeld-Südharz;Sachsen-Anhalt;2019-01-01;2019-12-31;68;2019
689;C212R470;212;470;3857;DE724;Marburg-Biedenkopf;Hessen;2019-01-01;2019-12-31;81;2019
690;C278R355;278;355;3858;DE918;Northeim;Niedersachsen;2019-01-01;2019-12-31;88;2019
691;C164R660;164;660;3859;DEB3E;Germersheim;Rheinland-Pfalz;2019-01-01;2019-12-31;89;2019
692;C252R36;252;36;3860;DEF0C;Schleswig-Flensburg;Schleswig-Holstein;2019-01-01;2019-12-31;95;2019
693;C267R794;267;794;3861;DE148;Ravensburg;Baden-Württemberg;2019-01-01;2019-12-31;81;2019
694;C484R704;484;704;3862;DE22C;Dingolfing-Landau;Bayern;2019-01-01;2019-12-31;81;2019
695;C129R345;129;345;3863;DEA33;Münster, Kreisfreie Stadt;Nordrhein-Westfalen;2019-01-01;2019-12-31;94;2019
696;C403R220;403;220;3864;DE40F;Prignitz;Brandenburg;2019-01-01;2019-12-31;74;2019
697;C281R588;281;588;3865;DE26C;Würzburg, Landkreis;Bayern;2019-01-01;2019-12-31;54;2019
698;C447R607;447;607;3866;DE239;Schwandorf;Bayern;2019-01-01;2019-12-31;84;2019
699;C315R126;315;126;3867;DEF0D;Segeberg;Schleswig-Holstein;2019-01-01;2019-12-31;99;2019
700;C309R522;309;522;3868;DE266;Rhön-Grabfeld;Bayern;2019-01-01;2019-12-31;61;2019
701;C424R768;424;768;3869;DE21H;München, Landkreis;Bayern;2019-01-01;2019-12-31;87;2019
702;C380R437;380;437;3870;DEG0D;Sömmerda;Thüringen;2019-01-01;2019-12-31;59;2019
703;C505R74;505;74;3871;DE80L;Vorpommern-Rügen;Mecklenburg-Vorpommern;2019-01-01;2019-12-31;94;2019
704;C440R497;440;497;3872;DED44;Vogtlandkreis;Sachsen;2019-01-01;2019-12-31;98;2019
705;C397R182;397;182;3873;DE80O;Ludwigslust-Parchim;Mecklenburg-Vorpommern;2019-01-01;2019-12-31;81;2019
706;C482R778;482;778;3874;DE21M;Traunstein;Bayern;2019-01-01;2019-12-31;95;2019
707;C512R353;512;353;3875;DE407;Elbe-Elster;Brandenburg;2019-01-01;2019-12-31;105;2019
708;C418R648;418;648;3876;DE236;Neumarkt i. d. OPf.;Bayern;2019-01-01;2019-12-31;89;2019
709;C149R198;149;198;3877;DE946;Ammerland;Niedersachsen;2019-01-01;2019-12-31;95;2019
710;C314R185;314;185;3878;DE933;Harburg;Niedersachsen;2019-01-01;2019-12-31;84;2019
711;C430R543;430;543;3879;DE24D;Wunsiedel i. Fichtelgebirge;Bayern;2019-01-01;2019-12-31;96;2019
712;C62R451;62;451;3880;DEA27;Rhein-Erft-Kreis;Nordrhein-Westfalen;2019-01-01;2019-12-31;47;2019
713;C483R788;483;788;3881;DE21M;Traunstein;Bayern;2019-01-01;2019-12-31;95;2019
714;C525R465;525;465;3882;DED43;Mittelsachsen;Sachsen;2019-01-01;2019-12-31;81;2019
715;C207R249;207;249;3883;DE922;Diepholz;Niedersachsen;2019-01-01;2019-12-31;67;2019
716;C317R117;317;117;3884;DEF08;Ostholstein;Schleswig-Holstein;2019-01-01;2019-12-31;99;2019
717;C225R209;225;209;3885;DE937;Rotenburg (Wümme);Niedersachsen;2019-01-01;2019-12-31;95;2019
718;C270R46;270;46;3886;DEF0C;Schleswig-Flensburg;Schleswig-Holstein;2019-01-01;2019-12-31;99;2019
719;C488R147;488;147;3887;DE80J;Mecklenburgische Seenplatte;Mecklenburg-Vorpommern;2019-01-01;2019-12-31;81;2019
720;C474R742;474;742;3888;DE21G;Mühldorf a. Inn;Bayern;2019-01-01;2019-12-31;82;2019
721;C98R235;98;235;3889;DE949;Emsland;Niedersachsen;2019-01-01;2019-12-31;81;2019
722;C171R274;171;274;3890;DE94F;Vechta;Niedersachsen;2019-01-01;2019-12-31;89;2019
723;C305R144;305;144;3891;DEF0F;Stormarn;Schleswig-Holstein;2019-01-01;2019-12-31;99;2019
724;C478R413;478;413;3892;DED52;Leipzig;Sachsen;2019-01-01;2019-12-31;59;2019
725;C49R368;49;368;3893;DEA1F;Wesel;Nordrhein-Westfalen;2019-01-01;2019-12-31;80;2019
726;C201R252;201;252;3894;DE922;Diepholz;Niedersachsen;2019-01-01;2019-12-31;67;2019
727;C367R770;367;770;3895;DE21E;Landsberg am Lech;Bayern;2019-01-01;2019-12-31;92;2019
728;C280R470;280;470;3896;DE733;Hersfeld-Rotenburg;Hessen;2019-01-01;2019-12-31;82;2019
729;C291R630;291;630;3897;DE11B;Main-Tauber-Kreis;Baden-Württemberg;2019-01-01;2019-12-31;84;2019
730;C325R618;325;618;3898;DE25A;Neustadt a. d. Aisch-Bad Windsheim;Bayern;2019-01-01;2019-12-31;91;2019
731;C425R785;425;785;3899;DE21H;München, Landkreis;Bayern;2019-01-01;2019-12-31;87;2019
732;C453R562;453;562;3900;DE23A;Tirschenreuth;Bayern;2019-01-01;2019-12-31;91;2019
733;C259R184;259;184;3901;DE939;Stade;Niedersachsen;2019-01-01;2019-12-31;99;2019
734;C473R646;473;646;3902;DE235;Cham;Bayern;2019-01-01;2019-12-31;96;2019
735;C372R273;372;273;3903;DEE04;Altmarkkreis Salzwedel;Sachsen-Anhalt;2019-01-01;2019-12-31;76;2019
736;C417R255;417;255;3904;DEE0D;Stendal;Sachsen-Anhalt;2019-01-01;2019-12-31;60;2019
737;C412R319;412;319;3905;DEE06;Jerichower Land;Sachsen-Anhalt;2019-01-01;2019-12-31;59;2019
738;C248R132;248;132;3907;DEF0E;Steinburg;Schleswig-Holstein;2019-01-01;2019-12-31;99;2019
739;C323R449;323;449;3908;DEG0R;Wartburgkreis;Thüringen;2019-01-01;2019-12-31;60;2019
740;C332R334;332;334;3909;DE91B;Wolfenbüttel;Niedersachsen;2019-01-01;2019-12-31;90;2019
741;C493R152;493;152;3910;DE80J;Mecklenburgische Seenplatte;Mecklenburg-Vorpommern;2019-01-01;2019-12-31;81;2019
742;C295R209;295;209;3911;DE935;Lüneburg, Landkreis;Niedersachsen;2019-01-01;2019-12-31;80;2019
743;C303R768;303;768;3912;DE279;Neu-Ulm;Bayern;2019-01-01;2019-12-31;91;2019
744;C264R582;264;582;3913;DE26A;Main-Spessart;Bayern;2019-01-01;2019-12-31;54;2019
745;C29R444;29;444;3914;DEA29;Heinsberg;Nordrhein-Westfalen;2019-01-01;2019-12-31;47;2019
746;C290R643;290;643;3915;DE11A;Schwäbisch Hall;Baden-Württemberg;2019-01-01;2019-12-31;84;2019
747;C136R293;136;293;3916;DE94E;Osnabrück, Landkreis;Niedersachsen;2019-01-01;2019-12-31;90;2019
748;C236R465;236;465;3917;DE735;Schwalm-Eder-Kreis;Hessen;2019-01-01;2019-12-31;59;2019
749;C352R768;352;768;3918;DE276;Augsburg, Landkreis;Bayern;2019-01-01;2019-12-31;82;2019
750;C397R114;397;114;3919;DE80K;Landkreis Rostock;Mecklenburg-Vorpommern;2019-01-01;2019-12-31;85;2019
751;C453R264;453;264;3920;DE408;Havelland;Brandenburg;2019-01-01;2019-12-31;60;2019
752;C375R321;375;321;3921;DEE07;Börde;Sachsen-Anhalt;2019-01-01;2019-12-31;86;2019
753;C263R652;263;652;3922;DE119;Hohenlohekreis;Baden-Württemberg;2019-01-01;2019-12-31;95;2019
754;C316R102;316;102;3923;DEF0A;Plön;Schleswig-Holstein;2019-01-01;2019-12-31;99;2019
755;C131R243;131;243;3924;DE949;Emsland;Niedersachsen;2019-01-01;2019-12-31;87;2019
756;C320R394;320;394;3925;DEG06;Eichsfeld;Thüringen;2019-01-01;2019-12-31;59;2019
757;C237R301;237;301;3926;DE928;Schaumburg;Niedersachsen;2019-01-01;2019-12-31;95;2019
758;C552R198;552;198;3927;DE40I;Uckermark;Brandenburg;2019-01-01;2019-12-31;80;2019
759;C450R566;450;566;3928;DE23A;Tirschenreuth;Bayern;2019-01-01;2019-12-31;91;2019
760;C215R487;215;487;3929;DE721;Gießen, Landkreis;Hessen;2019-01-01;2019-12-31;89;2019
761;C487R631;487;631;3930;DE235;Cham;Bayern;2019-01-01;2019-12-31;98;2019
762;C338R466;338;466;3931;DEG0C;Gotha;Thüringen;2019-01-01;2019-12-31;60;2019
763;C284R776;284;776;3932;DE146;Biberach;Baden-Württemberg;2019-01-01;2019-12-31;81;2019
764;C424R488;424;488;3933;DEG0L;Greiz;Thüringen;2019-01-01;2019-12-31;66;2019
765;C524R143;524;143;3934;DE80J;Mecklenburgische Seenplatte;Mecklenburg-Vorpommern;2019-01-01;2019-12-31;80;2019
766;C228R375;228;375;3935;DEA44;Höxter;Nordrhein-Westfalen;2019-01-01;2019-12-31;92;2019
767;C179R803;179;803;3936;DE13A;Waldshut;Baden-Württemberg;2019-01-01;2019-12-31;89;2019
768;C444R87;444;87;3937;DE80L;Vorpommern-Rügen;Mecklenburg-Vorpommern;2019-01-01;2019-12-31;85;2019
769;C386R628;386;628;3938;DE259;Nürnberger Land;Bayern;2019-01-01;2019-12-31;89;2019
770;C346R339;346;339;3939;DEE09;Harz;Sachsen-Anhalt;2019-01-01;2019-12-31;86;2019
771;C472R620;472;620;3940;DE239;Schwandorf;Bayern;2019-01-01;2019-12-31;96;2019
772;C186R222;186;222;3941;DE94D;Oldenburg, Landkreis;Niedersachsen;2019-01-01;2019-12-31;95;2019
773;C107R321;107;321;3942;DEA37;Steinfurt;Nordrhein-Westfalen;2019-01-01;2019-12-31;93;2019
774;C267R727;267;727;3943;DE145;Alb-Donau-Kreis;Baden-Württemberg;2019-01-01;2019-12-31;92;2019
775;C188R780;188;780;3944;DE136;Schwarzwald-Baar-Kreis;Baden-Württemberg;2019-01-01;2019-12-31;89;2019
776;C512R490;512;490;3945;DED42;Erzgebirgskreis;Sachsen;2019-01-01;2019-12-31;100;2019
777;C137R299;137;299;3946;DEA37;Steinfurt;Nordrhein-Westfalen;2019-01-01;2019-12-31;90;2019
778;C331R455;331;455;3947;DEG0C;Gotha;Thüringen;2019-01-01;2019-12-31;60;2019
779;C164R343;164;343;3948;DEA42;Gütersloh;Nordrhein-Westfalen;2019-01-01;2019-12-31;94;2019
780;C55R387;55;387;3949;DEA1F;Wesel;Nordrhein-Westfalen;2019-01-01;2019-12-31;47;2019
781;C298R529;298;529;3950;DE265;Bad Kissingen;Bayern;2019-01-01;2019-12-31;61;2019
782;C457R160;457;160;3951;DE80J;Mecklenburgische Seenplatte;Mecklenburg-Vorpommern;2019-01-01;2019-12-31;81;2019
783;C306R127;306;127;3952;DEF0D;Segeberg;Schleswig-Holstein;2019-01-01;2019-12-31;99;2019
784;C511R171;511;171;3953;DE80J;Mecklenburgische Seenplatte;Mecklenburg-Vorpommern;2019-01-01;2019-12-31;80;2019
785;C187R524;187;524;3954;DE718;Hochtaunuskreis;Hessen;2019-01-01;2019-12-31;89;2019
786;C118R290;118;290;3955;DE949;Emsland;Niedersachsen;2019-01-01;2019-12-31;93;2019
787;C225R77;225;77;3956;DEF05;Dithmarschen;Schleswig-Holstein;2019-01-01;2019-12-31;83;2019
788;C579R355;579;355;3957;DE40G;Spree-Neiße;Brandenburg;2019-01-01;2019-12-31;85;2019
789;C499R748;499;748;3958;DE214;Altötting;Bayern;2019-01-01;2019-12-31;89;2019
790;C130R282;130;282;3959;DE94E;Osnabrück, Landkreis;Niedersachsen;2019-01-01;2019-12-31;83;2019
791;C198R275;198;275;3960;DE922;Diepholz;Niedersachsen;2019-01-01;2019-12-31;67;2019
792;C197R541;197;541;3961;DE712;Frankfurt am Main, Kreisfreie Stadt;Hessen;2019-01-01;2019-12-31;79;2019
793;C487R658;487;658;3962;DE22B;Straubing-Bogen;Bayern;2019-01-01;2019-12-31;95;2019
794;C413R416;413;416;3963;DEE0B;Saalekreis;Sachsen-Anhalt;2019-01-01;2019-12-31;70;2019
795;C424R153;424;153;3964;DE80O;Ludwigslust-Parchim;Mecklenburg-Vorpommern;2019-01-01;2019-12-31;85;2019
796;C583R266;583;266;3965;DE409;Märkisch-Oderland;Brandenburg;2019-01-01;2019-12-31;91;2019
797;C174R804;174;804;3966;DE13A;Waldshut;Baden-Württemberg;2019-01-01;2019-12-31;89;2019
798;C161R299;161;299;3967;DE94E;Osnabrück, Landkreis;Niedersachsen;2019-01-01;2019-12-31;89;2019
799;C140R296;140;296;3968;DE94E;Osnabrück, Landkreis;Niedersachsen;2019-01-01;2019-12-31;90;2019
800;C254R404;254;404;3969;DE734;Kassel, Landkreis;Hessen;2019-01-01;2019-12-31;81;2019
801;C448R79;448;79;3970;DE80L;Vorpommern-Rügen;Mecklenburg-Vorpommern;2019-01-01;2019-12-31;85;2019
802;C202R240;202;240;3971;DE922;Diepholz;Niedersachsen;2019-01-01;2019-12-31;67;2019
803;C350R459;350;459;3972;DEG0C;Gotha;Thüringen;2019-01-01;2019-12-31;59;2019
804;C310R580;310;580;3973;DE268;Kitzingen;Bayern;2019-01-01;2019-12-31;58;2019
805;C361R712;361;712;3974;DE27D;Donau-Ries;Bayern;2019-01-01;2019-12-31;80;2019
806;C338R509;338;509;3975;DEG0E;Hildburghausen;Thüringen;2019-01-01;2019-12-31;89;2019
807;C331R657;331;657;3976;DE256;Ansbach, Landkreis;Bayern;2019-01-01;2019-12-31;87;2019
808;C292R203;292;203;3977;DE933;Harburg;Niedersachsen;2019-01-01;2019-12-31;80;2019
809;C206R177;206;177;3978;DE932;Cuxhaven;Niedersachsen;2019-01-01;2019-12-31;95;2019
810;C374R151;374;151;3979;DE80M;Nordwestmecklenburg;Mecklenburg-Vorpommern;2019-01-01;2019-12-31;85;2019
811;C527R709;527;709;3980;DE228;Passau, Landkreis;Bayern;2019-01-01;2019-12-31;74;2019
812;C235R264;235;264;3981;DE927;Nienburg (Weser);Niedersachsen;2019-01-01;2019-12-31;98;2019
813;C630R411;630;411;3982;DED2D;Görlitz;Sachsen;2019-01-01;2019-12-31;80;2019
814;C370R225;370;225;3983;DE934;Lüchow-Dannenberg;Niedersachsen;2019-01-01;2019-12-31;74;2019
815;C389R742;389;742;3984;DE217;Dachau;Bayern;2019-01-01;2019-12-31;91;2019
816;C461R463;461;463;3985;DEG0M;Altenburger Land;Thüringen;2019-01-01;2019-12-31;84;2019
817;C395R439;395;439;3986;DEG0G;Weimarer Land;Thüringen;2019-01-01;2019-12-31;70;2019
818;C333R302;333;302;3987;DE917;Helmstedt;Niedersachsen;2019-01-01;2019-12-31;90;2019
819;C276R359;276;359;3988;DE918;Northeim;Niedersachsen;2019-01-01;2019-12-31;88;2019
820;C172R367;172;367;3989;DEA42;Gütersloh;Nordrhein-Westfalen;2019-01-01;2019-12-31;88;2019
821;C450R76;450;76;3990;DE80L;Vorpommern-Rügen;Mecklenburg-Vorpommern;2019-01-01;2019-12-31;85;2019
822;C194R536;194;536;3991;DE718;Hochtaunuskreis;Hessen;2019-01-01;2019-12-31;79;2019
823;C442R392;442;392;3992;DED53;Nordsachsen;Sachsen;2019-01-01;2019-12-31;53;2019
824;C253R392;253;392;3993;DE734;Kassel, Landkreis;Hessen;2019-01-01;2019-12-31;92;2019
825;C510R415;510;415;3994;DED53;Nordsachsen;Sachsen;2019-01-01;2019-12-31;59;2019
826;C381R674;381;674;3995;DE219;Eichstätt;Bayern;2019-01-01;2019-12-31;87;2019
827;C199R286;199;286;3996;DEA46;Minden-Lübbecke;Nordrhein-Westfalen;2019-01-01;2019-12-31;67;2019
828;C378R475;378;475;3997;DEG0U;Saalfeld-Rudolstadt;Thüringen;2019-01-01;2019-12-31;89;2019
829;C427R510;427;510;3998;DED44;Vogtlandkreis;Sachsen;2019-01-01;2019-12-31;92;2019
830;C272R481;272;481;3999;DE732;Fulda;Hessen;2019-01-01;2019-12-31;82;2019
831;C215R696;215;696;4000;DE112;Böblingen;Baden-Württemberg;2019-01-01;2019-12-31;58;2019
832;C375R440;375;440;4001;DEG0G;Weimarer Land;Thüringen;2019-01-01;2019-12-31;59;2019
833;C336R429;336;429;4002;DEG09;Unstrut-Hainich-Kreis;Thüringen;2019-01-01;2019-12-31;50;2019
834;C295R202;295;202;4003;DE933;Harburg;Niedersachsen;2019-01-01;2019-12-31;80;2019
835;C583R273;583;273;4004;DE409;Märkisch-Oderland;Brandenburg;2019-01-01;2019-12-31;91;2019
836;C364R168;364;168;4005;DE80O;Ludwigslust-Parchim;Mecklenburg-Vorpommern;2019-01-01;2019-12-31;84;2019
837;C335R121;335;121;4007;DEF08;Ostholstein;Schleswig-Holstein;2019-01-01;2019-12-31;99;2019
838;C128R288;128;288;4008;DEA37;Steinfurt;Nordrhein-Westfalen;2019-01-01;2019-12-31;90;2019
839;C481R692;481;692;4009;DE22B;Straubing-Bogen;Bayern;2019-01-01;2019-12-31;81;2019
840;C401R451;401;451;4010;DEG0J;Saale-Holzland-Kreis;Thüringen;2019-01-01;2019-12-31;89;2019
841;C586R269;586;269;4011;DE409;Märkisch-Oderland;Brandenburg;2019-01-01;2019-12-31;91;2019
842;C398R399;398;399;4012;DEE0B;Saalekreis;Sachsen-Anhalt;2019-01-01;2019-12-31;70;2019
843;C436R147;436;147;4013;DE80K;Landkreis Rostock;Mecklenburg-Vorpommern;2019-01-01;2019-12-31;85;2019
844;C402R670;402;670;4014;DE219;Eichstätt;Bayern;2019-01-01;2019-12-31;58;2019
845;C253R339;253;339;4015;DE926;Holzminden;Niedersachsen;2019-01-01;2019-12-31;88;2019
846;C463R737;463;737;4016;DE227;Landshut, Landkreis;Bayern;2019-01-01;2019-12-31;82;2019
847;C329R618;329;618;4017;DE25A;Neustadt a. d. Aisch-Bad Windsheim;Bayern;2019-01-01;2019-12-31;91;2019
848;C498R40;498;40;4018;DE80L;Vorpommern-Rügen;Mecklenburg-Vorpommern;2019-01-01;2019-12-31;94;2019
849;C577R261;577;261;4019;DE409;Märkisch-Oderland;Brandenburg;2019-01-01;2019-12-31;91;2019
850;C271R652;271;652;4020;DE11A;Schwäbisch Hall;Baden-Württemberg;2019-01-01;2019-12-31;95;2019
851;C199R528;199;528;4021;DE71E;Wetteraukreis;Hessen;2019-01-01;2019-12-31;79;2019
852;C38R368;38;368;4022;DEA1B;Kleve;Nordrhein-Westfalen;2019-01-01;2019-12-31;80;2019
853;C390R440;390;440;4023;DEG0G;Weimarer Land;Thüringen;2019-01-01;2019-12-31;89;2019
854;C337R87;337;87;4024;DEF08;Ostholstein;Schleswig-Holstein;2019-01-01;2019-12-31;99;2019
855;C239R311;239;311;4026;DE928;Schaumburg;Niedersachsen;2019-01-01;2019-12-31;95;2019
856;C234R388;234;388;4027;DEA44;Höxter;Nordrhein-Westfalen;2019-01-01;2019-12-31;92;2019
857;C137R539;137;539;4028;DEB1A;Rhein-Lahn-Kreis;Rheinland-Pfalz;2019-01-01;2019-12-31;57;2019
858;C365R132;365;132;4029;DE80M;Nordwestmecklenburg;Mecklenburg-Vorpommern;2019-01-01;2019-12-31;85;2019
859;C158R238;158;238;4030;DE948;Cloppenburg;Niedersachsen;2019-01-01;2019-12-31;87;2019
860;C429R753;429;753;4031;DE21A;Erding;Bayern;2019-01-01;2019-12-31;98;2019
861;C351R62;351;62;4032;DEF08;Ostholstein;Schleswig-Holstein;2019-01-01;2019-12-31;85;2019
862;C177R254;177;254;4033;DE94F;Vechta;Niedersachsen;2019-01-01;2019-12-31;67;2019
863;C303R365;303;365;4034;DE91C;Göttingen;Niedersachsen;2019-01-01;2019-12-31;59;2019
864;C491R258;491;258;4035;DE408;Havelland;Brandenburg;2019-01-01;2019-12-31;85;2019
865;C543R110;543;110;4036;DE80N;Vorpommern-Greifswald;Mecklenburg-Vorpommern;2019-01-01;2019-12-31;80;2019
866;C574R424;574;424;4037;DED2C;Bautzen;Sachsen;2019-01-01;2019-12-31;81;2019
867;C494R476;494;476;4038;DED42;Erzgebirgskreis;Sachsen;2019-01-01;2019-12-31;100;2019
868;C482R94;482;94;4039;DE80L;Vorpommern-Rügen;Mecklenburg-Vorpommern;2019-01-01;2019-12-31;94;2019
869;C136R383;136;383;4040;DEA5C;Unna;Nordrhein-Westfalen;2019-01-01;2019-12-31;107;2019
870;C531R116;531;116;4041;DE80N;Vorpommern-Greifswald;Mecklenburg-Vorpommern;2019-01-01;2019-12-31;80;2019
871;C386R658;386;658;4042;DE25B;Roth;Bayern;2019-01-01;2019-12-31;58;2019
872;C398R101;398;101;4043;DE80K;Landkreis Rostock;Mecklenburg-Vorpommern;2019-01-01;2019-12-31;85;2019
873;C365R319;365;319;4044;DEE07;Börde;Sachsen-Anhalt;2019-01-01;2019-12-31;86;2019
874;C484R134;484;134;4045;DE80J;Mecklenburgische Seenplatte;Mecklenburg-Vorpommern;2019-01-01;2019-12-31;94;2019
875;C313R726;313;726;4046;DE11C;Heidenheim;Baden-Württemberg;2019-01-01;2019-12-31;82;2019
876;C438R82;438;82;4047;DE80L;Vorpommern-Rügen;Mecklenburg-Vorpommern;2019-01-01;2019-12-31;85;2019
877;C471R110;471;110;4048;DE80L;Vorpommern-Rügen;Mecklenburg-Vorpommern;2019-01-01;2019-12-31;94;2019
878;C439R384;439;384;4049;DEE05;Anhalt-Bitterfeld;Sachsen-Anhalt;2019-01-01;2019-12-31;53;2019
879;C290R771;290;771;4050;DE146;Biberach;Baden-Württemberg;2019-01-01;2019-12-31;81;2019
880;C558R173;558;173;4051;DE40I;Uckermark;Brandenburg;2019-01-01;2019-12-31;80;2019
881;C351R83;351;83;4052;DEF08;Ostholstein;Schleswig-Holstein;2019-01-01;2019-12-31;85;2019
882;C412R157;412;157;4053;DE80O;Ludwigslust-Parchim;Mecklenburg-Vorpommern;2019-01-01;2019-12-31;85;2019
883;C417R234;417;234;4054;DE40F;Prignitz;Brandenburg;2019-01-01;2019-12-31;74;2019
884;C429R519;429;519;4055;DE249;Hof, Landkreis;Bayern;2019-01-01;2019-12-31;92;2019
885;C232R74;232;74;4056;DEF07;Nordfriesland;Schleswig-Holstein;2019-01-01;2019-12-31;83;2019
886;C277R657;277;657;4057;DE11A;Schwäbisch Hall;Baden-Württemberg;2019-01-01;2019-12-31;95;2019
887;C407R122;407;122;4058;DE80K;Landkreis Rostock;Mecklenburg-Vorpommern;2019-01-01;2019-12-31;85;2019
888;C221R121;221;121;4059;DEF05;Dithmarschen;Schleswig-Holstein;2019-01-01;2019-12-31;83;2019
889;C368R538;368;538;4060;DE24C;Lichtenfels;Bayern;2019-01-01;2019-12-31;91;2019
890;C244R376;244;376;4061;DEA44;Höxter;Nordrhein-Westfalen;2019-01-01;2019-12-31;92;2019
891;C395R387;395;387;4062;DEE0A;Mansfeld-Südharz;Sachsen-Anhalt;2019-01-01;2019-12-31;68;2019
892;C40R391;40;391;4063;DEA1B;Kleve;Nordrhein-Westfalen;2019-01-01;2019-12-31;47;2019
893;C341R548;341;548;4064;DE267;Haßberge;Bayern;2019-01-01;2019-12-31;88;2019
894;C166R569;166;569;4065;DEB35;Mainz, Kreisfreie Stadt;Rheinland-Pfalz;2019-01-01;2019-12-31;69;2019
895;C423R321;423;321;4066;DEE06;Jerichower Land;Sachsen-Anhalt;2019-01-01;2019-12-31;82;2019
896;C311R507;311;507;4067;DE266;Rhön-Grabfeld;Bayern;2019-01-01;2019-12-31;81;2019
897;C417R528;417;528;4068;DE249;Hof, Landkreis;Bayern;2019-01-01;2019-12-31;93;2019
898;C430R227;430;227;4069;DE40F;Prignitz;Brandenburg;2019-01-01;2019-12-31;74;2019
899;C444R749;444;749;4070;DE21A;Erding;Bayern;2019-01-01;2019-12-31;98;2019
900;C208R714;208;714;4071;DE112;Böblingen;Baden-Württemberg;2019-01-01;2019-12-31;89;2019
901;C340R626;340;626;4072;DE256;Ansbach, Landkreis;Bayern;2019-01-01;2019-12-31;87;2019
902;C329R756;329;756;4073;DE278;Günzburg;Bayern;2019-01-01;2019-12-31;82;2019
903;C301R466;301;466;4074;DEG0R;Wartburgkreis;Thüringen;2019-01-01;2019-12-31;82;2019
904;C108R364;108;364;4075;DEA35;Coesfeld;Nordrhein-Westfalen;2019-01-01;2019-12-31;107;2019
905;C213R653;213;653;4076;DE118;Heilbronn, Landkreis;Baden-Württemberg;2019-01-01;2019-12-31;59;2019
906;C369R418;369;418;4077;DEG0D;Sömmerda;Thüringen;2019-01-01;2019-12-31;83;2019
907;C95R472;95;472;4078;DEA2C;Rhein-Sieg-Kreis;Nordrhein-Westfalen;2019-01-01;2019-12-31;91;2019
908;C56R366;56;366;4079;DEA1F;Wesel;Nordrhein-Westfalen;2019-01-01;2019-12-31;80;2019
909;C308R300;308;300;4080;DE91A;Peine;Niedersachsen;2019-01-01;2019-12-31;72;2019
910;C438R575;438;575;4081;DE23A;Tirschenreuth;Bayern;2019-01-01;2019-12-31;96;2019
911;C269R223;269;223;4082;DE938;Heidekreis;Niedersachsen;2019-01-01;2019-12-31;80;2019
912;C568R244;568;244;4083;DE409;Märkisch-Oderland;Brandenburg;2019-01-01;2019-12-31;82;2019
913;C438R305;438;305;4084;DEE06;Jerichower Land;Sachsen-Anhalt;2019-01-01;2019-12-31;82;2019
914;C133R408;133;408;4085;DEA58;Märkischer Kreis;Nordrhein-Westfalen;2019-01-01;2019-12-31;80;2019
915;C312R288;312;288;4086;DE914;Gifhorn;Niedersachsen;2019-01-01;2019-12-31;59;2019
916;C550R238;550;238;4087;DE405;Barnim;Brandenburg;2019-01-01;2019-12-31;82;2019
917;C404R540;404;540;4088;DE24B;Kulmbach;Bayern;2019-01-01;2019-12-31;88;2019
918;C394R596;394;596;4089;DE246;Bayreuth, Landkreis;Bayern;2019-01-01;2019-12-31;96;2019
919;C342R522;342;522;4090;DE247;Coburg, Landkreis;Bayern;2019-01-01;2019-12-31;91;2019
920;C142R569;142;569;4091;DEB3J;Mainz-Bingen;Rheinland-Pfalz;2019-01-01;2019-12-31;69;2019
921;C282R52;282;52;4092;DEF0B;Rendsburg-Eckernförde;Schleswig-Holstein;2019-01-01;2019-12-31;99;2019
922;C105R509;105;509;4093;DEB18;Neuwied;Rheinland-Pfalz;2019-01-01;2019-12-31;67;2019
923;C280R752;280;752;4094;DE145;Alb-Donau-Kreis;Baden-Württemberg;2019-01-01;2019-12-31;96;2019
924;C177R279;177;279;4095;DE922;Diepholz;Niedersachsen;2019-01-01;2019-12-31;67;2019
925;C301R87;301;87;4096;DEF0A;Plön;Schleswig-Holstein;2019-01-01;2019-12-31;99;2019
926;C516R167;516;167;4097;DE80J;Mecklenburgische Seenplatte;Mecklenburg-Vorpommern;2019-01-01;2019-12-31;80;2019
927;C403R627;403;627;4098;DE236;Neumarkt i. d. OPf.;Bayern;2019-01-01;2019-12-31;94;2019
928;C276R789;276;789;4099;DE148;Ravensburg;Baden-Württemberg;2019-01-01;2019-12-31;81;2019
929;C101R306;101;306;4100;DE94B;Grafschaft Bentheim;Niedersachsen;2019-01-01;2019-12-31;93;2019
930;C398R407;398;407;4101;DEE0B;Saalekreis;Sachsen-Anhalt;2019-01-01;2019-12-31;70;2019
931;C539R122;539;122;4102;DE80N;Vorpommern-Greifswald;Mecklenburg-Vorpommern;2019-01-01;2019-12-31;80;2019
932;C421R477;421;477;4103;DEG0K;Saale-Orla-Kreis;Thüringen;2019-01-01;2019-12-31;66;2019
933;C159R326;159;326;4104;DE94E;Osnabrück, Landkreis;Niedersachsen;2019-01-01;2019-12-31;106;2019
934;C255R148;255;148;4105;DEF0E;Steinburg;Schleswig-Holstein;2019-01-01;2019-12-31;99;2019
935;C325R84;325;84;4106;DEF0A;Plön;Schleswig-Holstein;2019-01-01;2019-12-31;99;2019
936;C343R438;343;438;4107;DEG09;Unstrut-Hainich-Kreis;Thüringen;2019-01-01;2019-12-31;59;2019
937;C469R487;469;487;4108;DED45;Zwickau;Sachsen;2019-01-01;2019-12-31;88;2019
938;C577R421;577;421;4109;DED2C;Bautzen;Sachsen;2019-01-01;2019-12-31;81;2019
939;C211R403;211;403;4110;DEA57;Hochsauerlandkreis;Nordrhein-Westfalen;2019-01-01;2019-12-31;73;2019
940;C193R252;193;252;4111;DE922;Diepholz;Niedersachsen;2019-01-01;2019-12-31;67;2019
941;C299R511;299;511;4112;DE266;Rhön-Grabfeld;Bayern;2019-01-01;2019-12-31;81;2019
942;C271R574;271;574;4113;DE26A;Main-Spessart;Bayern;2019-01-01;2019-12-31;54;2019
943;C260R43;260;43;4114;DEF0C;Schleswig-Flensburg;Schleswig-Holstein;2019-01-01;2019-12-31;95;2019
944;C102R324;102;324;4115;DEA37;Steinfurt;Nordrhein-Westfalen;2019-01-01;2019-12-31;93;2019
945;C311R538;311;538;4116;DE265;Bad Kissingen;Bayern;2019-01-01;2019-12-31;61;2019
946;C225R304;225;304;4117;DE928;Schaumburg;Niedersachsen;2019-01-01;2019-12-31;95;2019
947;C490R49;490;49;4118;DE80L;Vorpommern-Rügen;Mecklenburg-Vorpommern;2019-01-01;2019-12-31;94;2019
948;C500R422;500;422;4119;DED43;Mittelsachsen;Sachsen;2019-01-01;2019-12-31;59;2019
949;C483R751;483;751;4120;DE21G;Mühldorf a. Inn;Bayern;2019-01-01;2019-12-31;89;2019
950;C199R514;199;514;4121;DE71E;Wetteraukreis;Hessen;2019-01-01;2019-12-31;89;2019
951;C251R676;251;676;4122;DE116;Rems-Murr-Kreis;Baden-Württemberg;2019-01-01;2019-12-31;89;2019
952;C236R149;236;149;4123;DE932;Cuxhaven;Niedersachsen;2019-01-01;2019-12-31;99;2019
953;C441R430;441;430;4124;DEE08;Burgenlandkreis;Sachsen-Anhalt;2019-01-01;2019-12-31;70;2019
954;C303R149;303;149;4125;DEF0F;Stormarn;Schleswig-Holstein;2019-01-01;2019-12-31;99;2019
955;C53R433;53;433;4126;DEA1D;Rhein-Kreis Neuss;Nordrhein-Westfalen;2019-01-01;2019-12-31;47;2019
956;C276R363;276;363;4127;DE918;Northeim;Niedersachsen;2019-01-01;2019-12-31;88;2019
957;C301R783;301;783;4128;DE146;Biberach;Baden-Württemberg;2019-01-01;2019-12-31;81;2019
958;C35R461;35;461;5608;DEA26;Düren;Nordrhein-Westfalen;2020-01-01;2020-12-31;80;2020
959;C165R652;165;652;5609;DEB3E;Germersheim;Rheinland-Pfalz;2020-01-01;2020-12-31;61;2020
960;C274R735;274;735;5610;DE145;Alb-Donau-Kreis;Baden-Württemberg;2020-01-01;2020-12-31;93;2020
961;C428R437;428;437;5611;DEE08;Burgenlandkreis;Sachsen-Anhalt;2020-01-01;2020-12-31;81;2020
962;C118R642;118;642;5612;DEB3K;Südwestpfalz;Rheinland-Pfalz;2020-01-01;2020-12-31;86;2020
963;C171R572;171;572;5613;DEB3J;Mainz-Bingen;Rheinland-Pfalz;2020-01-01;2020-12-31;76;2020
964;C471R456;471;456;5614;DED45;Zwickau;Sachsen;2020-01-01;2020-12-31;78;2020
965;C257R56;257;56;5615;DEF0C;Schleswig-Flensburg;Schleswig-Holstein;2020-01-01;2020-12-31;79;2020
966;C434R761;434;761;5616;DE218;Ebersberg;Bayern;2020-01-01;2020-12-31;87;2020
967;C149R574;149;574;5617;DEB3J;Mainz-Bingen;Rheinland-Pfalz;2020-01-01;2020-12-31;76;2020
968;C415R232;415;232;5618;DE40F;Prignitz;Brandenburg;2020-01-01;2020-12-31;80;2020
969;C452R743;452;743;5619;DE21A;Erding;Bayern;2020-01-01;2020-12-31;89;2020
970;C219R286;219;286;5620;DE927;Nienburg (Weser);Niedersachsen;2020-01-01;2020-12-31;86;2020
971;C338R527;338;527;5621;DEG0E;Hildburghausen;Thüringen;2020-01-01;2020-12-31;84;2020
972;C383R135;383;135;5622;DE80M;Nordwestmecklenburg;Mecklenburg-Vorpommern;2020-01-01;2020-12-31;106;2020
973;C242R345;242;345;5623;DE923;Hameln-Pyrmont;Niedersachsen;2020-01-01;2020-12-31;92;2020
974;C493R474;493;474;5624;DED42;Erzgebirgskreis;Sachsen;2020-01-01;2020-12-31;84;2020
975;C540R190;540;190;5625;DE40I;Uckermark;Brandenburg;2020-01-01;2020-12-31;75;2020
976;C444R107;444;107;5626;DE80K;Landkreis Rostock;Mecklenburg-Vorpommern;2020-01-01;2020-12-31;85;2020
977;C417R257;417;257;5627;DEE0D;Stendal;Sachsen-Anhalt;2020-01-01;2020-12-31;80;2020
978;C484R124;484;124;5628;DE80J;Mecklenburgische Seenplatte;Mecklenburg-Vorpommern;2020-01-01;2020-12-31;85;2020
979;C429R602;429;602;5629;DE234;Amberg-Sulzbach;Bayern;2020-01-01;2020-12-31;67;2020
980;C252R401;252;401;5630;DE734;Kassel, Landkreis;Hessen;2020-01-01;2020-12-31;76;2020
981;C392R311;392;311;5631;DEE07;Börde;Sachsen-Anhalt;2020-01-01;2020-12-31;72;2020
982;C278R107;278;107;5632;DEF0B;Rendsburg-Eckernförde;Schleswig-Holstein;2020-01-01;2020-12-31;96;2020
983;C302R577;302;577;5633;DE26C;Würzburg, Landkreis;Bayern;2020-01-01;2020-12-31;75;2020
984;C81R317;81;317;5634;DEA34;Borken;Nordrhein-Westfalen;2020-01-01;2020-12-31;96;2020
985;C102R268;102;268;5635;DE949;Emsland;Niedersachsen;2020-01-01;2020-12-31;101;2020
986;C480R229;480;229;5636;DE40D;Ostprignitz-Ruppin;Brandenburg;2020-01-01;2020-12-31;78;2020
987;C566R206;566;206;5637;DE40I;Uckermark;Brandenburg;2020-01-01;2020-12-31;85;2020
988;C277R645;277;645;5638;DE119;Hohenlohekreis;Baden-Württemberg;2020-01-01;2020-12-31;91;2020
989;C385R409;385;409;5639;DEG0A;Kyffhäuserkreis;Thüringen;2020-01-01;2020-12-31;83;2020
990;C208R794;208;794;5640;DE137;Tuttlingen;Baden-Württemberg;2020-01-01;2020-12-31;86;2020
991;C355R457;355;457;5641;DEG0C;Gotha;Thüringen;2020-01-01;2020-12-31;82;2020
992;C314R177;314;177;5642;DEF06;Herzogtum Lauenburg;Schleswig-Holstein;2020-01-01;2020-12-31;77;2020
993;C459R459;459;459;5643;DEG0M;Altenburger Land;Thüringen;2020-01-01;2020-12-31;77;2020
994;C379R236;379;236;5644;DE934;Lüchow-Dannenberg;Niedersachsen;2020-01-01;2020-12-31;70;2020
995;C558R198;558;198;5645;DE40I;Uckermark;Brandenburg;2020-01-01;2020-12-31;75;2020
996;C539R184;539;184;5646;DE40I;Uckermark;Brandenburg;2020-01-01;2020-12-31;75;2020
997;C351R624;351;624;5647;DE258;Fürth, Landkreis;Bayern;2020-01-01;2020-12-31;94;2020
998;C153R592;153;592;5648;DEB3B;Alzey-Worms;Rheinland-Pfalz;2020-01-01;2020-12-31;56;2020
999;C436R143;436;143;5650;DE80K;Landkreis Rostock;Mecklenburg-Vorpommern;2020-01-01;2020-12-31;77;2020
1000;C517R403;517;403;5651;DED2E;Meißen;Sachsen;2020-01-01;2020-12-31;82;2020
1001;C394R456;394;456;5652;DEG0G;Weimarer Land;Thüringen;2020-01-01;2020-12-31;77;2020
1002;C556R186;556;186;5653;DE40I;Uckermark;Brandenburg;2020-01-01;2020-12-31;75;2020
1003;C305R298;305;298;5654;DE91A;Peine;Niedersachsen;2020-01-01;2020-12-31;70;2020
1004;C37R619;37;619;5655;DEC02;Merzig-Wadern;Saarland;2020-01-01;2020-12-31;85;2020
1005;C356R174;356;174;5656;DE80O;Ludwigslust-Parchim;Mecklenburg-Vorpommern;2020-01-01;2020-12-31;106;2020
1006;C255R345;255;345;5657;DE926;Holzminden;Niedersachsen;2020-01-01;2020-12-31;92;2020
1007;C474R454;474;454;5658;DEG0M;Altenburger Land;Thüringen;2020-01-01;2020-12-31;78;2020
1008;C326R683;326;683;5659;DE27D;Donau-Ries;Bayern;2020-01-01;2020-12-31;78;2020
1009;C412R312;412;312;5660;DEE06;Jerichower Land;Sachsen-Anhalt;2020-01-01;2020-12-31;72;2020
1010;C369R260;369;260;5661;DEE04;Altmarkkreis Salzwedel;Sachsen-Anhalt;2020-01-01;2020-12-31;70;2020
1011;C309R420;309;420;5662;DEG06;Eichsfeld;Thüringen;2020-01-01;2020-12-31;86;2020
1012;C46R491;46;491;5663;DEA26;Düren;Nordrhein-Westfalen;2020-01-01;2020-12-31;83;2020
1013;C309R221;309;221;5664;DE93A;Uelzen;Niedersachsen;2020-01-01;2020-12-31;77;2020
1014;C484R690;484;690;5665;DE22B;Straubing-Bogen;Bayern;2020-01-01;2020-12-31;86;2020
1015;C359R425;359;425;5666;DEG0D;Sömmerda;Thüringen;2020-01-01;2020-12-31;82;2020
1016;C269R733;269;733;5667;DE145;Alb-Donau-Kreis;Baden-Württemberg;2020-01-01;2020-12-31;93;2020
1017;C144R335;144;335;5668;DEA38;Warendorf;Nordrhein-Westfalen;2020-01-01;2020-12-31;85;2020
1018;C272R641;272;641;5669;DE119;Hohenlohekreis;Baden-Württemberg;2020-01-01;2020-12-31;78;2020
1019;C360R614;360;614;5670;DE253;Fürth, Kreisfreie Stadt;Bayern;2020-01-01;2020-12-31;94;2020
1020;C275R543;275;543;5671;DE265;Bad Kissingen;Bayern;2020-01-01;2020-12-31;89;2020
1021;C527R94;527;94;5672;DE80N;Vorpommern-Greifswald;Mecklenburg-Vorpommern;2020-01-01;2020-12-31;85;2020
1022;C430R473;430;473;5673;DEG0L;Greiz;Thüringen;2020-01-01;2020-12-31;83;2020
1023;C254R751;254;751;5674;DE141;Reutlingen;Baden-Württemberg;2020-01-01;2020-12-31;93;2020
1024;C510R370;510;370;5675;DE407;Elbe-Elster;Brandenburg;2020-01-01;2020-12-31;78;2020
1025;C62R494;62;494;5676;DEA28;Euskirchen;Nordrhein-Westfalen;2020-01-01;2020-12-31;83;2020
1026;C375R230;375;230;5677;DE934;Lüchow-Dannenberg;Niedersachsen;2020-01-01;2020-12-31;70;2020
1027;C322R751;322;751;5678;DE278;Günzburg;Bayern;2020-01-01;2020-12-31;86;2020
1028;C462R417;462;417;5679;DED51;Leipzig, Kreisfreie Stadt;Sachsen;2020-01-01;2020-12-31;76;2020
1029;C394R732;394;732;5680;DE21J;Pfaffenhofen a. d. Ilm;Bayern;2020-01-01;2020-12-31;76;2020
1030;C412R198;412;198;5681;DE40F;Prignitz;Brandenburg;2020-01-01;2020-12-31;88;2020
1031;C550R184;550;184;5682;DE40I;Uckermark;Brandenburg;2020-01-01;2020-12-31;75;2020
1032;C28R463;28;463;5683;DEA2D;Städteregion Aachen;Nordrhein-Westfalen;2020-01-01;2020-12-31;80;2020
1033;C432R522;432;522;5684;DE249;Hof, Landkreis;Bayern;2020-01-01;2020-12-31;92;2020
1034;C615R431;615;431;5685;DED2D;Görlitz;Sachsen;2020-01-01;2020-12-31;79;2020
1035;C388R782;388;782;5686;DE21L;Starnberg;Bayern;2020-01-01;2020-12-31;78;2020
1036;C272R759;272;759;5687;DE145;Alb-Donau-Kreis;Baden-Württemberg;2020-01-01;2020-12-31;93;2020
1037;C354R177;354;177;5688;DE80O;Ludwigslust-Parchim;Mecklenburg-Vorpommern;2020-01-01;2020-12-31;106;2020
1038;C238R500;238;500;5689;DE725;Vogelsbergkreis;Hessen;2020-01-01;2020-12-31;98;2020
1039;C261R68;261;68;5690;DEF0B;Rendsburg-Eckernförde;Schleswig-Holstein;2020-01-01;2020-12-31;79;2020
1040;C492R157;492;157;5691;DE80J;Mecklenburgische Seenplatte;Mecklenburg-Vorpommern;2020-01-01;2020-12-31;88;2020
1041;C395R247;395;247;5692;DEE0D;Stendal;Sachsen-Anhalt;2020-01-01;2020-12-31;70;2020
1042;C343R710;343;710;5693;DE27D;Donau-Ries;Bayern;2020-01-01;2020-12-31;78;2020
1043;C303R222;303;222;5694;DE93A;Uelzen;Niedersachsen;2020-01-01;2020-12-31;79;2020
1044;C364R788;364;788;5695;DE21E;Landsberg am Lech;Bayern;2020-01-01;2020-12-31;86;2020
1045;C415R178;415;178;5696;DE80O;Ludwigslust-Parchim;Mecklenburg-Vorpommern;2020-01-01;2020-12-31;88;2020
1046;C224R786;224;786;5697;DE149;Sigmaringen;Baden-Württemberg;2020-01-01;2020-12-31;83;2020
1047;C574R278;574;278;5698;DE40C;Oder-Spree;Brandenburg;2020-01-01;2020-12-31;96;2020
1048;C443R146;443;146;5699;DE80K;Landkreis Rostock;Mecklenburg-Vorpommern;2020-01-01;2020-12-31;77;2020
1049;C472R353;472;353;5700;DEE0E;Wittenberg;Sachsen-Anhalt;2020-01-01;2020-12-31;69;2020
1050;C414R424;414;424;5701;DEE08;Burgenlandkreis;Sachsen-Anhalt;2020-01-01;2020-12-31;81;2020
1051;C94R339;94;339;5702;DEA35;Coesfeld;Nordrhein-Westfalen;2020-01-01;2020-12-31;94;2020
1052;C284R646;284;646;5703;DE11A;Schwäbisch Hall;Baden-Württemberg;2020-01-01;2020-12-31;91;2020
1053;C216R730;216;730;5704;DE142;Tübingen, Landkreis;Baden-Württemberg;2020-01-01;2020-12-31;94;2020
1054;C400R605;400;605;5705;DE259;Nürnberger Land;Bayern;2020-01-01;2020-12-31;79;2020
1055;C167R578;167;578;5706;DEB3J;Mainz-Bingen;Rheinland-Pfalz;2020-01-01;2020-12-31;56;2020
1056;C312R570;312;570;5707;DE26B;Schweinfurt, Landkreis;Bayern;2020-01-01;2020-12-31;75;2020
1057;C208R239;208;239;5708;DE922;Diepholz;Niedersachsen;2020-01-01;2020-12-31;83;2020
1058;C163R605;163;605;5709;DEB3B;Alzey-Worms;Rheinland-Pfalz;2020-01-01;2020-12-31;73;2020
1059;C189R269;189;269;5710;DE922;Diepholz;Niedersachsen;2020-01-01;2020-12-31;86;2020
1060;C472R289;472;289;5711;DE40E;Potsdam-Mittelmark;Brandenburg;2020-01-01;2020-12-31;69;2020
1061;C212R341;212;341;5712;DEA45;Lippe;Nordrhein-Westfalen;2020-01-01;2020-12-31;86;2020
1062;C468R396;468;396;5713;DED53;Nordsachsen;Sachsen;2020-01-01;2020-12-31;76;2020
1063;C215R51;215;51;5714;DEF07;Nordfriesland;Schleswig-Holstein;2020-01-01;2020-12-31;79;2020
1064;C280R433;280;433;5715;DE737;Werra-Meißner-Kreis;Hessen;2020-01-01;2020-12-31;79;2020
1065;C564R282;564;282;5716;DE40C;Oder-Spree;Brandenburg;2020-01-01;2020-12-31;96;2020
1066;C458R171;458;171;5717;DE80J;Mecklenburgische Seenplatte;Mecklenburg-Vorpommern;2020-01-01;2020-12-31;88;2020
1067;C321R225;321;225;5718;DE93A;Uelzen;Niedersachsen;2020-01-01;2020-12-31;77;2020
1068;C403R768;403;768;5719;DE212;München, Kreisfreie Stadt;Bayern;2020-01-01;2020-12-31;78;2020
1069;C342R549;342;549;5720;DE267;Haßberge;Bayern;2020-01-01;2020-12-31;83;2020
1070;C134R357;134;357;5721;DEA38;Warendorf;Nordrhein-Westfalen;2020-01-01;2020-12-31;83;2020
1071;C303R320;303;320;5722;DE91B;Wolfenbüttel;Niedersachsen;2020-01-01;2020-12-31;84;2020
1072;C440R455;440;455;5723;DEG0L;Greiz;Thüringen;2020-01-01;2020-12-31;77;2020
1073;C450R84;450;84;5725;DE80L;Vorpommern-Rügen;Mecklenburg-Vorpommern;2020-01-01;2020-12-31;85;2020
1074;C521R288;521;288;5726;DE406;Dahme-Spreewald;Brandenburg;2020-01-01;2020-12-31;96;2020
1075;C581R315;581;315;5727;DE40C;Oder-Spree;Brandenburg;2020-01-01;2020-12-31;90;2020
1076;C430R721;430;721;5728;DE21B;Freising;Bayern;2020-01-01;2020-12-31;78;2020
1077;C350R569;350;569;5729;DE245;Bamberg, Landkreis;Bayern;2020-01-01;2020-12-31;79;2020
1078;C444R130;444;130;5730;DE80K;Landkreis Rostock;Mecklenburg-Vorpommern;2020-01-01;2020-12-31;77;2020
1079;C577R406;577;406;5731;DED2C;Bautzen;Sachsen;2020-01-01;2020-12-31;86;2020
1080;C395R338;395;338;5732;DEE07;Börde;Sachsen-Anhalt;2020-01-01;2020-12-31;72;2020
1081;C459R184;459;184;5733;DE80J;Mecklenburgische Seenplatte;Mecklenburg-Vorpommern;2020-01-01;2020-12-31;88;2020
1082;C426R648;426;648;5734;DE236;Neumarkt i. d. OPf.;Bayern;2020-01-01;2020-12-31;83;2020
1083;C254R776;254;776;5735;DE146;Biberach;Baden-Württemberg;2020-01-01;2020-12-31;87;2020
1084;C414R451;414;451;5736;DEG0J;Saale-Holzland-Kreis;Thüringen;2020-01-01;2020-12-31;81;2020
1085;C430R127;430;127;5737;DE80K;Landkreis Rostock;Mecklenburg-Vorpommern;2020-01-01;2020-12-31;77;2020
1086;C78R414;78;414;5738;DEA1C;Mettmann;Nordrhein-Westfalen;2020-01-01;2020-12-31;86;2020
1087;C364R763;364;763;5739;DE21E;Landsberg am Lech;Bayern;2020-01-01;2020-12-31;86;2020
1088;C339R300;339;300;5740;DE917;Helmstedt;Niedersachsen;2020-01-01;2020-12-31;88;2020
1089;C407R201;407;201;5741;DE40F;Prignitz;Brandenburg;2020-01-01;2020-12-31;88;2020
1090;C216R731;216;731;5742;DE142;Tübingen, Landkreis;Baden-Württemberg;2020-01-01;2020-12-31;94;2020
1091;C410R260;410;260;5743;DEE0D;Stendal;Sachsen-Anhalt;2020-01-01;2020-12-31;80;2020
1092;C350R729;350;729;5744;DE276;Augsburg, Landkreis;Bayern;2020-01-01;2020-12-31;78;2020
1093;C295R754;295;754;5745;DE145;Alb-Donau-Kreis;Baden-Württemberg;2020-01-01;2020-12-31;86;2020
1094;C274R35;274;35;5746;DEF0C;Schleswig-Flensburg;Schleswig-Holstein;2020-01-01;2020-12-31;103;2020
1095;C111R327;111;327;5747;DEA37;Steinfurt;Nordrhein-Westfalen;2020-01-01;2020-12-31;94;2020
1096;C405R485;405;485;5748;DEG0K;Saale-Orla-Kreis;Thüringen;2020-01-01;2020-12-31;82;2020
1097;C337R311;337;311;5749;DE91B;Wolfenbüttel;Niedersachsen;2020-01-01;2020-12-31;88;2020
1098;C483R387;483;387;5750;DED53;Nordsachsen;Sachsen;2020-01-01;2020-12-31;78;2020
1099;C288R466;288;466;5751;DE733;Hersfeld-Rotenburg;Hessen;2020-01-01;2020-12-31;78;2020
1100;C567R208;567;208;5752;DE40I;Uckermark;Brandenburg;2020-01-01;2020-12-31;85;2020
1101;C362R139;362;139;5753;DE80M;Nordwestmecklenburg;Mecklenburg-Vorpommern;2020-01-01;2020-12-31;106;2020
1102;C393R254;393;254;5754;DEE0D;Stendal;Sachsen-Anhalt;2020-01-01;2020-12-31;70;2020
1103;C233R467;233;467;5755;DE735;Schwalm-Eder-Kreis;Hessen;2020-01-01;2020-12-31;89;2020
1104;C303R319;303;319;5756;DE925;Hildesheim;Niedersachsen;2020-01-01;2020-12-31;84;2020
1105;C456R123;456;123;5757;DE80K;Landkreis Rostock;Mecklenburg-Vorpommern;2020-01-01;2020-12-31;85;2020
1106;C436R447;436;447;5758;DEE08;Burgenlandkreis;Sachsen-Anhalt;2020-01-01;2020-12-31;77;2020
1107;C472R148;472;148;5759;DE80J;Mecklenburgische Seenplatte;Mecklenburg-Vorpommern;2020-01-01;2020-12-31;88;2020
1108;C414R775;414;775;5760;DE21H;München, Landkreis;Bayern;2020-01-01;2020-12-31;78;2020
1109;C413R323;413;323;5761;DEE06;Jerichower Land;Sachsen-Anhalt;2020-01-01;2020-12-31;72;2020
1110;C149R350;149;350;5762;DEA38;Warendorf;Nordrhein-Westfalen;2020-01-01;2020-12-31;85;2020
1111;C424R745;424;745;5763;DE21B;Freising;Bayern;2020-01-01;2020-12-31;87;2020
1112;C212R376;212;376;5764;DEA47;Paderborn;Nordrhein-Westfalen;2020-01-01;2020-12-31;92;2020
1113;C513R149;513;149;5765;DE80J;Mecklenburgische Seenplatte;Mecklenburg-Vorpommern;2020-01-01;2020-12-31;75;2020
1114;C353R272;353;272;5766;DEE04;Altmarkkreis Salzwedel;Sachsen-Anhalt;2020-01-01;2020-12-31;81;2020
1115;C479R698;479;698;5767;DE22C;Dingolfing-Landau;Bayern;2020-01-01;2020-12-31;86;2020
1116;C246R295;246;295;5768;DE929;Region Hannover;Niedersachsen;2020-01-01;2020-12-31;89;2020
1117;C369R641;369;641;5769;DE25B;Roth;Bayern;2020-01-01;2020-12-31;94;2020
1118;C475R254;475;254;5770;DE40D;Ostprignitz-Ruppin;Brandenburg;2020-01-01;2020-12-31;78;2020
1119;C379R442;379;442;5771;DEG0G;Weimarer Land;Thüringen;2020-01-01;2020-12-31;77;2020
1120;C340R102;340;102;5772;DEF08;Ostholstein;Schleswig-Holstein;2020-01-01;2020-12-31;103;2020
1121;C557R224;557;224;5773;DE405;Barnim;Brandenburg;2020-01-01;2020-12-31;85;2020
1122;C109R519;109;519;5774;DEB17;Mayen-Koblenz;Rheinland-Pfalz;2020-01-01;2020-12-31;77;2020
1123;C451R79;451;79;5775;DE80L;Vorpommern-Rügen;Mecklenburg-Vorpommern;2020-01-01;2020-12-31;74;2020
1124;C372R699;372;699;5776;DE21I;Neuburg-Schrobenhausen;Bayern;2020-01-01;2020-12-31;74;2020
1125;C452R470;452;470;5777;DED45;Zwickau;Sachsen;2020-01-01;2020-12-31;77;2020
1126;C360R665;360;665;5778;DE25C;Weißenburg-Gunzenhausen;Bayern;2020-01-01;2020-12-31;74;2020
1127;C275R271;275;271;5779;DE931;Celle;Niedersachsen;2020-01-01;2020-12-31;70;2020
1128;C246R360;246;360;5780;DEA44;Höxter;Nordrhein-Westfalen;2020-01-01;2020-12-31;92;2020
1129;C552R166;552;166;5781;DE80N;Vorpommern-Greifswald;Mecklenburg-Vorpommern;2020-01-01;2020-12-31;75;2020
1130;C204R680;204;680;5782;DE12B;Enzkreis;Baden-Württemberg;2020-01-01;2020-12-31;77;2020
1131;C513R447;513;447;5783;DED43;Mittelsachsen;Sachsen;2020-01-01;2020-12-31;83;2020
1132;C226R392;226;392;5784;DEA44;Höxter;Nordrhein-Westfalen;2020-01-01;2020-12-31;76;2020
1133;C348R300;348;300;5785;DE917;Helmstedt;Niedersachsen;2020-01-01;2020-12-31;88;2020
1134;C510R405;510;405;5786;DED53;Nordsachsen;Sachsen;2020-01-01;2020-12-31;82;2020
1135;C266R353;266;353;5787;DE926;Holzminden;Niedersachsen;2020-01-01;2020-12-31;92;2020
1136;C334R84;334;84;5788;DEF08;Ostholstein;Schleswig-Holstein;2020-01-01;2020-12-31;95;2020
1137;C243R507;243;507;5789;DE725;Vogelsbergkreis;Hessen;2020-01-01;2020-12-31;98;2020
1138;C141R399;141;399;5790;DEA57;Hochsauerlandkreis;Nordrhein-Westfalen;2020-01-01;2020-12-31;79;2020
1139;C467R395;467;395;5791;DED53;Nordsachsen;Sachsen;2020-01-01;2020-12-31;76;2020
1140;C439R418;439;418;5792;DEE08;Burgenlandkreis;Sachsen-Anhalt;2020-01-01;2020-12-31;76;2020
1141;C321R713;321;713;5793;DE277;Dillingen a.d. Donau;Bayern;2020-01-01;2020-12-31;78;2020
1142;C97R320;97;320;5794;DEA37;Steinfurt;Nordrhein-Westfalen;2020-01-01;2020-12-31;94;2020
1143;C143R518;143;518;5795;DEB1A;Rhein-Lahn-Kreis;Rheinland-Pfalz;2020-01-01;2020-12-31;85;2020
1144;C370R470;370;470;5796;DEG0T;Ilm-Kreis;Thüringen;2020-01-01;2020-12-31;86;2020
1145;C396R495;396;495;5797;DEG0U;Saalfeld-Rudolstadt;Thüringen;2020-01-01;2020-12-31;82;2020
1146;C449R705;449;705;5798;DE227;Landshut, Landkreis;Bayern;2020-01-01;2020-12-31;89;2020
1147;C487R433;487;433;5799;DED52;Leipzig;Sachsen;2020-01-01;2020-12-31;82;2020
1148;C373R365;373;365;5800;DEE09;Harz;Sachsen-Anhalt;2020-01-01;2020-12-31;82;2020
1149;C89R263;89;263;5801;DE949;Emsland;Niedersachsen;2020-01-01;2020-12-31;102;2020
1150;C283R742;283;742;5802;DE145;Alb-Donau-Kreis;Baden-Württemberg;2020-01-01;2020-12-31;93;2020
1151;C497R154;497;154;5803;DE80J;Mecklenburgische Seenplatte;Mecklenburg-Vorpommern;2020-01-01;2020-12-31;88;2020
1152;C313R79;313;79;5804;DEF0A;Plön;Schleswig-Holstein;2020-01-01;2020-12-31;95;2020
1153;C143R344;143;344;5805;DEA38;Warendorf;Nordrhein-Westfalen;2020-01-01;2020-12-31;85;2020
1154;C212R680;212;680;5806;DE12B;Enzkreis;Baden-Württemberg;2020-01-01;2020-12-31;84;2020
1155;C392R515;392;515;5807;DE24A;Kronach;Bayern;2020-01-01;2020-12-31;110;2020
1156;C86R331;86;331;5808;DEA34;Borken;Nordrhein-Westfalen;2020-01-01;2020-12-31;96;2020
1157;C368R391;368;391;5809;DEE0A;Mansfeld-Südharz;Sachsen-Anhalt;2020-01-01;2020-12-31;83;2020
1158;C331R121;331;121;5810;DEF08;Ostholstein;Schleswig-Holstein;2020-01-01;2020-12-31;103;2020
1159;C459R720;459;720;5811;DE227;Landshut, Landkreis;Bayern;2020-01-01;2020-12-31;89;2020
1160;C356R298;356;298;5812;DE917;Helmstedt;Niedersachsen;2020-01-01;2020-12-31;88;2020
1161;C473R700;473;700;5813;DE22C;Dingolfing-Landau;Bayern;2020-01-01;2020-12-31;86;2020
1162;C114R280;114;280;5814;DE949;Emsland;Niedersachsen;2020-01-01;2020-12-31;101;2020
1163;C438R465;438;465;5815;DEG02;Gera, Kreisfreie Stadt;Thüringen;2020-01-01;2020-12-31;77;2020
1164;C490R474;490;474;5816;DED42;Erzgebirgskreis;Sachsen;2020-01-01;2020-12-31;84;2020
1165;C585R445;585;445;5817;DED2F;Sächsische Schweiz-Osterzgebirge;Sachsen;2020-01-01;2020-12-31;86;2020
1166;C330R397;330;397;5818;DEG07;Nordhausen;Thüringen;2020-01-01;2020-12-31;77;2020
1167;C444R137;444;137;5819;DE80K;Landkreis Rostock;Mecklenburg-Vorpommern;2020-01-01;2020-12-31;77;2020
1168;C499R52;499;52;5820;DE80L;Vorpommern-Rügen;Mecklenburg-Vorpommern;2020-01-01;2020-12-31;85;2020
1169;C161R316;161;316;5821;DE94E;Osnabrück, Landkreis;Niedersachsen;2020-01-01;2020-12-31;97;2020
1170;C509R378;509;378;5822;DE407;Elbe-Elster;Brandenburg;2020-01-01;2020-12-31;78;2020
1171;C396R104;396;104;5823;DE80K;Landkreis Rostock;Mecklenburg-Vorpommern;2020-01-01;2020-12-31;77;2020
1172;C241R150;241;150;5824;DE939;Stade;Niedersachsen;2020-01-01;2020-12-31;84;2020
1173;C349R766;349;766;5825;DE276;Augsburg, Landkreis;Bayern;2020-01-01;2020-12-31;86;2020
1174;C352R58;352;58;5826;DEF08;Ostholstein;Schleswig-Holstein;2020-01-01;2020-12-31;106;2020
1175;C104R343;104;343;5827;DEA35;Coesfeld;Nordrhein-Westfalen;2020-01-01;2020-12-31;94;2020
1176;C198R395;198;395;5828;DEA47;Paderborn;Nordrhein-Westfalen;2020-01-01;2020-12-31;93;2020
1177;C126R327;126;327;5829;DEA37;Steinfurt;Nordrhein-Westfalen;2020-01-01;2020-12-31;94;2020
1178;C325R137;325;137;5830;DEF03;Lübeck, Kreisfreie Stadt;Schleswig-Holstein;2020-01-01;2020-12-31;103;2020
1179;C618R412;618;412;5831;DED2D;Görlitz;Sachsen;2020-01-01;2020-12-31;76;2020
1180;C275R457;275;457;5832;DE733;Hersfeld-Rotenburg;Hessen;2020-01-01;2020-12-31;78;2020
1181;C414R113;414;113;5833;DE80K;Landkreis Rostock;Mecklenburg-Vorpommern;2020-01-01;2020-12-31;77;2020
1182;C340R351;340;351;5834;DEE09;Harz;Sachsen-Anhalt;2020-01-01;2020-12-31;82;2020
1183;C277R100;277;100;5835;DEF0B;Rendsburg-Eckernförde;Schleswig-Holstein;2020-01-01;2020-12-31;96;2020
1184;C339R123;339;123;5836;DEF03;Lübeck, Kreisfreie Stadt;Schleswig-Holstein;2020-01-01;2020-12-31;103;2020
1185;C488R342;488;342;5837;DEE0E;Wittenberg;Sachsen-Anhalt;2020-01-01;2020-12-31;69;2020
1186;C262R53;262;53;5838;DEF0C;Schleswig-Flensburg;Schleswig-Holstein;2020-01-01;2020-12-31;79;2020
1187;C473R92;473;92;5839;DE80L;Vorpommern-Rügen;Mecklenburg-Vorpommern;2020-01-01;2020-12-31;85;2020
1188;C330R148;330;148;5840;DEF06;Herzogtum Lauenburg;Schleswig-Holstein;2020-01-01;2020-12-31;103;2020
1189;C400R727;400;727;5841;DE21J;Pfaffenhofen a. d. Ilm;Bayern;2020-01-01;2020-12-31;76;2020
1190;C362R349;362;349;5842;DEE09;Harz;Sachsen-Anhalt;2020-01-01;2020-12-31;82;2020
1191;C354R239;354;239;5844;DEE04;Altmarkkreis Salzwedel;Sachsen-Anhalt;2020-01-01;2020-12-31;84;2020
1192;C359R655;359;655;5845;DE25B;Roth;Bayern;2020-01-01;2020-12-31;94;2020
1193;C535R181;535;181;5846;DE40I;Uckermark;Brandenburg;2020-01-01;2020-12-31;75;2020
1194;C565R173;565;173;5847;DE40I;Uckermark;Brandenburg;2020-01-01;2020-12-31;75;2020
1195;C317R131;317;131;5848;DEF0F;Stormarn;Schleswig-Holstein;2020-01-01;2020-12-31;103;2020
1196;C537R704;537;704;5849;DE228;Passau, Landkreis;Bayern;2020-01-01;2020-12-31;91;2020
1197;C293R107;293;107;5850;DEF0A;Plön;Schleswig-Holstein;2020-01-01;2020-12-31;95;2020
1198;C270R50;270;50;5851;DEF0C;Schleswig-Flensburg;Schleswig-Holstein;2020-01-01;2020-12-31;79;2020
1199;C452R622;452;622;5852;DE239;Schwandorf;Bayern;2020-01-01;2020-12-31;92;2020
1200;C226R460;226;460;5853;DE735;Schwalm-Eder-Kreis;Hessen;2020-01-01;2020-12-31;85;2020
1201;C104R422;104;422;5854;DEA56;Ennepe-Ruhr-Kreis;Nordrhein-Westfalen;2020-01-01;2020-12-31;88;2020
1202;C552R441;552;441;5855;DED2F;Sächsische Schweiz-Osterzgebirge;Sachsen;2020-01-01;2020-12-31;92;2020
1203;C166R391;166;391;5856;DEA5B;Soest;Nordrhein-Westfalen;2020-01-01;2020-12-31;79;2020
1204;C478R462;478;462;5857;DED45;Zwickau;Sachsen;2020-01-01;2020-12-31;84;2020
1205;C168R586;168;586;5858;DEB3J;Mainz-Bingen;Rheinland-Pfalz;2020-01-01;2020-12-31;56;2020
1206;C221R349;221;349;5859;DEA45;Lippe;Nordrhein-Westfalen;2020-01-01;2020-12-31;92;2020
1207;C355R547;355;547;5860;DE247;Coburg, Landkreis;Bayern;2020-01-01;2020-12-31;83;2020
1208;C231R658;231;658;5861;DE117;Heilbronn, Stadtkreis;Baden-Württemberg;2020-01-01;2020-12-31;78;2020
1209;C197R235;197;235;5862;DE94D;Oldenburg, Landkreis;Niedersachsen;2020-01-01;2020-12-31;89;2020
1210;C406R649;406;649;5863;DE236;Neumarkt i. d. OPf.;Bayern;2020-01-01;2020-12-31;77;2020
1211;C135R600;135;600;5864;DEB3D;Donnersbergkreis;Rheinland-Pfalz;2020-01-01;2020-12-31;91;2020
1212;C276R534;276;534;5865;DE265;Bad Kissingen;Bayern;2020-01-01;2020-12-31;89;2020
1213;C405R447;405;447;5866;DEG0J;Saale-Holzland-Kreis;Thüringen;2020-01-01;2020-12-31;77;2020
1214;C437R710;437;710;5867;DE227;Landshut, Landkreis;Bayern;2020-01-01;2020-12-31;78;2020
1215;C497R383;497;383;5868;DED53;Nordsachsen;Sachsen;2020-01-01;2020-12-31;78;2020
1216;C295R459;295;459;5869;DEG0R;Wartburgkreis;Thüringen;2020-01-01;2020-12-31;78;2020
1217;C517R414;517;414;5870;DED2E;Meißen;Sachsen;2020-01-01;2020-12-31;82;2020
1218;C213R319;213;319;5871;DEA43;Herford;Nordrhein-Westfalen;2020-01-01;2020-12-31;86;2020
1219;C276R38;276;38;5872;DEF0C;Schleswig-Flensburg;Schleswig-Holstein;2020-01-01;2020-12-31;103;2020
1220;C59R600;59;600;5873;DEB25;Trier-Saarburg;Rheinland-Pfalz;2020-01-01;2020-12-31;85;2020
1221;C350R213;350;213;5874;DE934;Lüchow-Dannenberg;Niedersachsen;2020-01-01;2020-12-31;77;2020
1222;C171R253;171;253;5875;DE94F;Vechta;Niedersachsen;2020-01-01;2020-12-31;80;2020
1223;C213R267;213;267;5876;DE922;Diepholz;Niedersachsen;2020-01-01;2020-12-31;86;2020
1224;C219R419;219;419;5877;DE736;Waldeck-Frankenberg;Hessen;2020-01-01;2020-12-31;77;2020
1225;C171R229;171;229;5878;DE94D;Oldenburg, Landkreis;Niedersachsen;2020-01-01;2020-12-31;89;2020
1226;C277R70;277;70;5879;DEF0B;Rendsburg-Eckernförde;Schleswig-Holstein;2020-01-01;2020-12-31;79;2020
1227;C183R285;183;285;5880;DEA46;Minden-Lübbecke;Nordrhein-Westfalen;2020-01-01;2020-12-31;86;2020
1228;C398R760;398;760;5881;DE212;München, Kreisfreie Stadt;Bayern;2020-01-01;2020-12-31;78;2020
1229;C527R191;527;191;5882;DE40I;Uckermark;Brandenburg;2020-01-01;2020-12-31;75;2020
1230;C348R547;348;547;5883;DE267;Haßberge;Bayern;2020-01-01;2020-12-31;83;2020
1231;C306R633;306;633;5884;DE256;Ansbach, Landkreis;Bayern;2020-01-01;2020-12-31;93;2020
1232;C459R142;459;142;5885;DE80J;Mecklenburgische Seenplatte;Mecklenburg-Vorpommern;2020-01-01;2020-12-31;77;2020
1233;C275R599;275;599;5886;DE11B;Main-Tauber-Kreis;Baden-Württemberg;2020-01-01;2020-12-31;78;2020
1234;C46R632;46;632;5887;DEC04;Saarlouis;Saarland;2020-01-01;2020-12-31;77;2020
1235;C256R454;256;454;5888;DE735;Schwalm-Eder-Kreis;Hessen;2020-01-01;2020-12-31;89;2020
1236;C475R331;475;331;5889;DE40E;Potsdam-Mittelmark;Brandenburg;2020-01-01;2020-12-31;69;2020
1237;C304R101;304;101;5890;DEF0A;Plön;Schleswig-Holstein;2020-01-01;2020-12-31;95;2020
1238;C533R162;533;162;5891;DE80N;Vorpommern-Greifswald;Mecklenburg-Vorpommern;2020-01-01;2020-12-31;75;2020
1239;C171R602;171;602;5892;DEB39;Worms, Kreisfreie Stadt;Rheinland-Pfalz;2020-01-01;2020-12-31;73;2020
1240;C376R410;376;410;5894;DEG0A;Kyffhäuserkreis;Thüringen;2020-01-01;2020-12-31;83;2020
1241;C296R108;296;108;5895;DEF0A;Plön;Schleswig-Holstein;2020-01-01;2020-12-31;95;2020
1242;C116R542;116;542;5896;DEB1D;Rhein-Hunsrück-Kreis;Rheinland-Pfalz;2020-01-01;2020-12-31;84;2020
1243;C330R271;330;271;5897;DE914;Gifhorn;Niedersachsen;2020-01-01;2020-12-31;83;2020
1244;C311R79;311;79;5898;DEF0A;Plön;Schleswig-Holstein;2020-01-01;2020-12-31;95;2020
1245;C459R121;459;121;5899;DE80K;Landkreis Rostock;Mecklenburg-Vorpommern;2020-01-01;2020-12-31;85;2020
1246;C344R420;344;420;5900;DEG0A;Kyffhäuserkreis;Thüringen;2020-01-01;2020-12-31;77;2020
1247;C309R532;309;532;5901;DE265;Bad Kissingen;Bayern;2020-01-01;2020-12-31;78;2020
1248;C474R416;474;416;5902;DED52;Leipzig;Sachsen;2020-01-01;2020-12-31;82;2020
1249;C568R407;568;407;5903;DED2C;Bautzen;Sachsen;2020-01-01;2020-12-31;92;2020
1250;C204R343;204;343;5904;DEA45;Lippe;Nordrhein-Westfalen;2020-01-01;2020-12-31;86;2020
1251;C326R634;326;634;5905;DE256;Ansbach, Landkreis;Bayern;2020-01-01;2020-12-31;96;2020
1252;C226R457;226;457;5906;DE735;Schwalm-Eder-Kreis;Hessen;2020-01-01;2020-12-31;85;2020
1253;C393R565;393;565;5907;DE246;Bayreuth, Landkreis;Bayern;2020-01-01;2020-12-31;84;2020
1254;C245R290;245;290;5908;DE929;Region Hannover;Niedersachsen;2020-01-01;2020-12-31;89;2020
1255;C472R465;472;465;5909;DED45;Zwickau;Sachsen;2020-01-01;2020-12-31;78;2020
1256;C91R261;91;261;5910;DE949;Emsland;Niedersachsen;2020-01-01;2020-12-31;102;2020
1257;C256R138;256;138;5911;DEF0E;Steinburg;Schleswig-Holstein;2020-01-01;2020-12-31;99;2020
1258;C360R431;360;431;5912;DEG0D;Sömmerda;Thüringen;2020-01-01;2020-12-31;82;2020
1259;C463R716;463;716;5913;DE227;Landshut, Landkreis;Bayern;2020-01-01;2020-12-31;89;2020
1260;C297R100;297;100;5914;DEF0A;Plön;Schleswig-Holstein;2020-01-01;2020-12-31;95;2020
1261;C370R421;370;421;5915;DEG0A;Kyffhäuserkreis;Thüringen;2020-01-01;2020-12-31;83;2020
1262;C347R124;347;124;5916;DE80M;Nordwestmecklenburg;Mecklenburg-Vorpommern;2020-01-01;2020-12-31;106;2020
1263;C591R406;591;406;5917;DED2C;Bautzen;Sachsen;2020-01-01;2020-12-31;79;2020
1264;C318R421;318;421;5918;DEG09;Unstrut-Hainich-Kreis;Thüringen;2020-01-01;2020-12-31;86;2020
1265;C112R807;112;807;5919;DE132;Breisgau-Hochschwarzwald;Baden-Württemberg;2020-01-01;2020-12-31;76;2020
1266;C409R451;409;451;7394;DEG0J;Saale-Holzland-Kreis;Thüringen;2021-01-01;2021-12-31;82;2021
1267;C185R747;185;747;7395;DE135;Rottweil;Baden-Württemberg;2021-01-01;2021-12-31;62;2021
1268;C37R619;37;619;7396;DEC02;Merzig-Wadern;Saarland;2021-01-01;2021-12-31;91;2021
1269;C331R397;331;397;7397;DEG07;Nordhausen;Thüringen;2021-01-01;2021-12-31;82;2021
1270;C298R598;298;598;7398;DE26C;Würzburg, Landkreis;Bayern;2021-01-01;2021-12-31;85;2021
1271;C160R508;160;508;7399;DE723;Limburg-Weilburg;Hessen;2021-01-01;2021-12-31;86;2021
1272;C219R68;219;68;7400;DEF07;Nordfriesland;Schleswig-Holstein;2021-01-01;2021-12-31;100;2021
1273;C230R784;230;784;7401;DE149;Sigmaringen;Baden-Württemberg;2021-01-01;2021-12-31;70;2021
1274;C420R752;420;752;7402;DE21H;München, Landkreis;Bayern;2021-01-01;2021-12-31;85;2021
1275;C496R155;496;155;7403;DE80J;Mecklenburgische Seenplatte;Mecklenburg-Vorpommern;2021-01-01;2021-12-31;69;2021
1276;C437R341;437;341;7404;DEE05;Anhalt-Bitterfeld;Sachsen-Anhalt;2021-01-01;2021-12-31;88;2021
1277;C95R536;95;536;7405;DEB1C;Cochem-Zell;Rheinland-Pfalz;2021-01-01;2021-12-31;85;2021
1278;C458R119;458;119;7406;DE80K;Landkreis Rostock;Mecklenburg-Vorpommern;2021-01-01;2021-12-31;96;2021
1279;C401R270;401;270;7407;DEE0D;Stendal;Sachsen-Anhalt;2021-01-01;2021-12-31;83;2021
1280;C490R161;490;161;7408;DE80J;Mecklenburgische Seenplatte;Mecklenburg-Vorpommern;2021-01-01;2021-12-31;69;2021
1281;C474R139;474;139;7409;DE80J;Mecklenburgische Seenplatte;Mecklenburg-Vorpommern;2021-01-01;2021-12-31;96;2021
1282;C297R296;297;296;7410;DE91A;Peine;Niedersachsen;2021-01-01;2021-12-31;100;2021
1283;C465R127;465;127;7411;DE80K;Landkreis Rostock;Mecklenburg-Vorpommern;2021-01-01;2021-12-31;96;2021
1284;C294R376;294;376;7412;DE918;Northeim;Niedersachsen;2021-01-01;2021-12-31;83;2021
1285;C352R258;352;258;7413;DEE04;Altmarkkreis Salzwedel;Sachsen-Anhalt;2021-01-01;2021-12-31;64;2021
1286;C282R101;282;101;7414;DEF0B;Rendsburg-Eckernförde;Schleswig-Holstein;2021-01-01;2021-12-31;91;2021
1287;C48R527;48;527;7415;DEB24;Vulkaneifel;Rheinland-Pfalz;2021-01-01;2021-12-31;89;2021
1288;C259R294;259;294;7416;DE929;Region Hannover;Niedersachsen;2021-01-01;2021-12-31;98;2021
1289;C301R289;301;289;7417;DE929;Region Hannover;Niedersachsen;2021-01-01;2021-12-31;65;2021
1290;C177R244;177;244;7418;DE94D;Oldenburg, Landkreis;Niedersachsen;2021-01-01;2021-12-31;84;2021
1291;C311R225;311;225;7419;DE93A;Uelzen;Niedersachsen;2021-01-01;2021-12-31;88;2021
1292;C514R403;514;403;7420;DED2E;Meißen;Sachsen;2021-01-01;2021-12-31;83;2021
1293;C332R752;332;752;7421;DE278;Günzburg;Bayern;2021-01-01;2021-12-31;85;2021
1294;C303R491;303;491;7422;DEG0Q;Schmalkalden-Meiningen;Thüringen;2021-01-01;2021-12-31;89;2021
1295;C404R785;404;785;7423;DE21H;München, Landkreis;Bayern;2021-01-01;2021-12-31;88;2021
1296;C441R153;441;153;7424;DE80K;Landkreis Rostock;Mecklenburg-Vorpommern;2021-01-01;2021-12-31;90;2021
1297;C376R453;376;453;7425;DEG0G;Weimarer Land;Thüringen;2021-01-01;2021-12-31;82;2021
1298;C365R562;365;562;7426;DE245;Bamberg, Landkreis;Bayern;2021-01-01;2021-12-31;61;2021
1299;C262R181;262;181;7427;DE939;Stade;Niedersachsen;2021-01-01;2021-12-31;84;2021
1300;C227R501;227;501;7428;DE721;Gießen, Landkreis;Hessen;2021-01-01;2021-12-31;97;2021
1301;C371R226;371;226;7429;DE934;Lüchow-Dannenberg;Niedersachsen;2021-01-01;2021-12-31;64;2021
1302;C183R595;183;595;7430;DE715;Bergstraße;Hessen;2021-01-01;2021-12-31;69;2021
1303;C112R563;112;563;7431;DEB1D;Rhein-Hunsrück-Kreis;Rheinland-Pfalz;2021-01-01;2021-12-31;89;2021
1304;C117R596;117;596;7432;DEB14;Bad Kreuznach;Rheinland-Pfalz;2021-01-01;2021-12-31;84;2021
1305;C72R547;72;547;7433;DEB24;Vulkaneifel;Rheinland-Pfalz;2021-01-01;2021-12-31;84;2021
1306;C472R116;472;116;7434;DE80J;Mecklenburgische Seenplatte;Mecklenburg-Vorpommern;2021-01-01;2021-12-31;96;2021
1307;C523R416;523;416;7435;DED2E;Meißen;Sachsen;2021-01-01;2021-12-31;90;2021
1308;C205R661;205;661;7436;DE123;Karlsruhe, Landkreis;Baden-Württemberg;2021-01-01;2021-12-31;63;2021
1309;C526R179;526;179;7437;DE40I;Uckermark;Brandenburg;2021-01-01;2021-12-31;69;2021
1310;C333R595;333;595;7438;DE25A;Neustadt a. d. Aisch-Bad Windsheim;Bayern;2021-01-01;2021-12-31;81;2021
1311;C465R323;465;323;7439;DE40E;Potsdam-Mittelmark;Brandenburg;2021-01-01;2021-12-31;88;2021
1312;C442R554;442;554;7440;DE24D;Wunsiedel i. Fichtelgebirge;Bayern;2021-01-01;2021-12-31;89;2021
1313;C170R231;170;231;7441;DE94D;Oldenburg, Landkreis;Niedersachsen;2021-01-01;2021-12-31;84;2021
1314;C217R255;217;255;7442;DE922;Diepholz;Niedersachsen;2021-01-01;2021-12-31;85;2021
1315;C318R525;318;525;7443;DE266;Rhön-Grabfeld;Bayern;2021-01-01;2021-12-31;65;2021
1316;C355R737;355;737;7444;DE276;Augsburg, Landkreis;Bayern;2021-01-01;2021-12-31;76;2021
1317;C165R258;165;258;7445;DE94F;Vechta;Niedersachsen;2021-01-01;2021-12-31;88;2021
1318;C570R278;570;278;7446;DE40C;Oder-Spree;Brandenburg;2021-01-01;2021-12-31;89;2021
1319;C52R479;52;479;7447;DEA26;Düren;Nordrhein-Westfalen;2021-01-01;2021-12-31;83;2021
1320;C432R164;432;164;7448;DE80O;Ludwigslust-Parchim;Mecklenburg-Vorpommern;2021-01-01;2021-12-31;90;2021
1321;C99R408;99;408;7449;DEA56;Ennepe-Ruhr-Kreis;Nordrhein-Westfalen;2021-01-01;2021-12-31;82;2021
1322;C381R764;381;764;7450;DE21C;Fürstenfeldbruck;Bayern;2021-01-01;2021-12-31;84;2021
1323;C256R290;256;290;7451;DE929;Region Hannover;Niedersachsen;2021-01-01;2021-12-31;98;2021
1324;C401R221;401;221;7452;DE40F;Prignitz;Brandenburg;2021-01-01;2021-12-31;83;2021
1325;C49R625;49;625;7453;DEC02;Merzig-Wadern;Saarland;2021-01-01;2021-12-31;91;2021
1326;C334R451;334;451;7454;DEG0C;Gotha;Thüringen;2021-01-01;2021-12-31;82;2021
1327;C447R128;447;128;7455;DE80K;Landkreis Rostock;Mecklenburg-Vorpommern;2021-01-01;2021-12-31;69;2021
1328;C403R468;403;468;7456;DEG0J;Saale-Holzland-Kreis;Thüringen;2021-01-01;2021-12-31;82;2021
1329;C508R749;508;749;7457;DE214;Altötting;Bayern;2021-01-01;2021-12-31;74;2021
1330;C529R444;529;444;7458;DED43;Mittelsachsen;Sachsen;2021-01-01;2021-12-31;90;2021
1331;C301R125;301;125;7459;DEF0D;Segeberg;Schleswig-Holstein;2021-01-01;2021-12-31;94;2021
1332;C423R224;423;224;7460;DE40F;Prignitz;Brandenburg;2021-01-01;2021-12-31;106;2021
1333;C427R405;427;405;7461;DEE0B;Saalekreis;Sachsen-Anhalt;2021-01-01;2021-12-31;75;2021
1334;C385R243;385;243;7462;DEE04;Altmarkkreis Salzwedel;Sachsen-Anhalt;2021-01-01;2021-12-31;64;2021
1335;C550R210;550;210;7463;DE40I;Uckermark;Brandenburg;2021-01-01;2021-12-31;89;2021
1336;C194R538;194;538;7464;DE718;Hochtaunuskreis;Hessen;2021-01-01;2021-12-31;63;2021
1337;C439R463;439;463;7465;DEG02;Gera, Kreisfreie Stadt;Thüringen;2021-01-01;2021-12-31;74;2021
1338;C234R439;234;439;7466;DE736;Waldeck-Frankenberg;Hessen;2021-01-01;2021-12-31;85;2021
1339;C201R816;201;816;7467;DE138;Konstanz;Baden-Württemberg;2021-01-01;2021-12-31;79;2021
1340;C463R484;463;484;7468;DED45;Zwickau;Sachsen;2021-01-01;2021-12-31;91;2021
1341;C104R206;104;206;7469;DE94C;Leer;Niedersachsen;2021-01-01;2021-12-31;88;2021
1342;C48R492;48;492;7470;DEA28;Euskirchen;Nordrhein-Westfalen;2021-01-01;2021-12-31;76;2021
1343;C264R66;264;66;7471;DEF0B;Rendsburg-Eckernförde;Schleswig-Holstein;2021-01-01;2021-12-31;99;2021
1344;C448R200;448;200;7472;DE40D;Ostprignitz-Ruppin;Brandenburg;2021-01-01;2021-12-31;106;2021
1345;C479R229;479;229;7473;DE40D;Ostprignitz-Ruppin;Brandenburg;2021-01-01;2021-12-31;81;2021
1346;C199R731;199;731;7474;DE12A;Calw;Baden-Württemberg;2021-01-01;2021-12-31;90;2021
1347;C303R150;303;150;7475;DEF0F;Stormarn;Schleswig-Holstein;2021-01-01;2021-12-31;67;2021
1348;C376R807;376;807;7476;DE21N;Weilheim-Schongau;Bayern;2021-01-01;2021-12-31;89;2021
1349;C411R211;411;211;7477;DE40F;Prignitz;Brandenburg;2021-01-01;2021-12-31;106;2021
1350;C124R296;124;296;7478;DEA37;Steinfurt;Nordrhein-Westfalen;2021-01-01;2021-12-31;91;2021
1351;C322R113;322;113;7479;DEF08;Ostholstein;Schleswig-Holstein;2021-01-01;2021-12-31;94;2021
1352;C542R417;542;417;7480;DED2E;Meißen;Sachsen;2021-01-01;2021-12-31;89;2021
1353;C288R423;288;423;7481;DE737;Werra-Meißner-Kreis;Hessen;2021-01-01;2021-12-31;90;2021
1354;C537R275;537;275;7482;DE40C;Oder-Spree;Brandenburg;2021-01-01;2021-12-31;89;2021
1355;C227R572;227;572;7483;DE269;Miltenberg;Bayern;2021-01-01;2021-12-31;77;2021
1356;C379R493;379;493;7485;DEG0U;Saalfeld-Rudolstadt;Thüringen;2021-01-01;2021-12-31;88;2021
1357;C280R685;280;685;7486;DE11D;Ostalbkreis;Baden-Württemberg;2021-01-01;2021-12-31;88;2021
1358;C170R560;170;560;7487;DE714;Wiesbaden, Kreisfreie Stadt;Hessen;2021-01-01;2021-12-31;77;2021
1359;C314R782;314;782;7488;DE27C;Unterallgäu;Bayern;2021-01-01;2021-12-31;85;2021
1360;C223R557;223;557;7489;DE264;Aschaffenburg, Landkreis;Bayern;2021-01-01;2021-12-31;91;2021
1361;C391R331;391;331;7490;DEE07;Börde;Sachsen-Anhalt;2021-01-01;2021-12-31;69;2021
1362;C437R282;437;282;7491;DEE06;Jerichower Land;Sachsen-Anhalt;2021-01-01;2021-12-31;83;2021
1363;C177R310;177;310;7492;DE94E;Osnabrück, Landkreis;Niedersachsen;2021-01-01;2021-12-31;121;2021
1364;C283R377;283;377;7493;DE918;Northeim;Niedersachsen;2021-01-01;2021-12-31;65;2021
1365;C269R118;269;118;7494;DEF0E;Steinburg;Schleswig-Holstein;2021-01-01;2021-12-31;91;2021
1366;C149R367;149;367;7495;DEA38;Warendorf;Nordrhein-Westfalen;2021-01-01;2021-12-31;90;2021
1367;C184R304;184;304;7496;DEA46;Minden-Lübbecke;Nordrhein-Westfalen;2021-01-01;2021-12-31;121;2021
1368;C560R218;560;218;7497;DE40I;Uckermark;Brandenburg;2021-01-01;2021-12-31;89;2021
1369;C394R775;394;775;7498;DE21L;Starnberg;Bayern;2021-01-01;2021-12-31;84;2021
1370;C479R370;479;370;7499;DEE0E;Wittenberg;Sachsen-Anhalt;2021-01-01;2021-12-31;77;2021
1371;C282R623;282;623;7500;DE11B;Main-Tauber-Kreis;Baden-Württemberg;2021-01-01;2021-12-31;61;2021
1372;C384R331;384;331;7501;DEE07;Börde;Sachsen-Anhalt;2021-01-01;2021-12-31;69;2021
1373;C455R91;455;91;7503;DE80L;Vorpommern-Rügen;Mecklenburg-Vorpommern;2021-01-01;2021-12-31;96;2021
1374;C377R254;377;254;7504;DEE04;Altmarkkreis Salzwedel;Sachsen-Anhalt;2021-01-01;2021-12-31;64;2021
1375;C476R654;476;654;7505;DE235;Cham;Bayern;2021-01-01;2021-12-31;114;2021
1376;C257R136;257;136;7506;DEF0E;Steinburg;Schleswig-Holstein;2021-01-01;2021-12-31;91;2021
1377;C351R238;351;238;7507;DE934;Lüchow-Dannenberg;Niedersachsen;2021-01-01;2021-12-31;71;2021
1378;C205R433;205;433;7508;DE736;Waldeck-Frankenberg;Hessen;2021-01-01;2021-12-31;108;2021
1379;C121R271;121;271;7509;DE949;Emsland;Niedersachsen;2021-01-01;2021-12-31;105;2021
1380;C486R218;486;218;7510;DE40D;Ostprignitz-Ruppin;Brandenburg;2021-01-01;2021-12-31;81;2021
1381;C317R638;317;638;7511;DE256;Ansbach, Landkreis;Bayern;2021-01-01;2021-12-31;88;2021
1382;C296R548;296;548;7512;DE265;Bad Kissingen;Bayern;2021-01-01;2021-12-31;89;2021
1383;C209R646;209;646;7513;DE128;Rhein-Neckar-Kreis;Baden-Württemberg;2021-01-01;2021-12-31;62;2021
1384;C299R545;299;545;7514;DE265;Bad Kissingen;Bayern;2021-01-01;2021-12-31;81;2021
1385;C422R768;422;768;7515;DE21H;München, Landkreis;Bayern;2021-01-01;2021-12-31;88;2021
1386;C252R547;252;547;7516;DE719;Main-Kinzig-Kreis;Hessen;2021-01-01;2021-12-31;69;2021
1387;C348R90;348;90;7517;DEF08;Ostholstein;Schleswig-Holstein;2021-01-01;2021-12-31;94;2021
1388;C398R443;398;443;7518;DEG0G;Weimarer Land;Thüringen;2021-01-01;2021-12-31;82;2021
1389;C447R92;447;92;7520;DE80L;Vorpommern-Rügen;Mecklenburg-Vorpommern;2021-01-01;2021-12-31;96;2021
1390;C353R764;353;764;7521;DE276;Augsburg, Landkreis;Bayern;2021-01-01;2021-12-31;76;2021
1391;C344R610;344;610;7522;DE25A;Neustadt a. d. Aisch-Bad Windsheim;Bayern;2021-01-01;2021-12-31;91;2021
1392;C190R299;190;299;7523;DEA46;Minden-Lübbecke;Nordrhein-Westfalen;2021-01-01;2021-12-31;121;2021
1393;C168R592;168;592;7524;DEB3B;Alzey-Worms;Rheinland-Pfalz;2021-01-01;2021-12-31;64;2021
1394;C95R172;95;172;7525;DE947;Aurich;Niedersachsen;2021-01-01;2021-12-31;114;2021
1395;C468R665;468;665;7526;DE238;Regensburg, Landkreis;Bayern;2021-01-01;2021-12-31;114;2021
1396;C412R312;412;312;7527;DEE06;Jerichower Land;Sachsen-Anhalt;2021-01-01;2021-12-31;69;2021
1397;C386R669;386;669;7528;DE25B;Roth;Bayern;2021-01-01;2021-12-31;62;2021
1398;C253R37;253;37;7529;DEF0C;Schleswig-Flensburg;Schleswig-Holstein;2021-01-01;2021-12-31;112;2021
1399;C378R537;378;537;7530;DE24A;Kronach;Bayern;2021-01-01;2021-12-31;82;2021
1400;C289R331;289;331;7531;DE925;Hildesheim;Niedersachsen;2021-01-01;2021-12-31;88;2021
1401;C62R519;62;519;7532;DEA28;Euskirchen;Nordrhein-Westfalen;2021-01-01;2021-12-31;89;2021
1402;C116R291;116;291;7533;DE949;Emsland;Niedersachsen;2021-01-01;2021-12-31;101;2021
1403;C324R414;324;414;7534;DEG0A;Kyffhäuserkreis;Thüringen;2021-01-01;2021-12-31;84;2021
1404;C241R475;241;475;7535;DE725;Vogelsbergkreis;Hessen;2021-01-01;2021-12-31;90;2021
1405;C451R87;451;87;7536;DE80L;Vorpommern-Rügen;Mecklenburg-Vorpommern;2021-01-01;2021-12-31;96;2021
1406;C389R337;389;337;7537;DEE07;Börde;Sachsen-Anhalt;2021-01-01;2021-12-31;69;2021
1407;C273R458;273;458;7538;DE733;Hersfeld-Rotenburg;Hessen;2021-01-01;2021-12-31;85;2021
1408;C210R699;210;699;7539;DE112;Böblingen;Baden-Württemberg;2021-01-01;2021-12-31;90;2021
1409;C395R258;395;258;7540;DEE0D;Stendal;Sachsen-Anhalt;2021-01-01;2021-12-31;83;2021
1410;C458R125;458;125;7541;DE80K;Landkreis Rostock;Mecklenburg-Vorpommern;2021-01-01;2021-12-31;96;2021
1411;C152R359;152;359;7542;DEA38;Warendorf;Nordrhein-Westfalen;2021-01-01;2021-12-31;90;2021
1412;C203R27;203;27;7543;DEF07;Nordfriesland;Schleswig-Holstein;2021-01-01;2021-12-31;91;2021
1413;C223R280;223;280;7545;DE927;Nienburg (Weser);Niedersachsen;2021-01-01;2021-12-31;98;2021
1414;C249R324;249;324;7546;DE923;Hameln-Pyrmont;Niedersachsen;2021-01-01;2021-12-31;98;2021
1415;C33R401;33;401;7547;DEA1B;Kleve;Nordrhein-Westfalen;2021-01-01;2021-12-31;82;2021
1416;C555R195;555;195;7548;DE40I;Uckermark;Brandenburg;2021-01-01;2021-12-31;98;2021
1417;C371R262;371;262;7549;DEE04;Altmarkkreis Salzwedel;Sachsen-Anhalt;2021-01-01;2021-12-31;64;2021
1418;C203R819;203;819;7550;DE138;Konstanz;Baden-Württemberg;2021-01-01;2021-12-31;79;2021
1419;C544R343;544;343;7551;DE406;Dahme-Spreewald;Brandenburg;2021-01-01;2021-12-31;85;2021
1420;C133R588;133;588;7552;DEB14;Bad Kreuznach;Rheinland-Pfalz;2021-01-01;2021-12-31;91;2021
1421;C196R336;196;336;7553;DEA45;Lippe;Nordrhein-Westfalen;2021-01-01;2021-12-31;77;2021
1422;C311R448;311;448;7554;DEG0R;Wartburgkreis;Thüringen;2021-01-01;2021-12-31;82;2021
1423;C491R152;491;152;7555;DE80J;Mecklenburgische Seenplatte;Mecklenburg-Vorpommern;2021-01-01;2021-12-31;69;2021
1424;C208R522;208;522;7556;DE71E;Wetteraukreis;Hessen;2021-01-01;2021-12-31;88;2021
1425;C347R130;347;130;7557;DE80M;Nordwestmecklenburg;Mecklenburg-Vorpommern;2021-01-01;2021-12-31;86;2021
1426;C191R615;191;615;7558;DE715;Bergstraße;Hessen;2021-01-01;2021-12-31;58;2021
1427;C206R20;206;20;7559;DEF07;Nordfriesland;Schleswig-Holstein;2021-01-01;2021-12-31;91;2021
1428;C206R683;206;683;7560;DE12B;Enzkreis;Baden-Württemberg;2021-01-01;2021-12-31;68;2021
1429;C296R549;296;549;7561;DE265;Bad Kissingen;Bayern;2021-01-01;2021-12-31;89;2021
1430;C473R650;473;650;7562;DE235;Cham;Bayern;2021-01-01;2021-12-31;114;2021
1431;C323R189;323;189;7563;DE935;Lüneburg, Landkreis;Niedersachsen;2021-01-01;2021-12-31;67;2021
1432;C417R170;417;170;7564;DE80O;Ludwigslust-Parchim;Mecklenburg-Vorpommern;2021-01-01;2021-12-31;90;2021
1433;C365R666;365;666;7565;DE25C;Weißenburg-Gunzenhausen;Bayern;2021-01-01;2021-12-31;62;2021
1434;C145R337;145;337;7566;DEA38;Warendorf;Nordrhein-Westfalen;2021-01-01;2021-12-31;86;2021
1435;C389R402;389;402;7567;DEE0A;Mansfeld-Südharz;Sachsen-Anhalt;2021-01-01;2021-12-31;89;2021
1436;C359R169;359;169;7568;DE80O;Ludwigslust-Parchim;Mecklenburg-Vorpommern;2021-01-01;2021-12-31;86;2021
1437;C352R464;352;464;7569;DEG0T;Ilm-Kreis;Thüringen;2021-01-01;2021-12-31;88;2021
1438;C183R358;183;358;7570;DEA42;Gütersloh;Nordrhein-Westfalen;2021-01-01;2021-12-31;90;2021
1439;C389R252;389;252;7571;DEE04;Altmarkkreis Salzwedel;Sachsen-Anhalt;2021-01-01;2021-12-31;83;2021
1440;C302R406;302;406;7572;DEG06;Eichsfeld;Thüringen;2021-01-01;2021-12-31;99;2021
1441;C63R378;63;378;7573;DEA1F;Wesel;Nordrhein-Westfalen;2021-01-01;2021-12-31;91;2021
1442;C275R96;275;96;7574;DEF0B;Rendsburg-Eckernförde;Schleswig-Holstein;2021-01-01;2021-12-31;91;2021
1443;C153R383;153;383;7575;DEA5B;Soest;Nordrhein-Westfalen;2021-01-01;2021-12-31;83;2021
1444;C242R396;242;396;7576;DE734;Kassel, Landkreis;Hessen;2021-01-01;2021-12-31;87;2021
1445;C164R396;164;396;7577;DEA5B;Soest;Nordrhein-Westfalen;2021-01-01;2021-12-31;83;2021
1446;C138R279;138;279;7578;DE94E;Osnabrück, Landkreis;Niedersachsen;2021-01-01;2021-12-31;91;2021
1447;C461R461;461;461;7579;DEG0M;Altenburger Land;Thüringen;2021-01-01;2021-12-31;90;2021
1448;C543R452;543;452;7580;DED2F;Sächsische Schweiz-Osterzgebirge;Sachsen;2021-01-01;2021-12-31;100;2021
1449;C477R455;477;455;7581;DED45;Zwickau;Sachsen;2021-01-01;2021-12-31;90;2021
1450;C318R720;318;720;7582;DE277;Dillingen a.d. Donau;Bayern;2021-01-01;2021-12-31;85;2021
1451;C414R426;414;426;7583;DEE08;Burgenlandkreis;Sachsen-Anhalt;2021-01-01;2021-12-31;89;2021
1452;C30R402;30;402;7584;DEA1B;Kleve;Nordrhein-Westfalen;2021-01-01;2021-12-31;82;2021
1453;C475R148;475;148;7585;DE80J;Mecklenburgische Seenplatte;Mecklenburg-Vorpommern;2021-01-01;2021-12-31;90;2021
1454;C278R346;278;346;7586;DE925;Hildesheim;Niedersachsen;2021-01-01;2021-12-31;83;2021
1455;C254R227;254;227;7587;DE937;Rotenburg (Wümme);Niedersachsen;2021-01-01;2021-12-31;84;2021
1456;C300R81;300;81;7588;DEF0A;Plön;Schleswig-Holstein;2021-01-01;2021-12-31;94;2021
1457;C315R313;315;313;7589;DE91A;Peine;Niedersachsen;2021-01-01;2021-12-31;88;2021
1458;C294R649;294;649;7590;DE11A;Schwäbisch Hall;Baden-Württemberg;2021-01-01;2021-12-31;91;2021
1459;C429R700;429;700;7591;DE226;Kelheim;Bayern;2021-01-01;2021-12-31;73;2021
1460;C115R543;115;543;7592;DEB1D;Rhein-Hunsrück-Kreis;Rheinland-Pfalz;2021-01-01;2021-12-31;89;2021
1461;C311R267;311;267;7593;DE931;Celle;Niedersachsen;2021-01-01;2021-12-31;81;2021
1462;C502R429;502;429;7594;DED43;Mittelsachsen;Sachsen;2021-01-01;2021-12-31;90;2021
1463;C445R705;445;705;7595;DE227;Landshut, Landkreis;Bayern;2021-01-01;2021-12-31;73;2021
1464;C483R94;483;94;7596;DE80L;Vorpommern-Rügen;Mecklenburg-Vorpommern;2021-01-01;2021-12-31;96;2021
1465;C207R743;207;743;7597;DE143;Zollernalbkreis;Baden-Württemberg;2021-01-01;2021-12-31;90;2021
1466;C583R248;583;248;7598;DE409;Märkisch-Oderland;Brandenburg;2021-01-01;2021-12-31;89;2021
1467;C283R626;283;626;7599;DE11B;Main-Tauber-Kreis;Baden-Württemberg;2021-01-01;2021-12-31;61;2021
1468;C102R316;102;316;7600;DEA37;Steinfurt;Nordrhein-Westfalen;2021-01-01;2021-12-31;91;2021
1469;C396R665;396;665;7601;DE25B;Roth;Bayern;2021-01-01;2021-12-31;62;2021
1470;C194R508;194;508;7602;DE721;Gießen, Landkreis;Hessen;2021-01-01;2021-12-31;93;2021
1471;C349R782;349;782;7603;DE27B;Ostallgäu;Bayern;2021-01-01;2021-12-31;84;2021
1472;C189R522;189;522;7604;DE718;Hochtaunuskreis;Hessen;2021-01-01;2021-12-31;93;2021
1473;C432R375;432;375;7605;DEE05;Anhalt-Bitterfeld;Sachsen-Anhalt;2021-01-01;2021-12-31;77;2021
1474;C298R351;298;351;7606;DE916;Goslar;Niedersachsen;2021-01-01;2021-12-31;83;2021
1475;C491R51;491;51;7607;DE80L;Vorpommern-Rügen;Mecklenburg-Vorpommern;2021-01-01;2021-12-31;104;2021
1476;C309R110;309;110;7608;DEF0D;Segeberg;Schleswig-Holstein;2021-01-01;2021-12-31;94;2021
1477;C441R339;441;339;7609;DEE01;Dessau-Roßlau, Kreisfreie Stadt;Sachsen-Anhalt;2021-01-01;2021-12-31;88;2021
1478;C60R374;60;374;7610;DEA1F;Wesel;Nordrhein-Westfalen;2021-01-01;2021-12-31;91;2021
1479;C353R457;353;457;7611;DEG0C;Gotha;Thüringen;2021-01-01;2021-12-31;84;2021
1480;C458R81;458;81;7612;DE80L;Vorpommern-Rügen;Mecklenburg-Vorpommern;2021-01-01;2021-12-31;96;2021
1481;C577R186;577;186;7613;DE40I;Uckermark;Brandenburg;2021-01-01;2021-12-31;88;2021
1482;C456R237;456;237;7614;DE40D;Ostprignitz-Ruppin;Brandenburg;2021-01-01;2021-12-31;81;2021
1483;C509R131;509;131;7615;DE80N;Vorpommern-Greifswald;Mecklenburg-Vorpommern;2021-01-01;2021-12-31;69;2021
1484;C579R246;579;246;7616;DE409;Märkisch-Oderland;Brandenburg;2021-01-01;2021-12-31;89;2021
1485;C416R435;416;435;7617;DEE08;Burgenlandkreis;Sachsen-Anhalt;2021-01-01;2021-12-31;89;2021
1486;C176R316;176;316;7618;DE94E;Osnabrück, Landkreis;Niedersachsen;2021-01-01;2021-12-31;121;2021
1487;C327R87;327;87;7619;DEF0A;Plön;Schleswig-Holstein;2021-01-01;2021-12-31;94;2021
1488;C63R364;63;364;7620;DEA1F;Wesel;Nordrhein-Westfalen;2021-01-01;2021-12-31;91;2021
1489;C477R481;477;481;7621;DED45;Zwickau;Sachsen;2021-01-01;2021-12-31;91;2021
1490;C489R106;489;106;7622;DE80L;Vorpommern-Rügen;Mecklenburg-Vorpommern;2021-01-01;2021-12-31;96;2021
1491;C586R406;586;406;7623;DED2C;Bautzen;Sachsen;2021-01-01;2021-12-31;86;2021
1492;C357R61;357;61;7624;DEF08;Ostholstein;Schleswig-Holstein;2021-01-01;2021-12-31;94;2021
1493;C312R72;312;72;7625;DEF0A;Plön;Schleswig-Holstein;2021-01-01;2021-12-31;94;2021
1494;C114R281;114;281;7626;DE949;Emsland;Niedersachsen;2021-01-01;2021-12-31;105;2021
1495;C499R75;499;75;7627;DE80L;Vorpommern-Rügen;Mecklenburg-Vorpommern;2021-01-01;2021-12-31;104;2021
1496;C490R721;490;721;7628;DE22C;Dingolfing-Landau;Bayern;2021-01-01;2021-12-31;68;2021
1497;C500R99;500;99;7629;DE80N;Vorpommern-Greifswald;Mecklenburg-Vorpommern;2021-01-01;2021-12-31;104;2021
1498;C504R50;504;50;7630;DE80L;Vorpommern-Rügen;Mecklenburg-Vorpommern;2021-01-01;2021-12-31;104;2021
1499;C349R417;349;417;7631;DEG0A;Kyffhäuserkreis;Thüringen;2021-01-01;2021-12-31;82;2021
1500;C401R194;401;194;7632;DE80O;Ludwigslust-Parchim;Mecklenburg-Vorpommern;2021-01-01;2021-12-31;90;2021
1501;C404R117;404;117;7633;DE80K;Landkreis Rostock;Mecklenburg-Vorpommern;2021-01-01;2021-12-31;88;2021
1502;C325R233;325;233;7634;DE93A;Uelzen;Niedersachsen;2021-01-01;2021-12-31;88;2021
1503;C534R184;534;184;7635;DE40I;Uckermark;Brandenburg;2021-01-01;2021-12-31;98;2021
1504;C253R496;253;496;7636;DE725;Vogelsbergkreis;Hessen;2021-01-01;2021-12-31;90;2021
1505;C430R126;430;126;7637;DE80K;Landkreis Rostock;Mecklenburg-Vorpommern;2021-01-01;2021-12-31;69;2021
1506;C279R97;279;97;7638;DEF0B;Rendsburg-Eckernförde;Schleswig-Holstein;2021-01-01;2021-12-31;91;2021
1507;C219R121;219;121;7639;DEF05;Dithmarschen;Schleswig-Holstein;2021-01-01;2021-12-31;93;2021
1508;C102R510;102;510;7640;DEB17;Mayen-Koblenz;Rheinland-Pfalz;2021-01-01;2021-12-31;87;2021
1509;C254R411;254;411;7641;DE734;Kassel, Landkreis;Hessen;2021-01-01;2021-12-31;93;2021
1510;C327R393;327;393;7642;DEG07;Nordhausen;Thüringen;2021-01-01;2021-12-31;99;2021
1511;C216R684;216;684;7643;DE115;Ludwigsburg;Baden-Württemberg;2021-01-01;2021-12-31;63;2021
1512;C421R427;421;427;7644;DEE08;Burgenlandkreis;Sachsen-Anhalt;2021-01-01;2021-12-31;89;2021
1513;C428R481;428;481;7645;DEG0L;Greiz;Thüringen;2021-01-01;2021-12-31;84;2021
1514;C419R497;419;497;7646;DEG0K;Saale-Orla-Kreis;Thüringen;2021-01-01;2021-12-31;84;2021
1515;C147R281;147;281;7647;DE94E;Osnabrück, Landkreis;Niedersachsen;2021-01-01;2021-12-31;91;2021
1516;C252R457;252;457;7648;DE735;Schwalm-Eder-Kreis;Hessen;2021-01-01;2021-12-31;85;2021
1517;C262R744;262;744;7649;DE141;Reutlingen;Baden-Württemberg;2021-01-01;2021-12-31;100;2021
1518;C372R761;372;761;7650;DE275;Aichach-Friedberg;Bayern;2021-01-01;2021-12-31;76;2021
1519;C296R590;296;590;7651;DE268;Kitzingen;Bayern;2021-01-01;2021-12-31;85;2021
1520;C418R791;418;791;7652;DE21F;Miesbach;Bayern;2021-01-01;2021-12-31;88;2021
1521;C166R384;166;384;7653;DEA5B;Soest;Nordrhein-Westfalen;2021-01-01;2021-12-31;83;2021
1522;C516R439;516;439;7654;DED43;Mittelsachsen;Sachsen;2021-01-01;2021-12-31;90;2021
1523;C357R436;357;436;7655;DEG0D;Sömmerda;Thüringen;2021-01-01;2021-12-31;84;2021
1524;C568R255;568;255;7656;DE409;Märkisch-Oderland;Brandenburg;2021-01-01;2021-12-31;89;2021
1525;C168R575;168;575;7657;DEB3J;Mainz-Bingen;Rheinland-Pfalz;2021-01-01;2021-12-31;64;2021
1526;C194R248;194;248;7658;DE922;Diepholz;Niedersachsen;2021-01-01;2021-12-31;84;2021
1527;C479R273;479;273;7659;DE408;Havelland;Brandenburg;2021-01-01;2021-12-31;81;2021
1528;C504R338;504;338;7660;DE40H;Teltow-Fläming;Brandenburg;2021-01-01;2021-12-31;110;2021
1529;C61R434;61;434;7661;DEA1D;Rhein-Kreis Neuss;Nordrhein-Westfalen;2021-01-01;2021-12-31;79;2021
1530;C360R223;360;223;7662;DE934;Lüchow-Dannenberg;Niedersachsen;2021-01-01;2021-12-31;81;2021
1531;C253R37;253;37;7663;DEF0C;Schleswig-Flensburg;Schleswig-Holstein;2021-01-01;2021-12-31;112;2021
1532;C259R68;259;68;7664;DEF0B;Rendsburg-Eckernförde;Schleswig-Holstein;2021-01-01;2021-12-31;99;2021
1533;C568R326;568;326;7665;DE406;Dahme-Spreewald;Brandenburg;2021-01-01;2021-12-31;93;2021
1534;C111R570;111;570;7666;DEB1D;Rhein-Hunsrück-Kreis;Rheinland-Pfalz;2021-01-01;2021-12-31;91;2021
1535;C538R175;538;175;7667;DE40I;Uckermark;Brandenburg;2021-01-01;2021-12-31;98;2021
1536;C289R462;289;462;7668;DE733;Hersfeld-Rotenburg;Hessen;2021-01-01;2021-12-31;85;2021
1537;C200R535;200;535;7669;DE71E;Wetteraukreis;Hessen;2021-01-01;2021-12-31;63;2021
1538;C366R642;366;642;7670;DE25B;Roth;Bayern;2021-01-01;2021-12-31;93;2021
1539;C348R92;348;92;7671;DEF08;Ostholstein;Schleswig-Holstein;2021-01-01;2021-12-31;94;2021
1540;C294R626;294;626;7672;DE11B;Main-Tauber-Kreis;Baden-Württemberg;2021-01-01;2021-12-31;88;2021
1541;C299R559;299;559;7673;DE26B;Schweinfurt, Landkreis;Bayern;2021-01-01;2021-12-31;63;2021
1542;C17R549;17;549;7674;DEB23;Eifelkreis Bitburg-Prüm;Rheinland-Pfalz;2021-01-01;2021-12-31;84;2021
1543;C231R778;231;778;7675;DE149;Sigmaringen;Baden-Württemberg;2021-01-01;2021-12-31;70;2021
1544;C180R336;180;336;7676;DEA41;Bielefeld, Kreisfreie Stadt;Nordrhein-Westfalen;2021-01-01;2021-12-31;90;2021
1545;C243R196;243;196;7677;DE937;Rotenburg (Wümme);Niedersachsen;2021-01-01;2021-12-31;105;2021
1546;C246R629;246;629;7678;DE127;Neckar-Odenwald-Kreis;Baden-Württemberg;2021-01-01;2021-12-31;67;2021
1547;C271R600;271;600;7679;DE11B;Main-Tauber-Kreis;Baden-Württemberg;2021-01-01;2021-12-31;68;2021
1548;C123R286;123;286;7680;DE949;Emsland;Niedersachsen;2021-01-01;2021-12-31;105;2021
1549;C230R402;230;402;7681;DE734;Kassel, Landkreis;Hessen;2021-01-01;2021-12-31;87;2021
1550;C510R70;510;70;7682;DE80L;Vorpommern-Rügen;Mecklenburg-Vorpommern;2021-01-01;2021-12-31;104;2021
1551;C181R507;181;507;7683;DE722;Lahn-Dill-Kreis;Hessen;2021-01-01;2021-12-31;93;2021
1552;C180R331;180;331;7684;DEA42;Gütersloh;Nordrhein-Westfalen;2021-01-01;2021-12-31;86;2021
1553;C522R130;522;130;7685;DE80N;Vorpommern-Greifswald;Mecklenburg-Vorpommern;2021-01-01;2021-12-31;69;2021
1554;C255R141;255;141;7686;DEF0E;Steinburg;Schleswig-Holstein;2021-01-01;2021-12-31;84;2021
1555;C295R402;295;402;7687;DE91C;Göttingen;Niedersachsen;2021-01-01;2021-12-31;65;2021
1556;C99R518;99;518;7688;DEB17;Mayen-Koblenz;Rheinland-Pfalz;2021-01-01;2021-12-31;85;2021
1557;C632R426;632;426;7689;DED2D;Görlitz;Sachsen;2021-01-01;2021-12-31;90;2021
1558;C346R400;346;400;7690;DEG07;Nordhausen;Thüringen;2021-01-01;2021-12-31;82;2021
1559;C509R326;509;326;7691;DE40H;Teltow-Fläming;Brandenburg;2021-01-01;2021-12-31;110;2021
1560;C154R599;154;599;7692;DEB3D;Donnersbergkreis;Rheinland-Pfalz;2021-01-01;2021-12-31;60;2021
1561;C96R498;96;498;7693;DEB12;Ahrweiler;Rheinland-Pfalz;2021-01-01;2021-12-31;87;2021
1562;C303R259;303;259;7694;DE931;Celle;Niedersachsen;2021-01-01;2021-12-31;81;2021
1563;C154R526;154;526;7695;DEB1A;Rhein-Lahn-Kreis;Rheinland-Pfalz;2021-01-01;2021-12-31;86;2021
1564;C422R333;422;333;7696;DEE06;Jerichower Land;Sachsen-Anhalt;2021-01-01;2021-12-31;77;2021
1565;C377R132;377;132;7697;DE80M;Nordwestmecklenburg;Mecklenburg-Vorpommern;2021-01-01;2021-12-31;86;2021
1566;C460R373;460;373;7698;DEE05;Anhalt-Bitterfeld;Sachsen-Anhalt;2021-01-01;2021-12-31;77;2021
1567;C435R481;435;481;7699;DEG0L;Greiz;Thüringen;2021-01-01;2021-12-31;90;2021
1568;C490R127;490;127;7700;DE80J;Mecklenburgische Seenplatte;Mecklenburg-Vorpommern;2021-01-01;2021-12-31;96;2021
1569;C349R376;349;376;7701;DEE09;Harz;Sachsen-Anhalt;2021-01-01;2021-12-31;82;2021
1570;C156R359;156;359;7702;DEA38;Warendorf;Nordrhein-Westfalen;2021-01-01;2021-12-31;90;2021
1571;C298R397;298;397;7703;DE91C;Göttingen;Niedersachsen;2021-01-01;2021-12-31;65;2021
1572;C256R754;256;754;7704;DE141;Reutlingen;Baden-Württemberg;2021-01-01;2021-12-31;90;2021
