location,FertilizerScenario,crop,Event,vType,DVS,Amount
612,2,maize,1,PK,0.001,50
612,2,maize,2,DAP,0.001,8
612,2,maize,3,KAS,0.4,24
613,2,maize,1,PK,0.001,50
613,2,maize,2,DAP,0.001,8
613,2,maize,3,KAS,0.4,24
614,2,maize,1,PK,0.001,50
614,2,maize,2,DAP,0.001,8
614,2,maize,3,KAS,0.4,24
615,2,maize,1,PK,0.001,50
615,2,maize,2,DAP,0.001,8
615,2,maize,3,KAS,0.4,24
616,2,maize,1,PK,0.001,50
616,2,maize,2,DAP,0.001,8
616,2,maize,3,KAS,0.4,24
617,2,maize,1,PK,0.001,50
617,2,maize,2,DAP,0.001,8
617,2,maize,3,KAS,0.4,24
618,2,maize,1,PK,0.001,50
618,2,maize,2,DAP,0.001,8
618,2,maize,3,KAS,0.4,24
619,2,maize,1,PK,0.001,50
619,2,maize,2,DAP,0.001,8
619,2,maize,3,KAS,0.4,24
620,2,maize,1,PK,0.001,50
620,2,maize,2,DAP,0.001,8
620,2,maize,3,KAS,0.4,24
621,2,maize,1,PK,0.001,50
621,2,maize,2,DAP,0.001,8
621,2,maize,3,KAS,0.4,24
622,2,maize,1,PK,0.001,50
622,2,maize,2,DAP,0.001,8
622,2,maize,3,KAS,0.4,24
623,2,maize,1,PK,0.001,50
623,2,maize,2,DAP,0.001,8
623,2,maize,3,KAS,0.4,24
624,2,maize,1,PK,0.001,50
624,2,maize,2,DAP,0.001,8
624,2,maize,3,KAS,0.4,24
625,2,maize,1,PK,0.001,50
625,2,maize,2,DAP,0.001,8
625,2,maize,3,KAS,0.4,24
626,2,maize,1,PK,0.001,50
626,2,maize,2,DAP,0.001,8
626,2,maize,3,KAS,0.4,24
627,2,maize,1,PK,0.001,50
627,2,maize,2,DAP,0.001,8
627,2,maize,3,KAS,0.4,24
628,2,maize,1,PK,0.001,50
628,2,maize,2,DAP,0.001,8
628,2,maize,3,KAS,0.4,24
629,2,maize,1,PK,0.001,50
629,2,maize,2,DAP,0.001,8
629,2,maize,3,KAS,0.4,24
630,2,maize,1,PK,0.001,50
630,2,maize,2,DAP,0.001,8
630,2,maize,3,KAS,0.4,24
631,2,maize,1,PK,0.001,50
631,2,maize,2,DAP,0.001,8
631,2,maize,3,KAS,0.4,24
632,2,maize,1,PK,0.001,50
632,2,maize,2,DAP,0.001,8
632,2,maize,3,KAS,0.4,24
633,2,maize,1,PK,0.001,50
633,2,maize,2,DAP,0.001,8
633,2,maize,3,KAS,0.4,24
634,2,maize,1,PK,0.001,50
634,2,maize,2,DAP,0.001,8
634,2,maize,3,KAS,0.4,24
635,2,maize,1,PK,0.001,50
635,2,maize,2,DAP,0.001,8
635,2,maize,3,KAS,0.4,24
636,2,maize,1,PK,0.001,50
636,2,maize,2,DAP,0.001,8
636,2,maize,3,KAS,0.4,24
637,2,maize,1,PK,0.001,50
637,2,maize,2,DAP,0.001,8
637,2,maize,3,KAS,0.4,24
638,2,maize,1,PK,0.001,50
638,2,maize,2,DAP,0.001,8
638,2,maize,3,KAS,0.4,24
639,2,maize,1,PK,0.001,50
639,2,maize,2,DAP,0.001,8
639,2,maize,3,KAS,0.4,24
640,2,maize,1,PK,0.001,50
640,2,maize,2,DAP,0.001,8
640,2,maize,3,KAS,0.4,24
641,2,maize,1,PK,0.001,50
641,2,maize,2,DAP,0.001,8
641,2,maize,3,KAS,0.4,24
642,2,maize,1,PK,0.001,50
642,2,maize,2,DAP,0.001,8
642,2,maize,3,KAS,0.4,24
643,2,maize,1,PK,0.001,50
643,2,maize,2,DAP,0.001,8
643,2,maize,3,KAS,0.4,24
644,2,maize,1,PK,0.001,50
644,2,maize,2,DAP,0.001,8
644,2,maize,3,KAS,0.4,24
645,2,maize,1,PK,0.001,50
645,2,maize,2,DAP,0.001,8
645,2,maize,3,KAS,0.4,24
646,2,maize,1,PK,0.001,50
646,2,maize,2,DAP,0.001,8
646,2,maize,3,KAS,0.4,24
647,2,maize,1,PK,0.001,50
647,2,maize,2,DAP,0.001,8
647,2,maize,3,KAS,0.4,24
648,2,maize,1,PK,0.001,50
648,2,maize,2,DAP,0.001,8
648,2,maize,3,KAS,0.4,24
649,2,maize,1,PK,0.001,50
649,2,maize,2,DAP,0.001,8
649,2,maize,3,KAS,0.4,24
650,2,maize,1,PK,0.001,50
650,2,maize,2,DAP,0.001,8
650,2,maize,3,KAS,0.4,24
651,2,maize,1,PK,0.001,50
651,2,maize,2,DAP,0.001,8
651,2,maize,3,KAS,0.4,24
652,2,maize,1,PK,0.001,50
652,2,maize,2,DAP,0.001,8
652,2,maize,3,KAS,0.4,24
653,2,maize,1,PK,0.001,50
653,2,maize,2,DAP,0.001,8
653,2,maize,3,KAS,0.4,24
654,2,maize,1,PK,0.001,50
654,2,maize,2,DAP,0.001,8
654,2,maize,3,KAS,0.4,24
655,2,maize,1,PK,0.001,50
655,2,maize,2,DAP,0.001,8
655,2,maize,3,KAS,0.4,24
656,2,maize,1,PK,0.001,50
656,2,maize,2,DAP,0.001,8
656,2,maize,3,KAS,0.4,24
657,2,maize,1,PK,0.001,50
657,2,maize,2,DAP,0.001,8
657,2,maize,3,KAS,0.4,24
658,2,maize,1,PK,0.001,50
658,2,maize,2,DAP,0.001,8
658,2,maize,3,KAS,0.4,24
659,2,maize,1,PK,0.001,50
659,2,maize,2,DAP,0.001,8
659,2,maize,3,KAS,0.4,24
660,2,maize,1,PK,0.001,50
660,2,maize,2,DAP,0.001,8
660,2,maize,3,KAS,0.4,24
661,2,maize,1,PK,0.001,50
661,2,maize,2,DAP,0.001,8
661,2,maize,3,KAS,0.4,24
662,2,maize,1,PK,0.001,50
662,2,maize,2,DAP,0.001,8
662,2,maize,3,KAS,0.4,24
663,2,maize,1,PK,0.001,50
663,2,maize,2,DAP,0.001,8
663,2,maize,3,KAS,0.4,24
664,2,maize,1,PK,0.001,50
664,2,maize,2,DAP,0.001,8
664,2,maize,3,KAS,0.4,24
665,2,maize,1,PK,0.001,50
665,2,maize,2,DAP,0.001,8
665,2,maize,3,KAS,0.4,24
666,2,maize,1,PK,0.001,50
666,2,maize,2,DAP,0.001,8
666,2,maize,3,KAS,0.4,24
667,2,maize,1,PK,0.001,50
667,2,maize,2,DAP,0.001,8
667,2,maize,3,KAS,0.4,24
668,2,maize,1,PK,0.001,50
668,2,maize,2,DAP,0.001,8
668,2,maize,3,KAS,0.4,24
669,2,maize,1,PK,0.001,50
669,2,maize,2,DAP,0.001,8
669,2,maize,3,KAS,0.4,24
670,2,maize,1,PK,0.001,50
670,2,maize,2,DAP,0.001,8
670,2,maize,3,KAS,0.4,24
671,2,maize,1,PK,0.001,50
671,2,maize,2,DAP,0.001,8
671,2,maize,3,KAS,0.4,24
672,2,maize,1,PK,0.001,50
672,2,maize,2,DAP,0.001,8
672,2,maize,3,KAS,0.4,24
673,2,maize,1,PK,0.001,50
673,2,maize,2,DAP,0.001,8
673,2,maize,3,KAS,0.4,24
674,2,maize,1,PK,0.001,50
674,2,maize,2,DAP,0.001,8
674,2,maize,3,KAS,0.4,24
675,2,maize,1,PK,0.001,50
675,2,maize,2,DAP,0.001,8
675,2,maize,3,KAS,0.4,24
676,2,maize,1,PK,0.001,50
676,2,maize,2,DAP,0.001,8
676,2,maize,3,KAS,0.4,24
677,2,maize,1,PK,0.001,50
677,2,maize,2,DAP,0.001,8
677,2,maize,3,KAS,0.4,24
678,2,maize,1,PK,0.001,50
678,2,maize,2,DAP,0.001,8
678,2,maize,3,KAS,0.4,24
679,2,maize,1,PK,0.001,50
679,2,maize,2,DAP,0.001,8
679,2,maize,3,KAS,0.4,24
680,2,maize,1,PK,0.001,50
680,2,maize,2,DAP,0.001,8
680,2,maize,3,KAS,0.4,24
681,2,maize,1,PK,0.001,50
681,2,maize,2,DAP,0.001,8
681,2,maize,3,KAS,0.4,24
682,2,maize,1,PK,0.001,50
682,2,maize,2,DAP,0.001,8
682,2,maize,3,KAS,0.4,24
683,2,maize,1,PK,0.001,50
683,2,maize,2,DAP,0.001,8
683,2,maize,3,KAS,0.4,24
684,2,maize,1,PK,0.001,50
684,2,maize,2,DAP,0.001,8
684,2,maize,3,KAS,0.4,24
685,2,maize,1,PK,0.001,50
685,2,maize,2,DAP,0.001,8
685,2,maize,3,KAS,0.4,24
686,2,maize,1,PK,0.001,50
686,2,maize,2,DAP,0.001,8
686,2,maize,3,KAS,0.4,24
687,2,maize,1,PK,0.001,50
687,2,maize,2,DAP,0.001,8
687,2,maize,3,KAS,0.4,24
688,2,maize,1,PK,0.001,50
688,2,maize,2,DAP,0.001,8
688,2,maize,3,KAS,0.4,24
689,2,maize,1,PK,0.001,50
689,2,maize,2,DAP,0.001,8
689,2,maize,3,KAS,0.4,24
690,2,maize,1,PK,0.001,50
690,2,maize,2,DAP,0.001,8
690,2,maize,3,KAS,0.4,24
691,2,maize,1,PK,0.001,50
691,2,maize,2,DAP,0.001,8
691,2,maize,3,KAS,0.4,24
692,2,maize,1,PK,0.001,50
692,2,maize,2,DAP,0.001,8
692,2,maize,3,KAS,0.4,24
693,2,maize,1,PK,0.001,50
693,2,maize,2,DAP,0.001,8
693,2,maize,3,KAS,0.4,24
694,2,maize,1,PK,0.001,50
694,2,maize,2,DAP,0.001,8
694,2,maize,3,KAS,0.4,24
695,2,maize,1,PK,0.001,50
695,2,maize,2,DAP,0.001,8
695,2,maize,3,KAS,0.4,24
696,2,maize,1,PK,0.001,50
696,2,maize,2,DAP,0.001,8
696,2,maize,3,KAS,0.4,24
698,2,maize,1,PK,0.001,50
698,2,maize,2,DAP,0.001,8
698,2,maize,3,KAS,0.4,24
699,2,maize,1,PK,0.001,50
699,2,maize,2,DAP,0.001,8
699,2,maize,3,KAS,0.4,24
700,2,maize,1,PK,0.001,50
700,2,maize,2,DAP,0.001,8
700,2,maize,3,KAS,0.4,24
701,2,maize,1,PK,0.001,50
701,2,maize,2,DAP,0.001,8
701,2,maize,3,KAS,0.4,24
702,2,maize,1,PK,0.001,50
702,2,maize,2,DAP,0.001,8
702,2,maize,3,KAS,0.4,24
703,2,maize,1,PK,0.001,50
703,2,maize,2,DAP,0.001,8
703,2,maize,3,KAS,0.4,24
704,2,maize,1,PK,0.001,50
704,2,maize,2,DAP,0.001,8
704,2,maize,3,KAS,0.4,24
705,2,maize,1,PK,0.001,50
705,2,maize,2,DAP,0.001,8
705,2,maize,3,KAS,0.4,24
706,2,maize,1,PK,0.001,50
706,2,maize,2,DAP,0.001,8
706,2,maize,3,KAS,0.4,24
707,2,maize,1,PK,0.001,50
707,2,maize,2,DAP,0.001,8
707,2,maize,3,KAS,0.4,24
708,2,maize,1,PK,0.001,50
708,2,maize,2,DAP,0.001,8
708,2,maize,3,KAS,0.4,24
709,2,maize,1,PK,0.001,50
709,2,maize,2,DAP,0.001,8
709,2,maize,3,KAS,0.4,24
710,2,maize,1,PK,0.001,50
710,2,maize,2,DAP,0.001,8
710,2,maize,3,KAS,0.4,24
711,2,maize,1,PK,0.001,50
711,2,maize,2,DAP,0.001,8
711,2,maize,3,KAS,0.4,24
712,2,maize,1,PK,0.001,50
712,2,maize,2,DAP,0.001,8
712,2,maize,3,KAS,0.4,24
713,2,maize,1,PK,0.001,50
713,2,maize,2,DAP,0.001,8
713,2,maize,3,KAS,0.4,24
714,2,maize,1,PK,0.001,50
714,2,maize,2,DAP,0.001,8
714,2,maize,3,KAS,0.4,24
715,2,maize,1,PK,0.001,50
715,2,maize,2,DAP,0.001,8
715,2,maize,3,KAS,0.4,24
716,2,maize,1,PK,0.001,50
716,2,maize,2,DAP,0.001,8
716,2,maize,3,KAS,0.4,24
717,2,maize,1,PK,0.001,50
717,2,maize,2,DAP,0.001,8
717,2,maize,3,KAS,0.4,24
718,2,maize,1,PK,0.001,50
718,2,maize,2,DAP,0.001,8
718,2,maize,3,KAS,0.4,24
720,2,maize,1,PK,0.001,50
720,2,maize,2,DAP,0.001,8
720,2,maize,3,KAS,0.4,24
721,2,maize,1,PK,0.001,50
721,2,maize,2,DAP,0.001,8
721,2,maize,3,KAS,0.4,24
722,2,maize,1,PK,0.001,50
722,2,maize,2,DAP,0.001,8
722,2,maize,3,KAS,0.4,24
723,2,maize,1,PK,0.001,50
723,2,maize,2,DAP,0.001,8
723,2,maize,3,KAS,0.4,24
724,2,maize,1,PK,0.001,50
724,2,maize,2,DAP,0.001,8
724,2,maize,3,KAS,0.4,24
725,2,maize,1,PK,0.001,50
725,2,maize,2,DAP,0.001,8
725,2,maize,3,KAS,0.4,24
726,2,maize,1,PK,0.001,50
726,2,maize,2,DAP,0.001,8
726,2,maize,3,KAS,0.4,24
727,2,maize,1,PK,0.001,50
727,2,maize,2,DAP,0.001,8
727,2,maize,3,KAS,0.4,24
728,2,maize,1,PK,0.001,50
728,2,maize,2,DAP,0.001,8
728,2,maize,3,KAS,0.4,24
729,2,maize,1,PK,0.001,50
729,2,maize,2,DAP,0.001,8
729,2,maize,3,KAS,0.4,24
730,2,maize,1,PK,0.001,50
730,2,maize,2,DAP,0.001,8
730,2,maize,3,KAS,0.4,24
731,2,maize,1,PK,0.001,50
731,2,maize,2,DAP,0.001,8
731,2,maize,3,KAS,0.4,24
732,2,maize,1,PK,0.001,50
732,2,maize,2,DAP,0.001,8
732,2,maize,3,KAS,0.4,24
733,2,maize,1,PK,0.001,50
733,2,maize,2,DAP,0.001,8
733,2,maize,3,KAS,0.4,24
734,2,maize,1,PK,0.001,50
734,2,maize,2,DAP,0.001,8
734,2,maize,3,KAS,0.4,24
735,2,maize,1,PK,0.001,50
735,2,maize,2,DAP,0.001,8
735,2,maize,3,KAS,0.4,24
736,2,maize,1,PK,0.001,50
736,2,maize,2,DAP,0.001,8
736,2,maize,3,KAS,0.4,24
737,2,maize,1,PK,0.001,50
737,2,maize,2,DAP,0.001,8
737,2,maize,3,KAS,0.4,24
738,2,maize,1,PK,0.001,50
738,2,maize,2,DAP,0.001,8
738,2,maize,3,KAS,0.4,24
739,2,maize,1,PK,0.001,50
739,2,maize,2,DAP,0.001,8
739,2,maize,3,KAS,0.4,24
740,2,maize,1,PK,0.001,50
740,2,maize,2,DAP,0.001,8
740,2,maize,3,KAS,0.4,24
741,2,maize,1,PK,0.001,50
741,2,maize,2,DAP,0.001,8
741,2,maize,3,KAS,0.4,24
742,2,maize,1,PK,0.001,50
742,2,maize,2,DAP,0.001,8
742,2,maize,3,KAS,0.4,24
743,2,maize,1,PK,0.001,50
743,2,maize,2,DAP,0.001,8
743,2,maize,3,KAS,0.4,24
744,2,maize,1,PK,0.001,50
744,2,maize,2,DAP,0.001,8
744,2,maize,3,KAS,0.4,24
745,2,maize,1,PK,0.001,50
745,2,maize,2,DAP,0.001,8
745,2,maize,3,KAS,0.4,24
746,2,maize,1,PK,0.001,50
746,2,maize,2,DAP,0.001,8
746,2,maize,3,KAS,0.4,24
747,2,maize,1,PK,0.001,50
747,2,maize,2,DAP,0.001,8
747,2,maize,3,KAS,0.4,24
748,2,maize,1,PK,0.001,50
748,2,maize,2,DAP,0.001,8
748,2,maize,3,KAS,0.4,24
749,2,maize,1,PK,0.001,50
749,2,maize,2,DAP,0.001,8
749,2,maize,3,KAS,0.4,24
750,2,maize,1,PK,0.001,50
750,2,maize,2,DAP,0.001,8
750,2,maize,3,KAS,0.4,24
751,2,maize,1,PK,0.001,50
751,2,maize,2,DAP,0.001,8
751,2,maize,3,KAS,0.4,24
752,2,maize,1,PK,0.001,50
752,2,maize,2,DAP,0.001,8
752,2,maize,3,KAS,0.4,24
753,2,maize,1,PK,0.001,50
753,2,maize,2,DAP,0.001,8
753,2,maize,3,KAS,0.4,24
754,2,maize,1,PK,0.001,50
754,2,maize,2,DAP,0.001,8
754,2,maize,3,KAS,0.4,24
755,2,maize,1,PK,0.001,50
755,2,maize,2,DAP,0.001,8
755,2,maize,3,KAS,0.4,24
756,2,maize,1,PK,0.001,50
756,2,maize,2,DAP,0.001,8
756,2,maize,3,KAS,0.4,24
757,2,maize,1,PK,0.001,50
757,2,maize,2,DAP,0.001,8
757,2,maize,3,KAS,0.4,24
758,2,maize,1,PK,0.001,50
758,2,maize,2,DAP,0.001,8
758,2,maize,3,KAS,0.4,24
759,2,maize,1,PK,0.001,50
759,2,maize,2,DAP,0.001,8
759,2,maize,3,KAS,0.4,24
760,2,maize,1,PK,0.001,50
760,2,maize,2,DAP,0.001,8
760,2,maize,3,KAS,0.4,24
761,2,maize,1,PK,0.001,50
761,2,maize,2,DAP,0.001,8
761,2,maize,3,KAS,0.4,24
762,2,maize,1,PK,0.001,50
762,2,maize,2,DAP,0.001,8
762,2,maize,3,KAS,0.4,24
763,2,maize,1,PK,0.001,50
763,2,maize,2,DAP,0.001,8
763,2,maize,3,KAS,0.4,24
764,2,maize,1,PK,0.001,50
764,2,maize,2,DAP,0.001,8
764,2,maize,3,KAS,0.4,24
765,2,maize,1,PK,0.001,50
765,2,maize,2,DAP,0.001,8
765,2,maize,3,KAS,0.4,24
766,2,maize,1,PK,0.001,50
766,2,maize,2,DAP,0.001,8
766,2,maize,3,KAS,0.4,24
767,2,maize,1,PK,0.001,50
767,2,maize,2,DAP,0.001,8
767,2,maize,3,KAS,0.4,24
768,2,maize,1,PK,0.001,50
768,2,maize,2,DAP,0.001,8
768,2,maize,3,KAS,0.4,24
769,2,maize,1,PK,0.001,50
769,2,maize,2,DAP,0.001,8
769,2,maize,3,KAS,0.4,24
770,2,maize,1,PK,0.001,50
770,2,maize,2,DAP,0.001,8
770,2,maize,3,KAS,0.4,24
771,2,maize,1,PK,0.001,50
771,2,maize,2,DAP,0.001,8
771,2,maize,3,KAS,0.4,24
772,2,maize,1,PK,0.001,50
772,2,maize,2,DAP,0.001,8
772,2,maize,3,KAS,0.4,24
773,2,maize,1,PK,0.001,50
773,2,maize,2,DAP,0.001,8
773,2,maize,3,KAS,0.4,24
774,2,maize,1,PK,0.001,50
774,2,maize,2,DAP,0.001,8
774,2,maize,3,KAS,0.4,24
775,2,maize,1,PK,0.001,50
775,2,maize,2,DAP,0.001,8
775,2,maize,3,KAS,0.4,24
776,2,maize,1,PK,0.001,50
776,2,maize,2,DAP,0.001,8
776,2,maize,3,KAS,0.4,24
777,2,maize,1,PK,0.001,50
777,2,maize,2,DAP,0.001,8
777,2,maize,3,KAS,0.4,24
779,2,maize,1,PK,0.001,50
779,2,maize,2,DAP,0.001,8
779,2,maize,3,KAS,0.4,24
780,2,maize,1,PK,0.001,50
780,2,maize,2,DAP,0.001,8
780,2,maize,3,KAS,0.4,24
781,2,maize,1,PK,0.001,50
781,2,maize,2,DAP,0.001,8
781,2,maize,3,KAS,0.4,24
782,2,maize,1,PK,0.001,50
782,2,maize,2,DAP,0.001,8
782,2,maize,3,KAS,0.4,24
783,2,maize,1,PK,0.001,50
783,2,maize,2,DAP,0.001,8
783,2,maize,3,KAS,0.4,24
784,2,maize,1,PK,0.001,50
784,2,maize,2,DAP,0.001,8
784,2,maize,3,KAS,0.4,24
785,2,maize,1,PK,0.001,50
785,2,maize,2,DAP,0.001,8
785,2,maize,3,KAS,0.4,24
786,2,maize,1,PK,0.001,50
786,2,maize,2,DAP,0.001,8
786,2,maize,3,KAS,0.4,24
787,2,maize,1,PK,0.001,50
787,2,maize,2,DAP,0.001,8
787,2,maize,3,KAS,0.4,24
788,2,maize,1,PK,0.001,50
788,2,maize,2,DAP,0.001,8
788,2,maize,3,KAS,0.4,24
789,2,maize,1,PK,0.001,50
789,2,maize,2,DAP,0.001,8
789,2,maize,3,KAS,0.4,24
790,2,maize,1,PK,0.001,50
790,2,maize,2,DAP,0.001,8
790,2,maize,3,KAS,0.4,24
791,2,maize,1,PK,0.001,50
791,2,maize,2,DAP,0.001,8
791,2,maize,3,KAS,0.4,24
792,2,maize,1,PK,0.001,50
792,2,maize,2,DAP,0.001,8
792,2,maize,3,KAS,0.4,24
793,2,maize,1,PK,0.001,50
793,2,maize,2,DAP,0.001,8
793,2,maize,3,KAS,0.4,24
794,2,maize,1,PK,0.001,50
794,2,maize,2,DAP,0.001,8
794,2,maize,3,KAS,0.4,24
795,2,maize,1,PK,0.001,50
795,2,maize,2,DAP,0.001,8
795,2,maize,3,KAS,0.4,24
796,2,maize,1,PK,0.001,50
796,2,maize,2,DAP,0.001,8
796,2,maize,3,KAS,0.4,24
797,2,maize,1,PK,0.001,50
797,2,maize,2,DAP,0.001,8
797,2,maize,3,KAS,0.4,24
798,2,maize,1,PK,0.001,50
798,2,maize,2,DAP,0.001,8
798,2,maize,3,KAS,0.4,24
799,2,maize,1,PK,0.001,50
799,2,maize,2,DAP,0.001,8
799,2,maize,3,KAS,0.4,24
800,2,maize,1,PK,0.001,50
800,2,maize,2,DAP,0.001,8
800,2,maize,3,KAS,0.4,24
801,2,maize,1,PK,0.001,50
801,2,maize,2,DAP,0.001,8
801,2,maize,3,KAS,0.4,24
802,2,maize,1,PK,0.001,50
802,2,maize,2,DAP,0.001,8
802,2,maize,3,KAS,0.4,24
803,2,maize,1,PK,0.001,50
803,2,maize,2,DAP,0.001,8
803,2,maize,3,KAS,0.4,24
804,2,maize,1,PK,0.001,50
804,2,maize,2,DAP,0.001,8
804,2,maize,3,KAS,0.4,24
805,2,maize,1,PK,0.001,50
805,2,maize,2,DAP,0.001,8
805,2,maize,3,KAS,0.4,24
806,2,maize,1,PK,0.001,50
806,2,maize,2,DAP,0.001,8
806,2,maize,3,KAS,0.4,24
807,2,maize,1,PK,0.001,50
807,2,maize,2,DAP,0.001,8
807,2,maize,3,KAS,0.4,24
808,2,maize,1,PK,0.001,50
808,2,maize,2,DAP,0.001,8
808,2,maize,3,KAS,0.4,24
809,2,maize,1,PK,0.001,50
809,2,maize,2,DAP,0.001,8
809,2,maize,3,KAS,0.4,24
810,2,maize,1,PK,0.001,50
810,2,maize,2,DAP,0.001,8
810,2,maize,3,KAS,0.4,24
811,2,maize,1,PK,0.001,50
811,2,maize,2,DAP,0.001,8
811,2,maize,3,KAS,0.4,24
812,2,maize,1,PK,0.001,50
812,2,maize,2,DAP,0.001,8
812,2,maize,3,KAS,0.4,24
813,2,maize,1,PK,0.001,50
813,2,maize,2,DAP,0.001,8
813,2,maize,3,KAS,0.4,24
814,2,maize,1,PK,0.001,50
814,2,maize,2,DAP,0.001,8
814,2,maize,3,KAS,0.4,24
815,2,maize,1,PK,0.001,50
815,2,maize,2,DAP,0.001,8
815,2,maize,3,KAS,0.4,24
816,2,maize,1,PK,0.001,50
816,2,maize,2,DAP,0.001,8
816,2,maize,3,KAS,0.4,24
817,2,maize,1,PK,0.001,50
817,2,maize,2,DAP,0.001,8
817,2,maize,3,KAS,0.4,24
818,2,maize,1,PK,0.001,50
818,2,maize,2,DAP,0.001,8
818,2,maize,3,KAS,0.4,24
819,2,maize,1,PK,0.001,50
819,2,maize,2,DAP,0.001,8
819,2,maize,3,KAS,0.4,24
820,2,maize,1,PK,0.001,50
820,2,maize,2,DAP,0.001,8
820,2,maize,3,KAS,0.4,24
821,2,maize,1,PK,0.001,50
821,2,maize,2,DAP,0.001,8
821,2,maize,3,KAS,0.4,24
822,2,maize,1,PK,0.001,50
822,2,maize,2,DAP,0.001,8
822,2,maize,3,KAS,0.4,24
823,2,maize,1,PK,0.001,50
823,2,maize,2,DAP,0.001,8
823,2,maize,3,KAS,0.4,24
824,2,maize,1,PK,0.001,50
824,2,maize,2,DAP,0.001,8
824,2,maize,3,KAS,0.4,24
825,2,maize,1,PK,0.001,50
825,2,maize,2,DAP,0.001,8
825,2,maize,3,KAS,0.4,24
826,2,maize,1,PK,0.001,50
826,2,maize,2,DAP,0.001,8
826,2,maize,3,KAS,0.4,24
827,2,maize,1,PK,0.001,50
827,2,maize,2,DAP,0.001,8
827,2,maize,3,KAS,0.4,24
828,2,maize,1,PK,0.001,50
828,2,maize,2,DAP,0.001,8
828,2,maize,3,KAS,0.4,24
829,2,maize,1,PK,0.001,50
829,2,maize,2,DAP,0.001,8
829,2,maize,3,KAS,0.4,24
830,2,maize,1,PK,0.001,50
830,2,maize,2,DAP,0.001,8
830,2,maize,3,KAS,0.4,24
831,2,maize,1,PK,0.001,50
831,2,maize,2,DAP,0.001,8
831,2,maize,3,KAS,0.4,24
832,2,maize,1,PK,0.001,50
832,2,maize,2,DAP,0.001,8
832,2,maize,3,KAS,0.4,24
833,2,maize,1,PK,0.001,50
833,2,maize,2,DAP,0.001,8
833,2,maize,3,KAS,0.4,24
834,2,maize,1,PK,0.001,50
834,2,maize,2,DAP,0.001,8
834,2,maize,3,KAS,0.4,24
835,2,maize,1,PK,0.001,50
835,2,maize,2,DAP,0.001,8
835,2,maize,3,KAS,0.4,24
836,2,maize,1,PK,0.001,50
836,2,maize,2,DAP,0.001,8
836,2,maize,3,KAS,0.4,24
837,2,maize,1,PK,0.001,50
837,2,maize,2,DAP,0.001,8
837,2,maize,3,KAS,0.4,24
838,2,maize,1,PK,0.001,50
838,2,maize,2,DAP,0.001,8
838,2,maize,3,KAS,0.4,24
839,2,maize,1,PK,0.001,50
839,2,maize,2,DAP,0.001,8
839,2,maize,3,KAS,0.4,24
840,2,maize,1,PK,0.001,50
840,2,maize,2,DAP,0.001,8
840,2,maize,3,KAS,0.4,24
841,2,maize,1,PK,0.001,50
841,2,maize,2,DAP,0.001,8
841,2,maize,3,KAS,0.4,24
842,2,maize,1,PK,0.001,50
842,2,maize,2,DAP,0.001,8
842,2,maize,3,KAS,0.4,24
843,2,maize,1,PK,0.001,50
843,2,maize,2,DAP,0.001,8
843,2,maize,3,KAS,0.4,24
844,2,maize,1,PK,0.001,50
844,2,maize,2,DAP,0.001,8
844,2,maize,3,KAS,0.4,24
845,2,maize,1,PK,0.001,50
845,2,maize,2,DAP,0.001,8
845,2,maize,3,KAS,0.4,24
846,2,maize,1,PK,0.001,50
846,2,maize,2,DAP,0.001,8
846,2,maize,3,KAS,0.4,24
847,2,maize,1,PK,0.001,50
847,2,maize,2,DAP,0.001,8
847,2,maize,3,KAS,0.4,24
848,2,maize,1,PK,0.001,50
848,2,maize,2,DAP,0.001,8
848,2,maize,3,KAS,0.4,24
849,2,maize,1,PK,0.001,50
849,2,maize,2,DAP,0.001,8
849,2,maize,3,KAS,0.4,24
850,2,maize,1,PK,0.001,50
850,2,maize,2,DAP,0.001,8
850,2,maize,3,KAS,0.4,24
851,2,maize,1,PK,0.001,50
851,2,maize,2,DAP,0.001,8
851,2,maize,3,KAS,0.4,24
852,2,maize,1,PK,0.001,50
852,2,maize,2,DAP,0.001,8
852,2,maize,3,KAS,0.4,24
853,2,maize,1,PK,0.001,50
853,2,maize,2,DAP,0.001,8
853,2,maize,3,KAS,0.4,24
854,2,maize,1,PK,0.001,50
854,2,maize,2,DAP,0.001,8
854,2,maize,3,KAS,0.4,24
855,2,maize,1,PK,0.001,50
855,2,maize,2,DAP,0.001,8
855,2,maize,3,KAS,0.4,24
856,2,maize,1,PK,0.001,50
856,2,maize,2,DAP,0.001,8
856,2,maize,3,KAS,0.4,24
857,2,maize,1,PK,0.001,50
857,2,maize,2,DAP,0.001,8
857,2,maize,3,KAS,0.4,24
858,2,maize,1,PK,0.001,50
858,2,maize,2,DAP,0.001,8
858,2,maize,3,KAS,0.4,24
859,2,maize,1,PK,0.001,50
859,2,maize,2,DAP,0.001,8
859,2,maize,3,KAS,0.4,24
860,2,maize,1,PK,0.001,50
860,2,maize,2,DAP,0.001,8
860,2,maize,3,KAS,0.4,24
861,2,maize,1,PK,0.001,50
861,2,maize,2,DAP,0.001,8
861,2,maize,3,KAS,0.4,24
862,2,maize,1,PK,0.001,50
862,2,maize,2,DAP,0.001,8
862,2,maize,3,KAS,0.4,24
863,2,maize,1,PK,0.001,50
863,2,maize,2,DAP,0.001,8
863,2,maize,3,KAS,0.4,24
864,2,maize,1,PK,0.001,50
864,2,maize,2,DAP,0.001,8
864,2,maize,3,KAS,0.4,24
865,2,maize,1,PK,0.001,50
865,2,maize,2,DAP,0.001,8
865,2,maize,3,KAS,0.4,24
866,2,maize,1,PK,0.001,50
866,2,maize,2,DAP,0.001,8
866,2,maize,3,KAS,0.4,24
867,2,maize,1,PK,0.001,50
867,2,maize,2,DAP,0.001,8
867,2,maize,3,KAS,0.4,24
868,2,maize,1,PK,0.001,50
868,2,maize,2,DAP,0.001,8
868,2,maize,3,KAS,0.4,24
869,2,maize,1,PK,0.001,50
869,2,maize,2,DAP,0.001,8
869,2,maize,3,KAS,0.4,24
870,2,maize,1,PK,0.001,50
870,2,maize,2,DAP,0.001,8
870,2,maize,3,KAS,0.4,24
871,2,maize,1,PK,0.001,50
871,2,maize,2,DAP,0.001,8
871,2,maize,3,KAS,0.4,24
872,2,maize,1,PK,0.001,50
872,2,maize,2,DAP,0.001,8
872,2,maize,3,KAS,0.4,24
873,2,maize,1,PK,0.001,50
873,2,maize,2,DAP,0.001,8
873,2,maize,3,KAS,0.4,24
874,2,maize,1,PK,0.001,50
874,2,maize,2,DAP,0.001,8
874,2,maize,3,KAS,0.4,24
875,2,maize,1,PK,0.001,50
875,2,maize,2,DAP,0.001,8
875,2,maize,3,KAS,0.4,24
876,2,maize,1,PK,0.001,50
876,2,maize,2,DAP,0.001,8
876,2,maize,3,KAS,0.4,24
877,2,maize,1,PK,0.001,50
877,2,maize,2,DAP,0.001,8
877,2,maize,3,KAS,0.4,24
878,2,maize,1,PK,0.001,50
878,2,maize,2,DAP,0.001,8
878,2,maize,3,KAS,0.4,24
879,2,maize,1,PK,0.001,50
879,2,maize,2,DAP,0.001,8
879,2,maize,3,KAS,0.4,24
880,2,maize,1,PK,0.001,50
880,2,maize,2,DAP,0.001,8
880,2,maize,3,KAS,0.4,24
881,2,maize,1,PK,0.001,50
881,2,maize,2,DAP,0.001,8
881,2,maize,3,KAS,0.4,24
882,2,maize,1,PK,0.001,50
882,2,maize,2,DAP,0.001,8
882,2,maize,3,KAS,0.4,24
883,2,maize,1,PK,0.001,50
883,2,maize,2,DAP,0.001,8
883,2,maize,3,KAS,0.4,24
884,2,maize,1,PK,0.001,50
884,2,maize,2,DAP,0.001,8
884,2,maize,3,KAS,0.4,24
885,2,maize,1,PK,0.001,50
885,2,maize,2,DAP,0.001,8
885,2,maize,3,KAS,0.4,24
887,2,maize,1,PK,0.001,50
887,2,maize,2,DAP,0.001,8
887,2,maize,3,KAS,0.4,24
888,2,maize,1,PK,0.001,50
888,2,maize,2,DAP,0.001,8
888,2,maize,3,KAS,0.4,24
889,2,maize,1,PK,0.001,50
889,2,maize,2,DAP,0.001,8
889,2,maize,3,KAS,0.4,24
890,2,maize,1,PK,0.001,50
890,2,maize,2,DAP,0.001,8
890,2,maize,3,KAS,0.4,24
891,2,maize,1,PK,0.001,50
891,2,maize,2,DAP,0.001,8
891,2,maize,3,KAS,0.4,24
892,2,maize,1,PK,0.001,50
892,2,maize,2,DAP,0.001,8
892,2,maize,3,KAS,0.4,24
893,2,maize,1,PK,0.001,50
893,2,maize,2,DAP,0.001,8
893,2,maize,3,KAS,0.4,24
894,2,maize,1,PK,0.001,50
894,2,maize,2,DAP,0.001,8
894,2,maize,3,KAS,0.4,24
895,2,maize,1,PK,0.001,50
895,2,maize,2,DAP,0.001,8
895,2,maize,3,KAS,0.4,24
896,2,maize,1,PK,0.001,50
896,2,maize,2,DAP,0.001,8
896,2,maize,3,KAS,0.4,24
897,2,maize,1,PK,0.001,50
897,2,maize,2,DAP,0.001,8
897,2,maize,3,KAS,0.4,24
898,2,maize,1,PK,0.001,50
898,2,maize,2,DAP,0.001,8
898,2,maize,3,KAS,0.4,24
899,2,maize,1,PK,0.001,50
899,2,maize,2,DAP,0.001,8
899,2,maize,3,KAS,0.4,24
900,2,maize,1,PK,0.001,50
900,2,maize,2,DAP,0.001,8
900,2,maize,3,KAS,0.4,24
901,2,maize,1,PK,0.001,50
901,2,maize,2,DAP,0.001,8
901,2,maize,3,KAS,0.4,24
902,2,maize,1,PK,0.001,50
902,2,maize,2,DAP,0.001,8
902,2,maize,3,KAS,0.4,24
903,2,maize,1,PK,0.001,50
903,2,maize,2,DAP,0.001,8
903,2,maize,3,KAS,0.4,24
904,2,maize,1,PK,0.001,50
904,2,maize,2,DAP,0.001,8
904,2,maize,3,KAS,0.4,24
905,2,maize,1,PK,0.001,50
905,2,maize,2,DAP,0.001,8
905,2,maize,3,KAS,0.4,24
906,2,maize,1,PK,0.001,50
906,2,maize,2,DAP,0.001,8
906,2,maize,3,KAS,0.4,24
907,2,maize,1,PK,0.001,50
907,2,maize,2,DAP,0.001,8
907,2,maize,3,KAS,0.4,24
908,2,maize,1,PK,0.001,50
908,2,maize,2,DAP,0.001,8
908,2,maize,3,KAS,0.4,24
909,2,maize,1,PK,0.001,50
909,2,maize,2,DAP,0.001,8
909,2,maize,3,KAS,0.4,24
910,2,maize,1,PK,0.001,50
910,2,maize,2,DAP,0.001,8
910,2,maize,3,KAS,0.4,24
911,2,maize,1,PK,0.001,50
911,2,maize,2,DAP,0.001,8
911,2,maize,3,KAS,0.4,24
912,2,maize,1,PK,0.001,50
912,2,maize,2,DAP,0.001,8
912,2,maize,3,KAS,0.4,24
913,2,maize,1,PK,0.001,50
913,2,maize,2,DAP,0.001,8
913,2,maize,3,KAS,0.4,24
914,2,maize,1,PK,0.001,50
914,2,maize,2,DAP,0.001,8
914,2,maize,3,KAS,0.4,24
915,2,maize,1,PK,0.001,50
915,2,maize,2,DAP,0.001,8
915,2,maize,3,KAS,0.4,24
916,2,maize,1,PK,0.001,50
916,2,maize,2,DAP,0.001,8
916,2,maize,3,KAS,0.4,24
917,2,maize,1,PK,0.001,50
917,2,maize,2,DAP,0.001,8
917,2,maize,3,KAS,0.4,24
918,2,maize,1,PK,0.001,50
918,2,maize,2,DAP,0.001,8
918,2,maize,3,KAS,0.4,24
919,2,maize,1,PK,0.001,50
919,2,maize,2,DAP,0.001,8
919,2,maize,3,KAS,0.4,24
920,2,maize,1,PK,0.001,50
920,2,maize,2,DAP,0.001,8
920,2,maize,3,KAS,0.4,24
921,2,maize,1,PK,0.001,50
921,2,maize,2,DAP,0.001,8
921,2,maize,3,KAS,0.4,24
922,2,maize,1,PK,0.001,50
922,2,maize,2,DAP,0.001,8
922,2,maize,3,KAS,0.4,24
923,2,maize,1,PK,0.001,50
923,2,maize,2,DAP,0.001,8
923,2,maize,3,KAS,0.4,24
924,2,maize,1,PK,0.001,50
924,2,maize,2,DAP,0.001,8
924,2,maize,3,KAS,0.4,24
925,2,maize,1,PK,0.001,50
925,2,maize,2,DAP,0.001,8
925,2,maize,3,KAS,0.4,24
926,2,maize,1,PK,0.001,50
926,2,maize,2,DAP,0.001,8
926,2,maize,3,KAS,0.4,24
927,2,maize,1,PK,0.001,50
927,2,maize,2,DAP,0.001,8
927,2,maize,3,KAS,0.4,24
928,2,maize,1,PK,0.001,50
928,2,maize,2,DAP,0.001,8
928,2,maize,3,KAS,0.4,24
929,2,maize,1,PK,0.001,50
929,2,maize,2,DAP,0.001,8
929,2,maize,3,KAS,0.4,24
930,2,maize,1,PK,0.001,50
930,2,maize,2,DAP,0.001,8
930,2,maize,3,KAS,0.4,24
931,2,maize,1,PK,0.001,50
931,2,maize,2,DAP,0.001,8
931,2,maize,3,KAS,0.4,24
932,2,maize,1,PK,0.001,50
932,2,maize,2,DAP,0.001,8
932,2,maize,3,KAS,0.4,24
933,2,maize,1,PK,0.001,50
933,2,maize,2,DAP,0.001,8
933,2,maize,3,KAS,0.4,24
934,2,maize,1,PK,0.001,50
934,2,maize,2,DAP,0.001,8
934,2,maize,3,KAS,0.4,24
935,2,maize,1,PK,0.001,50
935,2,maize,2,DAP,0.001,8
935,2,maize,3,KAS,0.4,24
936,2,maize,1,PK,0.001,50
936,2,maize,2,DAP,0.001,8
936,2,maize,3,KAS,0.4,24
937,2,maize,1,PK,0.001,50
937,2,maize,2,DAP,0.001,8
937,2,maize,3,KAS,0.4,24
938,2,maize,1,PK,0.001,50
938,2,maize,2,DAP,0.001,8
938,2,maize,3,KAS,0.4,24
939,2,maize,1,PK,0.001,50
939,2,maize,2,DAP,0.001,8
939,2,maize,3,KAS,0.4,24
2370,2,maize,1,PK,0.001,50
2370,2,maize,2,DAP,0.001,8
2370,2,maize,3,KAS,0.4,24
2371,2,maize,1,PK,0.001,50
2371,2,maize,2,DAP,0.001,8
2371,2,maize,3,KAS,0.4,24
2372,2,maize,1,PK,0.001,50
2372,2,maize,2,DAP,0.001,8
2372,2,maize,3,KAS,0.4,24
2373,2,maize,1,PK,0.001,50
2373,2,maize,2,DAP,0.001,8
2373,2,maize,3,KAS,0.4,24
2374,2,maize,1,PK,0.001,50
2374,2,maize,2,DAP,0.001,8
2374,2,maize,3,KAS,0.4,24
2375,2,maize,1,PK,0.001,50
2375,2,maize,2,DAP,0.001,8
2375,2,maize,3,KAS,0.4,24
2376,2,maize,1,PK,0.001,50
2376,2,maize,2,DAP,0.001,8
2376,2,maize,3,KAS,0.4,24
2377,2,maize,1,PK,0.001,50
2377,2,maize,2,DAP,0.001,8
2377,2,maize,3,KAS,0.4,24
2378,2,maize,1,PK,0.001,50
2378,2,maize,2,DAP,0.001,8
2378,2,maize,3,KAS,0.4,24
2379,2,maize,1,PK,0.001,50
2379,2,maize,2,DAP,0.001,8
2379,2,maize,3,KAS,0.4,24
2380,2,maize,1,PK,0.001,50
2380,2,maize,2,DAP,0.001,8
2380,2,maize,3,KAS,0.4,24
2381,2,maize,1,PK,0.001,50
2381,2,maize,2,DAP,0.001,8
2381,2,maize,3,KAS,0.4,24
2382,2,maize,1,PK,0.001,50
2382,2,maize,2,DAP,0.001,8
2382,2,maize,3,KAS,0.4,24
2383,2,maize,1,PK,0.001,50
2383,2,maize,2,DAP,0.001,8
2383,2,maize,3,KAS,0.4,24
2384,2,maize,1,PK,0.001,50
2384,2,maize,2,DAP,0.001,8
2384,2,maize,3,KAS,0.4,24
2385,2,maize,1,PK,0.001,50
2385,2,maize,2,DAP,0.001,8
2385,2,maize,3,KAS,0.4,24
2386,2,maize,1,PK,0.001,50
2386,2,maize,2,DAP,0.001,8
2386,2,maize,3,KAS,0.4,24
2387,2,maize,1,PK,0.001,50
2387,2,maize,2,DAP,0.001,8
2387,2,maize,3,KAS,0.4,24
2388,2,maize,1,PK,0.001,50
2388,2,maize,2,DAP,0.001,8
2388,2,maize,3,KAS,0.4,24
2389,2,maize,1,PK,0.001,50
2389,2,maize,2,DAP,0.001,8
2389,2,maize,3,KAS,0.4,24
2390,2,maize,1,PK,0.001,50
2390,2,maize,2,DAP,0.001,8
2390,2,maize,3,KAS,0.4,24
2391,2,maize,1,PK,0.001,50
2391,2,maize,2,DAP,0.001,8
2391,2,maize,3,KAS,0.4,24
2392,2,maize,1,PK,0.001,50
2392,2,maize,2,DAP,0.001,8
2392,2,maize,3,KAS,0.4,24
2393,2,maize,1,PK,0.001,50
2393,2,maize,2,DAP,0.001,8
2393,2,maize,3,KAS,0.4,24
2394,2,maize,1,PK,0.001,50
2394,2,maize,2,DAP,0.001,8
2394,2,maize,3,KAS,0.4,24
2395,2,maize,1,PK,0.001,50
2395,2,maize,2,DAP,0.001,8
2395,2,maize,3,KAS,0.4,24
2396,2,maize,1,PK,0.001,50
2396,2,maize,2,DAP,0.001,8
2396,2,maize,3,KAS,0.4,24
2397,2,maize,1,PK,0.001,50
2397,2,maize,2,DAP,0.001,8
2397,2,maize,3,KAS,0.4,24
2398,2,maize,1,PK,0.001,50
2398,2,maize,2,DAP,0.001,8
2398,2,maize,3,KAS,0.4,24
2399,2,maize,1,PK,0.001,50
2399,2,maize,2,DAP,0.001,8
2399,2,maize,3,KAS,0.4,24
2400,2,maize,1,PK,0.001,50
2400,2,maize,2,DAP,0.001,8
2400,2,maize,3,KAS,0.4,24
2401,2,maize,1,PK,0.001,50
2401,2,maize,2,DAP,0.001,8
2401,2,maize,3,KAS,0.4,24
2402,2,maize,1,PK,0.001,50
2402,2,maize,2,DAP,0.001,8
2402,2,maize,3,KAS,0.4,24
2403,2,maize,1,PK,0.001,50
2403,2,maize,2,DAP,0.001,8
2403,2,maize,3,KAS,0.4,24
2404,2,maize,1,PK,0.001,50
2404,2,maize,2,DAP,0.001,8
2404,2,maize,3,KAS,0.4,24
2405,2,maize,1,PK,0.001,50
2405,2,maize,2,DAP,0.001,8
2405,2,maize,3,KAS,0.4,24
2406,2,maize,1,PK,0.001,50
2406,2,maize,2,DAP,0.001,8
2406,2,maize,3,KAS,0.4,24
2407,2,maize,1,PK,0.001,50
2407,2,maize,2,DAP,0.001,8
2407,2,maize,3,KAS,0.4,24
2408,2,maize,1,PK,0.001,50
2408,2,maize,2,DAP,0.001,8
2408,2,maize,3,KAS,0.4,24
2409,2,maize,1,PK,0.001,50
2409,2,maize,2,DAP,0.001,8
2409,2,maize,3,KAS,0.4,24
2410,2,maize,1,PK,0.001,50
2410,2,maize,2,DAP,0.001,8
2410,2,maize,3,KAS,0.4,24
2411,2,maize,1,PK,0.001,50
2411,2,maize,2,DAP,0.001,8
2411,2,maize,3,KAS,0.4,24
2412,2,maize,1,PK,0.001,50
2412,2,maize,2,DAP,0.001,8
2412,2,maize,3,KAS,0.4,24
2413,2,maize,1,PK,0.001,50
2413,2,maize,2,DAP,0.001,8
2413,2,maize,3,KAS,0.4,24
2414,2,maize,1,PK,0.001,50
2414,2,maize,2,DAP,0.001,8
2414,2,maize,3,KAS,0.4,24
2415,2,maize,1,PK,0.001,50
2415,2,maize,2,DAP,0.001,8
2415,2,maize,3,KAS,0.4,24
2416,2,maize,1,PK,0.001,50
2416,2,maize,2,DAP,0.001,8
2416,2,maize,3,KAS,0.4,24
2417,2,maize,1,PK,0.001,50
2417,2,maize,2,DAP,0.001,8
2417,2,maize,3,KAS,0.4,24
2418,2,maize,1,PK,0.001,50
2418,2,maize,2,DAP,0.001,8
2418,2,maize,3,KAS,0.4,24
2419,2,maize,1,PK,0.001,50
2419,2,maize,2,DAP,0.001,8
2419,2,maize,3,KAS,0.4,24
2420,2,maize,1,PK,0.001,50
2420,2,maize,2,DAP,0.001,8
2420,2,maize,3,KAS,0.4,24
2421,2,maize,1,PK,0.001,50
2421,2,maize,2,DAP,0.001,8
2421,2,maize,3,KAS,0.4,24
2422,2,maize,1,PK,0.001,50
2422,2,maize,2,DAP,0.001,8
2422,2,maize,3,KAS,0.4,24
2423,2,maize,1,PK,0.001,50
2423,2,maize,2,DAP,0.001,8
2423,2,maize,3,KAS,0.4,24
2424,2,maize,1,PK,0.001,50
2424,2,maize,2,DAP,0.001,8
2424,2,maize,3,KAS,0.4,24
2425,2,maize,1,PK,0.001,50
2425,2,maize,2,DAP,0.001,8
2425,2,maize,3,KAS,0.4,24
2426,2,maize,1,PK,0.001,50
2426,2,maize,2,DAP,0.001,8
2426,2,maize,3,KAS,0.4,24
2427,2,maize,1,PK,0.001,50
2427,2,maize,2,DAP,0.001,8
2427,2,maize,3,KAS,0.4,24
2428,2,maize,1,PK,0.001,50
2428,2,maize,2,DAP,0.001,8
2428,2,maize,3,KAS,0.4,24
2429,2,maize,1,PK,0.001,50
2429,2,maize,2,DAP,0.001,8
2429,2,maize,3,KAS,0.4,24
2430,2,maize,1,PK,0.001,50
2430,2,maize,2,DAP,0.001,8
2430,2,maize,3,KAS,0.4,24
2431,2,maize,1,PK,0.001,50
2431,2,maize,2,DAP,0.001,8
2431,2,maize,3,KAS,0.4,24
2432,2,maize,1,PK,0.001,50
2432,2,maize,2,DAP,0.001,8
2432,2,maize,3,KAS,0.4,24
2433,2,maize,1,PK,0.001,50
2433,2,maize,2,DAP,0.001,8
2433,2,maize,3,KAS,0.4,24
2434,2,maize,1,PK,0.001,50
2434,2,maize,2,DAP,0.001,8
2434,2,maize,3,KAS,0.4,24
2435,2,maize,1,PK,0.001,50
2435,2,maize,2,DAP,0.001,8
2435,2,maize,3,KAS,0.4,24
2436,2,maize,1,PK,0.001,50
2436,2,maize,2,DAP,0.001,8
2436,2,maize,3,KAS,0.4,24
2437,2,maize,1,PK,0.001,50
2437,2,maize,2,DAP,0.001,8
2437,2,maize,3,KAS,0.4,24
2438,2,maize,1,PK,0.001,50
2438,2,maize,2,DAP,0.001,8
2438,2,maize,3,KAS,0.4,24
2439,2,maize,1,PK,0.001,50
2439,2,maize,2,DAP,0.001,8
2439,2,maize,3,KAS,0.4,24
2440,2,maize,1,PK,0.001,50
2440,2,maize,2,DAP,0.001,8
2440,2,maize,3,KAS,0.4,24
2441,2,maize,1,PK,0.001,50
2441,2,maize,2,DAP,0.001,8
2441,2,maize,3,KAS,0.4,24
2442,2,maize,1,PK,0.001,50
2442,2,maize,2,DAP,0.001,8
2442,2,maize,3,KAS,0.4,24
2443,2,maize,1,PK,0.001,50
2443,2,maize,2,DAP,0.001,8
2443,2,maize,3,KAS,0.4,24
2444,2,maize,1,PK,0.001,50
2444,2,maize,2,DAP,0.001,8
2444,2,maize,3,KAS,0.4,24
2445,2,maize,1,PK,0.001,50
2445,2,maize,2,DAP,0.001,8
2445,2,maize,3,KAS,0.4,24
2446,2,maize,1,PK,0.001,50
2446,2,maize,2,DAP,0.001,8
2446,2,maize,3,KAS,0.4,24
2447,2,maize,1,PK,0.001,50
2447,2,maize,2,DAP,0.001,8
2447,2,maize,3,KAS,0.4,24
2448,2,maize,1,PK,0.001,50
2448,2,maize,2,DAP,0.001,8
2448,2,maize,3,KAS,0.4,24
2449,2,maize,1,PK,0.001,50
2449,2,maize,2,DAP,0.001,8
2449,2,maize,3,KAS,0.4,24
2450,2,maize,1,PK,0.001,50
2450,2,maize,2,DAP,0.001,8
2450,2,maize,3,KAS,0.4,24
2451,2,maize,1,PK,0.001,50
2451,2,maize,2,DAP,0.001,8
2451,2,maize,3,KAS,0.4,24
2452,2,maize,1,PK,0.001,50
2452,2,maize,2,DAP,0.001,8
2452,2,maize,3,KAS,0.4,24
2453,2,maize,1,PK,0.001,50
2453,2,maize,2,DAP,0.001,8
2453,2,maize,3,KAS,0.4,24
2454,2,maize,1,PK,0.001,50
2454,2,maize,2,DAP,0.001,8
2454,2,maize,3,KAS,0.4,24
2455,2,maize,1,PK,0.001,50
2455,2,maize,2,DAP,0.001,8
2455,2,maize,3,KAS,0.4,24
2456,2,maize,1,PK,0.001,50
2456,2,maize,2,DAP,0.001,8
2456,2,maize,3,KAS,0.4,24
2457,2,maize,1,PK,0.001,50
2457,2,maize,2,DAP,0.001,8
2457,2,maize,3,KAS,0.4,24
2458,2,maize,1,PK,0.001,50
2458,2,maize,2,DAP,0.001,8
2458,2,maize,3,KAS,0.4,24
2459,2,maize,1,PK,0.001,50
2459,2,maize,2,DAP,0.001,8
2459,2,maize,3,KAS,0.4,24
2460,2,maize,1,PK,0.001,50
2460,2,maize,2,DAP,0.001,8
2460,2,maize,3,KAS,0.4,24
2461,2,maize,1,PK,0.001,50
2461,2,maize,2,DAP,0.001,8
2461,2,maize,3,KAS,0.4,24
2462,2,maize,1,PK,0.001,50
2462,2,maize,2,DAP,0.001,8
2462,2,maize,3,KAS,0.4,24
2463,2,maize,1,PK,0.001,50
2463,2,maize,2,DAP,0.001,8
2463,2,maize,3,KAS,0.4,24
2464,2,maize,1,PK,0.001,50
2464,2,maize,2,DAP,0.001,8
2464,2,maize,3,KAS,0.4,24
2465,2,maize,1,PK,0.001,50
2465,2,maize,2,DAP,0.001,8
2465,2,maize,3,KAS,0.4,24
2466,2,maize,1,PK,0.001,50
2466,2,maize,2,DAP,0.001,8
2466,2,maize,3,KAS,0.4,24
2467,2,maize,1,PK,0.001,50
2467,2,maize,2,DAP,0.001,8
2467,2,maize,3,KAS,0.4,24
2468,2,maize,1,PK,0.001,50
2468,2,maize,2,DAP,0.001,8
2468,2,maize,3,KAS,0.4,24
2469,2,maize,1,PK,0.001,50
2469,2,maize,2,DAP,0.001,8
2469,2,maize,3,KAS,0.4,24
2470,2,maize,1,PK,0.001,50
2470,2,maize,2,DAP,0.001,8
2470,2,maize,3,KAS,0.4,24
2471,2,maize,1,PK,0.001,50
2471,2,maize,2,DAP,0.001,8
2471,2,maize,3,KAS,0.4,24
2472,2,maize,1,PK,0.001,50
2472,2,maize,2,DAP,0.001,8
2472,2,maize,3,KAS,0.4,24
2473,2,maize,1,PK,0.001,50
2473,2,maize,2,DAP,0.001,8
2473,2,maize,3,KAS,0.4,24
2474,2,maize,1,PK,0.001,50
2474,2,maize,2,DAP,0.001,8
2474,2,maize,3,KAS,0.4,24
2475,2,maize,1,PK,0.001,50
2475,2,maize,2,DAP,0.001,8
2475,2,maize,3,KAS,0.4,24
2476,2,maize,1,PK,0.001,50
2476,2,maize,2,DAP,0.001,8
2476,2,maize,3,KAS,0.4,24
2477,2,maize,1,PK,0.001,50
2477,2,maize,2,DAP,0.001,8
2477,2,maize,3,KAS,0.4,24
2478,2,maize,1,PK,0.001,50
2478,2,maize,2,DAP,0.001,8
2478,2,maize,3,KAS,0.4,24
2479,2,maize,1,PK,0.001,50
2479,2,maize,2,DAP,0.001,8
2479,2,maize,3,KAS,0.4,24
2480,2,maize,1,PK,0.001,50
2480,2,maize,2,DAP,0.001,8
2480,2,maize,3,KAS,0.4,24
2481,2,maize,1,PK,0.001,50
2481,2,maize,2,DAP,0.001,8
2481,2,maize,3,KAS,0.4,24
2482,2,maize,1,PK,0.001,50
2482,2,maize,2,DAP,0.001,8
2482,2,maize,3,KAS,0.4,24
2483,2,maize,1,PK,0.001,50
2483,2,maize,2,DAP,0.001,8
2483,2,maize,3,KAS,0.4,24
2484,2,maize,1,PK,0.001,50
2484,2,maize,2,DAP,0.001,8
2484,2,maize,3,KAS,0.4,24
2485,2,maize,1,PK,0.001,50
2485,2,maize,2,DAP,0.001,8
2485,2,maize,3,KAS,0.4,24
2486,2,maize,1,PK,0.001,50
2486,2,maize,2,DAP,0.001,8
2486,2,maize,3,KAS,0.4,24
2487,2,maize,1,PK,0.001,50
2487,2,maize,2,DAP,0.001,8
2487,2,maize,3,KAS,0.4,24
2488,2,maize,1,PK,0.001,50
2488,2,maize,2,DAP,0.001,8
2488,2,maize,3,KAS,0.4,24
2489,2,maize,1,PK,0.001,50
2489,2,maize,2,DAP,0.001,8
2489,2,maize,3,KAS,0.4,24
2490,2,maize,1,PK,0.001,50
2490,2,maize,2,DAP,0.001,8
2490,2,maize,3,KAS,0.4,24
2491,2,maize,1,PK,0.001,50
2491,2,maize,2,DAP,0.001,8
2491,2,maize,3,KAS,0.4,24
2492,2,maize,1,PK,0.001,50
2492,2,maize,2,DAP,0.001,8
2492,2,maize,3,KAS,0.4,24
2493,2,maize,1,PK,0.001,50
2493,2,maize,2,DAP,0.001,8
2493,2,maize,3,KAS,0.4,24
2494,2,maize,1,PK,0.001,50
2494,2,maize,2,DAP,0.001,8
2494,2,maize,3,KAS,0.4,24
2495,2,maize,1,PK,0.001,50
2495,2,maize,2,DAP,0.001,8
2495,2,maize,3,KAS,0.4,24
2496,2,maize,1,PK,0.001,50
2496,2,maize,2,DAP,0.001,8
2496,2,maize,3,KAS,0.4,24
2497,2,maize,1,PK,0.001,50
2497,2,maize,2,DAP,0.001,8
2497,2,maize,3,KAS,0.4,24
2498,2,maize,1,PK,0.001,50
2498,2,maize,2,DAP,0.001,8
2498,2,maize,3,KAS,0.4,24
2499,2,maize,1,PK,0.001,50
2499,2,maize,2,DAP,0.001,8
2499,2,maize,3,KAS,0.4,24
2500,2,maize,1,PK,0.001,50
2500,2,maize,2,DAP,0.001,8
2500,2,maize,3,KAS,0.4,24
2501,2,maize,1,PK,0.001,50
2501,2,maize,2,DAP,0.001,8
2501,2,maize,3,KAS,0.4,24
2502,2,maize,1,PK,0.001,50
2502,2,maize,2,DAP,0.001,8
2502,2,maize,3,KAS,0.4,24
2503,2,maize,1,PK,0.001,50
2503,2,maize,2,DAP,0.001,8
2503,2,maize,3,KAS,0.4,24
2504,2,maize,1,PK,0.001,50
2504,2,maize,2,DAP,0.001,8
2504,2,maize,3,KAS,0.4,24
2505,2,maize,1,PK,0.001,50
2505,2,maize,2,DAP,0.001,8
2505,2,maize,3,KAS,0.4,24
2506,2,maize,1,PK,0.001,50
2506,2,maize,2,DAP,0.001,8
2506,2,maize,3,KAS,0.4,24
2507,2,maize,1,PK,0.001,50
2507,2,maize,2,DAP,0.001,8
2507,2,maize,3,KAS,0.4,24
2508,2,maize,1,PK,0.001,50
2508,2,maize,2,DAP,0.001,8
2508,2,maize,3,KAS,0.4,24
2509,2,maize,1,PK,0.001,50
2509,2,maize,2,DAP,0.001,8
2509,2,maize,3,KAS,0.4,24
2510,2,maize,1,PK,0.001,50
2510,2,maize,2,DAP,0.001,8
2510,2,maize,3,KAS,0.4,24
2511,2,maize,1,PK,0.001,50
2511,2,maize,2,DAP,0.001,8
2511,2,maize,3,KAS,0.4,24
2512,2,maize,1,PK,0.001,50
2512,2,maize,2,DAP,0.001,8
2512,2,maize,3,KAS,0.4,24
2513,2,maize,1,PK,0.001,50
2513,2,maize,2,DAP,0.001,8
2513,2,maize,3,KAS,0.4,24
2514,2,maize,1,PK,0.001,50
2514,2,maize,2,DAP,0.001,8
2514,2,maize,3,KAS,0.4,24
2515,2,maize,1,PK,0.001,50
2515,2,maize,2,DAP,0.001,8
2515,2,maize,3,KAS,0.4,24
2516,2,maize,1,PK,0.001,50
2516,2,maize,2,DAP,0.001,8
2516,2,maize,3,KAS,0.4,24
2517,2,maize,1,PK,0.001,50
2517,2,maize,2,DAP,0.001,8
2517,2,maize,3,KAS,0.4,24
2518,2,maize,1,PK,0.001,50
2518,2,maize,2,DAP,0.001,8
2518,2,maize,3,KAS,0.4,24
2519,2,maize,1,PK,0.001,50
2519,2,maize,2,DAP,0.001,8
2519,2,maize,3,KAS,0.4,24
2520,2,maize,1,PK,0.001,50
2520,2,maize,2,DAP,0.001,8
2520,2,maize,3,KAS,0.4,24
2521,2,maize,1,PK,0.001,50
2521,2,maize,2,DAP,0.001,8
2521,2,maize,3,KAS,0.4,24
2522,2,maize,1,PK,0.001,50
2522,2,maize,2,DAP,0.001,8
2522,2,maize,3,KAS,0.4,24
2523,2,maize,1,PK,0.001,50
2523,2,maize,2,DAP,0.001,8
2523,2,maize,3,KAS,0.4,24
2524,2,maize,1,PK,0.001,50
2524,2,maize,2,DAP,0.001,8
2524,2,maize,3,KAS,0.4,24
2525,2,maize,1,PK,0.001,50
2525,2,maize,2,DAP,0.001,8
2525,2,maize,3,KAS,0.4,24
2526,2,maize,1,PK,0.001,50
2526,2,maize,2,DAP,0.001,8
2526,2,maize,3,KAS,0.4,24
2527,2,maize,1,PK,0.001,50
2527,2,maize,2,DAP,0.001,8
2527,2,maize,3,KAS,0.4,24
2528,2,maize,1,PK,0.001,50
2528,2,maize,2,DAP,0.001,8
2528,2,maize,3,KAS,0.4,24
2530,2,maize,1,PK,0.001,50
2530,2,maize,2,DAP,0.001,8
2530,2,maize,3,KAS,0.4,24
2531,2,maize,1,PK,0.001,50
2531,2,maize,2,DAP,0.001,8
2531,2,maize,3,KAS,0.4,24
2532,2,maize,1,PK,0.001,50
2532,2,maize,2,DAP,0.001,8
2532,2,maize,3,KAS,0.4,24
2533,2,maize,1,PK,0.001,50
2533,2,maize,2,DAP,0.001,8
2533,2,maize,3,KAS,0.4,24
2534,2,maize,1,PK,0.001,50
2534,2,maize,2,DAP,0.001,8
2534,2,maize,3,KAS,0.4,24
2535,2,maize,1,PK,0.001,50
2535,2,maize,2,DAP,0.001,8
2535,2,maize,3,KAS,0.4,24
2536,2,maize,1,PK,0.001,50
2536,2,maize,2,DAP,0.001,8
2536,2,maize,3,KAS,0.4,24
2537,2,maize,1,PK,0.001,50
2537,2,maize,2,DAP,0.001,8
2537,2,maize,3,KAS,0.4,24
2538,2,maize,1,PK,0.001,50
2538,2,maize,2,DAP,0.001,8
2538,2,maize,3,KAS,0.4,24
2539,2,maize,1,PK,0.001,50
2539,2,maize,2,DAP,0.001,8
2539,2,maize,3,KAS,0.4,24
2540,2,maize,1,PK,0.001,50
2540,2,maize,2,DAP,0.001,8
2540,2,maize,3,KAS,0.4,24
2541,2,maize,1,PK,0.001,50
2541,2,maize,2,DAP,0.001,8
2541,2,maize,3,KAS,0.4,24
2542,2,maize,1,PK,0.001,50
2542,2,maize,2,DAP,0.001,8
2542,2,maize,3,KAS,0.4,24
2543,2,maize,1,PK,0.001,50
2543,2,maize,2,DAP,0.001,8
2543,2,maize,3,KAS,0.4,24
2544,2,maize,1,PK,0.001,50
2544,2,maize,2,DAP,0.001,8
2544,2,maize,3,KAS,0.4,24
2545,2,maize,1,PK,0.001,50
2545,2,maize,2,DAP,0.001,8
2545,2,maize,3,KAS,0.4,24
2546,2,maize,1,PK,0.001,50
2546,2,maize,2,DAP,0.001,8
2546,2,maize,3,KAS,0.4,24
2547,2,maize,1,PK,0.001,50
2547,2,maize,2,DAP,0.001,8
2547,2,maize,3,KAS,0.4,24
2548,2,maize,1,PK,0.001,50
2548,2,maize,2,DAP,0.001,8
2548,2,maize,3,KAS,0.4,24
2549,2,maize,1,PK,0.001,50
2549,2,maize,2,DAP,0.001,8
2549,2,maize,3,KAS,0.4,24
2550,2,maize,1,PK,0.001,50
2550,2,maize,2,DAP,0.001,8
2550,2,maize,3,KAS,0.4,24
2553,2,maize,1,PK,0.001,50
2553,2,maize,2,DAP,0.001,8
2553,2,maize,3,KAS,0.4,24
2554,2,maize,1,PK,0.001,50
2554,2,maize,2,DAP,0.001,8
2554,2,maize,3,KAS,0.4,24
2555,2,maize,1,PK,0.001,50
2555,2,maize,2,DAP,0.001,8
2555,2,maize,3,KAS,0.4,24
2556,2,maize,1,PK,0.001,50
2556,2,maize,2,DAP,0.001,8
2556,2,maize,3,KAS,0.4,24
2557,2,maize,1,PK,0.001,50
2557,2,maize,2,DAP,0.001,8
2557,2,maize,3,KAS,0.4,24
2558,2,maize,1,PK,0.001,50
2558,2,maize,2,DAP,0.001,8
2558,2,maize,3,KAS,0.4,24
2559,2,maize,1,PK,0.001,50
2559,2,maize,2,DAP,0.001,8
2559,2,maize,3,KAS,0.4,24
2560,2,maize,1,PK,0.001,50
2560,2,maize,2,DAP,0.001,8
2560,2,maize,3,KAS,0.4,24
2561,2,maize,1,PK,0.001,50
2561,2,maize,2,DAP,0.001,8
2561,2,maize,3,KAS,0.4,24
2562,2,maize,1,PK,0.001,50
2562,2,maize,2,DAP,0.001,8
2562,2,maize,3,KAS,0.4,24
2563,2,maize,1,PK,0.001,50
2563,2,maize,2,DAP,0.001,8
2563,2,maize,3,KAS,0.4,24
2564,2,maize,1,PK,0.001,50
2564,2,maize,2,DAP,0.001,8
2564,2,maize,3,KAS,0.4,24
2565,2,maize,1,PK,0.001,50
2565,2,maize,2,DAP,0.001,8
2565,2,maize,3,KAS,0.4,24
2566,2,maize,1,PK,0.001,50
2566,2,maize,2,DAP,0.001,8
2566,2,maize,3,KAS,0.4,24
2567,2,maize,1,PK,0.001,50
2567,2,maize,2,DAP,0.001,8
2567,2,maize,3,KAS,0.4,24
2568,2,maize,1,PK,0.001,50
2568,2,maize,2,DAP,0.001,8
2568,2,maize,3,KAS,0.4,24
2569,2,maize,1,PK,0.001,50
2569,2,maize,2,DAP,0.001,8
2569,2,maize,3,KAS,0.4,24
2570,2,maize,1,PK,0.001,50
2570,2,maize,2,DAP,0.001,8
2570,2,maize,3,KAS,0.4,24
2571,2,maize,1,PK,0.001,50
2571,2,maize,2,DAP,0.001,8
2571,2,maize,3,KAS,0.4,24
2572,2,maize,1,PK,0.001,50
2572,2,maize,2,DAP,0.001,8
2572,2,maize,3,KAS,0.4,24
2573,2,maize,1,PK,0.001,50
2573,2,maize,2,DAP,0.001,8
2573,2,maize,3,KAS,0.4,24
2574,2,maize,1,PK,0.001,50
2574,2,maize,2,DAP,0.001,8
2574,2,maize,3,KAS,0.4,24
2576,2,maize,1,PK,0.001,50
2576,2,maize,2,DAP,0.001,8
2576,2,maize,3,KAS,0.4,24
2577,2,maize,1,PK,0.001,50
2577,2,maize,2,DAP,0.001,8
2577,2,maize,3,KAS,0.4,24
2578,2,maize,1,PK,0.001,50
2578,2,maize,2,DAP,0.001,8
2578,2,maize,3,KAS,0.4,24
2579,2,maize,1,PK,0.001,50
2579,2,maize,2,DAP,0.001,8
2579,2,maize,3,KAS,0.4,24
2580,2,maize,1,PK,0.001,50
2580,2,maize,2,DAP,0.001,8
2580,2,maize,3,KAS,0.4,24
2581,2,maize,1,PK,0.001,50
2581,2,maize,2,DAP,0.001,8
2581,2,maize,3,KAS,0.4,24
2582,2,maize,1,PK,0.001,50
2582,2,maize,2,DAP,0.001,8
2582,2,maize,3,KAS,0.4,24
2583,2,maize,1,PK,0.001,50
2583,2,maize,2,DAP,0.001,8
2583,2,maize,3,KAS,0.4,24
2584,2,maize,1,PK,0.001,50
2584,2,maize,2,DAP,0.001,8
2584,2,maize,3,KAS,0.4,24
2585,2,maize,1,PK,0.001,50
2585,2,maize,2,DAP,0.001,8
2585,2,maize,3,KAS,0.4,24
2586,2,maize,1,PK,0.001,50
2586,2,maize,2,DAP,0.001,8
2586,2,maize,3,KAS,0.4,24
2587,2,maize,1,PK,0.001,50
2587,2,maize,2,DAP,0.001,8
2587,2,maize,3,KAS,0.4,24
2588,2,maize,1,PK,0.001,50
2588,2,maize,2,DAP,0.001,8
2588,2,maize,3,KAS,0.4,24
2589,2,maize,1,PK,0.001,50
2589,2,maize,2,DAP,0.001,8
2589,2,maize,3,KAS,0.4,24
2590,2,maize,1,PK,0.001,50
2590,2,maize,2,DAP,0.001,8
2590,2,maize,3,KAS,0.4,24
2591,2,maize,1,PK,0.001,50
2591,2,maize,2,DAP,0.001,8
2591,2,maize,3,KAS,0.4,24
2592,2,maize,1,PK,0.001,50
2592,2,maize,2,DAP,0.001,8
2592,2,maize,3,KAS,0.4,24
2593,2,maize,1,PK,0.001,50
2593,2,maize,2,DAP,0.001,8
2593,2,maize,3,KAS,0.4,24
2594,2,maize,1,PK,0.001,50
2594,2,maize,2,DAP,0.001,8
2594,2,maize,3,KAS,0.4,24
2595,2,maize,1,PK,0.001,50
2595,2,maize,2,DAP,0.001,8
2595,2,maize,3,KAS,0.4,24
2596,2,maize,1,PK,0.001,50
2596,2,maize,2,DAP,0.001,8
2596,2,maize,3,KAS,0.4,24
2597,2,maize,1,PK,0.001,50
2597,2,maize,2,DAP,0.001,8
2597,2,maize,3,KAS,0.4,24
2598,2,maize,1,PK,0.001,50
2598,2,maize,2,DAP,0.001,8
2598,2,maize,3,KAS,0.4,24
2599,2,maize,1,PK,0.001,50
2599,2,maize,2,DAP,0.001,8
2599,2,maize,3,KAS,0.4,24
2600,2,maize,1,PK,0.001,50
2600,2,maize,2,DAP,0.001,8
2600,2,maize,3,KAS,0.4,24
2601,2,maize,1,PK,0.001,50
2601,2,maize,2,DAP,0.001,8
2601,2,maize,3,KAS,0.4,24
2602,2,maize,1,PK,0.001,50
2602,2,maize,2,DAP,0.001,8
2602,2,maize,3,KAS,0.4,24
2603,2,maize,1,PK,0.001,50
2603,2,maize,2,DAP,0.001,8
2603,2,maize,3,KAS,0.4,24
2604,2,maize,1,PK,0.001,50
2604,2,maize,2,DAP,0.001,8
2604,2,maize,3,KAS,0.4,24
2605,2,maize,1,PK,0.001,50
2605,2,maize,2,DAP,0.001,8
2605,2,maize,3,KAS,0.4,24
2606,2,maize,1,PK,0.001,50
2606,2,maize,2,DAP,0.001,8
2606,2,maize,3,KAS,0.4,24
2607,2,maize,1,PK,0.001,50
2607,2,maize,2,DAP,0.001,8
2607,2,maize,3,KAS,0.4,24
2608,2,maize,1,PK,0.001,50
2608,2,maize,2,DAP,0.001,8
2608,2,maize,3,KAS,0.4,24
2609,2,maize,1,PK,0.001,50
2609,2,maize,2,DAP,0.001,8
2609,2,maize,3,KAS,0.4,24
2610,2,maize,1,PK,0.001,50
2610,2,maize,2,DAP,0.001,8
2610,2,maize,3,KAS,0.4,24
2611,2,maize,1,PK,0.001,50
2611,2,maize,2,DAP,0.001,8
2611,2,maize,3,KAS,0.4,24
2612,2,maize,1,PK,0.001,50
2612,2,maize,2,DAP,0.001,8
2612,2,maize,3,KAS,0.4,24
2613,2,maize,1,PK,0.001,50
2613,2,maize,2,DAP,0.001,8
2613,2,maize,3,KAS,0.4,24
2614,2,maize,1,PK,0.001,50
2614,2,maize,2,DAP,0.001,8
2614,2,maize,3,KAS,0.4,24
2615,2,maize,1,PK,0.001,50
2615,2,maize,2,DAP,0.001,8
2615,2,maize,3,KAS,0.4,24
2616,2,maize,1,PK,0.001,50
2616,2,maize,2,DAP,0.001,8
2616,2,maize,3,KAS,0.4,24
2617,2,maize,1,PK,0.001,50
2617,2,maize,2,DAP,0.001,8
2617,2,maize,3,KAS,0.4,24
2618,2,maize,1,PK,0.001,50
2618,2,maize,2,DAP,0.001,8
2618,2,maize,3,KAS,0.4,24
2619,2,maize,1,PK,0.001,50
2619,2,maize,2,DAP,0.001,8
2619,2,maize,3,KAS,0.4,24
2620,2,maize,1,PK,0.001,50
2620,2,maize,2,DAP,0.001,8
2620,2,maize,3,KAS,0.4,24
2621,2,maize,1,PK,0.001,50
2621,2,maize,2,DAP,0.001,8
2621,2,maize,3,KAS,0.4,24
2622,2,maize,1,PK,0.001,50
2622,2,maize,2,DAP,0.001,8
2622,2,maize,3,KAS,0.4,24
2623,2,maize,1,PK,0.001,50
2623,2,maize,2,DAP,0.001,8
2623,2,maize,3,KAS,0.4,24
2624,2,maize,1,PK,0.001,50
2624,2,maize,2,DAP,0.001,8
2624,2,maize,3,KAS,0.4,24
2625,2,maize,1,PK,0.001,50
2625,2,maize,2,DAP,0.001,8
2625,2,maize,3,KAS,0.4,24
2626,2,maize,1,PK,0.001,50
2626,2,maize,2,DAP,0.001,8
2626,2,maize,3,KAS,0.4,24
2627,2,maize,1,PK,0.001,50
2627,2,maize,2,DAP,0.001,8
2627,2,maize,3,KAS,0.4,24
2628,2,maize,1,PK,0.001,50
2628,2,maize,2,DAP,0.001,8
2628,2,maize,3,KAS,0.4,24
2629,2,maize,1,PK,0.001,50
2629,2,maize,2,DAP,0.001,8
2629,2,maize,3,KAS,0.4,24
2630,2,maize,1,PK,0.001,50
2630,2,maize,2,DAP,0.001,8
2630,2,maize,3,KAS,0.4,24
2631,2,maize,1,PK,0.001,50
2631,2,maize,2,DAP,0.001,8
2631,2,maize,3,KAS,0.4,24
2632,2,maize,1,PK,0.001,50
2632,2,maize,2,DAP,0.001,8
2632,2,maize,3,KAS,0.4,24
2633,2,maize,1,PK,0.001,50
2633,2,maize,2,DAP,0.001,8
2633,2,maize,3,KAS,0.4,24
2634,2,maize,1,PK,0.001,50
2634,2,maize,2,DAP,0.001,8
2634,2,maize,3,KAS,0.4,24
2635,2,maize,1,PK,0.001,50
2635,2,maize,2,DAP,0.001,8
2635,2,maize,3,KAS,0.4,24
2636,2,maize,1,PK,0.001,50
2636,2,maize,2,DAP,0.001,8
2636,2,maize,3,KAS,0.4,24
2637,2,maize,1,PK,0.001,50
2637,2,maize,2,DAP,0.001,8
2637,2,maize,3,KAS,0.4,24
2638,2,maize,1,PK,0.001,50
2638,2,maize,2,DAP,0.001,8
2638,2,maize,3,KAS,0.4,24
2639,2,maize,1,PK,0.001,50
2639,2,maize,2,DAP,0.001,8
2639,2,maize,3,KAS,0.4,24
2640,2,maize,1,PK,0.001,50
2640,2,maize,2,DAP,0.001,8
2640,2,maize,3,KAS,0.4,24
2642,2,maize,1,PK,0.001,50
2642,2,maize,2,DAP,0.001,8
2642,2,maize,3,KAS,0.4,24
2643,2,maize,1,PK,0.001,50
2643,2,maize,2,DAP,0.001,8
2643,2,maize,3,KAS,0.4,24
2644,2,maize,1,PK,0.001,50
2644,2,maize,2,DAP,0.001,8
2644,2,maize,3,KAS,0.4,24
2645,2,maize,1,PK,0.001,50
2645,2,maize,2,DAP,0.001,8
2645,2,maize,3,KAS,0.4,24
2646,2,maize,1,PK,0.001,50
2646,2,maize,2,DAP,0.001,8
2646,2,maize,3,KAS,0.4,24
2647,2,maize,1,PK,0.001,50
2647,2,maize,2,DAP,0.001,8
2647,2,maize,3,KAS,0.4,24
2648,2,maize,1,PK,0.001,50
2648,2,maize,2,DAP,0.001,8
2648,2,maize,3,KAS,0.4,24
2649,2,maize,1,PK,0.001,50
2649,2,maize,2,DAP,0.001,8
2649,2,maize,3,KAS,0.4,24
2650,2,maize,1,PK,0.001,50
2650,2,maize,2,DAP,0.001,8
2650,2,maize,3,KAS,0.4,24
2651,2,maize,1,PK,0.001,50
2651,2,maize,2,DAP,0.001,8
2651,2,maize,3,KAS,0.4,24
2652,2,maize,1,PK,0.001,50
2652,2,maize,2,DAP,0.001,8
2652,2,maize,3,KAS,0.4,24
2653,2,maize,1,PK,0.001,50
2653,2,maize,2,DAP,0.001,8
2653,2,maize,3,KAS,0.4,24
2654,2,maize,1,PK,0.001,50
2654,2,maize,2,DAP,0.001,8
2654,2,maize,3,KAS,0.4,24
2655,2,maize,1,PK,0.001,50
2655,2,maize,2,DAP,0.001,8
2655,2,maize,3,KAS,0.4,24
2656,2,maize,1,PK,0.001,50
2656,2,maize,2,DAP,0.001,8
2656,2,maize,3,KAS,0.4,24
2657,2,maize,1,PK,0.001,50
2657,2,maize,2,DAP,0.001,8
2657,2,maize,3,KAS,0.4,24
2658,2,maize,1,PK,0.001,50
2658,2,maize,2,DAP,0.001,8
2658,2,maize,3,KAS,0.4,24
2659,2,maize,1,PK,0.001,50
2659,2,maize,2,DAP,0.001,8
2659,2,maize,3,KAS,0.4,24
2660,2,maize,1,PK,0.001,50
2660,2,maize,2,DAP,0.001,8
2660,2,maize,3,KAS,0.4,24
2661,2,maize,1,PK,0.001,50
2661,2,maize,2,DAP,0.001,8
2661,2,maize,3,KAS,0.4,24
2662,2,maize,1,PK,0.001,50
2662,2,maize,2,DAP,0.001,8
2662,2,maize,3,KAS,0.4,24
2663,2,maize,1,PK,0.001,50
2663,2,maize,2,DAP,0.001,8
2663,2,maize,3,KAS,0.4,24
2664,2,maize,1,PK,0.001,50
2664,2,maize,2,DAP,0.001,8
2664,2,maize,3,KAS,0.4,24
2665,2,maize,1,PK,0.001,50
2665,2,maize,2,DAP,0.001,8
2665,2,maize,3,KAS,0.4,24
2666,2,maize,1,PK,0.001,50
2666,2,maize,2,DAP,0.001,8
2666,2,maize,3,KAS,0.4,24
2667,2,maize,1,PK,0.001,50
2667,2,maize,2,DAP,0.001,8
2667,2,maize,3,KAS,0.4,24
2668,2,maize,1,PK,0.001,50
2668,2,maize,2,DAP,0.001,8
2668,2,maize,3,KAS,0.4,24
2669,2,maize,1,PK,0.001,50
2669,2,maize,2,DAP,0.001,8
2669,2,maize,3,KAS,0.4,24
2670,2,maize,1,PK,0.001,50
2670,2,maize,2,DAP,0.001,8
2670,2,maize,3,KAS,0.4,24
2671,2,maize,1,PK,0.001,50
2671,2,maize,2,DAP,0.001,8
2671,2,maize,3,KAS,0.4,24
2672,2,maize,1,PK,0.001,50
2672,2,maize,2,DAP,0.001,8
2672,2,maize,3,KAS,0.4,24
2673,2,maize,1,PK,0.001,50
2673,2,maize,2,DAP,0.001,8
2673,2,maize,3,KAS,0.4,24
2674,2,maize,1,PK,0.001,50
2674,2,maize,2,DAP,0.001,8
2674,2,maize,3,KAS,0.4,24
2675,2,maize,1,PK,0.001,50
2675,2,maize,2,DAP,0.001,8
2675,2,maize,3,KAS,0.4,24
2676,2,maize,1,PK,0.001,50
2676,2,maize,2,DAP,0.001,8
2676,2,maize,3,KAS,0.4,24
2677,2,maize,1,PK,0.001,50
2677,2,maize,2,DAP,0.001,8
2677,2,maize,3,KAS,0.4,24
2678,2,maize,1,PK,0.001,50
2678,2,maize,2,DAP,0.001,8
2678,2,maize,3,KAS,0.4,24
2679,2,maize,1,PK,0.001,50
2679,2,maize,2,DAP,0.001,8
2679,2,maize,3,KAS,0.4,24
4129,2,maize,1,PK,0.001,50
4129,2,maize,2,DAP,0.001,8
4129,2,maize,3,KAS,0.4,24
4130,2,maize,1,PK,0.001,50
4130,2,maize,2,DAP,0.001,8
4130,2,maize,3,KAS,0.4,24
4131,2,maize,1,PK,0.001,50
4131,2,maize,2,DAP,0.001,8
4131,2,maize,3,KAS,0.4,24
4132,2,maize,1,PK,0.001,50
4132,2,maize,2,DAP,0.001,8
4132,2,maize,3,KAS,0.4,24
4133,2,maize,1,PK,0.001,50
4133,2,maize,2,DAP,0.001,8
4133,2,maize,3,KAS,0.4,24
4134,2,maize,1,PK,0.001,50
4134,2,maize,2,DAP,0.001,8
4134,2,maize,3,KAS,0.4,24
4136,2,maize,1,PK,0.001,50
4136,2,maize,2,DAP,0.001,8
4136,2,maize,3,KAS,0.4,24
4137,2,maize,1,PK,0.001,50
4137,2,maize,2,DAP,0.001,8
4137,2,maize,3,KAS,0.4,24
4138,2,maize,1,PK,0.001,50
4138,2,maize,2,DAP,0.001,8
4138,2,maize,3,KAS,0.4,24
4139,2,maize,1,PK,0.001,50
4139,2,maize,2,DAP,0.001,8
4139,2,maize,3,KAS,0.4,24
4140,2,maize,1,PK,0.001,50
4140,2,maize,2,DAP,0.001,8
4140,2,maize,3,KAS,0.4,24
4141,2,maize,1,PK,0.001,50
4141,2,maize,2,DAP,0.001,8
4141,2,maize,3,KAS,0.4,24
4142,2,maize,1,PK,0.001,50
4142,2,maize,2,DAP,0.001,8
4142,2,maize,3,KAS,0.4,24
4143,2,maize,1,PK,0.001,50
4143,2,maize,2,DAP,0.001,8
4143,2,maize,3,KAS,0.4,24
4144,2,maize,1,PK,0.001,50
4144,2,maize,2,DAP,0.001,8
4144,2,maize,3,KAS,0.4,24
4145,2,maize,1,PK,0.001,50
4145,2,maize,2,DAP,0.001,8
4145,2,maize,3,KAS,0.4,24
4146,2,maize,1,PK,0.001,50
4146,2,maize,2,DAP,0.001,8
4146,2,maize,3,KAS,0.4,24
4147,2,maize,1,PK,0.001,50
4147,2,maize,2,DAP,0.001,8
4147,2,maize,3,KAS,0.4,24
4148,2,maize,1,PK,0.001,50
4148,2,maize,2,DAP,0.001,8
4148,2,maize,3,KAS,0.4,24
4149,2,maize,1,PK,0.001,50
4149,2,maize,2,DAP,0.001,8
4149,2,maize,3,KAS,0.4,24
4150,2,maize,1,PK,0.001,50
4150,2,maize,2,DAP,0.001,8
4150,2,maize,3,KAS,0.4,24
4151,2,maize,1,PK,0.001,50
4151,2,maize,2,DAP,0.001,8
4151,2,maize,3,KAS,0.4,24
4152,2,maize,1,PK,0.001,50
4152,2,maize,2,DAP,0.001,8
4152,2,maize,3,KAS,0.4,24
4153,2,maize,1,PK,0.001,50
4153,2,maize,2,DAP,0.001,8
4153,2,maize,3,KAS,0.4,24
4154,2,maize,1,PK,0.001,50
4154,2,maize,2,DAP,0.001,8
4154,2,maize,3,KAS,0.4,24
4155,2,maize,1,PK,0.001,50
4155,2,maize,2,DAP,0.001,8
4155,2,maize,3,KAS,0.4,24
4156,2,maize,1,PK,0.001,50
4156,2,maize,2,DAP,0.001,8
4156,2,maize,3,KAS,0.4,24
4157,2,maize,1,PK,0.001,50
4157,2,maize,2,DAP,0.001,8
4157,2,maize,3,KAS,0.4,24
4159,2,maize,1,PK,0.001,50
4159,2,maize,2,DAP,0.001,8
4159,2,maize,3,KAS,0.4,24
4160,2,maize,1,PK,0.001,50
4160,2,maize,2,DAP,0.001,8
4160,2,maize,3,KAS,0.4,24
4161,2,maize,1,PK,0.001,50
4161,2,maize,2,DAP,0.001,8
4161,2,maize,3,KAS,0.4,24
4162,2,maize,1,PK,0.001,50
4162,2,maize,2,DAP,0.001,8
4162,2,maize,3,KAS,0.4,24
4163,2,maize,1,PK,0.001,50
4163,2,maize,2,DAP,0.001,8
4163,2,maize,3,KAS,0.4,24
4164,2,maize,1,PK,0.001,50
4164,2,maize,2,DAP,0.001,8
4164,2,maize,3,KAS,0.4,24
4167,2,maize,1,PK,0.001,50
4167,2,maize,2,DAP,0.001,8
4167,2,maize,3,KAS,0.4,24
4168,2,maize,1,PK,0.001,50
4168,2,maize,2,DAP,0.001,8
4168,2,maize,3,KAS,0.4,24
4170,2,maize,1,PK,0.001,50
4170,2,maize,2,DAP,0.001,8
4170,2,maize,3,KAS,0.4,24
4171,2,maize,1,PK,0.001,50
4171,2,maize,2,DAP,0.001,8
4171,2,maize,3,KAS,0.4,24
4172,2,maize,1,PK,0.001,50
4172,2,maize,2,DAP,0.001,8
4172,2,maize,3,KAS,0.4,24
4173,2,maize,1,PK,0.001,50
4173,2,maize,2,DAP,0.001,8
4173,2,maize,3,KAS,0.4,24
4174,2,maize,1,PK,0.001,50
4174,2,maize,2,DAP,0.001,8
4174,2,maize,3,KAS,0.4,24
4175,2,maize,1,PK,0.001,50
4175,2,maize,2,DAP,0.001,8
4175,2,maize,3,KAS,0.4,24
4176,2,maize,1,PK,0.001,50
4176,2,maize,2,DAP,0.001,8
4176,2,maize,3,KAS,0.4,24
4177,2,maize,1,PK,0.001,50
4177,2,maize,2,DAP,0.001,8
4177,2,maize,3,KAS,0.4,24
4178,2,maize,1,PK,0.001,50
4178,2,maize,2,DAP,0.001,8
4178,2,maize,3,KAS,0.4,24
4179,2,maize,1,PK,0.001,50
4179,2,maize,2,DAP,0.001,8
4179,2,maize,3,KAS,0.4,24
4180,2,maize,1,PK,0.001,50
4180,2,maize,2,DAP,0.001,8
4180,2,maize,3,KAS,0.4,24
4181,2,maize,1,PK,0.001,50
4181,2,maize,2,DAP,0.001,8
4181,2,maize,3,KAS,0.4,24
4182,2,maize,1,PK,0.001,50
4182,2,maize,2,DAP,0.001,8
4182,2,maize,3,KAS,0.4,24
4183,2,maize,1,PK,0.001,50
4183,2,maize,2,DAP,0.001,8
4183,2,maize,3,KAS,0.4,24
4184,2,maize,1,PK,0.001,50
4184,2,maize,2,DAP,0.001,8
4184,2,maize,3,KAS,0.4,24
4185,2,maize,1,PK,0.001,50
4185,2,maize,2,DAP,0.001,8
4185,2,maize,3,KAS,0.4,24
4186,2,maize,1,PK,0.001,50
4186,2,maize,2,DAP,0.001,8
4186,2,maize,3,KAS,0.4,24
4187,2,maize,1,PK,0.001,50
4187,2,maize,2,DAP,0.001,8
4187,2,maize,3,KAS,0.4,24
4188,2,maize,1,PK,0.001,50
4188,2,maize,2,DAP,0.001,8
4188,2,maize,3,KAS,0.4,24
4189,2,maize,1,PK,0.001,50
4189,2,maize,2,DAP,0.001,8
4189,2,maize,3,KAS,0.4,24
4190,2,maize,1,PK,0.001,50
4190,2,maize,2,DAP,0.001,8
4190,2,maize,3,KAS,0.4,24
4191,2,maize,1,PK,0.001,50
4191,2,maize,2,DAP,0.001,8
4191,2,maize,3,KAS,0.4,24
4192,2,maize,1,PK,0.001,50
4192,2,maize,2,DAP,0.001,8
4192,2,maize,3,KAS,0.4,24
4193,2,maize,1,PK,0.001,50
4193,2,maize,2,DAP,0.001,8
4193,2,maize,3,KAS,0.4,24
4194,2,maize,1,PK,0.001,50
4194,2,maize,2,DAP,0.001,8
4194,2,maize,3,KAS,0.4,24
4195,2,maize,1,PK,0.001,50
4195,2,maize,2,DAP,0.001,8
4195,2,maize,3,KAS,0.4,24
4196,2,maize,1,PK,0.001,50
4196,2,maize,2,DAP,0.001,8
4196,2,maize,3,KAS,0.4,24
4197,2,maize,1,PK,0.001,50
4197,2,maize,2,DAP,0.001,8
4197,2,maize,3,KAS,0.4,24
4198,2,maize,1,PK,0.001,50
4198,2,maize,2,DAP,0.001,8
4198,2,maize,3,KAS,0.4,24
4199,2,maize,1,PK,0.001,50
4199,2,maize,2,DAP,0.001,8
4199,2,maize,3,KAS,0.4,24
4200,2,maize,1,PK,0.001,50
4200,2,maize,2,DAP,0.001,8
4200,2,maize,3,KAS,0.4,24
4201,2,maize,1,PK,0.001,50
4201,2,maize,2,DAP,0.001,8
4201,2,maize,3,KAS,0.4,24
4202,2,maize,1,PK,0.001,50
4202,2,maize,2,DAP,0.001,8
4202,2,maize,3,KAS,0.4,24
4204,2,maize,1,PK,0.001,50
4204,2,maize,2,DAP,0.001,8
4204,2,maize,3,KAS,0.4,24
4205,2,maize,1,PK,0.001,50
4205,2,maize,2,DAP,0.001,8
4205,2,maize,3,KAS,0.4,24
4206,2,maize,1,PK,0.001,50
4206,2,maize,2,DAP,0.001,8
4206,2,maize,3,KAS,0.4,24
4208,2,maize,1,PK,0.001,50
4208,2,maize,2,DAP,0.001,8
4208,2,maize,3,KAS,0.4,24
4209,2,maize,1,PK,0.001,50
4209,2,maize,2,DAP,0.001,8
4209,2,maize,3,KAS,0.4,24
4210,2,maize,1,PK,0.001,50
4210,2,maize,2,DAP,0.001,8
4210,2,maize,3,KAS,0.4,24
4211,2,maize,1,PK,0.001,50
4211,2,maize,2,DAP,0.001,8
4211,2,maize,3,KAS,0.4,24
4212,2,maize,1,PK,0.001,50
4212,2,maize,2,DAP,0.001,8
4212,2,maize,3,KAS,0.4,24
4213,2,maize,1,PK,0.001,50
4213,2,maize,2,DAP,0.001,8
4213,2,maize,3,KAS,0.4,24
4214,2,maize,1,PK,0.001,50
4214,2,maize,2,DAP,0.001,8
4214,2,maize,3,KAS,0.4,24
4215,2,maize,1,PK,0.001,50
4215,2,maize,2,DAP,0.001,8
4215,2,maize,3,KAS,0.4,24
4216,2,maize,1,PK,0.001,50
4216,2,maize,2,DAP,0.001,8
4216,2,maize,3,KAS,0.4,24
4217,2,maize,1,PK,0.001,50
4217,2,maize,2,DAP,0.001,8
4217,2,maize,3,KAS,0.4,24
4218,2,maize,1,PK,0.001,50
4218,2,maize,2,DAP,0.001,8
4218,2,maize,3,KAS,0.4,24
4219,2,maize,1,PK,0.001,50
4219,2,maize,2,DAP,0.001,8
4219,2,maize,3,KAS,0.4,24
4220,2,maize,1,PK,0.001,50
4220,2,maize,2,DAP,0.001,8
4220,2,maize,3,KAS,0.4,24
4221,2,maize,1,PK,0.001,50
4221,2,maize,2,DAP,0.001,8
4221,2,maize,3,KAS,0.4,24
4222,2,maize,1,PK,0.001,50
4222,2,maize,2,DAP,0.001,8
4222,2,maize,3,KAS,0.4,24
4223,2,maize,1,PK,0.001,50
4223,2,maize,2,DAP,0.001,8
4223,2,maize,3,KAS,0.4,24
4224,2,maize,1,PK,0.001,50
4224,2,maize,2,DAP,0.001,8
4224,2,maize,3,KAS,0.4,24
4225,2,maize,1,PK,0.001,50
4225,2,maize,2,DAP,0.001,8
4225,2,maize,3,KAS,0.4,24
4226,2,maize,1,PK,0.001,50
4226,2,maize,2,DAP,0.001,8
4226,2,maize,3,KAS,0.4,24
4227,2,maize,1,PK,0.001,50
4227,2,maize,2,DAP,0.001,8
4227,2,maize,3,KAS,0.4,24
4228,2,maize,1,PK,0.001,50
4228,2,maize,2,DAP,0.001,8
4228,2,maize,3,KAS,0.4,24
4229,2,maize,1,PK,0.001,50
4229,2,maize,2,DAP,0.001,8
4229,2,maize,3,KAS,0.4,24
4230,2,maize,1,PK,0.001,50
4230,2,maize,2,DAP,0.001,8
4230,2,maize,3,KAS,0.4,24
4231,2,maize,1,PK,0.001,50
4231,2,maize,2,DAP,0.001,8
4231,2,maize,3,KAS,0.4,24
4232,2,maize,1,PK,0.001,50
4232,2,maize,2,DAP,0.001,8
4232,2,maize,3,KAS,0.4,24
4234,2,maize,1,PK,0.001,50
4234,2,maize,2,DAP,0.001,8
4234,2,maize,3,KAS,0.4,24
4235,2,maize,1,PK,0.001,50
4235,2,maize,2,DAP,0.001,8
4235,2,maize,3,KAS,0.4,24
4236,2,maize,1,PK,0.001,50
4236,2,maize,2,DAP,0.001,8
4236,2,maize,3,KAS,0.4,24
4237,2,maize,1,PK,0.001,50
4237,2,maize,2,DAP,0.001,8
4237,2,maize,3,KAS,0.4,24
4238,2,maize,1,PK,0.001,50
4238,2,maize,2,DAP,0.001,8
4238,2,maize,3,KAS,0.4,24
4239,2,maize,1,PK,0.001,50
4239,2,maize,2,DAP,0.001,8
4239,2,maize,3,KAS,0.4,24
4240,2,maize,1,PK,0.001,50
4240,2,maize,2,DAP,0.001,8
4240,2,maize,3,KAS,0.4,24
4241,2,maize,1,PK,0.001,50
4241,2,maize,2,DAP,0.001,8
4241,2,maize,3,KAS,0.4,24
4242,2,maize,1,PK,0.001,50
4242,2,maize,2,DAP,0.001,8
4242,2,maize,3,KAS,0.4,24
4243,2,maize,1,PK,0.001,50
4243,2,maize,2,DAP,0.001,8
4243,2,maize,3,KAS,0.4,24
4244,2,maize,1,PK,0.001,50
4244,2,maize,2,DAP,0.001,8
4244,2,maize,3,KAS,0.4,24
4245,2,maize,1,PK,0.001,50
4245,2,maize,2,DAP,0.001,8
4245,2,maize,3,KAS,0.4,24
4246,2,maize,1,PK,0.001,50
4246,2,maize,2,DAP,0.001,8
4246,2,maize,3,KAS,0.4,24
4247,2,maize,1,PK,0.001,50
4247,2,maize,2,DAP,0.001,8
4247,2,maize,3,KAS,0.4,24
4248,2,maize,1,PK,0.001,50
4248,2,maize,2,DAP,0.001,8
4248,2,maize,3,KAS,0.4,24
4249,2,maize,1,PK,0.001,50
4249,2,maize,2,DAP,0.001,8
4249,2,maize,3,KAS,0.4,24
4250,2,maize,1,PK,0.001,50
4250,2,maize,2,DAP,0.001,8
4250,2,maize,3,KAS,0.4,24
4251,2,maize,1,PK,0.001,50
4251,2,maize,2,DAP,0.001,8
4251,2,maize,3,KAS,0.4,24
4252,2,maize,1,PK,0.001,50
4252,2,maize,2,DAP,0.001,8
4252,2,maize,3,KAS,0.4,24
4253,2,maize,1,PK,0.001,50
4253,2,maize,2,DAP,0.001,8
4253,2,maize,3,KAS,0.4,24
4254,2,maize,1,PK,0.001,50
4254,2,maize,2,DAP,0.001,8
4254,2,maize,3,KAS,0.4,24
4255,2,maize,1,PK,0.001,50
4255,2,maize,2,DAP,0.001,8
4255,2,maize,3,KAS,0.4,24
4256,2,maize,1,PK,0.001,50
4256,2,maize,2,DAP,0.001,8
4256,2,maize,3,KAS,0.4,24
4257,2,maize,1,PK,0.001,50
4257,2,maize,2,DAP,0.001,8
4257,2,maize,3,KAS,0.4,24
4258,2,maize,1,PK,0.001,50
4258,2,maize,2,DAP,0.001,8
4258,2,maize,3,KAS,0.4,24
4259,2,maize,1,PK,0.001,50
4259,2,maize,2,DAP,0.001,8
4259,2,maize,3,KAS,0.4,24
4260,2,maize,1,PK,0.001,50
4260,2,maize,2,DAP,0.001,8
4260,2,maize,3,KAS,0.4,24
4261,2,maize,1,PK,0.001,50
4261,2,maize,2,DAP,0.001,8
4261,2,maize,3,KAS,0.4,24
4262,2,maize,1,PK,0.001,50
4262,2,maize,2,DAP,0.001,8
4262,2,maize,3,KAS,0.4,24
4263,2,maize,1,PK,0.001,50
4263,2,maize,2,DAP,0.001,8
4263,2,maize,3,KAS,0.4,24
4264,2,maize,1,PK,0.001,50
4264,2,maize,2,DAP,0.001,8
4264,2,maize,3,KAS,0.4,24
4265,2,maize,1,PK,0.001,50
4265,2,maize,2,DAP,0.001,8
4265,2,maize,3,KAS,0.4,24
4266,2,maize,1,PK,0.001,50
4266,2,maize,2,DAP,0.001,8
4266,2,maize,3,KAS,0.4,24
4267,2,maize,1,PK,0.001,50
4267,2,maize,2,DAP,0.001,8
4267,2,maize,3,KAS,0.4,24
4268,2,maize,1,PK,0.001,50
4268,2,maize,2,DAP,0.001,8
4268,2,maize,3,KAS,0.4,24
4269,2,maize,1,PK,0.001,50
4269,2,maize,2,DAP,0.001,8
4269,2,maize,3,KAS,0.4,24
4270,2,maize,1,PK,0.001,50
4270,2,maize,2,DAP,0.001,8
4270,2,maize,3,KAS,0.4,24
4271,2,maize,1,PK,0.001,50
4271,2,maize,2,DAP,0.001,8
4271,2,maize,3,KAS,0.4,24
4272,2,maize,1,PK,0.001,50
4272,2,maize,2,DAP,0.001,8
4272,2,maize,3,KAS,0.4,24
4273,2,maize,1,PK,0.001,50
4273,2,maize,2,DAP,0.001,8
4273,2,maize,3,KAS,0.4,24
4274,2,maize,1,PK,0.001,50
4274,2,maize,2,DAP,0.001,8
4274,2,maize,3,KAS,0.4,24
4275,2,maize,1,PK,0.001,50
4275,2,maize,2,DAP,0.001,8
4275,2,maize,3,KAS,0.4,24
4276,2,maize,1,PK,0.001,50
4276,2,maize,2,DAP,0.001,8
4276,2,maize,3,KAS,0.4,24
4277,2,maize,1,PK,0.001,50
4277,2,maize,2,DAP,0.001,8
4277,2,maize,3,KAS,0.4,24
4278,2,maize,1,PK,0.001,50
4278,2,maize,2,DAP,0.001,8
4278,2,maize,3,KAS,0.4,24
4279,2,maize,1,PK,0.001,50
4279,2,maize,2,DAP,0.001,8
4279,2,maize,3,KAS,0.4,24
4280,2,maize,1,PK,0.001,50
4280,2,maize,2,DAP,0.001,8
4280,2,maize,3,KAS,0.4,24
4281,2,maize,1,PK,0.001,50
4281,2,maize,2,DAP,0.001,8
4281,2,maize,3,KAS,0.4,24
4282,2,maize,1,PK,0.001,50
4282,2,maize,2,DAP,0.001,8
4282,2,maize,3,KAS,0.4,24
4283,2,maize,1,PK,0.001,50
4283,2,maize,2,DAP,0.001,8
4283,2,maize,3,KAS,0.4,24
4284,2,maize,1,PK,0.001,50
4284,2,maize,2,DAP,0.001,8
4284,2,maize,3,KAS,0.4,24
4285,2,maize,1,PK,0.001,50
4285,2,maize,2,DAP,0.001,8
4285,2,maize,3,KAS,0.4,24
4286,2,maize,1,PK,0.001,50
4286,2,maize,2,DAP,0.001,8
4286,2,maize,3,KAS,0.4,24
4287,2,maize,1,PK,0.001,50
4287,2,maize,2,DAP,0.001,8
4287,2,maize,3,KAS,0.4,24
4288,2,maize,1,PK,0.001,50
4288,2,maize,2,DAP,0.001,8
4288,2,maize,3,KAS,0.4,24
4289,2,maize,1,PK,0.001,50
4289,2,maize,2,DAP,0.001,8
4289,2,maize,3,KAS,0.4,24
4290,2,maize,1,PK,0.001,50
4290,2,maize,2,DAP,0.001,8
4290,2,maize,3,KAS,0.4,24
4291,2,maize,1,PK,0.001,50
4291,2,maize,2,DAP,0.001,8
4291,2,maize,3,KAS,0.4,24
4292,2,maize,1,PK,0.001,50
4292,2,maize,2,DAP,0.001,8
4292,2,maize,3,KAS,0.4,24
4293,2,maize,1,PK,0.001,50
4293,2,maize,2,DAP,0.001,8
4293,2,maize,3,KAS,0.4,24
4294,2,maize,1,PK,0.001,50
4294,2,maize,2,DAP,0.001,8
4294,2,maize,3,KAS,0.4,24
4295,2,maize,1,PK,0.001,50
4295,2,maize,2,DAP,0.001,8
4295,2,maize,3,KAS,0.4,24
4296,2,maize,1,PK,0.001,50
4296,2,maize,2,DAP,0.001,8
4296,2,maize,3,KAS,0.4,24
4297,2,maize,1,PK,0.001,50
4297,2,maize,2,DAP,0.001,8
4297,2,maize,3,KAS,0.4,24
4298,2,maize,1,PK,0.001,50
4298,2,maize,2,DAP,0.001,8
4298,2,maize,3,KAS,0.4,24
4299,2,maize,1,PK,0.001,50
4299,2,maize,2,DAP,0.001,8
4299,2,maize,3,KAS,0.4,24
4300,2,maize,1,PK,0.001,50
4300,2,maize,2,DAP,0.001,8
4300,2,maize,3,KAS,0.4,24
4301,2,maize,1,PK,0.001,50
4301,2,maize,2,DAP,0.001,8
4301,2,maize,3,KAS,0.4,24
4302,2,maize,1,PK,0.001,50
4302,2,maize,2,DAP,0.001,8
4302,2,maize,3,KAS,0.4,24
4303,2,maize,1,PK,0.001,50
4303,2,maize,2,DAP,0.001,8
4303,2,maize,3,KAS,0.4,24
4304,2,maize,1,PK,0.001,50
4304,2,maize,2,DAP,0.001,8
4304,2,maize,3,KAS,0.4,24
4305,2,maize,1,PK,0.001,50
4305,2,maize,2,DAP,0.001,8
4305,2,maize,3,KAS,0.4,24
4306,2,maize,1,PK,0.001,50
4306,2,maize,2,DAP,0.001,8
4306,2,maize,3,KAS,0.4,24
4307,2,maize,1,PK,0.001,50
4307,2,maize,2,DAP,0.001,8
4307,2,maize,3,KAS,0.4,24
4308,2,maize,1,PK,0.001,50
4308,2,maize,2,DAP,0.001,8
4308,2,maize,3,KAS,0.4,24
4309,2,maize,1,PK,0.001,50
4309,2,maize,2,DAP,0.001,8
4309,2,maize,3,KAS,0.4,24
4310,2,maize,1,PK,0.001,50
4310,2,maize,2,DAP,0.001,8
4310,2,maize,3,KAS,0.4,24
4311,2,maize,1,PK,0.001,50
4311,2,maize,2,DAP,0.001,8
4311,2,maize,3,KAS,0.4,24
4312,2,maize,1,PK,0.001,50
4312,2,maize,2,DAP,0.001,8
4312,2,maize,3,KAS,0.4,24
4313,2,maize,1,PK,0.001,50
4313,2,maize,2,DAP,0.001,8
4313,2,maize,3,KAS,0.4,24
4314,2,maize,1,PK,0.001,50
4314,2,maize,2,DAP,0.001,8
4314,2,maize,3,KAS,0.4,24
4315,2,maize,1,PK,0.001,50
4315,2,maize,2,DAP,0.001,8
4315,2,maize,3,KAS,0.4,24
4316,2,maize,1,PK,0.001,50
4316,2,maize,2,DAP,0.001,8
4316,2,maize,3,KAS,0.4,24
4317,2,maize,1,PK,0.001,50
4317,2,maize,2,DAP,0.001,8
4317,2,maize,3,KAS,0.4,24
4318,2,maize,1,PK,0.001,50
4318,2,maize,2,DAP,0.001,8
4318,2,maize,3,KAS,0.4,24
4319,2,maize,1,PK,0.001,50
4319,2,maize,2,DAP,0.001,8
4319,2,maize,3,KAS,0.4,24
4320,2,maize,1,PK,0.001,50
4320,2,maize,2,DAP,0.001,8
4320,2,maize,3,KAS,0.4,24
4321,2,maize,1,PK,0.001,50
4321,2,maize,2,DAP,0.001,8
4321,2,maize,3,KAS,0.4,24
4322,2,maize,1,PK,0.001,50
4322,2,maize,2,DAP,0.001,8
4322,2,maize,3,KAS,0.4,24
4324,2,maize,1,PK,0.001,50
4324,2,maize,2,DAP,0.001,8
4324,2,maize,3,KAS,0.4,24
4325,2,maize,1,PK,0.001,50
4325,2,maize,2,DAP,0.001,8
4325,2,maize,3,KAS,0.4,24
4326,2,maize,1,PK,0.001,50
4326,2,maize,2,DAP,0.001,8
4326,2,maize,3,KAS,0.4,24
4327,2,maize,1,PK,0.001,50
4327,2,maize,2,DAP,0.001,8
4327,2,maize,3,KAS,0.4,24
4328,2,maize,1,PK,0.001,50
4328,2,maize,2,DAP,0.001,8
4328,2,maize,3,KAS,0.4,24
4329,2,maize,1,PK,0.001,50
4329,2,maize,2,DAP,0.001,8
4329,2,maize,3,KAS,0.4,24
4330,2,maize,1,PK,0.001,50
4330,2,maize,2,DAP,0.001,8
4330,2,maize,3,KAS,0.4,24
4331,2,maize,1,PK,0.001,50
4331,2,maize,2,DAP,0.001,8
4331,2,maize,3,KAS,0.4,24
4332,2,maize,1,PK,0.001,50
4332,2,maize,2,DAP,0.001,8
4332,2,maize,3,KAS,0.4,24
4333,2,maize,1,PK,0.001,50
4333,2,maize,2,DAP,0.001,8
4333,2,maize,3,KAS,0.4,24
4334,2,maize,1,PK,0.001,50
4334,2,maize,2,DAP,0.001,8
4334,2,maize,3,KAS,0.4,24
4335,2,maize,1,PK,0.001,50
4335,2,maize,2,DAP,0.001,8
4335,2,maize,3,KAS,0.4,24
4336,2,maize,1,PK,0.001,50
4336,2,maize,2,DAP,0.001,8
4336,2,maize,3,KAS,0.4,24
4337,2,maize,1,PK,0.001,50
4337,2,maize,2,DAP,0.001,8
4337,2,maize,3,KAS,0.4,24
4338,2,maize,1,PK,0.001,50
4338,2,maize,2,DAP,0.001,8
4338,2,maize,3,KAS,0.4,24
4339,2,maize,1,PK,0.001,50
4339,2,maize,2,DAP,0.001,8
4339,2,maize,3,KAS,0.4,24
4340,2,maize,1,PK,0.001,50
4340,2,maize,2,DAP,0.001,8
4340,2,maize,3,KAS,0.4,24
4341,2,maize,1,PK,0.001,50
4341,2,maize,2,DAP,0.001,8
4341,2,maize,3,KAS,0.4,24
4342,2,maize,1,PK,0.001,50
4342,2,maize,2,DAP,0.001,8
4342,2,maize,3,KAS,0.4,24
4343,2,maize,1,PK,0.001,50
4343,2,maize,2,DAP,0.001,8
4343,2,maize,3,KAS,0.4,24
4344,2,maize,1,PK,0.001,50
4344,2,maize,2,DAP,0.001,8
4344,2,maize,3,KAS,0.4,24
4345,2,maize,1,PK,0.001,50
4345,2,maize,2,DAP,0.001,8
4345,2,maize,3,KAS,0.4,24
4346,2,maize,1,PK,0.001,50
4346,2,maize,2,DAP,0.001,8
4346,2,maize,3,KAS,0.4,24
4347,2,maize,1,PK,0.001,50
4347,2,maize,2,DAP,0.001,8
4347,2,maize,3,KAS,0.4,24
4348,2,maize,1,PK,0.001,50
4348,2,maize,2,DAP,0.001,8
4348,2,maize,3,KAS,0.4,24
4349,2,maize,1,PK,0.001,50
4349,2,maize,2,DAP,0.001,8
4349,2,maize,3,KAS,0.4,24
4350,2,maize,1,PK,0.001,50
4350,2,maize,2,DAP,0.001,8
4350,2,maize,3,KAS,0.4,24
4351,2,maize,1,PK,0.001,50
4351,2,maize,2,DAP,0.001,8
4351,2,maize,3,KAS,0.4,24
4352,2,maize,1,PK,0.001,50
4352,2,maize,2,DAP,0.001,8
4352,2,maize,3,KAS,0.4,24
4353,2,maize,1,PK,0.001,50
4353,2,maize,2,DAP,0.001,8
4353,2,maize,3,KAS,0.4,24
4354,2,maize,1,PK,0.001,50
4354,2,maize,2,DAP,0.001,8
4354,2,maize,3,KAS,0.4,24
4355,2,maize,1,PK,0.001,50
4355,2,maize,2,DAP,0.001,8
4355,2,maize,3,KAS,0.4,24
4356,2,maize,1,PK,0.001,50
4356,2,maize,2,DAP,0.001,8
4356,2,maize,3,KAS,0.4,24
4357,2,maize,1,PK,0.001,50
4357,2,maize,2,DAP,0.001,8
4357,2,maize,3,KAS,0.4,24
4358,2,maize,1,PK,0.001,50
4358,2,maize,2,DAP,0.001,8
4358,2,maize,3,KAS,0.4,24
4360,2,maize,1,PK,0.001,50
4360,2,maize,2,DAP,0.001,8
4360,2,maize,3,KAS,0.4,24
4361,2,maize,1,PK,0.001,50
4361,2,maize,2,DAP,0.001,8
4361,2,maize,3,KAS,0.4,24
4362,2,maize,1,PK,0.001,50
4362,2,maize,2,DAP,0.001,8
4362,2,maize,3,KAS,0.4,24
4363,2,maize,1,PK,0.001,50
4363,2,maize,2,DAP,0.001,8
4363,2,maize,3,KAS,0.4,24
4364,2,maize,1,PK,0.001,50
4364,2,maize,2,DAP,0.001,8
4364,2,maize,3,KAS,0.4,24
4365,2,maize,1,PK,0.001,50
4365,2,maize,2,DAP,0.001,8
4365,2,maize,3,KAS,0.4,24
4366,2,maize,1,PK,0.001,50
4366,2,maize,2,DAP,0.001,8
4366,2,maize,3,KAS,0.4,24
4367,2,maize,1,PK,0.001,50
4367,2,maize,2,DAP,0.001,8
4367,2,maize,3,KAS,0.4,24
4368,2,maize,1,PK,0.001,50
4368,2,maize,2,DAP,0.001,8
4368,2,maize,3,KAS,0.4,24
4369,2,maize,1,PK,0.001,50
4369,2,maize,2,DAP,0.001,8
4369,2,maize,3,KAS,0.4,24
4370,2,maize,1,PK,0.001,50
4370,2,maize,2,DAP,0.001,8
4370,2,maize,3,KAS,0.4,24
4371,2,maize,1,PK,0.001,50
4371,2,maize,2,DAP,0.001,8
4371,2,maize,3,KAS,0.4,24
4372,2,maize,1,PK,0.001,50
4372,2,maize,2,DAP,0.001,8
4372,2,maize,3,KAS,0.4,24
4373,2,maize,1,PK,0.001,50
4373,2,maize,2,DAP,0.001,8
4373,2,maize,3,KAS,0.4,24
4374,2,maize,1,PK,0.001,50
4374,2,maize,2,DAP,0.001,8
4374,2,maize,3,KAS,0.4,24
4375,2,maize,1,PK,0.001,50
4375,2,maize,2,DAP,0.001,8
4375,2,maize,3,KAS,0.4,24
4376,2,maize,1,PK,0.001,50
4376,2,maize,2,DAP,0.001,8
4376,2,maize,3,KAS,0.4,24
4377,2,maize,1,PK,0.001,50
4377,2,maize,2,DAP,0.001,8
4377,2,maize,3,KAS,0.4,24
4378,2,maize,1,PK,0.001,50
4378,2,maize,2,DAP,0.001,8
4378,2,maize,3,KAS,0.4,24
4379,2,maize,1,PK,0.001,50
4379,2,maize,2,DAP,0.001,8
4379,2,maize,3,KAS,0.4,24
4380,2,maize,1,PK,0.001,50
4380,2,maize,2,DAP,0.001,8
4380,2,maize,3,KAS,0.4,24
4381,2,maize,1,PK,0.001,50
4381,2,maize,2,DAP,0.001,8
4381,2,maize,3,KAS,0.4,24
4382,2,maize,1,PK,0.001,50
4382,2,maize,2,DAP,0.001,8
4382,2,maize,3,KAS,0.4,24
4383,2,maize,1,PK,0.001,50
4383,2,maize,2,DAP,0.001,8
4383,2,maize,3,KAS,0.4,24
4384,2,maize,1,PK,0.001,50
4384,2,maize,2,DAP,0.001,8
4384,2,maize,3,KAS,0.4,24
4385,2,maize,1,PK,0.001,50
4385,2,maize,2,DAP,0.001,8
4385,2,maize,3,KAS,0.4,24
4386,2,maize,1,PK,0.001,50
4386,2,maize,2,DAP,0.001,8
4386,2,maize,3,KAS,0.4,24
4387,2,maize,1,PK,0.001,50
4387,2,maize,2,DAP,0.001,8
4387,2,maize,3,KAS,0.4,24
4388,2,maize,1,PK,0.001,50
4388,2,maize,2,DAP,0.001,8
4388,2,maize,3,KAS,0.4,24
4389,2,maize,1,PK,0.001,50
4389,2,maize,2,DAP,0.001,8
4389,2,maize,3,KAS,0.4,24
4390,2,maize,1,PK,0.001,50
4390,2,maize,2,DAP,0.001,8
4390,2,maize,3,KAS,0.4,24
4391,2,maize,1,PK,0.001,50
4391,2,maize,2,DAP,0.001,8
4391,2,maize,3,KAS,0.4,24
4392,2,maize,1,PK,0.001,50
4392,2,maize,2,DAP,0.001,8
4392,2,maize,3,KAS,0.4,24
4393,2,maize,1,PK,0.001,50
4393,2,maize,2,DAP,0.001,8
4393,2,maize,3,KAS,0.4,24
4394,2,maize,1,PK,0.001,50
4394,2,maize,2,DAP,0.001,8
4394,2,maize,3,KAS,0.4,24
4395,2,maize,1,PK,0.001,50
4395,2,maize,2,DAP,0.001,8
4395,2,maize,3,KAS,0.4,24
4396,2,maize,1,PK,0.001,50
4396,2,maize,2,DAP,0.001,8
4396,2,maize,3,KAS,0.4,24
4397,2,maize,1,PK,0.001,50
4397,2,maize,2,DAP,0.001,8
4397,2,maize,3,KAS,0.4,24
4398,2,maize,1,PK,0.001,50
4398,2,maize,2,DAP,0.001,8
4398,2,maize,3,KAS,0.4,24
4399,2,maize,1,PK,0.001,50
4399,2,maize,2,DAP,0.001,8
4399,2,maize,3,KAS,0.4,24
4400,2,maize,1,PK,0.001,50
4400,2,maize,2,DAP,0.001,8
4400,2,maize,3,KAS,0.4,24
4401,2,maize,1,PK,0.001,50
4401,2,maize,2,DAP,0.001,8
4401,2,maize,3,KAS,0.4,24
4402,2,maize,1,PK,0.001,50
4402,2,maize,2,DAP,0.001,8
4402,2,maize,3,KAS,0.4,24
4403,2,maize,1,PK,0.001,50
4403,2,maize,2,DAP,0.001,8
4403,2,maize,3,KAS,0.4,24
4404,2,maize,1,PK,0.001,50
4404,2,maize,2,DAP,0.001,8
4404,2,maize,3,KAS,0.4,24
4405,2,maize,1,PK,0.001,50
4405,2,maize,2,DAP,0.001,8
4405,2,maize,3,KAS,0.4,24
4406,2,maize,1,PK,0.001,50
4406,2,maize,2,DAP,0.001,8
4406,2,maize,3,KAS,0.4,24
4407,2,maize,1,PK,0.001,50
4407,2,maize,2,DAP,0.001,8
4407,2,maize,3,KAS,0.4,24
4408,2,maize,1,PK,0.001,50
4408,2,maize,2,DAP,0.001,8
4408,2,maize,3,KAS,0.4,24
4409,2,maize,1,PK,0.001,50
4409,2,maize,2,DAP,0.001,8
4409,2,maize,3,KAS,0.4,24
4410,2,maize,1,PK,0.001,50
4410,2,maize,2,DAP,0.001,8
4410,2,maize,3,KAS,0.4,24
4411,2,maize,1,PK,0.001,50
4411,2,maize,2,DAP,0.001,8
4411,2,maize,3,KAS,0.4,24
4412,2,maize,1,PK,0.001,50
4412,2,maize,2,DAP,0.001,8
4412,2,maize,3,KAS,0.4,24
4413,2,maize,1,PK,0.001,50
4413,2,maize,2,DAP,0.001,8
4413,2,maize,3,KAS,0.4,24
4414,2,maize,1,PK,0.001,50
4414,2,maize,2,DAP,0.001,8
4414,2,maize,3,KAS,0.4,24
4415,2,maize,1,PK,0.001,50
4415,2,maize,2,DAP,0.001,8
4415,2,maize,3,KAS,0.4,24
4416,2,maize,1,PK,0.001,50
4416,2,maize,2,DAP,0.001,8
4416,2,maize,3,KAS,0.4,24
4417,2,maize,1,PK,0.001,50
4417,2,maize,2,DAP,0.001,8
4417,2,maize,3,KAS,0.4,24
4418,2,maize,1,PK,0.001,50
4418,2,maize,2,DAP,0.001,8
4418,2,maize,3,KAS,0.4,24
4419,2,maize,1,PK,0.001,50
4419,2,maize,2,DAP,0.001,8
4419,2,maize,3,KAS,0.4,24
4420,2,maize,1,PK,0.001,50
4420,2,maize,2,DAP,0.001,8
4420,2,maize,3,KAS,0.4,24
4421,2,maize,1,PK,0.001,50
4421,2,maize,2,DAP,0.001,8
4421,2,maize,3,KAS,0.4,24
4422,2,maize,1,PK,0.001,50
4422,2,maize,2,DAP,0.001,8
4422,2,maize,3,KAS,0.4,24
4423,2,maize,1,PK,0.001,50
4423,2,maize,2,DAP,0.001,8
4423,2,maize,3,KAS,0.4,24
4424,2,maize,1,PK,0.001,50
4424,2,maize,2,DAP,0.001,8
4424,2,maize,3,KAS,0.4,24
4425,2,maize,1,PK,0.001,50
4425,2,maize,2,DAP,0.001,8
4425,2,maize,3,KAS,0.4,24
4426,2,maize,1,PK,0.001,50
4426,2,maize,2,DAP,0.001,8
4426,2,maize,3,KAS,0.4,24
4428,2,maize,1,PK,0.001,50
4428,2,maize,2,DAP,0.001,8
4428,2,maize,3,KAS,0.4,24
4429,2,maize,1,PK,0.001,50
4429,2,maize,2,DAP,0.001,8
4429,2,maize,3,KAS,0.4,24
4430,2,maize,1,PK,0.001,50
4430,2,maize,2,DAP,0.001,8
4430,2,maize,3,KAS,0.4,24
4431,2,maize,1,PK,0.001,50
4431,2,maize,2,DAP,0.001,8
4431,2,maize,3,KAS,0.4,24
4432,2,maize,1,PK,0.001,50
4432,2,maize,2,DAP,0.001,8
4432,2,maize,3,KAS,0.4,24
4433,2,maize,1,PK,0.001,50
4433,2,maize,2,DAP,0.001,8
4433,2,maize,3,KAS,0.4,24
4434,2,maize,1,PK,0.001,50
4434,2,maize,2,DAP,0.001,8
4434,2,maize,3,KAS,0.4,24
4435,2,maize,1,PK,0.001,50
4435,2,maize,2,DAP,0.001,8
4435,2,maize,3,KAS,0.4,24
4436,2,maize,1,PK,0.001,50
4436,2,maize,2,DAP,0.001,8
4436,2,maize,3,KAS,0.4,24
4437,2,maize,1,PK,0.001,50
4437,2,maize,2,DAP,0.001,8
4437,2,maize,3,KAS,0.4,24
4438,2,maize,1,PK,0.001,50
4438,2,maize,2,DAP,0.001,8
4438,2,maize,3,KAS,0.4,24
4439,2,maize,1,PK,0.001,50
4439,2,maize,2,DAP,0.001,8
4439,2,maize,3,KAS,0.4,24
4440,2,maize,1,PK,0.001,50
4440,2,maize,2,DAP,0.001,8
4440,2,maize,3,KAS,0.4,24
4441,2,maize,1,PK,0.001,50
4441,2,maize,2,DAP,0.001,8
4441,2,maize,3,KAS,0.4,24
4442,2,maize,1,PK,0.001,50
4442,2,maize,2,DAP,0.001,8
4442,2,maize,3,KAS,0.4,24
4443,2,maize,1,PK,0.001,50
4443,2,maize,2,DAP,0.001,8
4443,2,maize,3,KAS,0.4,24
4444,2,maize,1,PK,0.001,50
4444,2,maize,2,DAP,0.001,8
4444,2,maize,3,KAS,0.4,24
4445,2,maize,1,PK,0.001,50
4445,2,maize,2,DAP,0.001,8
4445,2,maize,3,KAS,0.4,24
4446,2,maize,1,PK,0.001,50
4446,2,maize,2,DAP,0.001,8
4446,2,maize,3,KAS,0.4,24
4447,2,maize,1,PK,0.001,50
4447,2,maize,2,DAP,0.001,8
4447,2,maize,3,KAS,0.4,24
4448,2,maize,1,PK,0.001,50
4448,2,maize,2,DAP,0.001,8
4448,2,maize,3,KAS,0.4,24
4449,2,maize,1,PK,0.001,50
4449,2,maize,2,DAP,0.001,8
4449,2,maize,3,KAS,0.4,24
4450,2,maize,1,PK,0.001,50
4450,2,maize,2,DAP,0.001,8
4450,2,maize,3,KAS,0.4,24
4451,2,maize,1,PK,0.001,50
4451,2,maize,2,DAP,0.001,8
4451,2,maize,3,KAS,0.4,24
4452,2,maize,1,PK,0.001,50
4452,2,maize,2,DAP,0.001,8
4452,2,maize,3,KAS,0.4,24
4453,2,maize,1,PK,0.001,50
4453,2,maize,2,DAP,0.001,8
4453,2,maize,3,KAS,0.4,24
4454,2,maize,1,PK,0.001,50
4454,2,maize,2,DAP,0.001,8
4454,2,maize,3,KAS,0.4,24
4455,2,maize,1,PK,0.001,50
4455,2,maize,2,DAP,0.001,8
4455,2,maize,3,KAS,0.4,24
4456,2,maize,1,PK,0.001,50
4456,2,maize,2,DAP,0.001,8
4456,2,maize,3,KAS,0.4,24
5920,2,maize,1,PK,0.001,50
5920,2,maize,2,DAP,0.001,8
5920,2,maize,3,KAS,0.4,24
5921,2,maize,1,PK,0.001,50
5921,2,maize,2,DAP,0.001,8
5921,2,maize,3,KAS,0.4,24
5922,2,maize,1,PK,0.001,50
5922,2,maize,2,DAP,0.001,8
5922,2,maize,3,KAS,0.4,24
5924,2,maize,1,PK,0.001,50
5924,2,maize,2,DAP,0.001,8
5924,2,maize,3,KAS,0.4,24
5925,2,maize,1,PK,0.001,50
5925,2,maize,2,DAP,0.001,8
5925,2,maize,3,KAS,0.4,24
5926,2,maize,1,PK,0.001,50
5926,2,maize,2,DAP,0.001,8
5926,2,maize,3,KAS,0.4,24
5927,2,maize,1,PK,0.001,50
5927,2,maize,2,DAP,0.001,8
5927,2,maize,3,KAS,0.4,24
5928,2,maize,1,PK,0.001,50
5928,2,maize,2,DAP,0.001,8
5928,2,maize,3,KAS,0.4,24
5929,2,maize,1,PK,0.001,50
5929,2,maize,2,DAP,0.001,8
5929,2,maize,3,KAS,0.4,24
5930,2,maize,1,PK,0.001,50
5930,2,maize,2,DAP,0.001,8
5930,2,maize,3,KAS,0.4,24
5931,2,maize,1,PK,0.001,50
5931,2,maize,2,DAP,0.001,8
5931,2,maize,3,KAS,0.4,24
5932,2,maize,1,PK,0.001,50
5932,2,maize,2,DAP,0.001,8
5932,2,maize,3,KAS,0.4,24
5933,2,maize,1,PK,0.001,50
5933,2,maize,2,DAP,0.001,8
5933,2,maize,3,KAS,0.4,24
5934,2,maize,1,PK,0.001,50
5934,2,maize,2,DAP,0.001,8
5934,2,maize,3,KAS,0.4,24
5935,2,maize,1,PK,0.001,50
5935,2,maize,2,DAP,0.001,8
5935,2,maize,3,KAS,0.4,24
5936,2,maize,1,PK,0.001,50
5936,2,maize,2,DAP,0.001,8
5936,2,maize,3,KAS,0.4,24
5937,2,maize,1,PK,0.001,50
5937,2,maize,2,DAP,0.001,8
5937,2,maize,3,KAS,0.4,24
5938,2,maize,1,PK,0.001,50
5938,2,maize,2,DAP,0.001,8
5938,2,maize,3,KAS,0.4,24
5939,2,maize,1,PK,0.001,50
5939,2,maize,2,DAP,0.001,8
5939,2,maize,3,KAS,0.4,24
5940,2,maize,1,PK,0.001,50
5940,2,maize,2,DAP,0.001,8
5940,2,maize,3,KAS,0.4,24
5941,2,maize,1,PK,0.001,50
5941,2,maize,2,DAP,0.001,8
5941,2,maize,3,KAS,0.4,24
5942,2,maize,1,PK,0.001,50
5942,2,maize,2,DAP,0.001,8
5942,2,maize,3,KAS,0.4,24
5943,2,maize,1,PK,0.001,50
5943,2,maize,2,DAP,0.001,8
5943,2,maize,3,KAS,0.4,24
5944,2,maize,1,PK,0.001,50
5944,2,maize,2,DAP,0.001,8
5944,2,maize,3,KAS,0.4,24
5945,2,maize,1,PK,0.001,50
5945,2,maize,2,DAP,0.001,8
5945,2,maize,3,KAS,0.4,24
5946,2,maize,1,PK,0.001,50
5946,2,maize,2,DAP,0.001,8
5946,2,maize,3,KAS,0.4,24
5947,2,maize,1,PK,0.001,50
5947,2,maize,2,DAP,0.001,8
5947,2,maize,3,KAS,0.4,24
5948,2,maize,1,PK,0.001,50
5948,2,maize,2,DAP,0.001,8
5948,2,maize,3,KAS,0.4,24
5950,2,maize,1,PK,0.001,50
5950,2,maize,2,DAP,0.001,8
5950,2,maize,3,KAS,0.4,24
5951,2,maize,1,PK,0.001,50
5951,2,maize,2,DAP,0.001,8
5951,2,maize,3,KAS,0.4,24
5952,2,maize,1,PK,0.001,50
5952,2,maize,2,DAP,0.001,8
5952,2,maize,3,KAS,0.4,24
5953,2,maize,1,PK,0.001,50
5953,2,maize,2,DAP,0.001,8
5953,2,maize,3,KAS,0.4,24
5954,2,maize,1,PK,0.001,50
5954,2,maize,2,DAP,0.001,8
5954,2,maize,3,KAS,0.4,24
5956,2,maize,1,PK,0.001,50
5956,2,maize,2,DAP,0.001,8
5956,2,maize,3,KAS,0.4,24
5957,2,maize,1,PK,0.001,50
5957,2,maize,2,DAP,0.001,8
5957,2,maize,3,KAS,0.4,24
5958,2,maize,1,PK,0.001,50
5958,2,maize,2,DAP,0.001,8
5958,2,maize,3,KAS,0.4,24
5959,2,maize,1,PK,0.001,50
5959,2,maize,2,DAP,0.001,8
5959,2,maize,3,KAS,0.4,24
5960,2,maize,1,PK,0.001,50
5960,2,maize,2,DAP,0.001,8
5960,2,maize,3,KAS,0.4,24
5961,2,maize,1,PK,0.001,50
5961,2,maize,2,DAP,0.001,8
5961,2,maize,3,KAS,0.4,24
5962,2,maize,1,PK,0.001,50
5962,2,maize,2,DAP,0.001,8
5962,2,maize,3,KAS,0.4,24
5963,2,maize,1,PK,0.001,50
5963,2,maize,2,DAP,0.001,8
5963,2,maize,3,KAS,0.4,24
5964,2,maize,1,PK,0.001,50
5964,2,maize,2,DAP,0.001,8
5964,2,maize,3,KAS,0.4,24
5965,2,maize,1,PK,0.001,50
5965,2,maize,2,DAP,0.001,8
5965,2,maize,3,KAS,0.4,24
5966,2,maize,1,PK,0.001,50
5966,2,maize,2,DAP,0.001,8
5966,2,maize,3,KAS,0.4,24
5967,2,maize,1,PK,0.001,50
5967,2,maize,2,DAP,0.001,8
5967,2,maize,3,KAS,0.4,24
5968,2,maize,1,PK,0.001,50
5968,2,maize,2,DAP,0.001,8
5968,2,maize,3,KAS,0.4,24
5969,2,maize,1,PK,0.001,50
5969,2,maize,2,DAP,0.001,8
5969,2,maize,3,KAS,0.4,24
5970,2,maize,1,PK,0.001,50
5970,2,maize,2,DAP,0.001,8
5970,2,maize,3,KAS,0.4,24
5971,2,maize,1,PK,0.001,50
5971,2,maize,2,DAP,0.001,8
5971,2,maize,3,KAS,0.4,24
5972,2,maize,1,PK,0.001,50
5972,2,maize,2,DAP,0.001,8
5972,2,maize,3,KAS,0.4,24
5973,2,maize,1,PK,0.001,50
5973,2,maize,2,DAP,0.001,8
5973,2,maize,3,KAS,0.4,24
5974,2,maize,1,PK,0.001,50
5974,2,maize,2,DAP,0.001,8
5974,2,maize,3,KAS,0.4,24
5975,2,maize,1,PK,0.001,50
5975,2,maize,2,DAP,0.001,8
5975,2,maize,3,KAS,0.4,24
5976,2,maize,1,PK,0.001,50
5976,2,maize,2,DAP,0.001,8
5976,2,maize,3,KAS,0.4,24
5977,2,maize,1,PK,0.001,50
5977,2,maize,2,DAP,0.001,8
5977,2,maize,3,KAS,0.4,24
5978,2,maize,1,PK,0.001,50
5978,2,maize,2,DAP,0.001,8
5978,2,maize,3,KAS,0.4,24
5979,2,maize,1,PK,0.001,50
5979,2,maize,2,DAP,0.001,8
5979,2,maize,3,KAS,0.4,24
5980,2,maize,1,PK,0.001,50
5980,2,maize,2,DAP,0.001,8
5980,2,maize,3,KAS,0.4,24
5981,2,maize,1,PK,0.001,50
5981,2,maize,2,DAP,0.001,8
5981,2,maize,3,KAS,0.4,24
5982,2,maize,1,PK,0.001,50
5982,2,maize,2,DAP,0.001,8
5982,2,maize,3,KAS,0.4,24
5983,2,maize,1,PK,0.001,50
5983,2,maize,2,DAP,0.001,8
5983,2,maize,3,KAS,0.4,24
5984,2,maize,1,PK,0.001,50
5984,2,maize,2,DAP,0.001,8
5984,2,maize,3,KAS,0.4,24
5985,2,maize,1,PK,0.001,50
5985,2,maize,2,DAP,0.001,8
5985,2,maize,3,KAS,0.4,24
5986,2,maize,1,PK,0.001,50
5986,2,maize,2,DAP,0.001,8
5986,2,maize,3,KAS,0.4,24
5987,2,maize,1,PK,0.001,50
5987,2,maize,2,DAP,0.001,8
5987,2,maize,3,KAS,0.4,24
5988,2,maize,1,PK,0.001,50
5988,2,maize,2,DAP,0.001,8
5988,2,maize,3,KAS,0.4,24
5989,2,maize,1,PK,0.001,50
5989,2,maize,2,DAP,0.001,8
5989,2,maize,3,KAS,0.4,24
5990,2,maize,1,PK,0.001,50
5990,2,maize,2,DAP,0.001,8
5990,2,maize,3,KAS,0.4,24
5991,2,maize,1,PK,0.001,50
5991,2,maize,2,DAP,0.001,8
5991,2,maize,3,KAS,0.4,24
5992,2,maize,1,PK,0.001,50
5992,2,maize,2,DAP,0.001,8
5992,2,maize,3,KAS,0.4,24
5993,2,maize,1,PK,0.001,50
5993,2,maize,2,DAP,0.001,8
5993,2,maize,3,KAS,0.4,24
5994,2,maize,1,PK,0.001,50
5994,2,maize,2,DAP,0.001,8
5994,2,maize,3,KAS,0.4,24
5995,2,maize,1,PK,0.001,50
5995,2,maize,2,DAP,0.001,8
5995,2,maize,3,KAS,0.4,24
5996,2,maize,1,PK,0.001,50
5996,2,maize,2,DAP,0.001,8
5996,2,maize,3,KAS,0.4,24
5998,2,maize,1,PK,0.001,50
5998,2,maize,2,DAP,0.001,8
5998,2,maize,3,KAS,0.4,24
5999,2,maize,1,PK,0.001,50
5999,2,maize,2,DAP,0.001,8
5999,2,maize,3,KAS,0.4,24
6000,2,maize,1,PK,0.001,50
6000,2,maize,2,DAP,0.001,8
6000,2,maize,3,KAS,0.4,24
6001,2,maize,1,PK,0.001,50
6001,2,maize,2,DAP,0.001,8
6001,2,maize,3,KAS,0.4,24
6002,2,maize,1,PK,0.001,50
6002,2,maize,2,DAP,0.001,8
6002,2,maize,3,KAS,0.4,24
6003,2,maize,1,PK,0.001,50
6003,2,maize,2,DAP,0.001,8
6003,2,maize,3,KAS,0.4,24
6004,2,maize,1,PK,0.001,50
6004,2,maize,2,DAP,0.001,8
6004,2,maize,3,KAS,0.4,24
6005,2,maize,1,PK,0.001,50
6005,2,maize,2,DAP,0.001,8
6005,2,maize,3,KAS,0.4,24
6006,2,maize,1,PK,0.001,50
6006,2,maize,2,DAP,0.001,8
6006,2,maize,3,KAS,0.4,24
6007,2,maize,1,PK,0.001,50
6007,2,maize,2,DAP,0.001,8
6007,2,maize,3,KAS,0.4,24
6008,2,maize,1,PK,0.001,50
6008,2,maize,2,DAP,0.001,8
6008,2,maize,3,KAS,0.4,24
6009,2,maize,1,PK,0.001,50
6009,2,maize,2,DAP,0.001,8
6009,2,maize,3,KAS,0.4,24
6010,2,maize,1,PK,0.001,50
6010,2,maize,2,DAP,0.001,8
6010,2,maize,3,KAS,0.4,24
6011,2,maize,1,PK,0.001,50
6011,2,maize,2,DAP,0.001,8
6011,2,maize,3,KAS,0.4,24
6012,2,maize,1,PK,0.001,50
6012,2,maize,2,DAP,0.001,8
6012,2,maize,3,KAS,0.4,24
6013,2,maize,1,PK,0.001,50
6013,2,maize,2,DAP,0.001,8
6013,2,maize,3,KAS,0.4,24
6014,2,maize,1,PK,0.001,50
6014,2,maize,2,DAP,0.001,8
6014,2,maize,3,KAS,0.4,24
6015,2,maize,1,PK,0.001,50
6015,2,maize,2,DAP,0.001,8
6015,2,maize,3,KAS,0.4,24
6016,2,maize,1,PK,0.001,50
6016,2,maize,2,DAP,0.001,8
6016,2,maize,3,KAS,0.4,24
6017,2,maize,1,PK,0.001,50
6017,2,maize,2,DAP,0.001,8
6017,2,maize,3,KAS,0.4,24
6018,2,maize,1,PK,0.001,50
6018,2,maize,2,DAP,0.001,8
6018,2,maize,3,KAS,0.4,24
6019,2,maize,1,PK,0.001,50
6019,2,maize,2,DAP,0.001,8
6019,2,maize,3,KAS,0.4,24
6020,2,maize,1,PK,0.001,50
6020,2,maize,2,DAP,0.001,8
6020,2,maize,3,KAS,0.4,24
6022,2,maize,1,PK,0.001,50
6022,2,maize,2,DAP,0.001,8
6022,2,maize,3,KAS,0.4,24
6023,2,maize,1,PK,0.001,50
6023,2,maize,2,DAP,0.001,8
6023,2,maize,3,KAS,0.4,24
6024,2,maize,1,PK,0.001,50
6024,2,maize,2,DAP,0.001,8
6024,2,maize,3,KAS,0.4,24
6026,2,maize,1,PK,0.001,50
6026,2,maize,2,DAP,0.001,8
6026,2,maize,3,KAS,0.4,24
6027,2,maize,1,PK,0.001,50
6027,2,maize,2,DAP,0.001,8
6027,2,maize,3,KAS,0.4,24
6028,2,maize,1,PK,0.001,50
6028,2,maize,2,DAP,0.001,8
6028,2,maize,3,KAS,0.4,24
6029,2,maize,1,PK,0.001,50
6029,2,maize,2,DAP,0.001,8
6029,2,maize,3,KAS,0.4,24
6030,2,maize,1,PK,0.001,50
6030,2,maize,2,DAP,0.001,8
6030,2,maize,3,KAS,0.4,24
6031,2,maize,1,PK,0.001,50
6031,2,maize,2,DAP,0.001,8
6031,2,maize,3,KAS,0.4,24
6032,2,maize,1,PK,0.001,50
6032,2,maize,2,DAP,0.001,8
6032,2,maize,3,KAS,0.4,24
6033,2,maize,1,PK,0.001,50
6033,2,maize,2,DAP,0.001,8
6033,2,maize,3,KAS,0.4,24
6034,2,maize,1,PK,0.001,50
6034,2,maize,2,DAP,0.001,8
6034,2,maize,3,KAS,0.4,24
6035,2,maize,1,PK,0.001,50
6035,2,maize,2,DAP,0.001,8
6035,2,maize,3,KAS,0.4,24
6036,2,maize,1,PK,0.001,50
6036,2,maize,2,DAP,0.001,8
6036,2,maize,3,KAS,0.4,24
6037,2,maize,1,PK,0.001,50
6037,2,maize,2,DAP,0.001,8
6037,2,maize,3,KAS,0.4,24
6038,2,maize,1,PK,0.001,50
6038,2,maize,2,DAP,0.001,8
6038,2,maize,3,KAS,0.4,24
6039,2,maize,1,PK,0.001,50
6039,2,maize,2,DAP,0.001,8
6039,2,maize,3,KAS,0.4,24
6040,2,maize,1,PK,0.001,50
6040,2,maize,2,DAP,0.001,8
6040,2,maize,3,KAS,0.4,24
6041,2,maize,1,PK,0.001,50
6041,2,maize,2,DAP,0.001,8
6041,2,maize,3,KAS,0.4,24
6042,2,maize,1,PK,0.001,50
6042,2,maize,2,DAP,0.001,8
6042,2,maize,3,KAS,0.4,24
6043,2,maize,1,PK,0.001,50
6043,2,maize,2,DAP,0.001,8
6043,2,maize,3,KAS,0.4,24
6044,2,maize,1,PK,0.001,50
6044,2,maize,2,DAP,0.001,8
6044,2,maize,3,KAS,0.4,24
6045,2,maize,1,PK,0.001,50
6045,2,maize,2,DAP,0.001,8
6045,2,maize,3,KAS,0.4,24
6046,2,maize,1,PK,0.001,50
6046,2,maize,2,DAP,0.001,8
6046,2,maize,3,KAS,0.4,24
6047,2,maize,1,PK,0.001,50
6047,2,maize,2,DAP,0.001,8
6047,2,maize,3,KAS,0.4,24
6048,2,maize,1,PK,0.001,50
6048,2,maize,2,DAP,0.001,8
6048,2,maize,3,KAS,0.4,24
6049,2,maize,1,PK,0.001,50
6049,2,maize,2,DAP,0.001,8
6049,2,maize,3,KAS,0.4,24
6050,2,maize,1,PK,0.001,50
6050,2,maize,2,DAP,0.001,8
6050,2,maize,3,KAS,0.4,24
6051,2,maize,1,PK,0.001,50
6051,2,maize,2,DAP,0.001,8
6051,2,maize,3,KAS,0.4,24
6052,2,maize,1,PK,0.001,50
6052,2,maize,2,DAP,0.001,8
6052,2,maize,3,KAS,0.4,24
6053,2,maize,1,PK,0.001,50
6053,2,maize,2,DAP,0.001,8
6053,2,maize,3,KAS,0.4,24
6054,2,maize,1,PK,0.001,50
6054,2,maize,2,DAP,0.001,8
6054,2,maize,3,KAS,0.4,24
6055,2,maize,1,PK,0.001,50
6055,2,maize,2,DAP,0.001,8
6055,2,maize,3,KAS,0.4,24
6056,2,maize,1,PK,0.001,50
6056,2,maize,2,DAP,0.001,8
6056,2,maize,3,KAS,0.4,24
6057,2,maize,1,PK,0.001,50
6057,2,maize,2,DAP,0.001,8
6057,2,maize,3,KAS,0.4,24
6058,2,maize,1,PK,0.001,50
6058,2,maize,2,DAP,0.001,8
6058,2,maize,3,KAS,0.4,24
6059,2,maize,1,PK,0.001,50
6059,2,maize,2,DAP,0.001,8
6059,2,maize,3,KAS,0.4,24
6060,2,maize,1,PK,0.001,50
6060,2,maize,2,DAP,0.001,8
6060,2,maize,3,KAS,0.4,24
6061,2,maize,1,PK,0.001,50
6061,2,maize,2,DAP,0.001,8
6061,2,maize,3,KAS,0.4,24
6062,2,maize,1,PK,0.001,50
6062,2,maize,2,DAP,0.001,8
6062,2,maize,3,KAS,0.4,24
6063,2,maize,1,PK,0.001,50
6063,2,maize,2,DAP,0.001,8
6063,2,maize,3,KAS,0.4,24
6064,2,maize,1,PK,0.001,50
6064,2,maize,2,DAP,0.001,8
6064,2,maize,3,KAS,0.4,24
6065,2,maize,1,PK,0.001,50
6065,2,maize,2,DAP,0.001,8
6065,2,maize,3,KAS,0.4,24
6066,2,maize,1,PK,0.001,50
6066,2,maize,2,DAP,0.001,8
6066,2,maize,3,KAS,0.4,24
6067,2,maize,1,PK,0.001,50
6067,2,maize,2,DAP,0.001,8
6067,2,maize,3,KAS,0.4,24
6068,2,maize,1,PK,0.001,50
6068,2,maize,2,DAP,0.001,8
6068,2,maize,3,KAS,0.4,24
6069,2,maize,1,PK,0.001,50
6069,2,maize,2,DAP,0.001,8
6069,2,maize,3,KAS,0.4,24
6070,2,maize,1,PK,0.001,50
6070,2,maize,2,DAP,0.001,8
6070,2,maize,3,KAS,0.4,24
6071,2,maize,1,PK,0.001,50
6071,2,maize,2,DAP,0.001,8
6071,2,maize,3,KAS,0.4,24
6072,2,maize,1,PK,0.001,50
6072,2,maize,2,DAP,0.001,8
6072,2,maize,3,KAS,0.4,24
6073,2,maize,1,PK,0.001,50
6073,2,maize,2,DAP,0.001,8
6073,2,maize,3,KAS,0.4,24
6074,2,maize,1,PK,0.001,50
6074,2,maize,2,DAP,0.001,8
6074,2,maize,3,KAS,0.4,24
6075,2,maize,1,PK,0.001,50
6075,2,maize,2,DAP,0.001,8
6075,2,maize,3,KAS,0.4,24
6076,2,maize,1,PK,0.001,50
6076,2,maize,2,DAP,0.001,8
6076,2,maize,3,KAS,0.4,24
6077,2,maize,1,PK,0.001,50
6077,2,maize,2,DAP,0.001,8
6077,2,maize,3,KAS,0.4,24
6078,2,maize,1,PK,0.001,50
6078,2,maize,2,DAP,0.001,8
6078,2,maize,3,KAS,0.4,24
6079,2,maize,1,PK,0.001,50
6079,2,maize,2,DAP,0.001,8
6079,2,maize,3,KAS,0.4,24
6080,2,maize,1,PK,0.001,50
6080,2,maize,2,DAP,0.001,8
6080,2,maize,3,KAS,0.4,24
6081,2,maize,1,PK,0.001,50
6081,2,maize,2,DAP,0.001,8
6081,2,maize,3,KAS,0.4,24
6082,2,maize,1,PK,0.001,50
6082,2,maize,2,DAP,0.001,8
6082,2,maize,3,KAS,0.4,24
6083,2,maize,1,PK,0.001,50
6083,2,maize,2,DAP,0.001,8
6083,2,maize,3,KAS,0.4,24
6084,2,maize,1,PK,0.001,50
6084,2,maize,2,DAP,0.001,8
6084,2,maize,3,KAS,0.4,24
6085,2,maize,1,PK,0.001,50
6085,2,maize,2,DAP,0.001,8
6085,2,maize,3,KAS,0.4,24
6086,2,maize,1,PK,0.001,50
6086,2,maize,2,DAP,0.001,8
6086,2,maize,3,KAS,0.4,24
6087,2,maize,1,PK,0.001,50
6087,2,maize,2,DAP,0.001,8
6087,2,maize,3,KAS,0.4,24
6088,2,maize,1,PK,0.001,50
6088,2,maize,2,DAP,0.001,8
6088,2,maize,3,KAS,0.4,24
6089,2,maize,1,PK,0.001,50
6089,2,maize,2,DAP,0.001,8
6089,2,maize,3,KAS,0.4,24
6090,2,maize,1,PK,0.001,50
6090,2,maize,2,DAP,0.001,8
6090,2,maize,3,KAS,0.4,24
6091,2,maize,1,PK,0.001,50
6091,2,maize,2,DAP,0.001,8
6091,2,maize,3,KAS,0.4,24
6092,2,maize,1,PK,0.001,50
6092,2,maize,2,DAP,0.001,8
6092,2,maize,3,KAS,0.4,24
6093,2,maize,1,PK,0.001,50
6093,2,maize,2,DAP,0.001,8
6093,2,maize,3,KAS,0.4,24
6094,2,maize,1,PK,0.001,50
6094,2,maize,2,DAP,0.001,8
6094,2,maize,3,KAS,0.4,24
6095,2,maize,1,PK,0.001,50
6095,2,maize,2,DAP,0.001,8
6095,2,maize,3,KAS,0.4,24
6096,2,maize,1,PK,0.001,50
6096,2,maize,2,DAP,0.001,8
6096,2,maize,3,KAS,0.4,24
6097,2,maize,1,PK,0.001,50
6097,2,maize,2,DAP,0.001,8
6097,2,maize,3,KAS,0.4,24
6098,2,maize,1,PK,0.001,50
6098,2,maize,2,DAP,0.001,8
6098,2,maize,3,KAS,0.4,24
6100,2,maize,1,PK,0.001,50
6100,2,maize,2,DAP,0.001,8
6100,2,maize,3,KAS,0.4,24
6101,2,maize,1,PK,0.001,50
6101,2,maize,2,DAP,0.001,8
6101,2,maize,3,KAS,0.4,24
6102,2,maize,1,PK,0.001,50
6102,2,maize,2,DAP,0.001,8
6102,2,maize,3,KAS,0.4,24
6103,2,maize,1,PK,0.001,50
6103,2,maize,2,DAP,0.001,8
6103,2,maize,3,KAS,0.4,24
6104,2,maize,1,PK,0.001,50
6104,2,maize,2,DAP,0.001,8
6104,2,maize,3,KAS,0.4,24
6105,2,maize,1,PK,0.001,50
6105,2,maize,2,DAP,0.001,8
6105,2,maize,3,KAS,0.4,24
6106,2,maize,1,PK,0.001,50
6106,2,maize,2,DAP,0.001,8
6106,2,maize,3,KAS,0.4,24
6107,2,maize,1,PK,0.001,50
6107,2,maize,2,DAP,0.001,8
6107,2,maize,3,KAS,0.4,24
6108,2,maize,1,PK,0.001,50
6108,2,maize,2,DAP,0.001,8
6108,2,maize,3,KAS,0.4,24
6109,2,maize,1,PK,0.001,50
6109,2,maize,2,DAP,0.001,8
6109,2,maize,3,KAS,0.4,24
6110,2,maize,1,PK,0.001,50
6110,2,maize,2,DAP,0.001,8
6110,2,maize,3,KAS,0.4,24
6111,2,maize,1,PK,0.001,50
6111,2,maize,2,DAP,0.001,8
6111,2,maize,3,KAS,0.4,24
6112,2,maize,1,PK,0.001,50
6112,2,maize,2,DAP,0.001,8
6112,2,maize,3,KAS,0.4,24
6113,2,maize,1,PK,0.001,50
6113,2,maize,2,DAP,0.001,8
6113,2,maize,3,KAS,0.4,24
6114,2,maize,1,PK,0.001,50
6114,2,maize,2,DAP,0.001,8
6114,2,maize,3,KAS,0.4,24
6115,2,maize,1,PK,0.001,50
6115,2,maize,2,DAP,0.001,8
6115,2,maize,3,KAS,0.4,24
6116,2,maize,1,PK,0.001,50
6116,2,maize,2,DAP,0.001,8
6116,2,maize,3,KAS,0.4,24
6117,2,maize,1,PK,0.001,50
6117,2,maize,2,DAP,0.001,8
6117,2,maize,3,KAS,0.4,24
6119,2,maize,1,PK,0.001,50
6119,2,maize,2,DAP,0.001,8
6119,2,maize,3,KAS,0.4,24
6120,2,maize,1,PK,0.001,50
6120,2,maize,2,DAP,0.001,8
6120,2,maize,3,KAS,0.4,24
6121,2,maize,1,PK,0.001,50
6121,2,maize,2,DAP,0.001,8
6121,2,maize,3,KAS,0.4,24
6122,2,maize,1,PK,0.001,50
6122,2,maize,2,DAP,0.001,8
6122,2,maize,3,KAS,0.4,24
6123,2,maize,1,PK,0.001,50
6123,2,maize,2,DAP,0.001,8
6123,2,maize,3,KAS,0.4,24
6124,2,maize,1,PK,0.001,50
6124,2,maize,2,DAP,0.001,8
6124,2,maize,3,KAS,0.4,24
6125,2,maize,1,PK,0.001,50
6125,2,maize,2,DAP,0.001,8
6125,2,maize,3,KAS,0.4,24
6126,2,maize,1,PK,0.001,50
6126,2,maize,2,DAP,0.001,8
6126,2,maize,3,KAS,0.4,24
6127,2,maize,1,PK,0.001,50
6127,2,maize,2,DAP,0.001,8
6127,2,maize,3,KAS,0.4,24
6128,2,maize,1,PK,0.001,50
6128,2,maize,2,DAP,0.001,8
6128,2,maize,3,KAS,0.4,24
6129,2,maize,1,PK,0.001,50
6129,2,maize,2,DAP,0.001,8
6129,2,maize,3,KAS,0.4,24
6130,2,maize,1,PK,0.001,50
6130,2,maize,2,DAP,0.001,8
6130,2,maize,3,KAS,0.4,24
6131,2,maize,1,PK,0.001,50
6131,2,maize,2,DAP,0.001,8
6131,2,maize,3,KAS,0.4,24
6132,2,maize,1,PK,0.001,50
6132,2,maize,2,DAP,0.001,8
6132,2,maize,3,KAS,0.4,24
6133,2,maize,1,PK,0.001,50
6133,2,maize,2,DAP,0.001,8
6133,2,maize,3,KAS,0.4,24
6134,2,maize,1,PK,0.001,50
6134,2,maize,2,DAP,0.001,8
6134,2,maize,3,KAS,0.4,24
6135,2,maize,1,PK,0.001,50
6135,2,maize,2,DAP,0.001,8
6135,2,maize,3,KAS,0.4,24
6136,2,maize,1,PK,0.001,50
6136,2,maize,2,DAP,0.001,8
6136,2,maize,3,KAS,0.4,24
6137,2,maize,1,PK,0.001,50
6137,2,maize,2,DAP,0.001,8
6137,2,maize,3,KAS,0.4,24
6138,2,maize,1,PK,0.001,50
6138,2,maize,2,DAP,0.001,8
6138,2,maize,3,KAS,0.4,24
6139,2,maize,1,PK,0.001,50
6139,2,maize,2,DAP,0.001,8
6139,2,maize,3,KAS,0.4,24
6140,2,maize,1,PK,0.001,50
6140,2,maize,2,DAP,0.001,8
6140,2,maize,3,KAS,0.4,24
6141,2,maize,1,PK,0.001,50
6141,2,maize,2,DAP,0.001,8
6141,2,maize,3,KAS,0.4,24
6143,2,maize,1,PK,0.001,50
6143,2,maize,2,DAP,0.001,8
6143,2,maize,3,KAS,0.4,24
6144,2,maize,1,PK,0.001,50
6144,2,maize,2,DAP,0.001,8
6144,2,maize,3,KAS,0.4,24
6145,2,maize,1,PK,0.001,50
6145,2,maize,2,DAP,0.001,8
6145,2,maize,3,KAS,0.4,24
6146,2,maize,1,PK,0.001,50
6146,2,maize,2,DAP,0.001,8
6146,2,maize,3,KAS,0.4,24
6147,2,maize,1,PK,0.001,50
6147,2,maize,2,DAP,0.001,8
6147,2,maize,3,KAS,0.4,24
6148,2,maize,1,PK,0.001,50
6148,2,maize,2,DAP,0.001,8
6148,2,maize,3,KAS,0.4,24
6149,2,maize,1,PK,0.001,50
6149,2,maize,2,DAP,0.001,8
6149,2,maize,3,KAS,0.4,24
6150,2,maize,1,PK,0.001,50
6150,2,maize,2,DAP,0.001,8
6150,2,maize,3,KAS,0.4,24
6151,2,maize,1,PK,0.001,50
6151,2,maize,2,DAP,0.001,8
6151,2,maize,3,KAS,0.4,24
6152,2,maize,1,PK,0.001,50
6152,2,maize,2,DAP,0.001,8
6152,2,maize,3,KAS,0.4,24
6153,2,maize,1,PK,0.001,50
6153,2,maize,2,DAP,0.001,8
6153,2,maize,3,KAS,0.4,24
6154,2,maize,1,PK,0.001,50
6154,2,maize,2,DAP,0.001,8
6154,2,maize,3,KAS,0.4,24
6155,2,maize,1,PK,0.001,50
6155,2,maize,2,DAP,0.001,8
6155,2,maize,3,KAS,0.4,24
6156,2,maize,1,PK,0.001,50
6156,2,maize,2,DAP,0.001,8
6156,2,maize,3,KAS,0.4,24
6157,2,maize,1,PK,0.001,50
6157,2,maize,2,DAP,0.001,8
6157,2,maize,3,KAS,0.4,24
6158,2,maize,1,PK,0.001,50
6158,2,maize,2,DAP,0.001,8
6158,2,maize,3,KAS,0.4,24
6159,2,maize,1,PK,0.001,50
6159,2,maize,2,DAP,0.001,8
6159,2,maize,3,KAS,0.4,24
6160,2,maize,1,PK,0.001,50
6160,2,maize,2,DAP,0.001,8
6160,2,maize,3,KAS,0.4,24
6161,2,maize,1,PK,0.001,50
6161,2,maize,2,DAP,0.001,8
6161,2,maize,3,KAS,0.4,24
6162,2,maize,1,PK,0.001,50
6162,2,maize,2,DAP,0.001,8
6162,2,maize,3,KAS,0.4,24
6163,2,maize,1,PK,0.001,50
6163,2,maize,2,DAP,0.001,8
6163,2,maize,3,KAS,0.4,24
6164,2,maize,1,PK,0.001,50
6164,2,maize,2,DAP,0.001,8
6164,2,maize,3,KAS,0.4,24
6165,2,maize,1,PK,0.001,50
6165,2,maize,2,DAP,0.001,8
6165,2,maize,3,KAS,0.4,24
6166,2,maize,1,PK,0.001,50
6166,2,maize,2,DAP,0.001,8
6166,2,maize,3,KAS,0.4,24
6167,2,maize,1,PK,0.001,50
6167,2,maize,2,DAP,0.001,8
6167,2,maize,3,KAS,0.4,24
6168,2,maize,1,PK,0.001,50
6168,2,maize,2,DAP,0.001,8
6168,2,maize,3,KAS,0.4,24
6169,2,maize,1,PK,0.001,50
6169,2,maize,2,DAP,0.001,8
6169,2,maize,3,KAS,0.4,24
6170,2,maize,1,PK,0.001,50
6170,2,maize,2,DAP,0.001,8
6170,2,maize,3,KAS,0.4,24
6171,2,maize,1,PK,0.001,50
6171,2,maize,2,DAP,0.001,8
6171,2,maize,3,KAS,0.4,24
6172,2,maize,1,PK,0.001,50
6172,2,maize,2,DAP,0.001,8
6172,2,maize,3,KAS,0.4,24
6173,2,maize,1,PK,0.001,50
6173,2,maize,2,DAP,0.001,8
6173,2,maize,3,KAS,0.4,24
6174,2,maize,1,PK,0.001,50
6174,2,maize,2,DAP,0.001,8
6174,2,maize,3,KAS,0.4,24
6175,2,maize,1,PK,0.001,50
6175,2,maize,2,DAP,0.001,8
6175,2,maize,3,KAS,0.4,24
6176,2,maize,1,PK,0.001,50
6176,2,maize,2,DAP,0.001,8
6176,2,maize,3,KAS,0.4,24
6177,2,maize,1,PK,0.001,50
6177,2,maize,2,DAP,0.001,8
6177,2,maize,3,KAS,0.4,24
6178,2,maize,1,PK,0.001,50
6178,2,maize,2,DAP,0.001,8
6178,2,maize,3,KAS,0.4,24
6179,2,maize,1,PK,0.001,50
6179,2,maize,2,DAP,0.001,8
6179,2,maize,3,KAS,0.4,24
6180,2,maize,1,PK,0.001,50
6180,2,maize,2,DAP,0.001,8
6180,2,maize,3,KAS,0.4,24
6181,2,maize,1,PK,0.001,50
6181,2,maize,2,DAP,0.001,8
6181,2,maize,3,KAS,0.4,24
6182,2,maize,1,PK,0.001,50
6182,2,maize,2,DAP,0.001,8
6182,2,maize,3,KAS,0.4,24
6183,2,maize,1,PK,0.001,50
6183,2,maize,2,DAP,0.001,8
6183,2,maize,3,KAS,0.4,24
6184,2,maize,1,PK,0.001,50
6184,2,maize,2,DAP,0.001,8
6184,2,maize,3,KAS,0.4,24
6185,2,maize,1,PK,0.001,50
6185,2,maize,2,DAP,0.001,8
6185,2,maize,3,KAS,0.4,24
6186,2,maize,1,PK,0.001,50
6186,2,maize,2,DAP,0.001,8
6186,2,maize,3,KAS,0.4,24
6187,2,maize,1,PK,0.001,50
6187,2,maize,2,DAP,0.001,8
6187,2,maize,3,KAS,0.4,24
6188,2,maize,1,PK,0.001,50
6188,2,maize,2,DAP,0.001,8
6188,2,maize,3,KAS,0.4,24
6189,2,maize,1,PK,0.001,50
6189,2,maize,2,DAP,0.001,8
6189,2,maize,3,KAS,0.4,24
6190,2,maize,1,PK,0.001,50
6190,2,maize,2,DAP,0.001,8
6190,2,maize,3,KAS,0.4,24
6191,2,maize,1,PK,0.001,50
6191,2,maize,2,DAP,0.001,8
6191,2,maize,3,KAS,0.4,24
6192,2,maize,1,PK,0.001,50
6192,2,maize,2,DAP,0.001,8
6192,2,maize,3,KAS,0.4,24
6193,2,maize,1,PK,0.001,50
6193,2,maize,2,DAP,0.001,8
6193,2,maize,3,KAS,0.4,24
6194,2,maize,1,PK,0.001,50
6194,2,maize,2,DAP,0.001,8
6194,2,maize,3,KAS,0.4,24
6195,2,maize,1,PK,0.001,50
6195,2,maize,2,DAP,0.001,8
6195,2,maize,3,KAS,0.4,24
6196,2,maize,1,PK,0.001,50
6196,2,maize,2,DAP,0.001,8
6196,2,maize,3,KAS,0.4,24
6197,2,maize,1,PK,0.001,50
6197,2,maize,2,DAP,0.001,8
6197,2,maize,3,KAS,0.4,24
6198,2,maize,1,PK,0.001,50
6198,2,maize,2,DAP,0.001,8
6198,2,maize,3,KAS,0.4,24
6199,2,maize,1,PK,0.001,50
6199,2,maize,2,DAP,0.001,8
6199,2,maize,3,KAS,0.4,24
6200,2,maize,1,PK,0.001,50
6200,2,maize,2,DAP,0.001,8
6200,2,maize,3,KAS,0.4,24
6201,2,maize,1,PK,0.001,50
6201,2,maize,2,DAP,0.001,8
6201,2,maize,3,KAS,0.4,24
6202,2,maize,1,PK,0.001,50
6202,2,maize,2,DAP,0.001,8
6202,2,maize,3,KAS,0.4,24
6203,2,maize,1,PK,0.001,50
6203,2,maize,2,DAP,0.001,8
6203,2,maize,3,KAS,0.4,24
6204,2,maize,1,PK,0.001,50
6204,2,maize,2,DAP,0.001,8
6204,2,maize,3,KAS,0.4,24
6205,2,maize,1,PK,0.001,50
6205,2,maize,2,DAP,0.001,8
6205,2,maize,3,KAS,0.4,24
6206,2,maize,1,PK,0.001,50
6206,2,maize,2,DAP,0.001,8
6206,2,maize,3,KAS,0.4,24
6207,2,maize,1,PK,0.001,50
6207,2,maize,2,DAP,0.001,8
6207,2,maize,3,KAS,0.4,24
6208,2,maize,1,PK,0.001,50
6208,2,maize,2,DAP,0.001,8
6208,2,maize,3,KAS,0.4,24
6209,2,maize,1,PK,0.001,50
6209,2,maize,2,DAP,0.001,8
6209,2,maize,3,KAS,0.4,24
6210,2,maize,1,PK,0.001,50
6210,2,maize,2,DAP,0.001,8
6210,2,maize,3,KAS,0.4,24
6211,2,maize,1,PK,0.001,50
6211,2,maize,2,DAP,0.001,8
6211,2,maize,3,KAS,0.4,24
6212,2,maize,1,PK,0.001,50
6212,2,maize,2,DAP,0.001,8
6212,2,maize,3,KAS,0.4,24
6213,2,maize,1,PK,0.001,50
6213,2,maize,2,DAP,0.001,8
6213,2,maize,3,KAS,0.4,24
6214,2,maize,1,PK,0.001,50
6214,2,maize,2,DAP,0.001,8
6214,2,maize,3,KAS,0.4,24
6215,2,maize,1,PK,0.001,50
6215,2,maize,2,DAP,0.001,8
6215,2,maize,3,KAS,0.4,24
6216,2,maize,1,PK,0.001,50
6216,2,maize,2,DAP,0.001,8
6216,2,maize,3,KAS,0.4,24
6217,2,maize,1,PK,0.001,50
6217,2,maize,2,DAP,0.001,8
6217,2,maize,3,KAS,0.4,24
6218,2,maize,1,PK,0.001,50
6218,2,maize,2,DAP,0.001,8
6218,2,maize,3,KAS,0.4,24
6219,2,maize,1,PK,0.001,50
6219,2,maize,2,DAP,0.001,8
6219,2,maize,3,KAS,0.4,24
6220,2,maize,1,PK,0.001,50
6220,2,maize,2,DAP,0.001,8
6220,2,maize,3,KAS,0.4,24
6221,2,maize,1,PK,0.001,50
6221,2,maize,2,DAP,0.001,8
6221,2,maize,3,KAS,0.4,24
6222,2,maize,1,PK,0.001,50
6222,2,maize,2,DAP,0.001,8
6222,2,maize,3,KAS,0.4,24
6223,2,maize,1,PK,0.001,50
6223,2,maize,2,DAP,0.001,8
6223,2,maize,3,KAS,0.4,24
6224,2,maize,1,PK,0.001,50
6224,2,maize,2,DAP,0.001,8
6224,2,maize,3,KAS,0.4,24
6225,2,maize,1,PK,0.001,50
6225,2,maize,2,DAP,0.001,8
6225,2,maize,3,KAS,0.4,24
6226,2,maize,1,PK,0.001,50
6226,2,maize,2,DAP,0.001,8
6226,2,maize,3,KAS,0.4,24
6227,2,maize,1,PK,0.001,50
6227,2,maize,2,DAP,0.001,8
6227,2,maize,3,KAS,0.4,24
6228,2,maize,1,PK,0.001,50
6228,2,maize,2,DAP,0.001,8
6228,2,maize,3,KAS,0.4,24
6229,2,maize,1,PK,0.001,50
6229,2,maize,2,DAP,0.001,8
6229,2,maize,3,KAS,0.4,24
6230,2,maize,1,PK,0.001,50
6230,2,maize,2,DAP,0.001,8
6230,2,maize,3,KAS,0.4,24
6231,2,maize,1,PK,0.001,50
6231,2,maize,2,DAP,0.001,8
6231,2,maize,3,KAS,0.4,24
6232,2,maize,1,PK,0.001,50
6232,2,maize,2,DAP,0.001,8
6232,2,maize,3,KAS,0.4,24
6233,2,maize,1,PK,0.001,50
6233,2,maize,2,DAP,0.001,8
6233,2,maize,3,KAS,0.4,24
6234,2,maize,1,PK,0.001,50
6234,2,maize,2,DAP,0.001,8
6234,2,maize,3,KAS,0.4,24
6235,2,maize,1,PK,0.001,50
6235,2,maize,2,DAP,0.001,8
6235,2,maize,3,KAS,0.4,24
6236,2,maize,1,PK,0.001,50
6236,2,maize,2,DAP,0.001,8
6236,2,maize,3,KAS,0.4,24
6237,2,maize,1,PK,0.001,50
6237,2,maize,2,DAP,0.001,8
6237,2,maize,3,KAS,0.4,24
6238,2,maize,1,PK,0.001,50
6238,2,maize,2,DAP,0.001,8
6238,2,maize,3,KAS,0.4,24
6239,2,maize,1,PK,0.001,50
6239,2,maize,2,DAP,0.001,8
6239,2,maize,3,KAS,0.4,24
6240,2,maize,1,PK,0.001,50
6240,2,maize,2,DAP,0.001,8
6240,2,maize,3,KAS,0.4,24
6241,2,maize,1,PK,0.001,50
6241,2,maize,2,DAP,0.001,8
6241,2,maize,3,KAS,0.4,24
6242,2,maize,1,PK,0.001,50
6242,2,maize,2,DAP,0.001,8
6242,2,maize,3,KAS,0.4,24
6243,2,maize,1,PK,0.001,50
6243,2,maize,2,DAP,0.001,8
6243,2,maize,3,KAS,0.4,24
6244,2,maize,1,PK,0.001,50
6244,2,maize,2,DAP,0.001,8
6244,2,maize,3,KAS,0.4,24
6245,2,maize,1,PK,0.001,50
6245,2,maize,2,DAP,0.001,8
6245,2,maize,3,KAS,0.4,24
6246,2,maize,1,PK,0.001,50
6246,2,maize,2,DAP,0.001,8
6246,2,maize,3,KAS,0.4,24
6247,2,maize,1,PK,0.001,50
6247,2,maize,2,DAP,0.001,8
6247,2,maize,3,KAS,0.4,24
6248,2,maize,1,PK,0.001,50
6248,2,maize,2,DAP,0.001,8
6248,2,maize,3,KAS,0.4,24
6249,2,maize,1,PK,0.001,50
6249,2,maize,2,DAP,0.001,8
6249,2,maize,3,KAS,0.4,24
6250,2,maize,1,PK,0.001,50
6250,2,maize,2,DAP,0.001,8
6250,2,maize,3,KAS,0.4,24
7705,2,maize,1,PK,0.001,50
7705,2,maize,2,DAP,0.001,8
7705,2,maize,3,KAS,0.4,24
7706,2,maize,1,PK,0.001,50
7706,2,maize,2,DAP,0.001,8
7706,2,maize,3,KAS,0.4,24
7707,2,maize,1,PK,0.001,50
7707,2,maize,2,DAP,0.001,8
7707,2,maize,3,KAS,0.4,24
7708,2,maize,1,PK,0.001,50
7708,2,maize,2,DAP,0.001,8
7708,2,maize,3,KAS,0.4,24
7709,2,maize,1,PK,0.001,50
7709,2,maize,2,DAP,0.001,8
7709,2,maize,3,KAS,0.4,24
7710,2,maize,1,PK,0.001,50
7710,2,maize,2,DAP,0.001,8
7710,2,maize,3,KAS,0.4,24
7711,2,maize,1,PK,0.001,50
7711,2,maize,2,DAP,0.001,8
7711,2,maize,3,KAS,0.4,24
7712,2,maize,1,PK,0.001,50
7712,2,maize,2,DAP,0.001,8
7712,2,maize,3,KAS,0.4,24
7713,2,maize,1,PK,0.001,50
7713,2,maize,2,DAP,0.001,8
7713,2,maize,3,KAS,0.4,24
7714,2,maize,1,PK,0.001,50
7714,2,maize,2,DAP,0.001,8
7714,2,maize,3,KAS,0.4,24
7715,2,maize,1,PK,0.001,50
7715,2,maize,2,DAP,0.001,8
7715,2,maize,3,KAS,0.4,24
7716,2,maize,1,PK,0.001,50
7716,2,maize,2,DAP,0.001,8
7716,2,maize,3,KAS,0.4,24
7717,2,maize,1,PK,0.001,50
7717,2,maize,2,DAP,0.001,8
7717,2,maize,3,KAS,0.4,24
7718,2,maize,1,PK,0.001,50
7718,2,maize,2,DAP,0.001,8
7718,2,maize,3,KAS,0.4,24
7719,2,maize,1,PK,0.001,50
7719,2,maize,2,DAP,0.001,8
7719,2,maize,3,KAS,0.4,24
7720,2,maize,1,PK,0.001,50
7720,2,maize,2,DAP,0.001,8
7720,2,maize,3,KAS,0.4,24
7721,2,maize,1,PK,0.001,50
7721,2,maize,2,DAP,0.001,8
7721,2,maize,3,KAS,0.4,24
7722,2,maize,1,PK,0.001,50
7722,2,maize,2,DAP,0.001,8
7722,2,maize,3,KAS,0.4,24
7723,2,maize,1,PK,0.001,50
7723,2,maize,2,DAP,0.001,8
7723,2,maize,3,KAS,0.4,24
7724,2,maize,1,PK,0.001,50
7724,2,maize,2,DAP,0.001,8
7724,2,maize,3,KAS,0.4,24
7725,2,maize,1,PK,0.001,50
7725,2,maize,2,DAP,0.001,8
7725,2,maize,3,KAS,0.4,24
7726,2,maize,1,PK,0.001,50
7726,2,maize,2,DAP,0.001,8
7726,2,maize,3,KAS,0.4,24
7727,2,maize,1,PK,0.001,50
7727,2,maize,2,DAP,0.001,8
7727,2,maize,3,KAS,0.4,24
7728,2,maize,1,PK,0.001,50
7728,2,maize,2,DAP,0.001,8
7728,2,maize,3,KAS,0.4,24
7729,2,maize,1,PK,0.001,50
7729,2,maize,2,DAP,0.001,8
7729,2,maize,3,KAS,0.4,24
7730,2,maize,1,PK,0.001,50
7730,2,maize,2,DAP,0.001,8
7730,2,maize,3,KAS,0.4,24
7731,2,maize,1,PK,0.001,50
7731,2,maize,2,DAP,0.001,8
7731,2,maize,3,KAS,0.4,24
7732,2,maize,1,PK,0.001,50
7732,2,maize,2,DAP,0.001,8
7732,2,maize,3,KAS,0.4,24
7733,2,maize,1,PK,0.001,50
7733,2,maize,2,DAP,0.001,8
7733,2,maize,3,KAS,0.4,24
7734,2,maize,1,PK,0.001,50
7734,2,maize,2,DAP,0.001,8
7734,2,maize,3,KAS,0.4,24
7735,2,maize,1,PK,0.001,50
7735,2,maize,2,DAP,0.001,8
7735,2,maize,3,KAS,0.4,24
7736,2,maize,1,PK,0.001,50
7736,2,maize,2,DAP,0.001,8
7736,2,maize,3,KAS,0.4,24
7737,2,maize,1,PK,0.001,50
7737,2,maize,2,DAP,0.001,8
7737,2,maize,3,KAS,0.4,24
7738,2,maize,1,PK,0.001,50
7738,2,maize,2,DAP,0.001,8
7738,2,maize,3,KAS,0.4,24
7739,2,maize,1,PK,0.001,50
7739,2,maize,2,DAP,0.001,8
7739,2,maize,3,KAS,0.4,24
7740,2,maize,1,PK,0.001,50
7740,2,maize,2,DAP,0.001,8
7740,2,maize,3,KAS,0.4,24
7741,2,maize,1,PK,0.001,50
7741,2,maize,2,DAP,0.001,8
7741,2,maize,3,KAS,0.4,24
7742,2,maize,1,PK,0.001,50
7742,2,maize,2,DAP,0.001,8
7742,2,maize,3,KAS,0.4,24
7743,2,maize,1,PK,0.001,50
7743,2,maize,2,DAP,0.001,8
7743,2,maize,3,KAS,0.4,24
7744,2,maize,1,PK,0.001,50
7744,2,maize,2,DAP,0.001,8
7744,2,maize,3,KAS,0.4,24
7745,2,maize,1,PK,0.001,50
7745,2,maize,2,DAP,0.001,8
7745,2,maize,3,KAS,0.4,24
7746,2,maize,1,PK,0.001,50
7746,2,maize,2,DAP,0.001,8
7746,2,maize,3,KAS,0.4,24
7747,2,maize,1,PK,0.001,50
7747,2,maize,2,DAP,0.001,8
7747,2,maize,3,KAS,0.4,24
7748,2,maize,1,PK,0.001,50
7748,2,maize,2,DAP,0.001,8
7748,2,maize,3,KAS,0.4,24
7750,2,maize,1,PK,0.001,50
7750,2,maize,2,DAP,0.001,8
7750,2,maize,3,KAS,0.4,24
7751,2,maize,1,PK,0.001,50
7751,2,maize,2,DAP,0.001,8
7751,2,maize,3,KAS,0.4,24
7752,2,maize,1,PK,0.001,50
7752,2,maize,2,DAP,0.001,8
7752,2,maize,3,KAS,0.4,24
7753,2,maize,1,PK,0.001,50
7753,2,maize,2,DAP,0.001,8
7753,2,maize,3,KAS,0.4,24
7754,2,maize,1,PK,0.001,50
7754,2,maize,2,DAP,0.001,8
7754,2,maize,3,KAS,0.4,24
7755,2,maize,1,PK,0.001,50
7755,2,maize,2,DAP,0.001,8
7755,2,maize,3,KAS,0.4,24
7756,2,maize,1,PK,0.001,50
7756,2,maize,2,DAP,0.001,8
7756,2,maize,3,KAS,0.4,24
7757,2,maize,1,PK,0.001,50
7757,2,maize,2,DAP,0.001,8
7757,2,maize,3,KAS,0.4,24
7758,2,maize,1,PK,0.001,50
7758,2,maize,2,DAP,0.001,8
7758,2,maize,3,KAS,0.4,24
7759,2,maize,1,PK,0.001,50
7759,2,maize,2,DAP,0.001,8
7759,2,maize,3,KAS,0.4,24
7760,2,maize,1,PK,0.001,50
7760,2,maize,2,DAP,0.001,8
7760,2,maize,3,KAS,0.4,24
7761,2,maize,1,PK,0.001,50
7761,2,maize,2,DAP,0.001,8
7761,2,maize,3,KAS,0.4,24
7762,2,maize,1,PK,0.001,50
7762,2,maize,2,DAP,0.001,8
7762,2,maize,3,KAS,0.4,24
7763,2,maize,1,PK,0.001,50
7763,2,maize,2,DAP,0.001,8
7763,2,maize,3,KAS,0.4,24
7764,2,maize,1,PK,0.001,50
7764,2,maize,2,DAP,0.001,8
7764,2,maize,3,KAS,0.4,24
7765,2,maize,1,PK,0.001,50
7765,2,maize,2,DAP,0.001,8
7765,2,maize,3,KAS,0.4,24
7766,2,maize,1,PK,0.001,50
7766,2,maize,2,DAP,0.001,8
7766,2,maize,3,KAS,0.4,24
7767,2,maize,1,PK,0.001,50
7767,2,maize,2,DAP,0.001,8
7767,2,maize,3,KAS,0.4,24
7768,2,maize,1,PK,0.001,50
7768,2,maize,2,DAP,0.001,8
7768,2,maize,3,KAS,0.4,24
7769,2,maize,1,PK,0.001,50
7769,2,maize,2,DAP,0.001,8
7769,2,maize,3,KAS,0.4,24
7770,2,maize,1,PK,0.001,50
7770,2,maize,2,DAP,0.001,8
7770,2,maize,3,KAS,0.4,24
7771,2,maize,1,PK,0.001,50
7771,2,maize,2,DAP,0.001,8
7771,2,maize,3,KAS,0.4,24
7772,2,maize,1,PK,0.001,50
7772,2,maize,2,DAP,0.001,8
7772,2,maize,3,KAS,0.4,24
7773,2,maize,1,PK,0.001,50
7773,2,maize,2,DAP,0.001,8
7773,2,maize,3,KAS,0.4,24
7774,2,maize,1,PK,0.001,50
7774,2,maize,2,DAP,0.001,8
7774,2,maize,3,KAS,0.4,24
7775,2,maize,1,PK,0.001,50
7775,2,maize,2,DAP,0.001,8
7775,2,maize,3,KAS,0.4,24
7776,2,maize,1,PK,0.001,50
7776,2,maize,2,DAP,0.001,8
7776,2,maize,3,KAS,0.4,24
7777,2,maize,1,PK,0.001,50
7777,2,maize,2,DAP,0.001,8
7777,2,maize,3,KAS,0.4,24
7778,2,maize,1,PK,0.001,50
7778,2,maize,2,DAP,0.001,8
7778,2,maize,3,KAS,0.4,24
7779,2,maize,1,PK,0.001,50
7779,2,maize,2,DAP,0.001,8
7779,2,maize,3,KAS,0.4,24
7780,2,maize,1,PK,0.001,50
7780,2,maize,2,DAP,0.001,8
7780,2,maize,3,KAS,0.4,24
7781,2,maize,1,PK,0.001,50
7781,2,maize,2,DAP,0.001,8
7781,2,maize,3,KAS,0.4,24
7782,2,maize,1,PK,0.001,50
7782,2,maize,2,DAP,0.001,8
7782,2,maize,3,KAS,0.4,24
7783,2,maize,1,PK,0.001,50
7783,2,maize,2,DAP,0.001,8
7783,2,maize,3,KAS,0.4,24
7784,2,maize,1,PK,0.001,50
7784,2,maize,2,DAP,0.001,8
7784,2,maize,3,KAS,0.4,24
7785,2,maize,1,PK,0.001,50
7785,2,maize,2,DAP,0.001,8
7785,2,maize,3,KAS,0.4,24
7786,2,maize,1,PK,0.001,50
7786,2,maize,2,DAP,0.001,8
7786,2,maize,3,KAS,0.4,24
7787,2,maize,1,PK,0.001,50
7787,2,maize,2,DAP,0.001,8
7787,2,maize,3,KAS,0.4,24
7788,2,maize,1,PK,0.001,50
7788,2,maize,2,DAP,0.001,8
7788,2,maize,3,KAS,0.4,24
7789,2,maize,1,PK,0.001,50
7789,2,maize,2,DAP,0.001,8
7789,2,maize,3,KAS,0.4,24
7790,2,maize,1,PK,0.001,50
7790,2,maize,2,DAP,0.001,8
7790,2,maize,3,KAS,0.4,24
7791,2,maize,1,PK,0.001,50
7791,2,maize,2,DAP,0.001,8
7791,2,maize,3,KAS,0.4,24
7792,2,maize,1,PK,0.001,50
7792,2,maize,2,DAP,0.001,8
7792,2,maize,3,KAS,0.4,24
7793,2,maize,1,PK,0.001,50
7793,2,maize,2,DAP,0.001,8
7793,2,maize,3,KAS,0.4,24
7794,2,maize,1,PK,0.001,50
7794,2,maize,2,DAP,0.001,8
7794,2,maize,3,KAS,0.4,24
7795,2,maize,1,PK,0.001,50
7795,2,maize,2,DAP,0.001,8
7795,2,maize,3,KAS,0.4,24
7796,2,maize,1,PK,0.001,50
7796,2,maize,2,DAP,0.001,8
7796,2,maize,3,KAS,0.4,24
7797,2,maize,1,PK,0.001,50
7797,2,maize,2,DAP,0.001,8
7797,2,maize,3,KAS,0.4,24
7798,2,maize,1,PK,0.001,50
7798,2,maize,2,DAP,0.001,8
7798,2,maize,3,KAS,0.4,24
7799,2,maize,1,PK,0.001,50
7799,2,maize,2,DAP,0.001,8
7799,2,maize,3,KAS,0.4,24
7800,2,maize,1,PK,0.001,50
7800,2,maize,2,DAP,0.001,8
7800,2,maize,3,KAS,0.4,24
7801,2,maize,1,PK,0.001,50
7801,2,maize,2,DAP,0.001,8
7801,2,maize,3,KAS,0.4,24
7802,2,maize,1,PK,0.001,50
7802,2,maize,2,DAP,0.001,8
7802,2,maize,3,KAS,0.4,24
7803,2,maize,1,PK,0.001,50
7803,2,maize,2,DAP,0.001,8
7803,2,maize,3,KAS,0.4,24
7804,2,maize,1,PK,0.001,50
7804,2,maize,2,DAP,0.001,8
7804,2,maize,3,KAS,0.4,24
7805,2,maize,1,PK,0.001,50
7805,2,maize,2,DAP,0.001,8
7805,2,maize,3,KAS,0.4,24
7806,2,maize,1,PK,0.001,50
7806,2,maize,2,DAP,0.001,8
7806,2,maize,3,KAS,0.4,24
7807,2,maize,1,PK,0.001,50
7807,2,maize,2,DAP,0.001,8
7807,2,maize,3,KAS,0.4,24
7808,2,maize,1,PK,0.001,50
7808,2,maize,2,DAP,0.001,8
7808,2,maize,3,KAS,0.4,24
7809,2,maize,1,PK,0.001,50
7809,2,maize,2,DAP,0.001,8
7809,2,maize,3,KAS,0.4,24
7810,2,maize,1,PK,0.001,50
7810,2,maize,2,DAP,0.001,8
7810,2,maize,3,KAS,0.4,24
7811,2,maize,1,PK,0.001,50
7811,2,maize,2,DAP,0.001,8
7811,2,maize,3,KAS,0.4,24
7812,2,maize,1,PK,0.001,50
7812,2,maize,2,DAP,0.001,8
7812,2,maize,3,KAS,0.4,24
7813,2,maize,1,PK,0.001,50
7813,2,maize,2,DAP,0.001,8
7813,2,maize,3,KAS,0.4,24
7814,2,maize,1,PK,0.001,50
7814,2,maize,2,DAP,0.001,8
7814,2,maize,3,KAS,0.4,24
7815,2,maize,1,PK,0.001,50
7815,2,maize,2,DAP,0.001,8
7815,2,maize,3,KAS,0.4,24
7816,2,maize,1,PK,0.001,50
7816,2,maize,2,DAP,0.001,8
7816,2,maize,3,KAS,0.4,24
7817,2,maize,1,PK,0.001,50
7817,2,maize,2,DAP,0.001,8
7817,2,maize,3,KAS,0.4,24
7818,2,maize,1,PK,0.001,50
7818,2,maize,2,DAP,0.001,8
7818,2,maize,3,KAS,0.4,24
7819,2,maize,1,PK,0.001,50
7819,2,maize,2,DAP,0.001,8
7819,2,maize,3,KAS,0.4,24
7820,2,maize,1,PK,0.001,50
7820,2,maize,2,DAP,0.001,8
7820,2,maize,3,KAS,0.4,24
7821,2,maize,1,PK,0.001,50
7821,2,maize,2,DAP,0.001,8
7821,2,maize,3,KAS,0.4,24
7822,2,maize,1,PK,0.001,50
7822,2,maize,2,DAP,0.001,8
7822,2,maize,3,KAS,0.4,24
7823,2,maize,1,PK,0.001,50
7823,2,maize,2,DAP,0.001,8
7823,2,maize,3,KAS,0.4,24
7824,2,maize,1,PK,0.001,50
7824,2,maize,2,DAP,0.001,8
7824,2,maize,3,KAS,0.4,24
7825,2,maize,1,PK,0.001,50
7825,2,maize,2,DAP,0.001,8
7825,2,maize,3,KAS,0.4,24
7826,2,maize,1,PK,0.001,50
7826,2,maize,2,DAP,0.001,8
7826,2,maize,3,KAS,0.4,24
7827,2,maize,1,PK,0.001,50
7827,2,maize,2,DAP,0.001,8
7827,2,maize,3,KAS,0.4,24
7828,2,maize,1,PK,0.001,50
7828,2,maize,2,DAP,0.001,8
7828,2,maize,3,KAS,0.4,24
7829,2,maize,1,PK,0.001,50
7829,2,maize,2,DAP,0.001,8
7829,2,maize,3,KAS,0.4,24
7830,2,maize,1,PK,0.001,50
7830,2,maize,2,DAP,0.001,8
7830,2,maize,3,KAS,0.4,24
7831,2,maize,1,PK,0.001,50
7831,2,maize,2,DAP,0.001,8
7831,2,maize,3,KAS,0.4,24
7832,2,maize,1,PK,0.001,50
7832,2,maize,2,DAP,0.001,8
7832,2,maize,3,KAS,0.4,24
7833,2,maize,1,PK,0.001,50
7833,2,maize,2,DAP,0.001,8
7833,2,maize,3,KAS,0.4,24
7834,2,maize,1,PK,0.001,50
7834,2,maize,2,DAP,0.001,8
7834,2,maize,3,KAS,0.4,24
7835,2,maize,1,PK,0.001,50
7835,2,maize,2,DAP,0.001,8
7835,2,maize,3,KAS,0.4,24
7836,2,maize,1,PK,0.001,50
7836,2,maize,2,DAP,0.001,8
7836,2,maize,3,KAS,0.4,24
7837,2,maize,1,PK,0.001,50
7837,2,maize,2,DAP,0.001,8
7837,2,maize,3,KAS,0.4,24
7838,2,maize,1,PK,0.001,50
7838,2,maize,2,DAP,0.001,8
7838,2,maize,3,KAS,0.4,24
7839,2,maize,1,PK,0.001,50
7839,2,maize,2,DAP,0.001,8
7839,2,maize,3,KAS,0.4,24
7840,2,maize,1,PK,0.001,50
7840,2,maize,2,DAP,0.001,8
7840,2,maize,3,KAS,0.4,24
7841,2,maize,1,PK,0.001,50
7841,2,maize,2,DAP,0.001,8
7841,2,maize,3,KAS,0.4,24
7842,2,maize,1,PK,0.001,50
7842,2,maize,2,DAP,0.001,8
7842,2,maize,3,KAS,0.4,24
7843,2,maize,1,PK,0.001,50
7843,2,maize,2,DAP,0.001,8
7843,2,maize,3,KAS,0.4,24
7844,2,maize,1,PK,0.001,50
7844,2,maize,2,DAP,0.001,8
7844,2,maize,3,KAS,0.4,24
7845,2,maize,1,PK,0.001,50
7845,2,maize,2,DAP,0.001,8
7845,2,maize,3,KAS,0.4,24
7846,2,maize,1,PK,0.001,50
7846,2,maize,2,DAP,0.001,8
7846,2,maize,3,KAS,0.4,24
7847,2,maize,1,PK,0.001,50
7847,2,maize,2,DAP,0.001,8
7847,2,maize,3,KAS,0.4,24
7848,2,maize,1,PK,0.001,50
7848,2,maize,2,DAP,0.001,8
7848,2,maize,3,KAS,0.4,24
7849,2,maize,1,PK,0.001,50
7849,2,maize,2,DAP,0.001,8
7849,2,maize,3,KAS,0.4,24
7850,2,maize,1,PK,0.001,50
7850,2,maize,2,DAP,0.001,8
7850,2,maize,3,KAS,0.4,24
7851,2,maize,1,PK,0.001,50
7851,2,maize,2,DAP,0.001,8
7851,2,maize,3,KAS,0.4,24
7852,2,maize,1,PK,0.001,50
7852,2,maize,2,DAP,0.001,8
7852,2,maize,3,KAS,0.4,24
7853,2,maize,1,PK,0.001,50
7853,2,maize,2,DAP,0.001,8
7853,2,maize,3,KAS,0.4,24
7854,2,maize,1,PK,0.001,50
7854,2,maize,2,DAP,0.001,8
7854,2,maize,3,KAS,0.4,24
7855,2,maize,1,PK,0.001,50
7855,2,maize,2,DAP,0.001,8
7855,2,maize,3,KAS,0.4,24
7856,2,maize,1,PK,0.001,50
7856,2,maize,2,DAP,0.001,8
7856,2,maize,3,KAS,0.4,24
7857,2,maize,1,PK,0.001,50
7857,2,maize,2,DAP,0.001,8
7857,2,maize,3,KAS,0.4,24
7858,2,maize,1,PK,0.001,50
7858,2,maize,2,DAP,0.001,8
7858,2,maize,3,KAS,0.4,24
7859,2,maize,1,PK,0.001,50
7859,2,maize,2,DAP,0.001,8
7859,2,maize,3,KAS,0.4,24
7860,2,maize,1,PK,0.001,50
7860,2,maize,2,DAP,0.001,8
7860,2,maize,3,KAS,0.4,24
7861,2,maize,1,PK,0.001,50
7861,2,maize,2,DAP,0.001,8
7861,2,maize,3,KAS,0.4,24
7862,2,maize,1,PK,0.001,50
7862,2,maize,2,DAP,0.001,8
7862,2,maize,3,KAS,0.4,24
7863,2,maize,1,PK,0.001,50
7863,2,maize,2,DAP,0.001,8
7863,2,maize,3,KAS,0.4,24
7864,2,maize,1,PK,0.001,50
7864,2,maize,2,DAP,0.001,8
7864,2,maize,3,KAS,0.4,24
7865,2,maize,1,PK,0.001,50
7865,2,maize,2,DAP,0.001,8
7865,2,maize,3,KAS,0.4,24
7866,2,maize,1,PK,0.001,50
7866,2,maize,2,DAP,0.001,8
7866,2,maize,3,KAS,0.4,24
7867,2,maize,1,PK,0.001,50
7867,2,maize,2,DAP,0.001,8
7867,2,maize,3,KAS,0.4,24
7868,2,maize,1,PK,0.001,50
7868,2,maize,2,DAP,0.001,8
7868,2,maize,3,KAS,0.4,24
7869,2,maize,1,PK,0.001,50
7869,2,maize,2,DAP,0.001,8
7869,2,maize,3,KAS,0.4,24
7870,2,maize,1,PK,0.001,50
7870,2,maize,2,DAP,0.001,8
7870,2,maize,3,KAS,0.4,24
7871,2,maize,1,PK,0.001,50
7871,2,maize,2,DAP,0.001,8
7871,2,maize,3,KAS,0.4,24
7872,2,maize,1,PK,0.001,50
7872,2,maize,2,DAP,0.001,8
7872,2,maize,3,KAS,0.4,24
7873,2,maize,1,PK,0.001,50
7873,2,maize,2,DAP,0.001,8
7873,2,maize,3,KAS,0.4,24
7874,2,maize,1,PK,0.001,50
7874,2,maize,2,DAP,0.001,8
7874,2,maize,3,KAS,0.4,24
7875,2,maize,1,PK,0.001,50
7875,2,maize,2,DAP,0.001,8
7875,2,maize,3,KAS,0.4,24
7876,2,maize,1,PK,0.001,50
7876,2,maize,2,DAP,0.001,8
7876,2,maize,3,KAS,0.4,24
7877,2,maize,1,PK,0.001,50
7877,2,maize,2,DAP,0.001,8
7877,2,maize,3,KAS,0.4,24
7878,2,maize,1,PK,0.001,50
7878,2,maize,2,DAP,0.001,8
7878,2,maize,3,KAS,0.4,24
7879,2,maize,1,PK,0.001,50
7879,2,maize,2,DAP,0.001,8
7879,2,maize,3,KAS,0.4,24
7880,2,maize,1,PK,0.001,50
7880,2,maize,2,DAP,0.001,8
7880,2,maize,3,KAS,0.4,24
7881,2,maize,1,PK,0.001,50
7881,2,maize,2,DAP,0.001,8
7881,2,maize,3,KAS,0.4,24
7883,2,maize,1,PK,0.001,50
7883,2,maize,2,DAP,0.001,8
7883,2,maize,3,KAS,0.4,24
7884,2,maize,1,PK,0.001,50
7884,2,maize,2,DAP,0.001,8
7884,2,maize,3,KAS,0.4,24
7885,2,maize,1,PK,0.001,50
7885,2,maize,2,DAP,0.001,8
7885,2,maize,3,KAS,0.4,24
7886,2,maize,1,PK,0.001,50
7886,2,maize,2,DAP,0.001,8
7886,2,maize,3,KAS,0.4,24
7887,2,maize,1,PK,0.001,50
7887,2,maize,2,DAP,0.001,8
7887,2,maize,3,KAS,0.4,24
7888,2,maize,1,PK,0.001,50
7888,2,maize,2,DAP,0.001,8
7888,2,maize,3,KAS,0.4,24
7889,2,maize,1,PK,0.001,50
7889,2,maize,2,DAP,0.001,8
7889,2,maize,3,KAS,0.4,24
7890,2,maize,1,PK,0.001,50
7890,2,maize,2,DAP,0.001,8
7890,2,maize,3,KAS,0.4,24
7891,2,maize,1,PK,0.001,50
7891,2,maize,2,DAP,0.001,8
7891,2,maize,3,KAS,0.4,24
7892,2,maize,1,PK,0.001,50
7892,2,maize,2,DAP,0.001,8
7892,2,maize,3,KAS,0.4,24
7893,2,maize,1,PK,0.001,50
7893,2,maize,2,DAP,0.001,8
7893,2,maize,3,KAS,0.4,24
7894,2,maize,1,PK,0.001,50
7894,2,maize,2,DAP,0.001,8
7894,2,maize,3,KAS,0.4,24
7895,2,maize,1,PK,0.001,50
7895,2,maize,2,DAP,0.001,8
7895,2,maize,3,KAS,0.4,24
7896,2,maize,1,PK,0.001,50
7896,2,maize,2,DAP,0.001,8
7896,2,maize,3,KAS,0.4,24
7897,2,maize,1,PK,0.001,50
7897,2,maize,2,DAP,0.001,8
7897,2,maize,3,KAS,0.4,24
7898,2,maize,1,PK,0.001,50
7898,2,maize,2,DAP,0.001,8
7898,2,maize,3,KAS,0.4,24
7899,2,maize,1,PK,0.001,50
7899,2,maize,2,DAP,0.001,8
7899,2,maize,3,KAS,0.4,24
7900,2,maize,1,PK,0.001,50
7900,2,maize,2,DAP,0.001,8
7900,2,maize,3,KAS,0.4,24
7901,2,maize,1,PK,0.001,50
7901,2,maize,2,DAP,0.001,8
7901,2,maize,3,KAS,0.4,24
7902,2,maize,1,PK,0.001,50
7902,2,maize,2,DAP,0.001,8
7902,2,maize,3,KAS,0.4,24
7903,2,maize,1,PK,0.001,50
7903,2,maize,2,DAP,0.001,8
7903,2,maize,3,KAS,0.4,24
7904,2,maize,1,PK,0.001,50
7904,2,maize,2,DAP,0.001,8
7904,2,maize,3,KAS,0.4,24
7905,2,maize,1,PK,0.001,50
7905,2,maize,2,DAP,0.001,8
7905,2,maize,3,KAS,0.4,24
7906,2,maize,1,PK,0.001,50
7906,2,maize,2,DAP,0.001,8
7906,2,maize,3,KAS,0.4,24
7907,2,maize,1,PK,0.001,50
7907,2,maize,2,DAP,0.001,8
7907,2,maize,3,KAS,0.4,24
7908,2,maize,1,PK,0.001,50
7908,2,maize,2,DAP,0.001,8
7908,2,maize,3,KAS,0.4,24
7909,2,maize,1,PK,0.001,50
7909,2,maize,2,DAP,0.001,8
7909,2,maize,3,KAS,0.4,24
7910,2,maize,1,PK,0.001,50
7910,2,maize,2,DAP,0.001,8
7910,2,maize,3,KAS,0.4,24
7911,2,maize,1,PK,0.001,50
7911,2,maize,2,DAP,0.001,8
7911,2,maize,3,KAS,0.4,24
7912,2,maize,1,PK,0.001,50
7912,2,maize,2,DAP,0.001,8
7912,2,maize,3,KAS,0.4,24
7913,2,maize,1,PK,0.001,50
7913,2,maize,2,DAP,0.001,8
7913,2,maize,3,KAS,0.4,24
7914,2,maize,1,PK,0.001,50
7914,2,maize,2,DAP,0.001,8
7914,2,maize,3,KAS,0.4,24
7915,2,maize,1,PK,0.001,50
7915,2,maize,2,DAP,0.001,8
7915,2,maize,3,KAS,0.4,24
7916,2,maize,1,PK,0.001,50
7916,2,maize,2,DAP,0.001,8
7916,2,maize,3,KAS,0.4,24
7917,2,maize,1,PK,0.001,50
7917,2,maize,2,DAP,0.001,8
7917,2,maize,3,KAS,0.4,24
7918,2,maize,1,PK,0.001,50
7918,2,maize,2,DAP,0.001,8
7918,2,maize,3,KAS,0.4,24
7919,2,maize,1,PK,0.001,50
7919,2,maize,2,DAP,0.001,8
7919,2,maize,3,KAS,0.4,24
7920,2,maize,1,PK,0.001,50
7920,2,maize,2,DAP,0.001,8
7920,2,maize,3,KAS,0.4,24
7921,2,maize,1,PK,0.001,50
7921,2,maize,2,DAP,0.001,8
7921,2,maize,3,KAS,0.4,24
7922,2,maize,1,PK,0.001,50
7922,2,maize,2,DAP,0.001,8
7922,2,maize,3,KAS,0.4,24
7923,2,maize,1,PK,0.001,50
7923,2,maize,2,DAP,0.001,8
7923,2,maize,3,KAS,0.4,24
7924,2,maize,1,PK,0.001,50
7924,2,maize,2,DAP,0.001,8
7924,2,maize,3,KAS,0.4,24
7925,2,maize,1,PK,0.001,50
7925,2,maize,2,DAP,0.001,8
7925,2,maize,3,KAS,0.4,24
7926,2,maize,1,PK,0.001,50
7926,2,maize,2,DAP,0.001,8
7926,2,maize,3,KAS,0.4,24
7927,2,maize,1,PK,0.001,50
7927,2,maize,2,DAP,0.001,8
7927,2,maize,3,KAS,0.4,24
7928,2,maize,1,PK,0.001,50
7928,2,maize,2,DAP,0.001,8
7928,2,maize,3,KAS,0.4,24
7929,2,maize,1,PK,0.001,50
7929,2,maize,2,DAP,0.001,8
7929,2,maize,3,KAS,0.4,24
7930,2,maize,1,PK,0.001,50
7930,2,maize,2,DAP,0.001,8
7930,2,maize,3,KAS,0.4,24
7931,2,maize,1,PK,0.001,50
7931,2,maize,2,DAP,0.001,8
7931,2,maize,3,KAS,0.4,24
7932,2,maize,1,PK,0.001,50
7932,2,maize,2,DAP,0.001,8
7932,2,maize,3,KAS,0.4,24
7933,2,maize,1,PK,0.001,50
7933,2,maize,2,DAP,0.001,8
7933,2,maize,3,KAS,0.4,24
7934,2,maize,1,PK,0.001,50
7934,2,maize,2,DAP,0.001,8
7934,2,maize,3,KAS,0.4,24
7935,2,maize,1,PK,0.001,50
7935,2,maize,2,DAP,0.001,8
7935,2,maize,3,KAS,0.4,24
7936,2,maize,1,PK,0.001,50
7936,2,maize,2,DAP,0.001,8
7936,2,maize,3,KAS,0.4,24
7937,2,maize,1,PK,0.001,50
7937,2,maize,2,DAP,0.001,8
7937,2,maize,3,KAS,0.4,24
7938,2,maize,1,PK,0.001,50
7938,2,maize,2,DAP,0.001,8
7938,2,maize,3,KAS,0.4,24
7939,2,maize,1,PK,0.001,50
7939,2,maize,2,DAP,0.001,8
7939,2,maize,3,KAS,0.4,24
7940,2,maize,1,PK,0.001,50
7940,2,maize,2,DAP,0.001,8
7940,2,maize,3,KAS,0.4,24
7941,2,maize,1,PK,0.001,50
7941,2,maize,2,DAP,0.001,8
7941,2,maize,3,KAS,0.4,24
7942,2,maize,1,PK,0.001,50
7942,2,maize,2,DAP,0.001,8
7942,2,maize,3,KAS,0.4,24
7943,2,maize,1,PK,0.001,50
7943,2,maize,2,DAP,0.001,8
7943,2,maize,3,KAS,0.4,24
7944,2,maize,1,PK,0.001,50
7944,2,maize,2,DAP,0.001,8
7944,2,maize,3,KAS,0.4,24
7945,2,maize,1,PK,0.001,50
7945,2,maize,2,DAP,0.001,8
7945,2,maize,3,KAS,0.4,24
7946,2,maize,1,PK,0.001,50
7946,2,maize,2,DAP,0.001,8
7946,2,maize,3,KAS,0.4,24
7947,2,maize,1,PK,0.001,50
7947,2,maize,2,DAP,0.001,8
7947,2,maize,3,KAS,0.4,24
7948,2,maize,1,PK,0.001,50
7948,2,maize,2,DAP,0.001,8
7948,2,maize,3,KAS,0.4,24
7949,2,maize,1,PK,0.001,50
7949,2,maize,2,DAP,0.001,8
7949,2,maize,3,KAS,0.4,24
7950,2,maize,1,PK,0.001,50
7950,2,maize,2,DAP,0.001,8
7950,2,maize,3,KAS,0.4,24
7951,2,maize,1,PK,0.001,50
7951,2,maize,2,DAP,0.001,8
7951,2,maize,3,KAS,0.4,24
7952,2,maize,1,PK,0.001,50
7952,2,maize,2,DAP,0.001,8
7952,2,maize,3,KAS,0.4,24
7953,2,maize,1,PK,0.001,50
7953,2,maize,2,DAP,0.001,8
7953,2,maize,3,KAS,0.4,24
7954,2,maize,1,PK,0.001,50
7954,2,maize,2,DAP,0.001,8
7954,2,maize,3,KAS,0.4,24
7955,2,maize,1,PK,0.001,50
7955,2,maize,2,DAP,0.001,8
7955,2,maize,3,KAS,0.4,24
7956,2,maize,1,PK,0.001,50
7956,2,maize,2,DAP,0.001,8
7956,2,maize,3,KAS,0.4,24
7957,2,maize,1,PK,0.001,50
7957,2,maize,2,DAP,0.001,8
7957,2,maize,3,KAS,0.4,24
7958,2,maize,1,PK,0.001,50
7958,2,maize,2,DAP,0.001,8
7958,2,maize,3,KAS,0.4,24
7959,2,maize,1,PK,0.001,50
7959,2,maize,2,DAP,0.001,8
7959,2,maize,3,KAS,0.4,24
7960,2,maize,1,PK,0.001,50
7960,2,maize,2,DAP,0.001,8
7960,2,maize,3,KAS,0.4,24
7961,2,maize,1,PK,0.001,50
7961,2,maize,2,DAP,0.001,8
7961,2,maize,3,KAS,0.4,24
7962,2,maize,1,PK,0.001,50
7962,2,maize,2,DAP,0.001,8
7962,2,maize,3,KAS,0.4,24
7963,2,maize,1,PK,0.001,50
7963,2,maize,2,DAP,0.001,8
7963,2,maize,3,KAS,0.4,24
7964,2,maize,1,PK,0.001,50
7964,2,maize,2,DAP,0.001,8
7964,2,maize,3,KAS,0.4,24
7965,2,maize,1,PK,0.001,50
7965,2,maize,2,DAP,0.001,8
7965,2,maize,3,KAS,0.4,24
7966,2,maize,1,PK,0.001,50
7966,2,maize,2,DAP,0.001,8
7966,2,maize,3,KAS,0.4,24
7967,2,maize,1,PK,0.001,50
7967,2,maize,2,DAP,0.001,8
7967,2,maize,3,KAS,0.4,24
7968,2,maize,1,PK,0.001,50
7968,2,maize,2,DAP,0.001,8
7968,2,maize,3,KAS,0.4,24
7969,2,maize,1,PK,0.001,50
7969,2,maize,2,DAP,0.001,8
7969,2,maize,3,KAS,0.4,24
7970,2,maize,1,PK,0.001,50
7970,2,maize,2,DAP,0.001,8
7970,2,maize,3,KAS,0.4,24
7971,2,maize,1,PK,0.001,50
7971,2,maize,2,DAP,0.001,8
7971,2,maize,3,KAS,0.4,24
7973,2,maize,1,PK,0.001,50
7973,2,maize,2,DAP,0.001,8
7973,2,maize,3,KAS,0.4,24
7974,2,maize,1,PK,0.001,50
7974,2,maize,2,DAP,0.001,8
7974,2,maize,3,KAS,0.4,24
7976,2,maize,1,PK,0.001,50
7976,2,maize,2,DAP,0.001,8
7976,2,maize,3,KAS,0.4,24
7977,2,maize,1,PK,0.001,50
7977,2,maize,2,DAP,0.001,8
7977,2,maize,3,KAS,0.4,24
7978,2,maize,1,PK,0.001,50
7978,2,maize,2,DAP,0.001,8
7978,2,maize,3,KAS,0.4,24
7979,2,maize,1,PK,0.001,50
7979,2,maize,2,DAP,0.001,8
7979,2,maize,3,KAS,0.4,24
7980,2,maize,1,PK,0.001,50
7980,2,maize,2,DAP,0.001,8
7980,2,maize,3,KAS,0.4,24
7981,2,maize,1,PK,0.001,50
7981,2,maize,2,DAP,0.001,8
7981,2,maize,3,KAS,0.4,24
7982,2,maize,1,PK,0.001,50
7982,2,maize,2,DAP,0.001,8
7982,2,maize,3,KAS,0.4,24
7983,2,maize,1,PK,0.001,50
7983,2,maize,2,DAP,0.001,8
7983,2,maize,3,KAS,0.4,24
7984,2,maize,1,PK,0.001,50
7984,2,maize,2,DAP,0.001,8
7984,2,maize,3,KAS,0.4,24
7985,2,maize,1,PK,0.001,50
7985,2,maize,2,DAP,0.001,8
7985,2,maize,3,KAS,0.4,24
7986,2,maize,1,PK,0.001,50
7986,2,maize,2,DAP,0.001,8
7986,2,maize,3,KAS,0.4,24
7987,2,maize,1,PK,0.001,50
7987,2,maize,2,DAP,0.001,8
7987,2,maize,3,KAS,0.4,24
7988,2,maize,1,PK,0.001,50
7988,2,maize,2,DAP,0.001,8
7988,2,maize,3,KAS,0.4,24
7989,2,maize,1,PK,0.001,50
7989,2,maize,2,DAP,0.001,8
7989,2,maize,3,KAS,0.4,24
7990,2,maize,1,PK,0.001,50
7990,2,maize,2,DAP,0.001,8
7990,2,maize,3,KAS,0.4,24
7992,2,maize,1,PK,0.001,50
7992,2,maize,2,DAP,0.001,8
7992,2,maize,3,KAS,0.4,24
7993,2,maize,1,PK,0.001,50
7993,2,maize,2,DAP,0.001,8
7993,2,maize,3,KAS,0.4,24
7994,2,maize,1,PK,0.001,50
7994,2,maize,2,DAP,0.001,8
7994,2,maize,3,KAS,0.4,24
7995,2,maize,1,PK,0.001,50
7995,2,maize,2,DAP,0.001,8
7995,2,maize,3,KAS,0.4,24
7996,2,maize,1,PK,0.001,50
7996,2,maize,2,DAP,0.001,8
7996,2,maize,3,KAS,0.4,24
7997,2,maize,1,PK,0.001,50
7997,2,maize,2,DAP,0.001,8
7997,2,maize,3,KAS,0.4,24
7998,2,maize,1,PK,0.001,50
7998,2,maize,2,DAP,0.001,8
7998,2,maize,3,KAS,0.4,24
7999,2,maize,1,PK,0.001,50
7999,2,maize,2,DAP,0.001,8
7999,2,maize,3,KAS,0.4,24
8000,2,maize,1,PK,0.001,50
8000,2,maize,2,DAP,0.001,8
8000,2,maize,3,KAS,0.4,24
8001,2,maize,1,PK,0.001,50
8001,2,maize,2,DAP,0.001,8
8001,2,maize,3,KAS,0.4,24
8002,2,maize,1,PK,0.001,50
8002,2,maize,2,DAP,0.001,8
8002,2,maize,3,KAS,0.4,24
8003,2,maize,1,PK,0.001,50
8003,2,maize,2,DAP,0.001,8
8003,2,maize,3,KAS,0.4,24
8004,2,maize,1,PK,0.001,50
8004,2,maize,2,DAP,0.001,8
8004,2,maize,3,KAS,0.4,24
8005,2,maize,1,PK,0.001,50
8005,2,maize,2,DAP,0.001,8
8005,2,maize,3,KAS,0.4,24
8006,2,maize,1,PK,0.001,50
8006,2,maize,2,DAP,0.001,8
8006,2,maize,3,KAS,0.4,24
8007,2,maize,1,PK,0.001,50
8007,2,maize,2,DAP,0.001,8
8007,2,maize,3,KAS,0.4,24
8008,2,maize,1,PK,0.001,50
8008,2,maize,2,DAP,0.001,8
8008,2,maize,3,KAS,0.4,24
8009,2,maize,1,PK,0.001,50
8009,2,maize,2,DAP,0.001,8
8009,2,maize,3,KAS,0.4,24
8010,2,maize,1,PK,0.001,50
8010,2,maize,2,DAP,0.001,8
8010,2,maize,3,KAS,0.4,24
8011,2,maize,1,PK,0.001,50
8011,2,maize,2,DAP,0.001,8
8011,2,maize,3,KAS,0.4,24
8012,2,maize,1,PK,0.001,50
8012,2,maize,2,DAP,0.001,8
8012,2,maize,3,KAS,0.4,24
8013,2,maize,1,PK,0.001,50
8013,2,maize,2,DAP,0.001,8
8013,2,maize,3,KAS,0.4,24
8014,2,maize,1,PK,0.001,50
8014,2,maize,2,DAP,0.001,8
8014,2,maize,3,KAS,0.4,24
8015,2,maize,1,PK,0.001,50
8015,2,maize,2,DAP,0.001,8
8015,2,maize,3,KAS,0.4,24
8016,2,maize,1,PK,0.001,50
8016,2,maize,2,DAP,0.001,8
8016,2,maize,3,KAS,0.4,24
8017,2,maize,1,PK,0.001,50
8017,2,maize,2,DAP,0.001,8
8017,2,maize,3,KAS,0.4,24
8018,2,maize,1,PK,0.001,50
8018,2,maize,2,DAP,0.001,8
8018,2,maize,3,KAS,0.4,24
8019,2,maize,1,PK,0.001,50
8019,2,maize,2,DAP,0.001,8
8019,2,maize,3,KAS,0.4,24
8020,2,maize,1,PK,0.001,50
8020,2,maize,2,DAP,0.001,8
8020,2,maize,3,KAS,0.4,24
8021,2,maize,1,PK,0.001,50
8021,2,maize,2,DAP,0.001,8
8021,2,maize,3,KAS,0.4,24
8022,2,maize,1,PK,0.001,50
8022,2,maize,2,DAP,0.001,8
8022,2,maize,3,KAS,0.4,24
8023,2,maize,1,PK,0.001,50
8023,2,maize,2,DAP,0.001,8
8023,2,maize,3,KAS,0.4,24
8024,2,maize,1,PK,0.001,50
8024,2,maize,2,DAP,0.001,8
8024,2,maize,3,KAS,0.4,24
8025,2,maize,1,PK,0.001,50
8025,2,maize,2,DAP,0.001,8
8025,2,maize,3,KAS,0.4,24
8026,2,maize,1,PK,0.001,50
8026,2,maize,2,DAP,0.001,8
8026,2,maize,3,KAS,0.4,24
8027,2,maize,1,PK,0.001,50
8027,2,maize,2,DAP,0.001,8
8027,2,maize,3,KAS,0.4,24
8028,2,maize,1,PK,0.001,50
8028,2,maize,2,DAP,0.001,8
8028,2,maize,3,KAS,0.4,24
8029,2,maize,1,PK,0.001,50
8029,2,maize,2,DAP,0.001,8
8029,2,maize,3,KAS,0.4,24
8030,2,maize,1,PK,0.001,50
8030,2,maize,2,DAP,0.001,8
8030,2,maize,3,KAS,0.4,24
8031,2,maize,1,PK,0.001,50
8031,2,maize,2,DAP,0.001,8
8031,2,maize,3,KAS,0.4,24
