location,FertilizerScenario,crop,Event,vType,DVS,Amount
2,2,maize,1,PK,0.001,50
2,2,maize,2,DAP,0.001,8
2,2,maize,3,KAS,0.4,24
3,2,maize,1,PK,0.001,50
3,2,maize,2,DAP,0.001,8
3,2,maize,3,KAS,0.4,24
4,2,maize,1,PK,0.001,50
4,2,maize,2,DAP,0.001,8
4,2,maize,3,KAS,0.4,24
5,2,maize,1,PK,0.001,50
5,2,maize,2,DAP,0.001,8
5,2,maize,3,KAS,0.4,24
6,2,maize,1,PK,0.001,50
6,2,maize,2,DAP,0.001,8
6,2,maize,3,KAS,0.4,24
7,2,maize,1,PK,0.001,50
7,2,maize,2,DAP,0.001,8
7,2,maize,3,KAS,0.4,24
8,2,maize,1,PK,0.001,50
8,2,maize,2,DAP,0.001,8
8,2,maize,3,KAS,0.4,24
10,2,maize,1,PK,0.001,50
10,2,maize,2,DAP,0.001,8
10,2,maize,3,KAS,0.4,24
11,2,maize,1,PK,0.001,50
11,2,maize,2,DAP,0.001,8
11,2,maize,3,KAS,0.4,24
14,2,maize,1,PK,0.001,50
14,2,maize,2,DAP,0.001,8
14,2,maize,3,KAS,0.4,24
16,2,maize,1,PK,0.001,50
16,2,maize,2,DAP,0.001,8
16,2,maize,3,KAS,0.4,24
17,2,maize,1,PK,0.001,50
17,2,maize,2,DAP,0.001,8
17,2,maize,3,KAS,0.4,24
18,2,maize,1,PK,0.001,50
18,2,maize,2,DAP,0.001,8
18,2,maize,3,KAS,0.4,24
19,2,maize,1,PK,0.001,50
19,2,maize,2,DAP,0.001,8
19,2,maize,3,KAS,0.4,24
20,2,maize,1,PK,0.001,50
20,2,maize,2,DAP,0.001,8
20,2,maize,3,KAS,0.4,24
21,2,maize,1,PK,0.001,50
21,2,maize,2,DAP,0.001,8
21,2,maize,3,KAS,0.4,24
22,2,maize,1,PK,0.001,50
22,2,maize,2,DAP,0.001,8
22,2,maize,3,KAS,0.4,24
23,2,maize,1,PK,0.001,50
23,2,maize,2,DAP,0.001,8
23,2,maize,3,KAS,0.4,24
24,2,maize,1,PK,0.001,50
24,2,maize,2,DAP,0.001,8
24,2,maize,3,KAS,0.4,24
25,2,maize,1,PK,0.001,50
25,2,maize,2,DAP,0.001,8
25,2,maize,3,KAS,0.4,24
27,2,maize,1,PK,0.001,50
27,2,maize,2,DAP,0.001,8
27,2,maize,3,KAS,0.4,24
28,2,maize,1,PK,0.001,50
28,2,maize,2,DAP,0.001,8
28,2,maize,3,KAS,0.4,24
29,2,maize,1,PK,0.001,50
29,2,maize,2,DAP,0.001,8
29,2,maize,3,KAS,0.4,24
30,2,maize,1,PK,0.001,50
30,2,maize,2,DAP,0.001,8
30,2,maize,3,KAS,0.4,24
31,2,maize,1,PK,0.001,50
31,2,maize,2,DAP,0.001,8
31,2,maize,3,KAS,0.4,24
32,2,maize,1,PK,0.001,50
32,2,maize,2,DAP,0.001,8
32,2,maize,3,KAS,0.4,24
33,2,maize,1,PK,0.001,50
33,2,maize,2,DAP,0.001,8
33,2,maize,3,KAS,0.4,24
35,2,maize,1,PK,0.001,50
35,2,maize,2,DAP,0.001,8
35,2,maize,3,KAS,0.4,24
36,2,maize,1,PK,0.001,50
36,2,maize,2,DAP,0.001,8
36,2,maize,3,KAS,0.4,24
37,2,maize,1,PK,0.001,50
37,2,maize,2,DAP,0.001,8
37,2,maize,3,KAS,0.4,24
38,2,maize,1,PK,0.001,50
38,2,maize,2,DAP,0.001,8
38,2,maize,3,KAS,0.4,24
41,2,maize,1,PK,0.001,50
41,2,maize,2,DAP,0.001,8
41,2,maize,3,KAS,0.4,24
42,2,maize,1,PK,0.001,50
42,2,maize,2,DAP,0.001,8
42,2,maize,3,KAS,0.4,24
43,2,maize,1,PK,0.001,50
43,2,maize,2,DAP,0.001,8
43,2,maize,3,KAS,0.4,24
46,2,maize,1,PK,0.001,50
46,2,maize,2,DAP,0.001,8
46,2,maize,3,KAS,0.4,24
48,2,maize,1,PK,0.001,50
48,2,maize,2,DAP,0.001,8
48,2,maize,3,KAS,0.4,24
49,2,maize,1,PK,0.001,50
49,2,maize,2,DAP,0.001,8
49,2,maize,3,KAS,0.4,24
50,2,maize,1,PK,0.001,50
50,2,maize,2,DAP,0.001,8
50,2,maize,3,KAS,0.4,24
52,2,maize,1,PK,0.001,50
52,2,maize,2,DAP,0.001,8
52,2,maize,3,KAS,0.4,24
57,2,maize,1,PK,0.001,50
57,2,maize,2,DAP,0.001,8
57,2,maize,3,KAS,0.4,24
58,2,maize,1,PK,0.001,50
58,2,maize,2,DAP,0.001,8
58,2,maize,3,KAS,0.4,24
59,2,maize,1,PK,0.001,50
59,2,maize,2,DAP,0.001,8
59,2,maize,3,KAS,0.4,24
60,2,maize,1,PK,0.001,50
60,2,maize,2,DAP,0.001,8
60,2,maize,3,KAS,0.4,24
62,2,maize,1,PK,0.001,50
62,2,maize,2,DAP,0.001,8
62,2,maize,3,KAS,0.4,24
63,2,maize,1,PK,0.001,50
63,2,maize,2,DAP,0.001,8
63,2,maize,3,KAS,0.4,24
64,2,maize,1,PK,0.001,50
64,2,maize,2,DAP,0.001,8
64,2,maize,3,KAS,0.4,24
65,2,maize,1,PK,0.001,50
65,2,maize,2,DAP,0.001,8
65,2,maize,3,KAS,0.4,24
66,2,maize,1,PK,0.001,50
66,2,maize,2,DAP,0.001,8
66,2,maize,3,KAS,0.4,24
67,2,maize,1,PK,0.001,50
67,2,maize,2,DAP,0.001,8
67,2,maize,3,KAS,0.4,24
68,2,maize,1,PK,0.001,50
68,2,maize,2,DAP,0.001,8
68,2,maize,3,KAS,0.4,24
71,2,maize,1,PK,0.001,50
71,2,maize,2,DAP,0.001,8
71,2,maize,3,KAS,0.4,24
73,2,maize,1,PK,0.001,50
73,2,maize,2,DAP,0.001,8
73,2,maize,3,KAS,0.4,24
74,2,maize,1,PK,0.001,50
74,2,maize,2,DAP,0.001,8
74,2,maize,3,KAS,0.4,24
75,2,maize,1,PK,0.001,50
75,2,maize,2,DAP,0.001,8
75,2,maize,3,KAS,0.4,24
76,2,maize,1,PK,0.001,50
76,2,maize,2,DAP,0.001,8
76,2,maize,3,KAS,0.4,24
77,2,maize,1,PK,0.001,50
77,2,maize,2,DAP,0.001,8
77,2,maize,3,KAS,0.4,24
78,2,maize,1,PK,0.001,50
78,2,maize,2,DAP,0.001,8
78,2,maize,3,KAS,0.4,24
80,2,maize,1,PK,0.001,50
80,2,maize,2,DAP,0.001,8
80,2,maize,3,KAS,0.4,24
81,2,maize,1,PK,0.001,50
81,2,maize,2,DAP,0.001,8
81,2,maize,3,KAS,0.4,24
82,2,maize,1,PK,0.001,50
82,2,maize,2,DAP,0.001,8
82,2,maize,3,KAS,0.4,24
83,2,maize,1,PK,0.001,50
83,2,maize,2,DAP,0.001,8
83,2,maize,3,KAS,0.4,24
84,2,maize,1,PK,0.001,50
84,2,maize,2,DAP,0.001,8
84,2,maize,3,KAS,0.4,24
85,2,maize,1,PK,0.001,50
85,2,maize,2,DAP,0.001,8
85,2,maize,3,KAS,0.4,24
86,2,maize,1,PK,0.001,50
86,2,maize,2,DAP,0.001,8
86,2,maize,3,KAS,0.4,24
87,2,maize,1,PK,0.001,50
87,2,maize,2,DAP,0.001,8
87,2,maize,3,KAS,0.4,24
88,2,maize,1,PK,0.001,50
88,2,maize,2,DAP,0.001,8
88,2,maize,3,KAS,0.4,24
89,2,maize,1,PK,0.001,50
89,2,maize,2,DAP,0.001,8
89,2,maize,3,KAS,0.4,24
91,2,maize,1,PK,0.001,50
91,2,maize,2,DAP,0.001,8
91,2,maize,3,KAS,0.4,24
92,2,maize,1,PK,0.001,50
92,2,maize,2,DAP,0.001,8
92,2,maize,3,KAS,0.4,24
93,2,maize,1,PK,0.001,50
93,2,maize,2,DAP,0.001,8
93,2,maize,3,KAS,0.4,24
95,2,maize,1,PK,0.001,50
95,2,maize,2,DAP,0.001,8
95,2,maize,3,KAS,0.4,24
96,2,maize,1,PK,0.001,50
96,2,maize,2,DAP,0.001,8
96,2,maize,3,KAS,0.4,24
98,2,maize,1,PK,0.001,50
98,2,maize,2,DAP,0.001,8
98,2,maize,3,KAS,0.4,24
100,2,maize,1,PK,0.001,50
100,2,maize,2,DAP,0.001,8
100,2,maize,3,KAS,0.4,24
101,2,maize,1,PK,0.001,50
101,2,maize,2,DAP,0.001,8
101,2,maize,3,KAS,0.4,24
102,2,maize,1,PK,0.001,50
102,2,maize,2,DAP,0.001,8
102,2,maize,3,KAS,0.4,24
104,2,maize,1,PK,0.001,50
104,2,maize,2,DAP,0.001,8
104,2,maize,3,KAS,0.4,24
106,2,maize,1,PK,0.001,50
106,2,maize,2,DAP,0.001,8
106,2,maize,3,KAS,0.4,24
107,2,maize,1,PK,0.001,50
107,2,maize,2,DAP,0.001,8
107,2,maize,3,KAS,0.4,24
112,2,maize,1,PK,0.001,50
112,2,maize,2,DAP,0.001,8
112,2,maize,3,KAS,0.4,24
113,2,maize,1,PK,0.001,50
113,2,maize,2,DAP,0.001,8
113,2,maize,3,KAS,0.4,24
114,2,maize,1,PK,0.001,50
114,2,maize,2,DAP,0.001,8
114,2,maize,3,KAS,0.4,24
116,2,maize,1,PK,0.001,50
116,2,maize,2,DAP,0.001,8
116,2,maize,3,KAS,0.4,24
119,2,maize,1,PK,0.001,50
119,2,maize,2,DAP,0.001,8
119,2,maize,3,KAS,0.4,24
120,2,maize,1,PK,0.001,50
120,2,maize,2,DAP,0.001,8
120,2,maize,3,KAS,0.4,24
121,2,maize,1,PK,0.001,50
121,2,maize,2,DAP,0.001,8
121,2,maize,3,KAS,0.4,24
123,2,maize,1,PK,0.001,50
123,2,maize,2,DAP,0.001,8
123,2,maize,3,KAS,0.4,24
124,2,maize,1,PK,0.001,50
124,2,maize,2,DAP,0.001,8
124,2,maize,3,KAS,0.4,24
125,2,maize,1,PK,0.001,50
125,2,maize,2,DAP,0.001,8
125,2,maize,3,KAS,0.4,24
126,2,maize,1,PK,0.001,50
126,2,maize,2,DAP,0.001,8
126,2,maize,3,KAS,0.4,24
127,2,maize,1,PK,0.001,50
127,2,maize,2,DAP,0.001,8
127,2,maize,3,KAS,0.4,24
128,2,maize,1,PK,0.001,50
128,2,maize,2,DAP,0.001,8
128,2,maize,3,KAS,0.4,24
129,2,maize,1,PK,0.001,50
129,2,maize,2,DAP,0.001,8
129,2,maize,3,KAS,0.4,24
131,2,maize,1,PK,0.001,50
131,2,maize,2,DAP,0.001,8
131,2,maize,3,KAS,0.4,24
132,2,maize,1,PK,0.001,50
132,2,maize,2,DAP,0.001,8
132,2,maize,3,KAS,0.4,24
134,2,maize,1,PK,0.001,50
134,2,maize,2,DAP,0.001,8
134,2,maize,3,KAS,0.4,24
136,2,maize,1,PK,0.001,50
136,2,maize,2,DAP,0.001,8
136,2,maize,3,KAS,0.4,24
137,2,maize,1,PK,0.001,50
137,2,maize,2,DAP,0.001,8
137,2,maize,3,KAS,0.4,24
138,2,maize,1,PK,0.001,50
138,2,maize,2,DAP,0.001,8
138,2,maize,3,KAS,0.4,24
140,2,maize,1,PK,0.001,50
140,2,maize,2,DAP,0.001,8
140,2,maize,3,KAS,0.4,24
141,2,maize,1,PK,0.001,50
141,2,maize,2,DAP,0.001,8
141,2,maize,3,KAS,0.4,24
144,2,maize,1,PK,0.001,50
144,2,maize,2,DAP,0.001,8
144,2,maize,3,KAS,0.4,24
145,2,maize,1,PK,0.001,50
145,2,maize,2,DAP,0.001,8
145,2,maize,3,KAS,0.4,24
146,2,maize,1,PK,0.001,50
146,2,maize,2,DAP,0.001,8
146,2,maize,3,KAS,0.4,24
147,2,maize,1,PK,0.001,50
147,2,maize,2,DAP,0.001,8
147,2,maize,3,KAS,0.4,24
148,2,maize,1,PK,0.001,50
148,2,maize,2,DAP,0.001,8
148,2,maize,3,KAS,0.4,24
149,2,maize,1,PK,0.001,50
149,2,maize,2,DAP,0.001,8
149,2,maize,3,KAS,0.4,24
150,2,maize,1,PK,0.001,50
150,2,maize,2,DAP,0.001,8
150,2,maize,3,KAS,0.4,24
151,2,maize,1,PK,0.001,50
151,2,maize,2,DAP,0.001,8
151,2,maize,3,KAS,0.4,24
152,2,maize,1,PK,0.001,50
152,2,maize,2,DAP,0.001,8
152,2,maize,3,KAS,0.4,24
153,2,maize,1,PK,0.001,50
153,2,maize,2,DAP,0.001,8
153,2,maize,3,KAS,0.4,24
155,2,maize,1,PK,0.001,50
155,2,maize,2,DAP,0.001,8
155,2,maize,3,KAS,0.4,24
156,2,maize,1,PK,0.001,50
156,2,maize,2,DAP,0.001,8
156,2,maize,3,KAS,0.4,24
158,2,maize,1,PK,0.001,50
158,2,maize,2,DAP,0.001,8
158,2,maize,3,KAS,0.4,24
160,2,maize,1,PK,0.001,50
160,2,maize,2,DAP,0.001,8
160,2,maize,3,KAS,0.4,24
161,2,maize,1,PK,0.001,50
161,2,maize,2,DAP,0.001,8
161,2,maize,3,KAS,0.4,24
162,2,maize,1,PK,0.001,50
162,2,maize,2,DAP,0.001,8
162,2,maize,3,KAS,0.4,24
166,2,maize,1,PK,0.001,50
166,2,maize,2,DAP,0.001,8
166,2,maize,3,KAS,0.4,24
167,2,maize,1,PK,0.001,50
167,2,maize,2,DAP,0.001,8
167,2,maize,3,KAS,0.4,24
170,2,maize,1,PK,0.001,50
170,2,maize,2,DAP,0.001,8
170,2,maize,3,KAS,0.4,24
171,2,maize,1,PK,0.001,50
171,2,maize,2,DAP,0.001,8
171,2,maize,3,KAS,0.4,24
172,2,maize,1,PK,0.001,50
172,2,maize,2,DAP,0.001,8
172,2,maize,3,KAS,0.4,24
175,2,maize,1,PK,0.001,50
175,2,maize,2,DAP,0.001,8
175,2,maize,3,KAS,0.4,24
176,2,maize,1,PK,0.001,50
176,2,maize,2,DAP,0.001,8
176,2,maize,3,KAS,0.4,24
177,2,maize,1,PK,0.001,50
177,2,maize,2,DAP,0.001,8
177,2,maize,3,KAS,0.4,24
179,2,maize,1,PK,0.001,50
179,2,maize,2,DAP,0.001,8
179,2,maize,3,KAS,0.4,24
181,2,maize,1,PK,0.001,50
181,2,maize,2,DAP,0.001,8
181,2,maize,3,KAS,0.4,24
182,2,maize,1,PK,0.001,50
182,2,maize,2,DAP,0.001,8
182,2,maize,3,KAS,0.4,24
183,2,maize,1,PK,0.001,50
183,2,maize,2,DAP,0.001,8
183,2,maize,3,KAS,0.4,24
185,2,maize,1,PK,0.001,50
185,2,maize,2,DAP,0.001,8
185,2,maize,3,KAS,0.4,24
186,2,maize,1,PK,0.001,50
186,2,maize,2,DAP,0.001,8
186,2,maize,3,KAS,0.4,24
187,2,maize,1,PK,0.001,50
187,2,maize,2,DAP,0.001,8
187,2,maize,3,KAS,0.4,24
188,2,maize,1,PK,0.001,50
188,2,maize,2,DAP,0.001,8
188,2,maize,3,KAS,0.4,24
190,2,maize,1,PK,0.001,50
190,2,maize,2,DAP,0.001,8
190,2,maize,3,KAS,0.4,24
191,2,maize,1,PK,0.001,50
191,2,maize,2,DAP,0.001,8
191,2,maize,3,KAS,0.4,24
192,2,maize,1,PK,0.001,50
192,2,maize,2,DAP,0.001,8
192,2,maize,3,KAS,0.4,24
193,2,maize,1,PK,0.001,50
193,2,maize,2,DAP,0.001,8
193,2,maize,3,KAS,0.4,24
194,2,maize,1,PK,0.001,50
194,2,maize,2,DAP,0.001,8
194,2,maize,3,KAS,0.4,24
195,2,maize,1,PK,0.001,50
195,2,maize,2,DAP,0.001,8
195,2,maize,3,KAS,0.4,24
197,2,maize,1,PK,0.001,50
197,2,maize,2,DAP,0.001,8
197,2,maize,3,KAS,0.4,24
198,2,maize,1,PK,0.001,50
198,2,maize,2,DAP,0.001,8
198,2,maize,3,KAS,0.4,24
200,2,maize,1,PK,0.001,50
200,2,maize,2,DAP,0.001,8
200,2,maize,3,KAS,0.4,24
201,2,maize,1,PK,0.001,50
201,2,maize,2,DAP,0.001,8
201,2,maize,3,KAS,0.4,24
202,2,maize,1,PK,0.001,50
202,2,maize,2,DAP,0.001,8
202,2,maize,3,KAS,0.4,24
203,2,maize,1,PK,0.001,50
203,2,maize,2,DAP,0.001,8
203,2,maize,3,KAS,0.4,24
205,2,maize,1,PK,0.001,50
205,2,maize,2,DAP,0.001,8
205,2,maize,3,KAS,0.4,24
206,2,maize,1,PK,0.001,50
206,2,maize,2,DAP,0.001,8
206,2,maize,3,KAS,0.4,24
207,2,maize,1,PK,0.001,50
207,2,maize,2,DAP,0.001,8
207,2,maize,3,KAS,0.4,24
208,2,maize,1,PK,0.001,50
208,2,maize,2,DAP,0.001,8
208,2,maize,3,KAS,0.4,24
210,2,maize,1,PK,0.001,50
210,2,maize,2,DAP,0.001,8
210,2,maize,3,KAS,0.4,24
211,2,maize,1,PK,0.001,50
211,2,maize,2,DAP,0.001,8
211,2,maize,3,KAS,0.4,24
212,2,maize,1,PK,0.001,50
212,2,maize,2,DAP,0.001,8
212,2,maize,3,KAS,0.4,24
213,2,maize,1,PK,0.001,50
213,2,maize,2,DAP,0.001,8
213,2,maize,3,KAS,0.4,24
214,2,maize,1,PK,0.001,50
214,2,maize,2,DAP,0.001,8
214,2,maize,3,KAS,0.4,24
215,2,maize,1,PK,0.001,50
215,2,maize,2,DAP,0.001,8
215,2,maize,3,KAS,0.4,24
219,2,maize,1,PK,0.001,50
219,2,maize,2,DAP,0.001,8
219,2,maize,3,KAS,0.4,24
220,2,maize,1,PK,0.001,50
220,2,maize,2,DAP,0.001,8
220,2,maize,3,KAS,0.4,24
221,2,maize,1,PK,0.001,50
221,2,maize,2,DAP,0.001,8
221,2,maize,3,KAS,0.4,24
222,2,maize,1,PK,0.001,50
222,2,maize,2,DAP,0.001,8
222,2,maize,3,KAS,0.4,24
225,2,maize,1,PK,0.001,50
225,2,maize,2,DAP,0.001,8
225,2,maize,3,KAS,0.4,24
229,2,maize,1,PK,0.001,50
229,2,maize,2,DAP,0.001,8
229,2,maize,3,KAS,0.4,24
230,2,maize,1,PK,0.001,50
230,2,maize,2,DAP,0.001,8
230,2,maize,3,KAS,0.4,24
232,2,maize,1,PK,0.001,50
232,2,maize,2,DAP,0.001,8
232,2,maize,3,KAS,0.4,24
233,2,maize,1,PK,0.001,50
233,2,maize,2,DAP,0.001,8
233,2,maize,3,KAS,0.4,24
234,2,maize,1,PK,0.001,50
234,2,maize,2,DAP,0.001,8
234,2,maize,3,KAS,0.4,24
236,2,maize,1,PK,0.001,50
236,2,maize,2,DAP,0.001,8
236,2,maize,3,KAS,0.4,24
237,2,maize,1,PK,0.001,50
237,2,maize,2,DAP,0.001,8
237,2,maize,3,KAS,0.4,24
238,2,maize,1,PK,0.001,50
238,2,maize,2,DAP,0.001,8
238,2,maize,3,KAS,0.4,24
240,2,maize,1,PK,0.001,50
240,2,maize,2,DAP,0.001,8
240,2,maize,3,KAS,0.4,24
241,2,maize,1,PK,0.001,50
241,2,maize,2,DAP,0.001,8
241,2,maize,3,KAS,0.4,24
242,2,maize,1,PK,0.001,50
242,2,maize,2,DAP,0.001,8
242,2,maize,3,KAS,0.4,24
243,2,maize,1,PK,0.001,50
243,2,maize,2,DAP,0.001,8
243,2,maize,3,KAS,0.4,24
244,2,maize,1,PK,0.001,50
244,2,maize,2,DAP,0.001,8
244,2,maize,3,KAS,0.4,24
245,2,maize,1,PK,0.001,50
245,2,maize,2,DAP,0.001,8
245,2,maize,3,KAS,0.4,24
246,2,maize,1,PK,0.001,50
246,2,maize,2,DAP,0.001,8
246,2,maize,3,KAS,0.4,24
247,2,maize,1,PK,0.001,50
247,2,maize,2,DAP,0.001,8
247,2,maize,3,KAS,0.4,24
249,2,maize,1,PK,0.001,50
249,2,maize,2,DAP,0.001,8
249,2,maize,3,KAS,0.4,24
250,2,maize,1,PK,0.001,50
250,2,maize,2,DAP,0.001,8
250,2,maize,3,KAS,0.4,24
251,2,maize,1,PK,0.001,50
251,2,maize,2,DAP,0.001,8
251,2,maize,3,KAS,0.4,24
252,2,maize,1,PK,0.001,50
252,2,maize,2,DAP,0.001,8
252,2,maize,3,KAS,0.4,24
253,2,maize,1,PK,0.001,50
253,2,maize,2,DAP,0.001,8
253,2,maize,3,KAS,0.4,24
254,2,maize,1,PK,0.001,50
254,2,maize,2,DAP,0.001,8
254,2,maize,3,KAS,0.4,24
255,2,maize,1,PK,0.001,50
255,2,maize,2,DAP,0.001,8
255,2,maize,3,KAS,0.4,24
257,2,maize,1,PK,0.001,50
257,2,maize,2,DAP,0.001,8
257,2,maize,3,KAS,0.4,24
258,2,maize,1,PK,0.001,50
258,2,maize,2,DAP,0.001,8
258,2,maize,3,KAS,0.4,24
259,2,maize,1,PK,0.001,50
259,2,maize,2,DAP,0.001,8
259,2,maize,3,KAS,0.4,24
260,2,maize,1,PK,0.001,50
260,2,maize,2,DAP,0.001,8
260,2,maize,3,KAS,0.4,24
261,2,maize,1,PK,0.001,50
261,2,maize,2,DAP,0.001,8
261,2,maize,3,KAS,0.4,24
262,2,maize,1,PK,0.001,50
262,2,maize,2,DAP,0.001,8
262,2,maize,3,KAS,0.4,24
263,2,maize,1,PK,0.001,50
263,2,maize,2,DAP,0.001,8
263,2,maize,3,KAS,0.4,24
264,2,maize,1,PK,0.001,50
264,2,maize,2,DAP,0.001,8
264,2,maize,3,KAS,0.4,24
265,2,maize,1,PK,0.001,50
265,2,maize,2,DAP,0.001,8
265,2,maize,3,KAS,0.4,24
266,2,maize,1,PK,0.001,50
266,2,maize,2,DAP,0.001,8
266,2,maize,3,KAS,0.4,24
269,2,maize,1,PK,0.001,50
269,2,maize,2,DAP,0.001,8
269,2,maize,3,KAS,0.4,24
270,2,maize,1,PK,0.001,50
270,2,maize,2,DAP,0.001,8
270,2,maize,3,KAS,0.4,24
271,2,maize,1,PK,0.001,50
271,2,maize,2,DAP,0.001,8
271,2,maize,3,KAS,0.4,24
272,2,maize,1,PK,0.001,50
272,2,maize,2,DAP,0.001,8
272,2,maize,3,KAS,0.4,24
273,2,maize,1,PK,0.001,50
273,2,maize,2,DAP,0.001,8
273,2,maize,3,KAS,0.4,24
274,2,maize,1,PK,0.001,50
274,2,maize,2,DAP,0.001,8
274,2,maize,3,KAS,0.4,24
276,2,maize,1,PK,0.001,50
276,2,maize,2,DAP,0.001,8
276,2,maize,3,KAS,0.4,24
277,2,maize,1,PK,0.001,50
277,2,maize,2,DAP,0.001,8
277,2,maize,3,KAS,0.4,24
278,2,maize,1,PK,0.001,50
278,2,maize,2,DAP,0.001,8
278,2,maize,3,KAS,0.4,24
279,2,maize,1,PK,0.001,50
279,2,maize,2,DAP,0.001,8
279,2,maize,3,KAS,0.4,24
280,2,maize,1,PK,0.001,50
280,2,maize,2,DAP,0.001,8
280,2,maize,3,KAS,0.4,24
281,2,maize,1,PK,0.001,50
281,2,maize,2,DAP,0.001,8
281,2,maize,3,KAS,0.4,24
283,2,maize,1,PK,0.001,50
283,2,maize,2,DAP,0.001,8
283,2,maize,3,KAS,0.4,24
284,2,maize,1,PK,0.001,50
284,2,maize,2,DAP,0.001,8
284,2,maize,3,KAS,0.4,24
285,2,maize,1,PK,0.001,50
285,2,maize,2,DAP,0.001,8
285,2,maize,3,KAS,0.4,24
286,2,maize,1,PK,0.001,50
286,2,maize,2,DAP,0.001,8
286,2,maize,3,KAS,0.4,24
287,2,maize,1,PK,0.001,50
287,2,maize,2,DAP,0.001,8
287,2,maize,3,KAS,0.4,24
288,2,maize,1,PK,0.001,50
288,2,maize,2,DAP,0.001,8
288,2,maize,3,KAS,0.4,24
289,2,maize,1,PK,0.001,50
289,2,maize,2,DAP,0.001,8
289,2,maize,3,KAS,0.4,24
290,2,maize,1,PK,0.001,50
290,2,maize,2,DAP,0.001,8
290,2,maize,3,KAS,0.4,24
291,2,maize,1,PK,0.001,50
291,2,maize,2,DAP,0.001,8
291,2,maize,3,KAS,0.4,24
292,2,maize,1,PK,0.001,50
292,2,maize,2,DAP,0.001,8
292,2,maize,3,KAS,0.4,24
293,2,maize,1,PK,0.001,50
293,2,maize,2,DAP,0.001,8
293,2,maize,3,KAS,0.4,24
294,2,maize,1,PK,0.001,50
294,2,maize,2,DAP,0.001,8
294,2,maize,3,KAS,0.4,24
295,2,maize,1,PK,0.001,50
295,2,maize,2,DAP,0.001,8
295,2,maize,3,KAS,0.4,24
297,2,maize,1,PK,0.001,50
297,2,maize,2,DAP,0.001,8
297,2,maize,3,KAS,0.4,24
300,2,maize,1,PK,0.001,50
300,2,maize,2,DAP,0.001,8
300,2,maize,3,KAS,0.4,24
301,2,maize,1,PK,0.001,50
301,2,maize,2,DAP,0.001,8
301,2,maize,3,KAS,0.4,24
304,2,maize,1,PK,0.001,50
304,2,maize,2,DAP,0.001,8
304,2,maize,3,KAS,0.4,24
305,2,maize,1,PK,0.001,50
305,2,maize,2,DAP,0.001,8
305,2,maize,3,KAS,0.4,24
306,2,maize,1,PK,0.001,50
306,2,maize,2,DAP,0.001,8
306,2,maize,3,KAS,0.4,24
308,2,maize,1,PK,0.001,50
308,2,maize,2,DAP,0.001,8
308,2,maize,3,KAS,0.4,24
309,2,maize,1,PK,0.001,50
309,2,maize,2,DAP,0.001,8
309,2,maize,3,KAS,0.4,24
313,2,maize,1,PK,0.001,50
313,2,maize,2,DAP,0.001,8
313,2,maize,3,KAS,0.4,24
316,2,maize,1,PK,0.001,50
316,2,maize,2,DAP,0.001,8
316,2,maize,3,KAS,0.4,24
317,2,maize,1,PK,0.001,50
317,2,maize,2,DAP,0.001,8
317,2,maize,3,KAS,0.4,24
318,2,maize,1,PK,0.001,50
318,2,maize,2,DAP,0.001,8
318,2,maize,3,KAS,0.4,24
320,2,maize,1,PK,0.001,50
320,2,maize,2,DAP,0.001,8
320,2,maize,3,KAS,0.4,24
322,2,maize,1,PK,0.001,50
322,2,maize,2,DAP,0.001,8
322,2,maize,3,KAS,0.4,24
323,2,maize,1,PK,0.001,50
323,2,maize,2,DAP,0.001,8
323,2,maize,3,KAS,0.4,24
324,2,maize,1,PK,0.001,50
324,2,maize,2,DAP,0.001,8
324,2,maize,3,KAS,0.4,24
325,2,maize,1,PK,0.001,50
325,2,maize,2,DAP,0.001,8
325,2,maize,3,KAS,0.4,24
326,2,maize,1,PK,0.001,50
326,2,maize,2,DAP,0.001,8
326,2,maize,3,KAS,0.4,24
328,2,maize,1,PK,0.001,50
328,2,maize,2,DAP,0.001,8
328,2,maize,3,KAS,0.4,24
329,2,maize,1,PK,0.001,50
329,2,maize,2,DAP,0.001,8
329,2,maize,3,KAS,0.4,24
330,2,maize,1,PK,0.001,50
330,2,maize,2,DAP,0.001,8
330,2,maize,3,KAS,0.4,24
331,2,maize,1,PK,0.001,50
331,2,maize,2,DAP,0.001,8
331,2,maize,3,KAS,0.4,24
332,2,maize,1,PK,0.001,50
332,2,maize,2,DAP,0.001,8
332,2,maize,3,KAS,0.4,24
333,2,maize,1,PK,0.001,50
333,2,maize,2,DAP,0.001,8
333,2,maize,3,KAS,0.4,24
334,2,maize,1,PK,0.001,50
334,2,maize,2,DAP,0.001,8
334,2,maize,3,KAS,0.4,24
335,2,maize,1,PK,0.001,50
335,2,maize,2,DAP,0.001,8
335,2,maize,3,KAS,0.4,24
336,2,maize,1,PK,0.001,50
336,2,maize,2,DAP,0.001,8
336,2,maize,3,KAS,0.4,24
338,2,maize,1,PK,0.001,50
338,2,maize,2,DAP,0.001,8
338,2,maize,3,KAS,0.4,24
339,2,maize,1,PK,0.001,50
339,2,maize,2,DAP,0.001,8
339,2,maize,3,KAS,0.4,24
341,2,maize,1,PK,0.001,50
341,2,maize,2,DAP,0.001,8
341,2,maize,3,KAS,0.4,24
344,2,maize,1,PK,0.001,50
344,2,maize,2,DAP,0.001,8
344,2,maize,3,KAS,0.4,24
345,2,maize,1,PK,0.001,50
345,2,maize,2,DAP,0.001,8
345,2,maize,3,KAS,0.4,24
346,2,maize,1,PK,0.001,50
346,2,maize,2,DAP,0.001,8
346,2,maize,3,KAS,0.4,24
347,2,maize,1,PK,0.001,50
347,2,maize,2,DAP,0.001,8
347,2,maize,3,KAS,0.4,24
348,2,maize,1,PK,0.001,50
348,2,maize,2,DAP,0.001,8
348,2,maize,3,KAS,0.4,24
349,2,maize,1,PK,0.001,50
349,2,maize,2,DAP,0.001,8
349,2,maize,3,KAS,0.4,24
350,2,maize,1,PK,0.001,50
350,2,maize,2,DAP,0.001,8
350,2,maize,3,KAS,0.4,24
351,2,maize,1,PK,0.001,50
351,2,maize,2,DAP,0.001,8
351,2,maize,3,KAS,0.4,24
353,2,maize,1,PK,0.001,50
353,2,maize,2,DAP,0.001,8
353,2,maize,3,KAS,0.4,24
354,2,maize,1,PK,0.001,50
354,2,maize,2,DAP,0.001,8
354,2,maize,3,KAS,0.4,24
356,2,maize,1,PK,0.001,50
356,2,maize,2,DAP,0.001,8
356,2,maize,3,KAS,0.4,24
357,2,maize,1,PK,0.001,50
357,2,maize,2,DAP,0.001,8
357,2,maize,3,KAS,0.4,24
358,2,maize,1,PK,0.001,50
358,2,maize,2,DAP,0.001,8
358,2,maize,3,KAS,0.4,24
361,2,maize,1,PK,0.001,50
361,2,maize,2,DAP,0.001,8
361,2,maize,3,KAS,0.4,24
364,2,maize,1,PK,0.001,50
364,2,maize,2,DAP,0.001,8
364,2,maize,3,KAS,0.4,24
365,2,maize,1,PK,0.001,50
365,2,maize,2,DAP,0.001,8
365,2,maize,3,KAS,0.4,24
366,2,maize,1,PK,0.001,50
366,2,maize,2,DAP,0.001,8
366,2,maize,3,KAS,0.4,24
368,2,maize,1,PK,0.001,50
368,2,maize,2,DAP,0.001,8
368,2,maize,3,KAS,0.4,24
371,2,maize,1,PK,0.001,50
371,2,maize,2,DAP,0.001,8
371,2,maize,3,KAS,0.4,24
372,2,maize,1,PK,0.001,50
372,2,maize,2,DAP,0.001,8
372,2,maize,3,KAS,0.4,24
373,2,maize,1,PK,0.001,50
373,2,maize,2,DAP,0.001,8
373,2,maize,3,KAS,0.4,24
374,2,maize,1,PK,0.001,50
374,2,maize,2,DAP,0.001,8
374,2,maize,3,KAS,0.4,24
375,2,maize,1,PK,0.001,50
375,2,maize,2,DAP,0.001,8
375,2,maize,3,KAS,0.4,24
377,2,maize,1,PK,0.001,50
377,2,maize,2,DAP,0.001,8
377,2,maize,3,KAS,0.4,24
379,2,maize,1,PK,0.001,50
379,2,maize,2,DAP,0.001,8
379,2,maize,3,KAS,0.4,24
380,2,maize,1,PK,0.001,50
380,2,maize,2,DAP,0.001,8
380,2,maize,3,KAS,0.4,24
383,2,maize,1,PK,0.001,50
383,2,maize,2,DAP,0.001,8
383,2,maize,3,KAS,0.4,24
384,2,maize,1,PK,0.001,50
384,2,maize,2,DAP,0.001,8
384,2,maize,3,KAS,0.4,24
385,2,maize,1,PK,0.001,50
385,2,maize,2,DAP,0.001,8
385,2,maize,3,KAS,0.4,24
386,2,maize,1,PK,0.001,50
386,2,maize,2,DAP,0.001,8
386,2,maize,3,KAS,0.4,24
387,2,maize,1,PK,0.001,50
387,2,maize,2,DAP,0.001,8
387,2,maize,3,KAS,0.4,24
388,2,maize,1,PK,0.001,50
388,2,maize,2,DAP,0.001,8
388,2,maize,3,KAS,0.4,24
390,2,maize,1,PK,0.001,50
390,2,maize,2,DAP,0.001,8
390,2,maize,3,KAS,0.4,24
391,2,maize,1,PK,0.001,50
391,2,maize,2,DAP,0.001,8
391,2,maize,3,KAS,0.4,24
393,2,maize,1,PK,0.001,50
393,2,maize,2,DAP,0.001,8
393,2,maize,3,KAS,0.4,24
394,2,maize,1,PK,0.001,50
394,2,maize,2,DAP,0.001,8
394,2,maize,3,KAS,0.4,24
395,2,maize,1,PK,0.001,50
395,2,maize,2,DAP,0.001,8
395,2,maize,3,KAS,0.4,24
399,2,maize,1,PK,0.001,50
399,2,maize,2,DAP,0.001,8
399,2,maize,3,KAS,0.4,24
400,2,maize,1,PK,0.001,50
400,2,maize,2,DAP,0.001,8
400,2,maize,3,KAS,0.4,24
401,2,maize,1,PK,0.001,50
401,2,maize,2,DAP,0.001,8
401,2,maize,3,KAS,0.4,24
402,2,maize,1,PK,0.001,50
402,2,maize,2,DAP,0.001,8
402,2,maize,3,KAS,0.4,24
406,2,maize,1,PK,0.001,50
406,2,maize,2,DAP,0.001,8
406,2,maize,3,KAS,0.4,24
408,2,maize,1,PK,0.001,50
408,2,maize,2,DAP,0.001,8
408,2,maize,3,KAS,0.4,24
409,2,maize,1,PK,0.001,50
409,2,maize,2,DAP,0.001,8
409,2,maize,3,KAS,0.4,24
410,2,maize,1,PK,0.001,50
410,2,maize,2,DAP,0.001,8
410,2,maize,3,KAS,0.4,24
411,2,maize,1,PK,0.001,50
411,2,maize,2,DAP,0.001,8
411,2,maize,3,KAS,0.4,24
412,2,maize,1,PK,0.001,50
412,2,maize,2,DAP,0.001,8
412,2,maize,3,KAS,0.4,24
413,2,maize,1,PK,0.001,50
413,2,maize,2,DAP,0.001,8
413,2,maize,3,KAS,0.4,24
414,2,maize,1,PK,0.001,50
414,2,maize,2,DAP,0.001,8
414,2,maize,3,KAS,0.4,24
416,2,maize,1,PK,0.001,50
416,2,maize,2,DAP,0.001,8
416,2,maize,3,KAS,0.4,24
417,2,maize,1,PK,0.001,50
417,2,maize,2,DAP,0.001,8
417,2,maize,3,KAS,0.4,24
418,2,maize,1,PK,0.001,50
418,2,maize,2,DAP,0.001,8
418,2,maize,3,KAS,0.4,24
419,2,maize,1,PK,0.001,50
419,2,maize,2,DAP,0.001,8
419,2,maize,3,KAS,0.4,24
421,2,maize,1,PK,0.001,50
421,2,maize,2,DAP,0.001,8
421,2,maize,3,KAS,0.4,24
422,2,maize,1,PK,0.001,50
422,2,maize,2,DAP,0.001,8
422,2,maize,3,KAS,0.4,24
423,2,maize,1,PK,0.001,50
423,2,maize,2,DAP,0.001,8
423,2,maize,3,KAS,0.4,24
426,2,maize,1,PK,0.001,50
426,2,maize,2,DAP,0.001,8
426,2,maize,3,KAS,0.4,24
427,2,maize,1,PK,0.001,50
427,2,maize,2,DAP,0.001,8
427,2,maize,3,KAS,0.4,24
428,2,maize,1,PK,0.001,50
428,2,maize,2,DAP,0.001,8
428,2,maize,3,KAS,0.4,24
429,2,maize,1,PK,0.001,50
429,2,maize,2,DAP,0.001,8
429,2,maize,3,KAS,0.4,24
430,2,maize,1,PK,0.001,50
430,2,maize,2,DAP,0.001,8
430,2,maize,3,KAS,0.4,24
434,2,maize,1,PK,0.001,50
434,2,maize,2,DAP,0.001,8
434,2,maize,3,KAS,0.4,24
435,2,maize,1,PK,0.001,50
435,2,maize,2,DAP,0.001,8
435,2,maize,3,KAS,0.4,24
436,2,maize,1,PK,0.001,50
436,2,maize,2,DAP,0.001,8
436,2,maize,3,KAS,0.4,24
437,2,maize,1,PK,0.001,50
437,2,maize,2,DAP,0.001,8
437,2,maize,3,KAS,0.4,24
438,2,maize,1,PK,0.001,50
438,2,maize,2,DAP,0.001,8
438,2,maize,3,KAS,0.4,24
439,2,maize,1,PK,0.001,50
439,2,maize,2,DAP,0.001,8
439,2,maize,3,KAS,0.4,24
440,2,maize,1,PK,0.001,50
440,2,maize,2,DAP,0.001,8
440,2,maize,3,KAS,0.4,24
441,2,maize,1,PK,0.001,50
441,2,maize,2,DAP,0.001,8
441,2,maize,3,KAS,0.4,24
442,2,maize,1,PK,0.001,50
442,2,maize,2,DAP,0.001,8
442,2,maize,3,KAS,0.4,24
443,2,maize,1,PK,0.001,50
443,2,maize,2,DAP,0.001,8
443,2,maize,3,KAS,0.4,24
445,2,maize,1,PK,0.001,50
445,2,maize,2,DAP,0.001,8
445,2,maize,3,KAS,0.4,24
446,2,maize,1,PK,0.001,50
446,2,maize,2,DAP,0.001,8
446,2,maize,3,KAS,0.4,24
447,2,maize,1,PK,0.001,50
447,2,maize,2,DAP,0.001,8
447,2,maize,3,KAS,0.4,24
449,2,maize,1,PK,0.001,50
449,2,maize,2,DAP,0.001,8
449,2,maize,3,KAS,0.4,24
450,2,maize,1,PK,0.001,50
450,2,maize,2,DAP,0.001,8
450,2,maize,3,KAS,0.4,24
455,2,maize,1,PK,0.001,50
455,2,maize,2,DAP,0.001,8
455,2,maize,3,KAS,0.4,24
456,2,maize,1,PK,0.001,50
456,2,maize,2,DAP,0.001,8
456,2,maize,3,KAS,0.4,24
458,2,maize,1,PK,0.001,50
458,2,maize,2,DAP,0.001,8
458,2,maize,3,KAS,0.4,24
461,2,maize,1,PK,0.001,50
461,2,maize,2,DAP,0.001,8
461,2,maize,3,KAS,0.4,24
462,2,maize,1,PK,0.001,50
462,2,maize,2,DAP,0.001,8
462,2,maize,3,KAS,0.4,24
464,2,maize,1,PK,0.001,50
464,2,maize,2,DAP,0.001,8
464,2,maize,3,KAS,0.4,24
469,2,maize,1,PK,0.001,50
469,2,maize,2,DAP,0.001,8
469,2,maize,3,KAS,0.4,24
471,2,maize,1,PK,0.001,50
471,2,maize,2,DAP,0.001,8
471,2,maize,3,KAS,0.4,24
473,2,maize,1,PK,0.001,50
473,2,maize,2,DAP,0.001,8
473,2,maize,3,KAS,0.4,24
474,2,maize,1,PK,0.001,50
474,2,maize,2,DAP,0.001,8
474,2,maize,3,KAS,0.4,24
476,2,maize,1,PK,0.001,50
476,2,maize,2,DAP,0.001,8
476,2,maize,3,KAS,0.4,24
477,2,maize,1,PK,0.001,50
477,2,maize,2,DAP,0.001,8
477,2,maize,3,KAS,0.4,24
478,2,maize,1,PK,0.001,50
478,2,maize,2,DAP,0.001,8
478,2,maize,3,KAS,0.4,24
479,2,maize,1,PK,0.001,50
479,2,maize,2,DAP,0.001,8
479,2,maize,3,KAS,0.4,24
480,2,maize,1,PK,0.001,50
480,2,maize,2,DAP,0.001,8
480,2,maize,3,KAS,0.4,24
483,2,maize,1,PK,0.001,50
483,2,maize,2,DAP,0.001,8
483,2,maize,3,KAS,0.4,24
486,2,maize,1,PK,0.001,50
486,2,maize,2,DAP,0.001,8
486,2,maize,3,KAS,0.4,24
488,2,maize,1,PK,0.001,50
488,2,maize,2,DAP,0.001,8
488,2,maize,3,KAS,0.4,24
489,2,maize,1,PK,0.001,50
489,2,maize,2,DAP,0.001,8
489,2,maize,3,KAS,0.4,24
490,2,maize,1,PK,0.001,50
490,2,maize,2,DAP,0.001,8
490,2,maize,3,KAS,0.4,24
493,2,maize,1,PK,0.001,50
493,2,maize,2,DAP,0.001,8
493,2,maize,3,KAS,0.4,24
497,2,maize,1,PK,0.001,50
497,2,maize,2,DAP,0.001,8
497,2,maize,3,KAS,0.4,24
499,2,maize,1,PK,0.001,50
499,2,maize,2,DAP,0.001,8
499,2,maize,3,KAS,0.4,24
500,2,maize,1,PK,0.001,50
500,2,maize,2,DAP,0.001,8
500,2,maize,3,KAS,0.4,24
501,2,maize,1,PK,0.001,50
501,2,maize,2,DAP,0.001,8
501,2,maize,3,KAS,0.4,24
502,2,maize,1,PK,0.001,50
502,2,maize,2,DAP,0.001,8
502,2,maize,3,KAS,0.4,24
504,2,maize,1,PK,0.001,50
504,2,maize,2,DAP,0.001,8
504,2,maize,3,KAS,0.4,24
507,2,maize,1,PK,0.001,50
507,2,maize,2,DAP,0.001,8
507,2,maize,3,KAS,0.4,24
511,2,maize,1,PK,0.001,50
511,2,maize,2,DAP,0.001,8
511,2,maize,3,KAS,0.4,24
512,2,maize,1,PK,0.001,50
512,2,maize,2,DAP,0.001,8
512,2,maize,3,KAS,0.4,24
513,2,maize,1,PK,0.001,50
513,2,maize,2,DAP,0.001,8
513,2,maize,3,KAS,0.4,24
514,2,maize,1,PK,0.001,50
514,2,maize,2,DAP,0.001,8
514,2,maize,3,KAS,0.4,24
515,2,maize,1,PK,0.001,50
515,2,maize,2,DAP,0.001,8
515,2,maize,3,KAS,0.4,24
517,2,maize,1,PK,0.001,50
517,2,maize,2,DAP,0.001,8
517,2,maize,3,KAS,0.4,24
518,2,maize,1,PK,0.001,50
518,2,maize,2,DAP,0.001,8
518,2,maize,3,KAS,0.4,24
519,2,maize,1,PK,0.001,50
519,2,maize,2,DAP,0.001,8
519,2,maize,3,KAS,0.4,24
520,2,maize,1,PK,0.001,50
520,2,maize,2,DAP,0.001,8
520,2,maize,3,KAS,0.4,24
521,2,maize,1,PK,0.001,50
521,2,maize,2,DAP,0.001,8
521,2,maize,3,KAS,0.4,24
522,2,maize,1,PK,0.001,50
522,2,maize,2,DAP,0.001,8
522,2,maize,3,KAS,0.4,24
523,2,maize,1,PK,0.001,50
523,2,maize,2,DAP,0.001,8
523,2,maize,3,KAS,0.4,24
524,2,maize,1,PK,0.001,50
524,2,maize,2,DAP,0.001,8
524,2,maize,3,KAS,0.4,24
526,2,maize,1,PK,0.001,50
526,2,maize,2,DAP,0.001,8
526,2,maize,3,KAS,0.4,24
527,2,maize,1,PK,0.001,50
527,2,maize,2,DAP,0.001,8
527,2,maize,3,KAS,0.4,24
532,2,maize,1,PK,0.001,50
532,2,maize,2,DAP,0.001,8
532,2,maize,3,KAS,0.4,24
533,2,maize,1,PK,0.001,50
533,2,maize,2,DAP,0.001,8
533,2,maize,3,KAS,0.4,24
534,2,maize,1,PK,0.001,50
534,2,maize,2,DAP,0.001,8
534,2,maize,3,KAS,0.4,24
536,2,maize,1,PK,0.001,50
536,2,maize,2,DAP,0.001,8
536,2,maize,3,KAS,0.4,24
539,2,maize,1,PK,0.001,50
539,2,maize,2,DAP,0.001,8
539,2,maize,3,KAS,0.4,24
540,2,maize,1,PK,0.001,50
540,2,maize,2,DAP,0.001,8
540,2,maize,3,KAS,0.4,24
541,2,maize,1,PK,0.001,50
541,2,maize,2,DAP,0.001,8
541,2,maize,3,KAS,0.4,24
542,2,maize,1,PK,0.001,50
542,2,maize,2,DAP,0.001,8
542,2,maize,3,KAS,0.4,24
543,2,maize,1,PK,0.001,50
543,2,maize,2,DAP,0.001,8
543,2,maize,3,KAS,0.4,24
544,2,maize,1,PK,0.001,50
544,2,maize,2,DAP,0.001,8
544,2,maize,3,KAS,0.4,24
546,2,maize,1,PK,0.001,50
546,2,maize,2,DAP,0.001,8
546,2,maize,3,KAS,0.4,24
547,2,maize,1,PK,0.001,50
547,2,maize,2,DAP,0.001,8
547,2,maize,3,KAS,0.4,24
548,2,maize,1,PK,0.001,50
548,2,maize,2,DAP,0.001,8
548,2,maize,3,KAS,0.4,24
551,2,maize,1,PK,0.001,50
551,2,maize,2,DAP,0.001,8
551,2,maize,3,KAS,0.4,24
553,2,maize,1,PK,0.001,50
553,2,maize,2,DAP,0.001,8
553,2,maize,3,KAS,0.4,24
554,2,maize,1,PK,0.001,50
554,2,maize,2,DAP,0.001,8
554,2,maize,3,KAS,0.4,24
561,2,maize,1,PK,0.001,50
561,2,maize,2,DAP,0.001,8
561,2,maize,3,KAS,0.4,24
562,2,maize,1,PK,0.001,50
562,2,maize,2,DAP,0.001,8
562,2,maize,3,KAS,0.4,24
564,2,maize,1,PK,0.001,50
564,2,maize,2,DAP,0.001,8
564,2,maize,3,KAS,0.4,24
566,2,maize,1,PK,0.001,50
566,2,maize,2,DAP,0.001,8
566,2,maize,3,KAS,0.4,24
567,2,maize,1,PK,0.001,50
567,2,maize,2,DAP,0.001,8
567,2,maize,3,KAS,0.4,24
569,2,maize,1,PK,0.001,50
569,2,maize,2,DAP,0.001,8
569,2,maize,3,KAS,0.4,24
573,2,maize,1,PK,0.001,50
573,2,maize,2,DAP,0.001,8
573,2,maize,3,KAS,0.4,24
574,2,maize,1,PK,0.001,50
574,2,maize,2,DAP,0.001,8
574,2,maize,3,KAS,0.4,24
576,2,maize,1,PK,0.001,50
576,2,maize,2,DAP,0.001,8
576,2,maize,3,KAS,0.4,24
577,2,maize,1,PK,0.001,50
577,2,maize,2,DAP,0.001,8
577,2,maize,3,KAS,0.4,24
578,2,maize,1,PK,0.001,50
578,2,maize,2,DAP,0.001,8
578,2,maize,3,KAS,0.4,24
579,2,maize,1,PK,0.001,50
579,2,maize,2,DAP,0.001,8
579,2,maize,3,KAS,0.4,24
580,2,maize,1,PK,0.001,50
580,2,maize,2,DAP,0.001,8
580,2,maize,3,KAS,0.4,24
581,2,maize,1,PK,0.001,50
581,2,maize,2,DAP,0.001,8
581,2,maize,3,KAS,0.4,24
582,2,maize,1,PK,0.001,50
582,2,maize,2,DAP,0.001,8
582,2,maize,3,KAS,0.4,24
583,2,maize,1,PK,0.001,50
583,2,maize,2,DAP,0.001,8
583,2,maize,3,KAS,0.4,24
584,2,maize,1,PK,0.001,50
584,2,maize,2,DAP,0.001,8
584,2,maize,3,KAS,0.4,24
585,2,maize,1,PK,0.001,50
585,2,maize,2,DAP,0.001,8
585,2,maize,3,KAS,0.4,24
587,2,maize,1,PK,0.001,50
587,2,maize,2,DAP,0.001,8
587,2,maize,3,KAS,0.4,24
590,2,maize,1,PK,0.001,50
590,2,maize,2,DAP,0.001,8
590,2,maize,3,KAS,0.4,24
596,2,maize,1,PK,0.001,50
596,2,maize,2,DAP,0.001,8
596,2,maize,3,KAS,0.4,24
597,2,maize,1,PK,0.001,50
597,2,maize,2,DAP,0.001,8
597,2,maize,3,KAS,0.4,24
600,2,maize,1,PK,0.001,50
600,2,maize,2,DAP,0.001,8
600,2,maize,3,KAS,0.4,24
601,2,maize,1,PK,0.001,50
601,2,maize,2,DAP,0.001,8
601,2,maize,3,KAS,0.4,24
602,2,maize,1,PK,0.001,50
602,2,maize,2,DAP,0.001,8
602,2,maize,3,KAS,0.4,24
603,2,maize,1,PK,0.001,50
603,2,maize,2,DAP,0.001,8
603,2,maize,3,KAS,0.4,24
604,2,maize,1,PK,0.001,50
604,2,maize,2,DAP,0.001,8
604,2,maize,3,KAS,0.4,24
605,2,maize,1,PK,0.001,50
605,2,maize,2,DAP,0.001,8
605,2,maize,3,KAS,0.4,24
606,2,maize,1,PK,0.001,50
606,2,maize,2,DAP,0.001,8
606,2,maize,3,KAS,0.4,24
607,2,maize,1,PK,0.001,50
607,2,maize,2,DAP,0.001,8
607,2,maize,3,KAS,0.4,24
608,2,maize,1,PK,0.001,50
608,2,maize,2,DAP,0.001,8
608,2,maize,3,KAS,0.4,24
609,2,maize,1,PK,0.001,50
609,2,maize,2,DAP,0.001,8
609,2,maize,3,KAS,0.4,24
611,2,maize,1,PK,0.001,50
611,2,maize,2,DAP,0.001,8
611,2,maize,3,KAS,0.4,24
612,2,maize,1,PK,0.001,50
612,2,maize,2,DAP,0.001,8
612,2,maize,3,KAS,0.4,24
614,2,maize,1,PK,0.001,50
614,2,maize,2,DAP,0.001,8
614,2,maize,3,KAS,0.4,24
615,2,maize,1,PK,0.001,50
615,2,maize,2,DAP,0.001,8
615,2,maize,3,KAS,0.4,24
617,2,maize,1,PK,0.001,50
617,2,maize,2,DAP,0.001,8
617,2,maize,3,KAS,0.4,24
618,2,maize,1,PK,0.001,50
618,2,maize,2,DAP,0.001,8
618,2,maize,3,KAS,0.4,24
619,2,maize,1,PK,0.001,50
619,2,maize,2,DAP,0.001,8
619,2,maize,3,KAS,0.4,24
620,2,maize,1,PK,0.001,50
620,2,maize,2,DAP,0.001,8
620,2,maize,3,KAS,0.4,24
622,2,maize,1,PK,0.001,50
622,2,maize,2,DAP,0.001,8
622,2,maize,3,KAS,0.4,24
624,2,maize,1,PK,0.001,50
624,2,maize,2,DAP,0.001,8
624,2,maize,3,KAS,0.4,24
625,2,maize,1,PK,0.001,50
625,2,maize,2,DAP,0.001,8
625,2,maize,3,KAS,0.4,24
626,2,maize,1,PK,0.001,50
626,2,maize,2,DAP,0.001,8
626,2,maize,3,KAS,0.4,24
629,2,maize,1,PK,0.001,50
629,2,maize,2,DAP,0.001,8
629,2,maize,3,KAS,0.4,24
630,2,maize,1,PK,0.001,50
630,2,maize,2,DAP,0.001,8
630,2,maize,3,KAS,0.4,24
631,2,maize,1,PK,0.001,50
631,2,maize,2,DAP,0.001,8
631,2,maize,3,KAS,0.4,24
634,2,maize,1,PK,0.001,50
634,2,maize,2,DAP,0.001,8
634,2,maize,3,KAS,0.4,24
635,2,maize,1,PK,0.001,50
635,2,maize,2,DAP,0.001,8
635,2,maize,3,KAS,0.4,24
637,2,maize,1,PK,0.001,50
637,2,maize,2,DAP,0.001,8
637,2,maize,3,KAS,0.4,24
638,2,maize,1,PK,0.001,50
638,2,maize,2,DAP,0.001,8
638,2,maize,3,KAS,0.4,24
639,2,maize,1,PK,0.001,50
639,2,maize,2,DAP,0.001,8
639,2,maize,3,KAS,0.4,24
641,2,maize,1,PK,0.001,50
641,2,maize,2,DAP,0.001,8
641,2,maize,3,KAS,0.4,24
642,2,maize,1,PK,0.001,50
642,2,maize,2,DAP,0.001,8
642,2,maize,3,KAS,0.4,24
645,2,maize,1,PK,0.001,50
645,2,maize,2,DAP,0.001,8
645,2,maize,3,KAS,0.4,24
647,2,maize,1,PK,0.001,50
647,2,maize,2,DAP,0.001,8
647,2,maize,3,KAS,0.4,24
649,2,maize,1,PK,0.001,50
649,2,maize,2,DAP,0.001,8
649,2,maize,3,KAS,0.4,24
656,2,maize,1,PK,0.001,50
656,2,maize,2,DAP,0.001,8
656,2,maize,3,KAS,0.4,24
658,2,maize,1,PK,0.001,50
658,2,maize,2,DAP,0.001,8
658,2,maize,3,KAS,0.4,24
659,2,maize,1,PK,0.001,50
659,2,maize,2,DAP,0.001,8
659,2,maize,3,KAS,0.4,24
660,2,maize,1,PK,0.001,50
660,2,maize,2,DAP,0.001,8
660,2,maize,3,KAS,0.4,24
661,2,maize,1,PK,0.001,50
661,2,maize,2,DAP,0.001,8
661,2,maize,3,KAS,0.4,24
662,2,maize,1,PK,0.001,50
662,2,maize,2,DAP,0.001,8
662,2,maize,3,KAS,0.4,24
663,2,maize,1,PK,0.001,50
663,2,maize,2,DAP,0.001,8
663,2,maize,3,KAS,0.4,24
664,2,maize,1,PK,0.001,50
664,2,maize,2,DAP,0.001,8
664,2,maize,3,KAS,0.4,24
667,2,maize,1,PK,0.001,50
667,2,maize,2,DAP,0.001,8
667,2,maize,3,KAS,0.4,24
668,2,maize,1,PK,0.001,50
668,2,maize,2,DAP,0.001,8
668,2,maize,3,KAS,0.4,24
669,2,maize,1,PK,0.001,50
669,2,maize,2,DAP,0.001,8
669,2,maize,3,KAS,0.4,24
670,2,maize,1,PK,0.001,50
670,2,maize,2,DAP,0.001,8
670,2,maize,3,KAS,0.4,24
673,2,maize,1,PK,0.001,50
673,2,maize,2,DAP,0.001,8
673,2,maize,3,KAS,0.4,24
677,2,maize,1,PK,0.001,50
677,2,maize,2,DAP,0.001,8
677,2,maize,3,KAS,0.4,24
678,2,maize,1,PK,0.001,50
678,2,maize,2,DAP,0.001,8
678,2,maize,3,KAS,0.4,24
680,2,maize,1,PK,0.001,50
680,2,maize,2,DAP,0.001,8
680,2,maize,3,KAS,0.4,24
681,2,maize,1,PK,0.001,50
681,2,maize,2,DAP,0.001,8
681,2,maize,3,KAS,0.4,24
683,2,maize,1,PK,0.001,50
683,2,maize,2,DAP,0.001,8
683,2,maize,3,KAS,0.4,24
684,2,maize,1,PK,0.001,50
684,2,maize,2,DAP,0.001,8
684,2,maize,3,KAS,0.4,24
685,2,maize,1,PK,0.001,50
685,2,maize,2,DAP,0.001,8
685,2,maize,3,KAS,0.4,24
686,2,maize,1,PK,0.001,50
686,2,maize,2,DAP,0.001,8
686,2,maize,3,KAS,0.4,24
689,2,maize,1,PK,0.001,50
689,2,maize,2,DAP,0.001,8
689,2,maize,3,KAS,0.4,24
690,2,maize,1,PK,0.001,50
690,2,maize,2,DAP,0.001,8
690,2,maize,3,KAS,0.4,24
691,2,maize,1,PK,0.001,50
691,2,maize,2,DAP,0.001,8
691,2,maize,3,KAS,0.4,24
692,2,maize,1,PK,0.001,50
692,2,maize,2,DAP,0.001,8
692,2,maize,3,KAS,0.4,24
695,2,maize,1,PK,0.001,50
695,2,maize,2,DAP,0.001,8
695,2,maize,3,KAS,0.4,24
696,2,maize,1,PK,0.001,50
696,2,maize,2,DAP,0.001,8
696,2,maize,3,KAS,0.4,24
697,2,maize,1,PK,0.001,50
697,2,maize,2,DAP,0.001,8
697,2,maize,3,KAS,0.4,24
699,2,maize,1,PK,0.001,50
699,2,maize,2,DAP,0.001,8
699,2,maize,3,KAS,0.4,24
702,2,maize,1,PK,0.001,50
702,2,maize,2,DAP,0.001,8
702,2,maize,3,KAS,0.4,24
703,2,maize,1,PK,0.001,50
703,2,maize,2,DAP,0.001,8
703,2,maize,3,KAS,0.4,24
705,2,maize,1,PK,0.001,50
705,2,maize,2,DAP,0.001,8
705,2,maize,3,KAS,0.4,24
708,2,maize,1,PK,0.001,50
708,2,maize,2,DAP,0.001,8
708,2,maize,3,KAS,0.4,24
709,2,maize,1,PK,0.001,50
709,2,maize,2,DAP,0.001,8
709,2,maize,3,KAS,0.4,24
711,2,maize,1,PK,0.001,50
711,2,maize,2,DAP,0.001,8
711,2,maize,3,KAS,0.4,24
717,2,maize,1,PK,0.001,50
717,2,maize,2,DAP,0.001,8
717,2,maize,3,KAS,0.4,24
718,2,maize,1,PK,0.001,50
718,2,maize,2,DAP,0.001,8
718,2,maize,3,KAS,0.4,24
720,2,maize,1,PK,0.001,50
720,2,maize,2,DAP,0.001,8
720,2,maize,3,KAS,0.4,24
721,2,maize,1,PK,0.001,50
721,2,maize,2,DAP,0.001,8
721,2,maize,3,KAS,0.4,24
722,2,maize,1,PK,0.001,50
722,2,maize,2,DAP,0.001,8
722,2,maize,3,KAS,0.4,24
723,2,maize,1,PK,0.001,50
723,2,maize,2,DAP,0.001,8
723,2,maize,3,KAS,0.4,24
724,2,maize,1,PK,0.001,50
724,2,maize,2,DAP,0.001,8
724,2,maize,3,KAS,0.4,24
725,2,maize,1,PK,0.001,50
725,2,maize,2,DAP,0.001,8
725,2,maize,3,KAS,0.4,24
726,2,maize,1,PK,0.001,50
726,2,maize,2,DAP,0.001,8
726,2,maize,3,KAS,0.4,24
728,2,maize,1,PK,0.001,50
728,2,maize,2,DAP,0.001,8
728,2,maize,3,KAS,0.4,24
731,2,maize,1,PK,0.001,50
731,2,maize,2,DAP,0.001,8
731,2,maize,3,KAS,0.4,24
733,2,maize,1,PK,0.001,50
733,2,maize,2,DAP,0.001,8
733,2,maize,3,KAS,0.4,24
734,2,maize,1,PK,0.001,50
734,2,maize,2,DAP,0.001,8
734,2,maize,3,KAS,0.4,24
738,2,maize,1,PK,0.001,50
738,2,maize,2,DAP,0.001,8
738,2,maize,3,KAS,0.4,24
742,2,maize,1,PK,0.001,50
742,2,maize,2,DAP,0.001,8
742,2,maize,3,KAS,0.4,24
745,2,maize,1,PK,0.001,50
745,2,maize,2,DAP,0.001,8
745,2,maize,3,KAS,0.4,24
750,2,maize,1,PK,0.001,50
750,2,maize,2,DAP,0.001,8
750,2,maize,3,KAS,0.4,24
751,2,maize,1,PK,0.001,50
751,2,maize,2,DAP,0.001,8
751,2,maize,3,KAS,0.4,24
752,2,maize,1,PK,0.001,50
752,2,maize,2,DAP,0.001,8
752,2,maize,3,KAS,0.4,24
753,2,maize,1,PK,0.001,50
753,2,maize,2,DAP,0.001,8
753,2,maize,3,KAS,0.4,24
756,2,maize,1,PK,0.001,50
756,2,maize,2,DAP,0.001,8
756,2,maize,3,KAS,0.4,24
757,2,maize,1,PK,0.001,50
757,2,maize,2,DAP,0.001,8
757,2,maize,3,KAS,0.4,24
758,2,maize,1,PK,0.001,50
758,2,maize,2,DAP,0.001,8
758,2,maize,3,KAS,0.4,24
760,2,maize,1,PK,0.001,50
760,2,maize,2,DAP,0.001,8
760,2,maize,3,KAS,0.4,24
761,2,maize,1,PK,0.001,50
761,2,maize,2,DAP,0.001,8
761,2,maize,3,KAS,0.4,24
762,2,maize,1,PK,0.001,50
762,2,maize,2,DAP,0.001,8
762,2,maize,3,KAS,0.4,24
763,2,maize,1,PK,0.001,50
763,2,maize,2,DAP,0.001,8
763,2,maize,3,KAS,0.4,24
764,2,maize,1,PK,0.001,50
764,2,maize,2,DAP,0.001,8
764,2,maize,3,KAS,0.4,24
769,2,maize,1,PK,0.001,50
769,2,maize,2,DAP,0.001,8
769,2,maize,3,KAS,0.4,24
781,2,maize,1,PK,0.001,50
781,2,maize,2,DAP,0.001,8
781,2,maize,3,KAS,0.4,24
782,2,maize,1,PK,0.001,50
782,2,maize,2,DAP,0.001,8
782,2,maize,3,KAS,0.4,24
784,2,maize,1,PK,0.001,50
784,2,maize,2,DAP,0.001,8
784,2,maize,3,KAS,0.4,24
786,2,maize,1,PK,0.001,50
786,2,maize,2,DAP,0.001,8
786,2,maize,3,KAS,0.4,24
787,2,maize,1,PK,0.001,50
787,2,maize,2,DAP,0.001,8
787,2,maize,3,KAS,0.4,24
789,2,maize,1,PK,0.001,50
789,2,maize,2,DAP,0.001,8
789,2,maize,3,KAS,0.4,24
790,2,maize,1,PK,0.001,50
790,2,maize,2,DAP,0.001,8
790,2,maize,3,KAS,0.4,24
796,2,maize,1,PK,0.001,50
796,2,maize,2,DAP,0.001,8
796,2,maize,3,KAS,0.4,24
798,2,maize,1,PK,0.001,50
798,2,maize,2,DAP,0.001,8
798,2,maize,3,KAS,0.4,24
799,2,maize,1,PK,0.001,50
799,2,maize,2,DAP,0.001,8
799,2,maize,3,KAS,0.4,24
800,2,maize,1,PK,0.001,50
800,2,maize,2,DAP,0.001,8
800,2,maize,3,KAS,0.4,24
801,2,maize,1,PK,0.001,50
801,2,maize,2,DAP,0.001,8
801,2,maize,3,KAS,0.4,24
804,2,maize,1,PK,0.001,50
804,2,maize,2,DAP,0.001,8
804,2,maize,3,KAS,0.4,24
805,2,maize,1,PK,0.001,50
805,2,maize,2,DAP,0.001,8
805,2,maize,3,KAS,0.4,24
806,2,maize,1,PK,0.001,50
806,2,maize,2,DAP,0.001,8
806,2,maize,3,KAS,0.4,24
808,2,maize,1,PK,0.001,50
808,2,maize,2,DAP,0.001,8
808,2,maize,3,KAS,0.4,24
809,2,maize,1,PK,0.001,50
809,2,maize,2,DAP,0.001,8
809,2,maize,3,KAS,0.4,24
811,2,maize,1,PK,0.001,50
811,2,maize,2,DAP,0.001,8
811,2,maize,3,KAS,0.4,24
813,2,maize,1,PK,0.001,50
813,2,maize,2,DAP,0.001,8
813,2,maize,3,KAS,0.4,24
814,2,maize,1,PK,0.001,50
814,2,maize,2,DAP,0.001,8
814,2,maize,3,KAS,0.4,24
815,2,maize,1,PK,0.001,50
815,2,maize,2,DAP,0.001,8
815,2,maize,3,KAS,0.4,24
816,2,maize,1,PK,0.001,50
816,2,maize,2,DAP,0.001,8
816,2,maize,3,KAS,0.4,24
818,2,maize,1,PK,0.001,50
818,2,maize,2,DAP,0.001,8
818,2,maize,3,KAS,0.4,24
819,2,maize,1,PK,0.001,50
819,2,maize,2,DAP,0.001,8
819,2,maize,3,KAS,0.4,24
820,2,maize,1,PK,0.001,50
820,2,maize,2,DAP,0.001,8
820,2,maize,3,KAS,0.4,24
822,2,maize,1,PK,0.001,50
822,2,maize,2,DAP,0.001,8
822,2,maize,3,KAS,0.4,24
823,2,maize,1,PK,0.001,50
823,2,maize,2,DAP,0.001,8
823,2,maize,3,KAS,0.4,24
824,2,maize,1,PK,0.001,50
824,2,maize,2,DAP,0.001,8
824,2,maize,3,KAS,0.4,24
825,2,maize,1,PK,0.001,50
825,2,maize,2,DAP,0.001,8
825,2,maize,3,KAS,0.4,24
826,2,maize,1,PK,0.001,50
826,2,maize,2,DAP,0.001,8
826,2,maize,3,KAS,0.4,24
827,2,maize,1,PK,0.001,50
827,2,maize,2,DAP,0.001,8
827,2,maize,3,KAS,0.4,24
828,2,maize,1,PK,0.001,50
828,2,maize,2,DAP,0.001,8
828,2,maize,3,KAS,0.4,24
829,2,maize,1,PK,0.001,50
829,2,maize,2,DAP,0.001,8
829,2,maize,3,KAS,0.4,24
833,2,maize,1,PK,0.001,50
833,2,maize,2,DAP,0.001,8
833,2,maize,3,KAS,0.4,24
839,2,maize,1,PK,0.001,50
839,2,maize,2,DAP,0.001,8
839,2,maize,3,KAS,0.4,24
840,2,maize,1,PK,0.001,50
840,2,maize,2,DAP,0.001,8
840,2,maize,3,KAS,0.4,24
841,2,maize,1,PK,0.001,50
841,2,maize,2,DAP,0.001,8
841,2,maize,3,KAS,0.4,24
847,2,maize,1,PK,0.001,50
847,2,maize,2,DAP,0.001,8
847,2,maize,3,KAS,0.4,24
849,2,maize,1,PK,0.001,50
849,2,maize,2,DAP,0.001,8
849,2,maize,3,KAS,0.4,24
853,2,maize,1,PK,0.001,50
853,2,maize,2,DAP,0.001,8
853,2,maize,3,KAS,0.4,24
855,2,maize,1,PK,0.001,50
855,2,maize,2,DAP,0.001,8
855,2,maize,3,KAS,0.4,24
857,2,maize,1,PK,0.001,50
857,2,maize,2,DAP,0.001,8
857,2,maize,3,KAS,0.4,24
858,2,maize,1,PK,0.001,50
858,2,maize,2,DAP,0.001,8
858,2,maize,3,KAS,0.4,24
859,2,maize,1,PK,0.001,50
859,2,maize,2,DAP,0.001,8
859,2,maize,3,KAS,0.4,24
860,2,maize,1,PK,0.001,50
860,2,maize,2,DAP,0.001,8
860,2,maize,3,KAS,0.4,24
861,2,maize,1,PK,0.001,50
861,2,maize,2,DAP,0.001,8
861,2,maize,3,KAS,0.4,24
863,2,maize,1,PK,0.001,50
863,2,maize,2,DAP,0.001,8
863,2,maize,3,KAS,0.4,24
864,2,maize,1,PK,0.001,50
864,2,maize,2,DAP,0.001,8
864,2,maize,3,KAS,0.4,24
865,2,maize,1,PK,0.001,50
865,2,maize,2,DAP,0.001,8
865,2,maize,3,KAS,0.4,24
866,2,maize,1,PK,0.001,50
866,2,maize,2,DAP,0.001,8
866,2,maize,3,KAS,0.4,24
868,2,maize,1,PK,0.001,50
868,2,maize,2,DAP,0.001,8
868,2,maize,3,KAS,0.4,24
869,2,maize,1,PK,0.001,50
869,2,maize,2,DAP,0.001,8
869,2,maize,3,KAS,0.4,24
870,2,maize,1,PK,0.001,50
870,2,maize,2,DAP,0.001,8
870,2,maize,3,KAS,0.4,24
874,2,maize,1,PK,0.001,50
874,2,maize,2,DAP,0.001,8
874,2,maize,3,KAS,0.4,24
879,2,maize,1,PK,0.001,50
879,2,maize,2,DAP,0.001,8
879,2,maize,3,KAS,0.4,24
880,2,maize,1,PK,0.001,50
880,2,maize,2,DAP,0.001,8
880,2,maize,3,KAS,0.4,24
883,2,maize,1,PK,0.001,50
883,2,maize,2,DAP,0.001,8
883,2,maize,3,KAS,0.4,24
884,2,maize,1,PK,0.001,50
884,2,maize,2,DAP,0.001,8
884,2,maize,3,KAS,0.4,24
887,2,maize,1,PK,0.001,50
887,2,maize,2,DAP,0.001,8
887,2,maize,3,KAS,0.4,24
889,2,maize,1,PK,0.001,50
889,2,maize,2,DAP,0.001,8
889,2,maize,3,KAS,0.4,24
892,2,maize,1,PK,0.001,50
892,2,maize,2,DAP,0.001,8
892,2,maize,3,KAS,0.4,24
896,2,maize,1,PK,0.001,50
896,2,maize,2,DAP,0.001,8
896,2,maize,3,KAS,0.4,24
899,2,maize,1,PK,0.001,50
899,2,maize,2,DAP,0.001,8
899,2,maize,3,KAS,0.4,24
900,2,maize,1,PK,0.001,50
900,2,maize,2,DAP,0.001,8
900,2,maize,3,KAS,0.4,24
901,2,maize,1,PK,0.001,50
901,2,maize,2,DAP,0.001,8
901,2,maize,3,KAS,0.4,24
902,2,maize,1,PK,0.001,50
902,2,maize,2,DAP,0.001,8
902,2,maize,3,KAS,0.4,24
903,2,maize,1,PK,0.001,50
903,2,maize,2,DAP,0.001,8
903,2,maize,3,KAS,0.4,24
911,2,maize,1,PK,0.001,50
911,2,maize,2,DAP,0.001,8
911,2,maize,3,KAS,0.4,24
915,2,maize,1,PK,0.001,50
915,2,maize,2,DAP,0.001,8
915,2,maize,3,KAS,0.4,24
918,2,maize,1,PK,0.001,50
918,2,maize,2,DAP,0.001,8
918,2,maize,3,KAS,0.4,24
922,2,maize,1,PK,0.001,50
922,2,maize,2,DAP,0.001,8
922,2,maize,3,KAS,0.4,24
924,2,maize,1,PK,0.001,50
924,2,maize,2,DAP,0.001,8
924,2,maize,3,KAS,0.4,24
938,2,maize,1,PK,0.001,50
938,2,maize,2,DAP,0.001,8
938,2,maize,3,KAS,0.4,24
940,2,maize,1,PK,0.001,50
940,2,maize,2,DAP,0.001,8
940,2,maize,3,KAS,0.4,24
942,2,maize,1,PK,0.001,50
942,2,maize,2,DAP,0.001,8
942,2,maize,3,KAS,0.4,24
944,2,maize,1,PK,0.001,50
944,2,maize,2,DAP,0.001,8
944,2,maize,3,KAS,0.4,24
945,2,maize,1,PK,0.001,50
945,2,maize,2,DAP,0.001,8
945,2,maize,3,KAS,0.4,24
946,2,maize,1,PK,0.001,50
946,2,maize,2,DAP,0.001,8
946,2,maize,3,KAS,0.4,24
947,2,maize,1,PK,0.001,50
947,2,maize,2,DAP,0.001,8
947,2,maize,3,KAS,0.4,24
950,2,maize,1,PK,0.001,50
950,2,maize,2,DAP,0.001,8
950,2,maize,3,KAS,0.4,24
954,2,maize,1,PK,0.001,50
954,2,maize,2,DAP,0.001,8
954,2,maize,3,KAS,0.4,24
955,2,maize,1,PK,0.001,50
955,2,maize,2,DAP,0.001,8
955,2,maize,3,KAS,0.4,24
956,2,maize,1,PK,0.001,50
956,2,maize,2,DAP,0.001,8
956,2,maize,3,KAS,0.4,24
960,2,maize,1,PK,0.001,50
960,2,maize,2,DAP,0.001,8
960,2,maize,3,KAS,0.4,24
962,2,maize,1,PK,0.001,50
962,2,maize,2,DAP,0.001,8
962,2,maize,3,KAS,0.4,24
963,2,maize,1,PK,0.001,50
963,2,maize,2,DAP,0.001,8
963,2,maize,3,KAS,0.4,24
964,2,maize,1,PK,0.001,50
964,2,maize,2,DAP,0.001,8
964,2,maize,3,KAS,0.4,24
965,2,maize,1,PK,0.001,50
965,2,maize,2,DAP,0.001,8
965,2,maize,3,KAS,0.4,24
966,2,maize,1,PK,0.001,50
966,2,maize,2,DAP,0.001,8
966,2,maize,3,KAS,0.4,24
967,2,maize,1,PK,0.001,50
967,2,maize,2,DAP,0.001,8
967,2,maize,3,KAS,0.4,24
968,2,maize,1,PK,0.001,50
968,2,maize,2,DAP,0.001,8
968,2,maize,3,KAS,0.4,24
969,2,maize,1,PK,0.001,50
969,2,maize,2,DAP,0.001,8
969,2,maize,3,KAS,0.4,24
970,2,maize,1,PK,0.001,50
970,2,maize,2,DAP,0.001,8
970,2,maize,3,KAS,0.4,24
971,2,maize,1,PK,0.001,50
971,2,maize,2,DAP,0.001,8
971,2,maize,3,KAS,0.4,24
972,2,maize,1,PK,0.001,50
972,2,maize,2,DAP,0.001,8
972,2,maize,3,KAS,0.4,24
974,2,maize,1,PK,0.001,50
974,2,maize,2,DAP,0.001,8
974,2,maize,3,KAS,0.4,24
975,2,maize,1,PK,0.001,50
975,2,maize,2,DAP,0.001,8
975,2,maize,3,KAS,0.4,24
979,2,maize,1,PK,0.001,50
979,2,maize,2,DAP,0.001,8
979,2,maize,3,KAS,0.4,24
981,2,maize,1,PK,0.001,50
981,2,maize,2,DAP,0.001,8
981,2,maize,3,KAS,0.4,24
986,2,maize,1,PK,0.001,50
986,2,maize,2,DAP,0.001,8
986,2,maize,3,KAS,0.4,24
988,2,maize,1,PK,0.001,50
988,2,maize,2,DAP,0.001,8
988,2,maize,3,KAS,0.4,24
992,2,maize,1,PK,0.001,50
992,2,maize,2,DAP,0.001,8
992,2,maize,3,KAS,0.4,24
993,2,maize,1,PK,0.001,50
993,2,maize,2,DAP,0.001,8
993,2,maize,3,KAS,0.4,24
994,2,maize,1,PK,0.001,50
994,2,maize,2,DAP,0.001,8
994,2,maize,3,KAS,0.4,24
995,2,maize,1,PK,0.001,50
995,2,maize,2,DAP,0.001,8
995,2,maize,3,KAS,0.4,24
997,2,maize,1,PK,0.001,50
997,2,maize,2,DAP,0.001,8
997,2,maize,3,KAS,0.4,24
999,2,maize,1,PK,0.001,50
999,2,maize,2,DAP,0.001,8
999,2,maize,3,KAS,0.4,24
1001,2,maize,1,PK,0.001,50
1001,2,maize,2,DAP,0.001,8
1001,2,maize,3,KAS,0.4,24
1002,2,maize,1,PK,0.001,50
1002,2,maize,2,DAP,0.001,8
1002,2,maize,3,KAS,0.4,24
1003,2,maize,1,PK,0.001,50
1003,2,maize,2,DAP,0.001,8
1003,2,maize,3,KAS,0.4,24
1005,2,maize,1,PK,0.001,50
1005,2,maize,2,DAP,0.001,8
1005,2,maize,3,KAS,0.4,24
1007,2,maize,1,PK,0.001,50
1007,2,maize,2,DAP,0.001,8
1007,2,maize,3,KAS,0.4,24
1009,2,maize,1,PK,0.001,50
1009,2,maize,2,DAP,0.001,8
1009,2,maize,3,KAS,0.4,24
1010,2,maize,1,PK,0.001,50
1010,2,maize,2,DAP,0.001,8
1010,2,maize,3,KAS,0.4,24
1014,2,maize,1,PK,0.001,50
1014,2,maize,2,DAP,0.001,8
1014,2,maize,3,KAS,0.4,24
1015,2,maize,1,PK,0.001,50
1015,2,maize,2,DAP,0.001,8
1015,2,maize,3,KAS,0.4,24
1016,2,maize,1,PK,0.001,50
1016,2,maize,2,DAP,0.001,8
1016,2,maize,3,KAS,0.4,24
1022,2,maize,1,PK,0.001,50
1022,2,maize,2,DAP,0.001,8
1022,2,maize,3,KAS,0.4,24
1023,2,maize,1,PK,0.001,50
1023,2,maize,2,DAP,0.001,8
1023,2,maize,3,KAS,0.4,24
1024,2,maize,1,PK,0.001,50
1024,2,maize,2,DAP,0.001,8
1024,2,maize,3,KAS,0.4,24
1025,2,maize,1,PK,0.001,50
1025,2,maize,2,DAP,0.001,8
1025,2,maize,3,KAS,0.4,24
1030,2,maize,1,PK,0.001,50
1030,2,maize,2,DAP,0.001,8
1030,2,maize,3,KAS,0.4,24
1033,2,maize,1,PK,0.001,50
1033,2,maize,2,DAP,0.001,8
1033,2,maize,3,KAS,0.4,24
1037,2,maize,1,PK,0.001,50
1037,2,maize,2,DAP,0.001,8
1037,2,maize,3,KAS,0.4,24
1055,2,maize,1,PK,0.001,50
1055,2,maize,2,DAP,0.001,8
1055,2,maize,3,KAS,0.4,24
1059,2,maize,1,PK,0.001,50
1059,2,maize,2,DAP,0.001,8
1059,2,maize,3,KAS,0.4,24
1060,2,maize,1,PK,0.001,50
1060,2,maize,2,DAP,0.001,8
1060,2,maize,3,KAS,0.4,24
1061,2,maize,1,PK,0.001,50
1061,2,maize,2,DAP,0.001,8
1061,2,maize,3,KAS,0.4,24
1062,2,maize,1,PK,0.001,50
1062,2,maize,2,DAP,0.001,8
1062,2,maize,3,KAS,0.4,24
1063,2,maize,1,PK,0.001,50
1063,2,maize,2,DAP,0.001,8
1063,2,maize,3,KAS,0.4,24
1064,2,maize,1,PK,0.001,50
1064,2,maize,2,DAP,0.001,8
1064,2,maize,3,KAS,0.4,24
1065,2,maize,1,PK,0.001,50
1065,2,maize,2,DAP,0.001,8
1065,2,maize,3,KAS,0.4,24
1066,2,maize,1,PK,0.001,50
1066,2,maize,2,DAP,0.001,8
1066,2,maize,3,KAS,0.4,24
1067,2,maize,1,PK,0.001,50
1067,2,maize,2,DAP,0.001,8
1067,2,maize,3,KAS,0.4,24
1068,2,maize,1,PK,0.001,50
1068,2,maize,2,DAP,0.001,8
1068,2,maize,3,KAS,0.4,24
1069,2,maize,1,PK,0.001,50
1069,2,maize,2,DAP,0.001,8
1069,2,maize,3,KAS,0.4,24
1070,2,maize,1,PK,0.001,50
1070,2,maize,2,DAP,0.001,8
1070,2,maize,3,KAS,0.4,24
1071,2,maize,1,PK,0.001,50
1071,2,maize,2,DAP,0.001,8
1071,2,maize,3,KAS,0.4,24
1072,2,maize,1,PK,0.001,50
1072,2,maize,2,DAP,0.001,8
1072,2,maize,3,KAS,0.4,24
1073,2,maize,1,PK,0.001,50
1073,2,maize,2,DAP,0.001,8
1073,2,maize,3,KAS,0.4,24
1074,2,maize,1,PK,0.001,50
1074,2,maize,2,DAP,0.001,8
1074,2,maize,3,KAS,0.4,24
1075,2,maize,1,PK,0.001,50
1075,2,maize,2,DAP,0.001,8
1075,2,maize,3,KAS,0.4,24
1076,2,maize,1,PK,0.001,50
1076,2,maize,2,DAP,0.001,8
1076,2,maize,3,KAS,0.4,24
1078,2,maize,1,PK,0.001,50
1078,2,maize,2,DAP,0.001,8
1078,2,maize,3,KAS,0.4,24
1080,2,maize,1,PK,0.001,50
1080,2,maize,2,DAP,0.001,8
1080,2,maize,3,KAS,0.4,24
1081,2,maize,1,PK,0.001,50
1081,2,maize,2,DAP,0.001,8
1081,2,maize,3,KAS,0.4,24
1082,2,maize,1,PK,0.001,50
1082,2,maize,2,DAP,0.001,8
1082,2,maize,3,KAS,0.4,24
1086,2,maize,1,PK,0.001,50
1086,2,maize,2,DAP,0.001,8
1086,2,maize,3,KAS,0.4,24
1090,2,maize,1,PK,0.001,50
1090,2,maize,2,DAP,0.001,8
1090,2,maize,3,KAS,0.4,24
1091,2,maize,1,PK,0.001,50
1091,2,maize,2,DAP,0.001,8
1091,2,maize,3,KAS,0.4,24
1092,2,maize,1,PK,0.001,50
1092,2,maize,2,DAP,0.001,8
1092,2,maize,3,KAS,0.4,24
1096,2,maize,1,PK,0.001,50
1096,2,maize,2,DAP,0.001,8
1096,2,maize,3,KAS,0.4,24
1101,2,maize,1,PK,0.001,50
1101,2,maize,2,DAP,0.001,8
1101,2,maize,3,KAS,0.4,24
1102,2,maize,1,PK,0.001,50
1102,2,maize,2,DAP,0.001,8
1102,2,maize,3,KAS,0.4,24
1106,2,maize,1,PK,0.001,50
1106,2,maize,2,DAP,0.001,8
1106,2,maize,3,KAS,0.4,24
1113,2,maize,1,PK,0.001,50
1113,2,maize,2,DAP,0.001,8
1113,2,maize,3,KAS,0.4,24
1115,2,maize,1,PK,0.001,50
1115,2,maize,2,DAP,0.001,8
1115,2,maize,3,KAS,0.4,24
1118,2,maize,1,PK,0.001,50
1118,2,maize,2,DAP,0.001,8
1118,2,maize,3,KAS,0.4,24
1119,2,maize,1,PK,0.001,50
1119,2,maize,2,DAP,0.001,8
1119,2,maize,3,KAS,0.4,24
1121,2,maize,1,PK,0.001,50
1121,2,maize,2,DAP,0.001,8
1121,2,maize,3,KAS,0.4,24
1122,2,maize,1,PK,0.001,50
1122,2,maize,2,DAP,0.001,8
1122,2,maize,3,KAS,0.4,24
1123,2,maize,1,PK,0.001,50
1123,2,maize,2,DAP,0.001,8
1123,2,maize,3,KAS,0.4,24
1125,2,maize,1,PK,0.001,50
1125,2,maize,2,DAP,0.001,8
1125,2,maize,3,KAS,0.4,24
1127,2,maize,1,PK,0.001,50
1127,2,maize,2,DAP,0.001,8
1127,2,maize,3,KAS,0.4,24
1128,2,maize,1,PK,0.001,50
1128,2,maize,2,DAP,0.001,8
1128,2,maize,3,KAS,0.4,24
1129,2,maize,1,PK,0.001,50
1129,2,maize,2,DAP,0.001,8
1129,2,maize,3,KAS,0.4,24
1133,2,maize,1,PK,0.001,50
1133,2,maize,2,DAP,0.001,8
1133,2,maize,3,KAS,0.4,24
1140,2,maize,1,PK,0.001,50
1140,2,maize,2,DAP,0.001,8
1140,2,maize,3,KAS,0.4,24
1141,2,maize,1,PK,0.001,50
1141,2,maize,2,DAP,0.001,8
1141,2,maize,3,KAS,0.4,24
1142,2,maize,1,PK,0.001,50
1142,2,maize,2,DAP,0.001,8
1142,2,maize,3,KAS,0.4,24
1143,2,maize,1,PK,0.001,50
1143,2,maize,2,DAP,0.001,8
1143,2,maize,3,KAS,0.4,24
1145,2,maize,1,PK,0.001,50
1145,2,maize,2,DAP,0.001,8
1145,2,maize,3,KAS,0.4,24
1147,2,maize,1,PK,0.001,50
1147,2,maize,2,DAP,0.001,8
1147,2,maize,3,KAS,0.4,24
1150,2,maize,1,PK,0.001,50
1150,2,maize,2,DAP,0.001,8
1150,2,maize,3,KAS,0.4,24
1151,2,maize,1,PK,0.001,50
1151,2,maize,2,DAP,0.001,8
1151,2,maize,3,KAS,0.4,24
1155,2,maize,1,PK,0.001,50
1155,2,maize,2,DAP,0.001,8
1155,2,maize,3,KAS,0.4,24
1157,2,maize,1,PK,0.001,50
1157,2,maize,2,DAP,0.001,8
1157,2,maize,3,KAS,0.4,24
1158,2,maize,1,PK,0.001,50
1158,2,maize,2,DAP,0.001,8
1158,2,maize,3,KAS,0.4,24
1160,2,maize,1,PK,0.001,50
1160,2,maize,2,DAP,0.001,8
1160,2,maize,3,KAS,0.4,24
1162,2,maize,1,PK,0.001,50
1162,2,maize,2,DAP,0.001,8
1162,2,maize,3,KAS,0.4,24
1163,2,maize,1,PK,0.001,50
1163,2,maize,2,DAP,0.001,8
1163,2,maize,3,KAS,0.4,24
1167,2,maize,1,PK,0.001,50
1167,2,maize,2,DAP,0.001,8
1167,2,maize,3,KAS,0.4,24
1169,2,maize,1,PK,0.001,50
1169,2,maize,2,DAP,0.001,8
1169,2,maize,3,KAS,0.4,24
1171,2,maize,1,PK,0.001,50
1171,2,maize,2,DAP,0.001,8
1171,2,maize,3,KAS,0.4,24
1173,2,maize,1,PK,0.001,50
1173,2,maize,2,DAP,0.001,8
1173,2,maize,3,KAS,0.4,24
1174,2,maize,1,PK,0.001,50
1174,2,maize,2,DAP,0.001,8
1174,2,maize,3,KAS,0.4,24
1175,2,maize,1,PK,0.001,50
1175,2,maize,2,DAP,0.001,8
1175,2,maize,3,KAS,0.4,24
1176,2,maize,1,PK,0.001,50
1176,2,maize,2,DAP,0.001,8
1176,2,maize,3,KAS,0.4,24
1177,2,maize,1,PK,0.001,50
1177,2,maize,2,DAP,0.001,8
1177,2,maize,3,KAS,0.4,24
1178,2,maize,1,PK,0.001,50
1178,2,maize,2,DAP,0.001,8
1178,2,maize,3,KAS,0.4,24
1180,2,maize,1,PK,0.001,50
1180,2,maize,2,DAP,0.001,8
1180,2,maize,3,KAS,0.4,24
1181,2,maize,1,PK,0.001,50
1181,2,maize,2,DAP,0.001,8
1181,2,maize,3,KAS,0.4,24
1182,2,maize,1,PK,0.001,50
1182,2,maize,2,DAP,0.001,8
1182,2,maize,3,KAS,0.4,24
1183,2,maize,1,PK,0.001,50
1183,2,maize,2,DAP,0.001,8
1183,2,maize,3,KAS,0.4,24
1185,2,maize,1,PK,0.001,50
1185,2,maize,2,DAP,0.001,8
1185,2,maize,3,KAS,0.4,24
1186,2,maize,1,PK,0.001,50
1186,2,maize,2,DAP,0.001,8
1186,2,maize,3,KAS,0.4,24
1187,2,maize,1,PK,0.001,50
1187,2,maize,2,DAP,0.001,8
1187,2,maize,3,KAS,0.4,24
1188,2,maize,1,PK,0.001,50
1188,2,maize,2,DAP,0.001,8
1188,2,maize,3,KAS,0.4,24
1189,2,maize,1,PK,0.001,50
1189,2,maize,2,DAP,0.001,8
1189,2,maize,3,KAS,0.4,24
1190,2,maize,1,PK,0.001,50
1190,2,maize,2,DAP,0.001,8
1190,2,maize,3,KAS,0.4,24
1198,2,maize,1,PK,0.001,50
1198,2,maize,2,DAP,0.001,8
1198,2,maize,3,KAS,0.4,24
1199,2,maize,1,PK,0.001,50
1199,2,maize,2,DAP,0.001,8
1199,2,maize,3,KAS,0.4,24
1200,2,maize,1,PK,0.001,50
1200,2,maize,2,DAP,0.001,8
1200,2,maize,3,KAS,0.4,24
1201,2,maize,1,PK,0.001,50
1201,2,maize,2,DAP,0.001,8
1201,2,maize,3,KAS,0.4,24
1202,2,maize,1,PK,0.001,50
1202,2,maize,2,DAP,0.001,8
1202,2,maize,3,KAS,0.4,24
1203,2,maize,1,PK,0.001,50
1203,2,maize,2,DAP,0.001,8
1203,2,maize,3,KAS,0.4,24
1204,2,maize,1,PK,0.001,50
1204,2,maize,2,DAP,0.001,8
1204,2,maize,3,KAS,0.4,24
1205,2,maize,1,PK,0.001,50
1205,2,maize,2,DAP,0.001,8
1205,2,maize,3,KAS,0.4,24
1207,2,maize,1,PK,0.001,50
1207,2,maize,2,DAP,0.001,8
1207,2,maize,3,KAS,0.4,24
1209,2,maize,1,PK,0.001,50
1209,2,maize,2,DAP,0.001,8
1209,2,maize,3,KAS,0.4,24
1210,2,maize,1,PK,0.001,50
1210,2,maize,2,DAP,0.001,8
1210,2,maize,3,KAS,0.4,24
1211,2,maize,1,PK,0.001,50
1211,2,maize,2,DAP,0.001,8
1211,2,maize,3,KAS,0.4,24
1212,2,maize,1,PK,0.001,50
1212,2,maize,2,DAP,0.001,8
1212,2,maize,3,KAS,0.4,24
1218,2,maize,1,PK,0.001,50
1218,2,maize,2,DAP,0.001,8
1218,2,maize,3,KAS,0.4,24
1221,2,maize,1,PK,0.001,50
1221,2,maize,2,DAP,0.001,8
1221,2,maize,3,KAS,0.4,24
1222,2,maize,1,PK,0.001,50
1222,2,maize,2,DAP,0.001,8
1222,2,maize,3,KAS,0.4,24
1224,2,maize,1,PK,0.001,50
1224,2,maize,2,DAP,0.001,8
1224,2,maize,3,KAS,0.4,24
1225,2,maize,1,PK,0.001,50
1225,2,maize,2,DAP,0.001,8
1225,2,maize,3,KAS,0.4,24
1226,2,maize,1,PK,0.001,50
1226,2,maize,2,DAP,0.001,8
1226,2,maize,3,KAS,0.4,24
1231,2,maize,1,PK,0.001,50
1231,2,maize,2,DAP,0.001,8
1231,2,maize,3,KAS,0.4,24
1236,2,maize,1,PK,0.001,50
1236,2,maize,2,DAP,0.001,8
1236,2,maize,3,KAS,0.4,24
1237,2,maize,1,PK,0.001,50
1237,2,maize,2,DAP,0.001,8
1237,2,maize,3,KAS,0.4,24
1238,2,maize,1,PK,0.001,50
1238,2,maize,2,DAP,0.001,8
1238,2,maize,3,KAS,0.4,24
1239,2,maize,1,PK,0.001,50
1239,2,maize,2,DAP,0.001,8
1239,2,maize,3,KAS,0.4,24
1240,2,maize,1,PK,0.001,50
1240,2,maize,2,DAP,0.001,8
1240,2,maize,3,KAS,0.4,24
1241,2,maize,1,PK,0.001,50
1241,2,maize,2,DAP,0.001,8
1241,2,maize,3,KAS,0.4,24
1242,2,maize,1,PK,0.001,50
1242,2,maize,2,DAP,0.001,8
1242,2,maize,3,KAS,0.4,24
1243,2,maize,1,PK,0.001,50
1243,2,maize,2,DAP,0.001,8
1243,2,maize,3,KAS,0.4,24
1244,2,maize,1,PK,0.001,50
1244,2,maize,2,DAP,0.001,8
1244,2,maize,3,KAS,0.4,24
1245,2,maize,1,PK,0.001,50
1245,2,maize,2,DAP,0.001,8
1245,2,maize,3,KAS,0.4,24
1246,2,maize,1,PK,0.001,50
1246,2,maize,2,DAP,0.001,8
1246,2,maize,3,KAS,0.4,24
1247,2,maize,1,PK,0.001,50
1247,2,maize,2,DAP,0.001,8
1247,2,maize,3,KAS,0.4,24
1248,2,maize,1,PK,0.001,50
1248,2,maize,2,DAP,0.001,8
1248,2,maize,3,KAS,0.4,24
1249,2,maize,1,PK,0.001,50
1249,2,maize,2,DAP,0.001,8
1249,2,maize,3,KAS,0.4,24
1252,2,maize,1,PK,0.001,50
1252,2,maize,2,DAP,0.001,8
1252,2,maize,3,KAS,0.4,24
1254,2,maize,1,PK,0.001,50
1254,2,maize,2,DAP,0.001,8
1254,2,maize,3,KAS,0.4,24
1255,2,maize,1,PK,0.001,50
1255,2,maize,2,DAP,0.001,8
1255,2,maize,3,KAS,0.4,24
1256,2,maize,1,PK,0.001,50
1256,2,maize,2,DAP,0.001,8
1256,2,maize,3,KAS,0.4,24
1257,2,maize,1,PK,0.001,50
1257,2,maize,2,DAP,0.001,8
1257,2,maize,3,KAS,0.4,24
1258,2,maize,1,PK,0.001,50
1258,2,maize,2,DAP,0.001,8
1258,2,maize,3,KAS,0.4,24
1259,2,maize,1,PK,0.001,50
1259,2,maize,2,DAP,0.001,8
1259,2,maize,3,KAS,0.4,24
1260,2,maize,1,PK,0.001,50
1260,2,maize,2,DAP,0.001,8
1260,2,maize,3,KAS,0.4,24
1263,2,maize,1,PK,0.001,50
1263,2,maize,2,DAP,0.001,8
1263,2,maize,3,KAS,0.4,24
1264,2,maize,1,PK,0.001,50
1264,2,maize,2,DAP,0.001,8
1264,2,maize,3,KAS,0.4,24
1265,2,maize,1,PK,0.001,50
1265,2,maize,2,DAP,0.001,8
1265,2,maize,3,KAS,0.4,24
1266,2,maize,1,PK,0.001,50
1266,2,maize,2,DAP,0.001,8
1266,2,maize,3,KAS,0.4,24
1267,2,maize,1,PK,0.001,50
1267,2,maize,2,DAP,0.001,8
1267,2,maize,3,KAS,0.4,24
1272,2,maize,1,PK,0.001,50
1272,2,maize,2,DAP,0.001,8
1272,2,maize,3,KAS,0.4,24
1273,2,maize,1,PK,0.001,50
1273,2,maize,2,DAP,0.001,8
1273,2,maize,3,KAS,0.4,24
1275,2,maize,1,PK,0.001,50
1275,2,maize,2,DAP,0.001,8
1275,2,maize,3,KAS,0.4,24
1277,2,maize,1,PK,0.001,50
1277,2,maize,2,DAP,0.001,8
1277,2,maize,3,KAS,0.4,24
1284,2,maize,1,PK,0.001,50
1284,2,maize,2,DAP,0.001,8
1284,2,maize,3,KAS,0.4,24
1285,2,maize,1,PK,0.001,50
1285,2,maize,2,DAP,0.001,8
1285,2,maize,3,KAS,0.4,24
1286,2,maize,1,PK,0.001,50
1286,2,maize,2,DAP,0.001,8
1286,2,maize,3,KAS,0.4,24
1287,2,maize,1,PK,0.001,50
1287,2,maize,2,DAP,0.001,8
1287,2,maize,3,KAS,0.4,24
1288,2,maize,1,PK,0.001,50
1288,2,maize,2,DAP,0.001,8
1288,2,maize,3,KAS,0.4,24
1290,2,maize,1,PK,0.001,50
1290,2,maize,2,DAP,0.001,8
1290,2,maize,3,KAS,0.4,24
1291,2,maize,1,PK,0.001,50
1291,2,maize,2,DAP,0.001,8
1291,2,maize,3,KAS,0.4,24
1293,2,maize,1,PK,0.001,50
1293,2,maize,2,DAP,0.001,8
1293,2,maize,3,KAS,0.4,24
1296,2,maize,1,PK,0.001,50
1296,2,maize,2,DAP,0.001,8
1296,2,maize,3,KAS,0.4,24
1297,2,maize,1,PK,0.001,50
1297,2,maize,2,DAP,0.001,8
1297,2,maize,3,KAS,0.4,24
1298,2,maize,1,PK,0.001,50
1298,2,maize,2,DAP,0.001,8
1298,2,maize,3,KAS,0.4,24
1299,2,maize,1,PK,0.001,50
1299,2,maize,2,DAP,0.001,8
1299,2,maize,3,KAS,0.4,24
1300,2,maize,1,PK,0.001,50
1300,2,maize,2,DAP,0.001,8
1300,2,maize,3,KAS,0.4,24
1304,2,maize,1,PK,0.001,50
1304,2,maize,2,DAP,0.001,8
1304,2,maize,3,KAS,0.4,24
1305,2,maize,1,PK,0.001,50
1305,2,maize,2,DAP,0.001,8
1305,2,maize,3,KAS,0.4,24
1307,2,maize,1,PK,0.001,50
1307,2,maize,2,DAP,0.001,8
1307,2,maize,3,KAS,0.4,24
1308,2,maize,1,PK,0.001,50
1308,2,maize,2,DAP,0.001,8
1308,2,maize,3,KAS,0.4,24
1310,2,maize,1,PK,0.001,50
1310,2,maize,2,DAP,0.001,8
1310,2,maize,3,KAS,0.4,24
1317,2,maize,1,PK,0.001,50
1317,2,maize,2,DAP,0.001,8
1317,2,maize,3,KAS,0.4,24
1318,2,maize,1,PK,0.001,50
1318,2,maize,2,DAP,0.001,8
1318,2,maize,3,KAS,0.4,24
1319,2,maize,1,PK,0.001,50
1319,2,maize,2,DAP,0.001,8
1319,2,maize,3,KAS,0.4,24
1323,2,maize,1,PK,0.001,50
1323,2,maize,2,DAP,0.001,8
1323,2,maize,3,KAS,0.4,24
1325,2,maize,1,PK,0.001,50
1325,2,maize,2,DAP,0.001,8
1325,2,maize,3,KAS,0.4,24
1327,2,maize,1,PK,0.001,50
1327,2,maize,2,DAP,0.001,8
1327,2,maize,3,KAS,0.4,24
1329,2,maize,1,PK,0.001,50
1329,2,maize,2,DAP,0.001,8
1329,2,maize,3,KAS,0.4,24
1331,2,maize,1,PK,0.001,50
1331,2,maize,2,DAP,0.001,8
1331,2,maize,3,KAS,0.4,24
1333,2,maize,1,PK,0.001,50
1333,2,maize,2,DAP,0.001,8
1333,2,maize,3,KAS,0.4,24
1334,2,maize,1,PK,0.001,50
1334,2,maize,2,DAP,0.001,8
1334,2,maize,3,KAS,0.4,24
1336,2,maize,1,PK,0.001,50
1336,2,maize,2,DAP,0.001,8
1336,2,maize,3,KAS,0.4,24
1337,2,maize,1,PK,0.001,50
1337,2,maize,2,DAP,0.001,8
1337,2,maize,3,KAS,0.4,24
1338,2,maize,1,PK,0.001,50
1338,2,maize,2,DAP,0.001,8
1338,2,maize,3,KAS,0.4,24
1340,2,maize,1,PK,0.001,50
1340,2,maize,2,DAP,0.001,8
1340,2,maize,3,KAS,0.4,24
1342,2,maize,1,PK,0.001,50
1342,2,maize,2,DAP,0.001,8
1342,2,maize,3,KAS,0.4,24
1344,2,maize,1,PK,0.001,50
1344,2,maize,2,DAP,0.001,8
1344,2,maize,3,KAS,0.4,24
1345,2,maize,1,PK,0.001,50
1345,2,maize,2,DAP,0.001,8
1345,2,maize,3,KAS,0.4,24
1348,2,maize,1,PK,0.001,50
1348,2,maize,2,DAP,0.001,8
1348,2,maize,3,KAS,0.4,24
1349,2,maize,1,PK,0.001,50
1349,2,maize,2,DAP,0.001,8
1349,2,maize,3,KAS,0.4,24
1351,2,maize,1,PK,0.001,50
1351,2,maize,2,DAP,0.001,8
1351,2,maize,3,KAS,0.4,24
1354,2,maize,1,PK,0.001,50
1354,2,maize,2,DAP,0.001,8
1354,2,maize,3,KAS,0.4,24
1358,2,maize,1,PK,0.001,50
1358,2,maize,2,DAP,0.001,8
1358,2,maize,3,KAS,0.4,24
1363,2,maize,1,PK,0.001,50
1363,2,maize,2,DAP,0.001,8
1363,2,maize,3,KAS,0.4,24
1369,2,maize,1,PK,0.001,50
1369,2,maize,2,DAP,0.001,8
1369,2,maize,3,KAS,0.4,24
1371,2,maize,1,PK,0.001,50
1371,2,maize,2,DAP,0.001,8
1371,2,maize,3,KAS,0.4,24
1372,2,maize,1,PK,0.001,50
1372,2,maize,2,DAP,0.001,8
1372,2,maize,3,KAS,0.4,24
1375,2,maize,1,PK,0.001,50
1375,2,maize,2,DAP,0.001,8
1375,2,maize,3,KAS,0.4,24
1377,2,maize,1,PK,0.001,50
1377,2,maize,2,DAP,0.001,8
1377,2,maize,3,KAS,0.4,24
1378,2,maize,1,PK,0.001,50
1378,2,maize,2,DAP,0.001,8
1378,2,maize,3,KAS,0.4,24
1379,2,maize,1,PK,0.001,50
1379,2,maize,2,DAP,0.001,8
1379,2,maize,3,KAS,0.4,24
1380,2,maize,1,PK,0.001,50
1380,2,maize,2,DAP,0.001,8
1380,2,maize,3,KAS,0.4,24
1382,2,maize,1,PK,0.001,50
1382,2,maize,2,DAP,0.001,8
1382,2,maize,3,KAS,0.4,24
1387,2,maize,1,PK,0.001,50
1387,2,maize,2,DAP,0.001,8
1387,2,maize,3,KAS,0.4,24
1389,2,maize,1,PK,0.001,50
1389,2,maize,2,DAP,0.001,8
1389,2,maize,3,KAS,0.4,24
1392,2,maize,1,PK,0.001,50
1392,2,maize,2,DAP,0.001,8
1392,2,maize,3,KAS,0.4,24
1398,2,maize,1,PK,0.001,50
1398,2,maize,2,DAP,0.001,8
1398,2,maize,3,KAS,0.4,24
1400,2,maize,1,PK,0.001,50
1400,2,maize,2,DAP,0.001,8
1400,2,maize,3,KAS,0.4,24
1401,2,maize,1,PK,0.001,50
1401,2,maize,2,DAP,0.001,8
1401,2,maize,3,KAS,0.4,24
1402,2,maize,1,PK,0.001,50
1402,2,maize,2,DAP,0.001,8
1402,2,maize,3,KAS,0.4,24
1406,2,maize,1,PK,0.001,50
1406,2,maize,2,DAP,0.001,8
1406,2,maize,3,KAS,0.4,24
1408,2,maize,1,PK,0.001,50
1408,2,maize,2,DAP,0.001,8
1408,2,maize,3,KAS,0.4,24
1412,2,maize,1,PK,0.001,50
1412,2,maize,2,DAP,0.001,8
1412,2,maize,3,KAS,0.4,24
1414,2,maize,1,PK,0.001,50
1414,2,maize,2,DAP,0.001,8
1414,2,maize,3,KAS,0.4,24
1415,2,maize,1,PK,0.001,50
1415,2,maize,2,DAP,0.001,8
1415,2,maize,3,KAS,0.4,24
1416,2,maize,1,PK,0.001,50
1416,2,maize,2,DAP,0.001,8
1416,2,maize,3,KAS,0.4,24
1418,2,maize,1,PK,0.001,50
1418,2,maize,2,DAP,0.001,8
1418,2,maize,3,KAS,0.4,24
1419,2,maize,1,PK,0.001,50
1419,2,maize,2,DAP,0.001,8
1419,2,maize,3,KAS,0.4,24
1428,2,maize,1,PK,0.001,50
1428,2,maize,2,DAP,0.001,8
1428,2,maize,3,KAS,0.4,24
1430,2,maize,1,PK,0.001,50
1430,2,maize,2,DAP,0.001,8
1430,2,maize,3,KAS,0.4,24
1431,2,maize,1,PK,0.001,50
1431,2,maize,2,DAP,0.001,8
1431,2,maize,3,KAS,0.4,24
1433,2,maize,1,PK,0.001,50
1433,2,maize,2,DAP,0.001,8
1433,2,maize,3,KAS,0.4,24
1434,2,maize,1,PK,0.001,50
1434,2,maize,2,DAP,0.001,8
1434,2,maize,3,KAS,0.4,24
1438,2,maize,1,PK,0.001,50
1438,2,maize,2,DAP,0.001,8
1438,2,maize,3,KAS,0.4,24
1441,2,maize,1,PK,0.001,50
1441,2,maize,2,DAP,0.001,8
1441,2,maize,3,KAS,0.4,24
1443,2,maize,1,PK,0.001,50
1443,2,maize,2,DAP,0.001,8
1443,2,maize,3,KAS,0.4,24
1444,2,maize,1,PK,0.001,50
1444,2,maize,2,DAP,0.001,8
1444,2,maize,3,KAS,0.4,24
1447,2,maize,1,PK,0.001,50
1447,2,maize,2,DAP,0.001,8
1447,2,maize,3,KAS,0.4,24
1448,2,maize,1,PK,0.001,50
1448,2,maize,2,DAP,0.001,8
1448,2,maize,3,KAS,0.4,24
1450,2,maize,1,PK,0.001,50
1450,2,maize,2,DAP,0.001,8
1450,2,maize,3,KAS,0.4,24
1451,2,maize,1,PK,0.001,50
1451,2,maize,2,DAP,0.001,8
1451,2,maize,3,KAS,0.4,24
1452,2,maize,1,PK,0.001,50
1452,2,maize,2,DAP,0.001,8
1452,2,maize,3,KAS,0.4,24
1453,2,maize,1,PK,0.001,50
1453,2,maize,2,DAP,0.001,8
1453,2,maize,3,KAS,0.4,24
1457,2,maize,1,PK,0.001,50
1457,2,maize,2,DAP,0.001,8
1457,2,maize,3,KAS,0.4,24
1464,2,maize,1,PK,0.001,50
1464,2,maize,2,DAP,0.001,8
1464,2,maize,3,KAS,0.4,24
1466,2,maize,1,PK,0.001,50
1466,2,maize,2,DAP,0.001,8
1466,2,maize,3,KAS,0.4,24
1467,2,maize,1,PK,0.001,50
1467,2,maize,2,DAP,0.001,8
1467,2,maize,3,KAS,0.4,24
1468,2,maize,1,PK,0.001,50
1468,2,maize,2,DAP,0.001,8
1468,2,maize,3,KAS,0.4,24
1471,2,maize,1,PK,0.001,50
1471,2,maize,2,DAP,0.001,8
1471,2,maize,3,KAS,0.4,24
1472,2,maize,1,PK,0.001,50
1472,2,maize,2,DAP,0.001,8
1472,2,maize,3,KAS,0.4,24
1474,2,maize,1,PK,0.001,50
1474,2,maize,2,DAP,0.001,8
1474,2,maize,3,KAS,0.4,24
1477,2,maize,1,PK,0.001,50
1477,2,maize,2,DAP,0.001,8
1477,2,maize,3,KAS,0.4,24
1478,2,maize,1,PK,0.001,50
1478,2,maize,2,DAP,0.001,8
1478,2,maize,3,KAS,0.4,24
1480,2,maize,1,PK,0.001,50
1480,2,maize,2,DAP,0.001,8
1480,2,maize,3,KAS,0.4,24
1484,2,maize,1,PK,0.001,50
1484,2,maize,2,DAP,0.001,8
1484,2,maize,3,KAS,0.4,24
1486,2,maize,1,PK,0.001,50
1486,2,maize,2,DAP,0.001,8
1486,2,maize,3,KAS,0.4,24
1488,2,maize,1,PK,0.001,50
1488,2,maize,2,DAP,0.001,8
1488,2,maize,3,KAS,0.4,24
1490,2,maize,1,PK,0.001,50
1490,2,maize,2,DAP,0.001,8
1490,2,maize,3,KAS,0.4,24
1493,2,maize,1,PK,0.001,50
1493,2,maize,2,DAP,0.001,8
1493,2,maize,3,KAS,0.4,24
1495,2,maize,1,PK,0.001,50
1495,2,maize,2,DAP,0.001,8
1495,2,maize,3,KAS,0.4,24
1496,2,maize,1,PK,0.001,50
1496,2,maize,2,DAP,0.001,8
1496,2,maize,3,KAS,0.4,24
1497,2,maize,1,PK,0.001,50
1497,2,maize,2,DAP,0.001,8
1497,2,maize,3,KAS,0.4,24
1503,2,maize,1,PK,0.001,50
1503,2,maize,2,DAP,0.001,8
1503,2,maize,3,KAS,0.4,24
1504,2,maize,1,PK,0.001,50
1504,2,maize,2,DAP,0.001,8
1504,2,maize,3,KAS,0.4,24
1505,2,maize,1,PK,0.001,50
1505,2,maize,2,DAP,0.001,8
1505,2,maize,3,KAS,0.4,24
1507,2,maize,1,PK,0.001,50
1507,2,maize,2,DAP,0.001,8
1507,2,maize,3,KAS,0.4,24
1508,2,maize,1,PK,0.001,50
1508,2,maize,2,DAP,0.001,8
1508,2,maize,3,KAS,0.4,24
1517,2,maize,1,PK,0.001,50
1517,2,maize,2,DAP,0.001,8
1517,2,maize,3,KAS,0.4,24
1520,2,maize,1,PK,0.001,50
1520,2,maize,2,DAP,0.001,8
1520,2,maize,3,KAS,0.4,24
1521,2,maize,1,PK,0.001,50
1521,2,maize,2,DAP,0.001,8
1521,2,maize,3,KAS,0.4,24
1522,2,maize,1,PK,0.001,50
1522,2,maize,2,DAP,0.001,8
1522,2,maize,3,KAS,0.4,24
1524,2,maize,1,PK,0.001,50
1524,2,maize,2,DAP,0.001,8
1524,2,maize,3,KAS,0.4,24
1527,2,maize,1,PK,0.001,50
1527,2,maize,2,DAP,0.001,8
1527,2,maize,3,KAS,0.4,24
1529,2,maize,1,PK,0.001,50
1529,2,maize,2,DAP,0.001,8
1529,2,maize,3,KAS,0.4,24
1530,2,maize,1,PK,0.001,50
1530,2,maize,2,DAP,0.001,8
1530,2,maize,3,KAS,0.4,24
1531,2,maize,1,PK,0.001,50
1531,2,maize,2,DAP,0.001,8
1531,2,maize,3,KAS,0.4,24
1537,2,maize,1,PK,0.001,50
1537,2,maize,2,DAP,0.001,8
1537,2,maize,3,KAS,0.4,24
1540,2,maize,1,PK,0.001,50
1540,2,maize,2,DAP,0.001,8
1540,2,maize,3,KAS,0.4,24
1543,2,maize,1,PK,0.001,50
1543,2,maize,2,DAP,0.001,8
1543,2,maize,3,KAS,0.4,24
1545,2,maize,1,PK,0.001,50
1545,2,maize,2,DAP,0.001,8
1545,2,maize,3,KAS,0.4,24
1546,2,maize,1,PK,0.001,50
1546,2,maize,2,DAP,0.001,8
1546,2,maize,3,KAS,0.4,24
1547,2,maize,1,PK,0.001,50
1547,2,maize,2,DAP,0.001,8
1547,2,maize,3,KAS,0.4,24
1551,2,maize,1,PK,0.001,50
1551,2,maize,2,DAP,0.001,8
1551,2,maize,3,KAS,0.4,24
1555,2,maize,1,PK,0.001,50
1555,2,maize,2,DAP,0.001,8
1555,2,maize,3,KAS,0.4,24
1557,2,maize,1,PK,0.001,50
1557,2,maize,2,DAP,0.001,8
1557,2,maize,3,KAS,0.4,24
1559,2,maize,1,PK,0.001,50
1559,2,maize,2,DAP,0.001,8
1559,2,maize,3,KAS,0.4,24
1561,2,maize,1,PK,0.001,50
1561,2,maize,2,DAP,0.001,8
1561,2,maize,3,KAS,0.4,24
1563,2,maize,1,PK,0.001,50
1563,2,maize,2,DAP,0.001,8
1563,2,maize,3,KAS,0.4,24
1565,2,maize,1,PK,0.001,50
1565,2,maize,2,DAP,0.001,8
1565,2,maize,3,KAS,0.4,24
1566,2,maize,1,PK,0.001,50
1566,2,maize,2,DAP,0.001,8
1566,2,maize,3,KAS,0.4,24
1567,2,maize,1,PK,0.001,50
1567,2,maize,2,DAP,0.001,8
1567,2,maize,3,KAS,0.4,24
1572,2,maize,1,PK,0.001,50
1572,2,maize,2,DAP,0.001,8
1572,2,maize,3,KAS,0.4,24
1574,2,maize,1,PK,0.001,50
1574,2,maize,2,DAP,0.001,8
1574,2,maize,3,KAS,0.4,24
1575,2,maize,1,PK,0.001,50
1575,2,maize,2,DAP,0.001,8
1575,2,maize,3,KAS,0.4,24
1576,2,maize,1,PK,0.001,50
1576,2,maize,2,DAP,0.001,8
1576,2,maize,3,KAS,0.4,24
1577,2,maize,1,PK,0.001,50
1577,2,maize,2,DAP,0.001,8
1577,2,maize,3,KAS,0.4,24
1578,2,maize,1,PK,0.001,50
1578,2,maize,2,DAP,0.001,8
1578,2,maize,3,KAS,0.4,24
1582,2,maize,1,PK,0.001,50
1582,2,maize,2,DAP,0.001,8
1582,2,maize,3,KAS,0.4,24
1583,2,maize,1,PK,0.001,50
1583,2,maize,2,DAP,0.001,8
1583,2,maize,3,KAS,0.4,24
1586,2,maize,1,PK,0.001,50
1586,2,maize,2,DAP,0.001,8
1586,2,maize,3,KAS,0.4,24
1588,2,maize,1,PK,0.001,50
1588,2,maize,2,DAP,0.001,8
1588,2,maize,3,KAS,0.4,24
1593,2,maize,1,PK,0.001,50
1593,2,maize,2,DAP,0.001,8
1593,2,maize,3,KAS,0.4,24
1596,2,maize,1,PK,0.001,50
1596,2,maize,2,DAP,0.001,8
1596,2,maize,3,KAS,0.4,24
1597,2,maize,1,PK,0.001,50
1597,2,maize,2,DAP,0.001,8
1597,2,maize,3,KAS,0.4,24
1598,2,maize,1,PK,0.001,50
1598,2,maize,2,DAP,0.001,8
1598,2,maize,3,KAS,0.4,24
1599,2,maize,1,PK,0.001,50
1599,2,maize,2,DAP,0.001,8
1599,2,maize,3,KAS,0.4,24
1600,2,maize,1,PK,0.001,50
1600,2,maize,2,DAP,0.001,8
1600,2,maize,3,KAS,0.4,24
1601,2,maize,1,PK,0.001,50
1601,2,maize,2,DAP,0.001,8
1601,2,maize,3,KAS,0.4,24
1602,2,maize,1,PK,0.001,50
1602,2,maize,2,DAP,0.001,8
1602,2,maize,3,KAS,0.4,24
1606,2,maize,1,PK,0.001,50
1606,2,maize,2,DAP,0.001,8
1606,2,maize,3,KAS,0.4,24
1607,2,maize,1,PK,0.001,50
1607,2,maize,2,DAP,0.001,8
1607,2,maize,3,KAS,0.4,24
1608,2,maize,1,PK,0.001,50
1608,2,maize,2,DAP,0.001,8
1608,2,maize,3,KAS,0.4,24
1609,2,maize,1,PK,0.001,50
1609,2,maize,2,DAP,0.001,8
1609,2,maize,3,KAS,0.4,24
1612,2,maize,1,PK,0.001,50
1612,2,maize,2,DAP,0.001,8
1612,2,maize,3,KAS,0.4,24
1613,2,maize,1,PK,0.001,50
1613,2,maize,2,DAP,0.001,8
1613,2,maize,3,KAS,0.4,24
1615,2,maize,1,PK,0.001,50
1615,2,maize,2,DAP,0.001,8
1615,2,maize,3,KAS,0.4,24
1618,2,maize,1,PK,0.001,50
1618,2,maize,2,DAP,0.001,8
1618,2,maize,3,KAS,0.4,24
1619,2,maize,1,PK,0.001,50
1619,2,maize,2,DAP,0.001,8
1619,2,maize,3,KAS,0.4,24
1620,2,maize,1,PK,0.001,50
1620,2,maize,2,DAP,0.001,8
1620,2,maize,3,KAS,0.4,24
1622,2,maize,1,PK,0.001,50
1622,2,maize,2,DAP,0.001,8
1622,2,maize,3,KAS,0.4,24
1627,2,maize,1,PK,0.001,50
1627,2,maize,2,DAP,0.001,8
1627,2,maize,3,KAS,0.4,24
1629,2,maize,1,PK,0.001,50
1629,2,maize,2,DAP,0.001,8
1629,2,maize,3,KAS,0.4,24
1630,2,maize,1,PK,0.001,50
1630,2,maize,2,DAP,0.001,8
1630,2,maize,3,KAS,0.4,24
1633,2,maize,1,PK,0.001,50
1633,2,maize,2,DAP,0.001,8
1633,2,maize,3,KAS,0.4,24
1635,2,maize,1,PK,0.001,50
1635,2,maize,2,DAP,0.001,8
1635,2,maize,3,KAS,0.4,24
1636,2,maize,1,PK,0.001,50
1636,2,maize,2,DAP,0.001,8
1636,2,maize,3,KAS,0.4,24
1638,2,maize,1,PK,0.001,50
1638,2,maize,2,DAP,0.001,8
1638,2,maize,3,KAS,0.4,24
1643,2,maize,1,PK,0.001,50
1643,2,maize,2,DAP,0.001,8
1643,2,maize,3,KAS,0.4,24
1647,2,maize,1,PK,0.001,50
1647,2,maize,2,DAP,0.001,8
1647,2,maize,3,KAS,0.4,24
1648,2,maize,1,PK,0.001,50
1648,2,maize,2,DAP,0.001,8
1648,2,maize,3,KAS,0.4,24
1649,2,maize,1,PK,0.001,50
1649,2,maize,2,DAP,0.001,8
1649,2,maize,3,KAS,0.4,24
1651,2,maize,1,PK,0.001,50
1651,2,maize,2,DAP,0.001,8
1651,2,maize,3,KAS,0.4,24
1654,2,maize,1,PK,0.001,50
1654,2,maize,2,DAP,0.001,8
1654,2,maize,3,KAS,0.4,24
1656,2,maize,1,PK,0.001,50
1656,2,maize,2,DAP,0.001,8
1656,2,maize,3,KAS,0.4,24
1658,2,maize,1,PK,0.001,50
1658,2,maize,2,DAP,0.001,8
1658,2,maize,3,KAS,0.4,24
1661,2,maize,1,PK,0.001,50
1661,2,maize,2,DAP,0.001,8
1661,2,maize,3,KAS,0.4,24
1662,2,maize,1,PK,0.001,50
1662,2,maize,2,DAP,0.001,8
1662,2,maize,3,KAS,0.4,24
1663,2,maize,1,PK,0.001,50
1663,2,maize,2,DAP,0.001,8
1663,2,maize,3,KAS,0.4,24
1664,2,maize,1,PK,0.001,50
1664,2,maize,2,DAP,0.001,8
1664,2,maize,3,KAS,0.4,24
1665,2,maize,1,PK,0.001,50
1665,2,maize,2,DAP,0.001,8
1665,2,maize,3,KAS,0.4,24
1666,2,maize,1,PK,0.001,50
1666,2,maize,2,DAP,0.001,8
1666,2,maize,3,KAS,0.4,24
1667,2,maize,1,PK,0.001,50
1667,2,maize,2,DAP,0.001,8
1667,2,maize,3,KAS,0.4,24
1668,2,maize,1,PK,0.001,50
1668,2,maize,2,DAP,0.001,8
1668,2,maize,3,KAS,0.4,24
1671,2,maize,1,PK,0.001,50
1671,2,maize,2,DAP,0.001,8
1671,2,maize,3,KAS,0.4,24
1672,2,maize,1,PK,0.001,50
1672,2,maize,2,DAP,0.001,8
1672,2,maize,3,KAS,0.4,24
1673,2,maize,1,PK,0.001,50
1673,2,maize,2,DAP,0.001,8
1673,2,maize,3,KAS,0.4,24
1676,2,maize,1,PK,0.001,50
1676,2,maize,2,DAP,0.001,8
1676,2,maize,3,KAS,0.4,24
1677,2,maize,1,PK,0.001,50
1677,2,maize,2,DAP,0.001,8
1677,2,maize,3,KAS,0.4,24
1678,2,maize,1,PK,0.001,50
1678,2,maize,2,DAP,0.001,8
1678,2,maize,3,KAS,0.4,24
1683,2,maize,1,PK,0.001,50
1683,2,maize,2,DAP,0.001,8
1683,2,maize,3,KAS,0.4,24
1687,2,maize,1,PK,0.001,50
1687,2,maize,2,DAP,0.001,8
1687,2,maize,3,KAS,0.4,24
1688,2,maize,1,PK,0.001,50
1688,2,maize,2,DAP,0.001,8
1688,2,maize,3,KAS,0.4,24
1689,2,maize,1,PK,0.001,50
1689,2,maize,2,DAP,0.001,8
1689,2,maize,3,KAS,0.4,24
1690,2,maize,1,PK,0.001,50
1690,2,maize,2,DAP,0.001,8
1690,2,maize,3,KAS,0.4,24
1694,2,maize,1,PK,0.001,50
1694,2,maize,2,DAP,0.001,8
1694,2,maize,3,KAS,0.4,24
1697,2,maize,1,PK,0.001,50
1697,2,maize,2,DAP,0.001,8
1697,2,maize,3,KAS,0.4,24
1698,2,maize,1,PK,0.001,50
1698,2,maize,2,DAP,0.001,8
1698,2,maize,3,KAS,0.4,24
1699,2,maize,1,PK,0.001,50
1699,2,maize,2,DAP,0.001,8
1699,2,maize,3,KAS,0.4,24
1700,2,maize,1,PK,0.001,50
1700,2,maize,2,DAP,0.001,8
1700,2,maize,3,KAS,0.4,24
1702,2,maize,1,PK,0.001,50
1702,2,maize,2,DAP,0.001,8
1702,2,maize,3,KAS,0.4,24
1703,2,maize,1,PK,0.001,50
1703,2,maize,2,DAP,0.001,8
1703,2,maize,3,KAS,0.4,24
1705,2,maize,1,PK,0.001,50
1705,2,maize,2,DAP,0.001,8
1705,2,maize,3,KAS,0.4,24
1707,2,maize,1,PK,0.001,50
1707,2,maize,2,DAP,0.001,8
1707,2,maize,3,KAS,0.4,24
1711,2,maize,1,PK,0.001,50
1711,2,maize,2,DAP,0.001,8
1711,2,maize,3,KAS,0.4,24
1716,2,maize,1,PK,0.001,50
1716,2,maize,2,DAP,0.001,8
1716,2,maize,3,KAS,0.4,24
1722,2,maize,1,PK,0.001,50
1722,2,maize,2,DAP,0.001,8
1722,2,maize,3,KAS,0.4,24
1723,2,maize,1,PK,0.001,50
1723,2,maize,2,DAP,0.001,8
1723,2,maize,3,KAS,0.4,24
1725,2,maize,1,PK,0.001,50
1725,2,maize,2,DAP,0.001,8
1725,2,maize,3,KAS,0.4,24
1726,2,maize,1,PK,0.001,50
1726,2,maize,2,DAP,0.001,8
1726,2,maize,3,KAS,0.4,24
1727,2,maize,1,PK,0.001,50
1727,2,maize,2,DAP,0.001,8
1727,2,maize,3,KAS,0.4,24
1731,2,maize,1,PK,0.001,50
1731,2,maize,2,DAP,0.001,8
1731,2,maize,3,KAS,0.4,24
1732,2,maize,1,PK,0.001,50
1732,2,maize,2,DAP,0.001,8
1732,2,maize,3,KAS,0.4,24
1733,2,maize,1,PK,0.001,50
1733,2,maize,2,DAP,0.001,8
1733,2,maize,3,KAS,0.4,24
1734,2,maize,1,PK,0.001,50
1734,2,maize,2,DAP,0.001,8
1734,2,maize,3,KAS,0.4,24
1735,2,maize,1,PK,0.001,50
1735,2,maize,2,DAP,0.001,8
1735,2,maize,3,KAS,0.4,24
1737,2,maize,1,PK,0.001,50
1737,2,maize,2,DAP,0.001,8
1737,2,maize,3,KAS,0.4,24
1738,2,maize,1,PK,0.001,50
1738,2,maize,2,DAP,0.001,8
1738,2,maize,3,KAS,0.4,24
1741,2,maize,1,PK,0.001,50
1741,2,maize,2,DAP,0.001,8
1741,2,maize,3,KAS,0.4,24
1742,2,maize,1,PK,0.001,50
1742,2,maize,2,DAP,0.001,8
1742,2,maize,3,KAS,0.4,24
1743,2,maize,1,PK,0.001,50
1743,2,maize,2,DAP,0.001,8
1743,2,maize,3,KAS,0.4,24
1744,2,maize,1,PK,0.001,50
1744,2,maize,2,DAP,0.001,8
1744,2,maize,3,KAS,0.4,24
1746,2,maize,1,PK,0.001,50
1746,2,maize,2,DAP,0.001,8
1746,2,maize,3,KAS,0.4,24
1747,2,maize,1,PK,0.001,50
1747,2,maize,2,DAP,0.001,8
1747,2,maize,3,KAS,0.4,24
1752,2,maize,1,PK,0.001,50
1752,2,maize,2,DAP,0.001,8
1752,2,maize,3,KAS,0.4,24
1753,2,maize,1,PK,0.001,50
1753,2,maize,2,DAP,0.001,8
1753,2,maize,3,KAS,0.4,24
1757,2,maize,1,PK,0.001,50
1757,2,maize,2,DAP,0.001,8
1757,2,maize,3,KAS,0.4,24
1758,2,maize,1,PK,0.001,50
1758,2,maize,2,DAP,0.001,8
1758,2,maize,3,KAS,0.4,24
1759,2,maize,1,PK,0.001,50
1759,2,maize,2,DAP,0.001,8
1759,2,maize,3,KAS,0.4,24
1761,2,maize,1,PK,0.001,50
1761,2,maize,2,DAP,0.001,8
1761,2,maize,3,KAS,0.4,24
1764,2,maize,1,PK,0.001,50
1764,2,maize,2,DAP,0.001,8
1764,2,maize,3,KAS,0.4,24
1765,2,maize,1,PK,0.001,50
1765,2,maize,2,DAP,0.001,8
1765,2,maize,3,KAS,0.4,24
1766,2,maize,1,PK,0.001,50
1766,2,maize,2,DAP,0.001,8
1766,2,maize,3,KAS,0.4,24
1767,2,maize,1,PK,0.001,50
1767,2,maize,2,DAP,0.001,8
1767,2,maize,3,KAS,0.4,24
1769,2,maize,1,PK,0.001,50
1769,2,maize,2,DAP,0.001,8
1769,2,maize,3,KAS,0.4,24
1770,2,maize,1,PK,0.001,50
1770,2,maize,2,DAP,0.001,8
1770,2,maize,3,KAS,0.4,24
1771,2,maize,1,PK,0.001,50
1771,2,maize,2,DAP,0.001,8
1771,2,maize,3,KAS,0.4,24
1772,2,maize,1,PK,0.001,50
1772,2,maize,2,DAP,0.001,8
1772,2,maize,3,KAS,0.4,24
1773,2,maize,1,PK,0.001,50
1773,2,maize,2,DAP,0.001,8
1773,2,maize,3,KAS,0.4,24
1775,2,maize,1,PK,0.001,50
1775,2,maize,2,DAP,0.001,8
1775,2,maize,3,KAS,0.4,24
1777,2,maize,1,PK,0.001,50
1777,2,maize,2,DAP,0.001,8
1777,2,maize,3,KAS,0.4,24
1780,2,maize,1,PK,0.001,50
1780,2,maize,2,DAP,0.001,8
1780,2,maize,3,KAS,0.4,24
1781,2,maize,1,PK,0.001,50
1781,2,maize,2,DAP,0.001,8
1781,2,maize,3,KAS,0.4,24
1789,2,maize,1,PK,0.001,50
1789,2,maize,2,DAP,0.001,8
1789,2,maize,3,KAS,0.4,24
1790,2,maize,1,PK,0.001,50
1790,2,maize,2,DAP,0.001,8
1790,2,maize,3,KAS,0.4,24
1791,2,maize,1,PK,0.001,50
1791,2,maize,2,DAP,0.001,8
1791,2,maize,3,KAS,0.4,24
1795,2,maize,1,PK,0.001,50
1795,2,maize,2,DAP,0.001,8
1795,2,maize,3,KAS,0.4,24
1797,2,maize,1,PK,0.001,50
1797,2,maize,2,DAP,0.001,8
1797,2,maize,3,KAS,0.4,24
1798,2,maize,1,PK,0.001,50
1798,2,maize,2,DAP,0.001,8
1798,2,maize,3,KAS,0.4,24
1799,2,maize,1,PK,0.001,50
1799,2,maize,2,DAP,0.001,8
1799,2,maize,3,KAS,0.4,24
1800,2,maize,1,PK,0.001,50
1800,2,maize,2,DAP,0.001,8
1800,2,maize,3,KAS,0.4,24
1801,2,maize,1,PK,0.001,50
1801,2,maize,2,DAP,0.001,8
1801,2,maize,3,KAS,0.4,24
1802,2,maize,1,PK,0.001,50
1802,2,maize,2,DAP,0.001,8
1802,2,maize,3,KAS,0.4,24
1803,2,maize,1,PK,0.001,50
1803,2,maize,2,DAP,0.001,8
1803,2,maize,3,KAS,0.4,24
1805,2,maize,1,PK,0.001,50
1805,2,maize,2,DAP,0.001,8
1805,2,maize,3,KAS,0.4,24
1806,2,maize,1,PK,0.001,50
1806,2,maize,2,DAP,0.001,8
1806,2,maize,3,KAS,0.4,24
1807,2,maize,1,PK,0.001,50
1807,2,maize,2,DAP,0.001,8
1807,2,maize,3,KAS,0.4,24
1808,2,maize,1,PK,0.001,50
1808,2,maize,2,DAP,0.001,8
1808,2,maize,3,KAS,0.4,24
1810,2,maize,1,PK,0.001,50
1810,2,maize,2,DAP,0.001,8
1810,2,maize,3,KAS,0.4,24
1811,2,maize,1,PK,0.001,50
1811,2,maize,2,DAP,0.001,8
1811,2,maize,3,KAS,0.4,24
1812,2,maize,1,PK,0.001,50
1812,2,maize,2,DAP,0.001,8
1812,2,maize,3,KAS,0.4,24
1815,2,maize,1,PK,0.001,50
1815,2,maize,2,DAP,0.001,8
1815,2,maize,3,KAS,0.4,24
1818,2,maize,1,PK,0.001,50
1818,2,maize,2,DAP,0.001,8
1818,2,maize,3,KAS,0.4,24
1819,2,maize,1,PK,0.001,50
1819,2,maize,2,DAP,0.001,8
1819,2,maize,3,KAS,0.4,24
1821,2,maize,1,PK,0.001,50
1821,2,maize,2,DAP,0.001,8
1821,2,maize,3,KAS,0.4,24
1822,2,maize,1,PK,0.001,50
1822,2,maize,2,DAP,0.001,8
1822,2,maize,3,KAS,0.4,24
1824,2,maize,1,PK,0.001,50
1824,2,maize,2,DAP,0.001,8
1824,2,maize,3,KAS,0.4,24
1825,2,maize,1,PK,0.001,50
1825,2,maize,2,DAP,0.001,8
1825,2,maize,3,KAS,0.4,24
1826,2,maize,1,PK,0.001,50
1826,2,maize,2,DAP,0.001,8
1826,2,maize,3,KAS,0.4,24
1828,2,maize,1,PK,0.001,50
1828,2,maize,2,DAP,0.001,8
1828,2,maize,3,KAS,0.4,24
1831,2,maize,1,PK,0.001,50
1831,2,maize,2,DAP,0.001,8
1831,2,maize,3,KAS,0.4,24
1832,2,maize,1,PK,0.001,50
1832,2,maize,2,DAP,0.001,8
1832,2,maize,3,KAS,0.4,24
1833,2,maize,1,PK,0.001,50
1833,2,maize,2,DAP,0.001,8
1833,2,maize,3,KAS,0.4,24
1834,2,maize,1,PK,0.001,50
1834,2,maize,2,DAP,0.001,8
1834,2,maize,3,KAS,0.4,24
1835,2,maize,1,PK,0.001,50
1835,2,maize,2,DAP,0.001,8
1835,2,maize,3,KAS,0.4,24
1837,2,maize,1,PK,0.001,50
1837,2,maize,2,DAP,0.001,8
1837,2,maize,3,KAS,0.4,24
1842,2,maize,1,PK,0.001,50
1842,2,maize,2,DAP,0.001,8
1842,2,maize,3,KAS,0.4,24
1847,2,maize,1,PK,0.001,50
1847,2,maize,2,DAP,0.001,8
1847,2,maize,3,KAS,0.4,24
1850,2,maize,1,PK,0.001,50
1850,2,maize,2,DAP,0.001,8
1850,2,maize,3,KAS,0.4,24
1854,2,maize,1,PK,0.001,50
1854,2,maize,2,DAP,0.001,8
1854,2,maize,3,KAS,0.4,24
1864,2,maize,1,PK,0.001,50
1864,2,maize,2,DAP,0.001,8
1864,2,maize,3,KAS,0.4,24
1865,2,maize,1,PK,0.001,50
1865,2,maize,2,DAP,0.001,8
1865,2,maize,3,KAS,0.4,24
1866,2,maize,1,PK,0.001,50
1866,2,maize,2,DAP,0.001,8
1866,2,maize,3,KAS,0.4,24
1868,2,maize,1,PK,0.001,50
1868,2,maize,2,DAP,0.001,8
1868,2,maize,3,KAS,0.4,24
1869,2,maize,1,PK,0.001,50
1869,2,maize,2,DAP,0.001,8
1869,2,maize,3,KAS,0.4,24
1870,2,maize,1,PK,0.001,50
1870,2,maize,2,DAP,0.001,8
1870,2,maize,3,KAS,0.4,24
1872,2,maize,1,PK,0.001,50
1872,2,maize,2,DAP,0.001,8
1872,2,maize,3,KAS,0.4,24
1874,2,maize,1,PK,0.001,50
1874,2,maize,2,DAP,0.001,8
1874,2,maize,3,KAS,0.4,24
1876,2,maize,1,PK,0.001,50
1876,2,maize,2,DAP,0.001,8
1876,2,maize,3,KAS,0.4,24
1877,2,maize,1,PK,0.001,50
1877,2,maize,2,DAP,0.001,8
1877,2,maize,3,KAS,0.4,24
1878,2,maize,1,PK,0.001,50
1878,2,maize,2,DAP,0.001,8
1878,2,maize,3,KAS,0.4,24
1881,2,maize,1,PK,0.001,50
1881,2,maize,2,DAP,0.001,8
1881,2,maize,3,KAS,0.4,24
1882,2,maize,1,PK,0.001,50
1882,2,maize,2,DAP,0.001,8
1882,2,maize,3,KAS,0.4,24
1886,2,maize,1,PK,0.001,50
1886,2,maize,2,DAP,0.001,8
1886,2,maize,3,KAS,0.4,24
1887,2,maize,1,PK,0.001,50
1887,2,maize,2,DAP,0.001,8
1887,2,maize,3,KAS,0.4,24
1888,2,maize,1,PK,0.001,50
1888,2,maize,2,DAP,0.001,8
1888,2,maize,3,KAS,0.4,24
1889,2,maize,1,PK,0.001,50
1889,2,maize,2,DAP,0.001,8
1889,2,maize,3,KAS,0.4,24
1890,2,maize,1,PK,0.001,50
1890,2,maize,2,DAP,0.001,8
1890,2,maize,3,KAS,0.4,24
1891,2,maize,1,PK,0.001,50
1891,2,maize,2,DAP,0.001,8
1891,2,maize,3,KAS,0.4,24
1893,2,maize,1,PK,0.001,50
1893,2,maize,2,DAP,0.001,8
1893,2,maize,3,KAS,0.4,24
1894,2,maize,1,PK,0.001,50
1894,2,maize,2,DAP,0.001,8
1894,2,maize,3,KAS,0.4,24
1895,2,maize,1,PK,0.001,50
1895,2,maize,2,DAP,0.001,8
1895,2,maize,3,KAS,0.4,24
1896,2,maize,1,PK,0.001,50
1896,2,maize,2,DAP,0.001,8
1896,2,maize,3,KAS,0.4,24
1897,2,maize,1,PK,0.001,50
1897,2,maize,2,DAP,0.001,8
1897,2,maize,3,KAS,0.4,24
1899,2,maize,1,PK,0.001,50
1899,2,maize,2,DAP,0.001,8
1899,2,maize,3,KAS,0.4,24
1900,2,maize,1,PK,0.001,50
1900,2,maize,2,DAP,0.001,8
1900,2,maize,3,KAS,0.4,24
1901,2,maize,1,PK,0.001,50
1901,2,maize,2,DAP,0.001,8
1901,2,maize,3,KAS,0.4,24
1902,2,maize,1,PK,0.001,50
1902,2,maize,2,DAP,0.001,8
1902,2,maize,3,KAS,0.4,24
1903,2,maize,1,PK,0.001,50
1903,2,maize,2,DAP,0.001,8
1903,2,maize,3,KAS,0.4,24
1904,2,maize,1,PK,0.001,50
1904,2,maize,2,DAP,0.001,8
1904,2,maize,3,KAS,0.4,24
1905,2,maize,1,PK,0.001,50
1905,2,maize,2,DAP,0.001,8
1905,2,maize,3,KAS,0.4,24
1907,2,maize,1,PK,0.001,50
1907,2,maize,2,DAP,0.001,8
1907,2,maize,3,KAS,0.4,24
1908,2,maize,1,PK,0.001,50
1908,2,maize,2,DAP,0.001,8
1908,2,maize,3,KAS,0.4,24
1909,2,maize,1,PK,0.001,50
1909,2,maize,2,DAP,0.001,8
1909,2,maize,3,KAS,0.4,24
1912,2,maize,1,PK,0.001,50
1912,2,maize,2,DAP,0.001,8
1912,2,maize,3,KAS,0.4,24
1914,2,maize,1,PK,0.001,50
1914,2,maize,2,DAP,0.001,8
1914,2,maize,3,KAS,0.4,24
1916,2,maize,1,PK,0.001,50
1916,2,maize,2,DAP,0.001,8
1916,2,maize,3,KAS,0.4,24
1917,2,maize,1,PK,0.001,50
1917,2,maize,2,DAP,0.001,8
1917,2,maize,3,KAS,0.4,24
1918,2,maize,1,PK,0.001,50
1918,2,maize,2,DAP,0.001,8
1918,2,maize,3,KAS,0.4,24
1923,2,maize,1,PK,0.001,50
1923,2,maize,2,DAP,0.001,8
1923,2,maize,3,KAS,0.4,24
1924,2,maize,1,PK,0.001,50
1924,2,maize,2,DAP,0.001,8
1924,2,maize,3,KAS,0.4,24
1926,2,maize,1,PK,0.001,50
1926,2,maize,2,DAP,0.001,8
1926,2,maize,3,KAS,0.4,24
1927,2,maize,1,PK,0.001,50
1927,2,maize,2,DAP,0.001,8
1927,2,maize,3,KAS,0.4,24
1930,2,maize,1,PK,0.001,50
1930,2,maize,2,DAP,0.001,8
1930,2,maize,3,KAS,0.4,24
1931,2,maize,1,PK,0.001,50
1931,2,maize,2,DAP,0.001,8
1931,2,maize,3,KAS,0.4,24
1933,2,maize,1,PK,0.001,50
1933,2,maize,2,DAP,0.001,8
1933,2,maize,3,KAS,0.4,24
1934,2,maize,1,PK,0.001,50
1934,2,maize,2,DAP,0.001,8
1934,2,maize,3,KAS,0.4,24
1936,2,maize,1,PK,0.001,50
1936,2,maize,2,DAP,0.001,8
1936,2,maize,3,KAS,0.4,24
1937,2,maize,1,PK,0.001,50
1937,2,maize,2,DAP,0.001,8
1937,2,maize,3,KAS,0.4,24
1938,2,maize,1,PK,0.001,50
1938,2,maize,2,DAP,0.001,8
1938,2,maize,3,KAS,0.4,24
1941,2,maize,1,PK,0.001,50
1941,2,maize,2,DAP,0.001,8
1941,2,maize,3,KAS,0.4,24
1942,2,maize,1,PK,0.001,50
1942,2,maize,2,DAP,0.001,8
1942,2,maize,3,KAS,0.4,24
1943,2,maize,1,PK,0.001,50
1943,2,maize,2,DAP,0.001,8
1943,2,maize,3,KAS,0.4,24
1944,2,maize,1,PK,0.001,50
1944,2,maize,2,DAP,0.001,8
1944,2,maize,3,KAS,0.4,24
1945,2,maize,1,PK,0.001,50
1945,2,maize,2,DAP,0.001,8
1945,2,maize,3,KAS,0.4,24
1946,2,maize,1,PK,0.001,50
1946,2,maize,2,DAP,0.001,8
1946,2,maize,3,KAS,0.4,24
1947,2,maize,1,PK,0.001,50
1947,2,maize,2,DAP,0.001,8
1947,2,maize,3,KAS,0.4,24
1948,2,maize,1,PK,0.001,50
1948,2,maize,2,DAP,0.001,8
1948,2,maize,3,KAS,0.4,24
1949,2,maize,1,PK,0.001,50
1949,2,maize,2,DAP,0.001,8
1949,2,maize,3,KAS,0.4,24
1951,2,maize,1,PK,0.001,50
1951,2,maize,2,DAP,0.001,8
1951,2,maize,3,KAS,0.4,24
1952,2,maize,1,PK,0.001,50
1952,2,maize,2,DAP,0.001,8
1952,2,maize,3,KAS,0.4,24
1955,2,maize,1,PK,0.001,50
1955,2,maize,2,DAP,0.001,8
1955,2,maize,3,KAS,0.4,24
1957,2,maize,1,PK,0.001,50
1957,2,maize,2,DAP,0.001,8
1957,2,maize,3,KAS,0.4,24
1962,2,maize,1,PK,0.001,50
1962,2,maize,2,DAP,0.001,8
1962,2,maize,3,KAS,0.4,24
1967,2,maize,1,PK,0.001,50
1967,2,maize,2,DAP,0.001,8
1967,2,maize,3,KAS,0.4,24
1969,2,maize,1,PK,0.001,50
1969,2,maize,2,DAP,0.001,8
1969,2,maize,3,KAS,0.4,24
1970,2,maize,1,PK,0.001,50
1970,2,maize,2,DAP,0.001,8
1970,2,maize,3,KAS,0.4,24
1971,2,maize,1,PK,0.001,50
1971,2,maize,2,DAP,0.001,8
1971,2,maize,3,KAS,0.4,24
1972,2,maize,1,PK,0.001,50
1972,2,maize,2,DAP,0.001,8
1972,2,maize,3,KAS,0.4,24
1973,2,maize,1,PK,0.001,50
1973,2,maize,2,DAP,0.001,8
1973,2,maize,3,KAS,0.4,24
1974,2,maize,1,PK,0.001,50
1974,2,maize,2,DAP,0.001,8
1974,2,maize,3,KAS,0.4,24
1975,2,maize,1,PK,0.001,50
1975,2,maize,2,DAP,0.001,8
1975,2,maize,3,KAS,0.4,24
1976,2,maize,1,PK,0.001,50
1976,2,maize,2,DAP,0.001,8
1976,2,maize,3,KAS,0.4,24
1978,2,maize,1,PK,0.001,50
1978,2,maize,2,DAP,0.001,8
1978,2,maize,3,KAS,0.4,24
1980,2,maize,1,PK,0.001,50
1980,2,maize,2,DAP,0.001,8
1980,2,maize,3,KAS,0.4,24
1982,2,maize,1,PK,0.001,50
1982,2,maize,2,DAP,0.001,8
1982,2,maize,3,KAS,0.4,24
1983,2,maize,1,PK,0.001,50
1983,2,maize,2,DAP,0.001,8
1983,2,maize,3,KAS,0.4,24
1984,2,maize,1,PK,0.001,50
1984,2,maize,2,DAP,0.001,8
1984,2,maize,3,KAS,0.4,24
1986,2,maize,1,PK,0.001,50
1986,2,maize,2,DAP,0.001,8
1986,2,maize,3,KAS,0.4,24
1988,2,maize,1,PK,0.001,50
1988,2,maize,2,DAP,0.001,8
1988,2,maize,3,KAS,0.4,24
1990,2,maize,1,PK,0.001,50
1990,2,maize,2,DAP,0.001,8
1990,2,maize,3,KAS,0.4,24
1992,2,maize,1,PK,0.001,50
1992,2,maize,2,DAP,0.001,8
1992,2,maize,3,KAS,0.4,24
1993,2,maize,1,PK,0.001,50
1993,2,maize,2,DAP,0.001,8
1993,2,maize,3,KAS,0.4,24
1994,2,maize,1,PK,0.001,50
1994,2,maize,2,DAP,0.001,8
1994,2,maize,3,KAS,0.4,24
1997,2,maize,1,PK,0.001,50
1997,2,maize,2,DAP,0.001,8
1997,2,maize,3,KAS,0.4,24
2001,2,maize,1,PK,0.001,50
2001,2,maize,2,DAP,0.001,8
2001,2,maize,3,KAS,0.4,24
2004,2,maize,1,PK,0.001,50
2004,2,maize,2,DAP,0.001,8
2004,2,maize,3,KAS,0.4,24
2005,2,maize,1,PK,0.001,50
2005,2,maize,2,DAP,0.001,8
2005,2,maize,3,KAS,0.4,24
2006,2,maize,1,PK,0.001,50
2006,2,maize,2,DAP,0.001,8
2006,2,maize,3,KAS,0.4,24
2007,2,maize,1,PK,0.001,50
2007,2,maize,2,DAP,0.001,8
2007,2,maize,3,KAS,0.4,24
2008,2,maize,1,PK,0.001,50
2008,2,maize,2,DAP,0.001,8
2008,2,maize,3,KAS,0.4,24
2009,2,maize,1,PK,0.001,50
2009,2,maize,2,DAP,0.001,8
2009,2,maize,3,KAS,0.4,24
2010,2,maize,1,PK,0.001,50
2010,2,maize,2,DAP,0.001,8
2010,2,maize,3,KAS,0.4,24
2011,2,maize,1,PK,0.001,50
2011,2,maize,2,DAP,0.001,8
2011,2,maize,3,KAS,0.4,24
2012,2,maize,1,PK,0.001,50
2012,2,maize,2,DAP,0.001,8
2012,2,maize,3,KAS,0.4,24
2013,2,maize,1,PK,0.001,50
2013,2,maize,2,DAP,0.001,8
2013,2,maize,3,KAS,0.4,24
2014,2,maize,1,PK,0.001,50
2014,2,maize,2,DAP,0.001,8
2014,2,maize,3,KAS,0.4,24
2015,2,maize,1,PK,0.001,50
2015,2,maize,2,DAP,0.001,8
2015,2,maize,3,KAS,0.4,24
2016,2,maize,1,PK,0.001,50
2016,2,maize,2,DAP,0.001,8
2016,2,maize,3,KAS,0.4,24
2017,2,maize,1,PK,0.001,50
2017,2,maize,2,DAP,0.001,8
2017,2,maize,3,KAS,0.4,24
2018,2,maize,1,PK,0.001,50
2018,2,maize,2,DAP,0.001,8
2018,2,maize,3,KAS,0.4,24
2020,2,maize,1,PK,0.001,50
2020,2,maize,2,DAP,0.001,8
2020,2,maize,3,KAS,0.4,24
2022,2,maize,1,PK,0.001,50
2022,2,maize,2,DAP,0.001,8
2022,2,maize,3,KAS,0.4,24
2023,2,maize,1,PK,0.001,50
2023,2,maize,2,DAP,0.001,8
2023,2,maize,3,KAS,0.4,24
2026,2,maize,1,PK,0.001,50
2026,2,maize,2,DAP,0.001,8
2026,2,maize,3,KAS,0.4,24
2027,2,maize,1,PK,0.001,50
2027,2,maize,2,DAP,0.001,8
2027,2,maize,3,KAS,0.4,24
2030,2,maize,1,PK,0.001,50
2030,2,maize,2,DAP,0.001,8
2030,2,maize,3,KAS,0.4,24
2031,2,maize,1,PK,0.001,50
2031,2,maize,2,DAP,0.001,8
2031,2,maize,3,KAS,0.4,24
2032,2,maize,1,PK,0.001,50
2032,2,maize,2,DAP,0.001,8
2032,2,maize,3,KAS,0.4,24
2034,2,maize,1,PK,0.001,50
2034,2,maize,2,DAP,0.001,8
2034,2,maize,3,KAS,0.4,24
2037,2,maize,1,PK,0.001,50
2037,2,maize,2,DAP,0.001,8
2037,2,maize,3,KAS,0.4,24
2046,2,maize,1,PK,0.001,50
2046,2,maize,2,DAP,0.001,8
2046,2,maize,3,KAS,0.4,24
2047,2,maize,1,PK,0.001,50
2047,2,maize,2,DAP,0.001,8
2047,2,maize,3,KAS,0.4,24
2048,2,maize,1,PK,0.001,50
2048,2,maize,2,DAP,0.001,8
2048,2,maize,3,KAS,0.4,24
2049,2,maize,1,PK,0.001,50
2049,2,maize,2,DAP,0.001,8
2049,2,maize,3,KAS,0.4,24
2050,2,maize,1,PK,0.001,50
2050,2,maize,2,DAP,0.001,8
2050,2,maize,3,KAS,0.4,24
2051,2,maize,1,PK,0.001,50
2051,2,maize,2,DAP,0.001,8
2051,2,maize,3,KAS,0.4,24
2052,2,maize,1,PK,0.001,50
2052,2,maize,2,DAP,0.001,8
2052,2,maize,3,KAS,0.4,24
2053,2,maize,1,PK,0.001,50
2053,2,maize,2,DAP,0.001,8
2053,2,maize,3,KAS,0.4,24
2054,2,maize,1,PK,0.001,50
2054,2,maize,2,DAP,0.001,8
2054,2,maize,3,KAS,0.4,24
2055,2,maize,1,PK,0.001,50
2055,2,maize,2,DAP,0.001,8
2055,2,maize,3,KAS,0.4,24
2056,2,maize,1,PK,0.001,50
2056,2,maize,2,DAP,0.001,8
2056,2,maize,3,KAS,0.4,24
2060,2,maize,1,PK,0.001,50
2060,2,maize,2,DAP,0.001,8
2060,2,maize,3,KAS,0.4,24
2062,2,maize,1,PK,0.001,50
2062,2,maize,2,DAP,0.001,8
2062,2,maize,3,KAS,0.4,24
2063,2,maize,1,PK,0.001,50
2063,2,maize,2,DAP,0.001,8
2063,2,maize,3,KAS,0.4,24
2064,2,maize,1,PK,0.001,50
2064,2,maize,2,DAP,0.001,8
2064,2,maize,3,KAS,0.4,24
2065,2,maize,1,PK,0.001,50
2065,2,maize,2,DAP,0.001,8
2065,2,maize,3,KAS,0.4,24
2066,2,maize,1,PK,0.001,50
2066,2,maize,2,DAP,0.001,8
2066,2,maize,3,KAS,0.4,24
2071,2,maize,1,PK,0.001,50
2071,2,maize,2,DAP,0.001,8
2071,2,maize,3,KAS,0.4,24
2072,2,maize,1,PK,0.001,50
2072,2,maize,2,DAP,0.001,8
2072,2,maize,3,KAS,0.4,24
2075,2,maize,1,PK,0.001,50
2075,2,maize,2,DAP,0.001,8
2075,2,maize,3,KAS,0.4,24
2077,2,maize,1,PK,0.001,50
2077,2,maize,2,DAP,0.001,8
2077,2,maize,3,KAS,0.4,24
2078,2,maize,1,PK,0.001,50
2078,2,maize,2,DAP,0.001,8
2078,2,maize,3,KAS,0.4,24
2079,2,maize,1,PK,0.001,50
2079,2,maize,2,DAP,0.001,8
2079,2,maize,3,KAS,0.4,24
2080,2,maize,1,PK,0.001,50
2080,2,maize,2,DAP,0.001,8
2080,2,maize,3,KAS,0.4,24
2081,2,maize,1,PK,0.001,50
2081,2,maize,2,DAP,0.001,8
2081,2,maize,3,KAS,0.4,24
2082,2,maize,1,PK,0.001,50
2082,2,maize,2,DAP,0.001,8
2082,2,maize,3,KAS,0.4,24
2083,2,maize,1,PK,0.001,50
2083,2,maize,2,DAP,0.001,8
2083,2,maize,3,KAS,0.4,24
2084,2,maize,1,PK,0.001,50
2084,2,maize,2,DAP,0.001,8
2084,2,maize,3,KAS,0.4,24
2085,2,maize,1,PK,0.001,50
2085,2,maize,2,DAP,0.001,8
2085,2,maize,3,KAS,0.4,24
2086,2,maize,1,PK,0.001,50
2086,2,maize,2,DAP,0.001,8
2086,2,maize,3,KAS,0.4,24
2087,2,maize,1,PK,0.001,50
2087,2,maize,2,DAP,0.001,8
2087,2,maize,3,KAS,0.4,24
2092,2,maize,1,PK,0.001,50
2092,2,maize,2,DAP,0.001,8
2092,2,maize,3,KAS,0.4,24
2093,2,maize,1,PK,0.001,50
2093,2,maize,2,DAP,0.001,8
2093,2,maize,3,KAS,0.4,24
2094,2,maize,1,PK,0.001,50
2094,2,maize,2,DAP,0.001,8
2094,2,maize,3,KAS,0.4,24
2095,2,maize,1,PK,0.001,50
2095,2,maize,2,DAP,0.001,8
2095,2,maize,3,KAS,0.4,24
2096,2,maize,1,PK,0.001,50
2096,2,maize,2,DAP,0.001,8
2096,2,maize,3,KAS,0.4,24
2097,2,maize,1,PK,0.001,50
2097,2,maize,2,DAP,0.001,8
2097,2,maize,3,KAS,0.4,24
2098,2,maize,1,PK,0.001,50
2098,2,maize,2,DAP,0.001,8
2098,2,maize,3,KAS,0.4,24
2099,2,maize,1,PK,0.001,50
2099,2,maize,2,DAP,0.001,8
2099,2,maize,3,KAS,0.4,24
2100,2,maize,1,PK,0.001,50
2100,2,maize,2,DAP,0.001,8
2100,2,maize,3,KAS,0.4,24
2101,2,maize,1,PK,0.001,50
2101,2,maize,2,DAP,0.001,8
2101,2,maize,3,KAS,0.4,24
2107,2,maize,1,PK,0.001,50
2107,2,maize,2,DAP,0.001,8
2107,2,maize,3,KAS,0.4,24
2110,2,maize,1,PK,0.001,50
2110,2,maize,2,DAP,0.001,8
2110,2,maize,3,KAS,0.4,24
2111,2,maize,1,PK,0.001,50
2111,2,maize,2,DAP,0.001,8
2111,2,maize,3,KAS,0.4,24
2112,2,maize,1,PK,0.001,50
2112,2,maize,2,DAP,0.001,8
2112,2,maize,3,KAS,0.4,24
2113,2,maize,1,PK,0.001,50
2113,2,maize,2,DAP,0.001,8
2113,2,maize,3,KAS,0.4,24
2114,2,maize,1,PK,0.001,50
2114,2,maize,2,DAP,0.001,8
2114,2,maize,3,KAS,0.4,24
2120,2,maize,1,PK,0.001,50
2120,2,maize,2,DAP,0.001,8
2120,2,maize,3,KAS,0.4,24
2122,2,maize,1,PK,0.001,50
2122,2,maize,2,DAP,0.001,8
2122,2,maize,3,KAS,0.4,24
2123,2,maize,1,PK,0.001,50
2123,2,maize,2,DAP,0.001,8
2123,2,maize,3,KAS,0.4,24
2124,2,maize,1,PK,0.001,50
2124,2,maize,2,DAP,0.001,8
2124,2,maize,3,KAS,0.4,24
2125,2,maize,1,PK,0.001,50
2125,2,maize,2,DAP,0.001,8
2125,2,maize,3,KAS,0.4,24
2126,2,maize,1,PK,0.001,50
2126,2,maize,2,DAP,0.001,8
2126,2,maize,3,KAS,0.4,24
2127,2,maize,1,PK,0.001,50
2127,2,maize,2,DAP,0.001,8
2127,2,maize,3,KAS,0.4,24
2128,2,maize,1,PK,0.001,50
2128,2,maize,2,DAP,0.001,8
2128,2,maize,3,KAS,0.4,24
2129,2,maize,1,PK,0.001,50
2129,2,maize,2,DAP,0.001,8
2129,2,maize,3,KAS,0.4,24
2130,2,maize,1,PK,0.001,50
2130,2,maize,2,DAP,0.001,8
2130,2,maize,3,KAS,0.4,24
2131,2,maize,1,PK,0.001,50
2131,2,maize,2,DAP,0.001,8
2131,2,maize,3,KAS,0.4,24
2134,2,maize,1,PK,0.001,50
2134,2,maize,2,DAP,0.001,8
2134,2,maize,3,KAS,0.4,24
2136,2,maize,1,PK,0.001,50
2136,2,maize,2,DAP,0.001,8
2136,2,maize,3,KAS,0.4,24
2138,2,maize,1,PK,0.001,50
2138,2,maize,2,DAP,0.001,8
2138,2,maize,3,KAS,0.4,24
2139,2,maize,1,PK,0.001,50
2139,2,maize,2,DAP,0.001,8
2139,2,maize,3,KAS,0.4,24
2142,2,maize,1,PK,0.001,50
2142,2,maize,2,DAP,0.001,8
2142,2,maize,3,KAS,0.4,24
2144,2,maize,1,PK,0.001,50
2144,2,maize,2,DAP,0.001,8
2144,2,maize,3,KAS,0.4,24
2146,2,maize,1,PK,0.001,50
2146,2,maize,2,DAP,0.001,8
2146,2,maize,3,KAS,0.4,24
2148,2,maize,1,PK,0.001,50
2148,2,maize,2,DAP,0.001,8
2148,2,maize,3,KAS,0.4,24
2152,2,maize,1,PK,0.001,50
2152,2,maize,2,DAP,0.001,8
2152,2,maize,3,KAS,0.4,24
2155,2,maize,1,PK,0.001,50
2155,2,maize,2,DAP,0.001,8
2155,2,maize,3,KAS,0.4,24
2157,2,maize,1,PK,0.001,50
2157,2,maize,2,DAP,0.001,8
2157,2,maize,3,KAS,0.4,24
2158,2,maize,1,PK,0.001,50
2158,2,maize,2,DAP,0.001,8
2158,2,maize,3,KAS,0.4,24
2159,2,maize,1,PK,0.001,50
2159,2,maize,2,DAP,0.001,8
2159,2,maize,3,KAS,0.4,24
2164,2,maize,1,PK,0.001,50
2164,2,maize,2,DAP,0.001,8
2164,2,maize,3,KAS,0.4,24
2165,2,maize,1,PK,0.001,50
2165,2,maize,2,DAP,0.001,8
2165,2,maize,3,KAS,0.4,24
2166,2,maize,1,PK,0.001,50
2166,2,maize,2,DAP,0.001,8
2166,2,maize,3,KAS,0.4,24
2169,2,maize,1,PK,0.001,50
2169,2,maize,2,DAP,0.001,8
2169,2,maize,3,KAS,0.4,24
2170,2,maize,1,PK,0.001,50
2170,2,maize,2,DAP,0.001,8
2170,2,maize,3,KAS,0.4,24
2171,2,maize,1,PK,0.001,50
2171,2,maize,2,DAP,0.001,8
2171,2,maize,3,KAS,0.4,24
2172,2,maize,1,PK,0.001,50
2172,2,maize,2,DAP,0.001,8
2172,2,maize,3,KAS,0.4,24
2173,2,maize,1,PK,0.001,50
2173,2,maize,2,DAP,0.001,8
2173,2,maize,3,KAS,0.4,24
2174,2,maize,1,PK,0.001,50
2174,2,maize,2,DAP,0.001,8
2174,2,maize,3,KAS,0.4,24
2175,2,maize,1,PK,0.001,50
2175,2,maize,2,DAP,0.001,8
2175,2,maize,3,KAS,0.4,24
2179,2,maize,1,PK,0.001,50
2179,2,maize,2,DAP,0.001,8
2179,2,maize,3,KAS,0.4,24
2181,2,maize,1,PK,0.001,50
2181,2,maize,2,DAP,0.001,8
2181,2,maize,3,KAS,0.4,24
2182,2,maize,1,PK,0.001,50
2182,2,maize,2,DAP,0.001,8
2182,2,maize,3,KAS,0.4,24
2185,2,maize,1,PK,0.001,50
2185,2,maize,2,DAP,0.001,8
2185,2,maize,3,KAS,0.4,24
2186,2,maize,1,PK,0.001,50
2186,2,maize,2,DAP,0.001,8
2186,2,maize,3,KAS,0.4,24
2188,2,maize,1,PK,0.001,50
2188,2,maize,2,DAP,0.001,8
2188,2,maize,3,KAS,0.4,24
2193,2,maize,1,PK,0.001,50
2193,2,maize,2,DAP,0.001,8
2193,2,maize,3,KAS,0.4,24
2199,2,maize,1,PK,0.001,50
2199,2,maize,2,DAP,0.001,8
2199,2,maize,3,KAS,0.4,24
2201,2,maize,1,PK,0.001,50
2201,2,maize,2,DAP,0.001,8
2201,2,maize,3,KAS,0.4,24
2202,2,maize,1,PK,0.001,50
2202,2,maize,2,DAP,0.001,8
2202,2,maize,3,KAS,0.4,24
2203,2,maize,1,PK,0.001,50
2203,2,maize,2,DAP,0.001,8
2203,2,maize,3,KAS,0.4,24
2204,2,maize,1,PK,0.001,50
2204,2,maize,2,DAP,0.001,8
2204,2,maize,3,KAS,0.4,24
2205,2,maize,1,PK,0.001,50
2205,2,maize,2,DAP,0.001,8
2205,2,maize,3,KAS,0.4,24
2206,2,maize,1,PK,0.001,50
2206,2,maize,2,DAP,0.001,8
2206,2,maize,3,KAS,0.4,24
2210,2,maize,1,PK,0.001,50
2210,2,maize,2,DAP,0.001,8
2210,2,maize,3,KAS,0.4,24
2211,2,maize,1,PK,0.001,50
2211,2,maize,2,DAP,0.001,8
2211,2,maize,3,KAS,0.4,24
2212,2,maize,1,PK,0.001,50
2212,2,maize,2,DAP,0.001,8
2212,2,maize,3,KAS,0.4,24
2214,2,maize,1,PK,0.001,50
2214,2,maize,2,DAP,0.001,8
2214,2,maize,3,KAS,0.4,24
2215,2,maize,1,PK,0.001,50
2215,2,maize,2,DAP,0.001,8
2215,2,maize,3,KAS,0.4,24
2217,2,maize,1,PK,0.001,50
2217,2,maize,2,DAP,0.001,8
2217,2,maize,3,KAS,0.4,24
2219,2,maize,1,PK,0.001,50
2219,2,maize,2,DAP,0.001,8
2219,2,maize,3,KAS,0.4,24
2220,2,maize,1,PK,0.001,50
2220,2,maize,2,DAP,0.001,8
2220,2,maize,3,KAS,0.4,24
2222,2,maize,1,PK,0.001,50
2222,2,maize,2,DAP,0.001,8
2222,2,maize,3,KAS,0.4,24
2223,2,maize,1,PK,0.001,50
2223,2,maize,2,DAP,0.001,8
2223,2,maize,3,KAS,0.4,24
2224,2,maize,1,PK,0.001,50
2224,2,maize,2,DAP,0.001,8
2224,2,maize,3,KAS,0.4,24
2229,2,maize,1,PK,0.001,50
2229,2,maize,2,DAP,0.001,8
2229,2,maize,3,KAS,0.4,24
2230,2,maize,1,PK,0.001,50
2230,2,maize,2,DAP,0.001,8
2230,2,maize,3,KAS,0.4,24
2233,2,maize,1,PK,0.001,50
2233,2,maize,2,DAP,0.001,8
2233,2,maize,3,KAS,0.4,24
2234,2,maize,1,PK,0.001,50
2234,2,maize,2,DAP,0.001,8
2234,2,maize,3,KAS,0.4,24
2235,2,maize,1,PK,0.001,50
2235,2,maize,2,DAP,0.001,8
2235,2,maize,3,KAS,0.4,24
2238,2,maize,1,PK,0.001,50
2238,2,maize,2,DAP,0.001,8
2238,2,maize,3,KAS,0.4,24
2241,2,maize,1,PK,0.001,50
2241,2,maize,2,DAP,0.001,8
2241,2,maize,3,KAS,0.4,24
2242,2,maize,1,PK,0.001,50
2242,2,maize,2,DAP,0.001,8
2242,2,maize,3,KAS,0.4,24
2244,2,maize,1,PK,0.001,50
2244,2,maize,2,DAP,0.001,8
2244,2,maize,3,KAS,0.4,24
2245,2,maize,1,PK,0.001,50
2245,2,maize,2,DAP,0.001,8
2245,2,maize,3,KAS,0.4,24
2246,2,maize,1,PK,0.001,50
2246,2,maize,2,DAP,0.001,8
2246,2,maize,3,KAS,0.4,24
2247,2,maize,1,PK,0.001,50
2247,2,maize,2,DAP,0.001,8
2247,2,maize,3,KAS,0.4,24
2250,2,maize,1,PK,0.001,50
2250,2,maize,2,DAP,0.001,8
2250,2,maize,3,KAS,0.4,24
2251,2,maize,1,PK,0.001,50
2251,2,maize,2,DAP,0.001,8
2251,2,maize,3,KAS,0.4,24
2252,2,maize,1,PK,0.001,50
2252,2,maize,2,DAP,0.001,8
2252,2,maize,3,KAS,0.4,24
2253,2,maize,1,PK,0.001,50
2253,2,maize,2,DAP,0.001,8
2253,2,maize,3,KAS,0.4,24
2254,2,maize,1,PK,0.001,50
2254,2,maize,2,DAP,0.001,8
2254,2,maize,3,KAS,0.4,24
2259,2,maize,1,PK,0.001,50
2259,2,maize,2,DAP,0.001,8
2259,2,maize,3,KAS,0.4,24
2260,2,maize,1,PK,0.001,50
2260,2,maize,2,DAP,0.001,8
2260,2,maize,3,KAS,0.4,24
2262,2,maize,1,PK,0.001,50
2262,2,maize,2,DAP,0.001,8
2262,2,maize,3,KAS,0.4,24
2273,2,maize,1,PK,0.001,50
2273,2,maize,2,DAP,0.001,8
2273,2,maize,3,KAS,0.4,24
2274,2,maize,1,PK,0.001,50
2274,2,maize,2,DAP,0.001,8
2274,2,maize,3,KAS,0.4,24
2275,2,maize,1,PK,0.001,50
2275,2,maize,2,DAP,0.001,8
2275,2,maize,3,KAS,0.4,24
2276,2,maize,1,PK,0.001,50
2276,2,maize,2,DAP,0.001,8
2276,2,maize,3,KAS,0.4,24
2277,2,maize,1,PK,0.001,50
2277,2,maize,2,DAP,0.001,8
2277,2,maize,3,KAS,0.4,24
2282,2,maize,1,PK,0.001,50
2282,2,maize,2,DAP,0.001,8
2282,2,maize,3,KAS,0.4,24
2284,2,maize,1,PK,0.001,50
2284,2,maize,2,DAP,0.001,8
2284,2,maize,3,KAS,0.4,24
2285,2,maize,1,PK,0.001,50
2285,2,maize,2,DAP,0.001,8
2285,2,maize,3,KAS,0.4,24
2287,2,maize,1,PK,0.001,50
2287,2,maize,2,DAP,0.001,8
2287,2,maize,3,KAS,0.4,24
2289,2,maize,1,PK,0.001,50
2289,2,maize,2,DAP,0.001,8
2289,2,maize,3,KAS,0.4,24
2290,2,maize,1,PK,0.001,50
2290,2,maize,2,DAP,0.001,8
2290,2,maize,3,KAS,0.4,24
2291,2,maize,1,PK,0.001,50
2291,2,maize,2,DAP,0.001,8
2291,2,maize,3,KAS,0.4,24
2300,2,maize,1,PK,0.001,50
2300,2,maize,2,DAP,0.001,8
2300,2,maize,3,KAS,0.4,24
2301,2,maize,1,PK,0.001,50
2301,2,maize,2,DAP,0.001,8
2301,2,maize,3,KAS,0.4,24
2302,2,maize,1,PK,0.001,50
2302,2,maize,2,DAP,0.001,8
2302,2,maize,3,KAS,0.4,24
2303,2,maize,1,PK,0.001,50
2303,2,maize,2,DAP,0.001,8
2303,2,maize,3,KAS,0.4,24
2304,2,maize,1,PK,0.001,50
2304,2,maize,2,DAP,0.001,8
2304,2,maize,3,KAS,0.4,24
2306,2,maize,1,PK,0.001,50
2306,2,maize,2,DAP,0.001,8
2306,2,maize,3,KAS,0.4,24
2311,2,maize,1,PK,0.001,50
2311,2,maize,2,DAP,0.001,8
2311,2,maize,3,KAS,0.4,24
2318,2,maize,1,PK,0.001,50
2318,2,maize,2,DAP,0.001,8
2318,2,maize,3,KAS,0.4,24
2319,2,maize,1,PK,0.001,50
2319,2,maize,2,DAP,0.001,8
2319,2,maize,3,KAS,0.4,24
2320,2,maize,1,PK,0.001,50
2320,2,maize,2,DAP,0.001,8
2320,2,maize,3,KAS,0.4,24
2321,2,maize,1,PK,0.001,50
2321,2,maize,2,DAP,0.001,8
2321,2,maize,3,KAS,0.4,24
2322,2,maize,1,PK,0.001,50
2322,2,maize,2,DAP,0.001,8
2322,2,maize,3,KAS,0.4,24
2324,2,maize,1,PK,0.001,50
2324,2,maize,2,DAP,0.001,8
2324,2,maize,3,KAS,0.4,24
2327,2,maize,1,PK,0.001,50
2327,2,maize,2,DAP,0.001,8
2327,2,maize,3,KAS,0.4,24
2330,2,maize,1,PK,0.001,50
2330,2,maize,2,DAP,0.001,8
2330,2,maize,3,KAS,0.4,24
2338,2,maize,1,PK,0.001,50
2338,2,maize,2,DAP,0.001,8
2338,2,maize,3,KAS,0.4,24
2340,2,maize,1,PK,0.001,50
2340,2,maize,2,DAP,0.001,8
2340,2,maize,3,KAS,0.4,24
2347,2,maize,1,PK,0.001,50
2347,2,maize,2,DAP,0.001,8
2347,2,maize,3,KAS,0.4,24
2348,2,maize,1,PK,0.001,50
2348,2,maize,2,DAP,0.001,8
2348,2,maize,3,KAS,0.4,24
2349,2,maize,1,PK,0.001,50
2349,2,maize,2,DAP,0.001,8
2349,2,maize,3,KAS,0.4,24
2350,2,maize,1,PK,0.001,50
2350,2,maize,2,DAP,0.001,8
2350,2,maize,3,KAS,0.4,24
2351,2,maize,1,PK,0.001,50
2351,2,maize,2,DAP,0.001,8
2351,2,maize,3,KAS,0.4,24
2353,2,maize,1,PK,0.001,50
2353,2,maize,2,DAP,0.001,8
2353,2,maize,3,KAS,0.4,24
2354,2,maize,1,PK,0.001,50
2354,2,maize,2,DAP,0.001,8
2354,2,maize,3,KAS,0.4,24
2355,2,maize,1,PK,0.001,50
2355,2,maize,2,DAP,0.001,8
2355,2,maize,3,KAS,0.4,24
2357,2,maize,1,PK,0.001,50
2357,2,maize,2,DAP,0.001,8
2357,2,maize,3,KAS,0.4,24
2358,2,maize,1,PK,0.001,50
2358,2,maize,2,DAP,0.001,8
2358,2,maize,3,KAS,0.4,24
2359,2,maize,1,PK,0.001,50
2359,2,maize,2,DAP,0.001,8
2359,2,maize,3,KAS,0.4,24
2360,2,maize,1,PK,0.001,50
2360,2,maize,2,DAP,0.001,8
2360,2,maize,3,KAS,0.4,24
2361,2,maize,1,PK,0.001,50
2361,2,maize,2,DAP,0.001,8
2361,2,maize,3,KAS,0.4,24
2362,2,maize,1,PK,0.001,50
2362,2,maize,2,DAP,0.001,8
2362,2,maize,3,KAS,0.4,24
2363,2,maize,1,PK,0.001,50
2363,2,maize,2,DAP,0.001,8
2363,2,maize,3,KAS,0.4,24
2369,2,maize,1,PK,0.001,50
2369,2,maize,2,DAP,0.001,8
2369,2,maize,3,KAS,0.4,24
2370,2,maize,1,PK,0.001,50
2370,2,maize,2,DAP,0.001,8
2370,2,maize,3,KAS,0.4,24
2378,2,maize,1,PK,0.001,50
2378,2,maize,2,DAP,0.001,8
2378,2,maize,3,KAS,0.4,24
2379,2,maize,1,PK,0.001,50
2379,2,maize,2,DAP,0.001,8
2379,2,maize,3,KAS,0.4,24
2380,2,maize,1,PK,0.001,50
2380,2,maize,2,DAP,0.001,8
2380,2,maize,3,KAS,0.4,24
2381,2,maize,1,PK,0.001,50
2381,2,maize,2,DAP,0.001,8
2381,2,maize,3,KAS,0.4,24
2387,2,maize,1,PK,0.001,50
2387,2,maize,2,DAP,0.001,8
2387,2,maize,3,KAS,0.4,24
2388,2,maize,1,PK,0.001,50
2388,2,maize,2,DAP,0.001,8
2388,2,maize,3,KAS,0.4,24
2389,2,maize,1,PK,0.001,50
2389,2,maize,2,DAP,0.001,8
2389,2,maize,3,KAS,0.4,24
2390,2,maize,1,PK,0.001,50
2390,2,maize,2,DAP,0.001,8
2390,2,maize,3,KAS,0.4,24
2393,2,maize,1,PK,0.001,50
2393,2,maize,2,DAP,0.001,8
2393,2,maize,3,KAS,0.4,24
2394,2,maize,1,PK,0.001,50
2394,2,maize,2,DAP,0.001,8
2394,2,maize,3,KAS,0.4,24
2397,2,maize,1,PK,0.001,50
2397,2,maize,2,DAP,0.001,8
2397,2,maize,3,KAS,0.4,24
2402,2,maize,1,PK,0.001,50
2402,2,maize,2,DAP,0.001,8
2402,2,maize,3,KAS,0.4,24
2403,2,maize,1,PK,0.001,50
2403,2,maize,2,DAP,0.001,8
2403,2,maize,3,KAS,0.4,24
2404,2,maize,1,PK,0.001,50
2404,2,maize,2,DAP,0.001,8
2404,2,maize,3,KAS,0.4,24
2405,2,maize,1,PK,0.001,50
2405,2,maize,2,DAP,0.001,8
2405,2,maize,3,KAS,0.4,24
2406,2,maize,1,PK,0.001,50
2406,2,maize,2,DAP,0.001,8
2406,2,maize,3,KAS,0.4,24
2407,2,maize,1,PK,0.001,50
2407,2,maize,2,DAP,0.001,8
2407,2,maize,3,KAS,0.4,24
2408,2,maize,1,PK,0.001,50
2408,2,maize,2,DAP,0.001,8
2408,2,maize,3,KAS,0.4,24
2409,2,maize,1,PK,0.001,50
2409,2,maize,2,DAP,0.001,8
2409,2,maize,3,KAS,0.4,24
2410,2,maize,1,PK,0.001,50
2410,2,maize,2,DAP,0.001,8
2410,2,maize,3,KAS,0.4,24
2411,2,maize,1,PK,0.001,50
2411,2,maize,2,DAP,0.001,8
2411,2,maize,3,KAS,0.4,24
2414,2,maize,1,PK,0.001,50
2414,2,maize,2,DAP,0.001,8
2414,2,maize,3,KAS,0.4,24
2417,2,maize,1,PK,0.001,50
2417,2,maize,2,DAP,0.001,8
2417,2,maize,3,KAS,0.4,24
2418,2,maize,1,PK,0.001,50
2418,2,maize,2,DAP,0.001,8
2418,2,maize,3,KAS,0.4,24
2422,2,maize,1,PK,0.001,50
2422,2,maize,2,DAP,0.001,8
2422,2,maize,3,KAS,0.4,24
2423,2,maize,1,PK,0.001,50
2423,2,maize,2,DAP,0.001,8
2423,2,maize,3,KAS,0.4,24
2424,2,maize,1,PK,0.001,50
2424,2,maize,2,DAP,0.001,8
2424,2,maize,3,KAS,0.4,24
2425,2,maize,1,PK,0.001,50
2425,2,maize,2,DAP,0.001,8
2425,2,maize,3,KAS,0.4,24
2427,2,maize,1,PK,0.001,50
2427,2,maize,2,DAP,0.001,8
2427,2,maize,3,KAS,0.4,24
2430,2,maize,1,PK,0.001,50
2430,2,maize,2,DAP,0.001,8
2430,2,maize,3,KAS,0.4,24
2431,2,maize,1,PK,0.001,50
2431,2,maize,2,DAP,0.001,8
2431,2,maize,3,KAS,0.4,24
2432,2,maize,1,PK,0.001,50
2432,2,maize,2,DAP,0.001,8
2432,2,maize,3,KAS,0.4,24
2433,2,maize,1,PK,0.001,50
2433,2,maize,2,DAP,0.001,8
2433,2,maize,3,KAS,0.4,24
2435,2,maize,1,PK,0.001,50
2435,2,maize,2,DAP,0.001,8
2435,2,maize,3,KAS,0.4,24
2436,2,maize,1,PK,0.001,50
2436,2,maize,2,DAP,0.001,8
2436,2,maize,3,KAS,0.4,24
2438,2,maize,1,PK,0.001,50
2438,2,maize,2,DAP,0.001,8
2438,2,maize,3,KAS,0.4,24
2439,2,maize,1,PK,0.001,50
2439,2,maize,2,DAP,0.001,8
2439,2,maize,3,KAS,0.4,24
2440,2,maize,1,PK,0.001,50
2440,2,maize,2,DAP,0.001,8
2440,2,maize,3,KAS,0.4,24
2441,2,maize,1,PK,0.001,50
2441,2,maize,2,DAP,0.001,8
2441,2,maize,3,KAS,0.4,24
2442,2,maize,1,PK,0.001,50
2442,2,maize,2,DAP,0.001,8
2442,2,maize,3,KAS,0.4,24
2443,2,maize,1,PK,0.001,50
2443,2,maize,2,DAP,0.001,8
2443,2,maize,3,KAS,0.4,24
2444,2,maize,1,PK,0.001,50
2444,2,maize,2,DAP,0.001,8
2444,2,maize,3,KAS,0.4,24
2452,2,maize,1,PK,0.001,50
2452,2,maize,2,DAP,0.001,8
2452,2,maize,3,KAS,0.4,24
2455,2,maize,1,PK,0.001,50
2455,2,maize,2,DAP,0.001,8
2455,2,maize,3,KAS,0.4,24
2456,2,maize,1,PK,0.001,50
2456,2,maize,2,DAP,0.001,8
2456,2,maize,3,KAS,0.4,24
2458,2,maize,1,PK,0.001,50
2458,2,maize,2,DAP,0.001,8
2458,2,maize,3,KAS,0.4,24
2460,2,maize,1,PK,0.001,50
2460,2,maize,2,DAP,0.001,8
2460,2,maize,3,KAS,0.4,24
2463,2,maize,1,PK,0.001,50
2463,2,maize,2,DAP,0.001,8
2463,2,maize,3,KAS,0.4,24
2465,2,maize,1,PK,0.001,50
2465,2,maize,2,DAP,0.001,8
2465,2,maize,3,KAS,0.4,24
2468,2,maize,1,PK,0.001,50
2468,2,maize,2,DAP,0.001,8
2468,2,maize,3,KAS,0.4,24
2475,2,maize,1,PK,0.001,50
2475,2,maize,2,DAP,0.001,8
2475,2,maize,3,KAS,0.4,24
2479,2,maize,1,PK,0.001,50
2479,2,maize,2,DAP,0.001,8
2479,2,maize,3,KAS,0.4,24
2481,2,maize,1,PK,0.001,50
2481,2,maize,2,DAP,0.001,8
2481,2,maize,3,KAS,0.4,24
2482,2,maize,1,PK,0.001,50
2482,2,maize,2,DAP,0.001,8
2482,2,maize,3,KAS,0.4,24
2485,2,maize,1,PK,0.001,50
2485,2,maize,2,DAP,0.001,8
2485,2,maize,3,KAS,0.4,24
2486,2,maize,1,PK,0.001,50
2486,2,maize,2,DAP,0.001,8
2486,2,maize,3,KAS,0.4,24
2487,2,maize,1,PK,0.001,50
2487,2,maize,2,DAP,0.001,8
2487,2,maize,3,KAS,0.4,24
2488,2,maize,1,PK,0.001,50
2488,2,maize,2,DAP,0.001,8
2488,2,maize,3,KAS,0.4,24
2489,2,maize,1,PK,0.001,50
2489,2,maize,2,DAP,0.001,8
2489,2,maize,3,KAS,0.4,24
2491,2,maize,1,PK,0.001,50
2491,2,maize,2,DAP,0.001,8
2491,2,maize,3,KAS,0.4,24
2492,2,maize,1,PK,0.001,50
2492,2,maize,2,DAP,0.001,8
2492,2,maize,3,KAS,0.4,24
2493,2,maize,1,PK,0.001,50
2493,2,maize,2,DAP,0.001,8
2493,2,maize,3,KAS,0.4,24
2495,2,maize,1,PK,0.001,50
2495,2,maize,2,DAP,0.001,8
2495,2,maize,3,KAS,0.4,24
2497,2,maize,1,PK,0.001,50
2497,2,maize,2,DAP,0.001,8
2497,2,maize,3,KAS,0.4,24
2498,2,maize,1,PK,0.001,50
2498,2,maize,2,DAP,0.001,8
2498,2,maize,3,KAS,0.4,24
2499,2,maize,1,PK,0.001,50
2499,2,maize,2,DAP,0.001,8
2499,2,maize,3,KAS,0.4,24
2500,2,maize,1,PK,0.001,50
2500,2,maize,2,DAP,0.001,8
2500,2,maize,3,KAS,0.4,24
2501,2,maize,1,PK,0.001,50
2501,2,maize,2,DAP,0.001,8
2501,2,maize,3,KAS,0.4,24
2502,2,maize,1,PK,0.001,50
2502,2,maize,2,DAP,0.001,8
2502,2,maize,3,KAS,0.4,24
2503,2,maize,1,PK,0.001,50
2503,2,maize,2,DAP,0.001,8
2503,2,maize,3,KAS,0.4,24
2504,2,maize,1,PK,0.001,50
2504,2,maize,2,DAP,0.001,8
2504,2,maize,3,KAS,0.4,24
2505,2,maize,1,PK,0.001,50
2505,2,maize,2,DAP,0.001,8
2505,2,maize,3,KAS,0.4,24
2507,2,maize,1,PK,0.001,50
2507,2,maize,2,DAP,0.001,8
2507,2,maize,3,KAS,0.4,24
2508,2,maize,1,PK,0.001,50
2508,2,maize,2,DAP,0.001,8
2508,2,maize,3,KAS,0.4,24
2509,2,maize,1,PK,0.001,50
2509,2,maize,2,DAP,0.001,8
2509,2,maize,3,KAS,0.4,24
2510,2,maize,1,PK,0.001,50
2510,2,maize,2,DAP,0.001,8
2510,2,maize,3,KAS,0.4,24
2512,2,maize,1,PK,0.001,50
2512,2,maize,2,DAP,0.001,8
2512,2,maize,3,KAS,0.4,24
2513,2,maize,1,PK,0.001,50
2513,2,maize,2,DAP,0.001,8
2513,2,maize,3,KAS,0.4,24
2514,2,maize,1,PK,0.001,50
2514,2,maize,2,DAP,0.001,8
2514,2,maize,3,KAS,0.4,24
2515,2,maize,1,PK,0.001,50
2515,2,maize,2,DAP,0.001,8
2515,2,maize,3,KAS,0.4,24
2516,2,maize,1,PK,0.001,50
2516,2,maize,2,DAP,0.001,8
2516,2,maize,3,KAS,0.4,24
2517,2,maize,1,PK,0.001,50
2517,2,maize,2,DAP,0.001,8
2517,2,maize,3,KAS,0.4,24
2518,2,maize,1,PK,0.001,50
2518,2,maize,2,DAP,0.001,8
2518,2,maize,3,KAS,0.4,24
2519,2,maize,1,PK,0.001,50
2519,2,maize,2,DAP,0.001,8
2519,2,maize,3,KAS,0.4,24
2520,2,maize,1,PK,0.001,50
2520,2,maize,2,DAP,0.001,8
2520,2,maize,3,KAS,0.4,24
2524,2,maize,1,PK,0.001,50
2524,2,maize,2,DAP,0.001,8
2524,2,maize,3,KAS,0.4,24
2525,2,maize,1,PK,0.001,50
2525,2,maize,2,DAP,0.001,8
2525,2,maize,3,KAS,0.4,24
2528,2,maize,1,PK,0.001,50
2528,2,maize,2,DAP,0.001,8
2528,2,maize,3,KAS,0.4,24
2530,2,maize,1,PK,0.001,50
2530,2,maize,2,DAP,0.001,8
2530,2,maize,3,KAS,0.4,24
2531,2,maize,1,PK,0.001,50
2531,2,maize,2,DAP,0.001,8
2531,2,maize,3,KAS,0.4,24
2532,2,maize,1,PK,0.001,50
2532,2,maize,2,DAP,0.001,8
2532,2,maize,3,KAS,0.4,24
2533,2,maize,1,PK,0.001,50
2533,2,maize,2,DAP,0.001,8
2533,2,maize,3,KAS,0.4,24
2535,2,maize,1,PK,0.001,50
2535,2,maize,2,DAP,0.001,8
2535,2,maize,3,KAS,0.4,24
2537,2,maize,1,PK,0.001,50
2537,2,maize,2,DAP,0.001,8
2537,2,maize,3,KAS,0.4,24
2541,2,maize,1,PK,0.001,50
2541,2,maize,2,DAP,0.001,8
2541,2,maize,3,KAS,0.4,24
2542,2,maize,1,PK,0.001,50
2542,2,maize,2,DAP,0.001,8
2542,2,maize,3,KAS,0.4,24
2547,2,maize,1,PK,0.001,50
2547,2,maize,2,DAP,0.001,8
2547,2,maize,3,KAS,0.4,24
2548,2,maize,1,PK,0.001,50
2548,2,maize,2,DAP,0.001,8
2548,2,maize,3,KAS,0.4,24
2552,2,maize,1,PK,0.001,50
2552,2,maize,2,DAP,0.001,8
2552,2,maize,3,KAS,0.4,24
2553,2,maize,1,PK,0.001,50
2553,2,maize,2,DAP,0.001,8
2553,2,maize,3,KAS,0.4,24
2554,2,maize,1,PK,0.001,50
2554,2,maize,2,DAP,0.001,8
2554,2,maize,3,KAS,0.4,24
2557,2,maize,1,PK,0.001,50
2557,2,maize,2,DAP,0.001,8
2557,2,maize,3,KAS,0.4,24
2558,2,maize,1,PK,0.001,50
2558,2,maize,2,DAP,0.001,8
2558,2,maize,3,KAS,0.4,24
2560,2,maize,1,PK,0.001,50
2560,2,maize,2,DAP,0.001,8
2560,2,maize,3,KAS,0.4,24
2564,2,maize,1,PK,0.001,50
2564,2,maize,2,DAP,0.001,8
2564,2,maize,3,KAS,0.4,24
2567,2,maize,1,PK,0.001,50
2567,2,maize,2,DAP,0.001,8
2567,2,maize,3,KAS,0.4,24
2569,2,maize,1,PK,0.001,50
2569,2,maize,2,DAP,0.001,8
2569,2,maize,3,KAS,0.4,24
2570,2,maize,1,PK,0.001,50
2570,2,maize,2,DAP,0.001,8
2570,2,maize,3,KAS,0.4,24
2572,2,maize,1,PK,0.001,50
2572,2,maize,2,DAP,0.001,8
2572,2,maize,3,KAS,0.4,24
2573,2,maize,1,PK,0.001,50
2573,2,maize,2,DAP,0.001,8
2573,2,maize,3,KAS,0.4,24
2574,2,maize,1,PK,0.001,50
2574,2,maize,2,DAP,0.001,8
2574,2,maize,3,KAS,0.4,24
2575,2,maize,1,PK,0.001,50
2575,2,maize,2,DAP,0.001,8
2575,2,maize,3,KAS,0.4,24
2577,2,maize,1,PK,0.001,50
2577,2,maize,2,DAP,0.001,8
2577,2,maize,3,KAS,0.4,24
2578,2,maize,1,PK,0.001,50
2578,2,maize,2,DAP,0.001,8
2578,2,maize,3,KAS,0.4,24
2579,2,maize,1,PK,0.001,50
2579,2,maize,2,DAP,0.001,8
2579,2,maize,3,KAS,0.4,24
2580,2,maize,1,PK,0.001,50
2580,2,maize,2,DAP,0.001,8
2580,2,maize,3,KAS,0.4,24
2582,2,maize,1,PK,0.001,50
2582,2,maize,2,DAP,0.001,8
2582,2,maize,3,KAS,0.4,24
2583,2,maize,1,PK,0.001,50
2583,2,maize,2,DAP,0.001,8
2583,2,maize,3,KAS,0.4,24
2588,2,maize,1,PK,0.001,50
2588,2,maize,2,DAP,0.001,8
2588,2,maize,3,KAS,0.4,24
2590,2,maize,1,PK,0.001,50
2590,2,maize,2,DAP,0.001,8
2590,2,maize,3,KAS,0.4,24
2591,2,maize,1,PK,0.001,50
2591,2,maize,2,DAP,0.001,8
2591,2,maize,3,KAS,0.4,24
2592,2,maize,1,PK,0.001,50
2592,2,maize,2,DAP,0.001,8
2592,2,maize,3,KAS,0.4,24
2593,2,maize,1,PK,0.001,50
2593,2,maize,2,DAP,0.001,8
2593,2,maize,3,KAS,0.4,24
2595,2,maize,1,PK,0.001,50
2595,2,maize,2,DAP,0.001,8
2595,2,maize,3,KAS,0.4,24
2596,2,maize,1,PK,0.001,50
2596,2,maize,2,DAP,0.001,8
2596,2,maize,3,KAS,0.4,24
2598,2,maize,1,PK,0.001,50
2598,2,maize,2,DAP,0.001,8
2598,2,maize,3,KAS,0.4,24
2601,2,maize,1,PK,0.001,50
2601,2,maize,2,DAP,0.001,8
2601,2,maize,3,KAS,0.4,24
2602,2,maize,1,PK,0.001,50
2602,2,maize,2,DAP,0.001,8
2602,2,maize,3,KAS,0.4,24
2603,2,maize,1,PK,0.001,50
2603,2,maize,2,DAP,0.001,8
2603,2,maize,3,KAS,0.4,24
2604,2,maize,1,PK,0.001,50
2604,2,maize,2,DAP,0.001,8
2604,2,maize,3,KAS,0.4,24
2609,2,maize,1,PK,0.001,50
2609,2,maize,2,DAP,0.001,8
2609,2,maize,3,KAS,0.4,24
2610,2,maize,1,PK,0.001,50
2610,2,maize,2,DAP,0.001,8
2610,2,maize,3,KAS,0.4,24
2615,2,maize,1,PK,0.001,50
2615,2,maize,2,DAP,0.001,8
2615,2,maize,3,KAS,0.4,24
2616,2,maize,1,PK,0.001,50
2616,2,maize,2,DAP,0.001,8
2616,2,maize,3,KAS,0.4,24
2623,2,maize,1,PK,0.001,50
2623,2,maize,2,DAP,0.001,8
2623,2,maize,3,KAS,0.4,24
2628,2,maize,1,PK,0.001,50
2628,2,maize,2,DAP,0.001,8
2628,2,maize,3,KAS,0.4,24
2632,2,maize,1,PK,0.001,50
2632,2,maize,2,DAP,0.001,8
2632,2,maize,3,KAS,0.4,24
2633,2,maize,1,PK,0.001,50
2633,2,maize,2,DAP,0.001,8
2633,2,maize,3,KAS,0.4,24
2634,2,maize,1,PK,0.001,50
2634,2,maize,2,DAP,0.001,8
2634,2,maize,3,KAS,0.4,24
2635,2,maize,1,PK,0.001,50
2635,2,maize,2,DAP,0.001,8
2635,2,maize,3,KAS,0.4,24
2636,2,maize,1,PK,0.001,50
2636,2,maize,2,DAP,0.001,8
2636,2,maize,3,KAS,0.4,24
2638,2,maize,1,PK,0.001,50
2638,2,maize,2,DAP,0.001,8
2638,2,maize,3,KAS,0.4,24
2643,2,maize,1,PK,0.001,50
2643,2,maize,2,DAP,0.001,8
2643,2,maize,3,KAS,0.4,24
2644,2,maize,1,PK,0.001,50
2644,2,maize,2,DAP,0.001,8
2644,2,maize,3,KAS,0.4,24
2646,2,maize,1,PK,0.001,50
2646,2,maize,2,DAP,0.001,8
2646,2,maize,3,KAS,0.4,24
2647,2,maize,1,PK,0.001,50
2647,2,maize,2,DAP,0.001,8
2647,2,maize,3,KAS,0.4,24
2648,2,maize,1,PK,0.001,50
2648,2,maize,2,DAP,0.001,8
2648,2,maize,3,KAS,0.4,24
2649,2,maize,1,PK,0.001,50
2649,2,maize,2,DAP,0.001,8
2649,2,maize,3,KAS,0.4,24
2650,2,maize,1,PK,0.001,50
2650,2,maize,2,DAP,0.001,8
2650,2,maize,3,KAS,0.4,24
2651,2,maize,1,PK,0.001,50
2651,2,maize,2,DAP,0.001,8
2651,2,maize,3,KAS,0.4,24
2652,2,maize,1,PK,0.001,50
2652,2,maize,2,DAP,0.001,8
2652,2,maize,3,KAS,0.4,24
2654,2,maize,1,PK,0.001,50
2654,2,maize,2,DAP,0.001,8
2654,2,maize,3,KAS,0.4,24
2655,2,maize,1,PK,0.001,50
2655,2,maize,2,DAP,0.001,8
2655,2,maize,3,KAS,0.4,24
2656,2,maize,1,PK,0.001,50
2656,2,maize,2,DAP,0.001,8
2656,2,maize,3,KAS,0.4,24
2657,2,maize,1,PK,0.001,50
2657,2,maize,2,DAP,0.001,8
2657,2,maize,3,KAS,0.4,24
2659,2,maize,1,PK,0.001,50
2659,2,maize,2,DAP,0.001,8
2659,2,maize,3,KAS,0.4,24
2660,2,maize,1,PK,0.001,50
2660,2,maize,2,DAP,0.001,8
2660,2,maize,3,KAS,0.4,24
2661,2,maize,1,PK,0.001,50
2661,2,maize,2,DAP,0.001,8
2661,2,maize,3,KAS,0.4,24
2663,2,maize,1,PK,0.001,50
2663,2,maize,2,DAP,0.001,8
2663,2,maize,3,KAS,0.4,24
2664,2,maize,1,PK,0.001,50
2664,2,maize,2,DAP,0.001,8
2664,2,maize,3,KAS,0.4,24
2665,2,maize,1,PK,0.001,50
2665,2,maize,2,DAP,0.001,8
2665,2,maize,3,KAS,0.4,24
2666,2,maize,1,PK,0.001,50
2666,2,maize,2,DAP,0.001,8
2666,2,maize,3,KAS,0.4,24
2667,2,maize,1,PK,0.001,50
2667,2,maize,2,DAP,0.001,8
2667,2,maize,3,KAS,0.4,24
2668,2,maize,1,PK,0.001,50
2668,2,maize,2,DAP,0.001,8
2668,2,maize,3,KAS,0.4,24
2669,2,maize,1,PK,0.001,50
2669,2,maize,2,DAP,0.001,8
2669,2,maize,3,KAS,0.4,24
2670,2,maize,1,PK,0.001,50
2670,2,maize,2,DAP,0.001,8
2670,2,maize,3,KAS,0.4,24
2671,2,maize,1,PK,0.001,50
2671,2,maize,2,DAP,0.001,8
2671,2,maize,3,KAS,0.4,24
2672,2,maize,1,PK,0.001,50
2672,2,maize,2,DAP,0.001,8
2672,2,maize,3,KAS,0.4,24
2673,2,maize,1,PK,0.001,50
2673,2,maize,2,DAP,0.001,8
2673,2,maize,3,KAS,0.4,24
2674,2,maize,1,PK,0.001,50
2674,2,maize,2,DAP,0.001,8
2674,2,maize,3,KAS,0.4,24
2677,2,maize,1,PK,0.001,50
2677,2,maize,2,DAP,0.001,8
2677,2,maize,3,KAS,0.4,24
2679,2,maize,1,PK,0.001,50
2679,2,maize,2,DAP,0.001,8
2679,2,maize,3,KAS,0.4,24
2681,2,maize,1,PK,0.001,50
2681,2,maize,2,DAP,0.001,8
2681,2,maize,3,KAS,0.4,24
2682,2,maize,1,PK,0.001,50
2682,2,maize,2,DAP,0.001,8
2682,2,maize,3,KAS,0.4,24
2683,2,maize,1,PK,0.001,50
2683,2,maize,2,DAP,0.001,8
2683,2,maize,3,KAS,0.4,24
2684,2,maize,1,PK,0.001,50
2684,2,maize,2,DAP,0.001,8
2684,2,maize,3,KAS,0.4,24
2687,2,maize,1,PK,0.001,50
2687,2,maize,2,DAP,0.001,8
2687,2,maize,3,KAS,0.4,24
2690,2,maize,1,PK,0.001,50
2690,2,maize,2,DAP,0.001,8
2690,2,maize,3,KAS,0.4,24
2691,2,maize,1,PK,0.001,50
2691,2,maize,2,DAP,0.001,8
2691,2,maize,3,KAS,0.4,24
2697,2,maize,1,PK,0.001,50
2697,2,maize,2,DAP,0.001,8
2697,2,maize,3,KAS,0.4,24
2698,2,maize,1,PK,0.001,50
2698,2,maize,2,DAP,0.001,8
2698,2,maize,3,KAS,0.4,24
2700,2,maize,1,PK,0.001,50
2700,2,maize,2,DAP,0.001,8
2700,2,maize,3,KAS,0.4,24
2702,2,maize,1,PK,0.001,50
2702,2,maize,2,DAP,0.001,8
2702,2,maize,3,KAS,0.4,24
2704,2,maize,1,PK,0.001,50
2704,2,maize,2,DAP,0.001,8
2704,2,maize,3,KAS,0.4,24
2708,2,maize,1,PK,0.001,50
2708,2,maize,2,DAP,0.001,8
2708,2,maize,3,KAS,0.4,24
2712,2,maize,1,PK,0.001,50
2712,2,maize,2,DAP,0.001,8
2712,2,maize,3,KAS,0.4,24
2716,2,maize,1,PK,0.001,50
2716,2,maize,2,DAP,0.001,8
2716,2,maize,3,KAS,0.4,24
2717,2,maize,1,PK,0.001,50
2717,2,maize,2,DAP,0.001,8
2717,2,maize,3,KAS,0.4,24
2718,2,maize,1,PK,0.001,50
2718,2,maize,2,DAP,0.001,8
2718,2,maize,3,KAS,0.4,24
2719,2,maize,1,PK,0.001,50
2719,2,maize,2,DAP,0.001,8
2719,2,maize,3,KAS,0.4,24
2721,2,maize,1,PK,0.001,50
2721,2,maize,2,DAP,0.001,8
2721,2,maize,3,KAS,0.4,24
2724,2,maize,1,PK,0.001,50
2724,2,maize,2,DAP,0.001,8
2724,2,maize,3,KAS,0.4,24
2725,2,maize,1,PK,0.001,50
2725,2,maize,2,DAP,0.001,8
2725,2,maize,3,KAS,0.4,24
2726,2,maize,1,PK,0.001,50
2726,2,maize,2,DAP,0.001,8
2726,2,maize,3,KAS,0.4,24
2727,2,maize,1,PK,0.001,50
2727,2,maize,2,DAP,0.001,8
2727,2,maize,3,KAS,0.4,24
2728,2,maize,1,PK,0.001,50
2728,2,maize,2,DAP,0.001,8
2728,2,maize,3,KAS,0.4,24
2729,2,maize,1,PK,0.001,50
2729,2,maize,2,DAP,0.001,8
2729,2,maize,3,KAS,0.4,24
2730,2,maize,1,PK,0.001,50
2730,2,maize,2,DAP,0.001,8
2730,2,maize,3,KAS,0.4,24
2731,2,maize,1,PK,0.001,50
2731,2,maize,2,DAP,0.001,8
2731,2,maize,3,KAS,0.4,24
2732,2,maize,1,PK,0.001,50
2732,2,maize,2,DAP,0.001,8
2732,2,maize,3,KAS,0.4,24
2733,2,maize,1,PK,0.001,50
2733,2,maize,2,DAP,0.001,8
2733,2,maize,3,KAS,0.4,24
2734,2,maize,1,PK,0.001,50
2734,2,maize,2,DAP,0.001,8
2734,2,maize,3,KAS,0.4,24
2738,2,maize,1,PK,0.001,50
2738,2,maize,2,DAP,0.001,8
2738,2,maize,3,KAS,0.4,24
2739,2,maize,1,PK,0.001,50
2739,2,maize,2,DAP,0.001,8
2739,2,maize,3,KAS,0.4,24
2741,2,maize,1,PK,0.001,50
2741,2,maize,2,DAP,0.001,8
2741,2,maize,3,KAS,0.4,24
2742,2,maize,1,PK,0.001,50
2742,2,maize,2,DAP,0.001,8
2742,2,maize,3,KAS,0.4,24
2744,2,maize,1,PK,0.001,50
2744,2,maize,2,DAP,0.001,8
2744,2,maize,3,KAS,0.4,24
2745,2,maize,1,PK,0.001,50
2745,2,maize,2,DAP,0.001,8
2745,2,maize,3,KAS,0.4,24
2746,2,maize,1,PK,0.001,50
2746,2,maize,2,DAP,0.001,8
2746,2,maize,3,KAS,0.4,24
2747,2,maize,1,PK,0.001,50
2747,2,maize,2,DAP,0.001,8
2747,2,maize,3,KAS,0.4,24
2749,2,maize,1,PK,0.001,50
2749,2,maize,2,DAP,0.001,8
2749,2,maize,3,KAS,0.4,24
2751,2,maize,1,PK,0.001,50
2751,2,maize,2,DAP,0.001,8
2751,2,maize,3,KAS,0.4,24
2753,2,maize,1,PK,0.001,50
2753,2,maize,2,DAP,0.001,8
2753,2,maize,3,KAS,0.4,24
2755,2,maize,1,PK,0.001,50
2755,2,maize,2,DAP,0.001,8
2755,2,maize,3,KAS,0.4,24
2760,2,maize,1,PK,0.001,50
2760,2,maize,2,DAP,0.001,8
2760,2,maize,3,KAS,0.4,24
2761,2,maize,1,PK,0.001,50
2761,2,maize,2,DAP,0.001,8
2761,2,maize,3,KAS,0.4,24
2762,2,maize,1,PK,0.001,50
2762,2,maize,2,DAP,0.001,8
2762,2,maize,3,KAS,0.4,24
2764,2,maize,1,PK,0.001,50
2764,2,maize,2,DAP,0.001,8
2764,2,maize,3,KAS,0.4,24
2765,2,maize,1,PK,0.001,50
2765,2,maize,2,DAP,0.001,8
2765,2,maize,3,KAS,0.4,24
2766,2,maize,1,PK,0.001,50
2766,2,maize,2,DAP,0.001,8
2766,2,maize,3,KAS,0.4,24
2767,2,maize,1,PK,0.001,50
2767,2,maize,2,DAP,0.001,8
2767,2,maize,3,KAS,0.4,24
2770,2,maize,1,PK,0.001,50
2770,2,maize,2,DAP,0.001,8
2770,2,maize,3,KAS,0.4,24
2773,2,maize,1,PK,0.001,50
2773,2,maize,2,DAP,0.001,8
2773,2,maize,3,KAS,0.4,24
2776,2,maize,1,PK,0.001,50
2776,2,maize,2,DAP,0.001,8
2776,2,maize,3,KAS,0.4,24
2777,2,maize,1,PK,0.001,50
2777,2,maize,2,DAP,0.001,8
2777,2,maize,3,KAS,0.4,24
2779,2,maize,1,PK,0.001,50
2779,2,maize,2,DAP,0.001,8
2779,2,maize,3,KAS,0.4,24
2781,2,maize,1,PK,0.001,50
2781,2,maize,2,DAP,0.001,8
2781,2,maize,3,KAS,0.4,24
2787,2,maize,1,PK,0.001,50
2787,2,maize,2,DAP,0.001,8
2787,2,maize,3,KAS,0.4,24
2788,2,maize,1,PK,0.001,50
2788,2,maize,2,DAP,0.001,8
2788,2,maize,3,KAS,0.4,24
2790,2,maize,1,PK,0.001,50
2790,2,maize,2,DAP,0.001,8
2790,2,maize,3,KAS,0.4,24
2791,2,maize,1,PK,0.001,50
2791,2,maize,2,DAP,0.001,8
2791,2,maize,3,KAS,0.4,24
2792,2,maize,1,PK,0.001,50
2792,2,maize,2,DAP,0.001,8
2792,2,maize,3,KAS,0.4,24
2793,2,maize,1,PK,0.001,50
2793,2,maize,2,DAP,0.001,8
2793,2,maize,3,KAS,0.4,24
2794,2,maize,1,PK,0.001,50
2794,2,maize,2,DAP,0.001,8
2794,2,maize,3,KAS,0.4,24
2795,2,maize,1,PK,0.001,50
2795,2,maize,2,DAP,0.001,8
2795,2,maize,3,KAS,0.4,24
2798,2,maize,1,PK,0.001,50
2798,2,maize,2,DAP,0.001,8
2798,2,maize,3,KAS,0.4,24
2799,2,maize,1,PK,0.001,50
2799,2,maize,2,DAP,0.001,8
2799,2,maize,3,KAS,0.4,24
2803,2,maize,1,PK,0.001,50
2803,2,maize,2,DAP,0.001,8
2803,2,maize,3,KAS,0.4,24
2804,2,maize,1,PK,0.001,50
2804,2,maize,2,DAP,0.001,8
2804,2,maize,3,KAS,0.4,24
2805,2,maize,1,PK,0.001,50
2805,2,maize,2,DAP,0.001,8
2805,2,maize,3,KAS,0.4,24
2806,2,maize,1,PK,0.001,50
2806,2,maize,2,DAP,0.001,8
2806,2,maize,3,KAS,0.4,24
2807,2,maize,1,PK,0.001,50
2807,2,maize,2,DAP,0.001,8
2807,2,maize,3,KAS,0.4,24
2808,2,maize,1,PK,0.001,50
2808,2,maize,2,DAP,0.001,8
2808,2,maize,3,KAS,0.4,24
2809,2,maize,1,PK,0.001,50
2809,2,maize,2,DAP,0.001,8
2809,2,maize,3,KAS,0.4,24
2810,2,maize,1,PK,0.001,50
2810,2,maize,2,DAP,0.001,8
2810,2,maize,3,KAS,0.4,24
2811,2,maize,1,PK,0.001,50
2811,2,maize,2,DAP,0.001,8
2811,2,maize,3,KAS,0.4,24
2812,2,maize,1,PK,0.001,50
2812,2,maize,2,DAP,0.001,8
2812,2,maize,3,KAS,0.4,24
2813,2,maize,1,PK,0.001,50
2813,2,maize,2,DAP,0.001,8
2813,2,maize,3,KAS,0.4,24
2814,2,maize,1,PK,0.001,50
2814,2,maize,2,DAP,0.001,8
2814,2,maize,3,KAS,0.4,24
2815,2,maize,1,PK,0.001,50
2815,2,maize,2,DAP,0.001,8
2815,2,maize,3,KAS,0.4,24
2816,2,maize,1,PK,0.001,50
2816,2,maize,2,DAP,0.001,8
2816,2,maize,3,KAS,0.4,24
2817,2,maize,1,PK,0.001,50
2817,2,maize,2,DAP,0.001,8
2817,2,maize,3,KAS,0.4,24
2818,2,maize,1,PK,0.001,50
2818,2,maize,2,DAP,0.001,8
2818,2,maize,3,KAS,0.4,24
2822,2,maize,1,PK,0.001,50
2822,2,maize,2,DAP,0.001,8
2822,2,maize,3,KAS,0.4,24
2823,2,maize,1,PK,0.001,50
2823,2,maize,2,DAP,0.001,8
2823,2,maize,3,KAS,0.4,24
2825,2,maize,1,PK,0.001,50
2825,2,maize,2,DAP,0.001,8
2825,2,maize,3,KAS,0.4,24
2826,2,maize,1,PK,0.001,50
2826,2,maize,2,DAP,0.001,8
2826,2,maize,3,KAS,0.4,24
2827,2,maize,1,PK,0.001,50
2827,2,maize,2,DAP,0.001,8
2827,2,maize,3,KAS,0.4,24
2828,2,maize,1,PK,0.001,50
2828,2,maize,2,DAP,0.001,8
2828,2,maize,3,KAS,0.4,24
2829,2,maize,1,PK,0.001,50
2829,2,maize,2,DAP,0.001,8
2829,2,maize,3,KAS,0.4,24
2830,2,maize,1,PK,0.001,50
2830,2,maize,2,DAP,0.001,8
2830,2,maize,3,KAS,0.4,24
2833,2,maize,1,PK,0.001,50
2833,2,maize,2,DAP,0.001,8
2833,2,maize,3,KAS,0.4,24
2839,2,maize,1,PK,0.001,50
2839,2,maize,2,DAP,0.001,8
2839,2,maize,3,KAS,0.4,24
2840,2,maize,1,PK,0.001,50
2840,2,maize,2,DAP,0.001,8
2840,2,maize,3,KAS,0.4,24
2841,2,maize,1,PK,0.001,50
2841,2,maize,2,DAP,0.001,8
2841,2,maize,3,KAS,0.4,24
2844,2,maize,1,PK,0.001,50
2844,2,maize,2,DAP,0.001,8
2844,2,maize,3,KAS,0.4,24
2845,2,maize,1,PK,0.001,50
2845,2,maize,2,DAP,0.001,8
2845,2,maize,3,KAS,0.4,24
2847,2,maize,1,PK,0.001,50
2847,2,maize,2,DAP,0.001,8
2847,2,maize,3,KAS,0.4,24
2848,2,maize,1,PK,0.001,50
2848,2,maize,2,DAP,0.001,8
2848,2,maize,3,KAS,0.4,24
2849,2,maize,1,PK,0.001,50
2849,2,maize,2,DAP,0.001,8
2849,2,maize,3,KAS,0.4,24
2850,2,maize,1,PK,0.001,50
2850,2,maize,2,DAP,0.001,8
2850,2,maize,3,KAS,0.4,24
2851,2,maize,1,PK,0.001,50
2851,2,maize,2,DAP,0.001,8
2851,2,maize,3,KAS,0.4,24
2855,2,maize,1,PK,0.001,50
2855,2,maize,2,DAP,0.001,8
2855,2,maize,3,KAS,0.4,24
2857,2,maize,1,PK,0.001,50
2857,2,maize,2,DAP,0.001,8
2857,2,maize,3,KAS,0.4,24
2860,2,maize,1,PK,0.001,50
2860,2,maize,2,DAP,0.001,8
2860,2,maize,3,KAS,0.4,24
2869,2,maize,1,PK,0.001,50
2869,2,maize,2,DAP,0.001,8
2869,2,maize,3,KAS,0.4,24
2873,2,maize,1,PK,0.001,50
2873,2,maize,2,DAP,0.001,8
2873,2,maize,3,KAS,0.4,24
2874,2,maize,1,PK,0.001,50
2874,2,maize,2,DAP,0.001,8
2874,2,maize,3,KAS,0.4,24
2875,2,maize,1,PK,0.001,50
2875,2,maize,2,DAP,0.001,8
2875,2,maize,3,KAS,0.4,24
2880,2,maize,1,PK,0.001,50
2880,2,maize,2,DAP,0.001,8
2880,2,maize,3,KAS,0.4,24
2881,2,maize,1,PK,0.001,50
2881,2,maize,2,DAP,0.001,8
2881,2,maize,3,KAS,0.4,24
2883,2,maize,1,PK,0.001,50
2883,2,maize,2,DAP,0.001,8
2883,2,maize,3,KAS,0.4,24
2884,2,maize,1,PK,0.001,50
2884,2,maize,2,DAP,0.001,8
2884,2,maize,3,KAS,0.4,24
2885,2,maize,1,PK,0.001,50
2885,2,maize,2,DAP,0.001,8
2885,2,maize,3,KAS,0.4,24
2886,2,maize,1,PK,0.001,50
2886,2,maize,2,DAP,0.001,8
2886,2,maize,3,KAS,0.4,24
2887,2,maize,1,PK,0.001,50
2887,2,maize,2,DAP,0.001,8
2887,2,maize,3,KAS,0.4,24
2888,2,maize,1,PK,0.001,50
2888,2,maize,2,DAP,0.001,8
2888,2,maize,3,KAS,0.4,24
2889,2,maize,1,PK,0.001,50
2889,2,maize,2,DAP,0.001,8
2889,2,maize,3,KAS,0.4,24
2890,2,maize,1,PK,0.001,50
2890,2,maize,2,DAP,0.001,8
2890,2,maize,3,KAS,0.4,24
2891,2,maize,1,PK,0.001,50
2891,2,maize,2,DAP,0.001,8
2891,2,maize,3,KAS,0.4,24
2892,2,maize,1,PK,0.001,50
2892,2,maize,2,DAP,0.001,8
2892,2,maize,3,KAS,0.4,24
2893,2,maize,1,PK,0.001,50
2893,2,maize,2,DAP,0.001,8
2893,2,maize,3,KAS,0.4,24
2894,2,maize,1,PK,0.001,50
2894,2,maize,2,DAP,0.001,8
2894,2,maize,3,KAS,0.4,24
2895,2,maize,1,PK,0.001,50
2895,2,maize,2,DAP,0.001,8
2895,2,maize,3,KAS,0.4,24
2897,2,maize,1,PK,0.001,50
2897,2,maize,2,DAP,0.001,8
2897,2,maize,3,KAS,0.4,24
2898,2,maize,1,PK,0.001,50
2898,2,maize,2,DAP,0.001,8
2898,2,maize,3,KAS,0.4,24
2899,2,maize,1,PK,0.001,50
2899,2,maize,2,DAP,0.001,8
2899,2,maize,3,KAS,0.4,24
2900,2,maize,1,PK,0.001,50
2900,2,maize,2,DAP,0.001,8
2900,2,maize,3,KAS,0.4,24
2901,2,maize,1,PK,0.001,50
2901,2,maize,2,DAP,0.001,8
2901,2,maize,3,KAS,0.4,24
2902,2,maize,1,PK,0.001,50
2902,2,maize,2,DAP,0.001,8
2902,2,maize,3,KAS,0.4,24
2904,2,maize,1,PK,0.001,50
2904,2,maize,2,DAP,0.001,8
2904,2,maize,3,KAS,0.4,24
2905,2,maize,1,PK,0.001,50
2905,2,maize,2,DAP,0.001,8
2905,2,maize,3,KAS,0.4,24
2906,2,maize,1,PK,0.001,50
2906,2,maize,2,DAP,0.001,8
2906,2,maize,3,KAS,0.4,24
2907,2,maize,1,PK,0.001,50
2907,2,maize,2,DAP,0.001,8
2907,2,maize,3,KAS,0.4,24
2908,2,maize,1,PK,0.001,50
2908,2,maize,2,DAP,0.001,8
2908,2,maize,3,KAS,0.4,24
2909,2,maize,1,PK,0.001,50
2909,2,maize,2,DAP,0.001,8
2909,2,maize,3,KAS,0.4,24
2910,2,maize,1,PK,0.001,50
2910,2,maize,2,DAP,0.001,8
2910,2,maize,3,KAS,0.4,24
2912,2,maize,1,PK,0.001,50
2912,2,maize,2,DAP,0.001,8
2912,2,maize,3,KAS,0.4,24
2914,2,maize,1,PK,0.001,50
2914,2,maize,2,DAP,0.001,8
2914,2,maize,3,KAS,0.4,24
2915,2,maize,1,PK,0.001,50
2915,2,maize,2,DAP,0.001,8
2915,2,maize,3,KAS,0.4,24
2919,2,maize,1,PK,0.001,50
2919,2,maize,2,DAP,0.001,8
2919,2,maize,3,KAS,0.4,24
2920,2,maize,1,PK,0.001,50
2920,2,maize,2,DAP,0.001,8
2920,2,maize,3,KAS,0.4,24
2921,2,maize,1,PK,0.001,50
2921,2,maize,2,DAP,0.001,8
2921,2,maize,3,KAS,0.4,24
2922,2,maize,1,PK,0.001,50
2922,2,maize,2,DAP,0.001,8
2922,2,maize,3,KAS,0.4,24
2929,2,maize,1,PK,0.001,50
2929,2,maize,2,DAP,0.001,8
2929,2,maize,3,KAS,0.4,24
2931,2,maize,1,PK,0.001,50
2931,2,maize,2,DAP,0.001,8
2931,2,maize,3,KAS,0.4,24
2932,2,maize,1,PK,0.001,50
2932,2,maize,2,DAP,0.001,8
2932,2,maize,3,KAS,0.4,24
2936,2,maize,1,PK,0.001,50
2936,2,maize,2,DAP,0.001,8
2936,2,maize,3,KAS,0.4,24
2939,2,maize,1,PK,0.001,50
2939,2,maize,2,DAP,0.001,8
2939,2,maize,3,KAS,0.4,24
2942,2,maize,1,PK,0.001,50
2942,2,maize,2,DAP,0.001,8
2942,2,maize,3,KAS,0.4,24
2945,2,maize,1,PK,0.001,50
2945,2,maize,2,DAP,0.001,8
2945,2,maize,3,KAS,0.4,24
2946,2,maize,1,PK,0.001,50
2946,2,maize,2,DAP,0.001,8
2946,2,maize,3,KAS,0.4,24
2947,2,maize,1,PK,0.001,50
2947,2,maize,2,DAP,0.001,8
2947,2,maize,3,KAS,0.4,24
2948,2,maize,1,PK,0.001,50
2948,2,maize,2,DAP,0.001,8
2948,2,maize,3,KAS,0.4,24
2950,2,maize,1,PK,0.001,50
2950,2,maize,2,DAP,0.001,8
2950,2,maize,3,KAS,0.4,24
2956,2,maize,1,PK,0.001,50
2956,2,maize,2,DAP,0.001,8
2956,2,maize,3,KAS,0.4,24
2957,2,maize,1,PK,0.001,50
2957,2,maize,2,DAP,0.001,8
2957,2,maize,3,KAS,0.4,24
2958,2,maize,1,PK,0.001,50
2958,2,maize,2,DAP,0.001,8
2958,2,maize,3,KAS,0.4,24
2959,2,maize,1,PK,0.001,50
2959,2,maize,2,DAP,0.001,8
2959,2,maize,3,KAS,0.4,24
2960,2,maize,1,PK,0.001,50
2960,2,maize,2,DAP,0.001,8
2960,2,maize,3,KAS,0.4,24
2961,2,maize,1,PK,0.001,50
2961,2,maize,2,DAP,0.001,8
2961,2,maize,3,KAS,0.4,24
2962,2,maize,1,PK,0.001,50
2962,2,maize,2,DAP,0.001,8
2962,2,maize,3,KAS,0.4,24
2963,2,maize,1,PK,0.001,50
2963,2,maize,2,DAP,0.001,8
2963,2,maize,3,KAS,0.4,24
2965,2,maize,1,PK,0.001,50
2965,2,maize,2,DAP,0.001,8
2965,2,maize,3,KAS,0.4,24
2966,2,maize,1,PK,0.001,50
2966,2,maize,2,DAP,0.001,8
2966,2,maize,3,KAS,0.4,24
2967,2,maize,1,PK,0.001,50
2967,2,maize,2,DAP,0.001,8
2967,2,maize,3,KAS,0.4,24
2969,2,maize,1,PK,0.001,50
2969,2,maize,2,DAP,0.001,8
2969,2,maize,3,KAS,0.4,24
2971,2,maize,1,PK,0.001,50
2971,2,maize,2,DAP,0.001,8
2971,2,maize,3,KAS,0.4,24
2972,2,maize,1,PK,0.001,50
2972,2,maize,2,DAP,0.001,8
2972,2,maize,3,KAS,0.4,24
2973,2,maize,1,PK,0.001,50
2973,2,maize,2,DAP,0.001,8
2973,2,maize,3,KAS,0.4,24
2974,2,maize,1,PK,0.001,50
2974,2,maize,2,DAP,0.001,8
2974,2,maize,3,KAS,0.4,24
2976,2,maize,1,PK,0.001,50
2976,2,maize,2,DAP,0.001,8
2976,2,maize,3,KAS,0.4,24
2977,2,maize,1,PK,0.001,50
2977,2,maize,2,DAP,0.001,8
2977,2,maize,3,KAS,0.4,24
2978,2,maize,1,PK,0.001,50
2978,2,maize,2,DAP,0.001,8
2978,2,maize,3,KAS,0.4,24
2979,2,maize,1,PK,0.001,50
2979,2,maize,2,DAP,0.001,8
2979,2,maize,3,KAS,0.4,24
2980,2,maize,1,PK,0.001,50
2980,2,maize,2,DAP,0.001,8
2980,2,maize,3,KAS,0.4,24
2981,2,maize,1,PK,0.001,50
2981,2,maize,2,DAP,0.001,8
2981,2,maize,3,KAS,0.4,24
2982,2,maize,1,PK,0.001,50
2982,2,maize,2,DAP,0.001,8
2982,2,maize,3,KAS,0.4,24
2986,2,maize,1,PK,0.001,50
2986,2,maize,2,DAP,0.001,8
2986,2,maize,3,KAS,0.4,24
2987,2,maize,1,PK,0.001,50
2987,2,maize,2,DAP,0.001,8
2987,2,maize,3,KAS,0.4,24
2988,2,maize,1,PK,0.001,50
2988,2,maize,2,DAP,0.001,8
2988,2,maize,3,KAS,0.4,24
2992,2,maize,1,PK,0.001,50
2992,2,maize,2,DAP,0.001,8
2992,2,maize,3,KAS,0.4,24
2994,2,maize,1,PK,0.001,50
2994,2,maize,2,DAP,0.001,8
2994,2,maize,3,KAS,0.4,24
2996,2,maize,1,PK,0.001,50
2996,2,maize,2,DAP,0.001,8
2996,2,maize,3,KAS,0.4,24
2998,2,maize,1,PK,0.001,50
2998,2,maize,2,DAP,0.001,8
2998,2,maize,3,KAS,0.4,24
2999,2,maize,1,PK,0.001,50
2999,2,maize,2,DAP,0.001,8
2999,2,maize,3,KAS,0.4,24
3000,2,maize,1,PK,0.001,50
3000,2,maize,2,DAP,0.001,8
3000,2,maize,3,KAS,0.4,24
3005,2,maize,1,PK,0.001,50
3005,2,maize,2,DAP,0.001,8
3005,2,maize,3,KAS,0.4,24
3007,2,maize,1,PK,0.001,50
3007,2,maize,2,DAP,0.001,8
3007,2,maize,3,KAS,0.4,24
3008,2,maize,1,PK,0.001,50
3008,2,maize,2,DAP,0.001,8
3008,2,maize,3,KAS,0.4,24
3013,2,maize,1,PK,0.001,50
3013,2,maize,2,DAP,0.001,8
3013,2,maize,3,KAS,0.4,24
3014,2,maize,1,PK,0.001,50
3014,2,maize,2,DAP,0.001,8
3014,2,maize,3,KAS,0.4,24
3016,2,maize,1,PK,0.001,50
3016,2,maize,2,DAP,0.001,8
3016,2,maize,3,KAS,0.4,24
3018,2,maize,1,PK,0.001,50
3018,2,maize,2,DAP,0.001,8
3018,2,maize,3,KAS,0.4,24
3019,2,maize,1,PK,0.001,50
3019,2,maize,2,DAP,0.001,8
3019,2,maize,3,KAS,0.4,24
3022,2,maize,1,PK,0.001,50
3022,2,maize,2,DAP,0.001,8
3022,2,maize,3,KAS,0.4,24
3023,2,maize,1,PK,0.001,50
3023,2,maize,2,DAP,0.001,8
3023,2,maize,3,KAS,0.4,24
3029,2,maize,1,PK,0.001,50
3029,2,maize,2,DAP,0.001,8
3029,2,maize,3,KAS,0.4,24
3030,2,maize,1,PK,0.001,50
3030,2,maize,2,DAP,0.001,8
3030,2,maize,3,KAS,0.4,24
3033,2,maize,1,PK,0.001,50
3033,2,maize,2,DAP,0.001,8
3033,2,maize,3,KAS,0.4,24
3034,2,maize,1,PK,0.001,50
3034,2,maize,2,DAP,0.001,8
3034,2,maize,3,KAS,0.4,24
3035,2,maize,1,PK,0.001,50
3035,2,maize,2,DAP,0.001,8
3035,2,maize,3,KAS,0.4,24
3036,2,maize,1,PK,0.001,50
3036,2,maize,2,DAP,0.001,8
3036,2,maize,3,KAS,0.4,24
3037,2,maize,1,PK,0.001,50
3037,2,maize,2,DAP,0.001,8
3037,2,maize,3,KAS,0.4,24
3038,2,maize,1,PK,0.001,50
3038,2,maize,2,DAP,0.001,8
3038,2,maize,3,KAS,0.4,24
3039,2,maize,1,PK,0.001,50
3039,2,maize,2,DAP,0.001,8
3039,2,maize,3,KAS,0.4,24
3040,2,maize,1,PK,0.001,50
3040,2,maize,2,DAP,0.001,8
3040,2,maize,3,KAS,0.4,24
3043,2,maize,1,PK,0.001,50
3043,2,maize,2,DAP,0.001,8
3043,2,maize,3,KAS,0.4,24
3045,2,maize,1,PK,0.001,50
3045,2,maize,2,DAP,0.001,8
3045,2,maize,3,KAS,0.4,24
3047,2,maize,1,PK,0.001,50
3047,2,maize,2,DAP,0.001,8
3047,2,maize,3,KAS,0.4,24
3048,2,maize,1,PK,0.001,50
3048,2,maize,2,DAP,0.001,8
3048,2,maize,3,KAS,0.4,24
3050,2,maize,1,PK,0.001,50
3050,2,maize,2,DAP,0.001,8
3050,2,maize,3,KAS,0.4,24
3051,2,maize,1,PK,0.001,50
3051,2,maize,2,DAP,0.001,8
3051,2,maize,3,KAS,0.4,24
3052,2,maize,1,PK,0.001,50
3052,2,maize,2,DAP,0.001,8
3052,2,maize,3,KAS,0.4,24
3053,2,maize,1,PK,0.001,50
3053,2,maize,2,DAP,0.001,8
3053,2,maize,3,KAS,0.4,24
3055,2,maize,1,PK,0.001,50
3055,2,maize,2,DAP,0.001,8
3055,2,maize,3,KAS,0.4,24
3056,2,maize,1,PK,0.001,50
3056,2,maize,2,DAP,0.001,8
3056,2,maize,3,KAS,0.4,24
3058,2,maize,1,PK,0.001,50
3058,2,maize,2,DAP,0.001,8
3058,2,maize,3,KAS,0.4,24
3059,2,maize,1,PK,0.001,50
3059,2,maize,2,DAP,0.001,8
3059,2,maize,3,KAS,0.4,24
3060,2,maize,1,PK,0.001,50
3060,2,maize,2,DAP,0.001,8
3060,2,maize,3,KAS,0.4,24
3062,2,maize,1,PK,0.001,50
3062,2,maize,2,DAP,0.001,8
3062,2,maize,3,KAS,0.4,24
3066,2,maize,1,PK,0.001,50
3066,2,maize,2,DAP,0.001,8
3066,2,maize,3,KAS,0.4,24
3067,2,maize,1,PK,0.001,50
3067,2,maize,2,DAP,0.001,8
3067,2,maize,3,KAS,0.4,24
3068,2,maize,1,PK,0.001,50
3068,2,maize,2,DAP,0.001,8
3068,2,maize,3,KAS,0.4,24
3069,2,maize,1,PK,0.001,50
3069,2,maize,2,DAP,0.001,8
3069,2,maize,3,KAS,0.4,24
3070,2,maize,1,PK,0.001,50
3070,2,maize,2,DAP,0.001,8
3070,2,maize,3,KAS,0.4,24
3071,2,maize,1,PK,0.001,50
3071,2,maize,2,DAP,0.001,8
3071,2,maize,3,KAS,0.4,24
3074,2,maize,1,PK,0.001,50
3074,2,maize,2,DAP,0.001,8
3074,2,maize,3,KAS,0.4,24
3076,2,maize,1,PK,0.001,50
3076,2,maize,2,DAP,0.001,8
3076,2,maize,3,KAS,0.4,24
3090,2,maize,1,PK,0.001,50
3090,2,maize,2,DAP,0.001,8
3090,2,maize,3,KAS,0.4,24
3091,2,maize,1,PK,0.001,50
3091,2,maize,2,DAP,0.001,8
3091,2,maize,3,KAS,0.4,24
3092,2,maize,1,PK,0.001,50
3092,2,maize,2,DAP,0.001,8
3092,2,maize,3,KAS,0.4,24
3093,2,maize,1,PK,0.001,50
3093,2,maize,2,DAP,0.001,8
3093,2,maize,3,KAS,0.4,24
3094,2,maize,1,PK,0.001,50
3094,2,maize,2,DAP,0.001,8
3094,2,maize,3,KAS,0.4,24
3096,2,maize,1,PK,0.001,50
3096,2,maize,2,DAP,0.001,8
3096,2,maize,3,KAS,0.4,24
3097,2,maize,1,PK,0.001,50
3097,2,maize,2,DAP,0.001,8
3097,2,maize,3,KAS,0.4,24
3098,2,maize,1,PK,0.001,50
3098,2,maize,2,DAP,0.001,8
3098,2,maize,3,KAS,0.4,24
3099,2,maize,1,PK,0.001,50
3099,2,maize,2,DAP,0.001,8
3099,2,maize,3,KAS,0.4,24
3100,2,maize,1,PK,0.001,50
3100,2,maize,2,DAP,0.001,8
3100,2,maize,3,KAS,0.4,24
3101,2,maize,1,PK,0.001,50
3101,2,maize,2,DAP,0.001,8
3101,2,maize,3,KAS,0.4,24
3102,2,maize,1,PK,0.001,50
3102,2,maize,2,DAP,0.001,8
3102,2,maize,3,KAS,0.4,24
3106,2,maize,1,PK,0.001,50
3106,2,maize,2,DAP,0.001,8
3106,2,maize,3,KAS,0.4,24
3107,2,maize,1,PK,0.001,50
3107,2,maize,2,DAP,0.001,8
3107,2,maize,3,KAS,0.4,24
3110,2,maize,1,PK,0.001,50
3110,2,maize,2,DAP,0.001,8
3110,2,maize,3,KAS,0.4,24
3112,2,maize,1,PK,0.001,50
3112,2,maize,2,DAP,0.001,8
3112,2,maize,3,KAS,0.4,24
3113,2,maize,1,PK,0.001,50
3113,2,maize,2,DAP,0.001,8
3113,2,maize,3,KAS,0.4,24
3116,2,maize,1,PK,0.001,50
3116,2,maize,2,DAP,0.001,8
3116,2,maize,3,KAS,0.4,24
3117,2,maize,1,PK,0.001,50
3117,2,maize,2,DAP,0.001,8
3117,2,maize,3,KAS,0.4,24
3118,2,maize,1,PK,0.001,50
3118,2,maize,2,DAP,0.001,8
3118,2,maize,3,KAS,0.4,24
3119,2,maize,1,PK,0.001,50
3119,2,maize,2,DAP,0.001,8
3119,2,maize,3,KAS,0.4,24
3120,2,maize,1,PK,0.001,50
3120,2,maize,2,DAP,0.001,8
3120,2,maize,3,KAS,0.4,24
3121,2,maize,1,PK,0.001,50
3121,2,maize,2,DAP,0.001,8
3121,2,maize,3,KAS,0.4,24
3126,2,maize,1,PK,0.001,50
3126,2,maize,2,DAP,0.001,8
3126,2,maize,3,KAS,0.4,24
3129,2,maize,1,PK,0.001,50
3129,2,maize,2,DAP,0.001,8
3129,2,maize,3,KAS,0.4,24
3131,2,maize,1,PK,0.001,50
3131,2,maize,2,DAP,0.001,8
3131,2,maize,3,KAS,0.4,24
3133,2,maize,1,PK,0.001,50
3133,2,maize,2,DAP,0.001,8
3133,2,maize,3,KAS,0.4,24
3134,2,maize,1,PK,0.001,50
3134,2,maize,2,DAP,0.001,8
3134,2,maize,3,KAS,0.4,24
3138,2,maize,1,PK,0.001,50
3138,2,maize,2,DAP,0.001,8
3138,2,maize,3,KAS,0.4,24
3139,2,maize,1,PK,0.001,50
3139,2,maize,2,DAP,0.001,8
3139,2,maize,3,KAS,0.4,24
3140,2,maize,1,PK,0.001,50
3140,2,maize,2,DAP,0.001,8
3140,2,maize,3,KAS,0.4,24
3143,2,maize,1,PK,0.001,50
3143,2,maize,2,DAP,0.001,8
3143,2,maize,3,KAS,0.4,24
3145,2,maize,1,PK,0.001,50
3145,2,maize,2,DAP,0.001,8
3145,2,maize,3,KAS,0.4,24
3154,2,maize,1,PK,0.001,50
3154,2,maize,2,DAP,0.001,8
3154,2,maize,3,KAS,0.4,24
3155,2,maize,1,PK,0.001,50
3155,2,maize,2,DAP,0.001,8
3155,2,maize,3,KAS,0.4,24
3158,2,maize,1,PK,0.001,50
3158,2,maize,2,DAP,0.001,8
3158,2,maize,3,KAS,0.4,24
3161,2,maize,1,PK,0.001,50
3161,2,maize,2,DAP,0.001,8
3161,2,maize,3,KAS,0.4,24
3162,2,maize,1,PK,0.001,50
3162,2,maize,2,DAP,0.001,8
3162,2,maize,3,KAS,0.4,24
3163,2,maize,1,PK,0.001,50
3163,2,maize,2,DAP,0.001,8
3163,2,maize,3,KAS,0.4,24
3164,2,maize,1,PK,0.001,50
3164,2,maize,2,DAP,0.001,8
3164,2,maize,3,KAS,0.4,24
3165,2,maize,1,PK,0.001,50
3165,2,maize,2,DAP,0.001,8
3165,2,maize,3,KAS,0.4,24
3166,2,maize,1,PK,0.001,50
3166,2,maize,2,DAP,0.001,8
3166,2,maize,3,KAS,0.4,24
3167,2,maize,1,PK,0.001,50
3167,2,maize,2,DAP,0.001,8
3167,2,maize,3,KAS,0.4,24
3169,2,maize,1,PK,0.001,50
3169,2,maize,2,DAP,0.001,8
3169,2,maize,3,KAS,0.4,24
3170,2,maize,1,PK,0.001,50
3170,2,maize,2,DAP,0.001,8
3170,2,maize,3,KAS,0.4,24
3171,2,maize,1,PK,0.001,50
3171,2,maize,2,DAP,0.001,8
3171,2,maize,3,KAS,0.4,24
3175,2,maize,1,PK,0.001,50
3175,2,maize,2,DAP,0.001,8
3175,2,maize,3,KAS,0.4,24
3176,2,maize,1,PK,0.001,50
3176,2,maize,2,DAP,0.001,8
3176,2,maize,3,KAS,0.4,24
3177,2,maize,1,PK,0.001,50
3177,2,maize,2,DAP,0.001,8
3177,2,maize,3,KAS,0.4,24
3179,2,maize,1,PK,0.001,50
3179,2,maize,2,DAP,0.001,8
3179,2,maize,3,KAS,0.4,24
3180,2,maize,1,PK,0.001,50
3180,2,maize,2,DAP,0.001,8
3180,2,maize,3,KAS,0.4,24
3181,2,maize,1,PK,0.001,50
3181,2,maize,2,DAP,0.001,8
3181,2,maize,3,KAS,0.4,24
3182,2,maize,1,PK,0.001,50
3182,2,maize,2,DAP,0.001,8
3182,2,maize,3,KAS,0.4,24
3184,2,maize,1,PK,0.001,50
3184,2,maize,2,DAP,0.001,8
3184,2,maize,3,KAS,0.4,24
3185,2,maize,1,PK,0.001,50
3185,2,maize,2,DAP,0.001,8
3185,2,maize,3,KAS,0.4,24
3186,2,maize,1,PK,0.001,50
3186,2,maize,2,DAP,0.001,8
3186,2,maize,3,KAS,0.4,24
3187,2,maize,1,PK,0.001,50
3187,2,maize,2,DAP,0.001,8
3187,2,maize,3,KAS,0.4,24
3188,2,maize,1,PK,0.001,50
3188,2,maize,2,DAP,0.001,8
3188,2,maize,3,KAS,0.4,24
3189,2,maize,1,PK,0.001,50
3189,2,maize,2,DAP,0.001,8
3189,2,maize,3,KAS,0.4,24
3193,2,maize,1,PK,0.001,50
3193,2,maize,2,DAP,0.001,8
3193,2,maize,3,KAS,0.4,24
3197,2,maize,1,PK,0.001,50
3197,2,maize,2,DAP,0.001,8
3197,2,maize,3,KAS,0.4,24
3198,2,maize,1,PK,0.001,50
3198,2,maize,2,DAP,0.001,8
3198,2,maize,3,KAS,0.4,24
3200,2,maize,1,PK,0.001,50
3200,2,maize,2,DAP,0.001,8
3200,2,maize,3,KAS,0.4,24
3203,2,maize,1,PK,0.001,50
3203,2,maize,2,DAP,0.001,8
3203,2,maize,3,KAS,0.4,24
3204,2,maize,1,PK,0.001,50
3204,2,maize,2,DAP,0.001,8
3204,2,maize,3,KAS,0.4,24
3205,2,maize,1,PK,0.001,50
3205,2,maize,2,DAP,0.001,8
3205,2,maize,3,KAS,0.4,24
3206,2,maize,1,PK,0.001,50
3206,2,maize,2,DAP,0.001,8
3206,2,maize,3,KAS,0.4,24
3207,2,maize,1,PK,0.001,50
3207,2,maize,2,DAP,0.001,8
3207,2,maize,3,KAS,0.4,24
3209,2,maize,1,PK,0.001,50
3209,2,maize,2,DAP,0.001,8
3209,2,maize,3,KAS,0.4,24
3210,2,maize,1,PK,0.001,50
3210,2,maize,2,DAP,0.001,8
3210,2,maize,3,KAS,0.4,24
3217,2,maize,1,PK,0.001,50
3217,2,maize,2,DAP,0.001,8
3217,2,maize,3,KAS,0.4,24
3218,2,maize,1,PK,0.001,50
3218,2,maize,2,DAP,0.001,8
3218,2,maize,3,KAS,0.4,24
3221,2,maize,1,PK,0.001,50
3221,2,maize,2,DAP,0.001,8
3221,2,maize,3,KAS,0.4,24
3223,2,maize,1,PK,0.001,50
3223,2,maize,2,DAP,0.001,8
3223,2,maize,3,KAS,0.4,24
3224,2,maize,1,PK,0.001,50
3224,2,maize,2,DAP,0.001,8
3224,2,maize,3,KAS,0.4,24
3228,2,maize,1,PK,0.001,50
3228,2,maize,2,DAP,0.001,8
3228,2,maize,3,KAS,0.4,24
3230,2,maize,1,PK,0.001,50
3230,2,maize,2,DAP,0.001,8
3230,2,maize,3,KAS,0.4,24
3232,2,maize,1,PK,0.001,50
3232,2,maize,2,DAP,0.001,8
3232,2,maize,3,KAS,0.4,24
3235,2,maize,1,PK,0.001,50
3235,2,maize,2,DAP,0.001,8
3235,2,maize,3,KAS,0.4,24
3238,2,maize,1,PK,0.001,50
3238,2,maize,2,DAP,0.001,8
3238,2,maize,3,KAS,0.4,24
3242,2,maize,1,PK,0.001,50
3242,2,maize,2,DAP,0.001,8
3242,2,maize,3,KAS,0.4,24
3244,2,maize,1,PK,0.001,50
3244,2,maize,2,DAP,0.001,8
3244,2,maize,3,KAS,0.4,24
3245,2,maize,1,PK,0.001,50
3245,2,maize,2,DAP,0.001,8
3245,2,maize,3,KAS,0.4,24
3248,2,maize,1,PK,0.001,50
3248,2,maize,2,DAP,0.001,8
3248,2,maize,3,KAS,0.4,24
3251,2,maize,1,PK,0.001,50
3251,2,maize,2,DAP,0.001,8
3251,2,maize,3,KAS,0.4,24
3252,2,maize,1,PK,0.001,50
3252,2,maize,2,DAP,0.001,8
3252,2,maize,3,KAS,0.4,24
3254,2,maize,1,PK,0.001,50
3254,2,maize,2,DAP,0.001,8
3254,2,maize,3,KAS,0.4,24
3255,2,maize,1,PK,0.001,50
3255,2,maize,2,DAP,0.001,8
3255,2,maize,3,KAS,0.4,24
3256,2,maize,1,PK,0.001,50
3256,2,maize,2,DAP,0.001,8
3256,2,maize,3,KAS,0.4,24
3257,2,maize,1,PK,0.001,50
3257,2,maize,2,DAP,0.001,8
3257,2,maize,3,KAS,0.4,24
3258,2,maize,1,PK,0.001,50
3258,2,maize,2,DAP,0.001,8
3258,2,maize,3,KAS,0.4,24
3260,2,maize,1,PK,0.001,50
3260,2,maize,2,DAP,0.001,8
3260,2,maize,3,KAS,0.4,24
3263,2,maize,1,PK,0.001,50
3263,2,maize,2,DAP,0.001,8
3263,2,maize,3,KAS,0.4,24
3269,2,maize,1,PK,0.001,50
3269,2,maize,2,DAP,0.001,8
3269,2,maize,3,KAS,0.4,24
3271,2,maize,1,PK,0.001,50
3271,2,maize,2,DAP,0.001,8
3271,2,maize,3,KAS,0.4,24
3272,2,maize,1,PK,0.001,50
3272,2,maize,2,DAP,0.001,8
3272,2,maize,3,KAS,0.4,24
3275,2,maize,1,PK,0.001,50
3275,2,maize,2,DAP,0.001,8
3275,2,maize,3,KAS,0.4,24
3276,2,maize,1,PK,0.001,50
3276,2,maize,2,DAP,0.001,8
3276,2,maize,3,KAS,0.4,24
3280,2,maize,1,PK,0.001,50
3280,2,maize,2,DAP,0.001,8
3280,2,maize,3,KAS,0.4,24
3282,2,maize,1,PK,0.001,50
3282,2,maize,2,DAP,0.001,8
3282,2,maize,3,KAS,0.4,24
3285,2,maize,1,PK,0.001,50
3285,2,maize,2,DAP,0.001,8
3285,2,maize,3,KAS,0.4,24
3286,2,maize,1,PK,0.001,50
3286,2,maize,2,DAP,0.001,8
3286,2,maize,3,KAS,0.4,24
3288,2,maize,1,PK,0.001,50
3288,2,maize,2,DAP,0.001,8
3288,2,maize,3,KAS,0.4,24
3289,2,maize,1,PK,0.001,50
3289,2,maize,2,DAP,0.001,8
3289,2,maize,3,KAS,0.4,24
3290,2,maize,1,PK,0.001,50
3290,2,maize,2,DAP,0.001,8
3290,2,maize,3,KAS,0.4,24
3291,2,maize,1,PK,0.001,50
3291,2,maize,2,DAP,0.001,8
3291,2,maize,3,KAS,0.4,24
3292,2,maize,1,PK,0.001,50
3292,2,maize,2,DAP,0.001,8
3292,2,maize,3,KAS,0.4,24
3293,2,maize,1,PK,0.001,50
3293,2,maize,2,DAP,0.001,8
3293,2,maize,3,KAS,0.4,24
3294,2,maize,1,PK,0.001,50
3294,2,maize,2,DAP,0.001,8
3294,2,maize,3,KAS,0.4,24
3296,2,maize,1,PK,0.001,50
3296,2,maize,2,DAP,0.001,8
3296,2,maize,3,KAS,0.4,24
3301,2,maize,1,PK,0.001,50
3301,2,maize,2,DAP,0.001,8
3301,2,maize,3,KAS,0.4,24
3307,2,maize,1,PK,0.001,50
3307,2,maize,2,DAP,0.001,8
3307,2,maize,3,KAS,0.4,24
3309,2,maize,1,PK,0.001,50
3309,2,maize,2,DAP,0.001,8
3309,2,maize,3,KAS,0.4,24
3310,2,maize,1,PK,0.001,50
3310,2,maize,2,DAP,0.001,8
3310,2,maize,3,KAS,0.4,24
3311,2,maize,1,PK,0.001,50
3311,2,maize,2,DAP,0.001,8
3311,2,maize,3,KAS,0.4,24
3313,2,maize,1,PK,0.001,50
3313,2,maize,2,DAP,0.001,8
3313,2,maize,3,KAS,0.4,24
3314,2,maize,1,PK,0.001,50
3314,2,maize,2,DAP,0.001,8
3314,2,maize,3,KAS,0.4,24
3316,2,maize,1,PK,0.001,50
3316,2,maize,2,DAP,0.001,8
3316,2,maize,3,KAS,0.4,24
3317,2,maize,1,PK,0.001,50
3317,2,maize,2,DAP,0.001,8
3317,2,maize,3,KAS,0.4,24
3318,2,maize,1,PK,0.001,50
3318,2,maize,2,DAP,0.001,8
3318,2,maize,3,KAS,0.4,24
3319,2,maize,1,PK,0.001,50
3319,2,maize,2,DAP,0.001,8
3319,2,maize,3,KAS,0.4,24
3320,2,maize,1,PK,0.001,50
3320,2,maize,2,DAP,0.001,8
3320,2,maize,3,KAS,0.4,24
3325,2,maize,1,PK,0.001,50
3325,2,maize,2,DAP,0.001,8
3325,2,maize,3,KAS,0.4,24
3327,2,maize,1,PK,0.001,50
3327,2,maize,2,DAP,0.001,8
3327,2,maize,3,KAS,0.4,24
3329,2,maize,1,PK,0.001,50
3329,2,maize,2,DAP,0.001,8
3329,2,maize,3,KAS,0.4,24
3330,2,maize,1,PK,0.001,50
3330,2,maize,2,DAP,0.001,8
3330,2,maize,3,KAS,0.4,24
3332,2,maize,1,PK,0.001,50
3332,2,maize,2,DAP,0.001,8
3332,2,maize,3,KAS,0.4,24
3335,2,maize,1,PK,0.001,50
3335,2,maize,2,DAP,0.001,8
3335,2,maize,3,KAS,0.4,24
3337,2,maize,1,PK,0.001,50
3337,2,maize,2,DAP,0.001,8
3337,2,maize,3,KAS,0.4,24
3338,2,maize,1,PK,0.001,50
3338,2,maize,2,DAP,0.001,8
3338,2,maize,3,KAS,0.4,24
3340,2,maize,1,PK,0.001,50
3340,2,maize,2,DAP,0.001,8
3340,2,maize,3,KAS,0.4,24
3343,2,maize,1,PK,0.001,50
3343,2,maize,2,DAP,0.001,8
3343,2,maize,3,KAS,0.4,24
3346,2,maize,1,PK,0.001,50
3346,2,maize,2,DAP,0.001,8
3346,2,maize,3,KAS,0.4,24
3347,2,maize,1,PK,0.001,50
3347,2,maize,2,DAP,0.001,8
3347,2,maize,3,KAS,0.4,24
3351,2,maize,1,PK,0.001,50
3351,2,maize,2,DAP,0.001,8
3351,2,maize,3,KAS,0.4,24
3353,2,maize,1,PK,0.001,50
3353,2,maize,2,DAP,0.001,8
3353,2,maize,3,KAS,0.4,24
3355,2,maize,1,PK,0.001,50
3355,2,maize,2,DAP,0.001,8
3355,2,maize,3,KAS,0.4,24
3357,2,maize,1,PK,0.001,50
3357,2,maize,2,DAP,0.001,8
3357,2,maize,3,KAS,0.4,24
3360,2,maize,1,PK,0.001,50
3360,2,maize,2,DAP,0.001,8
3360,2,maize,3,KAS,0.4,24
3363,2,maize,1,PK,0.001,50
3363,2,maize,2,DAP,0.001,8
3363,2,maize,3,KAS,0.4,24
3364,2,maize,1,PK,0.001,50
3364,2,maize,2,DAP,0.001,8
3364,2,maize,3,KAS,0.4,24
3365,2,maize,1,PK,0.001,50
3365,2,maize,2,DAP,0.001,8
3365,2,maize,3,KAS,0.4,24
3367,2,maize,1,PK,0.001,50
3367,2,maize,2,DAP,0.001,8
3367,2,maize,3,KAS,0.4,24
3370,2,maize,1,PK,0.001,50
3370,2,maize,2,DAP,0.001,8
3370,2,maize,3,KAS,0.4,24
3374,2,maize,1,PK,0.001,50
3374,2,maize,2,DAP,0.001,8
3374,2,maize,3,KAS,0.4,24
3382,2,maize,1,PK,0.001,50
3382,2,maize,2,DAP,0.001,8
3382,2,maize,3,KAS,0.4,24
3386,2,maize,1,PK,0.001,50
3386,2,maize,2,DAP,0.001,8
3386,2,maize,3,KAS,0.4,24
3387,2,maize,1,PK,0.001,50
3387,2,maize,2,DAP,0.001,8
3387,2,maize,3,KAS,0.4,24
3388,2,maize,1,PK,0.001,50
3388,2,maize,2,DAP,0.001,8
3388,2,maize,3,KAS,0.4,24
3400,2,maize,1,PK,0.001,50
3400,2,maize,2,DAP,0.001,8
3400,2,maize,3,KAS,0.4,24
3402,2,maize,1,PK,0.001,50
3402,2,maize,2,DAP,0.001,8
3402,2,maize,3,KAS,0.4,24
3404,2,maize,1,PK,0.001,50
3404,2,maize,2,DAP,0.001,8
3404,2,maize,3,KAS,0.4,24
3406,2,maize,1,PK,0.001,50
3406,2,maize,2,DAP,0.001,8
3406,2,maize,3,KAS,0.4,24
3407,2,maize,1,PK,0.001,50
3407,2,maize,2,DAP,0.001,8
3407,2,maize,3,KAS,0.4,24
3410,2,maize,1,PK,0.001,50
3410,2,maize,2,DAP,0.001,8
3410,2,maize,3,KAS,0.4,24
3411,2,maize,1,PK,0.001,50
3411,2,maize,2,DAP,0.001,8
3411,2,maize,3,KAS,0.4,24
3414,2,maize,1,PK,0.001,50
3414,2,maize,2,DAP,0.001,8
3414,2,maize,3,KAS,0.4,24
3415,2,maize,1,PK,0.001,50
3415,2,maize,2,DAP,0.001,8
3415,2,maize,3,KAS,0.4,24
3416,2,maize,1,PK,0.001,50
3416,2,maize,2,DAP,0.001,8
3416,2,maize,3,KAS,0.4,24
3418,2,maize,1,PK,0.001,50
3418,2,maize,2,DAP,0.001,8
3418,2,maize,3,KAS,0.4,24
3419,2,maize,1,PK,0.001,50
3419,2,maize,2,DAP,0.001,8
3419,2,maize,3,KAS,0.4,24
3425,2,maize,1,PK,0.001,50
3425,2,maize,2,DAP,0.001,8
3425,2,maize,3,KAS,0.4,24
3428,2,maize,1,PK,0.001,50
3428,2,maize,2,DAP,0.001,8
3428,2,maize,3,KAS,0.4,24
3433,2,maize,1,PK,0.001,50
3433,2,maize,2,DAP,0.001,8
3433,2,maize,3,KAS,0.4,24
3435,2,maize,1,PK,0.001,50
3435,2,maize,2,DAP,0.001,8
3435,2,maize,3,KAS,0.4,24
3438,2,maize,1,PK,0.001,50
3438,2,maize,2,DAP,0.001,8
3438,2,maize,3,KAS,0.4,24
3439,2,maize,1,PK,0.001,50
3439,2,maize,2,DAP,0.001,8
3439,2,maize,3,KAS,0.4,24
3440,2,maize,1,PK,0.001,50
3440,2,maize,2,DAP,0.001,8
3440,2,maize,3,KAS,0.4,24
3448,2,maize,1,PK,0.001,50
3448,2,maize,2,DAP,0.001,8
3448,2,maize,3,KAS,0.4,24
3455,2,maize,1,PK,0.001,50
3455,2,maize,2,DAP,0.001,8
3455,2,maize,3,KAS,0.4,24
3459,2,maize,1,PK,0.001,50
3459,2,maize,2,DAP,0.001,8
3459,2,maize,3,KAS,0.4,24
3462,2,maize,1,PK,0.001,50
3462,2,maize,2,DAP,0.001,8
3462,2,maize,3,KAS,0.4,24
3463,2,maize,1,PK,0.001,50
3463,2,maize,2,DAP,0.001,8
3463,2,maize,3,KAS,0.4,24
3465,2,maize,1,PK,0.001,50
3465,2,maize,2,DAP,0.001,8
3465,2,maize,3,KAS,0.4,24
3468,2,maize,1,PK,0.001,50
3468,2,maize,2,DAP,0.001,8
3468,2,maize,3,KAS,0.4,24
3469,2,maize,1,PK,0.001,50
3469,2,maize,2,DAP,0.001,8
3469,2,maize,3,KAS,0.4,24
3470,2,maize,1,PK,0.001,50
3470,2,maize,2,DAP,0.001,8
3470,2,maize,3,KAS,0.4,24
3471,2,maize,1,PK,0.001,50
3471,2,maize,2,DAP,0.001,8
3471,2,maize,3,KAS,0.4,24
3472,2,maize,1,PK,0.001,50
3472,2,maize,2,DAP,0.001,8
3472,2,maize,3,KAS,0.4,24
3473,2,maize,1,PK,0.001,50
3473,2,maize,2,DAP,0.001,8
3473,2,maize,3,KAS,0.4,24
3474,2,maize,1,PK,0.001,50
3474,2,maize,2,DAP,0.001,8
3474,2,maize,3,KAS,0.4,24
3475,2,maize,1,PK,0.001,50
3475,2,maize,2,DAP,0.001,8
3475,2,maize,3,KAS,0.4,24
3476,2,maize,1,PK,0.001,50
3476,2,maize,2,DAP,0.001,8
3476,2,maize,3,KAS,0.4,24
3478,2,maize,1,PK,0.001,50
3478,2,maize,2,DAP,0.001,8
3478,2,maize,3,KAS,0.4,24
3479,2,maize,1,PK,0.001,50
3479,2,maize,2,DAP,0.001,8
3479,2,maize,3,KAS,0.4,24
3482,2,maize,1,PK,0.001,50
3482,2,maize,2,DAP,0.001,8
3482,2,maize,3,KAS,0.4,24
3483,2,maize,1,PK,0.001,50
3483,2,maize,2,DAP,0.001,8
3483,2,maize,3,KAS,0.4,24
3486,2,maize,1,PK,0.001,50
3486,2,maize,2,DAP,0.001,8
3486,2,maize,3,KAS,0.4,24
3487,2,maize,1,PK,0.001,50
3487,2,maize,2,DAP,0.001,8
3487,2,maize,3,KAS,0.4,24
3489,2,maize,1,PK,0.001,50
3489,2,maize,2,DAP,0.001,8
3489,2,maize,3,KAS,0.4,24
3492,2,maize,1,PK,0.001,50
3492,2,maize,2,DAP,0.001,8
3492,2,maize,3,KAS,0.4,24
3494,2,maize,1,PK,0.001,50
3494,2,maize,2,DAP,0.001,8
3494,2,maize,3,KAS,0.4,24
3496,2,maize,1,PK,0.001,50
3496,2,maize,2,DAP,0.001,8
3496,2,maize,3,KAS,0.4,24
3498,2,maize,1,PK,0.001,50
3498,2,maize,2,DAP,0.001,8
3498,2,maize,3,KAS,0.4,24
3499,2,maize,1,PK,0.001,50
3499,2,maize,2,DAP,0.001,8
3499,2,maize,3,KAS,0.4,24
3500,2,maize,1,PK,0.001,50
3500,2,maize,2,DAP,0.001,8
3500,2,maize,3,KAS,0.4,24
3502,2,maize,1,PK,0.001,50
3502,2,maize,2,DAP,0.001,8
3502,2,maize,3,KAS,0.4,24
3503,2,maize,1,PK,0.001,50
3503,2,maize,2,DAP,0.001,8
3503,2,maize,3,KAS,0.4,24
3504,2,maize,1,PK,0.001,50
3504,2,maize,2,DAP,0.001,8
3504,2,maize,3,KAS,0.4,24
3507,2,maize,1,PK,0.001,50
3507,2,maize,2,DAP,0.001,8
3507,2,maize,3,KAS,0.4,24
3511,2,maize,1,PK,0.001,50
3511,2,maize,2,DAP,0.001,8
3511,2,maize,3,KAS,0.4,24
3512,2,maize,1,PK,0.001,50
3512,2,maize,2,DAP,0.001,8
3512,2,maize,3,KAS,0.4,24
3514,2,maize,1,PK,0.001,50
3514,2,maize,2,DAP,0.001,8
3514,2,maize,3,KAS,0.4,24
3518,2,maize,1,PK,0.001,50
3518,2,maize,2,DAP,0.001,8
3518,2,maize,3,KAS,0.4,24
3520,2,maize,1,PK,0.001,50
3520,2,maize,2,DAP,0.001,8
3520,2,maize,3,KAS,0.4,24
3525,2,maize,1,PK,0.001,50
3525,2,maize,2,DAP,0.001,8
3525,2,maize,3,KAS,0.4,24
3526,2,maize,1,PK,0.001,50
3526,2,maize,2,DAP,0.001,8
3526,2,maize,3,KAS,0.4,24
3529,2,maize,1,PK,0.001,50
3529,2,maize,2,DAP,0.001,8
3529,2,maize,3,KAS,0.4,24
3531,2,maize,1,PK,0.001,50
3531,2,maize,2,DAP,0.001,8
3531,2,maize,3,KAS,0.4,24
3532,2,maize,1,PK,0.001,50
3532,2,maize,2,DAP,0.001,8
3532,2,maize,3,KAS,0.4,24
3537,2,maize,1,PK,0.001,50
3537,2,maize,2,DAP,0.001,8
3537,2,maize,3,KAS,0.4,24
3538,2,maize,1,PK,0.001,50
3538,2,maize,2,DAP,0.001,8
3538,2,maize,3,KAS,0.4,24
3539,2,maize,1,PK,0.001,50
3539,2,maize,2,DAP,0.001,8
3539,2,maize,3,KAS,0.4,24
3542,2,maize,1,PK,0.001,50
3542,2,maize,2,DAP,0.001,8
3542,2,maize,3,KAS,0.4,24
3544,2,maize,1,PK,0.001,50
3544,2,maize,2,DAP,0.001,8
3544,2,maize,3,KAS,0.4,24
3545,2,maize,1,PK,0.001,50
3545,2,maize,2,DAP,0.001,8
3545,2,maize,3,KAS,0.4,24
3546,2,maize,1,PK,0.001,50
3546,2,maize,2,DAP,0.001,8
3546,2,maize,3,KAS,0.4,24
3549,2,maize,1,PK,0.001,50
3549,2,maize,2,DAP,0.001,8
3549,2,maize,3,KAS,0.4,24
3551,2,maize,1,PK,0.001,50
3551,2,maize,2,DAP,0.001,8
3551,2,maize,3,KAS,0.4,24
3552,2,maize,1,PK,0.001,50
3552,2,maize,2,DAP,0.001,8
3552,2,maize,3,KAS,0.4,24
3553,2,maize,1,PK,0.001,50
3553,2,maize,2,DAP,0.001,8
3553,2,maize,3,KAS,0.4,24
3559,2,maize,1,PK,0.001,50
3559,2,maize,2,DAP,0.001,8
3559,2,maize,3,KAS,0.4,24
3562,2,maize,1,PK,0.001,50
3562,2,maize,2,DAP,0.001,8
3562,2,maize,3,KAS,0.4,24
3563,2,maize,1,PK,0.001,50
3563,2,maize,2,DAP,0.001,8
3563,2,maize,3,KAS,0.4,24
3564,2,maize,1,PK,0.001,50
3564,2,maize,2,DAP,0.001,8
3564,2,maize,3,KAS,0.4,24
3565,2,maize,1,PK,0.001,50
3565,2,maize,2,DAP,0.001,8
3565,2,maize,3,KAS,0.4,24
3570,2,maize,1,PK,0.001,50
3570,2,maize,2,DAP,0.001,8
3570,2,maize,3,KAS,0.4,24
3574,2,maize,1,PK,0.001,50
3574,2,maize,2,DAP,0.001,8
3574,2,maize,3,KAS,0.4,24
3575,2,maize,1,PK,0.001,50
3575,2,maize,2,DAP,0.001,8
3575,2,maize,3,KAS,0.4,24
3579,2,maize,1,PK,0.001,50
3579,2,maize,2,DAP,0.001,8
3579,2,maize,3,KAS,0.4,24
3580,2,maize,1,PK,0.001,50
3580,2,maize,2,DAP,0.001,8
3580,2,maize,3,KAS,0.4,24
3581,2,maize,1,PK,0.001,50
3581,2,maize,2,DAP,0.001,8
3581,2,maize,3,KAS,0.4,24
3586,2,maize,1,PK,0.001,50
3586,2,maize,2,DAP,0.001,8
3586,2,maize,3,KAS,0.4,24
3588,2,maize,1,PK,0.001,50
3588,2,maize,2,DAP,0.001,8
3588,2,maize,3,KAS,0.4,24
3589,2,maize,1,PK,0.001,50
3589,2,maize,2,DAP,0.001,8
3589,2,maize,3,KAS,0.4,24
3591,2,maize,1,PK,0.001,50
3591,2,maize,2,DAP,0.001,8
3591,2,maize,3,KAS,0.4,24
3593,2,maize,1,PK,0.001,50
3593,2,maize,2,DAP,0.001,8
3593,2,maize,3,KAS,0.4,24
3594,2,maize,1,PK,0.001,50
3594,2,maize,2,DAP,0.001,8
3594,2,maize,3,KAS,0.4,24
3596,2,maize,1,PK,0.001,50
3596,2,maize,2,DAP,0.001,8
3596,2,maize,3,KAS,0.4,24
3599,2,maize,1,PK,0.001,50
3599,2,maize,2,DAP,0.001,8
3599,2,maize,3,KAS,0.4,24
3602,2,maize,1,PK,0.001,50
3602,2,maize,2,DAP,0.001,8
3602,2,maize,3,KAS,0.4,24
3606,2,maize,1,PK,0.001,50
3606,2,maize,2,DAP,0.001,8
3606,2,maize,3,KAS,0.4,24
3607,2,maize,1,PK,0.001,50
3607,2,maize,2,DAP,0.001,8
3607,2,maize,3,KAS,0.4,24
3609,2,maize,1,PK,0.001,50
3609,2,maize,2,DAP,0.001,8
3609,2,maize,3,KAS,0.4,24
3610,2,maize,1,PK,0.001,50
3610,2,maize,2,DAP,0.001,8
3610,2,maize,3,KAS,0.4,24
3612,2,maize,1,PK,0.001,50
3612,2,maize,2,DAP,0.001,8
3612,2,maize,3,KAS,0.4,24
3615,2,maize,1,PK,0.001,50
3615,2,maize,2,DAP,0.001,8
3615,2,maize,3,KAS,0.4,24
3617,2,maize,1,PK,0.001,50
3617,2,maize,2,DAP,0.001,8
3617,2,maize,3,KAS,0.4,24
3622,2,maize,1,PK,0.001,50
3622,2,maize,2,DAP,0.001,8
3622,2,maize,3,KAS,0.4,24
3624,2,maize,1,PK,0.001,50
3624,2,maize,2,DAP,0.001,8
3624,2,maize,3,KAS,0.4,24
3625,2,maize,1,PK,0.001,50
3625,2,maize,2,DAP,0.001,8
3625,2,maize,3,KAS,0.4,24
3627,2,maize,1,PK,0.001,50
3627,2,maize,2,DAP,0.001,8
3627,2,maize,3,KAS,0.4,24
3632,2,maize,1,PK,0.001,50
3632,2,maize,2,DAP,0.001,8
3632,2,maize,3,KAS,0.4,24
3634,2,maize,1,PK,0.001,50
3634,2,maize,2,DAP,0.001,8
3634,2,maize,3,KAS,0.4,24
3635,2,maize,1,PK,0.001,50
3635,2,maize,2,DAP,0.001,8
3635,2,maize,3,KAS,0.4,24
3636,2,maize,1,PK,0.001,50
3636,2,maize,2,DAP,0.001,8
3636,2,maize,3,KAS,0.4,24
3646,2,maize,1,PK,0.001,50
3646,2,maize,2,DAP,0.001,8
3646,2,maize,3,KAS,0.4,24
3647,2,maize,1,PK,0.001,50
3647,2,maize,2,DAP,0.001,8
3647,2,maize,3,KAS,0.4,24
3649,2,maize,1,PK,0.001,50
3649,2,maize,2,DAP,0.001,8
3649,2,maize,3,KAS,0.4,24
3651,2,maize,1,PK,0.001,50
3651,2,maize,2,DAP,0.001,8
3651,2,maize,3,KAS,0.4,24
3652,2,maize,1,PK,0.001,50
3652,2,maize,2,DAP,0.001,8
3652,2,maize,3,KAS,0.4,24
3654,2,maize,1,PK,0.001,50
3654,2,maize,2,DAP,0.001,8
3654,2,maize,3,KAS,0.4,24
3658,2,maize,1,PK,0.001,50
3658,2,maize,2,DAP,0.001,8
3658,2,maize,3,KAS,0.4,24
3659,2,maize,1,PK,0.001,50
3659,2,maize,2,DAP,0.001,8
3659,2,maize,3,KAS,0.4,24
3660,2,maize,1,PK,0.001,50
3660,2,maize,2,DAP,0.001,8
3660,2,maize,3,KAS,0.4,24
3663,2,maize,1,PK,0.001,50
3663,2,maize,2,DAP,0.001,8
3663,2,maize,3,KAS,0.4,24
3664,2,maize,1,PK,0.001,50
3664,2,maize,2,DAP,0.001,8
3664,2,maize,3,KAS,0.4,24
3666,2,maize,1,PK,0.001,50
3666,2,maize,2,DAP,0.001,8
3666,2,maize,3,KAS,0.4,24
3671,2,maize,1,PK,0.001,50
3671,2,maize,2,DAP,0.001,8
3671,2,maize,3,KAS,0.4,24
3673,2,maize,1,PK,0.001,50
3673,2,maize,2,DAP,0.001,8
3673,2,maize,3,KAS,0.4,24
3676,2,maize,1,PK,0.001,50
3676,2,maize,2,DAP,0.001,8
3676,2,maize,3,KAS,0.4,24
3685,2,maize,1,PK,0.001,50
3685,2,maize,2,DAP,0.001,8
3685,2,maize,3,KAS,0.4,24
3686,2,maize,1,PK,0.001,50
3686,2,maize,2,DAP,0.001,8
3686,2,maize,3,KAS,0.4,24
3688,2,maize,1,PK,0.001,50
3688,2,maize,2,DAP,0.001,8
3688,2,maize,3,KAS,0.4,24
3689,2,maize,1,PK,0.001,50
3689,2,maize,2,DAP,0.001,8
3689,2,maize,3,KAS,0.4,24
3691,2,maize,1,PK,0.001,50
3691,2,maize,2,DAP,0.001,8
3691,2,maize,3,KAS,0.4,24
3696,2,maize,1,PK,0.001,50
3696,2,maize,2,DAP,0.001,8
3696,2,maize,3,KAS,0.4,24
3697,2,maize,1,PK,0.001,50
3697,2,maize,2,DAP,0.001,8
3697,2,maize,3,KAS,0.4,24
3698,2,maize,1,PK,0.001,50
3698,2,maize,2,DAP,0.001,8
3698,2,maize,3,KAS,0.4,24
3699,2,maize,1,PK,0.001,50
3699,2,maize,2,DAP,0.001,8
3699,2,maize,3,KAS,0.4,24
3700,2,maize,1,PK,0.001,50
3700,2,maize,2,DAP,0.001,8
3700,2,maize,3,KAS,0.4,24
3702,2,maize,1,PK,0.001,50
3702,2,maize,2,DAP,0.001,8
3702,2,maize,3,KAS,0.4,24
3704,2,maize,1,PK,0.001,50
3704,2,maize,2,DAP,0.001,8
3704,2,maize,3,KAS,0.4,24
3705,2,maize,1,PK,0.001,50
3705,2,maize,2,DAP,0.001,8
3705,2,maize,3,KAS,0.4,24
3706,2,maize,1,PK,0.001,50
3706,2,maize,2,DAP,0.001,8
3706,2,maize,3,KAS,0.4,24
3707,2,maize,1,PK,0.001,50
3707,2,maize,2,DAP,0.001,8
3707,2,maize,3,KAS,0.4,24
3708,2,maize,1,PK,0.001,50
3708,2,maize,2,DAP,0.001,8
3708,2,maize,3,KAS,0.4,24
3709,2,maize,1,PK,0.001,50
3709,2,maize,2,DAP,0.001,8
3709,2,maize,3,KAS,0.4,24
3710,2,maize,1,PK,0.001,50
3710,2,maize,2,DAP,0.001,8
3710,2,maize,3,KAS,0.4,24
3711,2,maize,1,PK,0.001,50
3711,2,maize,2,DAP,0.001,8
3711,2,maize,3,KAS,0.4,24
3712,2,maize,1,PK,0.001,50
3712,2,maize,2,DAP,0.001,8
3712,2,maize,3,KAS,0.4,24
3714,2,maize,1,PK,0.001,50
3714,2,maize,2,DAP,0.001,8
3714,2,maize,3,KAS,0.4,24
3718,2,maize,1,PK,0.001,50
3718,2,maize,2,DAP,0.001,8
3718,2,maize,3,KAS,0.4,24
3722,2,maize,1,PK,0.001,50
3722,2,maize,2,DAP,0.001,8
3722,2,maize,3,KAS,0.4,24
3723,2,maize,1,PK,0.001,50
3723,2,maize,2,DAP,0.001,8
3723,2,maize,3,KAS,0.4,24
3724,2,maize,1,PK,0.001,50
3724,2,maize,2,DAP,0.001,8
3724,2,maize,3,KAS,0.4,24
3726,2,maize,1,PK,0.001,50
3726,2,maize,2,DAP,0.001,8
3726,2,maize,3,KAS,0.4,24
3727,2,maize,1,PK,0.001,50
3727,2,maize,2,DAP,0.001,8
3727,2,maize,3,KAS,0.4,24
3728,2,maize,1,PK,0.001,50
3728,2,maize,2,DAP,0.001,8
3728,2,maize,3,KAS,0.4,24
3729,2,maize,1,PK,0.001,50
3729,2,maize,2,DAP,0.001,8
3729,2,maize,3,KAS,0.4,24
3737,2,maize,1,PK,0.001,50
3737,2,maize,2,DAP,0.001,8
3737,2,maize,3,KAS,0.4,24
3739,2,maize,1,PK,0.001,50
3739,2,maize,2,DAP,0.001,8
3739,2,maize,3,KAS,0.4,24
3748,2,maize,1,PK,0.001,50
3748,2,maize,2,DAP,0.001,8
3748,2,maize,3,KAS,0.4,24
3751,2,maize,1,PK,0.001,50
3751,2,maize,2,DAP,0.001,8
3751,2,maize,3,KAS,0.4,24
3752,2,maize,1,PK,0.001,50
3752,2,maize,2,DAP,0.001,8
3752,2,maize,3,KAS,0.4,24
3753,2,maize,1,PK,0.001,50
3753,2,maize,2,DAP,0.001,8
3753,2,maize,3,KAS,0.4,24
3754,2,maize,1,PK,0.001,50
3754,2,maize,2,DAP,0.001,8
3754,2,maize,3,KAS,0.4,24
3756,2,maize,1,PK,0.001,50
3756,2,maize,2,DAP,0.001,8
3756,2,maize,3,KAS,0.4,24
3760,2,maize,1,PK,0.001,50
3760,2,maize,2,DAP,0.001,8
3760,2,maize,3,KAS,0.4,24
3761,2,maize,1,PK,0.001,50
3761,2,maize,2,DAP,0.001,8
3761,2,maize,3,KAS,0.4,24
3763,2,maize,1,PK,0.001,50
3763,2,maize,2,DAP,0.001,8
3763,2,maize,3,KAS,0.4,24
3766,2,maize,1,PK,0.001,50
3766,2,maize,2,DAP,0.001,8
3766,2,maize,3,KAS,0.4,24
3767,2,maize,1,PK,0.001,50
3767,2,maize,2,DAP,0.001,8
3767,2,maize,3,KAS,0.4,24
3771,2,maize,1,PK,0.001,50
3771,2,maize,2,DAP,0.001,8
3771,2,maize,3,KAS,0.4,24
3773,2,maize,1,PK,0.001,50
3773,2,maize,2,DAP,0.001,8
3773,2,maize,3,KAS,0.4,24
3774,2,maize,1,PK,0.001,50
3774,2,maize,2,DAP,0.001,8
3774,2,maize,3,KAS,0.4,24
3776,2,maize,1,PK,0.001,50
3776,2,maize,2,DAP,0.001,8
3776,2,maize,3,KAS,0.4,24
3784,2,maize,1,PK,0.001,50
3784,2,maize,2,DAP,0.001,8
3784,2,maize,3,KAS,0.4,24
3785,2,maize,1,PK,0.001,50
3785,2,maize,2,DAP,0.001,8
3785,2,maize,3,KAS,0.4,24
3790,2,maize,1,PK,0.001,50
3790,2,maize,2,DAP,0.001,8
3790,2,maize,3,KAS,0.4,24
3792,2,maize,1,PK,0.001,50
3792,2,maize,2,DAP,0.001,8
3792,2,maize,3,KAS,0.4,24
3793,2,maize,1,PK,0.001,50
3793,2,maize,2,DAP,0.001,8
3793,2,maize,3,KAS,0.4,24
3795,2,maize,1,PK,0.001,50
3795,2,maize,2,DAP,0.001,8
3795,2,maize,3,KAS,0.4,24
3801,2,maize,1,PK,0.001,50
3801,2,maize,2,DAP,0.001,8
3801,2,maize,3,KAS,0.4,24
3805,2,maize,1,PK,0.001,50
3805,2,maize,2,DAP,0.001,8
3805,2,maize,3,KAS,0.4,24
3806,2,maize,1,PK,0.001,50
3806,2,maize,2,DAP,0.001,8
3806,2,maize,3,KAS,0.4,24
3808,2,maize,1,PK,0.001,50
3808,2,maize,2,DAP,0.001,8
3808,2,maize,3,KAS,0.4,24
3809,2,maize,1,PK,0.001,50
3809,2,maize,2,DAP,0.001,8
3809,2,maize,3,KAS,0.4,24
3810,2,maize,1,PK,0.001,50
3810,2,maize,2,DAP,0.001,8
3810,2,maize,3,KAS,0.4,24
3811,2,maize,1,PK,0.001,50
3811,2,maize,2,DAP,0.001,8
3811,2,maize,3,KAS,0.4,24
3812,2,maize,1,PK,0.001,50
3812,2,maize,2,DAP,0.001,8
3812,2,maize,3,KAS,0.4,24
3813,2,maize,1,PK,0.001,50
3813,2,maize,2,DAP,0.001,8
3813,2,maize,3,KAS,0.4,24
3816,2,maize,1,PK,0.001,50
3816,2,maize,2,DAP,0.001,8
3816,2,maize,3,KAS,0.4,24
3819,2,maize,1,PK,0.001,50
3819,2,maize,2,DAP,0.001,8
3819,2,maize,3,KAS,0.4,24
3820,2,maize,1,PK,0.001,50
3820,2,maize,2,DAP,0.001,8
3820,2,maize,3,KAS,0.4,24
3822,2,maize,1,PK,0.001,50
3822,2,maize,2,DAP,0.001,8
3822,2,maize,3,KAS,0.4,24
3826,2,maize,1,PK,0.001,50
3826,2,maize,2,DAP,0.001,8
3826,2,maize,3,KAS,0.4,24
3828,2,maize,1,PK,0.001,50
3828,2,maize,2,DAP,0.001,8
3828,2,maize,3,KAS,0.4,24
3831,2,maize,1,PK,0.001,50
3831,2,maize,2,DAP,0.001,8
3831,2,maize,3,KAS,0.4,24
3832,2,maize,1,PK,0.001,50
3832,2,maize,2,DAP,0.001,8
3832,2,maize,3,KAS,0.4,24
3834,2,maize,1,PK,0.001,50
3834,2,maize,2,DAP,0.001,8
3834,2,maize,3,KAS,0.4,24
3835,2,maize,1,PK,0.001,50
3835,2,maize,2,DAP,0.001,8
3835,2,maize,3,KAS,0.4,24
3836,2,maize,1,PK,0.001,50
3836,2,maize,2,DAP,0.001,8
3836,2,maize,3,KAS,0.4,24
3840,2,maize,1,PK,0.001,50
3840,2,maize,2,DAP,0.001,8
3840,2,maize,3,KAS,0.4,24
3842,2,maize,1,PK,0.001,50
3842,2,maize,2,DAP,0.001,8
3842,2,maize,3,KAS,0.4,24
3843,2,maize,1,PK,0.001,50
3843,2,maize,2,DAP,0.001,8
3843,2,maize,3,KAS,0.4,24
3845,2,maize,1,PK,0.001,50
3845,2,maize,2,DAP,0.001,8
3845,2,maize,3,KAS,0.4,24
3848,2,maize,1,PK,0.001,50
3848,2,maize,2,DAP,0.001,8
3848,2,maize,3,KAS,0.4,24
3854,2,maize,1,PK,0.001,50
3854,2,maize,2,DAP,0.001,8
3854,2,maize,3,KAS,0.4,24
3855,2,maize,1,PK,0.001,50
3855,2,maize,2,DAP,0.001,8
3855,2,maize,3,KAS,0.4,24
3860,2,maize,1,PK,0.001,50
3860,2,maize,2,DAP,0.001,8
3860,2,maize,3,KAS,0.4,24
3861,2,maize,1,PK,0.001,50
3861,2,maize,2,DAP,0.001,8
3861,2,maize,3,KAS,0.4,24
3863,2,maize,1,PK,0.001,50
3863,2,maize,2,DAP,0.001,8
3863,2,maize,3,KAS,0.4,24
3864,2,maize,1,PK,0.001,50
3864,2,maize,2,DAP,0.001,8
3864,2,maize,3,KAS,0.4,24
3865,2,maize,1,PK,0.001,50
3865,2,maize,2,DAP,0.001,8
3865,2,maize,3,KAS,0.4,24
3866,2,maize,1,PK,0.001,50
3866,2,maize,2,DAP,0.001,8
3866,2,maize,3,KAS,0.4,24
3869,2,maize,1,PK,0.001,50
3869,2,maize,2,DAP,0.001,8
3869,2,maize,3,KAS,0.4,24
3870,2,maize,1,PK,0.001,50
3870,2,maize,2,DAP,0.001,8
3870,2,maize,3,KAS,0.4,24
3873,2,maize,1,PK,0.001,50
3873,2,maize,2,DAP,0.001,8
3873,2,maize,3,KAS,0.4,24
3874,2,maize,1,PK,0.001,50
3874,2,maize,2,DAP,0.001,8
3874,2,maize,3,KAS,0.4,24
3876,2,maize,1,PK,0.001,50
3876,2,maize,2,DAP,0.001,8
3876,2,maize,3,KAS,0.4,24
3880,2,maize,1,PK,0.001,50
3880,2,maize,2,DAP,0.001,8
3880,2,maize,3,KAS,0.4,24
3885,2,maize,1,PK,0.001,50
3885,2,maize,2,DAP,0.001,8
3885,2,maize,3,KAS,0.4,24
3892,2,maize,1,PK,0.001,50
3892,2,maize,2,DAP,0.001,8
3892,2,maize,3,KAS,0.4,24
3893,2,maize,1,PK,0.001,50
3893,2,maize,2,DAP,0.001,8
3893,2,maize,3,KAS,0.4,24
3896,2,maize,1,PK,0.001,50
3896,2,maize,2,DAP,0.001,8
3896,2,maize,3,KAS,0.4,24
3898,2,maize,1,PK,0.001,50
3898,2,maize,2,DAP,0.001,8
3898,2,maize,3,KAS,0.4,24
3899,2,maize,1,PK,0.001,50
3899,2,maize,2,DAP,0.001,8
3899,2,maize,3,KAS,0.4,24
3900,2,maize,1,PK,0.001,50
3900,2,maize,2,DAP,0.001,8
3900,2,maize,3,KAS,0.4,24
3901,2,maize,1,PK,0.001,50
3901,2,maize,2,DAP,0.001,8
3901,2,maize,3,KAS,0.4,24
3902,2,maize,1,PK,0.001,50
3902,2,maize,2,DAP,0.001,8
3902,2,maize,3,KAS,0.4,24
3905,2,maize,1,PK,0.001,50
3905,2,maize,2,DAP,0.001,8
3905,2,maize,3,KAS,0.4,24
3906,2,maize,1,PK,0.001,50
3906,2,maize,2,DAP,0.001,8
3906,2,maize,3,KAS,0.4,24
3907,2,maize,1,PK,0.001,50
3907,2,maize,2,DAP,0.001,8
3907,2,maize,3,KAS,0.4,24
3908,2,maize,1,PK,0.001,50
3908,2,maize,2,DAP,0.001,8
3908,2,maize,3,KAS,0.4,24
3909,2,maize,1,PK,0.001,50
3909,2,maize,2,DAP,0.001,8
3909,2,maize,3,KAS,0.4,24
3914,2,maize,1,PK,0.001,50
3914,2,maize,2,DAP,0.001,8
3914,2,maize,3,KAS,0.4,24
3915,2,maize,1,PK,0.001,50
3915,2,maize,2,DAP,0.001,8
3915,2,maize,3,KAS,0.4,24
3916,2,maize,1,PK,0.001,50
3916,2,maize,2,DAP,0.001,8
3916,2,maize,3,KAS,0.4,24
3918,2,maize,1,PK,0.001,50
3918,2,maize,2,DAP,0.001,8
3918,2,maize,3,KAS,0.4,24
3919,2,maize,1,PK,0.001,50
3919,2,maize,2,DAP,0.001,8
3919,2,maize,3,KAS,0.4,24
3921,2,maize,1,PK,0.001,50
3921,2,maize,2,DAP,0.001,8
3921,2,maize,3,KAS,0.4,24
3924,2,maize,1,PK,0.001,50
3924,2,maize,2,DAP,0.001,8
3924,2,maize,3,KAS,0.4,24
3925,2,maize,1,PK,0.001,50
3925,2,maize,2,DAP,0.001,8
3925,2,maize,3,KAS,0.4,24
3927,2,maize,1,PK,0.001,50
3927,2,maize,2,DAP,0.001,8
3927,2,maize,3,KAS,0.4,24
3931,2,maize,1,PK,0.001,50
3931,2,maize,2,DAP,0.001,8
3931,2,maize,3,KAS,0.4,24
3932,2,maize,1,PK,0.001,50
3932,2,maize,2,DAP,0.001,8
3932,2,maize,3,KAS,0.4,24
3933,2,maize,1,PK,0.001,50
3933,2,maize,2,DAP,0.001,8
3933,2,maize,3,KAS,0.4,24
3934,2,maize,1,PK,0.001,50
3934,2,maize,2,DAP,0.001,8
3934,2,maize,3,KAS,0.4,24
3935,2,maize,1,PK,0.001,50
3935,2,maize,2,DAP,0.001,8
3935,2,maize,3,KAS,0.4,24
3936,2,maize,1,PK,0.001,50
3936,2,maize,2,DAP,0.001,8
3936,2,maize,3,KAS,0.4,24
3937,2,maize,1,PK,0.001,50
3937,2,maize,2,DAP,0.001,8
3937,2,maize,3,KAS,0.4,24
3938,2,maize,1,PK,0.001,50
3938,2,maize,2,DAP,0.001,8
3938,2,maize,3,KAS,0.4,24
3939,2,maize,1,PK,0.001,50
3939,2,maize,2,DAP,0.001,8
3939,2,maize,3,KAS,0.4,24
3940,2,maize,1,PK,0.001,50
3940,2,maize,2,DAP,0.001,8
3940,2,maize,3,KAS,0.4,24
3941,2,maize,1,PK,0.001,50
3941,2,maize,2,DAP,0.001,8
3941,2,maize,3,KAS,0.4,24
3946,2,maize,1,PK,0.001,50
3946,2,maize,2,DAP,0.001,8
3946,2,maize,3,KAS,0.4,24
3947,2,maize,1,PK,0.001,50
3947,2,maize,2,DAP,0.001,8
3947,2,maize,3,KAS,0.4,24
3948,2,maize,1,PK,0.001,50
3948,2,maize,2,DAP,0.001,8
3948,2,maize,3,KAS,0.4,24
3950,2,maize,1,PK,0.001,50
3950,2,maize,2,DAP,0.001,8
3950,2,maize,3,KAS,0.4,24
3952,2,maize,1,PK,0.001,50
3952,2,maize,2,DAP,0.001,8
3952,2,maize,3,KAS,0.4,24
3953,2,maize,1,PK,0.001,50
3953,2,maize,2,DAP,0.001,8
3953,2,maize,3,KAS,0.4,24
3954,2,maize,1,PK,0.001,50
3954,2,maize,2,DAP,0.001,8
3954,2,maize,3,KAS,0.4,24
3958,2,maize,1,PK,0.001,50
3958,2,maize,2,DAP,0.001,8
3958,2,maize,3,KAS,0.4,24
3959,2,maize,1,PK,0.001,50
3959,2,maize,2,DAP,0.001,8
3959,2,maize,3,KAS,0.4,24
3961,2,maize,1,PK,0.001,50
3961,2,maize,2,DAP,0.001,8
3961,2,maize,3,KAS,0.4,24
3963,2,maize,1,PK,0.001,50
3963,2,maize,2,DAP,0.001,8
3963,2,maize,3,KAS,0.4,24
3965,2,maize,1,PK,0.001,50
3965,2,maize,2,DAP,0.001,8
3965,2,maize,3,KAS,0.4,24
3966,2,maize,1,PK,0.001,50
3966,2,maize,2,DAP,0.001,8
3966,2,maize,3,KAS,0.4,24
3968,2,maize,1,PK,0.001,50
3968,2,maize,2,DAP,0.001,8
3968,2,maize,3,KAS,0.4,24
3970,2,maize,1,PK,0.001,50
3970,2,maize,2,DAP,0.001,8
3970,2,maize,3,KAS,0.4,24
3972,2,maize,1,PK,0.001,50
3972,2,maize,2,DAP,0.001,8
3972,2,maize,3,KAS,0.4,24
3974,2,maize,1,PK,0.001,50
3974,2,maize,2,DAP,0.001,8
3974,2,maize,3,KAS,0.4,24
3975,2,maize,1,PK,0.001,50
3975,2,maize,2,DAP,0.001,8
3975,2,maize,3,KAS,0.4,24
3978,2,maize,1,PK,0.001,50
3978,2,maize,2,DAP,0.001,8
3978,2,maize,3,KAS,0.4,24
3979,2,maize,1,PK,0.001,50
3979,2,maize,2,DAP,0.001,8
3979,2,maize,3,KAS,0.4,24
3984,2,maize,1,PK,0.001,50
3984,2,maize,2,DAP,0.001,8
3984,2,maize,3,KAS,0.4,24
3985,2,maize,1,PK,0.001,50
3985,2,maize,2,DAP,0.001,8
3985,2,maize,3,KAS,0.4,24
3986,2,maize,1,PK,0.001,50
3986,2,maize,2,DAP,0.001,8
3986,2,maize,3,KAS,0.4,24
3987,2,maize,1,PK,0.001,50
3987,2,maize,2,DAP,0.001,8
3987,2,maize,3,KAS,0.4,24
3988,2,maize,1,PK,0.001,50
3988,2,maize,2,DAP,0.001,8
3988,2,maize,3,KAS,0.4,24
3990,2,maize,1,PK,0.001,50
3990,2,maize,2,DAP,0.001,8
3990,2,maize,3,KAS,0.4,24
3998,2,maize,1,PK,0.001,50
3998,2,maize,2,DAP,0.001,8
3998,2,maize,3,KAS,0.4,24
4002,2,maize,1,PK,0.001,50
4002,2,maize,2,DAP,0.001,8
4002,2,maize,3,KAS,0.4,24
4003,2,maize,1,PK,0.001,50
4003,2,maize,2,DAP,0.001,8
4003,2,maize,3,KAS,0.4,24
4006,2,maize,1,PK,0.001,50
4006,2,maize,2,DAP,0.001,8
4006,2,maize,3,KAS,0.4,24
4008,2,maize,1,PK,0.001,50
4008,2,maize,2,DAP,0.001,8
4008,2,maize,3,KAS,0.4,24
4009,2,maize,1,PK,0.001,50
4009,2,maize,2,DAP,0.001,8
4009,2,maize,3,KAS,0.4,24
4010,2,maize,1,PK,0.001,50
4010,2,maize,2,DAP,0.001,8
4010,2,maize,3,KAS,0.4,24
4011,2,maize,1,PK,0.001,50
4011,2,maize,2,DAP,0.001,8
4011,2,maize,3,KAS,0.4,24
4013,2,maize,1,PK,0.001,50
4013,2,maize,2,DAP,0.001,8
4013,2,maize,3,KAS,0.4,24
4015,2,maize,1,PK,0.001,50
4015,2,maize,2,DAP,0.001,8
4015,2,maize,3,KAS,0.4,24
4018,2,maize,1,PK,0.001,50
4018,2,maize,2,DAP,0.001,8
4018,2,maize,3,KAS,0.4,24
4019,2,maize,1,PK,0.001,50
4019,2,maize,2,DAP,0.001,8
4019,2,maize,3,KAS,0.4,24
4020,2,maize,1,PK,0.001,50
4020,2,maize,2,DAP,0.001,8
4020,2,maize,3,KAS,0.4,24
4021,2,maize,1,PK,0.001,50
4021,2,maize,2,DAP,0.001,8
4021,2,maize,3,KAS,0.4,24
4023,2,maize,1,PK,0.001,50
4023,2,maize,2,DAP,0.001,8
4023,2,maize,3,KAS,0.4,24
4025,2,maize,1,PK,0.001,50
4025,2,maize,2,DAP,0.001,8
4025,2,maize,3,KAS,0.4,24
4026,2,maize,1,PK,0.001,50
4026,2,maize,2,DAP,0.001,8
4026,2,maize,3,KAS,0.4,24
4027,2,maize,1,PK,0.001,50
4027,2,maize,2,DAP,0.001,8
4027,2,maize,3,KAS,0.4,24
4034,2,maize,1,PK,0.001,50
4034,2,maize,2,DAP,0.001,8
4034,2,maize,3,KAS,0.4,24
4036,2,maize,1,PK,0.001,50
4036,2,maize,2,DAP,0.001,8
4036,2,maize,3,KAS,0.4,24
4039,2,maize,1,PK,0.001,50
4039,2,maize,2,DAP,0.001,8
4039,2,maize,3,KAS,0.4,24
4047,2,maize,1,PK,0.001,50
4047,2,maize,2,DAP,0.001,8
4047,2,maize,3,KAS,0.4,24
4048,2,maize,1,PK,0.001,50
4048,2,maize,2,DAP,0.001,8
4048,2,maize,3,KAS,0.4,24
4053,2,maize,1,PK,0.001,50
4053,2,maize,2,DAP,0.001,8
4053,2,maize,3,KAS,0.4,24
4062,2,maize,1,PK,0.001,50
4062,2,maize,2,DAP,0.001,8
4062,2,maize,3,KAS,0.4,24
4064,2,maize,1,PK,0.001,50
4064,2,maize,2,DAP,0.001,8
4064,2,maize,3,KAS,0.4,24
4067,2,maize,1,PK,0.001,50
4067,2,maize,2,DAP,0.001,8
4067,2,maize,3,KAS,0.4,24
4068,2,maize,1,PK,0.001,50
4068,2,maize,2,DAP,0.001,8
4068,2,maize,3,KAS,0.4,24
4069,2,maize,1,PK,0.001,50
4069,2,maize,2,DAP,0.001,8
4069,2,maize,3,KAS,0.4,24
4071,2,maize,1,PK,0.001,50
4071,2,maize,2,DAP,0.001,8
4071,2,maize,3,KAS,0.4,24
4073,2,maize,1,PK,0.001,50
4073,2,maize,2,DAP,0.001,8
4073,2,maize,3,KAS,0.4,24
4074,2,maize,1,PK,0.001,50
4074,2,maize,2,DAP,0.001,8
4074,2,maize,3,KAS,0.4,24
4078,2,maize,1,PK,0.001,50
4078,2,maize,2,DAP,0.001,8
4078,2,maize,3,KAS,0.4,24
4079,2,maize,1,PK,0.001,50
4079,2,maize,2,DAP,0.001,8
4079,2,maize,3,KAS,0.4,24
4080,2,maize,1,PK,0.001,50
4080,2,maize,2,DAP,0.001,8
4080,2,maize,3,KAS,0.4,24
4084,2,maize,1,PK,0.001,50
4084,2,maize,2,DAP,0.001,8
4084,2,maize,3,KAS,0.4,24
4086,2,maize,1,PK,0.001,50
4086,2,maize,2,DAP,0.001,8
4086,2,maize,3,KAS,0.4,24
4089,2,maize,1,PK,0.001,50
4089,2,maize,2,DAP,0.001,8
4089,2,maize,3,KAS,0.4,24
4090,2,maize,1,PK,0.001,50
4090,2,maize,2,DAP,0.001,8
4090,2,maize,3,KAS,0.4,24
4091,2,maize,1,PK,0.001,50
4091,2,maize,2,DAP,0.001,8
4091,2,maize,3,KAS,0.4,24
4093,2,maize,1,PK,0.001,50
4093,2,maize,2,DAP,0.001,8
4093,2,maize,3,KAS,0.4,24
4094,2,maize,1,PK,0.001,50
4094,2,maize,2,DAP,0.001,8
4094,2,maize,3,KAS,0.4,24
4095,2,maize,1,PK,0.001,50
4095,2,maize,2,DAP,0.001,8
4095,2,maize,3,KAS,0.4,24
4099,2,maize,1,PK,0.001,50
4099,2,maize,2,DAP,0.001,8
4099,2,maize,3,KAS,0.4,24
4102,2,maize,1,PK,0.001,50
4102,2,maize,2,DAP,0.001,8
4102,2,maize,3,KAS,0.4,24
4103,2,maize,1,PK,0.001,50
4103,2,maize,2,DAP,0.001,8
4103,2,maize,3,KAS,0.4,24
4104,2,maize,1,PK,0.001,50
4104,2,maize,2,DAP,0.001,8
4104,2,maize,3,KAS,0.4,24
4105,2,maize,1,PK,0.001,50
4105,2,maize,2,DAP,0.001,8
4105,2,maize,3,KAS,0.4,24
4107,2,maize,1,PK,0.001,50
4107,2,maize,2,DAP,0.001,8
4107,2,maize,3,KAS,0.4,24
4110,2,maize,1,PK,0.001,50
4110,2,maize,2,DAP,0.001,8
4110,2,maize,3,KAS,0.4,24
4111,2,maize,1,PK,0.001,50
4111,2,maize,2,DAP,0.001,8
4111,2,maize,3,KAS,0.4,24
4114,2,maize,1,PK,0.001,50
4114,2,maize,2,DAP,0.001,8
4114,2,maize,3,KAS,0.4,24
4120,2,maize,1,PK,0.001,50
4120,2,maize,2,DAP,0.001,8
4120,2,maize,3,KAS,0.4,24
4123,2,maize,1,PK,0.001,50
4123,2,maize,2,DAP,0.001,8
4123,2,maize,3,KAS,0.4,24
4131,2,maize,1,PK,0.001,50
4131,2,maize,2,DAP,0.001,8
4131,2,maize,3,KAS,0.4,24
4133,2,maize,1,PK,0.001,50
4133,2,maize,2,DAP,0.001,8
4133,2,maize,3,KAS,0.4,24
4134,2,maize,1,PK,0.001,50
4134,2,maize,2,DAP,0.001,8
4134,2,maize,3,KAS,0.4,24
4135,2,maize,1,PK,0.001,50
4135,2,maize,2,DAP,0.001,8
4135,2,maize,3,KAS,0.4,24
4137,2,maize,1,PK,0.001,50
4137,2,maize,2,DAP,0.001,8
4137,2,maize,3,KAS,0.4,24
4138,2,maize,1,PK,0.001,50
4138,2,maize,2,DAP,0.001,8
4138,2,maize,3,KAS,0.4,24
4140,2,maize,1,PK,0.001,50
4140,2,maize,2,DAP,0.001,8
4140,2,maize,3,KAS,0.4,24
4144,2,maize,1,PK,0.001,50
4144,2,maize,2,DAP,0.001,8
4144,2,maize,3,KAS,0.4,24
4147,2,maize,1,PK,0.001,50
4147,2,maize,2,DAP,0.001,8
4147,2,maize,3,KAS,0.4,24
4148,2,maize,1,PK,0.001,50
4148,2,maize,2,DAP,0.001,8
4148,2,maize,3,KAS,0.4,24
4149,2,maize,1,PK,0.001,50
4149,2,maize,2,DAP,0.001,8
4149,2,maize,3,KAS,0.4,24
4150,2,maize,1,PK,0.001,50
4150,2,maize,2,DAP,0.001,8
4150,2,maize,3,KAS,0.4,24
4153,2,maize,1,PK,0.001,50
4153,2,maize,2,DAP,0.001,8
4153,2,maize,3,KAS,0.4,24
4155,2,maize,1,PK,0.001,50
4155,2,maize,2,DAP,0.001,8
4155,2,maize,3,KAS,0.4,24
4156,2,maize,1,PK,0.001,50
4156,2,maize,2,DAP,0.001,8
4156,2,maize,3,KAS,0.4,24
4159,2,maize,1,PK,0.001,50
4159,2,maize,2,DAP,0.001,8
4159,2,maize,3,KAS,0.4,24
4163,2,maize,1,PK,0.001,50
4163,2,maize,2,DAP,0.001,8
4163,2,maize,3,KAS,0.4,24
4165,2,maize,1,PK,0.001,50
4165,2,maize,2,DAP,0.001,8
4165,2,maize,3,KAS,0.4,24
4168,2,maize,1,PK,0.001,50
4168,2,maize,2,DAP,0.001,8
4168,2,maize,3,KAS,0.4,24
4174,2,maize,1,PK,0.001,50
4174,2,maize,2,DAP,0.001,8
4174,2,maize,3,KAS,0.4,24
4180,2,maize,1,PK,0.001,50
4180,2,maize,2,DAP,0.001,8
4180,2,maize,3,KAS,0.4,24
4186,2,maize,1,PK,0.001,50
4186,2,maize,2,DAP,0.001,8
4186,2,maize,3,KAS,0.4,24
4187,2,maize,1,PK,0.001,50
4187,2,maize,2,DAP,0.001,8
4187,2,maize,3,KAS,0.4,24
4189,2,maize,1,PK,0.001,50
4189,2,maize,2,DAP,0.001,8
4189,2,maize,3,KAS,0.4,24
4191,2,maize,1,PK,0.001,50
4191,2,maize,2,DAP,0.001,8
4191,2,maize,3,KAS,0.4,24
4192,2,maize,1,PK,0.001,50
4192,2,maize,2,DAP,0.001,8
4192,2,maize,3,KAS,0.4,24
4193,2,maize,1,PK,0.001,50
4193,2,maize,2,DAP,0.001,8
4193,2,maize,3,KAS,0.4,24
4194,2,maize,1,PK,0.001,50
4194,2,maize,2,DAP,0.001,8
4194,2,maize,3,KAS,0.4,24
4199,2,maize,1,PK,0.001,50
4199,2,maize,2,DAP,0.001,8
4199,2,maize,3,KAS,0.4,24
4201,2,maize,1,PK,0.001,50
4201,2,maize,2,DAP,0.001,8
4201,2,maize,3,KAS,0.4,24
4204,2,maize,1,PK,0.001,50
4204,2,maize,2,DAP,0.001,8
4204,2,maize,3,KAS,0.4,24
4206,2,maize,1,PK,0.001,50
4206,2,maize,2,DAP,0.001,8
4206,2,maize,3,KAS,0.4,24
4207,2,maize,1,PK,0.001,50
4207,2,maize,2,DAP,0.001,8
4207,2,maize,3,KAS,0.4,24
4208,2,maize,1,PK,0.001,50
4208,2,maize,2,DAP,0.001,8
4208,2,maize,3,KAS,0.4,24
4210,2,maize,1,PK,0.001,50
4210,2,maize,2,DAP,0.001,8
4210,2,maize,3,KAS,0.4,24
4211,2,maize,1,PK,0.001,50
4211,2,maize,2,DAP,0.001,8
4211,2,maize,3,KAS,0.4,24
4212,2,maize,1,PK,0.001,50
4212,2,maize,2,DAP,0.001,8
4212,2,maize,3,KAS,0.4,24
4214,2,maize,1,PK,0.001,50
4214,2,maize,2,DAP,0.001,8
4214,2,maize,3,KAS,0.4,24
4215,2,maize,1,PK,0.001,50
4215,2,maize,2,DAP,0.001,8
4215,2,maize,3,KAS,0.4,24
4217,2,maize,1,PK,0.001,50
4217,2,maize,2,DAP,0.001,8
4217,2,maize,3,KAS,0.4,24
4219,2,maize,1,PK,0.001,50
4219,2,maize,2,DAP,0.001,8
4219,2,maize,3,KAS,0.4,24
4224,2,maize,1,PK,0.001,50
4224,2,maize,2,DAP,0.001,8
4224,2,maize,3,KAS,0.4,24
4229,2,maize,1,PK,0.001,50
4229,2,maize,2,DAP,0.001,8
4229,2,maize,3,KAS,0.4,24
4233,2,maize,1,PK,0.001,50
4233,2,maize,2,DAP,0.001,8
4233,2,maize,3,KAS,0.4,24
4235,2,maize,1,PK,0.001,50
4235,2,maize,2,DAP,0.001,8
4235,2,maize,3,KAS,0.4,24
4236,2,maize,1,PK,0.001,50
4236,2,maize,2,DAP,0.001,8
4236,2,maize,3,KAS,0.4,24
4238,2,maize,1,PK,0.001,50
4238,2,maize,2,DAP,0.001,8
4238,2,maize,3,KAS,0.4,24
4239,2,maize,1,PK,0.001,50
4239,2,maize,2,DAP,0.001,8
4239,2,maize,3,KAS,0.4,24
4240,2,maize,1,PK,0.001,50
4240,2,maize,2,DAP,0.001,8
4240,2,maize,3,KAS,0.4,24
4241,2,maize,1,PK,0.001,50
4241,2,maize,2,DAP,0.001,8
4241,2,maize,3,KAS,0.4,24
4242,2,maize,1,PK,0.001,50
4242,2,maize,2,DAP,0.001,8
4242,2,maize,3,KAS,0.4,24
4243,2,maize,1,PK,0.001,50
4243,2,maize,2,DAP,0.001,8
4243,2,maize,3,KAS,0.4,24
4246,2,maize,1,PK,0.001,50
4246,2,maize,2,DAP,0.001,8
4246,2,maize,3,KAS,0.4,24
4248,2,maize,1,PK,0.001,50
4248,2,maize,2,DAP,0.001,8
4248,2,maize,3,KAS,0.4,24
4249,2,maize,1,PK,0.001,50
4249,2,maize,2,DAP,0.001,8
4249,2,maize,3,KAS,0.4,24
4250,2,maize,1,PK,0.001,50
4250,2,maize,2,DAP,0.001,8
4250,2,maize,3,KAS,0.4,24
4251,2,maize,1,PK,0.001,50
4251,2,maize,2,DAP,0.001,8
4251,2,maize,3,KAS,0.4,24
4252,2,maize,1,PK,0.001,50
4252,2,maize,2,DAP,0.001,8
4252,2,maize,3,KAS,0.4,24
4254,2,maize,1,PK,0.001,50
4254,2,maize,2,DAP,0.001,8
4254,2,maize,3,KAS,0.4,24
4258,2,maize,1,PK,0.001,50
4258,2,maize,2,DAP,0.001,8
4258,2,maize,3,KAS,0.4,24
4259,2,maize,1,PK,0.001,50
4259,2,maize,2,DAP,0.001,8
4259,2,maize,3,KAS,0.4,24
4263,2,maize,1,PK,0.001,50
4263,2,maize,2,DAP,0.001,8
4263,2,maize,3,KAS,0.4,24
4266,2,maize,1,PK,0.001,50
4266,2,maize,2,DAP,0.001,8
4266,2,maize,3,KAS,0.4,24
4267,2,maize,1,PK,0.001,50
4267,2,maize,2,DAP,0.001,8
4267,2,maize,3,KAS,0.4,24
4268,2,maize,1,PK,0.001,50
4268,2,maize,2,DAP,0.001,8
4268,2,maize,3,KAS,0.4,24
4269,2,maize,1,PK,0.001,50
4269,2,maize,2,DAP,0.001,8
4269,2,maize,3,KAS,0.4,24
4270,2,maize,1,PK,0.001,50
4270,2,maize,2,DAP,0.001,8
4270,2,maize,3,KAS,0.4,24
4271,2,maize,1,PK,0.001,50
4271,2,maize,2,DAP,0.001,8
4271,2,maize,3,KAS,0.4,24
4272,2,maize,1,PK,0.001,50
4272,2,maize,2,DAP,0.001,8
4272,2,maize,3,KAS,0.4,24
4277,2,maize,1,PK,0.001,50
4277,2,maize,2,DAP,0.001,8
4277,2,maize,3,KAS,0.4,24
4278,2,maize,1,PK,0.001,50
4278,2,maize,2,DAP,0.001,8
4278,2,maize,3,KAS,0.4,24
4287,2,maize,1,PK,0.001,50
4287,2,maize,2,DAP,0.001,8
4287,2,maize,3,KAS,0.4,24
4290,2,maize,1,PK,0.001,50
4290,2,maize,2,DAP,0.001,8
4290,2,maize,3,KAS,0.4,24
4291,2,maize,1,PK,0.001,50
4291,2,maize,2,DAP,0.001,8
4291,2,maize,3,KAS,0.4,24
4294,2,maize,1,PK,0.001,50
4294,2,maize,2,DAP,0.001,8
4294,2,maize,3,KAS,0.4,24
4295,2,maize,1,PK,0.001,50
4295,2,maize,2,DAP,0.001,8
4295,2,maize,3,KAS,0.4,24
4297,2,maize,1,PK,0.001,50
4297,2,maize,2,DAP,0.001,8
4297,2,maize,3,KAS,0.4,24
4298,2,maize,1,PK,0.001,50
4298,2,maize,2,DAP,0.001,8
4298,2,maize,3,KAS,0.4,24
4300,2,maize,1,PK,0.001,50
4300,2,maize,2,DAP,0.001,8
4300,2,maize,3,KAS,0.4,24
4301,2,maize,1,PK,0.001,50
4301,2,maize,2,DAP,0.001,8
4301,2,maize,3,KAS,0.4,24
4302,2,maize,1,PK,0.001,50
4302,2,maize,2,DAP,0.001,8
4302,2,maize,3,KAS,0.4,24
4304,2,maize,1,PK,0.001,50
4304,2,maize,2,DAP,0.001,8
4304,2,maize,3,KAS,0.4,24
4305,2,maize,1,PK,0.001,50
4305,2,maize,2,DAP,0.001,8
4305,2,maize,3,KAS,0.4,24
4308,2,maize,1,PK,0.001,50
4308,2,maize,2,DAP,0.001,8
4308,2,maize,3,KAS,0.4,24
4311,2,maize,1,PK,0.001,50
4311,2,maize,2,DAP,0.001,8
4311,2,maize,3,KAS,0.4,24
4314,2,maize,1,PK,0.001,50
4314,2,maize,2,DAP,0.001,8
4314,2,maize,3,KAS,0.4,24
4327,2,maize,1,PK,0.001,50
4327,2,maize,2,DAP,0.001,8
4327,2,maize,3,KAS,0.4,24
4332,2,maize,1,PK,0.001,50
4332,2,maize,2,DAP,0.001,8
4332,2,maize,3,KAS,0.4,24
4333,2,maize,1,PK,0.001,50
4333,2,maize,2,DAP,0.001,8
4333,2,maize,3,KAS,0.4,24
4334,2,maize,1,PK,0.001,50
4334,2,maize,2,DAP,0.001,8
4334,2,maize,3,KAS,0.4,24
4336,2,maize,1,PK,0.001,50
4336,2,maize,2,DAP,0.001,8
4336,2,maize,3,KAS,0.4,24
4338,2,maize,1,PK,0.001,50
4338,2,maize,2,DAP,0.001,8
4338,2,maize,3,KAS,0.4,24
4344,2,maize,1,PK,0.001,50
4344,2,maize,2,DAP,0.001,8
4344,2,maize,3,KAS,0.4,24
4345,2,maize,1,PK,0.001,50
4345,2,maize,2,DAP,0.001,8
4345,2,maize,3,KAS,0.4,24
4346,2,maize,1,PK,0.001,50
4346,2,maize,2,DAP,0.001,8
4346,2,maize,3,KAS,0.4,24
4348,2,maize,1,PK,0.001,50
4348,2,maize,2,DAP,0.001,8
4348,2,maize,3,KAS,0.4,24
4351,2,maize,1,PK,0.001,50
4351,2,maize,2,DAP,0.001,8
4351,2,maize,3,KAS,0.4,24
4352,2,maize,1,PK,0.001,50
4352,2,maize,2,DAP,0.001,8
4352,2,maize,3,KAS,0.4,24
4353,2,maize,1,PK,0.001,50
4353,2,maize,2,DAP,0.001,8
4353,2,maize,3,KAS,0.4,24
4357,2,maize,1,PK,0.001,50
4357,2,maize,2,DAP,0.001,8
4357,2,maize,3,KAS,0.4,24
4358,2,maize,1,PK,0.001,50
4358,2,maize,2,DAP,0.001,8
4358,2,maize,3,KAS,0.4,24
4360,2,maize,1,PK,0.001,50
4360,2,maize,2,DAP,0.001,8
4360,2,maize,3,KAS,0.4,24
4362,2,maize,1,PK,0.001,50
4362,2,maize,2,DAP,0.001,8
4362,2,maize,3,KAS,0.4,24
4363,2,maize,1,PK,0.001,50
4363,2,maize,2,DAP,0.001,8
4363,2,maize,3,KAS,0.4,24
4365,2,maize,1,PK,0.001,50
4365,2,maize,2,DAP,0.001,8
4365,2,maize,3,KAS,0.4,24
4367,2,maize,1,PK,0.001,50
4367,2,maize,2,DAP,0.001,8
4367,2,maize,3,KAS,0.4,24
4371,2,maize,1,PK,0.001,50
4371,2,maize,2,DAP,0.001,8
4371,2,maize,3,KAS,0.4,24
4373,2,maize,1,PK,0.001,50
4373,2,maize,2,DAP,0.001,8
4373,2,maize,3,KAS,0.4,24
4377,2,maize,1,PK,0.001,50
4377,2,maize,2,DAP,0.001,8
4377,2,maize,3,KAS,0.4,24
4378,2,maize,1,PK,0.001,50
4378,2,maize,2,DAP,0.001,8
4378,2,maize,3,KAS,0.4,24
4382,2,maize,1,PK,0.001,50
4382,2,maize,2,DAP,0.001,8
4382,2,maize,3,KAS,0.4,24
4383,2,maize,1,PK,0.001,50
4383,2,maize,2,DAP,0.001,8
4383,2,maize,3,KAS,0.4,24
4385,2,maize,1,PK,0.001,50
4385,2,maize,2,DAP,0.001,8
4385,2,maize,3,KAS,0.4,24
4387,2,maize,1,PK,0.001,50
4387,2,maize,2,DAP,0.001,8
4387,2,maize,3,KAS,0.4,24
4389,2,maize,1,PK,0.001,50
4389,2,maize,2,DAP,0.001,8
4389,2,maize,3,KAS,0.4,24
4390,2,maize,1,PK,0.001,50
4390,2,maize,2,DAP,0.001,8
4390,2,maize,3,KAS,0.4,24
4395,2,maize,1,PK,0.001,50
4395,2,maize,2,DAP,0.001,8
4395,2,maize,3,KAS,0.4,24
4396,2,maize,1,PK,0.001,50
4396,2,maize,2,DAP,0.001,8
4396,2,maize,3,KAS,0.4,24
4398,2,maize,1,PK,0.001,50
4398,2,maize,2,DAP,0.001,8
4398,2,maize,3,KAS,0.4,24
4400,2,maize,1,PK,0.001,50
4400,2,maize,2,DAP,0.001,8
4400,2,maize,3,KAS,0.4,24
4401,2,maize,1,PK,0.001,50
4401,2,maize,2,DAP,0.001,8
4401,2,maize,3,KAS,0.4,24
4402,2,maize,1,PK,0.001,50
4402,2,maize,2,DAP,0.001,8
4402,2,maize,3,KAS,0.4,24
4403,2,maize,1,PK,0.001,50
4403,2,maize,2,DAP,0.001,8
4403,2,maize,3,KAS,0.4,24
4405,2,maize,1,PK,0.001,50
4405,2,maize,2,DAP,0.001,8
4405,2,maize,3,KAS,0.4,24
4407,2,maize,1,PK,0.001,50
4407,2,maize,2,DAP,0.001,8
4407,2,maize,3,KAS,0.4,24
4408,2,maize,1,PK,0.001,50
4408,2,maize,2,DAP,0.001,8
4408,2,maize,3,KAS,0.4,24
4409,2,maize,1,PK,0.001,50
4409,2,maize,2,DAP,0.001,8
4409,2,maize,3,KAS,0.4,24
4411,2,maize,1,PK,0.001,50
4411,2,maize,2,DAP,0.001,8
4411,2,maize,3,KAS,0.4,24
4412,2,maize,1,PK,0.001,50
4412,2,maize,2,DAP,0.001,8
4412,2,maize,3,KAS,0.4,24
4413,2,maize,1,PK,0.001,50
4413,2,maize,2,DAP,0.001,8
4413,2,maize,3,KAS,0.4,24
4415,2,maize,1,PK,0.001,50
4415,2,maize,2,DAP,0.001,8
4415,2,maize,3,KAS,0.4,24
4417,2,maize,1,PK,0.001,50
4417,2,maize,2,DAP,0.001,8
4417,2,maize,3,KAS,0.4,24
4418,2,maize,1,PK,0.001,50
4418,2,maize,2,DAP,0.001,8
4418,2,maize,3,KAS,0.4,24
4419,2,maize,1,PK,0.001,50
4419,2,maize,2,DAP,0.001,8
4419,2,maize,3,KAS,0.4,24
4425,2,maize,1,PK,0.001,50
4425,2,maize,2,DAP,0.001,8
4425,2,maize,3,KAS,0.4,24
4427,2,maize,1,PK,0.001,50
4427,2,maize,2,DAP,0.001,8
4427,2,maize,3,KAS,0.4,24
4428,2,maize,1,PK,0.001,50
4428,2,maize,2,DAP,0.001,8
4428,2,maize,3,KAS,0.4,24
4429,2,maize,1,PK,0.001,50
4429,2,maize,2,DAP,0.001,8
4429,2,maize,3,KAS,0.4,24
4430,2,maize,1,PK,0.001,50
4430,2,maize,2,DAP,0.001,8
4430,2,maize,3,KAS,0.4,24
4433,2,maize,1,PK,0.001,50
4433,2,maize,2,DAP,0.001,8
4433,2,maize,3,KAS,0.4,24
4436,2,maize,1,PK,0.001,50
4436,2,maize,2,DAP,0.001,8
4436,2,maize,3,KAS,0.4,24
4437,2,maize,1,PK,0.001,50
4437,2,maize,2,DAP,0.001,8
4437,2,maize,3,KAS,0.4,24
4439,2,maize,1,PK,0.001,50
4439,2,maize,2,DAP,0.001,8
4439,2,maize,3,KAS,0.4,24
4446,2,maize,1,PK,0.001,50
4446,2,maize,2,DAP,0.001,8
4446,2,maize,3,KAS,0.4,24
4447,2,maize,1,PK,0.001,50
4447,2,maize,2,DAP,0.001,8
4447,2,maize,3,KAS,0.4,24
4448,2,maize,1,PK,0.001,50
4448,2,maize,2,DAP,0.001,8
4448,2,maize,3,KAS,0.4,24
4451,2,maize,1,PK,0.001,50
4451,2,maize,2,DAP,0.001,8
4451,2,maize,3,KAS,0.4,24
4452,2,maize,1,PK,0.001,50
4452,2,maize,2,DAP,0.001,8
4452,2,maize,3,KAS,0.4,24
4453,2,maize,1,PK,0.001,50
4453,2,maize,2,DAP,0.001,8
4453,2,maize,3,KAS,0.4,24
4456,2,maize,1,PK,0.001,50
4456,2,maize,2,DAP,0.001,8
4456,2,maize,3,KAS,0.4,24
4461,2,maize,1,PK,0.001,50
4461,2,maize,2,DAP,0.001,8
4461,2,maize,3,KAS,0.4,24
4462,2,maize,1,PK,0.001,50
4462,2,maize,2,DAP,0.001,8
4462,2,maize,3,KAS,0.4,24
4466,2,maize,1,PK,0.001,50
4466,2,maize,2,DAP,0.001,8
4466,2,maize,3,KAS,0.4,24
4471,2,maize,1,PK,0.001,50
4471,2,maize,2,DAP,0.001,8
4471,2,maize,3,KAS,0.4,24
4474,2,maize,1,PK,0.001,50
4474,2,maize,2,DAP,0.001,8
4474,2,maize,3,KAS,0.4,24
4475,2,maize,1,PK,0.001,50
4475,2,maize,2,DAP,0.001,8
4475,2,maize,3,KAS,0.4,24
4476,2,maize,1,PK,0.001,50
4476,2,maize,2,DAP,0.001,8
4476,2,maize,3,KAS,0.4,24
4477,2,maize,1,PK,0.001,50
4477,2,maize,2,DAP,0.001,8
4477,2,maize,3,KAS,0.4,24
4479,2,maize,1,PK,0.001,50
4479,2,maize,2,DAP,0.001,8
4479,2,maize,3,KAS,0.4,24
4483,2,maize,1,PK,0.001,50
4483,2,maize,2,DAP,0.001,8
4483,2,maize,3,KAS,0.4,24
4484,2,maize,1,PK,0.001,50
4484,2,maize,2,DAP,0.001,8
4484,2,maize,3,KAS,0.4,24
4488,2,maize,1,PK,0.001,50
4488,2,maize,2,DAP,0.001,8
4488,2,maize,3,KAS,0.4,24
4498,2,maize,1,PK,0.001,50
4498,2,maize,2,DAP,0.001,8
4498,2,maize,3,KAS,0.4,24
4501,2,maize,1,PK,0.001,50
4501,2,maize,2,DAP,0.001,8
4501,2,maize,3,KAS,0.4,24
4505,2,maize,1,PK,0.001,50
4505,2,maize,2,DAP,0.001,8
4505,2,maize,3,KAS,0.4,24
4506,2,maize,1,PK,0.001,50
4506,2,maize,2,DAP,0.001,8
4506,2,maize,3,KAS,0.4,24
4507,2,maize,1,PK,0.001,50
4507,2,maize,2,DAP,0.001,8
4507,2,maize,3,KAS,0.4,24
4513,2,maize,1,PK,0.001,50
4513,2,maize,2,DAP,0.001,8
4513,2,maize,3,KAS,0.4,24
4514,2,maize,1,PK,0.001,50
4514,2,maize,2,DAP,0.001,8
4514,2,maize,3,KAS,0.4,24
4517,2,maize,1,PK,0.001,50
4517,2,maize,2,DAP,0.001,8
4517,2,maize,3,KAS,0.4,24
4518,2,maize,1,PK,0.001,50
4518,2,maize,2,DAP,0.001,8
4518,2,maize,3,KAS,0.4,24
4519,2,maize,1,PK,0.001,50
4519,2,maize,2,DAP,0.001,8
4519,2,maize,3,KAS,0.4,24
4520,2,maize,1,PK,0.001,50
4520,2,maize,2,DAP,0.001,8
4520,2,maize,3,KAS,0.4,24
4521,2,maize,1,PK,0.001,50
4521,2,maize,2,DAP,0.001,8
4521,2,maize,3,KAS,0.4,24
4522,2,maize,1,PK,0.001,50
4522,2,maize,2,DAP,0.001,8
4522,2,maize,3,KAS,0.4,24
4523,2,maize,1,PK,0.001,50
4523,2,maize,2,DAP,0.001,8
4523,2,maize,3,KAS,0.4,24
4524,2,maize,1,PK,0.001,50
4524,2,maize,2,DAP,0.001,8
4524,2,maize,3,KAS,0.4,24
4527,2,maize,1,PK,0.001,50
4527,2,maize,2,DAP,0.001,8
4527,2,maize,3,KAS,0.4,24
4528,2,maize,1,PK,0.001,50
4528,2,maize,2,DAP,0.001,8
4528,2,maize,3,KAS,0.4,24
4531,2,maize,1,PK,0.001,50
4531,2,maize,2,DAP,0.001,8
4531,2,maize,3,KAS,0.4,24
4533,2,maize,1,PK,0.001,50
4533,2,maize,2,DAP,0.001,8
4533,2,maize,3,KAS,0.4,24
4539,2,maize,1,PK,0.001,50
4539,2,maize,2,DAP,0.001,8
4539,2,maize,3,KAS,0.4,24
4540,2,maize,1,PK,0.001,50
4540,2,maize,2,DAP,0.001,8
4540,2,maize,3,KAS,0.4,24
4543,2,maize,1,PK,0.001,50
4543,2,maize,2,DAP,0.001,8
4543,2,maize,3,KAS,0.4,24
4547,2,maize,1,PK,0.001,50
4547,2,maize,2,DAP,0.001,8
4547,2,maize,3,KAS,0.4,24
4550,2,maize,1,PK,0.001,50
4550,2,maize,2,DAP,0.001,8
4550,2,maize,3,KAS,0.4,24
4551,2,maize,1,PK,0.001,50
4551,2,maize,2,DAP,0.001,8
4551,2,maize,3,KAS,0.4,24
4552,2,maize,1,PK,0.001,50
4552,2,maize,2,DAP,0.001,8
4552,2,maize,3,KAS,0.4,24
4553,2,maize,1,PK,0.001,50
4553,2,maize,2,DAP,0.001,8
4553,2,maize,3,KAS,0.4,24
4554,2,maize,1,PK,0.001,50
4554,2,maize,2,DAP,0.001,8
4554,2,maize,3,KAS,0.4,24
4559,2,maize,1,PK,0.001,50
4559,2,maize,2,DAP,0.001,8
4559,2,maize,3,KAS,0.4,24
4560,2,maize,1,PK,0.001,50
4560,2,maize,2,DAP,0.001,8
4560,2,maize,3,KAS,0.4,24
4561,2,maize,1,PK,0.001,50
4561,2,maize,2,DAP,0.001,8
4561,2,maize,3,KAS,0.4,24
4562,2,maize,1,PK,0.001,50
4562,2,maize,2,DAP,0.001,8
4562,2,maize,3,KAS,0.4,24
4564,2,maize,1,PK,0.001,50
4564,2,maize,2,DAP,0.001,8
4564,2,maize,3,KAS,0.4,24
4565,2,maize,1,PK,0.001,50
4565,2,maize,2,DAP,0.001,8
4565,2,maize,3,KAS,0.4,24
4566,2,maize,1,PK,0.001,50
4566,2,maize,2,DAP,0.001,8
4566,2,maize,3,KAS,0.4,24
4568,2,maize,1,PK,0.001,50
4568,2,maize,2,DAP,0.001,8
4568,2,maize,3,KAS,0.4,24
4569,2,maize,1,PK,0.001,50
4569,2,maize,2,DAP,0.001,8
4569,2,maize,3,KAS,0.4,24
4574,2,maize,1,PK,0.001,50
4574,2,maize,2,DAP,0.001,8
4574,2,maize,3,KAS,0.4,24
4578,2,maize,1,PK,0.001,50
4578,2,maize,2,DAP,0.001,8
4578,2,maize,3,KAS,0.4,24
4579,2,maize,1,PK,0.001,50
4579,2,maize,2,DAP,0.001,8
4579,2,maize,3,KAS,0.4,24
4580,2,maize,1,PK,0.001,50
4580,2,maize,2,DAP,0.001,8
4580,2,maize,3,KAS,0.4,24
4582,2,maize,1,PK,0.001,50
4582,2,maize,2,DAP,0.001,8
4582,2,maize,3,KAS,0.4,24
4583,2,maize,1,PK,0.001,50
4583,2,maize,2,DAP,0.001,8
4583,2,maize,3,KAS,0.4,24
4585,2,maize,1,PK,0.001,50
4585,2,maize,2,DAP,0.001,8
4585,2,maize,3,KAS,0.4,24
4588,2,maize,1,PK,0.001,50
4588,2,maize,2,DAP,0.001,8
4588,2,maize,3,KAS,0.4,24
4593,2,maize,1,PK,0.001,50
4593,2,maize,2,DAP,0.001,8
4593,2,maize,3,KAS,0.4,24
4599,2,maize,1,PK,0.001,50
4599,2,maize,2,DAP,0.001,8
4599,2,maize,3,KAS,0.4,24
4600,2,maize,1,PK,0.001,50
4600,2,maize,2,DAP,0.001,8
4600,2,maize,3,KAS,0.4,24
4601,2,maize,1,PK,0.001,50
4601,2,maize,2,DAP,0.001,8
4601,2,maize,3,KAS,0.4,24
4603,2,maize,1,PK,0.001,50
4603,2,maize,2,DAP,0.001,8
4603,2,maize,3,KAS,0.4,24
4604,2,maize,1,PK,0.001,50
4604,2,maize,2,DAP,0.001,8
4604,2,maize,3,KAS,0.4,24
4610,2,maize,1,PK,0.001,50
4610,2,maize,2,DAP,0.001,8
4610,2,maize,3,KAS,0.4,24
4611,2,maize,1,PK,0.001,50
4611,2,maize,2,DAP,0.001,8
4611,2,maize,3,KAS,0.4,24
4612,2,maize,1,PK,0.001,50
4612,2,maize,2,DAP,0.001,8
4612,2,maize,3,KAS,0.4,24
4613,2,maize,1,PK,0.001,50
4613,2,maize,2,DAP,0.001,8
4613,2,maize,3,KAS,0.4,24
4614,2,maize,1,PK,0.001,50
4614,2,maize,2,DAP,0.001,8
4614,2,maize,3,KAS,0.4,24
4615,2,maize,1,PK,0.001,50
4615,2,maize,2,DAP,0.001,8
4615,2,maize,3,KAS,0.4,24
4616,2,maize,1,PK,0.001,50
4616,2,maize,2,DAP,0.001,8
4616,2,maize,3,KAS,0.4,24
4617,2,maize,1,PK,0.001,50
4617,2,maize,2,DAP,0.001,8
4617,2,maize,3,KAS,0.4,24
4618,2,maize,1,PK,0.001,50
4618,2,maize,2,DAP,0.001,8
4618,2,maize,3,KAS,0.4,24
4619,2,maize,1,PK,0.001,50
4619,2,maize,2,DAP,0.001,8
4619,2,maize,3,KAS,0.4,24
4620,2,maize,1,PK,0.001,50
4620,2,maize,2,DAP,0.001,8
4620,2,maize,3,KAS,0.4,24
4625,2,maize,1,PK,0.001,50
4625,2,maize,2,DAP,0.001,8
4625,2,maize,3,KAS,0.4,24
4626,2,maize,1,PK,0.001,50
4626,2,maize,2,DAP,0.001,8
4626,2,maize,3,KAS,0.4,24
4627,2,maize,1,PK,0.001,50
4627,2,maize,2,DAP,0.001,8
4627,2,maize,3,KAS,0.4,24
4628,2,maize,1,PK,0.001,50
4628,2,maize,2,DAP,0.001,8
4628,2,maize,3,KAS,0.4,24
4630,2,maize,1,PK,0.001,50
4630,2,maize,2,DAP,0.001,8
4630,2,maize,3,KAS,0.4,24
4631,2,maize,1,PK,0.001,50
4631,2,maize,2,DAP,0.001,8
4631,2,maize,3,KAS,0.4,24
4632,2,maize,1,PK,0.001,50
4632,2,maize,2,DAP,0.001,8
4632,2,maize,3,KAS,0.4,24
4633,2,maize,1,PK,0.001,50
4633,2,maize,2,DAP,0.001,8
4633,2,maize,3,KAS,0.4,24
4634,2,maize,1,PK,0.001,50
4634,2,maize,2,DAP,0.001,8
4634,2,maize,3,KAS,0.4,24
4636,2,maize,1,PK,0.001,50
4636,2,maize,2,DAP,0.001,8
4636,2,maize,3,KAS,0.4,24
4637,2,maize,1,PK,0.001,50
4637,2,maize,2,DAP,0.001,8
4637,2,maize,3,KAS,0.4,24
4638,2,maize,1,PK,0.001,50
4638,2,maize,2,DAP,0.001,8
4638,2,maize,3,KAS,0.4,24
4639,2,maize,1,PK,0.001,50
4639,2,maize,2,DAP,0.001,8
4639,2,maize,3,KAS,0.4,24
4641,2,maize,1,PK,0.001,50
4641,2,maize,2,DAP,0.001,8
4641,2,maize,3,KAS,0.4,24
4645,2,maize,1,PK,0.001,50
4645,2,maize,2,DAP,0.001,8
4645,2,maize,3,KAS,0.4,24
4651,2,maize,1,PK,0.001,50
4651,2,maize,2,DAP,0.001,8
4651,2,maize,3,KAS,0.4,24
4653,2,maize,1,PK,0.001,50
4653,2,maize,2,DAP,0.001,8
4653,2,maize,3,KAS,0.4,24
4655,2,maize,1,PK,0.001,50
4655,2,maize,2,DAP,0.001,8
4655,2,maize,3,KAS,0.4,24
4656,2,maize,1,PK,0.001,50
4656,2,maize,2,DAP,0.001,8
4656,2,maize,3,KAS,0.4,24
4657,2,maize,1,PK,0.001,50
4657,2,maize,2,DAP,0.001,8
4657,2,maize,3,KAS,0.4,24
4661,2,maize,1,PK,0.001,50
4661,2,maize,2,DAP,0.001,8
4661,2,maize,3,KAS,0.4,24
4662,2,maize,1,PK,0.001,50
4662,2,maize,2,DAP,0.001,8
4662,2,maize,3,KAS,0.4,24
4664,2,maize,1,PK,0.001,50
4664,2,maize,2,DAP,0.001,8
4664,2,maize,3,KAS,0.4,24
4666,2,maize,1,PK,0.001,50
4666,2,maize,2,DAP,0.001,8
4666,2,maize,3,KAS,0.4,24
4667,2,maize,1,PK,0.001,50
4667,2,maize,2,DAP,0.001,8
4667,2,maize,3,KAS,0.4,24
4668,2,maize,1,PK,0.001,50
4668,2,maize,2,DAP,0.001,8
4668,2,maize,3,KAS,0.4,24
4669,2,maize,1,PK,0.001,50
4669,2,maize,2,DAP,0.001,8
4669,2,maize,3,KAS,0.4,24
4672,2,maize,1,PK,0.001,50
4672,2,maize,2,DAP,0.001,8
4672,2,maize,3,KAS,0.4,24
4673,2,maize,1,PK,0.001,50
4673,2,maize,2,DAP,0.001,8
4673,2,maize,3,KAS,0.4,24
4674,2,maize,1,PK,0.001,50
4674,2,maize,2,DAP,0.001,8
4674,2,maize,3,KAS,0.4,24
4675,2,maize,1,PK,0.001,50
4675,2,maize,2,DAP,0.001,8
4675,2,maize,3,KAS,0.4,24
4676,2,maize,1,PK,0.001,50
4676,2,maize,2,DAP,0.001,8
4676,2,maize,3,KAS,0.4,24
4677,2,maize,1,PK,0.001,50
4677,2,maize,2,DAP,0.001,8
4677,2,maize,3,KAS,0.4,24
4683,2,maize,1,PK,0.001,50
4683,2,maize,2,DAP,0.001,8
4683,2,maize,3,KAS,0.4,24
4684,2,maize,1,PK,0.001,50
4684,2,maize,2,DAP,0.001,8
4684,2,maize,3,KAS,0.4,24
4685,2,maize,1,PK,0.001,50
4685,2,maize,2,DAP,0.001,8
4685,2,maize,3,KAS,0.4,24
4686,2,maize,1,PK,0.001,50
4686,2,maize,2,DAP,0.001,8
4686,2,maize,3,KAS,0.4,24
4687,2,maize,1,PK,0.001,50
4687,2,maize,2,DAP,0.001,8
4687,2,maize,3,KAS,0.4,24
4690,2,maize,1,PK,0.001,50
4690,2,maize,2,DAP,0.001,8
4690,2,maize,3,KAS,0.4,24
4691,2,maize,1,PK,0.001,50
4691,2,maize,2,DAP,0.001,8
4691,2,maize,3,KAS,0.4,24
4693,2,maize,1,PK,0.001,50
4693,2,maize,2,DAP,0.001,8
4693,2,maize,3,KAS,0.4,24
4694,2,maize,1,PK,0.001,50
4694,2,maize,2,DAP,0.001,8
4694,2,maize,3,KAS,0.4,24
4695,2,maize,1,PK,0.001,50
4695,2,maize,2,DAP,0.001,8
4695,2,maize,3,KAS,0.4,24
4698,2,maize,1,PK,0.001,50
4698,2,maize,2,DAP,0.001,8
4698,2,maize,3,KAS,0.4,24
4704,2,maize,1,PK,0.001,50
4704,2,maize,2,DAP,0.001,8
4704,2,maize,3,KAS,0.4,24
4706,2,maize,1,PK,0.001,50
4706,2,maize,2,DAP,0.001,8
4706,2,maize,3,KAS,0.4,24
4709,2,maize,1,PK,0.001,50
4709,2,maize,2,DAP,0.001,8
4709,2,maize,3,KAS,0.4,24
4710,2,maize,1,PK,0.001,50
4710,2,maize,2,DAP,0.001,8
4710,2,maize,3,KAS,0.4,24
4712,2,maize,1,PK,0.001,50
4712,2,maize,2,DAP,0.001,8
4712,2,maize,3,KAS,0.4,24
4713,2,maize,1,PK,0.001,50
4713,2,maize,2,DAP,0.001,8
4713,2,maize,3,KAS,0.4,24
4717,2,maize,1,PK,0.001,50
4717,2,maize,2,DAP,0.001,8
4717,2,maize,3,KAS,0.4,24
4720,2,maize,1,PK,0.001,50
4720,2,maize,2,DAP,0.001,8
4720,2,maize,3,KAS,0.4,24
4724,2,maize,1,PK,0.001,50
4724,2,maize,2,DAP,0.001,8
4724,2,maize,3,KAS,0.4,24
4725,2,maize,1,PK,0.001,50
4725,2,maize,2,DAP,0.001,8
4725,2,maize,3,KAS,0.4,24
4729,2,maize,1,PK,0.001,50
4729,2,maize,2,DAP,0.001,8
4729,2,maize,3,KAS,0.4,24
4730,2,maize,1,PK,0.001,50
4730,2,maize,2,DAP,0.001,8
4730,2,maize,3,KAS,0.4,24
4733,2,maize,1,PK,0.001,50
4733,2,maize,2,DAP,0.001,8
4733,2,maize,3,KAS,0.4,24
4734,2,maize,1,PK,0.001,50
4734,2,maize,2,DAP,0.001,8
4734,2,maize,3,KAS,0.4,24
4739,2,maize,1,PK,0.001,50
4739,2,maize,2,DAP,0.001,8
4739,2,maize,3,KAS,0.4,24
4740,2,maize,1,PK,0.001,50
4740,2,maize,2,DAP,0.001,8
4740,2,maize,3,KAS,0.4,24
4741,2,maize,1,PK,0.001,50
4741,2,maize,2,DAP,0.001,8
4741,2,maize,3,KAS,0.4,24
4743,2,maize,1,PK,0.001,50
4743,2,maize,2,DAP,0.001,8
4743,2,maize,3,KAS,0.4,24
4745,2,maize,1,PK,0.001,50
4745,2,maize,2,DAP,0.001,8
4745,2,maize,3,KAS,0.4,24
4746,2,maize,1,PK,0.001,50
4746,2,maize,2,DAP,0.001,8
4746,2,maize,3,KAS,0.4,24
4750,2,maize,1,PK,0.001,50
4750,2,maize,2,DAP,0.001,8
4750,2,maize,3,KAS,0.4,24
4752,2,maize,1,PK,0.001,50
4752,2,maize,2,DAP,0.001,8
4752,2,maize,3,KAS,0.4,24
4756,2,maize,1,PK,0.001,50
4756,2,maize,2,DAP,0.001,8
4756,2,maize,3,KAS,0.4,24
4757,2,maize,1,PK,0.001,50
4757,2,maize,2,DAP,0.001,8
4757,2,maize,3,KAS,0.4,24
4759,2,maize,1,PK,0.001,50
4759,2,maize,2,DAP,0.001,8
4759,2,maize,3,KAS,0.4,24
4760,2,maize,1,PK,0.001,50
4760,2,maize,2,DAP,0.001,8
4760,2,maize,3,KAS,0.4,24
4764,2,maize,1,PK,0.001,50
4764,2,maize,2,DAP,0.001,8
4764,2,maize,3,KAS,0.4,24
4765,2,maize,1,PK,0.001,50
4765,2,maize,2,DAP,0.001,8
4765,2,maize,3,KAS,0.4,24
4766,2,maize,1,PK,0.001,50
4766,2,maize,2,DAP,0.001,8
4766,2,maize,3,KAS,0.4,24
4770,2,maize,1,PK,0.001,50
4770,2,maize,2,DAP,0.001,8
4770,2,maize,3,KAS,0.4,24
4773,2,maize,1,PK,0.001,50
4773,2,maize,2,DAP,0.001,8
4773,2,maize,3,KAS,0.4,24
4776,2,maize,1,PK,0.001,50
4776,2,maize,2,DAP,0.001,8
4776,2,maize,3,KAS,0.4,24
4777,2,maize,1,PK,0.001,50
4777,2,maize,2,DAP,0.001,8
4777,2,maize,3,KAS,0.4,24
4779,2,maize,1,PK,0.001,50
4779,2,maize,2,DAP,0.001,8
4779,2,maize,3,KAS,0.4,24
4781,2,maize,1,PK,0.001,50
4781,2,maize,2,DAP,0.001,8
4781,2,maize,3,KAS,0.4,24
4782,2,maize,1,PK,0.001,50
4782,2,maize,2,DAP,0.001,8
4782,2,maize,3,KAS,0.4,24
4783,2,maize,1,PK,0.001,50
4783,2,maize,2,DAP,0.001,8
4783,2,maize,3,KAS,0.4,24
4786,2,maize,1,PK,0.001,50
4786,2,maize,2,DAP,0.001,8
4786,2,maize,3,KAS,0.4,24
4787,2,maize,1,PK,0.001,50
4787,2,maize,2,DAP,0.001,8
4787,2,maize,3,KAS,0.4,24
4788,2,maize,1,PK,0.001,50
4788,2,maize,2,DAP,0.001,8
4788,2,maize,3,KAS,0.4,24
4789,2,maize,1,PK,0.001,50
4789,2,maize,2,DAP,0.001,8
4789,2,maize,3,KAS,0.4,24
4790,2,maize,1,PK,0.001,50
4790,2,maize,2,DAP,0.001,8
4790,2,maize,3,KAS,0.4,24
4792,2,maize,1,PK,0.001,50
4792,2,maize,2,DAP,0.001,8
4792,2,maize,3,KAS,0.4,24
4793,2,maize,1,PK,0.001,50
4793,2,maize,2,DAP,0.001,8
4793,2,maize,3,KAS,0.4,24
4794,2,maize,1,PK,0.001,50
4794,2,maize,2,DAP,0.001,8
4794,2,maize,3,KAS,0.4,24
4795,2,maize,1,PK,0.001,50
4795,2,maize,2,DAP,0.001,8
4795,2,maize,3,KAS,0.4,24
4798,2,maize,1,PK,0.001,50
4798,2,maize,2,DAP,0.001,8
4798,2,maize,3,KAS,0.4,24
4800,2,maize,1,PK,0.001,50
4800,2,maize,2,DAP,0.001,8
4800,2,maize,3,KAS,0.4,24
4801,2,maize,1,PK,0.001,50
4801,2,maize,2,DAP,0.001,8
4801,2,maize,3,KAS,0.4,24
4802,2,maize,1,PK,0.001,50
4802,2,maize,2,DAP,0.001,8
4802,2,maize,3,KAS,0.4,24
4803,2,maize,1,PK,0.001,50
4803,2,maize,2,DAP,0.001,8
4803,2,maize,3,KAS,0.4,24
4804,2,maize,1,PK,0.001,50
4804,2,maize,2,DAP,0.001,8
4804,2,maize,3,KAS,0.4,24
4807,2,maize,1,PK,0.001,50
4807,2,maize,2,DAP,0.001,8
4807,2,maize,3,KAS,0.4,24
4824,2,maize,1,PK,0.001,50
4824,2,maize,2,DAP,0.001,8
4824,2,maize,3,KAS,0.4,24
4825,2,maize,1,PK,0.001,50
4825,2,maize,2,DAP,0.001,8
4825,2,maize,3,KAS,0.4,24
4826,2,maize,1,PK,0.001,50
4826,2,maize,2,DAP,0.001,8
4826,2,maize,3,KAS,0.4,24
4828,2,maize,1,PK,0.001,50
4828,2,maize,2,DAP,0.001,8
4828,2,maize,3,KAS,0.4,24
4829,2,maize,1,PK,0.001,50
4829,2,maize,2,DAP,0.001,8
4829,2,maize,3,KAS,0.4,24
4830,2,maize,1,PK,0.001,50
4830,2,maize,2,DAP,0.001,8
4830,2,maize,3,KAS,0.4,24
4831,2,maize,1,PK,0.001,50
4831,2,maize,2,DAP,0.001,8
4831,2,maize,3,KAS,0.4,24
4832,2,maize,1,PK,0.001,50
4832,2,maize,2,DAP,0.001,8
4832,2,maize,3,KAS,0.4,24
4833,2,maize,1,PK,0.001,50
4833,2,maize,2,DAP,0.001,8
4833,2,maize,3,KAS,0.4,24
4834,2,maize,1,PK,0.001,50
4834,2,maize,2,DAP,0.001,8
4834,2,maize,3,KAS,0.4,24
4835,2,maize,1,PK,0.001,50
4835,2,maize,2,DAP,0.001,8
4835,2,maize,3,KAS,0.4,24
4836,2,maize,1,PK,0.001,50
4836,2,maize,2,DAP,0.001,8
4836,2,maize,3,KAS,0.4,24
4839,2,maize,1,PK,0.001,50
4839,2,maize,2,DAP,0.001,8
4839,2,maize,3,KAS,0.4,24
4841,2,maize,1,PK,0.001,50
4841,2,maize,2,DAP,0.001,8
4841,2,maize,3,KAS,0.4,24
4842,2,maize,1,PK,0.001,50
4842,2,maize,2,DAP,0.001,8
4842,2,maize,3,KAS,0.4,24
4843,2,maize,1,PK,0.001,50
4843,2,maize,2,DAP,0.001,8
4843,2,maize,3,KAS,0.4,24
4844,2,maize,1,PK,0.001,50
4844,2,maize,2,DAP,0.001,8
4844,2,maize,3,KAS,0.4,24
4846,2,maize,1,PK,0.001,50
4846,2,maize,2,DAP,0.001,8
4846,2,maize,3,KAS,0.4,24
4848,2,maize,1,PK,0.001,50
4848,2,maize,2,DAP,0.001,8
4848,2,maize,3,KAS,0.4,24
4849,2,maize,1,PK,0.001,50
4849,2,maize,2,DAP,0.001,8
4849,2,maize,3,KAS,0.4,24
4850,2,maize,1,PK,0.001,50
4850,2,maize,2,DAP,0.001,8
4850,2,maize,3,KAS,0.4,24
4851,2,maize,1,PK,0.001,50
4851,2,maize,2,DAP,0.001,8
4851,2,maize,3,KAS,0.4,24
4854,2,maize,1,PK,0.001,50
4854,2,maize,2,DAP,0.001,8
4854,2,maize,3,KAS,0.4,24
4855,2,maize,1,PK,0.001,50
4855,2,maize,2,DAP,0.001,8
4855,2,maize,3,KAS,0.4,24
4858,2,maize,1,PK,0.001,50
4858,2,maize,2,DAP,0.001,8
4858,2,maize,3,KAS,0.4,24
4859,2,maize,1,PK,0.001,50
4859,2,maize,2,DAP,0.001,8
4859,2,maize,3,KAS,0.4,24
4860,2,maize,1,PK,0.001,50
4860,2,maize,2,DAP,0.001,8
4860,2,maize,3,KAS,0.4,24
4863,2,maize,1,PK,0.001,50
4863,2,maize,2,DAP,0.001,8
4863,2,maize,3,KAS,0.4,24
4868,2,maize,1,PK,0.001,50
4868,2,maize,2,DAP,0.001,8
4868,2,maize,3,KAS,0.4,24
4869,2,maize,1,PK,0.001,50
4869,2,maize,2,DAP,0.001,8
4869,2,maize,3,KAS,0.4,24
4871,2,maize,1,PK,0.001,50
4871,2,maize,2,DAP,0.001,8
4871,2,maize,3,KAS,0.4,24
4873,2,maize,1,PK,0.001,50
4873,2,maize,2,DAP,0.001,8
4873,2,maize,3,KAS,0.4,24
4876,2,maize,1,PK,0.001,50
4876,2,maize,2,DAP,0.001,8
4876,2,maize,3,KAS,0.4,24
4877,2,maize,1,PK,0.001,50
4877,2,maize,2,DAP,0.001,8
4877,2,maize,3,KAS,0.4,24
4880,2,maize,1,PK,0.001,50
4880,2,maize,2,DAP,0.001,8
4880,2,maize,3,KAS,0.4,24
4883,2,maize,1,PK,0.001,50
4883,2,maize,2,DAP,0.001,8
4883,2,maize,3,KAS,0.4,24
4884,2,maize,1,PK,0.001,50
4884,2,maize,2,DAP,0.001,8
4884,2,maize,3,KAS,0.4,24
4886,2,maize,1,PK,0.001,50
4886,2,maize,2,DAP,0.001,8
4886,2,maize,3,KAS,0.4,24
4887,2,maize,1,PK,0.001,50
4887,2,maize,2,DAP,0.001,8
4887,2,maize,3,KAS,0.4,24
4889,2,maize,1,PK,0.001,50
4889,2,maize,2,DAP,0.001,8
4889,2,maize,3,KAS,0.4,24
4890,2,maize,1,PK,0.001,50
4890,2,maize,2,DAP,0.001,8
4890,2,maize,3,KAS,0.4,24
4891,2,maize,1,PK,0.001,50
4891,2,maize,2,DAP,0.001,8
4891,2,maize,3,KAS,0.4,24
4892,2,maize,1,PK,0.001,50
4892,2,maize,2,DAP,0.001,8
4892,2,maize,3,KAS,0.4,24
4894,2,maize,1,PK,0.001,50
4894,2,maize,2,DAP,0.001,8
4894,2,maize,3,KAS,0.4,24
4895,2,maize,1,PK,0.001,50
4895,2,maize,2,DAP,0.001,8
4895,2,maize,3,KAS,0.4,24
4896,2,maize,1,PK,0.001,50
4896,2,maize,2,DAP,0.001,8
4896,2,maize,3,KAS,0.4,24
4897,2,maize,1,PK,0.001,50
4897,2,maize,2,DAP,0.001,8
4897,2,maize,3,KAS,0.4,24
4898,2,maize,1,PK,0.001,50
4898,2,maize,2,DAP,0.001,8
4898,2,maize,3,KAS,0.4,24
4899,2,maize,1,PK,0.001,50
4899,2,maize,2,DAP,0.001,8
4899,2,maize,3,KAS,0.4,24
4900,2,maize,1,PK,0.001,50
4900,2,maize,2,DAP,0.001,8
4900,2,maize,3,KAS,0.4,24
4901,2,maize,1,PK,0.001,50
4901,2,maize,2,DAP,0.001,8
4901,2,maize,3,KAS,0.4,24
4902,2,maize,1,PK,0.001,50
4902,2,maize,2,DAP,0.001,8
4902,2,maize,3,KAS,0.4,24
4904,2,maize,1,PK,0.001,50
4904,2,maize,2,DAP,0.001,8
4904,2,maize,3,KAS,0.4,24
4907,2,maize,1,PK,0.001,50
4907,2,maize,2,DAP,0.001,8
4907,2,maize,3,KAS,0.4,24
4909,2,maize,1,PK,0.001,50
4909,2,maize,2,DAP,0.001,8
4909,2,maize,3,KAS,0.4,24
4910,2,maize,1,PK,0.001,50
4910,2,maize,2,DAP,0.001,8
4910,2,maize,3,KAS,0.4,24
4912,2,maize,1,PK,0.001,50
4912,2,maize,2,DAP,0.001,8
4912,2,maize,3,KAS,0.4,24
4918,2,maize,1,PK,0.001,50
4918,2,maize,2,DAP,0.001,8
4918,2,maize,3,KAS,0.4,24
4920,2,maize,1,PK,0.001,50
4920,2,maize,2,DAP,0.001,8
4920,2,maize,3,KAS,0.4,24
4922,2,maize,1,PK,0.001,50
4922,2,maize,2,DAP,0.001,8
4922,2,maize,3,KAS,0.4,24
4925,2,maize,1,PK,0.001,50
4925,2,maize,2,DAP,0.001,8
4925,2,maize,3,KAS,0.4,24
4928,2,maize,1,PK,0.001,50
4928,2,maize,2,DAP,0.001,8
4928,2,maize,3,KAS,0.4,24
4929,2,maize,1,PK,0.001,50
4929,2,maize,2,DAP,0.001,8
4929,2,maize,3,KAS,0.4,24
4930,2,maize,1,PK,0.001,50
4930,2,maize,2,DAP,0.001,8
4930,2,maize,3,KAS,0.4,24
4931,2,maize,1,PK,0.001,50
4931,2,maize,2,DAP,0.001,8
4931,2,maize,3,KAS,0.4,24
4932,2,maize,1,PK,0.001,50
4932,2,maize,2,DAP,0.001,8
4932,2,maize,3,KAS,0.4,24
4933,2,maize,1,PK,0.001,50
4933,2,maize,2,DAP,0.001,8
4933,2,maize,3,KAS,0.4,24
4934,2,maize,1,PK,0.001,50
4934,2,maize,2,DAP,0.001,8
4934,2,maize,3,KAS,0.4,24
4935,2,maize,1,PK,0.001,50
4935,2,maize,2,DAP,0.001,8
4935,2,maize,3,KAS,0.4,24
4937,2,maize,1,PK,0.001,50
4937,2,maize,2,DAP,0.001,8
4937,2,maize,3,KAS,0.4,24
4942,2,maize,1,PK,0.001,50
4942,2,maize,2,DAP,0.001,8
4942,2,maize,3,KAS,0.4,24
4943,2,maize,1,PK,0.001,50
4943,2,maize,2,DAP,0.001,8
4943,2,maize,3,KAS,0.4,24
4945,2,maize,1,PK,0.001,50
4945,2,maize,2,DAP,0.001,8
4945,2,maize,3,KAS,0.4,24
4946,2,maize,1,PK,0.001,50
4946,2,maize,2,DAP,0.001,8
4946,2,maize,3,KAS,0.4,24
4947,2,maize,1,PK,0.001,50
4947,2,maize,2,DAP,0.001,8
4947,2,maize,3,KAS,0.4,24
4948,2,maize,1,PK,0.001,50
4948,2,maize,2,DAP,0.001,8
4948,2,maize,3,KAS,0.4,24
4949,2,maize,1,PK,0.001,50
4949,2,maize,2,DAP,0.001,8
4949,2,maize,3,KAS,0.4,24
4951,2,maize,1,PK,0.001,50
4951,2,maize,2,DAP,0.001,8
4951,2,maize,3,KAS,0.4,24
4952,2,maize,1,PK,0.001,50
4952,2,maize,2,DAP,0.001,8
4952,2,maize,3,KAS,0.4,24
4953,2,maize,1,PK,0.001,50
4953,2,maize,2,DAP,0.001,8
4953,2,maize,3,KAS,0.4,24
4954,2,maize,1,PK,0.001,50
4954,2,maize,2,DAP,0.001,8
4954,2,maize,3,KAS,0.4,24
4955,2,maize,1,PK,0.001,50
4955,2,maize,2,DAP,0.001,8
4955,2,maize,3,KAS,0.4,24
4957,2,maize,1,PK,0.001,50
4957,2,maize,2,DAP,0.001,8
4957,2,maize,3,KAS,0.4,24
4958,2,maize,1,PK,0.001,50
4958,2,maize,2,DAP,0.001,8
4958,2,maize,3,KAS,0.4,24
4960,2,maize,1,PK,0.001,50
4960,2,maize,2,DAP,0.001,8
4960,2,maize,3,KAS,0.4,24
4961,2,maize,1,PK,0.001,50
4961,2,maize,2,DAP,0.001,8
4961,2,maize,3,KAS,0.4,24
4962,2,maize,1,PK,0.001,50
4962,2,maize,2,DAP,0.001,8
4962,2,maize,3,KAS,0.4,24
4963,2,maize,1,PK,0.001,50
4963,2,maize,2,DAP,0.001,8
4963,2,maize,3,KAS,0.4,24
4964,2,maize,1,PK,0.001,50
4964,2,maize,2,DAP,0.001,8
4964,2,maize,3,KAS,0.4,24
4965,2,maize,1,PK,0.001,50
4965,2,maize,2,DAP,0.001,8
4965,2,maize,3,KAS,0.4,24
4966,2,maize,1,PK,0.001,50
4966,2,maize,2,DAP,0.001,8
4966,2,maize,3,KAS,0.4,24
4969,2,maize,1,PK,0.001,50
4969,2,maize,2,DAP,0.001,8
4969,2,maize,3,KAS,0.4,24
4973,2,maize,1,PK,0.001,50
4973,2,maize,2,DAP,0.001,8
4973,2,maize,3,KAS,0.4,24
4975,2,maize,1,PK,0.001,50
4975,2,maize,2,DAP,0.001,8
4975,2,maize,3,KAS,0.4,24
4976,2,maize,1,PK,0.001,50
4976,2,maize,2,DAP,0.001,8
4976,2,maize,3,KAS,0.4,24
4977,2,maize,1,PK,0.001,50
4977,2,maize,2,DAP,0.001,8
4977,2,maize,3,KAS,0.4,24
4978,2,maize,1,PK,0.001,50
4978,2,maize,2,DAP,0.001,8
4978,2,maize,3,KAS,0.4,24
4979,2,maize,1,PK,0.001,50
4979,2,maize,2,DAP,0.001,8
4979,2,maize,3,KAS,0.4,24
4981,2,maize,1,PK,0.001,50
4981,2,maize,2,DAP,0.001,8
4981,2,maize,3,KAS,0.4,24
4982,2,maize,1,PK,0.001,50
4982,2,maize,2,DAP,0.001,8
4982,2,maize,3,KAS,0.4,24
4983,2,maize,1,PK,0.001,50
4983,2,maize,2,DAP,0.001,8
4983,2,maize,3,KAS,0.4,24
4987,2,maize,1,PK,0.001,50
4987,2,maize,2,DAP,0.001,8
4987,2,maize,3,KAS,0.4,24
4988,2,maize,1,PK,0.001,50
4988,2,maize,2,DAP,0.001,8
4988,2,maize,3,KAS,0.4,24
4990,2,maize,1,PK,0.001,50
4990,2,maize,2,DAP,0.001,8
4990,2,maize,3,KAS,0.4,24
4991,2,maize,1,PK,0.001,50
4991,2,maize,2,DAP,0.001,8
4991,2,maize,3,KAS,0.4,24
4992,2,maize,1,PK,0.001,50
4992,2,maize,2,DAP,0.001,8
4992,2,maize,3,KAS,0.4,24
4993,2,maize,1,PK,0.001,50
4993,2,maize,2,DAP,0.001,8
4993,2,maize,3,KAS,0.4,24
4995,2,maize,1,PK,0.001,50
4995,2,maize,2,DAP,0.001,8
4995,2,maize,3,KAS,0.4,24
4996,2,maize,1,PK,0.001,50
4996,2,maize,2,DAP,0.001,8
4996,2,maize,3,KAS,0.4,24
4997,2,maize,1,PK,0.001,50
4997,2,maize,2,DAP,0.001,8
4997,2,maize,3,KAS,0.4,24
4998,2,maize,1,PK,0.001,50
4998,2,maize,2,DAP,0.001,8
4998,2,maize,3,KAS,0.4,24
5002,2,maize,1,PK,0.001,50
5002,2,maize,2,DAP,0.001,8
5002,2,maize,3,KAS,0.4,24
5003,2,maize,1,PK,0.001,50
5003,2,maize,2,DAP,0.001,8
5003,2,maize,3,KAS,0.4,24
5004,2,maize,1,PK,0.001,50
5004,2,maize,2,DAP,0.001,8
5004,2,maize,3,KAS,0.4,24
5005,2,maize,1,PK,0.001,50
5005,2,maize,2,DAP,0.001,8
5005,2,maize,3,KAS,0.4,24
5007,2,maize,1,PK,0.001,50
5007,2,maize,2,DAP,0.001,8
5007,2,maize,3,KAS,0.4,24
5008,2,maize,1,PK,0.001,50
5008,2,maize,2,DAP,0.001,8
5008,2,maize,3,KAS,0.4,24
5010,2,maize,1,PK,0.001,50
5010,2,maize,2,DAP,0.001,8
5010,2,maize,3,KAS,0.4,24
5011,2,maize,1,PK,0.001,50
5011,2,maize,2,DAP,0.001,8
5011,2,maize,3,KAS,0.4,24
5012,2,maize,1,PK,0.001,50
5012,2,maize,2,DAP,0.001,8
5012,2,maize,3,KAS,0.4,24
5013,2,maize,1,PK,0.001,50
5013,2,maize,2,DAP,0.001,8
5013,2,maize,3,KAS,0.4,24
5014,2,maize,1,PK,0.001,50
5014,2,maize,2,DAP,0.001,8
5014,2,maize,3,KAS,0.4,24
5015,2,maize,1,PK,0.001,50
5015,2,maize,2,DAP,0.001,8
5015,2,maize,3,KAS,0.4,24
5022,2,maize,1,PK,0.001,50
5022,2,maize,2,DAP,0.001,8
5022,2,maize,3,KAS,0.4,24
5023,2,maize,1,PK,0.001,50
5023,2,maize,2,DAP,0.001,8
5023,2,maize,3,KAS,0.4,24
5024,2,maize,1,PK,0.001,50
5024,2,maize,2,DAP,0.001,8
5024,2,maize,3,KAS,0.4,24
5026,2,maize,1,PK,0.001,50
5026,2,maize,2,DAP,0.001,8
5026,2,maize,3,KAS,0.4,24
5030,2,maize,1,PK,0.001,50
5030,2,maize,2,DAP,0.001,8
5030,2,maize,3,KAS,0.4,24
5031,2,maize,1,PK,0.001,50
5031,2,maize,2,DAP,0.001,8
5031,2,maize,3,KAS,0.4,24
5033,2,maize,1,PK,0.001,50
5033,2,maize,2,DAP,0.001,8
5033,2,maize,3,KAS,0.4,24
5038,2,maize,1,PK,0.001,50
5038,2,maize,2,DAP,0.001,8
5038,2,maize,3,KAS,0.4,24
5040,2,maize,1,PK,0.001,50
5040,2,maize,2,DAP,0.001,8
5040,2,maize,3,KAS,0.4,24
5042,2,maize,1,PK,0.001,50
5042,2,maize,2,DAP,0.001,8
5042,2,maize,3,KAS,0.4,24
5043,2,maize,1,PK,0.001,50
5043,2,maize,2,DAP,0.001,8
5043,2,maize,3,KAS,0.4,24
5046,2,maize,1,PK,0.001,50
5046,2,maize,2,DAP,0.001,8
5046,2,maize,3,KAS,0.4,24
5047,2,maize,1,PK,0.001,50
5047,2,maize,2,DAP,0.001,8
5047,2,maize,3,KAS,0.4,24
5048,2,maize,1,PK,0.001,50
5048,2,maize,2,DAP,0.001,8
5048,2,maize,3,KAS,0.4,24
5049,2,maize,1,PK,0.001,50
5049,2,maize,2,DAP,0.001,8
5049,2,maize,3,KAS,0.4,24
5051,2,maize,1,PK,0.001,50
5051,2,maize,2,DAP,0.001,8
5051,2,maize,3,KAS,0.4,24
5054,2,maize,1,PK,0.001,50
5054,2,maize,2,DAP,0.001,8
5054,2,maize,3,KAS,0.4,24
5055,2,maize,1,PK,0.001,50
5055,2,maize,2,DAP,0.001,8
5055,2,maize,3,KAS,0.4,24
5056,2,maize,1,PK,0.001,50
5056,2,maize,2,DAP,0.001,8
5056,2,maize,3,KAS,0.4,24
5057,2,maize,1,PK,0.001,50
5057,2,maize,2,DAP,0.001,8
5057,2,maize,3,KAS,0.4,24
5059,2,maize,1,PK,0.001,50
5059,2,maize,2,DAP,0.001,8
5059,2,maize,3,KAS,0.4,24
5060,2,maize,1,PK,0.001,50
5060,2,maize,2,DAP,0.001,8
5060,2,maize,3,KAS,0.4,24
5061,2,maize,1,PK,0.001,50
5061,2,maize,2,DAP,0.001,8
5061,2,maize,3,KAS,0.4,24
5065,2,maize,1,PK,0.001,50
5065,2,maize,2,DAP,0.001,8
5065,2,maize,3,KAS,0.4,24
5066,2,maize,1,PK,0.001,50
5066,2,maize,2,DAP,0.001,8
5066,2,maize,3,KAS,0.4,24
5067,2,maize,1,PK,0.001,50
5067,2,maize,2,DAP,0.001,8
5067,2,maize,3,KAS,0.4,24
5070,2,maize,1,PK,0.001,50
5070,2,maize,2,DAP,0.001,8
5070,2,maize,3,KAS,0.4,24
5071,2,maize,1,PK,0.001,50
5071,2,maize,2,DAP,0.001,8
5071,2,maize,3,KAS,0.4,24
5072,2,maize,1,PK,0.001,50
5072,2,maize,2,DAP,0.001,8
5072,2,maize,3,KAS,0.4,24
5073,2,maize,1,PK,0.001,50
5073,2,maize,2,DAP,0.001,8
5073,2,maize,3,KAS,0.4,24
5074,2,maize,1,PK,0.001,50
5074,2,maize,2,DAP,0.001,8
5074,2,maize,3,KAS,0.4,24
5076,2,maize,1,PK,0.001,50
5076,2,maize,2,DAP,0.001,8
5076,2,maize,3,KAS,0.4,24
5080,2,maize,1,PK,0.001,50
5080,2,maize,2,DAP,0.001,8
5080,2,maize,3,KAS,0.4,24
5081,2,maize,1,PK,0.001,50
5081,2,maize,2,DAP,0.001,8
5081,2,maize,3,KAS,0.4,24
5084,2,maize,1,PK,0.001,50
5084,2,maize,2,DAP,0.001,8
5084,2,maize,3,KAS,0.4,24
5088,2,maize,1,PK,0.001,50
5088,2,maize,2,DAP,0.001,8
5088,2,maize,3,KAS,0.4,24
5090,2,maize,1,PK,0.001,50
5090,2,maize,2,DAP,0.001,8
5090,2,maize,3,KAS,0.4,24
5091,2,maize,1,PK,0.001,50
5091,2,maize,2,DAP,0.001,8
5091,2,maize,3,KAS,0.4,24
5096,2,maize,1,PK,0.001,50
5096,2,maize,2,DAP,0.001,8
5096,2,maize,3,KAS,0.4,24
5097,2,maize,1,PK,0.001,50
5097,2,maize,2,DAP,0.001,8
5097,2,maize,3,KAS,0.4,24
5098,2,maize,1,PK,0.001,50
5098,2,maize,2,DAP,0.001,8
5098,2,maize,3,KAS,0.4,24
5102,2,maize,1,PK,0.001,50
5102,2,maize,2,DAP,0.001,8
5102,2,maize,3,KAS,0.4,24
5103,2,maize,1,PK,0.001,50
5103,2,maize,2,DAP,0.001,8
5103,2,maize,3,KAS,0.4,24
5104,2,maize,1,PK,0.001,50
5104,2,maize,2,DAP,0.001,8
5104,2,maize,3,KAS,0.4,24
5108,2,maize,1,PK,0.001,50
5108,2,maize,2,DAP,0.001,8
5108,2,maize,3,KAS,0.4,24
5109,2,maize,1,PK,0.001,50
5109,2,maize,2,DAP,0.001,8
5109,2,maize,3,KAS,0.4,24
5110,2,maize,1,PK,0.001,50
5110,2,maize,2,DAP,0.001,8
5110,2,maize,3,KAS,0.4,24
5111,2,maize,1,PK,0.001,50
5111,2,maize,2,DAP,0.001,8
5111,2,maize,3,KAS,0.4,24
5114,2,maize,1,PK,0.001,50
5114,2,maize,2,DAP,0.001,8
5114,2,maize,3,KAS,0.4,24
5115,2,maize,1,PK,0.001,50
5115,2,maize,2,DAP,0.001,8
5115,2,maize,3,KAS,0.4,24
5116,2,maize,1,PK,0.001,50
5116,2,maize,2,DAP,0.001,8
5116,2,maize,3,KAS,0.4,24
5117,2,maize,1,PK,0.001,50
5117,2,maize,2,DAP,0.001,8
5117,2,maize,3,KAS,0.4,24
5121,2,maize,1,PK,0.001,50
5121,2,maize,2,DAP,0.001,8
5121,2,maize,3,KAS,0.4,24
5122,2,maize,1,PK,0.001,50
5122,2,maize,2,DAP,0.001,8
5122,2,maize,3,KAS,0.4,24
5123,2,maize,1,PK,0.001,50
5123,2,maize,2,DAP,0.001,8
5123,2,maize,3,KAS,0.4,24
5124,2,maize,1,PK,0.001,50
5124,2,maize,2,DAP,0.001,8
5124,2,maize,3,KAS,0.4,24
5128,2,maize,1,PK,0.001,50
5128,2,maize,2,DAP,0.001,8
5128,2,maize,3,KAS,0.4,24
5130,2,maize,1,PK,0.001,50
5130,2,maize,2,DAP,0.001,8
5130,2,maize,3,KAS,0.4,24
5131,2,maize,1,PK,0.001,50
5131,2,maize,2,DAP,0.001,8
5131,2,maize,3,KAS,0.4,24
5132,2,maize,1,PK,0.001,50
5132,2,maize,2,DAP,0.001,8
5132,2,maize,3,KAS,0.4,24
5133,2,maize,1,PK,0.001,50
5133,2,maize,2,DAP,0.001,8
5133,2,maize,3,KAS,0.4,24
5134,2,maize,1,PK,0.001,50
5134,2,maize,2,DAP,0.001,8
5134,2,maize,3,KAS,0.4,24
5135,2,maize,1,PK,0.001,50
5135,2,maize,2,DAP,0.001,8
5135,2,maize,3,KAS,0.4,24
5136,2,maize,1,PK,0.001,50
5136,2,maize,2,DAP,0.001,8
5136,2,maize,3,KAS,0.4,24
5137,2,maize,1,PK,0.001,50
5137,2,maize,2,DAP,0.001,8
5137,2,maize,3,KAS,0.4,24
5138,2,maize,1,PK,0.001,50
5138,2,maize,2,DAP,0.001,8
5138,2,maize,3,KAS,0.4,24
5139,2,maize,1,PK,0.001,50
5139,2,maize,2,DAP,0.001,8
5139,2,maize,3,KAS,0.4,24
5140,2,maize,1,PK,0.001,50
5140,2,maize,2,DAP,0.001,8
5140,2,maize,3,KAS,0.4,24
5141,2,maize,1,PK,0.001,50
5141,2,maize,2,DAP,0.001,8
5141,2,maize,3,KAS,0.4,24
5144,2,maize,1,PK,0.001,50
5144,2,maize,2,DAP,0.001,8
5144,2,maize,3,KAS,0.4,24
5145,2,maize,1,PK,0.001,50
5145,2,maize,2,DAP,0.001,8
5145,2,maize,3,KAS,0.4,24
5146,2,maize,1,PK,0.001,50
5146,2,maize,2,DAP,0.001,8
5146,2,maize,3,KAS,0.4,24
5148,2,maize,1,PK,0.001,50
5148,2,maize,2,DAP,0.001,8
5148,2,maize,3,KAS,0.4,24
5150,2,maize,1,PK,0.001,50
5150,2,maize,2,DAP,0.001,8
5150,2,maize,3,KAS,0.4,24
5152,2,maize,1,PK,0.001,50
5152,2,maize,2,DAP,0.001,8
5152,2,maize,3,KAS,0.4,24
5153,2,maize,1,PK,0.001,50
5153,2,maize,2,DAP,0.001,8
5153,2,maize,3,KAS,0.4,24
5154,2,maize,1,PK,0.001,50
5154,2,maize,2,DAP,0.001,8
5154,2,maize,3,KAS,0.4,24
5155,2,maize,1,PK,0.001,50
5155,2,maize,2,DAP,0.001,8
5155,2,maize,3,KAS,0.4,24
5157,2,maize,1,PK,0.001,50
5157,2,maize,2,DAP,0.001,8
5157,2,maize,3,KAS,0.4,24
5159,2,maize,1,PK,0.001,50
5159,2,maize,2,DAP,0.001,8
5159,2,maize,3,KAS,0.4,24
5162,2,maize,1,PK,0.001,50
5162,2,maize,2,DAP,0.001,8
5162,2,maize,3,KAS,0.4,24
5163,2,maize,1,PK,0.001,50
5163,2,maize,2,DAP,0.001,8
5163,2,maize,3,KAS,0.4,24
5164,2,maize,1,PK,0.001,50
5164,2,maize,2,DAP,0.001,8
5164,2,maize,3,KAS,0.4,24
5165,2,maize,1,PK,0.001,50
5165,2,maize,2,DAP,0.001,8
5165,2,maize,3,KAS,0.4,24
5166,2,maize,1,PK,0.001,50
5166,2,maize,2,DAP,0.001,8
5166,2,maize,3,KAS,0.4,24
5168,2,maize,1,PK,0.001,50
5168,2,maize,2,DAP,0.001,8
5168,2,maize,3,KAS,0.4,24
5176,2,maize,1,PK,0.001,50
5176,2,maize,2,DAP,0.001,8
5176,2,maize,3,KAS,0.4,24
5178,2,maize,1,PK,0.001,50
5178,2,maize,2,DAP,0.001,8
5178,2,maize,3,KAS,0.4,24
5180,2,maize,1,PK,0.001,50
5180,2,maize,2,DAP,0.001,8
5180,2,maize,3,KAS,0.4,24
5181,2,maize,1,PK,0.001,50
5181,2,maize,2,DAP,0.001,8
5181,2,maize,3,KAS,0.4,24
5182,2,maize,1,PK,0.001,50
5182,2,maize,2,DAP,0.001,8
5182,2,maize,3,KAS,0.4,24
5183,2,maize,1,PK,0.001,50
5183,2,maize,2,DAP,0.001,8
5183,2,maize,3,KAS,0.4,24
5184,2,maize,1,PK,0.001,50
5184,2,maize,2,DAP,0.001,8
5184,2,maize,3,KAS,0.4,24
5186,2,maize,1,PK,0.001,50
5186,2,maize,2,DAP,0.001,8
5186,2,maize,3,KAS,0.4,24
5187,2,maize,1,PK,0.001,50
5187,2,maize,2,DAP,0.001,8
5187,2,maize,3,KAS,0.4,24
5189,2,maize,1,PK,0.001,50
5189,2,maize,2,DAP,0.001,8
5189,2,maize,3,KAS,0.4,24
5191,2,maize,1,PK,0.001,50
5191,2,maize,2,DAP,0.001,8
5191,2,maize,3,KAS,0.4,24
5192,2,maize,1,PK,0.001,50
5192,2,maize,2,DAP,0.001,8
5192,2,maize,3,KAS,0.4,24
5193,2,maize,1,PK,0.001,50
5193,2,maize,2,DAP,0.001,8
5193,2,maize,3,KAS,0.4,24
5203,2,maize,1,PK,0.001,50
5203,2,maize,2,DAP,0.001,8
5203,2,maize,3,KAS,0.4,24
5204,2,maize,1,PK,0.001,50
5204,2,maize,2,DAP,0.001,8
5204,2,maize,3,KAS,0.4,24
5207,2,maize,1,PK,0.001,50
5207,2,maize,2,DAP,0.001,8
5207,2,maize,3,KAS,0.4,24
5208,2,maize,1,PK,0.001,50
5208,2,maize,2,DAP,0.001,8
5208,2,maize,3,KAS,0.4,24
5209,2,maize,1,PK,0.001,50
5209,2,maize,2,DAP,0.001,8
5209,2,maize,3,KAS,0.4,24
5211,2,maize,1,PK,0.001,50
5211,2,maize,2,DAP,0.001,8
5211,2,maize,3,KAS,0.4,24
5214,2,maize,1,PK,0.001,50
5214,2,maize,2,DAP,0.001,8
5214,2,maize,3,KAS,0.4,24
5216,2,maize,1,PK,0.001,50
5216,2,maize,2,DAP,0.001,8
5216,2,maize,3,KAS,0.4,24
5218,2,maize,1,PK,0.001,50
5218,2,maize,2,DAP,0.001,8
5218,2,maize,3,KAS,0.4,24
5219,2,maize,1,PK,0.001,50
5219,2,maize,2,DAP,0.001,8
5219,2,maize,3,KAS,0.4,24
5223,2,maize,1,PK,0.001,50
5223,2,maize,2,DAP,0.001,8
5223,2,maize,3,KAS,0.4,24
5227,2,maize,1,PK,0.001,50
5227,2,maize,2,DAP,0.001,8
5227,2,maize,3,KAS,0.4,24
5228,2,maize,1,PK,0.001,50
5228,2,maize,2,DAP,0.001,8
5228,2,maize,3,KAS,0.4,24
5229,2,maize,1,PK,0.001,50
5229,2,maize,2,DAP,0.001,8
5229,2,maize,3,KAS,0.4,24
5230,2,maize,1,PK,0.001,50
5230,2,maize,2,DAP,0.001,8
5230,2,maize,3,KAS,0.4,24
5231,2,maize,1,PK,0.001,50
5231,2,maize,2,DAP,0.001,8
5231,2,maize,3,KAS,0.4,24
5233,2,maize,1,PK,0.001,50
5233,2,maize,2,DAP,0.001,8
5233,2,maize,3,KAS,0.4,24
5236,2,maize,1,PK,0.001,50
5236,2,maize,2,DAP,0.001,8
5236,2,maize,3,KAS,0.4,24
5237,2,maize,1,PK,0.001,50
5237,2,maize,2,DAP,0.001,8
5237,2,maize,3,KAS,0.4,24
5238,2,maize,1,PK,0.001,50
5238,2,maize,2,DAP,0.001,8
5238,2,maize,3,KAS,0.4,24
5239,2,maize,1,PK,0.001,50
5239,2,maize,2,DAP,0.001,8
5239,2,maize,3,KAS,0.4,24
5240,2,maize,1,PK,0.001,50
5240,2,maize,2,DAP,0.001,8
5240,2,maize,3,KAS,0.4,24
5241,2,maize,1,PK,0.001,50
5241,2,maize,2,DAP,0.001,8
5241,2,maize,3,KAS,0.4,24
5251,2,maize,1,PK,0.001,50
5251,2,maize,2,DAP,0.001,8
5251,2,maize,3,KAS,0.4,24
5252,2,maize,1,PK,0.001,50
5252,2,maize,2,DAP,0.001,8
5252,2,maize,3,KAS,0.4,24
5254,2,maize,1,PK,0.001,50
5254,2,maize,2,DAP,0.001,8
5254,2,maize,3,KAS,0.4,24
5255,2,maize,1,PK,0.001,50
5255,2,maize,2,DAP,0.001,8
5255,2,maize,3,KAS,0.4,24
5256,2,maize,1,PK,0.001,50
5256,2,maize,2,DAP,0.001,8
5256,2,maize,3,KAS,0.4,24
5257,2,maize,1,PK,0.001,50
5257,2,maize,2,DAP,0.001,8
5257,2,maize,3,KAS,0.4,24
5259,2,maize,1,PK,0.001,50
5259,2,maize,2,DAP,0.001,8
5259,2,maize,3,KAS,0.4,24
5260,2,maize,1,PK,0.001,50
5260,2,maize,2,DAP,0.001,8
5260,2,maize,3,KAS,0.4,24
5261,2,maize,1,PK,0.001,50
5261,2,maize,2,DAP,0.001,8
5261,2,maize,3,KAS,0.4,24
5262,2,maize,1,PK,0.001,50
5262,2,maize,2,DAP,0.001,8
5262,2,maize,3,KAS,0.4,24
5265,2,maize,1,PK,0.001,50
5265,2,maize,2,DAP,0.001,8
5265,2,maize,3,KAS,0.4,24
5267,2,maize,1,PK,0.001,50
5267,2,maize,2,DAP,0.001,8
5267,2,maize,3,KAS,0.4,24
5271,2,maize,1,PK,0.001,50
5271,2,maize,2,DAP,0.001,8
5271,2,maize,3,KAS,0.4,24
5274,2,maize,1,PK,0.001,50
5274,2,maize,2,DAP,0.001,8
5274,2,maize,3,KAS,0.4,24
5277,2,maize,1,PK,0.001,50
5277,2,maize,2,DAP,0.001,8
5277,2,maize,3,KAS,0.4,24
5278,2,maize,1,PK,0.001,50
5278,2,maize,2,DAP,0.001,8
5278,2,maize,3,KAS,0.4,24
5279,2,maize,1,PK,0.001,50
5279,2,maize,2,DAP,0.001,8
5279,2,maize,3,KAS,0.4,24
5280,2,maize,1,PK,0.001,50
5280,2,maize,2,DAP,0.001,8
5280,2,maize,3,KAS,0.4,24
5281,2,maize,1,PK,0.001,50
5281,2,maize,2,DAP,0.001,8
5281,2,maize,3,KAS,0.4,24
5282,2,maize,1,PK,0.001,50
5282,2,maize,2,DAP,0.001,8
5282,2,maize,3,KAS,0.4,24
5283,2,maize,1,PK,0.001,50
5283,2,maize,2,DAP,0.001,8
5283,2,maize,3,KAS,0.4,24
5284,2,maize,1,PK,0.001,50
5284,2,maize,2,DAP,0.001,8
5284,2,maize,3,KAS,0.4,24
5285,2,maize,1,PK,0.001,50
5285,2,maize,2,DAP,0.001,8
5285,2,maize,3,KAS,0.4,24
5286,2,maize,1,PK,0.001,50
5286,2,maize,2,DAP,0.001,8
5286,2,maize,3,KAS,0.4,24
5288,2,maize,1,PK,0.001,50
5288,2,maize,2,DAP,0.001,8
5288,2,maize,3,KAS,0.4,24
5290,2,maize,1,PK,0.001,50
5290,2,maize,2,DAP,0.001,8
5290,2,maize,3,KAS,0.4,24
5300,2,maize,1,PK,0.001,50
5300,2,maize,2,DAP,0.001,8
5300,2,maize,3,KAS,0.4,24
5304,2,maize,1,PK,0.001,50
5304,2,maize,2,DAP,0.001,8
5304,2,maize,3,KAS,0.4,24
5308,2,maize,1,PK,0.001,50
5308,2,maize,2,DAP,0.001,8
5308,2,maize,3,KAS,0.4,24
5311,2,maize,1,PK,0.001,50
5311,2,maize,2,DAP,0.001,8
5311,2,maize,3,KAS,0.4,24
5315,2,maize,1,PK,0.001,50
5315,2,maize,2,DAP,0.001,8
5315,2,maize,3,KAS,0.4,24
5317,2,maize,1,PK,0.001,50
5317,2,maize,2,DAP,0.001,8
5317,2,maize,3,KAS,0.4,24
5318,2,maize,1,PK,0.001,50
5318,2,maize,2,DAP,0.001,8
5318,2,maize,3,KAS,0.4,24
5319,2,maize,1,PK,0.001,50
5319,2,maize,2,DAP,0.001,8
5319,2,maize,3,KAS,0.4,24
5321,2,maize,1,PK,0.001,50
5321,2,maize,2,DAP,0.001,8
5321,2,maize,3,KAS,0.4,24
5323,2,maize,1,PK,0.001,50
5323,2,maize,2,DAP,0.001,8
5323,2,maize,3,KAS,0.4,24
5324,2,maize,1,PK,0.001,50
5324,2,maize,2,DAP,0.001,8
5324,2,maize,3,KAS,0.4,24
5327,2,maize,1,PK,0.001,50
5327,2,maize,2,DAP,0.001,8
5327,2,maize,3,KAS,0.4,24
5328,2,maize,1,PK,0.001,50
5328,2,maize,2,DAP,0.001,8
5328,2,maize,3,KAS,0.4,24
5329,2,maize,1,PK,0.001,50
5329,2,maize,2,DAP,0.001,8
5329,2,maize,3,KAS,0.4,24
5331,2,maize,1,PK,0.001,50
5331,2,maize,2,DAP,0.001,8
5331,2,maize,3,KAS,0.4,24
5334,2,maize,1,PK,0.001,50
5334,2,maize,2,DAP,0.001,8
5334,2,maize,3,KAS,0.4,24
5335,2,maize,1,PK,0.001,50
5335,2,maize,2,DAP,0.001,8
5335,2,maize,3,KAS,0.4,24
5336,2,maize,1,PK,0.001,50
5336,2,maize,2,DAP,0.001,8
5336,2,maize,3,KAS,0.4,24
5337,2,maize,1,PK,0.001,50
5337,2,maize,2,DAP,0.001,8
5337,2,maize,3,KAS,0.4,24
5338,2,maize,1,PK,0.001,50
5338,2,maize,2,DAP,0.001,8
5338,2,maize,3,KAS,0.4,24
5339,2,maize,1,PK,0.001,50
5339,2,maize,2,DAP,0.001,8
5339,2,maize,3,KAS,0.4,24
5343,2,maize,1,PK,0.001,50
5343,2,maize,2,DAP,0.001,8
5343,2,maize,3,KAS,0.4,24
5344,2,maize,1,PK,0.001,50
5344,2,maize,2,DAP,0.001,8
5344,2,maize,3,KAS,0.4,24
5347,2,maize,1,PK,0.001,50
5347,2,maize,2,DAP,0.001,8
5347,2,maize,3,KAS,0.4,24
5348,2,maize,1,PK,0.001,50
5348,2,maize,2,DAP,0.001,8
5348,2,maize,3,KAS,0.4,24
5349,2,maize,1,PK,0.001,50
5349,2,maize,2,DAP,0.001,8
5349,2,maize,3,KAS,0.4,24
5350,2,maize,1,PK,0.001,50
5350,2,maize,2,DAP,0.001,8
5350,2,maize,3,KAS,0.4,24
5351,2,maize,1,PK,0.001,50
5351,2,maize,2,DAP,0.001,8
5351,2,maize,3,KAS,0.4,24
5352,2,maize,1,PK,0.001,50
5352,2,maize,2,DAP,0.001,8
5352,2,maize,3,KAS,0.4,24
5353,2,maize,1,PK,0.001,50
5353,2,maize,2,DAP,0.001,8
5353,2,maize,3,KAS,0.4,24
5354,2,maize,1,PK,0.001,50
5354,2,maize,2,DAP,0.001,8
5354,2,maize,3,KAS,0.4,24
5358,2,maize,1,PK,0.001,50
5358,2,maize,2,DAP,0.001,8
5358,2,maize,3,KAS,0.4,24
5359,2,maize,1,PK,0.001,50
5359,2,maize,2,DAP,0.001,8
5359,2,maize,3,KAS,0.4,24
5360,2,maize,1,PK,0.001,50
5360,2,maize,2,DAP,0.001,8
5360,2,maize,3,KAS,0.4,24
5363,2,maize,1,PK,0.001,50
5363,2,maize,2,DAP,0.001,8
5363,2,maize,3,KAS,0.4,24
5364,2,maize,1,PK,0.001,50
5364,2,maize,2,DAP,0.001,8
5364,2,maize,3,KAS,0.4,24
5366,2,maize,1,PK,0.001,50
5366,2,maize,2,DAP,0.001,8
5366,2,maize,3,KAS,0.4,24
5370,2,maize,1,PK,0.001,50
5370,2,maize,2,DAP,0.001,8
5370,2,maize,3,KAS,0.4,24
5371,2,maize,1,PK,0.001,50
5371,2,maize,2,DAP,0.001,8
5371,2,maize,3,KAS,0.4,24
5372,2,maize,1,PK,0.001,50
5372,2,maize,2,DAP,0.001,8
5372,2,maize,3,KAS,0.4,24
5374,2,maize,1,PK,0.001,50
5374,2,maize,2,DAP,0.001,8
5374,2,maize,3,KAS,0.4,24
5375,2,maize,1,PK,0.001,50
5375,2,maize,2,DAP,0.001,8
5375,2,maize,3,KAS,0.4,24
5378,2,maize,1,PK,0.001,50
5378,2,maize,2,DAP,0.001,8
5378,2,maize,3,KAS,0.4,24
5379,2,maize,1,PK,0.001,50
5379,2,maize,2,DAP,0.001,8
5379,2,maize,3,KAS,0.4,24
5380,2,maize,1,PK,0.001,50
5380,2,maize,2,DAP,0.001,8
5380,2,maize,3,KAS,0.4,24
5382,2,maize,1,PK,0.001,50
5382,2,maize,2,DAP,0.001,8
5382,2,maize,3,KAS,0.4,24
5383,2,maize,1,PK,0.001,50
5383,2,maize,2,DAP,0.001,8
5383,2,maize,3,KAS,0.4,24
5385,2,maize,1,PK,0.001,50
5385,2,maize,2,DAP,0.001,8
5385,2,maize,3,KAS,0.4,24
5386,2,maize,1,PK,0.001,50
5386,2,maize,2,DAP,0.001,8
5386,2,maize,3,KAS,0.4,24
5388,2,maize,1,PK,0.001,50
5388,2,maize,2,DAP,0.001,8
5388,2,maize,3,KAS,0.4,24
5389,2,maize,1,PK,0.001,50
5389,2,maize,2,DAP,0.001,8
5389,2,maize,3,KAS,0.4,24
5390,2,maize,1,PK,0.001,50
5390,2,maize,2,DAP,0.001,8
5390,2,maize,3,KAS,0.4,24
5391,2,maize,1,PK,0.001,50
5391,2,maize,2,DAP,0.001,8
5391,2,maize,3,KAS,0.4,24
5392,2,maize,1,PK,0.001,50
5392,2,maize,2,DAP,0.001,8
5392,2,maize,3,KAS,0.4,24
5394,2,maize,1,PK,0.001,50
5394,2,maize,2,DAP,0.001,8
5394,2,maize,3,KAS,0.4,24
5399,2,maize,1,PK,0.001,50
5399,2,maize,2,DAP,0.001,8
5399,2,maize,3,KAS,0.4,24
5400,2,maize,1,PK,0.001,50
5400,2,maize,2,DAP,0.001,8
5400,2,maize,3,KAS,0.4,24
5401,2,maize,1,PK,0.001,50
5401,2,maize,2,DAP,0.001,8
5401,2,maize,3,KAS,0.4,24
5402,2,maize,1,PK,0.001,50
5402,2,maize,2,DAP,0.001,8
5402,2,maize,3,KAS,0.4,24
5405,2,maize,1,PK,0.001,50
5405,2,maize,2,DAP,0.001,8
5405,2,maize,3,KAS,0.4,24
5406,2,maize,1,PK,0.001,50
5406,2,maize,2,DAP,0.001,8
5406,2,maize,3,KAS,0.4,24
5407,2,maize,1,PK,0.001,50
5407,2,maize,2,DAP,0.001,8
5407,2,maize,3,KAS,0.4,24
5411,2,maize,1,PK,0.001,50
5411,2,maize,2,DAP,0.001,8
5411,2,maize,3,KAS,0.4,24
5412,2,maize,1,PK,0.001,50
5412,2,maize,2,DAP,0.001,8
5412,2,maize,3,KAS,0.4,24
5415,2,maize,1,PK,0.001,50
5415,2,maize,2,DAP,0.001,8
5415,2,maize,3,KAS,0.4,24
5420,2,maize,1,PK,0.001,50
5420,2,maize,2,DAP,0.001,8
5420,2,maize,3,KAS,0.4,24
5422,2,maize,1,PK,0.001,50
5422,2,maize,2,DAP,0.001,8
5422,2,maize,3,KAS,0.4,24
5424,2,maize,1,PK,0.001,50
5424,2,maize,2,DAP,0.001,8
5424,2,maize,3,KAS,0.4,24
5426,2,maize,1,PK,0.001,50
5426,2,maize,2,DAP,0.001,8
5426,2,maize,3,KAS,0.4,24
5427,2,maize,1,PK,0.001,50
5427,2,maize,2,DAP,0.001,8
5427,2,maize,3,KAS,0.4,24
5431,2,maize,1,PK,0.001,50
5431,2,maize,2,DAP,0.001,8
5431,2,maize,3,KAS,0.4,24
5432,2,maize,1,PK,0.001,50
5432,2,maize,2,DAP,0.001,8
5432,2,maize,3,KAS,0.4,24
5435,2,maize,1,PK,0.001,50
5435,2,maize,2,DAP,0.001,8
5435,2,maize,3,KAS,0.4,24
5438,2,maize,1,PK,0.001,50
5438,2,maize,2,DAP,0.001,8
5438,2,maize,3,KAS,0.4,24
5439,2,maize,1,PK,0.001,50
5439,2,maize,2,DAP,0.001,8
5439,2,maize,3,KAS,0.4,24
5441,2,maize,1,PK,0.001,50
5441,2,maize,2,DAP,0.001,8
5441,2,maize,3,KAS,0.4,24
5444,2,maize,1,PK,0.001,50
5444,2,maize,2,DAP,0.001,8
5444,2,maize,3,KAS,0.4,24
5445,2,maize,1,PK,0.001,50
5445,2,maize,2,DAP,0.001,8
5445,2,maize,3,KAS,0.4,24
5446,2,maize,1,PK,0.001,50
5446,2,maize,2,DAP,0.001,8
5446,2,maize,3,KAS,0.4,24
5447,2,maize,1,PK,0.001,50
5447,2,maize,2,DAP,0.001,8
5447,2,maize,3,KAS,0.4,24
5450,2,maize,1,PK,0.001,50
5450,2,maize,2,DAP,0.001,8
5450,2,maize,3,KAS,0.4,24
5451,2,maize,1,PK,0.001,50
5451,2,maize,2,DAP,0.001,8
5451,2,maize,3,KAS,0.4,24
5462,2,maize,1,PK,0.001,50
5462,2,maize,2,DAP,0.001,8
5462,2,maize,3,KAS,0.4,24
5463,2,maize,1,PK,0.001,50
5463,2,maize,2,DAP,0.001,8
5463,2,maize,3,KAS,0.4,24
5468,2,maize,1,PK,0.001,50
5468,2,maize,2,DAP,0.001,8
5468,2,maize,3,KAS,0.4,24
5469,2,maize,1,PK,0.001,50
5469,2,maize,2,DAP,0.001,8
5469,2,maize,3,KAS,0.4,24
5471,2,maize,1,PK,0.001,50
5471,2,maize,2,DAP,0.001,8
5471,2,maize,3,KAS,0.4,24
5475,2,maize,1,PK,0.001,50
5475,2,maize,2,DAP,0.001,8
5475,2,maize,3,KAS,0.4,24
5477,2,maize,1,PK,0.001,50
5477,2,maize,2,DAP,0.001,8
5477,2,maize,3,KAS,0.4,24
5480,2,maize,1,PK,0.001,50
5480,2,maize,2,DAP,0.001,8
5480,2,maize,3,KAS,0.4,24
5482,2,maize,1,PK,0.001,50
5482,2,maize,2,DAP,0.001,8
5482,2,maize,3,KAS,0.4,24
5483,2,maize,1,PK,0.001,50
5483,2,maize,2,DAP,0.001,8
5483,2,maize,3,KAS,0.4,24
5484,2,maize,1,PK,0.001,50
5484,2,maize,2,DAP,0.001,8
5484,2,maize,3,KAS,0.4,24
5493,2,maize,1,PK,0.001,50
5493,2,maize,2,DAP,0.001,8
5493,2,maize,3,KAS,0.4,24
5497,2,maize,1,PK,0.001,50
5497,2,maize,2,DAP,0.001,8
5497,2,maize,3,KAS,0.4,24
5498,2,maize,1,PK,0.001,50
5498,2,maize,2,DAP,0.001,8
5498,2,maize,3,KAS,0.4,24
5506,2,maize,1,PK,0.001,50
5506,2,maize,2,DAP,0.001,8
5506,2,maize,3,KAS,0.4,24
5507,2,maize,1,PK,0.001,50
5507,2,maize,2,DAP,0.001,8
5507,2,maize,3,KAS,0.4,24
5509,2,maize,1,PK,0.001,50
5509,2,maize,2,DAP,0.001,8
5509,2,maize,3,KAS,0.4,24
5517,2,maize,1,PK,0.001,50
5517,2,maize,2,DAP,0.001,8
5517,2,maize,3,KAS,0.4,24
5518,2,maize,1,PK,0.001,50
5518,2,maize,2,DAP,0.001,8
5518,2,maize,3,KAS,0.4,24
5520,2,maize,1,PK,0.001,50
5520,2,maize,2,DAP,0.001,8
5520,2,maize,3,KAS,0.4,24
5524,2,maize,1,PK,0.001,50
5524,2,maize,2,DAP,0.001,8
5524,2,maize,3,KAS,0.4,24
5539,2,maize,1,PK,0.001,50
5539,2,maize,2,DAP,0.001,8
5539,2,maize,3,KAS,0.4,24
5543,2,maize,1,PK,0.001,50
5543,2,maize,2,DAP,0.001,8
5543,2,maize,3,KAS,0.4,24
5555,2,maize,1,PK,0.001,50
5555,2,maize,2,DAP,0.001,8
5555,2,maize,3,KAS,0.4,24
5556,2,maize,1,PK,0.001,50
5556,2,maize,2,DAP,0.001,8
5556,2,maize,3,KAS,0.4,24
6000,2,maize,1,PK,0.001,50
6000,2,maize,2,DAP,0.001,8
6000,2,maize,3,KAS,0.4,24
6001,2,maize,1,PK,0.001,50
6001,2,maize,2,DAP,0.001,8
6001,2,maize,3,KAS,0.4,24
6002,2,maize,1,PK,0.001,50
6002,2,maize,2,DAP,0.001,8
6002,2,maize,3,KAS,0.4,24
6004,2,maize,1,PK,0.001,50
6004,2,maize,2,DAP,0.001,8
6004,2,maize,3,KAS,0.4,24
6005,2,maize,1,PK,0.001,50
6005,2,maize,2,DAP,0.001,8
6005,2,maize,3,KAS,0.4,24
6006,2,maize,1,PK,0.001,50
6006,2,maize,2,DAP,0.001,8
6006,2,maize,3,KAS,0.4,24
6007,2,maize,1,PK,0.001,50
6007,2,maize,2,DAP,0.001,8
6007,2,maize,3,KAS,0.4,24
6008,2,maize,1,PK,0.001,50
6008,2,maize,2,DAP,0.001,8
6008,2,maize,3,KAS,0.4,24
6009,2,maize,1,PK,0.001,50
6009,2,maize,2,DAP,0.001,8
6009,2,maize,3,KAS,0.4,24
6010,2,maize,1,PK,0.001,50
6010,2,maize,2,DAP,0.001,8
6010,2,maize,3,KAS,0.4,24
6011,2,maize,1,PK,0.001,50
6011,2,maize,2,DAP,0.001,8
6011,2,maize,3,KAS,0.4,24
6012,2,maize,1,PK,0.001,50
6012,2,maize,2,DAP,0.001,8
6012,2,maize,3,KAS,0.4,24
6013,2,maize,1,PK,0.001,50
6013,2,maize,2,DAP,0.001,8
6013,2,maize,3,KAS,0.4,24
6014,2,maize,1,PK,0.001,50
6014,2,maize,2,DAP,0.001,8
6014,2,maize,3,KAS,0.4,24
6015,2,maize,1,PK,0.001,50
6015,2,maize,2,DAP,0.001,8
6015,2,maize,3,KAS,0.4,24
6016,2,maize,1,PK,0.001,50
6016,2,maize,2,DAP,0.001,8
6016,2,maize,3,KAS,0.4,24
6017,2,maize,1,PK,0.001,50
6017,2,maize,2,DAP,0.001,8
6017,2,maize,3,KAS,0.4,24
6018,2,maize,1,PK,0.001,50
6018,2,maize,2,DAP,0.001,8
6018,2,maize,3,KAS,0.4,24
6019,2,maize,1,PK,0.001,50
6019,2,maize,2,DAP,0.001,8
6019,2,maize,3,KAS,0.4,24
6020,2,maize,1,PK,0.001,50
6020,2,maize,2,DAP,0.001,8
6020,2,maize,3,KAS,0.4,24
6021,2,maize,1,PK,0.001,50
6021,2,maize,2,DAP,0.001,8
6021,2,maize,3,KAS,0.4,24
6023,2,maize,1,PK,0.001,50
6023,2,maize,2,DAP,0.001,8
6023,2,maize,3,KAS,0.4,24
6024,2,maize,1,PK,0.001,50
6024,2,maize,2,DAP,0.001,8
6024,2,maize,3,KAS,0.4,24
6025,2,maize,1,PK,0.001,50
6025,2,maize,2,DAP,0.001,8
6025,2,maize,3,KAS,0.4,24
6026,2,maize,1,PK,0.001,50
6026,2,maize,2,DAP,0.001,8
6026,2,maize,3,KAS,0.4,24
6027,2,maize,1,PK,0.001,50
6027,2,maize,2,DAP,0.001,8
6027,2,maize,3,KAS,0.4,24
6028,2,maize,1,PK,0.001,50
6028,2,maize,2,DAP,0.001,8
6028,2,maize,3,KAS,0.4,24
6029,2,maize,1,PK,0.001,50
6029,2,maize,2,DAP,0.001,8
6029,2,maize,3,KAS,0.4,24
6030,2,maize,1,PK,0.001,50
6030,2,maize,2,DAP,0.001,8
6030,2,maize,3,KAS,0.4,24
6031,2,maize,1,PK,0.001,50
6031,2,maize,2,DAP,0.001,8
6031,2,maize,3,KAS,0.4,24
6032,2,maize,1,PK,0.001,50
6032,2,maize,2,DAP,0.001,8
6032,2,maize,3,KAS,0.4,24
6033,2,maize,1,PK,0.001,50
6033,2,maize,2,DAP,0.001,8
6033,2,maize,3,KAS,0.4,24
6034,2,maize,1,PK,0.001,50
6034,2,maize,2,DAP,0.001,8
6034,2,maize,3,KAS,0.4,24
6035,2,maize,1,PK,0.001,50
6035,2,maize,2,DAP,0.001,8
6035,2,maize,3,KAS,0.4,24
6036,2,maize,1,PK,0.001,50
6036,2,maize,2,DAP,0.001,8
6036,2,maize,3,KAS,0.4,24
6037,2,maize,1,PK,0.001,50
6037,2,maize,2,DAP,0.001,8
6037,2,maize,3,KAS,0.4,24
6038,2,maize,1,PK,0.001,50
6038,2,maize,2,DAP,0.001,8
6038,2,maize,3,KAS,0.4,24
6039,2,maize,1,PK,0.001,50
6039,2,maize,2,DAP,0.001,8
6039,2,maize,3,KAS,0.4,24
6040,2,maize,1,PK,0.001,50
6040,2,maize,2,DAP,0.001,8
6040,2,maize,3,KAS,0.4,24
6041,2,maize,1,PK,0.001,50
6041,2,maize,2,DAP,0.001,8
6041,2,maize,3,KAS,0.4,24
6042,2,maize,1,PK,0.001,50
6042,2,maize,2,DAP,0.001,8
6042,2,maize,3,KAS,0.4,24
6043,2,maize,1,PK,0.001,50
6043,2,maize,2,DAP,0.001,8
6043,2,maize,3,KAS,0.4,24
6044,2,maize,1,PK,0.001,50
6044,2,maize,2,DAP,0.001,8
6044,2,maize,3,KAS,0.4,24
6045,2,maize,1,PK,0.001,50
6045,2,maize,2,DAP,0.001,8
6045,2,maize,3,KAS,0.4,24
6046,2,maize,1,PK,0.001,50
6046,2,maize,2,DAP,0.001,8
6046,2,maize,3,KAS,0.4,24
6047,2,maize,1,PK,0.001,50
6047,2,maize,2,DAP,0.001,8
6047,2,maize,3,KAS,0.4,24
6048,2,maize,1,PK,0.001,50
6048,2,maize,2,DAP,0.001,8
6048,2,maize,3,KAS,0.4,24
6049,2,maize,1,PK,0.001,50
6049,2,maize,2,DAP,0.001,8
6049,2,maize,3,KAS,0.4,24
6050,2,maize,1,PK,0.001,50
6050,2,maize,2,DAP,0.001,8
6050,2,maize,3,KAS,0.4,24
6051,2,maize,1,PK,0.001,50
6051,2,maize,2,DAP,0.001,8
6051,2,maize,3,KAS,0.4,24
6052,2,maize,1,PK,0.001,50
6052,2,maize,2,DAP,0.001,8
6052,2,maize,3,KAS,0.4,24
6055,2,maize,1,PK,0.001,50
6055,2,maize,2,DAP,0.001,8
6055,2,maize,3,KAS,0.4,24
6056,2,maize,1,PK,0.001,50
6056,2,maize,2,DAP,0.001,8
6056,2,maize,3,KAS,0.4,24
6057,2,maize,1,PK,0.001,50
6057,2,maize,2,DAP,0.001,8
6057,2,maize,3,KAS,0.4,24
6058,2,maize,1,PK,0.001,50
6058,2,maize,2,DAP,0.001,8
6058,2,maize,3,KAS,0.4,24
6059,2,maize,1,PK,0.001,50
6059,2,maize,2,DAP,0.001,8
6059,2,maize,3,KAS,0.4,24
6060,2,maize,1,PK,0.001,50
6060,2,maize,2,DAP,0.001,8
6060,2,maize,3,KAS,0.4,24
6061,2,maize,1,PK,0.001,50
6061,2,maize,2,DAP,0.001,8
6061,2,maize,3,KAS,0.4,24
6062,2,maize,1,PK,0.001,50
6062,2,maize,2,DAP,0.001,8
6062,2,maize,3,KAS,0.4,24
6063,2,maize,1,PK,0.001,50
6063,2,maize,2,DAP,0.001,8
6063,2,maize,3,KAS,0.4,24
6064,2,maize,1,PK,0.001,50
6064,2,maize,2,DAP,0.001,8
6064,2,maize,3,KAS,0.4,24
6065,2,maize,1,PK,0.001,50
6065,2,maize,2,DAP,0.001,8
6065,2,maize,3,KAS,0.4,24
6066,2,maize,1,PK,0.001,50
6066,2,maize,2,DAP,0.001,8
6066,2,maize,3,KAS,0.4,24
6067,2,maize,1,PK,0.001,50
6067,2,maize,2,DAP,0.001,8
6067,2,maize,3,KAS,0.4,24
6068,2,maize,1,PK,0.001,50
6068,2,maize,2,DAP,0.001,8
6068,2,maize,3,KAS,0.4,24
6069,2,maize,1,PK,0.001,50
6069,2,maize,2,DAP,0.001,8
6069,2,maize,3,KAS,0.4,24
6070,2,maize,1,PK,0.001,50
6070,2,maize,2,DAP,0.001,8
6070,2,maize,3,KAS,0.4,24
6071,2,maize,1,PK,0.001,50
6071,2,maize,2,DAP,0.001,8
6071,2,maize,3,KAS,0.4,24
6072,2,maize,1,PK,0.001,50
6072,2,maize,2,DAP,0.001,8
6072,2,maize,3,KAS,0.4,24
6073,2,maize,1,PK,0.001,50
6073,2,maize,2,DAP,0.001,8
6073,2,maize,3,KAS,0.4,24
6075,2,maize,1,PK,0.001,50
6075,2,maize,2,DAP,0.001,8
6075,2,maize,3,KAS,0.4,24
6077,2,maize,1,PK,0.001,50
6077,2,maize,2,DAP,0.001,8
6077,2,maize,3,KAS,0.4,24
6078,2,maize,1,PK,0.001,50
6078,2,maize,2,DAP,0.001,8
6078,2,maize,3,KAS,0.4,24
6079,2,maize,1,PK,0.001,50
6079,2,maize,2,DAP,0.001,8
6079,2,maize,3,KAS,0.4,24
6080,2,maize,1,PK,0.001,50
6080,2,maize,2,DAP,0.001,8
6080,2,maize,3,KAS,0.4,24
6081,2,maize,1,PK,0.001,50
6081,2,maize,2,DAP,0.001,8
6081,2,maize,3,KAS,0.4,24
6082,2,maize,1,PK,0.001,50
6082,2,maize,2,DAP,0.001,8
6082,2,maize,3,KAS,0.4,24
6083,2,maize,1,PK,0.001,50
6083,2,maize,2,DAP,0.001,8
6083,2,maize,3,KAS,0.4,24
6084,2,maize,1,PK,0.001,50
6084,2,maize,2,DAP,0.001,8
6084,2,maize,3,KAS,0.4,24
6085,2,maize,1,PK,0.001,50
6085,2,maize,2,DAP,0.001,8
6085,2,maize,3,KAS,0.4,24
6086,2,maize,1,PK,0.001,50
6086,2,maize,2,DAP,0.001,8
6086,2,maize,3,KAS,0.4,24
6087,2,maize,1,PK,0.001,50
6087,2,maize,2,DAP,0.001,8
6087,2,maize,3,KAS,0.4,24
6088,2,maize,1,PK,0.001,50
6088,2,maize,2,DAP,0.001,8
6088,2,maize,3,KAS,0.4,24
6089,2,maize,1,PK,0.001,50
6089,2,maize,2,DAP,0.001,8
6089,2,maize,3,KAS,0.4,24
6090,2,maize,1,PK,0.001,50
6090,2,maize,2,DAP,0.001,8
6090,2,maize,3,KAS,0.4,24
6091,2,maize,1,PK,0.001,50
6091,2,maize,2,DAP,0.001,8
6091,2,maize,3,KAS,0.4,24
6092,2,maize,1,PK,0.001,50
6092,2,maize,2,DAP,0.001,8
6092,2,maize,3,KAS,0.4,24
6093,2,maize,1,PK,0.001,50
6093,2,maize,2,DAP,0.001,8
6093,2,maize,3,KAS,0.4,24
6094,2,maize,1,PK,0.001,50
6094,2,maize,2,DAP,0.001,8
6094,2,maize,3,KAS,0.4,24
6095,2,maize,1,PK,0.001,50
6095,2,maize,2,DAP,0.001,8
6095,2,maize,3,KAS,0.4,24
6096,2,maize,1,PK,0.001,50
6096,2,maize,2,DAP,0.001,8
6096,2,maize,3,KAS,0.4,24
6097,2,maize,1,PK,0.001,50
6097,2,maize,2,DAP,0.001,8
6097,2,maize,3,KAS,0.4,24
6098,2,maize,1,PK,0.001,50
6098,2,maize,2,DAP,0.001,8
6098,2,maize,3,KAS,0.4,24
6099,2,maize,1,PK,0.001,50
6099,2,maize,2,DAP,0.001,8
6099,2,maize,3,KAS,0.4,24
6100,2,maize,1,PK,0.001,50
6100,2,maize,2,DAP,0.001,8
6100,2,maize,3,KAS,0.4,24
6101,2,maize,1,PK,0.001,50
6101,2,maize,2,DAP,0.001,8
6101,2,maize,3,KAS,0.4,24
6102,2,maize,1,PK,0.001,50
6102,2,maize,2,DAP,0.001,8
6102,2,maize,3,KAS,0.4,24
6103,2,maize,1,PK,0.001,50
6103,2,maize,2,DAP,0.001,8
6103,2,maize,3,KAS,0.4,24
6104,2,maize,1,PK,0.001,50
6104,2,maize,2,DAP,0.001,8
6104,2,maize,3,KAS,0.4,24
6105,2,maize,1,PK,0.001,50
6105,2,maize,2,DAP,0.001,8
6105,2,maize,3,KAS,0.4,24
6106,2,maize,1,PK,0.001,50
6106,2,maize,2,DAP,0.001,8
6106,2,maize,3,KAS,0.4,24
6107,2,maize,1,PK,0.001,50
6107,2,maize,2,DAP,0.001,8
6107,2,maize,3,KAS,0.4,24
6108,2,maize,1,PK,0.001,50
6108,2,maize,2,DAP,0.001,8
6108,2,maize,3,KAS,0.4,24
6109,2,maize,1,PK,0.001,50
6109,2,maize,2,DAP,0.001,8
6109,2,maize,3,KAS,0.4,24
6111,2,maize,1,PK,0.001,50
6111,2,maize,2,DAP,0.001,8
6111,2,maize,3,KAS,0.4,24
6112,2,maize,1,PK,0.001,50
6112,2,maize,2,DAP,0.001,8
6112,2,maize,3,KAS,0.4,24
6113,2,maize,1,PK,0.001,50
6113,2,maize,2,DAP,0.001,8
6113,2,maize,3,KAS,0.4,24
6114,2,maize,1,PK,0.001,50
6114,2,maize,2,DAP,0.001,8
6114,2,maize,3,KAS,0.4,24
6115,2,maize,1,PK,0.001,50
6115,2,maize,2,DAP,0.001,8
6115,2,maize,3,KAS,0.4,24
6116,2,maize,1,PK,0.001,50
6116,2,maize,2,DAP,0.001,8
6116,2,maize,3,KAS,0.4,24
6117,2,maize,1,PK,0.001,50
6117,2,maize,2,DAP,0.001,8
6117,2,maize,3,KAS,0.4,24
6119,2,maize,1,PK,0.001,50
6119,2,maize,2,DAP,0.001,8
6119,2,maize,3,KAS,0.4,24
6120,2,maize,1,PK,0.001,50
6120,2,maize,2,DAP,0.001,8
6120,2,maize,3,KAS,0.4,24
6121,2,maize,1,PK,0.001,50
6121,2,maize,2,DAP,0.001,8
6121,2,maize,3,KAS,0.4,24
6122,2,maize,1,PK,0.001,50
6122,2,maize,2,DAP,0.001,8
6122,2,maize,3,KAS,0.4,24
6123,2,maize,1,PK,0.001,50
6123,2,maize,2,DAP,0.001,8
6123,2,maize,3,KAS,0.4,24
6124,2,maize,1,PK,0.001,50
6124,2,maize,2,DAP,0.001,8
6124,2,maize,3,KAS,0.4,24
6125,2,maize,1,PK,0.001,50
6125,2,maize,2,DAP,0.001,8
6125,2,maize,3,KAS,0.4,24
6126,2,maize,1,PK,0.001,50
6126,2,maize,2,DAP,0.001,8
6126,2,maize,3,KAS,0.4,24
6127,2,maize,1,PK,0.001,50
6127,2,maize,2,DAP,0.001,8
6127,2,maize,3,KAS,0.4,24
6130,2,maize,1,PK,0.001,50
6130,2,maize,2,DAP,0.001,8
6130,2,maize,3,KAS,0.4,24
6131,2,maize,1,PK,0.001,50
6131,2,maize,2,DAP,0.001,8
6131,2,maize,3,KAS,0.4,24
6132,2,maize,1,PK,0.001,50
6132,2,maize,2,DAP,0.001,8
6132,2,maize,3,KAS,0.4,24
6133,2,maize,1,PK,0.001,50
6133,2,maize,2,DAP,0.001,8
6133,2,maize,3,KAS,0.4,24
6134,2,maize,1,PK,0.001,50
6134,2,maize,2,DAP,0.001,8
6134,2,maize,3,KAS,0.4,24
6135,2,maize,1,PK,0.001,50
6135,2,maize,2,DAP,0.001,8
6135,2,maize,3,KAS,0.4,24
6136,2,maize,1,PK,0.001,50
6136,2,maize,2,DAP,0.001,8
6136,2,maize,3,KAS,0.4,24
6137,2,maize,1,PK,0.001,50
6137,2,maize,2,DAP,0.001,8
6137,2,maize,3,KAS,0.4,24
6138,2,maize,1,PK,0.001,50
6138,2,maize,2,DAP,0.001,8
6138,2,maize,3,KAS,0.4,24
6139,2,maize,1,PK,0.001,50
6139,2,maize,2,DAP,0.001,8
6139,2,maize,3,KAS,0.4,24
6140,2,maize,1,PK,0.001,50
6140,2,maize,2,DAP,0.001,8
6140,2,maize,3,KAS,0.4,24
6141,2,maize,1,PK,0.001,50
6141,2,maize,2,DAP,0.001,8
6141,2,maize,3,KAS,0.4,24
6142,2,maize,1,PK,0.001,50
6142,2,maize,2,DAP,0.001,8
6142,2,maize,3,KAS,0.4,24
6143,2,maize,1,PK,0.001,50
6143,2,maize,2,DAP,0.001,8
6143,2,maize,3,KAS,0.4,24
6144,2,maize,1,PK,0.001,50
6144,2,maize,2,DAP,0.001,8
6144,2,maize,3,KAS,0.4,24
6145,2,maize,1,PK,0.001,50
6145,2,maize,2,DAP,0.001,8
6145,2,maize,3,KAS,0.4,24
6146,2,maize,1,PK,0.001,50
6146,2,maize,2,DAP,0.001,8
6146,2,maize,3,KAS,0.4,24
6147,2,maize,1,PK,0.001,50
6147,2,maize,2,DAP,0.001,8
6147,2,maize,3,KAS,0.4,24
6148,2,maize,1,PK,0.001,50
6148,2,maize,2,DAP,0.001,8
6148,2,maize,3,KAS,0.4,24
6149,2,maize,1,PK,0.001,50
6149,2,maize,2,DAP,0.001,8
6149,2,maize,3,KAS,0.4,24
6150,2,maize,1,PK,0.001,50
6150,2,maize,2,DAP,0.001,8
6150,2,maize,3,KAS,0.4,24
6151,2,maize,1,PK,0.001,50
6151,2,maize,2,DAP,0.001,8
6151,2,maize,3,KAS,0.4,24
6152,2,maize,1,PK,0.001,50
6152,2,maize,2,DAP,0.001,8
6152,2,maize,3,KAS,0.4,24
6153,2,maize,1,PK,0.001,50
6153,2,maize,2,DAP,0.001,8
6153,2,maize,3,KAS,0.4,24
6154,2,maize,1,PK,0.001,50
6154,2,maize,2,DAP,0.001,8
6154,2,maize,3,KAS,0.4,24
6155,2,maize,1,PK,0.001,50
6155,2,maize,2,DAP,0.001,8
6155,2,maize,3,KAS,0.4,24
6156,2,maize,1,PK,0.001,50
6156,2,maize,2,DAP,0.001,8
6156,2,maize,3,KAS,0.4,24
6157,2,maize,1,PK,0.001,50
6157,2,maize,2,DAP,0.001,8
6157,2,maize,3,KAS,0.4,24
6158,2,maize,1,PK,0.001,50
6158,2,maize,2,DAP,0.001,8
6158,2,maize,3,KAS,0.4,24
6160,2,maize,1,PK,0.001,50
6160,2,maize,2,DAP,0.001,8
6160,2,maize,3,KAS,0.4,24
6161,2,maize,1,PK,0.001,50
6161,2,maize,2,DAP,0.001,8
6161,2,maize,3,KAS,0.4,24
6162,2,maize,1,PK,0.001,50
6162,2,maize,2,DAP,0.001,8
6162,2,maize,3,KAS,0.4,24
6163,2,maize,1,PK,0.001,50
6163,2,maize,2,DAP,0.001,8
6163,2,maize,3,KAS,0.4,24
6164,2,maize,1,PK,0.001,50
6164,2,maize,2,DAP,0.001,8
6164,2,maize,3,KAS,0.4,24
6165,2,maize,1,PK,0.001,50
6165,2,maize,2,DAP,0.001,8
6165,2,maize,3,KAS,0.4,24
6166,2,maize,1,PK,0.001,50
6166,2,maize,2,DAP,0.001,8
6166,2,maize,3,KAS,0.4,24
6167,2,maize,1,PK,0.001,50
6167,2,maize,2,DAP,0.001,8
6167,2,maize,3,KAS,0.4,24
6168,2,maize,1,PK,0.001,50
6168,2,maize,2,DAP,0.001,8
6168,2,maize,3,KAS,0.4,24
6169,2,maize,1,PK,0.001,50
6169,2,maize,2,DAP,0.001,8
6169,2,maize,3,KAS,0.4,24
6171,2,maize,1,PK,0.001,50
6171,2,maize,2,DAP,0.001,8
6171,2,maize,3,KAS,0.4,24
6172,2,maize,1,PK,0.001,50
6172,2,maize,2,DAP,0.001,8
6172,2,maize,3,KAS,0.4,24
6173,2,maize,1,PK,0.001,50
6173,2,maize,2,DAP,0.001,8
6173,2,maize,3,KAS,0.4,24
6174,2,maize,1,PK,0.001,50
6174,2,maize,2,DAP,0.001,8
6174,2,maize,3,KAS,0.4,24
6175,2,maize,1,PK,0.001,50
6175,2,maize,2,DAP,0.001,8
6175,2,maize,3,KAS,0.4,24
6176,2,maize,1,PK,0.001,50
6176,2,maize,2,DAP,0.001,8
6176,2,maize,3,KAS,0.4,24
6177,2,maize,1,PK,0.001,50
6177,2,maize,2,DAP,0.001,8
6177,2,maize,3,KAS,0.4,24
6178,2,maize,1,PK,0.001,50
6178,2,maize,2,DAP,0.001,8
6178,2,maize,3,KAS,0.4,24
6179,2,maize,1,PK,0.001,50
6179,2,maize,2,DAP,0.001,8
6179,2,maize,3,KAS,0.4,24
6180,2,maize,1,PK,0.001,50
6180,2,maize,2,DAP,0.001,8
6180,2,maize,3,KAS,0.4,24
6181,2,maize,1,PK,0.001,50
6181,2,maize,2,DAP,0.001,8
6181,2,maize,3,KAS,0.4,24
6182,2,maize,1,PK,0.001,50
6182,2,maize,2,DAP,0.001,8
6182,2,maize,3,KAS,0.4,24
6183,2,maize,1,PK,0.001,50
6183,2,maize,2,DAP,0.001,8
6183,2,maize,3,KAS,0.4,24
6184,2,maize,1,PK,0.001,50
6184,2,maize,2,DAP,0.001,8
6184,2,maize,3,KAS,0.4,24
6185,2,maize,1,PK,0.001,50
6185,2,maize,2,DAP,0.001,8
6185,2,maize,3,KAS,0.4,24
6186,2,maize,1,PK,0.001,50
6186,2,maize,2,DAP,0.001,8
6186,2,maize,3,KAS,0.4,24
6187,2,maize,1,PK,0.001,50
6187,2,maize,2,DAP,0.001,8
6187,2,maize,3,KAS,0.4,24
6188,2,maize,1,PK,0.001,50
6188,2,maize,2,DAP,0.001,8
6188,2,maize,3,KAS,0.4,24
6189,2,maize,1,PK,0.001,50
6189,2,maize,2,DAP,0.001,8
6189,2,maize,3,KAS,0.4,24
6190,2,maize,1,PK,0.001,50
6190,2,maize,2,DAP,0.001,8
6190,2,maize,3,KAS,0.4,24
6191,2,maize,1,PK,0.001,50
6191,2,maize,2,DAP,0.001,8
6191,2,maize,3,KAS,0.4,24
6192,2,maize,1,PK,0.001,50
6192,2,maize,2,DAP,0.001,8
6192,2,maize,3,KAS,0.4,24
6193,2,maize,1,PK,0.001,50
6193,2,maize,2,DAP,0.001,8
6193,2,maize,3,KAS,0.4,24
6194,2,maize,1,PK,0.001,50
6194,2,maize,2,DAP,0.001,8
6194,2,maize,3,KAS,0.4,24
6195,2,maize,1,PK,0.001,50
6195,2,maize,2,DAP,0.001,8
6195,2,maize,3,KAS,0.4,24
6196,2,maize,1,PK,0.001,50
6196,2,maize,2,DAP,0.001,8
6196,2,maize,3,KAS,0.4,24
6197,2,maize,1,PK,0.001,50
6197,2,maize,2,DAP,0.001,8
6197,2,maize,3,KAS,0.4,24
6198,2,maize,1,PK,0.001,50
6198,2,maize,2,DAP,0.001,8
6198,2,maize,3,KAS,0.4,24
6199,2,maize,1,PK,0.001,50
6199,2,maize,2,DAP,0.001,8
6199,2,maize,3,KAS,0.4,24
6200,2,maize,1,PK,0.001,50
6200,2,maize,2,DAP,0.001,8
6200,2,maize,3,KAS,0.4,24
6201,2,maize,1,PK,0.001,50
6201,2,maize,2,DAP,0.001,8
6201,2,maize,3,KAS,0.4,24
6202,2,maize,1,PK,0.001,50
6202,2,maize,2,DAP,0.001,8
6202,2,maize,3,KAS,0.4,24
6203,2,maize,1,PK,0.001,50
6203,2,maize,2,DAP,0.001,8
6203,2,maize,3,KAS,0.4,24
6204,2,maize,1,PK,0.001,50
6204,2,maize,2,DAP,0.001,8
6204,2,maize,3,KAS,0.4,24
6205,2,maize,1,PK,0.001,50
6205,2,maize,2,DAP,0.001,8
6205,2,maize,3,KAS,0.4,24
6207,2,maize,1,PK,0.001,50
6207,2,maize,2,DAP,0.001,8
6207,2,maize,3,KAS,0.4,24
6208,2,maize,1,PK,0.001,50
6208,2,maize,2,DAP,0.001,8
6208,2,maize,3,KAS,0.4,24
6210,2,maize,1,PK,0.001,50
6210,2,maize,2,DAP,0.001,8
6210,2,maize,3,KAS,0.4,24
6211,2,maize,1,PK,0.001,50
6211,2,maize,2,DAP,0.001,8
6211,2,maize,3,KAS,0.4,24
