location,FertilizerScenario,crop,Event,vType,DVS,Amount
1455,2,winter_rapeseed,1,PK,0.001,35
1455,2,winter_rapeseed,2,KAS,0.4,24
1455,2,winter_rapeseed,3,KAS,0.8,20
1456,2,winter_rapeseed,1,PK,0.001,35
1456,2,winter_rapeseed,2,KAS,0.4,24
1456,2,winter_rapeseed,3,KAS,0.8,20
1457,2,winter_rapeseed,1,PK,0.001,35
1457,2,winter_rapeseed,2,KAS,0.4,24
1457,2,winter_rapeseed,3,KAS,0.8,20
1458,2,winter_rapeseed,1,PK,0.001,35
1458,2,winter_rapeseed,2,KAS,0.4,24
1458,2,winter_rapeseed,3,KAS,0.8,20
1459,2,winter_rapeseed,1,PK,0.001,35
1459,2,winter_rapeseed,2,KAS,0.4,24
1459,2,winter_rapeseed,3,KAS,0.8,20
1461,2,winter_rapeseed,1,PK,0.001,35
1461,2,winter_rapeseed,2,KAS,0.4,24
1461,2,winter_rapeseed,3,KAS,0.8,20
1463,2,winter_rapeseed,1,PK,0.001,35
1463,2,winter_rapeseed,2,KAS,0.4,24
1463,2,winter_rapeseed,3,KAS,0.8,20
1464,2,winter_rapeseed,1,PK,0.001,35
1464,2,winter_rapeseed,2,KAS,0.4,24
1464,2,winter_rapeseed,3,KAS,0.8,20
1465,2,winter_rapeseed,1,PK,0.001,35
1465,2,winter_rapeseed,2,KAS,0.4,24
1465,2,winter_rapeseed,3,KAS,0.8,20
1466,2,winter_rapeseed,1,PK,0.001,35
1466,2,winter_rapeseed,2,KAS,0.4,24
1466,2,winter_rapeseed,3,KAS,0.8,20
1467,2,winter_rapeseed,1,PK,0.001,35
1467,2,winter_rapeseed,2,KAS,0.4,24
1467,2,winter_rapeseed,3,KAS,0.8,20
1470,2,winter_rapeseed,1,PK,0.001,35
1470,2,winter_rapeseed,2,KAS,0.4,24
1470,2,winter_rapeseed,3,KAS,0.8,20
1471,2,winter_rapeseed,1,PK,0.001,35
1471,2,winter_rapeseed,2,KAS,0.4,24
1471,2,winter_rapeseed,3,KAS,0.8,20
1472,2,winter_rapeseed,1,PK,0.001,35
1472,2,winter_rapeseed,2,KAS,0.4,24
1472,2,winter_rapeseed,3,KAS,0.8,20
1473,2,winter_rapeseed,1,PK,0.001,35
1473,2,winter_rapeseed,2,KAS,0.4,24
1473,2,winter_rapeseed,3,KAS,0.8,20
1474,2,winter_rapeseed,1,PK,0.001,35
1474,2,winter_rapeseed,2,KAS,0.4,24
1474,2,winter_rapeseed,3,KAS,0.8,20
1475,2,winter_rapeseed,1,PK,0.001,35
1475,2,winter_rapeseed,2,KAS,0.4,24
1475,2,winter_rapeseed,3,KAS,0.8,20
1476,2,winter_rapeseed,1,PK,0.001,35
1476,2,winter_rapeseed,2,KAS,0.4,24
1476,2,winter_rapeseed,3,KAS,0.8,20
1477,2,winter_rapeseed,1,PK,0.001,35
1477,2,winter_rapeseed,2,KAS,0.4,24
1477,2,winter_rapeseed,3,KAS,0.8,20
1478,2,winter_rapeseed,1,PK,0.001,35
1478,2,winter_rapeseed,2,KAS,0.4,24
1478,2,winter_rapeseed,3,KAS,0.8,20
1479,2,winter_rapeseed,1,PK,0.001,35
1479,2,winter_rapeseed,2,KAS,0.4,24
1479,2,winter_rapeseed,3,KAS,0.8,20
1480,2,winter_rapeseed,1,PK,0.001,35
1480,2,winter_rapeseed,2,KAS,0.4,24
1480,2,winter_rapeseed,3,KAS,0.8,20
1481,2,winter_rapeseed,1,PK,0.001,35
1481,2,winter_rapeseed,2,KAS,0.4,24
1481,2,winter_rapeseed,3,KAS,0.8,20
1482,2,winter_rapeseed,1,PK,0.001,35
1482,2,winter_rapeseed,2,KAS,0.4,24
1482,2,winter_rapeseed,3,KAS,0.8,20
1483,2,winter_rapeseed,1,PK,0.001,35
1483,2,winter_rapeseed,2,KAS,0.4,24
1483,2,winter_rapeseed,3,KAS,0.8,20
1484,2,winter_rapeseed,1,PK,0.001,35
1484,2,winter_rapeseed,2,KAS,0.4,24
1484,2,winter_rapeseed,3,KAS,0.8,20
1485,2,winter_rapeseed,1,PK,0.001,35
1485,2,winter_rapeseed,2,KAS,0.4,24
1485,2,winter_rapeseed,3,KAS,0.8,20
1486,2,winter_rapeseed,1,PK,0.001,35
1486,2,winter_rapeseed,2,KAS,0.4,24
1486,2,winter_rapeseed,3,KAS,0.8,20
1487,2,winter_rapeseed,1,PK,0.001,35
1487,2,winter_rapeseed,2,KAS,0.4,24
1487,2,winter_rapeseed,3,KAS,0.8,20
1488,2,winter_rapeseed,1,PK,0.001,35
1488,2,winter_rapeseed,2,KAS,0.4,24
1488,2,winter_rapeseed,3,KAS,0.8,20
1489,2,winter_rapeseed,1,PK,0.001,35
1489,2,winter_rapeseed,2,KAS,0.4,24
1489,2,winter_rapeseed,3,KAS,0.8,20
1490,2,winter_rapeseed,1,PK,0.001,35
1490,2,winter_rapeseed,2,KAS,0.4,24
1490,2,winter_rapeseed,3,KAS,0.8,20
1491,2,winter_rapeseed,1,PK,0.001,35
1491,2,winter_rapeseed,2,KAS,0.4,24
1491,2,winter_rapeseed,3,KAS,0.8,20
1492,2,winter_rapeseed,1,PK,0.001,35
1492,2,winter_rapeseed,2,KAS,0.4,24
1492,2,winter_rapeseed,3,KAS,0.8,20
1493,2,winter_rapeseed,1,PK,0.001,35
1493,2,winter_rapeseed,2,KAS,0.4,24
1493,2,winter_rapeseed,3,KAS,0.8,20
1494,2,winter_rapeseed,1,PK,0.001,35
1494,2,winter_rapeseed,2,KAS,0.4,24
1494,2,winter_rapeseed,3,KAS,0.8,20
1495,2,winter_rapeseed,1,PK,0.001,35
1495,2,winter_rapeseed,2,KAS,0.4,24
1495,2,winter_rapeseed,3,KAS,0.8,20
1496,2,winter_rapeseed,1,PK,0.001,35
1496,2,winter_rapeseed,2,KAS,0.4,24
1496,2,winter_rapeseed,3,KAS,0.8,20
1497,2,winter_rapeseed,1,PK,0.001,35
1497,2,winter_rapeseed,2,KAS,0.4,24
1497,2,winter_rapeseed,3,KAS,0.8,20
1498,2,winter_rapeseed,1,PK,0.001,35
1498,2,winter_rapeseed,2,KAS,0.4,24
1498,2,winter_rapeseed,3,KAS,0.8,20
1499,2,winter_rapeseed,1,PK,0.001,35
1499,2,winter_rapeseed,2,KAS,0.4,24
1499,2,winter_rapeseed,3,KAS,0.8,20
1500,2,winter_rapeseed,1,PK,0.001,35
1500,2,winter_rapeseed,2,KAS,0.4,24
1500,2,winter_rapeseed,3,KAS,0.8,20
1501,2,winter_rapeseed,1,PK,0.001,35
1501,2,winter_rapeseed,2,KAS,0.4,24
1501,2,winter_rapeseed,3,KAS,0.8,20
1502,2,winter_rapeseed,1,PK,0.001,35
1502,2,winter_rapeseed,2,KAS,0.4,24
1502,2,winter_rapeseed,3,KAS,0.8,20
1503,2,winter_rapeseed,1,PK,0.001,35
1503,2,winter_rapeseed,2,KAS,0.4,24
1503,2,winter_rapeseed,3,KAS,0.8,20
1504,2,winter_rapeseed,1,PK,0.001,35
1504,2,winter_rapeseed,2,KAS,0.4,24
1504,2,winter_rapeseed,3,KAS,0.8,20
1505,2,winter_rapeseed,1,PK,0.001,35
1505,2,winter_rapeseed,2,KAS,0.4,24
1505,2,winter_rapeseed,3,KAS,0.8,20
1506,2,winter_rapeseed,1,PK,0.001,35
1506,2,winter_rapeseed,2,KAS,0.4,24
1506,2,winter_rapeseed,3,KAS,0.8,20
1507,2,winter_rapeseed,1,PK,0.001,35
1507,2,winter_rapeseed,2,KAS,0.4,24
1507,2,winter_rapeseed,3,KAS,0.8,20
1508,2,winter_rapeseed,1,PK,0.001,35
1508,2,winter_rapeseed,2,KAS,0.4,24
1508,2,winter_rapeseed,3,KAS,0.8,20
1509,2,winter_rapeseed,1,PK,0.001,35
1509,2,winter_rapeseed,2,KAS,0.4,24
1509,2,winter_rapeseed,3,KAS,0.8,20
1510,2,winter_rapeseed,1,PK,0.001,35
1510,2,winter_rapeseed,2,KAS,0.4,24
1510,2,winter_rapeseed,3,KAS,0.8,20
1511,2,winter_rapeseed,1,PK,0.001,35
1511,2,winter_rapeseed,2,KAS,0.4,24
1511,2,winter_rapeseed,3,KAS,0.8,20
1512,2,winter_rapeseed,1,PK,0.001,35
1512,2,winter_rapeseed,2,KAS,0.4,24
1512,2,winter_rapeseed,3,KAS,0.8,20
1513,2,winter_rapeseed,1,PK,0.001,35
1513,2,winter_rapeseed,2,KAS,0.4,24
1513,2,winter_rapeseed,3,KAS,0.8,20
1514,2,winter_rapeseed,1,PK,0.001,35
1514,2,winter_rapeseed,2,KAS,0.4,24
1514,2,winter_rapeseed,3,KAS,0.8,20
1515,2,winter_rapeseed,1,PK,0.001,35
1515,2,winter_rapeseed,2,KAS,0.4,24
1515,2,winter_rapeseed,3,KAS,0.8,20
1516,2,winter_rapeseed,1,PK,0.001,35
1516,2,winter_rapeseed,2,KAS,0.4,24
1516,2,winter_rapeseed,3,KAS,0.8,20
1517,2,winter_rapeseed,1,PK,0.001,35
1517,2,winter_rapeseed,2,KAS,0.4,24
1517,2,winter_rapeseed,3,KAS,0.8,20
1518,2,winter_rapeseed,1,PK,0.001,35
1518,2,winter_rapeseed,2,KAS,0.4,24
1518,2,winter_rapeseed,3,KAS,0.8,20
1519,2,winter_rapeseed,1,PK,0.001,35
1519,2,winter_rapeseed,2,KAS,0.4,24
1519,2,winter_rapeseed,3,KAS,0.8,20
1520,2,winter_rapeseed,1,PK,0.001,35
1520,2,winter_rapeseed,2,KAS,0.4,24
1520,2,winter_rapeseed,3,KAS,0.8,20
1521,2,winter_rapeseed,1,PK,0.001,35
1521,2,winter_rapeseed,2,KAS,0.4,24
1521,2,winter_rapeseed,3,KAS,0.8,20
1522,2,winter_rapeseed,1,PK,0.001,35
1522,2,winter_rapeseed,2,KAS,0.4,24
1522,2,winter_rapeseed,3,KAS,0.8,20
1523,2,winter_rapeseed,1,PK,0.001,35
1523,2,winter_rapeseed,2,KAS,0.4,24
1523,2,winter_rapeseed,3,KAS,0.8,20
1524,2,winter_rapeseed,1,PK,0.001,35
1524,2,winter_rapeseed,2,KAS,0.4,24
1524,2,winter_rapeseed,3,KAS,0.8,20
1525,2,winter_rapeseed,1,PK,0.001,35
1525,2,winter_rapeseed,2,KAS,0.4,24
1525,2,winter_rapeseed,3,KAS,0.8,20
1526,2,winter_rapeseed,1,PK,0.001,35
1526,2,winter_rapeseed,2,KAS,0.4,24
1526,2,winter_rapeseed,3,KAS,0.8,20
1527,2,winter_rapeseed,1,PK,0.001,35
1527,2,winter_rapeseed,2,KAS,0.4,24
1527,2,winter_rapeseed,3,KAS,0.8,20
1528,2,winter_rapeseed,1,PK,0.001,35
1528,2,winter_rapeseed,2,KAS,0.4,24
1528,2,winter_rapeseed,3,KAS,0.8,20
1529,2,winter_rapeseed,1,PK,0.001,35
1529,2,winter_rapeseed,2,KAS,0.4,24
1529,2,winter_rapeseed,3,KAS,0.8,20
1530,2,winter_rapeseed,1,PK,0.001,35
1530,2,winter_rapeseed,2,KAS,0.4,24
1530,2,winter_rapeseed,3,KAS,0.8,20
1531,2,winter_rapeseed,1,PK,0.001,35
1531,2,winter_rapeseed,2,KAS,0.4,24
1531,2,winter_rapeseed,3,KAS,0.8,20
1532,2,winter_rapeseed,1,PK,0.001,35
1532,2,winter_rapeseed,2,KAS,0.4,24
1532,2,winter_rapeseed,3,KAS,0.8,20
1533,2,winter_rapeseed,1,PK,0.001,35
1533,2,winter_rapeseed,2,KAS,0.4,24
1533,2,winter_rapeseed,3,KAS,0.8,20
1534,2,winter_rapeseed,1,PK,0.001,35
1534,2,winter_rapeseed,2,KAS,0.4,24
1534,2,winter_rapeseed,3,KAS,0.8,20
1535,2,winter_rapeseed,1,PK,0.001,35
1535,2,winter_rapeseed,2,KAS,0.4,24
1535,2,winter_rapeseed,3,KAS,0.8,20
1536,2,winter_rapeseed,1,PK,0.001,35
1536,2,winter_rapeseed,2,KAS,0.4,24
1536,2,winter_rapeseed,3,KAS,0.8,20
1537,2,winter_rapeseed,1,PK,0.001,35
1537,2,winter_rapeseed,2,KAS,0.4,24
1537,2,winter_rapeseed,3,KAS,0.8,20
1538,2,winter_rapeseed,1,PK,0.001,35
1538,2,winter_rapeseed,2,KAS,0.4,24
1538,2,winter_rapeseed,3,KAS,0.8,20
1539,2,winter_rapeseed,1,PK,0.001,35
1539,2,winter_rapeseed,2,KAS,0.4,24
1539,2,winter_rapeseed,3,KAS,0.8,20
1540,2,winter_rapeseed,1,PK,0.001,35
1540,2,winter_rapeseed,2,KAS,0.4,24
1540,2,winter_rapeseed,3,KAS,0.8,20
1541,2,winter_rapeseed,1,PK,0.001,35
1541,2,winter_rapeseed,2,KAS,0.4,24
1541,2,winter_rapeseed,3,KAS,0.8,20
1542,2,winter_rapeseed,1,PK,0.001,35
1542,2,winter_rapeseed,2,KAS,0.4,24
1542,2,winter_rapeseed,3,KAS,0.8,20
1543,2,winter_rapeseed,1,PK,0.001,35
1543,2,winter_rapeseed,2,KAS,0.4,24
1543,2,winter_rapeseed,3,KAS,0.8,20
1544,2,winter_rapeseed,1,PK,0.001,35
1544,2,winter_rapeseed,2,KAS,0.4,24
1544,2,winter_rapeseed,3,KAS,0.8,20
1545,2,winter_rapeseed,1,PK,0.001,35
1545,2,winter_rapeseed,2,KAS,0.4,24
1545,2,winter_rapeseed,3,KAS,0.8,20
1546,2,winter_rapeseed,1,PK,0.001,35
1546,2,winter_rapeseed,2,KAS,0.4,24
1546,2,winter_rapeseed,3,KAS,0.8,20
1547,2,winter_rapeseed,1,PK,0.001,35
1547,2,winter_rapeseed,2,KAS,0.4,24
1547,2,winter_rapeseed,3,KAS,0.8,20
1548,2,winter_rapeseed,1,PK,0.001,35
1548,2,winter_rapeseed,2,KAS,0.4,24
1548,2,winter_rapeseed,3,KAS,0.8,20
1549,2,winter_rapeseed,1,PK,0.001,35
1549,2,winter_rapeseed,2,KAS,0.4,24
1549,2,winter_rapeseed,3,KAS,0.8,20
1550,2,winter_rapeseed,1,PK,0.001,35
1550,2,winter_rapeseed,2,KAS,0.4,24
1550,2,winter_rapeseed,3,KAS,0.8,20
1551,2,winter_rapeseed,1,PK,0.001,35
1551,2,winter_rapeseed,2,KAS,0.4,24
1551,2,winter_rapeseed,3,KAS,0.8,20
1552,2,winter_rapeseed,1,PK,0.001,35
1552,2,winter_rapeseed,2,KAS,0.4,24
1552,2,winter_rapeseed,3,KAS,0.8,20
1553,2,winter_rapeseed,1,PK,0.001,35
1553,2,winter_rapeseed,2,KAS,0.4,24
1553,2,winter_rapeseed,3,KAS,0.8,20
1554,2,winter_rapeseed,1,PK,0.001,35
1554,2,winter_rapeseed,2,KAS,0.4,24
1554,2,winter_rapeseed,3,KAS,0.8,20
1555,2,winter_rapeseed,1,PK,0.001,35
1555,2,winter_rapeseed,2,KAS,0.4,24
1555,2,winter_rapeseed,3,KAS,0.8,20
1556,2,winter_rapeseed,1,PK,0.001,35
1556,2,winter_rapeseed,2,KAS,0.4,24
1556,2,winter_rapeseed,3,KAS,0.8,20
1557,2,winter_rapeseed,1,PK,0.001,35
1557,2,winter_rapeseed,2,KAS,0.4,24
1557,2,winter_rapeseed,3,KAS,0.8,20
1558,2,winter_rapeseed,1,PK,0.001,35
1558,2,winter_rapeseed,2,KAS,0.4,24
1558,2,winter_rapeseed,3,KAS,0.8,20
1559,2,winter_rapeseed,1,PK,0.001,35
1559,2,winter_rapeseed,2,KAS,0.4,24
1559,2,winter_rapeseed,3,KAS,0.8,20
1560,2,winter_rapeseed,1,PK,0.001,35
1560,2,winter_rapeseed,2,KAS,0.4,24
1560,2,winter_rapeseed,3,KAS,0.8,20
1561,2,winter_rapeseed,1,PK,0.001,35
1561,2,winter_rapeseed,2,KAS,0.4,24
1561,2,winter_rapeseed,3,KAS,0.8,20
1562,2,winter_rapeseed,1,PK,0.001,35
1562,2,winter_rapeseed,2,KAS,0.4,24
1562,2,winter_rapeseed,3,KAS,0.8,20
1563,2,winter_rapeseed,1,PK,0.001,35
1563,2,winter_rapeseed,2,KAS,0.4,24
1563,2,winter_rapeseed,3,KAS,0.8,20
1564,2,winter_rapeseed,1,PK,0.001,35
1564,2,winter_rapeseed,2,KAS,0.4,24
1564,2,winter_rapeseed,3,KAS,0.8,20
1565,2,winter_rapeseed,1,PK,0.001,35
1565,2,winter_rapeseed,2,KAS,0.4,24
1565,2,winter_rapeseed,3,KAS,0.8,20
1566,2,winter_rapeseed,1,PK,0.001,35
1566,2,winter_rapeseed,2,KAS,0.4,24
1566,2,winter_rapeseed,3,KAS,0.8,20
1567,2,winter_rapeseed,1,PK,0.001,35
1567,2,winter_rapeseed,2,KAS,0.4,24
1567,2,winter_rapeseed,3,KAS,0.8,20
1568,2,winter_rapeseed,1,PK,0.001,35
1568,2,winter_rapeseed,2,KAS,0.4,24
1568,2,winter_rapeseed,3,KAS,0.8,20
1569,2,winter_rapeseed,1,PK,0.001,35
1569,2,winter_rapeseed,2,KAS,0.4,24
1569,2,winter_rapeseed,3,KAS,0.8,20
1570,2,winter_rapeseed,1,PK,0.001,35
1570,2,winter_rapeseed,2,KAS,0.4,24
1570,2,winter_rapeseed,3,KAS,0.8,20
1571,2,winter_rapeseed,1,PK,0.001,35
1571,2,winter_rapeseed,2,KAS,0.4,24
1571,2,winter_rapeseed,3,KAS,0.8,20
1572,2,winter_rapeseed,1,PK,0.001,35
1572,2,winter_rapeseed,2,KAS,0.4,24
1572,2,winter_rapeseed,3,KAS,0.8,20
1573,2,winter_rapeseed,1,PK,0.001,35
1573,2,winter_rapeseed,2,KAS,0.4,24
1573,2,winter_rapeseed,3,KAS,0.8,20
1574,2,winter_rapeseed,1,PK,0.001,35
1574,2,winter_rapeseed,2,KAS,0.4,24
1574,2,winter_rapeseed,3,KAS,0.8,20
1575,2,winter_rapeseed,1,PK,0.001,35
1575,2,winter_rapeseed,2,KAS,0.4,24
1575,2,winter_rapeseed,3,KAS,0.8,20
1576,2,winter_rapeseed,1,PK,0.001,35
1576,2,winter_rapeseed,2,KAS,0.4,24
1576,2,winter_rapeseed,3,KAS,0.8,20
1577,2,winter_rapeseed,1,PK,0.001,35
1577,2,winter_rapeseed,2,KAS,0.4,24
1577,2,winter_rapeseed,3,KAS,0.8,20
1578,2,winter_rapeseed,1,PK,0.001,35
1578,2,winter_rapeseed,2,KAS,0.4,24
1578,2,winter_rapeseed,3,KAS,0.8,20
1579,2,winter_rapeseed,1,PK,0.001,35
1579,2,winter_rapeseed,2,KAS,0.4,24
1579,2,winter_rapeseed,3,KAS,0.8,20
1580,2,winter_rapeseed,1,PK,0.001,35
1580,2,winter_rapeseed,2,KAS,0.4,24
1580,2,winter_rapeseed,3,KAS,0.8,20
1581,2,winter_rapeseed,1,PK,0.001,35
1581,2,winter_rapeseed,2,KAS,0.4,24
1581,2,winter_rapeseed,3,KAS,0.8,20
1582,2,winter_rapeseed,1,PK,0.001,35
1582,2,winter_rapeseed,2,KAS,0.4,24
1582,2,winter_rapeseed,3,KAS,0.8,20
1583,2,winter_rapeseed,1,PK,0.001,35
1583,2,winter_rapeseed,2,KAS,0.4,24
1583,2,winter_rapeseed,3,KAS,0.8,20
1584,2,winter_rapeseed,1,PK,0.001,35
1584,2,winter_rapeseed,2,KAS,0.4,24
1584,2,winter_rapeseed,3,KAS,0.8,20
1585,2,winter_rapeseed,1,PK,0.001,35
1585,2,winter_rapeseed,2,KAS,0.4,24
1585,2,winter_rapeseed,3,KAS,0.8,20
1586,2,winter_rapeseed,1,PK,0.001,35
1586,2,winter_rapeseed,2,KAS,0.4,24
1586,2,winter_rapeseed,3,KAS,0.8,20
1587,2,winter_rapeseed,1,PK,0.001,35
1587,2,winter_rapeseed,2,KAS,0.4,24
1587,2,winter_rapeseed,3,KAS,0.8,20
1588,2,winter_rapeseed,1,PK,0.001,35
1588,2,winter_rapeseed,2,KAS,0.4,24
1588,2,winter_rapeseed,3,KAS,0.8,20
1589,2,winter_rapeseed,1,PK,0.001,35
1589,2,winter_rapeseed,2,KAS,0.4,24
1589,2,winter_rapeseed,3,KAS,0.8,20
1590,2,winter_rapeseed,1,PK,0.001,35
1590,2,winter_rapeseed,2,KAS,0.4,24
1590,2,winter_rapeseed,3,KAS,0.8,20
1591,2,winter_rapeseed,1,PK,0.001,35
1591,2,winter_rapeseed,2,KAS,0.4,24
1591,2,winter_rapeseed,3,KAS,0.8,20
1593,2,winter_rapeseed,1,PK,0.001,35
1593,2,winter_rapeseed,2,KAS,0.4,24
1593,2,winter_rapeseed,3,KAS,0.8,20
1594,2,winter_rapeseed,1,PK,0.001,35
1594,2,winter_rapeseed,2,KAS,0.4,24
1594,2,winter_rapeseed,3,KAS,0.8,20
1595,2,winter_rapeseed,1,PK,0.001,35
1595,2,winter_rapeseed,2,KAS,0.4,24
1595,2,winter_rapeseed,3,KAS,0.8,20
1596,2,winter_rapeseed,1,PK,0.001,35
1596,2,winter_rapeseed,2,KAS,0.4,24
1596,2,winter_rapeseed,3,KAS,0.8,20
1597,2,winter_rapeseed,1,PK,0.001,35
1597,2,winter_rapeseed,2,KAS,0.4,24
1597,2,winter_rapeseed,3,KAS,0.8,20
1598,2,winter_rapeseed,1,PK,0.001,35
1598,2,winter_rapeseed,2,KAS,0.4,24
1598,2,winter_rapeseed,3,KAS,0.8,20
1599,2,winter_rapeseed,1,PK,0.001,35
1599,2,winter_rapeseed,2,KAS,0.4,24
1599,2,winter_rapeseed,3,KAS,0.8,20
1600,2,winter_rapeseed,1,PK,0.001,35
1600,2,winter_rapeseed,2,KAS,0.4,24
1600,2,winter_rapeseed,3,KAS,0.8,20
1601,2,winter_rapeseed,1,PK,0.001,35
1601,2,winter_rapeseed,2,KAS,0.4,24
1601,2,winter_rapeseed,3,KAS,0.8,20
1602,2,winter_rapeseed,1,PK,0.001,35
1602,2,winter_rapeseed,2,KAS,0.4,24
1602,2,winter_rapeseed,3,KAS,0.8,20
1603,2,winter_rapeseed,1,PK,0.001,35
1603,2,winter_rapeseed,2,KAS,0.4,24
1603,2,winter_rapeseed,3,KAS,0.8,20
1604,2,winter_rapeseed,1,PK,0.001,35
1604,2,winter_rapeseed,2,KAS,0.4,24
1604,2,winter_rapeseed,3,KAS,0.8,20
1605,2,winter_rapeseed,1,PK,0.001,35
1605,2,winter_rapeseed,2,KAS,0.4,24
1605,2,winter_rapeseed,3,KAS,0.8,20
1606,2,winter_rapeseed,1,PK,0.001,35
1606,2,winter_rapeseed,2,KAS,0.4,24
1606,2,winter_rapeseed,3,KAS,0.8,20
1607,2,winter_rapeseed,1,PK,0.001,35
1607,2,winter_rapeseed,2,KAS,0.4,24
1607,2,winter_rapeseed,3,KAS,0.8,20
1608,2,winter_rapeseed,1,PK,0.001,35
1608,2,winter_rapeseed,2,KAS,0.4,24
1608,2,winter_rapeseed,3,KAS,0.8,20
1609,2,winter_rapeseed,1,PK,0.001,35
1609,2,winter_rapeseed,2,KAS,0.4,24
1609,2,winter_rapeseed,3,KAS,0.8,20
1610,2,winter_rapeseed,1,PK,0.001,35
1610,2,winter_rapeseed,2,KAS,0.4,24
1610,2,winter_rapeseed,3,KAS,0.8,20
1611,2,winter_rapeseed,1,PK,0.001,35
1611,2,winter_rapeseed,2,KAS,0.4,24
1611,2,winter_rapeseed,3,KAS,0.8,20
1612,2,winter_rapeseed,1,PK,0.001,35
1612,2,winter_rapeseed,2,KAS,0.4,24
1612,2,winter_rapeseed,3,KAS,0.8,20
1613,2,winter_rapeseed,1,PK,0.001,35
1613,2,winter_rapeseed,2,KAS,0.4,24
1613,2,winter_rapeseed,3,KAS,0.8,20
1614,2,winter_rapeseed,1,PK,0.001,35
1614,2,winter_rapeseed,2,KAS,0.4,24
1614,2,winter_rapeseed,3,KAS,0.8,20
1615,2,winter_rapeseed,1,PK,0.001,35
1615,2,winter_rapeseed,2,KAS,0.4,24
1615,2,winter_rapeseed,3,KAS,0.8,20
1616,2,winter_rapeseed,1,PK,0.001,35
1616,2,winter_rapeseed,2,KAS,0.4,24
1616,2,winter_rapeseed,3,KAS,0.8,20
1617,2,winter_rapeseed,1,PK,0.001,35
1617,2,winter_rapeseed,2,KAS,0.4,24
1617,2,winter_rapeseed,3,KAS,0.8,20
1618,2,winter_rapeseed,1,PK,0.001,35
1618,2,winter_rapeseed,2,KAS,0.4,24
1618,2,winter_rapeseed,3,KAS,0.8,20
1619,2,winter_rapeseed,1,PK,0.001,35
1619,2,winter_rapeseed,2,KAS,0.4,24
1619,2,winter_rapeseed,3,KAS,0.8,20
1620,2,winter_rapeseed,1,PK,0.001,35
1620,2,winter_rapeseed,2,KAS,0.4,24
1620,2,winter_rapeseed,3,KAS,0.8,20
1621,2,winter_rapeseed,1,PK,0.001,35
1621,2,winter_rapeseed,2,KAS,0.4,24
1621,2,winter_rapeseed,3,KAS,0.8,20
1622,2,winter_rapeseed,1,PK,0.001,35
1622,2,winter_rapeseed,2,KAS,0.4,24
1622,2,winter_rapeseed,3,KAS,0.8,20
1623,2,winter_rapeseed,1,PK,0.001,35
1623,2,winter_rapeseed,2,KAS,0.4,24
1623,2,winter_rapeseed,3,KAS,0.8,20
1624,2,winter_rapeseed,1,PK,0.001,35
1624,2,winter_rapeseed,2,KAS,0.4,24
1624,2,winter_rapeseed,3,KAS,0.8,20
1625,2,winter_rapeseed,1,PK,0.001,35
1625,2,winter_rapeseed,2,KAS,0.4,24
1625,2,winter_rapeseed,3,KAS,0.8,20
1626,2,winter_rapeseed,1,PK,0.001,35
1626,2,winter_rapeseed,2,KAS,0.4,24
1626,2,winter_rapeseed,3,KAS,0.8,20
1627,2,winter_rapeseed,1,PK,0.001,35
1627,2,winter_rapeseed,2,KAS,0.4,24
1627,2,winter_rapeseed,3,KAS,0.8,20
1628,2,winter_rapeseed,1,PK,0.001,35
1628,2,winter_rapeseed,2,KAS,0.4,24
1628,2,winter_rapeseed,3,KAS,0.8,20
1629,2,winter_rapeseed,1,PK,0.001,35
1629,2,winter_rapeseed,2,KAS,0.4,24
1629,2,winter_rapeseed,3,KAS,0.8,20
1630,2,winter_rapeseed,1,PK,0.001,35
1630,2,winter_rapeseed,2,KAS,0.4,24
1630,2,winter_rapeseed,3,KAS,0.8,20
1631,2,winter_rapeseed,1,PK,0.001,35
1631,2,winter_rapeseed,2,KAS,0.4,24
1631,2,winter_rapeseed,3,KAS,0.8,20
1632,2,winter_rapeseed,1,PK,0.001,35
1632,2,winter_rapeseed,2,KAS,0.4,24
1632,2,winter_rapeseed,3,KAS,0.8,20
1633,2,winter_rapeseed,1,PK,0.001,35
1633,2,winter_rapeseed,2,KAS,0.4,24
1633,2,winter_rapeseed,3,KAS,0.8,20
1634,2,winter_rapeseed,1,PK,0.001,35
1634,2,winter_rapeseed,2,KAS,0.4,24
1634,2,winter_rapeseed,3,KAS,0.8,20
1635,2,winter_rapeseed,1,PK,0.001,35
1635,2,winter_rapeseed,2,KAS,0.4,24
1635,2,winter_rapeseed,3,KAS,0.8,20
1636,2,winter_rapeseed,1,PK,0.001,35
1636,2,winter_rapeseed,2,KAS,0.4,24
1636,2,winter_rapeseed,3,KAS,0.8,20
1637,2,winter_rapeseed,1,PK,0.001,35
1637,2,winter_rapeseed,2,KAS,0.4,24
1637,2,winter_rapeseed,3,KAS,0.8,20
1638,2,winter_rapeseed,1,PK,0.001,35
1638,2,winter_rapeseed,2,KAS,0.4,24
1638,2,winter_rapeseed,3,KAS,0.8,20
1639,2,winter_rapeseed,1,PK,0.001,35
1639,2,winter_rapeseed,2,KAS,0.4,24
1639,2,winter_rapeseed,3,KAS,0.8,20
1640,2,winter_rapeseed,1,PK,0.001,35
1640,2,winter_rapeseed,2,KAS,0.4,24
1640,2,winter_rapeseed,3,KAS,0.8,20
1641,2,winter_rapeseed,1,PK,0.001,35
1641,2,winter_rapeseed,2,KAS,0.4,24
1641,2,winter_rapeseed,3,KAS,0.8,20
1642,2,winter_rapeseed,1,PK,0.001,35
1642,2,winter_rapeseed,2,KAS,0.4,24
1642,2,winter_rapeseed,3,KAS,0.8,20
1643,2,winter_rapeseed,1,PK,0.001,35
1643,2,winter_rapeseed,2,KAS,0.4,24
1643,2,winter_rapeseed,3,KAS,0.8,20
1644,2,winter_rapeseed,1,PK,0.001,35
1644,2,winter_rapeseed,2,KAS,0.4,24
1644,2,winter_rapeseed,3,KAS,0.8,20
1645,2,winter_rapeseed,1,PK,0.001,35
1645,2,winter_rapeseed,2,KAS,0.4,24
1645,2,winter_rapeseed,3,KAS,0.8,20
1646,2,winter_rapeseed,1,PK,0.001,35
1646,2,winter_rapeseed,2,KAS,0.4,24
1646,2,winter_rapeseed,3,KAS,0.8,20
1647,2,winter_rapeseed,1,PK,0.001,35
1647,2,winter_rapeseed,2,KAS,0.4,24
1647,2,winter_rapeseed,3,KAS,0.8,20
1648,2,winter_rapeseed,1,PK,0.001,35
1648,2,winter_rapeseed,2,KAS,0.4,24
1648,2,winter_rapeseed,3,KAS,0.8,20
1649,2,winter_rapeseed,1,PK,0.001,35
1649,2,winter_rapeseed,2,KAS,0.4,24
1649,2,winter_rapeseed,3,KAS,0.8,20
1650,2,winter_rapeseed,1,PK,0.001,35
1650,2,winter_rapeseed,2,KAS,0.4,24
1650,2,winter_rapeseed,3,KAS,0.8,20
1651,2,winter_rapeseed,1,PK,0.001,35
1651,2,winter_rapeseed,2,KAS,0.4,24
1651,2,winter_rapeseed,3,KAS,0.8,20
1652,2,winter_rapeseed,1,PK,0.001,35
1652,2,winter_rapeseed,2,KAS,0.4,24
1652,2,winter_rapeseed,3,KAS,0.8,20
1653,2,winter_rapeseed,1,PK,0.001,35
1653,2,winter_rapeseed,2,KAS,0.4,24
1653,2,winter_rapeseed,3,KAS,0.8,20
1654,2,winter_rapeseed,1,PK,0.001,35
1654,2,winter_rapeseed,2,KAS,0.4,24
1654,2,winter_rapeseed,3,KAS,0.8,20
1655,2,winter_rapeseed,1,PK,0.001,35
1655,2,winter_rapeseed,2,KAS,0.4,24
1655,2,winter_rapeseed,3,KAS,0.8,20
1656,2,winter_rapeseed,1,PK,0.001,35
1656,2,winter_rapeseed,2,KAS,0.4,24
1656,2,winter_rapeseed,3,KAS,0.8,20
1657,2,winter_rapeseed,1,PK,0.001,35
1657,2,winter_rapeseed,2,KAS,0.4,24
1657,2,winter_rapeseed,3,KAS,0.8,20
1658,2,winter_rapeseed,1,PK,0.001,35
1658,2,winter_rapeseed,2,KAS,0.4,24
1658,2,winter_rapeseed,3,KAS,0.8,20
1659,2,winter_rapeseed,1,PK,0.001,35
1659,2,winter_rapeseed,2,KAS,0.4,24
1659,2,winter_rapeseed,3,KAS,0.8,20
1660,2,winter_rapeseed,1,PK,0.001,35
1660,2,winter_rapeseed,2,KAS,0.4,24
1660,2,winter_rapeseed,3,KAS,0.8,20
1661,2,winter_rapeseed,1,PK,0.001,35
1661,2,winter_rapeseed,2,KAS,0.4,24
1661,2,winter_rapeseed,3,KAS,0.8,20
1662,2,winter_rapeseed,1,PK,0.001,35
1662,2,winter_rapeseed,2,KAS,0.4,24
1662,2,winter_rapeseed,3,KAS,0.8,20
1663,2,winter_rapeseed,1,PK,0.001,35
1663,2,winter_rapeseed,2,KAS,0.4,24
1663,2,winter_rapeseed,3,KAS,0.8,20
1664,2,winter_rapeseed,1,PK,0.001,35
1664,2,winter_rapeseed,2,KAS,0.4,24
1664,2,winter_rapeseed,3,KAS,0.8,20
1665,2,winter_rapeseed,1,PK,0.001,35
1665,2,winter_rapeseed,2,KAS,0.4,24
1665,2,winter_rapeseed,3,KAS,0.8,20
1666,2,winter_rapeseed,1,PK,0.001,35
1666,2,winter_rapeseed,2,KAS,0.4,24
1666,2,winter_rapeseed,3,KAS,0.8,20
1667,2,winter_rapeseed,1,PK,0.001,35
1667,2,winter_rapeseed,2,KAS,0.4,24
1667,2,winter_rapeseed,3,KAS,0.8,20
1668,2,winter_rapeseed,1,PK,0.001,35
1668,2,winter_rapeseed,2,KAS,0.4,24
1668,2,winter_rapeseed,3,KAS,0.8,20
1669,2,winter_rapeseed,1,PK,0.001,35
1669,2,winter_rapeseed,2,KAS,0.4,24
1669,2,winter_rapeseed,3,KAS,0.8,20
1670,2,winter_rapeseed,1,PK,0.001,35
1670,2,winter_rapeseed,2,KAS,0.4,24
1670,2,winter_rapeseed,3,KAS,0.8,20
1671,2,winter_rapeseed,1,PK,0.001,35
1671,2,winter_rapeseed,2,KAS,0.4,24
1671,2,winter_rapeseed,3,KAS,0.8,20
1672,2,winter_rapeseed,1,PK,0.001,35
1672,2,winter_rapeseed,2,KAS,0.4,24
1672,2,winter_rapeseed,3,KAS,0.8,20
1673,2,winter_rapeseed,1,PK,0.001,35
1673,2,winter_rapeseed,2,KAS,0.4,24
1673,2,winter_rapeseed,3,KAS,0.8,20
1674,2,winter_rapeseed,1,PK,0.001,35
1674,2,winter_rapeseed,2,KAS,0.4,24
1674,2,winter_rapeseed,3,KAS,0.8,20
1675,2,winter_rapeseed,1,PK,0.001,35
1675,2,winter_rapeseed,2,KAS,0.4,24
1675,2,winter_rapeseed,3,KAS,0.8,20
1676,2,winter_rapeseed,1,PK,0.001,35
1676,2,winter_rapeseed,2,KAS,0.4,24
1676,2,winter_rapeseed,3,KAS,0.8,20
1677,2,winter_rapeseed,1,PK,0.001,35
1677,2,winter_rapeseed,2,KAS,0.4,24
1677,2,winter_rapeseed,3,KAS,0.8,20
1678,2,winter_rapeseed,1,PK,0.001,35
1678,2,winter_rapeseed,2,KAS,0.4,24
1678,2,winter_rapeseed,3,KAS,0.8,20
1679,2,winter_rapeseed,1,PK,0.001,35
1679,2,winter_rapeseed,2,KAS,0.4,24
1679,2,winter_rapeseed,3,KAS,0.8,20
1680,2,winter_rapeseed,1,PK,0.001,35
1680,2,winter_rapeseed,2,KAS,0.4,24
1680,2,winter_rapeseed,3,KAS,0.8,20
1681,2,winter_rapeseed,1,PK,0.001,35
1681,2,winter_rapeseed,2,KAS,0.4,24
1681,2,winter_rapeseed,3,KAS,0.8,20
1682,2,winter_rapeseed,1,PK,0.001,35
1682,2,winter_rapeseed,2,KAS,0.4,24
1682,2,winter_rapeseed,3,KAS,0.8,20
1683,2,winter_rapeseed,1,PK,0.001,35
1683,2,winter_rapeseed,2,KAS,0.4,24
1683,2,winter_rapeseed,3,KAS,0.8,20
1684,2,winter_rapeseed,1,PK,0.001,35
1684,2,winter_rapeseed,2,KAS,0.4,24
1684,2,winter_rapeseed,3,KAS,0.8,20
1685,2,winter_rapeseed,1,PK,0.001,35
1685,2,winter_rapeseed,2,KAS,0.4,24
1685,2,winter_rapeseed,3,KAS,0.8,20
1686,2,winter_rapeseed,1,PK,0.001,35
1686,2,winter_rapeseed,2,KAS,0.4,24
1686,2,winter_rapeseed,3,KAS,0.8,20
1687,2,winter_rapeseed,1,PK,0.001,35
1687,2,winter_rapeseed,2,KAS,0.4,24
1687,2,winter_rapeseed,3,KAS,0.8,20
1688,2,winter_rapeseed,1,PK,0.001,35
1688,2,winter_rapeseed,2,KAS,0.4,24
1688,2,winter_rapeseed,3,KAS,0.8,20
1689,2,winter_rapeseed,1,PK,0.001,35
1689,2,winter_rapeseed,2,KAS,0.4,24
1689,2,winter_rapeseed,3,KAS,0.8,20
1690,2,winter_rapeseed,1,PK,0.001,35
1690,2,winter_rapeseed,2,KAS,0.4,24
1690,2,winter_rapeseed,3,KAS,0.8,20
1691,2,winter_rapeseed,1,PK,0.001,35
1691,2,winter_rapeseed,2,KAS,0.4,24
1691,2,winter_rapeseed,3,KAS,0.8,20
1692,2,winter_rapeseed,1,PK,0.001,35
1692,2,winter_rapeseed,2,KAS,0.4,24
1692,2,winter_rapeseed,3,KAS,0.8,20
1693,2,winter_rapeseed,1,PK,0.001,35
1693,2,winter_rapeseed,2,KAS,0.4,24
1693,2,winter_rapeseed,3,KAS,0.8,20
1694,2,winter_rapeseed,1,PK,0.001,35
1694,2,winter_rapeseed,2,KAS,0.4,24
1694,2,winter_rapeseed,3,KAS,0.8,20
1695,2,winter_rapeseed,1,PK,0.001,35
1695,2,winter_rapeseed,2,KAS,0.4,24
1695,2,winter_rapeseed,3,KAS,0.8,20
1696,2,winter_rapeseed,1,PK,0.001,35
1696,2,winter_rapeseed,2,KAS,0.4,24
1696,2,winter_rapeseed,3,KAS,0.8,20
1697,2,winter_rapeseed,1,PK,0.001,35
1697,2,winter_rapeseed,2,KAS,0.4,24
1697,2,winter_rapeseed,3,KAS,0.8,20
1698,2,winter_rapeseed,1,PK,0.001,35
1698,2,winter_rapeseed,2,KAS,0.4,24
1698,2,winter_rapeseed,3,KAS,0.8,20
1699,2,winter_rapeseed,1,PK,0.001,35
1699,2,winter_rapeseed,2,KAS,0.4,24
1699,2,winter_rapeseed,3,KAS,0.8,20
1700,2,winter_rapeseed,1,PK,0.001,35
1700,2,winter_rapeseed,2,KAS,0.4,24
1700,2,winter_rapeseed,3,KAS,0.8,20
1701,2,winter_rapeseed,1,PK,0.001,35
1701,2,winter_rapeseed,2,KAS,0.4,24
1701,2,winter_rapeseed,3,KAS,0.8,20
1702,2,winter_rapeseed,1,PK,0.001,35
1702,2,winter_rapeseed,2,KAS,0.4,24
1702,2,winter_rapeseed,3,KAS,0.8,20
1703,2,winter_rapeseed,1,PK,0.001,35
1703,2,winter_rapeseed,2,KAS,0.4,24
1703,2,winter_rapeseed,3,KAS,0.8,20
1704,2,winter_rapeseed,1,PK,0.001,35
1704,2,winter_rapeseed,2,KAS,0.4,24
1704,2,winter_rapeseed,3,KAS,0.8,20
1705,2,winter_rapeseed,1,PK,0.001,35
1705,2,winter_rapeseed,2,KAS,0.4,24
1705,2,winter_rapeseed,3,KAS,0.8,20
1706,2,winter_rapeseed,1,PK,0.001,35
1706,2,winter_rapeseed,2,KAS,0.4,24
1706,2,winter_rapeseed,3,KAS,0.8,20
1707,2,winter_rapeseed,1,PK,0.001,35
1707,2,winter_rapeseed,2,KAS,0.4,24
1707,2,winter_rapeseed,3,KAS,0.8,20
1708,2,winter_rapeseed,1,PK,0.001,35
1708,2,winter_rapeseed,2,KAS,0.4,24
1708,2,winter_rapeseed,3,KAS,0.8,20
1709,2,winter_rapeseed,1,PK,0.001,35
1709,2,winter_rapeseed,2,KAS,0.4,24
1709,2,winter_rapeseed,3,KAS,0.8,20
1710,2,winter_rapeseed,1,PK,0.001,35
1710,2,winter_rapeseed,2,KAS,0.4,24
1710,2,winter_rapeseed,3,KAS,0.8,20
1711,2,winter_rapeseed,1,PK,0.001,35
1711,2,winter_rapeseed,2,KAS,0.4,24
1711,2,winter_rapeseed,3,KAS,0.8,20
1712,2,winter_rapeseed,1,PK,0.001,35
1712,2,winter_rapeseed,2,KAS,0.4,24
1712,2,winter_rapeseed,3,KAS,0.8,20
1713,2,winter_rapeseed,1,PK,0.001,35
1713,2,winter_rapeseed,2,KAS,0.4,24
1713,2,winter_rapeseed,3,KAS,0.8,20
1714,2,winter_rapeseed,1,PK,0.001,35
1714,2,winter_rapeseed,2,KAS,0.4,24
1714,2,winter_rapeseed,3,KAS,0.8,20
1715,2,winter_rapeseed,1,PK,0.001,35
1715,2,winter_rapeseed,2,KAS,0.4,24
1715,2,winter_rapeseed,3,KAS,0.8,20
1716,2,winter_rapeseed,1,PK,0.001,35
1716,2,winter_rapeseed,2,KAS,0.4,24
1716,2,winter_rapeseed,3,KAS,0.8,20
1717,2,winter_rapeseed,1,PK,0.001,35
1717,2,winter_rapeseed,2,KAS,0.4,24
1717,2,winter_rapeseed,3,KAS,0.8,20
1718,2,winter_rapeseed,1,PK,0.001,35
1718,2,winter_rapeseed,2,KAS,0.4,24
1718,2,winter_rapeseed,3,KAS,0.8,20
1719,2,winter_rapeseed,1,PK,0.001,35
1719,2,winter_rapeseed,2,KAS,0.4,24
1719,2,winter_rapeseed,3,KAS,0.8,20
1720,2,winter_rapeseed,1,PK,0.001,35
1720,2,winter_rapeseed,2,KAS,0.4,24
1720,2,winter_rapeseed,3,KAS,0.8,20
1721,2,winter_rapeseed,1,PK,0.001,35
1721,2,winter_rapeseed,2,KAS,0.4,24
1721,2,winter_rapeseed,3,KAS,0.8,20
1722,2,winter_rapeseed,1,PK,0.001,35
1722,2,winter_rapeseed,2,KAS,0.4,24
1722,2,winter_rapeseed,3,KAS,0.8,20
1723,2,winter_rapeseed,1,PK,0.001,35
1723,2,winter_rapeseed,2,KAS,0.4,24
1723,2,winter_rapeseed,3,KAS,0.8,20
1724,2,winter_rapeseed,1,PK,0.001,35
1724,2,winter_rapeseed,2,KAS,0.4,24
1724,2,winter_rapeseed,3,KAS,0.8,20
1725,2,winter_rapeseed,1,PK,0.001,35
1725,2,winter_rapeseed,2,KAS,0.4,24
1725,2,winter_rapeseed,3,KAS,0.8,20
1726,2,winter_rapeseed,1,PK,0.001,35
1726,2,winter_rapeseed,2,KAS,0.4,24
1726,2,winter_rapeseed,3,KAS,0.8,20
1727,2,winter_rapeseed,1,PK,0.001,35
1727,2,winter_rapeseed,2,KAS,0.4,24
1727,2,winter_rapeseed,3,KAS,0.8,20
1728,2,winter_rapeseed,1,PK,0.001,35
1728,2,winter_rapeseed,2,KAS,0.4,24
1728,2,winter_rapeseed,3,KAS,0.8,20
1729,2,winter_rapeseed,1,PK,0.001,35
1729,2,winter_rapeseed,2,KAS,0.4,24
1729,2,winter_rapeseed,3,KAS,0.8,20
1730,2,winter_rapeseed,1,PK,0.001,35
1730,2,winter_rapeseed,2,KAS,0.4,24
1730,2,winter_rapeseed,3,KAS,0.8,20
1731,2,winter_rapeseed,1,PK,0.001,35
1731,2,winter_rapeseed,2,KAS,0.4,24
1731,2,winter_rapeseed,3,KAS,0.8,20
1732,2,winter_rapeseed,1,PK,0.001,35
1732,2,winter_rapeseed,2,KAS,0.4,24
1732,2,winter_rapeseed,3,KAS,0.8,20
1734,2,winter_rapeseed,1,PK,0.001,35
1734,2,winter_rapeseed,2,KAS,0.4,24
1734,2,winter_rapeseed,3,KAS,0.8,20
1735,2,winter_rapeseed,1,PK,0.001,35
1735,2,winter_rapeseed,2,KAS,0.4,24
1735,2,winter_rapeseed,3,KAS,0.8,20
1736,2,winter_rapeseed,1,PK,0.001,35
1736,2,winter_rapeseed,2,KAS,0.4,24
1736,2,winter_rapeseed,3,KAS,0.8,20
1737,2,winter_rapeseed,1,PK,0.001,35
1737,2,winter_rapeseed,2,KAS,0.4,24
1737,2,winter_rapeseed,3,KAS,0.8,20
1738,2,winter_rapeseed,1,PK,0.001,35
1738,2,winter_rapeseed,2,KAS,0.4,24
1738,2,winter_rapeseed,3,KAS,0.8,20
1739,2,winter_rapeseed,1,PK,0.001,35
1739,2,winter_rapeseed,2,KAS,0.4,24
1739,2,winter_rapeseed,3,KAS,0.8,20
1740,2,winter_rapeseed,1,PK,0.001,35
1740,2,winter_rapeseed,2,KAS,0.4,24
1740,2,winter_rapeseed,3,KAS,0.8,20
1741,2,winter_rapeseed,1,PK,0.001,35
1741,2,winter_rapeseed,2,KAS,0.4,24
1741,2,winter_rapeseed,3,KAS,0.8,20
1742,2,winter_rapeseed,1,PK,0.001,35
1742,2,winter_rapeseed,2,KAS,0.4,24
1742,2,winter_rapeseed,3,KAS,0.8,20
1743,2,winter_rapeseed,1,PK,0.001,35
1743,2,winter_rapeseed,2,KAS,0.4,24
1743,2,winter_rapeseed,3,KAS,0.8,20
1744,2,winter_rapeseed,1,PK,0.001,35
1744,2,winter_rapeseed,2,KAS,0.4,24
1744,2,winter_rapeseed,3,KAS,0.8,20
1745,2,winter_rapeseed,1,PK,0.001,35
1745,2,winter_rapeseed,2,KAS,0.4,24
1745,2,winter_rapeseed,3,KAS,0.8,20
1746,2,winter_rapeseed,1,PK,0.001,35
1746,2,winter_rapeseed,2,KAS,0.4,24
1746,2,winter_rapeseed,3,KAS,0.8,20
1747,2,winter_rapeseed,1,PK,0.001,35
1747,2,winter_rapeseed,2,KAS,0.4,24
1747,2,winter_rapeseed,3,KAS,0.8,20
1748,2,winter_rapeseed,1,PK,0.001,35
1748,2,winter_rapeseed,2,KAS,0.4,24
1748,2,winter_rapeseed,3,KAS,0.8,20
1749,2,winter_rapeseed,1,PK,0.001,35
1749,2,winter_rapeseed,2,KAS,0.4,24
1749,2,winter_rapeseed,3,KAS,0.8,20
3214,2,winter_rapeseed,1,PK,0.001,35
3214,2,winter_rapeseed,2,KAS,0.4,24
3214,2,winter_rapeseed,3,KAS,0.8,20
3215,2,winter_rapeseed,1,PK,0.001,35
3215,2,winter_rapeseed,2,KAS,0.4,24
3215,2,winter_rapeseed,3,KAS,0.8,20
3216,2,winter_rapeseed,1,PK,0.001,35
3216,2,winter_rapeseed,2,KAS,0.4,24
3216,2,winter_rapeseed,3,KAS,0.8,20
3217,2,winter_rapeseed,1,PK,0.001,35
3217,2,winter_rapeseed,2,KAS,0.4,24
3217,2,winter_rapeseed,3,KAS,0.8,20
3218,2,winter_rapeseed,1,PK,0.001,35
3218,2,winter_rapeseed,2,KAS,0.4,24
3218,2,winter_rapeseed,3,KAS,0.8,20
3219,2,winter_rapeseed,1,PK,0.001,35
3219,2,winter_rapeseed,2,KAS,0.4,24
3219,2,winter_rapeseed,3,KAS,0.8,20
3220,2,winter_rapeseed,1,PK,0.001,35
3220,2,winter_rapeseed,2,KAS,0.4,24
3220,2,winter_rapeseed,3,KAS,0.8,20
3222,2,winter_rapeseed,1,PK,0.001,35
3222,2,winter_rapeseed,2,KAS,0.4,24
3222,2,winter_rapeseed,3,KAS,0.8,20
3223,2,winter_rapeseed,1,PK,0.001,35
3223,2,winter_rapeseed,2,KAS,0.4,24
3223,2,winter_rapeseed,3,KAS,0.8,20
3224,2,winter_rapeseed,1,PK,0.001,35
3224,2,winter_rapeseed,2,KAS,0.4,24
3224,2,winter_rapeseed,3,KAS,0.8,20
3225,2,winter_rapeseed,1,PK,0.001,35
3225,2,winter_rapeseed,2,KAS,0.4,24
3225,2,winter_rapeseed,3,KAS,0.8,20
3226,2,winter_rapeseed,1,PK,0.001,35
3226,2,winter_rapeseed,2,KAS,0.4,24
3226,2,winter_rapeseed,3,KAS,0.8,20
3227,2,winter_rapeseed,1,PK,0.001,35
3227,2,winter_rapeseed,2,KAS,0.4,24
3227,2,winter_rapeseed,3,KAS,0.8,20
3228,2,winter_rapeseed,1,PK,0.001,35
3228,2,winter_rapeseed,2,KAS,0.4,24
3228,2,winter_rapeseed,3,KAS,0.8,20
3229,2,winter_rapeseed,1,PK,0.001,35
3229,2,winter_rapeseed,2,KAS,0.4,24
3229,2,winter_rapeseed,3,KAS,0.8,20
3230,2,winter_rapeseed,1,PK,0.001,35
3230,2,winter_rapeseed,2,KAS,0.4,24
3230,2,winter_rapeseed,3,KAS,0.8,20
3231,2,winter_rapeseed,1,PK,0.001,35
3231,2,winter_rapeseed,2,KAS,0.4,24
3231,2,winter_rapeseed,3,KAS,0.8,20
3232,2,winter_rapeseed,1,PK,0.001,35
3232,2,winter_rapeseed,2,KAS,0.4,24
3232,2,winter_rapeseed,3,KAS,0.8,20
3233,2,winter_rapeseed,1,PK,0.001,35
3233,2,winter_rapeseed,2,KAS,0.4,24
3233,2,winter_rapeseed,3,KAS,0.8,20
3234,2,winter_rapeseed,1,PK,0.001,35
3234,2,winter_rapeseed,2,KAS,0.4,24
3234,2,winter_rapeseed,3,KAS,0.8,20
3235,2,winter_rapeseed,1,PK,0.001,35
3235,2,winter_rapeseed,2,KAS,0.4,24
3235,2,winter_rapeseed,3,KAS,0.8,20
3236,2,winter_rapeseed,1,PK,0.001,35
3236,2,winter_rapeseed,2,KAS,0.4,24
3236,2,winter_rapeseed,3,KAS,0.8,20
3237,2,winter_rapeseed,1,PK,0.001,35
3237,2,winter_rapeseed,2,KAS,0.4,24
3237,2,winter_rapeseed,3,KAS,0.8,20
3238,2,winter_rapeseed,1,PK,0.001,35
3238,2,winter_rapeseed,2,KAS,0.4,24
3238,2,winter_rapeseed,3,KAS,0.8,20
3240,2,winter_rapeseed,1,PK,0.001,35
3240,2,winter_rapeseed,2,KAS,0.4,24
3240,2,winter_rapeseed,3,KAS,0.8,20
3241,2,winter_rapeseed,1,PK,0.001,35
3241,2,winter_rapeseed,2,KAS,0.4,24
3241,2,winter_rapeseed,3,KAS,0.8,20
3242,2,winter_rapeseed,1,PK,0.001,35
3242,2,winter_rapeseed,2,KAS,0.4,24
3242,2,winter_rapeseed,3,KAS,0.8,20
3243,2,winter_rapeseed,1,PK,0.001,35
3243,2,winter_rapeseed,2,KAS,0.4,24
3243,2,winter_rapeseed,3,KAS,0.8,20
3244,2,winter_rapeseed,1,PK,0.001,35
3244,2,winter_rapeseed,2,KAS,0.4,24
3244,2,winter_rapeseed,3,KAS,0.8,20
3245,2,winter_rapeseed,1,PK,0.001,35
3245,2,winter_rapeseed,2,KAS,0.4,24
3245,2,winter_rapeseed,3,KAS,0.8,20
3246,2,winter_rapeseed,1,PK,0.001,35
3246,2,winter_rapeseed,2,KAS,0.4,24
3246,2,winter_rapeseed,3,KAS,0.8,20
3247,2,winter_rapeseed,1,PK,0.001,35
3247,2,winter_rapeseed,2,KAS,0.4,24
3247,2,winter_rapeseed,3,KAS,0.8,20
3248,2,winter_rapeseed,1,PK,0.001,35
3248,2,winter_rapeseed,2,KAS,0.4,24
3248,2,winter_rapeseed,3,KAS,0.8,20
3249,2,winter_rapeseed,1,PK,0.001,35
3249,2,winter_rapeseed,2,KAS,0.4,24
3249,2,winter_rapeseed,3,KAS,0.8,20
3250,2,winter_rapeseed,1,PK,0.001,35
3250,2,winter_rapeseed,2,KAS,0.4,24
3250,2,winter_rapeseed,3,KAS,0.8,20
3251,2,winter_rapeseed,1,PK,0.001,35
3251,2,winter_rapeseed,2,KAS,0.4,24
3251,2,winter_rapeseed,3,KAS,0.8,20
3252,2,winter_rapeseed,1,PK,0.001,35
3252,2,winter_rapeseed,2,KAS,0.4,24
3252,2,winter_rapeseed,3,KAS,0.8,20
3253,2,winter_rapeseed,1,PK,0.001,35
3253,2,winter_rapeseed,2,KAS,0.4,24
3253,2,winter_rapeseed,3,KAS,0.8,20
3254,2,winter_rapeseed,1,PK,0.001,35
3254,2,winter_rapeseed,2,KAS,0.4,24
3254,2,winter_rapeseed,3,KAS,0.8,20
3255,2,winter_rapeseed,1,PK,0.001,35
3255,2,winter_rapeseed,2,KAS,0.4,24
3255,2,winter_rapeseed,3,KAS,0.8,20
3256,2,winter_rapeseed,1,PK,0.001,35
3256,2,winter_rapeseed,2,KAS,0.4,24
3256,2,winter_rapeseed,3,KAS,0.8,20
3257,2,winter_rapeseed,1,PK,0.001,35
3257,2,winter_rapeseed,2,KAS,0.4,24
3257,2,winter_rapeseed,3,KAS,0.8,20
3258,2,winter_rapeseed,1,PK,0.001,35
3258,2,winter_rapeseed,2,KAS,0.4,24
3258,2,winter_rapeseed,3,KAS,0.8,20
3259,2,winter_rapeseed,1,PK,0.001,35
3259,2,winter_rapeseed,2,KAS,0.4,24
3259,2,winter_rapeseed,3,KAS,0.8,20
3260,2,winter_rapeseed,1,PK,0.001,35
3260,2,winter_rapeseed,2,KAS,0.4,24
3260,2,winter_rapeseed,3,KAS,0.8,20
3261,2,winter_rapeseed,1,PK,0.001,35
3261,2,winter_rapeseed,2,KAS,0.4,24
3261,2,winter_rapeseed,3,KAS,0.8,20
3262,2,winter_rapeseed,1,PK,0.001,35
3262,2,winter_rapeseed,2,KAS,0.4,24
3262,2,winter_rapeseed,3,KAS,0.8,20
3263,2,winter_rapeseed,1,PK,0.001,35
3263,2,winter_rapeseed,2,KAS,0.4,24
3263,2,winter_rapeseed,3,KAS,0.8,20
3264,2,winter_rapeseed,1,PK,0.001,35
3264,2,winter_rapeseed,2,KAS,0.4,24
3264,2,winter_rapeseed,3,KAS,0.8,20
3265,2,winter_rapeseed,1,PK,0.001,35
3265,2,winter_rapeseed,2,KAS,0.4,24
3265,2,winter_rapeseed,3,KAS,0.8,20
3266,2,winter_rapeseed,1,PK,0.001,35
3266,2,winter_rapeseed,2,KAS,0.4,24
3266,2,winter_rapeseed,3,KAS,0.8,20
3267,2,winter_rapeseed,1,PK,0.001,35
3267,2,winter_rapeseed,2,KAS,0.4,24
3267,2,winter_rapeseed,3,KAS,0.8,20
3268,2,winter_rapeseed,1,PK,0.001,35
3268,2,winter_rapeseed,2,KAS,0.4,24
3268,2,winter_rapeseed,3,KAS,0.8,20
3269,2,winter_rapeseed,1,PK,0.001,35
3269,2,winter_rapeseed,2,KAS,0.4,24
3269,2,winter_rapeseed,3,KAS,0.8,20
3270,2,winter_rapeseed,1,PK,0.001,35
3270,2,winter_rapeseed,2,KAS,0.4,24
3270,2,winter_rapeseed,3,KAS,0.8,20
3271,2,winter_rapeseed,1,PK,0.001,35
3271,2,winter_rapeseed,2,KAS,0.4,24
3271,2,winter_rapeseed,3,KAS,0.8,20
3272,2,winter_rapeseed,1,PK,0.001,35
3272,2,winter_rapeseed,2,KAS,0.4,24
3272,2,winter_rapeseed,3,KAS,0.8,20
3274,2,winter_rapeseed,1,PK,0.001,35
3274,2,winter_rapeseed,2,KAS,0.4,24
3274,2,winter_rapeseed,3,KAS,0.8,20
3275,2,winter_rapeseed,1,PK,0.001,35
3275,2,winter_rapeseed,2,KAS,0.4,24
3275,2,winter_rapeseed,3,KAS,0.8,20
3276,2,winter_rapeseed,1,PK,0.001,35
3276,2,winter_rapeseed,2,KAS,0.4,24
3276,2,winter_rapeseed,3,KAS,0.8,20
3277,2,winter_rapeseed,1,PK,0.001,35
3277,2,winter_rapeseed,2,KAS,0.4,24
3277,2,winter_rapeseed,3,KAS,0.8,20
3278,2,winter_rapeseed,1,PK,0.001,35
3278,2,winter_rapeseed,2,KAS,0.4,24
3278,2,winter_rapeseed,3,KAS,0.8,20
3279,2,winter_rapeseed,1,PK,0.001,35
3279,2,winter_rapeseed,2,KAS,0.4,24
3279,2,winter_rapeseed,3,KAS,0.8,20
3280,2,winter_rapeseed,1,PK,0.001,35
3280,2,winter_rapeseed,2,KAS,0.4,24
3280,2,winter_rapeseed,3,KAS,0.8,20
3281,2,winter_rapeseed,1,PK,0.001,35
3281,2,winter_rapeseed,2,KAS,0.4,24
3281,2,winter_rapeseed,3,KAS,0.8,20
3282,2,winter_rapeseed,1,PK,0.001,35
3282,2,winter_rapeseed,2,KAS,0.4,24
3282,2,winter_rapeseed,3,KAS,0.8,20
3283,2,winter_rapeseed,1,PK,0.001,35
3283,2,winter_rapeseed,2,KAS,0.4,24
3283,2,winter_rapeseed,3,KAS,0.8,20
3284,2,winter_rapeseed,1,PK,0.001,35
3284,2,winter_rapeseed,2,KAS,0.4,24
3284,2,winter_rapeseed,3,KAS,0.8,20
3285,2,winter_rapeseed,1,PK,0.001,35
3285,2,winter_rapeseed,2,KAS,0.4,24
3285,2,winter_rapeseed,3,KAS,0.8,20
3286,2,winter_rapeseed,1,PK,0.001,35
3286,2,winter_rapeseed,2,KAS,0.4,24
3286,2,winter_rapeseed,3,KAS,0.8,20
3287,2,winter_rapeseed,1,PK,0.001,35
3287,2,winter_rapeseed,2,KAS,0.4,24
3287,2,winter_rapeseed,3,KAS,0.8,20
3288,2,winter_rapeseed,1,PK,0.001,35
3288,2,winter_rapeseed,2,KAS,0.4,24
3288,2,winter_rapeseed,3,KAS,0.8,20
3289,2,winter_rapeseed,1,PK,0.001,35
3289,2,winter_rapeseed,2,KAS,0.4,24
3289,2,winter_rapeseed,3,KAS,0.8,20
3290,2,winter_rapeseed,1,PK,0.001,35
3290,2,winter_rapeseed,2,KAS,0.4,24
3290,2,winter_rapeseed,3,KAS,0.8,20
3291,2,winter_rapeseed,1,PK,0.001,35
3291,2,winter_rapeseed,2,KAS,0.4,24
3291,2,winter_rapeseed,3,KAS,0.8,20
3292,2,winter_rapeseed,1,PK,0.001,35
3292,2,winter_rapeseed,2,KAS,0.4,24
3292,2,winter_rapeseed,3,KAS,0.8,20
3293,2,winter_rapeseed,1,PK,0.001,35
3293,2,winter_rapeseed,2,KAS,0.4,24
3293,2,winter_rapeseed,3,KAS,0.8,20
3294,2,winter_rapeseed,1,PK,0.001,35
3294,2,winter_rapeseed,2,KAS,0.4,24
3294,2,winter_rapeseed,3,KAS,0.8,20
3295,2,winter_rapeseed,1,PK,0.001,35
3295,2,winter_rapeseed,2,KAS,0.4,24
3295,2,winter_rapeseed,3,KAS,0.8,20
3296,2,winter_rapeseed,1,PK,0.001,35
3296,2,winter_rapeseed,2,KAS,0.4,24
3296,2,winter_rapeseed,3,KAS,0.8,20
3297,2,winter_rapeseed,1,PK,0.001,35
3297,2,winter_rapeseed,2,KAS,0.4,24
3297,2,winter_rapeseed,3,KAS,0.8,20
3298,2,winter_rapeseed,1,PK,0.001,35
3298,2,winter_rapeseed,2,KAS,0.4,24
3298,2,winter_rapeseed,3,KAS,0.8,20
3299,2,winter_rapeseed,1,PK,0.001,35
3299,2,winter_rapeseed,2,KAS,0.4,24
3299,2,winter_rapeseed,3,KAS,0.8,20
3300,2,winter_rapeseed,1,PK,0.001,35
3300,2,winter_rapeseed,2,KAS,0.4,24
3300,2,winter_rapeseed,3,KAS,0.8,20
3301,2,winter_rapeseed,1,PK,0.001,35
3301,2,winter_rapeseed,2,KAS,0.4,24
3301,2,winter_rapeseed,3,KAS,0.8,20
3302,2,winter_rapeseed,1,PK,0.001,35
3302,2,winter_rapeseed,2,KAS,0.4,24
3302,2,winter_rapeseed,3,KAS,0.8,20
3303,2,winter_rapeseed,1,PK,0.001,35
3303,2,winter_rapeseed,2,KAS,0.4,24
3303,2,winter_rapeseed,3,KAS,0.8,20
3304,2,winter_rapeseed,1,PK,0.001,35
3304,2,winter_rapeseed,2,KAS,0.4,24
3304,2,winter_rapeseed,3,KAS,0.8,20
3305,2,winter_rapeseed,1,PK,0.001,35
3305,2,winter_rapeseed,2,KAS,0.4,24
3305,2,winter_rapeseed,3,KAS,0.8,20
3306,2,winter_rapeseed,1,PK,0.001,35
3306,2,winter_rapeseed,2,KAS,0.4,24
3306,2,winter_rapeseed,3,KAS,0.8,20
3307,2,winter_rapeseed,1,PK,0.001,35
3307,2,winter_rapeseed,2,KAS,0.4,24
3307,2,winter_rapeseed,3,KAS,0.8,20
3309,2,winter_rapeseed,1,PK,0.001,35
3309,2,winter_rapeseed,2,KAS,0.4,24
3309,2,winter_rapeseed,3,KAS,0.8,20
3310,2,winter_rapeseed,1,PK,0.001,35
3310,2,winter_rapeseed,2,KAS,0.4,24
3310,2,winter_rapeseed,3,KAS,0.8,20
3311,2,winter_rapeseed,1,PK,0.001,35
3311,2,winter_rapeseed,2,KAS,0.4,24
3311,2,winter_rapeseed,3,KAS,0.8,20
3312,2,winter_rapeseed,1,PK,0.001,35
3312,2,winter_rapeseed,2,KAS,0.4,24
3312,2,winter_rapeseed,3,KAS,0.8,20
3313,2,winter_rapeseed,1,PK,0.001,35
3313,2,winter_rapeseed,2,KAS,0.4,24
3313,2,winter_rapeseed,3,KAS,0.8,20
3314,2,winter_rapeseed,1,PK,0.001,35
3314,2,winter_rapeseed,2,KAS,0.4,24
3314,2,winter_rapeseed,3,KAS,0.8,20
3315,2,winter_rapeseed,1,PK,0.001,35
3315,2,winter_rapeseed,2,KAS,0.4,24
3315,2,winter_rapeseed,3,KAS,0.8,20
3316,2,winter_rapeseed,1,PK,0.001,35
3316,2,winter_rapeseed,2,KAS,0.4,24
3316,2,winter_rapeseed,3,KAS,0.8,20
3317,2,winter_rapeseed,1,PK,0.001,35
3317,2,winter_rapeseed,2,KAS,0.4,24
3317,2,winter_rapeseed,3,KAS,0.8,20
3318,2,winter_rapeseed,1,PK,0.001,35
3318,2,winter_rapeseed,2,KAS,0.4,24
3318,2,winter_rapeseed,3,KAS,0.8,20
3319,2,winter_rapeseed,1,PK,0.001,35
3319,2,winter_rapeseed,2,KAS,0.4,24
3319,2,winter_rapeseed,3,KAS,0.8,20
3320,2,winter_rapeseed,1,PK,0.001,35
3320,2,winter_rapeseed,2,KAS,0.4,24
3320,2,winter_rapeseed,3,KAS,0.8,20
3321,2,winter_rapeseed,1,PK,0.001,35
3321,2,winter_rapeseed,2,KAS,0.4,24
3321,2,winter_rapeseed,3,KAS,0.8,20
3322,2,winter_rapeseed,1,PK,0.001,35
3322,2,winter_rapeseed,2,KAS,0.4,24
3322,2,winter_rapeseed,3,KAS,0.8,20
3323,2,winter_rapeseed,1,PK,0.001,35
3323,2,winter_rapeseed,2,KAS,0.4,24
3323,2,winter_rapeseed,3,KAS,0.8,20
3324,2,winter_rapeseed,1,PK,0.001,35
3324,2,winter_rapeseed,2,KAS,0.4,24
3324,2,winter_rapeseed,3,KAS,0.8,20
3326,2,winter_rapeseed,1,PK,0.001,35
3326,2,winter_rapeseed,2,KAS,0.4,24
3326,2,winter_rapeseed,3,KAS,0.8,20
3327,2,winter_rapeseed,1,PK,0.001,35
3327,2,winter_rapeseed,2,KAS,0.4,24
3327,2,winter_rapeseed,3,KAS,0.8,20
3328,2,winter_rapeseed,1,PK,0.001,35
3328,2,winter_rapeseed,2,KAS,0.4,24
3328,2,winter_rapeseed,3,KAS,0.8,20
3329,2,winter_rapeseed,1,PK,0.001,35
3329,2,winter_rapeseed,2,KAS,0.4,24
3329,2,winter_rapeseed,3,KAS,0.8,20
3330,2,winter_rapeseed,1,PK,0.001,35
3330,2,winter_rapeseed,2,KAS,0.4,24
3330,2,winter_rapeseed,3,KAS,0.8,20
3331,2,winter_rapeseed,1,PK,0.001,35
3331,2,winter_rapeseed,2,KAS,0.4,24
3331,2,winter_rapeseed,3,KAS,0.8,20
3332,2,winter_rapeseed,1,PK,0.001,35
3332,2,winter_rapeseed,2,KAS,0.4,24
3332,2,winter_rapeseed,3,KAS,0.8,20
3333,2,winter_rapeseed,1,PK,0.001,35
3333,2,winter_rapeseed,2,KAS,0.4,24
3333,2,winter_rapeseed,3,KAS,0.8,20
3334,2,winter_rapeseed,1,PK,0.001,35
3334,2,winter_rapeseed,2,KAS,0.4,24
3334,2,winter_rapeseed,3,KAS,0.8,20
3335,2,winter_rapeseed,1,PK,0.001,35
3335,2,winter_rapeseed,2,KAS,0.4,24
3335,2,winter_rapeseed,3,KAS,0.8,20
3336,2,winter_rapeseed,1,PK,0.001,35
3336,2,winter_rapeseed,2,KAS,0.4,24
3336,2,winter_rapeseed,3,KAS,0.8,20
3337,2,winter_rapeseed,1,PK,0.001,35
3337,2,winter_rapeseed,2,KAS,0.4,24
3337,2,winter_rapeseed,3,KAS,0.8,20
3338,2,winter_rapeseed,1,PK,0.001,35
3338,2,winter_rapeseed,2,KAS,0.4,24
3338,2,winter_rapeseed,3,KAS,0.8,20
3339,2,winter_rapeseed,1,PK,0.001,35
3339,2,winter_rapeseed,2,KAS,0.4,24
3339,2,winter_rapeseed,3,KAS,0.8,20
3340,2,winter_rapeseed,1,PK,0.001,35
3340,2,winter_rapeseed,2,KAS,0.4,24
3340,2,winter_rapeseed,3,KAS,0.8,20
3341,2,winter_rapeseed,1,PK,0.001,35
3341,2,winter_rapeseed,2,KAS,0.4,24
3341,2,winter_rapeseed,3,KAS,0.8,20
3342,2,winter_rapeseed,1,PK,0.001,35
3342,2,winter_rapeseed,2,KAS,0.4,24
3342,2,winter_rapeseed,3,KAS,0.8,20
3343,2,winter_rapeseed,1,PK,0.001,35
3343,2,winter_rapeseed,2,KAS,0.4,24
3343,2,winter_rapeseed,3,KAS,0.8,20
3344,2,winter_rapeseed,1,PK,0.001,35
3344,2,winter_rapeseed,2,KAS,0.4,24
3344,2,winter_rapeseed,3,KAS,0.8,20
3345,2,winter_rapeseed,1,PK,0.001,35
3345,2,winter_rapeseed,2,KAS,0.4,24
3345,2,winter_rapeseed,3,KAS,0.8,20
3346,2,winter_rapeseed,1,PK,0.001,35
3346,2,winter_rapeseed,2,KAS,0.4,24
3346,2,winter_rapeseed,3,KAS,0.8,20
3347,2,winter_rapeseed,1,PK,0.001,35
3347,2,winter_rapeseed,2,KAS,0.4,24
3347,2,winter_rapeseed,3,KAS,0.8,20
3348,2,winter_rapeseed,1,PK,0.001,35
3348,2,winter_rapeseed,2,KAS,0.4,24
3348,2,winter_rapeseed,3,KAS,0.8,20
3349,2,winter_rapeseed,1,PK,0.001,35
3349,2,winter_rapeseed,2,KAS,0.4,24
3349,2,winter_rapeseed,3,KAS,0.8,20
3350,2,winter_rapeseed,1,PK,0.001,35
3350,2,winter_rapeseed,2,KAS,0.4,24
3350,2,winter_rapeseed,3,KAS,0.8,20
3351,2,winter_rapeseed,1,PK,0.001,35
3351,2,winter_rapeseed,2,KAS,0.4,24
3351,2,winter_rapeseed,3,KAS,0.8,20
3352,2,winter_rapeseed,1,PK,0.001,35
3352,2,winter_rapeseed,2,KAS,0.4,24
3352,2,winter_rapeseed,3,KAS,0.8,20
3353,2,winter_rapeseed,1,PK,0.001,35
3353,2,winter_rapeseed,2,KAS,0.4,24
3353,2,winter_rapeseed,3,KAS,0.8,20
3354,2,winter_rapeseed,1,PK,0.001,35
3354,2,winter_rapeseed,2,KAS,0.4,24
3354,2,winter_rapeseed,3,KAS,0.8,20
3355,2,winter_rapeseed,1,PK,0.001,35
3355,2,winter_rapeseed,2,KAS,0.4,24
3355,2,winter_rapeseed,3,KAS,0.8,20
3356,2,winter_rapeseed,1,PK,0.001,35
3356,2,winter_rapeseed,2,KAS,0.4,24
3356,2,winter_rapeseed,3,KAS,0.8,20
3357,2,winter_rapeseed,1,PK,0.001,35
3357,2,winter_rapeseed,2,KAS,0.4,24
3357,2,winter_rapeseed,3,KAS,0.8,20
3358,2,winter_rapeseed,1,PK,0.001,35
3358,2,winter_rapeseed,2,KAS,0.4,24
3358,2,winter_rapeseed,3,KAS,0.8,20
3359,2,winter_rapeseed,1,PK,0.001,35
3359,2,winter_rapeseed,2,KAS,0.4,24
3359,2,winter_rapeseed,3,KAS,0.8,20
3360,2,winter_rapeseed,1,PK,0.001,35
3360,2,winter_rapeseed,2,KAS,0.4,24
3360,2,winter_rapeseed,3,KAS,0.8,20
3361,2,winter_rapeseed,1,PK,0.001,35
3361,2,winter_rapeseed,2,KAS,0.4,24
3361,2,winter_rapeseed,3,KAS,0.8,20
3362,2,winter_rapeseed,1,PK,0.001,35
3362,2,winter_rapeseed,2,KAS,0.4,24
3362,2,winter_rapeseed,3,KAS,0.8,20
3363,2,winter_rapeseed,1,PK,0.001,35
3363,2,winter_rapeseed,2,KAS,0.4,24
3363,2,winter_rapeseed,3,KAS,0.8,20
3364,2,winter_rapeseed,1,PK,0.001,35
3364,2,winter_rapeseed,2,KAS,0.4,24
3364,2,winter_rapeseed,3,KAS,0.8,20
3365,2,winter_rapeseed,1,PK,0.001,35
3365,2,winter_rapeseed,2,KAS,0.4,24
3365,2,winter_rapeseed,3,KAS,0.8,20
3366,2,winter_rapeseed,1,PK,0.001,35
3366,2,winter_rapeseed,2,KAS,0.4,24
3366,2,winter_rapeseed,3,KAS,0.8,20
3367,2,winter_rapeseed,1,PK,0.001,35
3367,2,winter_rapeseed,2,KAS,0.4,24
3367,2,winter_rapeseed,3,KAS,0.8,20
3368,2,winter_rapeseed,1,PK,0.001,35
3368,2,winter_rapeseed,2,KAS,0.4,24
3368,2,winter_rapeseed,3,KAS,0.8,20
3369,2,winter_rapeseed,1,PK,0.001,35
3369,2,winter_rapeseed,2,KAS,0.4,24
3369,2,winter_rapeseed,3,KAS,0.8,20
3370,2,winter_rapeseed,1,PK,0.001,35
3370,2,winter_rapeseed,2,KAS,0.4,24
3370,2,winter_rapeseed,3,KAS,0.8,20
3371,2,winter_rapeseed,1,PK,0.001,35
3371,2,winter_rapeseed,2,KAS,0.4,24
3371,2,winter_rapeseed,3,KAS,0.8,20
3372,2,winter_rapeseed,1,PK,0.001,35
3372,2,winter_rapeseed,2,KAS,0.4,24
3372,2,winter_rapeseed,3,KAS,0.8,20
3373,2,winter_rapeseed,1,PK,0.001,35
3373,2,winter_rapeseed,2,KAS,0.4,24
3373,2,winter_rapeseed,3,KAS,0.8,20
3374,2,winter_rapeseed,1,PK,0.001,35
3374,2,winter_rapeseed,2,KAS,0.4,24
3374,2,winter_rapeseed,3,KAS,0.8,20
3375,2,winter_rapeseed,1,PK,0.001,35
3375,2,winter_rapeseed,2,KAS,0.4,24
3375,2,winter_rapeseed,3,KAS,0.8,20
3376,2,winter_rapeseed,1,PK,0.001,35
3376,2,winter_rapeseed,2,KAS,0.4,24
3376,2,winter_rapeseed,3,KAS,0.8,20
3377,2,winter_rapeseed,1,PK,0.001,35
3377,2,winter_rapeseed,2,KAS,0.4,24
3377,2,winter_rapeseed,3,KAS,0.8,20
3378,2,winter_rapeseed,1,PK,0.001,35
3378,2,winter_rapeseed,2,KAS,0.4,24
3378,2,winter_rapeseed,3,KAS,0.8,20
3379,2,winter_rapeseed,1,PK,0.001,35
3379,2,winter_rapeseed,2,KAS,0.4,24
3379,2,winter_rapeseed,3,KAS,0.8,20
3380,2,winter_rapeseed,1,PK,0.001,35
3380,2,winter_rapeseed,2,KAS,0.4,24
3380,2,winter_rapeseed,3,KAS,0.8,20
3381,2,winter_rapeseed,1,PK,0.001,35
3381,2,winter_rapeseed,2,KAS,0.4,24
3381,2,winter_rapeseed,3,KAS,0.8,20
3382,2,winter_rapeseed,1,PK,0.001,35
3382,2,winter_rapeseed,2,KAS,0.4,24
3382,2,winter_rapeseed,3,KAS,0.8,20
3383,2,winter_rapeseed,1,PK,0.001,35
3383,2,winter_rapeseed,2,KAS,0.4,24
3383,2,winter_rapeseed,3,KAS,0.8,20
3384,2,winter_rapeseed,1,PK,0.001,35
3384,2,winter_rapeseed,2,KAS,0.4,24
3384,2,winter_rapeseed,3,KAS,0.8,20
3385,2,winter_rapeseed,1,PK,0.001,35
3385,2,winter_rapeseed,2,KAS,0.4,24
3385,2,winter_rapeseed,3,KAS,0.8,20
3386,2,winter_rapeseed,1,PK,0.001,35
3386,2,winter_rapeseed,2,KAS,0.4,24
3386,2,winter_rapeseed,3,KAS,0.8,20
3387,2,winter_rapeseed,1,PK,0.001,35
3387,2,winter_rapeseed,2,KAS,0.4,24
3387,2,winter_rapeseed,3,KAS,0.8,20
3388,2,winter_rapeseed,1,PK,0.001,35
3388,2,winter_rapeseed,2,KAS,0.4,24
3388,2,winter_rapeseed,3,KAS,0.8,20
3389,2,winter_rapeseed,1,PK,0.001,35
3389,2,winter_rapeseed,2,KAS,0.4,24
3389,2,winter_rapeseed,3,KAS,0.8,20
3390,2,winter_rapeseed,1,PK,0.001,35
3390,2,winter_rapeseed,2,KAS,0.4,24
3390,2,winter_rapeseed,3,KAS,0.8,20
3391,2,winter_rapeseed,1,PK,0.001,35
3391,2,winter_rapeseed,2,KAS,0.4,24
3391,2,winter_rapeseed,3,KAS,0.8,20
3392,2,winter_rapeseed,1,PK,0.001,35
3392,2,winter_rapeseed,2,KAS,0.4,24
3392,2,winter_rapeseed,3,KAS,0.8,20
3393,2,winter_rapeseed,1,PK,0.001,35
3393,2,winter_rapeseed,2,KAS,0.4,24
3393,2,winter_rapeseed,3,KAS,0.8,20
3394,2,winter_rapeseed,1,PK,0.001,35
3394,2,winter_rapeseed,2,KAS,0.4,24
3394,2,winter_rapeseed,3,KAS,0.8,20
3395,2,winter_rapeseed,1,PK,0.001,35
3395,2,winter_rapeseed,2,KAS,0.4,24
3395,2,winter_rapeseed,3,KAS,0.8,20
3396,2,winter_rapeseed,1,PK,0.001,35
3396,2,winter_rapeseed,2,KAS,0.4,24
3396,2,winter_rapeseed,3,KAS,0.8,20
3397,2,winter_rapeseed,1,PK,0.001,35
3397,2,winter_rapeseed,2,KAS,0.4,24
3397,2,winter_rapeseed,3,KAS,0.8,20
3398,2,winter_rapeseed,1,PK,0.001,35
3398,2,winter_rapeseed,2,KAS,0.4,24
3398,2,winter_rapeseed,3,KAS,0.8,20
3399,2,winter_rapeseed,1,PK,0.001,35
3399,2,winter_rapeseed,2,KAS,0.4,24
3399,2,winter_rapeseed,3,KAS,0.8,20
3400,2,winter_rapeseed,1,PK,0.001,35
3400,2,winter_rapeseed,2,KAS,0.4,24
3400,2,winter_rapeseed,3,KAS,0.8,20
3401,2,winter_rapeseed,1,PK,0.001,35
3401,2,winter_rapeseed,2,KAS,0.4,24
3401,2,winter_rapeseed,3,KAS,0.8,20
3402,2,winter_rapeseed,1,PK,0.001,35
3402,2,winter_rapeseed,2,KAS,0.4,24
3402,2,winter_rapeseed,3,KAS,0.8,20
3403,2,winter_rapeseed,1,PK,0.001,35
3403,2,winter_rapeseed,2,KAS,0.4,24
3403,2,winter_rapeseed,3,KAS,0.8,20
3404,2,winter_rapeseed,1,PK,0.001,35
3404,2,winter_rapeseed,2,KAS,0.4,24
3404,2,winter_rapeseed,3,KAS,0.8,20
3405,2,winter_rapeseed,1,PK,0.001,35
3405,2,winter_rapeseed,2,KAS,0.4,24
3405,2,winter_rapeseed,3,KAS,0.8,20
3406,2,winter_rapeseed,1,PK,0.001,35
3406,2,winter_rapeseed,2,KAS,0.4,24
3406,2,winter_rapeseed,3,KAS,0.8,20
3407,2,winter_rapeseed,1,PK,0.001,35
3407,2,winter_rapeseed,2,KAS,0.4,24
3407,2,winter_rapeseed,3,KAS,0.8,20
3408,2,winter_rapeseed,1,PK,0.001,35
3408,2,winter_rapeseed,2,KAS,0.4,24
3408,2,winter_rapeseed,3,KAS,0.8,20
3409,2,winter_rapeseed,1,PK,0.001,35
3409,2,winter_rapeseed,2,KAS,0.4,24
3409,2,winter_rapeseed,3,KAS,0.8,20
3410,2,winter_rapeseed,1,PK,0.001,35
3410,2,winter_rapeseed,2,KAS,0.4,24
3410,2,winter_rapeseed,3,KAS,0.8,20
3411,2,winter_rapeseed,1,PK,0.001,35
3411,2,winter_rapeseed,2,KAS,0.4,24
3411,2,winter_rapeseed,3,KAS,0.8,20
3412,2,winter_rapeseed,1,PK,0.001,35
3412,2,winter_rapeseed,2,KAS,0.4,24
3412,2,winter_rapeseed,3,KAS,0.8,20
3413,2,winter_rapeseed,1,PK,0.001,35
3413,2,winter_rapeseed,2,KAS,0.4,24
3413,2,winter_rapeseed,3,KAS,0.8,20
3414,2,winter_rapeseed,1,PK,0.001,35
3414,2,winter_rapeseed,2,KAS,0.4,24
3414,2,winter_rapeseed,3,KAS,0.8,20
3415,2,winter_rapeseed,1,PK,0.001,35
3415,2,winter_rapeseed,2,KAS,0.4,24
3415,2,winter_rapeseed,3,KAS,0.8,20
3416,2,winter_rapeseed,1,PK,0.001,35
3416,2,winter_rapeseed,2,KAS,0.4,24
3416,2,winter_rapeseed,3,KAS,0.8,20
3417,2,winter_rapeseed,1,PK,0.001,35
3417,2,winter_rapeseed,2,KAS,0.4,24
3417,2,winter_rapeseed,3,KAS,0.8,20
3418,2,winter_rapeseed,1,PK,0.001,35
3418,2,winter_rapeseed,2,KAS,0.4,24
3418,2,winter_rapeseed,3,KAS,0.8,20
3419,2,winter_rapeseed,1,PK,0.001,35
3419,2,winter_rapeseed,2,KAS,0.4,24
3419,2,winter_rapeseed,3,KAS,0.8,20
3420,2,winter_rapeseed,1,PK,0.001,35
3420,2,winter_rapeseed,2,KAS,0.4,24
3420,2,winter_rapeseed,3,KAS,0.8,20
3421,2,winter_rapeseed,1,PK,0.001,35
3421,2,winter_rapeseed,2,KAS,0.4,24
3421,2,winter_rapeseed,3,KAS,0.8,20
3422,2,winter_rapeseed,1,PK,0.001,35
3422,2,winter_rapeseed,2,KAS,0.4,24
3422,2,winter_rapeseed,3,KAS,0.8,20
3423,2,winter_rapeseed,1,PK,0.001,35
3423,2,winter_rapeseed,2,KAS,0.4,24
3423,2,winter_rapeseed,3,KAS,0.8,20
3424,2,winter_rapeseed,1,PK,0.001,35
3424,2,winter_rapeseed,2,KAS,0.4,24
3424,2,winter_rapeseed,3,KAS,0.8,20
3425,2,winter_rapeseed,1,PK,0.001,35
3425,2,winter_rapeseed,2,KAS,0.4,24
3425,2,winter_rapeseed,3,KAS,0.8,20
3426,2,winter_rapeseed,1,PK,0.001,35
3426,2,winter_rapeseed,2,KAS,0.4,24
3426,2,winter_rapeseed,3,KAS,0.8,20
3427,2,winter_rapeseed,1,PK,0.001,35
3427,2,winter_rapeseed,2,KAS,0.4,24
3427,2,winter_rapeseed,3,KAS,0.8,20
3428,2,winter_rapeseed,1,PK,0.001,35
3428,2,winter_rapeseed,2,KAS,0.4,24
3428,2,winter_rapeseed,3,KAS,0.8,20
3429,2,winter_rapeseed,1,PK,0.001,35
3429,2,winter_rapeseed,2,KAS,0.4,24
3429,2,winter_rapeseed,3,KAS,0.8,20
3430,2,winter_rapeseed,1,PK,0.001,35
3430,2,winter_rapeseed,2,KAS,0.4,24
3430,2,winter_rapeseed,3,KAS,0.8,20
3431,2,winter_rapeseed,1,PK,0.001,35
3431,2,winter_rapeseed,2,KAS,0.4,24
3431,2,winter_rapeseed,3,KAS,0.8,20
3432,2,winter_rapeseed,1,PK,0.001,35
3432,2,winter_rapeseed,2,KAS,0.4,24
3432,2,winter_rapeseed,3,KAS,0.8,20
3433,2,winter_rapeseed,1,PK,0.001,35
3433,2,winter_rapeseed,2,KAS,0.4,24
3433,2,winter_rapeseed,3,KAS,0.8,20
3434,2,winter_rapeseed,1,PK,0.001,35
3434,2,winter_rapeseed,2,KAS,0.4,24
3434,2,winter_rapeseed,3,KAS,0.8,20
3435,2,winter_rapeseed,1,PK,0.001,35
3435,2,winter_rapeseed,2,KAS,0.4,24
3435,2,winter_rapeseed,3,KAS,0.8,20
3437,2,winter_rapeseed,1,PK,0.001,35
3437,2,winter_rapeseed,2,KAS,0.4,24
3437,2,winter_rapeseed,3,KAS,0.8,20
3438,2,winter_rapeseed,1,PK,0.001,35
3438,2,winter_rapeseed,2,KAS,0.4,24
3438,2,winter_rapeseed,3,KAS,0.8,20
3439,2,winter_rapeseed,1,PK,0.001,35
3439,2,winter_rapeseed,2,KAS,0.4,24
3439,2,winter_rapeseed,3,KAS,0.8,20
3440,2,winter_rapeseed,1,PK,0.001,35
3440,2,winter_rapeseed,2,KAS,0.4,24
3440,2,winter_rapeseed,3,KAS,0.8,20
3441,2,winter_rapeseed,1,PK,0.001,35
3441,2,winter_rapeseed,2,KAS,0.4,24
3441,2,winter_rapeseed,3,KAS,0.8,20
3442,2,winter_rapeseed,1,PK,0.001,35
3442,2,winter_rapeseed,2,KAS,0.4,24
3442,2,winter_rapeseed,3,KAS,0.8,20
3443,2,winter_rapeseed,1,PK,0.001,35
3443,2,winter_rapeseed,2,KAS,0.4,24
3443,2,winter_rapeseed,3,KAS,0.8,20
3444,2,winter_rapeseed,1,PK,0.001,35
3444,2,winter_rapeseed,2,KAS,0.4,24
3444,2,winter_rapeseed,3,KAS,0.8,20
3445,2,winter_rapeseed,1,PK,0.001,35
3445,2,winter_rapeseed,2,KAS,0.4,24
3445,2,winter_rapeseed,3,KAS,0.8,20
3446,2,winter_rapeseed,1,PK,0.001,35
3446,2,winter_rapeseed,2,KAS,0.4,24
3446,2,winter_rapeseed,3,KAS,0.8,20
3447,2,winter_rapeseed,1,PK,0.001,35
3447,2,winter_rapeseed,2,KAS,0.4,24
3447,2,winter_rapeseed,3,KAS,0.8,20
3448,2,winter_rapeseed,1,PK,0.001,35
3448,2,winter_rapeseed,2,KAS,0.4,24
3448,2,winter_rapeseed,3,KAS,0.8,20
3449,2,winter_rapeseed,1,PK,0.001,35
3449,2,winter_rapeseed,2,KAS,0.4,24
3449,2,winter_rapeseed,3,KAS,0.8,20
3450,2,winter_rapeseed,1,PK,0.001,35
3450,2,winter_rapeseed,2,KAS,0.4,24
3450,2,winter_rapeseed,3,KAS,0.8,20
3451,2,winter_rapeseed,1,PK,0.001,35
3451,2,winter_rapeseed,2,KAS,0.4,24
3451,2,winter_rapeseed,3,KAS,0.8,20
3452,2,winter_rapeseed,1,PK,0.001,35
3452,2,winter_rapeseed,2,KAS,0.4,24
3452,2,winter_rapeseed,3,KAS,0.8,20
3453,2,winter_rapeseed,1,PK,0.001,35
3453,2,winter_rapeseed,2,KAS,0.4,24
3453,2,winter_rapeseed,3,KAS,0.8,20
3454,2,winter_rapeseed,1,PK,0.001,35
3454,2,winter_rapeseed,2,KAS,0.4,24
3454,2,winter_rapeseed,3,KAS,0.8,20
3455,2,winter_rapeseed,1,PK,0.001,35
3455,2,winter_rapeseed,2,KAS,0.4,24
3455,2,winter_rapeseed,3,KAS,0.8,20
3456,2,winter_rapeseed,1,PK,0.001,35
3456,2,winter_rapeseed,2,KAS,0.4,24
3456,2,winter_rapeseed,3,KAS,0.8,20
3457,2,winter_rapeseed,1,PK,0.001,35
3457,2,winter_rapeseed,2,KAS,0.4,24
3457,2,winter_rapeseed,3,KAS,0.8,20
3458,2,winter_rapeseed,1,PK,0.001,35
3458,2,winter_rapeseed,2,KAS,0.4,24
3458,2,winter_rapeseed,3,KAS,0.8,20
3459,2,winter_rapeseed,1,PK,0.001,35
3459,2,winter_rapeseed,2,KAS,0.4,24
3459,2,winter_rapeseed,3,KAS,0.8,20
3460,2,winter_rapeseed,1,PK,0.001,35
3460,2,winter_rapeseed,2,KAS,0.4,24
3460,2,winter_rapeseed,3,KAS,0.8,20
3461,2,winter_rapeseed,1,PK,0.001,35
3461,2,winter_rapeseed,2,KAS,0.4,24
3461,2,winter_rapeseed,3,KAS,0.8,20
3462,2,winter_rapeseed,1,PK,0.001,35
3462,2,winter_rapeseed,2,KAS,0.4,24
3462,2,winter_rapeseed,3,KAS,0.8,20
3463,2,winter_rapeseed,1,PK,0.001,35
3463,2,winter_rapeseed,2,KAS,0.4,24
3463,2,winter_rapeseed,3,KAS,0.8,20
3464,2,winter_rapeseed,1,PK,0.001,35
3464,2,winter_rapeseed,2,KAS,0.4,24
3464,2,winter_rapeseed,3,KAS,0.8,20
3465,2,winter_rapeseed,1,PK,0.001,35
3465,2,winter_rapeseed,2,KAS,0.4,24
3465,2,winter_rapeseed,3,KAS,0.8,20
3467,2,winter_rapeseed,1,PK,0.001,35
3467,2,winter_rapeseed,2,KAS,0.4,24
3467,2,winter_rapeseed,3,KAS,0.8,20
3468,2,winter_rapeseed,1,PK,0.001,35
3468,2,winter_rapeseed,2,KAS,0.4,24
3468,2,winter_rapeseed,3,KAS,0.8,20
3469,2,winter_rapeseed,1,PK,0.001,35
3469,2,winter_rapeseed,2,KAS,0.4,24
3469,2,winter_rapeseed,3,KAS,0.8,20
3470,2,winter_rapeseed,1,PK,0.001,35
3470,2,winter_rapeseed,2,KAS,0.4,24
3470,2,winter_rapeseed,3,KAS,0.8,20
3471,2,winter_rapeseed,1,PK,0.001,35
3471,2,winter_rapeseed,2,KAS,0.4,24
3471,2,winter_rapeseed,3,KAS,0.8,20
3472,2,winter_rapeseed,1,PK,0.001,35
3472,2,winter_rapeseed,2,KAS,0.4,24
3472,2,winter_rapeseed,3,KAS,0.8,20
3473,2,winter_rapeseed,1,PK,0.001,35
3473,2,winter_rapeseed,2,KAS,0.4,24
3473,2,winter_rapeseed,3,KAS,0.8,20
3474,2,winter_rapeseed,1,PK,0.001,35
3474,2,winter_rapeseed,2,KAS,0.4,24
3474,2,winter_rapeseed,3,KAS,0.8,20
3475,2,winter_rapeseed,1,PK,0.001,35
3475,2,winter_rapeseed,2,KAS,0.4,24
3475,2,winter_rapeseed,3,KAS,0.8,20
3476,2,winter_rapeseed,1,PK,0.001,35
3476,2,winter_rapeseed,2,KAS,0.4,24
3476,2,winter_rapeseed,3,KAS,0.8,20
3477,2,winter_rapeseed,1,PK,0.001,35
3477,2,winter_rapeseed,2,KAS,0.4,24
3477,2,winter_rapeseed,3,KAS,0.8,20
3478,2,winter_rapeseed,1,PK,0.001,35
3478,2,winter_rapeseed,2,KAS,0.4,24
3478,2,winter_rapeseed,3,KAS,0.8,20
3479,2,winter_rapeseed,1,PK,0.001,35
3479,2,winter_rapeseed,2,KAS,0.4,24
3479,2,winter_rapeseed,3,KAS,0.8,20
3480,2,winter_rapeseed,1,PK,0.001,35
3480,2,winter_rapeseed,2,KAS,0.4,24
3480,2,winter_rapeseed,3,KAS,0.8,20
3481,2,winter_rapeseed,1,PK,0.001,35
3481,2,winter_rapeseed,2,KAS,0.4,24
3481,2,winter_rapeseed,3,KAS,0.8,20
3482,2,winter_rapeseed,1,PK,0.001,35
3482,2,winter_rapeseed,2,KAS,0.4,24
3482,2,winter_rapeseed,3,KAS,0.8,20
3483,2,winter_rapeseed,1,PK,0.001,35
3483,2,winter_rapeseed,2,KAS,0.4,24
3483,2,winter_rapeseed,3,KAS,0.8,20
3484,2,winter_rapeseed,1,PK,0.001,35
3484,2,winter_rapeseed,2,KAS,0.4,24
3484,2,winter_rapeseed,3,KAS,0.8,20
3485,2,winter_rapeseed,1,PK,0.001,35
3485,2,winter_rapeseed,2,KAS,0.4,24
3485,2,winter_rapeseed,3,KAS,0.8,20
5014,2,winter_rapeseed,1,PK,0.001,35
5014,2,winter_rapeseed,2,KAS,0.4,24
5014,2,winter_rapeseed,3,KAS,0.8,20
5015,2,winter_rapeseed,1,PK,0.001,35
5015,2,winter_rapeseed,2,KAS,0.4,24
5015,2,winter_rapeseed,3,KAS,0.8,20
5016,2,winter_rapeseed,1,PK,0.001,35
5016,2,winter_rapeseed,2,KAS,0.4,24
5016,2,winter_rapeseed,3,KAS,0.8,20
5017,2,winter_rapeseed,1,PK,0.001,35
5017,2,winter_rapeseed,2,KAS,0.4,24
5017,2,winter_rapeseed,3,KAS,0.8,20
5018,2,winter_rapeseed,1,PK,0.001,35
5018,2,winter_rapeseed,2,KAS,0.4,24
5018,2,winter_rapeseed,3,KAS,0.8,20
5019,2,winter_rapeseed,1,PK,0.001,35
5019,2,winter_rapeseed,2,KAS,0.4,24
5019,2,winter_rapeseed,3,KAS,0.8,20
5020,2,winter_rapeseed,1,PK,0.001,35
5020,2,winter_rapeseed,2,KAS,0.4,24
5020,2,winter_rapeseed,3,KAS,0.8,20
5021,2,winter_rapeseed,1,PK,0.001,35
5021,2,winter_rapeseed,2,KAS,0.4,24
5021,2,winter_rapeseed,3,KAS,0.8,20
5022,2,winter_rapeseed,1,PK,0.001,35
5022,2,winter_rapeseed,2,KAS,0.4,24
5022,2,winter_rapeseed,3,KAS,0.8,20
5023,2,winter_rapeseed,1,PK,0.001,35
5023,2,winter_rapeseed,2,KAS,0.4,24
5023,2,winter_rapeseed,3,KAS,0.8,20
5024,2,winter_rapeseed,1,PK,0.001,35
5024,2,winter_rapeseed,2,KAS,0.4,24
5024,2,winter_rapeseed,3,KAS,0.8,20
5025,2,winter_rapeseed,1,PK,0.001,35
5025,2,winter_rapeseed,2,KAS,0.4,24
5025,2,winter_rapeseed,3,KAS,0.8,20
5026,2,winter_rapeseed,1,PK,0.001,35
5026,2,winter_rapeseed,2,KAS,0.4,24
5026,2,winter_rapeseed,3,KAS,0.8,20
5027,2,winter_rapeseed,1,PK,0.001,35
5027,2,winter_rapeseed,2,KAS,0.4,24
5027,2,winter_rapeseed,3,KAS,0.8,20
5028,2,winter_rapeseed,1,PK,0.001,35
5028,2,winter_rapeseed,2,KAS,0.4,24
5028,2,winter_rapeseed,3,KAS,0.8,20
5029,2,winter_rapeseed,1,PK,0.001,35
5029,2,winter_rapeseed,2,KAS,0.4,24
5029,2,winter_rapeseed,3,KAS,0.8,20
5030,2,winter_rapeseed,1,PK,0.001,35
5030,2,winter_rapeseed,2,KAS,0.4,24
5030,2,winter_rapeseed,3,KAS,0.8,20
5031,2,winter_rapeseed,1,PK,0.001,35
5031,2,winter_rapeseed,2,KAS,0.4,24
5031,2,winter_rapeseed,3,KAS,0.8,20
5032,2,winter_rapeseed,1,PK,0.001,35
5032,2,winter_rapeseed,2,KAS,0.4,24
5032,2,winter_rapeseed,3,KAS,0.8,20
5033,2,winter_rapeseed,1,PK,0.001,35
5033,2,winter_rapeseed,2,KAS,0.4,24
5033,2,winter_rapeseed,3,KAS,0.8,20
5034,2,winter_rapeseed,1,PK,0.001,35
5034,2,winter_rapeseed,2,KAS,0.4,24
5034,2,winter_rapeseed,3,KAS,0.8,20
5035,2,winter_rapeseed,1,PK,0.001,35
5035,2,winter_rapeseed,2,KAS,0.4,24
5035,2,winter_rapeseed,3,KAS,0.8,20
5036,2,winter_rapeseed,1,PK,0.001,35
5036,2,winter_rapeseed,2,KAS,0.4,24
5036,2,winter_rapeseed,3,KAS,0.8,20
5037,2,winter_rapeseed,1,PK,0.001,35
5037,2,winter_rapeseed,2,KAS,0.4,24
5037,2,winter_rapeseed,3,KAS,0.8,20
5038,2,winter_rapeseed,1,PK,0.001,35
5038,2,winter_rapeseed,2,KAS,0.4,24
5038,2,winter_rapeseed,3,KAS,0.8,20
5039,2,winter_rapeseed,1,PK,0.001,35
5039,2,winter_rapeseed,2,KAS,0.4,24
5039,2,winter_rapeseed,3,KAS,0.8,20
5040,2,winter_rapeseed,1,PK,0.001,35
5040,2,winter_rapeseed,2,KAS,0.4,24
5040,2,winter_rapeseed,3,KAS,0.8,20
5041,2,winter_rapeseed,1,PK,0.001,35
5041,2,winter_rapeseed,2,KAS,0.4,24
5041,2,winter_rapeseed,3,KAS,0.8,20
5042,2,winter_rapeseed,1,PK,0.001,35
5042,2,winter_rapeseed,2,KAS,0.4,24
5042,2,winter_rapeseed,3,KAS,0.8,20
5043,2,winter_rapeseed,1,PK,0.001,35
5043,2,winter_rapeseed,2,KAS,0.4,24
5043,2,winter_rapeseed,3,KAS,0.8,20
5044,2,winter_rapeseed,1,PK,0.001,35
5044,2,winter_rapeseed,2,KAS,0.4,24
5044,2,winter_rapeseed,3,KAS,0.8,20
5045,2,winter_rapeseed,1,PK,0.001,35
5045,2,winter_rapeseed,2,KAS,0.4,24
5045,2,winter_rapeseed,3,KAS,0.8,20
5046,2,winter_rapeseed,1,PK,0.001,35
5046,2,winter_rapeseed,2,KAS,0.4,24
5046,2,winter_rapeseed,3,KAS,0.8,20
5047,2,winter_rapeseed,1,PK,0.001,35
5047,2,winter_rapeseed,2,KAS,0.4,24
5047,2,winter_rapeseed,3,KAS,0.8,20
5049,2,winter_rapeseed,1,PK,0.001,35
5049,2,winter_rapeseed,2,KAS,0.4,24
5049,2,winter_rapeseed,3,KAS,0.8,20
5051,2,winter_rapeseed,1,PK,0.001,35
5051,2,winter_rapeseed,2,KAS,0.4,24
5051,2,winter_rapeseed,3,KAS,0.8,20
5052,2,winter_rapeseed,1,PK,0.001,35
5052,2,winter_rapeseed,2,KAS,0.4,24
5052,2,winter_rapeseed,3,KAS,0.8,20
5053,2,winter_rapeseed,1,PK,0.001,35
5053,2,winter_rapeseed,2,KAS,0.4,24
5053,2,winter_rapeseed,3,KAS,0.8,20
5054,2,winter_rapeseed,1,PK,0.001,35
5054,2,winter_rapeseed,2,KAS,0.4,24
5054,2,winter_rapeseed,3,KAS,0.8,20
5055,2,winter_rapeseed,1,PK,0.001,35
5055,2,winter_rapeseed,2,KAS,0.4,24
5055,2,winter_rapeseed,3,KAS,0.8,20
5056,2,winter_rapeseed,1,PK,0.001,35
5056,2,winter_rapeseed,2,KAS,0.4,24
5056,2,winter_rapeseed,3,KAS,0.8,20
5057,2,winter_rapeseed,1,PK,0.001,35
5057,2,winter_rapeseed,2,KAS,0.4,24
5057,2,winter_rapeseed,3,KAS,0.8,20
5058,2,winter_rapeseed,1,PK,0.001,35
5058,2,winter_rapeseed,2,KAS,0.4,24
5058,2,winter_rapeseed,3,KAS,0.8,20
5059,2,winter_rapeseed,1,PK,0.001,35
5059,2,winter_rapeseed,2,KAS,0.4,24
5059,2,winter_rapeseed,3,KAS,0.8,20
5060,2,winter_rapeseed,1,PK,0.001,35
5060,2,winter_rapeseed,2,KAS,0.4,24
5060,2,winter_rapeseed,3,KAS,0.8,20
5061,2,winter_rapeseed,1,PK,0.001,35
5061,2,winter_rapeseed,2,KAS,0.4,24
5061,2,winter_rapeseed,3,KAS,0.8,20
5062,2,winter_rapeseed,1,PK,0.001,35
5062,2,winter_rapeseed,2,KAS,0.4,24
5062,2,winter_rapeseed,3,KAS,0.8,20
5063,2,winter_rapeseed,1,PK,0.001,35
5063,2,winter_rapeseed,2,KAS,0.4,24
5063,2,winter_rapeseed,3,KAS,0.8,20
5064,2,winter_rapeseed,1,PK,0.001,35
5064,2,winter_rapeseed,2,KAS,0.4,24
5064,2,winter_rapeseed,3,KAS,0.8,20
5065,2,winter_rapeseed,1,PK,0.001,35
5065,2,winter_rapeseed,2,KAS,0.4,24
5065,2,winter_rapeseed,3,KAS,0.8,20
5066,2,winter_rapeseed,1,PK,0.001,35
5066,2,winter_rapeseed,2,KAS,0.4,24
5066,2,winter_rapeseed,3,KAS,0.8,20
5067,2,winter_rapeseed,1,PK,0.001,35
5067,2,winter_rapeseed,2,KAS,0.4,24
5067,2,winter_rapeseed,3,KAS,0.8,20
5068,2,winter_rapeseed,1,PK,0.001,35
5068,2,winter_rapeseed,2,KAS,0.4,24
5068,2,winter_rapeseed,3,KAS,0.8,20
5069,2,winter_rapeseed,1,PK,0.001,35
5069,2,winter_rapeseed,2,KAS,0.4,24
5069,2,winter_rapeseed,3,KAS,0.8,20
5070,2,winter_rapeseed,1,PK,0.001,35
5070,2,winter_rapeseed,2,KAS,0.4,24
5070,2,winter_rapeseed,3,KAS,0.8,20
5071,2,winter_rapeseed,1,PK,0.001,35
5071,2,winter_rapeseed,2,KAS,0.4,24
5071,2,winter_rapeseed,3,KAS,0.8,20
5072,2,winter_rapeseed,1,PK,0.001,35
5072,2,winter_rapeseed,2,KAS,0.4,24
5072,2,winter_rapeseed,3,KAS,0.8,20
5073,2,winter_rapeseed,1,PK,0.001,35
5073,2,winter_rapeseed,2,KAS,0.4,24
5073,2,winter_rapeseed,3,KAS,0.8,20
5074,2,winter_rapeseed,1,PK,0.001,35
5074,2,winter_rapeseed,2,KAS,0.4,24
5074,2,winter_rapeseed,3,KAS,0.8,20
5075,2,winter_rapeseed,1,PK,0.001,35
5075,2,winter_rapeseed,2,KAS,0.4,24
5075,2,winter_rapeseed,3,KAS,0.8,20
5076,2,winter_rapeseed,1,PK,0.001,35
5076,2,winter_rapeseed,2,KAS,0.4,24
5076,2,winter_rapeseed,3,KAS,0.8,20
5077,2,winter_rapeseed,1,PK,0.001,35
5077,2,winter_rapeseed,2,KAS,0.4,24
5077,2,winter_rapeseed,3,KAS,0.8,20
5078,2,winter_rapeseed,1,PK,0.001,35
5078,2,winter_rapeseed,2,KAS,0.4,24
5078,2,winter_rapeseed,3,KAS,0.8,20
5079,2,winter_rapeseed,1,PK,0.001,35
5079,2,winter_rapeseed,2,KAS,0.4,24
5079,2,winter_rapeseed,3,KAS,0.8,20
5080,2,winter_rapeseed,1,PK,0.001,35
5080,2,winter_rapeseed,2,KAS,0.4,24
5080,2,winter_rapeseed,3,KAS,0.8,20
5081,2,winter_rapeseed,1,PK,0.001,35
5081,2,winter_rapeseed,2,KAS,0.4,24
5081,2,winter_rapeseed,3,KAS,0.8,20
5082,2,winter_rapeseed,1,PK,0.001,35
5082,2,winter_rapeseed,2,KAS,0.4,24
5082,2,winter_rapeseed,3,KAS,0.8,20
5083,2,winter_rapeseed,1,PK,0.001,35
5083,2,winter_rapeseed,2,KAS,0.4,24
5083,2,winter_rapeseed,3,KAS,0.8,20
5084,2,winter_rapeseed,1,PK,0.001,35
5084,2,winter_rapeseed,2,KAS,0.4,24
5084,2,winter_rapeseed,3,KAS,0.8,20
5085,2,winter_rapeseed,1,PK,0.001,35
5085,2,winter_rapeseed,2,KAS,0.4,24
5085,2,winter_rapeseed,3,KAS,0.8,20
5086,2,winter_rapeseed,1,PK,0.001,35
5086,2,winter_rapeseed,2,KAS,0.4,24
5086,2,winter_rapeseed,3,KAS,0.8,20
5087,2,winter_rapeseed,1,PK,0.001,35
5087,2,winter_rapeseed,2,KAS,0.4,24
5087,2,winter_rapeseed,3,KAS,0.8,20
5088,2,winter_rapeseed,1,PK,0.001,35
5088,2,winter_rapeseed,2,KAS,0.4,24
5088,2,winter_rapeseed,3,KAS,0.8,20
5089,2,winter_rapeseed,1,PK,0.001,35
5089,2,winter_rapeseed,2,KAS,0.4,24
5089,2,winter_rapeseed,3,KAS,0.8,20
5090,2,winter_rapeseed,1,PK,0.001,35
5090,2,winter_rapeseed,2,KAS,0.4,24
5090,2,winter_rapeseed,3,KAS,0.8,20
5091,2,winter_rapeseed,1,PK,0.001,35
5091,2,winter_rapeseed,2,KAS,0.4,24
5091,2,winter_rapeseed,3,KAS,0.8,20
5092,2,winter_rapeseed,1,PK,0.001,35
5092,2,winter_rapeseed,2,KAS,0.4,24
5092,2,winter_rapeseed,3,KAS,0.8,20
5093,2,winter_rapeseed,1,PK,0.001,35
5093,2,winter_rapeseed,2,KAS,0.4,24
5093,2,winter_rapeseed,3,KAS,0.8,20
5094,2,winter_rapeseed,1,PK,0.001,35
5094,2,winter_rapeseed,2,KAS,0.4,24
5094,2,winter_rapeseed,3,KAS,0.8,20
5095,2,winter_rapeseed,1,PK,0.001,35
5095,2,winter_rapeseed,2,KAS,0.4,24
5095,2,winter_rapeseed,3,KAS,0.8,20
5096,2,winter_rapeseed,1,PK,0.001,35
5096,2,winter_rapeseed,2,KAS,0.4,24
5096,2,winter_rapeseed,3,KAS,0.8,20
5097,2,winter_rapeseed,1,PK,0.001,35
5097,2,winter_rapeseed,2,KAS,0.4,24
5097,2,winter_rapeseed,3,KAS,0.8,20
5098,2,winter_rapeseed,1,PK,0.001,35
5098,2,winter_rapeseed,2,KAS,0.4,24
5098,2,winter_rapeseed,3,KAS,0.8,20
5099,2,winter_rapeseed,1,PK,0.001,35
5099,2,winter_rapeseed,2,KAS,0.4,24
5099,2,winter_rapeseed,3,KAS,0.8,20
5100,2,winter_rapeseed,1,PK,0.001,35
5100,2,winter_rapeseed,2,KAS,0.4,24
5100,2,winter_rapeseed,3,KAS,0.8,20
5101,2,winter_rapeseed,1,PK,0.001,35
5101,2,winter_rapeseed,2,KAS,0.4,24
5101,2,winter_rapeseed,3,KAS,0.8,20
5102,2,winter_rapeseed,1,PK,0.001,35
5102,2,winter_rapeseed,2,KAS,0.4,24
5102,2,winter_rapeseed,3,KAS,0.8,20
5103,2,winter_rapeseed,1,PK,0.001,35
5103,2,winter_rapeseed,2,KAS,0.4,24
5103,2,winter_rapeseed,3,KAS,0.8,20
5104,2,winter_rapeseed,1,PK,0.001,35
5104,2,winter_rapeseed,2,KAS,0.4,24
5104,2,winter_rapeseed,3,KAS,0.8,20
5105,2,winter_rapeseed,1,PK,0.001,35
5105,2,winter_rapeseed,2,KAS,0.4,24
5105,2,winter_rapeseed,3,KAS,0.8,20
5106,2,winter_rapeseed,1,PK,0.001,35
5106,2,winter_rapeseed,2,KAS,0.4,24
5106,2,winter_rapeseed,3,KAS,0.8,20
5107,2,winter_rapeseed,1,PK,0.001,35
5107,2,winter_rapeseed,2,KAS,0.4,24
5107,2,winter_rapeseed,3,KAS,0.8,20
5108,2,winter_rapeseed,1,PK,0.001,35
5108,2,winter_rapeseed,2,KAS,0.4,24
5108,2,winter_rapeseed,3,KAS,0.8,20
5109,2,winter_rapeseed,1,PK,0.001,35
5109,2,winter_rapeseed,2,KAS,0.4,24
5109,2,winter_rapeseed,3,KAS,0.8,20
5110,2,winter_rapeseed,1,PK,0.001,35
5110,2,winter_rapeseed,2,KAS,0.4,24
5110,2,winter_rapeseed,3,KAS,0.8,20
5111,2,winter_rapeseed,1,PK,0.001,35
5111,2,winter_rapeseed,2,KAS,0.4,24
5111,2,winter_rapeseed,3,KAS,0.8,20
5112,2,winter_rapeseed,1,PK,0.001,35
5112,2,winter_rapeseed,2,KAS,0.4,24
5112,2,winter_rapeseed,3,KAS,0.8,20
5113,2,winter_rapeseed,1,PK,0.001,35
5113,2,winter_rapeseed,2,KAS,0.4,24
5113,2,winter_rapeseed,3,KAS,0.8,20
5114,2,winter_rapeseed,1,PK,0.001,35
5114,2,winter_rapeseed,2,KAS,0.4,24
5114,2,winter_rapeseed,3,KAS,0.8,20
5115,2,winter_rapeseed,1,PK,0.001,35
5115,2,winter_rapeseed,2,KAS,0.4,24
5115,2,winter_rapeseed,3,KAS,0.8,20
5116,2,winter_rapeseed,1,PK,0.001,35
5116,2,winter_rapeseed,2,KAS,0.4,24
5116,2,winter_rapeseed,3,KAS,0.8,20
5117,2,winter_rapeseed,1,PK,0.001,35
5117,2,winter_rapeseed,2,KAS,0.4,24
5117,2,winter_rapeseed,3,KAS,0.8,20
5118,2,winter_rapeseed,1,PK,0.001,35
5118,2,winter_rapeseed,2,KAS,0.4,24
5118,2,winter_rapeseed,3,KAS,0.8,20
5119,2,winter_rapeseed,1,PK,0.001,35
5119,2,winter_rapeseed,2,KAS,0.4,24
5119,2,winter_rapeseed,3,KAS,0.8,20
5120,2,winter_rapeseed,1,PK,0.001,35
5120,2,winter_rapeseed,2,KAS,0.4,24
5120,2,winter_rapeseed,3,KAS,0.8,20
5121,2,winter_rapeseed,1,PK,0.001,35
5121,2,winter_rapeseed,2,KAS,0.4,24
5121,2,winter_rapeseed,3,KAS,0.8,20
5122,2,winter_rapeseed,1,PK,0.001,35
5122,2,winter_rapeseed,2,KAS,0.4,24
5122,2,winter_rapeseed,3,KAS,0.8,20
5124,2,winter_rapeseed,1,PK,0.001,35
5124,2,winter_rapeseed,2,KAS,0.4,24
5124,2,winter_rapeseed,3,KAS,0.8,20
5125,2,winter_rapeseed,1,PK,0.001,35
5125,2,winter_rapeseed,2,KAS,0.4,24
5125,2,winter_rapeseed,3,KAS,0.8,20
5126,2,winter_rapeseed,1,PK,0.001,35
5126,2,winter_rapeseed,2,KAS,0.4,24
5126,2,winter_rapeseed,3,KAS,0.8,20
5127,2,winter_rapeseed,1,PK,0.001,35
5127,2,winter_rapeseed,2,KAS,0.4,24
5127,2,winter_rapeseed,3,KAS,0.8,20
5128,2,winter_rapeseed,1,PK,0.001,35
5128,2,winter_rapeseed,2,KAS,0.4,24
5128,2,winter_rapeseed,3,KAS,0.8,20
5129,2,winter_rapeseed,1,PK,0.001,35
5129,2,winter_rapeseed,2,KAS,0.4,24
5129,2,winter_rapeseed,3,KAS,0.8,20
5130,2,winter_rapeseed,1,PK,0.001,35
5130,2,winter_rapeseed,2,KAS,0.4,24
5130,2,winter_rapeseed,3,KAS,0.8,20
5131,2,winter_rapeseed,1,PK,0.001,35
5131,2,winter_rapeseed,2,KAS,0.4,24
5131,2,winter_rapeseed,3,KAS,0.8,20
5132,2,winter_rapeseed,1,PK,0.001,35
5132,2,winter_rapeseed,2,KAS,0.4,24
5132,2,winter_rapeseed,3,KAS,0.8,20
5133,2,winter_rapeseed,1,PK,0.001,35
5133,2,winter_rapeseed,2,KAS,0.4,24
5133,2,winter_rapeseed,3,KAS,0.8,20
5134,2,winter_rapeseed,1,PK,0.001,35
5134,2,winter_rapeseed,2,KAS,0.4,24
5134,2,winter_rapeseed,3,KAS,0.8,20
5135,2,winter_rapeseed,1,PK,0.001,35
5135,2,winter_rapeseed,2,KAS,0.4,24
5135,2,winter_rapeseed,3,KAS,0.8,20
5136,2,winter_rapeseed,1,PK,0.001,35
5136,2,winter_rapeseed,2,KAS,0.4,24
5136,2,winter_rapeseed,3,KAS,0.8,20
5137,2,winter_rapeseed,1,PK,0.001,35
5137,2,winter_rapeseed,2,KAS,0.4,24
5137,2,winter_rapeseed,3,KAS,0.8,20
5138,2,winter_rapeseed,1,PK,0.001,35
5138,2,winter_rapeseed,2,KAS,0.4,24
5138,2,winter_rapeseed,3,KAS,0.8,20
5139,2,winter_rapeseed,1,PK,0.001,35
5139,2,winter_rapeseed,2,KAS,0.4,24
5139,2,winter_rapeseed,3,KAS,0.8,20
5140,2,winter_rapeseed,1,PK,0.001,35
5140,2,winter_rapeseed,2,KAS,0.4,24
5140,2,winter_rapeseed,3,KAS,0.8,20
5141,2,winter_rapeseed,1,PK,0.001,35
5141,2,winter_rapeseed,2,KAS,0.4,24
5141,2,winter_rapeseed,3,KAS,0.8,20
5142,2,winter_rapeseed,1,PK,0.001,35
5142,2,winter_rapeseed,2,KAS,0.4,24
5142,2,winter_rapeseed,3,KAS,0.8,20
5143,2,winter_rapeseed,1,PK,0.001,35
5143,2,winter_rapeseed,2,KAS,0.4,24
5143,2,winter_rapeseed,3,KAS,0.8,20
5144,2,winter_rapeseed,1,PK,0.001,35
5144,2,winter_rapeseed,2,KAS,0.4,24
5144,2,winter_rapeseed,3,KAS,0.8,20
5145,2,winter_rapeseed,1,PK,0.001,35
5145,2,winter_rapeseed,2,KAS,0.4,24
5145,2,winter_rapeseed,3,KAS,0.8,20
5146,2,winter_rapeseed,1,PK,0.001,35
5146,2,winter_rapeseed,2,KAS,0.4,24
5146,2,winter_rapeseed,3,KAS,0.8,20
5147,2,winter_rapeseed,1,PK,0.001,35
5147,2,winter_rapeseed,2,KAS,0.4,24
5147,2,winter_rapeseed,3,KAS,0.8,20
5148,2,winter_rapeseed,1,PK,0.001,35
5148,2,winter_rapeseed,2,KAS,0.4,24
5148,2,winter_rapeseed,3,KAS,0.8,20
5149,2,winter_rapeseed,1,PK,0.001,35
5149,2,winter_rapeseed,2,KAS,0.4,24
5149,2,winter_rapeseed,3,KAS,0.8,20
5150,2,winter_rapeseed,1,PK,0.001,35
5150,2,winter_rapeseed,2,KAS,0.4,24
5150,2,winter_rapeseed,3,KAS,0.8,20
5151,2,winter_rapeseed,1,PK,0.001,35
5151,2,winter_rapeseed,2,KAS,0.4,24
5151,2,winter_rapeseed,3,KAS,0.8,20
5152,2,winter_rapeseed,1,PK,0.001,35
5152,2,winter_rapeseed,2,KAS,0.4,24
5152,2,winter_rapeseed,3,KAS,0.8,20
5153,2,winter_rapeseed,1,PK,0.001,35
5153,2,winter_rapeseed,2,KAS,0.4,24
5153,2,winter_rapeseed,3,KAS,0.8,20
5154,2,winter_rapeseed,1,PK,0.001,35
5154,2,winter_rapeseed,2,KAS,0.4,24
5154,2,winter_rapeseed,3,KAS,0.8,20
5155,2,winter_rapeseed,1,PK,0.001,35
5155,2,winter_rapeseed,2,KAS,0.4,24
5155,2,winter_rapeseed,3,KAS,0.8,20
5156,2,winter_rapeseed,1,PK,0.001,35
5156,2,winter_rapeseed,2,KAS,0.4,24
5156,2,winter_rapeseed,3,KAS,0.8,20
5157,2,winter_rapeseed,1,PK,0.001,35
5157,2,winter_rapeseed,2,KAS,0.4,24
5157,2,winter_rapeseed,3,KAS,0.8,20
5158,2,winter_rapeseed,1,PK,0.001,35
5158,2,winter_rapeseed,2,KAS,0.4,24
5158,2,winter_rapeseed,3,KAS,0.8,20
5159,2,winter_rapeseed,1,PK,0.001,35
5159,2,winter_rapeseed,2,KAS,0.4,24
5159,2,winter_rapeseed,3,KAS,0.8,20
5160,2,winter_rapeseed,1,PK,0.001,35
5160,2,winter_rapeseed,2,KAS,0.4,24
5160,2,winter_rapeseed,3,KAS,0.8,20
5161,2,winter_rapeseed,1,PK,0.001,35
5161,2,winter_rapeseed,2,KAS,0.4,24
5161,2,winter_rapeseed,3,KAS,0.8,20
5162,2,winter_rapeseed,1,PK,0.001,35
5162,2,winter_rapeseed,2,KAS,0.4,24
5162,2,winter_rapeseed,3,KAS,0.8,20
5163,2,winter_rapeseed,1,PK,0.001,35
5163,2,winter_rapeseed,2,KAS,0.4,24
5163,2,winter_rapeseed,3,KAS,0.8,20
5164,2,winter_rapeseed,1,PK,0.001,35
5164,2,winter_rapeseed,2,KAS,0.4,24
5164,2,winter_rapeseed,3,KAS,0.8,20
5165,2,winter_rapeseed,1,PK,0.001,35
5165,2,winter_rapeseed,2,KAS,0.4,24
5165,2,winter_rapeseed,3,KAS,0.8,20
5166,2,winter_rapeseed,1,PK,0.001,35
5166,2,winter_rapeseed,2,KAS,0.4,24
5166,2,winter_rapeseed,3,KAS,0.8,20
5167,2,winter_rapeseed,1,PK,0.001,35
5167,2,winter_rapeseed,2,KAS,0.4,24
5167,2,winter_rapeseed,3,KAS,0.8,20
5168,2,winter_rapeseed,1,PK,0.001,35
5168,2,winter_rapeseed,2,KAS,0.4,24
5168,2,winter_rapeseed,3,KAS,0.8,20
5169,2,winter_rapeseed,1,PK,0.001,35
5169,2,winter_rapeseed,2,KAS,0.4,24
5169,2,winter_rapeseed,3,KAS,0.8,20
5170,2,winter_rapeseed,1,PK,0.001,35
5170,2,winter_rapeseed,2,KAS,0.4,24
5170,2,winter_rapeseed,3,KAS,0.8,20
5171,2,winter_rapeseed,1,PK,0.001,35
5171,2,winter_rapeseed,2,KAS,0.4,24
5171,2,winter_rapeseed,3,KAS,0.8,20
5172,2,winter_rapeseed,1,PK,0.001,35
5172,2,winter_rapeseed,2,KAS,0.4,24
5172,2,winter_rapeseed,3,KAS,0.8,20
5173,2,winter_rapeseed,1,PK,0.001,35
5173,2,winter_rapeseed,2,KAS,0.4,24
5173,2,winter_rapeseed,3,KAS,0.8,20
5174,2,winter_rapeseed,1,PK,0.001,35
5174,2,winter_rapeseed,2,KAS,0.4,24
5174,2,winter_rapeseed,3,KAS,0.8,20
5175,2,winter_rapeseed,1,PK,0.001,35
5175,2,winter_rapeseed,2,KAS,0.4,24
5175,2,winter_rapeseed,3,KAS,0.8,20
5176,2,winter_rapeseed,1,PK,0.001,35
5176,2,winter_rapeseed,2,KAS,0.4,24
5176,2,winter_rapeseed,3,KAS,0.8,20
5177,2,winter_rapeseed,1,PK,0.001,35
5177,2,winter_rapeseed,2,KAS,0.4,24
5177,2,winter_rapeseed,3,KAS,0.8,20
5178,2,winter_rapeseed,1,PK,0.001,35
5178,2,winter_rapeseed,2,KAS,0.4,24
5178,2,winter_rapeseed,3,KAS,0.8,20
5179,2,winter_rapeseed,1,PK,0.001,35
5179,2,winter_rapeseed,2,KAS,0.4,24
5179,2,winter_rapeseed,3,KAS,0.8,20
5180,2,winter_rapeseed,1,PK,0.001,35
5180,2,winter_rapeseed,2,KAS,0.4,24
5180,2,winter_rapeseed,3,KAS,0.8,20
5181,2,winter_rapeseed,1,PK,0.001,35
5181,2,winter_rapeseed,2,KAS,0.4,24
5181,2,winter_rapeseed,3,KAS,0.8,20
5182,2,winter_rapeseed,1,PK,0.001,35
5182,2,winter_rapeseed,2,KAS,0.4,24
5182,2,winter_rapeseed,3,KAS,0.8,20
5183,2,winter_rapeseed,1,PK,0.001,35
5183,2,winter_rapeseed,2,KAS,0.4,24
5183,2,winter_rapeseed,3,KAS,0.8,20
5184,2,winter_rapeseed,1,PK,0.001,35
5184,2,winter_rapeseed,2,KAS,0.4,24
5184,2,winter_rapeseed,3,KAS,0.8,20
5185,2,winter_rapeseed,1,PK,0.001,35
5185,2,winter_rapeseed,2,KAS,0.4,24
5185,2,winter_rapeseed,3,KAS,0.8,20
5186,2,winter_rapeseed,1,PK,0.001,35
5186,2,winter_rapeseed,2,KAS,0.4,24
5186,2,winter_rapeseed,3,KAS,0.8,20
5187,2,winter_rapeseed,1,PK,0.001,35
5187,2,winter_rapeseed,2,KAS,0.4,24
5187,2,winter_rapeseed,3,KAS,0.8,20
5188,2,winter_rapeseed,1,PK,0.001,35
5188,2,winter_rapeseed,2,KAS,0.4,24
5188,2,winter_rapeseed,3,KAS,0.8,20
5189,2,winter_rapeseed,1,PK,0.001,35
5189,2,winter_rapeseed,2,KAS,0.4,24
5189,2,winter_rapeseed,3,KAS,0.8,20
5190,2,winter_rapeseed,1,PK,0.001,35
5190,2,winter_rapeseed,2,KAS,0.4,24
5190,2,winter_rapeseed,3,KAS,0.8,20
5191,2,winter_rapeseed,1,PK,0.001,35
5191,2,winter_rapeseed,2,KAS,0.4,24
5191,2,winter_rapeseed,3,KAS,0.8,20
5192,2,winter_rapeseed,1,PK,0.001,35
5192,2,winter_rapeseed,2,KAS,0.4,24
5192,2,winter_rapeseed,3,KAS,0.8,20
5193,2,winter_rapeseed,1,PK,0.001,35
5193,2,winter_rapeseed,2,KAS,0.4,24
5193,2,winter_rapeseed,3,KAS,0.8,20
5194,2,winter_rapeseed,1,PK,0.001,35
5194,2,winter_rapeseed,2,KAS,0.4,24
5194,2,winter_rapeseed,3,KAS,0.8,20
5195,2,winter_rapeseed,1,PK,0.001,35
5195,2,winter_rapeseed,2,KAS,0.4,24
5195,2,winter_rapeseed,3,KAS,0.8,20
5196,2,winter_rapeseed,1,PK,0.001,35
5196,2,winter_rapeseed,2,KAS,0.4,24
5196,2,winter_rapeseed,3,KAS,0.8,20
5197,2,winter_rapeseed,1,PK,0.001,35
5197,2,winter_rapeseed,2,KAS,0.4,24
5197,2,winter_rapeseed,3,KAS,0.8,20
5198,2,winter_rapeseed,1,PK,0.001,35
5198,2,winter_rapeseed,2,KAS,0.4,24
5198,2,winter_rapeseed,3,KAS,0.8,20
5199,2,winter_rapeseed,1,PK,0.001,35
5199,2,winter_rapeseed,2,KAS,0.4,24
5199,2,winter_rapeseed,3,KAS,0.8,20
5200,2,winter_rapeseed,1,PK,0.001,35
5200,2,winter_rapeseed,2,KAS,0.4,24
5200,2,winter_rapeseed,3,KAS,0.8,20
5201,2,winter_rapeseed,1,PK,0.001,35
5201,2,winter_rapeseed,2,KAS,0.4,24
5201,2,winter_rapeseed,3,KAS,0.8,20
5202,2,winter_rapeseed,1,PK,0.001,35
5202,2,winter_rapeseed,2,KAS,0.4,24
5202,2,winter_rapeseed,3,KAS,0.8,20
5203,2,winter_rapeseed,1,PK,0.001,35
5203,2,winter_rapeseed,2,KAS,0.4,24
5203,2,winter_rapeseed,3,KAS,0.8,20
5204,2,winter_rapeseed,1,PK,0.001,35
5204,2,winter_rapeseed,2,KAS,0.4,24
5204,2,winter_rapeseed,3,KAS,0.8,20
5205,2,winter_rapeseed,1,PK,0.001,35
5205,2,winter_rapeseed,2,KAS,0.4,24
5205,2,winter_rapeseed,3,KAS,0.8,20
5206,2,winter_rapeseed,1,PK,0.001,35
5206,2,winter_rapeseed,2,KAS,0.4,24
5206,2,winter_rapeseed,3,KAS,0.8,20
5207,2,winter_rapeseed,1,PK,0.001,35
5207,2,winter_rapeseed,2,KAS,0.4,24
5207,2,winter_rapeseed,3,KAS,0.8,20
5208,2,winter_rapeseed,1,PK,0.001,35
5208,2,winter_rapeseed,2,KAS,0.4,24
5208,2,winter_rapeseed,3,KAS,0.8,20
5209,2,winter_rapeseed,1,PK,0.001,35
5209,2,winter_rapeseed,2,KAS,0.4,24
5209,2,winter_rapeseed,3,KAS,0.8,20
5210,2,winter_rapeseed,1,PK,0.001,35
5210,2,winter_rapeseed,2,KAS,0.4,24
5210,2,winter_rapeseed,3,KAS,0.8,20
5211,2,winter_rapeseed,1,PK,0.001,35
5211,2,winter_rapeseed,2,KAS,0.4,24
5211,2,winter_rapeseed,3,KAS,0.8,20
5212,2,winter_rapeseed,1,PK,0.001,35
5212,2,winter_rapeseed,2,KAS,0.4,24
5212,2,winter_rapeseed,3,KAS,0.8,20
5213,2,winter_rapeseed,1,PK,0.001,35
5213,2,winter_rapeseed,2,KAS,0.4,24
5213,2,winter_rapeseed,3,KAS,0.8,20
5214,2,winter_rapeseed,1,PK,0.001,35
5214,2,winter_rapeseed,2,KAS,0.4,24
5214,2,winter_rapeseed,3,KAS,0.8,20
5215,2,winter_rapeseed,1,PK,0.001,35
5215,2,winter_rapeseed,2,KAS,0.4,24
5215,2,winter_rapeseed,3,KAS,0.8,20
5216,2,winter_rapeseed,1,PK,0.001,35
5216,2,winter_rapeseed,2,KAS,0.4,24
5216,2,winter_rapeseed,3,KAS,0.8,20
5217,2,winter_rapeseed,1,PK,0.001,35
5217,2,winter_rapeseed,2,KAS,0.4,24
5217,2,winter_rapeseed,3,KAS,0.8,20
5218,2,winter_rapeseed,1,PK,0.001,35
5218,2,winter_rapeseed,2,KAS,0.4,24
5218,2,winter_rapeseed,3,KAS,0.8,20
5219,2,winter_rapeseed,1,PK,0.001,35
5219,2,winter_rapeseed,2,KAS,0.4,24
5219,2,winter_rapeseed,3,KAS,0.8,20
5220,2,winter_rapeseed,1,PK,0.001,35
5220,2,winter_rapeseed,2,KAS,0.4,24
5220,2,winter_rapeseed,3,KAS,0.8,20
5221,2,winter_rapeseed,1,PK,0.001,35
5221,2,winter_rapeseed,2,KAS,0.4,24
5221,2,winter_rapeseed,3,KAS,0.8,20
5222,2,winter_rapeseed,1,PK,0.001,35
5222,2,winter_rapeseed,2,KAS,0.4,24
5222,2,winter_rapeseed,3,KAS,0.8,20
5223,2,winter_rapeseed,1,PK,0.001,35
5223,2,winter_rapeseed,2,KAS,0.4,24
5223,2,winter_rapeseed,3,KAS,0.8,20
5224,2,winter_rapeseed,1,PK,0.001,35
5224,2,winter_rapeseed,2,KAS,0.4,24
5224,2,winter_rapeseed,3,KAS,0.8,20
5225,2,winter_rapeseed,1,PK,0.001,35
5225,2,winter_rapeseed,2,KAS,0.4,24
5225,2,winter_rapeseed,3,KAS,0.8,20
5226,2,winter_rapeseed,1,PK,0.001,35
5226,2,winter_rapeseed,2,KAS,0.4,24
5226,2,winter_rapeseed,3,KAS,0.8,20
5227,2,winter_rapeseed,1,PK,0.001,35
5227,2,winter_rapeseed,2,KAS,0.4,24
5227,2,winter_rapeseed,3,KAS,0.8,20
5228,2,winter_rapeseed,1,PK,0.001,35
5228,2,winter_rapeseed,2,KAS,0.4,24
5228,2,winter_rapeseed,3,KAS,0.8,20
5229,2,winter_rapeseed,1,PK,0.001,35
5229,2,winter_rapeseed,2,KAS,0.4,24
5229,2,winter_rapeseed,3,KAS,0.8,20
5231,2,winter_rapeseed,1,PK,0.001,35
5231,2,winter_rapeseed,2,KAS,0.4,24
5231,2,winter_rapeseed,3,KAS,0.8,20
5232,2,winter_rapeseed,1,PK,0.001,35
5232,2,winter_rapeseed,2,KAS,0.4,24
5232,2,winter_rapeseed,3,KAS,0.8,20
5233,2,winter_rapeseed,1,PK,0.001,35
5233,2,winter_rapeseed,2,KAS,0.4,24
5233,2,winter_rapeseed,3,KAS,0.8,20
5234,2,winter_rapeseed,1,PK,0.001,35
5234,2,winter_rapeseed,2,KAS,0.4,24
5234,2,winter_rapeseed,3,KAS,0.8,20
5235,2,winter_rapeseed,1,PK,0.001,35
5235,2,winter_rapeseed,2,KAS,0.4,24
5235,2,winter_rapeseed,3,KAS,0.8,20
5236,2,winter_rapeseed,1,PK,0.001,35
5236,2,winter_rapeseed,2,KAS,0.4,24
5236,2,winter_rapeseed,3,KAS,0.8,20
5237,2,winter_rapeseed,1,PK,0.001,35
5237,2,winter_rapeseed,2,KAS,0.4,24
5237,2,winter_rapeseed,3,KAS,0.8,20
5238,2,winter_rapeseed,1,PK,0.001,35
5238,2,winter_rapeseed,2,KAS,0.4,24
5238,2,winter_rapeseed,3,KAS,0.8,20
5239,2,winter_rapeseed,1,PK,0.001,35
5239,2,winter_rapeseed,2,KAS,0.4,24
5239,2,winter_rapeseed,3,KAS,0.8,20
5240,2,winter_rapeseed,1,PK,0.001,35
5240,2,winter_rapeseed,2,KAS,0.4,24
5240,2,winter_rapeseed,3,KAS,0.8,20
5241,2,winter_rapeseed,1,PK,0.001,35
5241,2,winter_rapeseed,2,KAS,0.4,24
5241,2,winter_rapeseed,3,KAS,0.8,20
5242,2,winter_rapeseed,1,PK,0.001,35
5242,2,winter_rapeseed,2,KAS,0.4,24
5242,2,winter_rapeseed,3,KAS,0.8,20
5243,2,winter_rapeseed,1,PK,0.001,35
5243,2,winter_rapeseed,2,KAS,0.4,24
5243,2,winter_rapeseed,3,KAS,0.8,20
5244,2,winter_rapeseed,1,PK,0.001,35
5244,2,winter_rapeseed,2,KAS,0.4,24
5244,2,winter_rapeseed,3,KAS,0.8,20
5245,2,winter_rapeseed,1,PK,0.001,35
5245,2,winter_rapeseed,2,KAS,0.4,24
5245,2,winter_rapeseed,3,KAS,0.8,20
5246,2,winter_rapeseed,1,PK,0.001,35
5246,2,winter_rapeseed,2,KAS,0.4,24
5246,2,winter_rapeseed,3,KAS,0.8,20
5247,2,winter_rapeseed,1,PK,0.001,35
5247,2,winter_rapeseed,2,KAS,0.4,24
5247,2,winter_rapeseed,3,KAS,0.8,20
5248,2,winter_rapeseed,1,PK,0.001,35
5248,2,winter_rapeseed,2,KAS,0.4,24
5248,2,winter_rapeseed,3,KAS,0.8,20
5249,2,winter_rapeseed,1,PK,0.001,35
5249,2,winter_rapeseed,2,KAS,0.4,24
5249,2,winter_rapeseed,3,KAS,0.8,20
5250,2,winter_rapeseed,1,PK,0.001,35
5250,2,winter_rapeseed,2,KAS,0.4,24
5250,2,winter_rapeseed,3,KAS,0.8,20
5251,2,winter_rapeseed,1,PK,0.001,35
5251,2,winter_rapeseed,2,KAS,0.4,24
5251,2,winter_rapeseed,3,KAS,0.8,20
5252,2,winter_rapeseed,1,PK,0.001,35
5252,2,winter_rapeseed,2,KAS,0.4,24
5252,2,winter_rapeseed,3,KAS,0.8,20
5253,2,winter_rapeseed,1,PK,0.001,35
5253,2,winter_rapeseed,2,KAS,0.4,24
5253,2,winter_rapeseed,3,KAS,0.8,20
5254,2,winter_rapeseed,1,PK,0.001,35
5254,2,winter_rapeseed,2,KAS,0.4,24
5254,2,winter_rapeseed,3,KAS,0.8,20
5255,2,winter_rapeseed,1,PK,0.001,35
5255,2,winter_rapeseed,2,KAS,0.4,24
5255,2,winter_rapeseed,3,KAS,0.8,20
5256,2,winter_rapeseed,1,PK,0.001,35
5256,2,winter_rapeseed,2,KAS,0.4,24
5256,2,winter_rapeseed,3,KAS,0.8,20
5257,2,winter_rapeseed,1,PK,0.001,35
5257,2,winter_rapeseed,2,KAS,0.4,24
5257,2,winter_rapeseed,3,KAS,0.8,20
5258,2,winter_rapeseed,1,PK,0.001,35
5258,2,winter_rapeseed,2,KAS,0.4,24
5258,2,winter_rapeseed,3,KAS,0.8,20
5259,2,winter_rapeseed,1,PK,0.001,35
5259,2,winter_rapeseed,2,KAS,0.4,24
5259,2,winter_rapeseed,3,KAS,0.8,20
5260,2,winter_rapeseed,1,PK,0.001,35
5260,2,winter_rapeseed,2,KAS,0.4,24
5260,2,winter_rapeseed,3,KAS,0.8,20
5261,2,winter_rapeseed,1,PK,0.001,35
5261,2,winter_rapeseed,2,KAS,0.4,24
5261,2,winter_rapeseed,3,KAS,0.8,20
5262,2,winter_rapeseed,1,PK,0.001,35
5262,2,winter_rapeseed,2,KAS,0.4,24
5262,2,winter_rapeseed,3,KAS,0.8,20
5263,2,winter_rapeseed,1,PK,0.001,35
5263,2,winter_rapeseed,2,KAS,0.4,24
5263,2,winter_rapeseed,3,KAS,0.8,20
5264,2,winter_rapeseed,1,PK,0.001,35
5264,2,winter_rapeseed,2,KAS,0.4,24
5264,2,winter_rapeseed,3,KAS,0.8,20
5265,2,winter_rapeseed,1,PK,0.001,35
5265,2,winter_rapeseed,2,KAS,0.4,24
5265,2,winter_rapeseed,3,KAS,0.8,20
5266,2,winter_rapeseed,1,PK,0.001,35
5266,2,winter_rapeseed,2,KAS,0.4,24
5266,2,winter_rapeseed,3,KAS,0.8,20
5267,2,winter_rapeseed,1,PK,0.001,35
5267,2,winter_rapeseed,2,KAS,0.4,24
5267,2,winter_rapeseed,3,KAS,0.8,20
5268,2,winter_rapeseed,1,PK,0.001,35
5268,2,winter_rapeseed,2,KAS,0.4,24
5268,2,winter_rapeseed,3,KAS,0.8,20
5269,2,winter_rapeseed,1,PK,0.001,35
5269,2,winter_rapeseed,2,KAS,0.4,24
5269,2,winter_rapeseed,3,KAS,0.8,20
5270,2,winter_rapeseed,1,PK,0.001,35
5270,2,winter_rapeseed,2,KAS,0.4,24
5270,2,winter_rapeseed,3,KAS,0.8,20
5271,2,winter_rapeseed,1,PK,0.001,35
5271,2,winter_rapeseed,2,KAS,0.4,24
5271,2,winter_rapeseed,3,KAS,0.8,20
5273,2,winter_rapeseed,1,PK,0.001,35
5273,2,winter_rapeseed,2,KAS,0.4,24
5273,2,winter_rapeseed,3,KAS,0.8,20
5274,2,winter_rapeseed,1,PK,0.001,35
5274,2,winter_rapeseed,2,KAS,0.4,24
5274,2,winter_rapeseed,3,KAS,0.8,20
5275,2,winter_rapeseed,1,PK,0.001,35
5275,2,winter_rapeseed,2,KAS,0.4,24
5275,2,winter_rapeseed,3,KAS,0.8,20
5276,2,winter_rapeseed,1,PK,0.001,35
5276,2,winter_rapeseed,2,KAS,0.4,24
5276,2,winter_rapeseed,3,KAS,0.8,20
5277,2,winter_rapeseed,1,PK,0.001,35
5277,2,winter_rapeseed,2,KAS,0.4,24
5277,2,winter_rapeseed,3,KAS,0.8,20
5278,2,winter_rapeseed,1,PK,0.001,35
5278,2,winter_rapeseed,2,KAS,0.4,24
5278,2,winter_rapeseed,3,KAS,0.8,20
5279,2,winter_rapeseed,1,PK,0.001,35
5279,2,winter_rapeseed,2,KAS,0.4,24
5279,2,winter_rapeseed,3,KAS,0.8,20
5280,2,winter_rapeseed,1,PK,0.001,35
5280,2,winter_rapeseed,2,KAS,0.4,24
5280,2,winter_rapeseed,3,KAS,0.8,20
5281,2,winter_rapeseed,1,PK,0.001,35
5281,2,winter_rapeseed,2,KAS,0.4,24
5281,2,winter_rapeseed,3,KAS,0.8,20
5282,2,winter_rapeseed,1,PK,0.001,35
5282,2,winter_rapeseed,2,KAS,0.4,24
5282,2,winter_rapeseed,3,KAS,0.8,20
5283,2,winter_rapeseed,1,PK,0.001,35
5283,2,winter_rapeseed,2,KAS,0.4,24
5283,2,winter_rapeseed,3,KAS,0.8,20
5284,2,winter_rapeseed,1,PK,0.001,35
5284,2,winter_rapeseed,2,KAS,0.4,24
5284,2,winter_rapeseed,3,KAS,0.8,20
5285,2,winter_rapeseed,1,PK,0.001,35
5285,2,winter_rapeseed,2,KAS,0.4,24
5285,2,winter_rapeseed,3,KAS,0.8,20
5286,2,winter_rapeseed,1,PK,0.001,35
5286,2,winter_rapeseed,2,KAS,0.4,24
5286,2,winter_rapeseed,3,KAS,0.8,20
5287,2,winter_rapeseed,1,PK,0.001,35
5287,2,winter_rapeseed,2,KAS,0.4,24
5287,2,winter_rapeseed,3,KAS,0.8,20
5288,2,winter_rapeseed,1,PK,0.001,35
5288,2,winter_rapeseed,2,KAS,0.4,24
5288,2,winter_rapeseed,3,KAS,0.8,20
5289,2,winter_rapeseed,1,PK,0.001,35
5289,2,winter_rapeseed,2,KAS,0.4,24
5289,2,winter_rapeseed,3,KAS,0.8,20
5290,2,winter_rapeseed,1,PK,0.001,35
5290,2,winter_rapeseed,2,KAS,0.4,24
5290,2,winter_rapeseed,3,KAS,0.8,20
5291,2,winter_rapeseed,1,PK,0.001,35
5291,2,winter_rapeseed,2,KAS,0.4,24
5291,2,winter_rapeseed,3,KAS,0.8,20
5292,2,winter_rapeseed,1,PK,0.001,35
5292,2,winter_rapeseed,2,KAS,0.4,24
5292,2,winter_rapeseed,3,KAS,0.8,20
5293,2,winter_rapeseed,1,PK,0.001,35
5293,2,winter_rapeseed,2,KAS,0.4,24
5293,2,winter_rapeseed,3,KAS,0.8,20
5294,2,winter_rapeseed,1,PK,0.001,35
5294,2,winter_rapeseed,2,KAS,0.4,24
5294,2,winter_rapeseed,3,KAS,0.8,20
5295,2,winter_rapeseed,1,PK,0.001,35
5295,2,winter_rapeseed,2,KAS,0.4,24
5295,2,winter_rapeseed,3,KAS,0.8,20
5296,2,winter_rapeseed,1,PK,0.001,35
5296,2,winter_rapeseed,2,KAS,0.4,24
5296,2,winter_rapeseed,3,KAS,0.8,20
5297,2,winter_rapeseed,1,PK,0.001,35
5297,2,winter_rapeseed,2,KAS,0.4,24
5297,2,winter_rapeseed,3,KAS,0.8,20
5298,2,winter_rapeseed,1,PK,0.001,35
5298,2,winter_rapeseed,2,KAS,0.4,24
5298,2,winter_rapeseed,3,KAS,0.8,20
5299,2,winter_rapeseed,1,PK,0.001,35
5299,2,winter_rapeseed,2,KAS,0.4,24
5299,2,winter_rapeseed,3,KAS,0.8,20
5300,2,winter_rapeseed,1,PK,0.001,35
5300,2,winter_rapeseed,2,KAS,0.4,24
5300,2,winter_rapeseed,3,KAS,0.8,20
5301,2,winter_rapeseed,1,PK,0.001,35
5301,2,winter_rapeseed,2,KAS,0.4,24
5301,2,winter_rapeseed,3,KAS,0.8,20
5302,2,winter_rapeseed,1,PK,0.001,35
5302,2,winter_rapeseed,2,KAS,0.4,24
5302,2,winter_rapeseed,3,KAS,0.8,20
5303,2,winter_rapeseed,1,PK,0.001,35
5303,2,winter_rapeseed,2,KAS,0.4,24
5303,2,winter_rapeseed,3,KAS,0.8,20
5304,2,winter_rapeseed,1,PK,0.001,35
5304,2,winter_rapeseed,2,KAS,0.4,24
5304,2,winter_rapeseed,3,KAS,0.8,20
5305,2,winter_rapeseed,1,PK,0.001,35
5305,2,winter_rapeseed,2,KAS,0.4,24
5305,2,winter_rapeseed,3,KAS,0.8,20
5306,2,winter_rapeseed,1,PK,0.001,35
5306,2,winter_rapeseed,2,KAS,0.4,24
5306,2,winter_rapeseed,3,KAS,0.8,20
5307,2,winter_rapeseed,1,PK,0.001,35
5307,2,winter_rapeseed,2,KAS,0.4,24
5307,2,winter_rapeseed,3,KAS,0.8,20
5308,2,winter_rapeseed,1,PK,0.001,35
5308,2,winter_rapeseed,2,KAS,0.4,24
5308,2,winter_rapeseed,3,KAS,0.8,20
5309,2,winter_rapeseed,1,PK,0.001,35
5309,2,winter_rapeseed,2,KAS,0.4,24
5309,2,winter_rapeseed,3,KAS,0.8,20
5310,2,winter_rapeseed,1,PK,0.001,35
5310,2,winter_rapeseed,2,KAS,0.4,24
5310,2,winter_rapeseed,3,KAS,0.8,20
5311,2,winter_rapeseed,1,PK,0.001,35
5311,2,winter_rapeseed,2,KAS,0.4,24
5311,2,winter_rapeseed,3,KAS,0.8,20
5312,2,winter_rapeseed,1,PK,0.001,35
5312,2,winter_rapeseed,2,KAS,0.4,24
5312,2,winter_rapeseed,3,KAS,0.8,20
5313,2,winter_rapeseed,1,PK,0.001,35
5313,2,winter_rapeseed,2,KAS,0.4,24
5313,2,winter_rapeseed,3,KAS,0.8,20
5314,2,winter_rapeseed,1,PK,0.001,35
5314,2,winter_rapeseed,2,KAS,0.4,24
5314,2,winter_rapeseed,3,KAS,0.8,20
5315,2,winter_rapeseed,1,PK,0.001,35
5315,2,winter_rapeseed,2,KAS,0.4,24
5315,2,winter_rapeseed,3,KAS,0.8,20
6823,2,winter_rapeseed,1,PK,0.001,35
6823,2,winter_rapeseed,2,KAS,0.4,24
6823,2,winter_rapeseed,3,KAS,0.8,20
6824,2,winter_rapeseed,1,PK,0.001,35
6824,2,winter_rapeseed,2,KAS,0.4,24
6824,2,winter_rapeseed,3,KAS,0.8,20
6825,2,winter_rapeseed,1,PK,0.001,35
6825,2,winter_rapeseed,2,KAS,0.4,24
6825,2,winter_rapeseed,3,KAS,0.8,20
6826,2,winter_rapeseed,1,PK,0.001,35
6826,2,winter_rapeseed,2,KAS,0.4,24
6826,2,winter_rapeseed,3,KAS,0.8,20
6827,2,winter_rapeseed,1,PK,0.001,35
6827,2,winter_rapeseed,2,KAS,0.4,24
6827,2,winter_rapeseed,3,KAS,0.8,20
6828,2,winter_rapeseed,1,PK,0.001,35
6828,2,winter_rapeseed,2,KAS,0.4,24
6828,2,winter_rapeseed,3,KAS,0.8,20
6829,2,winter_rapeseed,1,PK,0.001,35
6829,2,winter_rapeseed,2,KAS,0.4,24
6829,2,winter_rapeseed,3,KAS,0.8,20
6830,2,winter_rapeseed,1,PK,0.001,35
6830,2,winter_rapeseed,2,KAS,0.4,24
6830,2,winter_rapeseed,3,KAS,0.8,20
6831,2,winter_rapeseed,1,PK,0.001,35
6831,2,winter_rapeseed,2,KAS,0.4,24
6831,2,winter_rapeseed,3,KAS,0.8,20
6832,2,winter_rapeseed,1,PK,0.001,35
6832,2,winter_rapeseed,2,KAS,0.4,24
6832,2,winter_rapeseed,3,KAS,0.8,20
6833,2,winter_rapeseed,1,PK,0.001,35
6833,2,winter_rapeseed,2,KAS,0.4,24
6833,2,winter_rapeseed,3,KAS,0.8,20
6834,2,winter_rapeseed,1,PK,0.001,35
6834,2,winter_rapeseed,2,KAS,0.4,24
6834,2,winter_rapeseed,3,KAS,0.8,20
6835,2,winter_rapeseed,1,PK,0.001,35
6835,2,winter_rapeseed,2,KAS,0.4,24
6835,2,winter_rapeseed,3,KAS,0.8,20
6836,2,winter_rapeseed,1,PK,0.001,35
6836,2,winter_rapeseed,2,KAS,0.4,24
6836,2,winter_rapeseed,3,KAS,0.8,20
6837,2,winter_rapeseed,1,PK,0.001,35
6837,2,winter_rapeseed,2,KAS,0.4,24
6837,2,winter_rapeseed,3,KAS,0.8,20
6838,2,winter_rapeseed,1,PK,0.001,35
6838,2,winter_rapeseed,2,KAS,0.4,24
6838,2,winter_rapeseed,3,KAS,0.8,20
6839,2,winter_rapeseed,1,PK,0.001,35
6839,2,winter_rapeseed,2,KAS,0.4,24
6839,2,winter_rapeseed,3,KAS,0.8,20
6840,2,winter_rapeseed,1,PK,0.001,35
6840,2,winter_rapeseed,2,KAS,0.4,24
6840,2,winter_rapeseed,3,KAS,0.8,20
6841,2,winter_rapeseed,1,PK,0.001,35
6841,2,winter_rapeseed,2,KAS,0.4,24
6841,2,winter_rapeseed,3,KAS,0.8,20
6842,2,winter_rapeseed,1,PK,0.001,35
6842,2,winter_rapeseed,2,KAS,0.4,24
6842,2,winter_rapeseed,3,KAS,0.8,20
6843,2,winter_rapeseed,1,PK,0.001,35
6843,2,winter_rapeseed,2,KAS,0.4,24
6843,2,winter_rapeseed,3,KAS,0.8,20
6844,2,winter_rapeseed,1,PK,0.001,35
6844,2,winter_rapeseed,2,KAS,0.4,24
6844,2,winter_rapeseed,3,KAS,0.8,20
6845,2,winter_rapeseed,1,PK,0.001,35
6845,2,winter_rapeseed,2,KAS,0.4,24
6845,2,winter_rapeseed,3,KAS,0.8,20
6846,2,winter_rapeseed,1,PK,0.001,35
6846,2,winter_rapeseed,2,KAS,0.4,24
6846,2,winter_rapeseed,3,KAS,0.8,20
6847,2,winter_rapeseed,1,PK,0.001,35
6847,2,winter_rapeseed,2,KAS,0.4,24
6847,2,winter_rapeseed,3,KAS,0.8,20
6848,2,winter_rapeseed,1,PK,0.001,35
6848,2,winter_rapeseed,2,KAS,0.4,24
6848,2,winter_rapeseed,3,KAS,0.8,20
6849,2,winter_rapeseed,1,PK,0.001,35
6849,2,winter_rapeseed,2,KAS,0.4,24
6849,2,winter_rapeseed,3,KAS,0.8,20
6850,2,winter_rapeseed,1,PK,0.001,35
6850,2,winter_rapeseed,2,KAS,0.4,24
6850,2,winter_rapeseed,3,KAS,0.8,20
6851,2,winter_rapeseed,1,PK,0.001,35
6851,2,winter_rapeseed,2,KAS,0.4,24
6851,2,winter_rapeseed,3,KAS,0.8,20
6852,2,winter_rapeseed,1,PK,0.001,35
6852,2,winter_rapeseed,2,KAS,0.4,24
6852,2,winter_rapeseed,3,KAS,0.8,20
6853,2,winter_rapeseed,1,PK,0.001,35
6853,2,winter_rapeseed,2,KAS,0.4,24
6853,2,winter_rapeseed,3,KAS,0.8,20
6854,2,winter_rapeseed,1,PK,0.001,35
6854,2,winter_rapeseed,2,KAS,0.4,24
6854,2,winter_rapeseed,3,KAS,0.8,20
6855,2,winter_rapeseed,1,PK,0.001,35
6855,2,winter_rapeseed,2,KAS,0.4,24
6855,2,winter_rapeseed,3,KAS,0.8,20
6856,2,winter_rapeseed,1,PK,0.001,35
6856,2,winter_rapeseed,2,KAS,0.4,24
6856,2,winter_rapeseed,3,KAS,0.8,20
6857,2,winter_rapeseed,1,PK,0.001,35
6857,2,winter_rapeseed,2,KAS,0.4,24
6857,2,winter_rapeseed,3,KAS,0.8,20
6858,2,winter_rapeseed,1,PK,0.001,35
6858,2,winter_rapeseed,2,KAS,0.4,24
6858,2,winter_rapeseed,3,KAS,0.8,20
6859,2,winter_rapeseed,1,PK,0.001,35
6859,2,winter_rapeseed,2,KAS,0.4,24
6859,2,winter_rapeseed,3,KAS,0.8,20
6860,2,winter_rapeseed,1,PK,0.001,35
6860,2,winter_rapeseed,2,KAS,0.4,24
6860,2,winter_rapeseed,3,KAS,0.8,20
6861,2,winter_rapeseed,1,PK,0.001,35
6861,2,winter_rapeseed,2,KAS,0.4,24
6861,2,winter_rapeseed,3,KAS,0.8,20
6862,2,winter_rapeseed,1,PK,0.001,35
6862,2,winter_rapeseed,2,KAS,0.4,24
6862,2,winter_rapeseed,3,KAS,0.8,20
6863,2,winter_rapeseed,1,PK,0.001,35
6863,2,winter_rapeseed,2,KAS,0.4,24
6863,2,winter_rapeseed,3,KAS,0.8,20
6864,2,winter_rapeseed,1,PK,0.001,35
6864,2,winter_rapeseed,2,KAS,0.4,24
6864,2,winter_rapeseed,3,KAS,0.8,20
6865,2,winter_rapeseed,1,PK,0.001,35
6865,2,winter_rapeseed,2,KAS,0.4,24
6865,2,winter_rapeseed,3,KAS,0.8,20
6866,2,winter_rapeseed,1,PK,0.001,35
6866,2,winter_rapeseed,2,KAS,0.4,24
6866,2,winter_rapeseed,3,KAS,0.8,20
6867,2,winter_rapeseed,1,PK,0.001,35
6867,2,winter_rapeseed,2,KAS,0.4,24
6867,2,winter_rapeseed,3,KAS,0.8,20
6868,2,winter_rapeseed,1,PK,0.001,35
6868,2,winter_rapeseed,2,KAS,0.4,24
6868,2,winter_rapeseed,3,KAS,0.8,20
6869,2,winter_rapeseed,1,PK,0.001,35
6869,2,winter_rapeseed,2,KAS,0.4,24
6869,2,winter_rapeseed,3,KAS,0.8,20
6870,2,winter_rapeseed,1,PK,0.001,35
6870,2,winter_rapeseed,2,KAS,0.4,24
6870,2,winter_rapeseed,3,KAS,0.8,20
6871,2,winter_rapeseed,1,PK,0.001,35
6871,2,winter_rapeseed,2,KAS,0.4,24
6871,2,winter_rapeseed,3,KAS,0.8,20
6872,2,winter_rapeseed,1,PK,0.001,35
6872,2,winter_rapeseed,2,KAS,0.4,24
6872,2,winter_rapeseed,3,KAS,0.8,20
6873,2,winter_rapeseed,1,PK,0.001,35
6873,2,winter_rapeseed,2,KAS,0.4,24
6873,2,winter_rapeseed,3,KAS,0.8,20
6874,2,winter_rapeseed,1,PK,0.001,35
6874,2,winter_rapeseed,2,KAS,0.4,24
6874,2,winter_rapeseed,3,KAS,0.8,20
6875,2,winter_rapeseed,1,PK,0.001,35
6875,2,winter_rapeseed,2,KAS,0.4,24
6875,2,winter_rapeseed,3,KAS,0.8,20
6876,2,winter_rapeseed,1,PK,0.001,35
6876,2,winter_rapeseed,2,KAS,0.4,24
6876,2,winter_rapeseed,3,KAS,0.8,20
6877,2,winter_rapeseed,1,PK,0.001,35
6877,2,winter_rapeseed,2,KAS,0.4,24
6877,2,winter_rapeseed,3,KAS,0.8,20
6878,2,winter_rapeseed,1,PK,0.001,35
6878,2,winter_rapeseed,2,KAS,0.4,24
6878,2,winter_rapeseed,3,KAS,0.8,20
6879,2,winter_rapeseed,1,PK,0.001,35
6879,2,winter_rapeseed,2,KAS,0.4,24
6879,2,winter_rapeseed,3,KAS,0.8,20
6880,2,winter_rapeseed,1,PK,0.001,35
6880,2,winter_rapeseed,2,KAS,0.4,24
6880,2,winter_rapeseed,3,KAS,0.8,20
6881,2,winter_rapeseed,1,PK,0.001,35
6881,2,winter_rapeseed,2,KAS,0.4,24
6881,2,winter_rapeseed,3,KAS,0.8,20
6882,2,winter_rapeseed,1,PK,0.001,35
6882,2,winter_rapeseed,2,KAS,0.4,24
6882,2,winter_rapeseed,3,KAS,0.8,20
6883,2,winter_rapeseed,1,PK,0.001,35
6883,2,winter_rapeseed,2,KAS,0.4,24
6883,2,winter_rapeseed,3,KAS,0.8,20
6884,2,winter_rapeseed,1,PK,0.001,35
6884,2,winter_rapeseed,2,KAS,0.4,24
6884,2,winter_rapeseed,3,KAS,0.8,20
6885,2,winter_rapeseed,1,PK,0.001,35
6885,2,winter_rapeseed,2,KAS,0.4,24
6885,2,winter_rapeseed,3,KAS,0.8,20
6886,2,winter_rapeseed,1,PK,0.001,35
6886,2,winter_rapeseed,2,KAS,0.4,24
6886,2,winter_rapeseed,3,KAS,0.8,20
6887,2,winter_rapeseed,1,PK,0.001,35
6887,2,winter_rapeseed,2,KAS,0.4,24
6887,2,winter_rapeseed,3,KAS,0.8,20
6888,2,winter_rapeseed,1,PK,0.001,35
6888,2,winter_rapeseed,2,KAS,0.4,24
6888,2,winter_rapeseed,3,KAS,0.8,20
6889,2,winter_rapeseed,1,PK,0.001,35
6889,2,winter_rapeseed,2,KAS,0.4,24
6889,2,winter_rapeseed,3,KAS,0.8,20
6890,2,winter_rapeseed,1,PK,0.001,35
6890,2,winter_rapeseed,2,KAS,0.4,24
6890,2,winter_rapeseed,3,KAS,0.8,20
6891,2,winter_rapeseed,1,PK,0.001,35
6891,2,winter_rapeseed,2,KAS,0.4,24
6891,2,winter_rapeseed,3,KAS,0.8,20
6892,2,winter_rapeseed,1,PK,0.001,35
6892,2,winter_rapeseed,2,KAS,0.4,24
6892,2,winter_rapeseed,3,KAS,0.8,20
6893,2,winter_rapeseed,1,PK,0.001,35
6893,2,winter_rapeseed,2,KAS,0.4,24
6893,2,winter_rapeseed,3,KAS,0.8,20
6894,2,winter_rapeseed,1,PK,0.001,35
6894,2,winter_rapeseed,2,KAS,0.4,24
6894,2,winter_rapeseed,3,KAS,0.8,20
6895,2,winter_rapeseed,1,PK,0.001,35
6895,2,winter_rapeseed,2,KAS,0.4,24
6895,2,winter_rapeseed,3,KAS,0.8,20
6896,2,winter_rapeseed,1,PK,0.001,35
6896,2,winter_rapeseed,2,KAS,0.4,24
6896,2,winter_rapeseed,3,KAS,0.8,20
6897,2,winter_rapeseed,1,PK,0.001,35
6897,2,winter_rapeseed,2,KAS,0.4,24
6897,2,winter_rapeseed,3,KAS,0.8,20
6898,2,winter_rapeseed,1,PK,0.001,35
6898,2,winter_rapeseed,2,KAS,0.4,24
6898,2,winter_rapeseed,3,KAS,0.8,20
6899,2,winter_rapeseed,1,PK,0.001,35
6899,2,winter_rapeseed,2,KAS,0.4,24
6899,2,winter_rapeseed,3,KAS,0.8,20
6900,2,winter_rapeseed,1,PK,0.001,35
6900,2,winter_rapeseed,2,KAS,0.4,24
6900,2,winter_rapeseed,3,KAS,0.8,20
6901,2,winter_rapeseed,1,PK,0.001,35
6901,2,winter_rapeseed,2,KAS,0.4,24
6901,2,winter_rapeseed,3,KAS,0.8,20
6902,2,winter_rapeseed,1,PK,0.001,35
6902,2,winter_rapeseed,2,KAS,0.4,24
6902,2,winter_rapeseed,3,KAS,0.8,20
6903,2,winter_rapeseed,1,PK,0.001,35
6903,2,winter_rapeseed,2,KAS,0.4,24
6903,2,winter_rapeseed,3,KAS,0.8,20
6904,2,winter_rapeseed,1,PK,0.001,35
6904,2,winter_rapeseed,2,KAS,0.4,24
6904,2,winter_rapeseed,3,KAS,0.8,20
6905,2,winter_rapeseed,1,PK,0.001,35
6905,2,winter_rapeseed,2,KAS,0.4,24
6905,2,winter_rapeseed,3,KAS,0.8,20
6906,2,winter_rapeseed,1,PK,0.001,35
6906,2,winter_rapeseed,2,KAS,0.4,24
6906,2,winter_rapeseed,3,KAS,0.8,20
6907,2,winter_rapeseed,1,PK,0.001,35
6907,2,winter_rapeseed,2,KAS,0.4,24
6907,2,winter_rapeseed,3,KAS,0.8,20
6908,2,winter_rapeseed,1,PK,0.001,35
6908,2,winter_rapeseed,2,KAS,0.4,24
6908,2,winter_rapeseed,3,KAS,0.8,20
6909,2,winter_rapeseed,1,PK,0.001,35
6909,2,winter_rapeseed,2,KAS,0.4,24
6909,2,winter_rapeseed,3,KAS,0.8,20
6910,2,winter_rapeseed,1,PK,0.001,35
6910,2,winter_rapeseed,2,KAS,0.4,24
6910,2,winter_rapeseed,3,KAS,0.8,20
6911,2,winter_rapeseed,1,PK,0.001,35
6911,2,winter_rapeseed,2,KAS,0.4,24
6911,2,winter_rapeseed,3,KAS,0.8,20
6912,2,winter_rapeseed,1,PK,0.001,35
6912,2,winter_rapeseed,2,KAS,0.4,24
6912,2,winter_rapeseed,3,KAS,0.8,20
6913,2,winter_rapeseed,1,PK,0.001,35
6913,2,winter_rapeseed,2,KAS,0.4,24
6913,2,winter_rapeseed,3,KAS,0.8,20
6915,2,winter_rapeseed,1,PK,0.001,35
6915,2,winter_rapeseed,2,KAS,0.4,24
6915,2,winter_rapeseed,3,KAS,0.8,20
6916,2,winter_rapeseed,1,PK,0.001,35
6916,2,winter_rapeseed,2,KAS,0.4,24
6916,2,winter_rapeseed,3,KAS,0.8,20
6917,2,winter_rapeseed,1,PK,0.001,35
6917,2,winter_rapeseed,2,KAS,0.4,24
6917,2,winter_rapeseed,3,KAS,0.8,20
6918,2,winter_rapeseed,1,PK,0.001,35
6918,2,winter_rapeseed,2,KAS,0.4,24
6918,2,winter_rapeseed,3,KAS,0.8,20
6919,2,winter_rapeseed,1,PK,0.001,35
6919,2,winter_rapeseed,2,KAS,0.4,24
6919,2,winter_rapeseed,3,KAS,0.8,20
6920,2,winter_rapeseed,1,PK,0.001,35
6920,2,winter_rapeseed,2,KAS,0.4,24
6920,2,winter_rapeseed,3,KAS,0.8,20
6921,2,winter_rapeseed,1,PK,0.001,35
6921,2,winter_rapeseed,2,KAS,0.4,24
6921,2,winter_rapeseed,3,KAS,0.8,20
6922,2,winter_rapeseed,1,PK,0.001,35
6922,2,winter_rapeseed,2,KAS,0.4,24
6922,2,winter_rapeseed,3,KAS,0.8,20
6923,2,winter_rapeseed,1,PK,0.001,35
6923,2,winter_rapeseed,2,KAS,0.4,24
6923,2,winter_rapeseed,3,KAS,0.8,20
6924,2,winter_rapeseed,1,PK,0.001,35
6924,2,winter_rapeseed,2,KAS,0.4,24
6924,2,winter_rapeseed,3,KAS,0.8,20
6925,2,winter_rapeseed,1,PK,0.001,35
6925,2,winter_rapeseed,2,KAS,0.4,24
6925,2,winter_rapeseed,3,KAS,0.8,20
6926,2,winter_rapeseed,1,PK,0.001,35
6926,2,winter_rapeseed,2,KAS,0.4,24
6926,2,winter_rapeseed,3,KAS,0.8,20
6927,2,winter_rapeseed,1,PK,0.001,35
6927,2,winter_rapeseed,2,KAS,0.4,24
6927,2,winter_rapeseed,3,KAS,0.8,20
6929,2,winter_rapeseed,1,PK,0.001,35
6929,2,winter_rapeseed,2,KAS,0.4,24
6929,2,winter_rapeseed,3,KAS,0.8,20
6930,2,winter_rapeseed,1,PK,0.001,35
6930,2,winter_rapeseed,2,KAS,0.4,24
6930,2,winter_rapeseed,3,KAS,0.8,20
6931,2,winter_rapeseed,1,PK,0.001,35
6931,2,winter_rapeseed,2,KAS,0.4,24
6931,2,winter_rapeseed,3,KAS,0.8,20
6932,2,winter_rapeseed,1,PK,0.001,35
6932,2,winter_rapeseed,2,KAS,0.4,24
6932,2,winter_rapeseed,3,KAS,0.8,20
6933,2,winter_rapeseed,1,PK,0.001,35
6933,2,winter_rapeseed,2,KAS,0.4,24
6933,2,winter_rapeseed,3,KAS,0.8,20
6934,2,winter_rapeseed,1,PK,0.001,35
6934,2,winter_rapeseed,2,KAS,0.4,24
6934,2,winter_rapeseed,3,KAS,0.8,20
6935,2,winter_rapeseed,1,PK,0.001,35
6935,2,winter_rapeseed,2,KAS,0.4,24
6935,2,winter_rapeseed,3,KAS,0.8,20
6936,2,winter_rapeseed,1,PK,0.001,35
6936,2,winter_rapeseed,2,KAS,0.4,24
6936,2,winter_rapeseed,3,KAS,0.8,20
6937,2,winter_rapeseed,1,PK,0.001,35
6937,2,winter_rapeseed,2,KAS,0.4,24
6937,2,winter_rapeseed,3,KAS,0.8,20
6938,2,winter_rapeseed,1,PK,0.001,35
6938,2,winter_rapeseed,2,KAS,0.4,24
6938,2,winter_rapeseed,3,KAS,0.8,20
6939,2,winter_rapeseed,1,PK,0.001,35
6939,2,winter_rapeseed,2,KAS,0.4,24
6939,2,winter_rapeseed,3,KAS,0.8,20
6940,2,winter_rapeseed,1,PK,0.001,35
6940,2,winter_rapeseed,2,KAS,0.4,24
6940,2,winter_rapeseed,3,KAS,0.8,20
6941,2,winter_rapeseed,1,PK,0.001,35
6941,2,winter_rapeseed,2,KAS,0.4,24
6941,2,winter_rapeseed,3,KAS,0.8,20
6942,2,winter_rapeseed,1,PK,0.001,35
6942,2,winter_rapeseed,2,KAS,0.4,24
6942,2,winter_rapeseed,3,KAS,0.8,20
6943,2,winter_rapeseed,1,PK,0.001,35
6943,2,winter_rapeseed,2,KAS,0.4,24
6943,2,winter_rapeseed,3,KAS,0.8,20
6944,2,winter_rapeseed,1,PK,0.001,35
6944,2,winter_rapeseed,2,KAS,0.4,24
6944,2,winter_rapeseed,3,KAS,0.8,20
6945,2,winter_rapeseed,1,PK,0.001,35
6945,2,winter_rapeseed,2,KAS,0.4,24
6945,2,winter_rapeseed,3,KAS,0.8,20
6946,2,winter_rapeseed,1,PK,0.001,35
6946,2,winter_rapeseed,2,KAS,0.4,24
6946,2,winter_rapeseed,3,KAS,0.8,20
6947,2,winter_rapeseed,1,PK,0.001,35
6947,2,winter_rapeseed,2,KAS,0.4,24
6947,2,winter_rapeseed,3,KAS,0.8,20
6948,2,winter_rapeseed,1,PK,0.001,35
6948,2,winter_rapeseed,2,KAS,0.4,24
6948,2,winter_rapeseed,3,KAS,0.8,20
6949,2,winter_rapeseed,1,PK,0.001,35
6949,2,winter_rapeseed,2,KAS,0.4,24
6949,2,winter_rapeseed,3,KAS,0.8,20
6950,2,winter_rapeseed,1,PK,0.001,35
6950,2,winter_rapeseed,2,KAS,0.4,24
6950,2,winter_rapeseed,3,KAS,0.8,20
6951,2,winter_rapeseed,1,PK,0.001,35
6951,2,winter_rapeseed,2,KAS,0.4,24
6951,2,winter_rapeseed,3,KAS,0.8,20
6952,2,winter_rapeseed,1,PK,0.001,35
6952,2,winter_rapeseed,2,KAS,0.4,24
6952,2,winter_rapeseed,3,KAS,0.8,20
6953,2,winter_rapeseed,1,PK,0.001,35
6953,2,winter_rapeseed,2,KAS,0.4,24
6953,2,winter_rapeseed,3,KAS,0.8,20
6954,2,winter_rapeseed,1,PK,0.001,35
6954,2,winter_rapeseed,2,KAS,0.4,24
6954,2,winter_rapeseed,3,KAS,0.8,20
6955,2,winter_rapeseed,1,PK,0.001,35
6955,2,winter_rapeseed,2,KAS,0.4,24
6955,2,winter_rapeseed,3,KAS,0.8,20
6957,2,winter_rapeseed,1,PK,0.001,35
6957,2,winter_rapeseed,2,KAS,0.4,24
6957,2,winter_rapeseed,3,KAS,0.8,20
6958,2,winter_rapeseed,1,PK,0.001,35
6958,2,winter_rapeseed,2,KAS,0.4,24
6958,2,winter_rapeseed,3,KAS,0.8,20
6959,2,winter_rapeseed,1,PK,0.001,35
6959,2,winter_rapeseed,2,KAS,0.4,24
6959,2,winter_rapeseed,3,KAS,0.8,20
6960,2,winter_rapeseed,1,PK,0.001,35
6960,2,winter_rapeseed,2,KAS,0.4,24
6960,2,winter_rapeseed,3,KAS,0.8,20
6961,2,winter_rapeseed,1,PK,0.001,35
6961,2,winter_rapeseed,2,KAS,0.4,24
6961,2,winter_rapeseed,3,KAS,0.8,20
6962,2,winter_rapeseed,1,PK,0.001,35
6962,2,winter_rapeseed,2,KAS,0.4,24
6962,2,winter_rapeseed,3,KAS,0.8,20
6963,2,winter_rapeseed,1,PK,0.001,35
6963,2,winter_rapeseed,2,KAS,0.4,24
6963,2,winter_rapeseed,3,KAS,0.8,20
6964,2,winter_rapeseed,1,PK,0.001,35
6964,2,winter_rapeseed,2,KAS,0.4,24
6964,2,winter_rapeseed,3,KAS,0.8,20
6965,2,winter_rapeseed,1,PK,0.001,35
6965,2,winter_rapeseed,2,KAS,0.4,24
6965,2,winter_rapeseed,3,KAS,0.8,20
6966,2,winter_rapeseed,1,PK,0.001,35
6966,2,winter_rapeseed,2,KAS,0.4,24
6966,2,winter_rapeseed,3,KAS,0.8,20
6967,2,winter_rapeseed,1,PK,0.001,35
6967,2,winter_rapeseed,2,KAS,0.4,24
6967,2,winter_rapeseed,3,KAS,0.8,20
6968,2,winter_rapeseed,1,PK,0.001,35
6968,2,winter_rapeseed,2,KAS,0.4,24
6968,2,winter_rapeseed,3,KAS,0.8,20
6969,2,winter_rapeseed,1,PK,0.001,35
6969,2,winter_rapeseed,2,KAS,0.4,24
6969,2,winter_rapeseed,3,KAS,0.8,20
6970,2,winter_rapeseed,1,PK,0.001,35
6970,2,winter_rapeseed,2,KAS,0.4,24
6970,2,winter_rapeseed,3,KAS,0.8,20
6971,2,winter_rapeseed,1,PK,0.001,35
6971,2,winter_rapeseed,2,KAS,0.4,24
6971,2,winter_rapeseed,3,KAS,0.8,20
6972,2,winter_rapeseed,1,PK,0.001,35
6972,2,winter_rapeseed,2,KAS,0.4,24
6972,2,winter_rapeseed,3,KAS,0.8,20
6973,2,winter_rapeseed,1,PK,0.001,35
6973,2,winter_rapeseed,2,KAS,0.4,24
6973,2,winter_rapeseed,3,KAS,0.8,20
6974,2,winter_rapeseed,1,PK,0.001,35
6974,2,winter_rapeseed,2,KAS,0.4,24
6974,2,winter_rapeseed,3,KAS,0.8,20
6975,2,winter_rapeseed,1,PK,0.001,35
6975,2,winter_rapeseed,2,KAS,0.4,24
6975,2,winter_rapeseed,3,KAS,0.8,20
6976,2,winter_rapeseed,1,PK,0.001,35
6976,2,winter_rapeseed,2,KAS,0.4,24
6976,2,winter_rapeseed,3,KAS,0.8,20
6977,2,winter_rapeseed,1,PK,0.001,35
6977,2,winter_rapeseed,2,KAS,0.4,24
6977,2,winter_rapeseed,3,KAS,0.8,20
6978,2,winter_rapeseed,1,PK,0.001,35
6978,2,winter_rapeseed,2,KAS,0.4,24
6978,2,winter_rapeseed,3,KAS,0.8,20
6979,2,winter_rapeseed,1,PK,0.001,35
6979,2,winter_rapeseed,2,KAS,0.4,24
6979,2,winter_rapeseed,3,KAS,0.8,20
6980,2,winter_rapeseed,1,PK,0.001,35
6980,2,winter_rapeseed,2,KAS,0.4,24
6980,2,winter_rapeseed,3,KAS,0.8,20
6981,2,winter_rapeseed,1,PK,0.001,35
6981,2,winter_rapeseed,2,KAS,0.4,24
6981,2,winter_rapeseed,3,KAS,0.8,20
6982,2,winter_rapeseed,1,PK,0.001,35
6982,2,winter_rapeseed,2,KAS,0.4,24
6982,2,winter_rapeseed,3,KAS,0.8,20
6983,2,winter_rapeseed,1,PK,0.001,35
6983,2,winter_rapeseed,2,KAS,0.4,24
6983,2,winter_rapeseed,3,KAS,0.8,20
6984,2,winter_rapeseed,1,PK,0.001,35
6984,2,winter_rapeseed,2,KAS,0.4,24
6984,2,winter_rapeseed,3,KAS,0.8,20
6985,2,winter_rapeseed,1,PK,0.001,35
6985,2,winter_rapeseed,2,KAS,0.4,24
6985,2,winter_rapeseed,3,KAS,0.8,20
6986,2,winter_rapeseed,1,PK,0.001,35
6986,2,winter_rapeseed,2,KAS,0.4,24
6986,2,winter_rapeseed,3,KAS,0.8,20
6987,2,winter_rapeseed,1,PK,0.001,35
6987,2,winter_rapeseed,2,KAS,0.4,24
6987,2,winter_rapeseed,3,KAS,0.8,20
6988,2,winter_rapeseed,1,PK,0.001,35
6988,2,winter_rapeseed,2,KAS,0.4,24
6988,2,winter_rapeseed,3,KAS,0.8,20
6989,2,winter_rapeseed,1,PK,0.001,35
6989,2,winter_rapeseed,2,KAS,0.4,24
6989,2,winter_rapeseed,3,KAS,0.8,20
6990,2,winter_rapeseed,1,PK,0.001,35
6990,2,winter_rapeseed,2,KAS,0.4,24
6990,2,winter_rapeseed,3,KAS,0.8,20
6991,2,winter_rapeseed,1,PK,0.001,35
6991,2,winter_rapeseed,2,KAS,0.4,24
6991,2,winter_rapeseed,3,KAS,0.8,20
6992,2,winter_rapeseed,1,PK,0.001,35
6992,2,winter_rapeseed,2,KAS,0.4,24
6992,2,winter_rapeseed,3,KAS,0.8,20
6993,2,winter_rapeseed,1,PK,0.001,35
6993,2,winter_rapeseed,2,KAS,0.4,24
6993,2,winter_rapeseed,3,KAS,0.8,20
6994,2,winter_rapeseed,1,PK,0.001,35
6994,2,winter_rapeseed,2,KAS,0.4,24
6994,2,winter_rapeseed,3,KAS,0.8,20
6995,2,winter_rapeseed,1,PK,0.001,35
6995,2,winter_rapeseed,2,KAS,0.4,24
6995,2,winter_rapeseed,3,KAS,0.8,20
6996,2,winter_rapeseed,1,PK,0.001,35
6996,2,winter_rapeseed,2,KAS,0.4,24
6996,2,winter_rapeseed,3,KAS,0.8,20
6997,2,winter_rapeseed,1,PK,0.001,35
6997,2,winter_rapeseed,2,KAS,0.4,24
6997,2,winter_rapeseed,3,KAS,0.8,20
6998,2,winter_rapeseed,1,PK,0.001,35
6998,2,winter_rapeseed,2,KAS,0.4,24
6998,2,winter_rapeseed,3,KAS,0.8,20
6999,2,winter_rapeseed,1,PK,0.001,35
6999,2,winter_rapeseed,2,KAS,0.4,24
6999,2,winter_rapeseed,3,KAS,0.8,20
7000,2,winter_rapeseed,1,PK,0.001,35
7000,2,winter_rapeseed,2,KAS,0.4,24
7000,2,winter_rapeseed,3,KAS,0.8,20
7001,2,winter_rapeseed,1,PK,0.001,35
7001,2,winter_rapeseed,2,KAS,0.4,24
7001,2,winter_rapeseed,3,KAS,0.8,20
7002,2,winter_rapeseed,1,PK,0.001,35
7002,2,winter_rapeseed,2,KAS,0.4,24
7002,2,winter_rapeseed,3,KAS,0.8,20
7003,2,winter_rapeseed,1,PK,0.001,35
7003,2,winter_rapeseed,2,KAS,0.4,24
7003,2,winter_rapeseed,3,KAS,0.8,20
7004,2,winter_rapeseed,1,PK,0.001,35
7004,2,winter_rapeseed,2,KAS,0.4,24
7004,2,winter_rapeseed,3,KAS,0.8,20
7005,2,winter_rapeseed,1,PK,0.001,35
7005,2,winter_rapeseed,2,KAS,0.4,24
7005,2,winter_rapeseed,3,KAS,0.8,20
7006,2,winter_rapeseed,1,PK,0.001,35
7006,2,winter_rapeseed,2,KAS,0.4,24
7006,2,winter_rapeseed,3,KAS,0.8,20
7007,2,winter_rapeseed,1,PK,0.001,35
7007,2,winter_rapeseed,2,KAS,0.4,24
7007,2,winter_rapeseed,3,KAS,0.8,20
7008,2,winter_rapeseed,1,PK,0.001,35
7008,2,winter_rapeseed,2,KAS,0.4,24
7008,2,winter_rapeseed,3,KAS,0.8,20
7009,2,winter_rapeseed,1,PK,0.001,35
7009,2,winter_rapeseed,2,KAS,0.4,24
7009,2,winter_rapeseed,3,KAS,0.8,20
7010,2,winter_rapeseed,1,PK,0.001,35
7010,2,winter_rapeseed,2,KAS,0.4,24
7010,2,winter_rapeseed,3,KAS,0.8,20
7011,2,winter_rapeseed,1,PK,0.001,35
7011,2,winter_rapeseed,2,KAS,0.4,24
7011,2,winter_rapeseed,3,KAS,0.8,20
7012,2,winter_rapeseed,1,PK,0.001,35
7012,2,winter_rapeseed,2,KAS,0.4,24
7012,2,winter_rapeseed,3,KAS,0.8,20
7013,2,winter_rapeseed,1,PK,0.001,35
7013,2,winter_rapeseed,2,KAS,0.4,24
7013,2,winter_rapeseed,3,KAS,0.8,20
7014,2,winter_rapeseed,1,PK,0.001,35
7014,2,winter_rapeseed,2,KAS,0.4,24
7014,2,winter_rapeseed,3,KAS,0.8,20
7015,2,winter_rapeseed,1,PK,0.001,35
7015,2,winter_rapeseed,2,KAS,0.4,24
7015,2,winter_rapeseed,3,KAS,0.8,20
7016,2,winter_rapeseed,1,PK,0.001,35
7016,2,winter_rapeseed,2,KAS,0.4,24
7016,2,winter_rapeseed,3,KAS,0.8,20
7017,2,winter_rapeseed,1,PK,0.001,35
7017,2,winter_rapeseed,2,KAS,0.4,24
7017,2,winter_rapeseed,3,KAS,0.8,20
7018,2,winter_rapeseed,1,PK,0.001,35
7018,2,winter_rapeseed,2,KAS,0.4,24
7018,2,winter_rapeseed,3,KAS,0.8,20
7019,2,winter_rapeseed,1,PK,0.001,35
7019,2,winter_rapeseed,2,KAS,0.4,24
7019,2,winter_rapeseed,3,KAS,0.8,20
7020,2,winter_rapeseed,1,PK,0.001,35
7020,2,winter_rapeseed,2,KAS,0.4,24
7020,2,winter_rapeseed,3,KAS,0.8,20
7021,2,winter_rapeseed,1,PK,0.001,35
7021,2,winter_rapeseed,2,KAS,0.4,24
7021,2,winter_rapeseed,3,KAS,0.8,20
7022,2,winter_rapeseed,1,PK,0.001,35
7022,2,winter_rapeseed,2,KAS,0.4,24
7022,2,winter_rapeseed,3,KAS,0.8,20
7023,2,winter_rapeseed,1,PK,0.001,35
7023,2,winter_rapeseed,2,KAS,0.4,24
7023,2,winter_rapeseed,3,KAS,0.8,20
7024,2,winter_rapeseed,1,PK,0.001,35
7024,2,winter_rapeseed,2,KAS,0.4,24
7024,2,winter_rapeseed,3,KAS,0.8,20
7025,2,winter_rapeseed,1,PK,0.001,35
7025,2,winter_rapeseed,2,KAS,0.4,24
7025,2,winter_rapeseed,3,KAS,0.8,20
7026,2,winter_rapeseed,1,PK,0.001,35
7026,2,winter_rapeseed,2,KAS,0.4,24
7026,2,winter_rapeseed,3,KAS,0.8,20
7027,2,winter_rapeseed,1,PK,0.001,35
7027,2,winter_rapeseed,2,KAS,0.4,24
7027,2,winter_rapeseed,3,KAS,0.8,20
7028,2,winter_rapeseed,1,PK,0.001,35
7028,2,winter_rapeseed,2,KAS,0.4,24
7028,2,winter_rapeseed,3,KAS,0.8,20
7029,2,winter_rapeseed,1,PK,0.001,35
7029,2,winter_rapeseed,2,KAS,0.4,24
7029,2,winter_rapeseed,3,KAS,0.8,20
7030,2,winter_rapeseed,1,PK,0.001,35
7030,2,winter_rapeseed,2,KAS,0.4,24
7030,2,winter_rapeseed,3,KAS,0.8,20
7031,2,winter_rapeseed,1,PK,0.001,35
7031,2,winter_rapeseed,2,KAS,0.4,24
7031,2,winter_rapeseed,3,KAS,0.8,20
7032,2,winter_rapeseed,1,PK,0.001,35
7032,2,winter_rapeseed,2,KAS,0.4,24
7032,2,winter_rapeseed,3,KAS,0.8,20
7033,2,winter_rapeseed,1,PK,0.001,35
7033,2,winter_rapeseed,2,KAS,0.4,24
7033,2,winter_rapeseed,3,KAS,0.8,20
7034,2,winter_rapeseed,1,PK,0.001,35
7034,2,winter_rapeseed,2,KAS,0.4,24
7034,2,winter_rapeseed,3,KAS,0.8,20
7035,2,winter_rapeseed,1,PK,0.001,35
7035,2,winter_rapeseed,2,KAS,0.4,24
7035,2,winter_rapeseed,3,KAS,0.8,20
7036,2,winter_rapeseed,1,PK,0.001,35
7036,2,winter_rapeseed,2,KAS,0.4,24
7036,2,winter_rapeseed,3,KAS,0.8,20
7037,2,winter_rapeseed,1,PK,0.001,35
7037,2,winter_rapeseed,2,KAS,0.4,24
7037,2,winter_rapeseed,3,KAS,0.8,20
7038,2,winter_rapeseed,1,PK,0.001,35
7038,2,winter_rapeseed,2,KAS,0.4,24
7038,2,winter_rapeseed,3,KAS,0.8,20
7039,2,winter_rapeseed,1,PK,0.001,35
7039,2,winter_rapeseed,2,KAS,0.4,24
7039,2,winter_rapeseed,3,KAS,0.8,20
7040,2,winter_rapeseed,1,PK,0.001,35
7040,2,winter_rapeseed,2,KAS,0.4,24
7040,2,winter_rapeseed,3,KAS,0.8,20
7041,2,winter_rapeseed,1,PK,0.001,35
7041,2,winter_rapeseed,2,KAS,0.4,24
7041,2,winter_rapeseed,3,KAS,0.8,20
7042,2,winter_rapeseed,1,PK,0.001,35
7042,2,winter_rapeseed,2,KAS,0.4,24
7042,2,winter_rapeseed,3,KAS,0.8,20
7043,2,winter_rapeseed,1,PK,0.001,35
7043,2,winter_rapeseed,2,KAS,0.4,24
7043,2,winter_rapeseed,3,KAS,0.8,20
7044,2,winter_rapeseed,1,PK,0.001,35
7044,2,winter_rapeseed,2,KAS,0.4,24
7044,2,winter_rapeseed,3,KAS,0.8,20
7045,2,winter_rapeseed,1,PK,0.001,35
7045,2,winter_rapeseed,2,KAS,0.4,24
7045,2,winter_rapeseed,3,KAS,0.8,20
7046,2,winter_rapeseed,1,PK,0.001,35
7046,2,winter_rapeseed,2,KAS,0.4,24
7046,2,winter_rapeseed,3,KAS,0.8,20
7047,2,winter_rapeseed,1,PK,0.001,35
7047,2,winter_rapeseed,2,KAS,0.4,24
7047,2,winter_rapeseed,3,KAS,0.8,20
7048,2,winter_rapeseed,1,PK,0.001,35
7048,2,winter_rapeseed,2,KAS,0.4,24
7048,2,winter_rapeseed,3,KAS,0.8,20
7049,2,winter_rapeseed,1,PK,0.001,35
7049,2,winter_rapeseed,2,KAS,0.4,24
7049,2,winter_rapeseed,3,KAS,0.8,20
7050,2,winter_rapeseed,1,PK,0.001,35
7050,2,winter_rapeseed,2,KAS,0.4,24
7050,2,winter_rapeseed,3,KAS,0.8,20
7051,2,winter_rapeseed,1,PK,0.001,35
7051,2,winter_rapeseed,2,KAS,0.4,24
7051,2,winter_rapeseed,3,KAS,0.8,20
7053,2,winter_rapeseed,1,PK,0.001,35
7053,2,winter_rapeseed,2,KAS,0.4,24
7053,2,winter_rapeseed,3,KAS,0.8,20
7054,2,winter_rapeseed,1,PK,0.001,35
7054,2,winter_rapeseed,2,KAS,0.4,24
7054,2,winter_rapeseed,3,KAS,0.8,20
7055,2,winter_rapeseed,1,PK,0.001,35
7055,2,winter_rapeseed,2,KAS,0.4,24
7055,2,winter_rapeseed,3,KAS,0.8,20
7056,2,winter_rapeseed,1,PK,0.001,35
7056,2,winter_rapeseed,2,KAS,0.4,24
7056,2,winter_rapeseed,3,KAS,0.8,20
7057,2,winter_rapeseed,1,PK,0.001,35
7057,2,winter_rapeseed,2,KAS,0.4,24
7057,2,winter_rapeseed,3,KAS,0.8,20
7058,2,winter_rapeseed,1,PK,0.001,35
7058,2,winter_rapeseed,2,KAS,0.4,24
7058,2,winter_rapeseed,3,KAS,0.8,20
7059,2,winter_rapeseed,1,PK,0.001,35
7059,2,winter_rapeseed,2,KAS,0.4,24
7059,2,winter_rapeseed,3,KAS,0.8,20
7060,2,winter_rapeseed,1,PK,0.001,35
7060,2,winter_rapeseed,2,KAS,0.4,24
7060,2,winter_rapeseed,3,KAS,0.8,20
7061,2,winter_rapeseed,1,PK,0.001,35
7061,2,winter_rapeseed,2,KAS,0.4,24
7061,2,winter_rapeseed,3,KAS,0.8,20
7062,2,winter_rapeseed,1,PK,0.001,35
7062,2,winter_rapeseed,2,KAS,0.4,24
7062,2,winter_rapeseed,3,KAS,0.8,20
7063,2,winter_rapeseed,1,PK,0.001,35
7063,2,winter_rapeseed,2,KAS,0.4,24
7063,2,winter_rapeseed,3,KAS,0.8,20
7064,2,winter_rapeseed,1,PK,0.001,35
7064,2,winter_rapeseed,2,KAS,0.4,24
7064,2,winter_rapeseed,3,KAS,0.8,20
7065,2,winter_rapeseed,1,PK,0.001,35
7065,2,winter_rapeseed,2,KAS,0.4,24
7065,2,winter_rapeseed,3,KAS,0.8,20
7066,2,winter_rapeseed,1,PK,0.001,35
7066,2,winter_rapeseed,2,KAS,0.4,24
7066,2,winter_rapeseed,3,KAS,0.8,20
7068,2,winter_rapeseed,1,PK,0.001,35
7068,2,winter_rapeseed,2,KAS,0.4,24
7068,2,winter_rapeseed,3,KAS,0.8,20
7069,2,winter_rapeseed,1,PK,0.001,35
7069,2,winter_rapeseed,2,KAS,0.4,24
7069,2,winter_rapeseed,3,KAS,0.8,20
7070,2,winter_rapeseed,1,PK,0.001,35
7070,2,winter_rapeseed,2,KAS,0.4,24
7070,2,winter_rapeseed,3,KAS,0.8,20
7071,2,winter_rapeseed,1,PK,0.001,35
7071,2,winter_rapeseed,2,KAS,0.4,24
7071,2,winter_rapeseed,3,KAS,0.8,20
7072,2,winter_rapeseed,1,PK,0.001,35
7072,2,winter_rapeseed,2,KAS,0.4,24
7072,2,winter_rapeseed,3,KAS,0.8,20
7073,2,winter_rapeseed,1,PK,0.001,35
7073,2,winter_rapeseed,2,KAS,0.4,24
7073,2,winter_rapeseed,3,KAS,0.8,20
7074,2,winter_rapeseed,1,PK,0.001,35
7074,2,winter_rapeseed,2,KAS,0.4,24
7074,2,winter_rapeseed,3,KAS,0.8,20
7075,2,winter_rapeseed,1,PK,0.001,35
7075,2,winter_rapeseed,2,KAS,0.4,24
7075,2,winter_rapeseed,3,KAS,0.8,20
7076,2,winter_rapeseed,1,PK,0.001,35
7076,2,winter_rapeseed,2,KAS,0.4,24
7076,2,winter_rapeseed,3,KAS,0.8,20
7077,2,winter_rapeseed,1,PK,0.001,35
7077,2,winter_rapeseed,2,KAS,0.4,24
7077,2,winter_rapeseed,3,KAS,0.8,20
7078,2,winter_rapeseed,1,PK,0.001,35
7078,2,winter_rapeseed,2,KAS,0.4,24
7078,2,winter_rapeseed,3,KAS,0.8,20
7079,2,winter_rapeseed,1,PK,0.001,35
7079,2,winter_rapeseed,2,KAS,0.4,24
7079,2,winter_rapeseed,3,KAS,0.8,20
7080,2,winter_rapeseed,1,PK,0.001,35
7080,2,winter_rapeseed,2,KAS,0.4,24
7080,2,winter_rapeseed,3,KAS,0.8,20
7081,2,winter_rapeseed,1,PK,0.001,35
7081,2,winter_rapeseed,2,KAS,0.4,24
7081,2,winter_rapeseed,3,KAS,0.8,20
7082,2,winter_rapeseed,1,PK,0.001,35
7082,2,winter_rapeseed,2,KAS,0.4,24
7082,2,winter_rapeseed,3,KAS,0.8,20
7083,2,winter_rapeseed,1,PK,0.001,35
7083,2,winter_rapeseed,2,KAS,0.4,24
7083,2,winter_rapeseed,3,KAS,0.8,20
7084,2,winter_rapeseed,1,PK,0.001,35
7084,2,winter_rapeseed,2,KAS,0.4,24
7084,2,winter_rapeseed,3,KAS,0.8,20
7085,2,winter_rapeseed,1,PK,0.001,35
7085,2,winter_rapeseed,2,KAS,0.4,24
7085,2,winter_rapeseed,3,KAS,0.8,20
7086,2,winter_rapeseed,1,PK,0.001,35
7086,2,winter_rapeseed,2,KAS,0.4,24
7086,2,winter_rapeseed,3,KAS,0.8,20
7087,2,winter_rapeseed,1,PK,0.001,35
7087,2,winter_rapeseed,2,KAS,0.4,24
7087,2,winter_rapeseed,3,KAS,0.8,20
7088,2,winter_rapeseed,1,PK,0.001,35
7088,2,winter_rapeseed,2,KAS,0.4,24
7088,2,winter_rapeseed,3,KAS,0.8,20
7089,2,winter_rapeseed,1,PK,0.001,35
7089,2,winter_rapeseed,2,KAS,0.4,24
7089,2,winter_rapeseed,3,KAS,0.8,20
7090,2,winter_rapeseed,1,PK,0.001,35
7090,2,winter_rapeseed,2,KAS,0.4,24
7090,2,winter_rapeseed,3,KAS,0.8,20
7091,2,winter_rapeseed,1,PK,0.001,35
7091,2,winter_rapeseed,2,KAS,0.4,24
7091,2,winter_rapeseed,3,KAS,0.8,20
7092,2,winter_rapeseed,1,PK,0.001,35
7092,2,winter_rapeseed,2,KAS,0.4,24
7092,2,winter_rapeseed,3,KAS,0.8,20
7093,2,winter_rapeseed,1,PK,0.001,35
7093,2,winter_rapeseed,2,KAS,0.4,24
7093,2,winter_rapeseed,3,KAS,0.8,20
7094,2,winter_rapeseed,1,PK,0.001,35
7094,2,winter_rapeseed,2,KAS,0.4,24
7094,2,winter_rapeseed,3,KAS,0.8,20
7095,2,winter_rapeseed,1,PK,0.001,35
7095,2,winter_rapeseed,2,KAS,0.4,24
7095,2,winter_rapeseed,3,KAS,0.8,20
7096,2,winter_rapeseed,1,PK,0.001,35
7096,2,winter_rapeseed,2,KAS,0.4,24
7096,2,winter_rapeseed,3,KAS,0.8,20
7097,2,winter_rapeseed,1,PK,0.001,35
7097,2,winter_rapeseed,2,KAS,0.4,24
7097,2,winter_rapeseed,3,KAS,0.8,20
7098,2,winter_rapeseed,1,PK,0.001,35
7098,2,winter_rapeseed,2,KAS,0.4,24
7098,2,winter_rapeseed,3,KAS,0.8,20
7099,2,winter_rapeseed,1,PK,0.001,35
7099,2,winter_rapeseed,2,KAS,0.4,24
7099,2,winter_rapeseed,3,KAS,0.8,20
7100,2,winter_rapeseed,1,PK,0.001,35
7100,2,winter_rapeseed,2,KAS,0.4,24
7100,2,winter_rapeseed,3,KAS,0.8,20
7101,2,winter_rapeseed,1,PK,0.001,35
7101,2,winter_rapeseed,2,KAS,0.4,24
7101,2,winter_rapeseed,3,KAS,0.8,20
8568,2,winter_rapeseed,1,PK,0.001,35
8568,2,winter_rapeseed,2,KAS,0.4,24
8568,2,winter_rapeseed,3,KAS,0.8,20
8569,2,winter_rapeseed,1,PK,0.001,35
8569,2,winter_rapeseed,2,KAS,0.4,24
8569,2,winter_rapeseed,3,KAS,0.8,20
8570,2,winter_rapeseed,1,PK,0.001,35
8570,2,winter_rapeseed,2,KAS,0.4,24
8570,2,winter_rapeseed,3,KAS,0.8,20
8571,2,winter_rapeseed,1,PK,0.001,35
8571,2,winter_rapeseed,2,KAS,0.4,24
8571,2,winter_rapeseed,3,KAS,0.8,20
8572,2,winter_rapeseed,1,PK,0.001,35
8572,2,winter_rapeseed,2,KAS,0.4,24
8572,2,winter_rapeseed,3,KAS,0.8,20
8573,2,winter_rapeseed,1,PK,0.001,35
8573,2,winter_rapeseed,2,KAS,0.4,24
8573,2,winter_rapeseed,3,KAS,0.8,20
8575,2,winter_rapeseed,1,PK,0.001,35
8575,2,winter_rapeseed,2,KAS,0.4,24
8575,2,winter_rapeseed,3,KAS,0.8,20
8576,2,winter_rapeseed,1,PK,0.001,35
8576,2,winter_rapeseed,2,KAS,0.4,24
8576,2,winter_rapeseed,3,KAS,0.8,20
8577,2,winter_rapeseed,1,PK,0.001,35
8577,2,winter_rapeseed,2,KAS,0.4,24
8577,2,winter_rapeseed,3,KAS,0.8,20
8578,2,winter_rapeseed,1,PK,0.001,35
8578,2,winter_rapeseed,2,KAS,0.4,24
8578,2,winter_rapeseed,3,KAS,0.8,20
8579,2,winter_rapeseed,1,PK,0.001,35
8579,2,winter_rapeseed,2,KAS,0.4,24
8579,2,winter_rapeseed,3,KAS,0.8,20
8580,2,winter_rapeseed,1,PK,0.001,35
8580,2,winter_rapeseed,2,KAS,0.4,24
8580,2,winter_rapeseed,3,KAS,0.8,20
8581,2,winter_rapeseed,1,PK,0.001,35
8581,2,winter_rapeseed,2,KAS,0.4,24
8581,2,winter_rapeseed,3,KAS,0.8,20
8582,2,winter_rapeseed,1,PK,0.001,35
8582,2,winter_rapeseed,2,KAS,0.4,24
8582,2,winter_rapeseed,3,KAS,0.8,20
8583,2,winter_rapeseed,1,PK,0.001,35
8583,2,winter_rapeseed,2,KAS,0.4,24
8583,2,winter_rapeseed,3,KAS,0.8,20
8584,2,winter_rapeseed,1,PK,0.001,35
8584,2,winter_rapeseed,2,KAS,0.4,24
8584,2,winter_rapeseed,3,KAS,0.8,20
8585,2,winter_rapeseed,1,PK,0.001,35
8585,2,winter_rapeseed,2,KAS,0.4,24
8585,2,winter_rapeseed,3,KAS,0.8,20
8586,2,winter_rapeseed,1,PK,0.001,35
8586,2,winter_rapeseed,2,KAS,0.4,24
8586,2,winter_rapeseed,3,KAS,0.8,20
8587,2,winter_rapeseed,1,PK,0.001,35
8587,2,winter_rapeseed,2,KAS,0.4,24
8587,2,winter_rapeseed,3,KAS,0.8,20
8588,2,winter_rapeseed,1,PK,0.001,35
8588,2,winter_rapeseed,2,KAS,0.4,24
8588,2,winter_rapeseed,3,KAS,0.8,20
8589,2,winter_rapeseed,1,PK,0.001,35
8589,2,winter_rapeseed,2,KAS,0.4,24
8589,2,winter_rapeseed,3,KAS,0.8,20
8590,2,winter_rapeseed,1,PK,0.001,35
8590,2,winter_rapeseed,2,KAS,0.4,24
8590,2,winter_rapeseed,3,KAS,0.8,20
8591,2,winter_rapeseed,1,PK,0.001,35
8591,2,winter_rapeseed,2,KAS,0.4,24
8591,2,winter_rapeseed,3,KAS,0.8,20
8592,2,winter_rapeseed,1,PK,0.001,35
8592,2,winter_rapeseed,2,KAS,0.4,24
8592,2,winter_rapeseed,3,KAS,0.8,20
8593,2,winter_rapeseed,1,PK,0.001,35
8593,2,winter_rapeseed,2,KAS,0.4,24
8593,2,winter_rapeseed,3,KAS,0.8,20
8594,2,winter_rapeseed,1,PK,0.001,35
8594,2,winter_rapeseed,2,KAS,0.4,24
8594,2,winter_rapeseed,3,KAS,0.8,20
8595,2,winter_rapeseed,1,PK,0.001,35
8595,2,winter_rapeseed,2,KAS,0.4,24
8595,2,winter_rapeseed,3,KAS,0.8,20
8596,2,winter_rapeseed,1,PK,0.001,35
8596,2,winter_rapeseed,2,KAS,0.4,24
8596,2,winter_rapeseed,3,KAS,0.8,20
8597,2,winter_rapeseed,1,PK,0.001,35
8597,2,winter_rapeseed,2,KAS,0.4,24
8597,2,winter_rapeseed,3,KAS,0.8,20
8598,2,winter_rapeseed,1,PK,0.001,35
8598,2,winter_rapeseed,2,KAS,0.4,24
8598,2,winter_rapeseed,3,KAS,0.8,20
8599,2,winter_rapeseed,1,PK,0.001,35
8599,2,winter_rapeseed,2,KAS,0.4,24
8599,2,winter_rapeseed,3,KAS,0.8,20
8600,2,winter_rapeseed,1,PK,0.001,35
8600,2,winter_rapeseed,2,KAS,0.4,24
8600,2,winter_rapeseed,3,KAS,0.8,20
8601,2,winter_rapeseed,1,PK,0.001,35
8601,2,winter_rapeseed,2,KAS,0.4,24
8601,2,winter_rapeseed,3,KAS,0.8,20
8602,2,winter_rapeseed,1,PK,0.001,35
8602,2,winter_rapeseed,2,KAS,0.4,24
8602,2,winter_rapeseed,3,KAS,0.8,20
8603,2,winter_rapeseed,1,PK,0.001,35
8603,2,winter_rapeseed,2,KAS,0.4,24
8603,2,winter_rapeseed,3,KAS,0.8,20
8604,2,winter_rapeseed,1,PK,0.001,35
8604,2,winter_rapeseed,2,KAS,0.4,24
8604,2,winter_rapeseed,3,KAS,0.8,20
8605,2,winter_rapeseed,1,PK,0.001,35
8605,2,winter_rapeseed,2,KAS,0.4,24
8605,2,winter_rapeseed,3,KAS,0.8,20
8606,2,winter_rapeseed,1,PK,0.001,35
8606,2,winter_rapeseed,2,KAS,0.4,24
8606,2,winter_rapeseed,3,KAS,0.8,20
8607,2,winter_rapeseed,1,PK,0.001,35
8607,2,winter_rapeseed,2,KAS,0.4,24
8607,2,winter_rapeseed,3,KAS,0.8,20
8608,2,winter_rapeseed,1,PK,0.001,35
8608,2,winter_rapeseed,2,KAS,0.4,24
8608,2,winter_rapeseed,3,KAS,0.8,20
8609,2,winter_rapeseed,1,PK,0.001,35
8609,2,winter_rapeseed,2,KAS,0.4,24
8609,2,winter_rapeseed,3,KAS,0.8,20
8610,2,winter_rapeseed,1,PK,0.001,35
8610,2,winter_rapeseed,2,KAS,0.4,24
8610,2,winter_rapeseed,3,KAS,0.8,20
8611,2,winter_rapeseed,1,PK,0.001,35
8611,2,winter_rapeseed,2,KAS,0.4,24
8611,2,winter_rapeseed,3,KAS,0.8,20
8612,2,winter_rapeseed,1,PK,0.001,35
8612,2,winter_rapeseed,2,KAS,0.4,24
8612,2,winter_rapeseed,3,KAS,0.8,20
8613,2,winter_rapeseed,1,PK,0.001,35
8613,2,winter_rapeseed,2,KAS,0.4,24
8613,2,winter_rapeseed,3,KAS,0.8,20
8614,2,winter_rapeseed,1,PK,0.001,35
8614,2,winter_rapeseed,2,KAS,0.4,24
8614,2,winter_rapeseed,3,KAS,0.8,20
8615,2,winter_rapeseed,1,PK,0.001,35
8615,2,winter_rapeseed,2,KAS,0.4,24
8615,2,winter_rapeseed,3,KAS,0.8,20
8616,2,winter_rapeseed,1,PK,0.001,35
8616,2,winter_rapeseed,2,KAS,0.4,24
8616,2,winter_rapeseed,3,KAS,0.8,20
8617,2,winter_rapeseed,1,PK,0.001,35
8617,2,winter_rapeseed,2,KAS,0.4,24
8617,2,winter_rapeseed,3,KAS,0.8,20
8618,2,winter_rapeseed,1,PK,0.001,35
8618,2,winter_rapeseed,2,KAS,0.4,24
8618,2,winter_rapeseed,3,KAS,0.8,20
8619,2,winter_rapeseed,1,PK,0.001,35
8619,2,winter_rapeseed,2,KAS,0.4,24
8619,2,winter_rapeseed,3,KAS,0.8,20
8620,2,winter_rapeseed,1,PK,0.001,35
8620,2,winter_rapeseed,2,KAS,0.4,24
8620,2,winter_rapeseed,3,KAS,0.8,20
8621,2,winter_rapeseed,1,PK,0.001,35
8621,2,winter_rapeseed,2,KAS,0.4,24
8621,2,winter_rapeseed,3,KAS,0.8,20
8622,2,winter_rapeseed,1,PK,0.001,35
8622,2,winter_rapeseed,2,KAS,0.4,24
8622,2,winter_rapeseed,3,KAS,0.8,20
8623,2,winter_rapeseed,1,PK,0.001,35
8623,2,winter_rapeseed,2,KAS,0.4,24
8623,2,winter_rapeseed,3,KAS,0.8,20
8624,2,winter_rapeseed,1,PK,0.001,35
8624,2,winter_rapeseed,2,KAS,0.4,24
8624,2,winter_rapeseed,3,KAS,0.8,20
8625,2,winter_rapeseed,1,PK,0.001,35
8625,2,winter_rapeseed,2,KAS,0.4,24
8625,2,winter_rapeseed,3,KAS,0.8,20
8626,2,winter_rapeseed,1,PK,0.001,35
8626,2,winter_rapeseed,2,KAS,0.4,24
8626,2,winter_rapeseed,3,KAS,0.8,20
8627,2,winter_rapeseed,1,PK,0.001,35
8627,2,winter_rapeseed,2,KAS,0.4,24
8627,2,winter_rapeseed,3,KAS,0.8,20
8628,2,winter_rapeseed,1,PK,0.001,35
8628,2,winter_rapeseed,2,KAS,0.4,24
8628,2,winter_rapeseed,3,KAS,0.8,20
8629,2,winter_rapeseed,1,PK,0.001,35
8629,2,winter_rapeseed,2,KAS,0.4,24
8629,2,winter_rapeseed,3,KAS,0.8,20
8630,2,winter_rapeseed,1,PK,0.001,35
8630,2,winter_rapeseed,2,KAS,0.4,24
8630,2,winter_rapeseed,3,KAS,0.8,20
8631,2,winter_rapeseed,1,PK,0.001,35
8631,2,winter_rapeseed,2,KAS,0.4,24
8631,2,winter_rapeseed,3,KAS,0.8,20
8632,2,winter_rapeseed,1,PK,0.001,35
8632,2,winter_rapeseed,2,KAS,0.4,24
8632,2,winter_rapeseed,3,KAS,0.8,20
8633,2,winter_rapeseed,1,PK,0.001,35
8633,2,winter_rapeseed,2,KAS,0.4,24
8633,2,winter_rapeseed,3,KAS,0.8,20
8634,2,winter_rapeseed,1,PK,0.001,35
8634,2,winter_rapeseed,2,KAS,0.4,24
8634,2,winter_rapeseed,3,KAS,0.8,20
8635,2,winter_rapeseed,1,PK,0.001,35
8635,2,winter_rapeseed,2,KAS,0.4,24
8635,2,winter_rapeseed,3,KAS,0.8,20
8636,2,winter_rapeseed,1,PK,0.001,35
8636,2,winter_rapeseed,2,KAS,0.4,24
8636,2,winter_rapeseed,3,KAS,0.8,20
8637,2,winter_rapeseed,1,PK,0.001,35
8637,2,winter_rapeseed,2,KAS,0.4,24
8637,2,winter_rapeseed,3,KAS,0.8,20
8638,2,winter_rapeseed,1,PK,0.001,35
8638,2,winter_rapeseed,2,KAS,0.4,24
8638,2,winter_rapeseed,3,KAS,0.8,20
8639,2,winter_rapeseed,1,PK,0.001,35
8639,2,winter_rapeseed,2,KAS,0.4,24
8639,2,winter_rapeseed,3,KAS,0.8,20
8640,2,winter_rapeseed,1,PK,0.001,35
8640,2,winter_rapeseed,2,KAS,0.4,24
8640,2,winter_rapeseed,3,KAS,0.8,20
8641,2,winter_rapeseed,1,PK,0.001,35
8641,2,winter_rapeseed,2,KAS,0.4,24
8641,2,winter_rapeseed,3,KAS,0.8,20
8642,2,winter_rapeseed,1,PK,0.001,35
8642,2,winter_rapeseed,2,KAS,0.4,24
8642,2,winter_rapeseed,3,KAS,0.8,20
8643,2,winter_rapeseed,1,PK,0.001,35
8643,2,winter_rapeseed,2,KAS,0.4,24
8643,2,winter_rapeseed,3,KAS,0.8,20
8644,2,winter_rapeseed,1,PK,0.001,35
8644,2,winter_rapeseed,2,KAS,0.4,24
8644,2,winter_rapeseed,3,KAS,0.8,20
8645,2,winter_rapeseed,1,PK,0.001,35
8645,2,winter_rapeseed,2,KAS,0.4,24
8645,2,winter_rapeseed,3,KAS,0.8,20
8646,2,winter_rapeseed,1,PK,0.001,35
8646,2,winter_rapeseed,2,KAS,0.4,24
8646,2,winter_rapeseed,3,KAS,0.8,20
8647,2,winter_rapeseed,1,PK,0.001,35
8647,2,winter_rapeseed,2,KAS,0.4,24
8647,2,winter_rapeseed,3,KAS,0.8,20
8648,2,winter_rapeseed,1,PK,0.001,35
8648,2,winter_rapeseed,2,KAS,0.4,24
8648,2,winter_rapeseed,3,KAS,0.8,20
8649,2,winter_rapeseed,1,PK,0.001,35
8649,2,winter_rapeseed,2,KAS,0.4,24
8649,2,winter_rapeseed,3,KAS,0.8,20
8650,2,winter_rapeseed,1,PK,0.001,35
8650,2,winter_rapeseed,2,KAS,0.4,24
8650,2,winter_rapeseed,3,KAS,0.8,20
8651,2,winter_rapeseed,1,PK,0.001,35
8651,2,winter_rapeseed,2,KAS,0.4,24
8651,2,winter_rapeseed,3,KAS,0.8,20
8652,2,winter_rapeseed,1,PK,0.001,35
8652,2,winter_rapeseed,2,KAS,0.4,24
8652,2,winter_rapeseed,3,KAS,0.8,20
8653,2,winter_rapeseed,1,PK,0.001,35
8653,2,winter_rapeseed,2,KAS,0.4,24
8653,2,winter_rapeseed,3,KAS,0.8,20
8654,2,winter_rapeseed,1,PK,0.001,35
8654,2,winter_rapeseed,2,KAS,0.4,24
8654,2,winter_rapeseed,3,KAS,0.8,20
8655,2,winter_rapeseed,1,PK,0.001,35
8655,2,winter_rapeseed,2,KAS,0.4,24
8655,2,winter_rapeseed,3,KAS,0.8,20
8656,2,winter_rapeseed,1,PK,0.001,35
8656,2,winter_rapeseed,2,KAS,0.4,24
8656,2,winter_rapeseed,3,KAS,0.8,20
8657,2,winter_rapeseed,1,PK,0.001,35
8657,2,winter_rapeseed,2,KAS,0.4,24
8657,2,winter_rapeseed,3,KAS,0.8,20
8658,2,winter_rapeseed,1,PK,0.001,35
8658,2,winter_rapeseed,2,KAS,0.4,24
8658,2,winter_rapeseed,3,KAS,0.8,20
8659,2,winter_rapeseed,1,PK,0.001,35
8659,2,winter_rapeseed,2,KAS,0.4,24
8659,2,winter_rapeseed,3,KAS,0.8,20
8660,2,winter_rapeseed,1,PK,0.001,35
8660,2,winter_rapeseed,2,KAS,0.4,24
8660,2,winter_rapeseed,3,KAS,0.8,20
8661,2,winter_rapeseed,1,PK,0.001,35
8661,2,winter_rapeseed,2,KAS,0.4,24
8661,2,winter_rapeseed,3,KAS,0.8,20
8662,2,winter_rapeseed,1,PK,0.001,35
8662,2,winter_rapeseed,2,KAS,0.4,24
8662,2,winter_rapeseed,3,KAS,0.8,20
8663,2,winter_rapeseed,1,PK,0.001,35
8663,2,winter_rapeseed,2,KAS,0.4,24
8663,2,winter_rapeseed,3,KAS,0.8,20
8664,2,winter_rapeseed,1,PK,0.001,35
8664,2,winter_rapeseed,2,KAS,0.4,24
8664,2,winter_rapeseed,3,KAS,0.8,20
8665,2,winter_rapeseed,1,PK,0.001,35
8665,2,winter_rapeseed,2,KAS,0.4,24
8665,2,winter_rapeseed,3,KAS,0.8,20
8666,2,winter_rapeseed,1,PK,0.001,35
8666,2,winter_rapeseed,2,KAS,0.4,24
8666,2,winter_rapeseed,3,KAS,0.8,20
8667,2,winter_rapeseed,1,PK,0.001,35
8667,2,winter_rapeseed,2,KAS,0.4,24
8667,2,winter_rapeseed,3,KAS,0.8,20
8668,2,winter_rapeseed,1,PK,0.001,35
8668,2,winter_rapeseed,2,KAS,0.4,24
8668,2,winter_rapeseed,3,KAS,0.8,20
8670,2,winter_rapeseed,1,PK,0.001,35
8670,2,winter_rapeseed,2,KAS,0.4,24
8670,2,winter_rapeseed,3,KAS,0.8,20
8671,2,winter_rapeseed,1,PK,0.001,35
8671,2,winter_rapeseed,2,KAS,0.4,24
8671,2,winter_rapeseed,3,KAS,0.8,20
8672,2,winter_rapeseed,1,PK,0.001,35
8672,2,winter_rapeseed,2,KAS,0.4,24
8672,2,winter_rapeseed,3,KAS,0.8,20
8673,2,winter_rapeseed,1,PK,0.001,35
8673,2,winter_rapeseed,2,KAS,0.4,24
8673,2,winter_rapeseed,3,KAS,0.8,20
8674,2,winter_rapeseed,1,PK,0.001,35
8674,2,winter_rapeseed,2,KAS,0.4,24
8674,2,winter_rapeseed,3,KAS,0.8,20
8675,2,winter_rapeseed,1,PK,0.001,35
8675,2,winter_rapeseed,2,KAS,0.4,24
8675,2,winter_rapeseed,3,KAS,0.8,20
8676,2,winter_rapeseed,1,PK,0.001,35
8676,2,winter_rapeseed,2,KAS,0.4,24
8676,2,winter_rapeseed,3,KAS,0.8,20
8677,2,winter_rapeseed,1,PK,0.001,35
8677,2,winter_rapeseed,2,KAS,0.4,24
8677,2,winter_rapeseed,3,KAS,0.8,20
8678,2,winter_rapeseed,1,PK,0.001,35
8678,2,winter_rapeseed,2,KAS,0.4,24
8678,2,winter_rapeseed,3,KAS,0.8,20
8679,2,winter_rapeseed,1,PK,0.001,35
8679,2,winter_rapeseed,2,KAS,0.4,24
8679,2,winter_rapeseed,3,KAS,0.8,20
8680,2,winter_rapeseed,1,PK,0.001,35
8680,2,winter_rapeseed,2,KAS,0.4,24
8680,2,winter_rapeseed,3,KAS,0.8,20
8681,2,winter_rapeseed,1,PK,0.001,35
8681,2,winter_rapeseed,2,KAS,0.4,24
8681,2,winter_rapeseed,3,KAS,0.8,20
8682,2,winter_rapeseed,1,PK,0.001,35
8682,2,winter_rapeseed,2,KAS,0.4,24
8682,2,winter_rapeseed,3,KAS,0.8,20
8683,2,winter_rapeseed,1,PK,0.001,35
8683,2,winter_rapeseed,2,KAS,0.4,24
8683,2,winter_rapeseed,3,KAS,0.8,20
8684,2,winter_rapeseed,1,PK,0.001,35
8684,2,winter_rapeseed,2,KAS,0.4,24
8684,2,winter_rapeseed,3,KAS,0.8,20
8685,2,winter_rapeseed,1,PK,0.001,35
8685,2,winter_rapeseed,2,KAS,0.4,24
8685,2,winter_rapeseed,3,KAS,0.8,20
8686,2,winter_rapeseed,1,PK,0.001,35
8686,2,winter_rapeseed,2,KAS,0.4,24
8686,2,winter_rapeseed,3,KAS,0.8,20
8687,2,winter_rapeseed,1,PK,0.001,35
8687,2,winter_rapeseed,2,KAS,0.4,24
8687,2,winter_rapeseed,3,KAS,0.8,20
8688,2,winter_rapeseed,1,PK,0.001,35
8688,2,winter_rapeseed,2,KAS,0.4,24
8688,2,winter_rapeseed,3,KAS,0.8,20
8689,2,winter_rapeseed,1,PK,0.001,35
8689,2,winter_rapeseed,2,KAS,0.4,24
8689,2,winter_rapeseed,3,KAS,0.8,20
8690,2,winter_rapeseed,1,PK,0.001,35
8690,2,winter_rapeseed,2,KAS,0.4,24
8690,2,winter_rapeseed,3,KAS,0.8,20
8691,2,winter_rapeseed,1,PK,0.001,35
8691,2,winter_rapeseed,2,KAS,0.4,24
8691,2,winter_rapeseed,3,KAS,0.8,20
8692,2,winter_rapeseed,1,PK,0.001,35
8692,2,winter_rapeseed,2,KAS,0.4,24
8692,2,winter_rapeseed,3,KAS,0.8,20
8693,2,winter_rapeseed,1,PK,0.001,35
8693,2,winter_rapeseed,2,KAS,0.4,24
8693,2,winter_rapeseed,3,KAS,0.8,20
8694,2,winter_rapeseed,1,PK,0.001,35
8694,2,winter_rapeseed,2,KAS,0.4,24
8694,2,winter_rapeseed,3,KAS,0.8,20
8695,2,winter_rapeseed,1,PK,0.001,35
8695,2,winter_rapeseed,2,KAS,0.4,24
8695,2,winter_rapeseed,3,KAS,0.8,20
8696,2,winter_rapeseed,1,PK,0.001,35
8696,2,winter_rapeseed,2,KAS,0.4,24
8696,2,winter_rapeseed,3,KAS,0.8,20
8697,2,winter_rapeseed,1,PK,0.001,35
8697,2,winter_rapeseed,2,KAS,0.4,24
8697,2,winter_rapeseed,3,KAS,0.8,20
8698,2,winter_rapeseed,1,PK,0.001,35
8698,2,winter_rapeseed,2,KAS,0.4,24
8698,2,winter_rapeseed,3,KAS,0.8,20
8699,2,winter_rapeseed,1,PK,0.001,35
8699,2,winter_rapeseed,2,KAS,0.4,24
8699,2,winter_rapeseed,3,KAS,0.8,20
8700,2,winter_rapeseed,1,PK,0.001,35
8700,2,winter_rapeseed,2,KAS,0.4,24
8700,2,winter_rapeseed,3,KAS,0.8,20
8701,2,winter_rapeseed,1,PK,0.001,35
8701,2,winter_rapeseed,2,KAS,0.4,24
8701,2,winter_rapeseed,3,KAS,0.8,20
8702,2,winter_rapeseed,1,PK,0.001,35
8702,2,winter_rapeseed,2,KAS,0.4,24
8702,2,winter_rapeseed,3,KAS,0.8,20
8703,2,winter_rapeseed,1,PK,0.001,35
8703,2,winter_rapeseed,2,KAS,0.4,24
8703,2,winter_rapeseed,3,KAS,0.8,20
8704,2,winter_rapeseed,1,PK,0.001,35
8704,2,winter_rapeseed,2,KAS,0.4,24
8704,2,winter_rapeseed,3,KAS,0.8,20
8705,2,winter_rapeseed,1,PK,0.001,35
8705,2,winter_rapeseed,2,KAS,0.4,24
8705,2,winter_rapeseed,3,KAS,0.8,20
8706,2,winter_rapeseed,1,PK,0.001,35
8706,2,winter_rapeseed,2,KAS,0.4,24
8706,2,winter_rapeseed,3,KAS,0.8,20
8707,2,winter_rapeseed,1,PK,0.001,35
8707,2,winter_rapeseed,2,KAS,0.4,24
8707,2,winter_rapeseed,3,KAS,0.8,20
8708,2,winter_rapeseed,1,PK,0.001,35
8708,2,winter_rapeseed,2,KAS,0.4,24
8708,2,winter_rapeseed,3,KAS,0.8,20
8709,2,winter_rapeseed,1,PK,0.001,35
8709,2,winter_rapeseed,2,KAS,0.4,24
8709,2,winter_rapeseed,3,KAS,0.8,20
8710,2,winter_rapeseed,1,PK,0.001,35
8710,2,winter_rapeseed,2,KAS,0.4,24
8710,2,winter_rapeseed,3,KAS,0.8,20
8711,2,winter_rapeseed,1,PK,0.001,35
8711,2,winter_rapeseed,2,KAS,0.4,24
8711,2,winter_rapeseed,3,KAS,0.8,20
8712,2,winter_rapeseed,1,PK,0.001,35
8712,2,winter_rapeseed,2,KAS,0.4,24
8712,2,winter_rapeseed,3,KAS,0.8,20
8713,2,winter_rapeseed,1,PK,0.001,35
8713,2,winter_rapeseed,2,KAS,0.4,24
8713,2,winter_rapeseed,3,KAS,0.8,20
8714,2,winter_rapeseed,1,PK,0.001,35
8714,2,winter_rapeseed,2,KAS,0.4,24
8714,2,winter_rapeseed,3,KAS,0.8,20
8715,2,winter_rapeseed,1,PK,0.001,35
8715,2,winter_rapeseed,2,KAS,0.4,24
8715,2,winter_rapeseed,3,KAS,0.8,20
8716,2,winter_rapeseed,1,PK,0.001,35
8716,2,winter_rapeseed,2,KAS,0.4,24
8716,2,winter_rapeseed,3,KAS,0.8,20
8717,2,winter_rapeseed,1,PK,0.001,35
8717,2,winter_rapeseed,2,KAS,0.4,24
8717,2,winter_rapeseed,3,KAS,0.8,20
8718,2,winter_rapeseed,1,PK,0.001,35
8718,2,winter_rapeseed,2,KAS,0.4,24
8718,2,winter_rapeseed,3,KAS,0.8,20
8720,2,winter_rapeseed,1,PK,0.001,35
8720,2,winter_rapeseed,2,KAS,0.4,24
8720,2,winter_rapeseed,3,KAS,0.8,20
8721,2,winter_rapeseed,1,PK,0.001,35
8721,2,winter_rapeseed,2,KAS,0.4,24
8721,2,winter_rapeseed,3,KAS,0.8,20
8722,2,winter_rapeseed,1,PK,0.001,35
8722,2,winter_rapeseed,2,KAS,0.4,24
8722,2,winter_rapeseed,3,KAS,0.8,20
8723,2,winter_rapeseed,1,PK,0.001,35
8723,2,winter_rapeseed,2,KAS,0.4,24
8723,2,winter_rapeseed,3,KAS,0.8,20
8724,2,winter_rapeseed,1,PK,0.001,35
8724,2,winter_rapeseed,2,KAS,0.4,24
8724,2,winter_rapeseed,3,KAS,0.8,20
8725,2,winter_rapeseed,1,PK,0.001,35
8725,2,winter_rapeseed,2,KAS,0.4,24
8725,2,winter_rapeseed,3,KAS,0.8,20
8726,2,winter_rapeseed,1,PK,0.001,35
8726,2,winter_rapeseed,2,KAS,0.4,24
8726,2,winter_rapeseed,3,KAS,0.8,20
8727,2,winter_rapeseed,1,PK,0.001,35
8727,2,winter_rapeseed,2,KAS,0.4,24
8727,2,winter_rapeseed,3,KAS,0.8,20
8728,2,winter_rapeseed,1,PK,0.001,35
8728,2,winter_rapeseed,2,KAS,0.4,24
8728,2,winter_rapeseed,3,KAS,0.8,20
8729,2,winter_rapeseed,1,PK,0.001,35
8729,2,winter_rapeseed,2,KAS,0.4,24
8729,2,winter_rapeseed,3,KAS,0.8,20
8730,2,winter_rapeseed,1,PK,0.001,35
8730,2,winter_rapeseed,2,KAS,0.4,24
8730,2,winter_rapeseed,3,KAS,0.8,20
8731,2,winter_rapeseed,1,PK,0.001,35
8731,2,winter_rapeseed,2,KAS,0.4,24
8731,2,winter_rapeseed,3,KAS,0.8,20
8732,2,winter_rapeseed,1,PK,0.001,35
8732,2,winter_rapeseed,2,KAS,0.4,24
8732,2,winter_rapeseed,3,KAS,0.8,20
8733,2,winter_rapeseed,1,PK,0.001,35
8733,2,winter_rapeseed,2,KAS,0.4,24
8733,2,winter_rapeseed,3,KAS,0.8,20
8734,2,winter_rapeseed,1,PK,0.001,35
8734,2,winter_rapeseed,2,KAS,0.4,24
8734,2,winter_rapeseed,3,KAS,0.8,20
8735,2,winter_rapeseed,1,PK,0.001,35
8735,2,winter_rapeseed,2,KAS,0.4,24
8735,2,winter_rapeseed,3,KAS,0.8,20
8736,2,winter_rapeseed,1,PK,0.001,35
8736,2,winter_rapeseed,2,KAS,0.4,24
8736,2,winter_rapeseed,3,KAS,0.8,20
8737,2,winter_rapeseed,1,PK,0.001,35
8737,2,winter_rapeseed,2,KAS,0.4,24
8737,2,winter_rapeseed,3,KAS,0.8,20
8738,2,winter_rapeseed,1,PK,0.001,35
8738,2,winter_rapeseed,2,KAS,0.4,24
8738,2,winter_rapeseed,3,KAS,0.8,20
8739,2,winter_rapeseed,1,PK,0.001,35
8739,2,winter_rapeseed,2,KAS,0.4,24
8739,2,winter_rapeseed,3,KAS,0.8,20
8740,2,winter_rapeseed,1,PK,0.001,35
8740,2,winter_rapeseed,2,KAS,0.4,24
8740,2,winter_rapeseed,3,KAS,0.8,20
8741,2,winter_rapeseed,1,PK,0.001,35
8741,2,winter_rapeseed,2,KAS,0.4,24
8741,2,winter_rapeseed,3,KAS,0.8,20
8742,2,winter_rapeseed,1,PK,0.001,35
8742,2,winter_rapeseed,2,KAS,0.4,24
8742,2,winter_rapeseed,3,KAS,0.8,20
8743,2,winter_rapeseed,1,PK,0.001,35
8743,2,winter_rapeseed,2,KAS,0.4,24
8743,2,winter_rapeseed,3,KAS,0.8,20
8744,2,winter_rapeseed,1,PK,0.001,35
8744,2,winter_rapeseed,2,KAS,0.4,24
8744,2,winter_rapeseed,3,KAS,0.8,20
8745,2,winter_rapeseed,1,PK,0.001,35
8745,2,winter_rapeseed,2,KAS,0.4,24
8745,2,winter_rapeseed,3,KAS,0.8,20
8746,2,winter_rapeseed,1,PK,0.001,35
8746,2,winter_rapeseed,2,KAS,0.4,24
8746,2,winter_rapeseed,3,KAS,0.8,20
8747,2,winter_rapeseed,1,PK,0.001,35
8747,2,winter_rapeseed,2,KAS,0.4,24
8747,2,winter_rapeseed,3,KAS,0.8,20
8748,2,winter_rapeseed,1,PK,0.001,35
8748,2,winter_rapeseed,2,KAS,0.4,24
8748,2,winter_rapeseed,3,KAS,0.8,20
8749,2,winter_rapeseed,1,PK,0.001,35
8749,2,winter_rapeseed,2,KAS,0.4,24
8749,2,winter_rapeseed,3,KAS,0.8,20
8750,2,winter_rapeseed,1,PK,0.001,35
8750,2,winter_rapeseed,2,KAS,0.4,24
8750,2,winter_rapeseed,3,KAS,0.8,20
8751,2,winter_rapeseed,1,PK,0.001,35
8751,2,winter_rapeseed,2,KAS,0.4,24
8751,2,winter_rapeseed,3,KAS,0.8,20
8752,2,winter_rapeseed,1,PK,0.001,35
8752,2,winter_rapeseed,2,KAS,0.4,24
8752,2,winter_rapeseed,3,KAS,0.8,20
8753,2,winter_rapeseed,1,PK,0.001,35
8753,2,winter_rapeseed,2,KAS,0.4,24
8753,2,winter_rapeseed,3,KAS,0.8,20
8754,2,winter_rapeseed,1,PK,0.001,35
8754,2,winter_rapeseed,2,KAS,0.4,24
8754,2,winter_rapeseed,3,KAS,0.8,20
8755,2,winter_rapeseed,1,PK,0.001,35
8755,2,winter_rapeseed,2,KAS,0.4,24
8755,2,winter_rapeseed,3,KAS,0.8,20
8756,2,winter_rapeseed,1,PK,0.001,35
8756,2,winter_rapeseed,2,KAS,0.4,24
8756,2,winter_rapeseed,3,KAS,0.8,20
8757,2,winter_rapeseed,1,PK,0.001,35
8757,2,winter_rapeseed,2,KAS,0.4,24
8757,2,winter_rapeseed,3,KAS,0.8,20
8758,2,winter_rapeseed,1,PK,0.001,35
8758,2,winter_rapeseed,2,KAS,0.4,24
8758,2,winter_rapeseed,3,KAS,0.8,20
8759,2,winter_rapeseed,1,PK,0.001,35
8759,2,winter_rapeseed,2,KAS,0.4,24
8759,2,winter_rapeseed,3,KAS,0.8,20
8760,2,winter_rapeseed,1,PK,0.001,35
8760,2,winter_rapeseed,2,KAS,0.4,24
8760,2,winter_rapeseed,3,KAS,0.8,20
8761,2,winter_rapeseed,1,PK,0.001,35
8761,2,winter_rapeseed,2,KAS,0.4,24
8761,2,winter_rapeseed,3,KAS,0.8,20
8762,2,winter_rapeseed,1,PK,0.001,35
8762,2,winter_rapeseed,2,KAS,0.4,24
8762,2,winter_rapeseed,3,KAS,0.8,20
8763,2,winter_rapeseed,1,PK,0.001,35
8763,2,winter_rapeseed,2,KAS,0.4,24
8763,2,winter_rapeseed,3,KAS,0.8,20
8764,2,winter_rapeseed,1,PK,0.001,35
8764,2,winter_rapeseed,2,KAS,0.4,24
8764,2,winter_rapeseed,3,KAS,0.8,20
8765,2,winter_rapeseed,1,PK,0.001,35
8765,2,winter_rapeseed,2,KAS,0.4,24
8765,2,winter_rapeseed,3,KAS,0.8,20
8766,2,winter_rapeseed,1,PK,0.001,35
8766,2,winter_rapeseed,2,KAS,0.4,24
8766,2,winter_rapeseed,3,KAS,0.8,20
8767,2,winter_rapeseed,1,PK,0.001,35
8767,2,winter_rapeseed,2,KAS,0.4,24
8767,2,winter_rapeseed,3,KAS,0.8,20
8768,2,winter_rapeseed,1,PK,0.001,35
8768,2,winter_rapeseed,2,KAS,0.4,24
8768,2,winter_rapeseed,3,KAS,0.8,20
8769,2,winter_rapeseed,1,PK,0.001,35
8769,2,winter_rapeseed,2,KAS,0.4,24
8769,2,winter_rapeseed,3,KAS,0.8,20
8770,2,winter_rapeseed,1,PK,0.001,35
8770,2,winter_rapeseed,2,KAS,0.4,24
8770,2,winter_rapeseed,3,KAS,0.8,20
8771,2,winter_rapeseed,1,PK,0.001,35
8771,2,winter_rapeseed,2,KAS,0.4,24
8771,2,winter_rapeseed,3,KAS,0.8,20
8772,2,winter_rapeseed,1,PK,0.001,35
8772,2,winter_rapeseed,2,KAS,0.4,24
8772,2,winter_rapeseed,3,KAS,0.8,20
8773,2,winter_rapeseed,1,PK,0.001,35
8773,2,winter_rapeseed,2,KAS,0.4,24
8773,2,winter_rapeseed,3,KAS,0.8,20
8774,2,winter_rapeseed,1,PK,0.001,35
8774,2,winter_rapeseed,2,KAS,0.4,24
8774,2,winter_rapeseed,3,KAS,0.8,20
8775,2,winter_rapeseed,1,PK,0.001,35
8775,2,winter_rapeseed,2,KAS,0.4,24
8775,2,winter_rapeseed,3,KAS,0.8,20
8776,2,winter_rapeseed,1,PK,0.001,35
8776,2,winter_rapeseed,2,KAS,0.4,24
8776,2,winter_rapeseed,3,KAS,0.8,20
8777,2,winter_rapeseed,1,PK,0.001,35
8777,2,winter_rapeseed,2,KAS,0.4,24
8777,2,winter_rapeseed,3,KAS,0.8,20
8778,2,winter_rapeseed,1,PK,0.001,35
8778,2,winter_rapeseed,2,KAS,0.4,24
8778,2,winter_rapeseed,3,KAS,0.8,20
8779,2,winter_rapeseed,1,PK,0.001,35
8779,2,winter_rapeseed,2,KAS,0.4,24
8779,2,winter_rapeseed,3,KAS,0.8,20
8780,2,winter_rapeseed,1,PK,0.001,35
8780,2,winter_rapeseed,2,KAS,0.4,24
8780,2,winter_rapeseed,3,KAS,0.8,20
8781,2,winter_rapeseed,1,PK,0.001,35
8781,2,winter_rapeseed,2,KAS,0.4,24
8781,2,winter_rapeseed,3,KAS,0.8,20
8782,2,winter_rapeseed,1,PK,0.001,35
8782,2,winter_rapeseed,2,KAS,0.4,24
8782,2,winter_rapeseed,3,KAS,0.8,20
8783,2,winter_rapeseed,1,PK,0.001,35
8783,2,winter_rapeseed,2,KAS,0.4,24
8783,2,winter_rapeseed,3,KAS,0.8,20
8784,2,winter_rapeseed,1,PK,0.001,35
8784,2,winter_rapeseed,2,KAS,0.4,24
8784,2,winter_rapeseed,3,KAS,0.8,20
8785,2,winter_rapeseed,1,PK,0.001,35
8785,2,winter_rapeseed,2,KAS,0.4,24
8785,2,winter_rapeseed,3,KAS,0.8,20
8786,2,winter_rapeseed,1,PK,0.001,35
8786,2,winter_rapeseed,2,KAS,0.4,24
8786,2,winter_rapeseed,3,KAS,0.8,20
8787,2,winter_rapeseed,1,PK,0.001,35
8787,2,winter_rapeseed,2,KAS,0.4,24
8787,2,winter_rapeseed,3,KAS,0.8,20
8788,2,winter_rapeseed,1,PK,0.001,35
8788,2,winter_rapeseed,2,KAS,0.4,24
8788,2,winter_rapeseed,3,KAS,0.8,20
8789,2,winter_rapeseed,1,PK,0.001,35
8789,2,winter_rapeseed,2,KAS,0.4,24
8789,2,winter_rapeseed,3,KAS,0.8,20
8790,2,winter_rapeseed,1,PK,0.001,35
8790,2,winter_rapeseed,2,KAS,0.4,24
8790,2,winter_rapeseed,3,KAS,0.8,20
8791,2,winter_rapeseed,1,PK,0.001,35
8791,2,winter_rapeseed,2,KAS,0.4,24
8791,2,winter_rapeseed,3,KAS,0.8,20
8792,2,winter_rapeseed,1,PK,0.001,35
8792,2,winter_rapeseed,2,KAS,0.4,24
8792,2,winter_rapeseed,3,KAS,0.8,20
8793,2,winter_rapeseed,1,PK,0.001,35
8793,2,winter_rapeseed,2,KAS,0.4,24
8793,2,winter_rapeseed,3,KAS,0.8,20
8794,2,winter_rapeseed,1,PK,0.001,35
8794,2,winter_rapeseed,2,KAS,0.4,24
8794,2,winter_rapeseed,3,KAS,0.8,20
8795,2,winter_rapeseed,1,PK,0.001,35
8795,2,winter_rapeseed,2,KAS,0.4,24
8795,2,winter_rapeseed,3,KAS,0.8,20
8796,2,winter_rapeseed,1,PK,0.001,35
8796,2,winter_rapeseed,2,KAS,0.4,24
8796,2,winter_rapeseed,3,KAS,0.8,20
8797,2,winter_rapeseed,1,PK,0.001,35
8797,2,winter_rapeseed,2,KAS,0.4,24
8797,2,winter_rapeseed,3,KAS,0.8,20
8798,2,winter_rapeseed,1,PK,0.001,35
8798,2,winter_rapeseed,2,KAS,0.4,24
8798,2,winter_rapeseed,3,KAS,0.8,20
8799,2,winter_rapeseed,1,PK,0.001,35
8799,2,winter_rapeseed,2,KAS,0.4,24
8799,2,winter_rapeseed,3,KAS,0.8,20
8800,2,winter_rapeseed,1,PK,0.001,35
8800,2,winter_rapeseed,2,KAS,0.4,24
8800,2,winter_rapeseed,3,KAS,0.8,20
8801,2,winter_rapeseed,1,PK,0.001,35
8801,2,winter_rapeseed,2,KAS,0.4,24
8801,2,winter_rapeseed,3,KAS,0.8,20
8802,2,winter_rapeseed,1,PK,0.001,35
8802,2,winter_rapeseed,2,KAS,0.4,24
8802,2,winter_rapeseed,3,KAS,0.8,20
8803,2,winter_rapeseed,1,PK,0.001,35
8803,2,winter_rapeseed,2,KAS,0.4,24
8803,2,winter_rapeseed,3,KAS,0.8,20
8804,2,winter_rapeseed,1,PK,0.001,35
8804,2,winter_rapeseed,2,KAS,0.4,24
8804,2,winter_rapeseed,3,KAS,0.8,20
8805,2,winter_rapeseed,1,PK,0.001,35
8805,2,winter_rapeseed,2,KAS,0.4,24
8805,2,winter_rapeseed,3,KAS,0.8,20
8806,2,winter_rapeseed,1,PK,0.001,35
8806,2,winter_rapeseed,2,KAS,0.4,24
8806,2,winter_rapeseed,3,KAS,0.8,20
8807,2,winter_rapeseed,1,PK,0.001,35
8807,2,winter_rapeseed,2,KAS,0.4,24
8807,2,winter_rapeseed,3,KAS,0.8,20
8808,2,winter_rapeseed,1,PK,0.001,35
8808,2,winter_rapeseed,2,KAS,0.4,24
8808,2,winter_rapeseed,3,KAS,0.8,20
8809,2,winter_rapeseed,1,PK,0.001,35
8809,2,winter_rapeseed,2,KAS,0.4,24
8809,2,winter_rapeseed,3,KAS,0.8,20
8810,2,winter_rapeseed,1,PK,0.001,35
8810,2,winter_rapeseed,2,KAS,0.4,24
8810,2,winter_rapeseed,3,KAS,0.8,20
8811,2,winter_rapeseed,1,PK,0.001,35
8811,2,winter_rapeseed,2,KAS,0.4,24
8811,2,winter_rapeseed,3,KAS,0.8,20
8812,2,winter_rapeseed,1,PK,0.001,35
8812,2,winter_rapeseed,2,KAS,0.4,24
8812,2,winter_rapeseed,3,KAS,0.8,20
8813,2,winter_rapeseed,1,PK,0.001,35
8813,2,winter_rapeseed,2,KAS,0.4,24
8813,2,winter_rapeseed,3,KAS,0.8,20
8814,2,winter_rapeseed,1,PK,0.001,35
8814,2,winter_rapeseed,2,KAS,0.4,24
8814,2,winter_rapeseed,3,KAS,0.8,20
8815,2,winter_rapeseed,1,PK,0.001,35
8815,2,winter_rapeseed,2,KAS,0.4,24
8815,2,winter_rapeseed,3,KAS,0.8,20
8816,2,winter_rapeseed,1,PK,0.001,35
8816,2,winter_rapeseed,2,KAS,0.4,24
8816,2,winter_rapeseed,3,KAS,0.8,20
8817,2,winter_rapeseed,1,PK,0.001,35
8817,2,winter_rapeseed,2,KAS,0.4,24
8817,2,winter_rapeseed,3,KAS,0.8,20
8818,2,winter_rapeseed,1,PK,0.001,35
8818,2,winter_rapeseed,2,KAS,0.4,24
8818,2,winter_rapeseed,3,KAS,0.8,20
8819,2,winter_rapeseed,1,PK,0.001,35
8819,2,winter_rapeseed,2,KAS,0.4,24
8819,2,winter_rapeseed,3,KAS,0.8,20
8820,2,winter_rapeseed,1,PK,0.001,35
8820,2,winter_rapeseed,2,KAS,0.4,24
8820,2,winter_rapeseed,3,KAS,0.8,20
8821,2,winter_rapeseed,1,PK,0.001,35
8821,2,winter_rapeseed,2,KAS,0.4,24
8821,2,winter_rapeseed,3,KAS,0.8,20
8822,2,winter_rapeseed,1,PK,0.001,35
8822,2,winter_rapeseed,2,KAS,0.4,24
8822,2,winter_rapeseed,3,KAS,0.8,20
8823,2,winter_rapeseed,1,PK,0.001,35
8823,2,winter_rapeseed,2,KAS,0.4,24
8823,2,winter_rapeseed,3,KAS,0.8,20
8824,2,winter_rapeseed,1,PK,0.001,35
8824,2,winter_rapeseed,2,KAS,0.4,24
8824,2,winter_rapeseed,3,KAS,0.8,20
8825,2,winter_rapeseed,1,PK,0.001,35
8825,2,winter_rapeseed,2,KAS,0.4,24
8825,2,winter_rapeseed,3,KAS,0.8,20
8826,2,winter_rapeseed,1,PK,0.001,35
8826,2,winter_rapeseed,2,KAS,0.4,24
8826,2,winter_rapeseed,3,KAS,0.8,20
8827,2,winter_rapeseed,1,PK,0.001,35
8827,2,winter_rapeseed,2,KAS,0.4,24
8827,2,winter_rapeseed,3,KAS,0.8,20
8828,2,winter_rapeseed,1,PK,0.001,35
8828,2,winter_rapeseed,2,KAS,0.4,24
8828,2,winter_rapeseed,3,KAS,0.8,20
8829,2,winter_rapeseed,1,PK,0.001,35
8829,2,winter_rapeseed,2,KAS,0.4,24
8829,2,winter_rapeseed,3,KAS,0.8,20
8830,2,winter_rapeseed,1,PK,0.001,35
8830,2,winter_rapeseed,2,KAS,0.4,24
8830,2,winter_rapeseed,3,KAS,0.8,20
8831,2,winter_rapeseed,1,PK,0.001,35
8831,2,winter_rapeseed,2,KAS,0.4,24
8831,2,winter_rapeseed,3,KAS,0.8,20
8832,2,winter_rapeseed,1,PK,0.001,35
8832,2,winter_rapeseed,2,KAS,0.4,24
8832,2,winter_rapeseed,3,KAS,0.8,20
8833,2,winter_rapeseed,1,PK,0.001,35
8833,2,winter_rapeseed,2,KAS,0.4,24
8833,2,winter_rapeseed,3,KAS,0.8,20
8834,2,winter_rapeseed,1,PK,0.001,35
8834,2,winter_rapeseed,2,KAS,0.4,24
8834,2,winter_rapeseed,3,KAS,0.8,20
8835,2,winter_rapeseed,1,PK,0.001,35
8835,2,winter_rapeseed,2,KAS,0.4,24
8835,2,winter_rapeseed,3,KAS,0.8,20
8836,2,winter_rapeseed,1,PK,0.001,35
8836,2,winter_rapeseed,2,KAS,0.4,24
8836,2,winter_rapeseed,3,KAS,0.8,20
8837,2,winter_rapeseed,1,PK,0.001,35
8837,2,winter_rapeseed,2,KAS,0.4,24
8837,2,winter_rapeseed,3,KAS,0.8,20
8838,2,winter_rapeseed,1,PK,0.001,35
8838,2,winter_rapeseed,2,KAS,0.4,24
8838,2,winter_rapeseed,3,KAS,0.8,20
8839,2,winter_rapeseed,1,PK,0.001,35
8839,2,winter_rapeseed,2,KAS,0.4,24
8839,2,winter_rapeseed,3,KAS,0.8,20
8840,2,winter_rapeseed,1,PK,0.001,35
8840,2,winter_rapeseed,2,KAS,0.4,24
8840,2,winter_rapeseed,3,KAS,0.8,20
8841,2,winter_rapeseed,1,PK,0.001,35
8841,2,winter_rapeseed,2,KAS,0.4,24
8841,2,winter_rapeseed,3,KAS,0.8,20
8842,2,winter_rapeseed,1,PK,0.001,35
8842,2,winter_rapeseed,2,KAS,0.4,24
8842,2,winter_rapeseed,3,KAS,0.8,20
8843,2,winter_rapeseed,1,PK,0.001,35
8843,2,winter_rapeseed,2,KAS,0.4,24
8843,2,winter_rapeseed,3,KAS,0.8,20
8844,2,winter_rapeseed,1,PK,0.001,35
8844,2,winter_rapeseed,2,KAS,0.4,24
8844,2,winter_rapeseed,3,KAS,0.8,20
8845,2,winter_rapeseed,1,PK,0.001,35
8845,2,winter_rapeseed,2,KAS,0.4,24
8845,2,winter_rapeseed,3,KAS,0.8,20
8846,2,winter_rapeseed,1,PK,0.001,35
8846,2,winter_rapeseed,2,KAS,0.4,24
8846,2,winter_rapeseed,3,KAS,0.8,20
