location,FertilizerScenario,crop,Event,vType,DVS,Amount
2,2,winter_rapeseed,1,PK,0.001,35
2,2,winter_rapeseed,2,KAS,0.4,24
2,2,winter_rapeseed,3,KAS,0.8,20
3,2,winter_rapeseed,1,PK,0.001,35
3,2,winter_rapeseed,2,KAS,0.4,24
3,2,winter_rapeseed,3,KAS,0.8,20
4,2,winter_rapeseed,1,PK,0.001,35
4,2,winter_rapeseed,2,KAS,0.4,24
4,2,winter_rapeseed,3,KAS,0.8,20
5,2,winter_rapeseed,1,PK,0.001,35
5,2,winter_rapeseed,2,KAS,0.4,24
5,2,winter_rapeseed,3,KAS,0.8,20
6,2,winter_rapeseed,1,PK,0.001,35
6,2,winter_rapeseed,2,KAS,0.4,24
6,2,winter_rapeseed,3,KAS,0.8,20
7,2,winter_rapeseed,1,PK,0.001,35
7,2,winter_rapeseed,2,KAS,0.4,24
7,2,winter_rapeseed,3,KAS,0.8,20
8,2,winter_rapeseed,1,PK,0.001,35
8,2,winter_rapeseed,2,KAS,0.4,24
8,2,winter_rapeseed,3,KAS,0.8,20
10,2,winter_rapeseed,1,PK,0.001,35
10,2,winter_rapeseed,2,KAS,0.4,24
10,2,winter_rapeseed,3,KAS,0.8,20
11,2,winter_rapeseed,1,PK,0.001,35
11,2,winter_rapeseed,2,KAS,0.4,24
11,2,winter_rapeseed,3,KAS,0.8,20
14,2,winter_rapeseed,1,PK,0.001,35
14,2,winter_rapeseed,2,KAS,0.4,24
14,2,winter_rapeseed,3,KAS,0.8,20
16,2,winter_rapeseed,1,PK,0.001,35
16,2,winter_rapeseed,2,KAS,0.4,24
16,2,winter_rapeseed,3,KAS,0.8,20
17,2,winter_rapeseed,1,PK,0.001,35
17,2,winter_rapeseed,2,KAS,0.4,24
17,2,winter_rapeseed,3,KAS,0.8,20
18,2,winter_rapeseed,1,PK,0.001,35
18,2,winter_rapeseed,2,KAS,0.4,24
18,2,winter_rapeseed,3,KAS,0.8,20
19,2,winter_rapeseed,1,PK,0.001,35
19,2,winter_rapeseed,2,KAS,0.4,24
19,2,winter_rapeseed,3,KAS,0.8,20
20,2,winter_rapeseed,1,PK,0.001,35
20,2,winter_rapeseed,2,KAS,0.4,24
20,2,winter_rapeseed,3,KAS,0.8,20
21,2,winter_rapeseed,1,PK,0.001,35
21,2,winter_rapeseed,2,KAS,0.4,24
21,2,winter_rapeseed,3,KAS,0.8,20
22,2,winter_rapeseed,1,PK,0.001,35
22,2,winter_rapeseed,2,KAS,0.4,24
22,2,winter_rapeseed,3,KAS,0.8,20
23,2,winter_rapeseed,1,PK,0.001,35
23,2,winter_rapeseed,2,KAS,0.4,24
23,2,winter_rapeseed,3,KAS,0.8,20
24,2,winter_rapeseed,1,PK,0.001,35
24,2,winter_rapeseed,2,KAS,0.4,24
24,2,winter_rapeseed,3,KAS,0.8,20
25,2,winter_rapeseed,1,PK,0.001,35
25,2,winter_rapeseed,2,KAS,0.4,24
25,2,winter_rapeseed,3,KAS,0.8,20
27,2,winter_rapeseed,1,PK,0.001,35
27,2,winter_rapeseed,2,KAS,0.4,24
27,2,winter_rapeseed,3,KAS,0.8,20
28,2,winter_rapeseed,1,PK,0.001,35
28,2,winter_rapeseed,2,KAS,0.4,24
28,2,winter_rapeseed,3,KAS,0.8,20
29,2,winter_rapeseed,1,PK,0.001,35
29,2,winter_rapeseed,2,KAS,0.4,24
29,2,winter_rapeseed,3,KAS,0.8,20
30,2,winter_rapeseed,1,PK,0.001,35
30,2,winter_rapeseed,2,KAS,0.4,24
30,2,winter_rapeseed,3,KAS,0.8,20
31,2,winter_rapeseed,1,PK,0.001,35
31,2,winter_rapeseed,2,KAS,0.4,24
31,2,winter_rapeseed,3,KAS,0.8,20
32,2,winter_rapeseed,1,PK,0.001,35
32,2,winter_rapeseed,2,KAS,0.4,24
32,2,winter_rapeseed,3,KAS,0.8,20
33,2,winter_rapeseed,1,PK,0.001,35
33,2,winter_rapeseed,2,KAS,0.4,24
33,2,winter_rapeseed,3,KAS,0.8,20
35,2,winter_rapeseed,1,PK,0.001,35
35,2,winter_rapeseed,2,KAS,0.4,24
35,2,winter_rapeseed,3,KAS,0.8,20
36,2,winter_rapeseed,1,PK,0.001,35
36,2,winter_rapeseed,2,KAS,0.4,24
36,2,winter_rapeseed,3,KAS,0.8,20
37,2,winter_rapeseed,1,PK,0.001,35
37,2,winter_rapeseed,2,KAS,0.4,24
37,2,winter_rapeseed,3,KAS,0.8,20
38,2,winter_rapeseed,1,PK,0.001,35
38,2,winter_rapeseed,2,KAS,0.4,24
38,2,winter_rapeseed,3,KAS,0.8,20
41,2,winter_rapeseed,1,PK,0.001,35
41,2,winter_rapeseed,2,KAS,0.4,24
41,2,winter_rapeseed,3,KAS,0.8,20
42,2,winter_rapeseed,1,PK,0.001,35
42,2,winter_rapeseed,2,KAS,0.4,24
42,2,winter_rapeseed,3,KAS,0.8,20
43,2,winter_rapeseed,1,PK,0.001,35
43,2,winter_rapeseed,2,KAS,0.4,24
43,2,winter_rapeseed,3,KAS,0.8,20
46,2,winter_rapeseed,1,PK,0.001,35
46,2,winter_rapeseed,2,KAS,0.4,24
46,2,winter_rapeseed,3,KAS,0.8,20
48,2,winter_rapeseed,1,PK,0.001,35
48,2,winter_rapeseed,2,KAS,0.4,24
48,2,winter_rapeseed,3,KAS,0.8,20
49,2,winter_rapeseed,1,PK,0.001,35
49,2,winter_rapeseed,2,KAS,0.4,24
49,2,winter_rapeseed,3,KAS,0.8,20
50,2,winter_rapeseed,1,PK,0.001,35
50,2,winter_rapeseed,2,KAS,0.4,24
50,2,winter_rapeseed,3,KAS,0.8,20
52,2,winter_rapeseed,1,PK,0.001,35
52,2,winter_rapeseed,2,KAS,0.4,24
52,2,winter_rapeseed,3,KAS,0.8,20
57,2,winter_rapeseed,1,PK,0.001,35
57,2,winter_rapeseed,2,KAS,0.4,24
57,2,winter_rapeseed,3,KAS,0.8,20
58,2,winter_rapeseed,1,PK,0.001,35
58,2,winter_rapeseed,2,KAS,0.4,24
58,2,winter_rapeseed,3,KAS,0.8,20
59,2,winter_rapeseed,1,PK,0.001,35
59,2,winter_rapeseed,2,KAS,0.4,24
59,2,winter_rapeseed,3,KAS,0.8,20
60,2,winter_rapeseed,1,PK,0.001,35
60,2,winter_rapeseed,2,KAS,0.4,24
60,2,winter_rapeseed,3,KAS,0.8,20
62,2,winter_rapeseed,1,PK,0.001,35
62,2,winter_rapeseed,2,KAS,0.4,24
62,2,winter_rapeseed,3,KAS,0.8,20
63,2,winter_rapeseed,1,PK,0.001,35
63,2,winter_rapeseed,2,KAS,0.4,24
63,2,winter_rapeseed,3,KAS,0.8,20
64,2,winter_rapeseed,1,PK,0.001,35
64,2,winter_rapeseed,2,KAS,0.4,24
64,2,winter_rapeseed,3,KAS,0.8,20
65,2,winter_rapeseed,1,PK,0.001,35
65,2,winter_rapeseed,2,KAS,0.4,24
65,2,winter_rapeseed,3,KAS,0.8,20
66,2,winter_rapeseed,1,PK,0.001,35
66,2,winter_rapeseed,2,KAS,0.4,24
66,2,winter_rapeseed,3,KAS,0.8,20
67,2,winter_rapeseed,1,PK,0.001,35
67,2,winter_rapeseed,2,KAS,0.4,24
67,2,winter_rapeseed,3,KAS,0.8,20
68,2,winter_rapeseed,1,PK,0.001,35
68,2,winter_rapeseed,2,KAS,0.4,24
68,2,winter_rapeseed,3,KAS,0.8,20
71,2,winter_rapeseed,1,PK,0.001,35
71,2,winter_rapeseed,2,KAS,0.4,24
71,2,winter_rapeseed,3,KAS,0.8,20
73,2,winter_rapeseed,1,PK,0.001,35
73,2,winter_rapeseed,2,KAS,0.4,24
73,2,winter_rapeseed,3,KAS,0.8,20
74,2,winter_rapeseed,1,PK,0.001,35
74,2,winter_rapeseed,2,KAS,0.4,24
74,2,winter_rapeseed,3,KAS,0.8,20
75,2,winter_rapeseed,1,PK,0.001,35
75,2,winter_rapeseed,2,KAS,0.4,24
75,2,winter_rapeseed,3,KAS,0.8,20
76,2,winter_rapeseed,1,PK,0.001,35
76,2,winter_rapeseed,2,KAS,0.4,24
76,2,winter_rapeseed,3,KAS,0.8,20
77,2,winter_rapeseed,1,PK,0.001,35
77,2,winter_rapeseed,2,KAS,0.4,24
77,2,winter_rapeseed,3,KAS,0.8,20
78,2,winter_rapeseed,1,PK,0.001,35
78,2,winter_rapeseed,2,KAS,0.4,24
78,2,winter_rapeseed,3,KAS,0.8,20
80,2,winter_rapeseed,1,PK,0.001,35
80,2,winter_rapeseed,2,KAS,0.4,24
80,2,winter_rapeseed,3,KAS,0.8,20
81,2,winter_rapeseed,1,PK,0.001,35
81,2,winter_rapeseed,2,KAS,0.4,24
81,2,winter_rapeseed,3,KAS,0.8,20
82,2,winter_rapeseed,1,PK,0.001,35
82,2,winter_rapeseed,2,KAS,0.4,24
82,2,winter_rapeseed,3,KAS,0.8,20
83,2,winter_rapeseed,1,PK,0.001,35
83,2,winter_rapeseed,2,KAS,0.4,24
83,2,winter_rapeseed,3,KAS,0.8,20
84,2,winter_rapeseed,1,PK,0.001,35
84,2,winter_rapeseed,2,KAS,0.4,24
84,2,winter_rapeseed,3,KAS,0.8,20
85,2,winter_rapeseed,1,PK,0.001,35
85,2,winter_rapeseed,2,KAS,0.4,24
85,2,winter_rapeseed,3,KAS,0.8,20
86,2,winter_rapeseed,1,PK,0.001,35
86,2,winter_rapeseed,2,KAS,0.4,24
86,2,winter_rapeseed,3,KAS,0.8,20
87,2,winter_rapeseed,1,PK,0.001,35
87,2,winter_rapeseed,2,KAS,0.4,24
87,2,winter_rapeseed,3,KAS,0.8,20
88,2,winter_rapeseed,1,PK,0.001,35
88,2,winter_rapeseed,2,KAS,0.4,24
88,2,winter_rapeseed,3,KAS,0.8,20
89,2,winter_rapeseed,1,PK,0.001,35
89,2,winter_rapeseed,2,KAS,0.4,24
89,2,winter_rapeseed,3,KAS,0.8,20
91,2,winter_rapeseed,1,PK,0.001,35
91,2,winter_rapeseed,2,KAS,0.4,24
91,2,winter_rapeseed,3,KAS,0.8,20
92,2,winter_rapeseed,1,PK,0.001,35
92,2,winter_rapeseed,2,KAS,0.4,24
92,2,winter_rapeseed,3,KAS,0.8,20
93,2,winter_rapeseed,1,PK,0.001,35
93,2,winter_rapeseed,2,KAS,0.4,24
93,2,winter_rapeseed,3,KAS,0.8,20
95,2,winter_rapeseed,1,PK,0.001,35
95,2,winter_rapeseed,2,KAS,0.4,24
95,2,winter_rapeseed,3,KAS,0.8,20
96,2,winter_rapeseed,1,PK,0.001,35
96,2,winter_rapeseed,2,KAS,0.4,24
96,2,winter_rapeseed,3,KAS,0.8,20
98,2,winter_rapeseed,1,PK,0.001,35
98,2,winter_rapeseed,2,KAS,0.4,24
98,2,winter_rapeseed,3,KAS,0.8,20
100,2,winter_rapeseed,1,PK,0.001,35
100,2,winter_rapeseed,2,KAS,0.4,24
100,2,winter_rapeseed,3,KAS,0.8,20
101,2,winter_rapeseed,1,PK,0.001,35
101,2,winter_rapeseed,2,KAS,0.4,24
101,2,winter_rapeseed,3,KAS,0.8,20
102,2,winter_rapeseed,1,PK,0.001,35
102,2,winter_rapeseed,2,KAS,0.4,24
102,2,winter_rapeseed,3,KAS,0.8,20
104,2,winter_rapeseed,1,PK,0.001,35
104,2,winter_rapeseed,2,KAS,0.4,24
104,2,winter_rapeseed,3,KAS,0.8,20
106,2,winter_rapeseed,1,PK,0.001,35
106,2,winter_rapeseed,2,KAS,0.4,24
106,2,winter_rapeseed,3,KAS,0.8,20
107,2,winter_rapeseed,1,PK,0.001,35
107,2,winter_rapeseed,2,KAS,0.4,24
107,2,winter_rapeseed,3,KAS,0.8,20
112,2,winter_rapeseed,1,PK,0.001,35
112,2,winter_rapeseed,2,KAS,0.4,24
112,2,winter_rapeseed,3,KAS,0.8,20
113,2,winter_rapeseed,1,PK,0.001,35
113,2,winter_rapeseed,2,KAS,0.4,24
113,2,winter_rapeseed,3,KAS,0.8,20
114,2,winter_rapeseed,1,PK,0.001,35
114,2,winter_rapeseed,2,KAS,0.4,24
114,2,winter_rapeseed,3,KAS,0.8,20
116,2,winter_rapeseed,1,PK,0.001,35
116,2,winter_rapeseed,2,KAS,0.4,24
116,2,winter_rapeseed,3,KAS,0.8,20
119,2,winter_rapeseed,1,PK,0.001,35
119,2,winter_rapeseed,2,KAS,0.4,24
119,2,winter_rapeseed,3,KAS,0.8,20
120,2,winter_rapeseed,1,PK,0.001,35
120,2,winter_rapeseed,2,KAS,0.4,24
120,2,winter_rapeseed,3,KAS,0.8,20
121,2,winter_rapeseed,1,PK,0.001,35
121,2,winter_rapeseed,2,KAS,0.4,24
121,2,winter_rapeseed,3,KAS,0.8,20
123,2,winter_rapeseed,1,PK,0.001,35
123,2,winter_rapeseed,2,KAS,0.4,24
123,2,winter_rapeseed,3,KAS,0.8,20
124,2,winter_rapeseed,1,PK,0.001,35
124,2,winter_rapeseed,2,KAS,0.4,24
124,2,winter_rapeseed,3,KAS,0.8,20
125,2,winter_rapeseed,1,PK,0.001,35
125,2,winter_rapeseed,2,KAS,0.4,24
125,2,winter_rapeseed,3,KAS,0.8,20
126,2,winter_rapeseed,1,PK,0.001,35
126,2,winter_rapeseed,2,KAS,0.4,24
126,2,winter_rapeseed,3,KAS,0.8,20
127,2,winter_rapeseed,1,PK,0.001,35
127,2,winter_rapeseed,2,KAS,0.4,24
127,2,winter_rapeseed,3,KAS,0.8,20
128,2,winter_rapeseed,1,PK,0.001,35
128,2,winter_rapeseed,2,KAS,0.4,24
128,2,winter_rapeseed,3,KAS,0.8,20
129,2,winter_rapeseed,1,PK,0.001,35
129,2,winter_rapeseed,2,KAS,0.4,24
129,2,winter_rapeseed,3,KAS,0.8,20
131,2,winter_rapeseed,1,PK,0.001,35
131,2,winter_rapeseed,2,KAS,0.4,24
131,2,winter_rapeseed,3,KAS,0.8,20
132,2,winter_rapeseed,1,PK,0.001,35
132,2,winter_rapeseed,2,KAS,0.4,24
132,2,winter_rapeseed,3,KAS,0.8,20
134,2,winter_rapeseed,1,PK,0.001,35
134,2,winter_rapeseed,2,KAS,0.4,24
134,2,winter_rapeseed,3,KAS,0.8,20
136,2,winter_rapeseed,1,PK,0.001,35
136,2,winter_rapeseed,2,KAS,0.4,24
136,2,winter_rapeseed,3,KAS,0.8,20
137,2,winter_rapeseed,1,PK,0.001,35
137,2,winter_rapeseed,2,KAS,0.4,24
137,2,winter_rapeseed,3,KAS,0.8,20
138,2,winter_rapeseed,1,PK,0.001,35
138,2,winter_rapeseed,2,KAS,0.4,24
138,2,winter_rapeseed,3,KAS,0.8,20
140,2,winter_rapeseed,1,PK,0.001,35
140,2,winter_rapeseed,2,KAS,0.4,24
140,2,winter_rapeseed,3,KAS,0.8,20
141,2,winter_rapeseed,1,PK,0.001,35
141,2,winter_rapeseed,2,KAS,0.4,24
141,2,winter_rapeseed,3,KAS,0.8,20
144,2,winter_rapeseed,1,PK,0.001,35
144,2,winter_rapeseed,2,KAS,0.4,24
144,2,winter_rapeseed,3,KAS,0.8,20
145,2,winter_rapeseed,1,PK,0.001,35
145,2,winter_rapeseed,2,KAS,0.4,24
145,2,winter_rapeseed,3,KAS,0.8,20
146,2,winter_rapeseed,1,PK,0.001,35
146,2,winter_rapeseed,2,KAS,0.4,24
146,2,winter_rapeseed,3,KAS,0.8,20
147,2,winter_rapeseed,1,PK,0.001,35
147,2,winter_rapeseed,2,KAS,0.4,24
147,2,winter_rapeseed,3,KAS,0.8,20
148,2,winter_rapeseed,1,PK,0.001,35
148,2,winter_rapeseed,2,KAS,0.4,24
148,2,winter_rapeseed,3,KAS,0.8,20
149,2,winter_rapeseed,1,PK,0.001,35
149,2,winter_rapeseed,2,KAS,0.4,24
149,2,winter_rapeseed,3,KAS,0.8,20
150,2,winter_rapeseed,1,PK,0.001,35
150,2,winter_rapeseed,2,KAS,0.4,24
150,2,winter_rapeseed,3,KAS,0.8,20
151,2,winter_rapeseed,1,PK,0.001,35
151,2,winter_rapeseed,2,KAS,0.4,24
151,2,winter_rapeseed,3,KAS,0.8,20
152,2,winter_rapeseed,1,PK,0.001,35
152,2,winter_rapeseed,2,KAS,0.4,24
152,2,winter_rapeseed,3,KAS,0.8,20
153,2,winter_rapeseed,1,PK,0.001,35
153,2,winter_rapeseed,2,KAS,0.4,24
153,2,winter_rapeseed,3,KAS,0.8,20
155,2,winter_rapeseed,1,PK,0.001,35
155,2,winter_rapeseed,2,KAS,0.4,24
155,2,winter_rapeseed,3,KAS,0.8,20
156,2,winter_rapeseed,1,PK,0.001,35
156,2,winter_rapeseed,2,KAS,0.4,24
156,2,winter_rapeseed,3,KAS,0.8,20
158,2,winter_rapeseed,1,PK,0.001,35
158,2,winter_rapeseed,2,KAS,0.4,24
158,2,winter_rapeseed,3,KAS,0.8,20
160,2,winter_rapeseed,1,PK,0.001,35
160,2,winter_rapeseed,2,KAS,0.4,24
160,2,winter_rapeseed,3,KAS,0.8,20
161,2,winter_rapeseed,1,PK,0.001,35
161,2,winter_rapeseed,2,KAS,0.4,24
161,2,winter_rapeseed,3,KAS,0.8,20
162,2,winter_rapeseed,1,PK,0.001,35
162,2,winter_rapeseed,2,KAS,0.4,24
162,2,winter_rapeseed,3,KAS,0.8,20
166,2,winter_rapeseed,1,PK,0.001,35
166,2,winter_rapeseed,2,KAS,0.4,24
166,2,winter_rapeseed,3,KAS,0.8,20
167,2,winter_rapeseed,1,PK,0.001,35
167,2,winter_rapeseed,2,KAS,0.4,24
167,2,winter_rapeseed,3,KAS,0.8,20
170,2,winter_rapeseed,1,PK,0.001,35
170,2,winter_rapeseed,2,KAS,0.4,24
170,2,winter_rapeseed,3,KAS,0.8,20
171,2,winter_rapeseed,1,PK,0.001,35
171,2,winter_rapeseed,2,KAS,0.4,24
171,2,winter_rapeseed,3,KAS,0.8,20
172,2,winter_rapeseed,1,PK,0.001,35
172,2,winter_rapeseed,2,KAS,0.4,24
172,2,winter_rapeseed,3,KAS,0.8,20
175,2,winter_rapeseed,1,PK,0.001,35
175,2,winter_rapeseed,2,KAS,0.4,24
175,2,winter_rapeseed,3,KAS,0.8,20
176,2,winter_rapeseed,1,PK,0.001,35
176,2,winter_rapeseed,2,KAS,0.4,24
176,2,winter_rapeseed,3,KAS,0.8,20
177,2,winter_rapeseed,1,PK,0.001,35
177,2,winter_rapeseed,2,KAS,0.4,24
177,2,winter_rapeseed,3,KAS,0.8,20
179,2,winter_rapeseed,1,PK,0.001,35
179,2,winter_rapeseed,2,KAS,0.4,24
179,2,winter_rapeseed,3,KAS,0.8,20
181,2,winter_rapeseed,1,PK,0.001,35
181,2,winter_rapeseed,2,KAS,0.4,24
181,2,winter_rapeseed,3,KAS,0.8,20
182,2,winter_rapeseed,1,PK,0.001,35
182,2,winter_rapeseed,2,KAS,0.4,24
182,2,winter_rapeseed,3,KAS,0.8,20
183,2,winter_rapeseed,1,PK,0.001,35
183,2,winter_rapeseed,2,KAS,0.4,24
183,2,winter_rapeseed,3,KAS,0.8,20
185,2,winter_rapeseed,1,PK,0.001,35
185,2,winter_rapeseed,2,KAS,0.4,24
185,2,winter_rapeseed,3,KAS,0.8,20
186,2,winter_rapeseed,1,PK,0.001,35
186,2,winter_rapeseed,2,KAS,0.4,24
186,2,winter_rapeseed,3,KAS,0.8,20
187,2,winter_rapeseed,1,PK,0.001,35
187,2,winter_rapeseed,2,KAS,0.4,24
187,2,winter_rapeseed,3,KAS,0.8,20
188,2,winter_rapeseed,1,PK,0.001,35
188,2,winter_rapeseed,2,KAS,0.4,24
188,2,winter_rapeseed,3,KAS,0.8,20
190,2,winter_rapeseed,1,PK,0.001,35
190,2,winter_rapeseed,2,KAS,0.4,24
190,2,winter_rapeseed,3,KAS,0.8,20
191,2,winter_rapeseed,1,PK,0.001,35
191,2,winter_rapeseed,2,KAS,0.4,24
191,2,winter_rapeseed,3,KAS,0.8,20
192,2,winter_rapeseed,1,PK,0.001,35
192,2,winter_rapeseed,2,KAS,0.4,24
192,2,winter_rapeseed,3,KAS,0.8,20
193,2,winter_rapeseed,1,PK,0.001,35
193,2,winter_rapeseed,2,KAS,0.4,24
193,2,winter_rapeseed,3,KAS,0.8,20
194,2,winter_rapeseed,1,PK,0.001,35
194,2,winter_rapeseed,2,KAS,0.4,24
194,2,winter_rapeseed,3,KAS,0.8,20
195,2,winter_rapeseed,1,PK,0.001,35
195,2,winter_rapeseed,2,KAS,0.4,24
195,2,winter_rapeseed,3,KAS,0.8,20
197,2,winter_rapeseed,1,PK,0.001,35
197,2,winter_rapeseed,2,KAS,0.4,24
197,2,winter_rapeseed,3,KAS,0.8,20
198,2,winter_rapeseed,1,PK,0.001,35
198,2,winter_rapeseed,2,KAS,0.4,24
198,2,winter_rapeseed,3,KAS,0.8,20
200,2,winter_rapeseed,1,PK,0.001,35
200,2,winter_rapeseed,2,KAS,0.4,24
200,2,winter_rapeseed,3,KAS,0.8,20
201,2,winter_rapeseed,1,PK,0.001,35
201,2,winter_rapeseed,2,KAS,0.4,24
201,2,winter_rapeseed,3,KAS,0.8,20
202,2,winter_rapeseed,1,PK,0.001,35
202,2,winter_rapeseed,2,KAS,0.4,24
202,2,winter_rapeseed,3,KAS,0.8,20
203,2,winter_rapeseed,1,PK,0.001,35
203,2,winter_rapeseed,2,KAS,0.4,24
203,2,winter_rapeseed,3,KAS,0.8,20
205,2,winter_rapeseed,1,PK,0.001,35
205,2,winter_rapeseed,2,KAS,0.4,24
205,2,winter_rapeseed,3,KAS,0.8,20
206,2,winter_rapeseed,1,PK,0.001,35
206,2,winter_rapeseed,2,KAS,0.4,24
206,2,winter_rapeseed,3,KAS,0.8,20
207,2,winter_rapeseed,1,PK,0.001,35
207,2,winter_rapeseed,2,KAS,0.4,24
207,2,winter_rapeseed,3,KAS,0.8,20
208,2,winter_rapeseed,1,PK,0.001,35
208,2,winter_rapeseed,2,KAS,0.4,24
208,2,winter_rapeseed,3,KAS,0.8,20
210,2,winter_rapeseed,1,PK,0.001,35
210,2,winter_rapeseed,2,KAS,0.4,24
210,2,winter_rapeseed,3,KAS,0.8,20
211,2,winter_rapeseed,1,PK,0.001,35
211,2,winter_rapeseed,2,KAS,0.4,24
211,2,winter_rapeseed,3,KAS,0.8,20
212,2,winter_rapeseed,1,PK,0.001,35
212,2,winter_rapeseed,2,KAS,0.4,24
212,2,winter_rapeseed,3,KAS,0.8,20
213,2,winter_rapeseed,1,PK,0.001,35
213,2,winter_rapeseed,2,KAS,0.4,24
213,2,winter_rapeseed,3,KAS,0.8,20
214,2,winter_rapeseed,1,PK,0.001,35
214,2,winter_rapeseed,2,KAS,0.4,24
214,2,winter_rapeseed,3,KAS,0.8,20
215,2,winter_rapeseed,1,PK,0.001,35
215,2,winter_rapeseed,2,KAS,0.4,24
215,2,winter_rapeseed,3,KAS,0.8,20
219,2,winter_rapeseed,1,PK,0.001,35
219,2,winter_rapeseed,2,KAS,0.4,24
219,2,winter_rapeseed,3,KAS,0.8,20
220,2,winter_rapeseed,1,PK,0.001,35
220,2,winter_rapeseed,2,KAS,0.4,24
220,2,winter_rapeseed,3,KAS,0.8,20
221,2,winter_rapeseed,1,PK,0.001,35
221,2,winter_rapeseed,2,KAS,0.4,24
221,2,winter_rapeseed,3,KAS,0.8,20
222,2,winter_rapeseed,1,PK,0.001,35
222,2,winter_rapeseed,2,KAS,0.4,24
222,2,winter_rapeseed,3,KAS,0.8,20
225,2,winter_rapeseed,1,PK,0.001,35
225,2,winter_rapeseed,2,KAS,0.4,24
225,2,winter_rapeseed,3,KAS,0.8,20
229,2,winter_rapeseed,1,PK,0.001,35
229,2,winter_rapeseed,2,KAS,0.4,24
229,2,winter_rapeseed,3,KAS,0.8,20
230,2,winter_rapeseed,1,PK,0.001,35
230,2,winter_rapeseed,2,KAS,0.4,24
230,2,winter_rapeseed,3,KAS,0.8,20
232,2,winter_rapeseed,1,PK,0.001,35
232,2,winter_rapeseed,2,KAS,0.4,24
232,2,winter_rapeseed,3,KAS,0.8,20
233,2,winter_rapeseed,1,PK,0.001,35
233,2,winter_rapeseed,2,KAS,0.4,24
233,2,winter_rapeseed,3,KAS,0.8,20
234,2,winter_rapeseed,1,PK,0.001,35
234,2,winter_rapeseed,2,KAS,0.4,24
234,2,winter_rapeseed,3,KAS,0.8,20
236,2,winter_rapeseed,1,PK,0.001,35
236,2,winter_rapeseed,2,KAS,0.4,24
236,2,winter_rapeseed,3,KAS,0.8,20
237,2,winter_rapeseed,1,PK,0.001,35
237,2,winter_rapeseed,2,KAS,0.4,24
237,2,winter_rapeseed,3,KAS,0.8,20
238,2,winter_rapeseed,1,PK,0.001,35
238,2,winter_rapeseed,2,KAS,0.4,24
238,2,winter_rapeseed,3,KAS,0.8,20
240,2,winter_rapeseed,1,PK,0.001,35
240,2,winter_rapeseed,2,KAS,0.4,24
240,2,winter_rapeseed,3,KAS,0.8,20
241,2,winter_rapeseed,1,PK,0.001,35
241,2,winter_rapeseed,2,KAS,0.4,24
241,2,winter_rapeseed,3,KAS,0.8,20
242,2,winter_rapeseed,1,PK,0.001,35
242,2,winter_rapeseed,2,KAS,0.4,24
242,2,winter_rapeseed,3,KAS,0.8,20
243,2,winter_rapeseed,1,PK,0.001,35
243,2,winter_rapeseed,2,KAS,0.4,24
243,2,winter_rapeseed,3,KAS,0.8,20
244,2,winter_rapeseed,1,PK,0.001,35
244,2,winter_rapeseed,2,KAS,0.4,24
244,2,winter_rapeseed,3,KAS,0.8,20
245,2,winter_rapeseed,1,PK,0.001,35
245,2,winter_rapeseed,2,KAS,0.4,24
245,2,winter_rapeseed,3,KAS,0.8,20
246,2,winter_rapeseed,1,PK,0.001,35
246,2,winter_rapeseed,2,KAS,0.4,24
246,2,winter_rapeseed,3,KAS,0.8,20
247,2,winter_rapeseed,1,PK,0.001,35
247,2,winter_rapeseed,2,KAS,0.4,24
247,2,winter_rapeseed,3,KAS,0.8,20
249,2,winter_rapeseed,1,PK,0.001,35
249,2,winter_rapeseed,2,KAS,0.4,24
249,2,winter_rapeseed,3,KAS,0.8,20
250,2,winter_rapeseed,1,PK,0.001,35
250,2,winter_rapeseed,2,KAS,0.4,24
250,2,winter_rapeseed,3,KAS,0.8,20
251,2,winter_rapeseed,1,PK,0.001,35
251,2,winter_rapeseed,2,KAS,0.4,24
251,2,winter_rapeseed,3,KAS,0.8,20
252,2,winter_rapeseed,1,PK,0.001,35
252,2,winter_rapeseed,2,KAS,0.4,24
252,2,winter_rapeseed,3,KAS,0.8,20
253,2,winter_rapeseed,1,PK,0.001,35
253,2,winter_rapeseed,2,KAS,0.4,24
253,2,winter_rapeseed,3,KAS,0.8,20
254,2,winter_rapeseed,1,PK,0.001,35
254,2,winter_rapeseed,2,KAS,0.4,24
254,2,winter_rapeseed,3,KAS,0.8,20
255,2,winter_rapeseed,1,PK,0.001,35
255,2,winter_rapeseed,2,KAS,0.4,24
255,2,winter_rapeseed,3,KAS,0.8,20
257,2,winter_rapeseed,1,PK,0.001,35
257,2,winter_rapeseed,2,KAS,0.4,24
257,2,winter_rapeseed,3,KAS,0.8,20
258,2,winter_rapeseed,1,PK,0.001,35
258,2,winter_rapeseed,2,KAS,0.4,24
258,2,winter_rapeseed,3,KAS,0.8,20
259,2,winter_rapeseed,1,PK,0.001,35
259,2,winter_rapeseed,2,KAS,0.4,24
259,2,winter_rapeseed,3,KAS,0.8,20
260,2,winter_rapeseed,1,PK,0.001,35
260,2,winter_rapeseed,2,KAS,0.4,24
260,2,winter_rapeseed,3,KAS,0.8,20
261,2,winter_rapeseed,1,PK,0.001,35
261,2,winter_rapeseed,2,KAS,0.4,24
261,2,winter_rapeseed,3,KAS,0.8,20
262,2,winter_rapeseed,1,PK,0.001,35
262,2,winter_rapeseed,2,KAS,0.4,24
262,2,winter_rapeseed,3,KAS,0.8,20
263,2,winter_rapeseed,1,PK,0.001,35
263,2,winter_rapeseed,2,KAS,0.4,24
263,2,winter_rapeseed,3,KAS,0.8,20
264,2,winter_rapeseed,1,PK,0.001,35
264,2,winter_rapeseed,2,KAS,0.4,24
264,2,winter_rapeseed,3,KAS,0.8,20
265,2,winter_rapeseed,1,PK,0.001,35
265,2,winter_rapeseed,2,KAS,0.4,24
265,2,winter_rapeseed,3,KAS,0.8,20
266,2,winter_rapeseed,1,PK,0.001,35
266,2,winter_rapeseed,2,KAS,0.4,24
266,2,winter_rapeseed,3,KAS,0.8,20
269,2,winter_rapeseed,1,PK,0.001,35
269,2,winter_rapeseed,2,KAS,0.4,24
269,2,winter_rapeseed,3,KAS,0.8,20
270,2,winter_rapeseed,1,PK,0.001,35
270,2,winter_rapeseed,2,KAS,0.4,24
270,2,winter_rapeseed,3,KAS,0.8,20
271,2,winter_rapeseed,1,PK,0.001,35
271,2,winter_rapeseed,2,KAS,0.4,24
271,2,winter_rapeseed,3,KAS,0.8,20
272,2,winter_rapeseed,1,PK,0.001,35
272,2,winter_rapeseed,2,KAS,0.4,24
272,2,winter_rapeseed,3,KAS,0.8,20
273,2,winter_rapeseed,1,PK,0.001,35
273,2,winter_rapeseed,2,KAS,0.4,24
273,2,winter_rapeseed,3,KAS,0.8,20
274,2,winter_rapeseed,1,PK,0.001,35
274,2,winter_rapeseed,2,KAS,0.4,24
274,2,winter_rapeseed,3,KAS,0.8,20
276,2,winter_rapeseed,1,PK,0.001,35
276,2,winter_rapeseed,2,KAS,0.4,24
276,2,winter_rapeseed,3,KAS,0.8,20
277,2,winter_rapeseed,1,PK,0.001,35
277,2,winter_rapeseed,2,KAS,0.4,24
277,2,winter_rapeseed,3,KAS,0.8,20
278,2,winter_rapeseed,1,PK,0.001,35
278,2,winter_rapeseed,2,KAS,0.4,24
278,2,winter_rapeseed,3,KAS,0.8,20
279,2,winter_rapeseed,1,PK,0.001,35
279,2,winter_rapeseed,2,KAS,0.4,24
279,2,winter_rapeseed,3,KAS,0.8,20
280,2,winter_rapeseed,1,PK,0.001,35
280,2,winter_rapeseed,2,KAS,0.4,24
280,2,winter_rapeseed,3,KAS,0.8,20
281,2,winter_rapeseed,1,PK,0.001,35
281,2,winter_rapeseed,2,KAS,0.4,24
281,2,winter_rapeseed,3,KAS,0.8,20
283,2,winter_rapeseed,1,PK,0.001,35
283,2,winter_rapeseed,2,KAS,0.4,24
283,2,winter_rapeseed,3,KAS,0.8,20
284,2,winter_rapeseed,1,PK,0.001,35
284,2,winter_rapeseed,2,KAS,0.4,24
284,2,winter_rapeseed,3,KAS,0.8,20
285,2,winter_rapeseed,1,PK,0.001,35
285,2,winter_rapeseed,2,KAS,0.4,24
285,2,winter_rapeseed,3,KAS,0.8,20
286,2,winter_rapeseed,1,PK,0.001,35
286,2,winter_rapeseed,2,KAS,0.4,24
286,2,winter_rapeseed,3,KAS,0.8,20
287,2,winter_rapeseed,1,PK,0.001,35
287,2,winter_rapeseed,2,KAS,0.4,24
287,2,winter_rapeseed,3,KAS,0.8,20
288,2,winter_rapeseed,1,PK,0.001,35
288,2,winter_rapeseed,2,KAS,0.4,24
288,2,winter_rapeseed,3,KAS,0.8,20
289,2,winter_rapeseed,1,PK,0.001,35
289,2,winter_rapeseed,2,KAS,0.4,24
289,2,winter_rapeseed,3,KAS,0.8,20
290,2,winter_rapeseed,1,PK,0.001,35
290,2,winter_rapeseed,2,KAS,0.4,24
290,2,winter_rapeseed,3,KAS,0.8,20
291,2,winter_rapeseed,1,PK,0.001,35
291,2,winter_rapeseed,2,KAS,0.4,24
291,2,winter_rapeseed,3,KAS,0.8,20
292,2,winter_rapeseed,1,PK,0.001,35
292,2,winter_rapeseed,2,KAS,0.4,24
292,2,winter_rapeseed,3,KAS,0.8,20
293,2,winter_rapeseed,1,PK,0.001,35
293,2,winter_rapeseed,2,KAS,0.4,24
293,2,winter_rapeseed,3,KAS,0.8,20
294,2,winter_rapeseed,1,PK,0.001,35
294,2,winter_rapeseed,2,KAS,0.4,24
294,2,winter_rapeseed,3,KAS,0.8,20
295,2,winter_rapeseed,1,PK,0.001,35
295,2,winter_rapeseed,2,KAS,0.4,24
295,2,winter_rapeseed,3,KAS,0.8,20
297,2,winter_rapeseed,1,PK,0.001,35
297,2,winter_rapeseed,2,KAS,0.4,24
297,2,winter_rapeseed,3,KAS,0.8,20
300,2,winter_rapeseed,1,PK,0.001,35
300,2,winter_rapeseed,2,KAS,0.4,24
300,2,winter_rapeseed,3,KAS,0.8,20
301,2,winter_rapeseed,1,PK,0.001,35
301,2,winter_rapeseed,2,KAS,0.4,24
301,2,winter_rapeseed,3,KAS,0.8,20
304,2,winter_rapeseed,1,PK,0.001,35
304,2,winter_rapeseed,2,KAS,0.4,24
304,2,winter_rapeseed,3,KAS,0.8,20
305,2,winter_rapeseed,1,PK,0.001,35
305,2,winter_rapeseed,2,KAS,0.4,24
305,2,winter_rapeseed,3,KAS,0.8,20
306,2,winter_rapeseed,1,PK,0.001,35
306,2,winter_rapeseed,2,KAS,0.4,24
306,2,winter_rapeseed,3,KAS,0.8,20
308,2,winter_rapeseed,1,PK,0.001,35
308,2,winter_rapeseed,2,KAS,0.4,24
308,2,winter_rapeseed,3,KAS,0.8,20
309,2,winter_rapeseed,1,PK,0.001,35
309,2,winter_rapeseed,2,KAS,0.4,24
309,2,winter_rapeseed,3,KAS,0.8,20
313,2,winter_rapeseed,1,PK,0.001,35
313,2,winter_rapeseed,2,KAS,0.4,24
313,2,winter_rapeseed,3,KAS,0.8,20
316,2,winter_rapeseed,1,PK,0.001,35
316,2,winter_rapeseed,2,KAS,0.4,24
316,2,winter_rapeseed,3,KAS,0.8,20
317,2,winter_rapeseed,1,PK,0.001,35
317,2,winter_rapeseed,2,KAS,0.4,24
317,2,winter_rapeseed,3,KAS,0.8,20
318,2,winter_rapeseed,1,PK,0.001,35
318,2,winter_rapeseed,2,KAS,0.4,24
318,2,winter_rapeseed,3,KAS,0.8,20
320,2,winter_rapeseed,1,PK,0.001,35
320,2,winter_rapeseed,2,KAS,0.4,24
320,2,winter_rapeseed,3,KAS,0.8,20
322,2,winter_rapeseed,1,PK,0.001,35
322,2,winter_rapeseed,2,KAS,0.4,24
322,2,winter_rapeseed,3,KAS,0.8,20
323,2,winter_rapeseed,1,PK,0.001,35
323,2,winter_rapeseed,2,KAS,0.4,24
323,2,winter_rapeseed,3,KAS,0.8,20
324,2,winter_rapeseed,1,PK,0.001,35
324,2,winter_rapeseed,2,KAS,0.4,24
324,2,winter_rapeseed,3,KAS,0.8,20
325,2,winter_rapeseed,1,PK,0.001,35
325,2,winter_rapeseed,2,KAS,0.4,24
325,2,winter_rapeseed,3,KAS,0.8,20
326,2,winter_rapeseed,1,PK,0.001,35
326,2,winter_rapeseed,2,KAS,0.4,24
326,2,winter_rapeseed,3,KAS,0.8,20
328,2,winter_rapeseed,1,PK,0.001,35
328,2,winter_rapeseed,2,KAS,0.4,24
328,2,winter_rapeseed,3,KAS,0.8,20
329,2,winter_rapeseed,1,PK,0.001,35
329,2,winter_rapeseed,2,KAS,0.4,24
329,2,winter_rapeseed,3,KAS,0.8,20
330,2,winter_rapeseed,1,PK,0.001,35
330,2,winter_rapeseed,2,KAS,0.4,24
330,2,winter_rapeseed,3,KAS,0.8,20
331,2,winter_rapeseed,1,PK,0.001,35
331,2,winter_rapeseed,2,KAS,0.4,24
331,2,winter_rapeseed,3,KAS,0.8,20
332,2,winter_rapeseed,1,PK,0.001,35
332,2,winter_rapeseed,2,KAS,0.4,24
332,2,winter_rapeseed,3,KAS,0.8,20
333,2,winter_rapeseed,1,PK,0.001,35
333,2,winter_rapeseed,2,KAS,0.4,24
333,2,winter_rapeseed,3,KAS,0.8,20
334,2,winter_rapeseed,1,PK,0.001,35
334,2,winter_rapeseed,2,KAS,0.4,24
334,2,winter_rapeseed,3,KAS,0.8,20
335,2,winter_rapeseed,1,PK,0.001,35
335,2,winter_rapeseed,2,KAS,0.4,24
335,2,winter_rapeseed,3,KAS,0.8,20
336,2,winter_rapeseed,1,PK,0.001,35
336,2,winter_rapeseed,2,KAS,0.4,24
336,2,winter_rapeseed,3,KAS,0.8,20
338,2,winter_rapeseed,1,PK,0.001,35
338,2,winter_rapeseed,2,KAS,0.4,24
338,2,winter_rapeseed,3,KAS,0.8,20
339,2,winter_rapeseed,1,PK,0.001,35
339,2,winter_rapeseed,2,KAS,0.4,24
339,2,winter_rapeseed,3,KAS,0.8,20
341,2,winter_rapeseed,1,PK,0.001,35
341,2,winter_rapeseed,2,KAS,0.4,24
341,2,winter_rapeseed,3,KAS,0.8,20
344,2,winter_rapeseed,1,PK,0.001,35
344,2,winter_rapeseed,2,KAS,0.4,24
344,2,winter_rapeseed,3,KAS,0.8,20
345,2,winter_rapeseed,1,PK,0.001,35
345,2,winter_rapeseed,2,KAS,0.4,24
345,2,winter_rapeseed,3,KAS,0.8,20
346,2,winter_rapeseed,1,PK,0.001,35
346,2,winter_rapeseed,2,KAS,0.4,24
346,2,winter_rapeseed,3,KAS,0.8,20
347,2,winter_rapeseed,1,PK,0.001,35
347,2,winter_rapeseed,2,KAS,0.4,24
347,2,winter_rapeseed,3,KAS,0.8,20
348,2,winter_rapeseed,1,PK,0.001,35
348,2,winter_rapeseed,2,KAS,0.4,24
348,2,winter_rapeseed,3,KAS,0.8,20
349,2,winter_rapeseed,1,PK,0.001,35
349,2,winter_rapeseed,2,KAS,0.4,24
349,2,winter_rapeseed,3,KAS,0.8,20
350,2,winter_rapeseed,1,PK,0.001,35
350,2,winter_rapeseed,2,KAS,0.4,24
350,2,winter_rapeseed,3,KAS,0.8,20
351,2,winter_rapeseed,1,PK,0.001,35
351,2,winter_rapeseed,2,KAS,0.4,24
351,2,winter_rapeseed,3,KAS,0.8,20
353,2,winter_rapeseed,1,PK,0.001,35
353,2,winter_rapeseed,2,KAS,0.4,24
353,2,winter_rapeseed,3,KAS,0.8,20
354,2,winter_rapeseed,1,PK,0.001,35
354,2,winter_rapeseed,2,KAS,0.4,24
354,2,winter_rapeseed,3,KAS,0.8,20
356,2,winter_rapeseed,1,PK,0.001,35
356,2,winter_rapeseed,2,KAS,0.4,24
356,2,winter_rapeseed,3,KAS,0.8,20
357,2,winter_rapeseed,1,PK,0.001,35
357,2,winter_rapeseed,2,KAS,0.4,24
357,2,winter_rapeseed,3,KAS,0.8,20
358,2,winter_rapeseed,1,PK,0.001,35
358,2,winter_rapeseed,2,KAS,0.4,24
358,2,winter_rapeseed,3,KAS,0.8,20
361,2,winter_rapeseed,1,PK,0.001,35
361,2,winter_rapeseed,2,KAS,0.4,24
361,2,winter_rapeseed,3,KAS,0.8,20
364,2,winter_rapeseed,1,PK,0.001,35
364,2,winter_rapeseed,2,KAS,0.4,24
364,2,winter_rapeseed,3,KAS,0.8,20
365,2,winter_rapeseed,1,PK,0.001,35
365,2,winter_rapeseed,2,KAS,0.4,24
365,2,winter_rapeseed,3,KAS,0.8,20
366,2,winter_rapeseed,1,PK,0.001,35
366,2,winter_rapeseed,2,KAS,0.4,24
366,2,winter_rapeseed,3,KAS,0.8,20
368,2,winter_rapeseed,1,PK,0.001,35
368,2,winter_rapeseed,2,KAS,0.4,24
368,2,winter_rapeseed,3,KAS,0.8,20
371,2,winter_rapeseed,1,PK,0.001,35
371,2,winter_rapeseed,2,KAS,0.4,24
371,2,winter_rapeseed,3,KAS,0.8,20
372,2,winter_rapeseed,1,PK,0.001,35
372,2,winter_rapeseed,2,KAS,0.4,24
372,2,winter_rapeseed,3,KAS,0.8,20
373,2,winter_rapeseed,1,PK,0.001,35
373,2,winter_rapeseed,2,KAS,0.4,24
373,2,winter_rapeseed,3,KAS,0.8,20
374,2,winter_rapeseed,1,PK,0.001,35
374,2,winter_rapeseed,2,KAS,0.4,24
374,2,winter_rapeseed,3,KAS,0.8,20
375,2,winter_rapeseed,1,PK,0.001,35
375,2,winter_rapeseed,2,KAS,0.4,24
375,2,winter_rapeseed,3,KAS,0.8,20
377,2,winter_rapeseed,1,PK,0.001,35
377,2,winter_rapeseed,2,KAS,0.4,24
377,2,winter_rapeseed,3,KAS,0.8,20
379,2,winter_rapeseed,1,PK,0.001,35
379,2,winter_rapeseed,2,KAS,0.4,24
379,2,winter_rapeseed,3,KAS,0.8,20
380,2,winter_rapeseed,1,PK,0.001,35
380,2,winter_rapeseed,2,KAS,0.4,24
380,2,winter_rapeseed,3,KAS,0.8,20
383,2,winter_rapeseed,1,PK,0.001,35
383,2,winter_rapeseed,2,KAS,0.4,24
383,2,winter_rapeseed,3,KAS,0.8,20
384,2,winter_rapeseed,1,PK,0.001,35
384,2,winter_rapeseed,2,KAS,0.4,24
384,2,winter_rapeseed,3,KAS,0.8,20
385,2,winter_rapeseed,1,PK,0.001,35
385,2,winter_rapeseed,2,KAS,0.4,24
385,2,winter_rapeseed,3,KAS,0.8,20
386,2,winter_rapeseed,1,PK,0.001,35
386,2,winter_rapeseed,2,KAS,0.4,24
386,2,winter_rapeseed,3,KAS,0.8,20
387,2,winter_rapeseed,1,PK,0.001,35
387,2,winter_rapeseed,2,KAS,0.4,24
387,2,winter_rapeseed,3,KAS,0.8,20
388,2,winter_rapeseed,1,PK,0.001,35
388,2,winter_rapeseed,2,KAS,0.4,24
388,2,winter_rapeseed,3,KAS,0.8,20
390,2,winter_rapeseed,1,PK,0.001,35
390,2,winter_rapeseed,2,KAS,0.4,24
390,2,winter_rapeseed,3,KAS,0.8,20
391,2,winter_rapeseed,1,PK,0.001,35
391,2,winter_rapeseed,2,KAS,0.4,24
391,2,winter_rapeseed,3,KAS,0.8,20
393,2,winter_rapeseed,1,PK,0.001,35
393,2,winter_rapeseed,2,KAS,0.4,24
393,2,winter_rapeseed,3,KAS,0.8,20
394,2,winter_rapeseed,1,PK,0.001,35
394,2,winter_rapeseed,2,KAS,0.4,24
394,2,winter_rapeseed,3,KAS,0.8,20
395,2,winter_rapeseed,1,PK,0.001,35
395,2,winter_rapeseed,2,KAS,0.4,24
395,2,winter_rapeseed,3,KAS,0.8,20
399,2,winter_rapeseed,1,PK,0.001,35
399,2,winter_rapeseed,2,KAS,0.4,24
399,2,winter_rapeseed,3,KAS,0.8,20
400,2,winter_rapeseed,1,PK,0.001,35
400,2,winter_rapeseed,2,KAS,0.4,24
400,2,winter_rapeseed,3,KAS,0.8,20
401,2,winter_rapeseed,1,PK,0.001,35
401,2,winter_rapeseed,2,KAS,0.4,24
401,2,winter_rapeseed,3,KAS,0.8,20
402,2,winter_rapeseed,1,PK,0.001,35
402,2,winter_rapeseed,2,KAS,0.4,24
402,2,winter_rapeseed,3,KAS,0.8,20
406,2,winter_rapeseed,1,PK,0.001,35
406,2,winter_rapeseed,2,KAS,0.4,24
406,2,winter_rapeseed,3,KAS,0.8,20
408,2,winter_rapeseed,1,PK,0.001,35
408,2,winter_rapeseed,2,KAS,0.4,24
408,2,winter_rapeseed,3,KAS,0.8,20
409,2,winter_rapeseed,1,PK,0.001,35
409,2,winter_rapeseed,2,KAS,0.4,24
409,2,winter_rapeseed,3,KAS,0.8,20
410,2,winter_rapeseed,1,PK,0.001,35
410,2,winter_rapeseed,2,KAS,0.4,24
410,2,winter_rapeseed,3,KAS,0.8,20
411,2,winter_rapeseed,1,PK,0.001,35
411,2,winter_rapeseed,2,KAS,0.4,24
411,2,winter_rapeseed,3,KAS,0.8,20
412,2,winter_rapeseed,1,PK,0.001,35
412,2,winter_rapeseed,2,KAS,0.4,24
412,2,winter_rapeseed,3,KAS,0.8,20
413,2,winter_rapeseed,1,PK,0.001,35
413,2,winter_rapeseed,2,KAS,0.4,24
413,2,winter_rapeseed,3,KAS,0.8,20
414,2,winter_rapeseed,1,PK,0.001,35
414,2,winter_rapeseed,2,KAS,0.4,24
414,2,winter_rapeseed,3,KAS,0.8,20
416,2,winter_rapeseed,1,PK,0.001,35
416,2,winter_rapeseed,2,KAS,0.4,24
416,2,winter_rapeseed,3,KAS,0.8,20
417,2,winter_rapeseed,1,PK,0.001,35
417,2,winter_rapeseed,2,KAS,0.4,24
417,2,winter_rapeseed,3,KAS,0.8,20
418,2,winter_rapeseed,1,PK,0.001,35
418,2,winter_rapeseed,2,KAS,0.4,24
418,2,winter_rapeseed,3,KAS,0.8,20
419,2,winter_rapeseed,1,PK,0.001,35
419,2,winter_rapeseed,2,KAS,0.4,24
419,2,winter_rapeseed,3,KAS,0.8,20
421,2,winter_rapeseed,1,PK,0.001,35
421,2,winter_rapeseed,2,KAS,0.4,24
421,2,winter_rapeseed,3,KAS,0.8,20
422,2,winter_rapeseed,1,PK,0.001,35
422,2,winter_rapeseed,2,KAS,0.4,24
422,2,winter_rapeseed,3,KAS,0.8,20
423,2,winter_rapeseed,1,PK,0.001,35
423,2,winter_rapeseed,2,KAS,0.4,24
423,2,winter_rapeseed,3,KAS,0.8,20
426,2,winter_rapeseed,1,PK,0.001,35
426,2,winter_rapeseed,2,KAS,0.4,24
426,2,winter_rapeseed,3,KAS,0.8,20
427,2,winter_rapeseed,1,PK,0.001,35
427,2,winter_rapeseed,2,KAS,0.4,24
427,2,winter_rapeseed,3,KAS,0.8,20
428,2,winter_rapeseed,1,PK,0.001,35
428,2,winter_rapeseed,2,KAS,0.4,24
428,2,winter_rapeseed,3,KAS,0.8,20
429,2,winter_rapeseed,1,PK,0.001,35
429,2,winter_rapeseed,2,KAS,0.4,24
429,2,winter_rapeseed,3,KAS,0.8,20
430,2,winter_rapeseed,1,PK,0.001,35
430,2,winter_rapeseed,2,KAS,0.4,24
430,2,winter_rapeseed,3,KAS,0.8,20
434,2,winter_rapeseed,1,PK,0.001,35
434,2,winter_rapeseed,2,KAS,0.4,24
434,2,winter_rapeseed,3,KAS,0.8,20
435,2,winter_rapeseed,1,PK,0.001,35
435,2,winter_rapeseed,2,KAS,0.4,24
435,2,winter_rapeseed,3,KAS,0.8,20
436,2,winter_rapeseed,1,PK,0.001,35
436,2,winter_rapeseed,2,KAS,0.4,24
436,2,winter_rapeseed,3,KAS,0.8,20
437,2,winter_rapeseed,1,PK,0.001,35
437,2,winter_rapeseed,2,KAS,0.4,24
437,2,winter_rapeseed,3,KAS,0.8,20
438,2,winter_rapeseed,1,PK,0.001,35
438,2,winter_rapeseed,2,KAS,0.4,24
438,2,winter_rapeseed,3,KAS,0.8,20
439,2,winter_rapeseed,1,PK,0.001,35
439,2,winter_rapeseed,2,KAS,0.4,24
439,2,winter_rapeseed,3,KAS,0.8,20
440,2,winter_rapeseed,1,PK,0.001,35
440,2,winter_rapeseed,2,KAS,0.4,24
440,2,winter_rapeseed,3,KAS,0.8,20
441,2,winter_rapeseed,1,PK,0.001,35
441,2,winter_rapeseed,2,KAS,0.4,24
441,2,winter_rapeseed,3,KAS,0.8,20
442,2,winter_rapeseed,1,PK,0.001,35
442,2,winter_rapeseed,2,KAS,0.4,24
442,2,winter_rapeseed,3,KAS,0.8,20
443,2,winter_rapeseed,1,PK,0.001,35
443,2,winter_rapeseed,2,KAS,0.4,24
443,2,winter_rapeseed,3,KAS,0.8,20
445,2,winter_rapeseed,1,PK,0.001,35
445,2,winter_rapeseed,2,KAS,0.4,24
445,2,winter_rapeseed,3,KAS,0.8,20
446,2,winter_rapeseed,1,PK,0.001,35
446,2,winter_rapeseed,2,KAS,0.4,24
446,2,winter_rapeseed,3,KAS,0.8,20
447,2,winter_rapeseed,1,PK,0.001,35
447,2,winter_rapeseed,2,KAS,0.4,24
447,2,winter_rapeseed,3,KAS,0.8,20
449,2,winter_rapeseed,1,PK,0.001,35
449,2,winter_rapeseed,2,KAS,0.4,24
449,2,winter_rapeseed,3,KAS,0.8,20
450,2,winter_rapeseed,1,PK,0.001,35
450,2,winter_rapeseed,2,KAS,0.4,24
450,2,winter_rapeseed,3,KAS,0.8,20
455,2,winter_rapeseed,1,PK,0.001,35
455,2,winter_rapeseed,2,KAS,0.4,24
455,2,winter_rapeseed,3,KAS,0.8,20
456,2,winter_rapeseed,1,PK,0.001,35
456,2,winter_rapeseed,2,KAS,0.4,24
456,2,winter_rapeseed,3,KAS,0.8,20
458,2,winter_rapeseed,1,PK,0.001,35
458,2,winter_rapeseed,2,KAS,0.4,24
458,2,winter_rapeseed,3,KAS,0.8,20
461,2,winter_rapeseed,1,PK,0.001,35
461,2,winter_rapeseed,2,KAS,0.4,24
461,2,winter_rapeseed,3,KAS,0.8,20
462,2,winter_rapeseed,1,PK,0.001,35
462,2,winter_rapeseed,2,KAS,0.4,24
462,2,winter_rapeseed,3,KAS,0.8,20
464,2,winter_rapeseed,1,PK,0.001,35
464,2,winter_rapeseed,2,KAS,0.4,24
464,2,winter_rapeseed,3,KAS,0.8,20
469,2,winter_rapeseed,1,PK,0.001,35
469,2,winter_rapeseed,2,KAS,0.4,24
469,2,winter_rapeseed,3,KAS,0.8,20
471,2,winter_rapeseed,1,PK,0.001,35
471,2,winter_rapeseed,2,KAS,0.4,24
471,2,winter_rapeseed,3,KAS,0.8,20
473,2,winter_rapeseed,1,PK,0.001,35
473,2,winter_rapeseed,2,KAS,0.4,24
473,2,winter_rapeseed,3,KAS,0.8,20
474,2,winter_rapeseed,1,PK,0.001,35
474,2,winter_rapeseed,2,KAS,0.4,24
474,2,winter_rapeseed,3,KAS,0.8,20
476,2,winter_rapeseed,1,PK,0.001,35
476,2,winter_rapeseed,2,KAS,0.4,24
476,2,winter_rapeseed,3,KAS,0.8,20
477,2,winter_rapeseed,1,PK,0.001,35
477,2,winter_rapeseed,2,KAS,0.4,24
477,2,winter_rapeseed,3,KAS,0.8,20
478,2,winter_rapeseed,1,PK,0.001,35
478,2,winter_rapeseed,2,KAS,0.4,24
478,2,winter_rapeseed,3,KAS,0.8,20
479,2,winter_rapeseed,1,PK,0.001,35
479,2,winter_rapeseed,2,KAS,0.4,24
479,2,winter_rapeseed,3,KAS,0.8,20
480,2,winter_rapeseed,1,PK,0.001,35
480,2,winter_rapeseed,2,KAS,0.4,24
480,2,winter_rapeseed,3,KAS,0.8,20
483,2,winter_rapeseed,1,PK,0.001,35
483,2,winter_rapeseed,2,KAS,0.4,24
483,2,winter_rapeseed,3,KAS,0.8,20
486,2,winter_rapeseed,1,PK,0.001,35
486,2,winter_rapeseed,2,KAS,0.4,24
486,2,winter_rapeseed,3,KAS,0.8,20
488,2,winter_rapeseed,1,PK,0.001,35
488,2,winter_rapeseed,2,KAS,0.4,24
488,2,winter_rapeseed,3,KAS,0.8,20
489,2,winter_rapeseed,1,PK,0.001,35
489,2,winter_rapeseed,2,KAS,0.4,24
489,2,winter_rapeseed,3,KAS,0.8,20
490,2,winter_rapeseed,1,PK,0.001,35
490,2,winter_rapeseed,2,KAS,0.4,24
490,2,winter_rapeseed,3,KAS,0.8,20
493,2,winter_rapeseed,1,PK,0.001,35
493,2,winter_rapeseed,2,KAS,0.4,24
493,2,winter_rapeseed,3,KAS,0.8,20
497,2,winter_rapeseed,1,PK,0.001,35
497,2,winter_rapeseed,2,KAS,0.4,24
497,2,winter_rapeseed,3,KAS,0.8,20
499,2,winter_rapeseed,1,PK,0.001,35
499,2,winter_rapeseed,2,KAS,0.4,24
499,2,winter_rapeseed,3,KAS,0.8,20
500,2,winter_rapeseed,1,PK,0.001,35
500,2,winter_rapeseed,2,KAS,0.4,24
500,2,winter_rapeseed,3,KAS,0.8,20
501,2,winter_rapeseed,1,PK,0.001,35
501,2,winter_rapeseed,2,KAS,0.4,24
501,2,winter_rapeseed,3,KAS,0.8,20
502,2,winter_rapeseed,1,PK,0.001,35
502,2,winter_rapeseed,2,KAS,0.4,24
502,2,winter_rapeseed,3,KAS,0.8,20
504,2,winter_rapeseed,1,PK,0.001,35
504,2,winter_rapeseed,2,KAS,0.4,24
504,2,winter_rapeseed,3,KAS,0.8,20
507,2,winter_rapeseed,1,PK,0.001,35
507,2,winter_rapeseed,2,KAS,0.4,24
507,2,winter_rapeseed,3,KAS,0.8,20
511,2,winter_rapeseed,1,PK,0.001,35
511,2,winter_rapeseed,2,KAS,0.4,24
511,2,winter_rapeseed,3,KAS,0.8,20
512,2,winter_rapeseed,1,PK,0.001,35
512,2,winter_rapeseed,2,KAS,0.4,24
512,2,winter_rapeseed,3,KAS,0.8,20
513,2,winter_rapeseed,1,PK,0.001,35
513,2,winter_rapeseed,2,KAS,0.4,24
513,2,winter_rapeseed,3,KAS,0.8,20
514,2,winter_rapeseed,1,PK,0.001,35
514,2,winter_rapeseed,2,KAS,0.4,24
514,2,winter_rapeseed,3,KAS,0.8,20
515,2,winter_rapeseed,1,PK,0.001,35
515,2,winter_rapeseed,2,KAS,0.4,24
515,2,winter_rapeseed,3,KAS,0.8,20
517,2,winter_rapeseed,1,PK,0.001,35
517,2,winter_rapeseed,2,KAS,0.4,24
517,2,winter_rapeseed,3,KAS,0.8,20
518,2,winter_rapeseed,1,PK,0.001,35
518,2,winter_rapeseed,2,KAS,0.4,24
518,2,winter_rapeseed,3,KAS,0.8,20
519,2,winter_rapeseed,1,PK,0.001,35
519,2,winter_rapeseed,2,KAS,0.4,24
519,2,winter_rapeseed,3,KAS,0.8,20
520,2,winter_rapeseed,1,PK,0.001,35
520,2,winter_rapeseed,2,KAS,0.4,24
520,2,winter_rapeseed,3,KAS,0.8,20
521,2,winter_rapeseed,1,PK,0.001,35
521,2,winter_rapeseed,2,KAS,0.4,24
521,2,winter_rapeseed,3,KAS,0.8,20
522,2,winter_rapeseed,1,PK,0.001,35
522,2,winter_rapeseed,2,KAS,0.4,24
522,2,winter_rapeseed,3,KAS,0.8,20
523,2,winter_rapeseed,1,PK,0.001,35
523,2,winter_rapeseed,2,KAS,0.4,24
523,2,winter_rapeseed,3,KAS,0.8,20
524,2,winter_rapeseed,1,PK,0.001,35
524,2,winter_rapeseed,2,KAS,0.4,24
524,2,winter_rapeseed,3,KAS,0.8,20
526,2,winter_rapeseed,1,PK,0.001,35
526,2,winter_rapeseed,2,KAS,0.4,24
526,2,winter_rapeseed,3,KAS,0.8,20
527,2,winter_rapeseed,1,PK,0.001,35
527,2,winter_rapeseed,2,KAS,0.4,24
527,2,winter_rapeseed,3,KAS,0.8,20
532,2,winter_rapeseed,1,PK,0.001,35
532,2,winter_rapeseed,2,KAS,0.4,24
532,2,winter_rapeseed,3,KAS,0.8,20
533,2,winter_rapeseed,1,PK,0.001,35
533,2,winter_rapeseed,2,KAS,0.4,24
533,2,winter_rapeseed,3,KAS,0.8,20
534,2,winter_rapeseed,1,PK,0.001,35
534,2,winter_rapeseed,2,KAS,0.4,24
534,2,winter_rapeseed,3,KAS,0.8,20
536,2,winter_rapeseed,1,PK,0.001,35
536,2,winter_rapeseed,2,KAS,0.4,24
536,2,winter_rapeseed,3,KAS,0.8,20
539,2,winter_rapeseed,1,PK,0.001,35
539,2,winter_rapeseed,2,KAS,0.4,24
539,2,winter_rapeseed,3,KAS,0.8,20
540,2,winter_rapeseed,1,PK,0.001,35
540,2,winter_rapeseed,2,KAS,0.4,24
540,2,winter_rapeseed,3,KAS,0.8,20
541,2,winter_rapeseed,1,PK,0.001,35
541,2,winter_rapeseed,2,KAS,0.4,24
541,2,winter_rapeseed,3,KAS,0.8,20
542,2,winter_rapeseed,1,PK,0.001,35
542,2,winter_rapeseed,2,KAS,0.4,24
542,2,winter_rapeseed,3,KAS,0.8,20
543,2,winter_rapeseed,1,PK,0.001,35
543,2,winter_rapeseed,2,KAS,0.4,24
543,2,winter_rapeseed,3,KAS,0.8,20
544,2,winter_rapeseed,1,PK,0.001,35
544,2,winter_rapeseed,2,KAS,0.4,24
544,2,winter_rapeseed,3,KAS,0.8,20
546,2,winter_rapeseed,1,PK,0.001,35
546,2,winter_rapeseed,2,KAS,0.4,24
546,2,winter_rapeseed,3,KAS,0.8,20
547,2,winter_rapeseed,1,PK,0.001,35
547,2,winter_rapeseed,2,KAS,0.4,24
547,2,winter_rapeseed,3,KAS,0.8,20
548,2,winter_rapeseed,1,PK,0.001,35
548,2,winter_rapeseed,2,KAS,0.4,24
548,2,winter_rapeseed,3,KAS,0.8,20
551,2,winter_rapeseed,1,PK,0.001,35
551,2,winter_rapeseed,2,KAS,0.4,24
551,2,winter_rapeseed,3,KAS,0.8,20
553,2,winter_rapeseed,1,PK,0.001,35
553,2,winter_rapeseed,2,KAS,0.4,24
553,2,winter_rapeseed,3,KAS,0.8,20
554,2,winter_rapeseed,1,PK,0.001,35
554,2,winter_rapeseed,2,KAS,0.4,24
554,2,winter_rapeseed,3,KAS,0.8,20
561,2,winter_rapeseed,1,PK,0.001,35
561,2,winter_rapeseed,2,KAS,0.4,24
561,2,winter_rapeseed,3,KAS,0.8,20
562,2,winter_rapeseed,1,PK,0.001,35
562,2,winter_rapeseed,2,KAS,0.4,24
562,2,winter_rapeseed,3,KAS,0.8,20
564,2,winter_rapeseed,1,PK,0.001,35
564,2,winter_rapeseed,2,KAS,0.4,24
564,2,winter_rapeseed,3,KAS,0.8,20
566,2,winter_rapeseed,1,PK,0.001,35
566,2,winter_rapeseed,2,KAS,0.4,24
566,2,winter_rapeseed,3,KAS,0.8,20
567,2,winter_rapeseed,1,PK,0.001,35
567,2,winter_rapeseed,2,KAS,0.4,24
567,2,winter_rapeseed,3,KAS,0.8,20
569,2,winter_rapeseed,1,PK,0.001,35
569,2,winter_rapeseed,2,KAS,0.4,24
569,2,winter_rapeseed,3,KAS,0.8,20
573,2,winter_rapeseed,1,PK,0.001,35
573,2,winter_rapeseed,2,KAS,0.4,24
573,2,winter_rapeseed,3,KAS,0.8,20
574,2,winter_rapeseed,1,PK,0.001,35
574,2,winter_rapeseed,2,KAS,0.4,24
574,2,winter_rapeseed,3,KAS,0.8,20
576,2,winter_rapeseed,1,PK,0.001,35
576,2,winter_rapeseed,2,KAS,0.4,24
576,2,winter_rapeseed,3,KAS,0.8,20
577,2,winter_rapeseed,1,PK,0.001,35
577,2,winter_rapeseed,2,KAS,0.4,24
577,2,winter_rapeseed,3,KAS,0.8,20
578,2,winter_rapeseed,1,PK,0.001,35
578,2,winter_rapeseed,2,KAS,0.4,24
578,2,winter_rapeseed,3,KAS,0.8,20
579,2,winter_rapeseed,1,PK,0.001,35
579,2,winter_rapeseed,2,KAS,0.4,24
579,2,winter_rapeseed,3,KAS,0.8,20
580,2,winter_rapeseed,1,PK,0.001,35
580,2,winter_rapeseed,2,KAS,0.4,24
580,2,winter_rapeseed,3,KAS,0.8,20
581,2,winter_rapeseed,1,PK,0.001,35
581,2,winter_rapeseed,2,KAS,0.4,24
581,2,winter_rapeseed,3,KAS,0.8,20
582,2,winter_rapeseed,1,PK,0.001,35
582,2,winter_rapeseed,2,KAS,0.4,24
582,2,winter_rapeseed,3,KAS,0.8,20
583,2,winter_rapeseed,1,PK,0.001,35
583,2,winter_rapeseed,2,KAS,0.4,24
583,2,winter_rapeseed,3,KAS,0.8,20
584,2,winter_rapeseed,1,PK,0.001,35
584,2,winter_rapeseed,2,KAS,0.4,24
584,2,winter_rapeseed,3,KAS,0.8,20
585,2,winter_rapeseed,1,PK,0.001,35
585,2,winter_rapeseed,2,KAS,0.4,24
585,2,winter_rapeseed,3,KAS,0.8,20
587,2,winter_rapeseed,1,PK,0.001,35
587,2,winter_rapeseed,2,KAS,0.4,24
587,2,winter_rapeseed,3,KAS,0.8,20
590,2,winter_rapeseed,1,PK,0.001,35
590,2,winter_rapeseed,2,KAS,0.4,24
590,2,winter_rapeseed,3,KAS,0.8,20
596,2,winter_rapeseed,1,PK,0.001,35
596,2,winter_rapeseed,2,KAS,0.4,24
596,2,winter_rapeseed,3,KAS,0.8,20
597,2,winter_rapeseed,1,PK,0.001,35
597,2,winter_rapeseed,2,KAS,0.4,24
597,2,winter_rapeseed,3,KAS,0.8,20
600,2,winter_rapeseed,1,PK,0.001,35
600,2,winter_rapeseed,2,KAS,0.4,24
600,2,winter_rapeseed,3,KAS,0.8,20
601,2,winter_rapeseed,1,PK,0.001,35
601,2,winter_rapeseed,2,KAS,0.4,24
601,2,winter_rapeseed,3,KAS,0.8,20
602,2,winter_rapeseed,1,PK,0.001,35
602,2,winter_rapeseed,2,KAS,0.4,24
602,2,winter_rapeseed,3,KAS,0.8,20
603,2,winter_rapeseed,1,PK,0.001,35
603,2,winter_rapeseed,2,KAS,0.4,24
603,2,winter_rapeseed,3,KAS,0.8,20
604,2,winter_rapeseed,1,PK,0.001,35
604,2,winter_rapeseed,2,KAS,0.4,24
604,2,winter_rapeseed,3,KAS,0.8,20
605,2,winter_rapeseed,1,PK,0.001,35
605,2,winter_rapeseed,2,KAS,0.4,24
605,2,winter_rapeseed,3,KAS,0.8,20
606,2,winter_rapeseed,1,PK,0.001,35
606,2,winter_rapeseed,2,KAS,0.4,24
606,2,winter_rapeseed,3,KAS,0.8,20
607,2,winter_rapeseed,1,PK,0.001,35
607,2,winter_rapeseed,2,KAS,0.4,24
607,2,winter_rapeseed,3,KAS,0.8,20
608,2,winter_rapeseed,1,PK,0.001,35
608,2,winter_rapeseed,2,KAS,0.4,24
608,2,winter_rapeseed,3,KAS,0.8,20
609,2,winter_rapeseed,1,PK,0.001,35
609,2,winter_rapeseed,2,KAS,0.4,24
609,2,winter_rapeseed,3,KAS,0.8,20
611,2,winter_rapeseed,1,PK,0.001,35
611,2,winter_rapeseed,2,KAS,0.4,24
611,2,winter_rapeseed,3,KAS,0.8,20
612,2,winter_rapeseed,1,PK,0.001,35
612,2,winter_rapeseed,2,KAS,0.4,24
612,2,winter_rapeseed,3,KAS,0.8,20
614,2,winter_rapeseed,1,PK,0.001,35
614,2,winter_rapeseed,2,KAS,0.4,24
614,2,winter_rapeseed,3,KAS,0.8,20
615,2,winter_rapeseed,1,PK,0.001,35
615,2,winter_rapeseed,2,KAS,0.4,24
615,2,winter_rapeseed,3,KAS,0.8,20
617,2,winter_rapeseed,1,PK,0.001,35
617,2,winter_rapeseed,2,KAS,0.4,24
617,2,winter_rapeseed,3,KAS,0.8,20
618,2,winter_rapeseed,1,PK,0.001,35
618,2,winter_rapeseed,2,KAS,0.4,24
618,2,winter_rapeseed,3,KAS,0.8,20
619,2,winter_rapeseed,1,PK,0.001,35
619,2,winter_rapeseed,2,KAS,0.4,24
619,2,winter_rapeseed,3,KAS,0.8,20
620,2,winter_rapeseed,1,PK,0.001,35
620,2,winter_rapeseed,2,KAS,0.4,24
620,2,winter_rapeseed,3,KAS,0.8,20
622,2,winter_rapeseed,1,PK,0.001,35
622,2,winter_rapeseed,2,KAS,0.4,24
622,2,winter_rapeseed,3,KAS,0.8,20
624,2,winter_rapeseed,1,PK,0.001,35
624,2,winter_rapeseed,2,KAS,0.4,24
624,2,winter_rapeseed,3,KAS,0.8,20
625,2,winter_rapeseed,1,PK,0.001,35
625,2,winter_rapeseed,2,KAS,0.4,24
625,2,winter_rapeseed,3,KAS,0.8,20
626,2,winter_rapeseed,1,PK,0.001,35
626,2,winter_rapeseed,2,KAS,0.4,24
626,2,winter_rapeseed,3,KAS,0.8,20
629,2,winter_rapeseed,1,PK,0.001,35
629,2,winter_rapeseed,2,KAS,0.4,24
629,2,winter_rapeseed,3,KAS,0.8,20
630,2,winter_rapeseed,1,PK,0.001,35
630,2,winter_rapeseed,2,KAS,0.4,24
630,2,winter_rapeseed,3,KAS,0.8,20
631,2,winter_rapeseed,1,PK,0.001,35
631,2,winter_rapeseed,2,KAS,0.4,24
631,2,winter_rapeseed,3,KAS,0.8,20
634,2,winter_rapeseed,1,PK,0.001,35
634,2,winter_rapeseed,2,KAS,0.4,24
634,2,winter_rapeseed,3,KAS,0.8,20
635,2,winter_rapeseed,1,PK,0.001,35
635,2,winter_rapeseed,2,KAS,0.4,24
635,2,winter_rapeseed,3,KAS,0.8,20
637,2,winter_rapeseed,1,PK,0.001,35
637,2,winter_rapeseed,2,KAS,0.4,24
637,2,winter_rapeseed,3,KAS,0.8,20
638,2,winter_rapeseed,1,PK,0.001,35
638,2,winter_rapeseed,2,KAS,0.4,24
638,2,winter_rapeseed,3,KAS,0.8,20
639,2,winter_rapeseed,1,PK,0.001,35
639,2,winter_rapeseed,2,KAS,0.4,24
639,2,winter_rapeseed,3,KAS,0.8,20
641,2,winter_rapeseed,1,PK,0.001,35
641,2,winter_rapeseed,2,KAS,0.4,24
641,2,winter_rapeseed,3,KAS,0.8,20
642,2,winter_rapeseed,1,PK,0.001,35
642,2,winter_rapeseed,2,KAS,0.4,24
642,2,winter_rapeseed,3,KAS,0.8,20
645,2,winter_rapeseed,1,PK,0.001,35
645,2,winter_rapeseed,2,KAS,0.4,24
645,2,winter_rapeseed,3,KAS,0.8,20
647,2,winter_rapeseed,1,PK,0.001,35
647,2,winter_rapeseed,2,KAS,0.4,24
647,2,winter_rapeseed,3,KAS,0.8,20
649,2,winter_rapeseed,1,PK,0.001,35
649,2,winter_rapeseed,2,KAS,0.4,24
649,2,winter_rapeseed,3,KAS,0.8,20
656,2,winter_rapeseed,1,PK,0.001,35
656,2,winter_rapeseed,2,KAS,0.4,24
656,2,winter_rapeseed,3,KAS,0.8,20
658,2,winter_rapeseed,1,PK,0.001,35
658,2,winter_rapeseed,2,KAS,0.4,24
658,2,winter_rapeseed,3,KAS,0.8,20
659,2,winter_rapeseed,1,PK,0.001,35
659,2,winter_rapeseed,2,KAS,0.4,24
659,2,winter_rapeseed,3,KAS,0.8,20
660,2,winter_rapeseed,1,PK,0.001,35
660,2,winter_rapeseed,2,KAS,0.4,24
660,2,winter_rapeseed,3,KAS,0.8,20
661,2,winter_rapeseed,1,PK,0.001,35
661,2,winter_rapeseed,2,KAS,0.4,24
661,2,winter_rapeseed,3,KAS,0.8,20
662,2,winter_rapeseed,1,PK,0.001,35
662,2,winter_rapeseed,2,KAS,0.4,24
662,2,winter_rapeseed,3,KAS,0.8,20
663,2,winter_rapeseed,1,PK,0.001,35
663,2,winter_rapeseed,2,KAS,0.4,24
663,2,winter_rapeseed,3,KAS,0.8,20
664,2,winter_rapeseed,1,PK,0.001,35
664,2,winter_rapeseed,2,KAS,0.4,24
664,2,winter_rapeseed,3,KAS,0.8,20
667,2,winter_rapeseed,1,PK,0.001,35
667,2,winter_rapeseed,2,KAS,0.4,24
667,2,winter_rapeseed,3,KAS,0.8,20
668,2,winter_rapeseed,1,PK,0.001,35
668,2,winter_rapeseed,2,KAS,0.4,24
668,2,winter_rapeseed,3,KAS,0.8,20
669,2,winter_rapeseed,1,PK,0.001,35
669,2,winter_rapeseed,2,KAS,0.4,24
669,2,winter_rapeseed,3,KAS,0.8,20
670,2,winter_rapeseed,1,PK,0.001,35
670,2,winter_rapeseed,2,KAS,0.4,24
670,2,winter_rapeseed,3,KAS,0.8,20
673,2,winter_rapeseed,1,PK,0.001,35
673,2,winter_rapeseed,2,KAS,0.4,24
673,2,winter_rapeseed,3,KAS,0.8,20
677,2,winter_rapeseed,1,PK,0.001,35
677,2,winter_rapeseed,2,KAS,0.4,24
677,2,winter_rapeseed,3,KAS,0.8,20
678,2,winter_rapeseed,1,PK,0.001,35
678,2,winter_rapeseed,2,KAS,0.4,24
678,2,winter_rapeseed,3,KAS,0.8,20
680,2,winter_rapeseed,1,PK,0.001,35
680,2,winter_rapeseed,2,KAS,0.4,24
680,2,winter_rapeseed,3,KAS,0.8,20
681,2,winter_rapeseed,1,PK,0.001,35
681,2,winter_rapeseed,2,KAS,0.4,24
681,2,winter_rapeseed,3,KAS,0.8,20
683,2,winter_rapeseed,1,PK,0.001,35
683,2,winter_rapeseed,2,KAS,0.4,24
683,2,winter_rapeseed,3,KAS,0.8,20
684,2,winter_rapeseed,1,PK,0.001,35
684,2,winter_rapeseed,2,KAS,0.4,24
684,2,winter_rapeseed,3,KAS,0.8,20
685,2,winter_rapeseed,1,PK,0.001,35
685,2,winter_rapeseed,2,KAS,0.4,24
685,2,winter_rapeseed,3,KAS,0.8,20
686,2,winter_rapeseed,1,PK,0.001,35
686,2,winter_rapeseed,2,KAS,0.4,24
686,2,winter_rapeseed,3,KAS,0.8,20
689,2,winter_rapeseed,1,PK,0.001,35
689,2,winter_rapeseed,2,KAS,0.4,24
689,2,winter_rapeseed,3,KAS,0.8,20
690,2,winter_rapeseed,1,PK,0.001,35
690,2,winter_rapeseed,2,KAS,0.4,24
690,2,winter_rapeseed,3,KAS,0.8,20
691,2,winter_rapeseed,1,PK,0.001,35
691,2,winter_rapeseed,2,KAS,0.4,24
691,2,winter_rapeseed,3,KAS,0.8,20
692,2,winter_rapeseed,1,PK,0.001,35
692,2,winter_rapeseed,2,KAS,0.4,24
692,2,winter_rapeseed,3,KAS,0.8,20
695,2,winter_rapeseed,1,PK,0.001,35
695,2,winter_rapeseed,2,KAS,0.4,24
695,2,winter_rapeseed,3,KAS,0.8,20
696,2,winter_rapeseed,1,PK,0.001,35
696,2,winter_rapeseed,2,KAS,0.4,24
696,2,winter_rapeseed,3,KAS,0.8,20
697,2,winter_rapeseed,1,PK,0.001,35
697,2,winter_rapeseed,2,KAS,0.4,24
697,2,winter_rapeseed,3,KAS,0.8,20
699,2,winter_rapeseed,1,PK,0.001,35
699,2,winter_rapeseed,2,KAS,0.4,24
699,2,winter_rapeseed,3,KAS,0.8,20
702,2,winter_rapeseed,1,PK,0.001,35
702,2,winter_rapeseed,2,KAS,0.4,24
702,2,winter_rapeseed,3,KAS,0.8,20
703,2,winter_rapeseed,1,PK,0.001,35
703,2,winter_rapeseed,2,KAS,0.4,24
703,2,winter_rapeseed,3,KAS,0.8,20
705,2,winter_rapeseed,1,PK,0.001,35
705,2,winter_rapeseed,2,KAS,0.4,24
705,2,winter_rapeseed,3,KAS,0.8,20
708,2,winter_rapeseed,1,PK,0.001,35
708,2,winter_rapeseed,2,KAS,0.4,24
708,2,winter_rapeseed,3,KAS,0.8,20
709,2,winter_rapeseed,1,PK,0.001,35
709,2,winter_rapeseed,2,KAS,0.4,24
709,2,winter_rapeseed,3,KAS,0.8,20
711,2,winter_rapeseed,1,PK,0.001,35
711,2,winter_rapeseed,2,KAS,0.4,24
711,2,winter_rapeseed,3,KAS,0.8,20
717,2,winter_rapeseed,1,PK,0.001,35
717,2,winter_rapeseed,2,KAS,0.4,24
717,2,winter_rapeseed,3,KAS,0.8,20
718,2,winter_rapeseed,1,PK,0.001,35
718,2,winter_rapeseed,2,KAS,0.4,24
718,2,winter_rapeseed,3,KAS,0.8,20
720,2,winter_rapeseed,1,PK,0.001,35
720,2,winter_rapeseed,2,KAS,0.4,24
720,2,winter_rapeseed,3,KAS,0.8,20
721,2,winter_rapeseed,1,PK,0.001,35
721,2,winter_rapeseed,2,KAS,0.4,24
721,2,winter_rapeseed,3,KAS,0.8,20
722,2,winter_rapeseed,1,PK,0.001,35
722,2,winter_rapeseed,2,KAS,0.4,24
722,2,winter_rapeseed,3,KAS,0.8,20
723,2,winter_rapeseed,1,PK,0.001,35
723,2,winter_rapeseed,2,KAS,0.4,24
723,2,winter_rapeseed,3,KAS,0.8,20
724,2,winter_rapeseed,1,PK,0.001,35
724,2,winter_rapeseed,2,KAS,0.4,24
724,2,winter_rapeseed,3,KAS,0.8,20
725,2,winter_rapeseed,1,PK,0.001,35
725,2,winter_rapeseed,2,KAS,0.4,24
725,2,winter_rapeseed,3,KAS,0.8,20
726,2,winter_rapeseed,1,PK,0.001,35
726,2,winter_rapeseed,2,KAS,0.4,24
726,2,winter_rapeseed,3,KAS,0.8,20
728,2,winter_rapeseed,1,PK,0.001,35
728,2,winter_rapeseed,2,KAS,0.4,24
728,2,winter_rapeseed,3,KAS,0.8,20
731,2,winter_rapeseed,1,PK,0.001,35
731,2,winter_rapeseed,2,KAS,0.4,24
731,2,winter_rapeseed,3,KAS,0.8,20
733,2,winter_rapeseed,1,PK,0.001,35
733,2,winter_rapeseed,2,KAS,0.4,24
733,2,winter_rapeseed,3,KAS,0.8,20
734,2,winter_rapeseed,1,PK,0.001,35
734,2,winter_rapeseed,2,KAS,0.4,24
734,2,winter_rapeseed,3,KAS,0.8,20
738,2,winter_rapeseed,1,PK,0.001,35
738,2,winter_rapeseed,2,KAS,0.4,24
738,2,winter_rapeseed,3,KAS,0.8,20
742,2,winter_rapeseed,1,PK,0.001,35
742,2,winter_rapeseed,2,KAS,0.4,24
742,2,winter_rapeseed,3,KAS,0.8,20
745,2,winter_rapeseed,1,PK,0.001,35
745,2,winter_rapeseed,2,KAS,0.4,24
745,2,winter_rapeseed,3,KAS,0.8,20
750,2,winter_rapeseed,1,PK,0.001,35
750,2,winter_rapeseed,2,KAS,0.4,24
750,2,winter_rapeseed,3,KAS,0.8,20
751,2,winter_rapeseed,1,PK,0.001,35
751,2,winter_rapeseed,2,KAS,0.4,24
751,2,winter_rapeseed,3,KAS,0.8,20
752,2,winter_rapeseed,1,PK,0.001,35
752,2,winter_rapeseed,2,KAS,0.4,24
752,2,winter_rapeseed,3,KAS,0.8,20
753,2,winter_rapeseed,1,PK,0.001,35
753,2,winter_rapeseed,2,KAS,0.4,24
753,2,winter_rapeseed,3,KAS,0.8,20
756,2,winter_rapeseed,1,PK,0.001,35
756,2,winter_rapeseed,2,KAS,0.4,24
756,2,winter_rapeseed,3,KAS,0.8,20
757,2,winter_rapeseed,1,PK,0.001,35
757,2,winter_rapeseed,2,KAS,0.4,24
757,2,winter_rapeseed,3,KAS,0.8,20
758,2,winter_rapeseed,1,PK,0.001,35
758,2,winter_rapeseed,2,KAS,0.4,24
758,2,winter_rapeseed,3,KAS,0.8,20
760,2,winter_rapeseed,1,PK,0.001,35
760,2,winter_rapeseed,2,KAS,0.4,24
760,2,winter_rapeseed,3,KAS,0.8,20
761,2,winter_rapeseed,1,PK,0.001,35
761,2,winter_rapeseed,2,KAS,0.4,24
761,2,winter_rapeseed,3,KAS,0.8,20
762,2,winter_rapeseed,1,PK,0.001,35
762,2,winter_rapeseed,2,KAS,0.4,24
762,2,winter_rapeseed,3,KAS,0.8,20
763,2,winter_rapeseed,1,PK,0.001,35
763,2,winter_rapeseed,2,KAS,0.4,24
763,2,winter_rapeseed,3,KAS,0.8,20
764,2,winter_rapeseed,1,PK,0.001,35
764,2,winter_rapeseed,2,KAS,0.4,24
764,2,winter_rapeseed,3,KAS,0.8,20
769,2,winter_rapeseed,1,PK,0.001,35
769,2,winter_rapeseed,2,KAS,0.4,24
769,2,winter_rapeseed,3,KAS,0.8,20
781,2,winter_rapeseed,1,PK,0.001,35
781,2,winter_rapeseed,2,KAS,0.4,24
781,2,winter_rapeseed,3,KAS,0.8,20
782,2,winter_rapeseed,1,PK,0.001,35
782,2,winter_rapeseed,2,KAS,0.4,24
782,2,winter_rapeseed,3,KAS,0.8,20
784,2,winter_rapeseed,1,PK,0.001,35
784,2,winter_rapeseed,2,KAS,0.4,24
784,2,winter_rapeseed,3,KAS,0.8,20
786,2,winter_rapeseed,1,PK,0.001,35
786,2,winter_rapeseed,2,KAS,0.4,24
786,2,winter_rapeseed,3,KAS,0.8,20
787,2,winter_rapeseed,1,PK,0.001,35
787,2,winter_rapeseed,2,KAS,0.4,24
787,2,winter_rapeseed,3,KAS,0.8,20
789,2,winter_rapeseed,1,PK,0.001,35
789,2,winter_rapeseed,2,KAS,0.4,24
789,2,winter_rapeseed,3,KAS,0.8,20
790,2,winter_rapeseed,1,PK,0.001,35
790,2,winter_rapeseed,2,KAS,0.4,24
790,2,winter_rapeseed,3,KAS,0.8,20
796,2,winter_rapeseed,1,PK,0.001,35
796,2,winter_rapeseed,2,KAS,0.4,24
796,2,winter_rapeseed,3,KAS,0.8,20
798,2,winter_rapeseed,1,PK,0.001,35
798,2,winter_rapeseed,2,KAS,0.4,24
798,2,winter_rapeseed,3,KAS,0.8,20
799,2,winter_rapeseed,1,PK,0.001,35
799,2,winter_rapeseed,2,KAS,0.4,24
799,2,winter_rapeseed,3,KAS,0.8,20
800,2,winter_rapeseed,1,PK,0.001,35
800,2,winter_rapeseed,2,KAS,0.4,24
800,2,winter_rapeseed,3,KAS,0.8,20
801,2,winter_rapeseed,1,PK,0.001,35
801,2,winter_rapeseed,2,KAS,0.4,24
801,2,winter_rapeseed,3,KAS,0.8,20
804,2,winter_rapeseed,1,PK,0.001,35
804,2,winter_rapeseed,2,KAS,0.4,24
804,2,winter_rapeseed,3,KAS,0.8,20
805,2,winter_rapeseed,1,PK,0.001,35
805,2,winter_rapeseed,2,KAS,0.4,24
805,2,winter_rapeseed,3,KAS,0.8,20
806,2,winter_rapeseed,1,PK,0.001,35
806,2,winter_rapeseed,2,KAS,0.4,24
806,2,winter_rapeseed,3,KAS,0.8,20
808,2,winter_rapeseed,1,PK,0.001,35
808,2,winter_rapeseed,2,KAS,0.4,24
808,2,winter_rapeseed,3,KAS,0.8,20
809,2,winter_rapeseed,1,PK,0.001,35
809,2,winter_rapeseed,2,KAS,0.4,24
809,2,winter_rapeseed,3,KAS,0.8,20
811,2,winter_rapeseed,1,PK,0.001,35
811,2,winter_rapeseed,2,KAS,0.4,24
811,2,winter_rapeseed,3,KAS,0.8,20
813,2,winter_rapeseed,1,PK,0.001,35
813,2,winter_rapeseed,2,KAS,0.4,24
813,2,winter_rapeseed,3,KAS,0.8,20
814,2,winter_rapeseed,1,PK,0.001,35
814,2,winter_rapeseed,2,KAS,0.4,24
814,2,winter_rapeseed,3,KAS,0.8,20
815,2,winter_rapeseed,1,PK,0.001,35
815,2,winter_rapeseed,2,KAS,0.4,24
815,2,winter_rapeseed,3,KAS,0.8,20
816,2,winter_rapeseed,1,PK,0.001,35
816,2,winter_rapeseed,2,KAS,0.4,24
816,2,winter_rapeseed,3,KAS,0.8,20
818,2,winter_rapeseed,1,PK,0.001,35
818,2,winter_rapeseed,2,KAS,0.4,24
818,2,winter_rapeseed,3,KAS,0.8,20
819,2,winter_rapeseed,1,PK,0.001,35
819,2,winter_rapeseed,2,KAS,0.4,24
819,2,winter_rapeseed,3,KAS,0.8,20
820,2,winter_rapeseed,1,PK,0.001,35
820,2,winter_rapeseed,2,KAS,0.4,24
820,2,winter_rapeseed,3,KAS,0.8,20
822,2,winter_rapeseed,1,PK,0.001,35
822,2,winter_rapeseed,2,KAS,0.4,24
822,2,winter_rapeseed,3,KAS,0.8,20
823,2,winter_rapeseed,1,PK,0.001,35
823,2,winter_rapeseed,2,KAS,0.4,24
823,2,winter_rapeseed,3,KAS,0.8,20
824,2,winter_rapeseed,1,PK,0.001,35
824,2,winter_rapeseed,2,KAS,0.4,24
824,2,winter_rapeseed,3,KAS,0.8,20
825,2,winter_rapeseed,1,PK,0.001,35
825,2,winter_rapeseed,2,KAS,0.4,24
825,2,winter_rapeseed,3,KAS,0.8,20
826,2,winter_rapeseed,1,PK,0.001,35
826,2,winter_rapeseed,2,KAS,0.4,24
826,2,winter_rapeseed,3,KAS,0.8,20
827,2,winter_rapeseed,1,PK,0.001,35
827,2,winter_rapeseed,2,KAS,0.4,24
827,2,winter_rapeseed,3,KAS,0.8,20
828,2,winter_rapeseed,1,PK,0.001,35
828,2,winter_rapeseed,2,KAS,0.4,24
828,2,winter_rapeseed,3,KAS,0.8,20
829,2,winter_rapeseed,1,PK,0.001,35
829,2,winter_rapeseed,2,KAS,0.4,24
829,2,winter_rapeseed,3,KAS,0.8,20
833,2,winter_rapeseed,1,PK,0.001,35
833,2,winter_rapeseed,2,KAS,0.4,24
833,2,winter_rapeseed,3,KAS,0.8,20
839,2,winter_rapeseed,1,PK,0.001,35
839,2,winter_rapeseed,2,KAS,0.4,24
839,2,winter_rapeseed,3,KAS,0.8,20
840,2,winter_rapeseed,1,PK,0.001,35
840,2,winter_rapeseed,2,KAS,0.4,24
840,2,winter_rapeseed,3,KAS,0.8,20
841,2,winter_rapeseed,1,PK,0.001,35
841,2,winter_rapeseed,2,KAS,0.4,24
841,2,winter_rapeseed,3,KAS,0.8,20
847,2,winter_rapeseed,1,PK,0.001,35
847,2,winter_rapeseed,2,KAS,0.4,24
847,2,winter_rapeseed,3,KAS,0.8,20
849,2,winter_rapeseed,1,PK,0.001,35
849,2,winter_rapeseed,2,KAS,0.4,24
849,2,winter_rapeseed,3,KAS,0.8,20
853,2,winter_rapeseed,1,PK,0.001,35
853,2,winter_rapeseed,2,KAS,0.4,24
853,2,winter_rapeseed,3,KAS,0.8,20
855,2,winter_rapeseed,1,PK,0.001,35
855,2,winter_rapeseed,2,KAS,0.4,24
855,2,winter_rapeseed,3,KAS,0.8,20
857,2,winter_rapeseed,1,PK,0.001,35
857,2,winter_rapeseed,2,KAS,0.4,24
857,2,winter_rapeseed,3,KAS,0.8,20
858,2,winter_rapeseed,1,PK,0.001,35
858,2,winter_rapeseed,2,KAS,0.4,24
858,2,winter_rapeseed,3,KAS,0.8,20
859,2,winter_rapeseed,1,PK,0.001,35
859,2,winter_rapeseed,2,KAS,0.4,24
859,2,winter_rapeseed,3,KAS,0.8,20
860,2,winter_rapeseed,1,PK,0.001,35
860,2,winter_rapeseed,2,KAS,0.4,24
860,2,winter_rapeseed,3,KAS,0.8,20
861,2,winter_rapeseed,1,PK,0.001,35
861,2,winter_rapeseed,2,KAS,0.4,24
861,2,winter_rapeseed,3,KAS,0.8,20
863,2,winter_rapeseed,1,PK,0.001,35
863,2,winter_rapeseed,2,KAS,0.4,24
863,2,winter_rapeseed,3,KAS,0.8,20
864,2,winter_rapeseed,1,PK,0.001,35
864,2,winter_rapeseed,2,KAS,0.4,24
864,2,winter_rapeseed,3,KAS,0.8,20
865,2,winter_rapeseed,1,PK,0.001,35
865,2,winter_rapeseed,2,KAS,0.4,24
865,2,winter_rapeseed,3,KAS,0.8,20
866,2,winter_rapeseed,1,PK,0.001,35
866,2,winter_rapeseed,2,KAS,0.4,24
866,2,winter_rapeseed,3,KAS,0.8,20
868,2,winter_rapeseed,1,PK,0.001,35
868,2,winter_rapeseed,2,KAS,0.4,24
868,2,winter_rapeseed,3,KAS,0.8,20
869,2,winter_rapeseed,1,PK,0.001,35
869,2,winter_rapeseed,2,KAS,0.4,24
869,2,winter_rapeseed,3,KAS,0.8,20
870,2,winter_rapeseed,1,PK,0.001,35
870,2,winter_rapeseed,2,KAS,0.4,24
870,2,winter_rapeseed,3,KAS,0.8,20
874,2,winter_rapeseed,1,PK,0.001,35
874,2,winter_rapeseed,2,KAS,0.4,24
874,2,winter_rapeseed,3,KAS,0.8,20
879,2,winter_rapeseed,1,PK,0.001,35
879,2,winter_rapeseed,2,KAS,0.4,24
879,2,winter_rapeseed,3,KAS,0.8,20
880,2,winter_rapeseed,1,PK,0.001,35
880,2,winter_rapeseed,2,KAS,0.4,24
880,2,winter_rapeseed,3,KAS,0.8,20
883,2,winter_rapeseed,1,PK,0.001,35
883,2,winter_rapeseed,2,KAS,0.4,24
883,2,winter_rapeseed,3,KAS,0.8,20
884,2,winter_rapeseed,1,PK,0.001,35
884,2,winter_rapeseed,2,KAS,0.4,24
884,2,winter_rapeseed,3,KAS,0.8,20
887,2,winter_rapeseed,1,PK,0.001,35
887,2,winter_rapeseed,2,KAS,0.4,24
887,2,winter_rapeseed,3,KAS,0.8,20
889,2,winter_rapeseed,1,PK,0.001,35
889,2,winter_rapeseed,2,KAS,0.4,24
889,2,winter_rapeseed,3,KAS,0.8,20
892,2,winter_rapeseed,1,PK,0.001,35
892,2,winter_rapeseed,2,KAS,0.4,24
892,2,winter_rapeseed,3,KAS,0.8,20
896,2,winter_rapeseed,1,PK,0.001,35
896,2,winter_rapeseed,2,KAS,0.4,24
896,2,winter_rapeseed,3,KAS,0.8,20
899,2,winter_rapeseed,1,PK,0.001,35
899,2,winter_rapeseed,2,KAS,0.4,24
899,2,winter_rapeseed,3,KAS,0.8,20
900,2,winter_rapeseed,1,PK,0.001,35
900,2,winter_rapeseed,2,KAS,0.4,24
900,2,winter_rapeseed,3,KAS,0.8,20
901,2,winter_rapeseed,1,PK,0.001,35
901,2,winter_rapeseed,2,KAS,0.4,24
901,2,winter_rapeseed,3,KAS,0.8,20
902,2,winter_rapeseed,1,PK,0.001,35
902,2,winter_rapeseed,2,KAS,0.4,24
902,2,winter_rapeseed,3,KAS,0.8,20
903,2,winter_rapeseed,1,PK,0.001,35
903,2,winter_rapeseed,2,KAS,0.4,24
903,2,winter_rapeseed,3,KAS,0.8,20
911,2,winter_rapeseed,1,PK,0.001,35
911,2,winter_rapeseed,2,KAS,0.4,24
911,2,winter_rapeseed,3,KAS,0.8,20
915,2,winter_rapeseed,1,PK,0.001,35
915,2,winter_rapeseed,2,KAS,0.4,24
915,2,winter_rapeseed,3,KAS,0.8,20
918,2,winter_rapeseed,1,PK,0.001,35
918,2,winter_rapeseed,2,KAS,0.4,24
918,2,winter_rapeseed,3,KAS,0.8,20
922,2,winter_rapeseed,1,PK,0.001,35
922,2,winter_rapeseed,2,KAS,0.4,24
922,2,winter_rapeseed,3,KAS,0.8,20
924,2,winter_rapeseed,1,PK,0.001,35
924,2,winter_rapeseed,2,KAS,0.4,24
924,2,winter_rapeseed,3,KAS,0.8,20
938,2,winter_rapeseed,1,PK,0.001,35
938,2,winter_rapeseed,2,KAS,0.4,24
938,2,winter_rapeseed,3,KAS,0.8,20
940,2,winter_rapeseed,1,PK,0.001,35
940,2,winter_rapeseed,2,KAS,0.4,24
940,2,winter_rapeseed,3,KAS,0.8,20
942,2,winter_rapeseed,1,PK,0.001,35
942,2,winter_rapeseed,2,KAS,0.4,24
942,2,winter_rapeseed,3,KAS,0.8,20
944,2,winter_rapeseed,1,PK,0.001,35
944,2,winter_rapeseed,2,KAS,0.4,24
944,2,winter_rapeseed,3,KAS,0.8,20
945,2,winter_rapeseed,1,PK,0.001,35
945,2,winter_rapeseed,2,KAS,0.4,24
945,2,winter_rapeseed,3,KAS,0.8,20
946,2,winter_rapeseed,1,PK,0.001,35
946,2,winter_rapeseed,2,KAS,0.4,24
946,2,winter_rapeseed,3,KAS,0.8,20
947,2,winter_rapeseed,1,PK,0.001,35
947,2,winter_rapeseed,2,KAS,0.4,24
947,2,winter_rapeseed,3,KAS,0.8,20
950,2,winter_rapeseed,1,PK,0.001,35
950,2,winter_rapeseed,2,KAS,0.4,24
950,2,winter_rapeseed,3,KAS,0.8,20
954,2,winter_rapeseed,1,PK,0.001,35
954,2,winter_rapeseed,2,KAS,0.4,24
954,2,winter_rapeseed,3,KAS,0.8,20
955,2,winter_rapeseed,1,PK,0.001,35
955,2,winter_rapeseed,2,KAS,0.4,24
955,2,winter_rapeseed,3,KAS,0.8,20
956,2,winter_rapeseed,1,PK,0.001,35
956,2,winter_rapeseed,2,KAS,0.4,24
956,2,winter_rapeseed,3,KAS,0.8,20
960,2,winter_rapeseed,1,PK,0.001,35
960,2,winter_rapeseed,2,KAS,0.4,24
960,2,winter_rapeseed,3,KAS,0.8,20
962,2,winter_rapeseed,1,PK,0.001,35
962,2,winter_rapeseed,2,KAS,0.4,24
962,2,winter_rapeseed,3,KAS,0.8,20
963,2,winter_rapeseed,1,PK,0.001,35
963,2,winter_rapeseed,2,KAS,0.4,24
963,2,winter_rapeseed,3,KAS,0.8,20
964,2,winter_rapeseed,1,PK,0.001,35
964,2,winter_rapeseed,2,KAS,0.4,24
964,2,winter_rapeseed,3,KAS,0.8,20
965,2,winter_rapeseed,1,PK,0.001,35
965,2,winter_rapeseed,2,KAS,0.4,24
965,2,winter_rapeseed,3,KAS,0.8,20
966,2,winter_rapeseed,1,PK,0.001,35
966,2,winter_rapeseed,2,KAS,0.4,24
966,2,winter_rapeseed,3,KAS,0.8,20
967,2,winter_rapeseed,1,PK,0.001,35
967,2,winter_rapeseed,2,KAS,0.4,24
967,2,winter_rapeseed,3,KAS,0.8,20
968,2,winter_rapeseed,1,PK,0.001,35
968,2,winter_rapeseed,2,KAS,0.4,24
968,2,winter_rapeseed,3,KAS,0.8,20
969,2,winter_rapeseed,1,PK,0.001,35
969,2,winter_rapeseed,2,KAS,0.4,24
969,2,winter_rapeseed,3,KAS,0.8,20
970,2,winter_rapeseed,1,PK,0.001,35
970,2,winter_rapeseed,2,KAS,0.4,24
970,2,winter_rapeseed,3,KAS,0.8,20
971,2,winter_rapeseed,1,PK,0.001,35
971,2,winter_rapeseed,2,KAS,0.4,24
971,2,winter_rapeseed,3,KAS,0.8,20
972,2,winter_rapeseed,1,PK,0.001,35
972,2,winter_rapeseed,2,KAS,0.4,24
972,2,winter_rapeseed,3,KAS,0.8,20
974,2,winter_rapeseed,1,PK,0.001,35
974,2,winter_rapeseed,2,KAS,0.4,24
974,2,winter_rapeseed,3,KAS,0.8,20
975,2,winter_rapeseed,1,PK,0.001,35
975,2,winter_rapeseed,2,KAS,0.4,24
975,2,winter_rapeseed,3,KAS,0.8,20
979,2,winter_rapeseed,1,PK,0.001,35
979,2,winter_rapeseed,2,KAS,0.4,24
979,2,winter_rapeseed,3,KAS,0.8,20
981,2,winter_rapeseed,1,PK,0.001,35
981,2,winter_rapeseed,2,KAS,0.4,24
981,2,winter_rapeseed,3,KAS,0.8,20
986,2,winter_rapeseed,1,PK,0.001,35
986,2,winter_rapeseed,2,KAS,0.4,24
986,2,winter_rapeseed,3,KAS,0.8,20
988,2,winter_rapeseed,1,PK,0.001,35
988,2,winter_rapeseed,2,KAS,0.4,24
988,2,winter_rapeseed,3,KAS,0.8,20
992,2,winter_rapeseed,1,PK,0.001,35
992,2,winter_rapeseed,2,KAS,0.4,24
992,2,winter_rapeseed,3,KAS,0.8,20
993,2,winter_rapeseed,1,PK,0.001,35
993,2,winter_rapeseed,2,KAS,0.4,24
993,2,winter_rapeseed,3,KAS,0.8,20
994,2,winter_rapeseed,1,PK,0.001,35
994,2,winter_rapeseed,2,KAS,0.4,24
994,2,winter_rapeseed,3,KAS,0.8,20
995,2,winter_rapeseed,1,PK,0.001,35
995,2,winter_rapeseed,2,KAS,0.4,24
995,2,winter_rapeseed,3,KAS,0.8,20
997,2,winter_rapeseed,1,PK,0.001,35
997,2,winter_rapeseed,2,KAS,0.4,24
997,2,winter_rapeseed,3,KAS,0.8,20
999,2,winter_rapeseed,1,PK,0.001,35
999,2,winter_rapeseed,2,KAS,0.4,24
999,2,winter_rapeseed,3,KAS,0.8,20
1001,2,winter_rapeseed,1,PK,0.001,35
1001,2,winter_rapeseed,2,KAS,0.4,24
1001,2,winter_rapeseed,3,KAS,0.8,20
1002,2,winter_rapeseed,1,PK,0.001,35
1002,2,winter_rapeseed,2,KAS,0.4,24
1002,2,winter_rapeseed,3,KAS,0.8,20
1003,2,winter_rapeseed,1,PK,0.001,35
1003,2,winter_rapeseed,2,KAS,0.4,24
1003,2,winter_rapeseed,3,KAS,0.8,20
1005,2,winter_rapeseed,1,PK,0.001,35
1005,2,winter_rapeseed,2,KAS,0.4,24
1005,2,winter_rapeseed,3,KAS,0.8,20
1007,2,winter_rapeseed,1,PK,0.001,35
1007,2,winter_rapeseed,2,KAS,0.4,24
1007,2,winter_rapeseed,3,KAS,0.8,20
1009,2,winter_rapeseed,1,PK,0.001,35
1009,2,winter_rapeseed,2,KAS,0.4,24
1009,2,winter_rapeseed,3,KAS,0.8,20
1010,2,winter_rapeseed,1,PK,0.001,35
1010,2,winter_rapeseed,2,KAS,0.4,24
1010,2,winter_rapeseed,3,KAS,0.8,20
1014,2,winter_rapeseed,1,PK,0.001,35
1014,2,winter_rapeseed,2,KAS,0.4,24
1014,2,winter_rapeseed,3,KAS,0.8,20
1015,2,winter_rapeseed,1,PK,0.001,35
1015,2,winter_rapeseed,2,KAS,0.4,24
1015,2,winter_rapeseed,3,KAS,0.8,20
1016,2,winter_rapeseed,1,PK,0.001,35
1016,2,winter_rapeseed,2,KAS,0.4,24
1016,2,winter_rapeseed,3,KAS,0.8,20
1022,2,winter_rapeseed,1,PK,0.001,35
1022,2,winter_rapeseed,2,KAS,0.4,24
1022,2,winter_rapeseed,3,KAS,0.8,20
1023,2,winter_rapeseed,1,PK,0.001,35
1023,2,winter_rapeseed,2,KAS,0.4,24
1023,2,winter_rapeseed,3,KAS,0.8,20
1024,2,winter_rapeseed,1,PK,0.001,35
1024,2,winter_rapeseed,2,KAS,0.4,24
1024,2,winter_rapeseed,3,KAS,0.8,20
1025,2,winter_rapeseed,1,PK,0.001,35
1025,2,winter_rapeseed,2,KAS,0.4,24
1025,2,winter_rapeseed,3,KAS,0.8,20
1030,2,winter_rapeseed,1,PK,0.001,35
1030,2,winter_rapeseed,2,KAS,0.4,24
1030,2,winter_rapeseed,3,KAS,0.8,20
1033,2,winter_rapeseed,1,PK,0.001,35
1033,2,winter_rapeseed,2,KAS,0.4,24
1033,2,winter_rapeseed,3,KAS,0.8,20
1037,2,winter_rapeseed,1,PK,0.001,35
1037,2,winter_rapeseed,2,KAS,0.4,24
1037,2,winter_rapeseed,3,KAS,0.8,20
1055,2,winter_rapeseed,1,PK,0.001,35
1055,2,winter_rapeseed,2,KAS,0.4,24
1055,2,winter_rapeseed,3,KAS,0.8,20
1059,2,winter_rapeseed,1,PK,0.001,35
1059,2,winter_rapeseed,2,KAS,0.4,24
1059,2,winter_rapeseed,3,KAS,0.8,20
1060,2,winter_rapeseed,1,PK,0.001,35
1060,2,winter_rapeseed,2,KAS,0.4,24
1060,2,winter_rapeseed,3,KAS,0.8,20
1061,2,winter_rapeseed,1,PK,0.001,35
1061,2,winter_rapeseed,2,KAS,0.4,24
1061,2,winter_rapeseed,3,KAS,0.8,20
1062,2,winter_rapeseed,1,PK,0.001,35
1062,2,winter_rapeseed,2,KAS,0.4,24
1062,2,winter_rapeseed,3,KAS,0.8,20
1063,2,winter_rapeseed,1,PK,0.001,35
1063,2,winter_rapeseed,2,KAS,0.4,24
1063,2,winter_rapeseed,3,KAS,0.8,20
1064,2,winter_rapeseed,1,PK,0.001,35
1064,2,winter_rapeseed,2,KAS,0.4,24
1064,2,winter_rapeseed,3,KAS,0.8,20
1065,2,winter_rapeseed,1,PK,0.001,35
1065,2,winter_rapeseed,2,KAS,0.4,24
1065,2,winter_rapeseed,3,KAS,0.8,20
1066,2,winter_rapeseed,1,PK,0.001,35
1066,2,winter_rapeseed,2,KAS,0.4,24
1066,2,winter_rapeseed,3,KAS,0.8,20
1067,2,winter_rapeseed,1,PK,0.001,35
1067,2,winter_rapeseed,2,KAS,0.4,24
1067,2,winter_rapeseed,3,KAS,0.8,20
1068,2,winter_rapeseed,1,PK,0.001,35
1068,2,winter_rapeseed,2,KAS,0.4,24
1068,2,winter_rapeseed,3,KAS,0.8,20
1069,2,winter_rapeseed,1,PK,0.001,35
1069,2,winter_rapeseed,2,KAS,0.4,24
1069,2,winter_rapeseed,3,KAS,0.8,20
1070,2,winter_rapeseed,1,PK,0.001,35
1070,2,winter_rapeseed,2,KAS,0.4,24
1070,2,winter_rapeseed,3,KAS,0.8,20
1071,2,winter_rapeseed,1,PK,0.001,35
1071,2,winter_rapeseed,2,KAS,0.4,24
1071,2,winter_rapeseed,3,KAS,0.8,20
1072,2,winter_rapeseed,1,PK,0.001,35
1072,2,winter_rapeseed,2,KAS,0.4,24
1072,2,winter_rapeseed,3,KAS,0.8,20
1073,2,winter_rapeseed,1,PK,0.001,35
1073,2,winter_rapeseed,2,KAS,0.4,24
1073,2,winter_rapeseed,3,KAS,0.8,20
1074,2,winter_rapeseed,1,PK,0.001,35
1074,2,winter_rapeseed,2,KAS,0.4,24
1074,2,winter_rapeseed,3,KAS,0.8,20
1075,2,winter_rapeseed,1,PK,0.001,35
1075,2,winter_rapeseed,2,KAS,0.4,24
1075,2,winter_rapeseed,3,KAS,0.8,20
1076,2,winter_rapeseed,1,PK,0.001,35
1076,2,winter_rapeseed,2,KAS,0.4,24
1076,2,winter_rapeseed,3,KAS,0.8,20
1078,2,winter_rapeseed,1,PK,0.001,35
1078,2,winter_rapeseed,2,KAS,0.4,24
1078,2,winter_rapeseed,3,KAS,0.8,20
1080,2,winter_rapeseed,1,PK,0.001,35
1080,2,winter_rapeseed,2,KAS,0.4,24
1080,2,winter_rapeseed,3,KAS,0.8,20
1081,2,winter_rapeseed,1,PK,0.001,35
1081,2,winter_rapeseed,2,KAS,0.4,24
1081,2,winter_rapeseed,3,KAS,0.8,20
1082,2,winter_rapeseed,1,PK,0.001,35
1082,2,winter_rapeseed,2,KAS,0.4,24
1082,2,winter_rapeseed,3,KAS,0.8,20
1086,2,winter_rapeseed,1,PK,0.001,35
1086,2,winter_rapeseed,2,KAS,0.4,24
1086,2,winter_rapeseed,3,KAS,0.8,20
1090,2,winter_rapeseed,1,PK,0.001,35
1090,2,winter_rapeseed,2,KAS,0.4,24
1090,2,winter_rapeseed,3,KAS,0.8,20
1091,2,winter_rapeseed,1,PK,0.001,35
1091,2,winter_rapeseed,2,KAS,0.4,24
1091,2,winter_rapeseed,3,KAS,0.8,20
1092,2,winter_rapeseed,1,PK,0.001,35
1092,2,winter_rapeseed,2,KAS,0.4,24
1092,2,winter_rapeseed,3,KAS,0.8,20
1096,2,winter_rapeseed,1,PK,0.001,35
1096,2,winter_rapeseed,2,KAS,0.4,24
1096,2,winter_rapeseed,3,KAS,0.8,20
1101,2,winter_rapeseed,1,PK,0.001,35
1101,2,winter_rapeseed,2,KAS,0.4,24
1101,2,winter_rapeseed,3,KAS,0.8,20
1102,2,winter_rapeseed,1,PK,0.001,35
1102,2,winter_rapeseed,2,KAS,0.4,24
1102,2,winter_rapeseed,3,KAS,0.8,20
1106,2,winter_rapeseed,1,PK,0.001,35
1106,2,winter_rapeseed,2,KAS,0.4,24
1106,2,winter_rapeseed,3,KAS,0.8,20
1113,2,winter_rapeseed,1,PK,0.001,35
1113,2,winter_rapeseed,2,KAS,0.4,24
1113,2,winter_rapeseed,3,KAS,0.8,20
1115,2,winter_rapeseed,1,PK,0.001,35
1115,2,winter_rapeseed,2,KAS,0.4,24
1115,2,winter_rapeseed,3,KAS,0.8,20
1118,2,winter_rapeseed,1,PK,0.001,35
1118,2,winter_rapeseed,2,KAS,0.4,24
1118,2,winter_rapeseed,3,KAS,0.8,20
1119,2,winter_rapeseed,1,PK,0.001,35
1119,2,winter_rapeseed,2,KAS,0.4,24
1119,2,winter_rapeseed,3,KAS,0.8,20
1121,2,winter_rapeseed,1,PK,0.001,35
1121,2,winter_rapeseed,2,KAS,0.4,24
1121,2,winter_rapeseed,3,KAS,0.8,20
1122,2,winter_rapeseed,1,PK,0.001,35
1122,2,winter_rapeseed,2,KAS,0.4,24
1122,2,winter_rapeseed,3,KAS,0.8,20
1123,2,winter_rapeseed,1,PK,0.001,35
1123,2,winter_rapeseed,2,KAS,0.4,24
1123,2,winter_rapeseed,3,KAS,0.8,20
1125,2,winter_rapeseed,1,PK,0.001,35
1125,2,winter_rapeseed,2,KAS,0.4,24
1125,2,winter_rapeseed,3,KAS,0.8,20
1127,2,winter_rapeseed,1,PK,0.001,35
1127,2,winter_rapeseed,2,KAS,0.4,24
1127,2,winter_rapeseed,3,KAS,0.8,20
1128,2,winter_rapeseed,1,PK,0.001,35
1128,2,winter_rapeseed,2,KAS,0.4,24
1128,2,winter_rapeseed,3,KAS,0.8,20
1129,2,winter_rapeseed,1,PK,0.001,35
1129,2,winter_rapeseed,2,KAS,0.4,24
1129,2,winter_rapeseed,3,KAS,0.8,20
1133,2,winter_rapeseed,1,PK,0.001,35
1133,2,winter_rapeseed,2,KAS,0.4,24
1133,2,winter_rapeseed,3,KAS,0.8,20
1140,2,winter_rapeseed,1,PK,0.001,35
1140,2,winter_rapeseed,2,KAS,0.4,24
1140,2,winter_rapeseed,3,KAS,0.8,20
1141,2,winter_rapeseed,1,PK,0.001,35
1141,2,winter_rapeseed,2,KAS,0.4,24
1141,2,winter_rapeseed,3,KAS,0.8,20
1142,2,winter_rapeseed,1,PK,0.001,35
1142,2,winter_rapeseed,2,KAS,0.4,24
1142,2,winter_rapeseed,3,KAS,0.8,20
1143,2,winter_rapeseed,1,PK,0.001,35
1143,2,winter_rapeseed,2,KAS,0.4,24
1143,2,winter_rapeseed,3,KAS,0.8,20
1145,2,winter_rapeseed,1,PK,0.001,35
1145,2,winter_rapeseed,2,KAS,0.4,24
1145,2,winter_rapeseed,3,KAS,0.8,20
1147,2,winter_rapeseed,1,PK,0.001,35
1147,2,winter_rapeseed,2,KAS,0.4,24
1147,2,winter_rapeseed,3,KAS,0.8,20
1150,2,winter_rapeseed,1,PK,0.001,35
1150,2,winter_rapeseed,2,KAS,0.4,24
1150,2,winter_rapeseed,3,KAS,0.8,20
1151,2,winter_rapeseed,1,PK,0.001,35
1151,2,winter_rapeseed,2,KAS,0.4,24
1151,2,winter_rapeseed,3,KAS,0.8,20
1155,2,winter_rapeseed,1,PK,0.001,35
1155,2,winter_rapeseed,2,KAS,0.4,24
1155,2,winter_rapeseed,3,KAS,0.8,20
1157,2,winter_rapeseed,1,PK,0.001,35
1157,2,winter_rapeseed,2,KAS,0.4,24
1157,2,winter_rapeseed,3,KAS,0.8,20
1158,2,winter_rapeseed,1,PK,0.001,35
1158,2,winter_rapeseed,2,KAS,0.4,24
1158,2,winter_rapeseed,3,KAS,0.8,20
1160,2,winter_rapeseed,1,PK,0.001,35
1160,2,winter_rapeseed,2,KAS,0.4,24
1160,2,winter_rapeseed,3,KAS,0.8,20
1162,2,winter_rapeseed,1,PK,0.001,35
1162,2,winter_rapeseed,2,KAS,0.4,24
1162,2,winter_rapeseed,3,KAS,0.8,20
1163,2,winter_rapeseed,1,PK,0.001,35
1163,2,winter_rapeseed,2,KAS,0.4,24
1163,2,winter_rapeseed,3,KAS,0.8,20
1167,2,winter_rapeseed,1,PK,0.001,35
1167,2,winter_rapeseed,2,KAS,0.4,24
1167,2,winter_rapeseed,3,KAS,0.8,20
1169,2,winter_rapeseed,1,PK,0.001,35
1169,2,winter_rapeseed,2,KAS,0.4,24
1169,2,winter_rapeseed,3,KAS,0.8,20
1171,2,winter_rapeseed,1,PK,0.001,35
1171,2,winter_rapeseed,2,KAS,0.4,24
1171,2,winter_rapeseed,3,KAS,0.8,20
1173,2,winter_rapeseed,1,PK,0.001,35
1173,2,winter_rapeseed,2,KAS,0.4,24
1173,2,winter_rapeseed,3,KAS,0.8,20
1174,2,winter_rapeseed,1,PK,0.001,35
1174,2,winter_rapeseed,2,KAS,0.4,24
1174,2,winter_rapeseed,3,KAS,0.8,20
1175,2,winter_rapeseed,1,PK,0.001,35
1175,2,winter_rapeseed,2,KAS,0.4,24
1175,2,winter_rapeseed,3,KAS,0.8,20
1176,2,winter_rapeseed,1,PK,0.001,35
1176,2,winter_rapeseed,2,KAS,0.4,24
1176,2,winter_rapeseed,3,KAS,0.8,20
1177,2,winter_rapeseed,1,PK,0.001,35
1177,2,winter_rapeseed,2,KAS,0.4,24
1177,2,winter_rapeseed,3,KAS,0.8,20
1178,2,winter_rapeseed,1,PK,0.001,35
1178,2,winter_rapeseed,2,KAS,0.4,24
1178,2,winter_rapeseed,3,KAS,0.8,20
1180,2,winter_rapeseed,1,PK,0.001,35
1180,2,winter_rapeseed,2,KAS,0.4,24
1180,2,winter_rapeseed,3,KAS,0.8,20
1181,2,winter_rapeseed,1,PK,0.001,35
1181,2,winter_rapeseed,2,KAS,0.4,24
1181,2,winter_rapeseed,3,KAS,0.8,20
1182,2,winter_rapeseed,1,PK,0.001,35
1182,2,winter_rapeseed,2,KAS,0.4,24
1182,2,winter_rapeseed,3,KAS,0.8,20
1183,2,winter_rapeseed,1,PK,0.001,35
1183,2,winter_rapeseed,2,KAS,0.4,24
1183,2,winter_rapeseed,3,KAS,0.8,20
1185,2,winter_rapeseed,1,PK,0.001,35
1185,2,winter_rapeseed,2,KAS,0.4,24
1185,2,winter_rapeseed,3,KAS,0.8,20
1186,2,winter_rapeseed,1,PK,0.001,35
1186,2,winter_rapeseed,2,KAS,0.4,24
1186,2,winter_rapeseed,3,KAS,0.8,20
1187,2,winter_rapeseed,1,PK,0.001,35
1187,2,winter_rapeseed,2,KAS,0.4,24
1187,2,winter_rapeseed,3,KAS,0.8,20
1188,2,winter_rapeseed,1,PK,0.001,35
1188,2,winter_rapeseed,2,KAS,0.4,24
1188,2,winter_rapeseed,3,KAS,0.8,20
1189,2,winter_rapeseed,1,PK,0.001,35
1189,2,winter_rapeseed,2,KAS,0.4,24
1189,2,winter_rapeseed,3,KAS,0.8,20
1190,2,winter_rapeseed,1,PK,0.001,35
1190,2,winter_rapeseed,2,KAS,0.4,24
1190,2,winter_rapeseed,3,KAS,0.8,20
1198,2,winter_rapeseed,1,PK,0.001,35
1198,2,winter_rapeseed,2,KAS,0.4,24
1198,2,winter_rapeseed,3,KAS,0.8,20
1199,2,winter_rapeseed,1,PK,0.001,35
1199,2,winter_rapeseed,2,KAS,0.4,24
1199,2,winter_rapeseed,3,KAS,0.8,20
1200,2,winter_rapeseed,1,PK,0.001,35
1200,2,winter_rapeseed,2,KAS,0.4,24
1200,2,winter_rapeseed,3,KAS,0.8,20
1201,2,winter_rapeseed,1,PK,0.001,35
1201,2,winter_rapeseed,2,KAS,0.4,24
1201,2,winter_rapeseed,3,KAS,0.8,20
1202,2,winter_rapeseed,1,PK,0.001,35
1202,2,winter_rapeseed,2,KAS,0.4,24
1202,2,winter_rapeseed,3,KAS,0.8,20
1203,2,winter_rapeseed,1,PK,0.001,35
1203,2,winter_rapeseed,2,KAS,0.4,24
1203,2,winter_rapeseed,3,KAS,0.8,20
1204,2,winter_rapeseed,1,PK,0.001,35
1204,2,winter_rapeseed,2,KAS,0.4,24
1204,2,winter_rapeseed,3,KAS,0.8,20
1205,2,winter_rapeseed,1,PK,0.001,35
1205,2,winter_rapeseed,2,KAS,0.4,24
1205,2,winter_rapeseed,3,KAS,0.8,20
1207,2,winter_rapeseed,1,PK,0.001,35
1207,2,winter_rapeseed,2,KAS,0.4,24
1207,2,winter_rapeseed,3,KAS,0.8,20
1209,2,winter_rapeseed,1,PK,0.001,35
1209,2,winter_rapeseed,2,KAS,0.4,24
1209,2,winter_rapeseed,3,KAS,0.8,20
1210,2,winter_rapeseed,1,PK,0.001,35
1210,2,winter_rapeseed,2,KAS,0.4,24
1210,2,winter_rapeseed,3,KAS,0.8,20
1211,2,winter_rapeseed,1,PK,0.001,35
1211,2,winter_rapeseed,2,KAS,0.4,24
1211,2,winter_rapeseed,3,KAS,0.8,20
1212,2,winter_rapeseed,1,PK,0.001,35
1212,2,winter_rapeseed,2,KAS,0.4,24
1212,2,winter_rapeseed,3,KAS,0.8,20
1218,2,winter_rapeseed,1,PK,0.001,35
1218,2,winter_rapeseed,2,KAS,0.4,24
1218,2,winter_rapeseed,3,KAS,0.8,20
1221,2,winter_rapeseed,1,PK,0.001,35
1221,2,winter_rapeseed,2,KAS,0.4,24
1221,2,winter_rapeseed,3,KAS,0.8,20
1222,2,winter_rapeseed,1,PK,0.001,35
1222,2,winter_rapeseed,2,KAS,0.4,24
1222,2,winter_rapeseed,3,KAS,0.8,20
1224,2,winter_rapeseed,1,PK,0.001,35
1224,2,winter_rapeseed,2,KAS,0.4,24
1224,2,winter_rapeseed,3,KAS,0.8,20
1225,2,winter_rapeseed,1,PK,0.001,35
1225,2,winter_rapeseed,2,KAS,0.4,24
1225,2,winter_rapeseed,3,KAS,0.8,20
1226,2,winter_rapeseed,1,PK,0.001,35
1226,2,winter_rapeseed,2,KAS,0.4,24
1226,2,winter_rapeseed,3,KAS,0.8,20
1231,2,winter_rapeseed,1,PK,0.001,35
1231,2,winter_rapeseed,2,KAS,0.4,24
1231,2,winter_rapeseed,3,KAS,0.8,20
1236,2,winter_rapeseed,1,PK,0.001,35
1236,2,winter_rapeseed,2,KAS,0.4,24
1236,2,winter_rapeseed,3,KAS,0.8,20
1237,2,winter_rapeseed,1,PK,0.001,35
1237,2,winter_rapeseed,2,KAS,0.4,24
1237,2,winter_rapeseed,3,KAS,0.8,20
1238,2,winter_rapeseed,1,PK,0.001,35
1238,2,winter_rapeseed,2,KAS,0.4,24
1238,2,winter_rapeseed,3,KAS,0.8,20
1239,2,winter_rapeseed,1,PK,0.001,35
1239,2,winter_rapeseed,2,KAS,0.4,24
1239,2,winter_rapeseed,3,KAS,0.8,20
1240,2,winter_rapeseed,1,PK,0.001,35
1240,2,winter_rapeseed,2,KAS,0.4,24
1240,2,winter_rapeseed,3,KAS,0.8,20
1241,2,winter_rapeseed,1,PK,0.001,35
1241,2,winter_rapeseed,2,KAS,0.4,24
1241,2,winter_rapeseed,3,KAS,0.8,20
1242,2,winter_rapeseed,1,PK,0.001,35
1242,2,winter_rapeseed,2,KAS,0.4,24
1242,2,winter_rapeseed,3,KAS,0.8,20
1243,2,winter_rapeseed,1,PK,0.001,35
1243,2,winter_rapeseed,2,KAS,0.4,24
1243,2,winter_rapeseed,3,KAS,0.8,20
1244,2,winter_rapeseed,1,PK,0.001,35
1244,2,winter_rapeseed,2,KAS,0.4,24
1244,2,winter_rapeseed,3,KAS,0.8,20
1245,2,winter_rapeseed,1,PK,0.001,35
1245,2,winter_rapeseed,2,KAS,0.4,24
1245,2,winter_rapeseed,3,KAS,0.8,20
1246,2,winter_rapeseed,1,PK,0.001,35
1246,2,winter_rapeseed,2,KAS,0.4,24
1246,2,winter_rapeseed,3,KAS,0.8,20
1247,2,winter_rapeseed,1,PK,0.001,35
1247,2,winter_rapeseed,2,KAS,0.4,24
1247,2,winter_rapeseed,3,KAS,0.8,20
1248,2,winter_rapeseed,1,PK,0.001,35
1248,2,winter_rapeseed,2,KAS,0.4,24
1248,2,winter_rapeseed,3,KAS,0.8,20
1249,2,winter_rapeseed,1,PK,0.001,35
1249,2,winter_rapeseed,2,KAS,0.4,24
1249,2,winter_rapeseed,3,KAS,0.8,20
1252,2,winter_rapeseed,1,PK,0.001,35
1252,2,winter_rapeseed,2,KAS,0.4,24
1252,2,winter_rapeseed,3,KAS,0.8,20
1254,2,winter_rapeseed,1,PK,0.001,35
1254,2,winter_rapeseed,2,KAS,0.4,24
1254,2,winter_rapeseed,3,KAS,0.8,20
1255,2,winter_rapeseed,1,PK,0.001,35
1255,2,winter_rapeseed,2,KAS,0.4,24
1255,2,winter_rapeseed,3,KAS,0.8,20
1256,2,winter_rapeseed,1,PK,0.001,35
1256,2,winter_rapeseed,2,KAS,0.4,24
1256,2,winter_rapeseed,3,KAS,0.8,20
1257,2,winter_rapeseed,1,PK,0.001,35
1257,2,winter_rapeseed,2,KAS,0.4,24
1257,2,winter_rapeseed,3,KAS,0.8,20
1258,2,winter_rapeseed,1,PK,0.001,35
1258,2,winter_rapeseed,2,KAS,0.4,24
1258,2,winter_rapeseed,3,KAS,0.8,20
1259,2,winter_rapeseed,1,PK,0.001,35
1259,2,winter_rapeseed,2,KAS,0.4,24
1259,2,winter_rapeseed,3,KAS,0.8,20
1260,2,winter_rapeseed,1,PK,0.001,35
1260,2,winter_rapeseed,2,KAS,0.4,24
1260,2,winter_rapeseed,3,KAS,0.8,20
1263,2,winter_rapeseed,1,PK,0.001,35
1263,2,winter_rapeseed,2,KAS,0.4,24
1263,2,winter_rapeseed,3,KAS,0.8,20
1264,2,winter_rapeseed,1,PK,0.001,35
1264,2,winter_rapeseed,2,KAS,0.4,24
1264,2,winter_rapeseed,3,KAS,0.8,20
1265,2,winter_rapeseed,1,PK,0.001,35
1265,2,winter_rapeseed,2,KAS,0.4,24
1265,2,winter_rapeseed,3,KAS,0.8,20
1266,2,winter_rapeseed,1,PK,0.001,35
1266,2,winter_rapeseed,2,KAS,0.4,24
1266,2,winter_rapeseed,3,KAS,0.8,20
1267,2,winter_rapeseed,1,PK,0.001,35
1267,2,winter_rapeseed,2,KAS,0.4,24
1267,2,winter_rapeseed,3,KAS,0.8,20
1272,2,winter_rapeseed,1,PK,0.001,35
1272,2,winter_rapeseed,2,KAS,0.4,24
1272,2,winter_rapeseed,3,KAS,0.8,20
1273,2,winter_rapeseed,1,PK,0.001,35
1273,2,winter_rapeseed,2,KAS,0.4,24
1273,2,winter_rapeseed,3,KAS,0.8,20
1275,2,winter_rapeseed,1,PK,0.001,35
1275,2,winter_rapeseed,2,KAS,0.4,24
1275,2,winter_rapeseed,3,KAS,0.8,20
1277,2,winter_rapeseed,1,PK,0.001,35
1277,2,winter_rapeseed,2,KAS,0.4,24
1277,2,winter_rapeseed,3,KAS,0.8,20
1284,2,winter_rapeseed,1,PK,0.001,35
1284,2,winter_rapeseed,2,KAS,0.4,24
1284,2,winter_rapeseed,3,KAS,0.8,20
1285,2,winter_rapeseed,1,PK,0.001,35
1285,2,winter_rapeseed,2,KAS,0.4,24
1285,2,winter_rapeseed,3,KAS,0.8,20
1286,2,winter_rapeseed,1,PK,0.001,35
1286,2,winter_rapeseed,2,KAS,0.4,24
1286,2,winter_rapeseed,3,KAS,0.8,20
1287,2,winter_rapeseed,1,PK,0.001,35
1287,2,winter_rapeseed,2,KAS,0.4,24
1287,2,winter_rapeseed,3,KAS,0.8,20
1288,2,winter_rapeseed,1,PK,0.001,35
1288,2,winter_rapeseed,2,KAS,0.4,24
1288,2,winter_rapeseed,3,KAS,0.8,20
1290,2,winter_rapeseed,1,PK,0.001,35
1290,2,winter_rapeseed,2,KAS,0.4,24
1290,2,winter_rapeseed,3,KAS,0.8,20
1291,2,winter_rapeseed,1,PK,0.001,35
1291,2,winter_rapeseed,2,KAS,0.4,24
1291,2,winter_rapeseed,3,KAS,0.8,20
1293,2,winter_rapeseed,1,PK,0.001,35
1293,2,winter_rapeseed,2,KAS,0.4,24
1293,2,winter_rapeseed,3,KAS,0.8,20
1296,2,winter_rapeseed,1,PK,0.001,35
1296,2,winter_rapeseed,2,KAS,0.4,24
1296,2,winter_rapeseed,3,KAS,0.8,20
1297,2,winter_rapeseed,1,PK,0.001,35
1297,2,winter_rapeseed,2,KAS,0.4,24
1297,2,winter_rapeseed,3,KAS,0.8,20
1298,2,winter_rapeseed,1,PK,0.001,35
1298,2,winter_rapeseed,2,KAS,0.4,24
1298,2,winter_rapeseed,3,KAS,0.8,20
1299,2,winter_rapeseed,1,PK,0.001,35
1299,2,winter_rapeseed,2,KAS,0.4,24
1299,2,winter_rapeseed,3,KAS,0.8,20
1300,2,winter_rapeseed,1,PK,0.001,35
1300,2,winter_rapeseed,2,KAS,0.4,24
1300,2,winter_rapeseed,3,KAS,0.8,20
1304,2,winter_rapeseed,1,PK,0.001,35
1304,2,winter_rapeseed,2,KAS,0.4,24
1304,2,winter_rapeseed,3,KAS,0.8,20
1305,2,winter_rapeseed,1,PK,0.001,35
1305,2,winter_rapeseed,2,KAS,0.4,24
1305,2,winter_rapeseed,3,KAS,0.8,20
1307,2,winter_rapeseed,1,PK,0.001,35
1307,2,winter_rapeseed,2,KAS,0.4,24
1307,2,winter_rapeseed,3,KAS,0.8,20
1308,2,winter_rapeseed,1,PK,0.001,35
1308,2,winter_rapeseed,2,KAS,0.4,24
1308,2,winter_rapeseed,3,KAS,0.8,20
1310,2,winter_rapeseed,1,PK,0.001,35
1310,2,winter_rapeseed,2,KAS,0.4,24
1310,2,winter_rapeseed,3,KAS,0.8,20
1317,2,winter_rapeseed,1,PK,0.001,35
1317,2,winter_rapeseed,2,KAS,0.4,24
1317,2,winter_rapeseed,3,KAS,0.8,20
1318,2,winter_rapeseed,1,PK,0.001,35
1318,2,winter_rapeseed,2,KAS,0.4,24
1318,2,winter_rapeseed,3,KAS,0.8,20
1319,2,winter_rapeseed,1,PK,0.001,35
1319,2,winter_rapeseed,2,KAS,0.4,24
1319,2,winter_rapeseed,3,KAS,0.8,20
1323,2,winter_rapeseed,1,PK,0.001,35
1323,2,winter_rapeseed,2,KAS,0.4,24
1323,2,winter_rapeseed,3,KAS,0.8,20
1325,2,winter_rapeseed,1,PK,0.001,35
1325,2,winter_rapeseed,2,KAS,0.4,24
1325,2,winter_rapeseed,3,KAS,0.8,20
1327,2,winter_rapeseed,1,PK,0.001,35
1327,2,winter_rapeseed,2,KAS,0.4,24
1327,2,winter_rapeseed,3,KAS,0.8,20
1329,2,winter_rapeseed,1,PK,0.001,35
1329,2,winter_rapeseed,2,KAS,0.4,24
1329,2,winter_rapeseed,3,KAS,0.8,20
1331,2,winter_rapeseed,1,PK,0.001,35
1331,2,winter_rapeseed,2,KAS,0.4,24
1331,2,winter_rapeseed,3,KAS,0.8,20
1333,2,winter_rapeseed,1,PK,0.001,35
1333,2,winter_rapeseed,2,KAS,0.4,24
1333,2,winter_rapeseed,3,KAS,0.8,20
1334,2,winter_rapeseed,1,PK,0.001,35
1334,2,winter_rapeseed,2,KAS,0.4,24
1334,2,winter_rapeseed,3,KAS,0.8,20
1336,2,winter_rapeseed,1,PK,0.001,35
1336,2,winter_rapeseed,2,KAS,0.4,24
1336,2,winter_rapeseed,3,KAS,0.8,20
1337,2,winter_rapeseed,1,PK,0.001,35
1337,2,winter_rapeseed,2,KAS,0.4,24
1337,2,winter_rapeseed,3,KAS,0.8,20
1338,2,winter_rapeseed,1,PK,0.001,35
1338,2,winter_rapeseed,2,KAS,0.4,24
1338,2,winter_rapeseed,3,KAS,0.8,20
1340,2,winter_rapeseed,1,PK,0.001,35
1340,2,winter_rapeseed,2,KAS,0.4,24
1340,2,winter_rapeseed,3,KAS,0.8,20
1342,2,winter_rapeseed,1,PK,0.001,35
1342,2,winter_rapeseed,2,KAS,0.4,24
1342,2,winter_rapeseed,3,KAS,0.8,20
1344,2,winter_rapeseed,1,PK,0.001,35
1344,2,winter_rapeseed,2,KAS,0.4,24
1344,2,winter_rapeseed,3,KAS,0.8,20
1345,2,winter_rapeseed,1,PK,0.001,35
1345,2,winter_rapeseed,2,KAS,0.4,24
1345,2,winter_rapeseed,3,KAS,0.8,20
1348,2,winter_rapeseed,1,PK,0.001,35
1348,2,winter_rapeseed,2,KAS,0.4,24
1348,2,winter_rapeseed,3,KAS,0.8,20
1349,2,winter_rapeseed,1,PK,0.001,35
1349,2,winter_rapeseed,2,KAS,0.4,24
1349,2,winter_rapeseed,3,KAS,0.8,20
1351,2,winter_rapeseed,1,PK,0.001,35
1351,2,winter_rapeseed,2,KAS,0.4,24
1351,2,winter_rapeseed,3,KAS,0.8,20
1354,2,winter_rapeseed,1,PK,0.001,35
1354,2,winter_rapeseed,2,KAS,0.4,24
1354,2,winter_rapeseed,3,KAS,0.8,20
1358,2,winter_rapeseed,1,PK,0.001,35
1358,2,winter_rapeseed,2,KAS,0.4,24
1358,2,winter_rapeseed,3,KAS,0.8,20
1363,2,winter_rapeseed,1,PK,0.001,35
1363,2,winter_rapeseed,2,KAS,0.4,24
1363,2,winter_rapeseed,3,KAS,0.8,20
1369,2,winter_rapeseed,1,PK,0.001,35
1369,2,winter_rapeseed,2,KAS,0.4,24
1369,2,winter_rapeseed,3,KAS,0.8,20
1371,2,winter_rapeseed,1,PK,0.001,35
1371,2,winter_rapeseed,2,KAS,0.4,24
1371,2,winter_rapeseed,3,KAS,0.8,20
1372,2,winter_rapeseed,1,PK,0.001,35
1372,2,winter_rapeseed,2,KAS,0.4,24
1372,2,winter_rapeseed,3,KAS,0.8,20
1375,2,winter_rapeseed,1,PK,0.001,35
1375,2,winter_rapeseed,2,KAS,0.4,24
1375,2,winter_rapeseed,3,KAS,0.8,20
1377,2,winter_rapeseed,1,PK,0.001,35
1377,2,winter_rapeseed,2,KAS,0.4,24
1377,2,winter_rapeseed,3,KAS,0.8,20
1378,2,winter_rapeseed,1,PK,0.001,35
1378,2,winter_rapeseed,2,KAS,0.4,24
1378,2,winter_rapeseed,3,KAS,0.8,20
1379,2,winter_rapeseed,1,PK,0.001,35
1379,2,winter_rapeseed,2,KAS,0.4,24
1379,2,winter_rapeseed,3,KAS,0.8,20
1380,2,winter_rapeseed,1,PK,0.001,35
1380,2,winter_rapeseed,2,KAS,0.4,24
1380,2,winter_rapeseed,3,KAS,0.8,20
1382,2,winter_rapeseed,1,PK,0.001,35
1382,2,winter_rapeseed,2,KAS,0.4,24
1382,2,winter_rapeseed,3,KAS,0.8,20
1387,2,winter_rapeseed,1,PK,0.001,35
1387,2,winter_rapeseed,2,KAS,0.4,24
1387,2,winter_rapeseed,3,KAS,0.8,20
1389,2,winter_rapeseed,1,PK,0.001,35
1389,2,winter_rapeseed,2,KAS,0.4,24
1389,2,winter_rapeseed,3,KAS,0.8,20
1392,2,winter_rapeseed,1,PK,0.001,35
1392,2,winter_rapeseed,2,KAS,0.4,24
1392,2,winter_rapeseed,3,KAS,0.8,20
1398,2,winter_rapeseed,1,PK,0.001,35
1398,2,winter_rapeseed,2,KAS,0.4,24
1398,2,winter_rapeseed,3,KAS,0.8,20
1400,2,winter_rapeseed,1,PK,0.001,35
1400,2,winter_rapeseed,2,KAS,0.4,24
1400,2,winter_rapeseed,3,KAS,0.8,20
1401,2,winter_rapeseed,1,PK,0.001,35
1401,2,winter_rapeseed,2,KAS,0.4,24
1401,2,winter_rapeseed,3,KAS,0.8,20
1402,2,winter_rapeseed,1,PK,0.001,35
1402,2,winter_rapeseed,2,KAS,0.4,24
1402,2,winter_rapeseed,3,KAS,0.8,20
1406,2,winter_rapeseed,1,PK,0.001,35
1406,2,winter_rapeseed,2,KAS,0.4,24
1406,2,winter_rapeseed,3,KAS,0.8,20
1408,2,winter_rapeseed,1,PK,0.001,35
1408,2,winter_rapeseed,2,KAS,0.4,24
1408,2,winter_rapeseed,3,KAS,0.8,20
1412,2,winter_rapeseed,1,PK,0.001,35
1412,2,winter_rapeseed,2,KAS,0.4,24
1412,2,winter_rapeseed,3,KAS,0.8,20
1414,2,winter_rapeseed,1,PK,0.001,35
1414,2,winter_rapeseed,2,KAS,0.4,24
1414,2,winter_rapeseed,3,KAS,0.8,20
1415,2,winter_rapeseed,1,PK,0.001,35
1415,2,winter_rapeseed,2,KAS,0.4,24
1415,2,winter_rapeseed,3,KAS,0.8,20
1416,2,winter_rapeseed,1,PK,0.001,35
1416,2,winter_rapeseed,2,KAS,0.4,24
1416,2,winter_rapeseed,3,KAS,0.8,20
1418,2,winter_rapeseed,1,PK,0.001,35
1418,2,winter_rapeseed,2,KAS,0.4,24
1418,2,winter_rapeseed,3,KAS,0.8,20
1419,2,winter_rapeseed,1,PK,0.001,35
1419,2,winter_rapeseed,2,KAS,0.4,24
1419,2,winter_rapeseed,3,KAS,0.8,20
1428,2,winter_rapeseed,1,PK,0.001,35
1428,2,winter_rapeseed,2,KAS,0.4,24
1428,2,winter_rapeseed,3,KAS,0.8,20
1430,2,winter_rapeseed,1,PK,0.001,35
1430,2,winter_rapeseed,2,KAS,0.4,24
1430,2,winter_rapeseed,3,KAS,0.8,20
1431,2,winter_rapeseed,1,PK,0.001,35
1431,2,winter_rapeseed,2,KAS,0.4,24
1431,2,winter_rapeseed,3,KAS,0.8,20
1433,2,winter_rapeseed,1,PK,0.001,35
1433,2,winter_rapeseed,2,KAS,0.4,24
1433,2,winter_rapeseed,3,KAS,0.8,20
1434,2,winter_rapeseed,1,PK,0.001,35
1434,2,winter_rapeseed,2,KAS,0.4,24
1434,2,winter_rapeseed,3,KAS,0.8,20
1438,2,winter_rapeseed,1,PK,0.001,35
1438,2,winter_rapeseed,2,KAS,0.4,24
1438,2,winter_rapeseed,3,KAS,0.8,20
1441,2,winter_rapeseed,1,PK,0.001,35
1441,2,winter_rapeseed,2,KAS,0.4,24
1441,2,winter_rapeseed,3,KAS,0.8,20
1443,2,winter_rapeseed,1,PK,0.001,35
1443,2,winter_rapeseed,2,KAS,0.4,24
1443,2,winter_rapeseed,3,KAS,0.8,20
1444,2,winter_rapeseed,1,PK,0.001,35
1444,2,winter_rapeseed,2,KAS,0.4,24
1444,2,winter_rapeseed,3,KAS,0.8,20
1447,2,winter_rapeseed,1,PK,0.001,35
1447,2,winter_rapeseed,2,KAS,0.4,24
1447,2,winter_rapeseed,3,KAS,0.8,20
1448,2,winter_rapeseed,1,PK,0.001,35
1448,2,winter_rapeseed,2,KAS,0.4,24
1448,2,winter_rapeseed,3,KAS,0.8,20
1450,2,winter_rapeseed,1,PK,0.001,35
1450,2,winter_rapeseed,2,KAS,0.4,24
1450,2,winter_rapeseed,3,KAS,0.8,20
1451,2,winter_rapeseed,1,PK,0.001,35
1451,2,winter_rapeseed,2,KAS,0.4,24
1451,2,winter_rapeseed,3,KAS,0.8,20
1452,2,winter_rapeseed,1,PK,0.001,35
1452,2,winter_rapeseed,2,KAS,0.4,24
1452,2,winter_rapeseed,3,KAS,0.8,20
1453,2,winter_rapeseed,1,PK,0.001,35
1453,2,winter_rapeseed,2,KAS,0.4,24
1453,2,winter_rapeseed,3,KAS,0.8,20
1457,2,winter_rapeseed,1,PK,0.001,35
1457,2,winter_rapeseed,2,KAS,0.4,24
1457,2,winter_rapeseed,3,KAS,0.8,20
1464,2,winter_rapeseed,1,PK,0.001,35
1464,2,winter_rapeseed,2,KAS,0.4,24
1464,2,winter_rapeseed,3,KAS,0.8,20
1466,2,winter_rapeseed,1,PK,0.001,35
1466,2,winter_rapeseed,2,KAS,0.4,24
1466,2,winter_rapeseed,3,KAS,0.8,20
1467,2,winter_rapeseed,1,PK,0.001,35
1467,2,winter_rapeseed,2,KAS,0.4,24
1467,2,winter_rapeseed,3,KAS,0.8,20
1468,2,winter_rapeseed,1,PK,0.001,35
1468,2,winter_rapeseed,2,KAS,0.4,24
1468,2,winter_rapeseed,3,KAS,0.8,20
1471,2,winter_rapeseed,1,PK,0.001,35
1471,2,winter_rapeseed,2,KAS,0.4,24
1471,2,winter_rapeseed,3,KAS,0.8,20
1472,2,winter_rapeseed,1,PK,0.001,35
1472,2,winter_rapeseed,2,KAS,0.4,24
1472,2,winter_rapeseed,3,KAS,0.8,20
1474,2,winter_rapeseed,1,PK,0.001,35
1474,2,winter_rapeseed,2,KAS,0.4,24
1474,2,winter_rapeseed,3,KAS,0.8,20
1477,2,winter_rapeseed,1,PK,0.001,35
1477,2,winter_rapeseed,2,KAS,0.4,24
1477,2,winter_rapeseed,3,KAS,0.8,20
1478,2,winter_rapeseed,1,PK,0.001,35
1478,2,winter_rapeseed,2,KAS,0.4,24
1478,2,winter_rapeseed,3,KAS,0.8,20
1480,2,winter_rapeseed,1,PK,0.001,35
1480,2,winter_rapeseed,2,KAS,0.4,24
1480,2,winter_rapeseed,3,KAS,0.8,20
1484,2,winter_rapeseed,1,PK,0.001,35
1484,2,winter_rapeseed,2,KAS,0.4,24
1484,2,winter_rapeseed,3,KAS,0.8,20
1486,2,winter_rapeseed,1,PK,0.001,35
1486,2,winter_rapeseed,2,KAS,0.4,24
1486,2,winter_rapeseed,3,KAS,0.8,20
1488,2,winter_rapeseed,1,PK,0.001,35
1488,2,winter_rapeseed,2,KAS,0.4,24
1488,2,winter_rapeseed,3,KAS,0.8,20
1490,2,winter_rapeseed,1,PK,0.001,35
1490,2,winter_rapeseed,2,KAS,0.4,24
1490,2,winter_rapeseed,3,KAS,0.8,20
1493,2,winter_rapeseed,1,PK,0.001,35
1493,2,winter_rapeseed,2,KAS,0.4,24
1493,2,winter_rapeseed,3,KAS,0.8,20
1495,2,winter_rapeseed,1,PK,0.001,35
1495,2,winter_rapeseed,2,KAS,0.4,24
1495,2,winter_rapeseed,3,KAS,0.8,20
1496,2,winter_rapeseed,1,PK,0.001,35
1496,2,winter_rapeseed,2,KAS,0.4,24
1496,2,winter_rapeseed,3,KAS,0.8,20
1497,2,winter_rapeseed,1,PK,0.001,35
1497,2,winter_rapeseed,2,KAS,0.4,24
1497,2,winter_rapeseed,3,KAS,0.8,20
1503,2,winter_rapeseed,1,PK,0.001,35
1503,2,winter_rapeseed,2,KAS,0.4,24
1503,2,winter_rapeseed,3,KAS,0.8,20
1504,2,winter_rapeseed,1,PK,0.001,35
1504,2,winter_rapeseed,2,KAS,0.4,24
1504,2,winter_rapeseed,3,KAS,0.8,20
1505,2,winter_rapeseed,1,PK,0.001,35
1505,2,winter_rapeseed,2,KAS,0.4,24
1505,2,winter_rapeseed,3,KAS,0.8,20
1507,2,winter_rapeseed,1,PK,0.001,35
1507,2,winter_rapeseed,2,KAS,0.4,24
1507,2,winter_rapeseed,3,KAS,0.8,20
1508,2,winter_rapeseed,1,PK,0.001,35
1508,2,winter_rapeseed,2,KAS,0.4,24
1508,2,winter_rapeseed,3,KAS,0.8,20
1517,2,winter_rapeseed,1,PK,0.001,35
1517,2,winter_rapeseed,2,KAS,0.4,24
1517,2,winter_rapeseed,3,KAS,0.8,20
1520,2,winter_rapeseed,1,PK,0.001,35
1520,2,winter_rapeseed,2,KAS,0.4,24
1520,2,winter_rapeseed,3,KAS,0.8,20
1521,2,winter_rapeseed,1,PK,0.001,35
1521,2,winter_rapeseed,2,KAS,0.4,24
1521,2,winter_rapeseed,3,KAS,0.8,20
1522,2,winter_rapeseed,1,PK,0.001,35
1522,2,winter_rapeseed,2,KAS,0.4,24
1522,2,winter_rapeseed,3,KAS,0.8,20
1524,2,winter_rapeseed,1,PK,0.001,35
1524,2,winter_rapeseed,2,KAS,0.4,24
1524,2,winter_rapeseed,3,KAS,0.8,20
1527,2,winter_rapeseed,1,PK,0.001,35
1527,2,winter_rapeseed,2,KAS,0.4,24
1527,2,winter_rapeseed,3,KAS,0.8,20
1529,2,winter_rapeseed,1,PK,0.001,35
1529,2,winter_rapeseed,2,KAS,0.4,24
1529,2,winter_rapeseed,3,KAS,0.8,20
1530,2,winter_rapeseed,1,PK,0.001,35
1530,2,winter_rapeseed,2,KAS,0.4,24
1530,2,winter_rapeseed,3,KAS,0.8,20
1531,2,winter_rapeseed,1,PK,0.001,35
1531,2,winter_rapeseed,2,KAS,0.4,24
1531,2,winter_rapeseed,3,KAS,0.8,20
1537,2,winter_rapeseed,1,PK,0.001,35
1537,2,winter_rapeseed,2,KAS,0.4,24
1537,2,winter_rapeseed,3,KAS,0.8,20
1540,2,winter_rapeseed,1,PK,0.001,35
1540,2,winter_rapeseed,2,KAS,0.4,24
1540,2,winter_rapeseed,3,KAS,0.8,20
1543,2,winter_rapeseed,1,PK,0.001,35
1543,2,winter_rapeseed,2,KAS,0.4,24
1543,2,winter_rapeseed,3,KAS,0.8,20
1545,2,winter_rapeseed,1,PK,0.001,35
1545,2,winter_rapeseed,2,KAS,0.4,24
1545,2,winter_rapeseed,3,KAS,0.8,20
1546,2,winter_rapeseed,1,PK,0.001,35
1546,2,winter_rapeseed,2,KAS,0.4,24
1546,2,winter_rapeseed,3,KAS,0.8,20
1547,2,winter_rapeseed,1,PK,0.001,35
1547,2,winter_rapeseed,2,KAS,0.4,24
1547,2,winter_rapeseed,3,KAS,0.8,20
1551,2,winter_rapeseed,1,PK,0.001,35
1551,2,winter_rapeseed,2,KAS,0.4,24
1551,2,winter_rapeseed,3,KAS,0.8,20
1555,2,winter_rapeseed,1,PK,0.001,35
1555,2,winter_rapeseed,2,KAS,0.4,24
1555,2,winter_rapeseed,3,KAS,0.8,20
1557,2,winter_rapeseed,1,PK,0.001,35
1557,2,winter_rapeseed,2,KAS,0.4,24
1557,2,winter_rapeseed,3,KAS,0.8,20
1559,2,winter_rapeseed,1,PK,0.001,35
1559,2,winter_rapeseed,2,KAS,0.4,24
1559,2,winter_rapeseed,3,KAS,0.8,20
1561,2,winter_rapeseed,1,PK,0.001,35
1561,2,winter_rapeseed,2,KAS,0.4,24
1561,2,winter_rapeseed,3,KAS,0.8,20
1563,2,winter_rapeseed,1,PK,0.001,35
1563,2,winter_rapeseed,2,KAS,0.4,24
1563,2,winter_rapeseed,3,KAS,0.8,20
1565,2,winter_rapeseed,1,PK,0.001,35
1565,2,winter_rapeseed,2,KAS,0.4,24
1565,2,winter_rapeseed,3,KAS,0.8,20
1566,2,winter_rapeseed,1,PK,0.001,35
1566,2,winter_rapeseed,2,KAS,0.4,24
1566,2,winter_rapeseed,3,KAS,0.8,20
1567,2,winter_rapeseed,1,PK,0.001,35
1567,2,winter_rapeseed,2,KAS,0.4,24
1567,2,winter_rapeseed,3,KAS,0.8,20
1572,2,winter_rapeseed,1,PK,0.001,35
1572,2,winter_rapeseed,2,KAS,0.4,24
1572,2,winter_rapeseed,3,KAS,0.8,20
1574,2,winter_rapeseed,1,PK,0.001,35
1574,2,winter_rapeseed,2,KAS,0.4,24
1574,2,winter_rapeseed,3,KAS,0.8,20
1575,2,winter_rapeseed,1,PK,0.001,35
1575,2,winter_rapeseed,2,KAS,0.4,24
1575,2,winter_rapeseed,3,KAS,0.8,20
1576,2,winter_rapeseed,1,PK,0.001,35
1576,2,winter_rapeseed,2,KAS,0.4,24
1576,2,winter_rapeseed,3,KAS,0.8,20
1577,2,winter_rapeseed,1,PK,0.001,35
1577,2,winter_rapeseed,2,KAS,0.4,24
1577,2,winter_rapeseed,3,KAS,0.8,20
1578,2,winter_rapeseed,1,PK,0.001,35
1578,2,winter_rapeseed,2,KAS,0.4,24
1578,2,winter_rapeseed,3,KAS,0.8,20
1582,2,winter_rapeseed,1,PK,0.001,35
1582,2,winter_rapeseed,2,KAS,0.4,24
1582,2,winter_rapeseed,3,KAS,0.8,20
1583,2,winter_rapeseed,1,PK,0.001,35
1583,2,winter_rapeseed,2,KAS,0.4,24
1583,2,winter_rapeseed,3,KAS,0.8,20
1586,2,winter_rapeseed,1,PK,0.001,35
1586,2,winter_rapeseed,2,KAS,0.4,24
1586,2,winter_rapeseed,3,KAS,0.8,20
1588,2,winter_rapeseed,1,PK,0.001,35
1588,2,winter_rapeseed,2,KAS,0.4,24
1588,2,winter_rapeseed,3,KAS,0.8,20
1593,2,winter_rapeseed,1,PK,0.001,35
1593,2,winter_rapeseed,2,KAS,0.4,24
1593,2,winter_rapeseed,3,KAS,0.8,20
1596,2,winter_rapeseed,1,PK,0.001,35
1596,2,winter_rapeseed,2,KAS,0.4,24
1596,2,winter_rapeseed,3,KAS,0.8,20
1597,2,winter_rapeseed,1,PK,0.001,35
1597,2,winter_rapeseed,2,KAS,0.4,24
1597,2,winter_rapeseed,3,KAS,0.8,20
1598,2,winter_rapeseed,1,PK,0.001,35
1598,2,winter_rapeseed,2,KAS,0.4,24
1598,2,winter_rapeseed,3,KAS,0.8,20
1599,2,winter_rapeseed,1,PK,0.001,35
1599,2,winter_rapeseed,2,KAS,0.4,24
1599,2,winter_rapeseed,3,KAS,0.8,20
1600,2,winter_rapeseed,1,PK,0.001,35
1600,2,winter_rapeseed,2,KAS,0.4,24
1600,2,winter_rapeseed,3,KAS,0.8,20
1601,2,winter_rapeseed,1,PK,0.001,35
1601,2,winter_rapeseed,2,KAS,0.4,24
1601,2,winter_rapeseed,3,KAS,0.8,20
1602,2,winter_rapeseed,1,PK,0.001,35
1602,2,winter_rapeseed,2,KAS,0.4,24
1602,2,winter_rapeseed,3,KAS,0.8,20
1606,2,winter_rapeseed,1,PK,0.001,35
1606,2,winter_rapeseed,2,KAS,0.4,24
1606,2,winter_rapeseed,3,KAS,0.8,20
1607,2,winter_rapeseed,1,PK,0.001,35
1607,2,winter_rapeseed,2,KAS,0.4,24
1607,2,winter_rapeseed,3,KAS,0.8,20
1608,2,winter_rapeseed,1,PK,0.001,35
1608,2,winter_rapeseed,2,KAS,0.4,24
1608,2,winter_rapeseed,3,KAS,0.8,20
1609,2,winter_rapeseed,1,PK,0.001,35
1609,2,winter_rapeseed,2,KAS,0.4,24
1609,2,winter_rapeseed,3,KAS,0.8,20
1612,2,winter_rapeseed,1,PK,0.001,35
1612,2,winter_rapeseed,2,KAS,0.4,24
1612,2,winter_rapeseed,3,KAS,0.8,20
1613,2,winter_rapeseed,1,PK,0.001,35
1613,2,winter_rapeseed,2,KAS,0.4,24
1613,2,winter_rapeseed,3,KAS,0.8,20
1615,2,winter_rapeseed,1,PK,0.001,35
1615,2,winter_rapeseed,2,KAS,0.4,24
1615,2,winter_rapeseed,3,KAS,0.8,20
1618,2,winter_rapeseed,1,PK,0.001,35
1618,2,winter_rapeseed,2,KAS,0.4,24
1618,2,winter_rapeseed,3,KAS,0.8,20
1619,2,winter_rapeseed,1,PK,0.001,35
1619,2,winter_rapeseed,2,KAS,0.4,24
1619,2,winter_rapeseed,3,KAS,0.8,20
1620,2,winter_rapeseed,1,PK,0.001,35
1620,2,winter_rapeseed,2,KAS,0.4,24
1620,2,winter_rapeseed,3,KAS,0.8,20
1622,2,winter_rapeseed,1,PK,0.001,35
1622,2,winter_rapeseed,2,KAS,0.4,24
1622,2,winter_rapeseed,3,KAS,0.8,20
1627,2,winter_rapeseed,1,PK,0.001,35
1627,2,winter_rapeseed,2,KAS,0.4,24
1627,2,winter_rapeseed,3,KAS,0.8,20
1629,2,winter_rapeseed,1,PK,0.001,35
1629,2,winter_rapeseed,2,KAS,0.4,24
1629,2,winter_rapeseed,3,KAS,0.8,20
1630,2,winter_rapeseed,1,PK,0.001,35
1630,2,winter_rapeseed,2,KAS,0.4,24
1630,2,winter_rapeseed,3,KAS,0.8,20
1633,2,winter_rapeseed,1,PK,0.001,35
1633,2,winter_rapeseed,2,KAS,0.4,24
1633,2,winter_rapeseed,3,KAS,0.8,20
1635,2,winter_rapeseed,1,PK,0.001,35
1635,2,winter_rapeseed,2,KAS,0.4,24
1635,2,winter_rapeseed,3,KAS,0.8,20
1636,2,winter_rapeseed,1,PK,0.001,35
1636,2,winter_rapeseed,2,KAS,0.4,24
1636,2,winter_rapeseed,3,KAS,0.8,20
1638,2,winter_rapeseed,1,PK,0.001,35
1638,2,winter_rapeseed,2,KAS,0.4,24
1638,2,winter_rapeseed,3,KAS,0.8,20
1643,2,winter_rapeseed,1,PK,0.001,35
1643,2,winter_rapeseed,2,KAS,0.4,24
1643,2,winter_rapeseed,3,KAS,0.8,20
1647,2,winter_rapeseed,1,PK,0.001,35
1647,2,winter_rapeseed,2,KAS,0.4,24
1647,2,winter_rapeseed,3,KAS,0.8,20
1648,2,winter_rapeseed,1,PK,0.001,35
1648,2,winter_rapeseed,2,KAS,0.4,24
1648,2,winter_rapeseed,3,KAS,0.8,20
1649,2,winter_rapeseed,1,PK,0.001,35
1649,2,winter_rapeseed,2,KAS,0.4,24
1649,2,winter_rapeseed,3,KAS,0.8,20
1651,2,winter_rapeseed,1,PK,0.001,35
1651,2,winter_rapeseed,2,KAS,0.4,24
1651,2,winter_rapeseed,3,KAS,0.8,20
1654,2,winter_rapeseed,1,PK,0.001,35
1654,2,winter_rapeseed,2,KAS,0.4,24
1654,2,winter_rapeseed,3,KAS,0.8,20
1656,2,winter_rapeseed,1,PK,0.001,35
1656,2,winter_rapeseed,2,KAS,0.4,24
1656,2,winter_rapeseed,3,KAS,0.8,20
1658,2,winter_rapeseed,1,PK,0.001,35
1658,2,winter_rapeseed,2,KAS,0.4,24
1658,2,winter_rapeseed,3,KAS,0.8,20
1661,2,winter_rapeseed,1,PK,0.001,35
1661,2,winter_rapeseed,2,KAS,0.4,24
1661,2,winter_rapeseed,3,KAS,0.8,20
1662,2,winter_rapeseed,1,PK,0.001,35
1662,2,winter_rapeseed,2,KAS,0.4,24
1662,2,winter_rapeseed,3,KAS,0.8,20
1663,2,winter_rapeseed,1,PK,0.001,35
1663,2,winter_rapeseed,2,KAS,0.4,24
1663,2,winter_rapeseed,3,KAS,0.8,20
1664,2,winter_rapeseed,1,PK,0.001,35
1664,2,winter_rapeseed,2,KAS,0.4,24
1664,2,winter_rapeseed,3,KAS,0.8,20
1665,2,winter_rapeseed,1,PK,0.001,35
1665,2,winter_rapeseed,2,KAS,0.4,24
1665,2,winter_rapeseed,3,KAS,0.8,20
1666,2,winter_rapeseed,1,PK,0.001,35
1666,2,winter_rapeseed,2,KAS,0.4,24
1666,2,winter_rapeseed,3,KAS,0.8,20
1667,2,winter_rapeseed,1,PK,0.001,35
1667,2,winter_rapeseed,2,KAS,0.4,24
1667,2,winter_rapeseed,3,KAS,0.8,20
1668,2,winter_rapeseed,1,PK,0.001,35
1668,2,winter_rapeseed,2,KAS,0.4,24
1668,2,winter_rapeseed,3,KAS,0.8,20
1671,2,winter_rapeseed,1,PK,0.001,35
1671,2,winter_rapeseed,2,KAS,0.4,24
1671,2,winter_rapeseed,3,KAS,0.8,20
1672,2,winter_rapeseed,1,PK,0.001,35
1672,2,winter_rapeseed,2,KAS,0.4,24
1672,2,winter_rapeseed,3,KAS,0.8,20
1673,2,winter_rapeseed,1,PK,0.001,35
1673,2,winter_rapeseed,2,KAS,0.4,24
1673,2,winter_rapeseed,3,KAS,0.8,20
1676,2,winter_rapeseed,1,PK,0.001,35
1676,2,winter_rapeseed,2,KAS,0.4,24
1676,2,winter_rapeseed,3,KAS,0.8,20
1677,2,winter_rapeseed,1,PK,0.001,35
1677,2,winter_rapeseed,2,KAS,0.4,24
1677,2,winter_rapeseed,3,KAS,0.8,20
1678,2,winter_rapeseed,1,PK,0.001,35
1678,2,winter_rapeseed,2,KAS,0.4,24
1678,2,winter_rapeseed,3,KAS,0.8,20
1683,2,winter_rapeseed,1,PK,0.001,35
1683,2,winter_rapeseed,2,KAS,0.4,24
1683,2,winter_rapeseed,3,KAS,0.8,20
1687,2,winter_rapeseed,1,PK,0.001,35
1687,2,winter_rapeseed,2,KAS,0.4,24
1687,2,winter_rapeseed,3,KAS,0.8,20
1688,2,winter_rapeseed,1,PK,0.001,35
1688,2,winter_rapeseed,2,KAS,0.4,24
1688,2,winter_rapeseed,3,KAS,0.8,20
1689,2,winter_rapeseed,1,PK,0.001,35
1689,2,winter_rapeseed,2,KAS,0.4,24
1689,2,winter_rapeseed,3,KAS,0.8,20
1690,2,winter_rapeseed,1,PK,0.001,35
1690,2,winter_rapeseed,2,KAS,0.4,24
1690,2,winter_rapeseed,3,KAS,0.8,20
1694,2,winter_rapeseed,1,PK,0.001,35
1694,2,winter_rapeseed,2,KAS,0.4,24
1694,2,winter_rapeseed,3,KAS,0.8,20
1697,2,winter_rapeseed,1,PK,0.001,35
1697,2,winter_rapeseed,2,KAS,0.4,24
1697,2,winter_rapeseed,3,KAS,0.8,20
1698,2,winter_rapeseed,1,PK,0.001,35
1698,2,winter_rapeseed,2,KAS,0.4,24
1698,2,winter_rapeseed,3,KAS,0.8,20
1699,2,winter_rapeseed,1,PK,0.001,35
1699,2,winter_rapeseed,2,KAS,0.4,24
1699,2,winter_rapeseed,3,KAS,0.8,20
1700,2,winter_rapeseed,1,PK,0.001,35
1700,2,winter_rapeseed,2,KAS,0.4,24
1700,2,winter_rapeseed,3,KAS,0.8,20
1702,2,winter_rapeseed,1,PK,0.001,35
1702,2,winter_rapeseed,2,KAS,0.4,24
1702,2,winter_rapeseed,3,KAS,0.8,20
1703,2,winter_rapeseed,1,PK,0.001,35
1703,2,winter_rapeseed,2,KAS,0.4,24
1703,2,winter_rapeseed,3,KAS,0.8,20
1705,2,winter_rapeseed,1,PK,0.001,35
1705,2,winter_rapeseed,2,KAS,0.4,24
1705,2,winter_rapeseed,3,KAS,0.8,20
1707,2,winter_rapeseed,1,PK,0.001,35
1707,2,winter_rapeseed,2,KAS,0.4,24
1707,2,winter_rapeseed,3,KAS,0.8,20
1711,2,winter_rapeseed,1,PK,0.001,35
1711,2,winter_rapeseed,2,KAS,0.4,24
1711,2,winter_rapeseed,3,KAS,0.8,20
1716,2,winter_rapeseed,1,PK,0.001,35
1716,2,winter_rapeseed,2,KAS,0.4,24
1716,2,winter_rapeseed,3,KAS,0.8,20
1722,2,winter_rapeseed,1,PK,0.001,35
1722,2,winter_rapeseed,2,KAS,0.4,24
1722,2,winter_rapeseed,3,KAS,0.8,20
1723,2,winter_rapeseed,1,PK,0.001,35
1723,2,winter_rapeseed,2,KAS,0.4,24
1723,2,winter_rapeseed,3,KAS,0.8,20
1725,2,winter_rapeseed,1,PK,0.001,35
1725,2,winter_rapeseed,2,KAS,0.4,24
1725,2,winter_rapeseed,3,KAS,0.8,20
1726,2,winter_rapeseed,1,PK,0.001,35
1726,2,winter_rapeseed,2,KAS,0.4,24
1726,2,winter_rapeseed,3,KAS,0.8,20
1727,2,winter_rapeseed,1,PK,0.001,35
1727,2,winter_rapeseed,2,KAS,0.4,24
1727,2,winter_rapeseed,3,KAS,0.8,20
1731,2,winter_rapeseed,1,PK,0.001,35
1731,2,winter_rapeseed,2,KAS,0.4,24
1731,2,winter_rapeseed,3,KAS,0.8,20
1732,2,winter_rapeseed,1,PK,0.001,35
1732,2,winter_rapeseed,2,KAS,0.4,24
1732,2,winter_rapeseed,3,KAS,0.8,20
1733,2,winter_rapeseed,1,PK,0.001,35
1733,2,winter_rapeseed,2,KAS,0.4,24
1733,2,winter_rapeseed,3,KAS,0.8,20
1734,2,winter_rapeseed,1,PK,0.001,35
1734,2,winter_rapeseed,2,KAS,0.4,24
1734,2,winter_rapeseed,3,KAS,0.8,20
1735,2,winter_rapeseed,1,PK,0.001,35
1735,2,winter_rapeseed,2,KAS,0.4,24
1735,2,winter_rapeseed,3,KAS,0.8,20
1737,2,winter_rapeseed,1,PK,0.001,35
1737,2,winter_rapeseed,2,KAS,0.4,24
1737,2,winter_rapeseed,3,KAS,0.8,20
1738,2,winter_rapeseed,1,PK,0.001,35
1738,2,winter_rapeseed,2,KAS,0.4,24
1738,2,winter_rapeseed,3,KAS,0.8,20
1741,2,winter_rapeseed,1,PK,0.001,35
1741,2,winter_rapeseed,2,KAS,0.4,24
1741,2,winter_rapeseed,3,KAS,0.8,20
1742,2,winter_rapeseed,1,PK,0.001,35
1742,2,winter_rapeseed,2,KAS,0.4,24
1742,2,winter_rapeseed,3,KAS,0.8,20
1743,2,winter_rapeseed,1,PK,0.001,35
1743,2,winter_rapeseed,2,KAS,0.4,24
1743,2,winter_rapeseed,3,KAS,0.8,20
1744,2,winter_rapeseed,1,PK,0.001,35
1744,2,winter_rapeseed,2,KAS,0.4,24
1744,2,winter_rapeseed,3,KAS,0.8,20
1746,2,winter_rapeseed,1,PK,0.001,35
1746,2,winter_rapeseed,2,KAS,0.4,24
1746,2,winter_rapeseed,3,KAS,0.8,20
1747,2,winter_rapeseed,1,PK,0.001,35
1747,2,winter_rapeseed,2,KAS,0.4,24
1747,2,winter_rapeseed,3,KAS,0.8,20
1752,2,winter_rapeseed,1,PK,0.001,35
1752,2,winter_rapeseed,2,KAS,0.4,24
1752,2,winter_rapeseed,3,KAS,0.8,20
1753,2,winter_rapeseed,1,PK,0.001,35
1753,2,winter_rapeseed,2,KAS,0.4,24
1753,2,winter_rapeseed,3,KAS,0.8,20
1757,2,winter_rapeseed,1,PK,0.001,35
1757,2,winter_rapeseed,2,KAS,0.4,24
1757,2,winter_rapeseed,3,KAS,0.8,20
1758,2,winter_rapeseed,1,PK,0.001,35
1758,2,winter_rapeseed,2,KAS,0.4,24
1758,2,winter_rapeseed,3,KAS,0.8,20
1759,2,winter_rapeseed,1,PK,0.001,35
1759,2,winter_rapeseed,2,KAS,0.4,24
1759,2,winter_rapeseed,3,KAS,0.8,20
1761,2,winter_rapeseed,1,PK,0.001,35
1761,2,winter_rapeseed,2,KAS,0.4,24
1761,2,winter_rapeseed,3,KAS,0.8,20
1764,2,winter_rapeseed,1,PK,0.001,35
1764,2,winter_rapeseed,2,KAS,0.4,24
1764,2,winter_rapeseed,3,KAS,0.8,20
1765,2,winter_rapeseed,1,PK,0.001,35
1765,2,winter_rapeseed,2,KAS,0.4,24
1765,2,winter_rapeseed,3,KAS,0.8,20
1766,2,winter_rapeseed,1,PK,0.001,35
1766,2,winter_rapeseed,2,KAS,0.4,24
1766,2,winter_rapeseed,3,KAS,0.8,20
1767,2,winter_rapeseed,1,PK,0.001,35
1767,2,winter_rapeseed,2,KAS,0.4,24
1767,2,winter_rapeseed,3,KAS,0.8,20
1769,2,winter_rapeseed,1,PK,0.001,35
1769,2,winter_rapeseed,2,KAS,0.4,24
1769,2,winter_rapeseed,3,KAS,0.8,20
1770,2,winter_rapeseed,1,PK,0.001,35
1770,2,winter_rapeseed,2,KAS,0.4,24
1770,2,winter_rapeseed,3,KAS,0.8,20
1771,2,winter_rapeseed,1,PK,0.001,35
1771,2,winter_rapeseed,2,KAS,0.4,24
1771,2,winter_rapeseed,3,KAS,0.8,20
1772,2,winter_rapeseed,1,PK,0.001,35
1772,2,winter_rapeseed,2,KAS,0.4,24
1772,2,winter_rapeseed,3,KAS,0.8,20
1773,2,winter_rapeseed,1,PK,0.001,35
1773,2,winter_rapeseed,2,KAS,0.4,24
1773,2,winter_rapeseed,3,KAS,0.8,20
1775,2,winter_rapeseed,1,PK,0.001,35
1775,2,winter_rapeseed,2,KAS,0.4,24
1775,2,winter_rapeseed,3,KAS,0.8,20
1777,2,winter_rapeseed,1,PK,0.001,35
1777,2,winter_rapeseed,2,KAS,0.4,24
1777,2,winter_rapeseed,3,KAS,0.8,20
1780,2,winter_rapeseed,1,PK,0.001,35
1780,2,winter_rapeseed,2,KAS,0.4,24
1780,2,winter_rapeseed,3,KAS,0.8,20
1781,2,winter_rapeseed,1,PK,0.001,35
1781,2,winter_rapeseed,2,KAS,0.4,24
1781,2,winter_rapeseed,3,KAS,0.8,20
1789,2,winter_rapeseed,1,PK,0.001,35
1789,2,winter_rapeseed,2,KAS,0.4,24
1789,2,winter_rapeseed,3,KAS,0.8,20
1790,2,winter_rapeseed,1,PK,0.001,35
1790,2,winter_rapeseed,2,KAS,0.4,24
1790,2,winter_rapeseed,3,KAS,0.8,20
1791,2,winter_rapeseed,1,PK,0.001,35
1791,2,winter_rapeseed,2,KAS,0.4,24
1791,2,winter_rapeseed,3,KAS,0.8,20
1795,2,winter_rapeseed,1,PK,0.001,35
1795,2,winter_rapeseed,2,KAS,0.4,24
1795,2,winter_rapeseed,3,KAS,0.8,20
1797,2,winter_rapeseed,1,PK,0.001,35
1797,2,winter_rapeseed,2,KAS,0.4,24
1797,2,winter_rapeseed,3,KAS,0.8,20
1798,2,winter_rapeseed,1,PK,0.001,35
1798,2,winter_rapeseed,2,KAS,0.4,24
1798,2,winter_rapeseed,3,KAS,0.8,20
1799,2,winter_rapeseed,1,PK,0.001,35
1799,2,winter_rapeseed,2,KAS,0.4,24
1799,2,winter_rapeseed,3,KAS,0.8,20
1800,2,winter_rapeseed,1,PK,0.001,35
1800,2,winter_rapeseed,2,KAS,0.4,24
1800,2,winter_rapeseed,3,KAS,0.8,20
1801,2,winter_rapeseed,1,PK,0.001,35
1801,2,winter_rapeseed,2,KAS,0.4,24
1801,2,winter_rapeseed,3,KAS,0.8,20
1802,2,winter_rapeseed,1,PK,0.001,35
1802,2,winter_rapeseed,2,KAS,0.4,24
1802,2,winter_rapeseed,3,KAS,0.8,20
1803,2,winter_rapeseed,1,PK,0.001,35
1803,2,winter_rapeseed,2,KAS,0.4,24
1803,2,winter_rapeseed,3,KAS,0.8,20
1805,2,winter_rapeseed,1,PK,0.001,35
1805,2,winter_rapeseed,2,KAS,0.4,24
1805,2,winter_rapeseed,3,KAS,0.8,20
1806,2,winter_rapeseed,1,PK,0.001,35
1806,2,winter_rapeseed,2,KAS,0.4,24
1806,2,winter_rapeseed,3,KAS,0.8,20
1807,2,winter_rapeseed,1,PK,0.001,35
1807,2,winter_rapeseed,2,KAS,0.4,24
1807,2,winter_rapeseed,3,KAS,0.8,20
1808,2,winter_rapeseed,1,PK,0.001,35
1808,2,winter_rapeseed,2,KAS,0.4,24
1808,2,winter_rapeseed,3,KAS,0.8,20
1810,2,winter_rapeseed,1,PK,0.001,35
1810,2,winter_rapeseed,2,KAS,0.4,24
1810,2,winter_rapeseed,3,KAS,0.8,20
1811,2,winter_rapeseed,1,PK,0.001,35
1811,2,winter_rapeseed,2,KAS,0.4,24
1811,2,winter_rapeseed,3,KAS,0.8,20
1812,2,winter_rapeseed,1,PK,0.001,35
1812,2,winter_rapeseed,2,KAS,0.4,24
1812,2,winter_rapeseed,3,KAS,0.8,20
1815,2,winter_rapeseed,1,PK,0.001,35
1815,2,winter_rapeseed,2,KAS,0.4,24
1815,2,winter_rapeseed,3,KAS,0.8,20
1818,2,winter_rapeseed,1,PK,0.001,35
1818,2,winter_rapeseed,2,KAS,0.4,24
1818,2,winter_rapeseed,3,KAS,0.8,20
1819,2,winter_rapeseed,1,PK,0.001,35
1819,2,winter_rapeseed,2,KAS,0.4,24
1819,2,winter_rapeseed,3,KAS,0.8,20
1821,2,winter_rapeseed,1,PK,0.001,35
1821,2,winter_rapeseed,2,KAS,0.4,24
1821,2,winter_rapeseed,3,KAS,0.8,20
1822,2,winter_rapeseed,1,PK,0.001,35
1822,2,winter_rapeseed,2,KAS,0.4,24
1822,2,winter_rapeseed,3,KAS,0.8,20
1824,2,winter_rapeseed,1,PK,0.001,35
1824,2,winter_rapeseed,2,KAS,0.4,24
1824,2,winter_rapeseed,3,KAS,0.8,20
1825,2,winter_rapeseed,1,PK,0.001,35
1825,2,winter_rapeseed,2,KAS,0.4,24
1825,2,winter_rapeseed,3,KAS,0.8,20
1826,2,winter_rapeseed,1,PK,0.001,35
1826,2,winter_rapeseed,2,KAS,0.4,24
1826,2,winter_rapeseed,3,KAS,0.8,20
1828,2,winter_rapeseed,1,PK,0.001,35
1828,2,winter_rapeseed,2,KAS,0.4,24
1828,2,winter_rapeseed,3,KAS,0.8,20
1831,2,winter_rapeseed,1,PK,0.001,35
1831,2,winter_rapeseed,2,KAS,0.4,24
1831,2,winter_rapeseed,3,KAS,0.8,20
1832,2,winter_rapeseed,1,PK,0.001,35
1832,2,winter_rapeseed,2,KAS,0.4,24
1832,2,winter_rapeseed,3,KAS,0.8,20
1833,2,winter_rapeseed,1,PK,0.001,35
1833,2,winter_rapeseed,2,KAS,0.4,24
1833,2,winter_rapeseed,3,KAS,0.8,20
1834,2,winter_rapeseed,1,PK,0.001,35
1834,2,winter_rapeseed,2,KAS,0.4,24
1834,2,winter_rapeseed,3,KAS,0.8,20
1835,2,winter_rapeseed,1,PK,0.001,35
1835,2,winter_rapeseed,2,KAS,0.4,24
1835,2,winter_rapeseed,3,KAS,0.8,20
1837,2,winter_rapeseed,1,PK,0.001,35
1837,2,winter_rapeseed,2,KAS,0.4,24
1837,2,winter_rapeseed,3,KAS,0.8,20
1842,2,winter_rapeseed,1,PK,0.001,35
1842,2,winter_rapeseed,2,KAS,0.4,24
1842,2,winter_rapeseed,3,KAS,0.8,20
1847,2,winter_rapeseed,1,PK,0.001,35
1847,2,winter_rapeseed,2,KAS,0.4,24
1847,2,winter_rapeseed,3,KAS,0.8,20
1850,2,winter_rapeseed,1,PK,0.001,35
1850,2,winter_rapeseed,2,KAS,0.4,24
1850,2,winter_rapeseed,3,KAS,0.8,20
1854,2,winter_rapeseed,1,PK,0.001,35
1854,2,winter_rapeseed,2,KAS,0.4,24
1854,2,winter_rapeseed,3,KAS,0.8,20
1864,2,winter_rapeseed,1,PK,0.001,35
1864,2,winter_rapeseed,2,KAS,0.4,24
1864,2,winter_rapeseed,3,KAS,0.8,20
1865,2,winter_rapeseed,1,PK,0.001,35
1865,2,winter_rapeseed,2,KAS,0.4,24
1865,2,winter_rapeseed,3,KAS,0.8,20
1866,2,winter_rapeseed,1,PK,0.001,35
1866,2,winter_rapeseed,2,KAS,0.4,24
1866,2,winter_rapeseed,3,KAS,0.8,20
1868,2,winter_rapeseed,1,PK,0.001,35
1868,2,winter_rapeseed,2,KAS,0.4,24
1868,2,winter_rapeseed,3,KAS,0.8,20
1869,2,winter_rapeseed,1,PK,0.001,35
1869,2,winter_rapeseed,2,KAS,0.4,24
1869,2,winter_rapeseed,3,KAS,0.8,20
1870,2,winter_rapeseed,1,PK,0.001,35
1870,2,winter_rapeseed,2,KAS,0.4,24
1870,2,winter_rapeseed,3,KAS,0.8,20
1872,2,winter_rapeseed,1,PK,0.001,35
1872,2,winter_rapeseed,2,KAS,0.4,24
1872,2,winter_rapeseed,3,KAS,0.8,20
1874,2,winter_rapeseed,1,PK,0.001,35
1874,2,winter_rapeseed,2,KAS,0.4,24
1874,2,winter_rapeseed,3,KAS,0.8,20
1876,2,winter_rapeseed,1,PK,0.001,35
1876,2,winter_rapeseed,2,KAS,0.4,24
1876,2,winter_rapeseed,3,KAS,0.8,20
1877,2,winter_rapeseed,1,PK,0.001,35
1877,2,winter_rapeseed,2,KAS,0.4,24
1877,2,winter_rapeseed,3,KAS,0.8,20
1878,2,winter_rapeseed,1,PK,0.001,35
1878,2,winter_rapeseed,2,KAS,0.4,24
1878,2,winter_rapeseed,3,KAS,0.8,20
1881,2,winter_rapeseed,1,PK,0.001,35
1881,2,winter_rapeseed,2,KAS,0.4,24
1881,2,winter_rapeseed,3,KAS,0.8,20
1882,2,winter_rapeseed,1,PK,0.001,35
1882,2,winter_rapeseed,2,KAS,0.4,24
1882,2,winter_rapeseed,3,KAS,0.8,20
1886,2,winter_rapeseed,1,PK,0.001,35
1886,2,winter_rapeseed,2,KAS,0.4,24
1886,2,winter_rapeseed,3,KAS,0.8,20
1887,2,winter_rapeseed,1,PK,0.001,35
1887,2,winter_rapeseed,2,KAS,0.4,24
1887,2,winter_rapeseed,3,KAS,0.8,20
1888,2,winter_rapeseed,1,PK,0.001,35
1888,2,winter_rapeseed,2,KAS,0.4,24
1888,2,winter_rapeseed,3,KAS,0.8,20
1889,2,winter_rapeseed,1,PK,0.001,35
1889,2,winter_rapeseed,2,KAS,0.4,24
1889,2,winter_rapeseed,3,KAS,0.8,20
1890,2,winter_rapeseed,1,PK,0.001,35
1890,2,winter_rapeseed,2,KAS,0.4,24
1890,2,winter_rapeseed,3,KAS,0.8,20
1891,2,winter_rapeseed,1,PK,0.001,35
1891,2,winter_rapeseed,2,KAS,0.4,24
1891,2,winter_rapeseed,3,KAS,0.8,20
1893,2,winter_rapeseed,1,PK,0.001,35
1893,2,winter_rapeseed,2,KAS,0.4,24
1893,2,winter_rapeseed,3,KAS,0.8,20
1894,2,winter_rapeseed,1,PK,0.001,35
1894,2,winter_rapeseed,2,KAS,0.4,24
1894,2,winter_rapeseed,3,KAS,0.8,20
1895,2,winter_rapeseed,1,PK,0.001,35
1895,2,winter_rapeseed,2,KAS,0.4,24
1895,2,winter_rapeseed,3,KAS,0.8,20
1896,2,winter_rapeseed,1,PK,0.001,35
1896,2,winter_rapeseed,2,KAS,0.4,24
1896,2,winter_rapeseed,3,KAS,0.8,20
1897,2,winter_rapeseed,1,PK,0.001,35
1897,2,winter_rapeseed,2,KAS,0.4,24
1897,2,winter_rapeseed,3,KAS,0.8,20
1899,2,winter_rapeseed,1,PK,0.001,35
1899,2,winter_rapeseed,2,KAS,0.4,24
1899,2,winter_rapeseed,3,KAS,0.8,20
1900,2,winter_rapeseed,1,PK,0.001,35
1900,2,winter_rapeseed,2,KAS,0.4,24
1900,2,winter_rapeseed,3,KAS,0.8,20
1901,2,winter_rapeseed,1,PK,0.001,35
1901,2,winter_rapeseed,2,KAS,0.4,24
1901,2,winter_rapeseed,3,KAS,0.8,20
1902,2,winter_rapeseed,1,PK,0.001,35
1902,2,winter_rapeseed,2,KAS,0.4,24
1902,2,winter_rapeseed,3,KAS,0.8,20
1903,2,winter_rapeseed,1,PK,0.001,35
1903,2,winter_rapeseed,2,KAS,0.4,24
1903,2,winter_rapeseed,3,KAS,0.8,20
1904,2,winter_rapeseed,1,PK,0.001,35
1904,2,winter_rapeseed,2,KAS,0.4,24
1904,2,winter_rapeseed,3,KAS,0.8,20
1905,2,winter_rapeseed,1,PK,0.001,35
1905,2,winter_rapeseed,2,KAS,0.4,24
1905,2,winter_rapeseed,3,KAS,0.8,20
1907,2,winter_rapeseed,1,PK,0.001,35
1907,2,winter_rapeseed,2,KAS,0.4,24
1907,2,winter_rapeseed,3,KAS,0.8,20
1908,2,winter_rapeseed,1,PK,0.001,35
1908,2,winter_rapeseed,2,KAS,0.4,24
1908,2,winter_rapeseed,3,KAS,0.8,20
1909,2,winter_rapeseed,1,PK,0.001,35
1909,2,winter_rapeseed,2,KAS,0.4,24
1909,2,winter_rapeseed,3,KAS,0.8,20
1912,2,winter_rapeseed,1,PK,0.001,35
1912,2,winter_rapeseed,2,KAS,0.4,24
1912,2,winter_rapeseed,3,KAS,0.8,20
1914,2,winter_rapeseed,1,PK,0.001,35
1914,2,winter_rapeseed,2,KAS,0.4,24
1914,2,winter_rapeseed,3,KAS,0.8,20
1916,2,winter_rapeseed,1,PK,0.001,35
1916,2,winter_rapeseed,2,KAS,0.4,24
1916,2,winter_rapeseed,3,KAS,0.8,20
1917,2,winter_rapeseed,1,PK,0.001,35
1917,2,winter_rapeseed,2,KAS,0.4,24
1917,2,winter_rapeseed,3,KAS,0.8,20
1918,2,winter_rapeseed,1,PK,0.001,35
1918,2,winter_rapeseed,2,KAS,0.4,24
1918,2,winter_rapeseed,3,KAS,0.8,20
1923,2,winter_rapeseed,1,PK,0.001,35
1923,2,winter_rapeseed,2,KAS,0.4,24
1923,2,winter_rapeseed,3,KAS,0.8,20
1924,2,winter_rapeseed,1,PK,0.001,35
1924,2,winter_rapeseed,2,KAS,0.4,24
1924,2,winter_rapeseed,3,KAS,0.8,20
1926,2,winter_rapeseed,1,PK,0.001,35
1926,2,winter_rapeseed,2,KAS,0.4,24
1926,2,winter_rapeseed,3,KAS,0.8,20
1927,2,winter_rapeseed,1,PK,0.001,35
1927,2,winter_rapeseed,2,KAS,0.4,24
1927,2,winter_rapeseed,3,KAS,0.8,20
1930,2,winter_rapeseed,1,PK,0.001,35
1930,2,winter_rapeseed,2,KAS,0.4,24
1930,2,winter_rapeseed,3,KAS,0.8,20
1931,2,winter_rapeseed,1,PK,0.001,35
1931,2,winter_rapeseed,2,KAS,0.4,24
1931,2,winter_rapeseed,3,KAS,0.8,20
1933,2,winter_rapeseed,1,PK,0.001,35
1933,2,winter_rapeseed,2,KAS,0.4,24
1933,2,winter_rapeseed,3,KAS,0.8,20
1934,2,winter_rapeseed,1,PK,0.001,35
1934,2,winter_rapeseed,2,KAS,0.4,24
1934,2,winter_rapeseed,3,KAS,0.8,20
1936,2,winter_rapeseed,1,PK,0.001,35
1936,2,winter_rapeseed,2,KAS,0.4,24
1936,2,winter_rapeseed,3,KAS,0.8,20
1937,2,winter_rapeseed,1,PK,0.001,35
1937,2,winter_rapeseed,2,KAS,0.4,24
1937,2,winter_rapeseed,3,KAS,0.8,20
1938,2,winter_rapeseed,1,PK,0.001,35
1938,2,winter_rapeseed,2,KAS,0.4,24
1938,2,winter_rapeseed,3,KAS,0.8,20
1941,2,winter_rapeseed,1,PK,0.001,35
1941,2,winter_rapeseed,2,KAS,0.4,24
1941,2,winter_rapeseed,3,KAS,0.8,20
1942,2,winter_rapeseed,1,PK,0.001,35
1942,2,winter_rapeseed,2,KAS,0.4,24
1942,2,winter_rapeseed,3,KAS,0.8,20
1943,2,winter_rapeseed,1,PK,0.001,35
1943,2,winter_rapeseed,2,KAS,0.4,24
1943,2,winter_rapeseed,3,KAS,0.8,20
1944,2,winter_rapeseed,1,PK,0.001,35
1944,2,winter_rapeseed,2,KAS,0.4,24
1944,2,winter_rapeseed,3,KAS,0.8,20
1945,2,winter_rapeseed,1,PK,0.001,35
1945,2,winter_rapeseed,2,KAS,0.4,24
1945,2,winter_rapeseed,3,KAS,0.8,20
1946,2,winter_rapeseed,1,PK,0.001,35
1946,2,winter_rapeseed,2,KAS,0.4,24
1946,2,winter_rapeseed,3,KAS,0.8,20
1947,2,winter_rapeseed,1,PK,0.001,35
1947,2,winter_rapeseed,2,KAS,0.4,24
1947,2,winter_rapeseed,3,KAS,0.8,20
1948,2,winter_rapeseed,1,PK,0.001,35
1948,2,winter_rapeseed,2,KAS,0.4,24
1948,2,winter_rapeseed,3,KAS,0.8,20
1949,2,winter_rapeseed,1,PK,0.001,35
1949,2,winter_rapeseed,2,KAS,0.4,24
1949,2,winter_rapeseed,3,KAS,0.8,20
1951,2,winter_rapeseed,1,PK,0.001,35
1951,2,winter_rapeseed,2,KAS,0.4,24
1951,2,winter_rapeseed,3,KAS,0.8,20
1952,2,winter_rapeseed,1,PK,0.001,35
1952,2,winter_rapeseed,2,KAS,0.4,24
1952,2,winter_rapeseed,3,KAS,0.8,20
1955,2,winter_rapeseed,1,PK,0.001,35
1955,2,winter_rapeseed,2,KAS,0.4,24
1955,2,winter_rapeseed,3,KAS,0.8,20
1957,2,winter_rapeseed,1,PK,0.001,35
1957,2,winter_rapeseed,2,KAS,0.4,24
1957,2,winter_rapeseed,3,KAS,0.8,20
1962,2,winter_rapeseed,1,PK,0.001,35
1962,2,winter_rapeseed,2,KAS,0.4,24
1962,2,winter_rapeseed,3,KAS,0.8,20
1967,2,winter_rapeseed,1,PK,0.001,35
1967,2,winter_rapeseed,2,KAS,0.4,24
1967,2,winter_rapeseed,3,KAS,0.8,20
1969,2,winter_rapeseed,1,PK,0.001,35
1969,2,winter_rapeseed,2,KAS,0.4,24
1969,2,winter_rapeseed,3,KAS,0.8,20
1970,2,winter_rapeseed,1,PK,0.001,35
1970,2,winter_rapeseed,2,KAS,0.4,24
1970,2,winter_rapeseed,3,KAS,0.8,20
1971,2,winter_rapeseed,1,PK,0.001,35
1971,2,winter_rapeseed,2,KAS,0.4,24
1971,2,winter_rapeseed,3,KAS,0.8,20
1972,2,winter_rapeseed,1,PK,0.001,35
1972,2,winter_rapeseed,2,KAS,0.4,24
1972,2,winter_rapeseed,3,KAS,0.8,20
1973,2,winter_rapeseed,1,PK,0.001,35
1973,2,winter_rapeseed,2,KAS,0.4,24
1973,2,winter_rapeseed,3,KAS,0.8,20
1974,2,winter_rapeseed,1,PK,0.001,35
1974,2,winter_rapeseed,2,KAS,0.4,24
1974,2,winter_rapeseed,3,KAS,0.8,20
1975,2,winter_rapeseed,1,PK,0.001,35
1975,2,winter_rapeseed,2,KAS,0.4,24
1975,2,winter_rapeseed,3,KAS,0.8,20
1976,2,winter_rapeseed,1,PK,0.001,35
1976,2,winter_rapeseed,2,KAS,0.4,24
1976,2,winter_rapeseed,3,KAS,0.8,20
1978,2,winter_rapeseed,1,PK,0.001,35
1978,2,winter_rapeseed,2,KAS,0.4,24
1978,2,winter_rapeseed,3,KAS,0.8,20
1980,2,winter_rapeseed,1,PK,0.001,35
1980,2,winter_rapeseed,2,KAS,0.4,24
1980,2,winter_rapeseed,3,KAS,0.8,20
1982,2,winter_rapeseed,1,PK,0.001,35
1982,2,winter_rapeseed,2,KAS,0.4,24
1982,2,winter_rapeseed,3,KAS,0.8,20
1983,2,winter_rapeseed,1,PK,0.001,35
1983,2,winter_rapeseed,2,KAS,0.4,24
1983,2,winter_rapeseed,3,KAS,0.8,20
1984,2,winter_rapeseed,1,PK,0.001,35
1984,2,winter_rapeseed,2,KAS,0.4,24
1984,2,winter_rapeseed,3,KAS,0.8,20
1986,2,winter_rapeseed,1,PK,0.001,35
1986,2,winter_rapeseed,2,KAS,0.4,24
1986,2,winter_rapeseed,3,KAS,0.8,20
1988,2,winter_rapeseed,1,PK,0.001,35
1988,2,winter_rapeseed,2,KAS,0.4,24
1988,2,winter_rapeseed,3,KAS,0.8,20
1990,2,winter_rapeseed,1,PK,0.001,35
1990,2,winter_rapeseed,2,KAS,0.4,24
1990,2,winter_rapeseed,3,KAS,0.8,20
1992,2,winter_rapeseed,1,PK,0.001,35
1992,2,winter_rapeseed,2,KAS,0.4,24
1992,2,winter_rapeseed,3,KAS,0.8,20
1993,2,winter_rapeseed,1,PK,0.001,35
1993,2,winter_rapeseed,2,KAS,0.4,24
1993,2,winter_rapeseed,3,KAS,0.8,20
1994,2,winter_rapeseed,1,PK,0.001,35
1994,2,winter_rapeseed,2,KAS,0.4,24
1994,2,winter_rapeseed,3,KAS,0.8,20
1997,2,winter_rapeseed,1,PK,0.001,35
1997,2,winter_rapeseed,2,KAS,0.4,24
1997,2,winter_rapeseed,3,KAS,0.8,20
2001,2,winter_rapeseed,1,PK,0.001,35
2001,2,winter_rapeseed,2,KAS,0.4,24
2001,2,winter_rapeseed,3,KAS,0.8,20
2004,2,winter_rapeseed,1,PK,0.001,35
2004,2,winter_rapeseed,2,KAS,0.4,24
2004,2,winter_rapeseed,3,KAS,0.8,20
2005,2,winter_rapeseed,1,PK,0.001,35
2005,2,winter_rapeseed,2,KAS,0.4,24
2005,2,winter_rapeseed,3,KAS,0.8,20
2006,2,winter_rapeseed,1,PK,0.001,35
2006,2,winter_rapeseed,2,KAS,0.4,24
2006,2,winter_rapeseed,3,KAS,0.8,20
2007,2,winter_rapeseed,1,PK,0.001,35
2007,2,winter_rapeseed,2,KAS,0.4,24
2007,2,winter_rapeseed,3,KAS,0.8,20
2008,2,winter_rapeseed,1,PK,0.001,35
2008,2,winter_rapeseed,2,KAS,0.4,24
2008,2,winter_rapeseed,3,KAS,0.8,20
2009,2,winter_rapeseed,1,PK,0.001,35
2009,2,winter_rapeseed,2,KAS,0.4,24
2009,2,winter_rapeseed,3,KAS,0.8,20
2010,2,winter_rapeseed,1,PK,0.001,35
2010,2,winter_rapeseed,2,KAS,0.4,24
2010,2,winter_rapeseed,3,KAS,0.8,20
2011,2,winter_rapeseed,1,PK,0.001,35
2011,2,winter_rapeseed,2,KAS,0.4,24
2011,2,winter_rapeseed,3,KAS,0.8,20
2012,2,winter_rapeseed,1,PK,0.001,35
2012,2,winter_rapeseed,2,KAS,0.4,24
2012,2,winter_rapeseed,3,KAS,0.8,20
2013,2,winter_rapeseed,1,PK,0.001,35
2013,2,winter_rapeseed,2,KAS,0.4,24
2013,2,winter_rapeseed,3,KAS,0.8,20
2014,2,winter_rapeseed,1,PK,0.001,35
2014,2,winter_rapeseed,2,KAS,0.4,24
2014,2,winter_rapeseed,3,KAS,0.8,20
2015,2,winter_rapeseed,1,PK,0.001,35
2015,2,winter_rapeseed,2,KAS,0.4,24
2015,2,winter_rapeseed,3,KAS,0.8,20
2016,2,winter_rapeseed,1,PK,0.001,35
2016,2,winter_rapeseed,2,KAS,0.4,24
2016,2,winter_rapeseed,3,KAS,0.8,20
2017,2,winter_rapeseed,1,PK,0.001,35
2017,2,winter_rapeseed,2,KAS,0.4,24
2017,2,winter_rapeseed,3,KAS,0.8,20
2018,2,winter_rapeseed,1,PK,0.001,35
2018,2,winter_rapeseed,2,KAS,0.4,24
2018,2,winter_rapeseed,3,KAS,0.8,20
2020,2,winter_rapeseed,1,PK,0.001,35
2020,2,winter_rapeseed,2,KAS,0.4,24
2020,2,winter_rapeseed,3,KAS,0.8,20
2022,2,winter_rapeseed,1,PK,0.001,35
2022,2,winter_rapeseed,2,KAS,0.4,24
2022,2,winter_rapeseed,3,KAS,0.8,20
2023,2,winter_rapeseed,1,PK,0.001,35
2023,2,winter_rapeseed,2,KAS,0.4,24
2023,2,winter_rapeseed,3,KAS,0.8,20
2026,2,winter_rapeseed,1,PK,0.001,35
2026,2,winter_rapeseed,2,KAS,0.4,24
2026,2,winter_rapeseed,3,KAS,0.8,20
2027,2,winter_rapeseed,1,PK,0.001,35
2027,2,winter_rapeseed,2,KAS,0.4,24
2027,2,winter_rapeseed,3,KAS,0.8,20
2030,2,winter_rapeseed,1,PK,0.001,35
2030,2,winter_rapeseed,2,KAS,0.4,24
2030,2,winter_rapeseed,3,KAS,0.8,20
2031,2,winter_rapeseed,1,PK,0.001,35
2031,2,winter_rapeseed,2,KAS,0.4,24
2031,2,winter_rapeseed,3,KAS,0.8,20
2032,2,winter_rapeseed,1,PK,0.001,35
2032,2,winter_rapeseed,2,KAS,0.4,24
2032,2,winter_rapeseed,3,KAS,0.8,20
2034,2,winter_rapeseed,1,PK,0.001,35
2034,2,winter_rapeseed,2,KAS,0.4,24
2034,2,winter_rapeseed,3,KAS,0.8,20
2037,2,winter_rapeseed,1,PK,0.001,35
2037,2,winter_rapeseed,2,KAS,0.4,24
2037,2,winter_rapeseed,3,KAS,0.8,20
2046,2,winter_rapeseed,1,PK,0.001,35
2046,2,winter_rapeseed,2,KAS,0.4,24
2046,2,winter_rapeseed,3,KAS,0.8,20
2047,2,winter_rapeseed,1,PK,0.001,35
2047,2,winter_rapeseed,2,KAS,0.4,24
2047,2,winter_rapeseed,3,KAS,0.8,20
2048,2,winter_rapeseed,1,PK,0.001,35
2048,2,winter_rapeseed,2,KAS,0.4,24
2048,2,winter_rapeseed,3,KAS,0.8,20
2049,2,winter_rapeseed,1,PK,0.001,35
2049,2,winter_rapeseed,2,KAS,0.4,24
2049,2,winter_rapeseed,3,KAS,0.8,20
2050,2,winter_rapeseed,1,PK,0.001,35
2050,2,winter_rapeseed,2,KAS,0.4,24
2050,2,winter_rapeseed,3,KAS,0.8,20
2051,2,winter_rapeseed,1,PK,0.001,35
2051,2,winter_rapeseed,2,KAS,0.4,24
2051,2,winter_rapeseed,3,KAS,0.8,20
2052,2,winter_rapeseed,1,PK,0.001,35
2052,2,winter_rapeseed,2,KAS,0.4,24
2052,2,winter_rapeseed,3,KAS,0.8,20
2053,2,winter_rapeseed,1,PK,0.001,35
2053,2,winter_rapeseed,2,KAS,0.4,24
2053,2,winter_rapeseed,3,KAS,0.8,20
2054,2,winter_rapeseed,1,PK,0.001,35
2054,2,winter_rapeseed,2,KAS,0.4,24
2054,2,winter_rapeseed,3,KAS,0.8,20
2055,2,winter_rapeseed,1,PK,0.001,35
2055,2,winter_rapeseed,2,KAS,0.4,24
2055,2,winter_rapeseed,3,KAS,0.8,20
2056,2,winter_rapeseed,1,PK,0.001,35
2056,2,winter_rapeseed,2,KAS,0.4,24
2056,2,winter_rapeseed,3,KAS,0.8,20
2060,2,winter_rapeseed,1,PK,0.001,35
2060,2,winter_rapeseed,2,KAS,0.4,24
2060,2,winter_rapeseed,3,KAS,0.8,20
2062,2,winter_rapeseed,1,PK,0.001,35
2062,2,winter_rapeseed,2,KAS,0.4,24
2062,2,winter_rapeseed,3,KAS,0.8,20
2063,2,winter_rapeseed,1,PK,0.001,35
2063,2,winter_rapeseed,2,KAS,0.4,24
2063,2,winter_rapeseed,3,KAS,0.8,20
2064,2,winter_rapeseed,1,PK,0.001,35
2064,2,winter_rapeseed,2,KAS,0.4,24
2064,2,winter_rapeseed,3,KAS,0.8,20
2065,2,winter_rapeseed,1,PK,0.001,35
2065,2,winter_rapeseed,2,KAS,0.4,24
2065,2,winter_rapeseed,3,KAS,0.8,20
2066,2,winter_rapeseed,1,PK,0.001,35
2066,2,winter_rapeseed,2,KAS,0.4,24
2066,2,winter_rapeseed,3,KAS,0.8,20
2071,2,winter_rapeseed,1,PK,0.001,35
2071,2,winter_rapeseed,2,KAS,0.4,24
2071,2,winter_rapeseed,3,KAS,0.8,20
2072,2,winter_rapeseed,1,PK,0.001,35
2072,2,winter_rapeseed,2,KAS,0.4,24
2072,2,winter_rapeseed,3,KAS,0.8,20
2075,2,winter_rapeseed,1,PK,0.001,35
2075,2,winter_rapeseed,2,KAS,0.4,24
2075,2,winter_rapeseed,3,KAS,0.8,20
2077,2,winter_rapeseed,1,PK,0.001,35
2077,2,winter_rapeseed,2,KAS,0.4,24
2077,2,winter_rapeseed,3,KAS,0.8,20
2078,2,winter_rapeseed,1,PK,0.001,35
2078,2,winter_rapeseed,2,KAS,0.4,24
2078,2,winter_rapeseed,3,KAS,0.8,20
2079,2,winter_rapeseed,1,PK,0.001,35
2079,2,winter_rapeseed,2,KAS,0.4,24
2079,2,winter_rapeseed,3,KAS,0.8,20
2080,2,winter_rapeseed,1,PK,0.001,35
2080,2,winter_rapeseed,2,KAS,0.4,24
2080,2,winter_rapeseed,3,KAS,0.8,20
2081,2,winter_rapeseed,1,PK,0.001,35
2081,2,winter_rapeseed,2,KAS,0.4,24
2081,2,winter_rapeseed,3,KAS,0.8,20
2082,2,winter_rapeseed,1,PK,0.001,35
2082,2,winter_rapeseed,2,KAS,0.4,24
2082,2,winter_rapeseed,3,KAS,0.8,20
2083,2,winter_rapeseed,1,PK,0.001,35
2083,2,winter_rapeseed,2,KAS,0.4,24
2083,2,winter_rapeseed,3,KAS,0.8,20
2084,2,winter_rapeseed,1,PK,0.001,35
2084,2,winter_rapeseed,2,KAS,0.4,24
2084,2,winter_rapeseed,3,KAS,0.8,20
2085,2,winter_rapeseed,1,PK,0.001,35
2085,2,winter_rapeseed,2,KAS,0.4,24
2085,2,winter_rapeseed,3,KAS,0.8,20
2086,2,winter_rapeseed,1,PK,0.001,35
2086,2,winter_rapeseed,2,KAS,0.4,24
2086,2,winter_rapeseed,3,KAS,0.8,20
2087,2,winter_rapeseed,1,PK,0.001,35
2087,2,winter_rapeseed,2,KAS,0.4,24
2087,2,winter_rapeseed,3,KAS,0.8,20
2092,2,winter_rapeseed,1,PK,0.001,35
2092,2,winter_rapeseed,2,KAS,0.4,24
2092,2,winter_rapeseed,3,KAS,0.8,20
2093,2,winter_rapeseed,1,PK,0.001,35
2093,2,winter_rapeseed,2,KAS,0.4,24
2093,2,winter_rapeseed,3,KAS,0.8,20
2094,2,winter_rapeseed,1,PK,0.001,35
2094,2,winter_rapeseed,2,KAS,0.4,24
2094,2,winter_rapeseed,3,KAS,0.8,20
2095,2,winter_rapeseed,1,PK,0.001,35
2095,2,winter_rapeseed,2,KAS,0.4,24
2095,2,winter_rapeseed,3,KAS,0.8,20
2096,2,winter_rapeseed,1,PK,0.001,35
2096,2,winter_rapeseed,2,KAS,0.4,24
2096,2,winter_rapeseed,3,KAS,0.8,20
2097,2,winter_rapeseed,1,PK,0.001,35
2097,2,winter_rapeseed,2,KAS,0.4,24
2097,2,winter_rapeseed,3,KAS,0.8,20
2098,2,winter_rapeseed,1,PK,0.001,35
2098,2,winter_rapeseed,2,KAS,0.4,24
2098,2,winter_rapeseed,3,KAS,0.8,20
2099,2,winter_rapeseed,1,PK,0.001,35
2099,2,winter_rapeseed,2,KAS,0.4,24
2099,2,winter_rapeseed,3,KAS,0.8,20
2100,2,winter_rapeseed,1,PK,0.001,35
2100,2,winter_rapeseed,2,KAS,0.4,24
2100,2,winter_rapeseed,3,KAS,0.8,20
2101,2,winter_rapeseed,1,PK,0.001,35
2101,2,winter_rapeseed,2,KAS,0.4,24
2101,2,winter_rapeseed,3,KAS,0.8,20
2107,2,winter_rapeseed,1,PK,0.001,35
2107,2,winter_rapeseed,2,KAS,0.4,24
2107,2,winter_rapeseed,3,KAS,0.8,20
2110,2,winter_rapeseed,1,PK,0.001,35
2110,2,winter_rapeseed,2,KAS,0.4,24
2110,2,winter_rapeseed,3,KAS,0.8,20
2111,2,winter_rapeseed,1,PK,0.001,35
2111,2,winter_rapeseed,2,KAS,0.4,24
2111,2,winter_rapeseed,3,KAS,0.8,20
2112,2,winter_rapeseed,1,PK,0.001,35
2112,2,winter_rapeseed,2,KAS,0.4,24
2112,2,winter_rapeseed,3,KAS,0.8,20
2113,2,winter_rapeseed,1,PK,0.001,35
2113,2,winter_rapeseed,2,KAS,0.4,24
2113,2,winter_rapeseed,3,KAS,0.8,20
2114,2,winter_rapeseed,1,PK,0.001,35
2114,2,winter_rapeseed,2,KAS,0.4,24
2114,2,winter_rapeseed,3,KAS,0.8,20
2120,2,winter_rapeseed,1,PK,0.001,35
2120,2,winter_rapeseed,2,KAS,0.4,24
2120,2,winter_rapeseed,3,KAS,0.8,20
2122,2,winter_rapeseed,1,PK,0.001,35
2122,2,winter_rapeseed,2,KAS,0.4,24
2122,2,winter_rapeseed,3,KAS,0.8,20
2123,2,winter_rapeseed,1,PK,0.001,35
2123,2,winter_rapeseed,2,KAS,0.4,24
2123,2,winter_rapeseed,3,KAS,0.8,20
2124,2,winter_rapeseed,1,PK,0.001,35
2124,2,winter_rapeseed,2,KAS,0.4,24
2124,2,winter_rapeseed,3,KAS,0.8,20
2125,2,winter_rapeseed,1,PK,0.001,35
2125,2,winter_rapeseed,2,KAS,0.4,24
2125,2,winter_rapeseed,3,KAS,0.8,20
2126,2,winter_rapeseed,1,PK,0.001,35
2126,2,winter_rapeseed,2,KAS,0.4,24
2126,2,winter_rapeseed,3,KAS,0.8,20
2127,2,winter_rapeseed,1,PK,0.001,35
2127,2,winter_rapeseed,2,KAS,0.4,24
2127,2,winter_rapeseed,3,KAS,0.8,20
2128,2,winter_rapeseed,1,PK,0.001,35
2128,2,winter_rapeseed,2,KAS,0.4,24
2128,2,winter_rapeseed,3,KAS,0.8,20
2129,2,winter_rapeseed,1,PK,0.001,35
2129,2,winter_rapeseed,2,KAS,0.4,24
2129,2,winter_rapeseed,3,KAS,0.8,20
2130,2,winter_rapeseed,1,PK,0.001,35
2130,2,winter_rapeseed,2,KAS,0.4,24
2130,2,winter_rapeseed,3,KAS,0.8,20
2131,2,winter_rapeseed,1,PK,0.001,35
2131,2,winter_rapeseed,2,KAS,0.4,24
2131,2,winter_rapeseed,3,KAS,0.8,20
2134,2,winter_rapeseed,1,PK,0.001,35
2134,2,winter_rapeseed,2,KAS,0.4,24
2134,2,winter_rapeseed,3,KAS,0.8,20
2136,2,winter_rapeseed,1,PK,0.001,35
2136,2,winter_rapeseed,2,KAS,0.4,24
2136,2,winter_rapeseed,3,KAS,0.8,20
2138,2,winter_rapeseed,1,PK,0.001,35
2138,2,winter_rapeseed,2,KAS,0.4,24
2138,2,winter_rapeseed,3,KAS,0.8,20
2139,2,winter_rapeseed,1,PK,0.001,35
2139,2,winter_rapeseed,2,KAS,0.4,24
2139,2,winter_rapeseed,3,KAS,0.8,20
2142,2,winter_rapeseed,1,PK,0.001,35
2142,2,winter_rapeseed,2,KAS,0.4,24
2142,2,winter_rapeseed,3,KAS,0.8,20
2144,2,winter_rapeseed,1,PK,0.001,35
2144,2,winter_rapeseed,2,KAS,0.4,24
2144,2,winter_rapeseed,3,KAS,0.8,20
2146,2,winter_rapeseed,1,PK,0.001,35
2146,2,winter_rapeseed,2,KAS,0.4,24
2146,2,winter_rapeseed,3,KAS,0.8,20
2148,2,winter_rapeseed,1,PK,0.001,35
2148,2,winter_rapeseed,2,KAS,0.4,24
2148,2,winter_rapeseed,3,KAS,0.8,20
2152,2,winter_rapeseed,1,PK,0.001,35
2152,2,winter_rapeseed,2,KAS,0.4,24
2152,2,winter_rapeseed,3,KAS,0.8,20
2155,2,winter_rapeseed,1,PK,0.001,35
2155,2,winter_rapeseed,2,KAS,0.4,24
2155,2,winter_rapeseed,3,KAS,0.8,20
2157,2,winter_rapeseed,1,PK,0.001,35
2157,2,winter_rapeseed,2,KAS,0.4,24
2157,2,winter_rapeseed,3,KAS,0.8,20
2158,2,winter_rapeseed,1,PK,0.001,35
2158,2,winter_rapeseed,2,KAS,0.4,24
2158,2,winter_rapeseed,3,KAS,0.8,20
2159,2,winter_rapeseed,1,PK,0.001,35
2159,2,winter_rapeseed,2,KAS,0.4,24
2159,2,winter_rapeseed,3,KAS,0.8,20
2164,2,winter_rapeseed,1,PK,0.001,35
2164,2,winter_rapeseed,2,KAS,0.4,24
2164,2,winter_rapeseed,3,KAS,0.8,20
2165,2,winter_rapeseed,1,PK,0.001,35
2165,2,winter_rapeseed,2,KAS,0.4,24
2165,2,winter_rapeseed,3,KAS,0.8,20
2166,2,winter_rapeseed,1,PK,0.001,35
2166,2,winter_rapeseed,2,KAS,0.4,24
2166,2,winter_rapeseed,3,KAS,0.8,20
2169,2,winter_rapeseed,1,PK,0.001,35
2169,2,winter_rapeseed,2,KAS,0.4,24
2169,2,winter_rapeseed,3,KAS,0.8,20
2170,2,winter_rapeseed,1,PK,0.001,35
2170,2,winter_rapeseed,2,KAS,0.4,24
2170,2,winter_rapeseed,3,KAS,0.8,20
2171,2,winter_rapeseed,1,PK,0.001,35
2171,2,winter_rapeseed,2,KAS,0.4,24
2171,2,winter_rapeseed,3,KAS,0.8,20
2172,2,winter_rapeseed,1,PK,0.001,35
2172,2,winter_rapeseed,2,KAS,0.4,24
2172,2,winter_rapeseed,3,KAS,0.8,20
2173,2,winter_rapeseed,1,PK,0.001,35
2173,2,winter_rapeseed,2,KAS,0.4,24
2173,2,winter_rapeseed,3,KAS,0.8,20
2174,2,winter_rapeseed,1,PK,0.001,35
2174,2,winter_rapeseed,2,KAS,0.4,24
2174,2,winter_rapeseed,3,KAS,0.8,20
2175,2,winter_rapeseed,1,PK,0.001,35
2175,2,winter_rapeseed,2,KAS,0.4,24
2175,2,winter_rapeseed,3,KAS,0.8,20
2179,2,winter_rapeseed,1,PK,0.001,35
2179,2,winter_rapeseed,2,KAS,0.4,24
2179,2,winter_rapeseed,3,KAS,0.8,20
2181,2,winter_rapeseed,1,PK,0.001,35
2181,2,winter_rapeseed,2,KAS,0.4,24
2181,2,winter_rapeseed,3,KAS,0.8,20
2182,2,winter_rapeseed,1,PK,0.001,35
2182,2,winter_rapeseed,2,KAS,0.4,24
2182,2,winter_rapeseed,3,KAS,0.8,20
2185,2,winter_rapeseed,1,PK,0.001,35
2185,2,winter_rapeseed,2,KAS,0.4,24
2185,2,winter_rapeseed,3,KAS,0.8,20
2186,2,winter_rapeseed,1,PK,0.001,35
2186,2,winter_rapeseed,2,KAS,0.4,24
2186,2,winter_rapeseed,3,KAS,0.8,20
2188,2,winter_rapeseed,1,PK,0.001,35
2188,2,winter_rapeseed,2,KAS,0.4,24
2188,2,winter_rapeseed,3,KAS,0.8,20
2193,2,winter_rapeseed,1,PK,0.001,35
2193,2,winter_rapeseed,2,KAS,0.4,24
2193,2,winter_rapeseed,3,KAS,0.8,20
2199,2,winter_rapeseed,1,PK,0.001,35
2199,2,winter_rapeseed,2,KAS,0.4,24
2199,2,winter_rapeseed,3,KAS,0.8,20
2201,2,winter_rapeseed,1,PK,0.001,35
2201,2,winter_rapeseed,2,KAS,0.4,24
2201,2,winter_rapeseed,3,KAS,0.8,20
2202,2,winter_rapeseed,1,PK,0.001,35
2202,2,winter_rapeseed,2,KAS,0.4,24
2202,2,winter_rapeseed,3,KAS,0.8,20
2203,2,winter_rapeseed,1,PK,0.001,35
2203,2,winter_rapeseed,2,KAS,0.4,24
2203,2,winter_rapeseed,3,KAS,0.8,20
2204,2,winter_rapeseed,1,PK,0.001,35
2204,2,winter_rapeseed,2,KAS,0.4,24
2204,2,winter_rapeseed,3,KAS,0.8,20
2205,2,winter_rapeseed,1,PK,0.001,35
2205,2,winter_rapeseed,2,KAS,0.4,24
2205,2,winter_rapeseed,3,KAS,0.8,20
2206,2,winter_rapeseed,1,PK,0.001,35
2206,2,winter_rapeseed,2,KAS,0.4,24
2206,2,winter_rapeseed,3,KAS,0.8,20
2210,2,winter_rapeseed,1,PK,0.001,35
2210,2,winter_rapeseed,2,KAS,0.4,24
2210,2,winter_rapeseed,3,KAS,0.8,20
2211,2,winter_rapeseed,1,PK,0.001,35
2211,2,winter_rapeseed,2,KAS,0.4,24
2211,2,winter_rapeseed,3,KAS,0.8,20
2212,2,winter_rapeseed,1,PK,0.001,35
2212,2,winter_rapeseed,2,KAS,0.4,24
2212,2,winter_rapeseed,3,KAS,0.8,20
2214,2,winter_rapeseed,1,PK,0.001,35
2214,2,winter_rapeseed,2,KAS,0.4,24
2214,2,winter_rapeseed,3,KAS,0.8,20
2215,2,winter_rapeseed,1,PK,0.001,35
2215,2,winter_rapeseed,2,KAS,0.4,24
2215,2,winter_rapeseed,3,KAS,0.8,20
2217,2,winter_rapeseed,1,PK,0.001,35
2217,2,winter_rapeseed,2,KAS,0.4,24
2217,2,winter_rapeseed,3,KAS,0.8,20
2219,2,winter_rapeseed,1,PK,0.001,35
2219,2,winter_rapeseed,2,KAS,0.4,24
2219,2,winter_rapeseed,3,KAS,0.8,20
2220,2,winter_rapeseed,1,PK,0.001,35
2220,2,winter_rapeseed,2,KAS,0.4,24
2220,2,winter_rapeseed,3,KAS,0.8,20
2222,2,winter_rapeseed,1,PK,0.001,35
2222,2,winter_rapeseed,2,KAS,0.4,24
2222,2,winter_rapeseed,3,KAS,0.8,20
2223,2,winter_rapeseed,1,PK,0.001,35
2223,2,winter_rapeseed,2,KAS,0.4,24
2223,2,winter_rapeseed,3,KAS,0.8,20
2224,2,winter_rapeseed,1,PK,0.001,35
2224,2,winter_rapeseed,2,KAS,0.4,24
2224,2,winter_rapeseed,3,KAS,0.8,20
2229,2,winter_rapeseed,1,PK,0.001,35
2229,2,winter_rapeseed,2,KAS,0.4,24
2229,2,winter_rapeseed,3,KAS,0.8,20
2230,2,winter_rapeseed,1,PK,0.001,35
2230,2,winter_rapeseed,2,KAS,0.4,24
2230,2,winter_rapeseed,3,KAS,0.8,20
2233,2,winter_rapeseed,1,PK,0.001,35
2233,2,winter_rapeseed,2,KAS,0.4,24
2233,2,winter_rapeseed,3,KAS,0.8,20
2234,2,winter_rapeseed,1,PK,0.001,35
2234,2,winter_rapeseed,2,KAS,0.4,24
2234,2,winter_rapeseed,3,KAS,0.8,20
2235,2,winter_rapeseed,1,PK,0.001,35
2235,2,winter_rapeseed,2,KAS,0.4,24
2235,2,winter_rapeseed,3,KAS,0.8,20
2238,2,winter_rapeseed,1,PK,0.001,35
2238,2,winter_rapeseed,2,KAS,0.4,24
2238,2,winter_rapeseed,3,KAS,0.8,20
2241,2,winter_rapeseed,1,PK,0.001,35
2241,2,winter_rapeseed,2,KAS,0.4,24
2241,2,winter_rapeseed,3,KAS,0.8,20
2242,2,winter_rapeseed,1,PK,0.001,35
2242,2,winter_rapeseed,2,KAS,0.4,24
2242,2,winter_rapeseed,3,KAS,0.8,20
2244,2,winter_rapeseed,1,PK,0.001,35
2244,2,winter_rapeseed,2,KAS,0.4,24
2244,2,winter_rapeseed,3,KAS,0.8,20
2245,2,winter_rapeseed,1,PK,0.001,35
2245,2,winter_rapeseed,2,KAS,0.4,24
2245,2,winter_rapeseed,3,KAS,0.8,20
2246,2,winter_rapeseed,1,PK,0.001,35
2246,2,winter_rapeseed,2,KAS,0.4,24
2246,2,winter_rapeseed,3,KAS,0.8,20
2247,2,winter_rapeseed,1,PK,0.001,35
2247,2,winter_rapeseed,2,KAS,0.4,24
2247,2,winter_rapeseed,3,KAS,0.8,20
2250,2,winter_rapeseed,1,PK,0.001,35
2250,2,winter_rapeseed,2,KAS,0.4,24
2250,2,winter_rapeseed,3,KAS,0.8,20
2251,2,winter_rapeseed,1,PK,0.001,35
2251,2,winter_rapeseed,2,KAS,0.4,24
2251,2,winter_rapeseed,3,KAS,0.8,20
2252,2,winter_rapeseed,1,PK,0.001,35
2252,2,winter_rapeseed,2,KAS,0.4,24
2252,2,winter_rapeseed,3,KAS,0.8,20
2253,2,winter_rapeseed,1,PK,0.001,35
2253,2,winter_rapeseed,2,KAS,0.4,24
2253,2,winter_rapeseed,3,KAS,0.8,20
2254,2,winter_rapeseed,1,PK,0.001,35
2254,2,winter_rapeseed,2,KAS,0.4,24
2254,2,winter_rapeseed,3,KAS,0.8,20
2259,2,winter_rapeseed,1,PK,0.001,35
2259,2,winter_rapeseed,2,KAS,0.4,24
2259,2,winter_rapeseed,3,KAS,0.8,20
2260,2,winter_rapeseed,1,PK,0.001,35
2260,2,winter_rapeseed,2,KAS,0.4,24
2260,2,winter_rapeseed,3,KAS,0.8,20
2262,2,winter_rapeseed,1,PK,0.001,35
2262,2,winter_rapeseed,2,KAS,0.4,24
2262,2,winter_rapeseed,3,KAS,0.8,20
2273,2,winter_rapeseed,1,PK,0.001,35
2273,2,winter_rapeseed,2,KAS,0.4,24
2273,2,winter_rapeseed,3,KAS,0.8,20
2274,2,winter_rapeseed,1,PK,0.001,35
2274,2,winter_rapeseed,2,KAS,0.4,24
2274,2,winter_rapeseed,3,KAS,0.8,20
2275,2,winter_rapeseed,1,PK,0.001,35
2275,2,winter_rapeseed,2,KAS,0.4,24
2275,2,winter_rapeseed,3,KAS,0.8,20
2276,2,winter_rapeseed,1,PK,0.001,35
2276,2,winter_rapeseed,2,KAS,0.4,24
2276,2,winter_rapeseed,3,KAS,0.8,20
2277,2,winter_rapeseed,1,PK,0.001,35
2277,2,winter_rapeseed,2,KAS,0.4,24
2277,2,winter_rapeseed,3,KAS,0.8,20
2282,2,winter_rapeseed,1,PK,0.001,35
2282,2,winter_rapeseed,2,KAS,0.4,24
2282,2,winter_rapeseed,3,KAS,0.8,20
2284,2,winter_rapeseed,1,PK,0.001,35
2284,2,winter_rapeseed,2,KAS,0.4,24
2284,2,winter_rapeseed,3,KAS,0.8,20
2285,2,winter_rapeseed,1,PK,0.001,35
2285,2,winter_rapeseed,2,KAS,0.4,24
2285,2,winter_rapeseed,3,KAS,0.8,20
2287,2,winter_rapeseed,1,PK,0.001,35
2287,2,winter_rapeseed,2,KAS,0.4,24
2287,2,winter_rapeseed,3,KAS,0.8,20
2289,2,winter_rapeseed,1,PK,0.001,35
2289,2,winter_rapeseed,2,KAS,0.4,24
2289,2,winter_rapeseed,3,KAS,0.8,20
2290,2,winter_rapeseed,1,PK,0.001,35
2290,2,winter_rapeseed,2,KAS,0.4,24
2290,2,winter_rapeseed,3,KAS,0.8,20
2291,2,winter_rapeseed,1,PK,0.001,35
2291,2,winter_rapeseed,2,KAS,0.4,24
2291,2,winter_rapeseed,3,KAS,0.8,20
2300,2,winter_rapeseed,1,PK,0.001,35
2300,2,winter_rapeseed,2,KAS,0.4,24
2300,2,winter_rapeseed,3,KAS,0.8,20
2301,2,winter_rapeseed,1,PK,0.001,35
2301,2,winter_rapeseed,2,KAS,0.4,24
2301,2,winter_rapeseed,3,KAS,0.8,20
2302,2,winter_rapeseed,1,PK,0.001,35
2302,2,winter_rapeseed,2,KAS,0.4,24
2302,2,winter_rapeseed,3,KAS,0.8,20
2303,2,winter_rapeseed,1,PK,0.001,35
2303,2,winter_rapeseed,2,KAS,0.4,24
2303,2,winter_rapeseed,3,KAS,0.8,20
2304,2,winter_rapeseed,1,PK,0.001,35
2304,2,winter_rapeseed,2,KAS,0.4,24
2304,2,winter_rapeseed,3,KAS,0.8,20
2306,2,winter_rapeseed,1,PK,0.001,35
2306,2,winter_rapeseed,2,KAS,0.4,24
2306,2,winter_rapeseed,3,KAS,0.8,20
2311,2,winter_rapeseed,1,PK,0.001,35
2311,2,winter_rapeseed,2,KAS,0.4,24
2311,2,winter_rapeseed,3,KAS,0.8,20
2318,2,winter_rapeseed,1,PK,0.001,35
2318,2,winter_rapeseed,2,KAS,0.4,24
2318,2,winter_rapeseed,3,KAS,0.8,20
2319,2,winter_rapeseed,1,PK,0.001,35
2319,2,winter_rapeseed,2,KAS,0.4,24
2319,2,winter_rapeseed,3,KAS,0.8,20
2320,2,winter_rapeseed,1,PK,0.001,35
2320,2,winter_rapeseed,2,KAS,0.4,24
2320,2,winter_rapeseed,3,KAS,0.8,20
2321,2,winter_rapeseed,1,PK,0.001,35
2321,2,winter_rapeseed,2,KAS,0.4,24
2321,2,winter_rapeseed,3,KAS,0.8,20
2322,2,winter_rapeseed,1,PK,0.001,35
2322,2,winter_rapeseed,2,KAS,0.4,24
2322,2,winter_rapeseed,3,KAS,0.8,20
2324,2,winter_rapeseed,1,PK,0.001,35
2324,2,winter_rapeseed,2,KAS,0.4,24
2324,2,winter_rapeseed,3,KAS,0.8,20
2327,2,winter_rapeseed,1,PK,0.001,35
2327,2,winter_rapeseed,2,KAS,0.4,24
2327,2,winter_rapeseed,3,KAS,0.8,20
2330,2,winter_rapeseed,1,PK,0.001,35
2330,2,winter_rapeseed,2,KAS,0.4,24
2330,2,winter_rapeseed,3,KAS,0.8,20
2338,2,winter_rapeseed,1,PK,0.001,35
2338,2,winter_rapeseed,2,KAS,0.4,24
2338,2,winter_rapeseed,3,KAS,0.8,20
2340,2,winter_rapeseed,1,PK,0.001,35
2340,2,winter_rapeseed,2,KAS,0.4,24
2340,2,winter_rapeseed,3,KAS,0.8,20
2347,2,winter_rapeseed,1,PK,0.001,35
2347,2,winter_rapeseed,2,KAS,0.4,24
2347,2,winter_rapeseed,3,KAS,0.8,20
2348,2,winter_rapeseed,1,PK,0.001,35
2348,2,winter_rapeseed,2,KAS,0.4,24
2348,2,winter_rapeseed,3,KAS,0.8,20
2349,2,winter_rapeseed,1,PK,0.001,35
2349,2,winter_rapeseed,2,KAS,0.4,24
2349,2,winter_rapeseed,3,KAS,0.8,20
2350,2,winter_rapeseed,1,PK,0.001,35
2350,2,winter_rapeseed,2,KAS,0.4,24
2350,2,winter_rapeseed,3,KAS,0.8,20
2351,2,winter_rapeseed,1,PK,0.001,35
2351,2,winter_rapeseed,2,KAS,0.4,24
2351,2,winter_rapeseed,3,KAS,0.8,20
2353,2,winter_rapeseed,1,PK,0.001,35
2353,2,winter_rapeseed,2,KAS,0.4,24
2353,2,winter_rapeseed,3,KAS,0.8,20
2354,2,winter_rapeseed,1,PK,0.001,35
2354,2,winter_rapeseed,2,KAS,0.4,24
2354,2,winter_rapeseed,3,KAS,0.8,20
2355,2,winter_rapeseed,1,PK,0.001,35
2355,2,winter_rapeseed,2,KAS,0.4,24
2355,2,winter_rapeseed,3,KAS,0.8,20
2357,2,winter_rapeseed,1,PK,0.001,35
2357,2,winter_rapeseed,2,KAS,0.4,24
2357,2,winter_rapeseed,3,KAS,0.8,20
2358,2,winter_rapeseed,1,PK,0.001,35
2358,2,winter_rapeseed,2,KAS,0.4,24
2358,2,winter_rapeseed,3,KAS,0.8,20
2359,2,winter_rapeseed,1,PK,0.001,35
2359,2,winter_rapeseed,2,KAS,0.4,24
2359,2,winter_rapeseed,3,KAS,0.8,20
2360,2,winter_rapeseed,1,PK,0.001,35
2360,2,winter_rapeseed,2,KAS,0.4,24
2360,2,winter_rapeseed,3,KAS,0.8,20
2361,2,winter_rapeseed,1,PK,0.001,35
2361,2,winter_rapeseed,2,KAS,0.4,24
2361,2,winter_rapeseed,3,KAS,0.8,20
2362,2,winter_rapeseed,1,PK,0.001,35
2362,2,winter_rapeseed,2,KAS,0.4,24
2362,2,winter_rapeseed,3,KAS,0.8,20
2363,2,winter_rapeseed,1,PK,0.001,35
2363,2,winter_rapeseed,2,KAS,0.4,24
2363,2,winter_rapeseed,3,KAS,0.8,20
2369,2,winter_rapeseed,1,PK,0.001,35
2369,2,winter_rapeseed,2,KAS,0.4,24
2369,2,winter_rapeseed,3,KAS,0.8,20
2370,2,winter_rapeseed,1,PK,0.001,35
2370,2,winter_rapeseed,2,KAS,0.4,24
2370,2,winter_rapeseed,3,KAS,0.8,20
2378,2,winter_rapeseed,1,PK,0.001,35
2378,2,winter_rapeseed,2,KAS,0.4,24
2378,2,winter_rapeseed,3,KAS,0.8,20
2379,2,winter_rapeseed,1,PK,0.001,35
2379,2,winter_rapeseed,2,KAS,0.4,24
2379,2,winter_rapeseed,3,KAS,0.8,20
2380,2,winter_rapeseed,1,PK,0.001,35
2380,2,winter_rapeseed,2,KAS,0.4,24
2380,2,winter_rapeseed,3,KAS,0.8,20
2381,2,winter_rapeseed,1,PK,0.001,35
2381,2,winter_rapeseed,2,KAS,0.4,24
2381,2,winter_rapeseed,3,KAS,0.8,20
2387,2,winter_rapeseed,1,PK,0.001,35
2387,2,winter_rapeseed,2,KAS,0.4,24
2387,2,winter_rapeseed,3,KAS,0.8,20
2388,2,winter_rapeseed,1,PK,0.001,35
2388,2,winter_rapeseed,2,KAS,0.4,24
2388,2,winter_rapeseed,3,KAS,0.8,20
2389,2,winter_rapeseed,1,PK,0.001,35
2389,2,winter_rapeseed,2,KAS,0.4,24
2389,2,winter_rapeseed,3,KAS,0.8,20
2390,2,winter_rapeseed,1,PK,0.001,35
2390,2,winter_rapeseed,2,KAS,0.4,24
2390,2,winter_rapeseed,3,KAS,0.8,20
2393,2,winter_rapeseed,1,PK,0.001,35
2393,2,winter_rapeseed,2,KAS,0.4,24
2393,2,winter_rapeseed,3,KAS,0.8,20
2394,2,winter_rapeseed,1,PK,0.001,35
2394,2,winter_rapeseed,2,KAS,0.4,24
2394,2,winter_rapeseed,3,KAS,0.8,20
2397,2,winter_rapeseed,1,PK,0.001,35
2397,2,winter_rapeseed,2,KAS,0.4,24
2397,2,winter_rapeseed,3,KAS,0.8,20
2402,2,winter_rapeseed,1,PK,0.001,35
2402,2,winter_rapeseed,2,KAS,0.4,24
2402,2,winter_rapeseed,3,KAS,0.8,20
2403,2,winter_rapeseed,1,PK,0.001,35
2403,2,winter_rapeseed,2,KAS,0.4,24
2403,2,winter_rapeseed,3,KAS,0.8,20
2404,2,winter_rapeseed,1,PK,0.001,35
2404,2,winter_rapeseed,2,KAS,0.4,24
2404,2,winter_rapeseed,3,KAS,0.8,20
2405,2,winter_rapeseed,1,PK,0.001,35
2405,2,winter_rapeseed,2,KAS,0.4,24
2405,2,winter_rapeseed,3,KAS,0.8,20
2406,2,winter_rapeseed,1,PK,0.001,35
2406,2,winter_rapeseed,2,KAS,0.4,24
2406,2,winter_rapeseed,3,KAS,0.8,20
2407,2,winter_rapeseed,1,PK,0.001,35
2407,2,winter_rapeseed,2,KAS,0.4,24
2407,2,winter_rapeseed,3,KAS,0.8,20
2408,2,winter_rapeseed,1,PK,0.001,35
2408,2,winter_rapeseed,2,KAS,0.4,24
2408,2,winter_rapeseed,3,KAS,0.8,20
2409,2,winter_rapeseed,1,PK,0.001,35
2409,2,winter_rapeseed,2,KAS,0.4,24
2409,2,winter_rapeseed,3,KAS,0.8,20
2410,2,winter_rapeseed,1,PK,0.001,35
2410,2,winter_rapeseed,2,KAS,0.4,24
2410,2,winter_rapeseed,3,KAS,0.8,20
2411,2,winter_rapeseed,1,PK,0.001,35
2411,2,winter_rapeseed,2,KAS,0.4,24
2411,2,winter_rapeseed,3,KAS,0.8,20
2414,2,winter_rapeseed,1,PK,0.001,35
2414,2,winter_rapeseed,2,KAS,0.4,24
2414,2,winter_rapeseed,3,KAS,0.8,20
2417,2,winter_rapeseed,1,PK,0.001,35
2417,2,winter_rapeseed,2,KAS,0.4,24
2417,2,winter_rapeseed,3,KAS,0.8,20
2418,2,winter_rapeseed,1,PK,0.001,35
2418,2,winter_rapeseed,2,KAS,0.4,24
2418,2,winter_rapeseed,3,KAS,0.8,20
2422,2,winter_rapeseed,1,PK,0.001,35
2422,2,winter_rapeseed,2,KAS,0.4,24
2422,2,winter_rapeseed,3,KAS,0.8,20
2423,2,winter_rapeseed,1,PK,0.001,35
2423,2,winter_rapeseed,2,KAS,0.4,24
2423,2,winter_rapeseed,3,KAS,0.8,20
2424,2,winter_rapeseed,1,PK,0.001,35
2424,2,winter_rapeseed,2,KAS,0.4,24
2424,2,winter_rapeseed,3,KAS,0.8,20
2425,2,winter_rapeseed,1,PK,0.001,35
2425,2,winter_rapeseed,2,KAS,0.4,24
2425,2,winter_rapeseed,3,KAS,0.8,20
2427,2,winter_rapeseed,1,PK,0.001,35
2427,2,winter_rapeseed,2,KAS,0.4,24
2427,2,winter_rapeseed,3,KAS,0.8,20
2430,2,winter_rapeseed,1,PK,0.001,35
2430,2,winter_rapeseed,2,KAS,0.4,24
2430,2,winter_rapeseed,3,KAS,0.8,20
2431,2,winter_rapeseed,1,PK,0.001,35
2431,2,winter_rapeseed,2,KAS,0.4,24
2431,2,winter_rapeseed,3,KAS,0.8,20
2432,2,winter_rapeseed,1,PK,0.001,35
2432,2,winter_rapeseed,2,KAS,0.4,24
2432,2,winter_rapeseed,3,KAS,0.8,20
2433,2,winter_rapeseed,1,PK,0.001,35
2433,2,winter_rapeseed,2,KAS,0.4,24
2433,2,winter_rapeseed,3,KAS,0.8,20
2435,2,winter_rapeseed,1,PK,0.001,35
2435,2,winter_rapeseed,2,KAS,0.4,24
2435,2,winter_rapeseed,3,KAS,0.8,20
2436,2,winter_rapeseed,1,PK,0.001,35
2436,2,winter_rapeseed,2,KAS,0.4,24
2436,2,winter_rapeseed,3,KAS,0.8,20
2438,2,winter_rapeseed,1,PK,0.001,35
2438,2,winter_rapeseed,2,KAS,0.4,24
2438,2,winter_rapeseed,3,KAS,0.8,20
2439,2,winter_rapeseed,1,PK,0.001,35
2439,2,winter_rapeseed,2,KAS,0.4,24
2439,2,winter_rapeseed,3,KAS,0.8,20
2440,2,winter_rapeseed,1,PK,0.001,35
2440,2,winter_rapeseed,2,KAS,0.4,24
2440,2,winter_rapeseed,3,KAS,0.8,20
2441,2,winter_rapeseed,1,PK,0.001,35
2441,2,winter_rapeseed,2,KAS,0.4,24
2441,2,winter_rapeseed,3,KAS,0.8,20
2442,2,winter_rapeseed,1,PK,0.001,35
2442,2,winter_rapeseed,2,KAS,0.4,24
2442,2,winter_rapeseed,3,KAS,0.8,20
2443,2,winter_rapeseed,1,PK,0.001,35
2443,2,winter_rapeseed,2,KAS,0.4,24
2443,2,winter_rapeseed,3,KAS,0.8,20
2444,2,winter_rapeseed,1,PK,0.001,35
2444,2,winter_rapeseed,2,KAS,0.4,24
2444,2,winter_rapeseed,3,KAS,0.8,20
2452,2,winter_rapeseed,1,PK,0.001,35
2452,2,winter_rapeseed,2,KAS,0.4,24
2452,2,winter_rapeseed,3,KAS,0.8,20
2455,2,winter_rapeseed,1,PK,0.001,35
2455,2,winter_rapeseed,2,KAS,0.4,24
2455,2,winter_rapeseed,3,KAS,0.8,20
2456,2,winter_rapeseed,1,PK,0.001,35
2456,2,winter_rapeseed,2,KAS,0.4,24
2456,2,winter_rapeseed,3,KAS,0.8,20
2458,2,winter_rapeseed,1,PK,0.001,35
2458,2,winter_rapeseed,2,KAS,0.4,24
2458,2,winter_rapeseed,3,KAS,0.8,20
2460,2,winter_rapeseed,1,PK,0.001,35
2460,2,winter_rapeseed,2,KAS,0.4,24
2460,2,winter_rapeseed,3,KAS,0.8,20
2463,2,winter_rapeseed,1,PK,0.001,35
2463,2,winter_rapeseed,2,KAS,0.4,24
2463,2,winter_rapeseed,3,KAS,0.8,20
2465,2,winter_rapeseed,1,PK,0.001,35
2465,2,winter_rapeseed,2,KAS,0.4,24
2465,2,winter_rapeseed,3,KAS,0.8,20
2468,2,winter_rapeseed,1,PK,0.001,35
2468,2,winter_rapeseed,2,KAS,0.4,24
2468,2,winter_rapeseed,3,KAS,0.8,20
2475,2,winter_rapeseed,1,PK,0.001,35
2475,2,winter_rapeseed,2,KAS,0.4,24
2475,2,winter_rapeseed,3,KAS,0.8,20
2479,2,winter_rapeseed,1,PK,0.001,35
2479,2,winter_rapeseed,2,KAS,0.4,24
2479,2,winter_rapeseed,3,KAS,0.8,20
2481,2,winter_rapeseed,1,PK,0.001,35
2481,2,winter_rapeseed,2,KAS,0.4,24
2481,2,winter_rapeseed,3,KAS,0.8,20
2482,2,winter_rapeseed,1,PK,0.001,35
2482,2,winter_rapeseed,2,KAS,0.4,24
2482,2,winter_rapeseed,3,KAS,0.8,20
2485,2,winter_rapeseed,1,PK,0.001,35
2485,2,winter_rapeseed,2,KAS,0.4,24
2485,2,winter_rapeseed,3,KAS,0.8,20
2486,2,winter_rapeseed,1,PK,0.001,35
2486,2,winter_rapeseed,2,KAS,0.4,24
2486,2,winter_rapeseed,3,KAS,0.8,20
2487,2,winter_rapeseed,1,PK,0.001,35
2487,2,winter_rapeseed,2,KAS,0.4,24
2487,2,winter_rapeseed,3,KAS,0.8,20
2488,2,winter_rapeseed,1,PK,0.001,35
2488,2,winter_rapeseed,2,KAS,0.4,24
2488,2,winter_rapeseed,3,KAS,0.8,20
2489,2,winter_rapeseed,1,PK,0.001,35
2489,2,winter_rapeseed,2,KAS,0.4,24
2489,2,winter_rapeseed,3,KAS,0.8,20
2491,2,winter_rapeseed,1,PK,0.001,35
2491,2,winter_rapeseed,2,KAS,0.4,24
2491,2,winter_rapeseed,3,KAS,0.8,20
2492,2,winter_rapeseed,1,PK,0.001,35
2492,2,winter_rapeseed,2,KAS,0.4,24
2492,2,winter_rapeseed,3,KAS,0.8,20
2493,2,winter_rapeseed,1,PK,0.001,35
2493,2,winter_rapeseed,2,KAS,0.4,24
2493,2,winter_rapeseed,3,KAS,0.8,20
2495,2,winter_rapeseed,1,PK,0.001,35
2495,2,winter_rapeseed,2,KAS,0.4,24
2495,2,winter_rapeseed,3,KAS,0.8,20
2497,2,winter_rapeseed,1,PK,0.001,35
2497,2,winter_rapeseed,2,KAS,0.4,24
2497,2,winter_rapeseed,3,KAS,0.8,20
2498,2,winter_rapeseed,1,PK,0.001,35
2498,2,winter_rapeseed,2,KAS,0.4,24
2498,2,winter_rapeseed,3,KAS,0.8,20
2499,2,winter_rapeseed,1,PK,0.001,35
2499,2,winter_rapeseed,2,KAS,0.4,24
2499,2,winter_rapeseed,3,KAS,0.8,20
2500,2,winter_rapeseed,1,PK,0.001,35
2500,2,winter_rapeseed,2,KAS,0.4,24
2500,2,winter_rapeseed,3,KAS,0.8,20
2501,2,winter_rapeseed,1,PK,0.001,35
2501,2,winter_rapeseed,2,KAS,0.4,24
2501,2,winter_rapeseed,3,KAS,0.8,20
2502,2,winter_rapeseed,1,PK,0.001,35
2502,2,winter_rapeseed,2,KAS,0.4,24
2502,2,winter_rapeseed,3,KAS,0.8,20
2503,2,winter_rapeseed,1,PK,0.001,35
2503,2,winter_rapeseed,2,KAS,0.4,24
2503,2,winter_rapeseed,3,KAS,0.8,20
2504,2,winter_rapeseed,1,PK,0.001,35
2504,2,winter_rapeseed,2,KAS,0.4,24
2504,2,winter_rapeseed,3,KAS,0.8,20
2505,2,winter_rapeseed,1,PK,0.001,35
2505,2,winter_rapeseed,2,KAS,0.4,24
2505,2,winter_rapeseed,3,KAS,0.8,20
2507,2,winter_rapeseed,1,PK,0.001,35
2507,2,winter_rapeseed,2,KAS,0.4,24
2507,2,winter_rapeseed,3,KAS,0.8,20
2508,2,winter_rapeseed,1,PK,0.001,35
2508,2,winter_rapeseed,2,KAS,0.4,24
2508,2,winter_rapeseed,3,KAS,0.8,20
2509,2,winter_rapeseed,1,PK,0.001,35
2509,2,winter_rapeseed,2,KAS,0.4,24
2509,2,winter_rapeseed,3,KAS,0.8,20
2510,2,winter_rapeseed,1,PK,0.001,35
2510,2,winter_rapeseed,2,KAS,0.4,24
2510,2,winter_rapeseed,3,KAS,0.8,20
2512,2,winter_rapeseed,1,PK,0.001,35
2512,2,winter_rapeseed,2,KAS,0.4,24
2512,2,winter_rapeseed,3,KAS,0.8,20
2513,2,winter_rapeseed,1,PK,0.001,35
2513,2,winter_rapeseed,2,KAS,0.4,24
2513,2,winter_rapeseed,3,KAS,0.8,20
2514,2,winter_rapeseed,1,PK,0.001,35
2514,2,winter_rapeseed,2,KAS,0.4,24
2514,2,winter_rapeseed,3,KAS,0.8,20
2515,2,winter_rapeseed,1,PK,0.001,35
2515,2,winter_rapeseed,2,KAS,0.4,24
2515,2,winter_rapeseed,3,KAS,0.8,20
2516,2,winter_rapeseed,1,PK,0.001,35
2516,2,winter_rapeseed,2,KAS,0.4,24
2516,2,winter_rapeseed,3,KAS,0.8,20
2517,2,winter_rapeseed,1,PK,0.001,35
2517,2,winter_rapeseed,2,KAS,0.4,24
2517,2,winter_rapeseed,3,KAS,0.8,20
2518,2,winter_rapeseed,1,PK,0.001,35
2518,2,winter_rapeseed,2,KAS,0.4,24
2518,2,winter_rapeseed,3,KAS,0.8,20
2519,2,winter_rapeseed,1,PK,0.001,35
2519,2,winter_rapeseed,2,KAS,0.4,24
2519,2,winter_rapeseed,3,KAS,0.8,20
2520,2,winter_rapeseed,1,PK,0.001,35
2520,2,winter_rapeseed,2,KAS,0.4,24
2520,2,winter_rapeseed,3,KAS,0.8,20
2524,2,winter_rapeseed,1,PK,0.001,35
2524,2,winter_rapeseed,2,KAS,0.4,24
2524,2,winter_rapeseed,3,KAS,0.8,20
2525,2,winter_rapeseed,1,PK,0.001,35
2525,2,winter_rapeseed,2,KAS,0.4,24
2525,2,winter_rapeseed,3,KAS,0.8,20
2528,2,winter_rapeseed,1,PK,0.001,35
2528,2,winter_rapeseed,2,KAS,0.4,24
2528,2,winter_rapeseed,3,KAS,0.8,20
2530,2,winter_rapeseed,1,PK,0.001,35
2530,2,winter_rapeseed,2,KAS,0.4,24
2530,2,winter_rapeseed,3,KAS,0.8,20
2531,2,winter_rapeseed,1,PK,0.001,35
2531,2,winter_rapeseed,2,KAS,0.4,24
2531,2,winter_rapeseed,3,KAS,0.8,20
2532,2,winter_rapeseed,1,PK,0.001,35
2532,2,winter_rapeseed,2,KAS,0.4,24
2532,2,winter_rapeseed,3,KAS,0.8,20
2533,2,winter_rapeseed,1,PK,0.001,35
2533,2,winter_rapeseed,2,KAS,0.4,24
2533,2,winter_rapeseed,3,KAS,0.8,20
2535,2,winter_rapeseed,1,PK,0.001,35
2535,2,winter_rapeseed,2,KAS,0.4,24
2535,2,winter_rapeseed,3,KAS,0.8,20
2537,2,winter_rapeseed,1,PK,0.001,35
2537,2,winter_rapeseed,2,KAS,0.4,24
2537,2,winter_rapeseed,3,KAS,0.8,20
2541,2,winter_rapeseed,1,PK,0.001,35
2541,2,winter_rapeseed,2,KAS,0.4,24
2541,2,winter_rapeseed,3,KAS,0.8,20
2542,2,winter_rapeseed,1,PK,0.001,35
2542,2,winter_rapeseed,2,KAS,0.4,24
2542,2,winter_rapeseed,3,KAS,0.8,20
2547,2,winter_rapeseed,1,PK,0.001,35
2547,2,winter_rapeseed,2,KAS,0.4,24
2547,2,winter_rapeseed,3,KAS,0.8,20
2548,2,winter_rapeseed,1,PK,0.001,35
2548,2,winter_rapeseed,2,KAS,0.4,24
2548,2,winter_rapeseed,3,KAS,0.8,20
2552,2,winter_rapeseed,1,PK,0.001,35
2552,2,winter_rapeseed,2,KAS,0.4,24
2552,2,winter_rapeseed,3,KAS,0.8,20
2553,2,winter_rapeseed,1,PK,0.001,35
2553,2,winter_rapeseed,2,KAS,0.4,24
2553,2,winter_rapeseed,3,KAS,0.8,20
2554,2,winter_rapeseed,1,PK,0.001,35
2554,2,winter_rapeseed,2,KAS,0.4,24
2554,2,winter_rapeseed,3,KAS,0.8,20
2557,2,winter_rapeseed,1,PK,0.001,35
2557,2,winter_rapeseed,2,KAS,0.4,24
2557,2,winter_rapeseed,3,KAS,0.8,20
2558,2,winter_rapeseed,1,PK,0.001,35
2558,2,winter_rapeseed,2,KAS,0.4,24
2558,2,winter_rapeseed,3,KAS,0.8,20
2560,2,winter_rapeseed,1,PK,0.001,35
2560,2,winter_rapeseed,2,KAS,0.4,24
2560,2,winter_rapeseed,3,KAS,0.8,20
2564,2,winter_rapeseed,1,PK,0.001,35
2564,2,winter_rapeseed,2,KAS,0.4,24
2564,2,winter_rapeseed,3,KAS,0.8,20
2567,2,winter_rapeseed,1,PK,0.001,35
2567,2,winter_rapeseed,2,KAS,0.4,24
2567,2,winter_rapeseed,3,KAS,0.8,20
2569,2,winter_rapeseed,1,PK,0.001,35
2569,2,winter_rapeseed,2,KAS,0.4,24
2569,2,winter_rapeseed,3,KAS,0.8,20
2570,2,winter_rapeseed,1,PK,0.001,35
2570,2,winter_rapeseed,2,KAS,0.4,24
2570,2,winter_rapeseed,3,KAS,0.8,20
2572,2,winter_rapeseed,1,PK,0.001,35
2572,2,winter_rapeseed,2,KAS,0.4,24
2572,2,winter_rapeseed,3,KAS,0.8,20
2573,2,winter_rapeseed,1,PK,0.001,35
2573,2,winter_rapeseed,2,KAS,0.4,24
2573,2,winter_rapeseed,3,KAS,0.8,20
2574,2,winter_rapeseed,1,PK,0.001,35
2574,2,winter_rapeseed,2,KAS,0.4,24
2574,2,winter_rapeseed,3,KAS,0.8,20
2575,2,winter_rapeseed,1,PK,0.001,35
2575,2,winter_rapeseed,2,KAS,0.4,24
2575,2,winter_rapeseed,3,KAS,0.8,20
2577,2,winter_rapeseed,1,PK,0.001,35
2577,2,winter_rapeseed,2,KAS,0.4,24
2577,2,winter_rapeseed,3,KAS,0.8,20
2578,2,winter_rapeseed,1,PK,0.001,35
2578,2,winter_rapeseed,2,KAS,0.4,24
2578,2,winter_rapeseed,3,KAS,0.8,20
2579,2,winter_rapeseed,1,PK,0.001,35
2579,2,winter_rapeseed,2,KAS,0.4,24
2579,2,winter_rapeseed,3,KAS,0.8,20
2580,2,winter_rapeseed,1,PK,0.001,35
2580,2,winter_rapeseed,2,KAS,0.4,24
2580,2,winter_rapeseed,3,KAS,0.8,20
2582,2,winter_rapeseed,1,PK,0.001,35
2582,2,winter_rapeseed,2,KAS,0.4,24
2582,2,winter_rapeseed,3,KAS,0.8,20
2583,2,winter_rapeseed,1,PK,0.001,35
2583,2,winter_rapeseed,2,KAS,0.4,24
2583,2,winter_rapeseed,3,KAS,0.8,20
2588,2,winter_rapeseed,1,PK,0.001,35
2588,2,winter_rapeseed,2,KAS,0.4,24
2588,2,winter_rapeseed,3,KAS,0.8,20
2590,2,winter_rapeseed,1,PK,0.001,35
2590,2,winter_rapeseed,2,KAS,0.4,24
2590,2,winter_rapeseed,3,KAS,0.8,20
2591,2,winter_rapeseed,1,PK,0.001,35
2591,2,winter_rapeseed,2,KAS,0.4,24
2591,2,winter_rapeseed,3,KAS,0.8,20
2592,2,winter_rapeseed,1,PK,0.001,35
2592,2,winter_rapeseed,2,KAS,0.4,24
2592,2,winter_rapeseed,3,KAS,0.8,20
2593,2,winter_rapeseed,1,PK,0.001,35
2593,2,winter_rapeseed,2,KAS,0.4,24
2593,2,winter_rapeseed,3,KAS,0.8,20
2595,2,winter_rapeseed,1,PK,0.001,35
2595,2,winter_rapeseed,2,KAS,0.4,24
2595,2,winter_rapeseed,3,KAS,0.8,20
2596,2,winter_rapeseed,1,PK,0.001,35
2596,2,winter_rapeseed,2,KAS,0.4,24
2596,2,winter_rapeseed,3,KAS,0.8,20
2598,2,winter_rapeseed,1,PK,0.001,35
2598,2,winter_rapeseed,2,KAS,0.4,24
2598,2,winter_rapeseed,3,KAS,0.8,20
2601,2,winter_rapeseed,1,PK,0.001,35
2601,2,winter_rapeseed,2,KAS,0.4,24
2601,2,winter_rapeseed,3,KAS,0.8,20
2602,2,winter_rapeseed,1,PK,0.001,35
2602,2,winter_rapeseed,2,KAS,0.4,24
2602,2,winter_rapeseed,3,KAS,0.8,20
2603,2,winter_rapeseed,1,PK,0.001,35
2603,2,winter_rapeseed,2,KAS,0.4,24
2603,2,winter_rapeseed,3,KAS,0.8,20
2604,2,winter_rapeseed,1,PK,0.001,35
2604,2,winter_rapeseed,2,KAS,0.4,24
2604,2,winter_rapeseed,3,KAS,0.8,20
2609,2,winter_rapeseed,1,PK,0.001,35
2609,2,winter_rapeseed,2,KAS,0.4,24
2609,2,winter_rapeseed,3,KAS,0.8,20
2610,2,winter_rapeseed,1,PK,0.001,35
2610,2,winter_rapeseed,2,KAS,0.4,24
2610,2,winter_rapeseed,3,KAS,0.8,20
2615,2,winter_rapeseed,1,PK,0.001,35
2615,2,winter_rapeseed,2,KAS,0.4,24
2615,2,winter_rapeseed,3,KAS,0.8,20
2616,2,winter_rapeseed,1,PK,0.001,35
2616,2,winter_rapeseed,2,KAS,0.4,24
2616,2,winter_rapeseed,3,KAS,0.8,20
2623,2,winter_rapeseed,1,PK,0.001,35
2623,2,winter_rapeseed,2,KAS,0.4,24
2623,2,winter_rapeseed,3,KAS,0.8,20
2628,2,winter_rapeseed,1,PK,0.001,35
2628,2,winter_rapeseed,2,KAS,0.4,24
2628,2,winter_rapeseed,3,KAS,0.8,20
2632,2,winter_rapeseed,1,PK,0.001,35
2632,2,winter_rapeseed,2,KAS,0.4,24
2632,2,winter_rapeseed,3,KAS,0.8,20
2633,2,winter_rapeseed,1,PK,0.001,35
2633,2,winter_rapeseed,2,KAS,0.4,24
2633,2,winter_rapeseed,3,KAS,0.8,20
2634,2,winter_rapeseed,1,PK,0.001,35
2634,2,winter_rapeseed,2,KAS,0.4,24
2634,2,winter_rapeseed,3,KAS,0.8,20
2635,2,winter_rapeseed,1,PK,0.001,35
2635,2,winter_rapeseed,2,KAS,0.4,24
2635,2,winter_rapeseed,3,KAS,0.8,20
2636,2,winter_rapeseed,1,PK,0.001,35
2636,2,winter_rapeseed,2,KAS,0.4,24
2636,2,winter_rapeseed,3,KAS,0.8,20
2638,2,winter_rapeseed,1,PK,0.001,35
2638,2,winter_rapeseed,2,KAS,0.4,24
2638,2,winter_rapeseed,3,KAS,0.8,20
2643,2,winter_rapeseed,1,PK,0.001,35
2643,2,winter_rapeseed,2,KAS,0.4,24
2643,2,winter_rapeseed,3,KAS,0.8,20
2644,2,winter_rapeseed,1,PK,0.001,35
2644,2,winter_rapeseed,2,KAS,0.4,24
2644,2,winter_rapeseed,3,KAS,0.8,20
2646,2,winter_rapeseed,1,PK,0.001,35
2646,2,winter_rapeseed,2,KAS,0.4,24
2646,2,winter_rapeseed,3,KAS,0.8,20
2647,2,winter_rapeseed,1,PK,0.001,35
2647,2,winter_rapeseed,2,KAS,0.4,24
2647,2,winter_rapeseed,3,KAS,0.8,20
2648,2,winter_rapeseed,1,PK,0.001,35
2648,2,winter_rapeseed,2,KAS,0.4,24
2648,2,winter_rapeseed,3,KAS,0.8,20
2649,2,winter_rapeseed,1,PK,0.001,35
2649,2,winter_rapeseed,2,KAS,0.4,24
2649,2,winter_rapeseed,3,KAS,0.8,20
2650,2,winter_rapeseed,1,PK,0.001,35
2650,2,winter_rapeseed,2,KAS,0.4,24
2650,2,winter_rapeseed,3,KAS,0.8,20
2651,2,winter_rapeseed,1,PK,0.001,35
2651,2,winter_rapeseed,2,KAS,0.4,24
2651,2,winter_rapeseed,3,KAS,0.8,20
2652,2,winter_rapeseed,1,PK,0.001,35
2652,2,winter_rapeseed,2,KAS,0.4,24
2652,2,winter_rapeseed,3,KAS,0.8,20
2654,2,winter_rapeseed,1,PK,0.001,35
2654,2,winter_rapeseed,2,KAS,0.4,24
2654,2,winter_rapeseed,3,KAS,0.8,20
2655,2,winter_rapeseed,1,PK,0.001,35
2655,2,winter_rapeseed,2,KAS,0.4,24
2655,2,winter_rapeseed,3,KAS,0.8,20
2656,2,winter_rapeseed,1,PK,0.001,35
2656,2,winter_rapeseed,2,KAS,0.4,24
2656,2,winter_rapeseed,3,KAS,0.8,20
2657,2,winter_rapeseed,1,PK,0.001,35
2657,2,winter_rapeseed,2,KAS,0.4,24
2657,2,winter_rapeseed,3,KAS,0.8,20
2659,2,winter_rapeseed,1,PK,0.001,35
2659,2,winter_rapeseed,2,KAS,0.4,24
2659,2,winter_rapeseed,3,KAS,0.8,20
2660,2,winter_rapeseed,1,PK,0.001,35
2660,2,winter_rapeseed,2,KAS,0.4,24
2660,2,winter_rapeseed,3,KAS,0.8,20
2661,2,winter_rapeseed,1,PK,0.001,35
2661,2,winter_rapeseed,2,KAS,0.4,24
2661,2,winter_rapeseed,3,KAS,0.8,20
2663,2,winter_rapeseed,1,PK,0.001,35
2663,2,winter_rapeseed,2,KAS,0.4,24
2663,2,winter_rapeseed,3,KAS,0.8,20
2664,2,winter_rapeseed,1,PK,0.001,35
2664,2,winter_rapeseed,2,KAS,0.4,24
2664,2,winter_rapeseed,3,KAS,0.8,20
2665,2,winter_rapeseed,1,PK,0.001,35
2665,2,winter_rapeseed,2,KAS,0.4,24
2665,2,winter_rapeseed,3,KAS,0.8,20
2666,2,winter_rapeseed,1,PK,0.001,35
2666,2,winter_rapeseed,2,KAS,0.4,24
2666,2,winter_rapeseed,3,KAS,0.8,20
2667,2,winter_rapeseed,1,PK,0.001,35
2667,2,winter_rapeseed,2,KAS,0.4,24
2667,2,winter_rapeseed,3,KAS,0.8,20
2668,2,winter_rapeseed,1,PK,0.001,35
2668,2,winter_rapeseed,2,KAS,0.4,24
2668,2,winter_rapeseed,3,KAS,0.8,20
2669,2,winter_rapeseed,1,PK,0.001,35
2669,2,winter_rapeseed,2,KAS,0.4,24
2669,2,winter_rapeseed,3,KAS,0.8,20
2670,2,winter_rapeseed,1,PK,0.001,35
2670,2,winter_rapeseed,2,KAS,0.4,24
2670,2,winter_rapeseed,3,KAS,0.8,20
2671,2,winter_rapeseed,1,PK,0.001,35
2671,2,winter_rapeseed,2,KAS,0.4,24
2671,2,winter_rapeseed,3,KAS,0.8,20
2672,2,winter_rapeseed,1,PK,0.001,35
2672,2,winter_rapeseed,2,KAS,0.4,24
2672,2,winter_rapeseed,3,KAS,0.8,20
2673,2,winter_rapeseed,1,PK,0.001,35
2673,2,winter_rapeseed,2,KAS,0.4,24
2673,2,winter_rapeseed,3,KAS,0.8,20
2674,2,winter_rapeseed,1,PK,0.001,35
2674,2,winter_rapeseed,2,KAS,0.4,24
2674,2,winter_rapeseed,3,KAS,0.8,20
2677,2,winter_rapeseed,1,PK,0.001,35
2677,2,winter_rapeseed,2,KAS,0.4,24
2677,2,winter_rapeseed,3,KAS,0.8,20
2679,2,winter_rapeseed,1,PK,0.001,35
2679,2,winter_rapeseed,2,KAS,0.4,24
2679,2,winter_rapeseed,3,KAS,0.8,20
2681,2,winter_rapeseed,1,PK,0.001,35
2681,2,winter_rapeseed,2,KAS,0.4,24
2681,2,winter_rapeseed,3,KAS,0.8,20
2682,2,winter_rapeseed,1,PK,0.001,35
2682,2,winter_rapeseed,2,KAS,0.4,24
2682,2,winter_rapeseed,3,KAS,0.8,20
2683,2,winter_rapeseed,1,PK,0.001,35
2683,2,winter_rapeseed,2,KAS,0.4,24
2683,2,winter_rapeseed,3,KAS,0.8,20
2684,2,winter_rapeseed,1,PK,0.001,35
2684,2,winter_rapeseed,2,KAS,0.4,24
2684,2,winter_rapeseed,3,KAS,0.8,20
2687,2,winter_rapeseed,1,PK,0.001,35
2687,2,winter_rapeseed,2,KAS,0.4,24
2687,2,winter_rapeseed,3,KAS,0.8,20
2690,2,winter_rapeseed,1,PK,0.001,35
2690,2,winter_rapeseed,2,KAS,0.4,24
2690,2,winter_rapeseed,3,KAS,0.8,20
2691,2,winter_rapeseed,1,PK,0.001,35
2691,2,winter_rapeseed,2,KAS,0.4,24
2691,2,winter_rapeseed,3,KAS,0.8,20
2697,2,winter_rapeseed,1,PK,0.001,35
2697,2,winter_rapeseed,2,KAS,0.4,24
2697,2,winter_rapeseed,3,KAS,0.8,20
2698,2,winter_rapeseed,1,PK,0.001,35
2698,2,winter_rapeseed,2,KAS,0.4,24
2698,2,winter_rapeseed,3,KAS,0.8,20
2700,2,winter_rapeseed,1,PK,0.001,35
2700,2,winter_rapeseed,2,KAS,0.4,24
2700,2,winter_rapeseed,3,KAS,0.8,20
2702,2,winter_rapeseed,1,PK,0.001,35
2702,2,winter_rapeseed,2,KAS,0.4,24
2702,2,winter_rapeseed,3,KAS,0.8,20
2704,2,winter_rapeseed,1,PK,0.001,35
2704,2,winter_rapeseed,2,KAS,0.4,24
2704,2,winter_rapeseed,3,KAS,0.8,20
2708,2,winter_rapeseed,1,PK,0.001,35
2708,2,winter_rapeseed,2,KAS,0.4,24
2708,2,winter_rapeseed,3,KAS,0.8,20
2712,2,winter_rapeseed,1,PK,0.001,35
2712,2,winter_rapeseed,2,KAS,0.4,24
2712,2,winter_rapeseed,3,KAS,0.8,20
2716,2,winter_rapeseed,1,PK,0.001,35
2716,2,winter_rapeseed,2,KAS,0.4,24
2716,2,winter_rapeseed,3,KAS,0.8,20
2717,2,winter_rapeseed,1,PK,0.001,35
2717,2,winter_rapeseed,2,KAS,0.4,24
2717,2,winter_rapeseed,3,KAS,0.8,20
2718,2,winter_rapeseed,1,PK,0.001,35
2718,2,winter_rapeseed,2,KAS,0.4,24
2718,2,winter_rapeseed,3,KAS,0.8,20
2719,2,winter_rapeseed,1,PK,0.001,35
2719,2,winter_rapeseed,2,KAS,0.4,24
2719,2,winter_rapeseed,3,KAS,0.8,20
2721,2,winter_rapeseed,1,PK,0.001,35
2721,2,winter_rapeseed,2,KAS,0.4,24
2721,2,winter_rapeseed,3,KAS,0.8,20
2724,2,winter_rapeseed,1,PK,0.001,35
2724,2,winter_rapeseed,2,KAS,0.4,24
2724,2,winter_rapeseed,3,KAS,0.8,20
2725,2,winter_rapeseed,1,PK,0.001,35
2725,2,winter_rapeseed,2,KAS,0.4,24
2725,2,winter_rapeseed,3,KAS,0.8,20
2726,2,winter_rapeseed,1,PK,0.001,35
2726,2,winter_rapeseed,2,KAS,0.4,24
2726,2,winter_rapeseed,3,KAS,0.8,20
2727,2,winter_rapeseed,1,PK,0.001,35
2727,2,winter_rapeseed,2,KAS,0.4,24
2727,2,winter_rapeseed,3,KAS,0.8,20
2728,2,winter_rapeseed,1,PK,0.001,35
2728,2,winter_rapeseed,2,KAS,0.4,24
2728,2,winter_rapeseed,3,KAS,0.8,20
2729,2,winter_rapeseed,1,PK,0.001,35
2729,2,winter_rapeseed,2,KAS,0.4,24
2729,2,winter_rapeseed,3,KAS,0.8,20
2730,2,winter_rapeseed,1,PK,0.001,35
2730,2,winter_rapeseed,2,KAS,0.4,24
2730,2,winter_rapeseed,3,KAS,0.8,20
2731,2,winter_rapeseed,1,PK,0.001,35
2731,2,winter_rapeseed,2,KAS,0.4,24
2731,2,winter_rapeseed,3,KAS,0.8,20
2732,2,winter_rapeseed,1,PK,0.001,35
2732,2,winter_rapeseed,2,KAS,0.4,24
2732,2,winter_rapeseed,3,KAS,0.8,20
2733,2,winter_rapeseed,1,PK,0.001,35
2733,2,winter_rapeseed,2,KAS,0.4,24
2733,2,winter_rapeseed,3,KAS,0.8,20
2734,2,winter_rapeseed,1,PK,0.001,35
2734,2,winter_rapeseed,2,KAS,0.4,24
2734,2,winter_rapeseed,3,KAS,0.8,20
2738,2,winter_rapeseed,1,PK,0.001,35
2738,2,winter_rapeseed,2,KAS,0.4,24
2738,2,winter_rapeseed,3,KAS,0.8,20
2739,2,winter_rapeseed,1,PK,0.001,35
2739,2,winter_rapeseed,2,KAS,0.4,24
2739,2,winter_rapeseed,3,KAS,0.8,20
2741,2,winter_rapeseed,1,PK,0.001,35
2741,2,winter_rapeseed,2,KAS,0.4,24
2741,2,winter_rapeseed,3,KAS,0.8,20
2742,2,winter_rapeseed,1,PK,0.001,35
2742,2,winter_rapeseed,2,KAS,0.4,24
2742,2,winter_rapeseed,3,KAS,0.8,20
2744,2,winter_rapeseed,1,PK,0.001,35
2744,2,winter_rapeseed,2,KAS,0.4,24
2744,2,winter_rapeseed,3,KAS,0.8,20
2745,2,winter_rapeseed,1,PK,0.001,35
2745,2,winter_rapeseed,2,KAS,0.4,24
2745,2,winter_rapeseed,3,KAS,0.8,20
2746,2,winter_rapeseed,1,PK,0.001,35
2746,2,winter_rapeseed,2,KAS,0.4,24
2746,2,winter_rapeseed,3,KAS,0.8,20
2747,2,winter_rapeseed,1,PK,0.001,35
2747,2,winter_rapeseed,2,KAS,0.4,24
2747,2,winter_rapeseed,3,KAS,0.8,20
2749,2,winter_rapeseed,1,PK,0.001,35
2749,2,winter_rapeseed,2,KAS,0.4,24
2749,2,winter_rapeseed,3,KAS,0.8,20
2751,2,winter_rapeseed,1,PK,0.001,35
2751,2,winter_rapeseed,2,KAS,0.4,24
2751,2,winter_rapeseed,3,KAS,0.8,20
2753,2,winter_rapeseed,1,PK,0.001,35
2753,2,winter_rapeseed,2,KAS,0.4,24
2753,2,winter_rapeseed,3,KAS,0.8,20
2755,2,winter_rapeseed,1,PK,0.001,35
2755,2,winter_rapeseed,2,KAS,0.4,24
2755,2,winter_rapeseed,3,KAS,0.8,20
2760,2,winter_rapeseed,1,PK,0.001,35
2760,2,winter_rapeseed,2,KAS,0.4,24
2760,2,winter_rapeseed,3,KAS,0.8,20
2761,2,winter_rapeseed,1,PK,0.001,35
2761,2,winter_rapeseed,2,KAS,0.4,24
2761,2,winter_rapeseed,3,KAS,0.8,20
2762,2,winter_rapeseed,1,PK,0.001,35
2762,2,winter_rapeseed,2,KAS,0.4,24
2762,2,winter_rapeseed,3,KAS,0.8,20
2764,2,winter_rapeseed,1,PK,0.001,35
2764,2,winter_rapeseed,2,KAS,0.4,24
2764,2,winter_rapeseed,3,KAS,0.8,20
2765,2,winter_rapeseed,1,PK,0.001,35
2765,2,winter_rapeseed,2,KAS,0.4,24
2765,2,winter_rapeseed,3,KAS,0.8,20
2766,2,winter_rapeseed,1,PK,0.001,35
2766,2,winter_rapeseed,2,KAS,0.4,24
2766,2,winter_rapeseed,3,KAS,0.8,20
2767,2,winter_rapeseed,1,PK,0.001,35
2767,2,winter_rapeseed,2,KAS,0.4,24
2767,2,winter_rapeseed,3,KAS,0.8,20
2770,2,winter_rapeseed,1,PK,0.001,35
2770,2,winter_rapeseed,2,KAS,0.4,24
2770,2,winter_rapeseed,3,KAS,0.8,20
2773,2,winter_rapeseed,1,PK,0.001,35
2773,2,winter_rapeseed,2,KAS,0.4,24
2773,2,winter_rapeseed,3,KAS,0.8,20
2776,2,winter_rapeseed,1,PK,0.001,35
2776,2,winter_rapeseed,2,KAS,0.4,24
2776,2,winter_rapeseed,3,KAS,0.8,20
2777,2,winter_rapeseed,1,PK,0.001,35
2777,2,winter_rapeseed,2,KAS,0.4,24
2777,2,winter_rapeseed,3,KAS,0.8,20
2779,2,winter_rapeseed,1,PK,0.001,35
2779,2,winter_rapeseed,2,KAS,0.4,24
2779,2,winter_rapeseed,3,KAS,0.8,20
2781,2,winter_rapeseed,1,PK,0.001,35
2781,2,winter_rapeseed,2,KAS,0.4,24
2781,2,winter_rapeseed,3,KAS,0.8,20
2787,2,winter_rapeseed,1,PK,0.001,35
2787,2,winter_rapeseed,2,KAS,0.4,24
2787,2,winter_rapeseed,3,KAS,0.8,20
2788,2,winter_rapeseed,1,PK,0.001,35
2788,2,winter_rapeseed,2,KAS,0.4,24
2788,2,winter_rapeseed,3,KAS,0.8,20
2790,2,winter_rapeseed,1,PK,0.001,35
2790,2,winter_rapeseed,2,KAS,0.4,24
2790,2,winter_rapeseed,3,KAS,0.8,20
2791,2,winter_rapeseed,1,PK,0.001,35
2791,2,winter_rapeseed,2,KAS,0.4,24
2791,2,winter_rapeseed,3,KAS,0.8,20
2792,2,winter_rapeseed,1,PK,0.001,35
2792,2,winter_rapeseed,2,KAS,0.4,24
2792,2,winter_rapeseed,3,KAS,0.8,20
2793,2,winter_rapeseed,1,PK,0.001,35
2793,2,winter_rapeseed,2,KAS,0.4,24
2793,2,winter_rapeseed,3,KAS,0.8,20
2794,2,winter_rapeseed,1,PK,0.001,35
2794,2,winter_rapeseed,2,KAS,0.4,24
2794,2,winter_rapeseed,3,KAS,0.8,20
2795,2,winter_rapeseed,1,PK,0.001,35
2795,2,winter_rapeseed,2,KAS,0.4,24
2795,2,winter_rapeseed,3,KAS,0.8,20
2798,2,winter_rapeseed,1,PK,0.001,35
2798,2,winter_rapeseed,2,KAS,0.4,24
2798,2,winter_rapeseed,3,KAS,0.8,20
2799,2,winter_rapeseed,1,PK,0.001,35
2799,2,winter_rapeseed,2,KAS,0.4,24
2799,2,winter_rapeseed,3,KAS,0.8,20
2803,2,winter_rapeseed,1,PK,0.001,35
2803,2,winter_rapeseed,2,KAS,0.4,24
2803,2,winter_rapeseed,3,KAS,0.8,20
2804,2,winter_rapeseed,1,PK,0.001,35
2804,2,winter_rapeseed,2,KAS,0.4,24
2804,2,winter_rapeseed,3,KAS,0.8,20
2805,2,winter_rapeseed,1,PK,0.001,35
2805,2,winter_rapeseed,2,KAS,0.4,24
2805,2,winter_rapeseed,3,KAS,0.8,20
2806,2,winter_rapeseed,1,PK,0.001,35
2806,2,winter_rapeseed,2,KAS,0.4,24
2806,2,winter_rapeseed,3,KAS,0.8,20
2807,2,winter_rapeseed,1,PK,0.001,35
2807,2,winter_rapeseed,2,KAS,0.4,24
2807,2,winter_rapeseed,3,KAS,0.8,20
2808,2,winter_rapeseed,1,PK,0.001,35
2808,2,winter_rapeseed,2,KAS,0.4,24
2808,2,winter_rapeseed,3,KAS,0.8,20
2809,2,winter_rapeseed,1,PK,0.001,35
2809,2,winter_rapeseed,2,KAS,0.4,24
2809,2,winter_rapeseed,3,KAS,0.8,20
2810,2,winter_rapeseed,1,PK,0.001,35
2810,2,winter_rapeseed,2,KAS,0.4,24
2810,2,winter_rapeseed,3,KAS,0.8,20
2811,2,winter_rapeseed,1,PK,0.001,35
2811,2,winter_rapeseed,2,KAS,0.4,24
2811,2,winter_rapeseed,3,KAS,0.8,20
2812,2,winter_rapeseed,1,PK,0.001,35
2812,2,winter_rapeseed,2,KAS,0.4,24
2812,2,winter_rapeseed,3,KAS,0.8,20
2813,2,winter_rapeseed,1,PK,0.001,35
2813,2,winter_rapeseed,2,KAS,0.4,24
2813,2,winter_rapeseed,3,KAS,0.8,20
2814,2,winter_rapeseed,1,PK,0.001,35
2814,2,winter_rapeseed,2,KAS,0.4,24
2814,2,winter_rapeseed,3,KAS,0.8,20
2815,2,winter_rapeseed,1,PK,0.001,35
2815,2,winter_rapeseed,2,KAS,0.4,24
2815,2,winter_rapeseed,3,KAS,0.8,20
2816,2,winter_rapeseed,1,PK,0.001,35
2816,2,winter_rapeseed,2,KAS,0.4,24
2816,2,winter_rapeseed,3,KAS,0.8,20
2817,2,winter_rapeseed,1,PK,0.001,35
2817,2,winter_rapeseed,2,KAS,0.4,24
2817,2,winter_rapeseed,3,KAS,0.8,20
2818,2,winter_rapeseed,1,PK,0.001,35
2818,2,winter_rapeseed,2,KAS,0.4,24
2818,2,winter_rapeseed,3,KAS,0.8,20
2822,2,winter_rapeseed,1,PK,0.001,35
2822,2,winter_rapeseed,2,KAS,0.4,24
2822,2,winter_rapeseed,3,KAS,0.8,20
2823,2,winter_rapeseed,1,PK,0.001,35
2823,2,winter_rapeseed,2,KAS,0.4,24
2823,2,winter_rapeseed,3,KAS,0.8,20
2825,2,winter_rapeseed,1,PK,0.001,35
2825,2,winter_rapeseed,2,KAS,0.4,24
2825,2,winter_rapeseed,3,KAS,0.8,20
2826,2,winter_rapeseed,1,PK,0.001,35
2826,2,winter_rapeseed,2,KAS,0.4,24
2826,2,winter_rapeseed,3,KAS,0.8,20
2827,2,winter_rapeseed,1,PK,0.001,35
2827,2,winter_rapeseed,2,KAS,0.4,24
2827,2,winter_rapeseed,3,KAS,0.8,20
2828,2,winter_rapeseed,1,PK,0.001,35
2828,2,winter_rapeseed,2,KAS,0.4,24
2828,2,winter_rapeseed,3,KAS,0.8,20
2829,2,winter_rapeseed,1,PK,0.001,35
2829,2,winter_rapeseed,2,KAS,0.4,24
2829,2,winter_rapeseed,3,KAS,0.8,20
2830,2,winter_rapeseed,1,PK,0.001,35
2830,2,winter_rapeseed,2,KAS,0.4,24
2830,2,winter_rapeseed,3,KAS,0.8,20
2833,2,winter_rapeseed,1,PK,0.001,35
2833,2,winter_rapeseed,2,KAS,0.4,24
2833,2,winter_rapeseed,3,KAS,0.8,20
2839,2,winter_rapeseed,1,PK,0.001,35
2839,2,winter_rapeseed,2,KAS,0.4,24
2839,2,winter_rapeseed,3,KAS,0.8,20
2840,2,winter_rapeseed,1,PK,0.001,35
2840,2,winter_rapeseed,2,KAS,0.4,24
2840,2,winter_rapeseed,3,KAS,0.8,20
2841,2,winter_rapeseed,1,PK,0.001,35
2841,2,winter_rapeseed,2,KAS,0.4,24
2841,2,winter_rapeseed,3,KAS,0.8,20
2844,2,winter_rapeseed,1,PK,0.001,35
2844,2,winter_rapeseed,2,KAS,0.4,24
2844,2,winter_rapeseed,3,KAS,0.8,20
2845,2,winter_rapeseed,1,PK,0.001,35
2845,2,winter_rapeseed,2,KAS,0.4,24
2845,2,winter_rapeseed,3,KAS,0.8,20
2847,2,winter_rapeseed,1,PK,0.001,35
2847,2,winter_rapeseed,2,KAS,0.4,24
2847,2,winter_rapeseed,3,KAS,0.8,20
2848,2,winter_rapeseed,1,PK,0.001,35
2848,2,winter_rapeseed,2,KAS,0.4,24
2848,2,winter_rapeseed,3,KAS,0.8,20
2849,2,winter_rapeseed,1,PK,0.001,35
2849,2,winter_rapeseed,2,KAS,0.4,24
2849,2,winter_rapeseed,3,KAS,0.8,20
2850,2,winter_rapeseed,1,PK,0.001,35
2850,2,winter_rapeseed,2,KAS,0.4,24
2850,2,winter_rapeseed,3,KAS,0.8,20
2851,2,winter_rapeseed,1,PK,0.001,35
2851,2,winter_rapeseed,2,KAS,0.4,24
2851,2,winter_rapeseed,3,KAS,0.8,20
2855,2,winter_rapeseed,1,PK,0.001,35
2855,2,winter_rapeseed,2,KAS,0.4,24
2855,2,winter_rapeseed,3,KAS,0.8,20
2857,2,winter_rapeseed,1,PK,0.001,35
2857,2,winter_rapeseed,2,KAS,0.4,24
2857,2,winter_rapeseed,3,KAS,0.8,20
2860,2,winter_rapeseed,1,PK,0.001,35
2860,2,winter_rapeseed,2,KAS,0.4,24
2860,2,winter_rapeseed,3,KAS,0.8,20
2869,2,winter_rapeseed,1,PK,0.001,35
2869,2,winter_rapeseed,2,KAS,0.4,24
2869,2,winter_rapeseed,3,KAS,0.8,20
2873,2,winter_rapeseed,1,PK,0.001,35
2873,2,winter_rapeseed,2,KAS,0.4,24
2873,2,winter_rapeseed,3,KAS,0.8,20
2874,2,winter_rapeseed,1,PK,0.001,35
2874,2,winter_rapeseed,2,KAS,0.4,24
2874,2,winter_rapeseed,3,KAS,0.8,20
2875,2,winter_rapeseed,1,PK,0.001,35
2875,2,winter_rapeseed,2,KAS,0.4,24
2875,2,winter_rapeseed,3,KAS,0.8,20
2880,2,winter_rapeseed,1,PK,0.001,35
2880,2,winter_rapeseed,2,KAS,0.4,24
2880,2,winter_rapeseed,3,KAS,0.8,20
2881,2,winter_rapeseed,1,PK,0.001,35
2881,2,winter_rapeseed,2,KAS,0.4,24
2881,2,winter_rapeseed,3,KAS,0.8,20
2883,2,winter_rapeseed,1,PK,0.001,35
2883,2,winter_rapeseed,2,KAS,0.4,24
2883,2,winter_rapeseed,3,KAS,0.8,20
2884,2,winter_rapeseed,1,PK,0.001,35
2884,2,winter_rapeseed,2,KAS,0.4,24
2884,2,winter_rapeseed,3,KAS,0.8,20
2885,2,winter_rapeseed,1,PK,0.001,35
2885,2,winter_rapeseed,2,KAS,0.4,24
2885,2,winter_rapeseed,3,KAS,0.8,20
2886,2,winter_rapeseed,1,PK,0.001,35
2886,2,winter_rapeseed,2,KAS,0.4,24
2886,2,winter_rapeseed,3,KAS,0.8,20
2887,2,winter_rapeseed,1,PK,0.001,35
2887,2,winter_rapeseed,2,KAS,0.4,24
2887,2,winter_rapeseed,3,KAS,0.8,20
2888,2,winter_rapeseed,1,PK,0.001,35
2888,2,winter_rapeseed,2,KAS,0.4,24
2888,2,winter_rapeseed,3,KAS,0.8,20
2889,2,winter_rapeseed,1,PK,0.001,35
2889,2,winter_rapeseed,2,KAS,0.4,24
2889,2,winter_rapeseed,3,KAS,0.8,20
2890,2,winter_rapeseed,1,PK,0.001,35
2890,2,winter_rapeseed,2,KAS,0.4,24
2890,2,winter_rapeseed,3,KAS,0.8,20
2891,2,winter_rapeseed,1,PK,0.001,35
2891,2,winter_rapeseed,2,KAS,0.4,24
2891,2,winter_rapeseed,3,KAS,0.8,20
2892,2,winter_rapeseed,1,PK,0.001,35
2892,2,winter_rapeseed,2,KAS,0.4,24
2892,2,winter_rapeseed,3,KAS,0.8,20
2893,2,winter_rapeseed,1,PK,0.001,35
2893,2,winter_rapeseed,2,KAS,0.4,24
2893,2,winter_rapeseed,3,KAS,0.8,20
2894,2,winter_rapeseed,1,PK,0.001,35
2894,2,winter_rapeseed,2,KAS,0.4,24
2894,2,winter_rapeseed,3,KAS,0.8,20
2895,2,winter_rapeseed,1,PK,0.001,35
2895,2,winter_rapeseed,2,KAS,0.4,24
2895,2,winter_rapeseed,3,KAS,0.8,20
2897,2,winter_rapeseed,1,PK,0.001,35
2897,2,winter_rapeseed,2,KAS,0.4,24
2897,2,winter_rapeseed,3,KAS,0.8,20
2898,2,winter_rapeseed,1,PK,0.001,35
2898,2,winter_rapeseed,2,KAS,0.4,24
2898,2,winter_rapeseed,3,KAS,0.8,20
2899,2,winter_rapeseed,1,PK,0.001,35
2899,2,winter_rapeseed,2,KAS,0.4,24
2899,2,winter_rapeseed,3,KAS,0.8,20
2900,2,winter_rapeseed,1,PK,0.001,35
2900,2,winter_rapeseed,2,KAS,0.4,24
2900,2,winter_rapeseed,3,KAS,0.8,20
2901,2,winter_rapeseed,1,PK,0.001,35
2901,2,winter_rapeseed,2,KAS,0.4,24
2901,2,winter_rapeseed,3,KAS,0.8,20
2902,2,winter_rapeseed,1,PK,0.001,35
2902,2,winter_rapeseed,2,KAS,0.4,24
2902,2,winter_rapeseed,3,KAS,0.8,20
2904,2,winter_rapeseed,1,PK,0.001,35
2904,2,winter_rapeseed,2,KAS,0.4,24
2904,2,winter_rapeseed,3,KAS,0.8,20
2905,2,winter_rapeseed,1,PK,0.001,35
2905,2,winter_rapeseed,2,KAS,0.4,24
2905,2,winter_rapeseed,3,KAS,0.8,20
2906,2,winter_rapeseed,1,PK,0.001,35
2906,2,winter_rapeseed,2,KAS,0.4,24
2906,2,winter_rapeseed,3,KAS,0.8,20
2907,2,winter_rapeseed,1,PK,0.001,35
2907,2,winter_rapeseed,2,KAS,0.4,24
2907,2,winter_rapeseed,3,KAS,0.8,20
2908,2,winter_rapeseed,1,PK,0.001,35
2908,2,winter_rapeseed,2,KAS,0.4,24
2908,2,winter_rapeseed,3,KAS,0.8,20
2909,2,winter_rapeseed,1,PK,0.001,35
2909,2,winter_rapeseed,2,KAS,0.4,24
2909,2,winter_rapeseed,3,KAS,0.8,20
2910,2,winter_rapeseed,1,PK,0.001,35
2910,2,winter_rapeseed,2,KAS,0.4,24
2910,2,winter_rapeseed,3,KAS,0.8,20
2912,2,winter_rapeseed,1,PK,0.001,35
2912,2,winter_rapeseed,2,KAS,0.4,24
2912,2,winter_rapeseed,3,KAS,0.8,20
2914,2,winter_rapeseed,1,PK,0.001,35
2914,2,winter_rapeseed,2,KAS,0.4,24
2914,2,winter_rapeseed,3,KAS,0.8,20
2915,2,winter_rapeseed,1,PK,0.001,35
2915,2,winter_rapeseed,2,KAS,0.4,24
2915,2,winter_rapeseed,3,KAS,0.8,20
2919,2,winter_rapeseed,1,PK,0.001,35
2919,2,winter_rapeseed,2,KAS,0.4,24
2919,2,winter_rapeseed,3,KAS,0.8,20
2920,2,winter_rapeseed,1,PK,0.001,35
2920,2,winter_rapeseed,2,KAS,0.4,24
2920,2,winter_rapeseed,3,KAS,0.8,20
2921,2,winter_rapeseed,1,PK,0.001,35
2921,2,winter_rapeseed,2,KAS,0.4,24
2921,2,winter_rapeseed,3,KAS,0.8,20
2922,2,winter_rapeseed,1,PK,0.001,35
2922,2,winter_rapeseed,2,KAS,0.4,24
2922,2,winter_rapeseed,3,KAS,0.8,20
2929,2,winter_rapeseed,1,PK,0.001,35
2929,2,winter_rapeseed,2,KAS,0.4,24
2929,2,winter_rapeseed,3,KAS,0.8,20
2931,2,winter_rapeseed,1,PK,0.001,35
2931,2,winter_rapeseed,2,KAS,0.4,24
2931,2,winter_rapeseed,3,KAS,0.8,20
2932,2,winter_rapeseed,1,PK,0.001,35
2932,2,winter_rapeseed,2,KAS,0.4,24
2932,2,winter_rapeseed,3,KAS,0.8,20
2936,2,winter_rapeseed,1,PK,0.001,35
2936,2,winter_rapeseed,2,KAS,0.4,24
2936,2,winter_rapeseed,3,KAS,0.8,20
2939,2,winter_rapeseed,1,PK,0.001,35
2939,2,winter_rapeseed,2,KAS,0.4,24
2939,2,winter_rapeseed,3,KAS,0.8,20
2942,2,winter_rapeseed,1,PK,0.001,35
2942,2,winter_rapeseed,2,KAS,0.4,24
2942,2,winter_rapeseed,3,KAS,0.8,20
2945,2,winter_rapeseed,1,PK,0.001,35
2945,2,winter_rapeseed,2,KAS,0.4,24
2945,2,winter_rapeseed,3,KAS,0.8,20
2946,2,winter_rapeseed,1,PK,0.001,35
2946,2,winter_rapeseed,2,KAS,0.4,24
2946,2,winter_rapeseed,3,KAS,0.8,20
2947,2,winter_rapeseed,1,PK,0.001,35
2947,2,winter_rapeseed,2,KAS,0.4,24
2947,2,winter_rapeseed,3,KAS,0.8,20
2948,2,winter_rapeseed,1,PK,0.001,35
2948,2,winter_rapeseed,2,KAS,0.4,24
2948,2,winter_rapeseed,3,KAS,0.8,20
2950,2,winter_rapeseed,1,PK,0.001,35
2950,2,winter_rapeseed,2,KAS,0.4,24
2950,2,winter_rapeseed,3,KAS,0.8,20
2956,2,winter_rapeseed,1,PK,0.001,35
2956,2,winter_rapeseed,2,KAS,0.4,24
2956,2,winter_rapeseed,3,KAS,0.8,20
2957,2,winter_rapeseed,1,PK,0.001,35
2957,2,winter_rapeseed,2,KAS,0.4,24
2957,2,winter_rapeseed,3,KAS,0.8,20
2958,2,winter_rapeseed,1,PK,0.001,35
2958,2,winter_rapeseed,2,KAS,0.4,24
2958,2,winter_rapeseed,3,KAS,0.8,20
2959,2,winter_rapeseed,1,PK,0.001,35
2959,2,winter_rapeseed,2,KAS,0.4,24
2959,2,winter_rapeseed,3,KAS,0.8,20
2960,2,winter_rapeseed,1,PK,0.001,35
2960,2,winter_rapeseed,2,KAS,0.4,24
2960,2,winter_rapeseed,3,KAS,0.8,20
2961,2,winter_rapeseed,1,PK,0.001,35
2961,2,winter_rapeseed,2,KAS,0.4,24
2961,2,winter_rapeseed,3,KAS,0.8,20
2962,2,winter_rapeseed,1,PK,0.001,35
2962,2,winter_rapeseed,2,KAS,0.4,24
2962,2,winter_rapeseed,3,KAS,0.8,20
2963,2,winter_rapeseed,1,PK,0.001,35
2963,2,winter_rapeseed,2,KAS,0.4,24
2963,2,winter_rapeseed,3,KAS,0.8,20
2965,2,winter_rapeseed,1,PK,0.001,35
2965,2,winter_rapeseed,2,KAS,0.4,24
2965,2,winter_rapeseed,3,KAS,0.8,20
2966,2,winter_rapeseed,1,PK,0.001,35
2966,2,winter_rapeseed,2,KAS,0.4,24
2966,2,winter_rapeseed,3,KAS,0.8,20
2967,2,winter_rapeseed,1,PK,0.001,35
2967,2,winter_rapeseed,2,KAS,0.4,24
2967,2,winter_rapeseed,3,KAS,0.8,20
2969,2,winter_rapeseed,1,PK,0.001,35
2969,2,winter_rapeseed,2,KAS,0.4,24
2969,2,winter_rapeseed,3,KAS,0.8,20
2971,2,winter_rapeseed,1,PK,0.001,35
2971,2,winter_rapeseed,2,KAS,0.4,24
2971,2,winter_rapeseed,3,KAS,0.8,20
2972,2,winter_rapeseed,1,PK,0.001,35
2972,2,winter_rapeseed,2,KAS,0.4,24
2972,2,winter_rapeseed,3,KAS,0.8,20
2973,2,winter_rapeseed,1,PK,0.001,35
2973,2,winter_rapeseed,2,KAS,0.4,24
2973,2,winter_rapeseed,3,KAS,0.8,20
2974,2,winter_rapeseed,1,PK,0.001,35
2974,2,winter_rapeseed,2,KAS,0.4,24
2974,2,winter_rapeseed,3,KAS,0.8,20
2976,2,winter_rapeseed,1,PK,0.001,35
2976,2,winter_rapeseed,2,KAS,0.4,24
2976,2,winter_rapeseed,3,KAS,0.8,20
2977,2,winter_rapeseed,1,PK,0.001,35
2977,2,winter_rapeseed,2,KAS,0.4,24
2977,2,winter_rapeseed,3,KAS,0.8,20
2978,2,winter_rapeseed,1,PK,0.001,35
2978,2,winter_rapeseed,2,KAS,0.4,24
2978,2,winter_rapeseed,3,KAS,0.8,20
2979,2,winter_rapeseed,1,PK,0.001,35
2979,2,winter_rapeseed,2,KAS,0.4,24
2979,2,winter_rapeseed,3,KAS,0.8,20
2980,2,winter_rapeseed,1,PK,0.001,35
2980,2,winter_rapeseed,2,KAS,0.4,24
2980,2,winter_rapeseed,3,KAS,0.8,20
2981,2,winter_rapeseed,1,PK,0.001,35
2981,2,winter_rapeseed,2,KAS,0.4,24
2981,2,winter_rapeseed,3,KAS,0.8,20
2982,2,winter_rapeseed,1,PK,0.001,35
2982,2,winter_rapeseed,2,KAS,0.4,24
2982,2,winter_rapeseed,3,KAS,0.8,20
2986,2,winter_rapeseed,1,PK,0.001,35
2986,2,winter_rapeseed,2,KAS,0.4,24
2986,2,winter_rapeseed,3,KAS,0.8,20
2987,2,winter_rapeseed,1,PK,0.001,35
2987,2,winter_rapeseed,2,KAS,0.4,24
2987,2,winter_rapeseed,3,KAS,0.8,20
2988,2,winter_rapeseed,1,PK,0.001,35
2988,2,winter_rapeseed,2,KAS,0.4,24
2988,2,winter_rapeseed,3,KAS,0.8,20
2992,2,winter_rapeseed,1,PK,0.001,35
2992,2,winter_rapeseed,2,KAS,0.4,24
2992,2,winter_rapeseed,3,KAS,0.8,20
2994,2,winter_rapeseed,1,PK,0.001,35
2994,2,winter_rapeseed,2,KAS,0.4,24
2994,2,winter_rapeseed,3,KAS,0.8,20
2996,2,winter_rapeseed,1,PK,0.001,35
2996,2,winter_rapeseed,2,KAS,0.4,24
2996,2,winter_rapeseed,3,KAS,0.8,20
2998,2,winter_rapeseed,1,PK,0.001,35
2998,2,winter_rapeseed,2,KAS,0.4,24
2998,2,winter_rapeseed,3,KAS,0.8,20
2999,2,winter_rapeseed,1,PK,0.001,35
2999,2,winter_rapeseed,2,KAS,0.4,24
2999,2,winter_rapeseed,3,KAS,0.8,20
3000,2,winter_rapeseed,1,PK,0.001,35
3000,2,winter_rapeseed,2,KAS,0.4,24
3000,2,winter_rapeseed,3,KAS,0.8,20
3005,2,winter_rapeseed,1,PK,0.001,35
3005,2,winter_rapeseed,2,KAS,0.4,24
3005,2,winter_rapeseed,3,KAS,0.8,20
3007,2,winter_rapeseed,1,PK,0.001,35
3007,2,winter_rapeseed,2,KAS,0.4,24
3007,2,winter_rapeseed,3,KAS,0.8,20
3008,2,winter_rapeseed,1,PK,0.001,35
3008,2,winter_rapeseed,2,KAS,0.4,24
3008,2,winter_rapeseed,3,KAS,0.8,20
3013,2,winter_rapeseed,1,PK,0.001,35
3013,2,winter_rapeseed,2,KAS,0.4,24
3013,2,winter_rapeseed,3,KAS,0.8,20
3014,2,winter_rapeseed,1,PK,0.001,35
3014,2,winter_rapeseed,2,KAS,0.4,24
3014,2,winter_rapeseed,3,KAS,0.8,20
3016,2,winter_rapeseed,1,PK,0.001,35
3016,2,winter_rapeseed,2,KAS,0.4,24
3016,2,winter_rapeseed,3,KAS,0.8,20
3018,2,winter_rapeseed,1,PK,0.001,35
3018,2,winter_rapeseed,2,KAS,0.4,24
3018,2,winter_rapeseed,3,KAS,0.8,20
3019,2,winter_rapeseed,1,PK,0.001,35
3019,2,winter_rapeseed,2,KAS,0.4,24
3019,2,winter_rapeseed,3,KAS,0.8,20
3022,2,winter_rapeseed,1,PK,0.001,35
3022,2,winter_rapeseed,2,KAS,0.4,24
3022,2,winter_rapeseed,3,KAS,0.8,20
3023,2,winter_rapeseed,1,PK,0.001,35
3023,2,winter_rapeseed,2,KAS,0.4,24
3023,2,winter_rapeseed,3,KAS,0.8,20
3029,2,winter_rapeseed,1,PK,0.001,35
3029,2,winter_rapeseed,2,KAS,0.4,24
3029,2,winter_rapeseed,3,KAS,0.8,20
3030,2,winter_rapeseed,1,PK,0.001,35
3030,2,winter_rapeseed,2,KAS,0.4,24
3030,2,winter_rapeseed,3,KAS,0.8,20
3033,2,winter_rapeseed,1,PK,0.001,35
3033,2,winter_rapeseed,2,KAS,0.4,24
3033,2,winter_rapeseed,3,KAS,0.8,20
3034,2,winter_rapeseed,1,PK,0.001,35
3034,2,winter_rapeseed,2,KAS,0.4,24
3034,2,winter_rapeseed,3,KAS,0.8,20
3035,2,winter_rapeseed,1,PK,0.001,35
3035,2,winter_rapeseed,2,KAS,0.4,24
3035,2,winter_rapeseed,3,KAS,0.8,20
3036,2,winter_rapeseed,1,PK,0.001,35
3036,2,winter_rapeseed,2,KAS,0.4,24
3036,2,winter_rapeseed,3,KAS,0.8,20
3037,2,winter_rapeseed,1,PK,0.001,35
3037,2,winter_rapeseed,2,KAS,0.4,24
3037,2,winter_rapeseed,3,KAS,0.8,20
3038,2,winter_rapeseed,1,PK,0.001,35
3038,2,winter_rapeseed,2,KAS,0.4,24
3038,2,winter_rapeseed,3,KAS,0.8,20
3039,2,winter_rapeseed,1,PK,0.001,35
3039,2,winter_rapeseed,2,KAS,0.4,24
3039,2,winter_rapeseed,3,KAS,0.8,20
3040,2,winter_rapeseed,1,PK,0.001,35
3040,2,winter_rapeseed,2,KAS,0.4,24
3040,2,winter_rapeseed,3,KAS,0.8,20
3043,2,winter_rapeseed,1,PK,0.001,35
3043,2,winter_rapeseed,2,KAS,0.4,24
3043,2,winter_rapeseed,3,KAS,0.8,20
3045,2,winter_rapeseed,1,PK,0.001,35
3045,2,winter_rapeseed,2,KAS,0.4,24
3045,2,winter_rapeseed,3,KAS,0.8,20
3047,2,winter_rapeseed,1,PK,0.001,35
3047,2,winter_rapeseed,2,KAS,0.4,24
3047,2,winter_rapeseed,3,KAS,0.8,20
3048,2,winter_rapeseed,1,PK,0.001,35
3048,2,winter_rapeseed,2,KAS,0.4,24
3048,2,winter_rapeseed,3,KAS,0.8,20
3050,2,winter_rapeseed,1,PK,0.001,35
3050,2,winter_rapeseed,2,KAS,0.4,24
3050,2,winter_rapeseed,3,KAS,0.8,20
3051,2,winter_rapeseed,1,PK,0.001,35
3051,2,winter_rapeseed,2,KAS,0.4,24
3051,2,winter_rapeseed,3,KAS,0.8,20
3052,2,winter_rapeseed,1,PK,0.001,35
3052,2,winter_rapeseed,2,KAS,0.4,24
3052,2,winter_rapeseed,3,KAS,0.8,20
3053,2,winter_rapeseed,1,PK,0.001,35
3053,2,winter_rapeseed,2,KAS,0.4,24
3053,2,winter_rapeseed,3,KAS,0.8,20
3055,2,winter_rapeseed,1,PK,0.001,35
3055,2,winter_rapeseed,2,KAS,0.4,24
3055,2,winter_rapeseed,3,KAS,0.8,20
3056,2,winter_rapeseed,1,PK,0.001,35
3056,2,winter_rapeseed,2,KAS,0.4,24
3056,2,winter_rapeseed,3,KAS,0.8,20
3058,2,winter_rapeseed,1,PK,0.001,35
3058,2,winter_rapeseed,2,KAS,0.4,24
3058,2,winter_rapeseed,3,KAS,0.8,20
3059,2,winter_rapeseed,1,PK,0.001,35
3059,2,winter_rapeseed,2,KAS,0.4,24
3059,2,winter_rapeseed,3,KAS,0.8,20
3060,2,winter_rapeseed,1,PK,0.001,35
3060,2,winter_rapeseed,2,KAS,0.4,24
3060,2,winter_rapeseed,3,KAS,0.8,20
3062,2,winter_rapeseed,1,PK,0.001,35
3062,2,winter_rapeseed,2,KAS,0.4,24
3062,2,winter_rapeseed,3,KAS,0.8,20
3066,2,winter_rapeseed,1,PK,0.001,35
3066,2,winter_rapeseed,2,KAS,0.4,24
3066,2,winter_rapeseed,3,KAS,0.8,20
3067,2,winter_rapeseed,1,PK,0.001,35
3067,2,winter_rapeseed,2,KAS,0.4,24
3067,2,winter_rapeseed,3,KAS,0.8,20
3068,2,winter_rapeseed,1,PK,0.001,35
3068,2,winter_rapeseed,2,KAS,0.4,24
3068,2,winter_rapeseed,3,KAS,0.8,20
3069,2,winter_rapeseed,1,PK,0.001,35
3069,2,winter_rapeseed,2,KAS,0.4,24
3069,2,winter_rapeseed,3,KAS,0.8,20
3070,2,winter_rapeseed,1,PK,0.001,35
3070,2,winter_rapeseed,2,KAS,0.4,24
3070,2,winter_rapeseed,3,KAS,0.8,20
3071,2,winter_rapeseed,1,PK,0.001,35
3071,2,winter_rapeseed,2,KAS,0.4,24
3071,2,winter_rapeseed,3,KAS,0.8,20
3074,2,winter_rapeseed,1,PK,0.001,35
3074,2,winter_rapeseed,2,KAS,0.4,24
3074,2,winter_rapeseed,3,KAS,0.8,20
3076,2,winter_rapeseed,1,PK,0.001,35
3076,2,winter_rapeseed,2,KAS,0.4,24
3076,2,winter_rapeseed,3,KAS,0.8,20
3090,2,winter_rapeseed,1,PK,0.001,35
3090,2,winter_rapeseed,2,KAS,0.4,24
3090,2,winter_rapeseed,3,KAS,0.8,20
3091,2,winter_rapeseed,1,PK,0.001,35
3091,2,winter_rapeseed,2,KAS,0.4,24
3091,2,winter_rapeseed,3,KAS,0.8,20
3092,2,winter_rapeseed,1,PK,0.001,35
3092,2,winter_rapeseed,2,KAS,0.4,24
3092,2,winter_rapeseed,3,KAS,0.8,20
3093,2,winter_rapeseed,1,PK,0.001,35
3093,2,winter_rapeseed,2,KAS,0.4,24
3093,2,winter_rapeseed,3,KAS,0.8,20
3094,2,winter_rapeseed,1,PK,0.001,35
3094,2,winter_rapeseed,2,KAS,0.4,24
3094,2,winter_rapeseed,3,KAS,0.8,20
3096,2,winter_rapeseed,1,PK,0.001,35
3096,2,winter_rapeseed,2,KAS,0.4,24
3096,2,winter_rapeseed,3,KAS,0.8,20
3097,2,winter_rapeseed,1,PK,0.001,35
3097,2,winter_rapeseed,2,KAS,0.4,24
3097,2,winter_rapeseed,3,KAS,0.8,20
3098,2,winter_rapeseed,1,PK,0.001,35
3098,2,winter_rapeseed,2,KAS,0.4,24
3098,2,winter_rapeseed,3,KAS,0.8,20
3099,2,winter_rapeseed,1,PK,0.001,35
3099,2,winter_rapeseed,2,KAS,0.4,24
3099,2,winter_rapeseed,3,KAS,0.8,20
3100,2,winter_rapeseed,1,PK,0.001,35
3100,2,winter_rapeseed,2,KAS,0.4,24
3100,2,winter_rapeseed,3,KAS,0.8,20
3101,2,winter_rapeseed,1,PK,0.001,35
3101,2,winter_rapeseed,2,KAS,0.4,24
3101,2,winter_rapeseed,3,KAS,0.8,20
3102,2,winter_rapeseed,1,PK,0.001,35
3102,2,winter_rapeseed,2,KAS,0.4,24
3102,2,winter_rapeseed,3,KAS,0.8,20
3106,2,winter_rapeseed,1,PK,0.001,35
3106,2,winter_rapeseed,2,KAS,0.4,24
3106,2,winter_rapeseed,3,KAS,0.8,20
3107,2,winter_rapeseed,1,PK,0.001,35
3107,2,winter_rapeseed,2,KAS,0.4,24
3107,2,winter_rapeseed,3,KAS,0.8,20
3110,2,winter_rapeseed,1,PK,0.001,35
3110,2,winter_rapeseed,2,KAS,0.4,24
3110,2,winter_rapeseed,3,KAS,0.8,20
3112,2,winter_rapeseed,1,PK,0.001,35
3112,2,winter_rapeseed,2,KAS,0.4,24
3112,2,winter_rapeseed,3,KAS,0.8,20
3113,2,winter_rapeseed,1,PK,0.001,35
3113,2,winter_rapeseed,2,KAS,0.4,24
3113,2,winter_rapeseed,3,KAS,0.8,20
3116,2,winter_rapeseed,1,PK,0.001,35
3116,2,winter_rapeseed,2,KAS,0.4,24
3116,2,winter_rapeseed,3,KAS,0.8,20
3117,2,winter_rapeseed,1,PK,0.001,35
3117,2,winter_rapeseed,2,KAS,0.4,24
3117,2,winter_rapeseed,3,KAS,0.8,20
3118,2,winter_rapeseed,1,PK,0.001,35
3118,2,winter_rapeseed,2,KAS,0.4,24
3118,2,winter_rapeseed,3,KAS,0.8,20
3119,2,winter_rapeseed,1,PK,0.001,35
3119,2,winter_rapeseed,2,KAS,0.4,24
3119,2,winter_rapeseed,3,KAS,0.8,20
3120,2,winter_rapeseed,1,PK,0.001,35
3120,2,winter_rapeseed,2,KAS,0.4,24
3120,2,winter_rapeseed,3,KAS,0.8,20
3121,2,winter_rapeseed,1,PK,0.001,35
3121,2,winter_rapeseed,2,KAS,0.4,24
3121,2,winter_rapeseed,3,KAS,0.8,20
3126,2,winter_rapeseed,1,PK,0.001,35
3126,2,winter_rapeseed,2,KAS,0.4,24
3126,2,winter_rapeseed,3,KAS,0.8,20
3129,2,winter_rapeseed,1,PK,0.001,35
3129,2,winter_rapeseed,2,KAS,0.4,24
3129,2,winter_rapeseed,3,KAS,0.8,20
3131,2,winter_rapeseed,1,PK,0.001,35
3131,2,winter_rapeseed,2,KAS,0.4,24
3131,2,winter_rapeseed,3,KAS,0.8,20
3133,2,winter_rapeseed,1,PK,0.001,35
3133,2,winter_rapeseed,2,KAS,0.4,24
3133,2,winter_rapeseed,3,KAS,0.8,20
3134,2,winter_rapeseed,1,PK,0.001,35
3134,2,winter_rapeseed,2,KAS,0.4,24
3134,2,winter_rapeseed,3,KAS,0.8,20
3138,2,winter_rapeseed,1,PK,0.001,35
3138,2,winter_rapeseed,2,KAS,0.4,24
3138,2,winter_rapeseed,3,KAS,0.8,20
3139,2,winter_rapeseed,1,PK,0.001,35
3139,2,winter_rapeseed,2,KAS,0.4,24
3139,2,winter_rapeseed,3,KAS,0.8,20
3140,2,winter_rapeseed,1,PK,0.001,35
3140,2,winter_rapeseed,2,KAS,0.4,24
3140,2,winter_rapeseed,3,KAS,0.8,20
3143,2,winter_rapeseed,1,PK,0.001,35
3143,2,winter_rapeseed,2,KAS,0.4,24
3143,2,winter_rapeseed,3,KAS,0.8,20
3145,2,winter_rapeseed,1,PK,0.001,35
3145,2,winter_rapeseed,2,KAS,0.4,24
3145,2,winter_rapeseed,3,KAS,0.8,20
3154,2,winter_rapeseed,1,PK,0.001,35
3154,2,winter_rapeseed,2,KAS,0.4,24
3154,2,winter_rapeseed,3,KAS,0.8,20
3155,2,winter_rapeseed,1,PK,0.001,35
3155,2,winter_rapeseed,2,KAS,0.4,24
3155,2,winter_rapeseed,3,KAS,0.8,20
3158,2,winter_rapeseed,1,PK,0.001,35
3158,2,winter_rapeseed,2,KAS,0.4,24
3158,2,winter_rapeseed,3,KAS,0.8,20
3161,2,winter_rapeseed,1,PK,0.001,35
3161,2,winter_rapeseed,2,KAS,0.4,24
3161,2,winter_rapeseed,3,KAS,0.8,20
3162,2,winter_rapeseed,1,PK,0.001,35
3162,2,winter_rapeseed,2,KAS,0.4,24
3162,2,winter_rapeseed,3,KAS,0.8,20
3163,2,winter_rapeseed,1,PK,0.001,35
3163,2,winter_rapeseed,2,KAS,0.4,24
3163,2,winter_rapeseed,3,KAS,0.8,20
3164,2,winter_rapeseed,1,PK,0.001,35
3164,2,winter_rapeseed,2,KAS,0.4,24
3164,2,winter_rapeseed,3,KAS,0.8,20
3165,2,winter_rapeseed,1,PK,0.001,35
3165,2,winter_rapeseed,2,KAS,0.4,24
3165,2,winter_rapeseed,3,KAS,0.8,20
3166,2,winter_rapeseed,1,PK,0.001,35
3166,2,winter_rapeseed,2,KAS,0.4,24
3166,2,winter_rapeseed,3,KAS,0.8,20
3167,2,winter_rapeseed,1,PK,0.001,35
3167,2,winter_rapeseed,2,KAS,0.4,24
3167,2,winter_rapeseed,3,KAS,0.8,20
3169,2,winter_rapeseed,1,PK,0.001,35
3169,2,winter_rapeseed,2,KAS,0.4,24
3169,2,winter_rapeseed,3,KAS,0.8,20
3170,2,winter_rapeseed,1,PK,0.001,35
3170,2,winter_rapeseed,2,KAS,0.4,24
3170,2,winter_rapeseed,3,KAS,0.8,20
3171,2,winter_rapeseed,1,PK,0.001,35
3171,2,winter_rapeseed,2,KAS,0.4,24
3171,2,winter_rapeseed,3,KAS,0.8,20
3175,2,winter_rapeseed,1,PK,0.001,35
3175,2,winter_rapeseed,2,KAS,0.4,24
3175,2,winter_rapeseed,3,KAS,0.8,20
3176,2,winter_rapeseed,1,PK,0.001,35
3176,2,winter_rapeseed,2,KAS,0.4,24
3176,2,winter_rapeseed,3,KAS,0.8,20
3177,2,winter_rapeseed,1,PK,0.001,35
3177,2,winter_rapeseed,2,KAS,0.4,24
3177,2,winter_rapeseed,3,KAS,0.8,20
3179,2,winter_rapeseed,1,PK,0.001,35
3179,2,winter_rapeseed,2,KAS,0.4,24
3179,2,winter_rapeseed,3,KAS,0.8,20
3180,2,winter_rapeseed,1,PK,0.001,35
3180,2,winter_rapeseed,2,KAS,0.4,24
3180,2,winter_rapeseed,3,KAS,0.8,20
3181,2,winter_rapeseed,1,PK,0.001,35
3181,2,winter_rapeseed,2,KAS,0.4,24
3181,2,winter_rapeseed,3,KAS,0.8,20
3182,2,winter_rapeseed,1,PK,0.001,35
3182,2,winter_rapeseed,2,KAS,0.4,24
3182,2,winter_rapeseed,3,KAS,0.8,20
3184,2,winter_rapeseed,1,PK,0.001,35
3184,2,winter_rapeseed,2,KAS,0.4,24
3184,2,winter_rapeseed,3,KAS,0.8,20
3185,2,winter_rapeseed,1,PK,0.001,35
3185,2,winter_rapeseed,2,KAS,0.4,24
3185,2,winter_rapeseed,3,KAS,0.8,20
3186,2,winter_rapeseed,1,PK,0.001,35
3186,2,winter_rapeseed,2,KAS,0.4,24
3186,2,winter_rapeseed,3,KAS,0.8,20
3187,2,winter_rapeseed,1,PK,0.001,35
3187,2,winter_rapeseed,2,KAS,0.4,24
3187,2,winter_rapeseed,3,KAS,0.8,20
3188,2,winter_rapeseed,1,PK,0.001,35
3188,2,winter_rapeseed,2,KAS,0.4,24
3188,2,winter_rapeseed,3,KAS,0.8,20
3189,2,winter_rapeseed,1,PK,0.001,35
3189,2,winter_rapeseed,2,KAS,0.4,24
3189,2,winter_rapeseed,3,KAS,0.8,20
3193,2,winter_rapeseed,1,PK,0.001,35
3193,2,winter_rapeseed,2,KAS,0.4,24
3193,2,winter_rapeseed,3,KAS,0.8,20
3197,2,winter_rapeseed,1,PK,0.001,35
3197,2,winter_rapeseed,2,KAS,0.4,24
3197,2,winter_rapeseed,3,KAS,0.8,20
3198,2,winter_rapeseed,1,PK,0.001,35
3198,2,winter_rapeseed,2,KAS,0.4,24
3198,2,winter_rapeseed,3,KAS,0.8,20
3200,2,winter_rapeseed,1,PK,0.001,35
3200,2,winter_rapeseed,2,KAS,0.4,24
3200,2,winter_rapeseed,3,KAS,0.8,20
3203,2,winter_rapeseed,1,PK,0.001,35
3203,2,winter_rapeseed,2,KAS,0.4,24
3203,2,winter_rapeseed,3,KAS,0.8,20
3204,2,winter_rapeseed,1,PK,0.001,35
3204,2,winter_rapeseed,2,KAS,0.4,24
3204,2,winter_rapeseed,3,KAS,0.8,20
3205,2,winter_rapeseed,1,PK,0.001,35
3205,2,winter_rapeseed,2,KAS,0.4,24
3205,2,winter_rapeseed,3,KAS,0.8,20
3206,2,winter_rapeseed,1,PK,0.001,35
3206,2,winter_rapeseed,2,KAS,0.4,24
3206,2,winter_rapeseed,3,KAS,0.8,20
3207,2,winter_rapeseed,1,PK,0.001,35
3207,2,winter_rapeseed,2,KAS,0.4,24
3207,2,winter_rapeseed,3,KAS,0.8,20
3209,2,winter_rapeseed,1,PK,0.001,35
3209,2,winter_rapeseed,2,KAS,0.4,24
3209,2,winter_rapeseed,3,KAS,0.8,20
3210,2,winter_rapeseed,1,PK,0.001,35
3210,2,winter_rapeseed,2,KAS,0.4,24
3210,2,winter_rapeseed,3,KAS,0.8,20
3217,2,winter_rapeseed,1,PK,0.001,35
3217,2,winter_rapeseed,2,KAS,0.4,24
3217,2,winter_rapeseed,3,KAS,0.8,20
3218,2,winter_rapeseed,1,PK,0.001,35
3218,2,winter_rapeseed,2,KAS,0.4,24
3218,2,winter_rapeseed,3,KAS,0.8,20
3221,2,winter_rapeseed,1,PK,0.001,35
3221,2,winter_rapeseed,2,KAS,0.4,24
3221,2,winter_rapeseed,3,KAS,0.8,20
3223,2,winter_rapeseed,1,PK,0.001,35
3223,2,winter_rapeseed,2,KAS,0.4,24
3223,2,winter_rapeseed,3,KAS,0.8,20
3224,2,winter_rapeseed,1,PK,0.001,35
3224,2,winter_rapeseed,2,KAS,0.4,24
3224,2,winter_rapeseed,3,KAS,0.8,20
3228,2,winter_rapeseed,1,PK,0.001,35
3228,2,winter_rapeseed,2,KAS,0.4,24
3228,2,winter_rapeseed,3,KAS,0.8,20
3230,2,winter_rapeseed,1,PK,0.001,35
3230,2,winter_rapeseed,2,KAS,0.4,24
3230,2,winter_rapeseed,3,KAS,0.8,20
3232,2,winter_rapeseed,1,PK,0.001,35
3232,2,winter_rapeseed,2,KAS,0.4,24
3232,2,winter_rapeseed,3,KAS,0.8,20
3235,2,winter_rapeseed,1,PK,0.001,35
3235,2,winter_rapeseed,2,KAS,0.4,24
3235,2,winter_rapeseed,3,KAS,0.8,20
3238,2,winter_rapeseed,1,PK,0.001,35
3238,2,winter_rapeseed,2,KAS,0.4,24
3238,2,winter_rapeseed,3,KAS,0.8,20
3242,2,winter_rapeseed,1,PK,0.001,35
3242,2,winter_rapeseed,2,KAS,0.4,24
3242,2,winter_rapeseed,3,KAS,0.8,20
3244,2,winter_rapeseed,1,PK,0.001,35
3244,2,winter_rapeseed,2,KAS,0.4,24
3244,2,winter_rapeseed,3,KAS,0.8,20
3245,2,winter_rapeseed,1,PK,0.001,35
3245,2,winter_rapeseed,2,KAS,0.4,24
3245,2,winter_rapeseed,3,KAS,0.8,20
3248,2,winter_rapeseed,1,PK,0.001,35
3248,2,winter_rapeseed,2,KAS,0.4,24
3248,2,winter_rapeseed,3,KAS,0.8,20
3251,2,winter_rapeseed,1,PK,0.001,35
3251,2,winter_rapeseed,2,KAS,0.4,24
3251,2,winter_rapeseed,3,KAS,0.8,20
3252,2,winter_rapeseed,1,PK,0.001,35
3252,2,winter_rapeseed,2,KAS,0.4,24
3252,2,winter_rapeseed,3,KAS,0.8,20
3254,2,winter_rapeseed,1,PK,0.001,35
3254,2,winter_rapeseed,2,KAS,0.4,24
3254,2,winter_rapeseed,3,KAS,0.8,20
3255,2,winter_rapeseed,1,PK,0.001,35
3255,2,winter_rapeseed,2,KAS,0.4,24
3255,2,winter_rapeseed,3,KAS,0.8,20
3256,2,winter_rapeseed,1,PK,0.001,35
3256,2,winter_rapeseed,2,KAS,0.4,24
3256,2,winter_rapeseed,3,KAS,0.8,20
3257,2,winter_rapeseed,1,PK,0.001,35
3257,2,winter_rapeseed,2,KAS,0.4,24
3257,2,winter_rapeseed,3,KAS,0.8,20
3258,2,winter_rapeseed,1,PK,0.001,35
3258,2,winter_rapeseed,2,KAS,0.4,24
3258,2,winter_rapeseed,3,KAS,0.8,20
3260,2,winter_rapeseed,1,PK,0.001,35
3260,2,winter_rapeseed,2,KAS,0.4,24
3260,2,winter_rapeseed,3,KAS,0.8,20
3263,2,winter_rapeseed,1,PK,0.001,35
3263,2,winter_rapeseed,2,KAS,0.4,24
3263,2,winter_rapeseed,3,KAS,0.8,20
3269,2,winter_rapeseed,1,PK,0.001,35
3269,2,winter_rapeseed,2,KAS,0.4,24
3269,2,winter_rapeseed,3,KAS,0.8,20
3271,2,winter_rapeseed,1,PK,0.001,35
3271,2,winter_rapeseed,2,KAS,0.4,24
3271,2,winter_rapeseed,3,KAS,0.8,20
3272,2,winter_rapeseed,1,PK,0.001,35
3272,2,winter_rapeseed,2,KAS,0.4,24
3272,2,winter_rapeseed,3,KAS,0.8,20
3275,2,winter_rapeseed,1,PK,0.001,35
3275,2,winter_rapeseed,2,KAS,0.4,24
3275,2,winter_rapeseed,3,KAS,0.8,20
3276,2,winter_rapeseed,1,PK,0.001,35
3276,2,winter_rapeseed,2,KAS,0.4,24
3276,2,winter_rapeseed,3,KAS,0.8,20
3280,2,winter_rapeseed,1,PK,0.001,35
3280,2,winter_rapeseed,2,KAS,0.4,24
3280,2,winter_rapeseed,3,KAS,0.8,20
3282,2,winter_rapeseed,1,PK,0.001,35
3282,2,winter_rapeseed,2,KAS,0.4,24
3282,2,winter_rapeseed,3,KAS,0.8,20
3285,2,winter_rapeseed,1,PK,0.001,35
3285,2,winter_rapeseed,2,KAS,0.4,24
3285,2,winter_rapeseed,3,KAS,0.8,20
3286,2,winter_rapeseed,1,PK,0.001,35
3286,2,winter_rapeseed,2,KAS,0.4,24
3286,2,winter_rapeseed,3,KAS,0.8,20
3288,2,winter_rapeseed,1,PK,0.001,35
3288,2,winter_rapeseed,2,KAS,0.4,24
3288,2,winter_rapeseed,3,KAS,0.8,20
3289,2,winter_rapeseed,1,PK,0.001,35
3289,2,winter_rapeseed,2,KAS,0.4,24
3289,2,winter_rapeseed,3,KAS,0.8,20
3290,2,winter_rapeseed,1,PK,0.001,35
3290,2,winter_rapeseed,2,KAS,0.4,24
3290,2,winter_rapeseed,3,KAS,0.8,20
3291,2,winter_rapeseed,1,PK,0.001,35
3291,2,winter_rapeseed,2,KAS,0.4,24
3291,2,winter_rapeseed,3,KAS,0.8,20
3292,2,winter_rapeseed,1,PK,0.001,35
3292,2,winter_rapeseed,2,KAS,0.4,24
3292,2,winter_rapeseed,3,KAS,0.8,20
3293,2,winter_rapeseed,1,PK,0.001,35
3293,2,winter_rapeseed,2,KAS,0.4,24
3293,2,winter_rapeseed,3,KAS,0.8,20
3294,2,winter_rapeseed,1,PK,0.001,35
3294,2,winter_rapeseed,2,KAS,0.4,24
3294,2,winter_rapeseed,3,KAS,0.8,20
3296,2,winter_rapeseed,1,PK,0.001,35
3296,2,winter_rapeseed,2,KAS,0.4,24
3296,2,winter_rapeseed,3,KAS,0.8,20
3301,2,winter_rapeseed,1,PK,0.001,35
3301,2,winter_rapeseed,2,KAS,0.4,24
3301,2,winter_rapeseed,3,KAS,0.8,20
3307,2,winter_rapeseed,1,PK,0.001,35
3307,2,winter_rapeseed,2,KAS,0.4,24
3307,2,winter_rapeseed,3,KAS,0.8,20
3309,2,winter_rapeseed,1,PK,0.001,35
3309,2,winter_rapeseed,2,KAS,0.4,24
3309,2,winter_rapeseed,3,KAS,0.8,20
3310,2,winter_rapeseed,1,PK,0.001,35
3310,2,winter_rapeseed,2,KAS,0.4,24
3310,2,winter_rapeseed,3,KAS,0.8,20
3311,2,winter_rapeseed,1,PK,0.001,35
3311,2,winter_rapeseed,2,KAS,0.4,24
3311,2,winter_rapeseed,3,KAS,0.8,20
3313,2,winter_rapeseed,1,PK,0.001,35
3313,2,winter_rapeseed,2,KAS,0.4,24
3313,2,winter_rapeseed,3,KAS,0.8,20
3314,2,winter_rapeseed,1,PK,0.001,35
3314,2,winter_rapeseed,2,KAS,0.4,24
3314,2,winter_rapeseed,3,KAS,0.8,20
3316,2,winter_rapeseed,1,PK,0.001,35
3316,2,winter_rapeseed,2,KAS,0.4,24
3316,2,winter_rapeseed,3,KAS,0.8,20
3317,2,winter_rapeseed,1,PK,0.001,35
3317,2,winter_rapeseed,2,KAS,0.4,24
3317,2,winter_rapeseed,3,KAS,0.8,20
3318,2,winter_rapeseed,1,PK,0.001,35
3318,2,winter_rapeseed,2,KAS,0.4,24
3318,2,winter_rapeseed,3,KAS,0.8,20
3319,2,winter_rapeseed,1,PK,0.001,35
3319,2,winter_rapeseed,2,KAS,0.4,24
3319,2,winter_rapeseed,3,KAS,0.8,20
3320,2,winter_rapeseed,1,PK,0.001,35
3320,2,winter_rapeseed,2,KAS,0.4,24
3320,2,winter_rapeseed,3,KAS,0.8,20
3325,2,winter_rapeseed,1,PK,0.001,35
3325,2,winter_rapeseed,2,KAS,0.4,24
3325,2,winter_rapeseed,3,KAS,0.8,20
3327,2,winter_rapeseed,1,PK,0.001,35
3327,2,winter_rapeseed,2,KAS,0.4,24
3327,2,winter_rapeseed,3,KAS,0.8,20
3329,2,winter_rapeseed,1,PK,0.001,35
3329,2,winter_rapeseed,2,KAS,0.4,24
3329,2,winter_rapeseed,3,KAS,0.8,20
3330,2,winter_rapeseed,1,PK,0.001,35
3330,2,winter_rapeseed,2,KAS,0.4,24
3330,2,winter_rapeseed,3,KAS,0.8,20
3332,2,winter_rapeseed,1,PK,0.001,35
3332,2,winter_rapeseed,2,KAS,0.4,24
3332,2,winter_rapeseed,3,KAS,0.8,20
3335,2,winter_rapeseed,1,PK,0.001,35
3335,2,winter_rapeseed,2,KAS,0.4,24
3335,2,winter_rapeseed,3,KAS,0.8,20
3337,2,winter_rapeseed,1,PK,0.001,35
3337,2,winter_rapeseed,2,KAS,0.4,24
3337,2,winter_rapeseed,3,KAS,0.8,20
3338,2,winter_rapeseed,1,PK,0.001,35
3338,2,winter_rapeseed,2,KAS,0.4,24
3338,2,winter_rapeseed,3,KAS,0.8,20
3340,2,winter_rapeseed,1,PK,0.001,35
3340,2,winter_rapeseed,2,KAS,0.4,24
3340,2,winter_rapeseed,3,KAS,0.8,20
3343,2,winter_rapeseed,1,PK,0.001,35
3343,2,winter_rapeseed,2,KAS,0.4,24
3343,2,winter_rapeseed,3,KAS,0.8,20
3346,2,winter_rapeseed,1,PK,0.001,35
3346,2,winter_rapeseed,2,KAS,0.4,24
3346,2,winter_rapeseed,3,KAS,0.8,20
3347,2,winter_rapeseed,1,PK,0.001,35
3347,2,winter_rapeseed,2,KAS,0.4,24
3347,2,winter_rapeseed,3,KAS,0.8,20
3351,2,winter_rapeseed,1,PK,0.001,35
3351,2,winter_rapeseed,2,KAS,0.4,24
3351,2,winter_rapeseed,3,KAS,0.8,20
3353,2,winter_rapeseed,1,PK,0.001,35
3353,2,winter_rapeseed,2,KAS,0.4,24
3353,2,winter_rapeseed,3,KAS,0.8,20
3355,2,winter_rapeseed,1,PK,0.001,35
3355,2,winter_rapeseed,2,KAS,0.4,24
3355,2,winter_rapeseed,3,KAS,0.8,20
3357,2,winter_rapeseed,1,PK,0.001,35
3357,2,winter_rapeseed,2,KAS,0.4,24
3357,2,winter_rapeseed,3,KAS,0.8,20
3360,2,winter_rapeseed,1,PK,0.001,35
3360,2,winter_rapeseed,2,KAS,0.4,24
3360,2,winter_rapeseed,3,KAS,0.8,20
3363,2,winter_rapeseed,1,PK,0.001,35
3363,2,winter_rapeseed,2,KAS,0.4,24
3363,2,winter_rapeseed,3,KAS,0.8,20
3364,2,winter_rapeseed,1,PK,0.001,35
3364,2,winter_rapeseed,2,KAS,0.4,24
3364,2,winter_rapeseed,3,KAS,0.8,20
3365,2,winter_rapeseed,1,PK,0.001,35
3365,2,winter_rapeseed,2,KAS,0.4,24
3365,2,winter_rapeseed,3,KAS,0.8,20
3367,2,winter_rapeseed,1,PK,0.001,35
3367,2,winter_rapeseed,2,KAS,0.4,24
3367,2,winter_rapeseed,3,KAS,0.8,20
3370,2,winter_rapeseed,1,PK,0.001,35
3370,2,winter_rapeseed,2,KAS,0.4,24
3370,2,winter_rapeseed,3,KAS,0.8,20
3374,2,winter_rapeseed,1,PK,0.001,35
3374,2,winter_rapeseed,2,KAS,0.4,24
3374,2,winter_rapeseed,3,KAS,0.8,20
3382,2,winter_rapeseed,1,PK,0.001,35
3382,2,winter_rapeseed,2,KAS,0.4,24
3382,2,winter_rapeseed,3,KAS,0.8,20
3386,2,winter_rapeseed,1,PK,0.001,35
3386,2,winter_rapeseed,2,KAS,0.4,24
3386,2,winter_rapeseed,3,KAS,0.8,20
3387,2,winter_rapeseed,1,PK,0.001,35
3387,2,winter_rapeseed,2,KAS,0.4,24
3387,2,winter_rapeseed,3,KAS,0.8,20
3388,2,winter_rapeseed,1,PK,0.001,35
3388,2,winter_rapeseed,2,KAS,0.4,24
3388,2,winter_rapeseed,3,KAS,0.8,20
3400,2,winter_rapeseed,1,PK,0.001,35
3400,2,winter_rapeseed,2,KAS,0.4,24
3400,2,winter_rapeseed,3,KAS,0.8,20
3402,2,winter_rapeseed,1,PK,0.001,35
3402,2,winter_rapeseed,2,KAS,0.4,24
3402,2,winter_rapeseed,3,KAS,0.8,20
3404,2,winter_rapeseed,1,PK,0.001,35
3404,2,winter_rapeseed,2,KAS,0.4,24
3404,2,winter_rapeseed,3,KAS,0.8,20
3406,2,winter_rapeseed,1,PK,0.001,35
3406,2,winter_rapeseed,2,KAS,0.4,24
3406,2,winter_rapeseed,3,KAS,0.8,20
3407,2,winter_rapeseed,1,PK,0.001,35
3407,2,winter_rapeseed,2,KAS,0.4,24
3407,2,winter_rapeseed,3,KAS,0.8,20
3410,2,winter_rapeseed,1,PK,0.001,35
3410,2,winter_rapeseed,2,KAS,0.4,24
3410,2,winter_rapeseed,3,KAS,0.8,20
3411,2,winter_rapeseed,1,PK,0.001,35
3411,2,winter_rapeseed,2,KAS,0.4,24
3411,2,winter_rapeseed,3,KAS,0.8,20
3414,2,winter_rapeseed,1,PK,0.001,35
3414,2,winter_rapeseed,2,KAS,0.4,24
3414,2,winter_rapeseed,3,KAS,0.8,20
3415,2,winter_rapeseed,1,PK,0.001,35
3415,2,winter_rapeseed,2,KAS,0.4,24
3415,2,winter_rapeseed,3,KAS,0.8,20
3416,2,winter_rapeseed,1,PK,0.001,35
3416,2,winter_rapeseed,2,KAS,0.4,24
3416,2,winter_rapeseed,3,KAS,0.8,20
3418,2,winter_rapeseed,1,PK,0.001,35
3418,2,winter_rapeseed,2,KAS,0.4,24
3418,2,winter_rapeseed,3,KAS,0.8,20
3419,2,winter_rapeseed,1,PK,0.001,35
3419,2,winter_rapeseed,2,KAS,0.4,24
3419,2,winter_rapeseed,3,KAS,0.8,20
3425,2,winter_rapeseed,1,PK,0.001,35
3425,2,winter_rapeseed,2,KAS,0.4,24
3425,2,winter_rapeseed,3,KAS,0.8,20
3428,2,winter_rapeseed,1,PK,0.001,35
3428,2,winter_rapeseed,2,KAS,0.4,24
3428,2,winter_rapeseed,3,KAS,0.8,20
3433,2,winter_rapeseed,1,PK,0.001,35
3433,2,winter_rapeseed,2,KAS,0.4,24
3433,2,winter_rapeseed,3,KAS,0.8,20
3435,2,winter_rapeseed,1,PK,0.001,35
3435,2,winter_rapeseed,2,KAS,0.4,24
3435,2,winter_rapeseed,3,KAS,0.8,20
3438,2,winter_rapeseed,1,PK,0.001,35
3438,2,winter_rapeseed,2,KAS,0.4,24
3438,2,winter_rapeseed,3,KAS,0.8,20
3439,2,winter_rapeseed,1,PK,0.001,35
3439,2,winter_rapeseed,2,KAS,0.4,24
3439,2,winter_rapeseed,3,KAS,0.8,20
3440,2,winter_rapeseed,1,PK,0.001,35
3440,2,winter_rapeseed,2,KAS,0.4,24
3440,2,winter_rapeseed,3,KAS,0.8,20
3448,2,winter_rapeseed,1,PK,0.001,35
3448,2,winter_rapeseed,2,KAS,0.4,24
3448,2,winter_rapeseed,3,KAS,0.8,20
3455,2,winter_rapeseed,1,PK,0.001,35
3455,2,winter_rapeseed,2,KAS,0.4,24
3455,2,winter_rapeseed,3,KAS,0.8,20
3459,2,winter_rapeseed,1,PK,0.001,35
3459,2,winter_rapeseed,2,KAS,0.4,24
3459,2,winter_rapeseed,3,KAS,0.8,20
3462,2,winter_rapeseed,1,PK,0.001,35
3462,2,winter_rapeseed,2,KAS,0.4,24
3462,2,winter_rapeseed,3,KAS,0.8,20
3463,2,winter_rapeseed,1,PK,0.001,35
3463,2,winter_rapeseed,2,KAS,0.4,24
3463,2,winter_rapeseed,3,KAS,0.8,20
3465,2,winter_rapeseed,1,PK,0.001,35
3465,2,winter_rapeseed,2,KAS,0.4,24
3465,2,winter_rapeseed,3,KAS,0.8,20
3468,2,winter_rapeseed,1,PK,0.001,35
3468,2,winter_rapeseed,2,KAS,0.4,24
3468,2,winter_rapeseed,3,KAS,0.8,20
3469,2,winter_rapeseed,1,PK,0.001,35
3469,2,winter_rapeseed,2,KAS,0.4,24
3469,2,winter_rapeseed,3,KAS,0.8,20
3470,2,winter_rapeseed,1,PK,0.001,35
3470,2,winter_rapeseed,2,KAS,0.4,24
3470,2,winter_rapeseed,3,KAS,0.8,20
3471,2,winter_rapeseed,1,PK,0.001,35
3471,2,winter_rapeseed,2,KAS,0.4,24
3471,2,winter_rapeseed,3,KAS,0.8,20
3472,2,winter_rapeseed,1,PK,0.001,35
3472,2,winter_rapeseed,2,KAS,0.4,24
3472,2,winter_rapeseed,3,KAS,0.8,20
3473,2,winter_rapeseed,1,PK,0.001,35
3473,2,winter_rapeseed,2,KAS,0.4,24
3473,2,winter_rapeseed,3,KAS,0.8,20
3474,2,winter_rapeseed,1,PK,0.001,35
3474,2,winter_rapeseed,2,KAS,0.4,24
3474,2,winter_rapeseed,3,KAS,0.8,20
3475,2,winter_rapeseed,1,PK,0.001,35
3475,2,winter_rapeseed,2,KAS,0.4,24
3475,2,winter_rapeseed,3,KAS,0.8,20
3476,2,winter_rapeseed,1,PK,0.001,35
3476,2,winter_rapeseed,2,KAS,0.4,24
3476,2,winter_rapeseed,3,KAS,0.8,20
3478,2,winter_rapeseed,1,PK,0.001,35
3478,2,winter_rapeseed,2,KAS,0.4,24
3478,2,winter_rapeseed,3,KAS,0.8,20
3479,2,winter_rapeseed,1,PK,0.001,35
3479,2,winter_rapeseed,2,KAS,0.4,24
3479,2,winter_rapeseed,3,KAS,0.8,20
3482,2,winter_rapeseed,1,PK,0.001,35
3482,2,winter_rapeseed,2,KAS,0.4,24
3482,2,winter_rapeseed,3,KAS,0.8,20
3483,2,winter_rapeseed,1,PK,0.001,35
3483,2,winter_rapeseed,2,KAS,0.4,24
3483,2,winter_rapeseed,3,KAS,0.8,20
3486,2,winter_rapeseed,1,PK,0.001,35
3486,2,winter_rapeseed,2,KAS,0.4,24
3486,2,winter_rapeseed,3,KAS,0.8,20
3487,2,winter_rapeseed,1,PK,0.001,35
3487,2,winter_rapeseed,2,KAS,0.4,24
3487,2,winter_rapeseed,3,KAS,0.8,20
3489,2,winter_rapeseed,1,PK,0.001,35
3489,2,winter_rapeseed,2,KAS,0.4,24
3489,2,winter_rapeseed,3,KAS,0.8,20
3492,2,winter_rapeseed,1,PK,0.001,35
3492,2,winter_rapeseed,2,KAS,0.4,24
3492,2,winter_rapeseed,3,KAS,0.8,20
3494,2,winter_rapeseed,1,PK,0.001,35
3494,2,winter_rapeseed,2,KAS,0.4,24
3494,2,winter_rapeseed,3,KAS,0.8,20
3496,2,winter_rapeseed,1,PK,0.001,35
3496,2,winter_rapeseed,2,KAS,0.4,24
3496,2,winter_rapeseed,3,KAS,0.8,20
3498,2,winter_rapeseed,1,PK,0.001,35
3498,2,winter_rapeseed,2,KAS,0.4,24
3498,2,winter_rapeseed,3,KAS,0.8,20
3499,2,winter_rapeseed,1,PK,0.001,35
3499,2,winter_rapeseed,2,KAS,0.4,24
3499,2,winter_rapeseed,3,KAS,0.8,20
3500,2,winter_rapeseed,1,PK,0.001,35
3500,2,winter_rapeseed,2,KAS,0.4,24
3500,2,winter_rapeseed,3,KAS,0.8,20
3502,2,winter_rapeseed,1,PK,0.001,35
3502,2,winter_rapeseed,2,KAS,0.4,24
3502,2,winter_rapeseed,3,KAS,0.8,20
3503,2,winter_rapeseed,1,PK,0.001,35
3503,2,winter_rapeseed,2,KAS,0.4,24
3503,2,winter_rapeseed,3,KAS,0.8,20
3504,2,winter_rapeseed,1,PK,0.001,35
3504,2,winter_rapeseed,2,KAS,0.4,24
3504,2,winter_rapeseed,3,KAS,0.8,20
3507,2,winter_rapeseed,1,PK,0.001,35
3507,2,winter_rapeseed,2,KAS,0.4,24
3507,2,winter_rapeseed,3,KAS,0.8,20
3511,2,winter_rapeseed,1,PK,0.001,35
3511,2,winter_rapeseed,2,KAS,0.4,24
3511,2,winter_rapeseed,3,KAS,0.8,20
3512,2,winter_rapeseed,1,PK,0.001,35
3512,2,winter_rapeseed,2,KAS,0.4,24
3512,2,winter_rapeseed,3,KAS,0.8,20
3514,2,winter_rapeseed,1,PK,0.001,35
3514,2,winter_rapeseed,2,KAS,0.4,24
3514,2,winter_rapeseed,3,KAS,0.8,20
3518,2,winter_rapeseed,1,PK,0.001,35
3518,2,winter_rapeseed,2,KAS,0.4,24
3518,2,winter_rapeseed,3,KAS,0.8,20
3520,2,winter_rapeseed,1,PK,0.001,35
3520,2,winter_rapeseed,2,KAS,0.4,24
3520,2,winter_rapeseed,3,KAS,0.8,20
3525,2,winter_rapeseed,1,PK,0.001,35
3525,2,winter_rapeseed,2,KAS,0.4,24
3525,2,winter_rapeseed,3,KAS,0.8,20
3526,2,winter_rapeseed,1,PK,0.001,35
3526,2,winter_rapeseed,2,KAS,0.4,24
3526,2,winter_rapeseed,3,KAS,0.8,20
3529,2,winter_rapeseed,1,PK,0.001,35
3529,2,winter_rapeseed,2,KAS,0.4,24
3529,2,winter_rapeseed,3,KAS,0.8,20
3531,2,winter_rapeseed,1,PK,0.001,35
3531,2,winter_rapeseed,2,KAS,0.4,24
3531,2,winter_rapeseed,3,KAS,0.8,20
3532,2,winter_rapeseed,1,PK,0.001,35
3532,2,winter_rapeseed,2,KAS,0.4,24
3532,2,winter_rapeseed,3,KAS,0.8,20
3537,2,winter_rapeseed,1,PK,0.001,35
3537,2,winter_rapeseed,2,KAS,0.4,24
3537,2,winter_rapeseed,3,KAS,0.8,20
3538,2,winter_rapeseed,1,PK,0.001,35
3538,2,winter_rapeseed,2,KAS,0.4,24
3538,2,winter_rapeseed,3,KAS,0.8,20
3539,2,winter_rapeseed,1,PK,0.001,35
3539,2,winter_rapeseed,2,KAS,0.4,24
3539,2,winter_rapeseed,3,KAS,0.8,20
3542,2,winter_rapeseed,1,PK,0.001,35
3542,2,winter_rapeseed,2,KAS,0.4,24
3542,2,winter_rapeseed,3,KAS,0.8,20
3544,2,winter_rapeseed,1,PK,0.001,35
3544,2,winter_rapeseed,2,KAS,0.4,24
3544,2,winter_rapeseed,3,KAS,0.8,20
3545,2,winter_rapeseed,1,PK,0.001,35
3545,2,winter_rapeseed,2,KAS,0.4,24
3545,2,winter_rapeseed,3,KAS,0.8,20
3546,2,winter_rapeseed,1,PK,0.001,35
3546,2,winter_rapeseed,2,KAS,0.4,24
3546,2,winter_rapeseed,3,KAS,0.8,20
3549,2,winter_rapeseed,1,PK,0.001,35
3549,2,winter_rapeseed,2,KAS,0.4,24
3549,2,winter_rapeseed,3,KAS,0.8,20
3551,2,winter_rapeseed,1,PK,0.001,35
3551,2,winter_rapeseed,2,KAS,0.4,24
3551,2,winter_rapeseed,3,KAS,0.8,20
3552,2,winter_rapeseed,1,PK,0.001,35
3552,2,winter_rapeseed,2,KAS,0.4,24
3552,2,winter_rapeseed,3,KAS,0.8,20
3553,2,winter_rapeseed,1,PK,0.001,35
3553,2,winter_rapeseed,2,KAS,0.4,24
3553,2,winter_rapeseed,3,KAS,0.8,20
3559,2,winter_rapeseed,1,PK,0.001,35
3559,2,winter_rapeseed,2,KAS,0.4,24
3559,2,winter_rapeseed,3,KAS,0.8,20
3562,2,winter_rapeseed,1,PK,0.001,35
3562,2,winter_rapeseed,2,KAS,0.4,24
3562,2,winter_rapeseed,3,KAS,0.8,20
3563,2,winter_rapeseed,1,PK,0.001,35
3563,2,winter_rapeseed,2,KAS,0.4,24
3563,2,winter_rapeseed,3,KAS,0.8,20
3564,2,winter_rapeseed,1,PK,0.001,35
3564,2,winter_rapeseed,2,KAS,0.4,24
3564,2,winter_rapeseed,3,KAS,0.8,20
3565,2,winter_rapeseed,1,PK,0.001,35
3565,2,winter_rapeseed,2,KAS,0.4,24
3565,2,winter_rapeseed,3,KAS,0.8,20
3570,2,winter_rapeseed,1,PK,0.001,35
3570,2,winter_rapeseed,2,KAS,0.4,24
3570,2,winter_rapeseed,3,KAS,0.8,20
3574,2,winter_rapeseed,1,PK,0.001,35
3574,2,winter_rapeseed,2,KAS,0.4,24
3574,2,winter_rapeseed,3,KAS,0.8,20
3575,2,winter_rapeseed,1,PK,0.001,35
3575,2,winter_rapeseed,2,KAS,0.4,24
3575,2,winter_rapeseed,3,KAS,0.8,20
3579,2,winter_rapeseed,1,PK,0.001,35
3579,2,winter_rapeseed,2,KAS,0.4,24
3579,2,winter_rapeseed,3,KAS,0.8,20
3580,2,winter_rapeseed,1,PK,0.001,35
3580,2,winter_rapeseed,2,KAS,0.4,24
3580,2,winter_rapeseed,3,KAS,0.8,20
3581,2,winter_rapeseed,1,PK,0.001,35
3581,2,winter_rapeseed,2,KAS,0.4,24
3581,2,winter_rapeseed,3,KAS,0.8,20
3586,2,winter_rapeseed,1,PK,0.001,35
3586,2,winter_rapeseed,2,KAS,0.4,24
3586,2,winter_rapeseed,3,KAS,0.8,20
3588,2,winter_rapeseed,1,PK,0.001,35
3588,2,winter_rapeseed,2,KAS,0.4,24
3588,2,winter_rapeseed,3,KAS,0.8,20
3589,2,winter_rapeseed,1,PK,0.001,35
3589,2,winter_rapeseed,2,KAS,0.4,24
3589,2,winter_rapeseed,3,KAS,0.8,20
3591,2,winter_rapeseed,1,PK,0.001,35
3591,2,winter_rapeseed,2,KAS,0.4,24
3591,2,winter_rapeseed,3,KAS,0.8,20
3593,2,winter_rapeseed,1,PK,0.001,35
3593,2,winter_rapeseed,2,KAS,0.4,24
3593,2,winter_rapeseed,3,KAS,0.8,20
3594,2,winter_rapeseed,1,PK,0.001,35
3594,2,winter_rapeseed,2,KAS,0.4,24
3594,2,winter_rapeseed,3,KAS,0.8,20
3596,2,winter_rapeseed,1,PK,0.001,35
3596,2,winter_rapeseed,2,KAS,0.4,24
3596,2,winter_rapeseed,3,KAS,0.8,20
3599,2,winter_rapeseed,1,PK,0.001,35
3599,2,winter_rapeseed,2,KAS,0.4,24
3599,2,winter_rapeseed,3,KAS,0.8,20
3602,2,winter_rapeseed,1,PK,0.001,35
3602,2,winter_rapeseed,2,KAS,0.4,24
3602,2,winter_rapeseed,3,KAS,0.8,20
3606,2,winter_rapeseed,1,PK,0.001,35
3606,2,winter_rapeseed,2,KAS,0.4,24
3606,2,winter_rapeseed,3,KAS,0.8,20
3607,2,winter_rapeseed,1,PK,0.001,35
3607,2,winter_rapeseed,2,KAS,0.4,24
3607,2,winter_rapeseed,3,KAS,0.8,20
3609,2,winter_rapeseed,1,PK,0.001,35
3609,2,winter_rapeseed,2,KAS,0.4,24
3609,2,winter_rapeseed,3,KAS,0.8,20
3610,2,winter_rapeseed,1,PK,0.001,35
3610,2,winter_rapeseed,2,KAS,0.4,24
3610,2,winter_rapeseed,3,KAS,0.8,20
3612,2,winter_rapeseed,1,PK,0.001,35
3612,2,winter_rapeseed,2,KAS,0.4,24
3612,2,winter_rapeseed,3,KAS,0.8,20
3615,2,winter_rapeseed,1,PK,0.001,35
3615,2,winter_rapeseed,2,KAS,0.4,24
3615,2,winter_rapeseed,3,KAS,0.8,20
3617,2,winter_rapeseed,1,PK,0.001,35
3617,2,winter_rapeseed,2,KAS,0.4,24
3617,2,winter_rapeseed,3,KAS,0.8,20
3622,2,winter_rapeseed,1,PK,0.001,35
3622,2,winter_rapeseed,2,KAS,0.4,24
3622,2,winter_rapeseed,3,KAS,0.8,20
3624,2,winter_rapeseed,1,PK,0.001,35
3624,2,winter_rapeseed,2,KAS,0.4,24
3624,2,winter_rapeseed,3,KAS,0.8,20
3625,2,winter_rapeseed,1,PK,0.001,35
3625,2,winter_rapeseed,2,KAS,0.4,24
3625,2,winter_rapeseed,3,KAS,0.8,20
3627,2,winter_rapeseed,1,PK,0.001,35
3627,2,winter_rapeseed,2,KAS,0.4,24
3627,2,winter_rapeseed,3,KAS,0.8,20
3632,2,winter_rapeseed,1,PK,0.001,35
3632,2,winter_rapeseed,2,KAS,0.4,24
3632,2,winter_rapeseed,3,KAS,0.8,20
3634,2,winter_rapeseed,1,PK,0.001,35
3634,2,winter_rapeseed,2,KAS,0.4,24
3634,2,winter_rapeseed,3,KAS,0.8,20
3635,2,winter_rapeseed,1,PK,0.001,35
3635,2,winter_rapeseed,2,KAS,0.4,24
3635,2,winter_rapeseed,3,KAS,0.8,20
3636,2,winter_rapeseed,1,PK,0.001,35
3636,2,winter_rapeseed,2,KAS,0.4,24
3636,2,winter_rapeseed,3,KAS,0.8,20
3646,2,winter_rapeseed,1,PK,0.001,35
3646,2,winter_rapeseed,2,KAS,0.4,24
3646,2,winter_rapeseed,3,KAS,0.8,20
3647,2,winter_rapeseed,1,PK,0.001,35
3647,2,winter_rapeseed,2,KAS,0.4,24
3647,2,winter_rapeseed,3,KAS,0.8,20
3649,2,winter_rapeseed,1,PK,0.001,35
3649,2,winter_rapeseed,2,KAS,0.4,24
3649,2,winter_rapeseed,3,KAS,0.8,20
3651,2,winter_rapeseed,1,PK,0.001,35
3651,2,winter_rapeseed,2,KAS,0.4,24
3651,2,winter_rapeseed,3,KAS,0.8,20
3652,2,winter_rapeseed,1,PK,0.001,35
3652,2,winter_rapeseed,2,KAS,0.4,24
3652,2,winter_rapeseed,3,KAS,0.8,20
3654,2,winter_rapeseed,1,PK,0.001,35
3654,2,winter_rapeseed,2,KAS,0.4,24
3654,2,winter_rapeseed,3,KAS,0.8,20
3658,2,winter_rapeseed,1,PK,0.001,35
3658,2,winter_rapeseed,2,KAS,0.4,24
3658,2,winter_rapeseed,3,KAS,0.8,20
3659,2,winter_rapeseed,1,PK,0.001,35
3659,2,winter_rapeseed,2,KAS,0.4,24
3659,2,winter_rapeseed,3,KAS,0.8,20
3660,2,winter_rapeseed,1,PK,0.001,35
3660,2,winter_rapeseed,2,KAS,0.4,24
3660,2,winter_rapeseed,3,KAS,0.8,20
3663,2,winter_rapeseed,1,PK,0.001,35
3663,2,winter_rapeseed,2,KAS,0.4,24
3663,2,winter_rapeseed,3,KAS,0.8,20
3664,2,winter_rapeseed,1,PK,0.001,35
3664,2,winter_rapeseed,2,KAS,0.4,24
3664,2,winter_rapeseed,3,KAS,0.8,20
3666,2,winter_rapeseed,1,PK,0.001,35
3666,2,winter_rapeseed,2,KAS,0.4,24
3666,2,winter_rapeseed,3,KAS,0.8,20
3671,2,winter_rapeseed,1,PK,0.001,35
3671,2,winter_rapeseed,2,KAS,0.4,24
3671,2,winter_rapeseed,3,KAS,0.8,20
3673,2,winter_rapeseed,1,PK,0.001,35
3673,2,winter_rapeseed,2,KAS,0.4,24
3673,2,winter_rapeseed,3,KAS,0.8,20
3676,2,winter_rapeseed,1,PK,0.001,35
3676,2,winter_rapeseed,2,KAS,0.4,24
3676,2,winter_rapeseed,3,KAS,0.8,20
3685,2,winter_rapeseed,1,PK,0.001,35
3685,2,winter_rapeseed,2,KAS,0.4,24
3685,2,winter_rapeseed,3,KAS,0.8,20
3686,2,winter_rapeseed,1,PK,0.001,35
3686,2,winter_rapeseed,2,KAS,0.4,24
3686,2,winter_rapeseed,3,KAS,0.8,20
3688,2,winter_rapeseed,1,PK,0.001,35
3688,2,winter_rapeseed,2,KAS,0.4,24
3688,2,winter_rapeseed,3,KAS,0.8,20
3689,2,winter_rapeseed,1,PK,0.001,35
3689,2,winter_rapeseed,2,KAS,0.4,24
3689,2,winter_rapeseed,3,KAS,0.8,20
3691,2,winter_rapeseed,1,PK,0.001,35
3691,2,winter_rapeseed,2,KAS,0.4,24
3691,2,winter_rapeseed,3,KAS,0.8,20
3696,2,winter_rapeseed,1,PK,0.001,35
3696,2,winter_rapeseed,2,KAS,0.4,24
3696,2,winter_rapeseed,3,KAS,0.8,20
3697,2,winter_rapeseed,1,PK,0.001,35
3697,2,winter_rapeseed,2,KAS,0.4,24
3697,2,winter_rapeseed,3,KAS,0.8,20
3698,2,winter_rapeseed,1,PK,0.001,35
3698,2,winter_rapeseed,2,KAS,0.4,24
3698,2,winter_rapeseed,3,KAS,0.8,20
3699,2,winter_rapeseed,1,PK,0.001,35
3699,2,winter_rapeseed,2,KAS,0.4,24
3699,2,winter_rapeseed,3,KAS,0.8,20
3700,2,winter_rapeseed,1,PK,0.001,35
3700,2,winter_rapeseed,2,KAS,0.4,24
3700,2,winter_rapeseed,3,KAS,0.8,20
3702,2,winter_rapeseed,1,PK,0.001,35
3702,2,winter_rapeseed,2,KAS,0.4,24
3702,2,winter_rapeseed,3,KAS,0.8,20
3704,2,winter_rapeseed,1,PK,0.001,35
3704,2,winter_rapeseed,2,KAS,0.4,24
3704,2,winter_rapeseed,3,KAS,0.8,20
3705,2,winter_rapeseed,1,PK,0.001,35
3705,2,winter_rapeseed,2,KAS,0.4,24
3705,2,winter_rapeseed,3,KAS,0.8,20
3706,2,winter_rapeseed,1,PK,0.001,35
3706,2,winter_rapeseed,2,KAS,0.4,24
3706,2,winter_rapeseed,3,KAS,0.8,20
3707,2,winter_rapeseed,1,PK,0.001,35
3707,2,winter_rapeseed,2,KAS,0.4,24
3707,2,winter_rapeseed,3,KAS,0.8,20
3708,2,winter_rapeseed,1,PK,0.001,35
3708,2,winter_rapeseed,2,KAS,0.4,24
3708,2,winter_rapeseed,3,KAS,0.8,20
3709,2,winter_rapeseed,1,PK,0.001,35
3709,2,winter_rapeseed,2,KAS,0.4,24
3709,2,winter_rapeseed,3,KAS,0.8,20
3710,2,winter_rapeseed,1,PK,0.001,35
3710,2,winter_rapeseed,2,KAS,0.4,24
3710,2,winter_rapeseed,3,KAS,0.8,20
3711,2,winter_rapeseed,1,PK,0.001,35
3711,2,winter_rapeseed,2,KAS,0.4,24
3711,2,winter_rapeseed,3,KAS,0.8,20
3712,2,winter_rapeseed,1,PK,0.001,35
3712,2,winter_rapeseed,2,KAS,0.4,24
3712,2,winter_rapeseed,3,KAS,0.8,20
3714,2,winter_rapeseed,1,PK,0.001,35
3714,2,winter_rapeseed,2,KAS,0.4,24
3714,2,winter_rapeseed,3,KAS,0.8,20
3718,2,winter_rapeseed,1,PK,0.001,35
3718,2,winter_rapeseed,2,KAS,0.4,24
3718,2,winter_rapeseed,3,KAS,0.8,20
3722,2,winter_rapeseed,1,PK,0.001,35
3722,2,winter_rapeseed,2,KAS,0.4,24
3722,2,winter_rapeseed,3,KAS,0.8,20
3723,2,winter_rapeseed,1,PK,0.001,35
3723,2,winter_rapeseed,2,KAS,0.4,24
3723,2,winter_rapeseed,3,KAS,0.8,20
3724,2,winter_rapeseed,1,PK,0.001,35
3724,2,winter_rapeseed,2,KAS,0.4,24
3724,2,winter_rapeseed,3,KAS,0.8,20
3726,2,winter_rapeseed,1,PK,0.001,35
3726,2,winter_rapeseed,2,KAS,0.4,24
3726,2,winter_rapeseed,3,KAS,0.8,20
3727,2,winter_rapeseed,1,PK,0.001,35
3727,2,winter_rapeseed,2,KAS,0.4,24
3727,2,winter_rapeseed,3,KAS,0.8,20
3728,2,winter_rapeseed,1,PK,0.001,35
3728,2,winter_rapeseed,2,KAS,0.4,24
3728,2,winter_rapeseed,3,KAS,0.8,20
3729,2,winter_rapeseed,1,PK,0.001,35
3729,2,winter_rapeseed,2,KAS,0.4,24
3729,2,winter_rapeseed,3,KAS,0.8,20
3737,2,winter_rapeseed,1,PK,0.001,35
3737,2,winter_rapeseed,2,KAS,0.4,24
3737,2,winter_rapeseed,3,KAS,0.8,20
3739,2,winter_rapeseed,1,PK,0.001,35
3739,2,winter_rapeseed,2,KAS,0.4,24
3739,2,winter_rapeseed,3,KAS,0.8,20
3748,2,winter_rapeseed,1,PK,0.001,35
3748,2,winter_rapeseed,2,KAS,0.4,24
3748,2,winter_rapeseed,3,KAS,0.8,20
3751,2,winter_rapeseed,1,PK,0.001,35
3751,2,winter_rapeseed,2,KAS,0.4,24
3751,2,winter_rapeseed,3,KAS,0.8,20
3752,2,winter_rapeseed,1,PK,0.001,35
3752,2,winter_rapeseed,2,KAS,0.4,24
3752,2,winter_rapeseed,3,KAS,0.8,20
3753,2,winter_rapeseed,1,PK,0.001,35
3753,2,winter_rapeseed,2,KAS,0.4,24
3753,2,winter_rapeseed,3,KAS,0.8,20
3754,2,winter_rapeseed,1,PK,0.001,35
3754,2,winter_rapeseed,2,KAS,0.4,24
3754,2,winter_rapeseed,3,KAS,0.8,20
3756,2,winter_rapeseed,1,PK,0.001,35
3756,2,winter_rapeseed,2,KAS,0.4,24
3756,2,winter_rapeseed,3,KAS,0.8,20
3760,2,winter_rapeseed,1,PK,0.001,35
3760,2,winter_rapeseed,2,KAS,0.4,24
3760,2,winter_rapeseed,3,KAS,0.8,20
3761,2,winter_rapeseed,1,PK,0.001,35
3761,2,winter_rapeseed,2,KAS,0.4,24
3761,2,winter_rapeseed,3,KAS,0.8,20
3763,2,winter_rapeseed,1,PK,0.001,35
3763,2,winter_rapeseed,2,KAS,0.4,24
3763,2,winter_rapeseed,3,KAS,0.8,20
3766,2,winter_rapeseed,1,PK,0.001,35
3766,2,winter_rapeseed,2,KAS,0.4,24
3766,2,winter_rapeseed,3,KAS,0.8,20
3767,2,winter_rapeseed,1,PK,0.001,35
3767,2,winter_rapeseed,2,KAS,0.4,24
3767,2,winter_rapeseed,3,KAS,0.8,20
3771,2,winter_rapeseed,1,PK,0.001,35
3771,2,winter_rapeseed,2,KAS,0.4,24
3771,2,winter_rapeseed,3,KAS,0.8,20
3773,2,winter_rapeseed,1,PK,0.001,35
3773,2,winter_rapeseed,2,KAS,0.4,24
3773,2,winter_rapeseed,3,KAS,0.8,20
3774,2,winter_rapeseed,1,PK,0.001,35
3774,2,winter_rapeseed,2,KAS,0.4,24
3774,2,winter_rapeseed,3,KAS,0.8,20
3776,2,winter_rapeseed,1,PK,0.001,35
3776,2,winter_rapeseed,2,KAS,0.4,24
3776,2,winter_rapeseed,3,KAS,0.8,20
3784,2,winter_rapeseed,1,PK,0.001,35
3784,2,winter_rapeseed,2,KAS,0.4,24
3784,2,winter_rapeseed,3,KAS,0.8,20
3785,2,winter_rapeseed,1,PK,0.001,35
3785,2,winter_rapeseed,2,KAS,0.4,24
3785,2,winter_rapeseed,3,KAS,0.8,20
3790,2,winter_rapeseed,1,PK,0.001,35
3790,2,winter_rapeseed,2,KAS,0.4,24
3790,2,winter_rapeseed,3,KAS,0.8,20
3792,2,winter_rapeseed,1,PK,0.001,35
3792,2,winter_rapeseed,2,KAS,0.4,24
3792,2,winter_rapeseed,3,KAS,0.8,20
3793,2,winter_rapeseed,1,PK,0.001,35
3793,2,winter_rapeseed,2,KAS,0.4,24
3793,2,winter_rapeseed,3,KAS,0.8,20
3795,2,winter_rapeseed,1,PK,0.001,35
3795,2,winter_rapeseed,2,KAS,0.4,24
3795,2,winter_rapeseed,3,KAS,0.8,20
3801,2,winter_rapeseed,1,PK,0.001,35
3801,2,winter_rapeseed,2,KAS,0.4,24
3801,2,winter_rapeseed,3,KAS,0.8,20
3805,2,winter_rapeseed,1,PK,0.001,35
3805,2,winter_rapeseed,2,KAS,0.4,24
3805,2,winter_rapeseed,3,KAS,0.8,20
3806,2,winter_rapeseed,1,PK,0.001,35
3806,2,winter_rapeseed,2,KAS,0.4,24
3806,2,winter_rapeseed,3,KAS,0.8,20
3808,2,winter_rapeseed,1,PK,0.001,35
3808,2,winter_rapeseed,2,KAS,0.4,24
3808,2,winter_rapeseed,3,KAS,0.8,20
3809,2,winter_rapeseed,1,PK,0.001,35
3809,2,winter_rapeseed,2,KAS,0.4,24
3809,2,winter_rapeseed,3,KAS,0.8,20
3810,2,winter_rapeseed,1,PK,0.001,35
3810,2,winter_rapeseed,2,KAS,0.4,24
3810,2,winter_rapeseed,3,KAS,0.8,20
3811,2,winter_rapeseed,1,PK,0.001,35
3811,2,winter_rapeseed,2,KAS,0.4,24
3811,2,winter_rapeseed,3,KAS,0.8,20
3812,2,winter_rapeseed,1,PK,0.001,35
3812,2,winter_rapeseed,2,KAS,0.4,24
3812,2,winter_rapeseed,3,KAS,0.8,20
3813,2,winter_rapeseed,1,PK,0.001,35
3813,2,winter_rapeseed,2,KAS,0.4,24
3813,2,winter_rapeseed,3,KAS,0.8,20
3816,2,winter_rapeseed,1,PK,0.001,35
3816,2,winter_rapeseed,2,KAS,0.4,24
3816,2,winter_rapeseed,3,KAS,0.8,20
3819,2,winter_rapeseed,1,PK,0.001,35
3819,2,winter_rapeseed,2,KAS,0.4,24
3819,2,winter_rapeseed,3,KAS,0.8,20
3820,2,winter_rapeseed,1,PK,0.001,35
3820,2,winter_rapeseed,2,KAS,0.4,24
3820,2,winter_rapeseed,3,KAS,0.8,20
3822,2,winter_rapeseed,1,PK,0.001,35
3822,2,winter_rapeseed,2,KAS,0.4,24
3822,2,winter_rapeseed,3,KAS,0.8,20
3826,2,winter_rapeseed,1,PK,0.001,35
3826,2,winter_rapeseed,2,KAS,0.4,24
3826,2,winter_rapeseed,3,KAS,0.8,20
3828,2,winter_rapeseed,1,PK,0.001,35
3828,2,winter_rapeseed,2,KAS,0.4,24
3828,2,winter_rapeseed,3,KAS,0.8,20
3831,2,winter_rapeseed,1,PK,0.001,35
3831,2,winter_rapeseed,2,KAS,0.4,24
3831,2,winter_rapeseed,3,KAS,0.8,20
3832,2,winter_rapeseed,1,PK,0.001,35
3832,2,winter_rapeseed,2,KAS,0.4,24
3832,2,winter_rapeseed,3,KAS,0.8,20
3834,2,winter_rapeseed,1,PK,0.001,35
3834,2,winter_rapeseed,2,KAS,0.4,24
3834,2,winter_rapeseed,3,KAS,0.8,20
3835,2,winter_rapeseed,1,PK,0.001,35
3835,2,winter_rapeseed,2,KAS,0.4,24
3835,2,winter_rapeseed,3,KAS,0.8,20
3836,2,winter_rapeseed,1,PK,0.001,35
3836,2,winter_rapeseed,2,KAS,0.4,24
3836,2,winter_rapeseed,3,KAS,0.8,20
3840,2,winter_rapeseed,1,PK,0.001,35
3840,2,winter_rapeseed,2,KAS,0.4,24
3840,2,winter_rapeseed,3,KAS,0.8,20
3842,2,winter_rapeseed,1,PK,0.001,35
3842,2,winter_rapeseed,2,KAS,0.4,24
3842,2,winter_rapeseed,3,KAS,0.8,20
3843,2,winter_rapeseed,1,PK,0.001,35
3843,2,winter_rapeseed,2,KAS,0.4,24
3843,2,winter_rapeseed,3,KAS,0.8,20
3845,2,winter_rapeseed,1,PK,0.001,35
3845,2,winter_rapeseed,2,KAS,0.4,24
3845,2,winter_rapeseed,3,KAS,0.8,20
3848,2,winter_rapeseed,1,PK,0.001,35
3848,2,winter_rapeseed,2,KAS,0.4,24
3848,2,winter_rapeseed,3,KAS,0.8,20
3854,2,winter_rapeseed,1,PK,0.001,35
3854,2,winter_rapeseed,2,KAS,0.4,24
3854,2,winter_rapeseed,3,KAS,0.8,20
3855,2,winter_rapeseed,1,PK,0.001,35
3855,2,winter_rapeseed,2,KAS,0.4,24
3855,2,winter_rapeseed,3,KAS,0.8,20
3860,2,winter_rapeseed,1,PK,0.001,35
3860,2,winter_rapeseed,2,KAS,0.4,24
3860,2,winter_rapeseed,3,KAS,0.8,20
3861,2,winter_rapeseed,1,PK,0.001,35
3861,2,winter_rapeseed,2,KAS,0.4,24
3861,2,winter_rapeseed,3,KAS,0.8,20
3863,2,winter_rapeseed,1,PK,0.001,35
3863,2,winter_rapeseed,2,KAS,0.4,24
3863,2,winter_rapeseed,3,KAS,0.8,20
3864,2,winter_rapeseed,1,PK,0.001,35
3864,2,winter_rapeseed,2,KAS,0.4,24
3864,2,winter_rapeseed,3,KAS,0.8,20
3865,2,winter_rapeseed,1,PK,0.001,35
3865,2,winter_rapeseed,2,KAS,0.4,24
3865,2,winter_rapeseed,3,KAS,0.8,20
3866,2,winter_rapeseed,1,PK,0.001,35
3866,2,winter_rapeseed,2,KAS,0.4,24
3866,2,winter_rapeseed,3,KAS,0.8,20
3869,2,winter_rapeseed,1,PK,0.001,35
3869,2,winter_rapeseed,2,KAS,0.4,24
3869,2,winter_rapeseed,3,KAS,0.8,20
3870,2,winter_rapeseed,1,PK,0.001,35
3870,2,winter_rapeseed,2,KAS,0.4,24
3870,2,winter_rapeseed,3,KAS,0.8,20
3873,2,winter_rapeseed,1,PK,0.001,35
3873,2,winter_rapeseed,2,KAS,0.4,24
3873,2,winter_rapeseed,3,KAS,0.8,20
3874,2,winter_rapeseed,1,PK,0.001,35
3874,2,winter_rapeseed,2,KAS,0.4,24
3874,2,winter_rapeseed,3,KAS,0.8,20
3876,2,winter_rapeseed,1,PK,0.001,35
3876,2,winter_rapeseed,2,KAS,0.4,24
3876,2,winter_rapeseed,3,KAS,0.8,20
3880,2,winter_rapeseed,1,PK,0.001,35
3880,2,winter_rapeseed,2,KAS,0.4,24
3880,2,winter_rapeseed,3,KAS,0.8,20
3885,2,winter_rapeseed,1,PK,0.001,35
3885,2,winter_rapeseed,2,KAS,0.4,24
3885,2,winter_rapeseed,3,KAS,0.8,20
3892,2,winter_rapeseed,1,PK,0.001,35
3892,2,winter_rapeseed,2,KAS,0.4,24
3892,2,winter_rapeseed,3,KAS,0.8,20
3893,2,winter_rapeseed,1,PK,0.001,35
3893,2,winter_rapeseed,2,KAS,0.4,24
3893,2,winter_rapeseed,3,KAS,0.8,20
3896,2,winter_rapeseed,1,PK,0.001,35
3896,2,winter_rapeseed,2,KAS,0.4,24
3896,2,winter_rapeseed,3,KAS,0.8,20
3898,2,winter_rapeseed,1,PK,0.001,35
3898,2,winter_rapeseed,2,KAS,0.4,24
3898,2,winter_rapeseed,3,KAS,0.8,20
3899,2,winter_rapeseed,1,PK,0.001,35
3899,2,winter_rapeseed,2,KAS,0.4,24
3899,2,winter_rapeseed,3,KAS,0.8,20
3900,2,winter_rapeseed,1,PK,0.001,35
3900,2,winter_rapeseed,2,KAS,0.4,24
3900,2,winter_rapeseed,3,KAS,0.8,20
3901,2,winter_rapeseed,1,PK,0.001,35
3901,2,winter_rapeseed,2,KAS,0.4,24
3901,2,winter_rapeseed,3,KAS,0.8,20
3902,2,winter_rapeseed,1,PK,0.001,35
3902,2,winter_rapeseed,2,KAS,0.4,24
3902,2,winter_rapeseed,3,KAS,0.8,20
3905,2,winter_rapeseed,1,PK,0.001,35
3905,2,winter_rapeseed,2,KAS,0.4,24
3905,2,winter_rapeseed,3,KAS,0.8,20
3906,2,winter_rapeseed,1,PK,0.001,35
3906,2,winter_rapeseed,2,KAS,0.4,24
3906,2,winter_rapeseed,3,KAS,0.8,20
3907,2,winter_rapeseed,1,PK,0.001,35
3907,2,winter_rapeseed,2,KAS,0.4,24
3907,2,winter_rapeseed,3,KAS,0.8,20
3908,2,winter_rapeseed,1,PK,0.001,35
3908,2,winter_rapeseed,2,KAS,0.4,24
3908,2,winter_rapeseed,3,KAS,0.8,20
3909,2,winter_rapeseed,1,PK,0.001,35
3909,2,winter_rapeseed,2,KAS,0.4,24
3909,2,winter_rapeseed,3,KAS,0.8,20
3914,2,winter_rapeseed,1,PK,0.001,35
3914,2,winter_rapeseed,2,KAS,0.4,24
3914,2,winter_rapeseed,3,KAS,0.8,20
3915,2,winter_rapeseed,1,PK,0.001,35
3915,2,winter_rapeseed,2,KAS,0.4,24
3915,2,winter_rapeseed,3,KAS,0.8,20
3916,2,winter_rapeseed,1,PK,0.001,35
3916,2,winter_rapeseed,2,KAS,0.4,24
3916,2,winter_rapeseed,3,KAS,0.8,20
3918,2,winter_rapeseed,1,PK,0.001,35
3918,2,winter_rapeseed,2,KAS,0.4,24
3918,2,winter_rapeseed,3,KAS,0.8,20
3919,2,winter_rapeseed,1,PK,0.001,35
3919,2,winter_rapeseed,2,KAS,0.4,24
3919,2,winter_rapeseed,3,KAS,0.8,20
3921,2,winter_rapeseed,1,PK,0.001,35
3921,2,winter_rapeseed,2,KAS,0.4,24
3921,2,winter_rapeseed,3,KAS,0.8,20
3924,2,winter_rapeseed,1,PK,0.001,35
3924,2,winter_rapeseed,2,KAS,0.4,24
3924,2,winter_rapeseed,3,KAS,0.8,20
3925,2,winter_rapeseed,1,PK,0.001,35
3925,2,winter_rapeseed,2,KAS,0.4,24
3925,2,winter_rapeseed,3,KAS,0.8,20
3927,2,winter_rapeseed,1,PK,0.001,35
3927,2,winter_rapeseed,2,KAS,0.4,24
3927,2,winter_rapeseed,3,KAS,0.8,20
3931,2,winter_rapeseed,1,PK,0.001,35
3931,2,winter_rapeseed,2,KAS,0.4,24
3931,2,winter_rapeseed,3,KAS,0.8,20
3932,2,winter_rapeseed,1,PK,0.001,35
3932,2,winter_rapeseed,2,KAS,0.4,24
3932,2,winter_rapeseed,3,KAS,0.8,20
3933,2,winter_rapeseed,1,PK,0.001,35
3933,2,winter_rapeseed,2,KAS,0.4,24
3933,2,winter_rapeseed,3,KAS,0.8,20
3934,2,winter_rapeseed,1,PK,0.001,35
3934,2,winter_rapeseed,2,KAS,0.4,24
3934,2,winter_rapeseed,3,KAS,0.8,20
3935,2,winter_rapeseed,1,PK,0.001,35
3935,2,winter_rapeseed,2,KAS,0.4,24
3935,2,winter_rapeseed,3,KAS,0.8,20
3936,2,winter_rapeseed,1,PK,0.001,35
3936,2,winter_rapeseed,2,KAS,0.4,24
3936,2,winter_rapeseed,3,KAS,0.8,20
3937,2,winter_rapeseed,1,PK,0.001,35
3937,2,winter_rapeseed,2,KAS,0.4,24
3937,2,winter_rapeseed,3,KAS,0.8,20
3938,2,winter_rapeseed,1,PK,0.001,35
3938,2,winter_rapeseed,2,KAS,0.4,24
3938,2,winter_rapeseed,3,KAS,0.8,20
3939,2,winter_rapeseed,1,PK,0.001,35
3939,2,winter_rapeseed,2,KAS,0.4,24
3939,2,winter_rapeseed,3,KAS,0.8,20
3940,2,winter_rapeseed,1,PK,0.001,35
3940,2,winter_rapeseed,2,KAS,0.4,24
3940,2,winter_rapeseed,3,KAS,0.8,20
3941,2,winter_rapeseed,1,PK,0.001,35
3941,2,winter_rapeseed,2,KAS,0.4,24
3941,2,winter_rapeseed,3,KAS,0.8,20
3946,2,winter_rapeseed,1,PK,0.001,35
3946,2,winter_rapeseed,2,KAS,0.4,24
3946,2,winter_rapeseed,3,KAS,0.8,20
3947,2,winter_rapeseed,1,PK,0.001,35
3947,2,winter_rapeseed,2,KAS,0.4,24
3947,2,winter_rapeseed,3,KAS,0.8,20
3948,2,winter_rapeseed,1,PK,0.001,35
3948,2,winter_rapeseed,2,KAS,0.4,24
3948,2,winter_rapeseed,3,KAS,0.8,20
3950,2,winter_rapeseed,1,PK,0.001,35
3950,2,winter_rapeseed,2,KAS,0.4,24
3950,2,winter_rapeseed,3,KAS,0.8,20
3952,2,winter_rapeseed,1,PK,0.001,35
3952,2,winter_rapeseed,2,KAS,0.4,24
3952,2,winter_rapeseed,3,KAS,0.8,20
3953,2,winter_rapeseed,1,PK,0.001,35
3953,2,winter_rapeseed,2,KAS,0.4,24
3953,2,winter_rapeseed,3,KAS,0.8,20
3954,2,winter_rapeseed,1,PK,0.001,35
3954,2,winter_rapeseed,2,KAS,0.4,24
3954,2,winter_rapeseed,3,KAS,0.8,20
3958,2,winter_rapeseed,1,PK,0.001,35
3958,2,winter_rapeseed,2,KAS,0.4,24
3958,2,winter_rapeseed,3,KAS,0.8,20
3959,2,winter_rapeseed,1,PK,0.001,35
3959,2,winter_rapeseed,2,KAS,0.4,24
3959,2,winter_rapeseed,3,KAS,0.8,20
3961,2,winter_rapeseed,1,PK,0.001,35
3961,2,winter_rapeseed,2,KAS,0.4,24
3961,2,winter_rapeseed,3,KAS,0.8,20
3963,2,winter_rapeseed,1,PK,0.001,35
3963,2,winter_rapeseed,2,KAS,0.4,24
3963,2,winter_rapeseed,3,KAS,0.8,20
3965,2,winter_rapeseed,1,PK,0.001,35
3965,2,winter_rapeseed,2,KAS,0.4,24
3965,2,winter_rapeseed,3,KAS,0.8,20
3966,2,winter_rapeseed,1,PK,0.001,35
3966,2,winter_rapeseed,2,KAS,0.4,24
3966,2,winter_rapeseed,3,KAS,0.8,20
3968,2,winter_rapeseed,1,PK,0.001,35
3968,2,winter_rapeseed,2,KAS,0.4,24
3968,2,winter_rapeseed,3,KAS,0.8,20
3970,2,winter_rapeseed,1,PK,0.001,35
3970,2,winter_rapeseed,2,KAS,0.4,24
3970,2,winter_rapeseed,3,KAS,0.8,20
3972,2,winter_rapeseed,1,PK,0.001,35
3972,2,winter_rapeseed,2,KAS,0.4,24
3972,2,winter_rapeseed,3,KAS,0.8,20
3974,2,winter_rapeseed,1,PK,0.001,35
3974,2,winter_rapeseed,2,KAS,0.4,24
3974,2,winter_rapeseed,3,KAS,0.8,20
3975,2,winter_rapeseed,1,PK,0.001,35
3975,2,winter_rapeseed,2,KAS,0.4,24
3975,2,winter_rapeseed,3,KAS,0.8,20
3978,2,winter_rapeseed,1,PK,0.001,35
3978,2,winter_rapeseed,2,KAS,0.4,24
3978,2,winter_rapeseed,3,KAS,0.8,20
3979,2,winter_rapeseed,1,PK,0.001,35
3979,2,winter_rapeseed,2,KAS,0.4,24
3979,2,winter_rapeseed,3,KAS,0.8,20
3984,2,winter_rapeseed,1,PK,0.001,35
3984,2,winter_rapeseed,2,KAS,0.4,24
3984,2,winter_rapeseed,3,KAS,0.8,20
3985,2,winter_rapeseed,1,PK,0.001,35
3985,2,winter_rapeseed,2,KAS,0.4,24
3985,2,winter_rapeseed,3,KAS,0.8,20
3986,2,winter_rapeseed,1,PK,0.001,35
3986,2,winter_rapeseed,2,KAS,0.4,24
3986,2,winter_rapeseed,3,KAS,0.8,20
3987,2,winter_rapeseed,1,PK,0.001,35
3987,2,winter_rapeseed,2,KAS,0.4,24
3987,2,winter_rapeseed,3,KAS,0.8,20
3988,2,winter_rapeseed,1,PK,0.001,35
3988,2,winter_rapeseed,2,KAS,0.4,24
3988,2,winter_rapeseed,3,KAS,0.8,20
3990,2,winter_rapeseed,1,PK,0.001,35
3990,2,winter_rapeseed,2,KAS,0.4,24
3990,2,winter_rapeseed,3,KAS,0.8,20
3998,2,winter_rapeseed,1,PK,0.001,35
3998,2,winter_rapeseed,2,KAS,0.4,24
3998,2,winter_rapeseed,3,KAS,0.8,20
4002,2,winter_rapeseed,1,PK,0.001,35
4002,2,winter_rapeseed,2,KAS,0.4,24
4002,2,winter_rapeseed,3,KAS,0.8,20
4003,2,winter_rapeseed,1,PK,0.001,35
4003,2,winter_rapeseed,2,KAS,0.4,24
4003,2,winter_rapeseed,3,KAS,0.8,20
4006,2,winter_rapeseed,1,PK,0.001,35
4006,2,winter_rapeseed,2,KAS,0.4,24
4006,2,winter_rapeseed,3,KAS,0.8,20
4008,2,winter_rapeseed,1,PK,0.001,35
4008,2,winter_rapeseed,2,KAS,0.4,24
4008,2,winter_rapeseed,3,KAS,0.8,20
4009,2,winter_rapeseed,1,PK,0.001,35
4009,2,winter_rapeseed,2,KAS,0.4,24
4009,2,winter_rapeseed,3,KAS,0.8,20
4010,2,winter_rapeseed,1,PK,0.001,35
4010,2,winter_rapeseed,2,KAS,0.4,24
4010,2,winter_rapeseed,3,KAS,0.8,20
4011,2,winter_rapeseed,1,PK,0.001,35
4011,2,winter_rapeseed,2,KAS,0.4,24
4011,2,winter_rapeseed,3,KAS,0.8,20
4013,2,winter_rapeseed,1,PK,0.001,35
4013,2,winter_rapeseed,2,KAS,0.4,24
4013,2,winter_rapeseed,3,KAS,0.8,20
4015,2,winter_rapeseed,1,PK,0.001,35
4015,2,winter_rapeseed,2,KAS,0.4,24
4015,2,winter_rapeseed,3,KAS,0.8,20
4018,2,winter_rapeseed,1,PK,0.001,35
4018,2,winter_rapeseed,2,KAS,0.4,24
4018,2,winter_rapeseed,3,KAS,0.8,20
4019,2,winter_rapeseed,1,PK,0.001,35
4019,2,winter_rapeseed,2,KAS,0.4,24
4019,2,winter_rapeseed,3,KAS,0.8,20
4020,2,winter_rapeseed,1,PK,0.001,35
4020,2,winter_rapeseed,2,KAS,0.4,24
4020,2,winter_rapeseed,3,KAS,0.8,20
4021,2,winter_rapeseed,1,PK,0.001,35
4021,2,winter_rapeseed,2,KAS,0.4,24
4021,2,winter_rapeseed,3,KAS,0.8,20
4023,2,winter_rapeseed,1,PK,0.001,35
4023,2,winter_rapeseed,2,KAS,0.4,24
4023,2,winter_rapeseed,3,KAS,0.8,20
4025,2,winter_rapeseed,1,PK,0.001,35
4025,2,winter_rapeseed,2,KAS,0.4,24
4025,2,winter_rapeseed,3,KAS,0.8,20
4026,2,winter_rapeseed,1,PK,0.001,35
4026,2,winter_rapeseed,2,KAS,0.4,24
4026,2,winter_rapeseed,3,KAS,0.8,20
4027,2,winter_rapeseed,1,PK,0.001,35
4027,2,winter_rapeseed,2,KAS,0.4,24
4027,2,winter_rapeseed,3,KAS,0.8,20
4034,2,winter_rapeseed,1,PK,0.001,35
4034,2,winter_rapeseed,2,KAS,0.4,24
4034,2,winter_rapeseed,3,KAS,0.8,20
4036,2,winter_rapeseed,1,PK,0.001,35
4036,2,winter_rapeseed,2,KAS,0.4,24
4036,2,winter_rapeseed,3,KAS,0.8,20
4039,2,winter_rapeseed,1,PK,0.001,35
4039,2,winter_rapeseed,2,KAS,0.4,24
4039,2,winter_rapeseed,3,KAS,0.8,20
4047,2,winter_rapeseed,1,PK,0.001,35
4047,2,winter_rapeseed,2,KAS,0.4,24
4047,2,winter_rapeseed,3,KAS,0.8,20
4048,2,winter_rapeseed,1,PK,0.001,35
4048,2,winter_rapeseed,2,KAS,0.4,24
4048,2,winter_rapeseed,3,KAS,0.8,20
4053,2,winter_rapeseed,1,PK,0.001,35
4053,2,winter_rapeseed,2,KAS,0.4,24
4053,2,winter_rapeseed,3,KAS,0.8,20
4062,2,winter_rapeseed,1,PK,0.001,35
4062,2,winter_rapeseed,2,KAS,0.4,24
4062,2,winter_rapeseed,3,KAS,0.8,20
4064,2,winter_rapeseed,1,PK,0.001,35
4064,2,winter_rapeseed,2,KAS,0.4,24
4064,2,winter_rapeseed,3,KAS,0.8,20
4067,2,winter_rapeseed,1,PK,0.001,35
4067,2,winter_rapeseed,2,KAS,0.4,24
4067,2,winter_rapeseed,3,KAS,0.8,20
4068,2,winter_rapeseed,1,PK,0.001,35
4068,2,winter_rapeseed,2,KAS,0.4,24
4068,2,winter_rapeseed,3,KAS,0.8,20
4069,2,winter_rapeseed,1,PK,0.001,35
4069,2,winter_rapeseed,2,KAS,0.4,24
4069,2,winter_rapeseed,3,KAS,0.8,20
4071,2,winter_rapeseed,1,PK,0.001,35
4071,2,winter_rapeseed,2,KAS,0.4,24
4071,2,winter_rapeseed,3,KAS,0.8,20
4073,2,winter_rapeseed,1,PK,0.001,35
4073,2,winter_rapeseed,2,KAS,0.4,24
4073,2,winter_rapeseed,3,KAS,0.8,20
4074,2,winter_rapeseed,1,PK,0.001,35
4074,2,winter_rapeseed,2,KAS,0.4,24
4074,2,winter_rapeseed,3,KAS,0.8,20
4078,2,winter_rapeseed,1,PK,0.001,35
4078,2,winter_rapeseed,2,KAS,0.4,24
4078,2,winter_rapeseed,3,KAS,0.8,20
4079,2,winter_rapeseed,1,PK,0.001,35
4079,2,winter_rapeseed,2,KAS,0.4,24
4079,2,winter_rapeseed,3,KAS,0.8,20
4080,2,winter_rapeseed,1,PK,0.001,35
4080,2,winter_rapeseed,2,KAS,0.4,24
4080,2,winter_rapeseed,3,KAS,0.8,20
4084,2,winter_rapeseed,1,PK,0.001,35
4084,2,winter_rapeseed,2,KAS,0.4,24
4084,2,winter_rapeseed,3,KAS,0.8,20
4086,2,winter_rapeseed,1,PK,0.001,35
4086,2,winter_rapeseed,2,KAS,0.4,24
4086,2,winter_rapeseed,3,KAS,0.8,20
4089,2,winter_rapeseed,1,PK,0.001,35
4089,2,winter_rapeseed,2,KAS,0.4,24
4089,2,winter_rapeseed,3,KAS,0.8,20
4090,2,winter_rapeseed,1,PK,0.001,35
4090,2,winter_rapeseed,2,KAS,0.4,24
4090,2,winter_rapeseed,3,KAS,0.8,20
4091,2,winter_rapeseed,1,PK,0.001,35
4091,2,winter_rapeseed,2,KAS,0.4,24
4091,2,winter_rapeseed,3,KAS,0.8,20
4093,2,winter_rapeseed,1,PK,0.001,35
4093,2,winter_rapeseed,2,KAS,0.4,24
4093,2,winter_rapeseed,3,KAS,0.8,20
4094,2,winter_rapeseed,1,PK,0.001,35
4094,2,winter_rapeseed,2,KAS,0.4,24
4094,2,winter_rapeseed,3,KAS,0.8,20
4095,2,winter_rapeseed,1,PK,0.001,35
4095,2,winter_rapeseed,2,KAS,0.4,24
4095,2,winter_rapeseed,3,KAS,0.8,20
4099,2,winter_rapeseed,1,PK,0.001,35
4099,2,winter_rapeseed,2,KAS,0.4,24
4099,2,winter_rapeseed,3,KAS,0.8,20
4102,2,winter_rapeseed,1,PK,0.001,35
4102,2,winter_rapeseed,2,KAS,0.4,24
4102,2,winter_rapeseed,3,KAS,0.8,20
4103,2,winter_rapeseed,1,PK,0.001,35
4103,2,winter_rapeseed,2,KAS,0.4,24
4103,2,winter_rapeseed,3,KAS,0.8,20
4104,2,winter_rapeseed,1,PK,0.001,35
4104,2,winter_rapeseed,2,KAS,0.4,24
4104,2,winter_rapeseed,3,KAS,0.8,20
4105,2,winter_rapeseed,1,PK,0.001,35
4105,2,winter_rapeseed,2,KAS,0.4,24
4105,2,winter_rapeseed,3,KAS,0.8,20
4107,2,winter_rapeseed,1,PK,0.001,35
4107,2,winter_rapeseed,2,KAS,0.4,24
4107,2,winter_rapeseed,3,KAS,0.8,20
4110,2,winter_rapeseed,1,PK,0.001,35
4110,2,winter_rapeseed,2,KAS,0.4,24
4110,2,winter_rapeseed,3,KAS,0.8,20
4111,2,winter_rapeseed,1,PK,0.001,35
4111,2,winter_rapeseed,2,KAS,0.4,24
4111,2,winter_rapeseed,3,KAS,0.8,20
4114,2,winter_rapeseed,1,PK,0.001,35
4114,2,winter_rapeseed,2,KAS,0.4,24
4114,2,winter_rapeseed,3,KAS,0.8,20
4120,2,winter_rapeseed,1,PK,0.001,35
4120,2,winter_rapeseed,2,KAS,0.4,24
4120,2,winter_rapeseed,3,KAS,0.8,20
4123,2,winter_rapeseed,1,PK,0.001,35
4123,2,winter_rapeseed,2,KAS,0.4,24
4123,2,winter_rapeseed,3,KAS,0.8,20
4131,2,winter_rapeseed,1,PK,0.001,35
4131,2,winter_rapeseed,2,KAS,0.4,24
4131,2,winter_rapeseed,3,KAS,0.8,20
4133,2,winter_rapeseed,1,PK,0.001,35
4133,2,winter_rapeseed,2,KAS,0.4,24
4133,2,winter_rapeseed,3,KAS,0.8,20
4134,2,winter_rapeseed,1,PK,0.001,35
4134,2,winter_rapeseed,2,KAS,0.4,24
4134,2,winter_rapeseed,3,KAS,0.8,20
4135,2,winter_rapeseed,1,PK,0.001,35
4135,2,winter_rapeseed,2,KAS,0.4,24
4135,2,winter_rapeseed,3,KAS,0.8,20
4137,2,winter_rapeseed,1,PK,0.001,35
4137,2,winter_rapeseed,2,KAS,0.4,24
4137,2,winter_rapeseed,3,KAS,0.8,20
4138,2,winter_rapeseed,1,PK,0.001,35
4138,2,winter_rapeseed,2,KAS,0.4,24
4138,2,winter_rapeseed,3,KAS,0.8,20
4140,2,winter_rapeseed,1,PK,0.001,35
4140,2,winter_rapeseed,2,KAS,0.4,24
4140,2,winter_rapeseed,3,KAS,0.8,20
4144,2,winter_rapeseed,1,PK,0.001,35
4144,2,winter_rapeseed,2,KAS,0.4,24
4144,2,winter_rapeseed,3,KAS,0.8,20
4147,2,winter_rapeseed,1,PK,0.001,35
4147,2,winter_rapeseed,2,KAS,0.4,24
4147,2,winter_rapeseed,3,KAS,0.8,20
4148,2,winter_rapeseed,1,PK,0.001,35
4148,2,winter_rapeseed,2,KAS,0.4,24
4148,2,winter_rapeseed,3,KAS,0.8,20
4149,2,winter_rapeseed,1,PK,0.001,35
4149,2,winter_rapeseed,2,KAS,0.4,24
4149,2,winter_rapeseed,3,KAS,0.8,20
4150,2,winter_rapeseed,1,PK,0.001,35
4150,2,winter_rapeseed,2,KAS,0.4,24
4150,2,winter_rapeseed,3,KAS,0.8,20
4153,2,winter_rapeseed,1,PK,0.001,35
4153,2,winter_rapeseed,2,KAS,0.4,24
4153,2,winter_rapeseed,3,KAS,0.8,20
4155,2,winter_rapeseed,1,PK,0.001,35
4155,2,winter_rapeseed,2,KAS,0.4,24
4155,2,winter_rapeseed,3,KAS,0.8,20
4156,2,winter_rapeseed,1,PK,0.001,35
4156,2,winter_rapeseed,2,KAS,0.4,24
4156,2,winter_rapeseed,3,KAS,0.8,20
4159,2,winter_rapeseed,1,PK,0.001,35
4159,2,winter_rapeseed,2,KAS,0.4,24
4159,2,winter_rapeseed,3,KAS,0.8,20
4163,2,winter_rapeseed,1,PK,0.001,35
4163,2,winter_rapeseed,2,KAS,0.4,24
4163,2,winter_rapeseed,3,KAS,0.8,20
4165,2,winter_rapeseed,1,PK,0.001,35
4165,2,winter_rapeseed,2,KAS,0.4,24
4165,2,winter_rapeseed,3,KAS,0.8,20
4168,2,winter_rapeseed,1,PK,0.001,35
4168,2,winter_rapeseed,2,KAS,0.4,24
4168,2,winter_rapeseed,3,KAS,0.8,20
4174,2,winter_rapeseed,1,PK,0.001,35
4174,2,winter_rapeseed,2,KAS,0.4,24
4174,2,winter_rapeseed,3,KAS,0.8,20
4180,2,winter_rapeseed,1,PK,0.001,35
4180,2,winter_rapeseed,2,KAS,0.4,24
4180,2,winter_rapeseed,3,KAS,0.8,20
4186,2,winter_rapeseed,1,PK,0.001,35
4186,2,winter_rapeseed,2,KAS,0.4,24
4186,2,winter_rapeseed,3,KAS,0.8,20
4187,2,winter_rapeseed,1,PK,0.001,35
4187,2,winter_rapeseed,2,KAS,0.4,24
4187,2,winter_rapeseed,3,KAS,0.8,20
4189,2,winter_rapeseed,1,PK,0.001,35
4189,2,winter_rapeseed,2,KAS,0.4,24
4189,2,winter_rapeseed,3,KAS,0.8,20
4191,2,winter_rapeseed,1,PK,0.001,35
4191,2,winter_rapeseed,2,KAS,0.4,24
4191,2,winter_rapeseed,3,KAS,0.8,20
4192,2,winter_rapeseed,1,PK,0.001,35
4192,2,winter_rapeseed,2,KAS,0.4,24
4192,2,winter_rapeseed,3,KAS,0.8,20
4193,2,winter_rapeseed,1,PK,0.001,35
4193,2,winter_rapeseed,2,KAS,0.4,24
4193,2,winter_rapeseed,3,KAS,0.8,20
4194,2,winter_rapeseed,1,PK,0.001,35
4194,2,winter_rapeseed,2,KAS,0.4,24
4194,2,winter_rapeseed,3,KAS,0.8,20
4199,2,winter_rapeseed,1,PK,0.001,35
4199,2,winter_rapeseed,2,KAS,0.4,24
4199,2,winter_rapeseed,3,KAS,0.8,20
4201,2,winter_rapeseed,1,PK,0.001,35
4201,2,winter_rapeseed,2,KAS,0.4,24
4201,2,winter_rapeseed,3,KAS,0.8,20
4204,2,winter_rapeseed,1,PK,0.001,35
4204,2,winter_rapeseed,2,KAS,0.4,24
4204,2,winter_rapeseed,3,KAS,0.8,20
4206,2,winter_rapeseed,1,PK,0.001,35
4206,2,winter_rapeseed,2,KAS,0.4,24
4206,2,winter_rapeseed,3,KAS,0.8,20
4207,2,winter_rapeseed,1,PK,0.001,35
4207,2,winter_rapeseed,2,KAS,0.4,24
4207,2,winter_rapeseed,3,KAS,0.8,20
4208,2,winter_rapeseed,1,PK,0.001,35
4208,2,winter_rapeseed,2,KAS,0.4,24
4208,2,winter_rapeseed,3,KAS,0.8,20
4210,2,winter_rapeseed,1,PK,0.001,35
4210,2,winter_rapeseed,2,KAS,0.4,24
4210,2,winter_rapeseed,3,KAS,0.8,20
4211,2,winter_rapeseed,1,PK,0.001,35
4211,2,winter_rapeseed,2,KAS,0.4,24
4211,2,winter_rapeseed,3,KAS,0.8,20
4212,2,winter_rapeseed,1,PK,0.001,35
4212,2,winter_rapeseed,2,KAS,0.4,24
4212,2,winter_rapeseed,3,KAS,0.8,20
4214,2,winter_rapeseed,1,PK,0.001,35
4214,2,winter_rapeseed,2,KAS,0.4,24
4214,2,winter_rapeseed,3,KAS,0.8,20
4215,2,winter_rapeseed,1,PK,0.001,35
4215,2,winter_rapeseed,2,KAS,0.4,24
4215,2,winter_rapeseed,3,KAS,0.8,20
4217,2,winter_rapeseed,1,PK,0.001,35
4217,2,winter_rapeseed,2,KAS,0.4,24
4217,2,winter_rapeseed,3,KAS,0.8,20
4219,2,winter_rapeseed,1,PK,0.001,35
4219,2,winter_rapeseed,2,KAS,0.4,24
4219,2,winter_rapeseed,3,KAS,0.8,20
4224,2,winter_rapeseed,1,PK,0.001,35
4224,2,winter_rapeseed,2,KAS,0.4,24
4224,2,winter_rapeseed,3,KAS,0.8,20
4229,2,winter_rapeseed,1,PK,0.001,35
4229,2,winter_rapeseed,2,KAS,0.4,24
4229,2,winter_rapeseed,3,KAS,0.8,20
4233,2,winter_rapeseed,1,PK,0.001,35
4233,2,winter_rapeseed,2,KAS,0.4,24
4233,2,winter_rapeseed,3,KAS,0.8,20
4235,2,winter_rapeseed,1,PK,0.001,35
4235,2,winter_rapeseed,2,KAS,0.4,24
4235,2,winter_rapeseed,3,KAS,0.8,20
4236,2,winter_rapeseed,1,PK,0.001,35
4236,2,winter_rapeseed,2,KAS,0.4,24
4236,2,winter_rapeseed,3,KAS,0.8,20
4238,2,winter_rapeseed,1,PK,0.001,35
4238,2,winter_rapeseed,2,KAS,0.4,24
4238,2,winter_rapeseed,3,KAS,0.8,20
4239,2,winter_rapeseed,1,PK,0.001,35
4239,2,winter_rapeseed,2,KAS,0.4,24
4239,2,winter_rapeseed,3,KAS,0.8,20
4240,2,winter_rapeseed,1,PK,0.001,35
4240,2,winter_rapeseed,2,KAS,0.4,24
4240,2,winter_rapeseed,3,KAS,0.8,20
4241,2,winter_rapeseed,1,PK,0.001,35
4241,2,winter_rapeseed,2,KAS,0.4,24
4241,2,winter_rapeseed,3,KAS,0.8,20
4242,2,winter_rapeseed,1,PK,0.001,35
4242,2,winter_rapeseed,2,KAS,0.4,24
4242,2,winter_rapeseed,3,KAS,0.8,20
4243,2,winter_rapeseed,1,PK,0.001,35
4243,2,winter_rapeseed,2,KAS,0.4,24
4243,2,winter_rapeseed,3,KAS,0.8,20
4246,2,winter_rapeseed,1,PK,0.001,35
4246,2,winter_rapeseed,2,KAS,0.4,24
4246,2,winter_rapeseed,3,KAS,0.8,20
4248,2,winter_rapeseed,1,PK,0.001,35
4248,2,winter_rapeseed,2,KAS,0.4,24
4248,2,winter_rapeseed,3,KAS,0.8,20
4249,2,winter_rapeseed,1,PK,0.001,35
4249,2,winter_rapeseed,2,KAS,0.4,24
4249,2,winter_rapeseed,3,KAS,0.8,20
4250,2,winter_rapeseed,1,PK,0.001,35
4250,2,winter_rapeseed,2,KAS,0.4,24
4250,2,winter_rapeseed,3,KAS,0.8,20
4251,2,winter_rapeseed,1,PK,0.001,35
4251,2,winter_rapeseed,2,KAS,0.4,24
4251,2,winter_rapeseed,3,KAS,0.8,20
4252,2,winter_rapeseed,1,PK,0.001,35
4252,2,winter_rapeseed,2,KAS,0.4,24
4252,2,winter_rapeseed,3,KAS,0.8,20
4254,2,winter_rapeseed,1,PK,0.001,35
4254,2,winter_rapeseed,2,KAS,0.4,24
4254,2,winter_rapeseed,3,KAS,0.8,20
4258,2,winter_rapeseed,1,PK,0.001,35
4258,2,winter_rapeseed,2,KAS,0.4,24
4258,2,winter_rapeseed,3,KAS,0.8,20
4259,2,winter_rapeseed,1,PK,0.001,35
4259,2,winter_rapeseed,2,KAS,0.4,24
4259,2,winter_rapeseed,3,KAS,0.8,20
4263,2,winter_rapeseed,1,PK,0.001,35
4263,2,winter_rapeseed,2,KAS,0.4,24
4263,2,winter_rapeseed,3,KAS,0.8,20
4266,2,winter_rapeseed,1,PK,0.001,35
4266,2,winter_rapeseed,2,KAS,0.4,24
4266,2,winter_rapeseed,3,KAS,0.8,20
4267,2,winter_rapeseed,1,PK,0.001,35
4267,2,winter_rapeseed,2,KAS,0.4,24
4267,2,winter_rapeseed,3,KAS,0.8,20
4268,2,winter_rapeseed,1,PK,0.001,35
4268,2,winter_rapeseed,2,KAS,0.4,24
4268,2,winter_rapeseed,3,KAS,0.8,20
4269,2,winter_rapeseed,1,PK,0.001,35
4269,2,winter_rapeseed,2,KAS,0.4,24
4269,2,winter_rapeseed,3,KAS,0.8,20
4270,2,winter_rapeseed,1,PK,0.001,35
4270,2,winter_rapeseed,2,KAS,0.4,24
4270,2,winter_rapeseed,3,KAS,0.8,20
4271,2,winter_rapeseed,1,PK,0.001,35
4271,2,winter_rapeseed,2,KAS,0.4,24
4271,2,winter_rapeseed,3,KAS,0.8,20
4272,2,winter_rapeseed,1,PK,0.001,35
4272,2,winter_rapeseed,2,KAS,0.4,24
4272,2,winter_rapeseed,3,KAS,0.8,20
4277,2,winter_rapeseed,1,PK,0.001,35
4277,2,winter_rapeseed,2,KAS,0.4,24
4277,2,winter_rapeseed,3,KAS,0.8,20
4278,2,winter_rapeseed,1,PK,0.001,35
4278,2,winter_rapeseed,2,KAS,0.4,24
4278,2,winter_rapeseed,3,KAS,0.8,20
4287,2,winter_rapeseed,1,PK,0.001,35
4287,2,winter_rapeseed,2,KAS,0.4,24
4287,2,winter_rapeseed,3,KAS,0.8,20
4290,2,winter_rapeseed,1,PK,0.001,35
4290,2,winter_rapeseed,2,KAS,0.4,24
4290,2,winter_rapeseed,3,KAS,0.8,20
4291,2,winter_rapeseed,1,PK,0.001,35
4291,2,winter_rapeseed,2,KAS,0.4,24
4291,2,winter_rapeseed,3,KAS,0.8,20
4294,2,winter_rapeseed,1,PK,0.001,35
4294,2,winter_rapeseed,2,KAS,0.4,24
4294,2,winter_rapeseed,3,KAS,0.8,20
4295,2,winter_rapeseed,1,PK,0.001,35
4295,2,winter_rapeseed,2,KAS,0.4,24
4295,2,winter_rapeseed,3,KAS,0.8,20
4297,2,winter_rapeseed,1,PK,0.001,35
4297,2,winter_rapeseed,2,KAS,0.4,24
4297,2,winter_rapeseed,3,KAS,0.8,20
4298,2,winter_rapeseed,1,PK,0.001,35
4298,2,winter_rapeseed,2,KAS,0.4,24
4298,2,winter_rapeseed,3,KAS,0.8,20
4300,2,winter_rapeseed,1,PK,0.001,35
4300,2,winter_rapeseed,2,KAS,0.4,24
4300,2,winter_rapeseed,3,KAS,0.8,20
4301,2,winter_rapeseed,1,PK,0.001,35
4301,2,winter_rapeseed,2,KAS,0.4,24
4301,2,winter_rapeseed,3,KAS,0.8,20
4302,2,winter_rapeseed,1,PK,0.001,35
4302,2,winter_rapeseed,2,KAS,0.4,24
4302,2,winter_rapeseed,3,KAS,0.8,20
4304,2,winter_rapeseed,1,PK,0.001,35
4304,2,winter_rapeseed,2,KAS,0.4,24
4304,2,winter_rapeseed,3,KAS,0.8,20
4305,2,winter_rapeseed,1,PK,0.001,35
4305,2,winter_rapeseed,2,KAS,0.4,24
4305,2,winter_rapeseed,3,KAS,0.8,20
4308,2,winter_rapeseed,1,PK,0.001,35
4308,2,winter_rapeseed,2,KAS,0.4,24
4308,2,winter_rapeseed,3,KAS,0.8,20
4311,2,winter_rapeseed,1,PK,0.001,35
4311,2,winter_rapeseed,2,KAS,0.4,24
4311,2,winter_rapeseed,3,KAS,0.8,20
4314,2,winter_rapeseed,1,PK,0.001,35
4314,2,winter_rapeseed,2,KAS,0.4,24
4314,2,winter_rapeseed,3,KAS,0.8,20
4327,2,winter_rapeseed,1,PK,0.001,35
4327,2,winter_rapeseed,2,KAS,0.4,24
4327,2,winter_rapeseed,3,KAS,0.8,20
4332,2,winter_rapeseed,1,PK,0.001,35
4332,2,winter_rapeseed,2,KAS,0.4,24
4332,2,winter_rapeseed,3,KAS,0.8,20
4333,2,winter_rapeseed,1,PK,0.001,35
4333,2,winter_rapeseed,2,KAS,0.4,24
4333,2,winter_rapeseed,3,KAS,0.8,20
4334,2,winter_rapeseed,1,PK,0.001,35
4334,2,winter_rapeseed,2,KAS,0.4,24
4334,2,winter_rapeseed,3,KAS,0.8,20
4336,2,winter_rapeseed,1,PK,0.001,35
4336,2,winter_rapeseed,2,KAS,0.4,24
4336,2,winter_rapeseed,3,KAS,0.8,20
4338,2,winter_rapeseed,1,PK,0.001,35
4338,2,winter_rapeseed,2,KAS,0.4,24
4338,2,winter_rapeseed,3,KAS,0.8,20
4344,2,winter_rapeseed,1,PK,0.001,35
4344,2,winter_rapeseed,2,KAS,0.4,24
4344,2,winter_rapeseed,3,KAS,0.8,20
4345,2,winter_rapeseed,1,PK,0.001,35
4345,2,winter_rapeseed,2,KAS,0.4,24
4345,2,winter_rapeseed,3,KAS,0.8,20
4346,2,winter_rapeseed,1,PK,0.001,35
4346,2,winter_rapeseed,2,KAS,0.4,24
4346,2,winter_rapeseed,3,KAS,0.8,20
4348,2,winter_rapeseed,1,PK,0.001,35
4348,2,winter_rapeseed,2,KAS,0.4,24
4348,2,winter_rapeseed,3,KAS,0.8,20
4351,2,winter_rapeseed,1,PK,0.001,35
4351,2,winter_rapeseed,2,KAS,0.4,24
4351,2,winter_rapeseed,3,KAS,0.8,20
4352,2,winter_rapeseed,1,PK,0.001,35
4352,2,winter_rapeseed,2,KAS,0.4,24
4352,2,winter_rapeseed,3,KAS,0.8,20
4353,2,winter_rapeseed,1,PK,0.001,35
4353,2,winter_rapeseed,2,KAS,0.4,24
4353,2,winter_rapeseed,3,KAS,0.8,20
4357,2,winter_rapeseed,1,PK,0.001,35
4357,2,winter_rapeseed,2,KAS,0.4,24
4357,2,winter_rapeseed,3,KAS,0.8,20
4358,2,winter_rapeseed,1,PK,0.001,35
4358,2,winter_rapeseed,2,KAS,0.4,24
4358,2,winter_rapeseed,3,KAS,0.8,20
4360,2,winter_rapeseed,1,PK,0.001,35
4360,2,winter_rapeseed,2,KAS,0.4,24
4360,2,winter_rapeseed,3,KAS,0.8,20
4362,2,winter_rapeseed,1,PK,0.001,35
4362,2,winter_rapeseed,2,KAS,0.4,24
4362,2,winter_rapeseed,3,KAS,0.8,20
4363,2,winter_rapeseed,1,PK,0.001,35
4363,2,winter_rapeseed,2,KAS,0.4,24
4363,2,winter_rapeseed,3,KAS,0.8,20
4365,2,winter_rapeseed,1,PK,0.001,35
4365,2,winter_rapeseed,2,KAS,0.4,24
4365,2,winter_rapeseed,3,KAS,0.8,20
4367,2,winter_rapeseed,1,PK,0.001,35
4367,2,winter_rapeseed,2,KAS,0.4,24
4367,2,winter_rapeseed,3,KAS,0.8,20
4371,2,winter_rapeseed,1,PK,0.001,35
4371,2,winter_rapeseed,2,KAS,0.4,24
4371,2,winter_rapeseed,3,KAS,0.8,20
4373,2,winter_rapeseed,1,PK,0.001,35
4373,2,winter_rapeseed,2,KAS,0.4,24
4373,2,winter_rapeseed,3,KAS,0.8,20
4377,2,winter_rapeseed,1,PK,0.001,35
4377,2,winter_rapeseed,2,KAS,0.4,24
4377,2,winter_rapeseed,3,KAS,0.8,20
4378,2,winter_rapeseed,1,PK,0.001,35
4378,2,winter_rapeseed,2,KAS,0.4,24
4378,2,winter_rapeseed,3,KAS,0.8,20
4382,2,winter_rapeseed,1,PK,0.001,35
4382,2,winter_rapeseed,2,KAS,0.4,24
4382,2,winter_rapeseed,3,KAS,0.8,20
4383,2,winter_rapeseed,1,PK,0.001,35
4383,2,winter_rapeseed,2,KAS,0.4,24
4383,2,winter_rapeseed,3,KAS,0.8,20
4385,2,winter_rapeseed,1,PK,0.001,35
4385,2,winter_rapeseed,2,KAS,0.4,24
4385,2,winter_rapeseed,3,KAS,0.8,20
4387,2,winter_rapeseed,1,PK,0.001,35
4387,2,winter_rapeseed,2,KAS,0.4,24
4387,2,winter_rapeseed,3,KAS,0.8,20
4389,2,winter_rapeseed,1,PK,0.001,35
4389,2,winter_rapeseed,2,KAS,0.4,24
4389,2,winter_rapeseed,3,KAS,0.8,20
4390,2,winter_rapeseed,1,PK,0.001,35
4390,2,winter_rapeseed,2,KAS,0.4,24
4390,2,winter_rapeseed,3,KAS,0.8,20
4395,2,winter_rapeseed,1,PK,0.001,35
4395,2,winter_rapeseed,2,KAS,0.4,24
4395,2,winter_rapeseed,3,KAS,0.8,20
4396,2,winter_rapeseed,1,PK,0.001,35
4396,2,winter_rapeseed,2,KAS,0.4,24
4396,2,winter_rapeseed,3,KAS,0.8,20
4398,2,winter_rapeseed,1,PK,0.001,35
4398,2,winter_rapeseed,2,KAS,0.4,24
4398,2,winter_rapeseed,3,KAS,0.8,20
4400,2,winter_rapeseed,1,PK,0.001,35
4400,2,winter_rapeseed,2,KAS,0.4,24
4400,2,winter_rapeseed,3,KAS,0.8,20
4401,2,winter_rapeseed,1,PK,0.001,35
4401,2,winter_rapeseed,2,KAS,0.4,24
4401,2,winter_rapeseed,3,KAS,0.8,20
4402,2,winter_rapeseed,1,PK,0.001,35
4402,2,winter_rapeseed,2,KAS,0.4,24
4402,2,winter_rapeseed,3,KAS,0.8,20
4403,2,winter_rapeseed,1,PK,0.001,35
4403,2,winter_rapeseed,2,KAS,0.4,24
4403,2,winter_rapeseed,3,KAS,0.8,20
4405,2,winter_rapeseed,1,PK,0.001,35
4405,2,winter_rapeseed,2,KAS,0.4,24
4405,2,winter_rapeseed,3,KAS,0.8,20
4407,2,winter_rapeseed,1,PK,0.001,35
4407,2,winter_rapeseed,2,KAS,0.4,24
4407,2,winter_rapeseed,3,KAS,0.8,20
4408,2,winter_rapeseed,1,PK,0.001,35
4408,2,winter_rapeseed,2,KAS,0.4,24
4408,2,winter_rapeseed,3,KAS,0.8,20
4409,2,winter_rapeseed,1,PK,0.001,35
4409,2,winter_rapeseed,2,KAS,0.4,24
4409,2,winter_rapeseed,3,KAS,0.8,20
4411,2,winter_rapeseed,1,PK,0.001,35
4411,2,winter_rapeseed,2,KAS,0.4,24
4411,2,winter_rapeseed,3,KAS,0.8,20
4412,2,winter_rapeseed,1,PK,0.001,35
4412,2,winter_rapeseed,2,KAS,0.4,24
4412,2,winter_rapeseed,3,KAS,0.8,20
4413,2,winter_rapeseed,1,PK,0.001,35
4413,2,winter_rapeseed,2,KAS,0.4,24
4413,2,winter_rapeseed,3,KAS,0.8,20
4415,2,winter_rapeseed,1,PK,0.001,35
4415,2,winter_rapeseed,2,KAS,0.4,24
4415,2,winter_rapeseed,3,KAS,0.8,20
4417,2,winter_rapeseed,1,PK,0.001,35
4417,2,winter_rapeseed,2,KAS,0.4,24
4417,2,winter_rapeseed,3,KAS,0.8,20
4418,2,winter_rapeseed,1,PK,0.001,35
4418,2,winter_rapeseed,2,KAS,0.4,24
4418,2,winter_rapeseed,3,KAS,0.8,20
4419,2,winter_rapeseed,1,PK,0.001,35
4419,2,winter_rapeseed,2,KAS,0.4,24
4419,2,winter_rapeseed,3,KAS,0.8,20
4425,2,winter_rapeseed,1,PK,0.001,35
4425,2,winter_rapeseed,2,KAS,0.4,24
4425,2,winter_rapeseed,3,KAS,0.8,20
4427,2,winter_rapeseed,1,PK,0.001,35
4427,2,winter_rapeseed,2,KAS,0.4,24
4427,2,winter_rapeseed,3,KAS,0.8,20
4428,2,winter_rapeseed,1,PK,0.001,35
4428,2,winter_rapeseed,2,KAS,0.4,24
4428,2,winter_rapeseed,3,KAS,0.8,20
4429,2,winter_rapeseed,1,PK,0.001,35
4429,2,winter_rapeseed,2,KAS,0.4,24
4429,2,winter_rapeseed,3,KAS,0.8,20
4430,2,winter_rapeseed,1,PK,0.001,35
4430,2,winter_rapeseed,2,KAS,0.4,24
4430,2,winter_rapeseed,3,KAS,0.8,20
4433,2,winter_rapeseed,1,PK,0.001,35
4433,2,winter_rapeseed,2,KAS,0.4,24
4433,2,winter_rapeseed,3,KAS,0.8,20
4436,2,winter_rapeseed,1,PK,0.001,35
4436,2,winter_rapeseed,2,KAS,0.4,24
4436,2,winter_rapeseed,3,KAS,0.8,20
4437,2,winter_rapeseed,1,PK,0.001,35
4437,2,winter_rapeseed,2,KAS,0.4,24
4437,2,winter_rapeseed,3,KAS,0.8,20
4439,2,winter_rapeseed,1,PK,0.001,35
4439,2,winter_rapeseed,2,KAS,0.4,24
4439,2,winter_rapeseed,3,KAS,0.8,20
4446,2,winter_rapeseed,1,PK,0.001,35
4446,2,winter_rapeseed,2,KAS,0.4,24
4446,2,winter_rapeseed,3,KAS,0.8,20
4447,2,winter_rapeseed,1,PK,0.001,35
4447,2,winter_rapeseed,2,KAS,0.4,24
4447,2,winter_rapeseed,3,KAS,0.8,20
4448,2,winter_rapeseed,1,PK,0.001,35
4448,2,winter_rapeseed,2,KAS,0.4,24
4448,2,winter_rapeseed,3,KAS,0.8,20
4451,2,winter_rapeseed,1,PK,0.001,35
4451,2,winter_rapeseed,2,KAS,0.4,24
4451,2,winter_rapeseed,3,KAS,0.8,20
4452,2,winter_rapeseed,1,PK,0.001,35
4452,2,winter_rapeseed,2,KAS,0.4,24
4452,2,winter_rapeseed,3,KAS,0.8,20
4453,2,winter_rapeseed,1,PK,0.001,35
4453,2,winter_rapeseed,2,KAS,0.4,24
4453,2,winter_rapeseed,3,KAS,0.8,20
4456,2,winter_rapeseed,1,PK,0.001,35
4456,2,winter_rapeseed,2,KAS,0.4,24
4456,2,winter_rapeseed,3,KAS,0.8,20
4461,2,winter_rapeseed,1,PK,0.001,35
4461,2,winter_rapeseed,2,KAS,0.4,24
4461,2,winter_rapeseed,3,KAS,0.8,20
4462,2,winter_rapeseed,1,PK,0.001,35
4462,2,winter_rapeseed,2,KAS,0.4,24
4462,2,winter_rapeseed,3,KAS,0.8,20
4466,2,winter_rapeseed,1,PK,0.001,35
4466,2,winter_rapeseed,2,KAS,0.4,24
4466,2,winter_rapeseed,3,KAS,0.8,20
4471,2,winter_rapeseed,1,PK,0.001,35
4471,2,winter_rapeseed,2,KAS,0.4,24
4471,2,winter_rapeseed,3,KAS,0.8,20
4474,2,winter_rapeseed,1,PK,0.001,35
4474,2,winter_rapeseed,2,KAS,0.4,24
4474,2,winter_rapeseed,3,KAS,0.8,20
4475,2,winter_rapeseed,1,PK,0.001,35
4475,2,winter_rapeseed,2,KAS,0.4,24
4475,2,winter_rapeseed,3,KAS,0.8,20
4476,2,winter_rapeseed,1,PK,0.001,35
4476,2,winter_rapeseed,2,KAS,0.4,24
4476,2,winter_rapeseed,3,KAS,0.8,20
4477,2,winter_rapeseed,1,PK,0.001,35
4477,2,winter_rapeseed,2,KAS,0.4,24
4477,2,winter_rapeseed,3,KAS,0.8,20
4479,2,winter_rapeseed,1,PK,0.001,35
4479,2,winter_rapeseed,2,KAS,0.4,24
4479,2,winter_rapeseed,3,KAS,0.8,20
4483,2,winter_rapeseed,1,PK,0.001,35
4483,2,winter_rapeseed,2,KAS,0.4,24
4483,2,winter_rapeseed,3,KAS,0.8,20
4484,2,winter_rapeseed,1,PK,0.001,35
4484,2,winter_rapeseed,2,KAS,0.4,24
4484,2,winter_rapeseed,3,KAS,0.8,20
4488,2,winter_rapeseed,1,PK,0.001,35
4488,2,winter_rapeseed,2,KAS,0.4,24
4488,2,winter_rapeseed,3,KAS,0.8,20
4498,2,winter_rapeseed,1,PK,0.001,35
4498,2,winter_rapeseed,2,KAS,0.4,24
4498,2,winter_rapeseed,3,KAS,0.8,20
4501,2,winter_rapeseed,1,PK,0.001,35
4501,2,winter_rapeseed,2,KAS,0.4,24
4501,2,winter_rapeseed,3,KAS,0.8,20
4505,2,winter_rapeseed,1,PK,0.001,35
4505,2,winter_rapeseed,2,KAS,0.4,24
4505,2,winter_rapeseed,3,KAS,0.8,20
4506,2,winter_rapeseed,1,PK,0.001,35
4506,2,winter_rapeseed,2,KAS,0.4,24
4506,2,winter_rapeseed,3,KAS,0.8,20
4507,2,winter_rapeseed,1,PK,0.001,35
4507,2,winter_rapeseed,2,KAS,0.4,24
4507,2,winter_rapeseed,3,KAS,0.8,20
4513,2,winter_rapeseed,1,PK,0.001,35
4513,2,winter_rapeseed,2,KAS,0.4,24
4513,2,winter_rapeseed,3,KAS,0.8,20
4514,2,winter_rapeseed,1,PK,0.001,35
4514,2,winter_rapeseed,2,KAS,0.4,24
4514,2,winter_rapeseed,3,KAS,0.8,20
4517,2,winter_rapeseed,1,PK,0.001,35
4517,2,winter_rapeseed,2,KAS,0.4,24
4517,2,winter_rapeseed,3,KAS,0.8,20
4518,2,winter_rapeseed,1,PK,0.001,35
4518,2,winter_rapeseed,2,KAS,0.4,24
4518,2,winter_rapeseed,3,KAS,0.8,20
4519,2,winter_rapeseed,1,PK,0.001,35
4519,2,winter_rapeseed,2,KAS,0.4,24
4519,2,winter_rapeseed,3,KAS,0.8,20
4520,2,winter_rapeseed,1,PK,0.001,35
4520,2,winter_rapeseed,2,KAS,0.4,24
4520,2,winter_rapeseed,3,KAS,0.8,20
4521,2,winter_rapeseed,1,PK,0.001,35
4521,2,winter_rapeseed,2,KAS,0.4,24
4521,2,winter_rapeseed,3,KAS,0.8,20
4522,2,winter_rapeseed,1,PK,0.001,35
4522,2,winter_rapeseed,2,KAS,0.4,24
4522,2,winter_rapeseed,3,KAS,0.8,20
4523,2,winter_rapeseed,1,PK,0.001,35
4523,2,winter_rapeseed,2,KAS,0.4,24
4523,2,winter_rapeseed,3,KAS,0.8,20
4524,2,winter_rapeseed,1,PK,0.001,35
4524,2,winter_rapeseed,2,KAS,0.4,24
4524,2,winter_rapeseed,3,KAS,0.8,20
4527,2,winter_rapeseed,1,PK,0.001,35
4527,2,winter_rapeseed,2,KAS,0.4,24
4527,2,winter_rapeseed,3,KAS,0.8,20
4528,2,winter_rapeseed,1,PK,0.001,35
4528,2,winter_rapeseed,2,KAS,0.4,24
4528,2,winter_rapeseed,3,KAS,0.8,20
4531,2,winter_rapeseed,1,PK,0.001,35
4531,2,winter_rapeseed,2,KAS,0.4,24
4531,2,winter_rapeseed,3,KAS,0.8,20
4533,2,winter_rapeseed,1,PK,0.001,35
4533,2,winter_rapeseed,2,KAS,0.4,24
4533,2,winter_rapeseed,3,KAS,0.8,20
4539,2,winter_rapeseed,1,PK,0.001,35
4539,2,winter_rapeseed,2,KAS,0.4,24
4539,2,winter_rapeseed,3,KAS,0.8,20
4540,2,winter_rapeseed,1,PK,0.001,35
4540,2,winter_rapeseed,2,KAS,0.4,24
4540,2,winter_rapeseed,3,KAS,0.8,20
4543,2,winter_rapeseed,1,PK,0.001,35
4543,2,winter_rapeseed,2,KAS,0.4,24
4543,2,winter_rapeseed,3,KAS,0.8,20
4547,2,winter_rapeseed,1,PK,0.001,35
4547,2,winter_rapeseed,2,KAS,0.4,24
4547,2,winter_rapeseed,3,KAS,0.8,20
4550,2,winter_rapeseed,1,PK,0.001,35
4550,2,winter_rapeseed,2,KAS,0.4,24
4550,2,winter_rapeseed,3,KAS,0.8,20
4551,2,winter_rapeseed,1,PK,0.001,35
4551,2,winter_rapeseed,2,KAS,0.4,24
4551,2,winter_rapeseed,3,KAS,0.8,20
4552,2,winter_rapeseed,1,PK,0.001,35
4552,2,winter_rapeseed,2,KAS,0.4,24
4552,2,winter_rapeseed,3,KAS,0.8,20
4553,2,winter_rapeseed,1,PK,0.001,35
4553,2,winter_rapeseed,2,KAS,0.4,24
4553,2,winter_rapeseed,3,KAS,0.8,20
4554,2,winter_rapeseed,1,PK,0.001,35
4554,2,winter_rapeseed,2,KAS,0.4,24
4554,2,winter_rapeseed,3,KAS,0.8,20
4559,2,winter_rapeseed,1,PK,0.001,35
4559,2,winter_rapeseed,2,KAS,0.4,24
4559,2,winter_rapeseed,3,KAS,0.8,20
4560,2,winter_rapeseed,1,PK,0.001,35
4560,2,winter_rapeseed,2,KAS,0.4,24
4560,2,winter_rapeseed,3,KAS,0.8,20
4561,2,winter_rapeseed,1,PK,0.001,35
4561,2,winter_rapeseed,2,KAS,0.4,24
4561,2,winter_rapeseed,3,KAS,0.8,20
4562,2,winter_rapeseed,1,PK,0.001,35
4562,2,winter_rapeseed,2,KAS,0.4,24
4562,2,winter_rapeseed,3,KAS,0.8,20
4564,2,winter_rapeseed,1,PK,0.001,35
4564,2,winter_rapeseed,2,KAS,0.4,24
4564,2,winter_rapeseed,3,KAS,0.8,20
4565,2,winter_rapeseed,1,PK,0.001,35
4565,2,winter_rapeseed,2,KAS,0.4,24
4565,2,winter_rapeseed,3,KAS,0.8,20
4566,2,winter_rapeseed,1,PK,0.001,35
4566,2,winter_rapeseed,2,KAS,0.4,24
4566,2,winter_rapeseed,3,KAS,0.8,20
4568,2,winter_rapeseed,1,PK,0.001,35
4568,2,winter_rapeseed,2,KAS,0.4,24
4568,2,winter_rapeseed,3,KAS,0.8,20
4569,2,winter_rapeseed,1,PK,0.001,35
4569,2,winter_rapeseed,2,KAS,0.4,24
4569,2,winter_rapeseed,3,KAS,0.8,20
4574,2,winter_rapeseed,1,PK,0.001,35
4574,2,winter_rapeseed,2,KAS,0.4,24
4574,2,winter_rapeseed,3,KAS,0.8,20
4578,2,winter_rapeseed,1,PK,0.001,35
4578,2,winter_rapeseed,2,KAS,0.4,24
4578,2,winter_rapeseed,3,KAS,0.8,20
4579,2,winter_rapeseed,1,PK,0.001,35
4579,2,winter_rapeseed,2,KAS,0.4,24
4579,2,winter_rapeseed,3,KAS,0.8,20
4580,2,winter_rapeseed,1,PK,0.001,35
4580,2,winter_rapeseed,2,KAS,0.4,24
4580,2,winter_rapeseed,3,KAS,0.8,20
4582,2,winter_rapeseed,1,PK,0.001,35
4582,2,winter_rapeseed,2,KAS,0.4,24
4582,2,winter_rapeseed,3,KAS,0.8,20
4583,2,winter_rapeseed,1,PK,0.001,35
4583,2,winter_rapeseed,2,KAS,0.4,24
4583,2,winter_rapeseed,3,KAS,0.8,20
4585,2,winter_rapeseed,1,PK,0.001,35
4585,2,winter_rapeseed,2,KAS,0.4,24
4585,2,winter_rapeseed,3,KAS,0.8,20
4588,2,winter_rapeseed,1,PK,0.001,35
4588,2,winter_rapeseed,2,KAS,0.4,24
4588,2,winter_rapeseed,3,KAS,0.8,20
4593,2,winter_rapeseed,1,PK,0.001,35
4593,2,winter_rapeseed,2,KAS,0.4,24
4593,2,winter_rapeseed,3,KAS,0.8,20
4599,2,winter_rapeseed,1,PK,0.001,35
4599,2,winter_rapeseed,2,KAS,0.4,24
4599,2,winter_rapeseed,3,KAS,0.8,20
4600,2,winter_rapeseed,1,PK,0.001,35
4600,2,winter_rapeseed,2,KAS,0.4,24
4600,2,winter_rapeseed,3,KAS,0.8,20
4601,2,winter_rapeseed,1,PK,0.001,35
4601,2,winter_rapeseed,2,KAS,0.4,24
4601,2,winter_rapeseed,3,KAS,0.8,20
4603,2,winter_rapeseed,1,PK,0.001,35
4603,2,winter_rapeseed,2,KAS,0.4,24
4603,2,winter_rapeseed,3,KAS,0.8,20
4604,2,winter_rapeseed,1,PK,0.001,35
4604,2,winter_rapeseed,2,KAS,0.4,24
4604,2,winter_rapeseed,3,KAS,0.8,20
4610,2,winter_rapeseed,1,PK,0.001,35
4610,2,winter_rapeseed,2,KAS,0.4,24
4610,2,winter_rapeseed,3,KAS,0.8,20
4611,2,winter_rapeseed,1,PK,0.001,35
4611,2,winter_rapeseed,2,KAS,0.4,24
4611,2,winter_rapeseed,3,KAS,0.8,20
4612,2,winter_rapeseed,1,PK,0.001,35
4612,2,winter_rapeseed,2,KAS,0.4,24
4612,2,winter_rapeseed,3,KAS,0.8,20
4613,2,winter_rapeseed,1,PK,0.001,35
4613,2,winter_rapeseed,2,KAS,0.4,24
4613,2,winter_rapeseed,3,KAS,0.8,20
4614,2,winter_rapeseed,1,PK,0.001,35
4614,2,winter_rapeseed,2,KAS,0.4,24
4614,2,winter_rapeseed,3,KAS,0.8,20
4615,2,winter_rapeseed,1,PK,0.001,35
4615,2,winter_rapeseed,2,KAS,0.4,24
4615,2,winter_rapeseed,3,KAS,0.8,20
4616,2,winter_rapeseed,1,PK,0.001,35
4616,2,winter_rapeseed,2,KAS,0.4,24
4616,2,winter_rapeseed,3,KAS,0.8,20
4617,2,winter_rapeseed,1,PK,0.001,35
4617,2,winter_rapeseed,2,KAS,0.4,24
4617,2,winter_rapeseed,3,KAS,0.8,20
4618,2,winter_rapeseed,1,PK,0.001,35
4618,2,winter_rapeseed,2,KAS,0.4,24
4618,2,winter_rapeseed,3,KAS,0.8,20
4619,2,winter_rapeseed,1,PK,0.001,35
4619,2,winter_rapeseed,2,KAS,0.4,24
4619,2,winter_rapeseed,3,KAS,0.8,20
4620,2,winter_rapeseed,1,PK,0.001,35
4620,2,winter_rapeseed,2,KAS,0.4,24
4620,2,winter_rapeseed,3,KAS,0.8,20
4625,2,winter_rapeseed,1,PK,0.001,35
4625,2,winter_rapeseed,2,KAS,0.4,24
4625,2,winter_rapeseed,3,KAS,0.8,20
4626,2,winter_rapeseed,1,PK,0.001,35
4626,2,winter_rapeseed,2,KAS,0.4,24
4626,2,winter_rapeseed,3,KAS,0.8,20
4627,2,winter_rapeseed,1,PK,0.001,35
4627,2,winter_rapeseed,2,KAS,0.4,24
4627,2,winter_rapeseed,3,KAS,0.8,20
4628,2,winter_rapeseed,1,PK,0.001,35
4628,2,winter_rapeseed,2,KAS,0.4,24
4628,2,winter_rapeseed,3,KAS,0.8,20
4630,2,winter_rapeseed,1,PK,0.001,35
4630,2,winter_rapeseed,2,KAS,0.4,24
4630,2,winter_rapeseed,3,KAS,0.8,20
4631,2,winter_rapeseed,1,PK,0.001,35
4631,2,winter_rapeseed,2,KAS,0.4,24
4631,2,winter_rapeseed,3,KAS,0.8,20
4632,2,winter_rapeseed,1,PK,0.001,35
4632,2,winter_rapeseed,2,KAS,0.4,24
4632,2,winter_rapeseed,3,KAS,0.8,20
4633,2,winter_rapeseed,1,PK,0.001,35
4633,2,winter_rapeseed,2,KAS,0.4,24
4633,2,winter_rapeseed,3,KAS,0.8,20
4634,2,winter_rapeseed,1,PK,0.001,35
4634,2,winter_rapeseed,2,KAS,0.4,24
4634,2,winter_rapeseed,3,KAS,0.8,20
4636,2,winter_rapeseed,1,PK,0.001,35
4636,2,winter_rapeseed,2,KAS,0.4,24
4636,2,winter_rapeseed,3,KAS,0.8,20
4637,2,winter_rapeseed,1,PK,0.001,35
4637,2,winter_rapeseed,2,KAS,0.4,24
4637,2,winter_rapeseed,3,KAS,0.8,20
4638,2,winter_rapeseed,1,PK,0.001,35
4638,2,winter_rapeseed,2,KAS,0.4,24
4638,2,winter_rapeseed,3,KAS,0.8,20
4639,2,winter_rapeseed,1,PK,0.001,35
4639,2,winter_rapeseed,2,KAS,0.4,24
4639,2,winter_rapeseed,3,KAS,0.8,20
4641,2,winter_rapeseed,1,PK,0.001,35
4641,2,winter_rapeseed,2,KAS,0.4,24
4641,2,winter_rapeseed,3,KAS,0.8,20
4645,2,winter_rapeseed,1,PK,0.001,35
4645,2,winter_rapeseed,2,KAS,0.4,24
4645,2,winter_rapeseed,3,KAS,0.8,20
4651,2,winter_rapeseed,1,PK,0.001,35
4651,2,winter_rapeseed,2,KAS,0.4,24
4651,2,winter_rapeseed,3,KAS,0.8,20
4653,2,winter_rapeseed,1,PK,0.001,35
4653,2,winter_rapeseed,2,KAS,0.4,24
4653,2,winter_rapeseed,3,KAS,0.8,20
4655,2,winter_rapeseed,1,PK,0.001,35
4655,2,winter_rapeseed,2,KAS,0.4,24
4655,2,winter_rapeseed,3,KAS,0.8,20
4656,2,winter_rapeseed,1,PK,0.001,35
4656,2,winter_rapeseed,2,KAS,0.4,24
4656,2,winter_rapeseed,3,KAS,0.8,20
4657,2,winter_rapeseed,1,PK,0.001,35
4657,2,winter_rapeseed,2,KAS,0.4,24
4657,2,winter_rapeseed,3,KAS,0.8,20
4661,2,winter_rapeseed,1,PK,0.001,35
4661,2,winter_rapeseed,2,KAS,0.4,24
4661,2,winter_rapeseed,3,KAS,0.8,20
4662,2,winter_rapeseed,1,PK,0.001,35
4662,2,winter_rapeseed,2,KAS,0.4,24
4662,2,winter_rapeseed,3,KAS,0.8,20
4664,2,winter_rapeseed,1,PK,0.001,35
4664,2,winter_rapeseed,2,KAS,0.4,24
4664,2,winter_rapeseed,3,KAS,0.8,20
4666,2,winter_rapeseed,1,PK,0.001,35
4666,2,winter_rapeseed,2,KAS,0.4,24
4666,2,winter_rapeseed,3,KAS,0.8,20
4667,2,winter_rapeseed,1,PK,0.001,35
4667,2,winter_rapeseed,2,KAS,0.4,24
4667,2,winter_rapeseed,3,KAS,0.8,20
4668,2,winter_rapeseed,1,PK,0.001,35
4668,2,winter_rapeseed,2,KAS,0.4,24
4668,2,winter_rapeseed,3,KAS,0.8,20
4669,2,winter_rapeseed,1,PK,0.001,35
4669,2,winter_rapeseed,2,KAS,0.4,24
4669,2,winter_rapeseed,3,KAS,0.8,20
4672,2,winter_rapeseed,1,PK,0.001,35
4672,2,winter_rapeseed,2,KAS,0.4,24
4672,2,winter_rapeseed,3,KAS,0.8,20
4673,2,winter_rapeseed,1,PK,0.001,35
4673,2,winter_rapeseed,2,KAS,0.4,24
4673,2,winter_rapeseed,3,KAS,0.8,20
4674,2,winter_rapeseed,1,PK,0.001,35
4674,2,winter_rapeseed,2,KAS,0.4,24
4674,2,winter_rapeseed,3,KAS,0.8,20
4675,2,winter_rapeseed,1,PK,0.001,35
4675,2,winter_rapeseed,2,KAS,0.4,24
4675,2,winter_rapeseed,3,KAS,0.8,20
4676,2,winter_rapeseed,1,PK,0.001,35
4676,2,winter_rapeseed,2,KAS,0.4,24
4676,2,winter_rapeseed,3,KAS,0.8,20
4677,2,winter_rapeseed,1,PK,0.001,35
4677,2,winter_rapeseed,2,KAS,0.4,24
4677,2,winter_rapeseed,3,KAS,0.8,20
4683,2,winter_rapeseed,1,PK,0.001,35
4683,2,winter_rapeseed,2,KAS,0.4,24
4683,2,winter_rapeseed,3,KAS,0.8,20
4684,2,winter_rapeseed,1,PK,0.001,35
4684,2,winter_rapeseed,2,KAS,0.4,24
4684,2,winter_rapeseed,3,KAS,0.8,20
4685,2,winter_rapeseed,1,PK,0.001,35
4685,2,winter_rapeseed,2,KAS,0.4,24
4685,2,winter_rapeseed,3,KAS,0.8,20
4686,2,winter_rapeseed,1,PK,0.001,35
4686,2,winter_rapeseed,2,KAS,0.4,24
4686,2,winter_rapeseed,3,KAS,0.8,20
4687,2,winter_rapeseed,1,PK,0.001,35
4687,2,winter_rapeseed,2,KAS,0.4,24
4687,2,winter_rapeseed,3,KAS,0.8,20
4690,2,winter_rapeseed,1,PK,0.001,35
4690,2,winter_rapeseed,2,KAS,0.4,24
4690,2,winter_rapeseed,3,KAS,0.8,20
4691,2,winter_rapeseed,1,PK,0.001,35
4691,2,winter_rapeseed,2,KAS,0.4,24
4691,2,winter_rapeseed,3,KAS,0.8,20
4693,2,winter_rapeseed,1,PK,0.001,35
4693,2,winter_rapeseed,2,KAS,0.4,24
4693,2,winter_rapeseed,3,KAS,0.8,20
4694,2,winter_rapeseed,1,PK,0.001,35
4694,2,winter_rapeseed,2,KAS,0.4,24
4694,2,winter_rapeseed,3,KAS,0.8,20
4695,2,winter_rapeseed,1,PK,0.001,35
4695,2,winter_rapeseed,2,KAS,0.4,24
4695,2,winter_rapeseed,3,KAS,0.8,20
4698,2,winter_rapeseed,1,PK,0.001,35
4698,2,winter_rapeseed,2,KAS,0.4,24
4698,2,winter_rapeseed,3,KAS,0.8,20
4704,2,winter_rapeseed,1,PK,0.001,35
4704,2,winter_rapeseed,2,KAS,0.4,24
4704,2,winter_rapeseed,3,KAS,0.8,20
4706,2,winter_rapeseed,1,PK,0.001,35
4706,2,winter_rapeseed,2,KAS,0.4,24
4706,2,winter_rapeseed,3,KAS,0.8,20
4709,2,winter_rapeseed,1,PK,0.001,35
4709,2,winter_rapeseed,2,KAS,0.4,24
4709,2,winter_rapeseed,3,KAS,0.8,20
4710,2,winter_rapeseed,1,PK,0.001,35
4710,2,winter_rapeseed,2,KAS,0.4,24
4710,2,winter_rapeseed,3,KAS,0.8,20
4712,2,winter_rapeseed,1,PK,0.001,35
4712,2,winter_rapeseed,2,KAS,0.4,24
4712,2,winter_rapeseed,3,KAS,0.8,20
4713,2,winter_rapeseed,1,PK,0.001,35
4713,2,winter_rapeseed,2,KAS,0.4,24
4713,2,winter_rapeseed,3,KAS,0.8,20
4717,2,winter_rapeseed,1,PK,0.001,35
4717,2,winter_rapeseed,2,KAS,0.4,24
4717,2,winter_rapeseed,3,KAS,0.8,20
4720,2,winter_rapeseed,1,PK,0.001,35
4720,2,winter_rapeseed,2,KAS,0.4,24
4720,2,winter_rapeseed,3,KAS,0.8,20
4724,2,winter_rapeseed,1,PK,0.001,35
4724,2,winter_rapeseed,2,KAS,0.4,24
4724,2,winter_rapeseed,3,KAS,0.8,20
4725,2,winter_rapeseed,1,PK,0.001,35
4725,2,winter_rapeseed,2,KAS,0.4,24
4725,2,winter_rapeseed,3,KAS,0.8,20
4729,2,winter_rapeseed,1,PK,0.001,35
4729,2,winter_rapeseed,2,KAS,0.4,24
4729,2,winter_rapeseed,3,KAS,0.8,20
4730,2,winter_rapeseed,1,PK,0.001,35
4730,2,winter_rapeseed,2,KAS,0.4,24
4730,2,winter_rapeseed,3,KAS,0.8,20
4733,2,winter_rapeseed,1,PK,0.001,35
4733,2,winter_rapeseed,2,KAS,0.4,24
4733,2,winter_rapeseed,3,KAS,0.8,20
4734,2,winter_rapeseed,1,PK,0.001,35
4734,2,winter_rapeseed,2,KAS,0.4,24
4734,2,winter_rapeseed,3,KAS,0.8,20
4739,2,winter_rapeseed,1,PK,0.001,35
4739,2,winter_rapeseed,2,KAS,0.4,24
4739,2,winter_rapeseed,3,KAS,0.8,20
4740,2,winter_rapeseed,1,PK,0.001,35
4740,2,winter_rapeseed,2,KAS,0.4,24
4740,2,winter_rapeseed,3,KAS,0.8,20
4741,2,winter_rapeseed,1,PK,0.001,35
4741,2,winter_rapeseed,2,KAS,0.4,24
4741,2,winter_rapeseed,3,KAS,0.8,20
4743,2,winter_rapeseed,1,PK,0.001,35
4743,2,winter_rapeseed,2,KAS,0.4,24
4743,2,winter_rapeseed,3,KAS,0.8,20
4745,2,winter_rapeseed,1,PK,0.001,35
4745,2,winter_rapeseed,2,KAS,0.4,24
4745,2,winter_rapeseed,3,KAS,0.8,20
4746,2,winter_rapeseed,1,PK,0.001,35
4746,2,winter_rapeseed,2,KAS,0.4,24
4746,2,winter_rapeseed,3,KAS,0.8,20
4750,2,winter_rapeseed,1,PK,0.001,35
4750,2,winter_rapeseed,2,KAS,0.4,24
4750,2,winter_rapeseed,3,KAS,0.8,20
4752,2,winter_rapeseed,1,PK,0.001,35
4752,2,winter_rapeseed,2,KAS,0.4,24
4752,2,winter_rapeseed,3,KAS,0.8,20
4756,2,winter_rapeseed,1,PK,0.001,35
4756,2,winter_rapeseed,2,KAS,0.4,24
4756,2,winter_rapeseed,3,KAS,0.8,20
4757,2,winter_rapeseed,1,PK,0.001,35
4757,2,winter_rapeseed,2,KAS,0.4,24
4757,2,winter_rapeseed,3,KAS,0.8,20
4759,2,winter_rapeseed,1,PK,0.001,35
4759,2,winter_rapeseed,2,KAS,0.4,24
4759,2,winter_rapeseed,3,KAS,0.8,20
4760,2,winter_rapeseed,1,PK,0.001,35
4760,2,winter_rapeseed,2,KAS,0.4,24
4760,2,winter_rapeseed,3,KAS,0.8,20
4764,2,winter_rapeseed,1,PK,0.001,35
4764,2,winter_rapeseed,2,KAS,0.4,24
4764,2,winter_rapeseed,3,KAS,0.8,20
4765,2,winter_rapeseed,1,PK,0.001,35
4765,2,winter_rapeseed,2,KAS,0.4,24
4765,2,winter_rapeseed,3,KAS,0.8,20
4766,2,winter_rapeseed,1,PK,0.001,35
4766,2,winter_rapeseed,2,KAS,0.4,24
4766,2,winter_rapeseed,3,KAS,0.8,20
4770,2,winter_rapeseed,1,PK,0.001,35
4770,2,winter_rapeseed,2,KAS,0.4,24
4770,2,winter_rapeseed,3,KAS,0.8,20
4773,2,winter_rapeseed,1,PK,0.001,35
4773,2,winter_rapeseed,2,KAS,0.4,24
4773,2,winter_rapeseed,3,KAS,0.8,20
4776,2,winter_rapeseed,1,PK,0.001,35
4776,2,winter_rapeseed,2,KAS,0.4,24
4776,2,winter_rapeseed,3,KAS,0.8,20
4777,2,winter_rapeseed,1,PK,0.001,35
4777,2,winter_rapeseed,2,KAS,0.4,24
4777,2,winter_rapeseed,3,KAS,0.8,20
4779,2,winter_rapeseed,1,PK,0.001,35
4779,2,winter_rapeseed,2,KAS,0.4,24
4779,2,winter_rapeseed,3,KAS,0.8,20
4781,2,winter_rapeseed,1,PK,0.001,35
4781,2,winter_rapeseed,2,KAS,0.4,24
4781,2,winter_rapeseed,3,KAS,0.8,20
4782,2,winter_rapeseed,1,PK,0.001,35
4782,2,winter_rapeseed,2,KAS,0.4,24
4782,2,winter_rapeseed,3,KAS,0.8,20
4783,2,winter_rapeseed,1,PK,0.001,35
4783,2,winter_rapeseed,2,KAS,0.4,24
4783,2,winter_rapeseed,3,KAS,0.8,20
4786,2,winter_rapeseed,1,PK,0.001,35
4786,2,winter_rapeseed,2,KAS,0.4,24
4786,2,winter_rapeseed,3,KAS,0.8,20
4787,2,winter_rapeseed,1,PK,0.001,35
4787,2,winter_rapeseed,2,KAS,0.4,24
4787,2,winter_rapeseed,3,KAS,0.8,20
4788,2,winter_rapeseed,1,PK,0.001,35
4788,2,winter_rapeseed,2,KAS,0.4,24
4788,2,winter_rapeseed,3,KAS,0.8,20
4789,2,winter_rapeseed,1,PK,0.001,35
4789,2,winter_rapeseed,2,KAS,0.4,24
4789,2,winter_rapeseed,3,KAS,0.8,20
4790,2,winter_rapeseed,1,PK,0.001,35
4790,2,winter_rapeseed,2,KAS,0.4,24
4790,2,winter_rapeseed,3,KAS,0.8,20
4792,2,winter_rapeseed,1,PK,0.001,35
4792,2,winter_rapeseed,2,KAS,0.4,24
4792,2,winter_rapeseed,3,KAS,0.8,20
4793,2,winter_rapeseed,1,PK,0.001,35
4793,2,winter_rapeseed,2,KAS,0.4,24
4793,2,winter_rapeseed,3,KAS,0.8,20
4794,2,winter_rapeseed,1,PK,0.001,35
4794,2,winter_rapeseed,2,KAS,0.4,24
4794,2,winter_rapeseed,3,KAS,0.8,20
4795,2,winter_rapeseed,1,PK,0.001,35
4795,2,winter_rapeseed,2,KAS,0.4,24
4795,2,winter_rapeseed,3,KAS,0.8,20
4798,2,winter_rapeseed,1,PK,0.001,35
4798,2,winter_rapeseed,2,KAS,0.4,24
4798,2,winter_rapeseed,3,KAS,0.8,20
4800,2,winter_rapeseed,1,PK,0.001,35
4800,2,winter_rapeseed,2,KAS,0.4,24
4800,2,winter_rapeseed,3,KAS,0.8,20
4801,2,winter_rapeseed,1,PK,0.001,35
4801,2,winter_rapeseed,2,KAS,0.4,24
4801,2,winter_rapeseed,3,KAS,0.8,20
4802,2,winter_rapeseed,1,PK,0.001,35
4802,2,winter_rapeseed,2,KAS,0.4,24
4802,2,winter_rapeseed,3,KAS,0.8,20
4803,2,winter_rapeseed,1,PK,0.001,35
4803,2,winter_rapeseed,2,KAS,0.4,24
4803,2,winter_rapeseed,3,KAS,0.8,20
4804,2,winter_rapeseed,1,PK,0.001,35
4804,2,winter_rapeseed,2,KAS,0.4,24
4804,2,winter_rapeseed,3,KAS,0.8,20
4807,2,winter_rapeseed,1,PK,0.001,35
4807,2,winter_rapeseed,2,KAS,0.4,24
4807,2,winter_rapeseed,3,KAS,0.8,20
4824,2,winter_rapeseed,1,PK,0.001,35
4824,2,winter_rapeseed,2,KAS,0.4,24
4824,2,winter_rapeseed,3,KAS,0.8,20
4825,2,winter_rapeseed,1,PK,0.001,35
4825,2,winter_rapeseed,2,KAS,0.4,24
4825,2,winter_rapeseed,3,KAS,0.8,20
4826,2,winter_rapeseed,1,PK,0.001,35
4826,2,winter_rapeseed,2,KAS,0.4,24
4826,2,winter_rapeseed,3,KAS,0.8,20
4828,2,winter_rapeseed,1,PK,0.001,35
4828,2,winter_rapeseed,2,KAS,0.4,24
4828,2,winter_rapeseed,3,KAS,0.8,20
4829,2,winter_rapeseed,1,PK,0.001,35
4829,2,winter_rapeseed,2,KAS,0.4,24
4829,2,winter_rapeseed,3,KAS,0.8,20
4830,2,winter_rapeseed,1,PK,0.001,35
4830,2,winter_rapeseed,2,KAS,0.4,24
4830,2,winter_rapeseed,3,KAS,0.8,20
4831,2,winter_rapeseed,1,PK,0.001,35
4831,2,winter_rapeseed,2,KAS,0.4,24
4831,2,winter_rapeseed,3,KAS,0.8,20
4832,2,winter_rapeseed,1,PK,0.001,35
4832,2,winter_rapeseed,2,KAS,0.4,24
4832,2,winter_rapeseed,3,KAS,0.8,20
4833,2,winter_rapeseed,1,PK,0.001,35
4833,2,winter_rapeseed,2,KAS,0.4,24
4833,2,winter_rapeseed,3,KAS,0.8,20
4834,2,winter_rapeseed,1,PK,0.001,35
4834,2,winter_rapeseed,2,KAS,0.4,24
4834,2,winter_rapeseed,3,KAS,0.8,20
4835,2,winter_rapeseed,1,PK,0.001,35
4835,2,winter_rapeseed,2,KAS,0.4,24
4835,2,winter_rapeseed,3,KAS,0.8,20
4836,2,winter_rapeseed,1,PK,0.001,35
4836,2,winter_rapeseed,2,KAS,0.4,24
4836,2,winter_rapeseed,3,KAS,0.8,20
4839,2,winter_rapeseed,1,PK,0.001,35
4839,2,winter_rapeseed,2,KAS,0.4,24
4839,2,winter_rapeseed,3,KAS,0.8,20
4841,2,winter_rapeseed,1,PK,0.001,35
4841,2,winter_rapeseed,2,KAS,0.4,24
4841,2,winter_rapeseed,3,KAS,0.8,20
4842,2,winter_rapeseed,1,PK,0.001,35
4842,2,winter_rapeseed,2,KAS,0.4,24
4842,2,winter_rapeseed,3,KAS,0.8,20
4843,2,winter_rapeseed,1,PK,0.001,35
4843,2,winter_rapeseed,2,KAS,0.4,24
4843,2,winter_rapeseed,3,KAS,0.8,20
4844,2,winter_rapeseed,1,PK,0.001,35
4844,2,winter_rapeseed,2,KAS,0.4,24
4844,2,winter_rapeseed,3,KAS,0.8,20
4846,2,winter_rapeseed,1,PK,0.001,35
4846,2,winter_rapeseed,2,KAS,0.4,24
4846,2,winter_rapeseed,3,KAS,0.8,20
4848,2,winter_rapeseed,1,PK,0.001,35
4848,2,winter_rapeseed,2,KAS,0.4,24
4848,2,winter_rapeseed,3,KAS,0.8,20
4849,2,winter_rapeseed,1,PK,0.001,35
4849,2,winter_rapeseed,2,KAS,0.4,24
4849,2,winter_rapeseed,3,KAS,0.8,20
4850,2,winter_rapeseed,1,PK,0.001,35
4850,2,winter_rapeseed,2,KAS,0.4,24
4850,2,winter_rapeseed,3,KAS,0.8,20
4851,2,winter_rapeseed,1,PK,0.001,35
4851,2,winter_rapeseed,2,KAS,0.4,24
4851,2,winter_rapeseed,3,KAS,0.8,20
4854,2,winter_rapeseed,1,PK,0.001,35
4854,2,winter_rapeseed,2,KAS,0.4,24
4854,2,winter_rapeseed,3,KAS,0.8,20
4855,2,winter_rapeseed,1,PK,0.001,35
4855,2,winter_rapeseed,2,KAS,0.4,24
4855,2,winter_rapeseed,3,KAS,0.8,20
4858,2,winter_rapeseed,1,PK,0.001,35
4858,2,winter_rapeseed,2,KAS,0.4,24
4858,2,winter_rapeseed,3,KAS,0.8,20
4859,2,winter_rapeseed,1,PK,0.001,35
4859,2,winter_rapeseed,2,KAS,0.4,24
4859,2,winter_rapeseed,3,KAS,0.8,20
4860,2,winter_rapeseed,1,PK,0.001,35
4860,2,winter_rapeseed,2,KAS,0.4,24
4860,2,winter_rapeseed,3,KAS,0.8,20
4863,2,winter_rapeseed,1,PK,0.001,35
4863,2,winter_rapeseed,2,KAS,0.4,24
4863,2,winter_rapeseed,3,KAS,0.8,20
4868,2,winter_rapeseed,1,PK,0.001,35
4868,2,winter_rapeseed,2,KAS,0.4,24
4868,2,winter_rapeseed,3,KAS,0.8,20
4869,2,winter_rapeseed,1,PK,0.001,35
4869,2,winter_rapeseed,2,KAS,0.4,24
4869,2,winter_rapeseed,3,KAS,0.8,20
4871,2,winter_rapeseed,1,PK,0.001,35
4871,2,winter_rapeseed,2,KAS,0.4,24
4871,2,winter_rapeseed,3,KAS,0.8,20
4873,2,winter_rapeseed,1,PK,0.001,35
4873,2,winter_rapeseed,2,KAS,0.4,24
4873,2,winter_rapeseed,3,KAS,0.8,20
4876,2,winter_rapeseed,1,PK,0.001,35
4876,2,winter_rapeseed,2,KAS,0.4,24
4876,2,winter_rapeseed,3,KAS,0.8,20
4877,2,winter_rapeseed,1,PK,0.001,35
4877,2,winter_rapeseed,2,KAS,0.4,24
4877,2,winter_rapeseed,3,KAS,0.8,20
4880,2,winter_rapeseed,1,PK,0.001,35
4880,2,winter_rapeseed,2,KAS,0.4,24
4880,2,winter_rapeseed,3,KAS,0.8,20
4883,2,winter_rapeseed,1,PK,0.001,35
4883,2,winter_rapeseed,2,KAS,0.4,24
4883,2,winter_rapeseed,3,KAS,0.8,20
4884,2,winter_rapeseed,1,PK,0.001,35
4884,2,winter_rapeseed,2,KAS,0.4,24
4884,2,winter_rapeseed,3,KAS,0.8,20
4886,2,winter_rapeseed,1,PK,0.001,35
4886,2,winter_rapeseed,2,KAS,0.4,24
4886,2,winter_rapeseed,3,KAS,0.8,20
4887,2,winter_rapeseed,1,PK,0.001,35
4887,2,winter_rapeseed,2,KAS,0.4,24
4887,2,winter_rapeseed,3,KAS,0.8,20
4889,2,winter_rapeseed,1,PK,0.001,35
4889,2,winter_rapeseed,2,KAS,0.4,24
4889,2,winter_rapeseed,3,KAS,0.8,20
4890,2,winter_rapeseed,1,PK,0.001,35
4890,2,winter_rapeseed,2,KAS,0.4,24
4890,2,winter_rapeseed,3,KAS,0.8,20
4891,2,winter_rapeseed,1,PK,0.001,35
4891,2,winter_rapeseed,2,KAS,0.4,24
4891,2,winter_rapeseed,3,KAS,0.8,20
4892,2,winter_rapeseed,1,PK,0.001,35
4892,2,winter_rapeseed,2,KAS,0.4,24
4892,2,winter_rapeseed,3,KAS,0.8,20
4894,2,winter_rapeseed,1,PK,0.001,35
4894,2,winter_rapeseed,2,KAS,0.4,24
4894,2,winter_rapeseed,3,KAS,0.8,20
4895,2,winter_rapeseed,1,PK,0.001,35
4895,2,winter_rapeseed,2,KAS,0.4,24
4895,2,winter_rapeseed,3,KAS,0.8,20
4896,2,winter_rapeseed,1,PK,0.001,35
4896,2,winter_rapeseed,2,KAS,0.4,24
4896,2,winter_rapeseed,3,KAS,0.8,20
4897,2,winter_rapeseed,1,PK,0.001,35
4897,2,winter_rapeseed,2,KAS,0.4,24
4897,2,winter_rapeseed,3,KAS,0.8,20
4898,2,winter_rapeseed,1,PK,0.001,35
4898,2,winter_rapeseed,2,KAS,0.4,24
4898,2,winter_rapeseed,3,KAS,0.8,20
4899,2,winter_rapeseed,1,PK,0.001,35
4899,2,winter_rapeseed,2,KAS,0.4,24
4899,2,winter_rapeseed,3,KAS,0.8,20
4900,2,winter_rapeseed,1,PK,0.001,35
4900,2,winter_rapeseed,2,KAS,0.4,24
4900,2,winter_rapeseed,3,KAS,0.8,20
4901,2,winter_rapeseed,1,PK,0.001,35
4901,2,winter_rapeseed,2,KAS,0.4,24
4901,2,winter_rapeseed,3,KAS,0.8,20
4902,2,winter_rapeseed,1,PK,0.001,35
4902,2,winter_rapeseed,2,KAS,0.4,24
4902,2,winter_rapeseed,3,KAS,0.8,20
4904,2,winter_rapeseed,1,PK,0.001,35
4904,2,winter_rapeseed,2,KAS,0.4,24
4904,2,winter_rapeseed,3,KAS,0.8,20
4907,2,winter_rapeseed,1,PK,0.001,35
4907,2,winter_rapeseed,2,KAS,0.4,24
4907,2,winter_rapeseed,3,KAS,0.8,20
4909,2,winter_rapeseed,1,PK,0.001,35
4909,2,winter_rapeseed,2,KAS,0.4,24
4909,2,winter_rapeseed,3,KAS,0.8,20
4910,2,winter_rapeseed,1,PK,0.001,35
4910,2,winter_rapeseed,2,KAS,0.4,24
4910,2,winter_rapeseed,3,KAS,0.8,20
4912,2,winter_rapeseed,1,PK,0.001,35
4912,2,winter_rapeseed,2,KAS,0.4,24
4912,2,winter_rapeseed,3,KAS,0.8,20
4918,2,winter_rapeseed,1,PK,0.001,35
4918,2,winter_rapeseed,2,KAS,0.4,24
4918,2,winter_rapeseed,3,KAS,0.8,20
4920,2,winter_rapeseed,1,PK,0.001,35
4920,2,winter_rapeseed,2,KAS,0.4,24
4920,2,winter_rapeseed,3,KAS,0.8,20
4922,2,winter_rapeseed,1,PK,0.001,35
4922,2,winter_rapeseed,2,KAS,0.4,24
4922,2,winter_rapeseed,3,KAS,0.8,20
4925,2,winter_rapeseed,1,PK,0.001,35
4925,2,winter_rapeseed,2,KAS,0.4,24
4925,2,winter_rapeseed,3,KAS,0.8,20
4928,2,winter_rapeseed,1,PK,0.001,35
4928,2,winter_rapeseed,2,KAS,0.4,24
4928,2,winter_rapeseed,3,KAS,0.8,20
4929,2,winter_rapeseed,1,PK,0.001,35
4929,2,winter_rapeseed,2,KAS,0.4,24
4929,2,winter_rapeseed,3,KAS,0.8,20
4930,2,winter_rapeseed,1,PK,0.001,35
4930,2,winter_rapeseed,2,KAS,0.4,24
4930,2,winter_rapeseed,3,KAS,0.8,20
4931,2,winter_rapeseed,1,PK,0.001,35
4931,2,winter_rapeseed,2,KAS,0.4,24
4931,2,winter_rapeseed,3,KAS,0.8,20
4932,2,winter_rapeseed,1,PK,0.001,35
4932,2,winter_rapeseed,2,KAS,0.4,24
4932,2,winter_rapeseed,3,KAS,0.8,20
4933,2,winter_rapeseed,1,PK,0.001,35
4933,2,winter_rapeseed,2,KAS,0.4,24
4933,2,winter_rapeseed,3,KAS,0.8,20
4934,2,winter_rapeseed,1,PK,0.001,35
4934,2,winter_rapeseed,2,KAS,0.4,24
4934,2,winter_rapeseed,3,KAS,0.8,20
4935,2,winter_rapeseed,1,PK,0.001,35
4935,2,winter_rapeseed,2,KAS,0.4,24
4935,2,winter_rapeseed,3,KAS,0.8,20
4937,2,winter_rapeseed,1,PK,0.001,35
4937,2,winter_rapeseed,2,KAS,0.4,24
4937,2,winter_rapeseed,3,KAS,0.8,20
4942,2,winter_rapeseed,1,PK,0.001,35
4942,2,winter_rapeseed,2,KAS,0.4,24
4942,2,winter_rapeseed,3,KAS,0.8,20
4943,2,winter_rapeseed,1,PK,0.001,35
4943,2,winter_rapeseed,2,KAS,0.4,24
4943,2,winter_rapeseed,3,KAS,0.8,20
4945,2,winter_rapeseed,1,PK,0.001,35
4945,2,winter_rapeseed,2,KAS,0.4,24
4945,2,winter_rapeseed,3,KAS,0.8,20
4946,2,winter_rapeseed,1,PK,0.001,35
4946,2,winter_rapeseed,2,KAS,0.4,24
4946,2,winter_rapeseed,3,KAS,0.8,20
4947,2,winter_rapeseed,1,PK,0.001,35
4947,2,winter_rapeseed,2,KAS,0.4,24
4947,2,winter_rapeseed,3,KAS,0.8,20
4948,2,winter_rapeseed,1,PK,0.001,35
4948,2,winter_rapeseed,2,KAS,0.4,24
4948,2,winter_rapeseed,3,KAS,0.8,20
4949,2,winter_rapeseed,1,PK,0.001,35
4949,2,winter_rapeseed,2,KAS,0.4,24
4949,2,winter_rapeseed,3,KAS,0.8,20
4951,2,winter_rapeseed,1,PK,0.001,35
4951,2,winter_rapeseed,2,KAS,0.4,24
4951,2,winter_rapeseed,3,KAS,0.8,20
4952,2,winter_rapeseed,1,PK,0.001,35
4952,2,winter_rapeseed,2,KAS,0.4,24
4952,2,winter_rapeseed,3,KAS,0.8,20
4953,2,winter_rapeseed,1,PK,0.001,35
4953,2,winter_rapeseed,2,KAS,0.4,24
4953,2,winter_rapeseed,3,KAS,0.8,20
4954,2,winter_rapeseed,1,PK,0.001,35
4954,2,winter_rapeseed,2,KAS,0.4,24
4954,2,winter_rapeseed,3,KAS,0.8,20
4955,2,winter_rapeseed,1,PK,0.001,35
4955,2,winter_rapeseed,2,KAS,0.4,24
4955,2,winter_rapeseed,3,KAS,0.8,20
4957,2,winter_rapeseed,1,PK,0.001,35
4957,2,winter_rapeseed,2,KAS,0.4,24
4957,2,winter_rapeseed,3,KAS,0.8,20
4958,2,winter_rapeseed,1,PK,0.001,35
4958,2,winter_rapeseed,2,KAS,0.4,24
4958,2,winter_rapeseed,3,KAS,0.8,20
4960,2,winter_rapeseed,1,PK,0.001,35
4960,2,winter_rapeseed,2,KAS,0.4,24
4960,2,winter_rapeseed,3,KAS,0.8,20
4961,2,winter_rapeseed,1,PK,0.001,35
4961,2,winter_rapeseed,2,KAS,0.4,24
4961,2,winter_rapeseed,3,KAS,0.8,20
4962,2,winter_rapeseed,1,PK,0.001,35
4962,2,winter_rapeseed,2,KAS,0.4,24
4962,2,winter_rapeseed,3,KAS,0.8,20
4963,2,winter_rapeseed,1,PK,0.001,35
4963,2,winter_rapeseed,2,KAS,0.4,24
4963,2,winter_rapeseed,3,KAS,0.8,20
4964,2,winter_rapeseed,1,PK,0.001,35
4964,2,winter_rapeseed,2,KAS,0.4,24
4964,2,winter_rapeseed,3,KAS,0.8,20
4965,2,winter_rapeseed,1,PK,0.001,35
4965,2,winter_rapeseed,2,KAS,0.4,24
4965,2,winter_rapeseed,3,KAS,0.8,20
4966,2,winter_rapeseed,1,PK,0.001,35
4966,2,winter_rapeseed,2,KAS,0.4,24
4966,2,winter_rapeseed,3,KAS,0.8,20
4969,2,winter_rapeseed,1,PK,0.001,35
4969,2,winter_rapeseed,2,KAS,0.4,24
4969,2,winter_rapeseed,3,KAS,0.8,20
4973,2,winter_rapeseed,1,PK,0.001,35
4973,2,winter_rapeseed,2,KAS,0.4,24
4973,2,winter_rapeseed,3,KAS,0.8,20
4975,2,winter_rapeseed,1,PK,0.001,35
4975,2,winter_rapeseed,2,KAS,0.4,24
4975,2,winter_rapeseed,3,KAS,0.8,20
4976,2,winter_rapeseed,1,PK,0.001,35
4976,2,winter_rapeseed,2,KAS,0.4,24
4976,2,winter_rapeseed,3,KAS,0.8,20
4977,2,winter_rapeseed,1,PK,0.001,35
4977,2,winter_rapeseed,2,KAS,0.4,24
4977,2,winter_rapeseed,3,KAS,0.8,20
4978,2,winter_rapeseed,1,PK,0.001,35
4978,2,winter_rapeseed,2,KAS,0.4,24
4978,2,winter_rapeseed,3,KAS,0.8,20
4979,2,winter_rapeseed,1,PK,0.001,35
4979,2,winter_rapeseed,2,KAS,0.4,24
4979,2,winter_rapeseed,3,KAS,0.8,20
4981,2,winter_rapeseed,1,PK,0.001,35
4981,2,winter_rapeseed,2,KAS,0.4,24
4981,2,winter_rapeseed,3,KAS,0.8,20
4982,2,winter_rapeseed,1,PK,0.001,35
4982,2,winter_rapeseed,2,KAS,0.4,24
4982,2,winter_rapeseed,3,KAS,0.8,20
4983,2,winter_rapeseed,1,PK,0.001,35
4983,2,winter_rapeseed,2,KAS,0.4,24
4983,2,winter_rapeseed,3,KAS,0.8,20
4987,2,winter_rapeseed,1,PK,0.001,35
4987,2,winter_rapeseed,2,KAS,0.4,24
4987,2,winter_rapeseed,3,KAS,0.8,20
4988,2,winter_rapeseed,1,PK,0.001,35
4988,2,winter_rapeseed,2,KAS,0.4,24
4988,2,winter_rapeseed,3,KAS,0.8,20
4990,2,winter_rapeseed,1,PK,0.001,35
4990,2,winter_rapeseed,2,KAS,0.4,24
4990,2,winter_rapeseed,3,KAS,0.8,20
4991,2,winter_rapeseed,1,PK,0.001,35
4991,2,winter_rapeseed,2,KAS,0.4,24
4991,2,winter_rapeseed,3,KAS,0.8,20
4992,2,winter_rapeseed,1,PK,0.001,35
4992,2,winter_rapeseed,2,KAS,0.4,24
4992,2,winter_rapeseed,3,KAS,0.8,20
4993,2,winter_rapeseed,1,PK,0.001,35
4993,2,winter_rapeseed,2,KAS,0.4,24
4993,2,winter_rapeseed,3,KAS,0.8,20
4995,2,winter_rapeseed,1,PK,0.001,35
4995,2,winter_rapeseed,2,KAS,0.4,24
4995,2,winter_rapeseed,3,KAS,0.8,20
4996,2,winter_rapeseed,1,PK,0.001,35
4996,2,winter_rapeseed,2,KAS,0.4,24
4996,2,winter_rapeseed,3,KAS,0.8,20
4997,2,winter_rapeseed,1,PK,0.001,35
4997,2,winter_rapeseed,2,KAS,0.4,24
4997,2,winter_rapeseed,3,KAS,0.8,20
4998,2,winter_rapeseed,1,PK,0.001,35
4998,2,winter_rapeseed,2,KAS,0.4,24
4998,2,winter_rapeseed,3,KAS,0.8,20
5002,2,winter_rapeseed,1,PK,0.001,35
5002,2,winter_rapeseed,2,KAS,0.4,24
5002,2,winter_rapeseed,3,KAS,0.8,20
5003,2,winter_rapeseed,1,PK,0.001,35
5003,2,winter_rapeseed,2,KAS,0.4,24
5003,2,winter_rapeseed,3,KAS,0.8,20
5004,2,winter_rapeseed,1,PK,0.001,35
5004,2,winter_rapeseed,2,KAS,0.4,24
5004,2,winter_rapeseed,3,KAS,0.8,20
5005,2,winter_rapeseed,1,PK,0.001,35
5005,2,winter_rapeseed,2,KAS,0.4,24
5005,2,winter_rapeseed,3,KAS,0.8,20
5007,2,winter_rapeseed,1,PK,0.001,35
5007,2,winter_rapeseed,2,KAS,0.4,24
5007,2,winter_rapeseed,3,KAS,0.8,20
5008,2,winter_rapeseed,1,PK,0.001,35
5008,2,winter_rapeseed,2,KAS,0.4,24
5008,2,winter_rapeseed,3,KAS,0.8,20
5010,2,winter_rapeseed,1,PK,0.001,35
5010,2,winter_rapeseed,2,KAS,0.4,24
5010,2,winter_rapeseed,3,KAS,0.8,20
5011,2,winter_rapeseed,1,PK,0.001,35
5011,2,winter_rapeseed,2,KAS,0.4,24
5011,2,winter_rapeseed,3,KAS,0.8,20
5012,2,winter_rapeseed,1,PK,0.001,35
5012,2,winter_rapeseed,2,KAS,0.4,24
5012,2,winter_rapeseed,3,KAS,0.8,20
5013,2,winter_rapeseed,1,PK,0.001,35
5013,2,winter_rapeseed,2,KAS,0.4,24
5013,2,winter_rapeseed,3,KAS,0.8,20
5014,2,winter_rapeseed,1,PK,0.001,35
5014,2,winter_rapeseed,2,KAS,0.4,24
5014,2,winter_rapeseed,3,KAS,0.8,20
5015,2,winter_rapeseed,1,PK,0.001,35
5015,2,winter_rapeseed,2,KAS,0.4,24
5015,2,winter_rapeseed,3,KAS,0.8,20
5022,2,winter_rapeseed,1,PK,0.001,35
5022,2,winter_rapeseed,2,KAS,0.4,24
5022,2,winter_rapeseed,3,KAS,0.8,20
5023,2,winter_rapeseed,1,PK,0.001,35
5023,2,winter_rapeseed,2,KAS,0.4,24
5023,2,winter_rapeseed,3,KAS,0.8,20
5024,2,winter_rapeseed,1,PK,0.001,35
5024,2,winter_rapeseed,2,KAS,0.4,24
5024,2,winter_rapeseed,3,KAS,0.8,20
5026,2,winter_rapeseed,1,PK,0.001,35
5026,2,winter_rapeseed,2,KAS,0.4,24
5026,2,winter_rapeseed,3,KAS,0.8,20
5030,2,winter_rapeseed,1,PK,0.001,35
5030,2,winter_rapeseed,2,KAS,0.4,24
5030,2,winter_rapeseed,3,KAS,0.8,20
5031,2,winter_rapeseed,1,PK,0.001,35
5031,2,winter_rapeseed,2,KAS,0.4,24
5031,2,winter_rapeseed,3,KAS,0.8,20
5033,2,winter_rapeseed,1,PK,0.001,35
5033,2,winter_rapeseed,2,KAS,0.4,24
5033,2,winter_rapeseed,3,KAS,0.8,20
5038,2,winter_rapeseed,1,PK,0.001,35
5038,2,winter_rapeseed,2,KAS,0.4,24
5038,2,winter_rapeseed,3,KAS,0.8,20
5040,2,winter_rapeseed,1,PK,0.001,35
5040,2,winter_rapeseed,2,KAS,0.4,24
5040,2,winter_rapeseed,3,KAS,0.8,20
5042,2,winter_rapeseed,1,PK,0.001,35
5042,2,winter_rapeseed,2,KAS,0.4,24
5042,2,winter_rapeseed,3,KAS,0.8,20
5043,2,winter_rapeseed,1,PK,0.001,35
5043,2,winter_rapeseed,2,KAS,0.4,24
5043,2,winter_rapeseed,3,KAS,0.8,20
5046,2,winter_rapeseed,1,PK,0.001,35
5046,2,winter_rapeseed,2,KAS,0.4,24
5046,2,winter_rapeseed,3,KAS,0.8,20
5047,2,winter_rapeseed,1,PK,0.001,35
5047,2,winter_rapeseed,2,KAS,0.4,24
5047,2,winter_rapeseed,3,KAS,0.8,20
5048,2,winter_rapeseed,1,PK,0.001,35
5048,2,winter_rapeseed,2,KAS,0.4,24
5048,2,winter_rapeseed,3,KAS,0.8,20
5049,2,winter_rapeseed,1,PK,0.001,35
5049,2,winter_rapeseed,2,KAS,0.4,24
5049,2,winter_rapeseed,3,KAS,0.8,20
5051,2,winter_rapeseed,1,PK,0.001,35
5051,2,winter_rapeseed,2,KAS,0.4,24
5051,2,winter_rapeseed,3,KAS,0.8,20
5054,2,winter_rapeseed,1,PK,0.001,35
5054,2,winter_rapeseed,2,KAS,0.4,24
5054,2,winter_rapeseed,3,KAS,0.8,20
5055,2,winter_rapeseed,1,PK,0.001,35
5055,2,winter_rapeseed,2,KAS,0.4,24
5055,2,winter_rapeseed,3,KAS,0.8,20
5056,2,winter_rapeseed,1,PK,0.001,35
5056,2,winter_rapeseed,2,KAS,0.4,24
5056,2,winter_rapeseed,3,KAS,0.8,20
5057,2,winter_rapeseed,1,PK,0.001,35
5057,2,winter_rapeseed,2,KAS,0.4,24
5057,2,winter_rapeseed,3,KAS,0.8,20
5059,2,winter_rapeseed,1,PK,0.001,35
5059,2,winter_rapeseed,2,KAS,0.4,24
5059,2,winter_rapeseed,3,KAS,0.8,20
5060,2,winter_rapeseed,1,PK,0.001,35
5060,2,winter_rapeseed,2,KAS,0.4,24
5060,2,winter_rapeseed,3,KAS,0.8,20
5061,2,winter_rapeseed,1,PK,0.001,35
5061,2,winter_rapeseed,2,KAS,0.4,24
5061,2,winter_rapeseed,3,KAS,0.8,20
5065,2,winter_rapeseed,1,PK,0.001,35
5065,2,winter_rapeseed,2,KAS,0.4,24
5065,2,winter_rapeseed,3,KAS,0.8,20
5066,2,winter_rapeseed,1,PK,0.001,35
5066,2,winter_rapeseed,2,KAS,0.4,24
5066,2,winter_rapeseed,3,KAS,0.8,20
5067,2,winter_rapeseed,1,PK,0.001,35
5067,2,winter_rapeseed,2,KAS,0.4,24
5067,2,winter_rapeseed,3,KAS,0.8,20
5070,2,winter_rapeseed,1,PK,0.001,35
5070,2,winter_rapeseed,2,KAS,0.4,24
5070,2,winter_rapeseed,3,KAS,0.8,20
5071,2,winter_rapeseed,1,PK,0.001,35
5071,2,winter_rapeseed,2,KAS,0.4,24
5071,2,winter_rapeseed,3,KAS,0.8,20
5072,2,winter_rapeseed,1,PK,0.001,35
5072,2,winter_rapeseed,2,KAS,0.4,24
5072,2,winter_rapeseed,3,KAS,0.8,20
5073,2,winter_rapeseed,1,PK,0.001,35
5073,2,winter_rapeseed,2,KAS,0.4,24
5073,2,winter_rapeseed,3,KAS,0.8,20
5074,2,winter_rapeseed,1,PK,0.001,35
5074,2,winter_rapeseed,2,KAS,0.4,24
5074,2,winter_rapeseed,3,KAS,0.8,20
5076,2,winter_rapeseed,1,PK,0.001,35
5076,2,winter_rapeseed,2,KAS,0.4,24
5076,2,winter_rapeseed,3,KAS,0.8,20
5080,2,winter_rapeseed,1,PK,0.001,35
5080,2,winter_rapeseed,2,KAS,0.4,24
5080,2,winter_rapeseed,3,KAS,0.8,20
5081,2,winter_rapeseed,1,PK,0.001,35
5081,2,winter_rapeseed,2,KAS,0.4,24
5081,2,winter_rapeseed,3,KAS,0.8,20
5084,2,winter_rapeseed,1,PK,0.001,35
5084,2,winter_rapeseed,2,KAS,0.4,24
5084,2,winter_rapeseed,3,KAS,0.8,20
5088,2,winter_rapeseed,1,PK,0.001,35
5088,2,winter_rapeseed,2,KAS,0.4,24
5088,2,winter_rapeseed,3,KAS,0.8,20
5090,2,winter_rapeseed,1,PK,0.001,35
5090,2,winter_rapeseed,2,KAS,0.4,24
5090,2,winter_rapeseed,3,KAS,0.8,20
5091,2,winter_rapeseed,1,PK,0.001,35
5091,2,winter_rapeseed,2,KAS,0.4,24
5091,2,winter_rapeseed,3,KAS,0.8,20
5096,2,winter_rapeseed,1,PK,0.001,35
5096,2,winter_rapeseed,2,KAS,0.4,24
5096,2,winter_rapeseed,3,KAS,0.8,20
5097,2,winter_rapeseed,1,PK,0.001,35
5097,2,winter_rapeseed,2,KAS,0.4,24
5097,2,winter_rapeseed,3,KAS,0.8,20
5098,2,winter_rapeseed,1,PK,0.001,35
5098,2,winter_rapeseed,2,KAS,0.4,24
5098,2,winter_rapeseed,3,KAS,0.8,20
5102,2,winter_rapeseed,1,PK,0.001,35
5102,2,winter_rapeseed,2,KAS,0.4,24
5102,2,winter_rapeseed,3,KAS,0.8,20
5103,2,winter_rapeseed,1,PK,0.001,35
5103,2,winter_rapeseed,2,KAS,0.4,24
5103,2,winter_rapeseed,3,KAS,0.8,20
5104,2,winter_rapeseed,1,PK,0.001,35
5104,2,winter_rapeseed,2,KAS,0.4,24
5104,2,winter_rapeseed,3,KAS,0.8,20
5108,2,winter_rapeseed,1,PK,0.001,35
5108,2,winter_rapeseed,2,KAS,0.4,24
5108,2,winter_rapeseed,3,KAS,0.8,20
5109,2,winter_rapeseed,1,PK,0.001,35
5109,2,winter_rapeseed,2,KAS,0.4,24
5109,2,winter_rapeseed,3,KAS,0.8,20
5110,2,winter_rapeseed,1,PK,0.001,35
5110,2,winter_rapeseed,2,KAS,0.4,24
5110,2,winter_rapeseed,3,KAS,0.8,20
5111,2,winter_rapeseed,1,PK,0.001,35
5111,2,winter_rapeseed,2,KAS,0.4,24
5111,2,winter_rapeseed,3,KAS,0.8,20
5114,2,winter_rapeseed,1,PK,0.001,35
5114,2,winter_rapeseed,2,KAS,0.4,24
5114,2,winter_rapeseed,3,KAS,0.8,20
5115,2,winter_rapeseed,1,PK,0.001,35
5115,2,winter_rapeseed,2,KAS,0.4,24
5115,2,winter_rapeseed,3,KAS,0.8,20
5116,2,winter_rapeseed,1,PK,0.001,35
5116,2,winter_rapeseed,2,KAS,0.4,24
5116,2,winter_rapeseed,3,KAS,0.8,20
5117,2,winter_rapeseed,1,PK,0.001,35
5117,2,winter_rapeseed,2,KAS,0.4,24
5117,2,winter_rapeseed,3,KAS,0.8,20
5121,2,winter_rapeseed,1,PK,0.001,35
5121,2,winter_rapeseed,2,KAS,0.4,24
5121,2,winter_rapeseed,3,KAS,0.8,20
5122,2,winter_rapeseed,1,PK,0.001,35
5122,2,winter_rapeseed,2,KAS,0.4,24
5122,2,winter_rapeseed,3,KAS,0.8,20
5123,2,winter_rapeseed,1,PK,0.001,35
5123,2,winter_rapeseed,2,KAS,0.4,24
5123,2,winter_rapeseed,3,KAS,0.8,20
5124,2,winter_rapeseed,1,PK,0.001,35
5124,2,winter_rapeseed,2,KAS,0.4,24
5124,2,winter_rapeseed,3,KAS,0.8,20
5128,2,winter_rapeseed,1,PK,0.001,35
5128,2,winter_rapeseed,2,KAS,0.4,24
5128,2,winter_rapeseed,3,KAS,0.8,20
5130,2,winter_rapeseed,1,PK,0.001,35
5130,2,winter_rapeseed,2,KAS,0.4,24
5130,2,winter_rapeseed,3,KAS,0.8,20
5131,2,winter_rapeseed,1,PK,0.001,35
5131,2,winter_rapeseed,2,KAS,0.4,24
5131,2,winter_rapeseed,3,KAS,0.8,20
5132,2,winter_rapeseed,1,PK,0.001,35
5132,2,winter_rapeseed,2,KAS,0.4,24
5132,2,winter_rapeseed,3,KAS,0.8,20
5133,2,winter_rapeseed,1,PK,0.001,35
5133,2,winter_rapeseed,2,KAS,0.4,24
5133,2,winter_rapeseed,3,KAS,0.8,20
5134,2,winter_rapeseed,1,PK,0.001,35
5134,2,winter_rapeseed,2,KAS,0.4,24
5134,2,winter_rapeseed,3,KAS,0.8,20
5135,2,winter_rapeseed,1,PK,0.001,35
5135,2,winter_rapeseed,2,KAS,0.4,24
5135,2,winter_rapeseed,3,KAS,0.8,20
5136,2,winter_rapeseed,1,PK,0.001,35
5136,2,winter_rapeseed,2,KAS,0.4,24
5136,2,winter_rapeseed,3,KAS,0.8,20
5137,2,winter_rapeseed,1,PK,0.001,35
5137,2,winter_rapeseed,2,KAS,0.4,24
5137,2,winter_rapeseed,3,KAS,0.8,20
5138,2,winter_rapeseed,1,PK,0.001,35
5138,2,winter_rapeseed,2,KAS,0.4,24
5138,2,winter_rapeseed,3,KAS,0.8,20
5139,2,winter_rapeseed,1,PK,0.001,35
5139,2,winter_rapeseed,2,KAS,0.4,24
5139,2,winter_rapeseed,3,KAS,0.8,20
5140,2,winter_rapeseed,1,PK,0.001,35
5140,2,winter_rapeseed,2,KAS,0.4,24
5140,2,winter_rapeseed,3,KAS,0.8,20
5141,2,winter_rapeseed,1,PK,0.001,35
5141,2,winter_rapeseed,2,KAS,0.4,24
5141,2,winter_rapeseed,3,KAS,0.8,20
5144,2,winter_rapeseed,1,PK,0.001,35
5144,2,winter_rapeseed,2,KAS,0.4,24
5144,2,winter_rapeseed,3,KAS,0.8,20
5145,2,winter_rapeseed,1,PK,0.001,35
5145,2,winter_rapeseed,2,KAS,0.4,24
5145,2,winter_rapeseed,3,KAS,0.8,20
5146,2,winter_rapeseed,1,PK,0.001,35
5146,2,winter_rapeseed,2,KAS,0.4,24
5146,2,winter_rapeseed,3,KAS,0.8,20
5148,2,winter_rapeseed,1,PK,0.001,35
5148,2,winter_rapeseed,2,KAS,0.4,24
5148,2,winter_rapeseed,3,KAS,0.8,20
5150,2,winter_rapeseed,1,PK,0.001,35
5150,2,winter_rapeseed,2,KAS,0.4,24
5150,2,winter_rapeseed,3,KAS,0.8,20
5152,2,winter_rapeseed,1,PK,0.001,35
5152,2,winter_rapeseed,2,KAS,0.4,24
5152,2,winter_rapeseed,3,KAS,0.8,20
5153,2,winter_rapeseed,1,PK,0.001,35
5153,2,winter_rapeseed,2,KAS,0.4,24
5153,2,winter_rapeseed,3,KAS,0.8,20
5154,2,winter_rapeseed,1,PK,0.001,35
5154,2,winter_rapeseed,2,KAS,0.4,24
5154,2,winter_rapeseed,3,KAS,0.8,20
5155,2,winter_rapeseed,1,PK,0.001,35
5155,2,winter_rapeseed,2,KAS,0.4,24
5155,2,winter_rapeseed,3,KAS,0.8,20
5157,2,winter_rapeseed,1,PK,0.001,35
5157,2,winter_rapeseed,2,KAS,0.4,24
5157,2,winter_rapeseed,3,KAS,0.8,20
5159,2,winter_rapeseed,1,PK,0.001,35
5159,2,winter_rapeseed,2,KAS,0.4,24
5159,2,winter_rapeseed,3,KAS,0.8,20
5162,2,winter_rapeseed,1,PK,0.001,35
5162,2,winter_rapeseed,2,KAS,0.4,24
5162,2,winter_rapeseed,3,KAS,0.8,20
5163,2,winter_rapeseed,1,PK,0.001,35
5163,2,winter_rapeseed,2,KAS,0.4,24
5163,2,winter_rapeseed,3,KAS,0.8,20
5164,2,winter_rapeseed,1,PK,0.001,35
5164,2,winter_rapeseed,2,KAS,0.4,24
5164,2,winter_rapeseed,3,KAS,0.8,20
5165,2,winter_rapeseed,1,PK,0.001,35
5165,2,winter_rapeseed,2,KAS,0.4,24
5165,2,winter_rapeseed,3,KAS,0.8,20
5166,2,winter_rapeseed,1,PK,0.001,35
5166,2,winter_rapeseed,2,KAS,0.4,24
5166,2,winter_rapeseed,3,KAS,0.8,20
5168,2,winter_rapeseed,1,PK,0.001,35
5168,2,winter_rapeseed,2,KAS,0.4,24
5168,2,winter_rapeseed,3,KAS,0.8,20
5176,2,winter_rapeseed,1,PK,0.001,35
5176,2,winter_rapeseed,2,KAS,0.4,24
5176,2,winter_rapeseed,3,KAS,0.8,20
5178,2,winter_rapeseed,1,PK,0.001,35
5178,2,winter_rapeseed,2,KAS,0.4,24
5178,2,winter_rapeseed,3,KAS,0.8,20
5180,2,winter_rapeseed,1,PK,0.001,35
5180,2,winter_rapeseed,2,KAS,0.4,24
5180,2,winter_rapeseed,3,KAS,0.8,20
5181,2,winter_rapeseed,1,PK,0.001,35
5181,2,winter_rapeseed,2,KAS,0.4,24
5181,2,winter_rapeseed,3,KAS,0.8,20
5182,2,winter_rapeseed,1,PK,0.001,35
5182,2,winter_rapeseed,2,KAS,0.4,24
5182,2,winter_rapeseed,3,KAS,0.8,20
5183,2,winter_rapeseed,1,PK,0.001,35
5183,2,winter_rapeseed,2,KAS,0.4,24
5183,2,winter_rapeseed,3,KAS,0.8,20
5184,2,winter_rapeseed,1,PK,0.001,35
5184,2,winter_rapeseed,2,KAS,0.4,24
5184,2,winter_rapeseed,3,KAS,0.8,20
5186,2,winter_rapeseed,1,PK,0.001,35
5186,2,winter_rapeseed,2,KAS,0.4,24
5186,2,winter_rapeseed,3,KAS,0.8,20
5187,2,winter_rapeseed,1,PK,0.001,35
5187,2,winter_rapeseed,2,KAS,0.4,24
5187,2,winter_rapeseed,3,KAS,0.8,20
5189,2,winter_rapeseed,1,PK,0.001,35
5189,2,winter_rapeseed,2,KAS,0.4,24
5189,2,winter_rapeseed,3,KAS,0.8,20
5191,2,winter_rapeseed,1,PK,0.001,35
5191,2,winter_rapeseed,2,KAS,0.4,24
5191,2,winter_rapeseed,3,KAS,0.8,20
5192,2,winter_rapeseed,1,PK,0.001,35
5192,2,winter_rapeseed,2,KAS,0.4,24
5192,2,winter_rapeseed,3,KAS,0.8,20
5193,2,winter_rapeseed,1,PK,0.001,35
5193,2,winter_rapeseed,2,KAS,0.4,24
5193,2,winter_rapeseed,3,KAS,0.8,20
5203,2,winter_rapeseed,1,PK,0.001,35
5203,2,winter_rapeseed,2,KAS,0.4,24
5203,2,winter_rapeseed,3,KAS,0.8,20
5204,2,winter_rapeseed,1,PK,0.001,35
5204,2,winter_rapeseed,2,KAS,0.4,24
5204,2,winter_rapeseed,3,KAS,0.8,20
5207,2,winter_rapeseed,1,PK,0.001,35
5207,2,winter_rapeseed,2,KAS,0.4,24
5207,2,winter_rapeseed,3,KAS,0.8,20
5208,2,winter_rapeseed,1,PK,0.001,35
5208,2,winter_rapeseed,2,KAS,0.4,24
5208,2,winter_rapeseed,3,KAS,0.8,20
5209,2,winter_rapeseed,1,PK,0.001,35
5209,2,winter_rapeseed,2,KAS,0.4,24
5209,2,winter_rapeseed,3,KAS,0.8,20
5211,2,winter_rapeseed,1,PK,0.001,35
5211,2,winter_rapeseed,2,KAS,0.4,24
5211,2,winter_rapeseed,3,KAS,0.8,20
5214,2,winter_rapeseed,1,PK,0.001,35
5214,2,winter_rapeseed,2,KAS,0.4,24
5214,2,winter_rapeseed,3,KAS,0.8,20
5216,2,winter_rapeseed,1,PK,0.001,35
5216,2,winter_rapeseed,2,KAS,0.4,24
5216,2,winter_rapeseed,3,KAS,0.8,20
5218,2,winter_rapeseed,1,PK,0.001,35
5218,2,winter_rapeseed,2,KAS,0.4,24
5218,2,winter_rapeseed,3,KAS,0.8,20
5219,2,winter_rapeseed,1,PK,0.001,35
5219,2,winter_rapeseed,2,KAS,0.4,24
5219,2,winter_rapeseed,3,KAS,0.8,20
5223,2,winter_rapeseed,1,PK,0.001,35
5223,2,winter_rapeseed,2,KAS,0.4,24
5223,2,winter_rapeseed,3,KAS,0.8,20
5227,2,winter_rapeseed,1,PK,0.001,35
5227,2,winter_rapeseed,2,KAS,0.4,24
5227,2,winter_rapeseed,3,KAS,0.8,20
5228,2,winter_rapeseed,1,PK,0.001,35
5228,2,winter_rapeseed,2,KAS,0.4,24
5228,2,winter_rapeseed,3,KAS,0.8,20
5229,2,winter_rapeseed,1,PK,0.001,35
5229,2,winter_rapeseed,2,KAS,0.4,24
5229,2,winter_rapeseed,3,KAS,0.8,20
5230,2,winter_rapeseed,1,PK,0.001,35
5230,2,winter_rapeseed,2,KAS,0.4,24
5230,2,winter_rapeseed,3,KAS,0.8,20
5231,2,winter_rapeseed,1,PK,0.001,35
5231,2,winter_rapeseed,2,KAS,0.4,24
5231,2,winter_rapeseed,3,KAS,0.8,20
5233,2,winter_rapeseed,1,PK,0.001,35
5233,2,winter_rapeseed,2,KAS,0.4,24
5233,2,winter_rapeseed,3,KAS,0.8,20
5236,2,winter_rapeseed,1,PK,0.001,35
5236,2,winter_rapeseed,2,KAS,0.4,24
5236,2,winter_rapeseed,3,KAS,0.8,20
5237,2,winter_rapeseed,1,PK,0.001,35
5237,2,winter_rapeseed,2,KAS,0.4,24
5237,2,winter_rapeseed,3,KAS,0.8,20
5238,2,winter_rapeseed,1,PK,0.001,35
5238,2,winter_rapeseed,2,KAS,0.4,24
5238,2,winter_rapeseed,3,KAS,0.8,20
5239,2,winter_rapeseed,1,PK,0.001,35
5239,2,winter_rapeseed,2,KAS,0.4,24
5239,2,winter_rapeseed,3,KAS,0.8,20
5240,2,winter_rapeseed,1,PK,0.001,35
5240,2,winter_rapeseed,2,KAS,0.4,24
5240,2,winter_rapeseed,3,KAS,0.8,20
5241,2,winter_rapeseed,1,PK,0.001,35
5241,2,winter_rapeseed,2,KAS,0.4,24
5241,2,winter_rapeseed,3,KAS,0.8,20
5251,2,winter_rapeseed,1,PK,0.001,35
5251,2,winter_rapeseed,2,KAS,0.4,24
5251,2,winter_rapeseed,3,KAS,0.8,20
5252,2,winter_rapeseed,1,PK,0.001,35
5252,2,winter_rapeseed,2,KAS,0.4,24
5252,2,winter_rapeseed,3,KAS,0.8,20
5254,2,winter_rapeseed,1,PK,0.001,35
5254,2,winter_rapeseed,2,KAS,0.4,24
5254,2,winter_rapeseed,3,KAS,0.8,20
5255,2,winter_rapeseed,1,PK,0.001,35
5255,2,winter_rapeseed,2,KAS,0.4,24
5255,2,winter_rapeseed,3,KAS,0.8,20
5256,2,winter_rapeseed,1,PK,0.001,35
5256,2,winter_rapeseed,2,KAS,0.4,24
5256,2,winter_rapeseed,3,KAS,0.8,20
5257,2,winter_rapeseed,1,PK,0.001,35
5257,2,winter_rapeseed,2,KAS,0.4,24
5257,2,winter_rapeseed,3,KAS,0.8,20
5259,2,winter_rapeseed,1,PK,0.001,35
5259,2,winter_rapeseed,2,KAS,0.4,24
5259,2,winter_rapeseed,3,KAS,0.8,20
5260,2,winter_rapeseed,1,PK,0.001,35
5260,2,winter_rapeseed,2,KAS,0.4,24
5260,2,winter_rapeseed,3,KAS,0.8,20
5261,2,winter_rapeseed,1,PK,0.001,35
5261,2,winter_rapeseed,2,KAS,0.4,24
5261,2,winter_rapeseed,3,KAS,0.8,20
5262,2,winter_rapeseed,1,PK,0.001,35
5262,2,winter_rapeseed,2,KAS,0.4,24
5262,2,winter_rapeseed,3,KAS,0.8,20
5265,2,winter_rapeseed,1,PK,0.001,35
5265,2,winter_rapeseed,2,KAS,0.4,24
5265,2,winter_rapeseed,3,KAS,0.8,20
5267,2,winter_rapeseed,1,PK,0.001,35
5267,2,winter_rapeseed,2,KAS,0.4,24
5267,2,winter_rapeseed,3,KAS,0.8,20
5271,2,winter_rapeseed,1,PK,0.001,35
5271,2,winter_rapeseed,2,KAS,0.4,24
5271,2,winter_rapeseed,3,KAS,0.8,20
5274,2,winter_rapeseed,1,PK,0.001,35
5274,2,winter_rapeseed,2,KAS,0.4,24
5274,2,winter_rapeseed,3,KAS,0.8,20
5277,2,winter_rapeseed,1,PK,0.001,35
5277,2,winter_rapeseed,2,KAS,0.4,24
5277,2,winter_rapeseed,3,KAS,0.8,20
5278,2,winter_rapeseed,1,PK,0.001,35
5278,2,winter_rapeseed,2,KAS,0.4,24
5278,2,winter_rapeseed,3,KAS,0.8,20
5279,2,winter_rapeseed,1,PK,0.001,35
5279,2,winter_rapeseed,2,KAS,0.4,24
5279,2,winter_rapeseed,3,KAS,0.8,20
5280,2,winter_rapeseed,1,PK,0.001,35
5280,2,winter_rapeseed,2,KAS,0.4,24
5280,2,winter_rapeseed,3,KAS,0.8,20
5281,2,winter_rapeseed,1,PK,0.001,35
5281,2,winter_rapeseed,2,KAS,0.4,24
5281,2,winter_rapeseed,3,KAS,0.8,20
5282,2,winter_rapeseed,1,PK,0.001,35
5282,2,winter_rapeseed,2,KAS,0.4,24
5282,2,winter_rapeseed,3,KAS,0.8,20
5283,2,winter_rapeseed,1,PK,0.001,35
5283,2,winter_rapeseed,2,KAS,0.4,24
5283,2,winter_rapeseed,3,KAS,0.8,20
5284,2,winter_rapeseed,1,PK,0.001,35
5284,2,winter_rapeseed,2,KAS,0.4,24
5284,2,winter_rapeseed,3,KAS,0.8,20
5285,2,winter_rapeseed,1,PK,0.001,35
5285,2,winter_rapeseed,2,KAS,0.4,24
5285,2,winter_rapeseed,3,KAS,0.8,20
5286,2,winter_rapeseed,1,PK,0.001,35
5286,2,winter_rapeseed,2,KAS,0.4,24
5286,2,winter_rapeseed,3,KAS,0.8,20
5288,2,winter_rapeseed,1,PK,0.001,35
5288,2,winter_rapeseed,2,KAS,0.4,24
5288,2,winter_rapeseed,3,KAS,0.8,20
5290,2,winter_rapeseed,1,PK,0.001,35
5290,2,winter_rapeseed,2,KAS,0.4,24
5290,2,winter_rapeseed,3,KAS,0.8,20
5300,2,winter_rapeseed,1,PK,0.001,35
5300,2,winter_rapeseed,2,KAS,0.4,24
5300,2,winter_rapeseed,3,KAS,0.8,20
5304,2,winter_rapeseed,1,PK,0.001,35
5304,2,winter_rapeseed,2,KAS,0.4,24
5304,2,winter_rapeseed,3,KAS,0.8,20
5308,2,winter_rapeseed,1,PK,0.001,35
5308,2,winter_rapeseed,2,KAS,0.4,24
5308,2,winter_rapeseed,3,KAS,0.8,20
5311,2,winter_rapeseed,1,PK,0.001,35
5311,2,winter_rapeseed,2,KAS,0.4,24
5311,2,winter_rapeseed,3,KAS,0.8,20
5315,2,winter_rapeseed,1,PK,0.001,35
5315,2,winter_rapeseed,2,KAS,0.4,24
5315,2,winter_rapeseed,3,KAS,0.8,20
5317,2,winter_rapeseed,1,PK,0.001,35
5317,2,winter_rapeseed,2,KAS,0.4,24
5317,2,winter_rapeseed,3,KAS,0.8,20
5318,2,winter_rapeseed,1,PK,0.001,35
5318,2,winter_rapeseed,2,KAS,0.4,24
5318,2,winter_rapeseed,3,KAS,0.8,20
5319,2,winter_rapeseed,1,PK,0.001,35
5319,2,winter_rapeseed,2,KAS,0.4,24
5319,2,winter_rapeseed,3,KAS,0.8,20
5321,2,winter_rapeseed,1,PK,0.001,35
5321,2,winter_rapeseed,2,KAS,0.4,24
5321,2,winter_rapeseed,3,KAS,0.8,20
5323,2,winter_rapeseed,1,PK,0.001,35
5323,2,winter_rapeseed,2,KAS,0.4,24
5323,2,winter_rapeseed,3,KAS,0.8,20
5324,2,winter_rapeseed,1,PK,0.001,35
5324,2,winter_rapeseed,2,KAS,0.4,24
5324,2,winter_rapeseed,3,KAS,0.8,20
5327,2,winter_rapeseed,1,PK,0.001,35
5327,2,winter_rapeseed,2,KAS,0.4,24
5327,2,winter_rapeseed,3,KAS,0.8,20
5328,2,winter_rapeseed,1,PK,0.001,35
5328,2,winter_rapeseed,2,KAS,0.4,24
5328,2,winter_rapeseed,3,KAS,0.8,20
5329,2,winter_rapeseed,1,PK,0.001,35
5329,2,winter_rapeseed,2,KAS,0.4,24
5329,2,winter_rapeseed,3,KAS,0.8,20
5331,2,winter_rapeseed,1,PK,0.001,35
5331,2,winter_rapeseed,2,KAS,0.4,24
5331,2,winter_rapeseed,3,KAS,0.8,20
5334,2,winter_rapeseed,1,PK,0.001,35
5334,2,winter_rapeseed,2,KAS,0.4,24
5334,2,winter_rapeseed,3,KAS,0.8,20
5335,2,winter_rapeseed,1,PK,0.001,35
5335,2,winter_rapeseed,2,KAS,0.4,24
5335,2,winter_rapeseed,3,KAS,0.8,20
5336,2,winter_rapeseed,1,PK,0.001,35
5336,2,winter_rapeseed,2,KAS,0.4,24
5336,2,winter_rapeseed,3,KAS,0.8,20
5337,2,winter_rapeseed,1,PK,0.001,35
5337,2,winter_rapeseed,2,KAS,0.4,24
5337,2,winter_rapeseed,3,KAS,0.8,20
5338,2,winter_rapeseed,1,PK,0.001,35
5338,2,winter_rapeseed,2,KAS,0.4,24
5338,2,winter_rapeseed,3,KAS,0.8,20
5339,2,winter_rapeseed,1,PK,0.001,35
5339,2,winter_rapeseed,2,KAS,0.4,24
5339,2,winter_rapeseed,3,KAS,0.8,20
5343,2,winter_rapeseed,1,PK,0.001,35
5343,2,winter_rapeseed,2,KAS,0.4,24
5343,2,winter_rapeseed,3,KAS,0.8,20
5344,2,winter_rapeseed,1,PK,0.001,35
5344,2,winter_rapeseed,2,KAS,0.4,24
5344,2,winter_rapeseed,3,KAS,0.8,20
5347,2,winter_rapeseed,1,PK,0.001,35
5347,2,winter_rapeseed,2,KAS,0.4,24
5347,2,winter_rapeseed,3,KAS,0.8,20
5348,2,winter_rapeseed,1,PK,0.001,35
5348,2,winter_rapeseed,2,KAS,0.4,24
5348,2,winter_rapeseed,3,KAS,0.8,20
5349,2,winter_rapeseed,1,PK,0.001,35
5349,2,winter_rapeseed,2,KAS,0.4,24
5349,2,winter_rapeseed,3,KAS,0.8,20
5350,2,winter_rapeseed,1,PK,0.001,35
5350,2,winter_rapeseed,2,KAS,0.4,24
5350,2,winter_rapeseed,3,KAS,0.8,20
5351,2,winter_rapeseed,1,PK,0.001,35
5351,2,winter_rapeseed,2,KAS,0.4,24
5351,2,winter_rapeseed,3,KAS,0.8,20
5352,2,winter_rapeseed,1,PK,0.001,35
5352,2,winter_rapeseed,2,KAS,0.4,24
5352,2,winter_rapeseed,3,KAS,0.8,20
5353,2,winter_rapeseed,1,PK,0.001,35
5353,2,winter_rapeseed,2,KAS,0.4,24
5353,2,winter_rapeseed,3,KAS,0.8,20
5354,2,winter_rapeseed,1,PK,0.001,35
5354,2,winter_rapeseed,2,KAS,0.4,24
5354,2,winter_rapeseed,3,KAS,0.8,20
5358,2,winter_rapeseed,1,PK,0.001,35
5358,2,winter_rapeseed,2,KAS,0.4,24
5358,2,winter_rapeseed,3,KAS,0.8,20
5359,2,winter_rapeseed,1,PK,0.001,35
5359,2,winter_rapeseed,2,KAS,0.4,24
5359,2,winter_rapeseed,3,KAS,0.8,20
5360,2,winter_rapeseed,1,PK,0.001,35
5360,2,winter_rapeseed,2,KAS,0.4,24
5360,2,winter_rapeseed,3,KAS,0.8,20
5363,2,winter_rapeseed,1,PK,0.001,35
5363,2,winter_rapeseed,2,KAS,0.4,24
5363,2,winter_rapeseed,3,KAS,0.8,20
5364,2,winter_rapeseed,1,PK,0.001,35
5364,2,winter_rapeseed,2,KAS,0.4,24
5364,2,winter_rapeseed,3,KAS,0.8,20
5366,2,winter_rapeseed,1,PK,0.001,35
5366,2,winter_rapeseed,2,KAS,0.4,24
5366,2,winter_rapeseed,3,KAS,0.8,20
5370,2,winter_rapeseed,1,PK,0.001,35
5370,2,winter_rapeseed,2,KAS,0.4,24
5370,2,winter_rapeseed,3,KAS,0.8,20
5371,2,winter_rapeseed,1,PK,0.001,35
5371,2,winter_rapeseed,2,KAS,0.4,24
5371,2,winter_rapeseed,3,KAS,0.8,20
5372,2,winter_rapeseed,1,PK,0.001,35
5372,2,winter_rapeseed,2,KAS,0.4,24
5372,2,winter_rapeseed,3,KAS,0.8,20
5374,2,winter_rapeseed,1,PK,0.001,35
5374,2,winter_rapeseed,2,KAS,0.4,24
5374,2,winter_rapeseed,3,KAS,0.8,20
5375,2,winter_rapeseed,1,PK,0.001,35
5375,2,winter_rapeseed,2,KAS,0.4,24
5375,2,winter_rapeseed,3,KAS,0.8,20
5378,2,winter_rapeseed,1,PK,0.001,35
5378,2,winter_rapeseed,2,KAS,0.4,24
5378,2,winter_rapeseed,3,KAS,0.8,20
5379,2,winter_rapeseed,1,PK,0.001,35
5379,2,winter_rapeseed,2,KAS,0.4,24
5379,2,winter_rapeseed,3,KAS,0.8,20
5380,2,winter_rapeseed,1,PK,0.001,35
5380,2,winter_rapeseed,2,KAS,0.4,24
5380,2,winter_rapeseed,3,KAS,0.8,20
5382,2,winter_rapeseed,1,PK,0.001,35
5382,2,winter_rapeseed,2,KAS,0.4,24
5382,2,winter_rapeseed,3,KAS,0.8,20
5383,2,winter_rapeseed,1,PK,0.001,35
5383,2,winter_rapeseed,2,KAS,0.4,24
5383,2,winter_rapeseed,3,KAS,0.8,20
5385,2,winter_rapeseed,1,PK,0.001,35
5385,2,winter_rapeseed,2,KAS,0.4,24
5385,2,winter_rapeseed,3,KAS,0.8,20
5386,2,winter_rapeseed,1,PK,0.001,35
5386,2,winter_rapeseed,2,KAS,0.4,24
5386,2,winter_rapeseed,3,KAS,0.8,20
5388,2,winter_rapeseed,1,PK,0.001,35
5388,2,winter_rapeseed,2,KAS,0.4,24
5388,2,winter_rapeseed,3,KAS,0.8,20
5389,2,winter_rapeseed,1,PK,0.001,35
5389,2,winter_rapeseed,2,KAS,0.4,24
5389,2,winter_rapeseed,3,KAS,0.8,20
5390,2,winter_rapeseed,1,PK,0.001,35
5390,2,winter_rapeseed,2,KAS,0.4,24
5390,2,winter_rapeseed,3,KAS,0.8,20
5391,2,winter_rapeseed,1,PK,0.001,35
5391,2,winter_rapeseed,2,KAS,0.4,24
5391,2,winter_rapeseed,3,KAS,0.8,20
5392,2,winter_rapeseed,1,PK,0.001,35
5392,2,winter_rapeseed,2,KAS,0.4,24
5392,2,winter_rapeseed,3,KAS,0.8,20
5394,2,winter_rapeseed,1,PK,0.001,35
5394,2,winter_rapeseed,2,KAS,0.4,24
5394,2,winter_rapeseed,3,KAS,0.8,20
5399,2,winter_rapeseed,1,PK,0.001,35
5399,2,winter_rapeseed,2,KAS,0.4,24
5399,2,winter_rapeseed,3,KAS,0.8,20
5400,2,winter_rapeseed,1,PK,0.001,35
5400,2,winter_rapeseed,2,KAS,0.4,24
5400,2,winter_rapeseed,3,KAS,0.8,20
5401,2,winter_rapeseed,1,PK,0.001,35
5401,2,winter_rapeseed,2,KAS,0.4,24
5401,2,winter_rapeseed,3,KAS,0.8,20
5402,2,winter_rapeseed,1,PK,0.001,35
5402,2,winter_rapeseed,2,KAS,0.4,24
5402,2,winter_rapeseed,3,KAS,0.8,20
5405,2,winter_rapeseed,1,PK,0.001,35
5405,2,winter_rapeseed,2,KAS,0.4,24
5405,2,winter_rapeseed,3,KAS,0.8,20
5406,2,winter_rapeseed,1,PK,0.001,35
5406,2,winter_rapeseed,2,KAS,0.4,24
5406,2,winter_rapeseed,3,KAS,0.8,20
5407,2,winter_rapeseed,1,PK,0.001,35
5407,2,winter_rapeseed,2,KAS,0.4,24
5407,2,winter_rapeseed,3,KAS,0.8,20
5411,2,winter_rapeseed,1,PK,0.001,35
5411,2,winter_rapeseed,2,KAS,0.4,24
5411,2,winter_rapeseed,3,KAS,0.8,20
5412,2,winter_rapeseed,1,PK,0.001,35
5412,2,winter_rapeseed,2,KAS,0.4,24
5412,2,winter_rapeseed,3,KAS,0.8,20
5415,2,winter_rapeseed,1,PK,0.001,35
5415,2,winter_rapeseed,2,KAS,0.4,24
5415,2,winter_rapeseed,3,KAS,0.8,20
5420,2,winter_rapeseed,1,PK,0.001,35
5420,2,winter_rapeseed,2,KAS,0.4,24
5420,2,winter_rapeseed,3,KAS,0.8,20
5422,2,winter_rapeseed,1,PK,0.001,35
5422,2,winter_rapeseed,2,KAS,0.4,24
5422,2,winter_rapeseed,3,KAS,0.8,20
5424,2,winter_rapeseed,1,PK,0.001,35
5424,2,winter_rapeseed,2,KAS,0.4,24
5424,2,winter_rapeseed,3,KAS,0.8,20
5426,2,winter_rapeseed,1,PK,0.001,35
5426,2,winter_rapeseed,2,KAS,0.4,24
5426,2,winter_rapeseed,3,KAS,0.8,20
5427,2,winter_rapeseed,1,PK,0.001,35
5427,2,winter_rapeseed,2,KAS,0.4,24
5427,2,winter_rapeseed,3,KAS,0.8,20
5431,2,winter_rapeseed,1,PK,0.001,35
5431,2,winter_rapeseed,2,KAS,0.4,24
5431,2,winter_rapeseed,3,KAS,0.8,20
5432,2,winter_rapeseed,1,PK,0.001,35
5432,2,winter_rapeseed,2,KAS,0.4,24
5432,2,winter_rapeseed,3,KAS,0.8,20
5435,2,winter_rapeseed,1,PK,0.001,35
5435,2,winter_rapeseed,2,KAS,0.4,24
5435,2,winter_rapeseed,3,KAS,0.8,20
5438,2,winter_rapeseed,1,PK,0.001,35
5438,2,winter_rapeseed,2,KAS,0.4,24
5438,2,winter_rapeseed,3,KAS,0.8,20
5439,2,winter_rapeseed,1,PK,0.001,35
5439,2,winter_rapeseed,2,KAS,0.4,24
5439,2,winter_rapeseed,3,KAS,0.8,20
5441,2,winter_rapeseed,1,PK,0.001,35
5441,2,winter_rapeseed,2,KAS,0.4,24
5441,2,winter_rapeseed,3,KAS,0.8,20
5444,2,winter_rapeseed,1,PK,0.001,35
5444,2,winter_rapeseed,2,KAS,0.4,24
5444,2,winter_rapeseed,3,KAS,0.8,20
5445,2,winter_rapeseed,1,PK,0.001,35
5445,2,winter_rapeseed,2,KAS,0.4,24
5445,2,winter_rapeseed,3,KAS,0.8,20
5446,2,winter_rapeseed,1,PK,0.001,35
5446,2,winter_rapeseed,2,KAS,0.4,24
5446,2,winter_rapeseed,3,KAS,0.8,20
5447,2,winter_rapeseed,1,PK,0.001,35
5447,2,winter_rapeseed,2,KAS,0.4,24
5447,2,winter_rapeseed,3,KAS,0.8,20
5450,2,winter_rapeseed,1,PK,0.001,35
5450,2,winter_rapeseed,2,KAS,0.4,24
5450,2,winter_rapeseed,3,KAS,0.8,20
5451,2,winter_rapeseed,1,PK,0.001,35
5451,2,winter_rapeseed,2,KAS,0.4,24
5451,2,winter_rapeseed,3,KAS,0.8,20
5462,2,winter_rapeseed,1,PK,0.001,35
5462,2,winter_rapeseed,2,KAS,0.4,24
5462,2,winter_rapeseed,3,KAS,0.8,20
5463,2,winter_rapeseed,1,PK,0.001,35
5463,2,winter_rapeseed,2,KAS,0.4,24
5463,2,winter_rapeseed,3,KAS,0.8,20
5468,2,winter_rapeseed,1,PK,0.001,35
5468,2,winter_rapeseed,2,KAS,0.4,24
5468,2,winter_rapeseed,3,KAS,0.8,20
5469,2,winter_rapeseed,1,PK,0.001,35
5469,2,winter_rapeseed,2,KAS,0.4,24
5469,2,winter_rapeseed,3,KAS,0.8,20
5471,2,winter_rapeseed,1,PK,0.001,35
5471,2,winter_rapeseed,2,KAS,0.4,24
5471,2,winter_rapeseed,3,KAS,0.8,20
5475,2,winter_rapeseed,1,PK,0.001,35
5475,2,winter_rapeseed,2,KAS,0.4,24
5475,2,winter_rapeseed,3,KAS,0.8,20
5477,2,winter_rapeseed,1,PK,0.001,35
5477,2,winter_rapeseed,2,KAS,0.4,24
5477,2,winter_rapeseed,3,KAS,0.8,20
5480,2,winter_rapeseed,1,PK,0.001,35
5480,2,winter_rapeseed,2,KAS,0.4,24
5480,2,winter_rapeseed,3,KAS,0.8,20
5482,2,winter_rapeseed,1,PK,0.001,35
5482,2,winter_rapeseed,2,KAS,0.4,24
5482,2,winter_rapeseed,3,KAS,0.8,20
5483,2,winter_rapeseed,1,PK,0.001,35
5483,2,winter_rapeseed,2,KAS,0.4,24
5483,2,winter_rapeseed,3,KAS,0.8,20
5484,2,winter_rapeseed,1,PK,0.001,35
5484,2,winter_rapeseed,2,KAS,0.4,24
5484,2,winter_rapeseed,3,KAS,0.8,20
5493,2,winter_rapeseed,1,PK,0.001,35
5493,2,winter_rapeseed,2,KAS,0.4,24
5493,2,winter_rapeseed,3,KAS,0.8,20
5497,2,winter_rapeseed,1,PK,0.001,35
5497,2,winter_rapeseed,2,KAS,0.4,24
5497,2,winter_rapeseed,3,KAS,0.8,20
5498,2,winter_rapeseed,1,PK,0.001,35
5498,2,winter_rapeseed,2,KAS,0.4,24
5498,2,winter_rapeseed,3,KAS,0.8,20
5506,2,winter_rapeseed,1,PK,0.001,35
5506,2,winter_rapeseed,2,KAS,0.4,24
5506,2,winter_rapeseed,3,KAS,0.8,20
5507,2,winter_rapeseed,1,PK,0.001,35
5507,2,winter_rapeseed,2,KAS,0.4,24
5507,2,winter_rapeseed,3,KAS,0.8,20
5509,2,winter_rapeseed,1,PK,0.001,35
5509,2,winter_rapeseed,2,KAS,0.4,24
5509,2,winter_rapeseed,3,KAS,0.8,20
5517,2,winter_rapeseed,1,PK,0.001,35
5517,2,winter_rapeseed,2,KAS,0.4,24
5517,2,winter_rapeseed,3,KAS,0.8,20
5518,2,winter_rapeseed,1,PK,0.001,35
5518,2,winter_rapeseed,2,KAS,0.4,24
5518,2,winter_rapeseed,3,KAS,0.8,20
5520,2,winter_rapeseed,1,PK,0.001,35
5520,2,winter_rapeseed,2,KAS,0.4,24
5520,2,winter_rapeseed,3,KAS,0.8,20
5524,2,winter_rapeseed,1,PK,0.001,35
5524,2,winter_rapeseed,2,KAS,0.4,24
5524,2,winter_rapeseed,3,KAS,0.8,20
5539,2,winter_rapeseed,1,PK,0.001,35
5539,2,winter_rapeseed,2,KAS,0.4,24
5539,2,winter_rapeseed,3,KAS,0.8,20
5543,2,winter_rapeseed,1,PK,0.001,35
5543,2,winter_rapeseed,2,KAS,0.4,24
5543,2,winter_rapeseed,3,KAS,0.8,20
5555,2,winter_rapeseed,1,PK,0.001,35
5555,2,winter_rapeseed,2,KAS,0.4,24
5555,2,winter_rapeseed,3,KAS,0.8,20
5556,2,winter_rapeseed,1,PK,0.001,35
5556,2,winter_rapeseed,2,KAS,0.4,24
5556,2,winter_rapeseed,3,KAS,0.8,20
6000,2,winter_rapeseed,1,PK,0.001,35
6000,2,winter_rapeseed,2,KAS,0.4,24
6000,2,winter_rapeseed,3,KAS,0.8,20
6001,2,winter_rapeseed,1,PK,0.001,35
6001,2,winter_rapeseed,2,KAS,0.4,24
6001,2,winter_rapeseed,3,KAS,0.8,20
6002,2,winter_rapeseed,1,PK,0.001,35
6002,2,winter_rapeseed,2,KAS,0.4,24
6002,2,winter_rapeseed,3,KAS,0.8,20
6004,2,winter_rapeseed,1,PK,0.001,35
6004,2,winter_rapeseed,2,KAS,0.4,24
6004,2,winter_rapeseed,3,KAS,0.8,20
6005,2,winter_rapeseed,1,PK,0.001,35
6005,2,winter_rapeseed,2,KAS,0.4,24
6005,2,winter_rapeseed,3,KAS,0.8,20
6006,2,winter_rapeseed,1,PK,0.001,35
6006,2,winter_rapeseed,2,KAS,0.4,24
6006,2,winter_rapeseed,3,KAS,0.8,20
6007,2,winter_rapeseed,1,PK,0.001,35
6007,2,winter_rapeseed,2,KAS,0.4,24
6007,2,winter_rapeseed,3,KAS,0.8,20
6008,2,winter_rapeseed,1,PK,0.001,35
6008,2,winter_rapeseed,2,KAS,0.4,24
6008,2,winter_rapeseed,3,KAS,0.8,20
6009,2,winter_rapeseed,1,PK,0.001,35
6009,2,winter_rapeseed,2,KAS,0.4,24
6009,2,winter_rapeseed,3,KAS,0.8,20
6010,2,winter_rapeseed,1,PK,0.001,35
6010,2,winter_rapeseed,2,KAS,0.4,24
6010,2,winter_rapeseed,3,KAS,0.8,20
6011,2,winter_rapeseed,1,PK,0.001,35
6011,2,winter_rapeseed,2,KAS,0.4,24
6011,2,winter_rapeseed,3,KAS,0.8,20
6012,2,winter_rapeseed,1,PK,0.001,35
6012,2,winter_rapeseed,2,KAS,0.4,24
6012,2,winter_rapeseed,3,KAS,0.8,20
6013,2,winter_rapeseed,1,PK,0.001,35
6013,2,winter_rapeseed,2,KAS,0.4,24
6013,2,winter_rapeseed,3,KAS,0.8,20
6014,2,winter_rapeseed,1,PK,0.001,35
6014,2,winter_rapeseed,2,KAS,0.4,24
6014,2,winter_rapeseed,3,KAS,0.8,20
6015,2,winter_rapeseed,1,PK,0.001,35
6015,2,winter_rapeseed,2,KAS,0.4,24
6015,2,winter_rapeseed,3,KAS,0.8,20
6016,2,winter_rapeseed,1,PK,0.001,35
6016,2,winter_rapeseed,2,KAS,0.4,24
6016,2,winter_rapeseed,3,KAS,0.8,20
6017,2,winter_rapeseed,1,PK,0.001,35
6017,2,winter_rapeseed,2,KAS,0.4,24
6017,2,winter_rapeseed,3,KAS,0.8,20
6018,2,winter_rapeseed,1,PK,0.001,35
6018,2,winter_rapeseed,2,KAS,0.4,24
6018,2,winter_rapeseed,3,KAS,0.8,20
6019,2,winter_rapeseed,1,PK,0.001,35
6019,2,winter_rapeseed,2,KAS,0.4,24
6019,2,winter_rapeseed,3,KAS,0.8,20
6020,2,winter_rapeseed,1,PK,0.001,35
6020,2,winter_rapeseed,2,KAS,0.4,24
6020,2,winter_rapeseed,3,KAS,0.8,20
6021,2,winter_rapeseed,1,PK,0.001,35
6021,2,winter_rapeseed,2,KAS,0.4,24
6021,2,winter_rapeseed,3,KAS,0.8,20
6023,2,winter_rapeseed,1,PK,0.001,35
6023,2,winter_rapeseed,2,KAS,0.4,24
6023,2,winter_rapeseed,3,KAS,0.8,20
6024,2,winter_rapeseed,1,PK,0.001,35
6024,2,winter_rapeseed,2,KAS,0.4,24
6024,2,winter_rapeseed,3,KAS,0.8,20
6025,2,winter_rapeseed,1,PK,0.001,35
6025,2,winter_rapeseed,2,KAS,0.4,24
6025,2,winter_rapeseed,3,KAS,0.8,20
6026,2,winter_rapeseed,1,PK,0.001,35
6026,2,winter_rapeseed,2,KAS,0.4,24
6026,2,winter_rapeseed,3,KAS,0.8,20
6027,2,winter_rapeseed,1,PK,0.001,35
6027,2,winter_rapeseed,2,KAS,0.4,24
6027,2,winter_rapeseed,3,KAS,0.8,20
6028,2,winter_rapeseed,1,PK,0.001,35
6028,2,winter_rapeseed,2,KAS,0.4,24
6028,2,winter_rapeseed,3,KAS,0.8,20
6029,2,winter_rapeseed,1,PK,0.001,35
6029,2,winter_rapeseed,2,KAS,0.4,24
6029,2,winter_rapeseed,3,KAS,0.8,20
6030,2,winter_rapeseed,1,PK,0.001,35
6030,2,winter_rapeseed,2,KAS,0.4,24
6030,2,winter_rapeseed,3,KAS,0.8,20
6031,2,winter_rapeseed,1,PK,0.001,35
6031,2,winter_rapeseed,2,KAS,0.4,24
6031,2,winter_rapeseed,3,KAS,0.8,20
6032,2,winter_rapeseed,1,PK,0.001,35
6032,2,winter_rapeseed,2,KAS,0.4,24
6032,2,winter_rapeseed,3,KAS,0.8,20
6033,2,winter_rapeseed,1,PK,0.001,35
6033,2,winter_rapeseed,2,KAS,0.4,24
6033,2,winter_rapeseed,3,KAS,0.8,20
6034,2,winter_rapeseed,1,PK,0.001,35
6034,2,winter_rapeseed,2,KAS,0.4,24
6034,2,winter_rapeseed,3,KAS,0.8,20
6035,2,winter_rapeseed,1,PK,0.001,35
6035,2,winter_rapeseed,2,KAS,0.4,24
6035,2,winter_rapeseed,3,KAS,0.8,20
6036,2,winter_rapeseed,1,PK,0.001,35
6036,2,winter_rapeseed,2,KAS,0.4,24
6036,2,winter_rapeseed,3,KAS,0.8,20
6037,2,winter_rapeseed,1,PK,0.001,35
6037,2,winter_rapeseed,2,KAS,0.4,24
6037,2,winter_rapeseed,3,KAS,0.8,20
6038,2,winter_rapeseed,1,PK,0.001,35
6038,2,winter_rapeseed,2,KAS,0.4,24
6038,2,winter_rapeseed,3,KAS,0.8,20
6039,2,winter_rapeseed,1,PK,0.001,35
6039,2,winter_rapeseed,2,KAS,0.4,24
6039,2,winter_rapeseed,3,KAS,0.8,20
6040,2,winter_rapeseed,1,PK,0.001,35
6040,2,winter_rapeseed,2,KAS,0.4,24
6040,2,winter_rapeseed,3,KAS,0.8,20
6041,2,winter_rapeseed,1,PK,0.001,35
6041,2,winter_rapeseed,2,KAS,0.4,24
6041,2,winter_rapeseed,3,KAS,0.8,20
6042,2,winter_rapeseed,1,PK,0.001,35
6042,2,winter_rapeseed,2,KAS,0.4,24
6042,2,winter_rapeseed,3,KAS,0.8,20
6043,2,winter_rapeseed,1,PK,0.001,35
6043,2,winter_rapeseed,2,KAS,0.4,24
6043,2,winter_rapeseed,3,KAS,0.8,20
6044,2,winter_rapeseed,1,PK,0.001,35
6044,2,winter_rapeseed,2,KAS,0.4,24
6044,2,winter_rapeseed,3,KAS,0.8,20
6045,2,winter_rapeseed,1,PK,0.001,35
6045,2,winter_rapeseed,2,KAS,0.4,24
6045,2,winter_rapeseed,3,KAS,0.8,20
6046,2,winter_rapeseed,1,PK,0.001,35
6046,2,winter_rapeseed,2,KAS,0.4,24
6046,2,winter_rapeseed,3,KAS,0.8,20
6047,2,winter_rapeseed,1,PK,0.001,35
6047,2,winter_rapeseed,2,KAS,0.4,24
6047,2,winter_rapeseed,3,KAS,0.8,20
6048,2,winter_rapeseed,1,PK,0.001,35
6048,2,winter_rapeseed,2,KAS,0.4,24
6048,2,winter_rapeseed,3,KAS,0.8,20
6049,2,winter_rapeseed,1,PK,0.001,35
6049,2,winter_rapeseed,2,KAS,0.4,24
6049,2,winter_rapeseed,3,KAS,0.8,20
6050,2,winter_rapeseed,1,PK,0.001,35
6050,2,winter_rapeseed,2,KAS,0.4,24
6050,2,winter_rapeseed,3,KAS,0.8,20
6051,2,winter_rapeseed,1,PK,0.001,35
6051,2,winter_rapeseed,2,KAS,0.4,24
6051,2,winter_rapeseed,3,KAS,0.8,20
6052,2,winter_rapeseed,1,PK,0.001,35
6052,2,winter_rapeseed,2,KAS,0.4,24
6052,2,winter_rapeseed,3,KAS,0.8,20
6055,2,winter_rapeseed,1,PK,0.001,35
6055,2,winter_rapeseed,2,KAS,0.4,24
6055,2,winter_rapeseed,3,KAS,0.8,20
6056,2,winter_rapeseed,1,PK,0.001,35
6056,2,winter_rapeseed,2,KAS,0.4,24
6056,2,winter_rapeseed,3,KAS,0.8,20
6057,2,winter_rapeseed,1,PK,0.001,35
6057,2,winter_rapeseed,2,KAS,0.4,24
6057,2,winter_rapeseed,3,KAS,0.8,20
6058,2,winter_rapeseed,1,PK,0.001,35
6058,2,winter_rapeseed,2,KAS,0.4,24
6058,2,winter_rapeseed,3,KAS,0.8,20
6059,2,winter_rapeseed,1,PK,0.001,35
6059,2,winter_rapeseed,2,KAS,0.4,24
6059,2,winter_rapeseed,3,KAS,0.8,20
6060,2,winter_rapeseed,1,PK,0.001,35
6060,2,winter_rapeseed,2,KAS,0.4,24
6060,2,winter_rapeseed,3,KAS,0.8,20
6061,2,winter_rapeseed,1,PK,0.001,35
6061,2,winter_rapeseed,2,KAS,0.4,24
6061,2,winter_rapeseed,3,KAS,0.8,20
6062,2,winter_rapeseed,1,PK,0.001,35
6062,2,winter_rapeseed,2,KAS,0.4,24
6062,2,winter_rapeseed,3,KAS,0.8,20
6063,2,winter_rapeseed,1,PK,0.001,35
6063,2,winter_rapeseed,2,KAS,0.4,24
6063,2,winter_rapeseed,3,KAS,0.8,20
6064,2,winter_rapeseed,1,PK,0.001,35
6064,2,winter_rapeseed,2,KAS,0.4,24
6064,2,winter_rapeseed,3,KAS,0.8,20
6065,2,winter_rapeseed,1,PK,0.001,35
6065,2,winter_rapeseed,2,KAS,0.4,24
6065,2,winter_rapeseed,3,KAS,0.8,20
6066,2,winter_rapeseed,1,PK,0.001,35
6066,2,winter_rapeseed,2,KAS,0.4,24
6066,2,winter_rapeseed,3,KAS,0.8,20
6067,2,winter_rapeseed,1,PK,0.001,35
6067,2,winter_rapeseed,2,KAS,0.4,24
6067,2,winter_rapeseed,3,KAS,0.8,20
6068,2,winter_rapeseed,1,PK,0.001,35
6068,2,winter_rapeseed,2,KAS,0.4,24
6068,2,winter_rapeseed,3,KAS,0.8,20
6069,2,winter_rapeseed,1,PK,0.001,35
6069,2,winter_rapeseed,2,KAS,0.4,24
6069,2,winter_rapeseed,3,KAS,0.8,20
6070,2,winter_rapeseed,1,PK,0.001,35
6070,2,winter_rapeseed,2,KAS,0.4,24
6070,2,winter_rapeseed,3,KAS,0.8,20
6071,2,winter_rapeseed,1,PK,0.001,35
6071,2,winter_rapeseed,2,KAS,0.4,24
6071,2,winter_rapeseed,3,KAS,0.8,20
6072,2,winter_rapeseed,1,PK,0.001,35
6072,2,winter_rapeseed,2,KAS,0.4,24
6072,2,winter_rapeseed,3,KAS,0.8,20
6073,2,winter_rapeseed,1,PK,0.001,35
6073,2,winter_rapeseed,2,KAS,0.4,24
6073,2,winter_rapeseed,3,KAS,0.8,20
6075,2,winter_rapeseed,1,PK,0.001,35
6075,2,winter_rapeseed,2,KAS,0.4,24
6075,2,winter_rapeseed,3,KAS,0.8,20
6077,2,winter_rapeseed,1,PK,0.001,35
6077,2,winter_rapeseed,2,KAS,0.4,24
6077,2,winter_rapeseed,3,KAS,0.8,20
6078,2,winter_rapeseed,1,PK,0.001,35
6078,2,winter_rapeseed,2,KAS,0.4,24
6078,2,winter_rapeseed,3,KAS,0.8,20
6079,2,winter_rapeseed,1,PK,0.001,35
6079,2,winter_rapeseed,2,KAS,0.4,24
6079,2,winter_rapeseed,3,KAS,0.8,20
6080,2,winter_rapeseed,1,PK,0.001,35
6080,2,winter_rapeseed,2,KAS,0.4,24
6080,2,winter_rapeseed,3,KAS,0.8,20
6081,2,winter_rapeseed,1,PK,0.001,35
6081,2,winter_rapeseed,2,KAS,0.4,24
6081,2,winter_rapeseed,3,KAS,0.8,20
6082,2,winter_rapeseed,1,PK,0.001,35
6082,2,winter_rapeseed,2,KAS,0.4,24
6082,2,winter_rapeseed,3,KAS,0.8,20
6083,2,winter_rapeseed,1,PK,0.001,35
6083,2,winter_rapeseed,2,KAS,0.4,24
6083,2,winter_rapeseed,3,KAS,0.8,20
6084,2,winter_rapeseed,1,PK,0.001,35
6084,2,winter_rapeseed,2,KAS,0.4,24
6084,2,winter_rapeseed,3,KAS,0.8,20
6085,2,winter_rapeseed,1,PK,0.001,35
6085,2,winter_rapeseed,2,KAS,0.4,24
6085,2,winter_rapeseed,3,KAS,0.8,20
6086,2,winter_rapeseed,1,PK,0.001,35
6086,2,winter_rapeseed,2,KAS,0.4,24
6086,2,winter_rapeseed,3,KAS,0.8,20
6087,2,winter_rapeseed,1,PK,0.001,35
6087,2,winter_rapeseed,2,KAS,0.4,24
6087,2,winter_rapeseed,3,KAS,0.8,20
6088,2,winter_rapeseed,1,PK,0.001,35
6088,2,winter_rapeseed,2,KAS,0.4,24
6088,2,winter_rapeseed,3,KAS,0.8,20
6089,2,winter_rapeseed,1,PK,0.001,35
6089,2,winter_rapeseed,2,KAS,0.4,24
6089,2,winter_rapeseed,3,KAS,0.8,20
6090,2,winter_rapeseed,1,PK,0.001,35
6090,2,winter_rapeseed,2,KAS,0.4,24
6090,2,winter_rapeseed,3,KAS,0.8,20
6091,2,winter_rapeseed,1,PK,0.001,35
6091,2,winter_rapeseed,2,KAS,0.4,24
6091,2,winter_rapeseed,3,KAS,0.8,20
6092,2,winter_rapeseed,1,PK,0.001,35
6092,2,winter_rapeseed,2,KAS,0.4,24
6092,2,winter_rapeseed,3,KAS,0.8,20
6093,2,winter_rapeseed,1,PK,0.001,35
6093,2,winter_rapeseed,2,KAS,0.4,24
6093,2,winter_rapeseed,3,KAS,0.8,20
6094,2,winter_rapeseed,1,PK,0.001,35
6094,2,winter_rapeseed,2,KAS,0.4,24
6094,2,winter_rapeseed,3,KAS,0.8,20
6095,2,winter_rapeseed,1,PK,0.001,35
6095,2,winter_rapeseed,2,KAS,0.4,24
6095,2,winter_rapeseed,3,KAS,0.8,20
6096,2,winter_rapeseed,1,PK,0.001,35
6096,2,winter_rapeseed,2,KAS,0.4,24
6096,2,winter_rapeseed,3,KAS,0.8,20
6097,2,winter_rapeseed,1,PK,0.001,35
6097,2,winter_rapeseed,2,KAS,0.4,24
6097,2,winter_rapeseed,3,KAS,0.8,20
6098,2,winter_rapeseed,1,PK,0.001,35
6098,2,winter_rapeseed,2,KAS,0.4,24
6098,2,winter_rapeseed,3,KAS,0.8,20
6099,2,winter_rapeseed,1,PK,0.001,35
6099,2,winter_rapeseed,2,KAS,0.4,24
6099,2,winter_rapeseed,3,KAS,0.8,20
6100,2,winter_rapeseed,1,PK,0.001,35
6100,2,winter_rapeseed,2,KAS,0.4,24
6100,2,winter_rapeseed,3,KAS,0.8,20
6101,2,winter_rapeseed,1,PK,0.001,35
6101,2,winter_rapeseed,2,KAS,0.4,24
6101,2,winter_rapeseed,3,KAS,0.8,20
6102,2,winter_rapeseed,1,PK,0.001,35
6102,2,winter_rapeseed,2,KAS,0.4,24
6102,2,winter_rapeseed,3,KAS,0.8,20
6103,2,winter_rapeseed,1,PK,0.001,35
6103,2,winter_rapeseed,2,KAS,0.4,24
6103,2,winter_rapeseed,3,KAS,0.8,20
6104,2,winter_rapeseed,1,PK,0.001,35
6104,2,winter_rapeseed,2,KAS,0.4,24
6104,2,winter_rapeseed,3,KAS,0.8,20
6105,2,winter_rapeseed,1,PK,0.001,35
6105,2,winter_rapeseed,2,KAS,0.4,24
6105,2,winter_rapeseed,3,KAS,0.8,20
6106,2,winter_rapeseed,1,PK,0.001,35
6106,2,winter_rapeseed,2,KAS,0.4,24
6106,2,winter_rapeseed,3,KAS,0.8,20
6107,2,winter_rapeseed,1,PK,0.001,35
6107,2,winter_rapeseed,2,KAS,0.4,24
6107,2,winter_rapeseed,3,KAS,0.8,20
6108,2,winter_rapeseed,1,PK,0.001,35
6108,2,winter_rapeseed,2,KAS,0.4,24
6108,2,winter_rapeseed,3,KAS,0.8,20
6109,2,winter_rapeseed,1,PK,0.001,35
6109,2,winter_rapeseed,2,KAS,0.4,24
6109,2,winter_rapeseed,3,KAS,0.8,20
6111,2,winter_rapeseed,1,PK,0.001,35
6111,2,winter_rapeseed,2,KAS,0.4,24
6111,2,winter_rapeseed,3,KAS,0.8,20
6112,2,winter_rapeseed,1,PK,0.001,35
6112,2,winter_rapeseed,2,KAS,0.4,24
6112,2,winter_rapeseed,3,KAS,0.8,20
6113,2,winter_rapeseed,1,PK,0.001,35
6113,2,winter_rapeseed,2,KAS,0.4,24
6113,2,winter_rapeseed,3,KAS,0.8,20
6114,2,winter_rapeseed,1,PK,0.001,35
6114,2,winter_rapeseed,2,KAS,0.4,24
6114,2,winter_rapeseed,3,KAS,0.8,20
6115,2,winter_rapeseed,1,PK,0.001,35
6115,2,winter_rapeseed,2,KAS,0.4,24
6115,2,winter_rapeseed,3,KAS,0.8,20
6116,2,winter_rapeseed,1,PK,0.001,35
6116,2,winter_rapeseed,2,KAS,0.4,24
6116,2,winter_rapeseed,3,KAS,0.8,20
6117,2,winter_rapeseed,1,PK,0.001,35
6117,2,winter_rapeseed,2,KAS,0.4,24
6117,2,winter_rapeseed,3,KAS,0.8,20
6119,2,winter_rapeseed,1,PK,0.001,35
6119,2,winter_rapeseed,2,KAS,0.4,24
6119,2,winter_rapeseed,3,KAS,0.8,20
6120,2,winter_rapeseed,1,PK,0.001,35
6120,2,winter_rapeseed,2,KAS,0.4,24
6120,2,winter_rapeseed,3,KAS,0.8,20
6121,2,winter_rapeseed,1,PK,0.001,35
6121,2,winter_rapeseed,2,KAS,0.4,24
6121,2,winter_rapeseed,3,KAS,0.8,20
6122,2,winter_rapeseed,1,PK,0.001,35
6122,2,winter_rapeseed,2,KAS,0.4,24
6122,2,winter_rapeseed,3,KAS,0.8,20
6123,2,winter_rapeseed,1,PK,0.001,35
6123,2,winter_rapeseed,2,KAS,0.4,24
6123,2,winter_rapeseed,3,KAS,0.8,20
6124,2,winter_rapeseed,1,PK,0.001,35
6124,2,winter_rapeseed,2,KAS,0.4,24
6124,2,winter_rapeseed,3,KAS,0.8,20
6125,2,winter_rapeseed,1,PK,0.001,35
6125,2,winter_rapeseed,2,KAS,0.4,24
6125,2,winter_rapeseed,3,KAS,0.8,20
6126,2,winter_rapeseed,1,PK,0.001,35
6126,2,winter_rapeseed,2,KAS,0.4,24
6126,2,winter_rapeseed,3,KAS,0.8,20
6127,2,winter_rapeseed,1,PK,0.001,35
6127,2,winter_rapeseed,2,KAS,0.4,24
6127,2,winter_rapeseed,3,KAS,0.8,20
6130,2,winter_rapeseed,1,PK,0.001,35
6130,2,winter_rapeseed,2,KAS,0.4,24
6130,2,winter_rapeseed,3,KAS,0.8,20
6131,2,winter_rapeseed,1,PK,0.001,35
6131,2,winter_rapeseed,2,KAS,0.4,24
6131,2,winter_rapeseed,3,KAS,0.8,20
6132,2,winter_rapeseed,1,PK,0.001,35
6132,2,winter_rapeseed,2,KAS,0.4,24
6132,2,winter_rapeseed,3,KAS,0.8,20
6133,2,winter_rapeseed,1,PK,0.001,35
6133,2,winter_rapeseed,2,KAS,0.4,24
6133,2,winter_rapeseed,3,KAS,0.8,20
6134,2,winter_rapeseed,1,PK,0.001,35
6134,2,winter_rapeseed,2,KAS,0.4,24
6134,2,winter_rapeseed,3,KAS,0.8,20
6135,2,winter_rapeseed,1,PK,0.001,35
6135,2,winter_rapeseed,2,KAS,0.4,24
6135,2,winter_rapeseed,3,KAS,0.8,20
6136,2,winter_rapeseed,1,PK,0.001,35
6136,2,winter_rapeseed,2,KAS,0.4,24
6136,2,winter_rapeseed,3,KAS,0.8,20
6137,2,winter_rapeseed,1,PK,0.001,35
6137,2,winter_rapeseed,2,KAS,0.4,24
6137,2,winter_rapeseed,3,KAS,0.8,20
6138,2,winter_rapeseed,1,PK,0.001,35
6138,2,winter_rapeseed,2,KAS,0.4,24
6138,2,winter_rapeseed,3,KAS,0.8,20
6139,2,winter_rapeseed,1,PK,0.001,35
6139,2,winter_rapeseed,2,KAS,0.4,24
6139,2,winter_rapeseed,3,KAS,0.8,20
6140,2,winter_rapeseed,1,PK,0.001,35
6140,2,winter_rapeseed,2,KAS,0.4,24
6140,2,winter_rapeseed,3,KAS,0.8,20
6141,2,winter_rapeseed,1,PK,0.001,35
6141,2,winter_rapeseed,2,KAS,0.4,24
6141,2,winter_rapeseed,3,KAS,0.8,20
6142,2,winter_rapeseed,1,PK,0.001,35
6142,2,winter_rapeseed,2,KAS,0.4,24
6142,2,winter_rapeseed,3,KAS,0.8,20
6143,2,winter_rapeseed,1,PK,0.001,35
6143,2,winter_rapeseed,2,KAS,0.4,24
6143,2,winter_rapeseed,3,KAS,0.8,20
6144,2,winter_rapeseed,1,PK,0.001,35
6144,2,winter_rapeseed,2,KAS,0.4,24
6144,2,winter_rapeseed,3,KAS,0.8,20
6145,2,winter_rapeseed,1,PK,0.001,35
6145,2,winter_rapeseed,2,KAS,0.4,24
6145,2,winter_rapeseed,3,KAS,0.8,20
6146,2,winter_rapeseed,1,PK,0.001,35
6146,2,winter_rapeseed,2,KAS,0.4,24
6146,2,winter_rapeseed,3,KAS,0.8,20
6147,2,winter_rapeseed,1,PK,0.001,35
6147,2,winter_rapeseed,2,KAS,0.4,24
6147,2,winter_rapeseed,3,KAS,0.8,20
6148,2,winter_rapeseed,1,PK,0.001,35
6148,2,winter_rapeseed,2,KAS,0.4,24
6148,2,winter_rapeseed,3,KAS,0.8,20
6149,2,winter_rapeseed,1,PK,0.001,35
6149,2,winter_rapeseed,2,KAS,0.4,24
6149,2,winter_rapeseed,3,KAS,0.8,20
6150,2,winter_rapeseed,1,PK,0.001,35
6150,2,winter_rapeseed,2,KAS,0.4,24
6150,2,winter_rapeseed,3,KAS,0.8,20
6151,2,winter_rapeseed,1,PK,0.001,35
6151,2,winter_rapeseed,2,KAS,0.4,24
6151,2,winter_rapeseed,3,KAS,0.8,20
6152,2,winter_rapeseed,1,PK,0.001,35
6152,2,winter_rapeseed,2,KAS,0.4,24
6152,2,winter_rapeseed,3,KAS,0.8,20
6153,2,winter_rapeseed,1,PK,0.001,35
6153,2,winter_rapeseed,2,KAS,0.4,24
6153,2,winter_rapeseed,3,KAS,0.8,20
6154,2,winter_rapeseed,1,PK,0.001,35
6154,2,winter_rapeseed,2,KAS,0.4,24
6154,2,winter_rapeseed,3,KAS,0.8,20
6155,2,winter_rapeseed,1,PK,0.001,35
6155,2,winter_rapeseed,2,KAS,0.4,24
6155,2,winter_rapeseed,3,KAS,0.8,20
6156,2,winter_rapeseed,1,PK,0.001,35
6156,2,winter_rapeseed,2,KAS,0.4,24
6156,2,winter_rapeseed,3,KAS,0.8,20
6157,2,winter_rapeseed,1,PK,0.001,35
6157,2,winter_rapeseed,2,KAS,0.4,24
6157,2,winter_rapeseed,3,KAS,0.8,20
6158,2,winter_rapeseed,1,PK,0.001,35
6158,2,winter_rapeseed,2,KAS,0.4,24
6158,2,winter_rapeseed,3,KAS,0.8,20
6160,2,winter_rapeseed,1,PK,0.001,35
6160,2,winter_rapeseed,2,KAS,0.4,24
6160,2,winter_rapeseed,3,KAS,0.8,20
6161,2,winter_rapeseed,1,PK,0.001,35
6161,2,winter_rapeseed,2,KAS,0.4,24
6161,2,winter_rapeseed,3,KAS,0.8,20
6162,2,winter_rapeseed,1,PK,0.001,35
6162,2,winter_rapeseed,2,KAS,0.4,24
6162,2,winter_rapeseed,3,KAS,0.8,20
6163,2,winter_rapeseed,1,PK,0.001,35
6163,2,winter_rapeseed,2,KAS,0.4,24
6163,2,winter_rapeseed,3,KAS,0.8,20
6164,2,winter_rapeseed,1,PK,0.001,35
6164,2,winter_rapeseed,2,KAS,0.4,24
6164,2,winter_rapeseed,3,KAS,0.8,20
6165,2,winter_rapeseed,1,PK,0.001,35
6165,2,winter_rapeseed,2,KAS,0.4,24
6165,2,winter_rapeseed,3,KAS,0.8,20
6166,2,winter_rapeseed,1,PK,0.001,35
6166,2,winter_rapeseed,2,KAS,0.4,24
6166,2,winter_rapeseed,3,KAS,0.8,20
6167,2,winter_rapeseed,1,PK,0.001,35
6167,2,winter_rapeseed,2,KAS,0.4,24
6167,2,winter_rapeseed,3,KAS,0.8,20
6168,2,winter_rapeseed,1,PK,0.001,35
6168,2,winter_rapeseed,2,KAS,0.4,24
6168,2,winter_rapeseed,3,KAS,0.8,20
6169,2,winter_rapeseed,1,PK,0.001,35
6169,2,winter_rapeseed,2,KAS,0.4,24
6169,2,winter_rapeseed,3,KAS,0.8,20
6171,2,winter_rapeseed,1,PK,0.001,35
6171,2,winter_rapeseed,2,KAS,0.4,24
6171,2,winter_rapeseed,3,KAS,0.8,20
6172,2,winter_rapeseed,1,PK,0.001,35
6172,2,winter_rapeseed,2,KAS,0.4,24
6172,2,winter_rapeseed,3,KAS,0.8,20
6173,2,winter_rapeseed,1,PK,0.001,35
6173,2,winter_rapeseed,2,KAS,0.4,24
6173,2,winter_rapeseed,3,KAS,0.8,20
6174,2,winter_rapeseed,1,PK,0.001,35
6174,2,winter_rapeseed,2,KAS,0.4,24
6174,2,winter_rapeseed,3,KAS,0.8,20
6175,2,winter_rapeseed,1,PK,0.001,35
6175,2,winter_rapeseed,2,KAS,0.4,24
6175,2,winter_rapeseed,3,KAS,0.8,20
6176,2,winter_rapeseed,1,PK,0.001,35
6176,2,winter_rapeseed,2,KAS,0.4,24
6176,2,winter_rapeseed,3,KAS,0.8,20
6177,2,winter_rapeseed,1,PK,0.001,35
6177,2,winter_rapeseed,2,KAS,0.4,24
6177,2,winter_rapeseed,3,KAS,0.8,20
6178,2,winter_rapeseed,1,PK,0.001,35
6178,2,winter_rapeseed,2,KAS,0.4,24
6178,2,winter_rapeseed,3,KAS,0.8,20
6179,2,winter_rapeseed,1,PK,0.001,35
6179,2,winter_rapeseed,2,KAS,0.4,24
6179,2,winter_rapeseed,3,KAS,0.8,20
6180,2,winter_rapeseed,1,PK,0.001,35
6180,2,winter_rapeseed,2,KAS,0.4,24
6180,2,winter_rapeseed,3,KAS,0.8,20
6181,2,winter_rapeseed,1,PK,0.001,35
6181,2,winter_rapeseed,2,KAS,0.4,24
6181,2,winter_rapeseed,3,KAS,0.8,20
6182,2,winter_rapeseed,1,PK,0.001,35
6182,2,winter_rapeseed,2,KAS,0.4,24
6182,2,winter_rapeseed,3,KAS,0.8,20
6183,2,winter_rapeseed,1,PK,0.001,35
6183,2,winter_rapeseed,2,KAS,0.4,24
6183,2,winter_rapeseed,3,KAS,0.8,20
6184,2,winter_rapeseed,1,PK,0.001,35
6184,2,winter_rapeseed,2,KAS,0.4,24
6184,2,winter_rapeseed,3,KAS,0.8,20
6185,2,winter_rapeseed,1,PK,0.001,35
6185,2,winter_rapeseed,2,KAS,0.4,24
6185,2,winter_rapeseed,3,KAS,0.8,20
6186,2,winter_rapeseed,1,PK,0.001,35
6186,2,winter_rapeseed,2,KAS,0.4,24
6186,2,winter_rapeseed,3,KAS,0.8,20
6187,2,winter_rapeseed,1,PK,0.001,35
6187,2,winter_rapeseed,2,KAS,0.4,24
6187,2,winter_rapeseed,3,KAS,0.8,20
6188,2,winter_rapeseed,1,PK,0.001,35
6188,2,winter_rapeseed,2,KAS,0.4,24
6188,2,winter_rapeseed,3,KAS,0.8,20
6189,2,winter_rapeseed,1,PK,0.001,35
6189,2,winter_rapeseed,2,KAS,0.4,24
6189,2,winter_rapeseed,3,KAS,0.8,20
6190,2,winter_rapeseed,1,PK,0.001,35
6190,2,winter_rapeseed,2,KAS,0.4,24
6190,2,winter_rapeseed,3,KAS,0.8,20
6191,2,winter_rapeseed,1,PK,0.001,35
6191,2,winter_rapeseed,2,KAS,0.4,24
6191,2,winter_rapeseed,3,KAS,0.8,20
6192,2,winter_rapeseed,1,PK,0.001,35
6192,2,winter_rapeseed,2,KAS,0.4,24
6192,2,winter_rapeseed,3,KAS,0.8,20
6193,2,winter_rapeseed,1,PK,0.001,35
6193,2,winter_rapeseed,2,KAS,0.4,24
6193,2,winter_rapeseed,3,KAS,0.8,20
6194,2,winter_rapeseed,1,PK,0.001,35
6194,2,winter_rapeseed,2,KAS,0.4,24
6194,2,winter_rapeseed,3,KAS,0.8,20
6195,2,winter_rapeseed,1,PK,0.001,35
6195,2,winter_rapeseed,2,KAS,0.4,24
6195,2,winter_rapeseed,3,KAS,0.8,20
6196,2,winter_rapeseed,1,PK,0.001,35
6196,2,winter_rapeseed,2,KAS,0.4,24
6196,2,winter_rapeseed,3,KAS,0.8,20
6197,2,winter_rapeseed,1,PK,0.001,35
6197,2,winter_rapeseed,2,KAS,0.4,24
6197,2,winter_rapeseed,3,KAS,0.8,20
6198,2,winter_rapeseed,1,PK,0.001,35
6198,2,winter_rapeseed,2,KAS,0.4,24
6198,2,winter_rapeseed,3,KAS,0.8,20
6199,2,winter_rapeseed,1,PK,0.001,35
6199,2,winter_rapeseed,2,KAS,0.4,24
6199,2,winter_rapeseed,3,KAS,0.8,20
6200,2,winter_rapeseed,1,PK,0.001,35
6200,2,winter_rapeseed,2,KAS,0.4,24
6200,2,winter_rapeseed,3,KAS,0.8,20
6201,2,winter_rapeseed,1,PK,0.001,35
6201,2,winter_rapeseed,2,KAS,0.4,24
6201,2,winter_rapeseed,3,KAS,0.8,20
6202,2,winter_rapeseed,1,PK,0.001,35
6202,2,winter_rapeseed,2,KAS,0.4,24
6202,2,winter_rapeseed,3,KAS,0.8,20
6203,2,winter_rapeseed,1,PK,0.001,35
6203,2,winter_rapeseed,2,KAS,0.4,24
6203,2,winter_rapeseed,3,KAS,0.8,20
6204,2,winter_rapeseed,1,PK,0.001,35
6204,2,winter_rapeseed,2,KAS,0.4,24
6204,2,winter_rapeseed,3,KAS,0.8,20
6205,2,winter_rapeseed,1,PK,0.001,35
6205,2,winter_rapeseed,2,KAS,0.4,24
6205,2,winter_rapeseed,3,KAS,0.8,20
6207,2,winter_rapeseed,1,PK,0.001,35
6207,2,winter_rapeseed,2,KAS,0.4,24
6207,2,winter_rapeseed,3,KAS,0.8,20
6208,2,winter_rapeseed,1,PK,0.001,35
6208,2,winter_rapeseed,2,KAS,0.4,24
6208,2,winter_rapeseed,3,KAS,0.8,20
6210,2,winter_rapeseed,1,PK,0.001,35
6210,2,winter_rapeseed,2,KAS,0.4,24
6210,2,winter_rapeseed,3,KAS,0.8,20
6211,2,winter_rapeseed,1,PK,0.001,35
6211,2,winter_rapeseed,2,KAS,0.4,24
6211,2,winter_rapeseed,3,KAS,0.8,20
