location,FertilizerScenario,crop,Event,vType,DVS,Amount
296,2,spring_barley,1,PK,0.001,32
296,2,spring_barley,2,KAS,0.01,31
297,2,spring_barley,1,PK,0.001,32
297,2,spring_barley,2,KAS,0.01,31
298,2,spring_barley,1,PK,0.001,32
298,2,spring_barley,2,KAS,0.01,31
299,2,spring_barley,1,PK,0.001,32
299,2,spring_barley,2,KAS,0.01,31
300,2,spring_barley,1,PK,0.001,32
300,2,spring_barley,2,KAS,0.01,31
301,2,spring_barley,1,PK,0.001,32
301,2,spring_barley,2,KAS,0.01,31
302,2,spring_barley,1,PK,0.001,32
302,2,spring_barley,2,KAS,0.01,31
303,2,spring_barley,1,PK,0.001,32
303,2,spring_barley,2,KAS,0.01,31
304,2,spring_barley,1,PK,0.001,32
304,2,spring_barley,2,KAS,0.01,31
305,2,spring_barley,1,PK,0.001,32
305,2,spring_barley,2,KAS,0.01,31
306,2,spring_barley,1,PK,0.001,32
306,2,spring_barley,2,KAS,0.01,31
307,2,spring_barley,1,PK,0.001,32
307,2,spring_barley,2,KAS,0.01,31
308,2,spring_barley,1,PK,0.001,32
308,2,spring_barley,2,KAS,0.01,31
309,2,spring_barley,1,PK,0.001,32
309,2,spring_barley,2,KAS,0.01,31
310,2,spring_barley,1,PK,0.001,32
310,2,spring_barley,2,KAS,0.01,31
312,2,spring_barley,1,PK,0.001,32
312,2,spring_barley,2,KAS,0.01,31
313,2,spring_barley,1,PK,0.001,32
313,2,spring_barley,2,KAS,0.01,31
314,2,spring_barley,1,PK,0.001,32
314,2,spring_barley,2,KAS,0.01,31
315,2,spring_barley,1,PK,0.001,32
315,2,spring_barley,2,KAS,0.01,31
316,2,spring_barley,1,PK,0.001,32
316,2,spring_barley,2,KAS,0.01,31
317,2,spring_barley,1,PK,0.001,32
317,2,spring_barley,2,KAS,0.01,31
318,2,spring_barley,1,PK,0.001,32
318,2,spring_barley,2,KAS,0.01,31
319,2,spring_barley,1,PK,0.001,32
319,2,spring_barley,2,KAS,0.01,31
320,2,spring_barley,1,PK,0.001,32
320,2,spring_barley,2,KAS,0.01,31
321,2,spring_barley,1,PK,0.001,32
321,2,spring_barley,2,KAS,0.01,31
322,2,spring_barley,1,PK,0.001,32
322,2,spring_barley,2,KAS,0.01,31
323,2,spring_barley,1,PK,0.001,32
323,2,spring_barley,2,KAS,0.01,31
324,2,spring_barley,1,PK,0.001,32
324,2,spring_barley,2,KAS,0.01,31
325,2,spring_barley,1,PK,0.001,32
325,2,spring_barley,2,KAS,0.01,31
326,2,spring_barley,1,PK,0.001,32
326,2,spring_barley,2,KAS,0.01,31
327,2,spring_barley,1,PK,0.001,32
327,2,spring_barley,2,KAS,0.01,31
328,2,spring_barley,1,PK,0.001,32
328,2,spring_barley,2,KAS,0.01,31
329,2,spring_barley,1,PK,0.001,32
329,2,spring_barley,2,KAS,0.01,31
330,2,spring_barley,1,PK,0.001,32
330,2,spring_barley,2,KAS,0.01,31
331,2,spring_barley,1,PK,0.001,32
331,2,spring_barley,2,KAS,0.01,31
332,2,spring_barley,1,PK,0.001,32
332,2,spring_barley,2,KAS,0.01,31
333,2,spring_barley,1,PK,0.001,32
333,2,spring_barley,2,KAS,0.01,31
334,2,spring_barley,1,PK,0.001,32
334,2,spring_barley,2,KAS,0.01,31
335,2,spring_barley,1,PK,0.001,32
335,2,spring_barley,2,KAS,0.01,31
336,2,spring_barley,1,PK,0.001,32
336,2,spring_barley,2,KAS,0.01,31
337,2,spring_barley,1,PK,0.001,32
337,2,spring_barley,2,KAS,0.01,31
338,2,spring_barley,1,PK,0.001,32
338,2,spring_barley,2,KAS,0.01,31
339,2,spring_barley,1,PK,0.001,32
339,2,spring_barley,2,KAS,0.01,31
340,2,spring_barley,1,PK,0.001,32
340,2,spring_barley,2,KAS,0.01,31
341,2,spring_barley,1,PK,0.001,32
341,2,spring_barley,2,KAS,0.01,31
342,2,spring_barley,1,PK,0.001,32
342,2,spring_barley,2,KAS,0.01,31
343,2,spring_barley,1,PK,0.001,32
343,2,spring_barley,2,KAS,0.01,31
344,2,spring_barley,1,PK,0.001,32
344,2,spring_barley,2,KAS,0.01,31
345,2,spring_barley,1,PK,0.001,32
345,2,spring_barley,2,KAS,0.01,31
346,2,spring_barley,1,PK,0.001,32
346,2,spring_barley,2,KAS,0.01,31
348,2,spring_barley,1,PK,0.001,32
348,2,spring_barley,2,KAS,0.01,31
349,2,spring_barley,1,PK,0.001,32
349,2,spring_barley,2,KAS,0.01,31
350,2,spring_barley,1,PK,0.001,32
350,2,spring_barley,2,KAS,0.01,31
351,2,spring_barley,1,PK,0.001,32
351,2,spring_barley,2,KAS,0.01,31
352,2,spring_barley,1,PK,0.001,32
352,2,spring_barley,2,KAS,0.01,31
353,2,spring_barley,1,PK,0.001,32
353,2,spring_barley,2,KAS,0.01,31
354,2,spring_barley,1,PK,0.001,32
354,2,spring_barley,2,KAS,0.01,31
355,2,spring_barley,1,PK,0.001,32
355,2,spring_barley,2,KAS,0.01,31
356,2,spring_barley,1,PK,0.001,32
356,2,spring_barley,2,KAS,0.01,31
357,2,spring_barley,1,PK,0.001,32
357,2,spring_barley,2,KAS,0.01,31
358,2,spring_barley,1,PK,0.001,32
358,2,spring_barley,2,KAS,0.01,31
359,2,spring_barley,1,PK,0.001,32
359,2,spring_barley,2,KAS,0.01,31
360,2,spring_barley,1,PK,0.001,32
360,2,spring_barley,2,KAS,0.01,31
361,2,spring_barley,1,PK,0.001,32
361,2,spring_barley,2,KAS,0.01,31
362,2,spring_barley,1,PK,0.001,32
362,2,spring_barley,2,KAS,0.01,31
363,2,spring_barley,1,PK,0.001,32
363,2,spring_barley,2,KAS,0.01,31
364,2,spring_barley,1,PK,0.001,32
364,2,spring_barley,2,KAS,0.01,31
365,2,spring_barley,1,PK,0.001,32
365,2,spring_barley,2,KAS,0.01,31
366,2,spring_barley,1,PK,0.001,32
366,2,spring_barley,2,KAS,0.01,31
368,2,spring_barley,1,PK,0.001,32
368,2,spring_barley,2,KAS,0.01,31
369,2,spring_barley,1,PK,0.001,32
369,2,spring_barley,2,KAS,0.01,31
370,2,spring_barley,1,PK,0.001,32
370,2,spring_barley,2,KAS,0.01,31
371,2,spring_barley,1,PK,0.001,32
371,2,spring_barley,2,KAS,0.01,31
372,2,spring_barley,1,PK,0.001,32
372,2,spring_barley,2,KAS,0.01,31
373,2,spring_barley,1,PK,0.001,32
373,2,spring_barley,2,KAS,0.01,31
374,2,spring_barley,1,PK,0.001,32
374,2,spring_barley,2,KAS,0.01,31
375,2,spring_barley,1,PK,0.001,32
375,2,spring_barley,2,KAS,0.01,31
376,2,spring_barley,1,PK,0.001,32
376,2,spring_barley,2,KAS,0.01,31
377,2,spring_barley,1,PK,0.001,32
377,2,spring_barley,2,KAS,0.01,31
378,2,spring_barley,1,PK,0.001,32
378,2,spring_barley,2,KAS,0.01,31
379,2,spring_barley,1,PK,0.001,32
379,2,spring_barley,2,KAS,0.01,31
380,2,spring_barley,1,PK,0.001,32
380,2,spring_barley,2,KAS,0.01,31
381,2,spring_barley,1,PK,0.001,32
381,2,spring_barley,2,KAS,0.01,31
382,2,spring_barley,1,PK,0.001,32
382,2,spring_barley,2,KAS,0.01,31
383,2,spring_barley,1,PK,0.001,32
383,2,spring_barley,2,KAS,0.01,31
384,2,spring_barley,1,PK,0.001,32
384,2,spring_barley,2,KAS,0.01,31
386,2,spring_barley,1,PK,0.001,32
386,2,spring_barley,2,KAS,0.01,31
387,2,spring_barley,1,PK,0.001,32
387,2,spring_barley,2,KAS,0.01,31
388,2,spring_barley,1,PK,0.001,32
388,2,spring_barley,2,KAS,0.01,31
389,2,spring_barley,1,PK,0.001,32
389,2,spring_barley,2,KAS,0.01,31
390,2,spring_barley,1,PK,0.001,32
390,2,spring_barley,2,KAS,0.01,31
391,2,spring_barley,1,PK,0.001,32
391,2,spring_barley,2,KAS,0.01,31
392,2,spring_barley,1,PK,0.001,32
392,2,spring_barley,2,KAS,0.01,31
393,2,spring_barley,1,PK,0.001,32
393,2,spring_barley,2,KAS,0.01,31
394,2,spring_barley,1,PK,0.001,32
394,2,spring_barley,2,KAS,0.01,31
395,2,spring_barley,1,PK,0.001,32
395,2,spring_barley,2,KAS,0.01,31
396,2,spring_barley,1,PK,0.001,32
396,2,spring_barley,2,KAS,0.01,31
397,2,spring_barley,1,PK,0.001,32
397,2,spring_barley,2,KAS,0.01,31
399,2,spring_barley,1,PK,0.001,32
399,2,spring_barley,2,KAS,0.01,31
400,2,spring_barley,1,PK,0.001,32
400,2,spring_barley,2,KAS,0.01,31
401,2,spring_barley,1,PK,0.001,32
401,2,spring_barley,2,KAS,0.01,31
402,2,spring_barley,1,PK,0.001,32
402,2,spring_barley,2,KAS,0.01,31
403,2,spring_barley,1,PK,0.001,32
403,2,spring_barley,2,KAS,0.01,31
404,2,spring_barley,1,PK,0.001,32
404,2,spring_barley,2,KAS,0.01,31
405,2,spring_barley,1,PK,0.001,32
405,2,spring_barley,2,KAS,0.01,31
406,2,spring_barley,1,PK,0.001,32
406,2,spring_barley,2,KAS,0.01,31
407,2,spring_barley,1,PK,0.001,32
407,2,spring_barley,2,KAS,0.01,31
408,2,spring_barley,1,PK,0.001,32
408,2,spring_barley,2,KAS,0.01,31
409,2,spring_barley,1,PK,0.001,32
409,2,spring_barley,2,KAS,0.01,31
410,2,spring_barley,1,PK,0.001,32
410,2,spring_barley,2,KAS,0.01,31
411,2,spring_barley,1,PK,0.001,32
411,2,spring_barley,2,KAS,0.01,31
412,2,spring_barley,1,PK,0.001,32
412,2,spring_barley,2,KAS,0.01,31
413,2,spring_barley,1,PK,0.001,32
413,2,spring_barley,2,KAS,0.01,31
414,2,spring_barley,1,PK,0.001,32
414,2,spring_barley,2,KAS,0.01,31
415,2,spring_barley,1,PK,0.001,32
415,2,spring_barley,2,KAS,0.01,31
416,2,spring_barley,1,PK,0.001,32
416,2,spring_barley,2,KAS,0.01,31
417,2,spring_barley,1,PK,0.001,32
417,2,spring_barley,2,KAS,0.01,31
419,2,spring_barley,1,PK,0.001,32
419,2,spring_barley,2,KAS,0.01,31
420,2,spring_barley,1,PK,0.001,32
420,2,spring_barley,2,KAS,0.01,31
421,2,spring_barley,1,PK,0.001,32
421,2,spring_barley,2,KAS,0.01,31
422,2,spring_barley,1,PK,0.001,32
422,2,spring_barley,2,KAS,0.01,31
423,2,spring_barley,1,PK,0.001,32
423,2,spring_barley,2,KAS,0.01,31
424,2,spring_barley,1,PK,0.001,32
424,2,spring_barley,2,KAS,0.01,31
425,2,spring_barley,1,PK,0.001,32
425,2,spring_barley,2,KAS,0.01,31
426,2,spring_barley,1,PK,0.001,32
426,2,spring_barley,2,KAS,0.01,31
427,2,spring_barley,1,PK,0.001,32
427,2,spring_barley,2,KAS,0.01,31
428,2,spring_barley,1,PK,0.001,32
428,2,spring_barley,2,KAS,0.01,31
429,2,spring_barley,1,PK,0.001,32
429,2,spring_barley,2,KAS,0.01,31
430,2,spring_barley,1,PK,0.001,32
430,2,spring_barley,2,KAS,0.01,31
431,2,spring_barley,1,PK,0.001,32
431,2,spring_barley,2,KAS,0.01,31
432,2,spring_barley,1,PK,0.001,32
432,2,spring_barley,2,KAS,0.01,31
433,2,spring_barley,1,PK,0.001,32
433,2,spring_barley,2,KAS,0.01,31
434,2,spring_barley,1,PK,0.001,32
434,2,spring_barley,2,KAS,0.01,31
435,2,spring_barley,1,PK,0.001,32
435,2,spring_barley,2,KAS,0.01,31
436,2,spring_barley,1,PK,0.001,32
436,2,spring_barley,2,KAS,0.01,31
437,2,spring_barley,1,PK,0.001,32
437,2,spring_barley,2,KAS,0.01,31
438,2,spring_barley,1,PK,0.001,32
438,2,spring_barley,2,KAS,0.01,31
439,2,spring_barley,1,PK,0.001,32
439,2,spring_barley,2,KAS,0.01,31
440,2,spring_barley,1,PK,0.001,32
440,2,spring_barley,2,KAS,0.01,31
441,2,spring_barley,1,PK,0.001,32
441,2,spring_barley,2,KAS,0.01,31
442,2,spring_barley,1,PK,0.001,32
442,2,spring_barley,2,KAS,0.01,31
443,2,spring_barley,1,PK,0.001,32
443,2,spring_barley,2,KAS,0.01,31
444,2,spring_barley,1,PK,0.001,32
444,2,spring_barley,2,KAS,0.01,31
445,2,spring_barley,1,PK,0.001,32
445,2,spring_barley,2,KAS,0.01,31
446,2,spring_barley,1,PK,0.001,32
446,2,spring_barley,2,KAS,0.01,31
447,2,spring_barley,1,PK,0.001,32
447,2,spring_barley,2,KAS,0.01,31
448,2,spring_barley,1,PK,0.001,32
448,2,spring_barley,2,KAS,0.01,31
449,2,spring_barley,1,PK,0.001,32
449,2,spring_barley,2,KAS,0.01,31
450,2,spring_barley,1,PK,0.001,32
450,2,spring_barley,2,KAS,0.01,31
451,2,spring_barley,1,PK,0.001,32
451,2,spring_barley,2,KAS,0.01,31
452,2,spring_barley,1,PK,0.001,32
452,2,spring_barley,2,KAS,0.01,31
453,2,spring_barley,1,PK,0.001,32
453,2,spring_barley,2,KAS,0.01,31
454,2,spring_barley,1,PK,0.001,32
454,2,spring_barley,2,KAS,0.01,31
455,2,spring_barley,1,PK,0.001,32
455,2,spring_barley,2,KAS,0.01,31
456,2,spring_barley,1,PK,0.001,32
456,2,spring_barley,2,KAS,0.01,31
457,2,spring_barley,1,PK,0.001,32
457,2,spring_barley,2,KAS,0.01,31
458,2,spring_barley,1,PK,0.001,32
458,2,spring_barley,2,KAS,0.01,31
459,2,spring_barley,1,PK,0.001,32
459,2,spring_barley,2,KAS,0.01,31
460,2,spring_barley,1,PK,0.001,32
460,2,spring_barley,2,KAS,0.01,31
462,2,spring_barley,1,PK,0.001,32
462,2,spring_barley,2,KAS,0.01,31
463,2,spring_barley,1,PK,0.001,32
463,2,spring_barley,2,KAS,0.01,31
464,2,spring_barley,1,PK,0.001,32
464,2,spring_barley,2,KAS,0.01,31
465,2,spring_barley,1,PK,0.001,32
465,2,spring_barley,2,KAS,0.01,31
466,2,spring_barley,1,PK,0.001,32
466,2,spring_barley,2,KAS,0.01,31
467,2,spring_barley,1,PK,0.001,32
467,2,spring_barley,2,KAS,0.01,31
468,2,spring_barley,1,PK,0.001,32
468,2,spring_barley,2,KAS,0.01,31
469,2,spring_barley,1,PK,0.001,32
469,2,spring_barley,2,KAS,0.01,31
470,2,spring_barley,1,PK,0.001,32
470,2,spring_barley,2,KAS,0.01,31
471,2,spring_barley,1,PK,0.001,32
471,2,spring_barley,2,KAS,0.01,31
472,2,spring_barley,1,PK,0.001,32
472,2,spring_barley,2,KAS,0.01,31
473,2,spring_barley,1,PK,0.001,32
473,2,spring_barley,2,KAS,0.01,31
474,2,spring_barley,1,PK,0.001,32
474,2,spring_barley,2,KAS,0.01,31
475,2,spring_barley,1,PK,0.001,32
475,2,spring_barley,2,KAS,0.01,31
476,2,spring_barley,1,PK,0.001,32
476,2,spring_barley,2,KAS,0.01,31
477,2,spring_barley,1,PK,0.001,32
477,2,spring_barley,2,KAS,0.01,31
479,2,spring_barley,1,PK,0.001,32
479,2,spring_barley,2,KAS,0.01,31
480,2,spring_barley,1,PK,0.001,32
480,2,spring_barley,2,KAS,0.01,31
481,2,spring_barley,1,PK,0.001,32
481,2,spring_barley,2,KAS,0.01,31
483,2,spring_barley,1,PK,0.001,32
483,2,spring_barley,2,KAS,0.01,31
484,2,spring_barley,1,PK,0.001,32
484,2,spring_barley,2,KAS,0.01,31
485,2,spring_barley,1,PK,0.001,32
485,2,spring_barley,2,KAS,0.01,31
486,2,spring_barley,1,PK,0.001,32
486,2,spring_barley,2,KAS,0.01,31
487,2,spring_barley,1,PK,0.001,32
487,2,spring_barley,2,KAS,0.01,31
488,2,spring_barley,1,PK,0.001,32
488,2,spring_barley,2,KAS,0.01,31
489,2,spring_barley,1,PK,0.001,32
489,2,spring_barley,2,KAS,0.01,31
490,2,spring_barley,1,PK,0.001,32
490,2,spring_barley,2,KAS,0.01,31
491,2,spring_barley,1,PK,0.001,32
491,2,spring_barley,2,KAS,0.01,31
492,2,spring_barley,1,PK,0.001,32
492,2,spring_barley,2,KAS,0.01,31
493,2,spring_barley,1,PK,0.001,32
493,2,spring_barley,2,KAS,0.01,31
494,2,spring_barley,1,PK,0.001,32
494,2,spring_barley,2,KAS,0.01,31
495,2,spring_barley,1,PK,0.001,32
495,2,spring_barley,2,KAS,0.01,31
496,2,spring_barley,1,PK,0.001,32
496,2,spring_barley,2,KAS,0.01,31
497,2,spring_barley,1,PK,0.001,32
497,2,spring_barley,2,KAS,0.01,31
498,2,spring_barley,1,PK,0.001,32
498,2,spring_barley,2,KAS,0.01,31
499,2,spring_barley,1,PK,0.001,32
499,2,spring_barley,2,KAS,0.01,31
500,2,spring_barley,1,PK,0.001,32
500,2,spring_barley,2,KAS,0.01,31
501,2,spring_barley,1,PK,0.001,32
501,2,spring_barley,2,KAS,0.01,31
502,2,spring_barley,1,PK,0.001,32
502,2,spring_barley,2,KAS,0.01,31
503,2,spring_barley,1,PK,0.001,32
503,2,spring_barley,2,KAS,0.01,31
504,2,spring_barley,1,PK,0.001,32
504,2,spring_barley,2,KAS,0.01,31
505,2,spring_barley,1,PK,0.001,32
505,2,spring_barley,2,KAS,0.01,31
506,2,spring_barley,1,PK,0.001,32
506,2,spring_barley,2,KAS,0.01,31
507,2,spring_barley,1,PK,0.001,32
507,2,spring_barley,2,KAS,0.01,31
508,2,spring_barley,1,PK,0.001,32
508,2,spring_barley,2,KAS,0.01,31
509,2,spring_barley,1,PK,0.001,32
509,2,spring_barley,2,KAS,0.01,31
510,2,spring_barley,1,PK,0.001,32
510,2,spring_barley,2,KAS,0.01,31
511,2,spring_barley,1,PK,0.001,32
511,2,spring_barley,2,KAS,0.01,31
512,2,spring_barley,1,PK,0.001,32
512,2,spring_barley,2,KAS,0.01,31
513,2,spring_barley,1,PK,0.001,32
513,2,spring_barley,2,KAS,0.01,31
514,2,spring_barley,1,PK,0.001,32
514,2,spring_barley,2,KAS,0.01,31
515,2,spring_barley,1,PK,0.001,32
515,2,spring_barley,2,KAS,0.01,31
516,2,spring_barley,1,PK,0.001,32
516,2,spring_barley,2,KAS,0.01,31
517,2,spring_barley,1,PK,0.001,32
517,2,spring_barley,2,KAS,0.01,31
518,2,spring_barley,1,PK,0.001,32
518,2,spring_barley,2,KAS,0.01,31
519,2,spring_barley,1,PK,0.001,32
519,2,spring_barley,2,KAS,0.01,31
520,2,spring_barley,1,PK,0.001,32
520,2,spring_barley,2,KAS,0.01,31
521,2,spring_barley,1,PK,0.001,32
521,2,spring_barley,2,KAS,0.01,31
522,2,spring_barley,1,PK,0.001,32
522,2,spring_barley,2,KAS,0.01,31
523,2,spring_barley,1,PK,0.001,32
523,2,spring_barley,2,KAS,0.01,31
524,2,spring_barley,1,PK,0.001,32
524,2,spring_barley,2,KAS,0.01,31
525,2,spring_barley,1,PK,0.001,32
525,2,spring_barley,2,KAS,0.01,31
526,2,spring_barley,1,PK,0.001,32
526,2,spring_barley,2,KAS,0.01,31
527,2,spring_barley,1,PK,0.001,32
527,2,spring_barley,2,KAS,0.01,31
528,2,spring_barley,1,PK,0.001,32
528,2,spring_barley,2,KAS,0.01,31
529,2,spring_barley,1,PK,0.001,32
529,2,spring_barley,2,KAS,0.01,31
530,2,spring_barley,1,PK,0.001,32
530,2,spring_barley,2,KAS,0.01,31
531,2,spring_barley,1,PK,0.001,32
531,2,spring_barley,2,KAS,0.01,31
532,2,spring_barley,1,PK,0.001,32
532,2,spring_barley,2,KAS,0.01,31
533,2,spring_barley,1,PK,0.001,32
533,2,spring_barley,2,KAS,0.01,31
534,2,spring_barley,1,PK,0.001,32
534,2,spring_barley,2,KAS,0.01,31
535,2,spring_barley,1,PK,0.001,32
535,2,spring_barley,2,KAS,0.01,31
536,2,spring_barley,1,PK,0.001,32
536,2,spring_barley,2,KAS,0.01,31
537,2,spring_barley,1,PK,0.001,32
537,2,spring_barley,2,KAS,0.01,31
538,2,spring_barley,1,PK,0.001,32
538,2,spring_barley,2,KAS,0.01,31
539,2,spring_barley,1,PK,0.001,32
539,2,spring_barley,2,KAS,0.01,31
540,2,spring_barley,1,PK,0.001,32
540,2,spring_barley,2,KAS,0.01,31
541,2,spring_barley,1,PK,0.001,32
541,2,spring_barley,2,KAS,0.01,31
543,2,spring_barley,1,PK,0.001,32
543,2,spring_barley,2,KAS,0.01,31
544,2,spring_barley,1,PK,0.001,32
544,2,spring_barley,2,KAS,0.01,31
545,2,spring_barley,1,PK,0.001,32
545,2,spring_barley,2,KAS,0.01,31
546,2,spring_barley,1,PK,0.001,32
546,2,spring_barley,2,KAS,0.01,31
547,2,spring_barley,1,PK,0.001,32
547,2,spring_barley,2,KAS,0.01,31
548,2,spring_barley,1,PK,0.001,32
548,2,spring_barley,2,KAS,0.01,31
549,2,spring_barley,1,PK,0.001,32
549,2,spring_barley,2,KAS,0.01,31
550,2,spring_barley,1,PK,0.001,32
550,2,spring_barley,2,KAS,0.01,31
551,2,spring_barley,1,PK,0.001,32
551,2,spring_barley,2,KAS,0.01,31
552,2,spring_barley,1,PK,0.001,32
552,2,spring_barley,2,KAS,0.01,31
553,2,spring_barley,1,PK,0.001,32
553,2,spring_barley,2,KAS,0.01,31
554,2,spring_barley,1,PK,0.001,32
554,2,spring_barley,2,KAS,0.01,31
555,2,spring_barley,1,PK,0.001,32
555,2,spring_barley,2,KAS,0.01,31
556,2,spring_barley,1,PK,0.001,32
556,2,spring_barley,2,KAS,0.01,31
557,2,spring_barley,1,PK,0.001,32
557,2,spring_barley,2,KAS,0.01,31
558,2,spring_barley,1,PK,0.001,32
558,2,spring_barley,2,KAS,0.01,31
559,2,spring_barley,1,PK,0.001,32
559,2,spring_barley,2,KAS,0.01,31
560,2,spring_barley,1,PK,0.001,32
560,2,spring_barley,2,KAS,0.01,31
561,2,spring_barley,1,PK,0.001,32
561,2,spring_barley,2,KAS,0.01,31
562,2,spring_barley,1,PK,0.001,32
562,2,spring_barley,2,KAS,0.01,31
563,2,spring_barley,1,PK,0.001,32
563,2,spring_barley,2,KAS,0.01,31
564,2,spring_barley,1,PK,0.001,32
564,2,spring_barley,2,KAS,0.01,31
565,2,spring_barley,1,PK,0.001,32
565,2,spring_barley,2,KAS,0.01,31
566,2,spring_barley,1,PK,0.001,32
566,2,spring_barley,2,KAS,0.01,31
567,2,spring_barley,1,PK,0.001,32
567,2,spring_barley,2,KAS,0.01,31
568,2,spring_barley,1,PK,0.001,32
568,2,spring_barley,2,KAS,0.01,31
569,2,spring_barley,1,PK,0.001,32
569,2,spring_barley,2,KAS,0.01,31
570,2,spring_barley,1,PK,0.001,32
570,2,spring_barley,2,KAS,0.01,31
571,2,spring_barley,1,PK,0.001,32
571,2,spring_barley,2,KAS,0.01,31
572,2,spring_barley,1,PK,0.001,32
572,2,spring_barley,2,KAS,0.01,31
573,2,spring_barley,1,PK,0.001,32
573,2,spring_barley,2,KAS,0.01,31
574,2,spring_barley,1,PK,0.001,32
574,2,spring_barley,2,KAS,0.01,31
575,2,spring_barley,1,PK,0.001,32
575,2,spring_barley,2,KAS,0.01,31
576,2,spring_barley,1,PK,0.001,32
576,2,spring_barley,2,KAS,0.01,31
577,2,spring_barley,1,PK,0.001,32
577,2,spring_barley,2,KAS,0.01,31
578,2,spring_barley,1,PK,0.001,32
578,2,spring_barley,2,KAS,0.01,31
579,2,spring_barley,1,PK,0.001,32
579,2,spring_barley,2,KAS,0.01,31
580,2,spring_barley,1,PK,0.001,32
580,2,spring_barley,2,KAS,0.01,31
581,2,spring_barley,1,PK,0.001,32
581,2,spring_barley,2,KAS,0.01,31
582,2,spring_barley,1,PK,0.001,32
582,2,spring_barley,2,KAS,0.01,31
583,2,spring_barley,1,PK,0.001,32
583,2,spring_barley,2,KAS,0.01,31
584,2,spring_barley,1,PK,0.001,32
584,2,spring_barley,2,KAS,0.01,31
585,2,spring_barley,1,PK,0.001,32
585,2,spring_barley,2,KAS,0.01,31
586,2,spring_barley,1,PK,0.001,32
586,2,spring_barley,2,KAS,0.01,31
587,2,spring_barley,1,PK,0.001,32
587,2,spring_barley,2,KAS,0.01,31
588,2,spring_barley,1,PK,0.001,32
588,2,spring_barley,2,KAS,0.01,31
589,2,spring_barley,1,PK,0.001,32
589,2,spring_barley,2,KAS,0.01,31
590,2,spring_barley,1,PK,0.001,32
590,2,spring_barley,2,KAS,0.01,31
591,2,spring_barley,1,PK,0.001,32
591,2,spring_barley,2,KAS,0.01,31
592,2,spring_barley,1,PK,0.001,32
592,2,spring_barley,2,KAS,0.01,31
593,2,spring_barley,1,PK,0.001,32
593,2,spring_barley,2,KAS,0.01,31
594,2,spring_barley,1,PK,0.001,32
594,2,spring_barley,2,KAS,0.01,31
595,2,spring_barley,1,PK,0.001,32
595,2,spring_barley,2,KAS,0.01,31
596,2,spring_barley,1,PK,0.001,32
596,2,spring_barley,2,KAS,0.01,31
597,2,spring_barley,1,PK,0.001,32
597,2,spring_barley,2,KAS,0.01,31
598,2,spring_barley,1,PK,0.001,32
598,2,spring_barley,2,KAS,0.01,31
599,2,spring_barley,1,PK,0.001,32
599,2,spring_barley,2,KAS,0.01,31
600,2,spring_barley,1,PK,0.001,32
600,2,spring_barley,2,KAS,0.01,31
601,2,spring_barley,1,PK,0.001,32
601,2,spring_barley,2,KAS,0.01,31
602,2,spring_barley,1,PK,0.001,32
602,2,spring_barley,2,KAS,0.01,31
603,2,spring_barley,1,PK,0.001,32
603,2,spring_barley,2,KAS,0.01,31
604,2,spring_barley,1,PK,0.001,32
604,2,spring_barley,2,KAS,0.01,31
605,2,spring_barley,1,PK,0.001,32
605,2,spring_barley,2,KAS,0.01,31
606,2,spring_barley,1,PK,0.001,32
606,2,spring_barley,2,KAS,0.01,31
607,2,spring_barley,1,PK,0.001,32
607,2,spring_barley,2,KAS,0.01,31
608,2,spring_barley,1,PK,0.001,32
608,2,spring_barley,2,KAS,0.01,31
609,2,spring_barley,1,PK,0.001,32
609,2,spring_barley,2,KAS,0.01,31
610,2,spring_barley,1,PK,0.001,32
610,2,spring_barley,2,KAS,0.01,31
611,2,spring_barley,1,PK,0.001,32
611,2,spring_barley,2,KAS,0.01,31
2039,2,spring_barley,1,PK,0.001,32
2039,2,spring_barley,2,KAS,0.01,31
2040,2,spring_barley,1,PK,0.001,32
2040,2,spring_barley,2,KAS,0.01,31
2041,2,spring_barley,1,PK,0.001,32
2041,2,spring_barley,2,KAS,0.01,31
2042,2,spring_barley,1,PK,0.001,32
2042,2,spring_barley,2,KAS,0.01,31
2043,2,spring_barley,1,PK,0.001,32
2043,2,spring_barley,2,KAS,0.01,31
2045,2,spring_barley,1,PK,0.001,32
2045,2,spring_barley,2,KAS,0.01,31
2046,2,spring_barley,1,PK,0.001,32
2046,2,spring_barley,2,KAS,0.01,31
2047,2,spring_barley,1,PK,0.001,32
2047,2,spring_barley,2,KAS,0.01,31
2048,2,spring_barley,1,PK,0.001,32
2048,2,spring_barley,2,KAS,0.01,31
2049,2,spring_barley,1,PK,0.001,32
2049,2,spring_barley,2,KAS,0.01,31
2050,2,spring_barley,1,PK,0.001,32
2050,2,spring_barley,2,KAS,0.01,31
2051,2,spring_barley,1,PK,0.001,32
2051,2,spring_barley,2,KAS,0.01,31
2052,2,spring_barley,1,PK,0.001,32
2052,2,spring_barley,2,KAS,0.01,31
2053,2,spring_barley,1,PK,0.001,32
2053,2,spring_barley,2,KAS,0.01,31
2054,2,spring_barley,1,PK,0.001,32
2054,2,spring_barley,2,KAS,0.01,31
2055,2,spring_barley,1,PK,0.001,32
2055,2,spring_barley,2,KAS,0.01,31
2056,2,spring_barley,1,PK,0.001,32
2056,2,spring_barley,2,KAS,0.01,31
2057,2,spring_barley,1,PK,0.001,32
2057,2,spring_barley,2,KAS,0.01,31
2058,2,spring_barley,1,PK,0.001,32
2058,2,spring_barley,2,KAS,0.01,31
2059,2,spring_barley,1,PK,0.001,32
2059,2,spring_barley,2,KAS,0.01,31
2060,2,spring_barley,1,PK,0.001,32
2060,2,spring_barley,2,KAS,0.01,31
2061,2,spring_barley,1,PK,0.001,32
2061,2,spring_barley,2,KAS,0.01,31
2062,2,spring_barley,1,PK,0.001,32
2062,2,spring_barley,2,KAS,0.01,31
2063,2,spring_barley,1,PK,0.001,32
2063,2,spring_barley,2,KAS,0.01,31
2064,2,spring_barley,1,PK,0.001,32
2064,2,spring_barley,2,KAS,0.01,31
2065,2,spring_barley,1,PK,0.001,32
2065,2,spring_barley,2,KAS,0.01,31
2066,2,spring_barley,1,PK,0.001,32
2066,2,spring_barley,2,KAS,0.01,31
2067,2,spring_barley,1,PK,0.001,32
2067,2,spring_barley,2,KAS,0.01,31
2068,2,spring_barley,1,PK,0.001,32
2068,2,spring_barley,2,KAS,0.01,31
2069,2,spring_barley,1,PK,0.001,32
2069,2,spring_barley,2,KAS,0.01,31
2071,2,spring_barley,1,PK,0.001,32
2071,2,spring_barley,2,KAS,0.01,31
2072,2,spring_barley,1,PK,0.001,32
2072,2,spring_barley,2,KAS,0.01,31
2073,2,spring_barley,1,PK,0.001,32
2073,2,spring_barley,2,KAS,0.01,31
2074,2,spring_barley,1,PK,0.001,32
2074,2,spring_barley,2,KAS,0.01,31
2075,2,spring_barley,1,PK,0.001,32
2075,2,spring_barley,2,KAS,0.01,31
2076,2,spring_barley,1,PK,0.001,32
2076,2,spring_barley,2,KAS,0.01,31
2078,2,spring_barley,1,PK,0.001,32
2078,2,spring_barley,2,KAS,0.01,31
2079,2,spring_barley,1,PK,0.001,32
2079,2,spring_barley,2,KAS,0.01,31
2080,2,spring_barley,1,PK,0.001,32
2080,2,spring_barley,2,KAS,0.01,31
2081,2,spring_barley,1,PK,0.001,32
2081,2,spring_barley,2,KAS,0.01,31
2082,2,spring_barley,1,PK,0.001,32
2082,2,spring_barley,2,KAS,0.01,31
2083,2,spring_barley,1,PK,0.001,32
2083,2,spring_barley,2,KAS,0.01,31
2084,2,spring_barley,1,PK,0.001,32
2084,2,spring_barley,2,KAS,0.01,31
2085,2,spring_barley,1,PK,0.001,32
2085,2,spring_barley,2,KAS,0.01,31
2086,2,spring_barley,1,PK,0.001,32
2086,2,spring_barley,2,KAS,0.01,31
2087,2,spring_barley,1,PK,0.001,32
2087,2,spring_barley,2,KAS,0.01,31
2088,2,spring_barley,1,PK,0.001,32
2088,2,spring_barley,2,KAS,0.01,31
2089,2,spring_barley,1,PK,0.001,32
2089,2,spring_barley,2,KAS,0.01,31
2090,2,spring_barley,1,PK,0.001,32
2090,2,spring_barley,2,KAS,0.01,31
2091,2,spring_barley,1,PK,0.001,32
2091,2,spring_barley,2,KAS,0.01,31
2092,2,spring_barley,1,PK,0.001,32
2092,2,spring_barley,2,KAS,0.01,31
2093,2,spring_barley,1,PK,0.001,32
2093,2,spring_barley,2,KAS,0.01,31
2094,2,spring_barley,1,PK,0.001,32
2094,2,spring_barley,2,KAS,0.01,31
2095,2,spring_barley,1,PK,0.001,32
2095,2,spring_barley,2,KAS,0.01,31
2096,2,spring_barley,1,PK,0.001,32
2096,2,spring_barley,2,KAS,0.01,31
2097,2,spring_barley,1,PK,0.001,32
2097,2,spring_barley,2,KAS,0.01,31
2098,2,spring_barley,1,PK,0.001,32
2098,2,spring_barley,2,KAS,0.01,31
2099,2,spring_barley,1,PK,0.001,32
2099,2,spring_barley,2,KAS,0.01,31
2100,2,spring_barley,1,PK,0.001,32
2100,2,spring_barley,2,KAS,0.01,31
2101,2,spring_barley,1,PK,0.001,32
2101,2,spring_barley,2,KAS,0.01,31
2102,2,spring_barley,1,PK,0.001,32
2102,2,spring_barley,2,KAS,0.01,31
2103,2,spring_barley,1,PK,0.001,32
2103,2,spring_barley,2,KAS,0.01,31
2104,2,spring_barley,1,PK,0.001,32
2104,2,spring_barley,2,KAS,0.01,31
2105,2,spring_barley,1,PK,0.001,32
2105,2,spring_barley,2,KAS,0.01,31
2106,2,spring_barley,1,PK,0.001,32
2106,2,spring_barley,2,KAS,0.01,31
2107,2,spring_barley,1,PK,0.001,32
2107,2,spring_barley,2,KAS,0.01,31
2108,2,spring_barley,1,PK,0.001,32
2108,2,spring_barley,2,KAS,0.01,31
2109,2,spring_barley,1,PK,0.001,32
2109,2,spring_barley,2,KAS,0.01,31
2110,2,spring_barley,1,PK,0.001,32
2110,2,spring_barley,2,KAS,0.01,31
2111,2,spring_barley,1,PK,0.001,32
2111,2,spring_barley,2,KAS,0.01,31
2112,2,spring_barley,1,PK,0.001,32
2112,2,spring_barley,2,KAS,0.01,31
2113,2,spring_barley,1,PK,0.001,32
2113,2,spring_barley,2,KAS,0.01,31
2114,2,spring_barley,1,PK,0.001,32
2114,2,spring_barley,2,KAS,0.01,31
2115,2,spring_barley,1,PK,0.001,32
2115,2,spring_barley,2,KAS,0.01,31
2117,2,spring_barley,1,PK,0.001,32
2117,2,spring_barley,2,KAS,0.01,31
2118,2,spring_barley,1,PK,0.001,32
2118,2,spring_barley,2,KAS,0.01,31
2119,2,spring_barley,1,PK,0.001,32
2119,2,spring_barley,2,KAS,0.01,31
2120,2,spring_barley,1,PK,0.001,32
2120,2,spring_barley,2,KAS,0.01,31
2121,2,spring_barley,1,PK,0.001,32
2121,2,spring_barley,2,KAS,0.01,31
2122,2,spring_barley,1,PK,0.001,32
2122,2,spring_barley,2,KAS,0.01,31
2123,2,spring_barley,1,PK,0.001,32
2123,2,spring_barley,2,KAS,0.01,31
2124,2,spring_barley,1,PK,0.001,32
2124,2,spring_barley,2,KAS,0.01,31
2125,2,spring_barley,1,PK,0.001,32
2125,2,spring_barley,2,KAS,0.01,31
2126,2,spring_barley,1,PK,0.001,32
2126,2,spring_barley,2,KAS,0.01,31
2127,2,spring_barley,1,PK,0.001,32
2127,2,spring_barley,2,KAS,0.01,31
2128,2,spring_barley,1,PK,0.001,32
2128,2,spring_barley,2,KAS,0.01,31
2129,2,spring_barley,1,PK,0.001,32
2129,2,spring_barley,2,KAS,0.01,31
2130,2,spring_barley,1,PK,0.001,32
2130,2,spring_barley,2,KAS,0.01,31
2131,2,spring_barley,1,PK,0.001,32
2131,2,spring_barley,2,KAS,0.01,31
2132,2,spring_barley,1,PK,0.001,32
2132,2,spring_barley,2,KAS,0.01,31
2133,2,spring_barley,1,PK,0.001,32
2133,2,spring_barley,2,KAS,0.01,31
2134,2,spring_barley,1,PK,0.001,32
2134,2,spring_barley,2,KAS,0.01,31
2135,2,spring_barley,1,PK,0.001,32
2135,2,spring_barley,2,KAS,0.01,31
2136,2,spring_barley,1,PK,0.001,32
2136,2,spring_barley,2,KAS,0.01,31
2137,2,spring_barley,1,PK,0.001,32
2137,2,spring_barley,2,KAS,0.01,31
2138,2,spring_barley,1,PK,0.001,32
2138,2,spring_barley,2,KAS,0.01,31
2139,2,spring_barley,1,PK,0.001,32
2139,2,spring_barley,2,KAS,0.01,31
2140,2,spring_barley,1,PK,0.001,32
2140,2,spring_barley,2,KAS,0.01,31
2141,2,spring_barley,1,PK,0.001,32
2141,2,spring_barley,2,KAS,0.01,31
2142,2,spring_barley,1,PK,0.001,32
2142,2,spring_barley,2,KAS,0.01,31
2143,2,spring_barley,1,PK,0.001,32
2143,2,spring_barley,2,KAS,0.01,31
2144,2,spring_barley,1,PK,0.001,32
2144,2,spring_barley,2,KAS,0.01,31
2145,2,spring_barley,1,PK,0.001,32
2145,2,spring_barley,2,KAS,0.01,31
2146,2,spring_barley,1,PK,0.001,32
2146,2,spring_barley,2,KAS,0.01,31
2147,2,spring_barley,1,PK,0.001,32
2147,2,spring_barley,2,KAS,0.01,31
2148,2,spring_barley,1,PK,0.001,32
2148,2,spring_barley,2,KAS,0.01,31
2149,2,spring_barley,1,PK,0.001,32
2149,2,spring_barley,2,KAS,0.01,31
2150,2,spring_barley,1,PK,0.001,32
2150,2,spring_barley,2,KAS,0.01,31
2151,2,spring_barley,1,PK,0.001,32
2151,2,spring_barley,2,KAS,0.01,31
2152,2,spring_barley,1,PK,0.001,32
2152,2,spring_barley,2,KAS,0.01,31
2153,2,spring_barley,1,PK,0.001,32
2153,2,spring_barley,2,KAS,0.01,31
2154,2,spring_barley,1,PK,0.001,32
2154,2,spring_barley,2,KAS,0.01,31
2155,2,spring_barley,1,PK,0.001,32
2155,2,spring_barley,2,KAS,0.01,31
2156,2,spring_barley,1,PK,0.001,32
2156,2,spring_barley,2,KAS,0.01,31
2157,2,spring_barley,1,PK,0.001,32
2157,2,spring_barley,2,KAS,0.01,31
2158,2,spring_barley,1,PK,0.001,32
2158,2,spring_barley,2,KAS,0.01,31
2159,2,spring_barley,1,PK,0.001,32
2159,2,spring_barley,2,KAS,0.01,31
2160,2,spring_barley,1,PK,0.001,32
2160,2,spring_barley,2,KAS,0.01,31
2161,2,spring_barley,1,PK,0.001,32
2161,2,spring_barley,2,KAS,0.01,31
2162,2,spring_barley,1,PK,0.001,32
2162,2,spring_barley,2,KAS,0.01,31
2163,2,spring_barley,1,PK,0.001,32
2163,2,spring_barley,2,KAS,0.01,31
2164,2,spring_barley,1,PK,0.001,32
2164,2,spring_barley,2,KAS,0.01,31
2165,2,spring_barley,1,PK,0.001,32
2165,2,spring_barley,2,KAS,0.01,31
2166,2,spring_barley,1,PK,0.001,32
2166,2,spring_barley,2,KAS,0.01,31
2167,2,spring_barley,1,PK,0.001,32
2167,2,spring_barley,2,KAS,0.01,31
2168,2,spring_barley,1,PK,0.001,32
2168,2,spring_barley,2,KAS,0.01,31
2169,2,spring_barley,1,PK,0.001,32
2169,2,spring_barley,2,KAS,0.01,31
2170,2,spring_barley,1,PK,0.001,32
2170,2,spring_barley,2,KAS,0.01,31
2171,2,spring_barley,1,PK,0.001,32
2171,2,spring_barley,2,KAS,0.01,31
2172,2,spring_barley,1,PK,0.001,32
2172,2,spring_barley,2,KAS,0.01,31
2173,2,spring_barley,1,PK,0.001,32
2173,2,spring_barley,2,KAS,0.01,31
2174,2,spring_barley,1,PK,0.001,32
2174,2,spring_barley,2,KAS,0.01,31
2175,2,spring_barley,1,PK,0.001,32
2175,2,spring_barley,2,KAS,0.01,31
2176,2,spring_barley,1,PK,0.001,32
2176,2,spring_barley,2,KAS,0.01,31
2177,2,spring_barley,1,PK,0.001,32
2177,2,spring_barley,2,KAS,0.01,31
2178,2,spring_barley,1,PK,0.001,32
2178,2,spring_barley,2,KAS,0.01,31
2179,2,spring_barley,1,PK,0.001,32
2179,2,spring_barley,2,KAS,0.01,31
2180,2,spring_barley,1,PK,0.001,32
2180,2,spring_barley,2,KAS,0.01,31
2181,2,spring_barley,1,PK,0.001,32
2181,2,spring_barley,2,KAS,0.01,31
2182,2,spring_barley,1,PK,0.001,32
2182,2,spring_barley,2,KAS,0.01,31
2183,2,spring_barley,1,PK,0.001,32
2183,2,spring_barley,2,KAS,0.01,31
2184,2,spring_barley,1,PK,0.001,32
2184,2,spring_barley,2,KAS,0.01,31
2185,2,spring_barley,1,PK,0.001,32
2185,2,spring_barley,2,KAS,0.01,31
2186,2,spring_barley,1,PK,0.001,32
2186,2,spring_barley,2,KAS,0.01,31
2187,2,spring_barley,1,PK,0.001,32
2187,2,spring_barley,2,KAS,0.01,31
2188,2,spring_barley,1,PK,0.001,32
2188,2,spring_barley,2,KAS,0.01,31
2189,2,spring_barley,1,PK,0.001,32
2189,2,spring_barley,2,KAS,0.01,31
2190,2,spring_barley,1,PK,0.001,32
2190,2,spring_barley,2,KAS,0.01,31
2191,2,spring_barley,1,PK,0.001,32
2191,2,spring_barley,2,KAS,0.01,31
2192,2,spring_barley,1,PK,0.001,32
2192,2,spring_barley,2,KAS,0.01,31
2193,2,spring_barley,1,PK,0.001,32
2193,2,spring_barley,2,KAS,0.01,31
2194,2,spring_barley,1,PK,0.001,32
2194,2,spring_barley,2,KAS,0.01,31
2195,2,spring_barley,1,PK,0.001,32
2195,2,spring_barley,2,KAS,0.01,31
2196,2,spring_barley,1,PK,0.001,32
2196,2,spring_barley,2,KAS,0.01,31
2197,2,spring_barley,1,PK,0.001,32
2197,2,spring_barley,2,KAS,0.01,31
2198,2,spring_barley,1,PK,0.001,32
2198,2,spring_barley,2,KAS,0.01,31
2199,2,spring_barley,1,PK,0.001,32
2199,2,spring_barley,2,KAS,0.01,31
2200,2,spring_barley,1,PK,0.001,32
2200,2,spring_barley,2,KAS,0.01,31
2201,2,spring_barley,1,PK,0.001,32
2201,2,spring_barley,2,KAS,0.01,31
2202,2,spring_barley,1,PK,0.001,32
2202,2,spring_barley,2,KAS,0.01,31
2203,2,spring_barley,1,PK,0.001,32
2203,2,spring_barley,2,KAS,0.01,31
2204,2,spring_barley,1,PK,0.001,32
2204,2,spring_barley,2,KAS,0.01,31
2205,2,spring_barley,1,PK,0.001,32
2205,2,spring_barley,2,KAS,0.01,31
2206,2,spring_barley,1,PK,0.001,32
2206,2,spring_barley,2,KAS,0.01,31
2207,2,spring_barley,1,PK,0.001,32
2207,2,spring_barley,2,KAS,0.01,31
2208,2,spring_barley,1,PK,0.001,32
2208,2,spring_barley,2,KAS,0.01,31
2209,2,spring_barley,1,PK,0.001,32
2209,2,spring_barley,2,KAS,0.01,31
2210,2,spring_barley,1,PK,0.001,32
2210,2,spring_barley,2,KAS,0.01,31
2211,2,spring_barley,1,PK,0.001,32
2211,2,spring_barley,2,KAS,0.01,31
2212,2,spring_barley,1,PK,0.001,32
2212,2,spring_barley,2,KAS,0.01,31
2213,2,spring_barley,1,PK,0.001,32
2213,2,spring_barley,2,KAS,0.01,31
2214,2,spring_barley,1,PK,0.001,32
2214,2,spring_barley,2,KAS,0.01,31
2215,2,spring_barley,1,PK,0.001,32
2215,2,spring_barley,2,KAS,0.01,31
2216,2,spring_barley,1,PK,0.001,32
2216,2,spring_barley,2,KAS,0.01,31
2217,2,spring_barley,1,PK,0.001,32
2217,2,spring_barley,2,KAS,0.01,31
2218,2,spring_barley,1,PK,0.001,32
2218,2,spring_barley,2,KAS,0.01,31
2219,2,spring_barley,1,PK,0.001,32
2219,2,spring_barley,2,KAS,0.01,31
2220,2,spring_barley,1,PK,0.001,32
2220,2,spring_barley,2,KAS,0.01,31
2221,2,spring_barley,1,PK,0.001,32
2221,2,spring_barley,2,KAS,0.01,31
2222,2,spring_barley,1,PK,0.001,32
2222,2,spring_barley,2,KAS,0.01,31
2223,2,spring_barley,1,PK,0.001,32
2223,2,spring_barley,2,KAS,0.01,31
2224,2,spring_barley,1,PK,0.001,32
2224,2,spring_barley,2,KAS,0.01,31
2225,2,spring_barley,1,PK,0.001,32
2225,2,spring_barley,2,KAS,0.01,31
2226,2,spring_barley,1,PK,0.001,32
2226,2,spring_barley,2,KAS,0.01,31
2227,2,spring_barley,1,PK,0.001,32
2227,2,spring_barley,2,KAS,0.01,31
2228,2,spring_barley,1,PK,0.001,32
2228,2,spring_barley,2,KAS,0.01,31
2229,2,spring_barley,1,PK,0.001,32
2229,2,spring_barley,2,KAS,0.01,31
2230,2,spring_barley,1,PK,0.001,32
2230,2,spring_barley,2,KAS,0.01,31
2231,2,spring_barley,1,PK,0.001,32
2231,2,spring_barley,2,KAS,0.01,31
2232,2,spring_barley,1,PK,0.001,32
2232,2,spring_barley,2,KAS,0.01,31
2233,2,spring_barley,1,PK,0.001,32
2233,2,spring_barley,2,KAS,0.01,31
2234,2,spring_barley,1,PK,0.001,32
2234,2,spring_barley,2,KAS,0.01,31
2235,2,spring_barley,1,PK,0.001,32
2235,2,spring_barley,2,KAS,0.01,31
2236,2,spring_barley,1,PK,0.001,32
2236,2,spring_barley,2,KAS,0.01,31
2237,2,spring_barley,1,PK,0.001,32
2237,2,spring_barley,2,KAS,0.01,31
2238,2,spring_barley,1,PK,0.001,32
2238,2,spring_barley,2,KAS,0.01,31
2239,2,spring_barley,1,PK,0.001,32
2239,2,spring_barley,2,KAS,0.01,31
2240,2,spring_barley,1,PK,0.001,32
2240,2,spring_barley,2,KAS,0.01,31
2241,2,spring_barley,1,PK,0.001,32
2241,2,spring_barley,2,KAS,0.01,31
2242,2,spring_barley,1,PK,0.001,32
2242,2,spring_barley,2,KAS,0.01,31
2243,2,spring_barley,1,PK,0.001,32
2243,2,spring_barley,2,KAS,0.01,31
2244,2,spring_barley,1,PK,0.001,32
2244,2,spring_barley,2,KAS,0.01,31
2245,2,spring_barley,1,PK,0.001,32
2245,2,spring_barley,2,KAS,0.01,31
2246,2,spring_barley,1,PK,0.001,32
2246,2,spring_barley,2,KAS,0.01,31
2247,2,spring_barley,1,PK,0.001,32
2247,2,spring_barley,2,KAS,0.01,31
2248,2,spring_barley,1,PK,0.001,32
2248,2,spring_barley,2,KAS,0.01,31
2249,2,spring_barley,1,PK,0.001,32
2249,2,spring_barley,2,KAS,0.01,31
2250,2,spring_barley,1,PK,0.001,32
2250,2,spring_barley,2,KAS,0.01,31
2251,2,spring_barley,1,PK,0.001,32
2251,2,spring_barley,2,KAS,0.01,31
2252,2,spring_barley,1,PK,0.001,32
2252,2,spring_barley,2,KAS,0.01,31
2253,2,spring_barley,1,PK,0.001,32
2253,2,spring_barley,2,KAS,0.01,31
2255,2,spring_barley,1,PK,0.001,32
2255,2,spring_barley,2,KAS,0.01,31
2257,2,spring_barley,1,PK,0.001,32
2257,2,spring_barley,2,KAS,0.01,31
2258,2,spring_barley,1,PK,0.001,32
2258,2,spring_barley,2,KAS,0.01,31
2259,2,spring_barley,1,PK,0.001,32
2259,2,spring_barley,2,KAS,0.01,31
2260,2,spring_barley,1,PK,0.001,32
2260,2,spring_barley,2,KAS,0.01,31
2261,2,spring_barley,1,PK,0.001,32
2261,2,spring_barley,2,KAS,0.01,31
2262,2,spring_barley,1,PK,0.001,32
2262,2,spring_barley,2,KAS,0.01,31
2263,2,spring_barley,1,PK,0.001,32
2263,2,spring_barley,2,KAS,0.01,31
2264,2,spring_barley,1,PK,0.001,32
2264,2,spring_barley,2,KAS,0.01,31
2265,2,spring_barley,1,PK,0.001,32
2265,2,spring_barley,2,KAS,0.01,31
2266,2,spring_barley,1,PK,0.001,32
2266,2,spring_barley,2,KAS,0.01,31
2267,2,spring_barley,1,PK,0.001,32
2267,2,spring_barley,2,KAS,0.01,31
2268,2,spring_barley,1,PK,0.001,32
2268,2,spring_barley,2,KAS,0.01,31
2269,2,spring_barley,1,PK,0.001,32
2269,2,spring_barley,2,KAS,0.01,31
2270,2,spring_barley,1,PK,0.001,32
2270,2,spring_barley,2,KAS,0.01,31
2271,2,spring_barley,1,PK,0.001,32
2271,2,spring_barley,2,KAS,0.01,31
2272,2,spring_barley,1,PK,0.001,32
2272,2,spring_barley,2,KAS,0.01,31
2273,2,spring_barley,1,PK,0.001,32
2273,2,spring_barley,2,KAS,0.01,31
2274,2,spring_barley,1,PK,0.001,32
2274,2,spring_barley,2,KAS,0.01,31
2275,2,spring_barley,1,PK,0.001,32
2275,2,spring_barley,2,KAS,0.01,31
2276,2,spring_barley,1,PK,0.001,32
2276,2,spring_barley,2,KAS,0.01,31
2277,2,spring_barley,1,PK,0.001,32
2277,2,spring_barley,2,KAS,0.01,31
2278,2,spring_barley,1,PK,0.001,32
2278,2,spring_barley,2,KAS,0.01,31
2279,2,spring_barley,1,PK,0.001,32
2279,2,spring_barley,2,KAS,0.01,31
2280,2,spring_barley,1,PK,0.001,32
2280,2,spring_barley,2,KAS,0.01,31
2281,2,spring_barley,1,PK,0.001,32
2281,2,spring_barley,2,KAS,0.01,31
2283,2,spring_barley,1,PK,0.001,32
2283,2,spring_barley,2,KAS,0.01,31
2284,2,spring_barley,1,PK,0.001,32
2284,2,spring_barley,2,KAS,0.01,31
2285,2,spring_barley,1,PK,0.001,32
2285,2,spring_barley,2,KAS,0.01,31
2286,2,spring_barley,1,PK,0.001,32
2286,2,spring_barley,2,KAS,0.01,31
2287,2,spring_barley,1,PK,0.001,32
2287,2,spring_barley,2,KAS,0.01,31
2288,2,spring_barley,1,PK,0.001,32
2288,2,spring_barley,2,KAS,0.01,31
2289,2,spring_barley,1,PK,0.001,32
2289,2,spring_barley,2,KAS,0.01,31
2291,2,spring_barley,1,PK,0.001,32
2291,2,spring_barley,2,KAS,0.01,31
2292,2,spring_barley,1,PK,0.001,32
2292,2,spring_barley,2,KAS,0.01,31
2293,2,spring_barley,1,PK,0.001,32
2293,2,spring_barley,2,KAS,0.01,31
2294,2,spring_barley,1,PK,0.001,32
2294,2,spring_barley,2,KAS,0.01,31
2295,2,spring_barley,1,PK,0.001,32
2295,2,spring_barley,2,KAS,0.01,31
2296,2,spring_barley,1,PK,0.001,32
2296,2,spring_barley,2,KAS,0.01,31
2297,2,spring_barley,1,PK,0.001,32
2297,2,spring_barley,2,KAS,0.01,31
2298,2,spring_barley,1,PK,0.001,32
2298,2,spring_barley,2,KAS,0.01,31
2299,2,spring_barley,1,PK,0.001,32
2299,2,spring_barley,2,KAS,0.01,31
2300,2,spring_barley,1,PK,0.001,32
2300,2,spring_barley,2,KAS,0.01,31
2301,2,spring_barley,1,PK,0.001,32
2301,2,spring_barley,2,KAS,0.01,31
2302,2,spring_barley,1,PK,0.001,32
2302,2,spring_barley,2,KAS,0.01,31
2303,2,spring_barley,1,PK,0.001,32
2303,2,spring_barley,2,KAS,0.01,31
2304,2,spring_barley,1,PK,0.001,32
2304,2,spring_barley,2,KAS,0.01,31
2305,2,spring_barley,1,PK,0.001,32
2305,2,spring_barley,2,KAS,0.01,31
2306,2,spring_barley,1,PK,0.001,32
2306,2,spring_barley,2,KAS,0.01,31
2307,2,spring_barley,1,PK,0.001,32
2307,2,spring_barley,2,KAS,0.01,31
2308,2,spring_barley,1,PK,0.001,32
2308,2,spring_barley,2,KAS,0.01,31
2309,2,spring_barley,1,PK,0.001,32
2309,2,spring_barley,2,KAS,0.01,31
2310,2,spring_barley,1,PK,0.001,32
2310,2,spring_barley,2,KAS,0.01,31
2311,2,spring_barley,1,PK,0.001,32
2311,2,spring_barley,2,KAS,0.01,31
2312,2,spring_barley,1,PK,0.001,32
2312,2,spring_barley,2,KAS,0.01,31
2313,2,spring_barley,1,PK,0.001,32
2313,2,spring_barley,2,KAS,0.01,31
2314,2,spring_barley,1,PK,0.001,32
2314,2,spring_barley,2,KAS,0.01,31
2315,2,spring_barley,1,PK,0.001,32
2315,2,spring_barley,2,KAS,0.01,31
2316,2,spring_barley,1,PK,0.001,32
2316,2,spring_barley,2,KAS,0.01,31
2317,2,spring_barley,1,PK,0.001,32
2317,2,spring_barley,2,KAS,0.01,31
2318,2,spring_barley,1,PK,0.001,32
2318,2,spring_barley,2,KAS,0.01,31
2319,2,spring_barley,1,PK,0.001,32
2319,2,spring_barley,2,KAS,0.01,31
2320,2,spring_barley,1,PK,0.001,32
2320,2,spring_barley,2,KAS,0.01,31
2321,2,spring_barley,1,PK,0.001,32
2321,2,spring_barley,2,KAS,0.01,31
2322,2,spring_barley,1,PK,0.001,32
2322,2,spring_barley,2,KAS,0.01,31
2323,2,spring_barley,1,PK,0.001,32
2323,2,spring_barley,2,KAS,0.01,31
2324,2,spring_barley,1,PK,0.001,32
2324,2,spring_barley,2,KAS,0.01,31
2325,2,spring_barley,1,PK,0.001,32
2325,2,spring_barley,2,KAS,0.01,31
2326,2,spring_barley,1,PK,0.001,32
2326,2,spring_barley,2,KAS,0.01,31
2327,2,spring_barley,1,PK,0.001,32
2327,2,spring_barley,2,KAS,0.01,31
2328,2,spring_barley,1,PK,0.001,32
2328,2,spring_barley,2,KAS,0.01,31
2329,2,spring_barley,1,PK,0.001,32
2329,2,spring_barley,2,KAS,0.01,31
2330,2,spring_barley,1,PK,0.001,32
2330,2,spring_barley,2,KAS,0.01,31
2331,2,spring_barley,1,PK,0.001,32
2331,2,spring_barley,2,KAS,0.01,31
2332,2,spring_barley,1,PK,0.001,32
2332,2,spring_barley,2,KAS,0.01,31
2333,2,spring_barley,1,PK,0.001,32
2333,2,spring_barley,2,KAS,0.01,31
2334,2,spring_barley,1,PK,0.001,32
2334,2,spring_barley,2,KAS,0.01,31
2335,2,spring_barley,1,PK,0.001,32
2335,2,spring_barley,2,KAS,0.01,31
2336,2,spring_barley,1,PK,0.001,32
2336,2,spring_barley,2,KAS,0.01,31
2337,2,spring_barley,1,PK,0.001,32
2337,2,spring_barley,2,KAS,0.01,31
2338,2,spring_barley,1,PK,0.001,32
2338,2,spring_barley,2,KAS,0.01,31
2339,2,spring_barley,1,PK,0.001,32
2339,2,spring_barley,2,KAS,0.01,31
2340,2,spring_barley,1,PK,0.001,32
2340,2,spring_barley,2,KAS,0.01,31
2341,2,spring_barley,1,PK,0.001,32
2341,2,spring_barley,2,KAS,0.01,31
2342,2,spring_barley,1,PK,0.001,32
2342,2,spring_barley,2,KAS,0.01,31
2343,2,spring_barley,1,PK,0.001,32
2343,2,spring_barley,2,KAS,0.01,31
2344,2,spring_barley,1,PK,0.001,32
2344,2,spring_barley,2,KAS,0.01,31
2345,2,spring_barley,1,PK,0.001,32
2345,2,spring_barley,2,KAS,0.01,31
2346,2,spring_barley,1,PK,0.001,32
2346,2,spring_barley,2,KAS,0.01,31
2347,2,spring_barley,1,PK,0.001,32
2347,2,spring_barley,2,KAS,0.01,31
2348,2,spring_barley,1,PK,0.001,32
2348,2,spring_barley,2,KAS,0.01,31
2349,2,spring_barley,1,PK,0.001,32
2349,2,spring_barley,2,KAS,0.01,31
2350,2,spring_barley,1,PK,0.001,32
2350,2,spring_barley,2,KAS,0.01,31
2351,2,spring_barley,1,PK,0.001,32
2351,2,spring_barley,2,KAS,0.01,31
2352,2,spring_barley,1,PK,0.001,32
2352,2,spring_barley,2,KAS,0.01,31
2353,2,spring_barley,1,PK,0.001,32
2353,2,spring_barley,2,KAS,0.01,31
2354,2,spring_barley,1,PK,0.001,32
2354,2,spring_barley,2,KAS,0.01,31
2355,2,spring_barley,1,PK,0.001,32
2355,2,spring_barley,2,KAS,0.01,31
2356,2,spring_barley,1,PK,0.001,32
2356,2,spring_barley,2,KAS,0.01,31
2357,2,spring_barley,1,PK,0.001,32
2357,2,spring_barley,2,KAS,0.01,31
2358,2,spring_barley,1,PK,0.001,32
2358,2,spring_barley,2,KAS,0.01,31
2359,2,spring_barley,1,PK,0.001,32
2359,2,spring_barley,2,KAS,0.01,31
2360,2,spring_barley,1,PK,0.001,32
2360,2,spring_barley,2,KAS,0.01,31
2361,2,spring_barley,1,PK,0.001,32
2361,2,spring_barley,2,KAS,0.01,31
2362,2,spring_barley,1,PK,0.001,32
2362,2,spring_barley,2,KAS,0.01,31
2363,2,spring_barley,1,PK,0.001,32
2363,2,spring_barley,2,KAS,0.01,31
2364,2,spring_barley,1,PK,0.001,32
2364,2,spring_barley,2,KAS,0.01,31
2366,2,spring_barley,1,PK,0.001,32
2366,2,spring_barley,2,KAS,0.01,31
2367,2,spring_barley,1,PK,0.001,32
2367,2,spring_barley,2,KAS,0.01,31
2368,2,spring_barley,1,PK,0.001,32
2368,2,spring_barley,2,KAS,0.01,31
2369,2,spring_barley,1,PK,0.001,32
2369,2,spring_barley,2,KAS,0.01,31
3797,2,spring_barley,1,PK,0.001,32
3797,2,spring_barley,2,KAS,0.01,31
3798,2,spring_barley,1,PK,0.001,32
3798,2,spring_barley,2,KAS,0.01,31
3799,2,spring_barley,1,PK,0.001,32
3799,2,spring_barley,2,KAS,0.01,31
3800,2,spring_barley,1,PK,0.001,32
3800,2,spring_barley,2,KAS,0.01,31
3801,2,spring_barley,1,PK,0.001,32
3801,2,spring_barley,2,KAS,0.01,31
3802,2,spring_barley,1,PK,0.001,32
3802,2,spring_barley,2,KAS,0.01,31
3803,2,spring_barley,1,PK,0.001,32
3803,2,spring_barley,2,KAS,0.01,31
3804,2,spring_barley,1,PK,0.001,32
3804,2,spring_barley,2,KAS,0.01,31
3805,2,spring_barley,1,PK,0.001,32
3805,2,spring_barley,2,KAS,0.01,31
3806,2,spring_barley,1,PK,0.001,32
3806,2,spring_barley,2,KAS,0.01,31
3807,2,spring_barley,1,PK,0.001,32
3807,2,spring_barley,2,KAS,0.01,31
3808,2,spring_barley,1,PK,0.001,32
3808,2,spring_barley,2,KAS,0.01,31
3809,2,spring_barley,1,PK,0.001,32
3809,2,spring_barley,2,KAS,0.01,31
3810,2,spring_barley,1,PK,0.001,32
3810,2,spring_barley,2,KAS,0.01,31
3811,2,spring_barley,1,PK,0.001,32
3811,2,spring_barley,2,KAS,0.01,31
3812,2,spring_barley,1,PK,0.001,32
3812,2,spring_barley,2,KAS,0.01,31
3813,2,spring_barley,1,PK,0.001,32
3813,2,spring_barley,2,KAS,0.01,31
3814,2,spring_barley,1,PK,0.001,32
3814,2,spring_barley,2,KAS,0.01,31
3815,2,spring_barley,1,PK,0.001,32
3815,2,spring_barley,2,KAS,0.01,31
3816,2,spring_barley,1,PK,0.001,32
3816,2,spring_barley,2,KAS,0.01,31
3817,2,spring_barley,1,PK,0.001,32
3817,2,spring_barley,2,KAS,0.01,31
3818,2,spring_barley,1,PK,0.001,32
3818,2,spring_barley,2,KAS,0.01,31
3819,2,spring_barley,1,PK,0.001,32
3819,2,spring_barley,2,KAS,0.01,31
3820,2,spring_barley,1,PK,0.001,32
3820,2,spring_barley,2,KAS,0.01,31
3821,2,spring_barley,1,PK,0.001,32
3821,2,spring_barley,2,KAS,0.01,31
3822,2,spring_barley,1,PK,0.001,32
3822,2,spring_barley,2,KAS,0.01,31
3823,2,spring_barley,1,PK,0.001,32
3823,2,spring_barley,2,KAS,0.01,31
3824,2,spring_barley,1,PK,0.001,32
3824,2,spring_barley,2,KAS,0.01,31
3825,2,spring_barley,1,PK,0.001,32
3825,2,spring_barley,2,KAS,0.01,31
3826,2,spring_barley,1,PK,0.001,32
3826,2,spring_barley,2,KAS,0.01,31
3827,2,spring_barley,1,PK,0.001,32
3827,2,spring_barley,2,KAS,0.01,31
3828,2,spring_barley,1,PK,0.001,32
3828,2,spring_barley,2,KAS,0.01,31
3829,2,spring_barley,1,PK,0.001,32
3829,2,spring_barley,2,KAS,0.01,31
3830,2,spring_barley,1,PK,0.001,32
3830,2,spring_barley,2,KAS,0.01,31
3831,2,spring_barley,1,PK,0.001,32
3831,2,spring_barley,2,KAS,0.01,31
3832,2,spring_barley,1,PK,0.001,32
3832,2,spring_barley,2,KAS,0.01,31
3833,2,spring_barley,1,PK,0.001,32
3833,2,spring_barley,2,KAS,0.01,31
3834,2,spring_barley,1,PK,0.001,32
3834,2,spring_barley,2,KAS,0.01,31
3835,2,spring_barley,1,PK,0.001,32
3835,2,spring_barley,2,KAS,0.01,31
3836,2,spring_barley,1,PK,0.001,32
3836,2,spring_barley,2,KAS,0.01,31
3837,2,spring_barley,1,PK,0.001,32
3837,2,spring_barley,2,KAS,0.01,31
3838,2,spring_barley,1,PK,0.001,32
3838,2,spring_barley,2,KAS,0.01,31
3839,2,spring_barley,1,PK,0.001,32
3839,2,spring_barley,2,KAS,0.01,31
3840,2,spring_barley,1,PK,0.001,32
3840,2,spring_barley,2,KAS,0.01,31
3841,2,spring_barley,1,PK,0.001,32
3841,2,spring_barley,2,KAS,0.01,31
3842,2,spring_barley,1,PK,0.001,32
3842,2,spring_barley,2,KAS,0.01,31
3843,2,spring_barley,1,PK,0.001,32
3843,2,spring_barley,2,KAS,0.01,31
3844,2,spring_barley,1,PK,0.001,32
3844,2,spring_barley,2,KAS,0.01,31
3845,2,spring_barley,1,PK,0.001,32
3845,2,spring_barley,2,KAS,0.01,31
3846,2,spring_barley,1,PK,0.001,32
3846,2,spring_barley,2,KAS,0.01,31
3847,2,spring_barley,1,PK,0.001,32
3847,2,spring_barley,2,KAS,0.01,31
3848,2,spring_barley,1,PK,0.001,32
3848,2,spring_barley,2,KAS,0.01,31
3849,2,spring_barley,1,PK,0.001,32
3849,2,spring_barley,2,KAS,0.01,31
3850,2,spring_barley,1,PK,0.001,32
3850,2,spring_barley,2,KAS,0.01,31
3851,2,spring_barley,1,PK,0.001,32
3851,2,spring_barley,2,KAS,0.01,31
3852,2,spring_barley,1,PK,0.001,32
3852,2,spring_barley,2,KAS,0.01,31
3853,2,spring_barley,1,PK,0.001,32
3853,2,spring_barley,2,KAS,0.01,31
3854,2,spring_barley,1,PK,0.001,32
3854,2,spring_barley,2,KAS,0.01,31
3855,2,spring_barley,1,PK,0.001,32
3855,2,spring_barley,2,KAS,0.01,31
3856,2,spring_barley,1,PK,0.001,32
3856,2,spring_barley,2,KAS,0.01,31
3857,2,spring_barley,1,PK,0.001,32
3857,2,spring_barley,2,KAS,0.01,31
3858,2,spring_barley,1,PK,0.001,32
3858,2,spring_barley,2,KAS,0.01,31
3859,2,spring_barley,1,PK,0.001,32
3859,2,spring_barley,2,KAS,0.01,31
3860,2,spring_barley,1,PK,0.001,32
3860,2,spring_barley,2,KAS,0.01,31
3861,2,spring_barley,1,PK,0.001,32
3861,2,spring_barley,2,KAS,0.01,31
3862,2,spring_barley,1,PK,0.001,32
3862,2,spring_barley,2,KAS,0.01,31
3863,2,spring_barley,1,PK,0.001,32
3863,2,spring_barley,2,KAS,0.01,31
3864,2,spring_barley,1,PK,0.001,32
3864,2,spring_barley,2,KAS,0.01,31
3865,2,spring_barley,1,PK,0.001,32
3865,2,spring_barley,2,KAS,0.01,31
3866,2,spring_barley,1,PK,0.001,32
3866,2,spring_barley,2,KAS,0.01,31
3867,2,spring_barley,1,PK,0.001,32
3867,2,spring_barley,2,KAS,0.01,31
3868,2,spring_barley,1,PK,0.001,32
3868,2,spring_barley,2,KAS,0.01,31
3869,2,spring_barley,1,PK,0.001,32
3869,2,spring_barley,2,KAS,0.01,31
3870,2,spring_barley,1,PK,0.001,32
3870,2,spring_barley,2,KAS,0.01,31
3871,2,spring_barley,1,PK,0.001,32
3871,2,spring_barley,2,KAS,0.01,31
3872,2,spring_barley,1,PK,0.001,32
3872,2,spring_barley,2,KAS,0.01,31
3873,2,spring_barley,1,PK,0.001,32
3873,2,spring_barley,2,KAS,0.01,31
3874,2,spring_barley,1,PK,0.001,32
3874,2,spring_barley,2,KAS,0.01,31
3875,2,spring_barley,1,PK,0.001,32
3875,2,spring_barley,2,KAS,0.01,31
3876,2,spring_barley,1,PK,0.001,32
3876,2,spring_barley,2,KAS,0.01,31
3877,2,spring_barley,1,PK,0.001,32
3877,2,spring_barley,2,KAS,0.01,31
3878,2,spring_barley,1,PK,0.001,32
3878,2,spring_barley,2,KAS,0.01,31
3879,2,spring_barley,1,PK,0.001,32
3879,2,spring_barley,2,KAS,0.01,31
3880,2,spring_barley,1,PK,0.001,32
3880,2,spring_barley,2,KAS,0.01,31
3881,2,spring_barley,1,PK,0.001,32
3881,2,spring_barley,2,KAS,0.01,31
3882,2,spring_barley,1,PK,0.001,32
3882,2,spring_barley,2,KAS,0.01,31
3883,2,spring_barley,1,PK,0.001,32
3883,2,spring_barley,2,KAS,0.01,31
3884,2,spring_barley,1,PK,0.001,32
3884,2,spring_barley,2,KAS,0.01,31
3885,2,spring_barley,1,PK,0.001,32
3885,2,spring_barley,2,KAS,0.01,31
3886,2,spring_barley,1,PK,0.001,32
3886,2,spring_barley,2,KAS,0.01,31
3887,2,spring_barley,1,PK,0.001,32
3887,2,spring_barley,2,KAS,0.01,31
3888,2,spring_barley,1,PK,0.001,32
3888,2,spring_barley,2,KAS,0.01,31
3889,2,spring_barley,1,PK,0.001,32
3889,2,spring_barley,2,KAS,0.01,31
3890,2,spring_barley,1,PK,0.001,32
3890,2,spring_barley,2,KAS,0.01,31
3891,2,spring_barley,1,PK,0.001,32
3891,2,spring_barley,2,KAS,0.01,31
3892,2,spring_barley,1,PK,0.001,32
3892,2,spring_barley,2,KAS,0.01,31
3893,2,spring_barley,1,PK,0.001,32
3893,2,spring_barley,2,KAS,0.01,31
3894,2,spring_barley,1,PK,0.001,32
3894,2,spring_barley,2,KAS,0.01,31
3895,2,spring_barley,1,PK,0.001,32
3895,2,spring_barley,2,KAS,0.01,31
3896,2,spring_barley,1,PK,0.001,32
3896,2,spring_barley,2,KAS,0.01,31
3897,2,spring_barley,1,PK,0.001,32
3897,2,spring_barley,2,KAS,0.01,31
3898,2,spring_barley,1,PK,0.001,32
3898,2,spring_barley,2,KAS,0.01,31
3899,2,spring_barley,1,PK,0.001,32
3899,2,spring_barley,2,KAS,0.01,31
3900,2,spring_barley,1,PK,0.001,32
3900,2,spring_barley,2,KAS,0.01,31
3901,2,spring_barley,1,PK,0.001,32
3901,2,spring_barley,2,KAS,0.01,31
3902,2,spring_barley,1,PK,0.001,32
3902,2,spring_barley,2,KAS,0.01,31
3903,2,spring_barley,1,PK,0.001,32
3903,2,spring_barley,2,KAS,0.01,31
3904,2,spring_barley,1,PK,0.001,32
3904,2,spring_barley,2,KAS,0.01,31
3905,2,spring_barley,1,PK,0.001,32
3905,2,spring_barley,2,KAS,0.01,31
3907,2,spring_barley,1,PK,0.001,32
3907,2,spring_barley,2,KAS,0.01,31
3908,2,spring_barley,1,PK,0.001,32
3908,2,spring_barley,2,KAS,0.01,31
3909,2,spring_barley,1,PK,0.001,32
3909,2,spring_barley,2,KAS,0.01,31
3910,2,spring_barley,1,PK,0.001,32
3910,2,spring_barley,2,KAS,0.01,31
3911,2,spring_barley,1,PK,0.001,32
3911,2,spring_barley,2,KAS,0.01,31
3912,2,spring_barley,1,PK,0.001,32
3912,2,spring_barley,2,KAS,0.01,31
3913,2,spring_barley,1,PK,0.001,32
3913,2,spring_barley,2,KAS,0.01,31
3914,2,spring_barley,1,PK,0.001,32
3914,2,spring_barley,2,KAS,0.01,31
3915,2,spring_barley,1,PK,0.001,32
3915,2,spring_barley,2,KAS,0.01,31
3916,2,spring_barley,1,PK,0.001,32
3916,2,spring_barley,2,KAS,0.01,31
3917,2,spring_barley,1,PK,0.001,32
3917,2,spring_barley,2,KAS,0.01,31
3918,2,spring_barley,1,PK,0.001,32
3918,2,spring_barley,2,KAS,0.01,31
3919,2,spring_barley,1,PK,0.001,32
3919,2,spring_barley,2,KAS,0.01,31
3920,2,spring_barley,1,PK,0.001,32
3920,2,spring_barley,2,KAS,0.01,31
3921,2,spring_barley,1,PK,0.001,32
3921,2,spring_barley,2,KAS,0.01,31
3922,2,spring_barley,1,PK,0.001,32
3922,2,spring_barley,2,KAS,0.01,31
3923,2,spring_barley,1,PK,0.001,32
3923,2,spring_barley,2,KAS,0.01,31
3924,2,spring_barley,1,PK,0.001,32
3924,2,spring_barley,2,KAS,0.01,31
3925,2,spring_barley,1,PK,0.001,32
3925,2,spring_barley,2,KAS,0.01,31
3926,2,spring_barley,1,PK,0.001,32
3926,2,spring_barley,2,KAS,0.01,31
3927,2,spring_barley,1,PK,0.001,32
3927,2,spring_barley,2,KAS,0.01,31
3928,2,spring_barley,1,PK,0.001,32
3928,2,spring_barley,2,KAS,0.01,31
3929,2,spring_barley,1,PK,0.001,32
3929,2,spring_barley,2,KAS,0.01,31
3930,2,spring_barley,1,PK,0.001,32
3930,2,spring_barley,2,KAS,0.01,31
3931,2,spring_barley,1,PK,0.001,32
3931,2,spring_barley,2,KAS,0.01,31
3932,2,spring_barley,1,PK,0.001,32
3932,2,spring_barley,2,KAS,0.01,31
3933,2,spring_barley,1,PK,0.001,32
3933,2,spring_barley,2,KAS,0.01,31
3934,2,spring_barley,1,PK,0.001,32
3934,2,spring_barley,2,KAS,0.01,31
3935,2,spring_barley,1,PK,0.001,32
3935,2,spring_barley,2,KAS,0.01,31
3936,2,spring_barley,1,PK,0.001,32
3936,2,spring_barley,2,KAS,0.01,31
3937,2,spring_barley,1,PK,0.001,32
3937,2,spring_barley,2,KAS,0.01,31
3938,2,spring_barley,1,PK,0.001,32
3938,2,spring_barley,2,KAS,0.01,31
3939,2,spring_barley,1,PK,0.001,32
3939,2,spring_barley,2,KAS,0.01,31
3940,2,spring_barley,1,PK,0.001,32
3940,2,spring_barley,2,KAS,0.01,31
3941,2,spring_barley,1,PK,0.001,32
3941,2,spring_barley,2,KAS,0.01,31
3942,2,spring_barley,1,PK,0.001,32
3942,2,spring_barley,2,KAS,0.01,31
3943,2,spring_barley,1,PK,0.001,32
3943,2,spring_barley,2,KAS,0.01,31
3944,2,spring_barley,1,PK,0.001,32
3944,2,spring_barley,2,KAS,0.01,31
3945,2,spring_barley,1,PK,0.001,32
3945,2,spring_barley,2,KAS,0.01,31
3946,2,spring_barley,1,PK,0.001,32
3946,2,spring_barley,2,KAS,0.01,31
3947,2,spring_barley,1,PK,0.001,32
3947,2,spring_barley,2,KAS,0.01,31
3948,2,spring_barley,1,PK,0.001,32
3948,2,spring_barley,2,KAS,0.01,31
3949,2,spring_barley,1,PK,0.001,32
3949,2,spring_barley,2,KAS,0.01,31
3950,2,spring_barley,1,PK,0.001,32
3950,2,spring_barley,2,KAS,0.01,31
3951,2,spring_barley,1,PK,0.001,32
3951,2,spring_barley,2,KAS,0.01,31
3952,2,spring_barley,1,PK,0.001,32
3952,2,spring_barley,2,KAS,0.01,31
3953,2,spring_barley,1,PK,0.001,32
3953,2,spring_barley,2,KAS,0.01,31
3954,2,spring_barley,1,PK,0.001,32
3954,2,spring_barley,2,KAS,0.01,31
3955,2,spring_barley,1,PK,0.001,32
3955,2,spring_barley,2,KAS,0.01,31
3956,2,spring_barley,1,PK,0.001,32
3956,2,spring_barley,2,KAS,0.01,31
3957,2,spring_barley,1,PK,0.001,32
3957,2,spring_barley,2,KAS,0.01,31
3958,2,spring_barley,1,PK,0.001,32
3958,2,spring_barley,2,KAS,0.01,31
3959,2,spring_barley,1,PK,0.001,32
3959,2,spring_barley,2,KAS,0.01,31
3960,2,spring_barley,1,PK,0.001,32
3960,2,spring_barley,2,KAS,0.01,31
3961,2,spring_barley,1,PK,0.001,32
3961,2,spring_barley,2,KAS,0.01,31
3962,2,spring_barley,1,PK,0.001,32
3962,2,spring_barley,2,KAS,0.01,31
3963,2,spring_barley,1,PK,0.001,32
3963,2,spring_barley,2,KAS,0.01,31
3964,2,spring_barley,1,PK,0.001,32
3964,2,spring_barley,2,KAS,0.01,31
3965,2,spring_barley,1,PK,0.001,32
3965,2,spring_barley,2,KAS,0.01,31
3966,2,spring_barley,1,PK,0.001,32
3966,2,spring_barley,2,KAS,0.01,31
3967,2,spring_barley,1,PK,0.001,32
3967,2,spring_barley,2,KAS,0.01,31
3968,2,spring_barley,1,PK,0.001,32
3968,2,spring_barley,2,KAS,0.01,31
3969,2,spring_barley,1,PK,0.001,32
3969,2,spring_barley,2,KAS,0.01,31
3970,2,spring_barley,1,PK,0.001,32
3970,2,spring_barley,2,KAS,0.01,31
3971,2,spring_barley,1,PK,0.001,32
3971,2,spring_barley,2,KAS,0.01,31
3972,2,spring_barley,1,PK,0.001,32
3972,2,spring_barley,2,KAS,0.01,31
3973,2,spring_barley,1,PK,0.001,32
3973,2,spring_barley,2,KAS,0.01,31
3974,2,spring_barley,1,PK,0.001,32
3974,2,spring_barley,2,KAS,0.01,31
3975,2,spring_barley,1,PK,0.001,32
3975,2,spring_barley,2,KAS,0.01,31
3976,2,spring_barley,1,PK,0.001,32
3976,2,spring_barley,2,KAS,0.01,31
3977,2,spring_barley,1,PK,0.001,32
3977,2,spring_barley,2,KAS,0.01,31
3978,2,spring_barley,1,PK,0.001,32
3978,2,spring_barley,2,KAS,0.01,31
3979,2,spring_barley,1,PK,0.001,32
3979,2,spring_barley,2,KAS,0.01,31
3980,2,spring_barley,1,PK,0.001,32
3980,2,spring_barley,2,KAS,0.01,31
3981,2,spring_barley,1,PK,0.001,32
3981,2,spring_barley,2,KAS,0.01,31
3982,2,spring_barley,1,PK,0.001,32
3982,2,spring_barley,2,KAS,0.01,31
3983,2,spring_barley,1,PK,0.001,32
3983,2,spring_barley,2,KAS,0.01,31
3984,2,spring_barley,1,PK,0.001,32
3984,2,spring_barley,2,KAS,0.01,31
3985,2,spring_barley,1,PK,0.001,32
3985,2,spring_barley,2,KAS,0.01,31
3986,2,spring_barley,1,PK,0.001,32
3986,2,spring_barley,2,KAS,0.01,31
3987,2,spring_barley,1,PK,0.001,32
3987,2,spring_barley,2,KAS,0.01,31
3988,2,spring_barley,1,PK,0.001,32
3988,2,spring_barley,2,KAS,0.01,31
3989,2,spring_barley,1,PK,0.001,32
3989,2,spring_barley,2,KAS,0.01,31
3990,2,spring_barley,1,PK,0.001,32
3990,2,spring_barley,2,KAS,0.01,31
3991,2,spring_barley,1,PK,0.001,32
3991,2,spring_barley,2,KAS,0.01,31
3992,2,spring_barley,1,PK,0.001,32
3992,2,spring_barley,2,KAS,0.01,31
3993,2,spring_barley,1,PK,0.001,32
3993,2,spring_barley,2,KAS,0.01,31
3994,2,spring_barley,1,PK,0.001,32
3994,2,spring_barley,2,KAS,0.01,31
3995,2,spring_barley,1,PK,0.001,32
3995,2,spring_barley,2,KAS,0.01,31
3996,2,spring_barley,1,PK,0.001,32
3996,2,spring_barley,2,KAS,0.01,31
3997,2,spring_barley,1,PK,0.001,32
3997,2,spring_barley,2,KAS,0.01,31
3998,2,spring_barley,1,PK,0.001,32
3998,2,spring_barley,2,KAS,0.01,31
3999,2,spring_barley,1,PK,0.001,32
3999,2,spring_barley,2,KAS,0.01,31
4000,2,spring_barley,1,PK,0.001,32
4000,2,spring_barley,2,KAS,0.01,31
4001,2,spring_barley,1,PK,0.001,32
4001,2,spring_barley,2,KAS,0.01,31
4002,2,spring_barley,1,PK,0.001,32
4002,2,spring_barley,2,KAS,0.01,31
4003,2,spring_barley,1,PK,0.001,32
4003,2,spring_barley,2,KAS,0.01,31
4004,2,spring_barley,1,PK,0.001,32
4004,2,spring_barley,2,KAS,0.01,31
4005,2,spring_barley,1,PK,0.001,32
4005,2,spring_barley,2,KAS,0.01,31
4007,2,spring_barley,1,PK,0.001,32
4007,2,spring_barley,2,KAS,0.01,31
4008,2,spring_barley,1,PK,0.001,32
4008,2,spring_barley,2,KAS,0.01,31
4009,2,spring_barley,1,PK,0.001,32
4009,2,spring_barley,2,KAS,0.01,31
4010,2,spring_barley,1,PK,0.001,32
4010,2,spring_barley,2,KAS,0.01,31
4011,2,spring_barley,1,PK,0.001,32
4011,2,spring_barley,2,KAS,0.01,31
4012,2,spring_barley,1,PK,0.001,32
4012,2,spring_barley,2,KAS,0.01,31
4013,2,spring_barley,1,PK,0.001,32
4013,2,spring_barley,2,KAS,0.01,31
4014,2,spring_barley,1,PK,0.001,32
4014,2,spring_barley,2,KAS,0.01,31
4015,2,spring_barley,1,PK,0.001,32
4015,2,spring_barley,2,KAS,0.01,31
4016,2,spring_barley,1,PK,0.001,32
4016,2,spring_barley,2,KAS,0.01,31
4017,2,spring_barley,1,PK,0.001,32
4017,2,spring_barley,2,KAS,0.01,31
4018,2,spring_barley,1,PK,0.001,32
4018,2,spring_barley,2,KAS,0.01,31
4019,2,spring_barley,1,PK,0.001,32
4019,2,spring_barley,2,KAS,0.01,31
4020,2,spring_barley,1,PK,0.001,32
4020,2,spring_barley,2,KAS,0.01,31
4021,2,spring_barley,1,PK,0.001,32
4021,2,spring_barley,2,KAS,0.01,31
4022,2,spring_barley,1,PK,0.001,32
4022,2,spring_barley,2,KAS,0.01,31
4023,2,spring_barley,1,PK,0.001,32
4023,2,spring_barley,2,KAS,0.01,31
4024,2,spring_barley,1,PK,0.001,32
4024,2,spring_barley,2,KAS,0.01,31
4026,2,spring_barley,1,PK,0.001,32
4026,2,spring_barley,2,KAS,0.01,31
4027,2,spring_barley,1,PK,0.001,32
4027,2,spring_barley,2,KAS,0.01,31
4028,2,spring_barley,1,PK,0.001,32
4028,2,spring_barley,2,KAS,0.01,31
4029,2,spring_barley,1,PK,0.001,32
4029,2,spring_barley,2,KAS,0.01,31
4030,2,spring_barley,1,PK,0.001,32
4030,2,spring_barley,2,KAS,0.01,31
4031,2,spring_barley,1,PK,0.001,32
4031,2,spring_barley,2,KAS,0.01,31
4032,2,spring_barley,1,PK,0.001,32
4032,2,spring_barley,2,KAS,0.01,31
4033,2,spring_barley,1,PK,0.001,32
4033,2,spring_barley,2,KAS,0.01,31
4034,2,spring_barley,1,PK,0.001,32
4034,2,spring_barley,2,KAS,0.01,31
4035,2,spring_barley,1,PK,0.001,32
4035,2,spring_barley,2,KAS,0.01,31
4036,2,spring_barley,1,PK,0.001,32
4036,2,spring_barley,2,KAS,0.01,31
4037,2,spring_barley,1,PK,0.001,32
4037,2,spring_barley,2,KAS,0.01,31
4038,2,spring_barley,1,PK,0.001,32
4038,2,spring_barley,2,KAS,0.01,31
4039,2,spring_barley,1,PK,0.001,32
4039,2,spring_barley,2,KAS,0.01,31
4040,2,spring_barley,1,PK,0.001,32
4040,2,spring_barley,2,KAS,0.01,31
4041,2,spring_barley,1,PK,0.001,32
4041,2,spring_barley,2,KAS,0.01,31
4042,2,spring_barley,1,PK,0.001,32
4042,2,spring_barley,2,KAS,0.01,31
4043,2,spring_barley,1,PK,0.001,32
4043,2,spring_barley,2,KAS,0.01,31
4044,2,spring_barley,1,PK,0.001,32
4044,2,spring_barley,2,KAS,0.01,31
4045,2,spring_barley,1,PK,0.001,32
4045,2,spring_barley,2,KAS,0.01,31
4046,2,spring_barley,1,PK,0.001,32
4046,2,spring_barley,2,KAS,0.01,31
4047,2,spring_barley,1,PK,0.001,32
4047,2,spring_barley,2,KAS,0.01,31
4048,2,spring_barley,1,PK,0.001,32
4048,2,spring_barley,2,KAS,0.01,31
4049,2,spring_barley,1,PK,0.001,32
4049,2,spring_barley,2,KAS,0.01,31
4050,2,spring_barley,1,PK,0.001,32
4050,2,spring_barley,2,KAS,0.01,31
4051,2,spring_barley,1,PK,0.001,32
4051,2,spring_barley,2,KAS,0.01,31
4052,2,spring_barley,1,PK,0.001,32
4052,2,spring_barley,2,KAS,0.01,31
4053,2,spring_barley,1,PK,0.001,32
4053,2,spring_barley,2,KAS,0.01,31
4054,2,spring_barley,1,PK,0.001,32
4054,2,spring_barley,2,KAS,0.01,31
4055,2,spring_barley,1,PK,0.001,32
4055,2,spring_barley,2,KAS,0.01,31
4056,2,spring_barley,1,PK,0.001,32
4056,2,spring_barley,2,KAS,0.01,31
4057,2,spring_barley,1,PK,0.001,32
4057,2,spring_barley,2,KAS,0.01,31
4058,2,spring_barley,1,PK,0.001,32
4058,2,spring_barley,2,KAS,0.01,31
4059,2,spring_barley,1,PK,0.001,32
4059,2,spring_barley,2,KAS,0.01,31
4060,2,spring_barley,1,PK,0.001,32
4060,2,spring_barley,2,KAS,0.01,31
4061,2,spring_barley,1,PK,0.001,32
4061,2,spring_barley,2,KAS,0.01,31
4062,2,spring_barley,1,PK,0.001,32
4062,2,spring_barley,2,KAS,0.01,31
4063,2,spring_barley,1,PK,0.001,32
4063,2,spring_barley,2,KAS,0.01,31
4064,2,spring_barley,1,PK,0.001,32
4064,2,spring_barley,2,KAS,0.01,31
4065,2,spring_barley,1,PK,0.001,32
4065,2,spring_barley,2,KAS,0.01,31
4066,2,spring_barley,1,PK,0.001,32
4066,2,spring_barley,2,KAS,0.01,31
4067,2,spring_barley,1,PK,0.001,32
4067,2,spring_barley,2,KAS,0.01,31
4068,2,spring_barley,1,PK,0.001,32
4068,2,spring_barley,2,KAS,0.01,31
4069,2,spring_barley,1,PK,0.001,32
4069,2,spring_barley,2,KAS,0.01,31
4070,2,spring_barley,1,PK,0.001,32
4070,2,spring_barley,2,KAS,0.01,31
4071,2,spring_barley,1,PK,0.001,32
4071,2,spring_barley,2,KAS,0.01,31
4072,2,spring_barley,1,PK,0.001,32
4072,2,spring_barley,2,KAS,0.01,31
4073,2,spring_barley,1,PK,0.001,32
4073,2,spring_barley,2,KAS,0.01,31
4074,2,spring_barley,1,PK,0.001,32
4074,2,spring_barley,2,KAS,0.01,31
4075,2,spring_barley,1,PK,0.001,32
4075,2,spring_barley,2,KAS,0.01,31
4076,2,spring_barley,1,PK,0.001,32
4076,2,spring_barley,2,KAS,0.01,31
4077,2,spring_barley,1,PK,0.001,32
4077,2,spring_barley,2,KAS,0.01,31
4078,2,spring_barley,1,PK,0.001,32
4078,2,spring_barley,2,KAS,0.01,31
4079,2,spring_barley,1,PK,0.001,32
4079,2,spring_barley,2,KAS,0.01,31
4080,2,spring_barley,1,PK,0.001,32
4080,2,spring_barley,2,KAS,0.01,31
4081,2,spring_barley,1,PK,0.001,32
4081,2,spring_barley,2,KAS,0.01,31
4082,2,spring_barley,1,PK,0.001,32
4082,2,spring_barley,2,KAS,0.01,31
4083,2,spring_barley,1,PK,0.001,32
4083,2,spring_barley,2,KAS,0.01,31
4084,2,spring_barley,1,PK,0.001,32
4084,2,spring_barley,2,KAS,0.01,31
4085,2,spring_barley,1,PK,0.001,32
4085,2,spring_barley,2,KAS,0.01,31
4086,2,spring_barley,1,PK,0.001,32
4086,2,spring_barley,2,KAS,0.01,31
4087,2,spring_barley,1,PK,0.001,32
4087,2,spring_barley,2,KAS,0.01,31
4088,2,spring_barley,1,PK,0.001,32
4088,2,spring_barley,2,KAS,0.01,31
4089,2,spring_barley,1,PK,0.001,32
4089,2,spring_barley,2,KAS,0.01,31
4090,2,spring_barley,1,PK,0.001,32
4090,2,spring_barley,2,KAS,0.01,31
4091,2,spring_barley,1,PK,0.001,32
4091,2,spring_barley,2,KAS,0.01,31
4092,2,spring_barley,1,PK,0.001,32
4092,2,spring_barley,2,KAS,0.01,31
4093,2,spring_barley,1,PK,0.001,32
4093,2,spring_barley,2,KAS,0.01,31
4094,2,spring_barley,1,PK,0.001,32
4094,2,spring_barley,2,KAS,0.01,31
4095,2,spring_barley,1,PK,0.001,32
4095,2,spring_barley,2,KAS,0.01,31
4096,2,spring_barley,1,PK,0.001,32
4096,2,spring_barley,2,KAS,0.01,31
4097,2,spring_barley,1,PK,0.001,32
4097,2,spring_barley,2,KAS,0.01,31
4098,2,spring_barley,1,PK,0.001,32
4098,2,spring_barley,2,KAS,0.01,31
4099,2,spring_barley,1,PK,0.001,32
4099,2,spring_barley,2,KAS,0.01,31
4100,2,spring_barley,1,PK,0.001,32
4100,2,spring_barley,2,KAS,0.01,31
4101,2,spring_barley,1,PK,0.001,32
4101,2,spring_barley,2,KAS,0.01,31
4102,2,spring_barley,1,PK,0.001,32
4102,2,spring_barley,2,KAS,0.01,31
4103,2,spring_barley,1,PK,0.001,32
4103,2,spring_barley,2,KAS,0.01,31
4104,2,spring_barley,1,PK,0.001,32
4104,2,spring_barley,2,KAS,0.01,31
4105,2,spring_barley,1,PK,0.001,32
4105,2,spring_barley,2,KAS,0.01,31
4106,2,spring_barley,1,PK,0.001,32
4106,2,spring_barley,2,KAS,0.01,31
4107,2,spring_barley,1,PK,0.001,32
4107,2,spring_barley,2,KAS,0.01,31
4108,2,spring_barley,1,PK,0.001,32
4108,2,spring_barley,2,KAS,0.01,31
4109,2,spring_barley,1,PK,0.001,32
4109,2,spring_barley,2,KAS,0.01,31
4110,2,spring_barley,1,PK,0.001,32
4110,2,spring_barley,2,KAS,0.01,31
4111,2,spring_barley,1,PK,0.001,32
4111,2,spring_barley,2,KAS,0.01,31
4112,2,spring_barley,1,PK,0.001,32
4112,2,spring_barley,2,KAS,0.01,31
4113,2,spring_barley,1,PK,0.001,32
4113,2,spring_barley,2,KAS,0.01,31
4114,2,spring_barley,1,PK,0.001,32
4114,2,spring_barley,2,KAS,0.01,31
4115,2,spring_barley,1,PK,0.001,32
4115,2,spring_barley,2,KAS,0.01,31
4116,2,spring_barley,1,PK,0.001,32
4116,2,spring_barley,2,KAS,0.01,31
4117,2,spring_barley,1,PK,0.001,32
4117,2,spring_barley,2,KAS,0.01,31
4118,2,spring_barley,1,PK,0.001,32
4118,2,spring_barley,2,KAS,0.01,31
4119,2,spring_barley,1,PK,0.001,32
4119,2,spring_barley,2,KAS,0.01,31
4120,2,spring_barley,1,PK,0.001,32
4120,2,spring_barley,2,KAS,0.01,31
4121,2,spring_barley,1,PK,0.001,32
4121,2,spring_barley,2,KAS,0.01,31
4122,2,spring_barley,1,PK,0.001,32
4122,2,spring_barley,2,KAS,0.01,31
4123,2,spring_barley,1,PK,0.001,32
4123,2,spring_barley,2,KAS,0.01,31
4124,2,spring_barley,1,PK,0.001,32
4124,2,spring_barley,2,KAS,0.01,31
4125,2,spring_barley,1,PK,0.001,32
4125,2,spring_barley,2,KAS,0.01,31
4126,2,spring_barley,1,PK,0.001,32
4126,2,spring_barley,2,KAS,0.01,31
4127,2,spring_barley,1,PK,0.001,32
4127,2,spring_barley,2,KAS,0.01,31
4128,2,spring_barley,1,PK,0.001,32
4128,2,spring_barley,2,KAS,0.01,31
5608,2,spring_barley,1,PK,0.001,32
5608,2,spring_barley,2,KAS,0.01,31
5609,2,spring_barley,1,PK,0.001,32
5609,2,spring_barley,2,KAS,0.01,31
5610,2,spring_barley,1,PK,0.001,32
5610,2,spring_barley,2,KAS,0.01,31
5611,2,spring_barley,1,PK,0.001,32
5611,2,spring_barley,2,KAS,0.01,31
5612,2,spring_barley,1,PK,0.001,32
5612,2,spring_barley,2,KAS,0.01,31
5613,2,spring_barley,1,PK,0.001,32
5613,2,spring_barley,2,KAS,0.01,31
5614,2,spring_barley,1,PK,0.001,32
5614,2,spring_barley,2,KAS,0.01,31
5615,2,spring_barley,1,PK,0.001,32
5615,2,spring_barley,2,KAS,0.01,31
5616,2,spring_barley,1,PK,0.001,32
5616,2,spring_barley,2,KAS,0.01,31
5617,2,spring_barley,1,PK,0.001,32
5617,2,spring_barley,2,KAS,0.01,31
5618,2,spring_barley,1,PK,0.001,32
5618,2,spring_barley,2,KAS,0.01,31
5619,2,spring_barley,1,PK,0.001,32
5619,2,spring_barley,2,KAS,0.01,31
5620,2,spring_barley,1,PK,0.001,32
5620,2,spring_barley,2,KAS,0.01,31
5621,2,spring_barley,1,PK,0.001,32
5621,2,spring_barley,2,KAS,0.01,31
5622,2,spring_barley,1,PK,0.001,32
5622,2,spring_barley,2,KAS,0.01,31
5623,2,spring_barley,1,PK,0.001,32
5623,2,spring_barley,2,KAS,0.01,31
5624,2,spring_barley,1,PK,0.001,32
5624,2,spring_barley,2,KAS,0.01,31
5625,2,spring_barley,1,PK,0.001,32
5625,2,spring_barley,2,KAS,0.01,31
5626,2,spring_barley,1,PK,0.001,32
5626,2,spring_barley,2,KAS,0.01,31
5627,2,spring_barley,1,PK,0.001,32
5627,2,spring_barley,2,KAS,0.01,31
5628,2,spring_barley,1,PK,0.001,32
5628,2,spring_barley,2,KAS,0.01,31
5629,2,spring_barley,1,PK,0.001,32
5629,2,spring_barley,2,KAS,0.01,31
5630,2,spring_barley,1,PK,0.001,32
5630,2,spring_barley,2,KAS,0.01,31
5631,2,spring_barley,1,PK,0.001,32
5631,2,spring_barley,2,KAS,0.01,31
5632,2,spring_barley,1,PK,0.001,32
5632,2,spring_barley,2,KAS,0.01,31
5633,2,spring_barley,1,PK,0.001,32
5633,2,spring_barley,2,KAS,0.01,31
5634,2,spring_barley,1,PK,0.001,32
5634,2,spring_barley,2,KAS,0.01,31
5635,2,spring_barley,1,PK,0.001,32
5635,2,spring_barley,2,KAS,0.01,31
5636,2,spring_barley,1,PK,0.001,32
5636,2,spring_barley,2,KAS,0.01,31
5637,2,spring_barley,1,PK,0.001,32
5637,2,spring_barley,2,KAS,0.01,31
5638,2,spring_barley,1,PK,0.001,32
5638,2,spring_barley,2,KAS,0.01,31
5639,2,spring_barley,1,PK,0.001,32
5639,2,spring_barley,2,KAS,0.01,31
5640,2,spring_barley,1,PK,0.001,32
5640,2,spring_barley,2,KAS,0.01,31
5641,2,spring_barley,1,PK,0.001,32
5641,2,spring_barley,2,KAS,0.01,31
5642,2,spring_barley,1,PK,0.001,32
5642,2,spring_barley,2,KAS,0.01,31
5643,2,spring_barley,1,PK,0.001,32
5643,2,spring_barley,2,KAS,0.01,31
5644,2,spring_barley,1,PK,0.001,32
5644,2,spring_barley,2,KAS,0.01,31
5645,2,spring_barley,1,PK,0.001,32
5645,2,spring_barley,2,KAS,0.01,31
5646,2,spring_barley,1,PK,0.001,32
5646,2,spring_barley,2,KAS,0.01,31
5647,2,spring_barley,1,PK,0.001,32
5647,2,spring_barley,2,KAS,0.01,31
5648,2,spring_barley,1,PK,0.001,32
5648,2,spring_barley,2,KAS,0.01,31
5650,2,spring_barley,1,PK,0.001,32
5650,2,spring_barley,2,KAS,0.01,31
5651,2,spring_barley,1,PK,0.001,32
5651,2,spring_barley,2,KAS,0.01,31
5652,2,spring_barley,1,PK,0.001,32
5652,2,spring_barley,2,KAS,0.01,31
5653,2,spring_barley,1,PK,0.001,32
5653,2,spring_barley,2,KAS,0.01,31
5654,2,spring_barley,1,PK,0.001,32
5654,2,spring_barley,2,KAS,0.01,31
5655,2,spring_barley,1,PK,0.001,32
5655,2,spring_barley,2,KAS,0.01,31
5656,2,spring_barley,1,PK,0.001,32
5656,2,spring_barley,2,KAS,0.01,31
5657,2,spring_barley,1,PK,0.001,32
5657,2,spring_barley,2,KAS,0.01,31
5658,2,spring_barley,1,PK,0.001,32
5658,2,spring_barley,2,KAS,0.01,31
5659,2,spring_barley,1,PK,0.001,32
5659,2,spring_barley,2,KAS,0.01,31
5660,2,spring_barley,1,PK,0.001,32
5660,2,spring_barley,2,KAS,0.01,31
5661,2,spring_barley,1,PK,0.001,32
5661,2,spring_barley,2,KAS,0.01,31
5662,2,spring_barley,1,PK,0.001,32
5662,2,spring_barley,2,KAS,0.01,31
5663,2,spring_barley,1,PK,0.001,32
5663,2,spring_barley,2,KAS,0.01,31
5664,2,spring_barley,1,PK,0.001,32
5664,2,spring_barley,2,KAS,0.01,31
5665,2,spring_barley,1,PK,0.001,32
5665,2,spring_barley,2,KAS,0.01,31
5666,2,spring_barley,1,PK,0.001,32
5666,2,spring_barley,2,KAS,0.01,31
5667,2,spring_barley,1,PK,0.001,32
5667,2,spring_barley,2,KAS,0.01,31
5668,2,spring_barley,1,PK,0.001,32
5668,2,spring_barley,2,KAS,0.01,31
5669,2,spring_barley,1,PK,0.001,32
5669,2,spring_barley,2,KAS,0.01,31
5670,2,spring_barley,1,PK,0.001,32
5670,2,spring_barley,2,KAS,0.01,31
5671,2,spring_barley,1,PK,0.001,32
5671,2,spring_barley,2,KAS,0.01,31
5672,2,spring_barley,1,PK,0.001,32
5672,2,spring_barley,2,KAS,0.01,31
5673,2,spring_barley,1,PK,0.001,32
5673,2,spring_barley,2,KAS,0.01,31
5674,2,spring_barley,1,PK,0.001,32
5674,2,spring_barley,2,KAS,0.01,31
5675,2,spring_barley,1,PK,0.001,32
5675,2,spring_barley,2,KAS,0.01,31
5676,2,spring_barley,1,PK,0.001,32
5676,2,spring_barley,2,KAS,0.01,31
5677,2,spring_barley,1,PK,0.001,32
5677,2,spring_barley,2,KAS,0.01,31
5678,2,spring_barley,1,PK,0.001,32
5678,2,spring_barley,2,KAS,0.01,31
5679,2,spring_barley,1,PK,0.001,32
5679,2,spring_barley,2,KAS,0.01,31
5680,2,spring_barley,1,PK,0.001,32
5680,2,spring_barley,2,KAS,0.01,31
5681,2,spring_barley,1,PK,0.001,32
5681,2,spring_barley,2,KAS,0.01,31
5682,2,spring_barley,1,PK,0.001,32
5682,2,spring_barley,2,KAS,0.01,31
5683,2,spring_barley,1,PK,0.001,32
5683,2,spring_barley,2,KAS,0.01,31
5684,2,spring_barley,1,PK,0.001,32
5684,2,spring_barley,2,KAS,0.01,31
5685,2,spring_barley,1,PK,0.001,32
5685,2,spring_barley,2,KAS,0.01,31
5686,2,spring_barley,1,PK,0.001,32
5686,2,spring_barley,2,KAS,0.01,31
5687,2,spring_barley,1,PK,0.001,32
5687,2,spring_barley,2,KAS,0.01,31
5688,2,spring_barley,1,PK,0.001,32
5688,2,spring_barley,2,KAS,0.01,31
5689,2,spring_barley,1,PK,0.001,32
5689,2,spring_barley,2,KAS,0.01,31
5690,2,spring_barley,1,PK,0.001,32
5690,2,spring_barley,2,KAS,0.01,31
5691,2,spring_barley,1,PK,0.001,32
5691,2,spring_barley,2,KAS,0.01,31
5692,2,spring_barley,1,PK,0.001,32
5692,2,spring_barley,2,KAS,0.01,31
5693,2,spring_barley,1,PK,0.001,32
5693,2,spring_barley,2,KAS,0.01,31
5694,2,spring_barley,1,PK,0.001,32
5694,2,spring_barley,2,KAS,0.01,31
5695,2,spring_barley,1,PK,0.001,32
5695,2,spring_barley,2,KAS,0.01,31
5696,2,spring_barley,1,PK,0.001,32
5696,2,spring_barley,2,KAS,0.01,31
5697,2,spring_barley,1,PK,0.001,32
5697,2,spring_barley,2,KAS,0.01,31
5698,2,spring_barley,1,PK,0.001,32
5698,2,spring_barley,2,KAS,0.01,31
5699,2,spring_barley,1,PK,0.001,32
5699,2,spring_barley,2,KAS,0.01,31
5700,2,spring_barley,1,PK,0.001,32
5700,2,spring_barley,2,KAS,0.01,31
5701,2,spring_barley,1,PK,0.001,32
5701,2,spring_barley,2,KAS,0.01,31
5702,2,spring_barley,1,PK,0.001,32
5702,2,spring_barley,2,KAS,0.01,31
5703,2,spring_barley,1,PK,0.001,32
5703,2,spring_barley,2,KAS,0.01,31
5704,2,spring_barley,1,PK,0.001,32
5704,2,spring_barley,2,KAS,0.01,31
5705,2,spring_barley,1,PK,0.001,32
5705,2,spring_barley,2,KAS,0.01,31
5706,2,spring_barley,1,PK,0.001,32
5706,2,spring_barley,2,KAS,0.01,31
5707,2,spring_barley,1,PK,0.001,32
5707,2,spring_barley,2,KAS,0.01,31
5708,2,spring_barley,1,PK,0.001,32
5708,2,spring_barley,2,KAS,0.01,31
5709,2,spring_barley,1,PK,0.001,32
5709,2,spring_barley,2,KAS,0.01,31
5710,2,spring_barley,1,PK,0.001,32
5710,2,spring_barley,2,KAS,0.01,31
5711,2,spring_barley,1,PK,0.001,32
5711,2,spring_barley,2,KAS,0.01,31
5712,2,spring_barley,1,PK,0.001,32
5712,2,spring_barley,2,KAS,0.01,31
5713,2,spring_barley,1,PK,0.001,32
5713,2,spring_barley,2,KAS,0.01,31
5714,2,spring_barley,1,PK,0.001,32
5714,2,spring_barley,2,KAS,0.01,31
5715,2,spring_barley,1,PK,0.001,32
5715,2,spring_barley,2,KAS,0.01,31
5716,2,spring_barley,1,PK,0.001,32
5716,2,spring_barley,2,KAS,0.01,31
5717,2,spring_barley,1,PK,0.001,32
5717,2,spring_barley,2,KAS,0.01,31
5718,2,spring_barley,1,PK,0.001,32
5718,2,spring_barley,2,KAS,0.01,31
5719,2,spring_barley,1,PK,0.001,32
5719,2,spring_barley,2,KAS,0.01,31
5720,2,spring_barley,1,PK,0.001,32
5720,2,spring_barley,2,KAS,0.01,31
5721,2,spring_barley,1,PK,0.001,32
5721,2,spring_barley,2,KAS,0.01,31
5722,2,spring_barley,1,PK,0.001,32
5722,2,spring_barley,2,KAS,0.01,31
5723,2,spring_barley,1,PK,0.001,32
5723,2,spring_barley,2,KAS,0.01,31
5725,2,spring_barley,1,PK,0.001,32
5725,2,spring_barley,2,KAS,0.01,31
5726,2,spring_barley,1,PK,0.001,32
5726,2,spring_barley,2,KAS,0.01,31
5727,2,spring_barley,1,PK,0.001,32
5727,2,spring_barley,2,KAS,0.01,31
5728,2,spring_barley,1,PK,0.001,32
5728,2,spring_barley,2,KAS,0.01,31
5729,2,spring_barley,1,PK,0.001,32
5729,2,spring_barley,2,KAS,0.01,31
5730,2,spring_barley,1,PK,0.001,32
5730,2,spring_barley,2,KAS,0.01,31
5731,2,spring_barley,1,PK,0.001,32
5731,2,spring_barley,2,KAS,0.01,31
5732,2,spring_barley,1,PK,0.001,32
5732,2,spring_barley,2,KAS,0.01,31
5733,2,spring_barley,1,PK,0.001,32
5733,2,spring_barley,2,KAS,0.01,31
5734,2,spring_barley,1,PK,0.001,32
5734,2,spring_barley,2,KAS,0.01,31
5735,2,spring_barley,1,PK,0.001,32
5735,2,spring_barley,2,KAS,0.01,31
5736,2,spring_barley,1,PK,0.001,32
5736,2,spring_barley,2,KAS,0.01,31
5737,2,spring_barley,1,PK,0.001,32
5737,2,spring_barley,2,KAS,0.01,31
5738,2,spring_barley,1,PK,0.001,32
5738,2,spring_barley,2,KAS,0.01,31
5739,2,spring_barley,1,PK,0.001,32
5739,2,spring_barley,2,KAS,0.01,31
5740,2,spring_barley,1,PK,0.001,32
5740,2,spring_barley,2,KAS,0.01,31
5741,2,spring_barley,1,PK,0.001,32
5741,2,spring_barley,2,KAS,0.01,31
5742,2,spring_barley,1,PK,0.001,32
5742,2,spring_barley,2,KAS,0.01,31
5743,2,spring_barley,1,PK,0.001,32
5743,2,spring_barley,2,KAS,0.01,31
5744,2,spring_barley,1,PK,0.001,32
5744,2,spring_barley,2,KAS,0.01,31
5745,2,spring_barley,1,PK,0.001,32
5745,2,spring_barley,2,KAS,0.01,31
5746,2,spring_barley,1,PK,0.001,32
5746,2,spring_barley,2,KAS,0.01,31
5747,2,spring_barley,1,PK,0.001,32
5747,2,spring_barley,2,KAS,0.01,31
5748,2,spring_barley,1,PK,0.001,32
5748,2,spring_barley,2,KAS,0.01,31
5749,2,spring_barley,1,PK,0.001,32
5749,2,spring_barley,2,KAS,0.01,31
5750,2,spring_barley,1,PK,0.001,32
5750,2,spring_barley,2,KAS,0.01,31
5751,2,spring_barley,1,PK,0.001,32
5751,2,spring_barley,2,KAS,0.01,31
5752,2,spring_barley,1,PK,0.001,32
5752,2,spring_barley,2,KAS,0.01,31
5753,2,spring_barley,1,PK,0.001,32
5753,2,spring_barley,2,KAS,0.01,31
5754,2,spring_barley,1,PK,0.001,32
5754,2,spring_barley,2,KAS,0.01,31
5755,2,spring_barley,1,PK,0.001,32
5755,2,spring_barley,2,KAS,0.01,31
5756,2,spring_barley,1,PK,0.001,32
5756,2,spring_barley,2,KAS,0.01,31
5757,2,spring_barley,1,PK,0.001,32
5757,2,spring_barley,2,KAS,0.01,31
5758,2,spring_barley,1,PK,0.001,32
5758,2,spring_barley,2,KAS,0.01,31
5759,2,spring_barley,1,PK,0.001,32
5759,2,spring_barley,2,KAS,0.01,31
5760,2,spring_barley,1,PK,0.001,32
5760,2,spring_barley,2,KAS,0.01,31
5761,2,spring_barley,1,PK,0.001,32
5761,2,spring_barley,2,KAS,0.01,31
5762,2,spring_barley,1,PK,0.001,32
5762,2,spring_barley,2,KAS,0.01,31
5763,2,spring_barley,1,PK,0.001,32
5763,2,spring_barley,2,KAS,0.01,31
5764,2,spring_barley,1,PK,0.001,32
5764,2,spring_barley,2,KAS,0.01,31
5765,2,spring_barley,1,PK,0.001,32
5765,2,spring_barley,2,KAS,0.01,31
5766,2,spring_barley,1,PK,0.001,32
5766,2,spring_barley,2,KAS,0.01,31
5767,2,spring_barley,1,PK,0.001,32
5767,2,spring_barley,2,KAS,0.01,31
5768,2,spring_barley,1,PK,0.001,32
5768,2,spring_barley,2,KAS,0.01,31
5769,2,spring_barley,1,PK,0.001,32
5769,2,spring_barley,2,KAS,0.01,31
5770,2,spring_barley,1,PK,0.001,32
5770,2,spring_barley,2,KAS,0.01,31
5771,2,spring_barley,1,PK,0.001,32
5771,2,spring_barley,2,KAS,0.01,31
5772,2,spring_barley,1,PK,0.001,32
5772,2,spring_barley,2,KAS,0.01,31
5773,2,spring_barley,1,PK,0.001,32
5773,2,spring_barley,2,KAS,0.01,31
5774,2,spring_barley,1,PK,0.001,32
5774,2,spring_barley,2,KAS,0.01,31
5775,2,spring_barley,1,PK,0.001,32
5775,2,spring_barley,2,KAS,0.01,31
5776,2,spring_barley,1,PK,0.001,32
5776,2,spring_barley,2,KAS,0.01,31
5777,2,spring_barley,1,PK,0.001,32
5777,2,spring_barley,2,KAS,0.01,31
5778,2,spring_barley,1,PK,0.001,32
5778,2,spring_barley,2,KAS,0.01,31
5779,2,spring_barley,1,PK,0.001,32
5779,2,spring_barley,2,KAS,0.01,31
5780,2,spring_barley,1,PK,0.001,32
5780,2,spring_barley,2,KAS,0.01,31
5781,2,spring_barley,1,PK,0.001,32
5781,2,spring_barley,2,KAS,0.01,31
5782,2,spring_barley,1,PK,0.001,32
5782,2,spring_barley,2,KAS,0.01,31
5783,2,spring_barley,1,PK,0.001,32
5783,2,spring_barley,2,KAS,0.01,31
5784,2,spring_barley,1,PK,0.001,32
5784,2,spring_barley,2,KAS,0.01,31
5785,2,spring_barley,1,PK,0.001,32
5785,2,spring_barley,2,KAS,0.01,31
5786,2,spring_barley,1,PK,0.001,32
5786,2,spring_barley,2,KAS,0.01,31
5787,2,spring_barley,1,PK,0.001,32
5787,2,spring_barley,2,KAS,0.01,31
5788,2,spring_barley,1,PK,0.001,32
5788,2,spring_barley,2,KAS,0.01,31
5789,2,spring_barley,1,PK,0.001,32
5789,2,spring_barley,2,KAS,0.01,31
5790,2,spring_barley,1,PK,0.001,32
5790,2,spring_barley,2,KAS,0.01,31
5791,2,spring_barley,1,PK,0.001,32
5791,2,spring_barley,2,KAS,0.01,31
5792,2,spring_barley,1,PK,0.001,32
5792,2,spring_barley,2,KAS,0.01,31
5793,2,spring_barley,1,PK,0.001,32
5793,2,spring_barley,2,KAS,0.01,31
5794,2,spring_barley,1,PK,0.001,32
5794,2,spring_barley,2,KAS,0.01,31
5795,2,spring_barley,1,PK,0.001,32
5795,2,spring_barley,2,KAS,0.01,31
5796,2,spring_barley,1,PK,0.001,32
5796,2,spring_barley,2,KAS,0.01,31
5797,2,spring_barley,1,PK,0.001,32
5797,2,spring_barley,2,KAS,0.01,31
5798,2,spring_barley,1,PK,0.001,32
5798,2,spring_barley,2,KAS,0.01,31
5799,2,spring_barley,1,PK,0.001,32
5799,2,spring_barley,2,KAS,0.01,31
5800,2,spring_barley,1,PK,0.001,32
5800,2,spring_barley,2,KAS,0.01,31
5801,2,spring_barley,1,PK,0.001,32
5801,2,spring_barley,2,KAS,0.01,31
5802,2,spring_barley,1,PK,0.001,32
5802,2,spring_barley,2,KAS,0.01,31
5803,2,spring_barley,1,PK,0.001,32
5803,2,spring_barley,2,KAS,0.01,31
5804,2,spring_barley,1,PK,0.001,32
5804,2,spring_barley,2,KAS,0.01,31
5805,2,spring_barley,1,PK,0.001,32
5805,2,spring_barley,2,KAS,0.01,31
5806,2,spring_barley,1,PK,0.001,32
5806,2,spring_barley,2,KAS,0.01,31
5807,2,spring_barley,1,PK,0.001,32
5807,2,spring_barley,2,KAS,0.01,31
5808,2,spring_barley,1,PK,0.001,32
5808,2,spring_barley,2,KAS,0.01,31
5809,2,spring_barley,1,PK,0.001,32
5809,2,spring_barley,2,KAS,0.01,31
5810,2,spring_barley,1,PK,0.001,32
5810,2,spring_barley,2,KAS,0.01,31
5811,2,spring_barley,1,PK,0.001,32
5811,2,spring_barley,2,KAS,0.01,31
5812,2,spring_barley,1,PK,0.001,32
5812,2,spring_barley,2,KAS,0.01,31
5813,2,spring_barley,1,PK,0.001,32
5813,2,spring_barley,2,KAS,0.01,31
5814,2,spring_barley,1,PK,0.001,32
5814,2,spring_barley,2,KAS,0.01,31
5815,2,spring_barley,1,PK,0.001,32
5815,2,spring_barley,2,KAS,0.01,31
5816,2,spring_barley,1,PK,0.001,32
5816,2,spring_barley,2,KAS,0.01,31
5817,2,spring_barley,1,PK,0.001,32
5817,2,spring_barley,2,KAS,0.01,31
5818,2,spring_barley,1,PK,0.001,32
5818,2,spring_barley,2,KAS,0.01,31
5819,2,spring_barley,1,PK,0.001,32
5819,2,spring_barley,2,KAS,0.01,31
5820,2,spring_barley,1,PK,0.001,32
5820,2,spring_barley,2,KAS,0.01,31
5821,2,spring_barley,1,PK,0.001,32
5821,2,spring_barley,2,KAS,0.01,31
5822,2,spring_barley,1,PK,0.001,32
5822,2,spring_barley,2,KAS,0.01,31
5823,2,spring_barley,1,PK,0.001,32
5823,2,spring_barley,2,KAS,0.01,31
5824,2,spring_barley,1,PK,0.001,32
5824,2,spring_barley,2,KAS,0.01,31
5825,2,spring_barley,1,PK,0.001,32
5825,2,spring_barley,2,KAS,0.01,31
5826,2,spring_barley,1,PK,0.001,32
5826,2,spring_barley,2,KAS,0.01,31
5827,2,spring_barley,1,PK,0.001,32
5827,2,spring_barley,2,KAS,0.01,31
5828,2,spring_barley,1,PK,0.001,32
5828,2,spring_barley,2,KAS,0.01,31
5829,2,spring_barley,1,PK,0.001,32
5829,2,spring_barley,2,KAS,0.01,31
5830,2,spring_barley,1,PK,0.001,32
5830,2,spring_barley,2,KAS,0.01,31
5831,2,spring_barley,1,PK,0.001,32
5831,2,spring_barley,2,KAS,0.01,31
5832,2,spring_barley,1,PK,0.001,32
5832,2,spring_barley,2,KAS,0.01,31
5833,2,spring_barley,1,PK,0.001,32
5833,2,spring_barley,2,KAS,0.01,31
5834,2,spring_barley,1,PK,0.001,32
5834,2,spring_barley,2,KAS,0.01,31
5835,2,spring_barley,1,PK,0.001,32
5835,2,spring_barley,2,KAS,0.01,31
5836,2,spring_barley,1,PK,0.001,32
5836,2,spring_barley,2,KAS,0.01,31
5837,2,spring_barley,1,PK,0.001,32
5837,2,spring_barley,2,KAS,0.01,31
5838,2,spring_barley,1,PK,0.001,32
5838,2,spring_barley,2,KAS,0.01,31
5839,2,spring_barley,1,PK,0.001,32
5839,2,spring_barley,2,KAS,0.01,31
5840,2,spring_barley,1,PK,0.001,32
5840,2,spring_barley,2,KAS,0.01,31
5841,2,spring_barley,1,PK,0.001,32
5841,2,spring_barley,2,KAS,0.01,31
5842,2,spring_barley,1,PK,0.001,32
5842,2,spring_barley,2,KAS,0.01,31
5844,2,spring_barley,1,PK,0.001,32
5844,2,spring_barley,2,KAS,0.01,31
5845,2,spring_barley,1,PK,0.001,32
5845,2,spring_barley,2,KAS,0.01,31
5846,2,spring_barley,1,PK,0.001,32
5846,2,spring_barley,2,KAS,0.01,31
5847,2,spring_barley,1,PK,0.001,32
5847,2,spring_barley,2,KAS,0.01,31
5848,2,spring_barley,1,PK,0.001,32
5848,2,spring_barley,2,KAS,0.01,31
5849,2,spring_barley,1,PK,0.001,32
5849,2,spring_barley,2,KAS,0.01,31
5850,2,spring_barley,1,PK,0.001,32
5850,2,spring_barley,2,KAS,0.01,31
5851,2,spring_barley,1,PK,0.001,32
5851,2,spring_barley,2,KAS,0.01,31
5852,2,spring_barley,1,PK,0.001,32
5852,2,spring_barley,2,KAS,0.01,31
5853,2,spring_barley,1,PK,0.001,32
5853,2,spring_barley,2,KAS,0.01,31
5854,2,spring_barley,1,PK,0.001,32
5854,2,spring_barley,2,KAS,0.01,31
5855,2,spring_barley,1,PK,0.001,32
5855,2,spring_barley,2,KAS,0.01,31
5856,2,spring_barley,1,PK,0.001,32
5856,2,spring_barley,2,KAS,0.01,31
5857,2,spring_barley,1,PK,0.001,32
5857,2,spring_barley,2,KAS,0.01,31
5858,2,spring_barley,1,PK,0.001,32
5858,2,spring_barley,2,KAS,0.01,31
5859,2,spring_barley,1,PK,0.001,32
5859,2,spring_barley,2,KAS,0.01,31
5860,2,spring_barley,1,PK,0.001,32
5860,2,spring_barley,2,KAS,0.01,31
5861,2,spring_barley,1,PK,0.001,32
5861,2,spring_barley,2,KAS,0.01,31
5862,2,spring_barley,1,PK,0.001,32
5862,2,spring_barley,2,KAS,0.01,31
5863,2,spring_barley,1,PK,0.001,32
5863,2,spring_barley,2,KAS,0.01,31
5864,2,spring_barley,1,PK,0.001,32
5864,2,spring_barley,2,KAS,0.01,31
5865,2,spring_barley,1,PK,0.001,32
5865,2,spring_barley,2,KAS,0.01,31
5866,2,spring_barley,1,PK,0.001,32
5866,2,spring_barley,2,KAS,0.01,31
5867,2,spring_barley,1,PK,0.001,32
5867,2,spring_barley,2,KAS,0.01,31
5868,2,spring_barley,1,PK,0.001,32
5868,2,spring_barley,2,KAS,0.01,31
5869,2,spring_barley,1,PK,0.001,32
5869,2,spring_barley,2,KAS,0.01,31
5870,2,spring_barley,1,PK,0.001,32
5870,2,spring_barley,2,KAS,0.01,31
5871,2,spring_barley,1,PK,0.001,32
5871,2,spring_barley,2,KAS,0.01,31
5872,2,spring_barley,1,PK,0.001,32
5872,2,spring_barley,2,KAS,0.01,31
5873,2,spring_barley,1,PK,0.001,32
5873,2,spring_barley,2,KAS,0.01,31
5874,2,spring_barley,1,PK,0.001,32
5874,2,spring_barley,2,KAS,0.01,31
5875,2,spring_barley,1,PK,0.001,32
5875,2,spring_barley,2,KAS,0.01,31
5876,2,spring_barley,1,PK,0.001,32
5876,2,spring_barley,2,KAS,0.01,31
5877,2,spring_barley,1,PK,0.001,32
5877,2,spring_barley,2,KAS,0.01,31
5878,2,spring_barley,1,PK,0.001,32
5878,2,spring_barley,2,KAS,0.01,31
5879,2,spring_barley,1,PK,0.001,32
5879,2,spring_barley,2,KAS,0.01,31
5880,2,spring_barley,1,PK,0.001,32
5880,2,spring_barley,2,KAS,0.01,31
5881,2,spring_barley,1,PK,0.001,32
5881,2,spring_barley,2,KAS,0.01,31
5882,2,spring_barley,1,PK,0.001,32
5882,2,spring_barley,2,KAS,0.01,31
5883,2,spring_barley,1,PK,0.001,32
5883,2,spring_barley,2,KAS,0.01,31
5884,2,spring_barley,1,PK,0.001,32
5884,2,spring_barley,2,KAS,0.01,31
5885,2,spring_barley,1,PK,0.001,32
5885,2,spring_barley,2,KAS,0.01,31
5886,2,spring_barley,1,PK,0.001,32
5886,2,spring_barley,2,KAS,0.01,31
5887,2,spring_barley,1,PK,0.001,32
5887,2,spring_barley,2,KAS,0.01,31
5888,2,spring_barley,1,PK,0.001,32
5888,2,spring_barley,2,KAS,0.01,31
5889,2,spring_barley,1,PK,0.001,32
5889,2,spring_barley,2,KAS,0.01,31
5890,2,spring_barley,1,PK,0.001,32
5890,2,spring_barley,2,KAS,0.01,31
5891,2,spring_barley,1,PK,0.001,32
5891,2,spring_barley,2,KAS,0.01,31
5892,2,spring_barley,1,PK,0.001,32
5892,2,spring_barley,2,KAS,0.01,31
5894,2,spring_barley,1,PK,0.001,32
5894,2,spring_barley,2,KAS,0.01,31
5895,2,spring_barley,1,PK,0.001,32
5895,2,spring_barley,2,KAS,0.01,31
5896,2,spring_barley,1,PK,0.001,32
5896,2,spring_barley,2,KAS,0.01,31
5897,2,spring_barley,1,PK,0.001,32
5897,2,spring_barley,2,KAS,0.01,31
5898,2,spring_barley,1,PK,0.001,32
5898,2,spring_barley,2,KAS,0.01,31
5899,2,spring_barley,1,PK,0.001,32
5899,2,spring_barley,2,KAS,0.01,31
5900,2,spring_barley,1,PK,0.001,32
5900,2,spring_barley,2,KAS,0.01,31
5901,2,spring_barley,1,PK,0.001,32
5901,2,spring_barley,2,KAS,0.01,31
5902,2,spring_barley,1,PK,0.001,32
5902,2,spring_barley,2,KAS,0.01,31
5903,2,spring_barley,1,PK,0.001,32
5903,2,spring_barley,2,KAS,0.01,31
5904,2,spring_barley,1,PK,0.001,32
5904,2,spring_barley,2,KAS,0.01,31
5905,2,spring_barley,1,PK,0.001,32
5905,2,spring_barley,2,KAS,0.01,31
5906,2,spring_barley,1,PK,0.001,32
5906,2,spring_barley,2,KAS,0.01,31
5907,2,spring_barley,1,PK,0.001,32
5907,2,spring_barley,2,KAS,0.01,31
5908,2,spring_barley,1,PK,0.001,32
5908,2,spring_barley,2,KAS,0.01,31
5909,2,spring_barley,1,PK,0.001,32
5909,2,spring_barley,2,KAS,0.01,31
5910,2,spring_barley,1,PK,0.001,32
5910,2,spring_barley,2,KAS,0.01,31
5911,2,spring_barley,1,PK,0.001,32
5911,2,spring_barley,2,KAS,0.01,31
5912,2,spring_barley,1,PK,0.001,32
5912,2,spring_barley,2,KAS,0.01,31
5913,2,spring_barley,1,PK,0.001,32
5913,2,spring_barley,2,KAS,0.01,31
5914,2,spring_barley,1,PK,0.001,32
5914,2,spring_barley,2,KAS,0.01,31
5915,2,spring_barley,1,PK,0.001,32
5915,2,spring_barley,2,KAS,0.01,31
5916,2,spring_barley,1,PK,0.001,32
5916,2,spring_barley,2,KAS,0.01,31
5917,2,spring_barley,1,PK,0.001,32
5917,2,spring_barley,2,KAS,0.01,31
5918,2,spring_barley,1,PK,0.001,32
5918,2,spring_barley,2,KAS,0.01,31
5919,2,spring_barley,1,PK,0.001,32
5919,2,spring_barley,2,KAS,0.01,31
7394,2,spring_barley,1,PK,0.001,32
7394,2,spring_barley,2,KAS,0.01,31
7395,2,spring_barley,1,PK,0.001,32
7395,2,spring_barley,2,KAS,0.01,31
7396,2,spring_barley,1,PK,0.001,32
7396,2,spring_barley,2,KAS,0.01,31
7397,2,spring_barley,1,PK,0.001,32
7397,2,spring_barley,2,KAS,0.01,31
7398,2,spring_barley,1,PK,0.001,32
7398,2,spring_barley,2,KAS,0.01,31
7399,2,spring_barley,1,PK,0.001,32
7399,2,spring_barley,2,KAS,0.01,31
7400,2,spring_barley,1,PK,0.001,32
7400,2,spring_barley,2,KAS,0.01,31
7401,2,spring_barley,1,PK,0.001,32
7401,2,spring_barley,2,KAS,0.01,31
7402,2,spring_barley,1,PK,0.001,32
7402,2,spring_barley,2,KAS,0.01,31
7403,2,spring_barley,1,PK,0.001,32
7403,2,spring_barley,2,KAS,0.01,31
7404,2,spring_barley,1,PK,0.001,32
7404,2,spring_barley,2,KAS,0.01,31
7405,2,spring_barley,1,PK,0.001,32
7405,2,spring_barley,2,KAS,0.01,31
7406,2,spring_barley,1,PK,0.001,32
7406,2,spring_barley,2,KAS,0.01,31
7407,2,spring_barley,1,PK,0.001,32
7407,2,spring_barley,2,KAS,0.01,31
7408,2,spring_barley,1,PK,0.001,32
7408,2,spring_barley,2,KAS,0.01,31
7409,2,spring_barley,1,PK,0.001,32
7409,2,spring_barley,2,KAS,0.01,31
7410,2,spring_barley,1,PK,0.001,32
7410,2,spring_barley,2,KAS,0.01,31
7411,2,spring_barley,1,PK,0.001,32
7411,2,spring_barley,2,KAS,0.01,31
7412,2,spring_barley,1,PK,0.001,32
7412,2,spring_barley,2,KAS,0.01,31
7413,2,spring_barley,1,PK,0.001,32
7413,2,spring_barley,2,KAS,0.01,31
7414,2,spring_barley,1,PK,0.001,32
7414,2,spring_barley,2,KAS,0.01,31
7415,2,spring_barley,1,PK,0.001,32
7415,2,spring_barley,2,KAS,0.01,31
7416,2,spring_barley,1,PK,0.001,32
7416,2,spring_barley,2,KAS,0.01,31
7417,2,spring_barley,1,PK,0.001,32
7417,2,spring_barley,2,KAS,0.01,31
7418,2,spring_barley,1,PK,0.001,32
7418,2,spring_barley,2,KAS,0.01,31
7419,2,spring_barley,1,PK,0.001,32
7419,2,spring_barley,2,KAS,0.01,31
7420,2,spring_barley,1,PK,0.001,32
7420,2,spring_barley,2,KAS,0.01,31
7421,2,spring_barley,1,PK,0.001,32
7421,2,spring_barley,2,KAS,0.01,31
7422,2,spring_barley,1,PK,0.001,32
7422,2,spring_barley,2,KAS,0.01,31
7423,2,spring_barley,1,PK,0.001,32
7423,2,spring_barley,2,KAS,0.01,31
7424,2,spring_barley,1,PK,0.001,32
7424,2,spring_barley,2,KAS,0.01,31
7425,2,spring_barley,1,PK,0.001,32
7425,2,spring_barley,2,KAS,0.01,31
7426,2,spring_barley,1,PK,0.001,32
7426,2,spring_barley,2,KAS,0.01,31
7427,2,spring_barley,1,PK,0.001,32
7427,2,spring_barley,2,KAS,0.01,31
7428,2,spring_barley,1,PK,0.001,32
7428,2,spring_barley,2,KAS,0.01,31
7429,2,spring_barley,1,PK,0.001,32
7429,2,spring_barley,2,KAS,0.01,31
7430,2,spring_barley,1,PK,0.001,32
7430,2,spring_barley,2,KAS,0.01,31
7431,2,spring_barley,1,PK,0.001,32
7431,2,spring_barley,2,KAS,0.01,31
7432,2,spring_barley,1,PK,0.001,32
7432,2,spring_barley,2,KAS,0.01,31
7433,2,spring_barley,1,PK,0.001,32
7433,2,spring_barley,2,KAS,0.01,31
7434,2,spring_barley,1,PK,0.001,32
7434,2,spring_barley,2,KAS,0.01,31
7435,2,spring_barley,1,PK,0.001,32
7435,2,spring_barley,2,KAS,0.01,31
7436,2,spring_barley,1,PK,0.001,32
7436,2,spring_barley,2,KAS,0.01,31
7437,2,spring_barley,1,PK,0.001,32
7437,2,spring_barley,2,KAS,0.01,31
7438,2,spring_barley,1,PK,0.001,32
7438,2,spring_barley,2,KAS,0.01,31
7439,2,spring_barley,1,PK,0.001,32
7439,2,spring_barley,2,KAS,0.01,31
7440,2,spring_barley,1,PK,0.001,32
7440,2,spring_barley,2,KAS,0.01,31
7441,2,spring_barley,1,PK,0.001,32
7441,2,spring_barley,2,KAS,0.01,31
7442,2,spring_barley,1,PK,0.001,32
7442,2,spring_barley,2,KAS,0.01,31
7443,2,spring_barley,1,PK,0.001,32
7443,2,spring_barley,2,KAS,0.01,31
7444,2,spring_barley,1,PK,0.001,32
7444,2,spring_barley,2,KAS,0.01,31
7445,2,spring_barley,1,PK,0.001,32
7445,2,spring_barley,2,KAS,0.01,31
7446,2,spring_barley,1,PK,0.001,32
7446,2,spring_barley,2,KAS,0.01,31
7447,2,spring_barley,1,PK,0.001,32
7447,2,spring_barley,2,KAS,0.01,31
7448,2,spring_barley,1,PK,0.001,32
7448,2,spring_barley,2,KAS,0.01,31
7449,2,spring_barley,1,PK,0.001,32
7449,2,spring_barley,2,KAS,0.01,31
7450,2,spring_barley,1,PK,0.001,32
7450,2,spring_barley,2,KAS,0.01,31
7451,2,spring_barley,1,PK,0.001,32
7451,2,spring_barley,2,KAS,0.01,31
7452,2,spring_barley,1,PK,0.001,32
7452,2,spring_barley,2,KAS,0.01,31
7453,2,spring_barley,1,PK,0.001,32
7453,2,spring_barley,2,KAS,0.01,31
7454,2,spring_barley,1,PK,0.001,32
7454,2,spring_barley,2,KAS,0.01,31
7455,2,spring_barley,1,PK,0.001,32
7455,2,spring_barley,2,KAS,0.01,31
7456,2,spring_barley,1,PK,0.001,32
7456,2,spring_barley,2,KAS,0.01,31
7457,2,spring_barley,1,PK,0.001,32
7457,2,spring_barley,2,KAS,0.01,31
7458,2,spring_barley,1,PK,0.001,32
7458,2,spring_barley,2,KAS,0.01,31
7459,2,spring_barley,1,PK,0.001,32
7459,2,spring_barley,2,KAS,0.01,31
7460,2,spring_barley,1,PK,0.001,32
7460,2,spring_barley,2,KAS,0.01,31
7461,2,spring_barley,1,PK,0.001,32
7461,2,spring_barley,2,KAS,0.01,31
7462,2,spring_barley,1,PK,0.001,32
7462,2,spring_barley,2,KAS,0.01,31
7463,2,spring_barley,1,PK,0.001,32
7463,2,spring_barley,2,KAS,0.01,31
7464,2,spring_barley,1,PK,0.001,32
7464,2,spring_barley,2,KAS,0.01,31
7465,2,spring_barley,1,PK,0.001,32
7465,2,spring_barley,2,KAS,0.01,31
7466,2,spring_barley,1,PK,0.001,32
7466,2,spring_barley,2,KAS,0.01,31
7467,2,spring_barley,1,PK,0.001,32
7467,2,spring_barley,2,KAS,0.01,31
7468,2,spring_barley,1,PK,0.001,32
7468,2,spring_barley,2,KAS,0.01,31
7469,2,spring_barley,1,PK,0.001,32
7469,2,spring_barley,2,KAS,0.01,31
7470,2,spring_barley,1,PK,0.001,32
7470,2,spring_barley,2,KAS,0.01,31
7471,2,spring_barley,1,PK,0.001,32
7471,2,spring_barley,2,KAS,0.01,31
7472,2,spring_barley,1,PK,0.001,32
7472,2,spring_barley,2,KAS,0.01,31
7473,2,spring_barley,1,PK,0.001,32
7473,2,spring_barley,2,KAS,0.01,31
7474,2,spring_barley,1,PK,0.001,32
7474,2,spring_barley,2,KAS,0.01,31
7475,2,spring_barley,1,PK,0.001,32
7475,2,spring_barley,2,KAS,0.01,31
7476,2,spring_barley,1,PK,0.001,32
7476,2,spring_barley,2,KAS,0.01,31
7477,2,spring_barley,1,PK,0.001,32
7477,2,spring_barley,2,KAS,0.01,31
7478,2,spring_barley,1,PK,0.001,32
7478,2,spring_barley,2,KAS,0.01,31
7479,2,spring_barley,1,PK,0.001,32
7479,2,spring_barley,2,KAS,0.01,31
7480,2,spring_barley,1,PK,0.001,32
7480,2,spring_barley,2,KAS,0.01,31
7481,2,spring_barley,1,PK,0.001,32
7481,2,spring_barley,2,KAS,0.01,31
7482,2,spring_barley,1,PK,0.001,32
7482,2,spring_barley,2,KAS,0.01,31
7483,2,spring_barley,1,PK,0.001,32
7483,2,spring_barley,2,KAS,0.01,31
7485,2,spring_barley,1,PK,0.001,32
7485,2,spring_barley,2,KAS,0.01,31
7486,2,spring_barley,1,PK,0.001,32
7486,2,spring_barley,2,KAS,0.01,31
7487,2,spring_barley,1,PK,0.001,32
7487,2,spring_barley,2,KAS,0.01,31
7488,2,spring_barley,1,PK,0.001,32
7488,2,spring_barley,2,KAS,0.01,31
7489,2,spring_barley,1,PK,0.001,32
7489,2,spring_barley,2,KAS,0.01,31
7490,2,spring_barley,1,PK,0.001,32
7490,2,spring_barley,2,KAS,0.01,31
7491,2,spring_barley,1,PK,0.001,32
7491,2,spring_barley,2,KAS,0.01,31
7492,2,spring_barley,1,PK,0.001,32
7492,2,spring_barley,2,KAS,0.01,31
7493,2,spring_barley,1,PK,0.001,32
7493,2,spring_barley,2,KAS,0.01,31
7494,2,spring_barley,1,PK,0.001,32
7494,2,spring_barley,2,KAS,0.01,31
7495,2,spring_barley,1,PK,0.001,32
7495,2,spring_barley,2,KAS,0.01,31
7496,2,spring_barley,1,PK,0.001,32
7496,2,spring_barley,2,KAS,0.01,31
7497,2,spring_barley,1,PK,0.001,32
7497,2,spring_barley,2,KAS,0.01,31
7498,2,spring_barley,1,PK,0.001,32
7498,2,spring_barley,2,KAS,0.01,31
7499,2,spring_barley,1,PK,0.001,32
7499,2,spring_barley,2,KAS,0.01,31
7500,2,spring_barley,1,PK,0.001,32
7500,2,spring_barley,2,KAS,0.01,31
7501,2,spring_barley,1,PK,0.001,32
7501,2,spring_barley,2,KAS,0.01,31
7503,2,spring_barley,1,PK,0.001,32
7503,2,spring_barley,2,KAS,0.01,31
7504,2,spring_barley,1,PK,0.001,32
7504,2,spring_barley,2,KAS,0.01,31
7505,2,spring_barley,1,PK,0.001,32
7505,2,spring_barley,2,KAS,0.01,31
7506,2,spring_barley,1,PK,0.001,32
7506,2,spring_barley,2,KAS,0.01,31
7507,2,spring_barley,1,PK,0.001,32
7507,2,spring_barley,2,KAS,0.01,31
7508,2,spring_barley,1,PK,0.001,32
7508,2,spring_barley,2,KAS,0.01,31
7509,2,spring_barley,1,PK,0.001,32
7509,2,spring_barley,2,KAS,0.01,31
7510,2,spring_barley,1,PK,0.001,32
7510,2,spring_barley,2,KAS,0.01,31
7511,2,spring_barley,1,PK,0.001,32
7511,2,spring_barley,2,KAS,0.01,31
7512,2,spring_barley,1,PK,0.001,32
7512,2,spring_barley,2,KAS,0.01,31
7513,2,spring_barley,1,PK,0.001,32
7513,2,spring_barley,2,KAS,0.01,31
7514,2,spring_barley,1,PK,0.001,32
7514,2,spring_barley,2,KAS,0.01,31
7515,2,spring_barley,1,PK,0.001,32
7515,2,spring_barley,2,KAS,0.01,31
7516,2,spring_barley,1,PK,0.001,32
7516,2,spring_barley,2,KAS,0.01,31
7517,2,spring_barley,1,PK,0.001,32
7517,2,spring_barley,2,KAS,0.01,31
7518,2,spring_barley,1,PK,0.001,32
7518,2,spring_barley,2,KAS,0.01,31
7520,2,spring_barley,1,PK,0.001,32
7520,2,spring_barley,2,KAS,0.01,31
7521,2,spring_barley,1,PK,0.001,32
7521,2,spring_barley,2,KAS,0.01,31
7522,2,spring_barley,1,PK,0.001,32
7522,2,spring_barley,2,KAS,0.01,31
7523,2,spring_barley,1,PK,0.001,32
7523,2,spring_barley,2,KAS,0.01,31
7524,2,spring_barley,1,PK,0.001,32
7524,2,spring_barley,2,KAS,0.01,31
7525,2,spring_barley,1,PK,0.001,32
7525,2,spring_barley,2,KAS,0.01,31
7526,2,spring_barley,1,PK,0.001,32
7526,2,spring_barley,2,KAS,0.01,31
7527,2,spring_barley,1,PK,0.001,32
7527,2,spring_barley,2,KAS,0.01,31
7528,2,spring_barley,1,PK,0.001,32
7528,2,spring_barley,2,KAS,0.01,31
7529,2,spring_barley,1,PK,0.001,32
7529,2,spring_barley,2,KAS,0.01,31
7530,2,spring_barley,1,PK,0.001,32
7530,2,spring_barley,2,KAS,0.01,31
7531,2,spring_barley,1,PK,0.001,32
7531,2,spring_barley,2,KAS,0.01,31
7532,2,spring_barley,1,PK,0.001,32
7532,2,spring_barley,2,KAS,0.01,31
7533,2,spring_barley,1,PK,0.001,32
7533,2,spring_barley,2,KAS,0.01,31
7534,2,spring_barley,1,PK,0.001,32
7534,2,spring_barley,2,KAS,0.01,31
7535,2,spring_barley,1,PK,0.001,32
7535,2,spring_barley,2,KAS,0.01,31
7536,2,spring_barley,1,PK,0.001,32
7536,2,spring_barley,2,KAS,0.01,31
7537,2,spring_barley,1,PK,0.001,32
7537,2,spring_barley,2,KAS,0.01,31
7538,2,spring_barley,1,PK,0.001,32
7538,2,spring_barley,2,KAS,0.01,31
7539,2,spring_barley,1,PK,0.001,32
7539,2,spring_barley,2,KAS,0.01,31
7540,2,spring_barley,1,PK,0.001,32
7540,2,spring_barley,2,KAS,0.01,31
7541,2,spring_barley,1,PK,0.001,32
7541,2,spring_barley,2,KAS,0.01,31
7542,2,spring_barley,1,PK,0.001,32
7542,2,spring_barley,2,KAS,0.01,31
7543,2,spring_barley,1,PK,0.001,32
7543,2,spring_barley,2,KAS,0.01,31
7545,2,spring_barley,1,PK,0.001,32
7545,2,spring_barley,2,KAS,0.01,31
7546,2,spring_barley,1,PK,0.001,32
7546,2,spring_barley,2,KAS,0.01,31
7547,2,spring_barley,1,PK,0.001,32
7547,2,spring_barley,2,KAS,0.01,31
7548,2,spring_barley,1,PK,0.001,32
7548,2,spring_barley,2,KAS,0.01,31
7549,2,spring_barley,1,PK,0.001,32
7549,2,spring_barley,2,KAS,0.01,31
7550,2,spring_barley,1,PK,0.001,32
7550,2,spring_barley,2,KAS,0.01,31
7551,2,spring_barley,1,PK,0.001,32
7551,2,spring_barley,2,KAS,0.01,31
7552,2,spring_barley,1,PK,0.001,32
7552,2,spring_barley,2,KAS,0.01,31
7553,2,spring_barley,1,PK,0.001,32
7553,2,spring_barley,2,KAS,0.01,31
7554,2,spring_barley,1,PK,0.001,32
7554,2,spring_barley,2,KAS,0.01,31
7555,2,spring_barley,1,PK,0.001,32
7555,2,spring_barley,2,KAS,0.01,31
7556,2,spring_barley,1,PK,0.001,32
7556,2,spring_barley,2,KAS,0.01,31
7557,2,spring_barley,1,PK,0.001,32
7557,2,spring_barley,2,KAS,0.01,31
7558,2,spring_barley,1,PK,0.001,32
7558,2,spring_barley,2,KAS,0.01,31
7559,2,spring_barley,1,PK,0.001,32
7559,2,spring_barley,2,KAS,0.01,31
7560,2,spring_barley,1,PK,0.001,32
7560,2,spring_barley,2,KAS,0.01,31
7561,2,spring_barley,1,PK,0.001,32
7561,2,spring_barley,2,KAS,0.01,31
7562,2,spring_barley,1,PK,0.001,32
7562,2,spring_barley,2,KAS,0.01,31
7563,2,spring_barley,1,PK,0.001,32
7563,2,spring_barley,2,KAS,0.01,31
7564,2,spring_barley,1,PK,0.001,32
7564,2,spring_barley,2,KAS,0.01,31
7565,2,spring_barley,1,PK,0.001,32
7565,2,spring_barley,2,KAS,0.01,31
7566,2,spring_barley,1,PK,0.001,32
7566,2,spring_barley,2,KAS,0.01,31
7567,2,spring_barley,1,PK,0.001,32
7567,2,spring_barley,2,KAS,0.01,31
7568,2,spring_barley,1,PK,0.001,32
7568,2,spring_barley,2,KAS,0.01,31
7569,2,spring_barley,1,PK,0.001,32
7569,2,spring_barley,2,KAS,0.01,31
7570,2,spring_barley,1,PK,0.001,32
7570,2,spring_barley,2,KAS,0.01,31
7571,2,spring_barley,1,PK,0.001,32
7571,2,spring_barley,2,KAS,0.01,31
7572,2,spring_barley,1,PK,0.001,32
7572,2,spring_barley,2,KAS,0.01,31
7573,2,spring_barley,1,PK,0.001,32
7573,2,spring_barley,2,KAS,0.01,31
7574,2,spring_barley,1,PK,0.001,32
7574,2,spring_barley,2,KAS,0.01,31
7575,2,spring_barley,1,PK,0.001,32
7575,2,spring_barley,2,KAS,0.01,31
7576,2,spring_barley,1,PK,0.001,32
7576,2,spring_barley,2,KAS,0.01,31
7577,2,spring_barley,1,PK,0.001,32
7577,2,spring_barley,2,KAS,0.01,31
7578,2,spring_barley,1,PK,0.001,32
7578,2,spring_barley,2,KAS,0.01,31
7579,2,spring_barley,1,PK,0.001,32
7579,2,spring_barley,2,KAS,0.01,31
7580,2,spring_barley,1,PK,0.001,32
7580,2,spring_barley,2,KAS,0.01,31
7581,2,spring_barley,1,PK,0.001,32
7581,2,spring_barley,2,KAS,0.01,31
7582,2,spring_barley,1,PK,0.001,32
7582,2,spring_barley,2,KAS,0.01,31
7583,2,spring_barley,1,PK,0.001,32
7583,2,spring_barley,2,KAS,0.01,31
7584,2,spring_barley,1,PK,0.001,32
7584,2,spring_barley,2,KAS,0.01,31
7585,2,spring_barley,1,PK,0.001,32
7585,2,spring_barley,2,KAS,0.01,31
7586,2,spring_barley,1,PK,0.001,32
7586,2,spring_barley,2,KAS,0.01,31
7587,2,spring_barley,1,PK,0.001,32
7587,2,spring_barley,2,KAS,0.01,31
7588,2,spring_barley,1,PK,0.001,32
7588,2,spring_barley,2,KAS,0.01,31
7589,2,spring_barley,1,PK,0.001,32
7589,2,spring_barley,2,KAS,0.01,31
7590,2,spring_barley,1,PK,0.001,32
7590,2,spring_barley,2,KAS,0.01,31
7591,2,spring_barley,1,PK,0.001,32
7591,2,spring_barley,2,KAS,0.01,31
7592,2,spring_barley,1,PK,0.001,32
7592,2,spring_barley,2,KAS,0.01,31
7593,2,spring_barley,1,PK,0.001,32
7593,2,spring_barley,2,KAS,0.01,31
7594,2,spring_barley,1,PK,0.001,32
7594,2,spring_barley,2,KAS,0.01,31
7595,2,spring_barley,1,PK,0.001,32
7595,2,spring_barley,2,KAS,0.01,31
7596,2,spring_barley,1,PK,0.001,32
7596,2,spring_barley,2,KAS,0.01,31
7597,2,spring_barley,1,PK,0.001,32
7597,2,spring_barley,2,KAS,0.01,31
7598,2,spring_barley,1,PK,0.001,32
7598,2,spring_barley,2,KAS,0.01,31
7599,2,spring_barley,1,PK,0.001,32
7599,2,spring_barley,2,KAS,0.01,31
7600,2,spring_barley,1,PK,0.001,32
7600,2,spring_barley,2,KAS,0.01,31
7601,2,spring_barley,1,PK,0.001,32
7601,2,spring_barley,2,KAS,0.01,31
7602,2,spring_barley,1,PK,0.001,32
7602,2,spring_barley,2,KAS,0.01,31
7603,2,spring_barley,1,PK,0.001,32
7603,2,spring_barley,2,KAS,0.01,31
7604,2,spring_barley,1,PK,0.001,32
7604,2,spring_barley,2,KAS,0.01,31
7605,2,spring_barley,1,PK,0.001,32
7605,2,spring_barley,2,KAS,0.01,31
7606,2,spring_barley,1,PK,0.001,32
7606,2,spring_barley,2,KAS,0.01,31
7607,2,spring_barley,1,PK,0.001,32
7607,2,spring_barley,2,KAS,0.01,31
7608,2,spring_barley,1,PK,0.001,32
7608,2,spring_barley,2,KAS,0.01,31
7609,2,spring_barley,1,PK,0.001,32
7609,2,spring_barley,2,KAS,0.01,31
7610,2,spring_barley,1,PK,0.001,32
7610,2,spring_barley,2,KAS,0.01,31
7611,2,spring_barley,1,PK,0.001,32
7611,2,spring_barley,2,KAS,0.01,31
7612,2,spring_barley,1,PK,0.001,32
7612,2,spring_barley,2,KAS,0.01,31
7613,2,spring_barley,1,PK,0.001,32
7613,2,spring_barley,2,KAS,0.01,31
7614,2,spring_barley,1,PK,0.001,32
7614,2,spring_barley,2,KAS,0.01,31
7615,2,spring_barley,1,PK,0.001,32
7615,2,spring_barley,2,KAS,0.01,31
7616,2,spring_barley,1,PK,0.001,32
7616,2,spring_barley,2,KAS,0.01,31
7617,2,spring_barley,1,PK,0.001,32
7617,2,spring_barley,2,KAS,0.01,31
7618,2,spring_barley,1,PK,0.001,32
7618,2,spring_barley,2,KAS,0.01,31
7619,2,spring_barley,1,PK,0.001,32
7619,2,spring_barley,2,KAS,0.01,31
7620,2,spring_barley,1,PK,0.001,32
7620,2,spring_barley,2,KAS,0.01,31
7621,2,spring_barley,1,PK,0.001,32
7621,2,spring_barley,2,KAS,0.01,31
7622,2,spring_barley,1,PK,0.001,32
7622,2,spring_barley,2,KAS,0.01,31
7623,2,spring_barley,1,PK,0.001,32
7623,2,spring_barley,2,KAS,0.01,31
7624,2,spring_barley,1,PK,0.001,32
7624,2,spring_barley,2,KAS,0.01,31
7625,2,spring_barley,1,PK,0.001,32
7625,2,spring_barley,2,KAS,0.01,31
7626,2,spring_barley,1,PK,0.001,32
7626,2,spring_barley,2,KAS,0.01,31
7627,2,spring_barley,1,PK,0.001,32
7627,2,spring_barley,2,KAS,0.01,31
7628,2,spring_barley,1,PK,0.001,32
7628,2,spring_barley,2,KAS,0.01,31
7629,2,spring_barley,1,PK,0.001,32
7629,2,spring_barley,2,KAS,0.01,31
7630,2,spring_barley,1,PK,0.001,32
7630,2,spring_barley,2,KAS,0.01,31
7631,2,spring_barley,1,PK,0.001,32
7631,2,spring_barley,2,KAS,0.01,31
7632,2,spring_barley,1,PK,0.001,32
7632,2,spring_barley,2,KAS,0.01,31
7633,2,spring_barley,1,PK,0.001,32
7633,2,spring_barley,2,KAS,0.01,31
7634,2,spring_barley,1,PK,0.001,32
7634,2,spring_barley,2,KAS,0.01,31
7635,2,spring_barley,1,PK,0.001,32
7635,2,spring_barley,2,KAS,0.01,31
7636,2,spring_barley,1,PK,0.001,32
7636,2,spring_barley,2,KAS,0.01,31
7637,2,spring_barley,1,PK,0.001,32
7637,2,spring_barley,2,KAS,0.01,31
7638,2,spring_barley,1,PK,0.001,32
7638,2,spring_barley,2,KAS,0.01,31
7639,2,spring_barley,1,PK,0.001,32
7639,2,spring_barley,2,KAS,0.01,31
7640,2,spring_barley,1,PK,0.001,32
7640,2,spring_barley,2,KAS,0.01,31
7641,2,spring_barley,1,PK,0.001,32
7641,2,spring_barley,2,KAS,0.01,31
7642,2,spring_barley,1,PK,0.001,32
7642,2,spring_barley,2,KAS,0.01,31
7643,2,spring_barley,1,PK,0.001,32
7643,2,spring_barley,2,KAS,0.01,31
7644,2,spring_barley,1,PK,0.001,32
7644,2,spring_barley,2,KAS,0.01,31
7645,2,spring_barley,1,PK,0.001,32
7645,2,spring_barley,2,KAS,0.01,31
7646,2,spring_barley,1,PK,0.001,32
7646,2,spring_barley,2,KAS,0.01,31
7647,2,spring_barley,1,PK,0.001,32
7647,2,spring_barley,2,KAS,0.01,31
7648,2,spring_barley,1,PK,0.001,32
7648,2,spring_barley,2,KAS,0.01,31
7649,2,spring_barley,1,PK,0.001,32
7649,2,spring_barley,2,KAS,0.01,31
7650,2,spring_barley,1,PK,0.001,32
7650,2,spring_barley,2,KAS,0.01,31
7651,2,spring_barley,1,PK,0.001,32
7651,2,spring_barley,2,KAS,0.01,31
7652,2,spring_barley,1,PK,0.001,32
7652,2,spring_barley,2,KAS,0.01,31
7653,2,spring_barley,1,PK,0.001,32
7653,2,spring_barley,2,KAS,0.01,31
7654,2,spring_barley,1,PK,0.001,32
7654,2,spring_barley,2,KAS,0.01,31
7655,2,spring_barley,1,PK,0.001,32
7655,2,spring_barley,2,KAS,0.01,31
7656,2,spring_barley,1,PK,0.001,32
7656,2,spring_barley,2,KAS,0.01,31
7657,2,spring_barley,1,PK,0.001,32
7657,2,spring_barley,2,KAS,0.01,31
7658,2,spring_barley,1,PK,0.001,32
7658,2,spring_barley,2,KAS,0.01,31
7659,2,spring_barley,1,PK,0.001,32
7659,2,spring_barley,2,KAS,0.01,31
7660,2,spring_barley,1,PK,0.001,32
7660,2,spring_barley,2,KAS,0.01,31
7661,2,spring_barley,1,PK,0.001,32
7661,2,spring_barley,2,KAS,0.01,31
7662,2,spring_barley,1,PK,0.001,32
7662,2,spring_barley,2,KAS,0.01,31
7663,2,spring_barley,1,PK,0.001,32
7663,2,spring_barley,2,KAS,0.01,31
7664,2,spring_barley,1,PK,0.001,32
7664,2,spring_barley,2,KAS,0.01,31
7665,2,spring_barley,1,PK,0.001,32
7665,2,spring_barley,2,KAS,0.01,31
7666,2,spring_barley,1,PK,0.001,32
7666,2,spring_barley,2,KAS,0.01,31
7667,2,spring_barley,1,PK,0.001,32
7667,2,spring_barley,2,KAS,0.01,31
7668,2,spring_barley,1,PK,0.001,32
7668,2,spring_barley,2,KAS,0.01,31
7669,2,spring_barley,1,PK,0.001,32
7669,2,spring_barley,2,KAS,0.01,31
7670,2,spring_barley,1,PK,0.001,32
7670,2,spring_barley,2,KAS,0.01,31
7671,2,spring_barley,1,PK,0.001,32
7671,2,spring_barley,2,KAS,0.01,31
7672,2,spring_barley,1,PK,0.001,32
7672,2,spring_barley,2,KAS,0.01,31
7673,2,spring_barley,1,PK,0.001,32
7673,2,spring_barley,2,KAS,0.01,31
7674,2,spring_barley,1,PK,0.001,32
7674,2,spring_barley,2,KAS,0.01,31
7675,2,spring_barley,1,PK,0.001,32
7675,2,spring_barley,2,KAS,0.01,31
7676,2,spring_barley,1,PK,0.001,32
7676,2,spring_barley,2,KAS,0.01,31
7677,2,spring_barley,1,PK,0.001,32
7677,2,spring_barley,2,KAS,0.01,31
7678,2,spring_barley,1,PK,0.001,32
7678,2,spring_barley,2,KAS,0.01,31
7679,2,spring_barley,1,PK,0.001,32
7679,2,spring_barley,2,KAS,0.01,31
7680,2,spring_barley,1,PK,0.001,32
7680,2,spring_barley,2,KAS,0.01,31
7681,2,spring_barley,1,PK,0.001,32
7681,2,spring_barley,2,KAS,0.01,31
7682,2,spring_barley,1,PK,0.001,32
7682,2,spring_barley,2,KAS,0.01,31
7683,2,spring_barley,1,PK,0.001,32
7683,2,spring_barley,2,KAS,0.01,31
7684,2,spring_barley,1,PK,0.001,32
7684,2,spring_barley,2,KAS,0.01,31
7685,2,spring_barley,1,PK,0.001,32
7685,2,spring_barley,2,KAS,0.01,31
7686,2,spring_barley,1,PK,0.001,32
7686,2,spring_barley,2,KAS,0.01,31
7687,2,spring_barley,1,PK,0.001,32
7687,2,spring_barley,2,KAS,0.01,31
7688,2,spring_barley,1,PK,0.001,32
7688,2,spring_barley,2,KAS,0.01,31
7689,2,spring_barley,1,PK,0.001,32
7689,2,spring_barley,2,KAS,0.01,31
7690,2,spring_barley,1,PK,0.001,32
7690,2,spring_barley,2,KAS,0.01,31
7691,2,spring_barley,1,PK,0.001,32
7691,2,spring_barley,2,KAS,0.01,31
7692,2,spring_barley,1,PK,0.001,32
7692,2,spring_barley,2,KAS,0.01,31
7693,2,spring_barley,1,PK,0.001,32
7693,2,spring_barley,2,KAS,0.01,31
7694,2,spring_barley,1,PK,0.001,32
7694,2,spring_barley,2,KAS,0.01,31
7695,2,spring_barley,1,PK,0.001,32
7695,2,spring_barley,2,KAS,0.01,31
7696,2,spring_barley,1,PK,0.001,32
7696,2,spring_barley,2,KAS,0.01,31
7697,2,spring_barley,1,PK,0.001,32
7697,2,spring_barley,2,KAS,0.01,31
7698,2,spring_barley,1,PK,0.001,32
7698,2,spring_barley,2,KAS,0.01,31
7699,2,spring_barley,1,PK,0.001,32
7699,2,spring_barley,2,KAS,0.01,31
7700,2,spring_barley,1,PK,0.001,32
7700,2,spring_barley,2,KAS,0.01,31
7701,2,spring_barley,1,PK,0.001,32
7701,2,spring_barley,2,KAS,0.01,31
7702,2,spring_barley,1,PK,0.001,32
7702,2,spring_barley,2,KAS,0.01,31
7703,2,spring_barley,1,PK,0.001,32
7703,2,spring_barley,2,KAS,0.01,31
7704,2,spring_barley,1,PK,0.001,32
7704,2,spring_barley,2,KAS,0.01,31
