location,FertilizerScenario,crop,Event,vType,DVS,Amount
2,2,spring_barley,1,PK,0.001,32
2,2,spring_barley,2,KAS,0.01,31
3,2,spring_barley,1,PK,0.001,32
3,2,spring_barley,2,KAS,0.01,31
4,2,spring_barley,1,PK,0.001,32
4,2,spring_barley,2,KAS,0.01,31
5,2,spring_barley,1,PK,0.001,32
5,2,spring_barley,2,KAS,0.01,31
6,2,spring_barley,1,PK,0.001,32
6,2,spring_barley,2,KAS,0.01,31
7,2,spring_barley,1,PK,0.001,32
7,2,spring_barley,2,KAS,0.01,31
8,2,spring_barley,1,PK,0.001,32
8,2,spring_barley,2,KAS,0.01,31
10,2,spring_barley,1,PK,0.001,32
10,2,spring_barley,2,KAS,0.01,31
11,2,spring_barley,1,PK,0.001,32
11,2,spring_barley,2,KAS,0.01,31
14,2,spring_barley,1,PK,0.001,32
14,2,spring_barley,2,KAS,0.01,31
16,2,spring_barley,1,PK,0.001,32
16,2,spring_barley,2,KAS,0.01,31
17,2,spring_barley,1,PK,0.001,32
17,2,spring_barley,2,KAS,0.01,31
18,2,spring_barley,1,PK,0.001,32
18,2,spring_barley,2,KAS,0.01,31
19,2,spring_barley,1,PK,0.001,32
19,2,spring_barley,2,KAS,0.01,31
20,2,spring_barley,1,PK,0.001,32
20,2,spring_barley,2,KAS,0.01,31
21,2,spring_barley,1,PK,0.001,32
21,2,spring_barley,2,KAS,0.01,31
22,2,spring_barley,1,PK,0.001,32
22,2,spring_barley,2,KAS,0.01,31
23,2,spring_barley,1,PK,0.001,32
23,2,spring_barley,2,KAS,0.01,31
24,2,spring_barley,1,PK,0.001,32
24,2,spring_barley,2,KAS,0.01,31
25,2,spring_barley,1,PK,0.001,32
25,2,spring_barley,2,KAS,0.01,31
27,2,spring_barley,1,PK,0.001,32
27,2,spring_barley,2,KAS,0.01,31
28,2,spring_barley,1,PK,0.001,32
28,2,spring_barley,2,KAS,0.01,31
29,2,spring_barley,1,PK,0.001,32
29,2,spring_barley,2,KAS,0.01,31
30,2,spring_barley,1,PK,0.001,32
30,2,spring_barley,2,KAS,0.01,31
31,2,spring_barley,1,PK,0.001,32
31,2,spring_barley,2,KAS,0.01,31
32,2,spring_barley,1,PK,0.001,32
32,2,spring_barley,2,KAS,0.01,31
33,2,spring_barley,1,PK,0.001,32
33,2,spring_barley,2,KAS,0.01,31
35,2,spring_barley,1,PK,0.001,32
35,2,spring_barley,2,KAS,0.01,31
36,2,spring_barley,1,PK,0.001,32
36,2,spring_barley,2,KAS,0.01,31
37,2,spring_barley,1,PK,0.001,32
37,2,spring_barley,2,KAS,0.01,31
38,2,spring_barley,1,PK,0.001,32
38,2,spring_barley,2,KAS,0.01,31
41,2,spring_barley,1,PK,0.001,32
41,2,spring_barley,2,KAS,0.01,31
42,2,spring_barley,1,PK,0.001,32
42,2,spring_barley,2,KAS,0.01,31
43,2,spring_barley,1,PK,0.001,32
43,2,spring_barley,2,KAS,0.01,31
46,2,spring_barley,1,PK,0.001,32
46,2,spring_barley,2,KAS,0.01,31
48,2,spring_barley,1,PK,0.001,32
48,2,spring_barley,2,KAS,0.01,31
49,2,spring_barley,1,PK,0.001,32
49,2,spring_barley,2,KAS,0.01,31
50,2,spring_barley,1,PK,0.001,32
50,2,spring_barley,2,KAS,0.01,31
52,2,spring_barley,1,PK,0.001,32
52,2,spring_barley,2,KAS,0.01,31
57,2,spring_barley,1,PK,0.001,32
57,2,spring_barley,2,KAS,0.01,31
58,2,spring_barley,1,PK,0.001,32
58,2,spring_barley,2,KAS,0.01,31
59,2,spring_barley,1,PK,0.001,32
59,2,spring_barley,2,KAS,0.01,31
60,2,spring_barley,1,PK,0.001,32
60,2,spring_barley,2,KAS,0.01,31
62,2,spring_barley,1,PK,0.001,32
62,2,spring_barley,2,KAS,0.01,31
63,2,spring_barley,1,PK,0.001,32
63,2,spring_barley,2,KAS,0.01,31
64,2,spring_barley,1,PK,0.001,32
64,2,spring_barley,2,KAS,0.01,31
65,2,spring_barley,1,PK,0.001,32
65,2,spring_barley,2,KAS,0.01,31
66,2,spring_barley,1,PK,0.001,32
66,2,spring_barley,2,KAS,0.01,31
67,2,spring_barley,1,PK,0.001,32
67,2,spring_barley,2,KAS,0.01,31
68,2,spring_barley,1,PK,0.001,32
68,2,spring_barley,2,KAS,0.01,31
71,2,spring_barley,1,PK,0.001,32
71,2,spring_barley,2,KAS,0.01,31
73,2,spring_barley,1,PK,0.001,32
73,2,spring_barley,2,KAS,0.01,31
74,2,spring_barley,1,PK,0.001,32
74,2,spring_barley,2,KAS,0.01,31
75,2,spring_barley,1,PK,0.001,32
75,2,spring_barley,2,KAS,0.01,31
76,2,spring_barley,1,PK,0.001,32
76,2,spring_barley,2,KAS,0.01,31
77,2,spring_barley,1,PK,0.001,32
77,2,spring_barley,2,KAS,0.01,31
78,2,spring_barley,1,PK,0.001,32
78,2,spring_barley,2,KAS,0.01,31
80,2,spring_barley,1,PK,0.001,32
80,2,spring_barley,2,KAS,0.01,31
81,2,spring_barley,1,PK,0.001,32
81,2,spring_barley,2,KAS,0.01,31
82,2,spring_barley,1,PK,0.001,32
82,2,spring_barley,2,KAS,0.01,31
83,2,spring_barley,1,PK,0.001,32
83,2,spring_barley,2,KAS,0.01,31
84,2,spring_barley,1,PK,0.001,32
84,2,spring_barley,2,KAS,0.01,31
85,2,spring_barley,1,PK,0.001,32
85,2,spring_barley,2,KAS,0.01,31
86,2,spring_barley,1,PK,0.001,32
86,2,spring_barley,2,KAS,0.01,31
87,2,spring_barley,1,PK,0.001,32
87,2,spring_barley,2,KAS,0.01,31
88,2,spring_barley,1,PK,0.001,32
88,2,spring_barley,2,KAS,0.01,31
89,2,spring_barley,1,PK,0.001,32
89,2,spring_barley,2,KAS,0.01,31
91,2,spring_barley,1,PK,0.001,32
91,2,spring_barley,2,KAS,0.01,31
92,2,spring_barley,1,PK,0.001,32
92,2,spring_barley,2,KAS,0.01,31
93,2,spring_barley,1,PK,0.001,32
93,2,spring_barley,2,KAS,0.01,31
95,2,spring_barley,1,PK,0.001,32
95,2,spring_barley,2,KAS,0.01,31
96,2,spring_barley,1,PK,0.001,32
96,2,spring_barley,2,KAS,0.01,31
98,2,spring_barley,1,PK,0.001,32
98,2,spring_barley,2,KAS,0.01,31
100,2,spring_barley,1,PK,0.001,32
100,2,spring_barley,2,KAS,0.01,31
101,2,spring_barley,1,PK,0.001,32
101,2,spring_barley,2,KAS,0.01,31
102,2,spring_barley,1,PK,0.001,32
102,2,spring_barley,2,KAS,0.01,31
104,2,spring_barley,1,PK,0.001,32
104,2,spring_barley,2,KAS,0.01,31
106,2,spring_barley,1,PK,0.001,32
106,2,spring_barley,2,KAS,0.01,31
107,2,spring_barley,1,PK,0.001,32
107,2,spring_barley,2,KAS,0.01,31
112,2,spring_barley,1,PK,0.001,32
112,2,spring_barley,2,KAS,0.01,31
113,2,spring_barley,1,PK,0.001,32
113,2,spring_barley,2,KAS,0.01,31
114,2,spring_barley,1,PK,0.001,32
114,2,spring_barley,2,KAS,0.01,31
116,2,spring_barley,1,PK,0.001,32
116,2,spring_barley,2,KAS,0.01,31
119,2,spring_barley,1,PK,0.001,32
119,2,spring_barley,2,KAS,0.01,31
120,2,spring_barley,1,PK,0.001,32
120,2,spring_barley,2,KAS,0.01,31
121,2,spring_barley,1,PK,0.001,32
121,2,spring_barley,2,KAS,0.01,31
123,2,spring_barley,1,PK,0.001,32
123,2,spring_barley,2,KAS,0.01,31
124,2,spring_barley,1,PK,0.001,32
124,2,spring_barley,2,KAS,0.01,31
125,2,spring_barley,1,PK,0.001,32
125,2,spring_barley,2,KAS,0.01,31
126,2,spring_barley,1,PK,0.001,32
126,2,spring_barley,2,KAS,0.01,31
127,2,spring_barley,1,PK,0.001,32
127,2,spring_barley,2,KAS,0.01,31
128,2,spring_barley,1,PK,0.001,32
128,2,spring_barley,2,KAS,0.01,31
129,2,spring_barley,1,PK,0.001,32
129,2,spring_barley,2,KAS,0.01,31
131,2,spring_barley,1,PK,0.001,32
131,2,spring_barley,2,KAS,0.01,31
132,2,spring_barley,1,PK,0.001,32
132,2,spring_barley,2,KAS,0.01,31
134,2,spring_barley,1,PK,0.001,32
134,2,spring_barley,2,KAS,0.01,31
136,2,spring_barley,1,PK,0.001,32
136,2,spring_barley,2,KAS,0.01,31
137,2,spring_barley,1,PK,0.001,32
137,2,spring_barley,2,KAS,0.01,31
138,2,spring_barley,1,PK,0.001,32
138,2,spring_barley,2,KAS,0.01,31
140,2,spring_barley,1,PK,0.001,32
140,2,spring_barley,2,KAS,0.01,31
141,2,spring_barley,1,PK,0.001,32
141,2,spring_barley,2,KAS,0.01,31
144,2,spring_barley,1,PK,0.001,32
144,2,spring_barley,2,KAS,0.01,31
145,2,spring_barley,1,PK,0.001,32
145,2,spring_barley,2,KAS,0.01,31
146,2,spring_barley,1,PK,0.001,32
146,2,spring_barley,2,KAS,0.01,31
147,2,spring_barley,1,PK,0.001,32
147,2,spring_barley,2,KAS,0.01,31
148,2,spring_barley,1,PK,0.001,32
148,2,spring_barley,2,KAS,0.01,31
149,2,spring_barley,1,PK,0.001,32
149,2,spring_barley,2,KAS,0.01,31
150,2,spring_barley,1,PK,0.001,32
150,2,spring_barley,2,KAS,0.01,31
151,2,spring_barley,1,PK,0.001,32
151,2,spring_barley,2,KAS,0.01,31
152,2,spring_barley,1,PK,0.001,32
152,2,spring_barley,2,KAS,0.01,31
153,2,spring_barley,1,PK,0.001,32
153,2,spring_barley,2,KAS,0.01,31
155,2,spring_barley,1,PK,0.001,32
155,2,spring_barley,2,KAS,0.01,31
156,2,spring_barley,1,PK,0.001,32
156,2,spring_barley,2,KAS,0.01,31
158,2,spring_barley,1,PK,0.001,32
158,2,spring_barley,2,KAS,0.01,31
160,2,spring_barley,1,PK,0.001,32
160,2,spring_barley,2,KAS,0.01,31
161,2,spring_barley,1,PK,0.001,32
161,2,spring_barley,2,KAS,0.01,31
162,2,spring_barley,1,PK,0.001,32
162,2,spring_barley,2,KAS,0.01,31
166,2,spring_barley,1,PK,0.001,32
166,2,spring_barley,2,KAS,0.01,31
167,2,spring_barley,1,PK,0.001,32
167,2,spring_barley,2,KAS,0.01,31
170,2,spring_barley,1,PK,0.001,32
170,2,spring_barley,2,KAS,0.01,31
171,2,spring_barley,1,PK,0.001,32
171,2,spring_barley,2,KAS,0.01,31
172,2,spring_barley,1,PK,0.001,32
172,2,spring_barley,2,KAS,0.01,31
175,2,spring_barley,1,PK,0.001,32
175,2,spring_barley,2,KAS,0.01,31
176,2,spring_barley,1,PK,0.001,32
176,2,spring_barley,2,KAS,0.01,31
177,2,spring_barley,1,PK,0.001,32
177,2,spring_barley,2,KAS,0.01,31
179,2,spring_barley,1,PK,0.001,32
179,2,spring_barley,2,KAS,0.01,31
181,2,spring_barley,1,PK,0.001,32
181,2,spring_barley,2,KAS,0.01,31
182,2,spring_barley,1,PK,0.001,32
182,2,spring_barley,2,KAS,0.01,31
183,2,spring_barley,1,PK,0.001,32
183,2,spring_barley,2,KAS,0.01,31
185,2,spring_barley,1,PK,0.001,32
185,2,spring_barley,2,KAS,0.01,31
186,2,spring_barley,1,PK,0.001,32
186,2,spring_barley,2,KAS,0.01,31
187,2,spring_barley,1,PK,0.001,32
187,2,spring_barley,2,KAS,0.01,31
188,2,spring_barley,1,PK,0.001,32
188,2,spring_barley,2,KAS,0.01,31
190,2,spring_barley,1,PK,0.001,32
190,2,spring_barley,2,KAS,0.01,31
191,2,spring_barley,1,PK,0.001,32
191,2,spring_barley,2,KAS,0.01,31
192,2,spring_barley,1,PK,0.001,32
192,2,spring_barley,2,KAS,0.01,31
193,2,spring_barley,1,PK,0.001,32
193,2,spring_barley,2,KAS,0.01,31
194,2,spring_barley,1,PK,0.001,32
194,2,spring_barley,2,KAS,0.01,31
195,2,spring_barley,1,PK,0.001,32
195,2,spring_barley,2,KAS,0.01,31
197,2,spring_barley,1,PK,0.001,32
197,2,spring_barley,2,KAS,0.01,31
198,2,spring_barley,1,PK,0.001,32
198,2,spring_barley,2,KAS,0.01,31
200,2,spring_barley,1,PK,0.001,32
200,2,spring_barley,2,KAS,0.01,31
201,2,spring_barley,1,PK,0.001,32
201,2,spring_barley,2,KAS,0.01,31
202,2,spring_barley,1,PK,0.001,32
202,2,spring_barley,2,KAS,0.01,31
203,2,spring_barley,1,PK,0.001,32
203,2,spring_barley,2,KAS,0.01,31
205,2,spring_barley,1,PK,0.001,32
205,2,spring_barley,2,KAS,0.01,31
206,2,spring_barley,1,PK,0.001,32
206,2,spring_barley,2,KAS,0.01,31
207,2,spring_barley,1,PK,0.001,32
207,2,spring_barley,2,KAS,0.01,31
208,2,spring_barley,1,PK,0.001,32
208,2,spring_barley,2,KAS,0.01,31
210,2,spring_barley,1,PK,0.001,32
210,2,spring_barley,2,KAS,0.01,31
211,2,spring_barley,1,PK,0.001,32
211,2,spring_barley,2,KAS,0.01,31
212,2,spring_barley,1,PK,0.001,32
212,2,spring_barley,2,KAS,0.01,31
213,2,spring_barley,1,PK,0.001,32
213,2,spring_barley,2,KAS,0.01,31
214,2,spring_barley,1,PK,0.001,32
214,2,spring_barley,2,KAS,0.01,31
215,2,spring_barley,1,PK,0.001,32
215,2,spring_barley,2,KAS,0.01,31
219,2,spring_barley,1,PK,0.001,32
219,2,spring_barley,2,KAS,0.01,31
220,2,spring_barley,1,PK,0.001,32
220,2,spring_barley,2,KAS,0.01,31
221,2,spring_barley,1,PK,0.001,32
221,2,spring_barley,2,KAS,0.01,31
222,2,spring_barley,1,PK,0.001,32
222,2,spring_barley,2,KAS,0.01,31
225,2,spring_barley,1,PK,0.001,32
225,2,spring_barley,2,KAS,0.01,31
229,2,spring_barley,1,PK,0.001,32
229,2,spring_barley,2,KAS,0.01,31
230,2,spring_barley,1,PK,0.001,32
230,2,spring_barley,2,KAS,0.01,31
232,2,spring_barley,1,PK,0.001,32
232,2,spring_barley,2,KAS,0.01,31
233,2,spring_barley,1,PK,0.001,32
233,2,spring_barley,2,KAS,0.01,31
234,2,spring_barley,1,PK,0.001,32
234,2,spring_barley,2,KAS,0.01,31
236,2,spring_barley,1,PK,0.001,32
236,2,spring_barley,2,KAS,0.01,31
237,2,spring_barley,1,PK,0.001,32
237,2,spring_barley,2,KAS,0.01,31
238,2,spring_barley,1,PK,0.001,32
238,2,spring_barley,2,KAS,0.01,31
240,2,spring_barley,1,PK,0.001,32
240,2,spring_barley,2,KAS,0.01,31
241,2,spring_barley,1,PK,0.001,32
241,2,spring_barley,2,KAS,0.01,31
242,2,spring_barley,1,PK,0.001,32
242,2,spring_barley,2,KAS,0.01,31
243,2,spring_barley,1,PK,0.001,32
243,2,spring_barley,2,KAS,0.01,31
244,2,spring_barley,1,PK,0.001,32
244,2,spring_barley,2,KAS,0.01,31
245,2,spring_barley,1,PK,0.001,32
245,2,spring_barley,2,KAS,0.01,31
246,2,spring_barley,1,PK,0.001,32
246,2,spring_barley,2,KAS,0.01,31
247,2,spring_barley,1,PK,0.001,32
247,2,spring_barley,2,KAS,0.01,31
249,2,spring_barley,1,PK,0.001,32
249,2,spring_barley,2,KAS,0.01,31
250,2,spring_barley,1,PK,0.001,32
250,2,spring_barley,2,KAS,0.01,31
251,2,spring_barley,1,PK,0.001,32
251,2,spring_barley,2,KAS,0.01,31
252,2,spring_barley,1,PK,0.001,32
252,2,spring_barley,2,KAS,0.01,31
253,2,spring_barley,1,PK,0.001,32
253,2,spring_barley,2,KAS,0.01,31
254,2,spring_barley,1,PK,0.001,32
254,2,spring_barley,2,KAS,0.01,31
255,2,spring_barley,1,PK,0.001,32
255,2,spring_barley,2,KAS,0.01,31
257,2,spring_barley,1,PK,0.001,32
257,2,spring_barley,2,KAS,0.01,31
258,2,spring_barley,1,PK,0.001,32
258,2,spring_barley,2,KAS,0.01,31
259,2,spring_barley,1,PK,0.001,32
259,2,spring_barley,2,KAS,0.01,31
260,2,spring_barley,1,PK,0.001,32
260,2,spring_barley,2,KAS,0.01,31
261,2,spring_barley,1,PK,0.001,32
261,2,spring_barley,2,KAS,0.01,31
262,2,spring_barley,1,PK,0.001,32
262,2,spring_barley,2,KAS,0.01,31
263,2,spring_barley,1,PK,0.001,32
263,2,spring_barley,2,KAS,0.01,31
264,2,spring_barley,1,PK,0.001,32
264,2,spring_barley,2,KAS,0.01,31
265,2,spring_barley,1,PK,0.001,32
265,2,spring_barley,2,KAS,0.01,31
266,2,spring_barley,1,PK,0.001,32
266,2,spring_barley,2,KAS,0.01,31
269,2,spring_barley,1,PK,0.001,32
269,2,spring_barley,2,KAS,0.01,31
270,2,spring_barley,1,PK,0.001,32
270,2,spring_barley,2,KAS,0.01,31
271,2,spring_barley,1,PK,0.001,32
271,2,spring_barley,2,KAS,0.01,31
272,2,spring_barley,1,PK,0.001,32
272,2,spring_barley,2,KAS,0.01,31
273,2,spring_barley,1,PK,0.001,32
273,2,spring_barley,2,KAS,0.01,31
274,2,spring_barley,1,PK,0.001,32
274,2,spring_barley,2,KAS,0.01,31
276,2,spring_barley,1,PK,0.001,32
276,2,spring_barley,2,KAS,0.01,31
277,2,spring_barley,1,PK,0.001,32
277,2,spring_barley,2,KAS,0.01,31
278,2,spring_barley,1,PK,0.001,32
278,2,spring_barley,2,KAS,0.01,31
279,2,spring_barley,1,PK,0.001,32
279,2,spring_barley,2,KAS,0.01,31
280,2,spring_barley,1,PK,0.001,32
280,2,spring_barley,2,KAS,0.01,31
281,2,spring_barley,1,PK,0.001,32
281,2,spring_barley,2,KAS,0.01,31
283,2,spring_barley,1,PK,0.001,32
283,2,spring_barley,2,KAS,0.01,31
284,2,spring_barley,1,PK,0.001,32
284,2,spring_barley,2,KAS,0.01,31
285,2,spring_barley,1,PK,0.001,32
285,2,spring_barley,2,KAS,0.01,31
286,2,spring_barley,1,PK,0.001,32
286,2,spring_barley,2,KAS,0.01,31
287,2,spring_barley,1,PK,0.001,32
287,2,spring_barley,2,KAS,0.01,31
288,2,spring_barley,1,PK,0.001,32
288,2,spring_barley,2,KAS,0.01,31
289,2,spring_barley,1,PK,0.001,32
289,2,spring_barley,2,KAS,0.01,31
290,2,spring_barley,1,PK,0.001,32
290,2,spring_barley,2,KAS,0.01,31
291,2,spring_barley,1,PK,0.001,32
291,2,spring_barley,2,KAS,0.01,31
292,2,spring_barley,1,PK,0.001,32
292,2,spring_barley,2,KAS,0.01,31
293,2,spring_barley,1,PK,0.001,32
293,2,spring_barley,2,KAS,0.01,31
294,2,spring_barley,1,PK,0.001,32
294,2,spring_barley,2,KAS,0.01,31
295,2,spring_barley,1,PK,0.001,32
295,2,spring_barley,2,KAS,0.01,31
297,2,spring_barley,1,PK,0.001,32
297,2,spring_barley,2,KAS,0.01,31
300,2,spring_barley,1,PK,0.001,32
300,2,spring_barley,2,KAS,0.01,31
301,2,spring_barley,1,PK,0.001,32
301,2,spring_barley,2,KAS,0.01,31
304,2,spring_barley,1,PK,0.001,32
304,2,spring_barley,2,KAS,0.01,31
305,2,spring_barley,1,PK,0.001,32
305,2,spring_barley,2,KAS,0.01,31
306,2,spring_barley,1,PK,0.001,32
306,2,spring_barley,2,KAS,0.01,31
308,2,spring_barley,1,PK,0.001,32
308,2,spring_barley,2,KAS,0.01,31
309,2,spring_barley,1,PK,0.001,32
309,2,spring_barley,2,KAS,0.01,31
313,2,spring_barley,1,PK,0.001,32
313,2,spring_barley,2,KAS,0.01,31
316,2,spring_barley,1,PK,0.001,32
316,2,spring_barley,2,KAS,0.01,31
317,2,spring_barley,1,PK,0.001,32
317,2,spring_barley,2,KAS,0.01,31
318,2,spring_barley,1,PK,0.001,32
318,2,spring_barley,2,KAS,0.01,31
320,2,spring_barley,1,PK,0.001,32
320,2,spring_barley,2,KAS,0.01,31
322,2,spring_barley,1,PK,0.001,32
322,2,spring_barley,2,KAS,0.01,31
323,2,spring_barley,1,PK,0.001,32
323,2,spring_barley,2,KAS,0.01,31
324,2,spring_barley,1,PK,0.001,32
324,2,spring_barley,2,KAS,0.01,31
325,2,spring_barley,1,PK,0.001,32
325,2,spring_barley,2,KAS,0.01,31
326,2,spring_barley,1,PK,0.001,32
326,2,spring_barley,2,KAS,0.01,31
328,2,spring_barley,1,PK,0.001,32
328,2,spring_barley,2,KAS,0.01,31
329,2,spring_barley,1,PK,0.001,32
329,2,spring_barley,2,KAS,0.01,31
330,2,spring_barley,1,PK,0.001,32
330,2,spring_barley,2,KAS,0.01,31
331,2,spring_barley,1,PK,0.001,32
331,2,spring_barley,2,KAS,0.01,31
332,2,spring_barley,1,PK,0.001,32
332,2,spring_barley,2,KAS,0.01,31
333,2,spring_barley,1,PK,0.001,32
333,2,spring_barley,2,KAS,0.01,31
334,2,spring_barley,1,PK,0.001,32
334,2,spring_barley,2,KAS,0.01,31
335,2,spring_barley,1,PK,0.001,32
335,2,spring_barley,2,KAS,0.01,31
336,2,spring_barley,1,PK,0.001,32
336,2,spring_barley,2,KAS,0.01,31
338,2,spring_barley,1,PK,0.001,32
338,2,spring_barley,2,KAS,0.01,31
339,2,spring_barley,1,PK,0.001,32
339,2,spring_barley,2,KAS,0.01,31
341,2,spring_barley,1,PK,0.001,32
341,2,spring_barley,2,KAS,0.01,31
344,2,spring_barley,1,PK,0.001,32
344,2,spring_barley,2,KAS,0.01,31
345,2,spring_barley,1,PK,0.001,32
345,2,spring_barley,2,KAS,0.01,31
346,2,spring_barley,1,PK,0.001,32
346,2,spring_barley,2,KAS,0.01,31
347,2,spring_barley,1,PK,0.001,32
347,2,spring_barley,2,KAS,0.01,31
348,2,spring_barley,1,PK,0.001,32
348,2,spring_barley,2,KAS,0.01,31
349,2,spring_barley,1,PK,0.001,32
349,2,spring_barley,2,KAS,0.01,31
350,2,spring_barley,1,PK,0.001,32
350,2,spring_barley,2,KAS,0.01,31
351,2,spring_barley,1,PK,0.001,32
351,2,spring_barley,2,KAS,0.01,31
353,2,spring_barley,1,PK,0.001,32
353,2,spring_barley,2,KAS,0.01,31
354,2,spring_barley,1,PK,0.001,32
354,2,spring_barley,2,KAS,0.01,31
356,2,spring_barley,1,PK,0.001,32
356,2,spring_barley,2,KAS,0.01,31
357,2,spring_barley,1,PK,0.001,32
357,2,spring_barley,2,KAS,0.01,31
358,2,spring_barley,1,PK,0.001,32
358,2,spring_barley,2,KAS,0.01,31
361,2,spring_barley,1,PK,0.001,32
361,2,spring_barley,2,KAS,0.01,31
364,2,spring_barley,1,PK,0.001,32
364,2,spring_barley,2,KAS,0.01,31
365,2,spring_barley,1,PK,0.001,32
365,2,spring_barley,2,KAS,0.01,31
366,2,spring_barley,1,PK,0.001,32
366,2,spring_barley,2,KAS,0.01,31
368,2,spring_barley,1,PK,0.001,32
368,2,spring_barley,2,KAS,0.01,31
371,2,spring_barley,1,PK,0.001,32
371,2,spring_barley,2,KAS,0.01,31
372,2,spring_barley,1,PK,0.001,32
372,2,spring_barley,2,KAS,0.01,31
373,2,spring_barley,1,PK,0.001,32
373,2,spring_barley,2,KAS,0.01,31
374,2,spring_barley,1,PK,0.001,32
374,2,spring_barley,2,KAS,0.01,31
375,2,spring_barley,1,PK,0.001,32
375,2,spring_barley,2,KAS,0.01,31
377,2,spring_barley,1,PK,0.001,32
377,2,spring_barley,2,KAS,0.01,31
379,2,spring_barley,1,PK,0.001,32
379,2,spring_barley,2,KAS,0.01,31
380,2,spring_barley,1,PK,0.001,32
380,2,spring_barley,2,KAS,0.01,31
383,2,spring_barley,1,PK,0.001,32
383,2,spring_barley,2,KAS,0.01,31
384,2,spring_barley,1,PK,0.001,32
384,2,spring_barley,2,KAS,0.01,31
385,2,spring_barley,1,PK,0.001,32
385,2,spring_barley,2,KAS,0.01,31
386,2,spring_barley,1,PK,0.001,32
386,2,spring_barley,2,KAS,0.01,31
387,2,spring_barley,1,PK,0.001,32
387,2,spring_barley,2,KAS,0.01,31
388,2,spring_barley,1,PK,0.001,32
388,2,spring_barley,2,KAS,0.01,31
390,2,spring_barley,1,PK,0.001,32
390,2,spring_barley,2,KAS,0.01,31
391,2,spring_barley,1,PK,0.001,32
391,2,spring_barley,2,KAS,0.01,31
393,2,spring_barley,1,PK,0.001,32
393,2,spring_barley,2,KAS,0.01,31
394,2,spring_barley,1,PK,0.001,32
394,2,spring_barley,2,KAS,0.01,31
395,2,spring_barley,1,PK,0.001,32
395,2,spring_barley,2,KAS,0.01,31
399,2,spring_barley,1,PK,0.001,32
399,2,spring_barley,2,KAS,0.01,31
400,2,spring_barley,1,PK,0.001,32
400,2,spring_barley,2,KAS,0.01,31
401,2,spring_barley,1,PK,0.001,32
401,2,spring_barley,2,KAS,0.01,31
402,2,spring_barley,1,PK,0.001,32
402,2,spring_barley,2,KAS,0.01,31
406,2,spring_barley,1,PK,0.001,32
406,2,spring_barley,2,KAS,0.01,31
408,2,spring_barley,1,PK,0.001,32
408,2,spring_barley,2,KAS,0.01,31
409,2,spring_barley,1,PK,0.001,32
409,2,spring_barley,2,KAS,0.01,31
410,2,spring_barley,1,PK,0.001,32
410,2,spring_barley,2,KAS,0.01,31
411,2,spring_barley,1,PK,0.001,32
411,2,spring_barley,2,KAS,0.01,31
412,2,spring_barley,1,PK,0.001,32
412,2,spring_barley,2,KAS,0.01,31
413,2,spring_barley,1,PK,0.001,32
413,2,spring_barley,2,KAS,0.01,31
414,2,spring_barley,1,PK,0.001,32
414,2,spring_barley,2,KAS,0.01,31
416,2,spring_barley,1,PK,0.001,32
416,2,spring_barley,2,KAS,0.01,31
417,2,spring_barley,1,PK,0.001,32
417,2,spring_barley,2,KAS,0.01,31
418,2,spring_barley,1,PK,0.001,32
418,2,spring_barley,2,KAS,0.01,31
419,2,spring_barley,1,PK,0.001,32
419,2,spring_barley,2,KAS,0.01,31
421,2,spring_barley,1,PK,0.001,32
421,2,spring_barley,2,KAS,0.01,31
422,2,spring_barley,1,PK,0.001,32
422,2,spring_barley,2,KAS,0.01,31
423,2,spring_barley,1,PK,0.001,32
423,2,spring_barley,2,KAS,0.01,31
426,2,spring_barley,1,PK,0.001,32
426,2,spring_barley,2,KAS,0.01,31
427,2,spring_barley,1,PK,0.001,32
427,2,spring_barley,2,KAS,0.01,31
428,2,spring_barley,1,PK,0.001,32
428,2,spring_barley,2,KAS,0.01,31
429,2,spring_barley,1,PK,0.001,32
429,2,spring_barley,2,KAS,0.01,31
430,2,spring_barley,1,PK,0.001,32
430,2,spring_barley,2,KAS,0.01,31
434,2,spring_barley,1,PK,0.001,32
434,2,spring_barley,2,KAS,0.01,31
435,2,spring_barley,1,PK,0.001,32
435,2,spring_barley,2,KAS,0.01,31
436,2,spring_barley,1,PK,0.001,32
436,2,spring_barley,2,KAS,0.01,31
437,2,spring_barley,1,PK,0.001,32
437,2,spring_barley,2,KAS,0.01,31
438,2,spring_barley,1,PK,0.001,32
438,2,spring_barley,2,KAS,0.01,31
439,2,spring_barley,1,PK,0.001,32
439,2,spring_barley,2,KAS,0.01,31
440,2,spring_barley,1,PK,0.001,32
440,2,spring_barley,2,KAS,0.01,31
441,2,spring_barley,1,PK,0.001,32
441,2,spring_barley,2,KAS,0.01,31
442,2,spring_barley,1,PK,0.001,32
442,2,spring_barley,2,KAS,0.01,31
443,2,spring_barley,1,PK,0.001,32
443,2,spring_barley,2,KAS,0.01,31
445,2,spring_barley,1,PK,0.001,32
445,2,spring_barley,2,KAS,0.01,31
446,2,spring_barley,1,PK,0.001,32
446,2,spring_barley,2,KAS,0.01,31
447,2,spring_barley,1,PK,0.001,32
447,2,spring_barley,2,KAS,0.01,31
449,2,spring_barley,1,PK,0.001,32
449,2,spring_barley,2,KAS,0.01,31
450,2,spring_barley,1,PK,0.001,32
450,2,spring_barley,2,KAS,0.01,31
455,2,spring_barley,1,PK,0.001,32
455,2,spring_barley,2,KAS,0.01,31
456,2,spring_barley,1,PK,0.001,32
456,2,spring_barley,2,KAS,0.01,31
458,2,spring_barley,1,PK,0.001,32
458,2,spring_barley,2,KAS,0.01,31
461,2,spring_barley,1,PK,0.001,32
461,2,spring_barley,2,KAS,0.01,31
462,2,spring_barley,1,PK,0.001,32
462,2,spring_barley,2,KAS,0.01,31
464,2,spring_barley,1,PK,0.001,32
464,2,spring_barley,2,KAS,0.01,31
469,2,spring_barley,1,PK,0.001,32
469,2,spring_barley,2,KAS,0.01,31
471,2,spring_barley,1,PK,0.001,32
471,2,spring_barley,2,KAS,0.01,31
473,2,spring_barley,1,PK,0.001,32
473,2,spring_barley,2,KAS,0.01,31
474,2,spring_barley,1,PK,0.001,32
474,2,spring_barley,2,KAS,0.01,31
476,2,spring_barley,1,PK,0.001,32
476,2,spring_barley,2,KAS,0.01,31
477,2,spring_barley,1,PK,0.001,32
477,2,spring_barley,2,KAS,0.01,31
478,2,spring_barley,1,PK,0.001,32
478,2,spring_barley,2,KAS,0.01,31
479,2,spring_barley,1,PK,0.001,32
479,2,spring_barley,2,KAS,0.01,31
480,2,spring_barley,1,PK,0.001,32
480,2,spring_barley,2,KAS,0.01,31
483,2,spring_barley,1,PK,0.001,32
483,2,spring_barley,2,KAS,0.01,31
486,2,spring_barley,1,PK,0.001,32
486,2,spring_barley,2,KAS,0.01,31
488,2,spring_barley,1,PK,0.001,32
488,2,spring_barley,2,KAS,0.01,31
489,2,spring_barley,1,PK,0.001,32
489,2,spring_barley,2,KAS,0.01,31
490,2,spring_barley,1,PK,0.001,32
490,2,spring_barley,2,KAS,0.01,31
493,2,spring_barley,1,PK,0.001,32
493,2,spring_barley,2,KAS,0.01,31
497,2,spring_barley,1,PK,0.001,32
497,2,spring_barley,2,KAS,0.01,31
499,2,spring_barley,1,PK,0.001,32
499,2,spring_barley,2,KAS,0.01,31
500,2,spring_barley,1,PK,0.001,32
500,2,spring_barley,2,KAS,0.01,31
501,2,spring_barley,1,PK,0.001,32
501,2,spring_barley,2,KAS,0.01,31
502,2,spring_barley,1,PK,0.001,32
502,2,spring_barley,2,KAS,0.01,31
504,2,spring_barley,1,PK,0.001,32
504,2,spring_barley,2,KAS,0.01,31
507,2,spring_barley,1,PK,0.001,32
507,2,spring_barley,2,KAS,0.01,31
511,2,spring_barley,1,PK,0.001,32
511,2,spring_barley,2,KAS,0.01,31
512,2,spring_barley,1,PK,0.001,32
512,2,spring_barley,2,KAS,0.01,31
513,2,spring_barley,1,PK,0.001,32
513,2,spring_barley,2,KAS,0.01,31
514,2,spring_barley,1,PK,0.001,32
514,2,spring_barley,2,KAS,0.01,31
515,2,spring_barley,1,PK,0.001,32
515,2,spring_barley,2,KAS,0.01,31
517,2,spring_barley,1,PK,0.001,32
517,2,spring_barley,2,KAS,0.01,31
518,2,spring_barley,1,PK,0.001,32
518,2,spring_barley,2,KAS,0.01,31
519,2,spring_barley,1,PK,0.001,32
519,2,spring_barley,2,KAS,0.01,31
520,2,spring_barley,1,PK,0.001,32
520,2,spring_barley,2,KAS,0.01,31
521,2,spring_barley,1,PK,0.001,32
521,2,spring_barley,2,KAS,0.01,31
522,2,spring_barley,1,PK,0.001,32
522,2,spring_barley,2,KAS,0.01,31
523,2,spring_barley,1,PK,0.001,32
523,2,spring_barley,2,KAS,0.01,31
524,2,spring_barley,1,PK,0.001,32
524,2,spring_barley,2,KAS,0.01,31
526,2,spring_barley,1,PK,0.001,32
526,2,spring_barley,2,KAS,0.01,31
527,2,spring_barley,1,PK,0.001,32
527,2,spring_barley,2,KAS,0.01,31
532,2,spring_barley,1,PK,0.001,32
532,2,spring_barley,2,KAS,0.01,31
533,2,spring_barley,1,PK,0.001,32
533,2,spring_barley,2,KAS,0.01,31
534,2,spring_barley,1,PK,0.001,32
534,2,spring_barley,2,KAS,0.01,31
536,2,spring_barley,1,PK,0.001,32
536,2,spring_barley,2,KAS,0.01,31
539,2,spring_barley,1,PK,0.001,32
539,2,spring_barley,2,KAS,0.01,31
540,2,spring_barley,1,PK,0.001,32
540,2,spring_barley,2,KAS,0.01,31
541,2,spring_barley,1,PK,0.001,32
541,2,spring_barley,2,KAS,0.01,31
542,2,spring_barley,1,PK,0.001,32
542,2,spring_barley,2,KAS,0.01,31
543,2,spring_barley,1,PK,0.001,32
543,2,spring_barley,2,KAS,0.01,31
544,2,spring_barley,1,PK,0.001,32
544,2,spring_barley,2,KAS,0.01,31
546,2,spring_barley,1,PK,0.001,32
546,2,spring_barley,2,KAS,0.01,31
547,2,spring_barley,1,PK,0.001,32
547,2,spring_barley,2,KAS,0.01,31
548,2,spring_barley,1,PK,0.001,32
548,2,spring_barley,2,KAS,0.01,31
551,2,spring_barley,1,PK,0.001,32
551,2,spring_barley,2,KAS,0.01,31
553,2,spring_barley,1,PK,0.001,32
553,2,spring_barley,2,KAS,0.01,31
554,2,spring_barley,1,PK,0.001,32
554,2,spring_barley,2,KAS,0.01,31
561,2,spring_barley,1,PK,0.001,32
561,2,spring_barley,2,KAS,0.01,31
562,2,spring_barley,1,PK,0.001,32
562,2,spring_barley,2,KAS,0.01,31
564,2,spring_barley,1,PK,0.001,32
564,2,spring_barley,2,KAS,0.01,31
566,2,spring_barley,1,PK,0.001,32
566,2,spring_barley,2,KAS,0.01,31
567,2,spring_barley,1,PK,0.001,32
567,2,spring_barley,2,KAS,0.01,31
569,2,spring_barley,1,PK,0.001,32
569,2,spring_barley,2,KAS,0.01,31
573,2,spring_barley,1,PK,0.001,32
573,2,spring_barley,2,KAS,0.01,31
574,2,spring_barley,1,PK,0.001,32
574,2,spring_barley,2,KAS,0.01,31
576,2,spring_barley,1,PK,0.001,32
576,2,spring_barley,2,KAS,0.01,31
577,2,spring_barley,1,PK,0.001,32
577,2,spring_barley,2,KAS,0.01,31
578,2,spring_barley,1,PK,0.001,32
578,2,spring_barley,2,KAS,0.01,31
579,2,spring_barley,1,PK,0.001,32
579,2,spring_barley,2,KAS,0.01,31
580,2,spring_barley,1,PK,0.001,32
580,2,spring_barley,2,KAS,0.01,31
581,2,spring_barley,1,PK,0.001,32
581,2,spring_barley,2,KAS,0.01,31
582,2,spring_barley,1,PK,0.001,32
582,2,spring_barley,2,KAS,0.01,31
583,2,spring_barley,1,PK,0.001,32
583,2,spring_barley,2,KAS,0.01,31
584,2,spring_barley,1,PK,0.001,32
584,2,spring_barley,2,KAS,0.01,31
585,2,spring_barley,1,PK,0.001,32
585,2,spring_barley,2,KAS,0.01,31
587,2,spring_barley,1,PK,0.001,32
587,2,spring_barley,2,KAS,0.01,31
590,2,spring_barley,1,PK,0.001,32
590,2,spring_barley,2,KAS,0.01,31
596,2,spring_barley,1,PK,0.001,32
596,2,spring_barley,2,KAS,0.01,31
597,2,spring_barley,1,PK,0.001,32
597,2,spring_barley,2,KAS,0.01,31
600,2,spring_barley,1,PK,0.001,32
600,2,spring_barley,2,KAS,0.01,31
601,2,spring_barley,1,PK,0.001,32
601,2,spring_barley,2,KAS,0.01,31
602,2,spring_barley,1,PK,0.001,32
602,2,spring_barley,2,KAS,0.01,31
603,2,spring_barley,1,PK,0.001,32
603,2,spring_barley,2,KAS,0.01,31
604,2,spring_barley,1,PK,0.001,32
604,2,spring_barley,2,KAS,0.01,31
605,2,spring_barley,1,PK,0.001,32
605,2,spring_barley,2,KAS,0.01,31
606,2,spring_barley,1,PK,0.001,32
606,2,spring_barley,2,KAS,0.01,31
607,2,spring_barley,1,PK,0.001,32
607,2,spring_barley,2,KAS,0.01,31
608,2,spring_barley,1,PK,0.001,32
608,2,spring_barley,2,KAS,0.01,31
609,2,spring_barley,1,PK,0.001,32
609,2,spring_barley,2,KAS,0.01,31
611,2,spring_barley,1,PK,0.001,32
611,2,spring_barley,2,KAS,0.01,31
612,2,spring_barley,1,PK,0.001,32
612,2,spring_barley,2,KAS,0.01,31
614,2,spring_barley,1,PK,0.001,32
614,2,spring_barley,2,KAS,0.01,31
615,2,spring_barley,1,PK,0.001,32
615,2,spring_barley,2,KAS,0.01,31
617,2,spring_barley,1,PK,0.001,32
617,2,spring_barley,2,KAS,0.01,31
618,2,spring_barley,1,PK,0.001,32
618,2,spring_barley,2,KAS,0.01,31
619,2,spring_barley,1,PK,0.001,32
619,2,spring_barley,2,KAS,0.01,31
620,2,spring_barley,1,PK,0.001,32
620,2,spring_barley,2,KAS,0.01,31
622,2,spring_barley,1,PK,0.001,32
622,2,spring_barley,2,KAS,0.01,31
624,2,spring_barley,1,PK,0.001,32
624,2,spring_barley,2,KAS,0.01,31
625,2,spring_barley,1,PK,0.001,32
625,2,spring_barley,2,KAS,0.01,31
626,2,spring_barley,1,PK,0.001,32
626,2,spring_barley,2,KAS,0.01,31
629,2,spring_barley,1,PK,0.001,32
629,2,spring_barley,2,KAS,0.01,31
630,2,spring_barley,1,PK,0.001,32
630,2,spring_barley,2,KAS,0.01,31
631,2,spring_barley,1,PK,0.001,32
631,2,spring_barley,2,KAS,0.01,31
634,2,spring_barley,1,PK,0.001,32
634,2,spring_barley,2,KAS,0.01,31
635,2,spring_barley,1,PK,0.001,32
635,2,spring_barley,2,KAS,0.01,31
637,2,spring_barley,1,PK,0.001,32
637,2,spring_barley,2,KAS,0.01,31
638,2,spring_barley,1,PK,0.001,32
638,2,spring_barley,2,KAS,0.01,31
639,2,spring_barley,1,PK,0.001,32
639,2,spring_barley,2,KAS,0.01,31
641,2,spring_barley,1,PK,0.001,32
641,2,spring_barley,2,KAS,0.01,31
642,2,spring_barley,1,PK,0.001,32
642,2,spring_barley,2,KAS,0.01,31
645,2,spring_barley,1,PK,0.001,32
645,2,spring_barley,2,KAS,0.01,31
647,2,spring_barley,1,PK,0.001,32
647,2,spring_barley,2,KAS,0.01,31
649,2,spring_barley,1,PK,0.001,32
649,2,spring_barley,2,KAS,0.01,31
656,2,spring_barley,1,PK,0.001,32
656,2,spring_barley,2,KAS,0.01,31
658,2,spring_barley,1,PK,0.001,32
658,2,spring_barley,2,KAS,0.01,31
659,2,spring_barley,1,PK,0.001,32
659,2,spring_barley,2,KAS,0.01,31
660,2,spring_barley,1,PK,0.001,32
660,2,spring_barley,2,KAS,0.01,31
661,2,spring_barley,1,PK,0.001,32
661,2,spring_barley,2,KAS,0.01,31
662,2,spring_barley,1,PK,0.001,32
662,2,spring_barley,2,KAS,0.01,31
663,2,spring_barley,1,PK,0.001,32
663,2,spring_barley,2,KAS,0.01,31
664,2,spring_barley,1,PK,0.001,32
664,2,spring_barley,2,KAS,0.01,31
667,2,spring_barley,1,PK,0.001,32
667,2,spring_barley,2,KAS,0.01,31
668,2,spring_barley,1,PK,0.001,32
668,2,spring_barley,2,KAS,0.01,31
669,2,spring_barley,1,PK,0.001,32
669,2,spring_barley,2,KAS,0.01,31
670,2,spring_barley,1,PK,0.001,32
670,2,spring_barley,2,KAS,0.01,31
673,2,spring_barley,1,PK,0.001,32
673,2,spring_barley,2,KAS,0.01,31
677,2,spring_barley,1,PK,0.001,32
677,2,spring_barley,2,KAS,0.01,31
678,2,spring_barley,1,PK,0.001,32
678,2,spring_barley,2,KAS,0.01,31
680,2,spring_barley,1,PK,0.001,32
680,2,spring_barley,2,KAS,0.01,31
681,2,spring_barley,1,PK,0.001,32
681,2,spring_barley,2,KAS,0.01,31
683,2,spring_barley,1,PK,0.001,32
683,2,spring_barley,2,KAS,0.01,31
684,2,spring_barley,1,PK,0.001,32
684,2,spring_barley,2,KAS,0.01,31
685,2,spring_barley,1,PK,0.001,32
685,2,spring_barley,2,KAS,0.01,31
686,2,spring_barley,1,PK,0.001,32
686,2,spring_barley,2,KAS,0.01,31
689,2,spring_barley,1,PK,0.001,32
689,2,spring_barley,2,KAS,0.01,31
690,2,spring_barley,1,PK,0.001,32
690,2,spring_barley,2,KAS,0.01,31
691,2,spring_barley,1,PK,0.001,32
691,2,spring_barley,2,KAS,0.01,31
692,2,spring_barley,1,PK,0.001,32
692,2,spring_barley,2,KAS,0.01,31
695,2,spring_barley,1,PK,0.001,32
695,2,spring_barley,2,KAS,0.01,31
696,2,spring_barley,1,PK,0.001,32
696,2,spring_barley,2,KAS,0.01,31
697,2,spring_barley,1,PK,0.001,32
697,2,spring_barley,2,KAS,0.01,31
699,2,spring_barley,1,PK,0.001,32
699,2,spring_barley,2,KAS,0.01,31
702,2,spring_barley,1,PK,0.001,32
702,2,spring_barley,2,KAS,0.01,31
703,2,spring_barley,1,PK,0.001,32
703,2,spring_barley,2,KAS,0.01,31
705,2,spring_barley,1,PK,0.001,32
705,2,spring_barley,2,KAS,0.01,31
708,2,spring_barley,1,PK,0.001,32
708,2,spring_barley,2,KAS,0.01,31
709,2,spring_barley,1,PK,0.001,32
709,2,spring_barley,2,KAS,0.01,31
711,2,spring_barley,1,PK,0.001,32
711,2,spring_barley,2,KAS,0.01,31
717,2,spring_barley,1,PK,0.001,32
717,2,spring_barley,2,KAS,0.01,31
718,2,spring_barley,1,PK,0.001,32
718,2,spring_barley,2,KAS,0.01,31
720,2,spring_barley,1,PK,0.001,32
720,2,spring_barley,2,KAS,0.01,31
721,2,spring_barley,1,PK,0.001,32
721,2,spring_barley,2,KAS,0.01,31
722,2,spring_barley,1,PK,0.001,32
722,2,spring_barley,2,KAS,0.01,31
723,2,spring_barley,1,PK,0.001,32
723,2,spring_barley,2,KAS,0.01,31
724,2,spring_barley,1,PK,0.001,32
724,2,spring_barley,2,KAS,0.01,31
725,2,spring_barley,1,PK,0.001,32
725,2,spring_barley,2,KAS,0.01,31
726,2,spring_barley,1,PK,0.001,32
726,2,spring_barley,2,KAS,0.01,31
728,2,spring_barley,1,PK,0.001,32
728,2,spring_barley,2,KAS,0.01,31
731,2,spring_barley,1,PK,0.001,32
731,2,spring_barley,2,KAS,0.01,31
733,2,spring_barley,1,PK,0.001,32
733,2,spring_barley,2,KAS,0.01,31
734,2,spring_barley,1,PK,0.001,32
734,2,spring_barley,2,KAS,0.01,31
738,2,spring_barley,1,PK,0.001,32
738,2,spring_barley,2,KAS,0.01,31
742,2,spring_barley,1,PK,0.001,32
742,2,spring_barley,2,KAS,0.01,31
745,2,spring_barley,1,PK,0.001,32
745,2,spring_barley,2,KAS,0.01,31
750,2,spring_barley,1,PK,0.001,32
750,2,spring_barley,2,KAS,0.01,31
751,2,spring_barley,1,PK,0.001,32
751,2,spring_barley,2,KAS,0.01,31
752,2,spring_barley,1,PK,0.001,32
752,2,spring_barley,2,KAS,0.01,31
753,2,spring_barley,1,PK,0.001,32
753,2,spring_barley,2,KAS,0.01,31
756,2,spring_barley,1,PK,0.001,32
756,2,spring_barley,2,KAS,0.01,31
757,2,spring_barley,1,PK,0.001,32
757,2,spring_barley,2,KAS,0.01,31
758,2,spring_barley,1,PK,0.001,32
758,2,spring_barley,2,KAS,0.01,31
760,2,spring_barley,1,PK,0.001,32
760,2,spring_barley,2,KAS,0.01,31
761,2,spring_barley,1,PK,0.001,32
761,2,spring_barley,2,KAS,0.01,31
762,2,spring_barley,1,PK,0.001,32
762,2,spring_barley,2,KAS,0.01,31
763,2,spring_barley,1,PK,0.001,32
763,2,spring_barley,2,KAS,0.01,31
764,2,spring_barley,1,PK,0.001,32
764,2,spring_barley,2,KAS,0.01,31
769,2,spring_barley,1,PK,0.001,32
769,2,spring_barley,2,KAS,0.01,31
781,2,spring_barley,1,PK,0.001,32
781,2,spring_barley,2,KAS,0.01,31
782,2,spring_barley,1,PK,0.001,32
782,2,spring_barley,2,KAS,0.01,31
784,2,spring_barley,1,PK,0.001,32
784,2,spring_barley,2,KAS,0.01,31
786,2,spring_barley,1,PK,0.001,32
786,2,spring_barley,2,KAS,0.01,31
787,2,spring_barley,1,PK,0.001,32
787,2,spring_barley,2,KAS,0.01,31
789,2,spring_barley,1,PK,0.001,32
789,2,spring_barley,2,KAS,0.01,31
790,2,spring_barley,1,PK,0.001,32
790,2,spring_barley,2,KAS,0.01,31
796,2,spring_barley,1,PK,0.001,32
796,2,spring_barley,2,KAS,0.01,31
798,2,spring_barley,1,PK,0.001,32
798,2,spring_barley,2,KAS,0.01,31
799,2,spring_barley,1,PK,0.001,32
799,2,spring_barley,2,KAS,0.01,31
800,2,spring_barley,1,PK,0.001,32
800,2,spring_barley,2,KAS,0.01,31
801,2,spring_barley,1,PK,0.001,32
801,2,spring_barley,2,KAS,0.01,31
804,2,spring_barley,1,PK,0.001,32
804,2,spring_barley,2,KAS,0.01,31
805,2,spring_barley,1,PK,0.001,32
805,2,spring_barley,2,KAS,0.01,31
806,2,spring_barley,1,PK,0.001,32
806,2,spring_barley,2,KAS,0.01,31
808,2,spring_barley,1,PK,0.001,32
808,2,spring_barley,2,KAS,0.01,31
809,2,spring_barley,1,PK,0.001,32
809,2,spring_barley,2,KAS,0.01,31
811,2,spring_barley,1,PK,0.001,32
811,2,spring_barley,2,KAS,0.01,31
813,2,spring_barley,1,PK,0.001,32
813,2,spring_barley,2,KAS,0.01,31
814,2,spring_barley,1,PK,0.001,32
814,2,spring_barley,2,KAS,0.01,31
815,2,spring_barley,1,PK,0.001,32
815,2,spring_barley,2,KAS,0.01,31
816,2,spring_barley,1,PK,0.001,32
816,2,spring_barley,2,KAS,0.01,31
818,2,spring_barley,1,PK,0.001,32
818,2,spring_barley,2,KAS,0.01,31
819,2,spring_barley,1,PK,0.001,32
819,2,spring_barley,2,KAS,0.01,31
820,2,spring_barley,1,PK,0.001,32
820,2,spring_barley,2,KAS,0.01,31
822,2,spring_barley,1,PK,0.001,32
822,2,spring_barley,2,KAS,0.01,31
823,2,spring_barley,1,PK,0.001,32
823,2,spring_barley,2,KAS,0.01,31
824,2,spring_barley,1,PK,0.001,32
824,2,spring_barley,2,KAS,0.01,31
825,2,spring_barley,1,PK,0.001,32
825,2,spring_barley,2,KAS,0.01,31
826,2,spring_barley,1,PK,0.001,32
826,2,spring_barley,2,KAS,0.01,31
827,2,spring_barley,1,PK,0.001,32
827,2,spring_barley,2,KAS,0.01,31
828,2,spring_barley,1,PK,0.001,32
828,2,spring_barley,2,KAS,0.01,31
829,2,spring_barley,1,PK,0.001,32
829,2,spring_barley,2,KAS,0.01,31
833,2,spring_barley,1,PK,0.001,32
833,2,spring_barley,2,KAS,0.01,31
839,2,spring_barley,1,PK,0.001,32
839,2,spring_barley,2,KAS,0.01,31
840,2,spring_barley,1,PK,0.001,32
840,2,spring_barley,2,KAS,0.01,31
841,2,spring_barley,1,PK,0.001,32
841,2,spring_barley,2,KAS,0.01,31
847,2,spring_barley,1,PK,0.001,32
847,2,spring_barley,2,KAS,0.01,31
849,2,spring_barley,1,PK,0.001,32
849,2,spring_barley,2,KAS,0.01,31
853,2,spring_barley,1,PK,0.001,32
853,2,spring_barley,2,KAS,0.01,31
855,2,spring_barley,1,PK,0.001,32
855,2,spring_barley,2,KAS,0.01,31
857,2,spring_barley,1,PK,0.001,32
857,2,spring_barley,2,KAS,0.01,31
858,2,spring_barley,1,PK,0.001,32
858,2,spring_barley,2,KAS,0.01,31
859,2,spring_barley,1,PK,0.001,32
859,2,spring_barley,2,KAS,0.01,31
860,2,spring_barley,1,PK,0.001,32
860,2,spring_barley,2,KAS,0.01,31
861,2,spring_barley,1,PK,0.001,32
861,2,spring_barley,2,KAS,0.01,31
863,2,spring_barley,1,PK,0.001,32
863,2,spring_barley,2,KAS,0.01,31
864,2,spring_barley,1,PK,0.001,32
864,2,spring_barley,2,KAS,0.01,31
865,2,spring_barley,1,PK,0.001,32
865,2,spring_barley,2,KAS,0.01,31
866,2,spring_barley,1,PK,0.001,32
866,2,spring_barley,2,KAS,0.01,31
868,2,spring_barley,1,PK,0.001,32
868,2,spring_barley,2,KAS,0.01,31
869,2,spring_barley,1,PK,0.001,32
869,2,spring_barley,2,KAS,0.01,31
870,2,spring_barley,1,PK,0.001,32
870,2,spring_barley,2,KAS,0.01,31
874,2,spring_barley,1,PK,0.001,32
874,2,spring_barley,2,KAS,0.01,31
879,2,spring_barley,1,PK,0.001,32
879,2,spring_barley,2,KAS,0.01,31
880,2,spring_barley,1,PK,0.001,32
880,2,spring_barley,2,KAS,0.01,31
883,2,spring_barley,1,PK,0.001,32
883,2,spring_barley,2,KAS,0.01,31
884,2,spring_barley,1,PK,0.001,32
884,2,spring_barley,2,KAS,0.01,31
887,2,spring_barley,1,PK,0.001,32
887,2,spring_barley,2,KAS,0.01,31
889,2,spring_barley,1,PK,0.001,32
889,2,spring_barley,2,KAS,0.01,31
892,2,spring_barley,1,PK,0.001,32
892,2,spring_barley,2,KAS,0.01,31
896,2,spring_barley,1,PK,0.001,32
896,2,spring_barley,2,KAS,0.01,31
899,2,spring_barley,1,PK,0.001,32
899,2,spring_barley,2,KAS,0.01,31
900,2,spring_barley,1,PK,0.001,32
900,2,spring_barley,2,KAS,0.01,31
901,2,spring_barley,1,PK,0.001,32
901,2,spring_barley,2,KAS,0.01,31
902,2,spring_barley,1,PK,0.001,32
902,2,spring_barley,2,KAS,0.01,31
903,2,spring_barley,1,PK,0.001,32
903,2,spring_barley,2,KAS,0.01,31
911,2,spring_barley,1,PK,0.001,32
911,2,spring_barley,2,KAS,0.01,31
915,2,spring_barley,1,PK,0.001,32
915,2,spring_barley,2,KAS,0.01,31
918,2,spring_barley,1,PK,0.001,32
918,2,spring_barley,2,KAS,0.01,31
922,2,spring_barley,1,PK,0.001,32
922,2,spring_barley,2,KAS,0.01,31
924,2,spring_barley,1,PK,0.001,32
924,2,spring_barley,2,KAS,0.01,31
938,2,spring_barley,1,PK,0.001,32
938,2,spring_barley,2,KAS,0.01,31
940,2,spring_barley,1,PK,0.001,32
940,2,spring_barley,2,KAS,0.01,31
942,2,spring_barley,1,PK,0.001,32
942,2,spring_barley,2,KAS,0.01,31
944,2,spring_barley,1,PK,0.001,32
944,2,spring_barley,2,KAS,0.01,31
945,2,spring_barley,1,PK,0.001,32
945,2,spring_barley,2,KAS,0.01,31
946,2,spring_barley,1,PK,0.001,32
946,2,spring_barley,2,KAS,0.01,31
947,2,spring_barley,1,PK,0.001,32
947,2,spring_barley,2,KAS,0.01,31
950,2,spring_barley,1,PK,0.001,32
950,2,spring_barley,2,KAS,0.01,31
954,2,spring_barley,1,PK,0.001,32
954,2,spring_barley,2,KAS,0.01,31
955,2,spring_barley,1,PK,0.001,32
955,2,spring_barley,2,KAS,0.01,31
956,2,spring_barley,1,PK,0.001,32
956,2,spring_barley,2,KAS,0.01,31
960,2,spring_barley,1,PK,0.001,32
960,2,spring_barley,2,KAS,0.01,31
962,2,spring_barley,1,PK,0.001,32
962,2,spring_barley,2,KAS,0.01,31
963,2,spring_barley,1,PK,0.001,32
963,2,spring_barley,2,KAS,0.01,31
964,2,spring_barley,1,PK,0.001,32
964,2,spring_barley,2,KAS,0.01,31
965,2,spring_barley,1,PK,0.001,32
965,2,spring_barley,2,KAS,0.01,31
966,2,spring_barley,1,PK,0.001,32
966,2,spring_barley,2,KAS,0.01,31
967,2,spring_barley,1,PK,0.001,32
967,2,spring_barley,2,KAS,0.01,31
968,2,spring_barley,1,PK,0.001,32
968,2,spring_barley,2,KAS,0.01,31
969,2,spring_barley,1,PK,0.001,32
969,2,spring_barley,2,KAS,0.01,31
970,2,spring_barley,1,PK,0.001,32
970,2,spring_barley,2,KAS,0.01,31
971,2,spring_barley,1,PK,0.001,32
971,2,spring_barley,2,KAS,0.01,31
972,2,spring_barley,1,PK,0.001,32
972,2,spring_barley,2,KAS,0.01,31
974,2,spring_barley,1,PK,0.001,32
974,2,spring_barley,2,KAS,0.01,31
975,2,spring_barley,1,PK,0.001,32
975,2,spring_barley,2,KAS,0.01,31
979,2,spring_barley,1,PK,0.001,32
979,2,spring_barley,2,KAS,0.01,31
981,2,spring_barley,1,PK,0.001,32
981,2,spring_barley,2,KAS,0.01,31
986,2,spring_barley,1,PK,0.001,32
986,2,spring_barley,2,KAS,0.01,31
988,2,spring_barley,1,PK,0.001,32
988,2,spring_barley,2,KAS,0.01,31
992,2,spring_barley,1,PK,0.001,32
992,2,spring_barley,2,KAS,0.01,31
993,2,spring_barley,1,PK,0.001,32
993,2,spring_barley,2,KAS,0.01,31
994,2,spring_barley,1,PK,0.001,32
994,2,spring_barley,2,KAS,0.01,31
995,2,spring_barley,1,PK,0.001,32
995,2,spring_barley,2,KAS,0.01,31
997,2,spring_barley,1,PK,0.001,32
997,2,spring_barley,2,KAS,0.01,31
999,2,spring_barley,1,PK,0.001,32
999,2,spring_barley,2,KAS,0.01,31
1001,2,spring_barley,1,PK,0.001,32
1001,2,spring_barley,2,KAS,0.01,31
1002,2,spring_barley,1,PK,0.001,32
1002,2,spring_barley,2,KAS,0.01,31
1003,2,spring_barley,1,PK,0.001,32
1003,2,spring_barley,2,KAS,0.01,31
1005,2,spring_barley,1,PK,0.001,32
1005,2,spring_barley,2,KAS,0.01,31
1007,2,spring_barley,1,PK,0.001,32
1007,2,spring_barley,2,KAS,0.01,31
1009,2,spring_barley,1,PK,0.001,32
1009,2,spring_barley,2,KAS,0.01,31
1010,2,spring_barley,1,PK,0.001,32
1010,2,spring_barley,2,KAS,0.01,31
1014,2,spring_barley,1,PK,0.001,32
1014,2,spring_barley,2,KAS,0.01,31
1015,2,spring_barley,1,PK,0.001,32
1015,2,spring_barley,2,KAS,0.01,31
1016,2,spring_barley,1,PK,0.001,32
1016,2,spring_barley,2,KAS,0.01,31
1022,2,spring_barley,1,PK,0.001,32
1022,2,spring_barley,2,KAS,0.01,31
1023,2,spring_barley,1,PK,0.001,32
1023,2,spring_barley,2,KAS,0.01,31
1024,2,spring_barley,1,PK,0.001,32
1024,2,spring_barley,2,KAS,0.01,31
1025,2,spring_barley,1,PK,0.001,32
1025,2,spring_barley,2,KAS,0.01,31
1030,2,spring_barley,1,PK,0.001,32
1030,2,spring_barley,2,KAS,0.01,31
1033,2,spring_barley,1,PK,0.001,32
1033,2,spring_barley,2,KAS,0.01,31
1037,2,spring_barley,1,PK,0.001,32
1037,2,spring_barley,2,KAS,0.01,31
1055,2,spring_barley,1,PK,0.001,32
1055,2,spring_barley,2,KAS,0.01,31
1059,2,spring_barley,1,PK,0.001,32
1059,2,spring_barley,2,KAS,0.01,31
1060,2,spring_barley,1,PK,0.001,32
1060,2,spring_barley,2,KAS,0.01,31
1061,2,spring_barley,1,PK,0.001,32
1061,2,spring_barley,2,KAS,0.01,31
1062,2,spring_barley,1,PK,0.001,32
1062,2,spring_barley,2,KAS,0.01,31
1063,2,spring_barley,1,PK,0.001,32
1063,2,spring_barley,2,KAS,0.01,31
1064,2,spring_barley,1,PK,0.001,32
1064,2,spring_barley,2,KAS,0.01,31
1065,2,spring_barley,1,PK,0.001,32
1065,2,spring_barley,2,KAS,0.01,31
1066,2,spring_barley,1,PK,0.001,32
1066,2,spring_barley,2,KAS,0.01,31
1067,2,spring_barley,1,PK,0.001,32
1067,2,spring_barley,2,KAS,0.01,31
1068,2,spring_barley,1,PK,0.001,32
1068,2,spring_barley,2,KAS,0.01,31
1069,2,spring_barley,1,PK,0.001,32
1069,2,spring_barley,2,KAS,0.01,31
1070,2,spring_barley,1,PK,0.001,32
1070,2,spring_barley,2,KAS,0.01,31
1071,2,spring_barley,1,PK,0.001,32
1071,2,spring_barley,2,KAS,0.01,31
1072,2,spring_barley,1,PK,0.001,32
1072,2,spring_barley,2,KAS,0.01,31
1073,2,spring_barley,1,PK,0.001,32
1073,2,spring_barley,2,KAS,0.01,31
1074,2,spring_barley,1,PK,0.001,32
1074,2,spring_barley,2,KAS,0.01,31
1075,2,spring_barley,1,PK,0.001,32
1075,2,spring_barley,2,KAS,0.01,31
1076,2,spring_barley,1,PK,0.001,32
1076,2,spring_barley,2,KAS,0.01,31
1078,2,spring_barley,1,PK,0.001,32
1078,2,spring_barley,2,KAS,0.01,31
1080,2,spring_barley,1,PK,0.001,32
1080,2,spring_barley,2,KAS,0.01,31
1081,2,spring_barley,1,PK,0.001,32
1081,2,spring_barley,2,KAS,0.01,31
1082,2,spring_barley,1,PK,0.001,32
1082,2,spring_barley,2,KAS,0.01,31
1086,2,spring_barley,1,PK,0.001,32
1086,2,spring_barley,2,KAS,0.01,31
1090,2,spring_barley,1,PK,0.001,32
1090,2,spring_barley,2,KAS,0.01,31
1091,2,spring_barley,1,PK,0.001,32
1091,2,spring_barley,2,KAS,0.01,31
1092,2,spring_barley,1,PK,0.001,32
1092,2,spring_barley,2,KAS,0.01,31
1096,2,spring_barley,1,PK,0.001,32
1096,2,spring_barley,2,KAS,0.01,31
1101,2,spring_barley,1,PK,0.001,32
1101,2,spring_barley,2,KAS,0.01,31
1102,2,spring_barley,1,PK,0.001,32
1102,2,spring_barley,2,KAS,0.01,31
1106,2,spring_barley,1,PK,0.001,32
1106,2,spring_barley,2,KAS,0.01,31
1113,2,spring_barley,1,PK,0.001,32
1113,2,spring_barley,2,KAS,0.01,31
1115,2,spring_barley,1,PK,0.001,32
1115,2,spring_barley,2,KAS,0.01,31
1118,2,spring_barley,1,PK,0.001,32
1118,2,spring_barley,2,KAS,0.01,31
1119,2,spring_barley,1,PK,0.001,32
1119,2,spring_barley,2,KAS,0.01,31
1121,2,spring_barley,1,PK,0.001,32
1121,2,spring_barley,2,KAS,0.01,31
1122,2,spring_barley,1,PK,0.001,32
1122,2,spring_barley,2,KAS,0.01,31
1123,2,spring_barley,1,PK,0.001,32
1123,2,spring_barley,2,KAS,0.01,31
1125,2,spring_barley,1,PK,0.001,32
1125,2,spring_barley,2,KAS,0.01,31
1127,2,spring_barley,1,PK,0.001,32
1127,2,spring_barley,2,KAS,0.01,31
1128,2,spring_barley,1,PK,0.001,32
1128,2,spring_barley,2,KAS,0.01,31
1129,2,spring_barley,1,PK,0.001,32
1129,2,spring_barley,2,KAS,0.01,31
1133,2,spring_barley,1,PK,0.001,32
1133,2,spring_barley,2,KAS,0.01,31
1140,2,spring_barley,1,PK,0.001,32
1140,2,spring_barley,2,KAS,0.01,31
1141,2,spring_barley,1,PK,0.001,32
1141,2,spring_barley,2,KAS,0.01,31
1142,2,spring_barley,1,PK,0.001,32
1142,2,spring_barley,2,KAS,0.01,31
1143,2,spring_barley,1,PK,0.001,32
1143,2,spring_barley,2,KAS,0.01,31
1145,2,spring_barley,1,PK,0.001,32
1145,2,spring_barley,2,KAS,0.01,31
1147,2,spring_barley,1,PK,0.001,32
1147,2,spring_barley,2,KAS,0.01,31
1150,2,spring_barley,1,PK,0.001,32
1150,2,spring_barley,2,KAS,0.01,31
1151,2,spring_barley,1,PK,0.001,32
1151,2,spring_barley,2,KAS,0.01,31
1155,2,spring_barley,1,PK,0.001,32
1155,2,spring_barley,2,KAS,0.01,31
1157,2,spring_barley,1,PK,0.001,32
1157,2,spring_barley,2,KAS,0.01,31
1158,2,spring_barley,1,PK,0.001,32
1158,2,spring_barley,2,KAS,0.01,31
1160,2,spring_barley,1,PK,0.001,32
1160,2,spring_barley,2,KAS,0.01,31
1162,2,spring_barley,1,PK,0.001,32
1162,2,spring_barley,2,KAS,0.01,31
1163,2,spring_barley,1,PK,0.001,32
1163,2,spring_barley,2,KAS,0.01,31
1167,2,spring_barley,1,PK,0.001,32
1167,2,spring_barley,2,KAS,0.01,31
1169,2,spring_barley,1,PK,0.001,32
1169,2,spring_barley,2,KAS,0.01,31
1171,2,spring_barley,1,PK,0.001,32
1171,2,spring_barley,2,KAS,0.01,31
1173,2,spring_barley,1,PK,0.001,32
1173,2,spring_barley,2,KAS,0.01,31
1174,2,spring_barley,1,PK,0.001,32
1174,2,spring_barley,2,KAS,0.01,31
1175,2,spring_barley,1,PK,0.001,32
1175,2,spring_barley,2,KAS,0.01,31
1176,2,spring_barley,1,PK,0.001,32
1176,2,spring_barley,2,KAS,0.01,31
1177,2,spring_barley,1,PK,0.001,32
1177,2,spring_barley,2,KAS,0.01,31
1178,2,spring_barley,1,PK,0.001,32
1178,2,spring_barley,2,KAS,0.01,31
1180,2,spring_barley,1,PK,0.001,32
1180,2,spring_barley,2,KAS,0.01,31
1181,2,spring_barley,1,PK,0.001,32
1181,2,spring_barley,2,KAS,0.01,31
1182,2,spring_barley,1,PK,0.001,32
1182,2,spring_barley,2,KAS,0.01,31
1183,2,spring_barley,1,PK,0.001,32
1183,2,spring_barley,2,KAS,0.01,31
1185,2,spring_barley,1,PK,0.001,32
1185,2,spring_barley,2,KAS,0.01,31
1186,2,spring_barley,1,PK,0.001,32
1186,2,spring_barley,2,KAS,0.01,31
1187,2,spring_barley,1,PK,0.001,32
1187,2,spring_barley,2,KAS,0.01,31
1188,2,spring_barley,1,PK,0.001,32
1188,2,spring_barley,2,KAS,0.01,31
1189,2,spring_barley,1,PK,0.001,32
1189,2,spring_barley,2,KAS,0.01,31
1190,2,spring_barley,1,PK,0.001,32
1190,2,spring_barley,2,KAS,0.01,31
1198,2,spring_barley,1,PK,0.001,32
1198,2,spring_barley,2,KAS,0.01,31
1199,2,spring_barley,1,PK,0.001,32
1199,2,spring_barley,2,KAS,0.01,31
1200,2,spring_barley,1,PK,0.001,32
1200,2,spring_barley,2,KAS,0.01,31
1201,2,spring_barley,1,PK,0.001,32
1201,2,spring_barley,2,KAS,0.01,31
1202,2,spring_barley,1,PK,0.001,32
1202,2,spring_barley,2,KAS,0.01,31
1203,2,spring_barley,1,PK,0.001,32
1203,2,spring_barley,2,KAS,0.01,31
1204,2,spring_barley,1,PK,0.001,32
1204,2,spring_barley,2,KAS,0.01,31
1205,2,spring_barley,1,PK,0.001,32
1205,2,spring_barley,2,KAS,0.01,31
1207,2,spring_barley,1,PK,0.001,32
1207,2,spring_barley,2,KAS,0.01,31
1209,2,spring_barley,1,PK,0.001,32
1209,2,spring_barley,2,KAS,0.01,31
1210,2,spring_barley,1,PK,0.001,32
1210,2,spring_barley,2,KAS,0.01,31
1211,2,spring_barley,1,PK,0.001,32
1211,2,spring_barley,2,KAS,0.01,31
1212,2,spring_barley,1,PK,0.001,32
1212,2,spring_barley,2,KAS,0.01,31
1218,2,spring_barley,1,PK,0.001,32
1218,2,spring_barley,2,KAS,0.01,31
1221,2,spring_barley,1,PK,0.001,32
1221,2,spring_barley,2,KAS,0.01,31
1222,2,spring_barley,1,PK,0.001,32
1222,2,spring_barley,2,KAS,0.01,31
1224,2,spring_barley,1,PK,0.001,32
1224,2,spring_barley,2,KAS,0.01,31
1225,2,spring_barley,1,PK,0.001,32
1225,2,spring_barley,2,KAS,0.01,31
1226,2,spring_barley,1,PK,0.001,32
1226,2,spring_barley,2,KAS,0.01,31
1231,2,spring_barley,1,PK,0.001,32
1231,2,spring_barley,2,KAS,0.01,31
1236,2,spring_barley,1,PK,0.001,32
1236,2,spring_barley,2,KAS,0.01,31
1237,2,spring_barley,1,PK,0.001,32
1237,2,spring_barley,2,KAS,0.01,31
1238,2,spring_barley,1,PK,0.001,32
1238,2,spring_barley,2,KAS,0.01,31
1239,2,spring_barley,1,PK,0.001,32
1239,2,spring_barley,2,KAS,0.01,31
1240,2,spring_barley,1,PK,0.001,32
1240,2,spring_barley,2,KAS,0.01,31
1241,2,spring_barley,1,PK,0.001,32
1241,2,spring_barley,2,KAS,0.01,31
1242,2,spring_barley,1,PK,0.001,32
1242,2,spring_barley,2,KAS,0.01,31
1243,2,spring_barley,1,PK,0.001,32
1243,2,spring_barley,2,KAS,0.01,31
1244,2,spring_barley,1,PK,0.001,32
1244,2,spring_barley,2,KAS,0.01,31
1245,2,spring_barley,1,PK,0.001,32
1245,2,spring_barley,2,KAS,0.01,31
1246,2,spring_barley,1,PK,0.001,32
1246,2,spring_barley,2,KAS,0.01,31
1247,2,spring_barley,1,PK,0.001,32
1247,2,spring_barley,2,KAS,0.01,31
1248,2,spring_barley,1,PK,0.001,32
1248,2,spring_barley,2,KAS,0.01,31
1249,2,spring_barley,1,PK,0.001,32
1249,2,spring_barley,2,KAS,0.01,31
1252,2,spring_barley,1,PK,0.001,32
1252,2,spring_barley,2,KAS,0.01,31
1254,2,spring_barley,1,PK,0.001,32
1254,2,spring_barley,2,KAS,0.01,31
1255,2,spring_barley,1,PK,0.001,32
1255,2,spring_barley,2,KAS,0.01,31
1256,2,spring_barley,1,PK,0.001,32
1256,2,spring_barley,2,KAS,0.01,31
1257,2,spring_barley,1,PK,0.001,32
1257,2,spring_barley,2,KAS,0.01,31
1258,2,spring_barley,1,PK,0.001,32
1258,2,spring_barley,2,KAS,0.01,31
1259,2,spring_barley,1,PK,0.001,32
1259,2,spring_barley,2,KAS,0.01,31
1260,2,spring_barley,1,PK,0.001,32
1260,2,spring_barley,2,KAS,0.01,31
1263,2,spring_barley,1,PK,0.001,32
1263,2,spring_barley,2,KAS,0.01,31
1264,2,spring_barley,1,PK,0.001,32
1264,2,spring_barley,2,KAS,0.01,31
1265,2,spring_barley,1,PK,0.001,32
1265,2,spring_barley,2,KAS,0.01,31
1266,2,spring_barley,1,PK,0.001,32
1266,2,spring_barley,2,KAS,0.01,31
1267,2,spring_barley,1,PK,0.001,32
1267,2,spring_barley,2,KAS,0.01,31
1272,2,spring_barley,1,PK,0.001,32
1272,2,spring_barley,2,KAS,0.01,31
1273,2,spring_barley,1,PK,0.001,32
1273,2,spring_barley,2,KAS,0.01,31
1275,2,spring_barley,1,PK,0.001,32
1275,2,spring_barley,2,KAS,0.01,31
1277,2,spring_barley,1,PK,0.001,32
1277,2,spring_barley,2,KAS,0.01,31
1284,2,spring_barley,1,PK,0.001,32
1284,2,spring_barley,2,KAS,0.01,31
1285,2,spring_barley,1,PK,0.001,32
1285,2,spring_barley,2,KAS,0.01,31
1286,2,spring_barley,1,PK,0.001,32
1286,2,spring_barley,2,KAS,0.01,31
1287,2,spring_barley,1,PK,0.001,32
1287,2,spring_barley,2,KAS,0.01,31
1288,2,spring_barley,1,PK,0.001,32
1288,2,spring_barley,2,KAS,0.01,31
1290,2,spring_barley,1,PK,0.001,32
1290,2,spring_barley,2,KAS,0.01,31
1291,2,spring_barley,1,PK,0.001,32
1291,2,spring_barley,2,KAS,0.01,31
1293,2,spring_barley,1,PK,0.001,32
1293,2,spring_barley,2,KAS,0.01,31
1296,2,spring_barley,1,PK,0.001,32
1296,2,spring_barley,2,KAS,0.01,31
1297,2,spring_barley,1,PK,0.001,32
1297,2,spring_barley,2,KAS,0.01,31
1298,2,spring_barley,1,PK,0.001,32
1298,2,spring_barley,2,KAS,0.01,31
1299,2,spring_barley,1,PK,0.001,32
1299,2,spring_barley,2,KAS,0.01,31
1300,2,spring_barley,1,PK,0.001,32
1300,2,spring_barley,2,KAS,0.01,31
1304,2,spring_barley,1,PK,0.001,32
1304,2,spring_barley,2,KAS,0.01,31
1305,2,spring_barley,1,PK,0.001,32
1305,2,spring_barley,2,KAS,0.01,31
1307,2,spring_barley,1,PK,0.001,32
1307,2,spring_barley,2,KAS,0.01,31
1308,2,spring_barley,1,PK,0.001,32
1308,2,spring_barley,2,KAS,0.01,31
1310,2,spring_barley,1,PK,0.001,32
1310,2,spring_barley,2,KAS,0.01,31
1317,2,spring_barley,1,PK,0.001,32
1317,2,spring_barley,2,KAS,0.01,31
1318,2,spring_barley,1,PK,0.001,32
1318,2,spring_barley,2,KAS,0.01,31
1319,2,spring_barley,1,PK,0.001,32
1319,2,spring_barley,2,KAS,0.01,31
1323,2,spring_barley,1,PK,0.001,32
1323,2,spring_barley,2,KAS,0.01,31
1325,2,spring_barley,1,PK,0.001,32
1325,2,spring_barley,2,KAS,0.01,31
1327,2,spring_barley,1,PK,0.001,32
1327,2,spring_barley,2,KAS,0.01,31
1329,2,spring_barley,1,PK,0.001,32
1329,2,spring_barley,2,KAS,0.01,31
1331,2,spring_barley,1,PK,0.001,32
1331,2,spring_barley,2,KAS,0.01,31
1333,2,spring_barley,1,PK,0.001,32
1333,2,spring_barley,2,KAS,0.01,31
1334,2,spring_barley,1,PK,0.001,32
1334,2,spring_barley,2,KAS,0.01,31
1336,2,spring_barley,1,PK,0.001,32
1336,2,spring_barley,2,KAS,0.01,31
1337,2,spring_barley,1,PK,0.001,32
1337,2,spring_barley,2,KAS,0.01,31
1338,2,spring_barley,1,PK,0.001,32
1338,2,spring_barley,2,KAS,0.01,31
1340,2,spring_barley,1,PK,0.001,32
1340,2,spring_barley,2,KAS,0.01,31
1342,2,spring_barley,1,PK,0.001,32
1342,2,spring_barley,2,KAS,0.01,31
1344,2,spring_barley,1,PK,0.001,32
1344,2,spring_barley,2,KAS,0.01,31
1345,2,spring_barley,1,PK,0.001,32
1345,2,spring_barley,2,KAS,0.01,31
1348,2,spring_barley,1,PK,0.001,32
1348,2,spring_barley,2,KAS,0.01,31
1349,2,spring_barley,1,PK,0.001,32
1349,2,spring_barley,2,KAS,0.01,31
1351,2,spring_barley,1,PK,0.001,32
1351,2,spring_barley,2,KAS,0.01,31
1354,2,spring_barley,1,PK,0.001,32
1354,2,spring_barley,2,KAS,0.01,31
1358,2,spring_barley,1,PK,0.001,32
1358,2,spring_barley,2,KAS,0.01,31
1363,2,spring_barley,1,PK,0.001,32
1363,2,spring_barley,2,KAS,0.01,31
1369,2,spring_barley,1,PK,0.001,32
1369,2,spring_barley,2,KAS,0.01,31
1371,2,spring_barley,1,PK,0.001,32
1371,2,spring_barley,2,KAS,0.01,31
1372,2,spring_barley,1,PK,0.001,32
1372,2,spring_barley,2,KAS,0.01,31
1375,2,spring_barley,1,PK,0.001,32
1375,2,spring_barley,2,KAS,0.01,31
1377,2,spring_barley,1,PK,0.001,32
1377,2,spring_barley,2,KAS,0.01,31
1378,2,spring_barley,1,PK,0.001,32
1378,2,spring_barley,2,KAS,0.01,31
1379,2,spring_barley,1,PK,0.001,32
1379,2,spring_barley,2,KAS,0.01,31
1380,2,spring_barley,1,PK,0.001,32
1380,2,spring_barley,2,KAS,0.01,31
1382,2,spring_barley,1,PK,0.001,32
1382,2,spring_barley,2,KAS,0.01,31
1387,2,spring_barley,1,PK,0.001,32
1387,2,spring_barley,2,KAS,0.01,31
1389,2,spring_barley,1,PK,0.001,32
1389,2,spring_barley,2,KAS,0.01,31
1392,2,spring_barley,1,PK,0.001,32
1392,2,spring_barley,2,KAS,0.01,31
1398,2,spring_barley,1,PK,0.001,32
1398,2,spring_barley,2,KAS,0.01,31
1400,2,spring_barley,1,PK,0.001,32
1400,2,spring_barley,2,KAS,0.01,31
1401,2,spring_barley,1,PK,0.001,32
1401,2,spring_barley,2,KAS,0.01,31
1402,2,spring_barley,1,PK,0.001,32
1402,2,spring_barley,2,KAS,0.01,31
1406,2,spring_barley,1,PK,0.001,32
1406,2,spring_barley,2,KAS,0.01,31
1408,2,spring_barley,1,PK,0.001,32
1408,2,spring_barley,2,KAS,0.01,31
1412,2,spring_barley,1,PK,0.001,32
1412,2,spring_barley,2,KAS,0.01,31
1414,2,spring_barley,1,PK,0.001,32
1414,2,spring_barley,2,KAS,0.01,31
1415,2,spring_barley,1,PK,0.001,32
1415,2,spring_barley,2,KAS,0.01,31
1416,2,spring_barley,1,PK,0.001,32
1416,2,spring_barley,2,KAS,0.01,31
1418,2,spring_barley,1,PK,0.001,32
1418,2,spring_barley,2,KAS,0.01,31
1419,2,spring_barley,1,PK,0.001,32
1419,2,spring_barley,2,KAS,0.01,31
1428,2,spring_barley,1,PK,0.001,32
1428,2,spring_barley,2,KAS,0.01,31
1430,2,spring_barley,1,PK,0.001,32
1430,2,spring_barley,2,KAS,0.01,31
1431,2,spring_barley,1,PK,0.001,32
1431,2,spring_barley,2,KAS,0.01,31
1433,2,spring_barley,1,PK,0.001,32
1433,2,spring_barley,2,KAS,0.01,31
1434,2,spring_barley,1,PK,0.001,32
1434,2,spring_barley,2,KAS,0.01,31
1438,2,spring_barley,1,PK,0.001,32
1438,2,spring_barley,2,KAS,0.01,31
1441,2,spring_barley,1,PK,0.001,32
1441,2,spring_barley,2,KAS,0.01,31
1443,2,spring_barley,1,PK,0.001,32
1443,2,spring_barley,2,KAS,0.01,31
1444,2,spring_barley,1,PK,0.001,32
1444,2,spring_barley,2,KAS,0.01,31
1447,2,spring_barley,1,PK,0.001,32
1447,2,spring_barley,2,KAS,0.01,31
1448,2,spring_barley,1,PK,0.001,32
1448,2,spring_barley,2,KAS,0.01,31
1450,2,spring_barley,1,PK,0.001,32
1450,2,spring_barley,2,KAS,0.01,31
1451,2,spring_barley,1,PK,0.001,32
1451,2,spring_barley,2,KAS,0.01,31
1452,2,spring_barley,1,PK,0.001,32
1452,2,spring_barley,2,KAS,0.01,31
1453,2,spring_barley,1,PK,0.001,32
1453,2,spring_barley,2,KAS,0.01,31
1457,2,spring_barley,1,PK,0.001,32
1457,2,spring_barley,2,KAS,0.01,31
1464,2,spring_barley,1,PK,0.001,32
1464,2,spring_barley,2,KAS,0.01,31
1466,2,spring_barley,1,PK,0.001,32
1466,2,spring_barley,2,KAS,0.01,31
1467,2,spring_barley,1,PK,0.001,32
1467,2,spring_barley,2,KAS,0.01,31
1468,2,spring_barley,1,PK,0.001,32
1468,2,spring_barley,2,KAS,0.01,31
1471,2,spring_barley,1,PK,0.001,32
1471,2,spring_barley,2,KAS,0.01,31
1472,2,spring_barley,1,PK,0.001,32
1472,2,spring_barley,2,KAS,0.01,31
1474,2,spring_barley,1,PK,0.001,32
1474,2,spring_barley,2,KAS,0.01,31
1477,2,spring_barley,1,PK,0.001,32
1477,2,spring_barley,2,KAS,0.01,31
1478,2,spring_barley,1,PK,0.001,32
1478,2,spring_barley,2,KAS,0.01,31
1480,2,spring_barley,1,PK,0.001,32
1480,2,spring_barley,2,KAS,0.01,31
1484,2,spring_barley,1,PK,0.001,32
1484,2,spring_barley,2,KAS,0.01,31
1486,2,spring_barley,1,PK,0.001,32
1486,2,spring_barley,2,KAS,0.01,31
1488,2,spring_barley,1,PK,0.001,32
1488,2,spring_barley,2,KAS,0.01,31
1490,2,spring_barley,1,PK,0.001,32
1490,2,spring_barley,2,KAS,0.01,31
1493,2,spring_barley,1,PK,0.001,32
1493,2,spring_barley,2,KAS,0.01,31
1495,2,spring_barley,1,PK,0.001,32
1495,2,spring_barley,2,KAS,0.01,31
1496,2,spring_barley,1,PK,0.001,32
1496,2,spring_barley,2,KAS,0.01,31
1497,2,spring_barley,1,PK,0.001,32
1497,2,spring_barley,2,KAS,0.01,31
1503,2,spring_barley,1,PK,0.001,32
1503,2,spring_barley,2,KAS,0.01,31
1504,2,spring_barley,1,PK,0.001,32
1504,2,spring_barley,2,KAS,0.01,31
1505,2,spring_barley,1,PK,0.001,32
1505,2,spring_barley,2,KAS,0.01,31
1507,2,spring_barley,1,PK,0.001,32
1507,2,spring_barley,2,KAS,0.01,31
1508,2,spring_barley,1,PK,0.001,32
1508,2,spring_barley,2,KAS,0.01,31
1517,2,spring_barley,1,PK,0.001,32
1517,2,spring_barley,2,KAS,0.01,31
1520,2,spring_barley,1,PK,0.001,32
1520,2,spring_barley,2,KAS,0.01,31
1521,2,spring_barley,1,PK,0.001,32
1521,2,spring_barley,2,KAS,0.01,31
1522,2,spring_barley,1,PK,0.001,32
1522,2,spring_barley,2,KAS,0.01,31
1524,2,spring_barley,1,PK,0.001,32
1524,2,spring_barley,2,KAS,0.01,31
1527,2,spring_barley,1,PK,0.001,32
1527,2,spring_barley,2,KAS,0.01,31
1529,2,spring_barley,1,PK,0.001,32
1529,2,spring_barley,2,KAS,0.01,31
1530,2,spring_barley,1,PK,0.001,32
1530,2,spring_barley,2,KAS,0.01,31
1531,2,spring_barley,1,PK,0.001,32
1531,2,spring_barley,2,KAS,0.01,31
1537,2,spring_barley,1,PK,0.001,32
1537,2,spring_barley,2,KAS,0.01,31
1540,2,spring_barley,1,PK,0.001,32
1540,2,spring_barley,2,KAS,0.01,31
1543,2,spring_barley,1,PK,0.001,32
1543,2,spring_barley,2,KAS,0.01,31
1545,2,spring_barley,1,PK,0.001,32
1545,2,spring_barley,2,KAS,0.01,31
1546,2,spring_barley,1,PK,0.001,32
1546,2,spring_barley,2,KAS,0.01,31
1547,2,spring_barley,1,PK,0.001,32
1547,2,spring_barley,2,KAS,0.01,31
1551,2,spring_barley,1,PK,0.001,32
1551,2,spring_barley,2,KAS,0.01,31
1555,2,spring_barley,1,PK,0.001,32
1555,2,spring_barley,2,KAS,0.01,31
1557,2,spring_barley,1,PK,0.001,32
1557,2,spring_barley,2,KAS,0.01,31
1559,2,spring_barley,1,PK,0.001,32
1559,2,spring_barley,2,KAS,0.01,31
1561,2,spring_barley,1,PK,0.001,32
1561,2,spring_barley,2,KAS,0.01,31
1563,2,spring_barley,1,PK,0.001,32
1563,2,spring_barley,2,KAS,0.01,31
1565,2,spring_barley,1,PK,0.001,32
1565,2,spring_barley,2,KAS,0.01,31
1566,2,spring_barley,1,PK,0.001,32
1566,2,spring_barley,2,KAS,0.01,31
1567,2,spring_barley,1,PK,0.001,32
1567,2,spring_barley,2,KAS,0.01,31
1572,2,spring_barley,1,PK,0.001,32
1572,2,spring_barley,2,KAS,0.01,31
1574,2,spring_barley,1,PK,0.001,32
1574,2,spring_barley,2,KAS,0.01,31
1575,2,spring_barley,1,PK,0.001,32
1575,2,spring_barley,2,KAS,0.01,31
1576,2,spring_barley,1,PK,0.001,32
1576,2,spring_barley,2,KAS,0.01,31
1577,2,spring_barley,1,PK,0.001,32
1577,2,spring_barley,2,KAS,0.01,31
1578,2,spring_barley,1,PK,0.001,32
1578,2,spring_barley,2,KAS,0.01,31
1582,2,spring_barley,1,PK,0.001,32
1582,2,spring_barley,2,KAS,0.01,31
1583,2,spring_barley,1,PK,0.001,32
1583,2,spring_barley,2,KAS,0.01,31
1586,2,spring_barley,1,PK,0.001,32
1586,2,spring_barley,2,KAS,0.01,31
1588,2,spring_barley,1,PK,0.001,32
1588,2,spring_barley,2,KAS,0.01,31
1593,2,spring_barley,1,PK,0.001,32
1593,2,spring_barley,2,KAS,0.01,31
1596,2,spring_barley,1,PK,0.001,32
1596,2,spring_barley,2,KAS,0.01,31
1597,2,spring_barley,1,PK,0.001,32
1597,2,spring_barley,2,KAS,0.01,31
1598,2,spring_barley,1,PK,0.001,32
1598,2,spring_barley,2,KAS,0.01,31
1599,2,spring_barley,1,PK,0.001,32
1599,2,spring_barley,2,KAS,0.01,31
1600,2,spring_barley,1,PK,0.001,32
1600,2,spring_barley,2,KAS,0.01,31
1601,2,spring_barley,1,PK,0.001,32
1601,2,spring_barley,2,KAS,0.01,31
1602,2,spring_barley,1,PK,0.001,32
1602,2,spring_barley,2,KAS,0.01,31
1606,2,spring_barley,1,PK,0.001,32
1606,2,spring_barley,2,KAS,0.01,31
1607,2,spring_barley,1,PK,0.001,32
1607,2,spring_barley,2,KAS,0.01,31
1608,2,spring_barley,1,PK,0.001,32
1608,2,spring_barley,2,KAS,0.01,31
1609,2,spring_barley,1,PK,0.001,32
1609,2,spring_barley,2,KAS,0.01,31
1612,2,spring_barley,1,PK,0.001,32
1612,2,spring_barley,2,KAS,0.01,31
1613,2,spring_barley,1,PK,0.001,32
1613,2,spring_barley,2,KAS,0.01,31
1615,2,spring_barley,1,PK,0.001,32
1615,2,spring_barley,2,KAS,0.01,31
1618,2,spring_barley,1,PK,0.001,32
1618,2,spring_barley,2,KAS,0.01,31
1619,2,spring_barley,1,PK,0.001,32
1619,2,spring_barley,2,KAS,0.01,31
1620,2,spring_barley,1,PK,0.001,32
1620,2,spring_barley,2,KAS,0.01,31
1622,2,spring_barley,1,PK,0.001,32
1622,2,spring_barley,2,KAS,0.01,31
1627,2,spring_barley,1,PK,0.001,32
1627,2,spring_barley,2,KAS,0.01,31
1629,2,spring_barley,1,PK,0.001,32
1629,2,spring_barley,2,KAS,0.01,31
1630,2,spring_barley,1,PK,0.001,32
1630,2,spring_barley,2,KAS,0.01,31
1633,2,spring_barley,1,PK,0.001,32
1633,2,spring_barley,2,KAS,0.01,31
1635,2,spring_barley,1,PK,0.001,32
1635,2,spring_barley,2,KAS,0.01,31
1636,2,spring_barley,1,PK,0.001,32
1636,2,spring_barley,2,KAS,0.01,31
1638,2,spring_barley,1,PK,0.001,32
1638,2,spring_barley,2,KAS,0.01,31
1643,2,spring_barley,1,PK,0.001,32
1643,2,spring_barley,2,KAS,0.01,31
1647,2,spring_barley,1,PK,0.001,32
1647,2,spring_barley,2,KAS,0.01,31
1648,2,spring_barley,1,PK,0.001,32
1648,2,spring_barley,2,KAS,0.01,31
1649,2,spring_barley,1,PK,0.001,32
1649,2,spring_barley,2,KAS,0.01,31
1651,2,spring_barley,1,PK,0.001,32
1651,2,spring_barley,2,KAS,0.01,31
1654,2,spring_barley,1,PK,0.001,32
1654,2,spring_barley,2,KAS,0.01,31
1656,2,spring_barley,1,PK,0.001,32
1656,2,spring_barley,2,KAS,0.01,31
1658,2,spring_barley,1,PK,0.001,32
1658,2,spring_barley,2,KAS,0.01,31
1661,2,spring_barley,1,PK,0.001,32
1661,2,spring_barley,2,KAS,0.01,31
1662,2,spring_barley,1,PK,0.001,32
1662,2,spring_barley,2,KAS,0.01,31
1663,2,spring_barley,1,PK,0.001,32
1663,2,spring_barley,2,KAS,0.01,31
1664,2,spring_barley,1,PK,0.001,32
1664,2,spring_barley,2,KAS,0.01,31
1665,2,spring_barley,1,PK,0.001,32
1665,2,spring_barley,2,KAS,0.01,31
1666,2,spring_barley,1,PK,0.001,32
1666,2,spring_barley,2,KAS,0.01,31
1667,2,spring_barley,1,PK,0.001,32
1667,2,spring_barley,2,KAS,0.01,31
1668,2,spring_barley,1,PK,0.001,32
1668,2,spring_barley,2,KAS,0.01,31
1671,2,spring_barley,1,PK,0.001,32
1671,2,spring_barley,2,KAS,0.01,31
1672,2,spring_barley,1,PK,0.001,32
1672,2,spring_barley,2,KAS,0.01,31
1673,2,spring_barley,1,PK,0.001,32
1673,2,spring_barley,2,KAS,0.01,31
1676,2,spring_barley,1,PK,0.001,32
1676,2,spring_barley,2,KAS,0.01,31
1677,2,spring_barley,1,PK,0.001,32
1677,2,spring_barley,2,KAS,0.01,31
1678,2,spring_barley,1,PK,0.001,32
1678,2,spring_barley,2,KAS,0.01,31
1683,2,spring_barley,1,PK,0.001,32
1683,2,spring_barley,2,KAS,0.01,31
1687,2,spring_barley,1,PK,0.001,32
1687,2,spring_barley,2,KAS,0.01,31
1688,2,spring_barley,1,PK,0.001,32
1688,2,spring_barley,2,KAS,0.01,31
1689,2,spring_barley,1,PK,0.001,32
1689,2,spring_barley,2,KAS,0.01,31
1690,2,spring_barley,1,PK,0.001,32
1690,2,spring_barley,2,KAS,0.01,31
1694,2,spring_barley,1,PK,0.001,32
1694,2,spring_barley,2,KAS,0.01,31
1697,2,spring_barley,1,PK,0.001,32
1697,2,spring_barley,2,KAS,0.01,31
1698,2,spring_barley,1,PK,0.001,32
1698,2,spring_barley,2,KAS,0.01,31
1699,2,spring_barley,1,PK,0.001,32
1699,2,spring_barley,2,KAS,0.01,31
1700,2,spring_barley,1,PK,0.001,32
1700,2,spring_barley,2,KAS,0.01,31
1702,2,spring_barley,1,PK,0.001,32
1702,2,spring_barley,2,KAS,0.01,31
1703,2,spring_barley,1,PK,0.001,32
1703,2,spring_barley,2,KAS,0.01,31
1705,2,spring_barley,1,PK,0.001,32
1705,2,spring_barley,2,KAS,0.01,31
1707,2,spring_barley,1,PK,0.001,32
1707,2,spring_barley,2,KAS,0.01,31
1711,2,spring_barley,1,PK,0.001,32
1711,2,spring_barley,2,KAS,0.01,31
1716,2,spring_barley,1,PK,0.001,32
1716,2,spring_barley,2,KAS,0.01,31
1722,2,spring_barley,1,PK,0.001,32
1722,2,spring_barley,2,KAS,0.01,31
1723,2,spring_barley,1,PK,0.001,32
1723,2,spring_barley,2,KAS,0.01,31
1725,2,spring_barley,1,PK,0.001,32
1725,2,spring_barley,2,KAS,0.01,31
1726,2,spring_barley,1,PK,0.001,32
1726,2,spring_barley,2,KAS,0.01,31
1727,2,spring_barley,1,PK,0.001,32
1727,2,spring_barley,2,KAS,0.01,31
1731,2,spring_barley,1,PK,0.001,32
1731,2,spring_barley,2,KAS,0.01,31
1732,2,spring_barley,1,PK,0.001,32
1732,2,spring_barley,2,KAS,0.01,31
1733,2,spring_barley,1,PK,0.001,32
1733,2,spring_barley,2,KAS,0.01,31
1734,2,spring_barley,1,PK,0.001,32
1734,2,spring_barley,2,KAS,0.01,31
1735,2,spring_barley,1,PK,0.001,32
1735,2,spring_barley,2,KAS,0.01,31
1737,2,spring_barley,1,PK,0.001,32
1737,2,spring_barley,2,KAS,0.01,31
1738,2,spring_barley,1,PK,0.001,32
1738,2,spring_barley,2,KAS,0.01,31
1741,2,spring_barley,1,PK,0.001,32
1741,2,spring_barley,2,KAS,0.01,31
1742,2,spring_barley,1,PK,0.001,32
1742,2,spring_barley,2,KAS,0.01,31
1743,2,spring_barley,1,PK,0.001,32
1743,2,spring_barley,2,KAS,0.01,31
1744,2,spring_barley,1,PK,0.001,32
1744,2,spring_barley,2,KAS,0.01,31
1746,2,spring_barley,1,PK,0.001,32
1746,2,spring_barley,2,KAS,0.01,31
1747,2,spring_barley,1,PK,0.001,32
1747,2,spring_barley,2,KAS,0.01,31
1752,2,spring_barley,1,PK,0.001,32
1752,2,spring_barley,2,KAS,0.01,31
1753,2,spring_barley,1,PK,0.001,32
1753,2,spring_barley,2,KAS,0.01,31
1757,2,spring_barley,1,PK,0.001,32
1757,2,spring_barley,2,KAS,0.01,31
1758,2,spring_barley,1,PK,0.001,32
1758,2,spring_barley,2,KAS,0.01,31
1759,2,spring_barley,1,PK,0.001,32
1759,2,spring_barley,2,KAS,0.01,31
1761,2,spring_barley,1,PK,0.001,32
1761,2,spring_barley,2,KAS,0.01,31
1764,2,spring_barley,1,PK,0.001,32
1764,2,spring_barley,2,KAS,0.01,31
1765,2,spring_barley,1,PK,0.001,32
1765,2,spring_barley,2,KAS,0.01,31
1766,2,spring_barley,1,PK,0.001,32
1766,2,spring_barley,2,KAS,0.01,31
1767,2,spring_barley,1,PK,0.001,32
1767,2,spring_barley,2,KAS,0.01,31
1769,2,spring_barley,1,PK,0.001,32
1769,2,spring_barley,2,KAS,0.01,31
1770,2,spring_barley,1,PK,0.001,32
1770,2,spring_barley,2,KAS,0.01,31
1771,2,spring_barley,1,PK,0.001,32
1771,2,spring_barley,2,KAS,0.01,31
1772,2,spring_barley,1,PK,0.001,32
1772,2,spring_barley,2,KAS,0.01,31
1773,2,spring_barley,1,PK,0.001,32
1773,2,spring_barley,2,KAS,0.01,31
1775,2,spring_barley,1,PK,0.001,32
1775,2,spring_barley,2,KAS,0.01,31
1777,2,spring_barley,1,PK,0.001,32
1777,2,spring_barley,2,KAS,0.01,31
1780,2,spring_barley,1,PK,0.001,32
1780,2,spring_barley,2,KAS,0.01,31
1781,2,spring_barley,1,PK,0.001,32
1781,2,spring_barley,2,KAS,0.01,31
1789,2,spring_barley,1,PK,0.001,32
1789,2,spring_barley,2,KAS,0.01,31
1790,2,spring_barley,1,PK,0.001,32
1790,2,spring_barley,2,KAS,0.01,31
1791,2,spring_barley,1,PK,0.001,32
1791,2,spring_barley,2,KAS,0.01,31
1795,2,spring_barley,1,PK,0.001,32
1795,2,spring_barley,2,KAS,0.01,31
1797,2,spring_barley,1,PK,0.001,32
1797,2,spring_barley,2,KAS,0.01,31
1798,2,spring_barley,1,PK,0.001,32
1798,2,spring_barley,2,KAS,0.01,31
1799,2,spring_barley,1,PK,0.001,32
1799,2,spring_barley,2,KAS,0.01,31
1800,2,spring_barley,1,PK,0.001,32
1800,2,spring_barley,2,KAS,0.01,31
1801,2,spring_barley,1,PK,0.001,32
1801,2,spring_barley,2,KAS,0.01,31
1802,2,spring_barley,1,PK,0.001,32
1802,2,spring_barley,2,KAS,0.01,31
1803,2,spring_barley,1,PK,0.001,32
1803,2,spring_barley,2,KAS,0.01,31
1805,2,spring_barley,1,PK,0.001,32
1805,2,spring_barley,2,KAS,0.01,31
1806,2,spring_barley,1,PK,0.001,32
1806,2,spring_barley,2,KAS,0.01,31
1807,2,spring_barley,1,PK,0.001,32
1807,2,spring_barley,2,KAS,0.01,31
1808,2,spring_barley,1,PK,0.001,32
1808,2,spring_barley,2,KAS,0.01,31
1810,2,spring_barley,1,PK,0.001,32
1810,2,spring_barley,2,KAS,0.01,31
1811,2,spring_barley,1,PK,0.001,32
1811,2,spring_barley,2,KAS,0.01,31
1812,2,spring_barley,1,PK,0.001,32
1812,2,spring_barley,2,KAS,0.01,31
1815,2,spring_barley,1,PK,0.001,32
1815,2,spring_barley,2,KAS,0.01,31
1818,2,spring_barley,1,PK,0.001,32
1818,2,spring_barley,2,KAS,0.01,31
1819,2,spring_barley,1,PK,0.001,32
1819,2,spring_barley,2,KAS,0.01,31
1821,2,spring_barley,1,PK,0.001,32
1821,2,spring_barley,2,KAS,0.01,31
1822,2,spring_barley,1,PK,0.001,32
1822,2,spring_barley,2,KAS,0.01,31
1824,2,spring_barley,1,PK,0.001,32
1824,2,spring_barley,2,KAS,0.01,31
1825,2,spring_barley,1,PK,0.001,32
1825,2,spring_barley,2,KAS,0.01,31
1826,2,spring_barley,1,PK,0.001,32
1826,2,spring_barley,2,KAS,0.01,31
1828,2,spring_barley,1,PK,0.001,32
1828,2,spring_barley,2,KAS,0.01,31
1831,2,spring_barley,1,PK,0.001,32
1831,2,spring_barley,2,KAS,0.01,31
1832,2,spring_barley,1,PK,0.001,32
1832,2,spring_barley,2,KAS,0.01,31
1833,2,spring_barley,1,PK,0.001,32
1833,2,spring_barley,2,KAS,0.01,31
1834,2,spring_barley,1,PK,0.001,32
1834,2,spring_barley,2,KAS,0.01,31
1835,2,spring_barley,1,PK,0.001,32
1835,2,spring_barley,2,KAS,0.01,31
1837,2,spring_barley,1,PK,0.001,32
1837,2,spring_barley,2,KAS,0.01,31
1842,2,spring_barley,1,PK,0.001,32
1842,2,spring_barley,2,KAS,0.01,31
1847,2,spring_barley,1,PK,0.001,32
1847,2,spring_barley,2,KAS,0.01,31
1850,2,spring_barley,1,PK,0.001,32
1850,2,spring_barley,2,KAS,0.01,31
1854,2,spring_barley,1,PK,0.001,32
1854,2,spring_barley,2,KAS,0.01,31
1864,2,spring_barley,1,PK,0.001,32
1864,2,spring_barley,2,KAS,0.01,31
1865,2,spring_barley,1,PK,0.001,32
1865,2,spring_barley,2,KAS,0.01,31
1866,2,spring_barley,1,PK,0.001,32
1866,2,spring_barley,2,KAS,0.01,31
1868,2,spring_barley,1,PK,0.001,32
1868,2,spring_barley,2,KAS,0.01,31
1869,2,spring_barley,1,PK,0.001,32
1869,2,spring_barley,2,KAS,0.01,31
1870,2,spring_barley,1,PK,0.001,32
1870,2,spring_barley,2,KAS,0.01,31
1872,2,spring_barley,1,PK,0.001,32
1872,2,spring_barley,2,KAS,0.01,31
1874,2,spring_barley,1,PK,0.001,32
1874,2,spring_barley,2,KAS,0.01,31
1876,2,spring_barley,1,PK,0.001,32
1876,2,spring_barley,2,KAS,0.01,31
1877,2,spring_barley,1,PK,0.001,32
1877,2,spring_barley,2,KAS,0.01,31
1878,2,spring_barley,1,PK,0.001,32
1878,2,spring_barley,2,KAS,0.01,31
1881,2,spring_barley,1,PK,0.001,32
1881,2,spring_barley,2,KAS,0.01,31
1882,2,spring_barley,1,PK,0.001,32
1882,2,spring_barley,2,KAS,0.01,31
1886,2,spring_barley,1,PK,0.001,32
1886,2,spring_barley,2,KAS,0.01,31
1887,2,spring_barley,1,PK,0.001,32
1887,2,spring_barley,2,KAS,0.01,31
1888,2,spring_barley,1,PK,0.001,32
1888,2,spring_barley,2,KAS,0.01,31
1889,2,spring_barley,1,PK,0.001,32
1889,2,spring_barley,2,KAS,0.01,31
1890,2,spring_barley,1,PK,0.001,32
1890,2,spring_barley,2,KAS,0.01,31
1891,2,spring_barley,1,PK,0.001,32
1891,2,spring_barley,2,KAS,0.01,31
1893,2,spring_barley,1,PK,0.001,32
1893,2,spring_barley,2,KAS,0.01,31
1894,2,spring_barley,1,PK,0.001,32
1894,2,spring_barley,2,KAS,0.01,31
1895,2,spring_barley,1,PK,0.001,32
1895,2,spring_barley,2,KAS,0.01,31
1896,2,spring_barley,1,PK,0.001,32
1896,2,spring_barley,2,KAS,0.01,31
1897,2,spring_barley,1,PK,0.001,32
1897,2,spring_barley,2,KAS,0.01,31
1899,2,spring_barley,1,PK,0.001,32
1899,2,spring_barley,2,KAS,0.01,31
1900,2,spring_barley,1,PK,0.001,32
1900,2,spring_barley,2,KAS,0.01,31
1901,2,spring_barley,1,PK,0.001,32
1901,2,spring_barley,2,KAS,0.01,31
1902,2,spring_barley,1,PK,0.001,32
1902,2,spring_barley,2,KAS,0.01,31
1903,2,spring_barley,1,PK,0.001,32
1903,2,spring_barley,2,KAS,0.01,31
1904,2,spring_barley,1,PK,0.001,32
1904,2,spring_barley,2,KAS,0.01,31
1905,2,spring_barley,1,PK,0.001,32
1905,2,spring_barley,2,KAS,0.01,31
1907,2,spring_barley,1,PK,0.001,32
1907,2,spring_barley,2,KAS,0.01,31
1908,2,spring_barley,1,PK,0.001,32
1908,2,spring_barley,2,KAS,0.01,31
1909,2,spring_barley,1,PK,0.001,32
1909,2,spring_barley,2,KAS,0.01,31
1912,2,spring_barley,1,PK,0.001,32
1912,2,spring_barley,2,KAS,0.01,31
1914,2,spring_barley,1,PK,0.001,32
1914,2,spring_barley,2,KAS,0.01,31
1916,2,spring_barley,1,PK,0.001,32
1916,2,spring_barley,2,KAS,0.01,31
1917,2,spring_barley,1,PK,0.001,32
1917,2,spring_barley,2,KAS,0.01,31
1918,2,spring_barley,1,PK,0.001,32
1918,2,spring_barley,2,KAS,0.01,31
1923,2,spring_barley,1,PK,0.001,32
1923,2,spring_barley,2,KAS,0.01,31
1924,2,spring_barley,1,PK,0.001,32
1924,2,spring_barley,2,KAS,0.01,31
1926,2,spring_barley,1,PK,0.001,32
1926,2,spring_barley,2,KAS,0.01,31
1927,2,spring_barley,1,PK,0.001,32
1927,2,spring_barley,2,KAS,0.01,31
1930,2,spring_barley,1,PK,0.001,32
1930,2,spring_barley,2,KAS,0.01,31
1931,2,spring_barley,1,PK,0.001,32
1931,2,spring_barley,2,KAS,0.01,31
1933,2,spring_barley,1,PK,0.001,32
1933,2,spring_barley,2,KAS,0.01,31
1934,2,spring_barley,1,PK,0.001,32
1934,2,spring_barley,2,KAS,0.01,31
1936,2,spring_barley,1,PK,0.001,32
1936,2,spring_barley,2,KAS,0.01,31
1937,2,spring_barley,1,PK,0.001,32
1937,2,spring_barley,2,KAS,0.01,31
1938,2,spring_barley,1,PK,0.001,32
1938,2,spring_barley,2,KAS,0.01,31
1941,2,spring_barley,1,PK,0.001,32
1941,2,spring_barley,2,KAS,0.01,31
1942,2,spring_barley,1,PK,0.001,32
1942,2,spring_barley,2,KAS,0.01,31
1943,2,spring_barley,1,PK,0.001,32
1943,2,spring_barley,2,KAS,0.01,31
1944,2,spring_barley,1,PK,0.001,32
1944,2,spring_barley,2,KAS,0.01,31
1945,2,spring_barley,1,PK,0.001,32
1945,2,spring_barley,2,KAS,0.01,31
1946,2,spring_barley,1,PK,0.001,32
1946,2,spring_barley,2,KAS,0.01,31
1947,2,spring_barley,1,PK,0.001,32
1947,2,spring_barley,2,KAS,0.01,31
1948,2,spring_barley,1,PK,0.001,32
1948,2,spring_barley,2,KAS,0.01,31
1949,2,spring_barley,1,PK,0.001,32
1949,2,spring_barley,2,KAS,0.01,31
1951,2,spring_barley,1,PK,0.001,32
1951,2,spring_barley,2,KAS,0.01,31
1952,2,spring_barley,1,PK,0.001,32
1952,2,spring_barley,2,KAS,0.01,31
1955,2,spring_barley,1,PK,0.001,32
1955,2,spring_barley,2,KAS,0.01,31
1957,2,spring_barley,1,PK,0.001,32
1957,2,spring_barley,2,KAS,0.01,31
1962,2,spring_barley,1,PK,0.001,32
1962,2,spring_barley,2,KAS,0.01,31
1967,2,spring_barley,1,PK,0.001,32
1967,2,spring_barley,2,KAS,0.01,31
1969,2,spring_barley,1,PK,0.001,32
1969,2,spring_barley,2,KAS,0.01,31
1970,2,spring_barley,1,PK,0.001,32
1970,2,spring_barley,2,KAS,0.01,31
1971,2,spring_barley,1,PK,0.001,32
1971,2,spring_barley,2,KAS,0.01,31
1972,2,spring_barley,1,PK,0.001,32
1972,2,spring_barley,2,KAS,0.01,31
1973,2,spring_barley,1,PK,0.001,32
1973,2,spring_barley,2,KAS,0.01,31
1974,2,spring_barley,1,PK,0.001,32
1974,2,spring_barley,2,KAS,0.01,31
1975,2,spring_barley,1,PK,0.001,32
1975,2,spring_barley,2,KAS,0.01,31
1976,2,spring_barley,1,PK,0.001,32
1976,2,spring_barley,2,KAS,0.01,31
1978,2,spring_barley,1,PK,0.001,32
1978,2,spring_barley,2,KAS,0.01,31
1980,2,spring_barley,1,PK,0.001,32
1980,2,spring_barley,2,KAS,0.01,31
1982,2,spring_barley,1,PK,0.001,32
1982,2,spring_barley,2,KAS,0.01,31
1983,2,spring_barley,1,PK,0.001,32
1983,2,spring_barley,2,KAS,0.01,31
1984,2,spring_barley,1,PK,0.001,32
1984,2,spring_barley,2,KAS,0.01,31
1986,2,spring_barley,1,PK,0.001,32
1986,2,spring_barley,2,KAS,0.01,31
1988,2,spring_barley,1,PK,0.001,32
1988,2,spring_barley,2,KAS,0.01,31
1990,2,spring_barley,1,PK,0.001,32
1990,2,spring_barley,2,KAS,0.01,31
1992,2,spring_barley,1,PK,0.001,32
1992,2,spring_barley,2,KAS,0.01,31
1993,2,spring_barley,1,PK,0.001,32
1993,2,spring_barley,2,KAS,0.01,31
1994,2,spring_barley,1,PK,0.001,32
1994,2,spring_barley,2,KAS,0.01,31
1997,2,spring_barley,1,PK,0.001,32
1997,2,spring_barley,2,KAS,0.01,31
2001,2,spring_barley,1,PK,0.001,32
2001,2,spring_barley,2,KAS,0.01,31
2004,2,spring_barley,1,PK,0.001,32
2004,2,spring_barley,2,KAS,0.01,31
2005,2,spring_barley,1,PK,0.001,32
2005,2,spring_barley,2,KAS,0.01,31
2006,2,spring_barley,1,PK,0.001,32
2006,2,spring_barley,2,KAS,0.01,31
2007,2,spring_barley,1,PK,0.001,32
2007,2,spring_barley,2,KAS,0.01,31
2008,2,spring_barley,1,PK,0.001,32
2008,2,spring_barley,2,KAS,0.01,31
2009,2,spring_barley,1,PK,0.001,32
2009,2,spring_barley,2,KAS,0.01,31
2010,2,spring_barley,1,PK,0.001,32
2010,2,spring_barley,2,KAS,0.01,31
2011,2,spring_barley,1,PK,0.001,32
2011,2,spring_barley,2,KAS,0.01,31
2012,2,spring_barley,1,PK,0.001,32
2012,2,spring_barley,2,KAS,0.01,31
2013,2,spring_barley,1,PK,0.001,32
2013,2,spring_barley,2,KAS,0.01,31
2014,2,spring_barley,1,PK,0.001,32
2014,2,spring_barley,2,KAS,0.01,31
2015,2,spring_barley,1,PK,0.001,32
2015,2,spring_barley,2,KAS,0.01,31
2016,2,spring_barley,1,PK,0.001,32
2016,2,spring_barley,2,KAS,0.01,31
2017,2,spring_barley,1,PK,0.001,32
2017,2,spring_barley,2,KAS,0.01,31
2018,2,spring_barley,1,PK,0.001,32
2018,2,spring_barley,2,KAS,0.01,31
2020,2,spring_barley,1,PK,0.001,32
2020,2,spring_barley,2,KAS,0.01,31
2022,2,spring_barley,1,PK,0.001,32
2022,2,spring_barley,2,KAS,0.01,31
2023,2,spring_barley,1,PK,0.001,32
2023,2,spring_barley,2,KAS,0.01,31
2026,2,spring_barley,1,PK,0.001,32
2026,2,spring_barley,2,KAS,0.01,31
2027,2,spring_barley,1,PK,0.001,32
2027,2,spring_barley,2,KAS,0.01,31
2030,2,spring_barley,1,PK,0.001,32
2030,2,spring_barley,2,KAS,0.01,31
2031,2,spring_barley,1,PK,0.001,32
2031,2,spring_barley,2,KAS,0.01,31
2032,2,spring_barley,1,PK,0.001,32
2032,2,spring_barley,2,KAS,0.01,31
2034,2,spring_barley,1,PK,0.001,32
2034,2,spring_barley,2,KAS,0.01,31
2037,2,spring_barley,1,PK,0.001,32
2037,2,spring_barley,2,KAS,0.01,31
2046,2,spring_barley,1,PK,0.001,32
2046,2,spring_barley,2,KAS,0.01,31
2047,2,spring_barley,1,PK,0.001,32
2047,2,spring_barley,2,KAS,0.01,31
2048,2,spring_barley,1,PK,0.001,32
2048,2,spring_barley,2,KAS,0.01,31
2049,2,spring_barley,1,PK,0.001,32
2049,2,spring_barley,2,KAS,0.01,31
2050,2,spring_barley,1,PK,0.001,32
2050,2,spring_barley,2,KAS,0.01,31
2051,2,spring_barley,1,PK,0.001,32
2051,2,spring_barley,2,KAS,0.01,31
2052,2,spring_barley,1,PK,0.001,32
2052,2,spring_barley,2,KAS,0.01,31
2053,2,spring_barley,1,PK,0.001,32
2053,2,spring_barley,2,KAS,0.01,31
2054,2,spring_barley,1,PK,0.001,32
2054,2,spring_barley,2,KAS,0.01,31
2055,2,spring_barley,1,PK,0.001,32
2055,2,spring_barley,2,KAS,0.01,31
2056,2,spring_barley,1,PK,0.001,32
2056,2,spring_barley,2,KAS,0.01,31
2060,2,spring_barley,1,PK,0.001,32
2060,2,spring_barley,2,KAS,0.01,31
2062,2,spring_barley,1,PK,0.001,32
2062,2,spring_barley,2,KAS,0.01,31
2063,2,spring_barley,1,PK,0.001,32
2063,2,spring_barley,2,KAS,0.01,31
2064,2,spring_barley,1,PK,0.001,32
2064,2,spring_barley,2,KAS,0.01,31
2065,2,spring_barley,1,PK,0.001,32
2065,2,spring_barley,2,KAS,0.01,31
2066,2,spring_barley,1,PK,0.001,32
2066,2,spring_barley,2,KAS,0.01,31
2071,2,spring_barley,1,PK,0.001,32
2071,2,spring_barley,2,KAS,0.01,31
2072,2,spring_barley,1,PK,0.001,32
2072,2,spring_barley,2,KAS,0.01,31
2075,2,spring_barley,1,PK,0.001,32
2075,2,spring_barley,2,KAS,0.01,31
2077,2,spring_barley,1,PK,0.001,32
2077,2,spring_barley,2,KAS,0.01,31
2078,2,spring_barley,1,PK,0.001,32
2078,2,spring_barley,2,KAS,0.01,31
2079,2,spring_barley,1,PK,0.001,32
2079,2,spring_barley,2,KAS,0.01,31
2080,2,spring_barley,1,PK,0.001,32
2080,2,spring_barley,2,KAS,0.01,31
2081,2,spring_barley,1,PK,0.001,32
2081,2,spring_barley,2,KAS,0.01,31
2082,2,spring_barley,1,PK,0.001,32
2082,2,spring_barley,2,KAS,0.01,31
2083,2,spring_barley,1,PK,0.001,32
2083,2,spring_barley,2,KAS,0.01,31
2084,2,spring_barley,1,PK,0.001,32
2084,2,spring_barley,2,KAS,0.01,31
2085,2,spring_barley,1,PK,0.001,32
2085,2,spring_barley,2,KAS,0.01,31
2086,2,spring_barley,1,PK,0.001,32
2086,2,spring_barley,2,KAS,0.01,31
2087,2,spring_barley,1,PK,0.001,32
2087,2,spring_barley,2,KAS,0.01,31
2092,2,spring_barley,1,PK,0.001,32
2092,2,spring_barley,2,KAS,0.01,31
2093,2,spring_barley,1,PK,0.001,32
2093,2,spring_barley,2,KAS,0.01,31
2094,2,spring_barley,1,PK,0.001,32
2094,2,spring_barley,2,KAS,0.01,31
2095,2,spring_barley,1,PK,0.001,32
2095,2,spring_barley,2,KAS,0.01,31
2096,2,spring_barley,1,PK,0.001,32
2096,2,spring_barley,2,KAS,0.01,31
2097,2,spring_barley,1,PK,0.001,32
2097,2,spring_barley,2,KAS,0.01,31
2098,2,spring_barley,1,PK,0.001,32
2098,2,spring_barley,2,KAS,0.01,31
2099,2,spring_barley,1,PK,0.001,32
2099,2,spring_barley,2,KAS,0.01,31
2100,2,spring_barley,1,PK,0.001,32
2100,2,spring_barley,2,KAS,0.01,31
2101,2,spring_barley,1,PK,0.001,32
2101,2,spring_barley,2,KAS,0.01,31
2107,2,spring_barley,1,PK,0.001,32
2107,2,spring_barley,2,KAS,0.01,31
2110,2,spring_barley,1,PK,0.001,32
2110,2,spring_barley,2,KAS,0.01,31
2111,2,spring_barley,1,PK,0.001,32
2111,2,spring_barley,2,KAS,0.01,31
2112,2,spring_barley,1,PK,0.001,32
2112,2,spring_barley,2,KAS,0.01,31
2113,2,spring_barley,1,PK,0.001,32
2113,2,spring_barley,2,KAS,0.01,31
2114,2,spring_barley,1,PK,0.001,32
2114,2,spring_barley,2,KAS,0.01,31
2120,2,spring_barley,1,PK,0.001,32
2120,2,spring_barley,2,KAS,0.01,31
2122,2,spring_barley,1,PK,0.001,32
2122,2,spring_barley,2,KAS,0.01,31
2123,2,spring_barley,1,PK,0.001,32
2123,2,spring_barley,2,KAS,0.01,31
2124,2,spring_barley,1,PK,0.001,32
2124,2,spring_barley,2,KAS,0.01,31
2125,2,spring_barley,1,PK,0.001,32
2125,2,spring_barley,2,KAS,0.01,31
2126,2,spring_barley,1,PK,0.001,32
2126,2,spring_barley,2,KAS,0.01,31
2127,2,spring_barley,1,PK,0.001,32
2127,2,spring_barley,2,KAS,0.01,31
2128,2,spring_barley,1,PK,0.001,32
2128,2,spring_barley,2,KAS,0.01,31
2129,2,spring_barley,1,PK,0.001,32
2129,2,spring_barley,2,KAS,0.01,31
2130,2,spring_barley,1,PK,0.001,32
2130,2,spring_barley,2,KAS,0.01,31
2131,2,spring_barley,1,PK,0.001,32
2131,2,spring_barley,2,KAS,0.01,31
2134,2,spring_barley,1,PK,0.001,32
2134,2,spring_barley,2,KAS,0.01,31
2136,2,spring_barley,1,PK,0.001,32
2136,2,spring_barley,2,KAS,0.01,31
2138,2,spring_barley,1,PK,0.001,32
2138,2,spring_barley,2,KAS,0.01,31
2139,2,spring_barley,1,PK,0.001,32
2139,2,spring_barley,2,KAS,0.01,31
2142,2,spring_barley,1,PK,0.001,32
2142,2,spring_barley,2,KAS,0.01,31
2144,2,spring_barley,1,PK,0.001,32
2144,2,spring_barley,2,KAS,0.01,31
2146,2,spring_barley,1,PK,0.001,32
2146,2,spring_barley,2,KAS,0.01,31
2148,2,spring_barley,1,PK,0.001,32
2148,2,spring_barley,2,KAS,0.01,31
2152,2,spring_barley,1,PK,0.001,32
2152,2,spring_barley,2,KAS,0.01,31
2155,2,spring_barley,1,PK,0.001,32
2155,2,spring_barley,2,KAS,0.01,31
2157,2,spring_barley,1,PK,0.001,32
2157,2,spring_barley,2,KAS,0.01,31
2158,2,spring_barley,1,PK,0.001,32
2158,2,spring_barley,2,KAS,0.01,31
2159,2,spring_barley,1,PK,0.001,32
2159,2,spring_barley,2,KAS,0.01,31
2164,2,spring_barley,1,PK,0.001,32
2164,2,spring_barley,2,KAS,0.01,31
2165,2,spring_barley,1,PK,0.001,32
2165,2,spring_barley,2,KAS,0.01,31
2166,2,spring_barley,1,PK,0.001,32
2166,2,spring_barley,2,KAS,0.01,31
2169,2,spring_barley,1,PK,0.001,32
2169,2,spring_barley,2,KAS,0.01,31
2170,2,spring_barley,1,PK,0.001,32
2170,2,spring_barley,2,KAS,0.01,31
2171,2,spring_barley,1,PK,0.001,32
2171,2,spring_barley,2,KAS,0.01,31
2172,2,spring_barley,1,PK,0.001,32
2172,2,spring_barley,2,KAS,0.01,31
2173,2,spring_barley,1,PK,0.001,32
2173,2,spring_barley,2,KAS,0.01,31
2174,2,spring_barley,1,PK,0.001,32
2174,2,spring_barley,2,KAS,0.01,31
2175,2,spring_barley,1,PK,0.001,32
2175,2,spring_barley,2,KAS,0.01,31
2179,2,spring_barley,1,PK,0.001,32
2179,2,spring_barley,2,KAS,0.01,31
2181,2,spring_barley,1,PK,0.001,32
2181,2,spring_barley,2,KAS,0.01,31
2182,2,spring_barley,1,PK,0.001,32
2182,2,spring_barley,2,KAS,0.01,31
2185,2,spring_barley,1,PK,0.001,32
2185,2,spring_barley,2,KAS,0.01,31
2186,2,spring_barley,1,PK,0.001,32
2186,2,spring_barley,2,KAS,0.01,31
2188,2,spring_barley,1,PK,0.001,32
2188,2,spring_barley,2,KAS,0.01,31
2193,2,spring_barley,1,PK,0.001,32
2193,2,spring_barley,2,KAS,0.01,31
2199,2,spring_barley,1,PK,0.001,32
2199,2,spring_barley,2,KAS,0.01,31
2201,2,spring_barley,1,PK,0.001,32
2201,2,spring_barley,2,KAS,0.01,31
2202,2,spring_barley,1,PK,0.001,32
2202,2,spring_barley,2,KAS,0.01,31
2203,2,spring_barley,1,PK,0.001,32
2203,2,spring_barley,2,KAS,0.01,31
2204,2,spring_barley,1,PK,0.001,32
2204,2,spring_barley,2,KAS,0.01,31
2205,2,spring_barley,1,PK,0.001,32
2205,2,spring_barley,2,KAS,0.01,31
2206,2,spring_barley,1,PK,0.001,32
2206,2,spring_barley,2,KAS,0.01,31
2210,2,spring_barley,1,PK,0.001,32
2210,2,spring_barley,2,KAS,0.01,31
2211,2,spring_barley,1,PK,0.001,32
2211,2,spring_barley,2,KAS,0.01,31
2212,2,spring_barley,1,PK,0.001,32
2212,2,spring_barley,2,KAS,0.01,31
2214,2,spring_barley,1,PK,0.001,32
2214,2,spring_barley,2,KAS,0.01,31
2215,2,spring_barley,1,PK,0.001,32
2215,2,spring_barley,2,KAS,0.01,31
2217,2,spring_barley,1,PK,0.001,32
2217,2,spring_barley,2,KAS,0.01,31
2219,2,spring_barley,1,PK,0.001,32
2219,2,spring_barley,2,KAS,0.01,31
2220,2,spring_barley,1,PK,0.001,32
2220,2,spring_barley,2,KAS,0.01,31
2222,2,spring_barley,1,PK,0.001,32
2222,2,spring_barley,2,KAS,0.01,31
2223,2,spring_barley,1,PK,0.001,32
2223,2,spring_barley,2,KAS,0.01,31
2224,2,spring_barley,1,PK,0.001,32
2224,2,spring_barley,2,KAS,0.01,31
2229,2,spring_barley,1,PK,0.001,32
2229,2,spring_barley,2,KAS,0.01,31
2230,2,spring_barley,1,PK,0.001,32
2230,2,spring_barley,2,KAS,0.01,31
2233,2,spring_barley,1,PK,0.001,32
2233,2,spring_barley,2,KAS,0.01,31
2234,2,spring_barley,1,PK,0.001,32
2234,2,spring_barley,2,KAS,0.01,31
2235,2,spring_barley,1,PK,0.001,32
2235,2,spring_barley,2,KAS,0.01,31
2238,2,spring_barley,1,PK,0.001,32
2238,2,spring_barley,2,KAS,0.01,31
2241,2,spring_barley,1,PK,0.001,32
2241,2,spring_barley,2,KAS,0.01,31
2242,2,spring_barley,1,PK,0.001,32
2242,2,spring_barley,2,KAS,0.01,31
2244,2,spring_barley,1,PK,0.001,32
2244,2,spring_barley,2,KAS,0.01,31
2245,2,spring_barley,1,PK,0.001,32
2245,2,spring_barley,2,KAS,0.01,31
2246,2,spring_barley,1,PK,0.001,32
2246,2,spring_barley,2,KAS,0.01,31
2247,2,spring_barley,1,PK,0.001,32
2247,2,spring_barley,2,KAS,0.01,31
2250,2,spring_barley,1,PK,0.001,32
2250,2,spring_barley,2,KAS,0.01,31
2251,2,spring_barley,1,PK,0.001,32
2251,2,spring_barley,2,KAS,0.01,31
2252,2,spring_barley,1,PK,0.001,32
2252,2,spring_barley,2,KAS,0.01,31
2253,2,spring_barley,1,PK,0.001,32
2253,2,spring_barley,2,KAS,0.01,31
2254,2,spring_barley,1,PK,0.001,32
2254,2,spring_barley,2,KAS,0.01,31
2259,2,spring_barley,1,PK,0.001,32
2259,2,spring_barley,2,KAS,0.01,31
2260,2,spring_barley,1,PK,0.001,32
2260,2,spring_barley,2,KAS,0.01,31
2262,2,spring_barley,1,PK,0.001,32
2262,2,spring_barley,2,KAS,0.01,31
2273,2,spring_barley,1,PK,0.001,32
2273,2,spring_barley,2,KAS,0.01,31
2274,2,spring_barley,1,PK,0.001,32
2274,2,spring_barley,2,KAS,0.01,31
2275,2,spring_barley,1,PK,0.001,32
2275,2,spring_barley,2,KAS,0.01,31
2276,2,spring_barley,1,PK,0.001,32
2276,2,spring_barley,2,KAS,0.01,31
2277,2,spring_barley,1,PK,0.001,32
2277,2,spring_barley,2,KAS,0.01,31
2282,2,spring_barley,1,PK,0.001,32
2282,2,spring_barley,2,KAS,0.01,31
2284,2,spring_barley,1,PK,0.001,32
2284,2,spring_barley,2,KAS,0.01,31
2285,2,spring_barley,1,PK,0.001,32
2285,2,spring_barley,2,KAS,0.01,31
2287,2,spring_barley,1,PK,0.001,32
2287,2,spring_barley,2,KAS,0.01,31
2289,2,spring_barley,1,PK,0.001,32
2289,2,spring_barley,2,KAS,0.01,31
2290,2,spring_barley,1,PK,0.001,32
2290,2,spring_barley,2,KAS,0.01,31
2291,2,spring_barley,1,PK,0.001,32
2291,2,spring_barley,2,KAS,0.01,31
2300,2,spring_barley,1,PK,0.001,32
2300,2,spring_barley,2,KAS,0.01,31
2301,2,spring_barley,1,PK,0.001,32
2301,2,spring_barley,2,KAS,0.01,31
2302,2,spring_barley,1,PK,0.001,32
2302,2,spring_barley,2,KAS,0.01,31
2303,2,spring_barley,1,PK,0.001,32
2303,2,spring_barley,2,KAS,0.01,31
2304,2,spring_barley,1,PK,0.001,32
2304,2,spring_barley,2,KAS,0.01,31
2306,2,spring_barley,1,PK,0.001,32
2306,2,spring_barley,2,KAS,0.01,31
2311,2,spring_barley,1,PK,0.001,32
2311,2,spring_barley,2,KAS,0.01,31
2318,2,spring_barley,1,PK,0.001,32
2318,2,spring_barley,2,KAS,0.01,31
2319,2,spring_barley,1,PK,0.001,32
2319,2,spring_barley,2,KAS,0.01,31
2320,2,spring_barley,1,PK,0.001,32
2320,2,spring_barley,2,KAS,0.01,31
2321,2,spring_barley,1,PK,0.001,32
2321,2,spring_barley,2,KAS,0.01,31
2322,2,spring_barley,1,PK,0.001,32
2322,2,spring_barley,2,KAS,0.01,31
2324,2,spring_barley,1,PK,0.001,32
2324,2,spring_barley,2,KAS,0.01,31
2327,2,spring_barley,1,PK,0.001,32
2327,2,spring_barley,2,KAS,0.01,31
2330,2,spring_barley,1,PK,0.001,32
2330,2,spring_barley,2,KAS,0.01,31
2338,2,spring_barley,1,PK,0.001,32
2338,2,spring_barley,2,KAS,0.01,31
2340,2,spring_barley,1,PK,0.001,32
2340,2,spring_barley,2,KAS,0.01,31
2347,2,spring_barley,1,PK,0.001,32
2347,2,spring_barley,2,KAS,0.01,31
2348,2,spring_barley,1,PK,0.001,32
2348,2,spring_barley,2,KAS,0.01,31
2349,2,spring_barley,1,PK,0.001,32
2349,2,spring_barley,2,KAS,0.01,31
2350,2,spring_barley,1,PK,0.001,32
2350,2,spring_barley,2,KAS,0.01,31
2351,2,spring_barley,1,PK,0.001,32
2351,2,spring_barley,2,KAS,0.01,31
2353,2,spring_barley,1,PK,0.001,32
2353,2,spring_barley,2,KAS,0.01,31
2354,2,spring_barley,1,PK,0.001,32
2354,2,spring_barley,2,KAS,0.01,31
2355,2,spring_barley,1,PK,0.001,32
2355,2,spring_barley,2,KAS,0.01,31
2357,2,spring_barley,1,PK,0.001,32
2357,2,spring_barley,2,KAS,0.01,31
2358,2,spring_barley,1,PK,0.001,32
2358,2,spring_barley,2,KAS,0.01,31
2359,2,spring_barley,1,PK,0.001,32
2359,2,spring_barley,2,KAS,0.01,31
2360,2,spring_barley,1,PK,0.001,32
2360,2,spring_barley,2,KAS,0.01,31
2361,2,spring_barley,1,PK,0.001,32
2361,2,spring_barley,2,KAS,0.01,31
2362,2,spring_barley,1,PK,0.001,32
2362,2,spring_barley,2,KAS,0.01,31
2363,2,spring_barley,1,PK,0.001,32
2363,2,spring_barley,2,KAS,0.01,31
2369,2,spring_barley,1,PK,0.001,32
2369,2,spring_barley,2,KAS,0.01,31
2370,2,spring_barley,1,PK,0.001,32
2370,2,spring_barley,2,KAS,0.01,31
2378,2,spring_barley,1,PK,0.001,32
2378,2,spring_barley,2,KAS,0.01,31
2379,2,spring_barley,1,PK,0.001,32
2379,2,spring_barley,2,KAS,0.01,31
2380,2,spring_barley,1,PK,0.001,32
2380,2,spring_barley,2,KAS,0.01,31
2381,2,spring_barley,1,PK,0.001,32
2381,2,spring_barley,2,KAS,0.01,31
2387,2,spring_barley,1,PK,0.001,32
2387,2,spring_barley,2,KAS,0.01,31
2388,2,spring_barley,1,PK,0.001,32
2388,2,spring_barley,2,KAS,0.01,31
2389,2,spring_barley,1,PK,0.001,32
2389,2,spring_barley,2,KAS,0.01,31
2390,2,spring_barley,1,PK,0.001,32
2390,2,spring_barley,2,KAS,0.01,31
2393,2,spring_barley,1,PK,0.001,32
2393,2,spring_barley,2,KAS,0.01,31
2394,2,spring_barley,1,PK,0.001,32
2394,2,spring_barley,2,KAS,0.01,31
2397,2,spring_barley,1,PK,0.001,32
2397,2,spring_barley,2,KAS,0.01,31
2402,2,spring_barley,1,PK,0.001,32
2402,2,spring_barley,2,KAS,0.01,31
2403,2,spring_barley,1,PK,0.001,32
2403,2,spring_barley,2,KAS,0.01,31
2404,2,spring_barley,1,PK,0.001,32
2404,2,spring_barley,2,KAS,0.01,31
2405,2,spring_barley,1,PK,0.001,32
2405,2,spring_barley,2,KAS,0.01,31
2406,2,spring_barley,1,PK,0.001,32
2406,2,spring_barley,2,KAS,0.01,31
2407,2,spring_barley,1,PK,0.001,32
2407,2,spring_barley,2,KAS,0.01,31
2408,2,spring_barley,1,PK,0.001,32
2408,2,spring_barley,2,KAS,0.01,31
2409,2,spring_barley,1,PK,0.001,32
2409,2,spring_barley,2,KAS,0.01,31
2410,2,spring_barley,1,PK,0.001,32
2410,2,spring_barley,2,KAS,0.01,31
2411,2,spring_barley,1,PK,0.001,32
2411,2,spring_barley,2,KAS,0.01,31
2414,2,spring_barley,1,PK,0.001,32
2414,2,spring_barley,2,KAS,0.01,31
2417,2,spring_barley,1,PK,0.001,32
2417,2,spring_barley,2,KAS,0.01,31
2418,2,spring_barley,1,PK,0.001,32
2418,2,spring_barley,2,KAS,0.01,31
2422,2,spring_barley,1,PK,0.001,32
2422,2,spring_barley,2,KAS,0.01,31
2423,2,spring_barley,1,PK,0.001,32
2423,2,spring_barley,2,KAS,0.01,31
2424,2,spring_barley,1,PK,0.001,32
2424,2,spring_barley,2,KAS,0.01,31
2425,2,spring_barley,1,PK,0.001,32
2425,2,spring_barley,2,KAS,0.01,31
2427,2,spring_barley,1,PK,0.001,32
2427,2,spring_barley,2,KAS,0.01,31
2430,2,spring_barley,1,PK,0.001,32
2430,2,spring_barley,2,KAS,0.01,31
2431,2,spring_barley,1,PK,0.001,32
2431,2,spring_barley,2,KAS,0.01,31
2432,2,spring_barley,1,PK,0.001,32
2432,2,spring_barley,2,KAS,0.01,31
2433,2,spring_barley,1,PK,0.001,32
2433,2,spring_barley,2,KAS,0.01,31
2435,2,spring_barley,1,PK,0.001,32
2435,2,spring_barley,2,KAS,0.01,31
2436,2,spring_barley,1,PK,0.001,32
2436,2,spring_barley,2,KAS,0.01,31
2438,2,spring_barley,1,PK,0.001,32
2438,2,spring_barley,2,KAS,0.01,31
2439,2,spring_barley,1,PK,0.001,32
2439,2,spring_barley,2,KAS,0.01,31
2440,2,spring_barley,1,PK,0.001,32
2440,2,spring_barley,2,KAS,0.01,31
2441,2,spring_barley,1,PK,0.001,32
2441,2,spring_barley,2,KAS,0.01,31
2442,2,spring_barley,1,PK,0.001,32
2442,2,spring_barley,2,KAS,0.01,31
2443,2,spring_barley,1,PK,0.001,32
2443,2,spring_barley,2,KAS,0.01,31
2444,2,spring_barley,1,PK,0.001,32
2444,2,spring_barley,2,KAS,0.01,31
2452,2,spring_barley,1,PK,0.001,32
2452,2,spring_barley,2,KAS,0.01,31
2455,2,spring_barley,1,PK,0.001,32
2455,2,spring_barley,2,KAS,0.01,31
2456,2,spring_barley,1,PK,0.001,32
2456,2,spring_barley,2,KAS,0.01,31
2458,2,spring_barley,1,PK,0.001,32
2458,2,spring_barley,2,KAS,0.01,31
2460,2,spring_barley,1,PK,0.001,32
2460,2,spring_barley,2,KAS,0.01,31
2463,2,spring_barley,1,PK,0.001,32
2463,2,spring_barley,2,KAS,0.01,31
2465,2,spring_barley,1,PK,0.001,32
2465,2,spring_barley,2,KAS,0.01,31
2468,2,spring_barley,1,PK,0.001,32
2468,2,spring_barley,2,KAS,0.01,31
2475,2,spring_barley,1,PK,0.001,32
2475,2,spring_barley,2,KAS,0.01,31
2479,2,spring_barley,1,PK,0.001,32
2479,2,spring_barley,2,KAS,0.01,31
2481,2,spring_barley,1,PK,0.001,32
2481,2,spring_barley,2,KAS,0.01,31
2482,2,spring_barley,1,PK,0.001,32
2482,2,spring_barley,2,KAS,0.01,31
2485,2,spring_barley,1,PK,0.001,32
2485,2,spring_barley,2,KAS,0.01,31
2486,2,spring_barley,1,PK,0.001,32
2486,2,spring_barley,2,KAS,0.01,31
2487,2,spring_barley,1,PK,0.001,32
2487,2,spring_barley,2,KAS,0.01,31
2488,2,spring_barley,1,PK,0.001,32
2488,2,spring_barley,2,KAS,0.01,31
2489,2,spring_barley,1,PK,0.001,32
2489,2,spring_barley,2,KAS,0.01,31
2491,2,spring_barley,1,PK,0.001,32
2491,2,spring_barley,2,KAS,0.01,31
2492,2,spring_barley,1,PK,0.001,32
2492,2,spring_barley,2,KAS,0.01,31
2493,2,spring_barley,1,PK,0.001,32
2493,2,spring_barley,2,KAS,0.01,31
2495,2,spring_barley,1,PK,0.001,32
2495,2,spring_barley,2,KAS,0.01,31
2497,2,spring_barley,1,PK,0.001,32
2497,2,spring_barley,2,KAS,0.01,31
2498,2,spring_barley,1,PK,0.001,32
2498,2,spring_barley,2,KAS,0.01,31
2499,2,spring_barley,1,PK,0.001,32
2499,2,spring_barley,2,KAS,0.01,31
2500,2,spring_barley,1,PK,0.001,32
2500,2,spring_barley,2,KAS,0.01,31
2501,2,spring_barley,1,PK,0.001,32
2501,2,spring_barley,2,KAS,0.01,31
2502,2,spring_barley,1,PK,0.001,32
2502,2,spring_barley,2,KAS,0.01,31
2503,2,spring_barley,1,PK,0.001,32
2503,2,spring_barley,2,KAS,0.01,31
2504,2,spring_barley,1,PK,0.001,32
2504,2,spring_barley,2,KAS,0.01,31
2505,2,spring_barley,1,PK,0.001,32
2505,2,spring_barley,2,KAS,0.01,31
2507,2,spring_barley,1,PK,0.001,32
2507,2,spring_barley,2,KAS,0.01,31
2508,2,spring_barley,1,PK,0.001,32
2508,2,spring_barley,2,KAS,0.01,31
2509,2,spring_barley,1,PK,0.001,32
2509,2,spring_barley,2,KAS,0.01,31
2510,2,spring_barley,1,PK,0.001,32
2510,2,spring_barley,2,KAS,0.01,31
2512,2,spring_barley,1,PK,0.001,32
2512,2,spring_barley,2,KAS,0.01,31
2513,2,spring_barley,1,PK,0.001,32
2513,2,spring_barley,2,KAS,0.01,31
2514,2,spring_barley,1,PK,0.001,32
2514,2,spring_barley,2,KAS,0.01,31
2515,2,spring_barley,1,PK,0.001,32
2515,2,spring_barley,2,KAS,0.01,31
2516,2,spring_barley,1,PK,0.001,32
2516,2,spring_barley,2,KAS,0.01,31
2517,2,spring_barley,1,PK,0.001,32
2517,2,spring_barley,2,KAS,0.01,31
2518,2,spring_barley,1,PK,0.001,32
2518,2,spring_barley,2,KAS,0.01,31
2519,2,spring_barley,1,PK,0.001,32
2519,2,spring_barley,2,KAS,0.01,31
2520,2,spring_barley,1,PK,0.001,32
2520,2,spring_barley,2,KAS,0.01,31
2524,2,spring_barley,1,PK,0.001,32
2524,2,spring_barley,2,KAS,0.01,31
2525,2,spring_barley,1,PK,0.001,32
2525,2,spring_barley,2,KAS,0.01,31
2528,2,spring_barley,1,PK,0.001,32
2528,2,spring_barley,2,KAS,0.01,31
2530,2,spring_barley,1,PK,0.001,32
2530,2,spring_barley,2,KAS,0.01,31
2531,2,spring_barley,1,PK,0.001,32
2531,2,spring_barley,2,KAS,0.01,31
2532,2,spring_barley,1,PK,0.001,32
2532,2,spring_barley,2,KAS,0.01,31
2533,2,spring_barley,1,PK,0.001,32
2533,2,spring_barley,2,KAS,0.01,31
2535,2,spring_barley,1,PK,0.001,32
2535,2,spring_barley,2,KAS,0.01,31
2537,2,spring_barley,1,PK,0.001,32
2537,2,spring_barley,2,KAS,0.01,31
2541,2,spring_barley,1,PK,0.001,32
2541,2,spring_barley,2,KAS,0.01,31
2542,2,spring_barley,1,PK,0.001,32
2542,2,spring_barley,2,KAS,0.01,31
2547,2,spring_barley,1,PK,0.001,32
2547,2,spring_barley,2,KAS,0.01,31
2548,2,spring_barley,1,PK,0.001,32
2548,2,spring_barley,2,KAS,0.01,31
2552,2,spring_barley,1,PK,0.001,32
2552,2,spring_barley,2,KAS,0.01,31
2553,2,spring_barley,1,PK,0.001,32
2553,2,spring_barley,2,KAS,0.01,31
2554,2,spring_barley,1,PK,0.001,32
2554,2,spring_barley,2,KAS,0.01,31
2557,2,spring_barley,1,PK,0.001,32
2557,2,spring_barley,2,KAS,0.01,31
2558,2,spring_barley,1,PK,0.001,32
2558,2,spring_barley,2,KAS,0.01,31
2560,2,spring_barley,1,PK,0.001,32
2560,2,spring_barley,2,KAS,0.01,31
2564,2,spring_barley,1,PK,0.001,32
2564,2,spring_barley,2,KAS,0.01,31
2567,2,spring_barley,1,PK,0.001,32
2567,2,spring_barley,2,KAS,0.01,31
2569,2,spring_barley,1,PK,0.001,32
2569,2,spring_barley,2,KAS,0.01,31
2570,2,spring_barley,1,PK,0.001,32
2570,2,spring_barley,2,KAS,0.01,31
2572,2,spring_barley,1,PK,0.001,32
2572,2,spring_barley,2,KAS,0.01,31
2573,2,spring_barley,1,PK,0.001,32
2573,2,spring_barley,2,KAS,0.01,31
2574,2,spring_barley,1,PK,0.001,32
2574,2,spring_barley,2,KAS,0.01,31
2575,2,spring_barley,1,PK,0.001,32
2575,2,spring_barley,2,KAS,0.01,31
2577,2,spring_barley,1,PK,0.001,32
2577,2,spring_barley,2,KAS,0.01,31
2578,2,spring_barley,1,PK,0.001,32
2578,2,spring_barley,2,KAS,0.01,31
2579,2,spring_barley,1,PK,0.001,32
2579,2,spring_barley,2,KAS,0.01,31
2580,2,spring_barley,1,PK,0.001,32
2580,2,spring_barley,2,KAS,0.01,31
2582,2,spring_barley,1,PK,0.001,32
2582,2,spring_barley,2,KAS,0.01,31
2583,2,spring_barley,1,PK,0.001,32
2583,2,spring_barley,2,KAS,0.01,31
2588,2,spring_barley,1,PK,0.001,32
2588,2,spring_barley,2,KAS,0.01,31
2590,2,spring_barley,1,PK,0.001,32
2590,2,spring_barley,2,KAS,0.01,31
2591,2,spring_barley,1,PK,0.001,32
2591,2,spring_barley,2,KAS,0.01,31
2592,2,spring_barley,1,PK,0.001,32
2592,2,spring_barley,2,KAS,0.01,31
2593,2,spring_barley,1,PK,0.001,32
2593,2,spring_barley,2,KAS,0.01,31
2595,2,spring_barley,1,PK,0.001,32
2595,2,spring_barley,2,KAS,0.01,31
2596,2,spring_barley,1,PK,0.001,32
2596,2,spring_barley,2,KAS,0.01,31
2598,2,spring_barley,1,PK,0.001,32
2598,2,spring_barley,2,KAS,0.01,31
2601,2,spring_barley,1,PK,0.001,32
2601,2,spring_barley,2,KAS,0.01,31
2602,2,spring_barley,1,PK,0.001,32
2602,2,spring_barley,2,KAS,0.01,31
2603,2,spring_barley,1,PK,0.001,32
2603,2,spring_barley,2,KAS,0.01,31
2604,2,spring_barley,1,PK,0.001,32
2604,2,spring_barley,2,KAS,0.01,31
2609,2,spring_barley,1,PK,0.001,32
2609,2,spring_barley,2,KAS,0.01,31
2610,2,spring_barley,1,PK,0.001,32
2610,2,spring_barley,2,KAS,0.01,31
2615,2,spring_barley,1,PK,0.001,32
2615,2,spring_barley,2,KAS,0.01,31
2616,2,spring_barley,1,PK,0.001,32
2616,2,spring_barley,2,KAS,0.01,31
2623,2,spring_barley,1,PK,0.001,32
2623,2,spring_barley,2,KAS,0.01,31
2628,2,spring_barley,1,PK,0.001,32
2628,2,spring_barley,2,KAS,0.01,31
2632,2,spring_barley,1,PK,0.001,32
2632,2,spring_barley,2,KAS,0.01,31
2633,2,spring_barley,1,PK,0.001,32
2633,2,spring_barley,2,KAS,0.01,31
2634,2,spring_barley,1,PK,0.001,32
2634,2,spring_barley,2,KAS,0.01,31
2635,2,spring_barley,1,PK,0.001,32
2635,2,spring_barley,2,KAS,0.01,31
2636,2,spring_barley,1,PK,0.001,32
2636,2,spring_barley,2,KAS,0.01,31
2638,2,spring_barley,1,PK,0.001,32
2638,2,spring_barley,2,KAS,0.01,31
2643,2,spring_barley,1,PK,0.001,32
2643,2,spring_barley,2,KAS,0.01,31
2644,2,spring_barley,1,PK,0.001,32
2644,2,spring_barley,2,KAS,0.01,31
2646,2,spring_barley,1,PK,0.001,32
2646,2,spring_barley,2,KAS,0.01,31
2647,2,spring_barley,1,PK,0.001,32
2647,2,spring_barley,2,KAS,0.01,31
2648,2,spring_barley,1,PK,0.001,32
2648,2,spring_barley,2,KAS,0.01,31
2649,2,spring_barley,1,PK,0.001,32
2649,2,spring_barley,2,KAS,0.01,31
2650,2,spring_barley,1,PK,0.001,32
2650,2,spring_barley,2,KAS,0.01,31
2651,2,spring_barley,1,PK,0.001,32
2651,2,spring_barley,2,KAS,0.01,31
2652,2,spring_barley,1,PK,0.001,32
2652,2,spring_barley,2,KAS,0.01,31
2654,2,spring_barley,1,PK,0.001,32
2654,2,spring_barley,2,KAS,0.01,31
2655,2,spring_barley,1,PK,0.001,32
2655,2,spring_barley,2,KAS,0.01,31
2656,2,spring_barley,1,PK,0.001,32
2656,2,spring_barley,2,KAS,0.01,31
2657,2,spring_barley,1,PK,0.001,32
2657,2,spring_barley,2,KAS,0.01,31
2659,2,spring_barley,1,PK,0.001,32
2659,2,spring_barley,2,KAS,0.01,31
2660,2,spring_barley,1,PK,0.001,32
2660,2,spring_barley,2,KAS,0.01,31
2661,2,spring_barley,1,PK,0.001,32
2661,2,spring_barley,2,KAS,0.01,31
2663,2,spring_barley,1,PK,0.001,32
2663,2,spring_barley,2,KAS,0.01,31
2664,2,spring_barley,1,PK,0.001,32
2664,2,spring_barley,2,KAS,0.01,31
2665,2,spring_barley,1,PK,0.001,32
2665,2,spring_barley,2,KAS,0.01,31
2666,2,spring_barley,1,PK,0.001,32
2666,2,spring_barley,2,KAS,0.01,31
2667,2,spring_barley,1,PK,0.001,32
2667,2,spring_barley,2,KAS,0.01,31
2668,2,spring_barley,1,PK,0.001,32
2668,2,spring_barley,2,KAS,0.01,31
2669,2,spring_barley,1,PK,0.001,32
2669,2,spring_barley,2,KAS,0.01,31
2670,2,spring_barley,1,PK,0.001,32
2670,2,spring_barley,2,KAS,0.01,31
2671,2,spring_barley,1,PK,0.001,32
2671,2,spring_barley,2,KAS,0.01,31
2672,2,spring_barley,1,PK,0.001,32
2672,2,spring_barley,2,KAS,0.01,31
2673,2,spring_barley,1,PK,0.001,32
2673,2,spring_barley,2,KAS,0.01,31
2674,2,spring_barley,1,PK,0.001,32
2674,2,spring_barley,2,KAS,0.01,31
2677,2,spring_barley,1,PK,0.001,32
2677,2,spring_barley,2,KAS,0.01,31
2679,2,spring_barley,1,PK,0.001,32
2679,2,spring_barley,2,KAS,0.01,31
2681,2,spring_barley,1,PK,0.001,32
2681,2,spring_barley,2,KAS,0.01,31
2682,2,spring_barley,1,PK,0.001,32
2682,2,spring_barley,2,KAS,0.01,31
2683,2,spring_barley,1,PK,0.001,32
2683,2,spring_barley,2,KAS,0.01,31
2684,2,spring_barley,1,PK,0.001,32
2684,2,spring_barley,2,KAS,0.01,31
2687,2,spring_barley,1,PK,0.001,32
2687,2,spring_barley,2,KAS,0.01,31
2690,2,spring_barley,1,PK,0.001,32
2690,2,spring_barley,2,KAS,0.01,31
2691,2,spring_barley,1,PK,0.001,32
2691,2,spring_barley,2,KAS,0.01,31
2697,2,spring_barley,1,PK,0.001,32
2697,2,spring_barley,2,KAS,0.01,31
2698,2,spring_barley,1,PK,0.001,32
2698,2,spring_barley,2,KAS,0.01,31
2700,2,spring_barley,1,PK,0.001,32
2700,2,spring_barley,2,KAS,0.01,31
2702,2,spring_barley,1,PK,0.001,32
2702,2,spring_barley,2,KAS,0.01,31
2704,2,spring_barley,1,PK,0.001,32
2704,2,spring_barley,2,KAS,0.01,31
2708,2,spring_barley,1,PK,0.001,32
2708,2,spring_barley,2,KAS,0.01,31
2712,2,spring_barley,1,PK,0.001,32
2712,2,spring_barley,2,KAS,0.01,31
2716,2,spring_barley,1,PK,0.001,32
2716,2,spring_barley,2,KAS,0.01,31
2717,2,spring_barley,1,PK,0.001,32
2717,2,spring_barley,2,KAS,0.01,31
2718,2,spring_barley,1,PK,0.001,32
2718,2,spring_barley,2,KAS,0.01,31
2719,2,spring_barley,1,PK,0.001,32
2719,2,spring_barley,2,KAS,0.01,31
2721,2,spring_barley,1,PK,0.001,32
2721,2,spring_barley,2,KAS,0.01,31
2724,2,spring_barley,1,PK,0.001,32
2724,2,spring_barley,2,KAS,0.01,31
2725,2,spring_barley,1,PK,0.001,32
2725,2,spring_barley,2,KAS,0.01,31
2726,2,spring_barley,1,PK,0.001,32
2726,2,spring_barley,2,KAS,0.01,31
2727,2,spring_barley,1,PK,0.001,32
2727,2,spring_barley,2,KAS,0.01,31
2728,2,spring_barley,1,PK,0.001,32
2728,2,spring_barley,2,KAS,0.01,31
2729,2,spring_barley,1,PK,0.001,32
2729,2,spring_barley,2,KAS,0.01,31
2730,2,spring_barley,1,PK,0.001,32
2730,2,spring_barley,2,KAS,0.01,31
2731,2,spring_barley,1,PK,0.001,32
2731,2,spring_barley,2,KAS,0.01,31
2732,2,spring_barley,1,PK,0.001,32
2732,2,spring_barley,2,KAS,0.01,31
2733,2,spring_barley,1,PK,0.001,32
2733,2,spring_barley,2,KAS,0.01,31
2734,2,spring_barley,1,PK,0.001,32
2734,2,spring_barley,2,KAS,0.01,31
2738,2,spring_barley,1,PK,0.001,32
2738,2,spring_barley,2,KAS,0.01,31
2739,2,spring_barley,1,PK,0.001,32
2739,2,spring_barley,2,KAS,0.01,31
2741,2,spring_barley,1,PK,0.001,32
2741,2,spring_barley,2,KAS,0.01,31
2742,2,spring_barley,1,PK,0.001,32
2742,2,spring_barley,2,KAS,0.01,31
2744,2,spring_barley,1,PK,0.001,32
2744,2,spring_barley,2,KAS,0.01,31
2745,2,spring_barley,1,PK,0.001,32
2745,2,spring_barley,2,KAS,0.01,31
2746,2,spring_barley,1,PK,0.001,32
2746,2,spring_barley,2,KAS,0.01,31
2747,2,spring_barley,1,PK,0.001,32
2747,2,spring_barley,2,KAS,0.01,31
2749,2,spring_barley,1,PK,0.001,32
2749,2,spring_barley,2,KAS,0.01,31
2751,2,spring_barley,1,PK,0.001,32
2751,2,spring_barley,2,KAS,0.01,31
2753,2,spring_barley,1,PK,0.001,32
2753,2,spring_barley,2,KAS,0.01,31
2755,2,spring_barley,1,PK,0.001,32
2755,2,spring_barley,2,KAS,0.01,31
2760,2,spring_barley,1,PK,0.001,32
2760,2,spring_barley,2,KAS,0.01,31
2761,2,spring_barley,1,PK,0.001,32
2761,2,spring_barley,2,KAS,0.01,31
2762,2,spring_barley,1,PK,0.001,32
2762,2,spring_barley,2,KAS,0.01,31
2764,2,spring_barley,1,PK,0.001,32
2764,2,spring_barley,2,KAS,0.01,31
2765,2,spring_barley,1,PK,0.001,32
2765,2,spring_barley,2,KAS,0.01,31
2766,2,spring_barley,1,PK,0.001,32
2766,2,spring_barley,2,KAS,0.01,31
2767,2,spring_barley,1,PK,0.001,32
2767,2,spring_barley,2,KAS,0.01,31
2770,2,spring_barley,1,PK,0.001,32
2770,2,spring_barley,2,KAS,0.01,31
2773,2,spring_barley,1,PK,0.001,32
2773,2,spring_barley,2,KAS,0.01,31
2776,2,spring_barley,1,PK,0.001,32
2776,2,spring_barley,2,KAS,0.01,31
2777,2,spring_barley,1,PK,0.001,32
2777,2,spring_barley,2,KAS,0.01,31
2779,2,spring_barley,1,PK,0.001,32
2779,2,spring_barley,2,KAS,0.01,31
2781,2,spring_barley,1,PK,0.001,32
2781,2,spring_barley,2,KAS,0.01,31
2787,2,spring_barley,1,PK,0.001,32
2787,2,spring_barley,2,KAS,0.01,31
2788,2,spring_barley,1,PK,0.001,32
2788,2,spring_barley,2,KAS,0.01,31
2790,2,spring_barley,1,PK,0.001,32
2790,2,spring_barley,2,KAS,0.01,31
2791,2,spring_barley,1,PK,0.001,32
2791,2,spring_barley,2,KAS,0.01,31
2792,2,spring_barley,1,PK,0.001,32
2792,2,spring_barley,2,KAS,0.01,31
2793,2,spring_barley,1,PK,0.001,32
2793,2,spring_barley,2,KAS,0.01,31
2794,2,spring_barley,1,PK,0.001,32
2794,2,spring_barley,2,KAS,0.01,31
2795,2,spring_barley,1,PK,0.001,32
2795,2,spring_barley,2,KAS,0.01,31
2798,2,spring_barley,1,PK,0.001,32
2798,2,spring_barley,2,KAS,0.01,31
2799,2,spring_barley,1,PK,0.001,32
2799,2,spring_barley,2,KAS,0.01,31
2803,2,spring_barley,1,PK,0.001,32
2803,2,spring_barley,2,KAS,0.01,31
2804,2,spring_barley,1,PK,0.001,32
2804,2,spring_barley,2,KAS,0.01,31
2805,2,spring_barley,1,PK,0.001,32
2805,2,spring_barley,2,KAS,0.01,31
2806,2,spring_barley,1,PK,0.001,32
2806,2,spring_barley,2,KAS,0.01,31
2807,2,spring_barley,1,PK,0.001,32
2807,2,spring_barley,2,KAS,0.01,31
2808,2,spring_barley,1,PK,0.001,32
2808,2,spring_barley,2,KAS,0.01,31
2809,2,spring_barley,1,PK,0.001,32
2809,2,spring_barley,2,KAS,0.01,31
2810,2,spring_barley,1,PK,0.001,32
2810,2,spring_barley,2,KAS,0.01,31
2811,2,spring_barley,1,PK,0.001,32
2811,2,spring_barley,2,KAS,0.01,31
2812,2,spring_barley,1,PK,0.001,32
2812,2,spring_barley,2,KAS,0.01,31
2813,2,spring_barley,1,PK,0.001,32
2813,2,spring_barley,2,KAS,0.01,31
2814,2,spring_barley,1,PK,0.001,32
2814,2,spring_barley,2,KAS,0.01,31
2815,2,spring_barley,1,PK,0.001,32
2815,2,spring_barley,2,KAS,0.01,31
2816,2,spring_barley,1,PK,0.001,32
2816,2,spring_barley,2,KAS,0.01,31
2817,2,spring_barley,1,PK,0.001,32
2817,2,spring_barley,2,KAS,0.01,31
2818,2,spring_barley,1,PK,0.001,32
2818,2,spring_barley,2,KAS,0.01,31
2822,2,spring_barley,1,PK,0.001,32
2822,2,spring_barley,2,KAS,0.01,31
2823,2,spring_barley,1,PK,0.001,32
2823,2,spring_barley,2,KAS,0.01,31
2825,2,spring_barley,1,PK,0.001,32
2825,2,spring_barley,2,KAS,0.01,31
2826,2,spring_barley,1,PK,0.001,32
2826,2,spring_barley,2,KAS,0.01,31
2827,2,spring_barley,1,PK,0.001,32
2827,2,spring_barley,2,KAS,0.01,31
2828,2,spring_barley,1,PK,0.001,32
2828,2,spring_barley,2,KAS,0.01,31
2829,2,spring_barley,1,PK,0.001,32
2829,2,spring_barley,2,KAS,0.01,31
2830,2,spring_barley,1,PK,0.001,32
2830,2,spring_barley,2,KAS,0.01,31
2833,2,spring_barley,1,PK,0.001,32
2833,2,spring_barley,2,KAS,0.01,31
2839,2,spring_barley,1,PK,0.001,32
2839,2,spring_barley,2,KAS,0.01,31
2840,2,spring_barley,1,PK,0.001,32
2840,2,spring_barley,2,KAS,0.01,31
2841,2,spring_barley,1,PK,0.001,32
2841,2,spring_barley,2,KAS,0.01,31
2844,2,spring_barley,1,PK,0.001,32
2844,2,spring_barley,2,KAS,0.01,31
2845,2,spring_barley,1,PK,0.001,32
2845,2,spring_barley,2,KAS,0.01,31
2847,2,spring_barley,1,PK,0.001,32
2847,2,spring_barley,2,KAS,0.01,31
2848,2,spring_barley,1,PK,0.001,32
2848,2,spring_barley,2,KAS,0.01,31
2849,2,spring_barley,1,PK,0.001,32
2849,2,spring_barley,2,KAS,0.01,31
2850,2,spring_barley,1,PK,0.001,32
2850,2,spring_barley,2,KAS,0.01,31
2851,2,spring_barley,1,PK,0.001,32
2851,2,spring_barley,2,KAS,0.01,31
2855,2,spring_barley,1,PK,0.001,32
2855,2,spring_barley,2,KAS,0.01,31
2857,2,spring_barley,1,PK,0.001,32
2857,2,spring_barley,2,KAS,0.01,31
2860,2,spring_barley,1,PK,0.001,32
2860,2,spring_barley,2,KAS,0.01,31
2869,2,spring_barley,1,PK,0.001,32
2869,2,spring_barley,2,KAS,0.01,31
2873,2,spring_barley,1,PK,0.001,32
2873,2,spring_barley,2,KAS,0.01,31
2874,2,spring_barley,1,PK,0.001,32
2874,2,spring_barley,2,KAS,0.01,31
2875,2,spring_barley,1,PK,0.001,32
2875,2,spring_barley,2,KAS,0.01,31
2880,2,spring_barley,1,PK,0.001,32
2880,2,spring_barley,2,KAS,0.01,31
2881,2,spring_barley,1,PK,0.001,32
2881,2,spring_barley,2,KAS,0.01,31
2883,2,spring_barley,1,PK,0.001,32
2883,2,spring_barley,2,KAS,0.01,31
2884,2,spring_barley,1,PK,0.001,32
2884,2,spring_barley,2,KAS,0.01,31
2885,2,spring_barley,1,PK,0.001,32
2885,2,spring_barley,2,KAS,0.01,31
2886,2,spring_barley,1,PK,0.001,32
2886,2,spring_barley,2,KAS,0.01,31
2887,2,spring_barley,1,PK,0.001,32
2887,2,spring_barley,2,KAS,0.01,31
2888,2,spring_barley,1,PK,0.001,32
2888,2,spring_barley,2,KAS,0.01,31
2889,2,spring_barley,1,PK,0.001,32
2889,2,spring_barley,2,KAS,0.01,31
2890,2,spring_barley,1,PK,0.001,32
2890,2,spring_barley,2,KAS,0.01,31
2891,2,spring_barley,1,PK,0.001,32
2891,2,spring_barley,2,KAS,0.01,31
2892,2,spring_barley,1,PK,0.001,32
2892,2,spring_barley,2,KAS,0.01,31
2893,2,spring_barley,1,PK,0.001,32
2893,2,spring_barley,2,KAS,0.01,31
2894,2,spring_barley,1,PK,0.001,32
2894,2,spring_barley,2,KAS,0.01,31
2895,2,spring_barley,1,PK,0.001,32
2895,2,spring_barley,2,KAS,0.01,31
2897,2,spring_barley,1,PK,0.001,32
2897,2,spring_barley,2,KAS,0.01,31
2898,2,spring_barley,1,PK,0.001,32
2898,2,spring_barley,2,KAS,0.01,31
2899,2,spring_barley,1,PK,0.001,32
2899,2,spring_barley,2,KAS,0.01,31
2900,2,spring_barley,1,PK,0.001,32
2900,2,spring_barley,2,KAS,0.01,31
2901,2,spring_barley,1,PK,0.001,32
2901,2,spring_barley,2,KAS,0.01,31
2902,2,spring_barley,1,PK,0.001,32
2902,2,spring_barley,2,KAS,0.01,31
2904,2,spring_barley,1,PK,0.001,32
2904,2,spring_barley,2,KAS,0.01,31
2905,2,spring_barley,1,PK,0.001,32
2905,2,spring_barley,2,KAS,0.01,31
2906,2,spring_barley,1,PK,0.001,32
2906,2,spring_barley,2,KAS,0.01,31
2907,2,spring_barley,1,PK,0.001,32
2907,2,spring_barley,2,KAS,0.01,31
2908,2,spring_barley,1,PK,0.001,32
2908,2,spring_barley,2,KAS,0.01,31
2909,2,spring_barley,1,PK,0.001,32
2909,2,spring_barley,2,KAS,0.01,31
2910,2,spring_barley,1,PK,0.001,32
2910,2,spring_barley,2,KAS,0.01,31
2912,2,spring_barley,1,PK,0.001,32
2912,2,spring_barley,2,KAS,0.01,31
2914,2,spring_barley,1,PK,0.001,32
2914,2,spring_barley,2,KAS,0.01,31
2915,2,spring_barley,1,PK,0.001,32
2915,2,spring_barley,2,KAS,0.01,31
2919,2,spring_barley,1,PK,0.001,32
2919,2,spring_barley,2,KAS,0.01,31
2920,2,spring_barley,1,PK,0.001,32
2920,2,spring_barley,2,KAS,0.01,31
2921,2,spring_barley,1,PK,0.001,32
2921,2,spring_barley,2,KAS,0.01,31
2922,2,spring_barley,1,PK,0.001,32
2922,2,spring_barley,2,KAS,0.01,31
2929,2,spring_barley,1,PK,0.001,32
2929,2,spring_barley,2,KAS,0.01,31
2931,2,spring_barley,1,PK,0.001,32
2931,2,spring_barley,2,KAS,0.01,31
2932,2,spring_barley,1,PK,0.001,32
2932,2,spring_barley,2,KAS,0.01,31
2936,2,spring_barley,1,PK,0.001,32
2936,2,spring_barley,2,KAS,0.01,31
2939,2,spring_barley,1,PK,0.001,32
2939,2,spring_barley,2,KAS,0.01,31
2942,2,spring_barley,1,PK,0.001,32
2942,2,spring_barley,2,KAS,0.01,31
2945,2,spring_barley,1,PK,0.001,32
2945,2,spring_barley,2,KAS,0.01,31
2946,2,spring_barley,1,PK,0.001,32
2946,2,spring_barley,2,KAS,0.01,31
2947,2,spring_barley,1,PK,0.001,32
2947,2,spring_barley,2,KAS,0.01,31
2948,2,spring_barley,1,PK,0.001,32
2948,2,spring_barley,2,KAS,0.01,31
2950,2,spring_barley,1,PK,0.001,32
2950,2,spring_barley,2,KAS,0.01,31
2956,2,spring_barley,1,PK,0.001,32
2956,2,spring_barley,2,KAS,0.01,31
2957,2,spring_barley,1,PK,0.001,32
2957,2,spring_barley,2,KAS,0.01,31
2958,2,spring_barley,1,PK,0.001,32
2958,2,spring_barley,2,KAS,0.01,31
2959,2,spring_barley,1,PK,0.001,32
2959,2,spring_barley,2,KAS,0.01,31
2960,2,spring_barley,1,PK,0.001,32
2960,2,spring_barley,2,KAS,0.01,31
2961,2,spring_barley,1,PK,0.001,32
2961,2,spring_barley,2,KAS,0.01,31
2962,2,spring_barley,1,PK,0.001,32
2962,2,spring_barley,2,KAS,0.01,31
2963,2,spring_barley,1,PK,0.001,32
2963,2,spring_barley,2,KAS,0.01,31
2965,2,spring_barley,1,PK,0.001,32
2965,2,spring_barley,2,KAS,0.01,31
2966,2,spring_barley,1,PK,0.001,32
2966,2,spring_barley,2,KAS,0.01,31
2967,2,spring_barley,1,PK,0.001,32
2967,2,spring_barley,2,KAS,0.01,31
2969,2,spring_barley,1,PK,0.001,32
2969,2,spring_barley,2,KAS,0.01,31
2971,2,spring_barley,1,PK,0.001,32
2971,2,spring_barley,2,KAS,0.01,31
2972,2,spring_barley,1,PK,0.001,32
2972,2,spring_barley,2,KAS,0.01,31
2973,2,spring_barley,1,PK,0.001,32
2973,2,spring_barley,2,KAS,0.01,31
2974,2,spring_barley,1,PK,0.001,32
2974,2,spring_barley,2,KAS,0.01,31
2976,2,spring_barley,1,PK,0.001,32
2976,2,spring_barley,2,KAS,0.01,31
2977,2,spring_barley,1,PK,0.001,32
2977,2,spring_barley,2,KAS,0.01,31
2978,2,spring_barley,1,PK,0.001,32
2978,2,spring_barley,2,KAS,0.01,31
2979,2,spring_barley,1,PK,0.001,32
2979,2,spring_barley,2,KAS,0.01,31
2980,2,spring_barley,1,PK,0.001,32
2980,2,spring_barley,2,KAS,0.01,31
2981,2,spring_barley,1,PK,0.001,32
2981,2,spring_barley,2,KAS,0.01,31
2982,2,spring_barley,1,PK,0.001,32
2982,2,spring_barley,2,KAS,0.01,31
2986,2,spring_barley,1,PK,0.001,32
2986,2,spring_barley,2,KAS,0.01,31
2987,2,spring_barley,1,PK,0.001,32
2987,2,spring_barley,2,KAS,0.01,31
2988,2,spring_barley,1,PK,0.001,32
2988,2,spring_barley,2,KAS,0.01,31
2992,2,spring_barley,1,PK,0.001,32
2992,2,spring_barley,2,KAS,0.01,31
2994,2,spring_barley,1,PK,0.001,32
2994,2,spring_barley,2,KAS,0.01,31
2996,2,spring_barley,1,PK,0.001,32
2996,2,spring_barley,2,KAS,0.01,31
2998,2,spring_barley,1,PK,0.001,32
2998,2,spring_barley,2,KAS,0.01,31
2999,2,spring_barley,1,PK,0.001,32
2999,2,spring_barley,2,KAS,0.01,31
3000,2,spring_barley,1,PK,0.001,32
3000,2,spring_barley,2,KAS,0.01,31
3005,2,spring_barley,1,PK,0.001,32
3005,2,spring_barley,2,KAS,0.01,31
3007,2,spring_barley,1,PK,0.001,32
3007,2,spring_barley,2,KAS,0.01,31
3008,2,spring_barley,1,PK,0.001,32
3008,2,spring_barley,2,KAS,0.01,31
3013,2,spring_barley,1,PK,0.001,32
3013,2,spring_barley,2,KAS,0.01,31
3014,2,spring_barley,1,PK,0.001,32
3014,2,spring_barley,2,KAS,0.01,31
3016,2,spring_barley,1,PK,0.001,32
3016,2,spring_barley,2,KAS,0.01,31
3018,2,spring_barley,1,PK,0.001,32
3018,2,spring_barley,2,KAS,0.01,31
3019,2,spring_barley,1,PK,0.001,32
3019,2,spring_barley,2,KAS,0.01,31
3022,2,spring_barley,1,PK,0.001,32
3022,2,spring_barley,2,KAS,0.01,31
3023,2,spring_barley,1,PK,0.001,32
3023,2,spring_barley,2,KAS,0.01,31
3029,2,spring_barley,1,PK,0.001,32
3029,2,spring_barley,2,KAS,0.01,31
3030,2,spring_barley,1,PK,0.001,32
3030,2,spring_barley,2,KAS,0.01,31
3033,2,spring_barley,1,PK,0.001,32
3033,2,spring_barley,2,KAS,0.01,31
3034,2,spring_barley,1,PK,0.001,32
3034,2,spring_barley,2,KAS,0.01,31
3035,2,spring_barley,1,PK,0.001,32
3035,2,spring_barley,2,KAS,0.01,31
3036,2,spring_barley,1,PK,0.001,32
3036,2,spring_barley,2,KAS,0.01,31
3037,2,spring_barley,1,PK,0.001,32
3037,2,spring_barley,2,KAS,0.01,31
3038,2,spring_barley,1,PK,0.001,32
3038,2,spring_barley,2,KAS,0.01,31
3039,2,spring_barley,1,PK,0.001,32
3039,2,spring_barley,2,KAS,0.01,31
3040,2,spring_barley,1,PK,0.001,32
3040,2,spring_barley,2,KAS,0.01,31
3043,2,spring_barley,1,PK,0.001,32
3043,2,spring_barley,2,KAS,0.01,31
3045,2,spring_barley,1,PK,0.001,32
3045,2,spring_barley,2,KAS,0.01,31
3047,2,spring_barley,1,PK,0.001,32
3047,2,spring_barley,2,KAS,0.01,31
3048,2,spring_barley,1,PK,0.001,32
3048,2,spring_barley,2,KAS,0.01,31
3050,2,spring_barley,1,PK,0.001,32
3050,2,spring_barley,2,KAS,0.01,31
3051,2,spring_barley,1,PK,0.001,32
3051,2,spring_barley,2,KAS,0.01,31
3052,2,spring_barley,1,PK,0.001,32
3052,2,spring_barley,2,KAS,0.01,31
3053,2,spring_barley,1,PK,0.001,32
3053,2,spring_barley,2,KAS,0.01,31
3055,2,spring_barley,1,PK,0.001,32
3055,2,spring_barley,2,KAS,0.01,31
3056,2,spring_barley,1,PK,0.001,32
3056,2,spring_barley,2,KAS,0.01,31
3058,2,spring_barley,1,PK,0.001,32
3058,2,spring_barley,2,KAS,0.01,31
3059,2,spring_barley,1,PK,0.001,32
3059,2,spring_barley,2,KAS,0.01,31
3060,2,spring_barley,1,PK,0.001,32
3060,2,spring_barley,2,KAS,0.01,31
3062,2,spring_barley,1,PK,0.001,32
3062,2,spring_barley,2,KAS,0.01,31
3066,2,spring_barley,1,PK,0.001,32
3066,2,spring_barley,2,KAS,0.01,31
3067,2,spring_barley,1,PK,0.001,32
3067,2,spring_barley,2,KAS,0.01,31
3068,2,spring_barley,1,PK,0.001,32
3068,2,spring_barley,2,KAS,0.01,31
3069,2,spring_barley,1,PK,0.001,32
3069,2,spring_barley,2,KAS,0.01,31
3070,2,spring_barley,1,PK,0.001,32
3070,2,spring_barley,2,KAS,0.01,31
3071,2,spring_barley,1,PK,0.001,32
3071,2,spring_barley,2,KAS,0.01,31
3074,2,spring_barley,1,PK,0.001,32
3074,2,spring_barley,2,KAS,0.01,31
3076,2,spring_barley,1,PK,0.001,32
3076,2,spring_barley,2,KAS,0.01,31
3090,2,spring_barley,1,PK,0.001,32
3090,2,spring_barley,2,KAS,0.01,31
3091,2,spring_barley,1,PK,0.001,32
3091,2,spring_barley,2,KAS,0.01,31
3092,2,spring_barley,1,PK,0.001,32
3092,2,spring_barley,2,KAS,0.01,31
3093,2,spring_barley,1,PK,0.001,32
3093,2,spring_barley,2,KAS,0.01,31
3094,2,spring_barley,1,PK,0.001,32
3094,2,spring_barley,2,KAS,0.01,31
3096,2,spring_barley,1,PK,0.001,32
3096,2,spring_barley,2,KAS,0.01,31
3097,2,spring_barley,1,PK,0.001,32
3097,2,spring_barley,2,KAS,0.01,31
3098,2,spring_barley,1,PK,0.001,32
3098,2,spring_barley,2,KAS,0.01,31
3099,2,spring_barley,1,PK,0.001,32
3099,2,spring_barley,2,KAS,0.01,31
3100,2,spring_barley,1,PK,0.001,32
3100,2,spring_barley,2,KAS,0.01,31
3101,2,spring_barley,1,PK,0.001,32
3101,2,spring_barley,2,KAS,0.01,31
3102,2,spring_barley,1,PK,0.001,32
3102,2,spring_barley,2,KAS,0.01,31
3106,2,spring_barley,1,PK,0.001,32
3106,2,spring_barley,2,KAS,0.01,31
3107,2,spring_barley,1,PK,0.001,32
3107,2,spring_barley,2,KAS,0.01,31
3110,2,spring_barley,1,PK,0.001,32
3110,2,spring_barley,2,KAS,0.01,31
3112,2,spring_barley,1,PK,0.001,32
3112,2,spring_barley,2,KAS,0.01,31
3113,2,spring_barley,1,PK,0.001,32
3113,2,spring_barley,2,KAS,0.01,31
3116,2,spring_barley,1,PK,0.001,32
3116,2,spring_barley,2,KAS,0.01,31
3117,2,spring_barley,1,PK,0.001,32
3117,2,spring_barley,2,KAS,0.01,31
3118,2,spring_barley,1,PK,0.001,32
3118,2,spring_barley,2,KAS,0.01,31
3119,2,spring_barley,1,PK,0.001,32
3119,2,spring_barley,2,KAS,0.01,31
3120,2,spring_barley,1,PK,0.001,32
3120,2,spring_barley,2,KAS,0.01,31
3121,2,spring_barley,1,PK,0.001,32
3121,2,spring_barley,2,KAS,0.01,31
3126,2,spring_barley,1,PK,0.001,32
3126,2,spring_barley,2,KAS,0.01,31
3129,2,spring_barley,1,PK,0.001,32
3129,2,spring_barley,2,KAS,0.01,31
3131,2,spring_barley,1,PK,0.001,32
3131,2,spring_barley,2,KAS,0.01,31
3133,2,spring_barley,1,PK,0.001,32
3133,2,spring_barley,2,KAS,0.01,31
3134,2,spring_barley,1,PK,0.001,32
3134,2,spring_barley,2,KAS,0.01,31
3138,2,spring_barley,1,PK,0.001,32
3138,2,spring_barley,2,KAS,0.01,31
3139,2,spring_barley,1,PK,0.001,32
3139,2,spring_barley,2,KAS,0.01,31
3140,2,spring_barley,1,PK,0.001,32
3140,2,spring_barley,2,KAS,0.01,31
3143,2,spring_barley,1,PK,0.001,32
3143,2,spring_barley,2,KAS,0.01,31
3145,2,spring_barley,1,PK,0.001,32
3145,2,spring_barley,2,KAS,0.01,31
3154,2,spring_barley,1,PK,0.001,32
3154,2,spring_barley,2,KAS,0.01,31
3155,2,spring_barley,1,PK,0.001,32
3155,2,spring_barley,2,KAS,0.01,31
3158,2,spring_barley,1,PK,0.001,32
3158,2,spring_barley,2,KAS,0.01,31
3161,2,spring_barley,1,PK,0.001,32
3161,2,spring_barley,2,KAS,0.01,31
3162,2,spring_barley,1,PK,0.001,32
3162,2,spring_barley,2,KAS,0.01,31
3163,2,spring_barley,1,PK,0.001,32
3163,2,spring_barley,2,KAS,0.01,31
3164,2,spring_barley,1,PK,0.001,32
3164,2,spring_barley,2,KAS,0.01,31
3165,2,spring_barley,1,PK,0.001,32
3165,2,spring_barley,2,KAS,0.01,31
3166,2,spring_barley,1,PK,0.001,32
3166,2,spring_barley,2,KAS,0.01,31
3167,2,spring_barley,1,PK,0.001,32
3167,2,spring_barley,2,KAS,0.01,31
3169,2,spring_barley,1,PK,0.001,32
3169,2,spring_barley,2,KAS,0.01,31
3170,2,spring_barley,1,PK,0.001,32
3170,2,spring_barley,2,KAS,0.01,31
3171,2,spring_barley,1,PK,0.001,32
3171,2,spring_barley,2,KAS,0.01,31
3175,2,spring_barley,1,PK,0.001,32
3175,2,spring_barley,2,KAS,0.01,31
3176,2,spring_barley,1,PK,0.001,32
3176,2,spring_barley,2,KAS,0.01,31
3177,2,spring_barley,1,PK,0.001,32
3177,2,spring_barley,2,KAS,0.01,31
3179,2,spring_barley,1,PK,0.001,32
3179,2,spring_barley,2,KAS,0.01,31
3180,2,spring_barley,1,PK,0.001,32
3180,2,spring_barley,2,KAS,0.01,31
3181,2,spring_barley,1,PK,0.001,32
3181,2,spring_barley,2,KAS,0.01,31
3182,2,spring_barley,1,PK,0.001,32
3182,2,spring_barley,2,KAS,0.01,31
3184,2,spring_barley,1,PK,0.001,32
3184,2,spring_barley,2,KAS,0.01,31
3185,2,spring_barley,1,PK,0.001,32
3185,2,spring_barley,2,KAS,0.01,31
3186,2,spring_barley,1,PK,0.001,32
3186,2,spring_barley,2,KAS,0.01,31
3187,2,spring_barley,1,PK,0.001,32
3187,2,spring_barley,2,KAS,0.01,31
3188,2,spring_barley,1,PK,0.001,32
3188,2,spring_barley,2,KAS,0.01,31
3189,2,spring_barley,1,PK,0.001,32
3189,2,spring_barley,2,KAS,0.01,31
3193,2,spring_barley,1,PK,0.001,32
3193,2,spring_barley,2,KAS,0.01,31
3197,2,spring_barley,1,PK,0.001,32
3197,2,spring_barley,2,KAS,0.01,31
3198,2,spring_barley,1,PK,0.001,32
3198,2,spring_barley,2,KAS,0.01,31
3200,2,spring_barley,1,PK,0.001,32
3200,2,spring_barley,2,KAS,0.01,31
3203,2,spring_barley,1,PK,0.001,32
3203,2,spring_barley,2,KAS,0.01,31
3204,2,spring_barley,1,PK,0.001,32
3204,2,spring_barley,2,KAS,0.01,31
3205,2,spring_barley,1,PK,0.001,32
3205,2,spring_barley,2,KAS,0.01,31
3206,2,spring_barley,1,PK,0.001,32
3206,2,spring_barley,2,KAS,0.01,31
3207,2,spring_barley,1,PK,0.001,32
3207,2,spring_barley,2,KAS,0.01,31
3209,2,spring_barley,1,PK,0.001,32
3209,2,spring_barley,2,KAS,0.01,31
3210,2,spring_barley,1,PK,0.001,32
3210,2,spring_barley,2,KAS,0.01,31
3217,2,spring_barley,1,PK,0.001,32
3217,2,spring_barley,2,KAS,0.01,31
3218,2,spring_barley,1,PK,0.001,32
3218,2,spring_barley,2,KAS,0.01,31
3221,2,spring_barley,1,PK,0.001,32
3221,2,spring_barley,2,KAS,0.01,31
3223,2,spring_barley,1,PK,0.001,32
3223,2,spring_barley,2,KAS,0.01,31
3224,2,spring_barley,1,PK,0.001,32
3224,2,spring_barley,2,KAS,0.01,31
3228,2,spring_barley,1,PK,0.001,32
3228,2,spring_barley,2,KAS,0.01,31
3230,2,spring_barley,1,PK,0.001,32
3230,2,spring_barley,2,KAS,0.01,31
3232,2,spring_barley,1,PK,0.001,32
3232,2,spring_barley,2,KAS,0.01,31
3235,2,spring_barley,1,PK,0.001,32
3235,2,spring_barley,2,KAS,0.01,31
3238,2,spring_barley,1,PK,0.001,32
3238,2,spring_barley,2,KAS,0.01,31
3242,2,spring_barley,1,PK,0.001,32
3242,2,spring_barley,2,KAS,0.01,31
3244,2,spring_barley,1,PK,0.001,32
3244,2,spring_barley,2,KAS,0.01,31
3245,2,spring_barley,1,PK,0.001,32
3245,2,spring_barley,2,KAS,0.01,31
3248,2,spring_barley,1,PK,0.001,32
3248,2,spring_barley,2,KAS,0.01,31
3251,2,spring_barley,1,PK,0.001,32
3251,2,spring_barley,2,KAS,0.01,31
3252,2,spring_barley,1,PK,0.001,32
3252,2,spring_barley,2,KAS,0.01,31
3254,2,spring_barley,1,PK,0.001,32
3254,2,spring_barley,2,KAS,0.01,31
3255,2,spring_barley,1,PK,0.001,32
3255,2,spring_barley,2,KAS,0.01,31
3256,2,spring_barley,1,PK,0.001,32
3256,2,spring_barley,2,KAS,0.01,31
3257,2,spring_barley,1,PK,0.001,32
3257,2,spring_barley,2,KAS,0.01,31
3258,2,spring_barley,1,PK,0.001,32
3258,2,spring_barley,2,KAS,0.01,31
3260,2,spring_barley,1,PK,0.001,32
3260,2,spring_barley,2,KAS,0.01,31
3263,2,spring_barley,1,PK,0.001,32
3263,2,spring_barley,2,KAS,0.01,31
3269,2,spring_barley,1,PK,0.001,32
3269,2,spring_barley,2,KAS,0.01,31
3271,2,spring_barley,1,PK,0.001,32
3271,2,spring_barley,2,KAS,0.01,31
3272,2,spring_barley,1,PK,0.001,32
3272,2,spring_barley,2,KAS,0.01,31
3275,2,spring_barley,1,PK,0.001,32
3275,2,spring_barley,2,KAS,0.01,31
3276,2,spring_barley,1,PK,0.001,32
3276,2,spring_barley,2,KAS,0.01,31
3280,2,spring_barley,1,PK,0.001,32
3280,2,spring_barley,2,KAS,0.01,31
3282,2,spring_barley,1,PK,0.001,32
3282,2,spring_barley,2,KAS,0.01,31
3285,2,spring_barley,1,PK,0.001,32
3285,2,spring_barley,2,KAS,0.01,31
3286,2,spring_barley,1,PK,0.001,32
3286,2,spring_barley,2,KAS,0.01,31
3288,2,spring_barley,1,PK,0.001,32
3288,2,spring_barley,2,KAS,0.01,31
3289,2,spring_barley,1,PK,0.001,32
3289,2,spring_barley,2,KAS,0.01,31
3290,2,spring_barley,1,PK,0.001,32
3290,2,spring_barley,2,KAS,0.01,31
3291,2,spring_barley,1,PK,0.001,32
3291,2,spring_barley,2,KAS,0.01,31
3292,2,spring_barley,1,PK,0.001,32
3292,2,spring_barley,2,KAS,0.01,31
3293,2,spring_barley,1,PK,0.001,32
3293,2,spring_barley,2,KAS,0.01,31
3294,2,spring_barley,1,PK,0.001,32
3294,2,spring_barley,2,KAS,0.01,31
3296,2,spring_barley,1,PK,0.001,32
3296,2,spring_barley,2,KAS,0.01,31
3301,2,spring_barley,1,PK,0.001,32
3301,2,spring_barley,2,KAS,0.01,31
3307,2,spring_barley,1,PK,0.001,32
3307,2,spring_barley,2,KAS,0.01,31
3309,2,spring_barley,1,PK,0.001,32
3309,2,spring_barley,2,KAS,0.01,31
3310,2,spring_barley,1,PK,0.001,32
3310,2,spring_barley,2,KAS,0.01,31
3311,2,spring_barley,1,PK,0.001,32
3311,2,spring_barley,2,KAS,0.01,31
3313,2,spring_barley,1,PK,0.001,32
3313,2,spring_barley,2,KAS,0.01,31
3314,2,spring_barley,1,PK,0.001,32
3314,2,spring_barley,2,KAS,0.01,31
3316,2,spring_barley,1,PK,0.001,32
3316,2,spring_barley,2,KAS,0.01,31
3317,2,spring_barley,1,PK,0.001,32
3317,2,spring_barley,2,KAS,0.01,31
3318,2,spring_barley,1,PK,0.001,32
3318,2,spring_barley,2,KAS,0.01,31
3319,2,spring_barley,1,PK,0.001,32
3319,2,spring_barley,2,KAS,0.01,31
3320,2,spring_barley,1,PK,0.001,32
3320,2,spring_barley,2,KAS,0.01,31
3325,2,spring_barley,1,PK,0.001,32
3325,2,spring_barley,2,KAS,0.01,31
3327,2,spring_barley,1,PK,0.001,32
3327,2,spring_barley,2,KAS,0.01,31
3329,2,spring_barley,1,PK,0.001,32
3329,2,spring_barley,2,KAS,0.01,31
3330,2,spring_barley,1,PK,0.001,32
3330,2,spring_barley,2,KAS,0.01,31
3332,2,spring_barley,1,PK,0.001,32
3332,2,spring_barley,2,KAS,0.01,31
3335,2,spring_barley,1,PK,0.001,32
3335,2,spring_barley,2,KAS,0.01,31
3337,2,spring_barley,1,PK,0.001,32
3337,2,spring_barley,2,KAS,0.01,31
3338,2,spring_barley,1,PK,0.001,32
3338,2,spring_barley,2,KAS,0.01,31
3340,2,spring_barley,1,PK,0.001,32
3340,2,spring_barley,2,KAS,0.01,31
3343,2,spring_barley,1,PK,0.001,32
3343,2,spring_barley,2,KAS,0.01,31
3346,2,spring_barley,1,PK,0.001,32
3346,2,spring_barley,2,KAS,0.01,31
3347,2,spring_barley,1,PK,0.001,32
3347,2,spring_barley,2,KAS,0.01,31
3351,2,spring_barley,1,PK,0.001,32
3351,2,spring_barley,2,KAS,0.01,31
3353,2,spring_barley,1,PK,0.001,32
3353,2,spring_barley,2,KAS,0.01,31
3355,2,spring_barley,1,PK,0.001,32
3355,2,spring_barley,2,KAS,0.01,31
3357,2,spring_barley,1,PK,0.001,32
3357,2,spring_barley,2,KAS,0.01,31
3360,2,spring_barley,1,PK,0.001,32
3360,2,spring_barley,2,KAS,0.01,31
3363,2,spring_barley,1,PK,0.001,32
3363,2,spring_barley,2,KAS,0.01,31
3364,2,spring_barley,1,PK,0.001,32
3364,2,spring_barley,2,KAS,0.01,31
3365,2,spring_barley,1,PK,0.001,32
3365,2,spring_barley,2,KAS,0.01,31
3367,2,spring_barley,1,PK,0.001,32
3367,2,spring_barley,2,KAS,0.01,31
3370,2,spring_barley,1,PK,0.001,32
3370,2,spring_barley,2,KAS,0.01,31
3374,2,spring_barley,1,PK,0.001,32
3374,2,spring_barley,2,KAS,0.01,31
3382,2,spring_barley,1,PK,0.001,32
3382,2,spring_barley,2,KAS,0.01,31
3386,2,spring_barley,1,PK,0.001,32
3386,2,spring_barley,2,KAS,0.01,31
3387,2,spring_barley,1,PK,0.001,32
3387,2,spring_barley,2,KAS,0.01,31
3388,2,spring_barley,1,PK,0.001,32
3388,2,spring_barley,2,KAS,0.01,31
3400,2,spring_barley,1,PK,0.001,32
3400,2,spring_barley,2,KAS,0.01,31
3402,2,spring_barley,1,PK,0.001,32
3402,2,spring_barley,2,KAS,0.01,31
3404,2,spring_barley,1,PK,0.001,32
3404,2,spring_barley,2,KAS,0.01,31
3406,2,spring_barley,1,PK,0.001,32
3406,2,spring_barley,2,KAS,0.01,31
3407,2,spring_barley,1,PK,0.001,32
3407,2,spring_barley,2,KAS,0.01,31
3410,2,spring_barley,1,PK,0.001,32
3410,2,spring_barley,2,KAS,0.01,31
3411,2,spring_barley,1,PK,0.001,32
3411,2,spring_barley,2,KAS,0.01,31
3414,2,spring_barley,1,PK,0.001,32
3414,2,spring_barley,2,KAS,0.01,31
3415,2,spring_barley,1,PK,0.001,32
3415,2,spring_barley,2,KAS,0.01,31
3416,2,spring_barley,1,PK,0.001,32
3416,2,spring_barley,2,KAS,0.01,31
3418,2,spring_barley,1,PK,0.001,32
3418,2,spring_barley,2,KAS,0.01,31
3419,2,spring_barley,1,PK,0.001,32
3419,2,spring_barley,2,KAS,0.01,31
3425,2,spring_barley,1,PK,0.001,32
3425,2,spring_barley,2,KAS,0.01,31
3428,2,spring_barley,1,PK,0.001,32
3428,2,spring_barley,2,KAS,0.01,31
3433,2,spring_barley,1,PK,0.001,32
3433,2,spring_barley,2,KAS,0.01,31
3435,2,spring_barley,1,PK,0.001,32
3435,2,spring_barley,2,KAS,0.01,31
3438,2,spring_barley,1,PK,0.001,32
3438,2,spring_barley,2,KAS,0.01,31
3439,2,spring_barley,1,PK,0.001,32
3439,2,spring_barley,2,KAS,0.01,31
3440,2,spring_barley,1,PK,0.001,32
3440,2,spring_barley,2,KAS,0.01,31
3448,2,spring_barley,1,PK,0.001,32
3448,2,spring_barley,2,KAS,0.01,31
3455,2,spring_barley,1,PK,0.001,32
3455,2,spring_barley,2,KAS,0.01,31
3459,2,spring_barley,1,PK,0.001,32
3459,2,spring_barley,2,KAS,0.01,31
3462,2,spring_barley,1,PK,0.001,32
3462,2,spring_barley,2,KAS,0.01,31
3463,2,spring_barley,1,PK,0.001,32
3463,2,spring_barley,2,KAS,0.01,31
3465,2,spring_barley,1,PK,0.001,32
3465,2,spring_barley,2,KAS,0.01,31
3468,2,spring_barley,1,PK,0.001,32
3468,2,spring_barley,2,KAS,0.01,31
3469,2,spring_barley,1,PK,0.001,32
3469,2,spring_barley,2,KAS,0.01,31
3470,2,spring_barley,1,PK,0.001,32
3470,2,spring_barley,2,KAS,0.01,31
3471,2,spring_barley,1,PK,0.001,32
3471,2,spring_barley,2,KAS,0.01,31
3472,2,spring_barley,1,PK,0.001,32
3472,2,spring_barley,2,KAS,0.01,31
3473,2,spring_barley,1,PK,0.001,32
3473,2,spring_barley,2,KAS,0.01,31
3474,2,spring_barley,1,PK,0.001,32
3474,2,spring_barley,2,KAS,0.01,31
3475,2,spring_barley,1,PK,0.001,32
3475,2,spring_barley,2,KAS,0.01,31
3476,2,spring_barley,1,PK,0.001,32
3476,2,spring_barley,2,KAS,0.01,31
3478,2,spring_barley,1,PK,0.001,32
3478,2,spring_barley,2,KAS,0.01,31
3479,2,spring_barley,1,PK,0.001,32
3479,2,spring_barley,2,KAS,0.01,31
3482,2,spring_barley,1,PK,0.001,32
3482,2,spring_barley,2,KAS,0.01,31
3483,2,spring_barley,1,PK,0.001,32
3483,2,spring_barley,2,KAS,0.01,31
3486,2,spring_barley,1,PK,0.001,32
3486,2,spring_barley,2,KAS,0.01,31
3487,2,spring_barley,1,PK,0.001,32
3487,2,spring_barley,2,KAS,0.01,31
3489,2,spring_barley,1,PK,0.001,32
3489,2,spring_barley,2,KAS,0.01,31
3492,2,spring_barley,1,PK,0.001,32
3492,2,spring_barley,2,KAS,0.01,31
3494,2,spring_barley,1,PK,0.001,32
3494,2,spring_barley,2,KAS,0.01,31
3496,2,spring_barley,1,PK,0.001,32
3496,2,spring_barley,2,KAS,0.01,31
3498,2,spring_barley,1,PK,0.001,32
3498,2,spring_barley,2,KAS,0.01,31
3499,2,spring_barley,1,PK,0.001,32
3499,2,spring_barley,2,KAS,0.01,31
3500,2,spring_barley,1,PK,0.001,32
3500,2,spring_barley,2,KAS,0.01,31
3502,2,spring_barley,1,PK,0.001,32
3502,2,spring_barley,2,KAS,0.01,31
3503,2,spring_barley,1,PK,0.001,32
3503,2,spring_barley,2,KAS,0.01,31
3504,2,spring_barley,1,PK,0.001,32
3504,2,spring_barley,2,KAS,0.01,31
3507,2,spring_barley,1,PK,0.001,32
3507,2,spring_barley,2,KAS,0.01,31
3511,2,spring_barley,1,PK,0.001,32
3511,2,spring_barley,2,KAS,0.01,31
3512,2,spring_barley,1,PK,0.001,32
3512,2,spring_barley,2,KAS,0.01,31
3514,2,spring_barley,1,PK,0.001,32
3514,2,spring_barley,2,KAS,0.01,31
3518,2,spring_barley,1,PK,0.001,32
3518,2,spring_barley,2,KAS,0.01,31
3520,2,spring_barley,1,PK,0.001,32
3520,2,spring_barley,2,KAS,0.01,31
3525,2,spring_barley,1,PK,0.001,32
3525,2,spring_barley,2,KAS,0.01,31
3526,2,spring_barley,1,PK,0.001,32
3526,2,spring_barley,2,KAS,0.01,31
3529,2,spring_barley,1,PK,0.001,32
3529,2,spring_barley,2,KAS,0.01,31
3531,2,spring_barley,1,PK,0.001,32
3531,2,spring_barley,2,KAS,0.01,31
3532,2,spring_barley,1,PK,0.001,32
3532,2,spring_barley,2,KAS,0.01,31
3537,2,spring_barley,1,PK,0.001,32
3537,2,spring_barley,2,KAS,0.01,31
3538,2,spring_barley,1,PK,0.001,32
3538,2,spring_barley,2,KAS,0.01,31
3539,2,spring_barley,1,PK,0.001,32
3539,2,spring_barley,2,KAS,0.01,31
3542,2,spring_barley,1,PK,0.001,32
3542,2,spring_barley,2,KAS,0.01,31
3544,2,spring_barley,1,PK,0.001,32
3544,2,spring_barley,2,KAS,0.01,31
3545,2,spring_barley,1,PK,0.001,32
3545,2,spring_barley,2,KAS,0.01,31
3546,2,spring_barley,1,PK,0.001,32
3546,2,spring_barley,2,KAS,0.01,31
3549,2,spring_barley,1,PK,0.001,32
3549,2,spring_barley,2,KAS,0.01,31
3551,2,spring_barley,1,PK,0.001,32
3551,2,spring_barley,2,KAS,0.01,31
3552,2,spring_barley,1,PK,0.001,32
3552,2,spring_barley,2,KAS,0.01,31
3553,2,spring_barley,1,PK,0.001,32
3553,2,spring_barley,2,KAS,0.01,31
3559,2,spring_barley,1,PK,0.001,32
3559,2,spring_barley,2,KAS,0.01,31
3562,2,spring_barley,1,PK,0.001,32
3562,2,spring_barley,2,KAS,0.01,31
3563,2,spring_barley,1,PK,0.001,32
3563,2,spring_barley,2,KAS,0.01,31
3564,2,spring_barley,1,PK,0.001,32
3564,2,spring_barley,2,KAS,0.01,31
3565,2,spring_barley,1,PK,0.001,32
3565,2,spring_barley,2,KAS,0.01,31
3570,2,spring_barley,1,PK,0.001,32
3570,2,spring_barley,2,KAS,0.01,31
3574,2,spring_barley,1,PK,0.001,32
3574,2,spring_barley,2,KAS,0.01,31
3575,2,spring_barley,1,PK,0.001,32
3575,2,spring_barley,2,KAS,0.01,31
3579,2,spring_barley,1,PK,0.001,32
3579,2,spring_barley,2,KAS,0.01,31
3580,2,spring_barley,1,PK,0.001,32
3580,2,spring_barley,2,KAS,0.01,31
3581,2,spring_barley,1,PK,0.001,32
3581,2,spring_barley,2,KAS,0.01,31
3586,2,spring_barley,1,PK,0.001,32
3586,2,spring_barley,2,KAS,0.01,31
3588,2,spring_barley,1,PK,0.001,32
3588,2,spring_barley,2,KAS,0.01,31
3589,2,spring_barley,1,PK,0.001,32
3589,2,spring_barley,2,KAS,0.01,31
3591,2,spring_barley,1,PK,0.001,32
3591,2,spring_barley,2,KAS,0.01,31
3593,2,spring_barley,1,PK,0.001,32
3593,2,spring_barley,2,KAS,0.01,31
3594,2,spring_barley,1,PK,0.001,32
3594,2,spring_barley,2,KAS,0.01,31
3596,2,spring_barley,1,PK,0.001,32
3596,2,spring_barley,2,KAS,0.01,31
3599,2,spring_barley,1,PK,0.001,32
3599,2,spring_barley,2,KAS,0.01,31
3602,2,spring_barley,1,PK,0.001,32
3602,2,spring_barley,2,KAS,0.01,31
3606,2,spring_barley,1,PK,0.001,32
3606,2,spring_barley,2,KAS,0.01,31
3607,2,spring_barley,1,PK,0.001,32
3607,2,spring_barley,2,KAS,0.01,31
3609,2,spring_barley,1,PK,0.001,32
3609,2,spring_barley,2,KAS,0.01,31
3610,2,spring_barley,1,PK,0.001,32
3610,2,spring_barley,2,KAS,0.01,31
3612,2,spring_barley,1,PK,0.001,32
3612,2,spring_barley,2,KAS,0.01,31
3615,2,spring_barley,1,PK,0.001,32
3615,2,spring_barley,2,KAS,0.01,31
3617,2,spring_barley,1,PK,0.001,32
3617,2,spring_barley,2,KAS,0.01,31
3622,2,spring_barley,1,PK,0.001,32
3622,2,spring_barley,2,KAS,0.01,31
3624,2,spring_barley,1,PK,0.001,32
3624,2,spring_barley,2,KAS,0.01,31
3625,2,spring_barley,1,PK,0.001,32
3625,2,spring_barley,2,KAS,0.01,31
3627,2,spring_barley,1,PK,0.001,32
3627,2,spring_barley,2,KAS,0.01,31
3632,2,spring_barley,1,PK,0.001,32
3632,2,spring_barley,2,KAS,0.01,31
3634,2,spring_barley,1,PK,0.001,32
3634,2,spring_barley,2,KAS,0.01,31
3635,2,spring_barley,1,PK,0.001,32
3635,2,spring_barley,2,KAS,0.01,31
3636,2,spring_barley,1,PK,0.001,32
3636,2,spring_barley,2,KAS,0.01,31
3646,2,spring_barley,1,PK,0.001,32
3646,2,spring_barley,2,KAS,0.01,31
3647,2,spring_barley,1,PK,0.001,32
3647,2,spring_barley,2,KAS,0.01,31
3649,2,spring_barley,1,PK,0.001,32
3649,2,spring_barley,2,KAS,0.01,31
3651,2,spring_barley,1,PK,0.001,32
3651,2,spring_barley,2,KAS,0.01,31
3652,2,spring_barley,1,PK,0.001,32
3652,2,spring_barley,2,KAS,0.01,31
3654,2,spring_barley,1,PK,0.001,32
3654,2,spring_barley,2,KAS,0.01,31
3658,2,spring_barley,1,PK,0.001,32
3658,2,spring_barley,2,KAS,0.01,31
3659,2,spring_barley,1,PK,0.001,32
3659,2,spring_barley,2,KAS,0.01,31
3660,2,spring_barley,1,PK,0.001,32
3660,2,spring_barley,2,KAS,0.01,31
3663,2,spring_barley,1,PK,0.001,32
3663,2,spring_barley,2,KAS,0.01,31
3664,2,spring_barley,1,PK,0.001,32
3664,2,spring_barley,2,KAS,0.01,31
3666,2,spring_barley,1,PK,0.001,32
3666,2,spring_barley,2,KAS,0.01,31
3671,2,spring_barley,1,PK,0.001,32
3671,2,spring_barley,2,KAS,0.01,31
3673,2,spring_barley,1,PK,0.001,32
3673,2,spring_barley,2,KAS,0.01,31
3676,2,spring_barley,1,PK,0.001,32
3676,2,spring_barley,2,KAS,0.01,31
3685,2,spring_barley,1,PK,0.001,32
3685,2,spring_barley,2,KAS,0.01,31
3686,2,spring_barley,1,PK,0.001,32
3686,2,spring_barley,2,KAS,0.01,31
3688,2,spring_barley,1,PK,0.001,32
3688,2,spring_barley,2,KAS,0.01,31
3689,2,spring_barley,1,PK,0.001,32
3689,2,spring_barley,2,KAS,0.01,31
3691,2,spring_barley,1,PK,0.001,32
3691,2,spring_barley,2,KAS,0.01,31
3696,2,spring_barley,1,PK,0.001,32
3696,2,spring_barley,2,KAS,0.01,31
3697,2,spring_barley,1,PK,0.001,32
3697,2,spring_barley,2,KAS,0.01,31
3698,2,spring_barley,1,PK,0.001,32
3698,2,spring_barley,2,KAS,0.01,31
3699,2,spring_barley,1,PK,0.001,32
3699,2,spring_barley,2,KAS,0.01,31
3700,2,spring_barley,1,PK,0.001,32
3700,2,spring_barley,2,KAS,0.01,31
3702,2,spring_barley,1,PK,0.001,32
3702,2,spring_barley,2,KAS,0.01,31
3704,2,spring_barley,1,PK,0.001,32
3704,2,spring_barley,2,KAS,0.01,31
3705,2,spring_barley,1,PK,0.001,32
3705,2,spring_barley,2,KAS,0.01,31
3706,2,spring_barley,1,PK,0.001,32
3706,2,spring_barley,2,KAS,0.01,31
3707,2,spring_barley,1,PK,0.001,32
3707,2,spring_barley,2,KAS,0.01,31
3708,2,spring_barley,1,PK,0.001,32
3708,2,spring_barley,2,KAS,0.01,31
3709,2,spring_barley,1,PK,0.001,32
3709,2,spring_barley,2,KAS,0.01,31
3710,2,spring_barley,1,PK,0.001,32
3710,2,spring_barley,2,KAS,0.01,31
3711,2,spring_barley,1,PK,0.001,32
3711,2,spring_barley,2,KAS,0.01,31
3712,2,spring_barley,1,PK,0.001,32
3712,2,spring_barley,2,KAS,0.01,31
3714,2,spring_barley,1,PK,0.001,32
3714,2,spring_barley,2,KAS,0.01,31
3718,2,spring_barley,1,PK,0.001,32
3718,2,spring_barley,2,KAS,0.01,31
3722,2,spring_barley,1,PK,0.001,32
3722,2,spring_barley,2,KAS,0.01,31
3723,2,spring_barley,1,PK,0.001,32
3723,2,spring_barley,2,KAS,0.01,31
3724,2,spring_barley,1,PK,0.001,32
3724,2,spring_barley,2,KAS,0.01,31
3726,2,spring_barley,1,PK,0.001,32
3726,2,spring_barley,2,KAS,0.01,31
3727,2,spring_barley,1,PK,0.001,32
3727,2,spring_barley,2,KAS,0.01,31
3728,2,spring_barley,1,PK,0.001,32
3728,2,spring_barley,2,KAS,0.01,31
3729,2,spring_barley,1,PK,0.001,32
3729,2,spring_barley,2,KAS,0.01,31
3737,2,spring_barley,1,PK,0.001,32
3737,2,spring_barley,2,KAS,0.01,31
3739,2,spring_barley,1,PK,0.001,32
3739,2,spring_barley,2,KAS,0.01,31
3748,2,spring_barley,1,PK,0.001,32
3748,2,spring_barley,2,KAS,0.01,31
3751,2,spring_barley,1,PK,0.001,32
3751,2,spring_barley,2,KAS,0.01,31
3752,2,spring_barley,1,PK,0.001,32
3752,2,spring_barley,2,KAS,0.01,31
3753,2,spring_barley,1,PK,0.001,32
3753,2,spring_barley,2,KAS,0.01,31
3754,2,spring_barley,1,PK,0.001,32
3754,2,spring_barley,2,KAS,0.01,31
3756,2,spring_barley,1,PK,0.001,32
3756,2,spring_barley,2,KAS,0.01,31
3760,2,spring_barley,1,PK,0.001,32
3760,2,spring_barley,2,KAS,0.01,31
3761,2,spring_barley,1,PK,0.001,32
3761,2,spring_barley,2,KAS,0.01,31
3763,2,spring_barley,1,PK,0.001,32
3763,2,spring_barley,2,KAS,0.01,31
3766,2,spring_barley,1,PK,0.001,32
3766,2,spring_barley,2,KAS,0.01,31
3767,2,spring_barley,1,PK,0.001,32
3767,2,spring_barley,2,KAS,0.01,31
3771,2,spring_barley,1,PK,0.001,32
3771,2,spring_barley,2,KAS,0.01,31
3773,2,spring_barley,1,PK,0.001,32
3773,2,spring_barley,2,KAS,0.01,31
3774,2,spring_barley,1,PK,0.001,32
3774,2,spring_barley,2,KAS,0.01,31
3776,2,spring_barley,1,PK,0.001,32
3776,2,spring_barley,2,KAS,0.01,31
3784,2,spring_barley,1,PK,0.001,32
3784,2,spring_barley,2,KAS,0.01,31
3785,2,spring_barley,1,PK,0.001,32
3785,2,spring_barley,2,KAS,0.01,31
3790,2,spring_barley,1,PK,0.001,32
3790,2,spring_barley,2,KAS,0.01,31
3792,2,spring_barley,1,PK,0.001,32
3792,2,spring_barley,2,KAS,0.01,31
3793,2,spring_barley,1,PK,0.001,32
3793,2,spring_barley,2,KAS,0.01,31
3795,2,spring_barley,1,PK,0.001,32
3795,2,spring_barley,2,KAS,0.01,31
3801,2,spring_barley,1,PK,0.001,32
3801,2,spring_barley,2,KAS,0.01,31
3805,2,spring_barley,1,PK,0.001,32
3805,2,spring_barley,2,KAS,0.01,31
3806,2,spring_barley,1,PK,0.001,32
3806,2,spring_barley,2,KAS,0.01,31
3808,2,spring_barley,1,PK,0.001,32
3808,2,spring_barley,2,KAS,0.01,31
3809,2,spring_barley,1,PK,0.001,32
3809,2,spring_barley,2,KAS,0.01,31
3810,2,spring_barley,1,PK,0.001,32
3810,2,spring_barley,2,KAS,0.01,31
3811,2,spring_barley,1,PK,0.001,32
3811,2,spring_barley,2,KAS,0.01,31
3812,2,spring_barley,1,PK,0.001,32
3812,2,spring_barley,2,KAS,0.01,31
3813,2,spring_barley,1,PK,0.001,32
3813,2,spring_barley,2,KAS,0.01,31
3816,2,spring_barley,1,PK,0.001,32
3816,2,spring_barley,2,KAS,0.01,31
3819,2,spring_barley,1,PK,0.001,32
3819,2,spring_barley,2,KAS,0.01,31
3820,2,spring_barley,1,PK,0.001,32
3820,2,spring_barley,2,KAS,0.01,31
3822,2,spring_barley,1,PK,0.001,32
3822,2,spring_barley,2,KAS,0.01,31
3826,2,spring_barley,1,PK,0.001,32
3826,2,spring_barley,2,KAS,0.01,31
3828,2,spring_barley,1,PK,0.001,32
3828,2,spring_barley,2,KAS,0.01,31
3831,2,spring_barley,1,PK,0.001,32
3831,2,spring_barley,2,KAS,0.01,31
3832,2,spring_barley,1,PK,0.001,32
3832,2,spring_barley,2,KAS,0.01,31
3834,2,spring_barley,1,PK,0.001,32
3834,2,spring_barley,2,KAS,0.01,31
3835,2,spring_barley,1,PK,0.001,32
3835,2,spring_barley,2,KAS,0.01,31
3836,2,spring_barley,1,PK,0.001,32
3836,2,spring_barley,2,KAS,0.01,31
3840,2,spring_barley,1,PK,0.001,32
3840,2,spring_barley,2,KAS,0.01,31
3842,2,spring_barley,1,PK,0.001,32
3842,2,spring_barley,2,KAS,0.01,31
3843,2,spring_barley,1,PK,0.001,32
3843,2,spring_barley,2,KAS,0.01,31
3845,2,spring_barley,1,PK,0.001,32
3845,2,spring_barley,2,KAS,0.01,31
3848,2,spring_barley,1,PK,0.001,32
3848,2,spring_barley,2,KAS,0.01,31
3854,2,spring_barley,1,PK,0.001,32
3854,2,spring_barley,2,KAS,0.01,31
3855,2,spring_barley,1,PK,0.001,32
3855,2,spring_barley,2,KAS,0.01,31
3860,2,spring_barley,1,PK,0.001,32
3860,2,spring_barley,2,KAS,0.01,31
3861,2,spring_barley,1,PK,0.001,32
3861,2,spring_barley,2,KAS,0.01,31
3863,2,spring_barley,1,PK,0.001,32
3863,2,spring_barley,2,KAS,0.01,31
3864,2,spring_barley,1,PK,0.001,32
3864,2,spring_barley,2,KAS,0.01,31
3865,2,spring_barley,1,PK,0.001,32
3865,2,spring_barley,2,KAS,0.01,31
3866,2,spring_barley,1,PK,0.001,32
3866,2,spring_barley,2,KAS,0.01,31
3869,2,spring_barley,1,PK,0.001,32
3869,2,spring_barley,2,KAS,0.01,31
3870,2,spring_barley,1,PK,0.001,32
3870,2,spring_barley,2,KAS,0.01,31
3873,2,spring_barley,1,PK,0.001,32
3873,2,spring_barley,2,KAS,0.01,31
3874,2,spring_barley,1,PK,0.001,32
3874,2,spring_barley,2,KAS,0.01,31
3876,2,spring_barley,1,PK,0.001,32
3876,2,spring_barley,2,KAS,0.01,31
3880,2,spring_barley,1,PK,0.001,32
3880,2,spring_barley,2,KAS,0.01,31
3885,2,spring_barley,1,PK,0.001,32
3885,2,spring_barley,2,KAS,0.01,31
3892,2,spring_barley,1,PK,0.001,32
3892,2,spring_barley,2,KAS,0.01,31
3893,2,spring_barley,1,PK,0.001,32
3893,2,spring_barley,2,KAS,0.01,31
3896,2,spring_barley,1,PK,0.001,32
3896,2,spring_barley,2,KAS,0.01,31
3898,2,spring_barley,1,PK,0.001,32
3898,2,spring_barley,2,KAS,0.01,31
3899,2,spring_barley,1,PK,0.001,32
3899,2,spring_barley,2,KAS,0.01,31
3900,2,spring_barley,1,PK,0.001,32
3900,2,spring_barley,2,KAS,0.01,31
3901,2,spring_barley,1,PK,0.001,32
3901,2,spring_barley,2,KAS,0.01,31
3902,2,spring_barley,1,PK,0.001,32
3902,2,spring_barley,2,KAS,0.01,31
3905,2,spring_barley,1,PK,0.001,32
3905,2,spring_barley,2,KAS,0.01,31
3906,2,spring_barley,1,PK,0.001,32
3906,2,spring_barley,2,KAS,0.01,31
3907,2,spring_barley,1,PK,0.001,32
3907,2,spring_barley,2,KAS,0.01,31
3908,2,spring_barley,1,PK,0.001,32
3908,2,spring_barley,2,KAS,0.01,31
3909,2,spring_barley,1,PK,0.001,32
3909,2,spring_barley,2,KAS,0.01,31
3914,2,spring_barley,1,PK,0.001,32
3914,2,spring_barley,2,KAS,0.01,31
3915,2,spring_barley,1,PK,0.001,32
3915,2,spring_barley,2,KAS,0.01,31
3916,2,spring_barley,1,PK,0.001,32
3916,2,spring_barley,2,KAS,0.01,31
3918,2,spring_barley,1,PK,0.001,32
3918,2,spring_barley,2,KAS,0.01,31
3919,2,spring_barley,1,PK,0.001,32
3919,2,spring_barley,2,KAS,0.01,31
3921,2,spring_barley,1,PK,0.001,32
3921,2,spring_barley,2,KAS,0.01,31
3924,2,spring_barley,1,PK,0.001,32
3924,2,spring_barley,2,KAS,0.01,31
3925,2,spring_barley,1,PK,0.001,32
3925,2,spring_barley,2,KAS,0.01,31
3927,2,spring_barley,1,PK,0.001,32
3927,2,spring_barley,2,KAS,0.01,31
3931,2,spring_barley,1,PK,0.001,32
3931,2,spring_barley,2,KAS,0.01,31
3932,2,spring_barley,1,PK,0.001,32
3932,2,spring_barley,2,KAS,0.01,31
3933,2,spring_barley,1,PK,0.001,32
3933,2,spring_barley,2,KAS,0.01,31
3934,2,spring_barley,1,PK,0.001,32
3934,2,spring_barley,2,KAS,0.01,31
3935,2,spring_barley,1,PK,0.001,32
3935,2,spring_barley,2,KAS,0.01,31
3936,2,spring_barley,1,PK,0.001,32
3936,2,spring_barley,2,KAS,0.01,31
3937,2,spring_barley,1,PK,0.001,32
3937,2,spring_barley,2,KAS,0.01,31
3938,2,spring_barley,1,PK,0.001,32
3938,2,spring_barley,2,KAS,0.01,31
3939,2,spring_barley,1,PK,0.001,32
3939,2,spring_barley,2,KAS,0.01,31
3940,2,spring_barley,1,PK,0.001,32
3940,2,spring_barley,2,KAS,0.01,31
3941,2,spring_barley,1,PK,0.001,32
3941,2,spring_barley,2,KAS,0.01,31
3946,2,spring_barley,1,PK,0.001,32
3946,2,spring_barley,2,KAS,0.01,31
3947,2,spring_barley,1,PK,0.001,32
3947,2,spring_barley,2,KAS,0.01,31
3948,2,spring_barley,1,PK,0.001,32
3948,2,spring_barley,2,KAS,0.01,31
3950,2,spring_barley,1,PK,0.001,32
3950,2,spring_barley,2,KAS,0.01,31
3952,2,spring_barley,1,PK,0.001,32
3952,2,spring_barley,2,KAS,0.01,31
3953,2,spring_barley,1,PK,0.001,32
3953,2,spring_barley,2,KAS,0.01,31
3954,2,spring_barley,1,PK,0.001,32
3954,2,spring_barley,2,KAS,0.01,31
3958,2,spring_barley,1,PK,0.001,32
3958,2,spring_barley,2,KAS,0.01,31
3959,2,spring_barley,1,PK,0.001,32
3959,2,spring_barley,2,KAS,0.01,31
3961,2,spring_barley,1,PK,0.001,32
3961,2,spring_barley,2,KAS,0.01,31
3963,2,spring_barley,1,PK,0.001,32
3963,2,spring_barley,2,KAS,0.01,31
3965,2,spring_barley,1,PK,0.001,32
3965,2,spring_barley,2,KAS,0.01,31
3966,2,spring_barley,1,PK,0.001,32
3966,2,spring_barley,2,KAS,0.01,31
3968,2,spring_barley,1,PK,0.001,32
3968,2,spring_barley,2,KAS,0.01,31
3970,2,spring_barley,1,PK,0.001,32
3970,2,spring_barley,2,KAS,0.01,31
3972,2,spring_barley,1,PK,0.001,32
3972,2,spring_barley,2,KAS,0.01,31
3974,2,spring_barley,1,PK,0.001,32
3974,2,spring_barley,2,KAS,0.01,31
3975,2,spring_barley,1,PK,0.001,32
3975,2,spring_barley,2,KAS,0.01,31
3978,2,spring_barley,1,PK,0.001,32
3978,2,spring_barley,2,KAS,0.01,31
3979,2,spring_barley,1,PK,0.001,32
3979,2,spring_barley,2,KAS,0.01,31
3984,2,spring_barley,1,PK,0.001,32
3984,2,spring_barley,2,KAS,0.01,31
3985,2,spring_barley,1,PK,0.001,32
3985,2,spring_barley,2,KAS,0.01,31
3986,2,spring_barley,1,PK,0.001,32
3986,2,spring_barley,2,KAS,0.01,31
3987,2,spring_barley,1,PK,0.001,32
3987,2,spring_barley,2,KAS,0.01,31
3988,2,spring_barley,1,PK,0.001,32
3988,2,spring_barley,2,KAS,0.01,31
3990,2,spring_barley,1,PK,0.001,32
3990,2,spring_barley,2,KAS,0.01,31
3998,2,spring_barley,1,PK,0.001,32
3998,2,spring_barley,2,KAS,0.01,31
4002,2,spring_barley,1,PK,0.001,32
4002,2,spring_barley,2,KAS,0.01,31
4003,2,spring_barley,1,PK,0.001,32
4003,2,spring_barley,2,KAS,0.01,31
4006,2,spring_barley,1,PK,0.001,32
4006,2,spring_barley,2,KAS,0.01,31
4008,2,spring_barley,1,PK,0.001,32
4008,2,spring_barley,2,KAS,0.01,31
4009,2,spring_barley,1,PK,0.001,32
4009,2,spring_barley,2,KAS,0.01,31
4010,2,spring_barley,1,PK,0.001,32
4010,2,spring_barley,2,KAS,0.01,31
4011,2,spring_barley,1,PK,0.001,32
4011,2,spring_barley,2,KAS,0.01,31
4013,2,spring_barley,1,PK,0.001,32
4013,2,spring_barley,2,KAS,0.01,31
4015,2,spring_barley,1,PK,0.001,32
4015,2,spring_barley,2,KAS,0.01,31
4018,2,spring_barley,1,PK,0.001,32
4018,2,spring_barley,2,KAS,0.01,31
4019,2,spring_barley,1,PK,0.001,32
4019,2,spring_barley,2,KAS,0.01,31
4020,2,spring_barley,1,PK,0.001,32
4020,2,spring_barley,2,KAS,0.01,31
4021,2,spring_barley,1,PK,0.001,32
4021,2,spring_barley,2,KAS,0.01,31
4023,2,spring_barley,1,PK,0.001,32
4023,2,spring_barley,2,KAS,0.01,31
4025,2,spring_barley,1,PK,0.001,32
4025,2,spring_barley,2,KAS,0.01,31
4026,2,spring_barley,1,PK,0.001,32
4026,2,spring_barley,2,KAS,0.01,31
4027,2,spring_barley,1,PK,0.001,32
4027,2,spring_barley,2,KAS,0.01,31
4034,2,spring_barley,1,PK,0.001,32
4034,2,spring_barley,2,KAS,0.01,31
4036,2,spring_barley,1,PK,0.001,32
4036,2,spring_barley,2,KAS,0.01,31
4039,2,spring_barley,1,PK,0.001,32
4039,2,spring_barley,2,KAS,0.01,31
4047,2,spring_barley,1,PK,0.001,32
4047,2,spring_barley,2,KAS,0.01,31
4048,2,spring_barley,1,PK,0.001,32
4048,2,spring_barley,2,KAS,0.01,31
4053,2,spring_barley,1,PK,0.001,32
4053,2,spring_barley,2,KAS,0.01,31
4062,2,spring_barley,1,PK,0.001,32
4062,2,spring_barley,2,KAS,0.01,31
4064,2,spring_barley,1,PK,0.001,32
4064,2,spring_barley,2,KAS,0.01,31
4067,2,spring_barley,1,PK,0.001,32
4067,2,spring_barley,2,KAS,0.01,31
4068,2,spring_barley,1,PK,0.001,32
4068,2,spring_barley,2,KAS,0.01,31
4069,2,spring_barley,1,PK,0.001,32
4069,2,spring_barley,2,KAS,0.01,31
4071,2,spring_barley,1,PK,0.001,32
4071,2,spring_barley,2,KAS,0.01,31
4073,2,spring_barley,1,PK,0.001,32
4073,2,spring_barley,2,KAS,0.01,31
4074,2,spring_barley,1,PK,0.001,32
4074,2,spring_barley,2,KAS,0.01,31
4078,2,spring_barley,1,PK,0.001,32
4078,2,spring_barley,2,KAS,0.01,31
4079,2,spring_barley,1,PK,0.001,32
4079,2,spring_barley,2,KAS,0.01,31
4080,2,spring_barley,1,PK,0.001,32
4080,2,spring_barley,2,KAS,0.01,31
4084,2,spring_barley,1,PK,0.001,32
4084,2,spring_barley,2,KAS,0.01,31
4086,2,spring_barley,1,PK,0.001,32
4086,2,spring_barley,2,KAS,0.01,31
4089,2,spring_barley,1,PK,0.001,32
4089,2,spring_barley,2,KAS,0.01,31
4090,2,spring_barley,1,PK,0.001,32
4090,2,spring_barley,2,KAS,0.01,31
4091,2,spring_barley,1,PK,0.001,32
4091,2,spring_barley,2,KAS,0.01,31
4093,2,spring_barley,1,PK,0.001,32
4093,2,spring_barley,2,KAS,0.01,31
4094,2,spring_barley,1,PK,0.001,32
4094,2,spring_barley,2,KAS,0.01,31
4095,2,spring_barley,1,PK,0.001,32
4095,2,spring_barley,2,KAS,0.01,31
4099,2,spring_barley,1,PK,0.001,32
4099,2,spring_barley,2,KAS,0.01,31
4102,2,spring_barley,1,PK,0.001,32
4102,2,spring_barley,2,KAS,0.01,31
4103,2,spring_barley,1,PK,0.001,32
4103,2,spring_barley,2,KAS,0.01,31
4104,2,spring_barley,1,PK,0.001,32
4104,2,spring_barley,2,KAS,0.01,31
4105,2,spring_barley,1,PK,0.001,32
4105,2,spring_barley,2,KAS,0.01,31
4107,2,spring_barley,1,PK,0.001,32
4107,2,spring_barley,2,KAS,0.01,31
4110,2,spring_barley,1,PK,0.001,32
4110,2,spring_barley,2,KAS,0.01,31
4111,2,spring_barley,1,PK,0.001,32
4111,2,spring_barley,2,KAS,0.01,31
4114,2,spring_barley,1,PK,0.001,32
4114,2,spring_barley,2,KAS,0.01,31
4120,2,spring_barley,1,PK,0.001,32
4120,2,spring_barley,2,KAS,0.01,31
4123,2,spring_barley,1,PK,0.001,32
4123,2,spring_barley,2,KAS,0.01,31
4131,2,spring_barley,1,PK,0.001,32
4131,2,spring_barley,2,KAS,0.01,31
4133,2,spring_barley,1,PK,0.001,32
4133,2,spring_barley,2,KAS,0.01,31
4134,2,spring_barley,1,PK,0.001,32
4134,2,spring_barley,2,KAS,0.01,31
4135,2,spring_barley,1,PK,0.001,32
4135,2,spring_barley,2,KAS,0.01,31
4137,2,spring_barley,1,PK,0.001,32
4137,2,spring_barley,2,KAS,0.01,31
4138,2,spring_barley,1,PK,0.001,32
4138,2,spring_barley,2,KAS,0.01,31
4140,2,spring_barley,1,PK,0.001,32
4140,2,spring_barley,2,KAS,0.01,31
4144,2,spring_barley,1,PK,0.001,32
4144,2,spring_barley,2,KAS,0.01,31
4147,2,spring_barley,1,PK,0.001,32
4147,2,spring_barley,2,KAS,0.01,31
4148,2,spring_barley,1,PK,0.001,32
4148,2,spring_barley,2,KAS,0.01,31
4149,2,spring_barley,1,PK,0.001,32
4149,2,spring_barley,2,KAS,0.01,31
4150,2,spring_barley,1,PK,0.001,32
4150,2,spring_barley,2,KAS,0.01,31
4153,2,spring_barley,1,PK,0.001,32
4153,2,spring_barley,2,KAS,0.01,31
4155,2,spring_barley,1,PK,0.001,32
4155,2,spring_barley,2,KAS,0.01,31
4156,2,spring_barley,1,PK,0.001,32
4156,2,spring_barley,2,KAS,0.01,31
4159,2,spring_barley,1,PK,0.001,32
4159,2,spring_barley,2,KAS,0.01,31
4163,2,spring_barley,1,PK,0.001,32
4163,2,spring_barley,2,KAS,0.01,31
4165,2,spring_barley,1,PK,0.001,32
4165,2,spring_barley,2,KAS,0.01,31
4168,2,spring_barley,1,PK,0.001,32
4168,2,spring_barley,2,KAS,0.01,31
4174,2,spring_barley,1,PK,0.001,32
4174,2,spring_barley,2,KAS,0.01,31
4180,2,spring_barley,1,PK,0.001,32
4180,2,spring_barley,2,KAS,0.01,31
4186,2,spring_barley,1,PK,0.001,32
4186,2,spring_barley,2,KAS,0.01,31
4187,2,spring_barley,1,PK,0.001,32
4187,2,spring_barley,2,KAS,0.01,31
4189,2,spring_barley,1,PK,0.001,32
4189,2,spring_barley,2,KAS,0.01,31
4191,2,spring_barley,1,PK,0.001,32
4191,2,spring_barley,2,KAS,0.01,31
4192,2,spring_barley,1,PK,0.001,32
4192,2,spring_barley,2,KAS,0.01,31
4193,2,spring_barley,1,PK,0.001,32
4193,2,spring_barley,2,KAS,0.01,31
4194,2,spring_barley,1,PK,0.001,32
4194,2,spring_barley,2,KAS,0.01,31
4199,2,spring_barley,1,PK,0.001,32
4199,2,spring_barley,2,KAS,0.01,31
4201,2,spring_barley,1,PK,0.001,32
4201,2,spring_barley,2,KAS,0.01,31
4204,2,spring_barley,1,PK,0.001,32
4204,2,spring_barley,2,KAS,0.01,31
4206,2,spring_barley,1,PK,0.001,32
4206,2,spring_barley,2,KAS,0.01,31
4207,2,spring_barley,1,PK,0.001,32
4207,2,spring_barley,2,KAS,0.01,31
4208,2,spring_barley,1,PK,0.001,32
4208,2,spring_barley,2,KAS,0.01,31
4210,2,spring_barley,1,PK,0.001,32
4210,2,spring_barley,2,KAS,0.01,31
4211,2,spring_barley,1,PK,0.001,32
4211,2,spring_barley,2,KAS,0.01,31
4212,2,spring_barley,1,PK,0.001,32
4212,2,spring_barley,2,KAS,0.01,31
4214,2,spring_barley,1,PK,0.001,32
4214,2,spring_barley,2,KAS,0.01,31
4215,2,spring_barley,1,PK,0.001,32
4215,2,spring_barley,2,KAS,0.01,31
4217,2,spring_barley,1,PK,0.001,32
4217,2,spring_barley,2,KAS,0.01,31
4219,2,spring_barley,1,PK,0.001,32
4219,2,spring_barley,2,KAS,0.01,31
4224,2,spring_barley,1,PK,0.001,32
4224,2,spring_barley,2,KAS,0.01,31
4229,2,spring_barley,1,PK,0.001,32
4229,2,spring_barley,2,KAS,0.01,31
4233,2,spring_barley,1,PK,0.001,32
4233,2,spring_barley,2,KAS,0.01,31
4235,2,spring_barley,1,PK,0.001,32
4235,2,spring_barley,2,KAS,0.01,31
4236,2,spring_barley,1,PK,0.001,32
4236,2,spring_barley,2,KAS,0.01,31
4238,2,spring_barley,1,PK,0.001,32
4238,2,spring_barley,2,KAS,0.01,31
4239,2,spring_barley,1,PK,0.001,32
4239,2,spring_barley,2,KAS,0.01,31
4240,2,spring_barley,1,PK,0.001,32
4240,2,spring_barley,2,KAS,0.01,31
4241,2,spring_barley,1,PK,0.001,32
4241,2,spring_barley,2,KAS,0.01,31
4242,2,spring_barley,1,PK,0.001,32
4242,2,spring_barley,2,KAS,0.01,31
4243,2,spring_barley,1,PK,0.001,32
4243,2,spring_barley,2,KAS,0.01,31
4246,2,spring_barley,1,PK,0.001,32
4246,2,spring_barley,2,KAS,0.01,31
4248,2,spring_barley,1,PK,0.001,32
4248,2,spring_barley,2,KAS,0.01,31
4249,2,spring_barley,1,PK,0.001,32
4249,2,spring_barley,2,KAS,0.01,31
4250,2,spring_barley,1,PK,0.001,32
4250,2,spring_barley,2,KAS,0.01,31
4251,2,spring_barley,1,PK,0.001,32
4251,2,spring_barley,2,KAS,0.01,31
4252,2,spring_barley,1,PK,0.001,32
4252,2,spring_barley,2,KAS,0.01,31
4254,2,spring_barley,1,PK,0.001,32
4254,2,spring_barley,2,KAS,0.01,31
4258,2,spring_barley,1,PK,0.001,32
4258,2,spring_barley,2,KAS,0.01,31
4259,2,spring_barley,1,PK,0.001,32
4259,2,spring_barley,2,KAS,0.01,31
4263,2,spring_barley,1,PK,0.001,32
4263,2,spring_barley,2,KAS,0.01,31
4266,2,spring_barley,1,PK,0.001,32
4266,2,spring_barley,2,KAS,0.01,31
4267,2,spring_barley,1,PK,0.001,32
4267,2,spring_barley,2,KAS,0.01,31
4268,2,spring_barley,1,PK,0.001,32
4268,2,spring_barley,2,KAS,0.01,31
4269,2,spring_barley,1,PK,0.001,32
4269,2,spring_barley,2,KAS,0.01,31
4270,2,spring_barley,1,PK,0.001,32
4270,2,spring_barley,2,KAS,0.01,31
4271,2,spring_barley,1,PK,0.001,32
4271,2,spring_barley,2,KAS,0.01,31
4272,2,spring_barley,1,PK,0.001,32
4272,2,spring_barley,2,KAS,0.01,31
4277,2,spring_barley,1,PK,0.001,32
4277,2,spring_barley,2,KAS,0.01,31
4278,2,spring_barley,1,PK,0.001,32
4278,2,spring_barley,2,KAS,0.01,31
4287,2,spring_barley,1,PK,0.001,32
4287,2,spring_barley,2,KAS,0.01,31
4290,2,spring_barley,1,PK,0.001,32
4290,2,spring_barley,2,KAS,0.01,31
4291,2,spring_barley,1,PK,0.001,32
4291,2,spring_barley,2,KAS,0.01,31
4294,2,spring_barley,1,PK,0.001,32
4294,2,spring_barley,2,KAS,0.01,31
4295,2,spring_barley,1,PK,0.001,32
4295,2,spring_barley,2,KAS,0.01,31
4297,2,spring_barley,1,PK,0.001,32
4297,2,spring_barley,2,KAS,0.01,31
4298,2,spring_barley,1,PK,0.001,32
4298,2,spring_barley,2,KAS,0.01,31
4300,2,spring_barley,1,PK,0.001,32
4300,2,spring_barley,2,KAS,0.01,31
4301,2,spring_barley,1,PK,0.001,32
4301,2,spring_barley,2,KAS,0.01,31
4302,2,spring_barley,1,PK,0.001,32
4302,2,spring_barley,2,KAS,0.01,31
4304,2,spring_barley,1,PK,0.001,32
4304,2,spring_barley,2,KAS,0.01,31
4305,2,spring_barley,1,PK,0.001,32
4305,2,spring_barley,2,KAS,0.01,31
4308,2,spring_barley,1,PK,0.001,32
4308,2,spring_barley,2,KAS,0.01,31
4311,2,spring_barley,1,PK,0.001,32
4311,2,spring_barley,2,KAS,0.01,31
4314,2,spring_barley,1,PK,0.001,32
4314,2,spring_barley,2,KAS,0.01,31
4327,2,spring_barley,1,PK,0.001,32
4327,2,spring_barley,2,KAS,0.01,31
4332,2,spring_barley,1,PK,0.001,32
4332,2,spring_barley,2,KAS,0.01,31
4333,2,spring_barley,1,PK,0.001,32
4333,2,spring_barley,2,KAS,0.01,31
4334,2,spring_barley,1,PK,0.001,32
4334,2,spring_barley,2,KAS,0.01,31
4336,2,spring_barley,1,PK,0.001,32
4336,2,spring_barley,2,KAS,0.01,31
4338,2,spring_barley,1,PK,0.001,32
4338,2,spring_barley,2,KAS,0.01,31
4344,2,spring_barley,1,PK,0.001,32
4344,2,spring_barley,2,KAS,0.01,31
4345,2,spring_barley,1,PK,0.001,32
4345,2,spring_barley,2,KAS,0.01,31
4346,2,spring_barley,1,PK,0.001,32
4346,2,spring_barley,2,KAS,0.01,31
4348,2,spring_barley,1,PK,0.001,32
4348,2,spring_barley,2,KAS,0.01,31
4351,2,spring_barley,1,PK,0.001,32
4351,2,spring_barley,2,KAS,0.01,31
4352,2,spring_barley,1,PK,0.001,32
4352,2,spring_barley,2,KAS,0.01,31
4353,2,spring_barley,1,PK,0.001,32
4353,2,spring_barley,2,KAS,0.01,31
4357,2,spring_barley,1,PK,0.001,32
4357,2,spring_barley,2,KAS,0.01,31
4358,2,spring_barley,1,PK,0.001,32
4358,2,spring_barley,2,KAS,0.01,31
4360,2,spring_barley,1,PK,0.001,32
4360,2,spring_barley,2,KAS,0.01,31
4362,2,spring_barley,1,PK,0.001,32
4362,2,spring_barley,2,KAS,0.01,31
4363,2,spring_barley,1,PK,0.001,32
4363,2,spring_barley,2,KAS,0.01,31
4365,2,spring_barley,1,PK,0.001,32
4365,2,spring_barley,2,KAS,0.01,31
4367,2,spring_barley,1,PK,0.001,32
4367,2,spring_barley,2,KAS,0.01,31
4371,2,spring_barley,1,PK,0.001,32
4371,2,spring_barley,2,KAS,0.01,31
4373,2,spring_barley,1,PK,0.001,32
4373,2,spring_barley,2,KAS,0.01,31
4377,2,spring_barley,1,PK,0.001,32
4377,2,spring_barley,2,KAS,0.01,31
4378,2,spring_barley,1,PK,0.001,32
4378,2,spring_barley,2,KAS,0.01,31
4382,2,spring_barley,1,PK,0.001,32
4382,2,spring_barley,2,KAS,0.01,31
4383,2,spring_barley,1,PK,0.001,32
4383,2,spring_barley,2,KAS,0.01,31
4385,2,spring_barley,1,PK,0.001,32
4385,2,spring_barley,2,KAS,0.01,31
4387,2,spring_barley,1,PK,0.001,32
4387,2,spring_barley,2,KAS,0.01,31
4389,2,spring_barley,1,PK,0.001,32
4389,2,spring_barley,2,KAS,0.01,31
4390,2,spring_barley,1,PK,0.001,32
4390,2,spring_barley,2,KAS,0.01,31
4395,2,spring_barley,1,PK,0.001,32
4395,2,spring_barley,2,KAS,0.01,31
4396,2,spring_barley,1,PK,0.001,32
4396,2,spring_barley,2,KAS,0.01,31
4398,2,spring_barley,1,PK,0.001,32
4398,2,spring_barley,2,KAS,0.01,31
4400,2,spring_barley,1,PK,0.001,32
4400,2,spring_barley,2,KAS,0.01,31
4401,2,spring_barley,1,PK,0.001,32
4401,2,spring_barley,2,KAS,0.01,31
4402,2,spring_barley,1,PK,0.001,32
4402,2,spring_barley,2,KAS,0.01,31
4403,2,spring_barley,1,PK,0.001,32
4403,2,spring_barley,2,KAS,0.01,31
4405,2,spring_barley,1,PK,0.001,32
4405,2,spring_barley,2,KAS,0.01,31
4407,2,spring_barley,1,PK,0.001,32
4407,2,spring_barley,2,KAS,0.01,31
4408,2,spring_barley,1,PK,0.001,32
4408,2,spring_barley,2,KAS,0.01,31
4409,2,spring_barley,1,PK,0.001,32
4409,2,spring_barley,2,KAS,0.01,31
4411,2,spring_barley,1,PK,0.001,32
4411,2,spring_barley,2,KAS,0.01,31
4412,2,spring_barley,1,PK,0.001,32
4412,2,spring_barley,2,KAS,0.01,31
4413,2,spring_barley,1,PK,0.001,32
4413,2,spring_barley,2,KAS,0.01,31
4415,2,spring_barley,1,PK,0.001,32
4415,2,spring_barley,2,KAS,0.01,31
4417,2,spring_barley,1,PK,0.001,32
4417,2,spring_barley,2,KAS,0.01,31
4418,2,spring_barley,1,PK,0.001,32
4418,2,spring_barley,2,KAS,0.01,31
4419,2,spring_barley,1,PK,0.001,32
4419,2,spring_barley,2,KAS,0.01,31
4425,2,spring_barley,1,PK,0.001,32
4425,2,spring_barley,2,KAS,0.01,31
4427,2,spring_barley,1,PK,0.001,32
4427,2,spring_barley,2,KAS,0.01,31
4428,2,spring_barley,1,PK,0.001,32
4428,2,spring_barley,2,KAS,0.01,31
4429,2,spring_barley,1,PK,0.001,32
4429,2,spring_barley,2,KAS,0.01,31
4430,2,spring_barley,1,PK,0.001,32
4430,2,spring_barley,2,KAS,0.01,31
4433,2,spring_barley,1,PK,0.001,32
4433,2,spring_barley,2,KAS,0.01,31
4436,2,spring_barley,1,PK,0.001,32
4436,2,spring_barley,2,KAS,0.01,31
4437,2,spring_barley,1,PK,0.001,32
4437,2,spring_barley,2,KAS,0.01,31
4439,2,spring_barley,1,PK,0.001,32
4439,2,spring_barley,2,KAS,0.01,31
4446,2,spring_barley,1,PK,0.001,32
4446,2,spring_barley,2,KAS,0.01,31
4447,2,spring_barley,1,PK,0.001,32
4447,2,spring_barley,2,KAS,0.01,31
4448,2,spring_barley,1,PK,0.001,32
4448,2,spring_barley,2,KAS,0.01,31
4451,2,spring_barley,1,PK,0.001,32
4451,2,spring_barley,2,KAS,0.01,31
4452,2,spring_barley,1,PK,0.001,32
4452,2,spring_barley,2,KAS,0.01,31
4453,2,spring_barley,1,PK,0.001,32
4453,2,spring_barley,2,KAS,0.01,31
4456,2,spring_barley,1,PK,0.001,32
4456,2,spring_barley,2,KAS,0.01,31
4461,2,spring_barley,1,PK,0.001,32
4461,2,spring_barley,2,KAS,0.01,31
4462,2,spring_barley,1,PK,0.001,32
4462,2,spring_barley,2,KAS,0.01,31
4466,2,spring_barley,1,PK,0.001,32
4466,2,spring_barley,2,KAS,0.01,31
4471,2,spring_barley,1,PK,0.001,32
4471,2,spring_barley,2,KAS,0.01,31
4474,2,spring_barley,1,PK,0.001,32
4474,2,spring_barley,2,KAS,0.01,31
4475,2,spring_barley,1,PK,0.001,32
4475,2,spring_barley,2,KAS,0.01,31
4476,2,spring_barley,1,PK,0.001,32
4476,2,spring_barley,2,KAS,0.01,31
4477,2,spring_barley,1,PK,0.001,32
4477,2,spring_barley,2,KAS,0.01,31
4479,2,spring_barley,1,PK,0.001,32
4479,2,spring_barley,2,KAS,0.01,31
4483,2,spring_barley,1,PK,0.001,32
4483,2,spring_barley,2,KAS,0.01,31
4484,2,spring_barley,1,PK,0.001,32
4484,2,spring_barley,2,KAS,0.01,31
4488,2,spring_barley,1,PK,0.001,32
4488,2,spring_barley,2,KAS,0.01,31
4498,2,spring_barley,1,PK,0.001,32
4498,2,spring_barley,2,KAS,0.01,31
4501,2,spring_barley,1,PK,0.001,32
4501,2,spring_barley,2,KAS,0.01,31
4505,2,spring_barley,1,PK,0.001,32
4505,2,spring_barley,2,KAS,0.01,31
4506,2,spring_barley,1,PK,0.001,32
4506,2,spring_barley,2,KAS,0.01,31
4507,2,spring_barley,1,PK,0.001,32
4507,2,spring_barley,2,KAS,0.01,31
4513,2,spring_barley,1,PK,0.001,32
4513,2,spring_barley,2,KAS,0.01,31
4514,2,spring_barley,1,PK,0.001,32
4514,2,spring_barley,2,KAS,0.01,31
4517,2,spring_barley,1,PK,0.001,32
4517,2,spring_barley,2,KAS,0.01,31
4518,2,spring_barley,1,PK,0.001,32
4518,2,spring_barley,2,KAS,0.01,31
4519,2,spring_barley,1,PK,0.001,32
4519,2,spring_barley,2,KAS,0.01,31
4520,2,spring_barley,1,PK,0.001,32
4520,2,spring_barley,2,KAS,0.01,31
4521,2,spring_barley,1,PK,0.001,32
4521,2,spring_barley,2,KAS,0.01,31
4522,2,spring_barley,1,PK,0.001,32
4522,2,spring_barley,2,KAS,0.01,31
4523,2,spring_barley,1,PK,0.001,32
4523,2,spring_barley,2,KAS,0.01,31
4524,2,spring_barley,1,PK,0.001,32
4524,2,spring_barley,2,KAS,0.01,31
4527,2,spring_barley,1,PK,0.001,32
4527,2,spring_barley,2,KAS,0.01,31
4528,2,spring_barley,1,PK,0.001,32
4528,2,spring_barley,2,KAS,0.01,31
4531,2,spring_barley,1,PK,0.001,32
4531,2,spring_barley,2,KAS,0.01,31
4533,2,spring_barley,1,PK,0.001,32
4533,2,spring_barley,2,KAS,0.01,31
4539,2,spring_barley,1,PK,0.001,32
4539,2,spring_barley,2,KAS,0.01,31
4540,2,spring_barley,1,PK,0.001,32
4540,2,spring_barley,2,KAS,0.01,31
4543,2,spring_barley,1,PK,0.001,32
4543,2,spring_barley,2,KAS,0.01,31
4547,2,spring_barley,1,PK,0.001,32
4547,2,spring_barley,2,KAS,0.01,31
4550,2,spring_barley,1,PK,0.001,32
4550,2,spring_barley,2,KAS,0.01,31
4551,2,spring_barley,1,PK,0.001,32
4551,2,spring_barley,2,KAS,0.01,31
4552,2,spring_barley,1,PK,0.001,32
4552,2,spring_barley,2,KAS,0.01,31
4553,2,spring_barley,1,PK,0.001,32
4553,2,spring_barley,2,KAS,0.01,31
4554,2,spring_barley,1,PK,0.001,32
4554,2,spring_barley,2,KAS,0.01,31
4559,2,spring_barley,1,PK,0.001,32
4559,2,spring_barley,2,KAS,0.01,31
4560,2,spring_barley,1,PK,0.001,32
4560,2,spring_barley,2,KAS,0.01,31
4561,2,spring_barley,1,PK,0.001,32
4561,2,spring_barley,2,KAS,0.01,31
4562,2,spring_barley,1,PK,0.001,32
4562,2,spring_barley,2,KAS,0.01,31
4564,2,spring_barley,1,PK,0.001,32
4564,2,spring_barley,2,KAS,0.01,31
4565,2,spring_barley,1,PK,0.001,32
4565,2,spring_barley,2,KAS,0.01,31
4566,2,spring_barley,1,PK,0.001,32
4566,2,spring_barley,2,KAS,0.01,31
4568,2,spring_barley,1,PK,0.001,32
4568,2,spring_barley,2,KAS,0.01,31
4569,2,spring_barley,1,PK,0.001,32
4569,2,spring_barley,2,KAS,0.01,31
4574,2,spring_barley,1,PK,0.001,32
4574,2,spring_barley,2,KAS,0.01,31
4578,2,spring_barley,1,PK,0.001,32
4578,2,spring_barley,2,KAS,0.01,31
4579,2,spring_barley,1,PK,0.001,32
4579,2,spring_barley,2,KAS,0.01,31
4580,2,spring_barley,1,PK,0.001,32
4580,2,spring_barley,2,KAS,0.01,31
4582,2,spring_barley,1,PK,0.001,32
4582,2,spring_barley,2,KAS,0.01,31
4583,2,spring_barley,1,PK,0.001,32
4583,2,spring_barley,2,KAS,0.01,31
4585,2,spring_barley,1,PK,0.001,32
4585,2,spring_barley,2,KAS,0.01,31
4588,2,spring_barley,1,PK,0.001,32
4588,2,spring_barley,2,KAS,0.01,31
4593,2,spring_barley,1,PK,0.001,32
4593,2,spring_barley,2,KAS,0.01,31
4599,2,spring_barley,1,PK,0.001,32
4599,2,spring_barley,2,KAS,0.01,31
4600,2,spring_barley,1,PK,0.001,32
4600,2,spring_barley,2,KAS,0.01,31
4601,2,spring_barley,1,PK,0.001,32
4601,2,spring_barley,2,KAS,0.01,31
4603,2,spring_barley,1,PK,0.001,32
4603,2,spring_barley,2,KAS,0.01,31
4604,2,spring_barley,1,PK,0.001,32
4604,2,spring_barley,2,KAS,0.01,31
4610,2,spring_barley,1,PK,0.001,32
4610,2,spring_barley,2,KAS,0.01,31
4611,2,spring_barley,1,PK,0.001,32
4611,2,spring_barley,2,KAS,0.01,31
4612,2,spring_barley,1,PK,0.001,32
4612,2,spring_barley,2,KAS,0.01,31
4613,2,spring_barley,1,PK,0.001,32
4613,2,spring_barley,2,KAS,0.01,31
4614,2,spring_barley,1,PK,0.001,32
4614,2,spring_barley,2,KAS,0.01,31
4615,2,spring_barley,1,PK,0.001,32
4615,2,spring_barley,2,KAS,0.01,31
4616,2,spring_barley,1,PK,0.001,32
4616,2,spring_barley,2,KAS,0.01,31
4617,2,spring_barley,1,PK,0.001,32
4617,2,spring_barley,2,KAS,0.01,31
4618,2,spring_barley,1,PK,0.001,32
4618,2,spring_barley,2,KAS,0.01,31
4619,2,spring_barley,1,PK,0.001,32
4619,2,spring_barley,2,KAS,0.01,31
4620,2,spring_barley,1,PK,0.001,32
4620,2,spring_barley,2,KAS,0.01,31
4625,2,spring_barley,1,PK,0.001,32
4625,2,spring_barley,2,KAS,0.01,31
4626,2,spring_barley,1,PK,0.001,32
4626,2,spring_barley,2,KAS,0.01,31
4627,2,spring_barley,1,PK,0.001,32
4627,2,spring_barley,2,KAS,0.01,31
4628,2,spring_barley,1,PK,0.001,32
4628,2,spring_barley,2,KAS,0.01,31
4630,2,spring_barley,1,PK,0.001,32
4630,2,spring_barley,2,KAS,0.01,31
4631,2,spring_barley,1,PK,0.001,32
4631,2,spring_barley,2,KAS,0.01,31
4632,2,spring_barley,1,PK,0.001,32
4632,2,spring_barley,2,KAS,0.01,31
4633,2,spring_barley,1,PK,0.001,32
4633,2,spring_barley,2,KAS,0.01,31
4634,2,spring_barley,1,PK,0.001,32
4634,2,spring_barley,2,KAS,0.01,31
4636,2,spring_barley,1,PK,0.001,32
4636,2,spring_barley,2,KAS,0.01,31
4637,2,spring_barley,1,PK,0.001,32
4637,2,spring_barley,2,KAS,0.01,31
4638,2,spring_barley,1,PK,0.001,32
4638,2,spring_barley,2,KAS,0.01,31
4639,2,spring_barley,1,PK,0.001,32
4639,2,spring_barley,2,KAS,0.01,31
4641,2,spring_barley,1,PK,0.001,32
4641,2,spring_barley,2,KAS,0.01,31
4645,2,spring_barley,1,PK,0.001,32
4645,2,spring_barley,2,KAS,0.01,31
4651,2,spring_barley,1,PK,0.001,32
4651,2,spring_barley,2,KAS,0.01,31
4653,2,spring_barley,1,PK,0.001,32
4653,2,spring_barley,2,KAS,0.01,31
4655,2,spring_barley,1,PK,0.001,32
4655,2,spring_barley,2,KAS,0.01,31
4656,2,spring_barley,1,PK,0.001,32
4656,2,spring_barley,2,KAS,0.01,31
4657,2,spring_barley,1,PK,0.001,32
4657,2,spring_barley,2,KAS,0.01,31
4661,2,spring_barley,1,PK,0.001,32
4661,2,spring_barley,2,KAS,0.01,31
4662,2,spring_barley,1,PK,0.001,32
4662,2,spring_barley,2,KAS,0.01,31
4664,2,spring_barley,1,PK,0.001,32
4664,2,spring_barley,2,KAS,0.01,31
4666,2,spring_barley,1,PK,0.001,32
4666,2,spring_barley,2,KAS,0.01,31
4667,2,spring_barley,1,PK,0.001,32
4667,2,spring_barley,2,KAS,0.01,31
4668,2,spring_barley,1,PK,0.001,32
4668,2,spring_barley,2,KAS,0.01,31
4669,2,spring_barley,1,PK,0.001,32
4669,2,spring_barley,2,KAS,0.01,31
4672,2,spring_barley,1,PK,0.001,32
4672,2,spring_barley,2,KAS,0.01,31
4673,2,spring_barley,1,PK,0.001,32
4673,2,spring_barley,2,KAS,0.01,31
4674,2,spring_barley,1,PK,0.001,32
4674,2,spring_barley,2,KAS,0.01,31
4675,2,spring_barley,1,PK,0.001,32
4675,2,spring_barley,2,KAS,0.01,31
4676,2,spring_barley,1,PK,0.001,32
4676,2,spring_barley,2,KAS,0.01,31
4677,2,spring_barley,1,PK,0.001,32
4677,2,spring_barley,2,KAS,0.01,31
4683,2,spring_barley,1,PK,0.001,32
4683,2,spring_barley,2,KAS,0.01,31
4684,2,spring_barley,1,PK,0.001,32
4684,2,spring_barley,2,KAS,0.01,31
4685,2,spring_barley,1,PK,0.001,32
4685,2,spring_barley,2,KAS,0.01,31
4686,2,spring_barley,1,PK,0.001,32
4686,2,spring_barley,2,KAS,0.01,31
4687,2,spring_barley,1,PK,0.001,32
4687,2,spring_barley,2,KAS,0.01,31
4690,2,spring_barley,1,PK,0.001,32
4690,2,spring_barley,2,KAS,0.01,31
4691,2,spring_barley,1,PK,0.001,32
4691,2,spring_barley,2,KAS,0.01,31
4693,2,spring_barley,1,PK,0.001,32
4693,2,spring_barley,2,KAS,0.01,31
4694,2,spring_barley,1,PK,0.001,32
4694,2,spring_barley,2,KAS,0.01,31
4695,2,spring_barley,1,PK,0.001,32
4695,2,spring_barley,2,KAS,0.01,31
4698,2,spring_barley,1,PK,0.001,32
4698,2,spring_barley,2,KAS,0.01,31
4704,2,spring_barley,1,PK,0.001,32
4704,2,spring_barley,2,KAS,0.01,31
4706,2,spring_barley,1,PK,0.001,32
4706,2,spring_barley,2,KAS,0.01,31
4709,2,spring_barley,1,PK,0.001,32
4709,2,spring_barley,2,KAS,0.01,31
4710,2,spring_barley,1,PK,0.001,32
4710,2,spring_barley,2,KAS,0.01,31
4712,2,spring_barley,1,PK,0.001,32
4712,2,spring_barley,2,KAS,0.01,31
4713,2,spring_barley,1,PK,0.001,32
4713,2,spring_barley,2,KAS,0.01,31
4717,2,spring_barley,1,PK,0.001,32
4717,2,spring_barley,2,KAS,0.01,31
4720,2,spring_barley,1,PK,0.001,32
4720,2,spring_barley,2,KAS,0.01,31
4724,2,spring_barley,1,PK,0.001,32
4724,2,spring_barley,2,KAS,0.01,31
4725,2,spring_barley,1,PK,0.001,32
4725,2,spring_barley,2,KAS,0.01,31
4729,2,spring_barley,1,PK,0.001,32
4729,2,spring_barley,2,KAS,0.01,31
4730,2,spring_barley,1,PK,0.001,32
4730,2,spring_barley,2,KAS,0.01,31
4733,2,spring_barley,1,PK,0.001,32
4733,2,spring_barley,2,KAS,0.01,31
4734,2,spring_barley,1,PK,0.001,32
4734,2,spring_barley,2,KAS,0.01,31
4739,2,spring_barley,1,PK,0.001,32
4739,2,spring_barley,2,KAS,0.01,31
4740,2,spring_barley,1,PK,0.001,32
4740,2,spring_barley,2,KAS,0.01,31
4741,2,spring_barley,1,PK,0.001,32
4741,2,spring_barley,2,KAS,0.01,31
4743,2,spring_barley,1,PK,0.001,32
4743,2,spring_barley,2,KAS,0.01,31
4745,2,spring_barley,1,PK,0.001,32
4745,2,spring_barley,2,KAS,0.01,31
4746,2,spring_barley,1,PK,0.001,32
4746,2,spring_barley,2,KAS,0.01,31
4750,2,spring_barley,1,PK,0.001,32
4750,2,spring_barley,2,KAS,0.01,31
4752,2,spring_barley,1,PK,0.001,32
4752,2,spring_barley,2,KAS,0.01,31
4756,2,spring_barley,1,PK,0.001,32
4756,2,spring_barley,2,KAS,0.01,31
4757,2,spring_barley,1,PK,0.001,32
4757,2,spring_barley,2,KAS,0.01,31
4759,2,spring_barley,1,PK,0.001,32
4759,2,spring_barley,2,KAS,0.01,31
4760,2,spring_barley,1,PK,0.001,32
4760,2,spring_barley,2,KAS,0.01,31
4764,2,spring_barley,1,PK,0.001,32
4764,2,spring_barley,2,KAS,0.01,31
4765,2,spring_barley,1,PK,0.001,32
4765,2,spring_barley,2,KAS,0.01,31
4766,2,spring_barley,1,PK,0.001,32
4766,2,spring_barley,2,KAS,0.01,31
4770,2,spring_barley,1,PK,0.001,32
4770,2,spring_barley,2,KAS,0.01,31
4773,2,spring_barley,1,PK,0.001,32
4773,2,spring_barley,2,KAS,0.01,31
4776,2,spring_barley,1,PK,0.001,32
4776,2,spring_barley,2,KAS,0.01,31
4777,2,spring_barley,1,PK,0.001,32
4777,2,spring_barley,2,KAS,0.01,31
4779,2,spring_barley,1,PK,0.001,32
4779,2,spring_barley,2,KAS,0.01,31
4781,2,spring_barley,1,PK,0.001,32
4781,2,spring_barley,2,KAS,0.01,31
4782,2,spring_barley,1,PK,0.001,32
4782,2,spring_barley,2,KAS,0.01,31
4783,2,spring_barley,1,PK,0.001,32
4783,2,spring_barley,2,KAS,0.01,31
4786,2,spring_barley,1,PK,0.001,32
4786,2,spring_barley,2,KAS,0.01,31
4787,2,spring_barley,1,PK,0.001,32
4787,2,spring_barley,2,KAS,0.01,31
4788,2,spring_barley,1,PK,0.001,32
4788,2,spring_barley,2,KAS,0.01,31
4789,2,spring_barley,1,PK,0.001,32
4789,2,spring_barley,2,KAS,0.01,31
4790,2,spring_barley,1,PK,0.001,32
4790,2,spring_barley,2,KAS,0.01,31
4792,2,spring_barley,1,PK,0.001,32
4792,2,spring_barley,2,KAS,0.01,31
4793,2,spring_barley,1,PK,0.001,32
4793,2,spring_barley,2,KAS,0.01,31
4794,2,spring_barley,1,PK,0.001,32
4794,2,spring_barley,2,KAS,0.01,31
4795,2,spring_barley,1,PK,0.001,32
4795,2,spring_barley,2,KAS,0.01,31
4798,2,spring_barley,1,PK,0.001,32
4798,2,spring_barley,2,KAS,0.01,31
4800,2,spring_barley,1,PK,0.001,32
4800,2,spring_barley,2,KAS,0.01,31
4801,2,spring_barley,1,PK,0.001,32
4801,2,spring_barley,2,KAS,0.01,31
4802,2,spring_barley,1,PK,0.001,32
4802,2,spring_barley,2,KAS,0.01,31
4803,2,spring_barley,1,PK,0.001,32
4803,2,spring_barley,2,KAS,0.01,31
4804,2,spring_barley,1,PK,0.001,32
4804,2,spring_barley,2,KAS,0.01,31
4807,2,spring_barley,1,PK,0.001,32
4807,2,spring_barley,2,KAS,0.01,31
4824,2,spring_barley,1,PK,0.001,32
4824,2,spring_barley,2,KAS,0.01,31
4825,2,spring_barley,1,PK,0.001,32
4825,2,spring_barley,2,KAS,0.01,31
4826,2,spring_barley,1,PK,0.001,32
4826,2,spring_barley,2,KAS,0.01,31
4828,2,spring_barley,1,PK,0.001,32
4828,2,spring_barley,2,KAS,0.01,31
4829,2,spring_barley,1,PK,0.001,32
4829,2,spring_barley,2,KAS,0.01,31
4830,2,spring_barley,1,PK,0.001,32
4830,2,spring_barley,2,KAS,0.01,31
4831,2,spring_barley,1,PK,0.001,32
4831,2,spring_barley,2,KAS,0.01,31
4832,2,spring_barley,1,PK,0.001,32
4832,2,spring_barley,2,KAS,0.01,31
4833,2,spring_barley,1,PK,0.001,32
4833,2,spring_barley,2,KAS,0.01,31
4834,2,spring_barley,1,PK,0.001,32
4834,2,spring_barley,2,KAS,0.01,31
4835,2,spring_barley,1,PK,0.001,32
4835,2,spring_barley,2,KAS,0.01,31
4836,2,spring_barley,1,PK,0.001,32
4836,2,spring_barley,2,KAS,0.01,31
4839,2,spring_barley,1,PK,0.001,32
4839,2,spring_barley,2,KAS,0.01,31
4841,2,spring_barley,1,PK,0.001,32
4841,2,spring_barley,2,KAS,0.01,31
4842,2,spring_barley,1,PK,0.001,32
4842,2,spring_barley,2,KAS,0.01,31
4843,2,spring_barley,1,PK,0.001,32
4843,2,spring_barley,2,KAS,0.01,31
4844,2,spring_barley,1,PK,0.001,32
4844,2,spring_barley,2,KAS,0.01,31
4846,2,spring_barley,1,PK,0.001,32
4846,2,spring_barley,2,KAS,0.01,31
4848,2,spring_barley,1,PK,0.001,32
4848,2,spring_barley,2,KAS,0.01,31
4849,2,spring_barley,1,PK,0.001,32
4849,2,spring_barley,2,KAS,0.01,31
4850,2,spring_barley,1,PK,0.001,32
4850,2,spring_barley,2,KAS,0.01,31
4851,2,spring_barley,1,PK,0.001,32
4851,2,spring_barley,2,KAS,0.01,31
4854,2,spring_barley,1,PK,0.001,32
4854,2,spring_barley,2,KAS,0.01,31
4855,2,spring_barley,1,PK,0.001,32
4855,2,spring_barley,2,KAS,0.01,31
4858,2,spring_barley,1,PK,0.001,32
4858,2,spring_barley,2,KAS,0.01,31
4859,2,spring_barley,1,PK,0.001,32
4859,2,spring_barley,2,KAS,0.01,31
4860,2,spring_barley,1,PK,0.001,32
4860,2,spring_barley,2,KAS,0.01,31
4863,2,spring_barley,1,PK,0.001,32
4863,2,spring_barley,2,KAS,0.01,31
4868,2,spring_barley,1,PK,0.001,32
4868,2,spring_barley,2,KAS,0.01,31
4869,2,spring_barley,1,PK,0.001,32
4869,2,spring_barley,2,KAS,0.01,31
4871,2,spring_barley,1,PK,0.001,32
4871,2,spring_barley,2,KAS,0.01,31
4873,2,spring_barley,1,PK,0.001,32
4873,2,spring_barley,2,KAS,0.01,31
4876,2,spring_barley,1,PK,0.001,32
4876,2,spring_barley,2,KAS,0.01,31
4877,2,spring_barley,1,PK,0.001,32
4877,2,spring_barley,2,KAS,0.01,31
4880,2,spring_barley,1,PK,0.001,32
4880,2,spring_barley,2,KAS,0.01,31
4883,2,spring_barley,1,PK,0.001,32
4883,2,spring_barley,2,KAS,0.01,31
4884,2,spring_barley,1,PK,0.001,32
4884,2,spring_barley,2,KAS,0.01,31
4886,2,spring_barley,1,PK,0.001,32
4886,2,spring_barley,2,KAS,0.01,31
4887,2,spring_barley,1,PK,0.001,32
4887,2,spring_barley,2,KAS,0.01,31
4889,2,spring_barley,1,PK,0.001,32
4889,2,spring_barley,2,KAS,0.01,31
4890,2,spring_barley,1,PK,0.001,32
4890,2,spring_barley,2,KAS,0.01,31
4891,2,spring_barley,1,PK,0.001,32
4891,2,spring_barley,2,KAS,0.01,31
4892,2,spring_barley,1,PK,0.001,32
4892,2,spring_barley,2,KAS,0.01,31
4894,2,spring_barley,1,PK,0.001,32
4894,2,spring_barley,2,KAS,0.01,31
4895,2,spring_barley,1,PK,0.001,32
4895,2,spring_barley,2,KAS,0.01,31
4896,2,spring_barley,1,PK,0.001,32
4896,2,spring_barley,2,KAS,0.01,31
4897,2,spring_barley,1,PK,0.001,32
4897,2,spring_barley,2,KAS,0.01,31
4898,2,spring_barley,1,PK,0.001,32
4898,2,spring_barley,2,KAS,0.01,31
4899,2,spring_barley,1,PK,0.001,32
4899,2,spring_barley,2,KAS,0.01,31
4900,2,spring_barley,1,PK,0.001,32
4900,2,spring_barley,2,KAS,0.01,31
4901,2,spring_barley,1,PK,0.001,32
4901,2,spring_barley,2,KAS,0.01,31
4902,2,spring_barley,1,PK,0.001,32
4902,2,spring_barley,2,KAS,0.01,31
4904,2,spring_barley,1,PK,0.001,32
4904,2,spring_barley,2,KAS,0.01,31
4907,2,spring_barley,1,PK,0.001,32
4907,2,spring_barley,2,KAS,0.01,31
4909,2,spring_barley,1,PK,0.001,32
4909,2,spring_barley,2,KAS,0.01,31
4910,2,spring_barley,1,PK,0.001,32
4910,2,spring_barley,2,KAS,0.01,31
4912,2,spring_barley,1,PK,0.001,32
4912,2,spring_barley,2,KAS,0.01,31
4918,2,spring_barley,1,PK,0.001,32
4918,2,spring_barley,2,KAS,0.01,31
4920,2,spring_barley,1,PK,0.001,32
4920,2,spring_barley,2,KAS,0.01,31
4922,2,spring_barley,1,PK,0.001,32
4922,2,spring_barley,2,KAS,0.01,31
4925,2,spring_barley,1,PK,0.001,32
4925,2,spring_barley,2,KAS,0.01,31
4928,2,spring_barley,1,PK,0.001,32
4928,2,spring_barley,2,KAS,0.01,31
4929,2,spring_barley,1,PK,0.001,32
4929,2,spring_barley,2,KAS,0.01,31
4930,2,spring_barley,1,PK,0.001,32
4930,2,spring_barley,2,KAS,0.01,31
4931,2,spring_barley,1,PK,0.001,32
4931,2,spring_barley,2,KAS,0.01,31
4932,2,spring_barley,1,PK,0.001,32
4932,2,spring_barley,2,KAS,0.01,31
4933,2,spring_barley,1,PK,0.001,32
4933,2,spring_barley,2,KAS,0.01,31
4934,2,spring_barley,1,PK,0.001,32
4934,2,spring_barley,2,KAS,0.01,31
4935,2,spring_barley,1,PK,0.001,32
4935,2,spring_barley,2,KAS,0.01,31
4937,2,spring_barley,1,PK,0.001,32
4937,2,spring_barley,2,KAS,0.01,31
4942,2,spring_barley,1,PK,0.001,32
4942,2,spring_barley,2,KAS,0.01,31
4943,2,spring_barley,1,PK,0.001,32
4943,2,spring_barley,2,KAS,0.01,31
4945,2,spring_barley,1,PK,0.001,32
4945,2,spring_barley,2,KAS,0.01,31
4946,2,spring_barley,1,PK,0.001,32
4946,2,spring_barley,2,KAS,0.01,31
4947,2,spring_barley,1,PK,0.001,32
4947,2,spring_barley,2,KAS,0.01,31
4948,2,spring_barley,1,PK,0.001,32
4948,2,spring_barley,2,KAS,0.01,31
4949,2,spring_barley,1,PK,0.001,32
4949,2,spring_barley,2,KAS,0.01,31
4951,2,spring_barley,1,PK,0.001,32
4951,2,spring_barley,2,KAS,0.01,31
4952,2,spring_barley,1,PK,0.001,32
4952,2,spring_barley,2,KAS,0.01,31
4953,2,spring_barley,1,PK,0.001,32
4953,2,spring_barley,2,KAS,0.01,31
4954,2,spring_barley,1,PK,0.001,32
4954,2,spring_barley,2,KAS,0.01,31
4955,2,spring_barley,1,PK,0.001,32
4955,2,spring_barley,2,KAS,0.01,31
4957,2,spring_barley,1,PK,0.001,32
4957,2,spring_barley,2,KAS,0.01,31
4958,2,spring_barley,1,PK,0.001,32
4958,2,spring_barley,2,KAS,0.01,31
4960,2,spring_barley,1,PK,0.001,32
4960,2,spring_barley,2,KAS,0.01,31
4961,2,spring_barley,1,PK,0.001,32
4961,2,spring_barley,2,KAS,0.01,31
4962,2,spring_barley,1,PK,0.001,32
4962,2,spring_barley,2,KAS,0.01,31
4963,2,spring_barley,1,PK,0.001,32
4963,2,spring_barley,2,KAS,0.01,31
4964,2,spring_barley,1,PK,0.001,32
4964,2,spring_barley,2,KAS,0.01,31
4965,2,spring_barley,1,PK,0.001,32
4965,2,spring_barley,2,KAS,0.01,31
4966,2,spring_barley,1,PK,0.001,32
4966,2,spring_barley,2,KAS,0.01,31
4969,2,spring_barley,1,PK,0.001,32
4969,2,spring_barley,2,KAS,0.01,31
4973,2,spring_barley,1,PK,0.001,32
4973,2,spring_barley,2,KAS,0.01,31
4975,2,spring_barley,1,PK,0.001,32
4975,2,spring_barley,2,KAS,0.01,31
4976,2,spring_barley,1,PK,0.001,32
4976,2,spring_barley,2,KAS,0.01,31
4977,2,spring_barley,1,PK,0.001,32
4977,2,spring_barley,2,KAS,0.01,31
4978,2,spring_barley,1,PK,0.001,32
4978,2,spring_barley,2,KAS,0.01,31
4979,2,spring_barley,1,PK,0.001,32
4979,2,spring_barley,2,KAS,0.01,31
4981,2,spring_barley,1,PK,0.001,32
4981,2,spring_barley,2,KAS,0.01,31
4982,2,spring_barley,1,PK,0.001,32
4982,2,spring_barley,2,KAS,0.01,31
4983,2,spring_barley,1,PK,0.001,32
4983,2,spring_barley,2,KAS,0.01,31
4987,2,spring_barley,1,PK,0.001,32
4987,2,spring_barley,2,KAS,0.01,31
4988,2,spring_barley,1,PK,0.001,32
4988,2,spring_barley,2,KAS,0.01,31
4990,2,spring_barley,1,PK,0.001,32
4990,2,spring_barley,2,KAS,0.01,31
4991,2,spring_barley,1,PK,0.001,32
4991,2,spring_barley,2,KAS,0.01,31
4992,2,spring_barley,1,PK,0.001,32
4992,2,spring_barley,2,KAS,0.01,31
4993,2,spring_barley,1,PK,0.001,32
4993,2,spring_barley,2,KAS,0.01,31
4995,2,spring_barley,1,PK,0.001,32
4995,2,spring_barley,2,KAS,0.01,31
4996,2,spring_barley,1,PK,0.001,32
4996,2,spring_barley,2,KAS,0.01,31
4997,2,spring_barley,1,PK,0.001,32
4997,2,spring_barley,2,KAS,0.01,31
4998,2,spring_barley,1,PK,0.001,32
4998,2,spring_barley,2,KAS,0.01,31
5002,2,spring_barley,1,PK,0.001,32
5002,2,spring_barley,2,KAS,0.01,31
5003,2,spring_barley,1,PK,0.001,32
5003,2,spring_barley,2,KAS,0.01,31
5004,2,spring_barley,1,PK,0.001,32
5004,2,spring_barley,2,KAS,0.01,31
5005,2,spring_barley,1,PK,0.001,32
5005,2,spring_barley,2,KAS,0.01,31
5007,2,spring_barley,1,PK,0.001,32
5007,2,spring_barley,2,KAS,0.01,31
5008,2,spring_barley,1,PK,0.001,32
5008,2,spring_barley,2,KAS,0.01,31
5010,2,spring_barley,1,PK,0.001,32
5010,2,spring_barley,2,KAS,0.01,31
5011,2,spring_barley,1,PK,0.001,32
5011,2,spring_barley,2,KAS,0.01,31
5012,2,spring_barley,1,PK,0.001,32
5012,2,spring_barley,2,KAS,0.01,31
5013,2,spring_barley,1,PK,0.001,32
5013,2,spring_barley,2,KAS,0.01,31
5014,2,spring_barley,1,PK,0.001,32
5014,2,spring_barley,2,KAS,0.01,31
5015,2,spring_barley,1,PK,0.001,32
5015,2,spring_barley,2,KAS,0.01,31
5022,2,spring_barley,1,PK,0.001,32
5022,2,spring_barley,2,KAS,0.01,31
5023,2,spring_barley,1,PK,0.001,32
5023,2,spring_barley,2,KAS,0.01,31
5024,2,spring_barley,1,PK,0.001,32
5024,2,spring_barley,2,KAS,0.01,31
5026,2,spring_barley,1,PK,0.001,32
5026,2,spring_barley,2,KAS,0.01,31
5030,2,spring_barley,1,PK,0.001,32
5030,2,spring_barley,2,KAS,0.01,31
5031,2,spring_barley,1,PK,0.001,32
5031,2,spring_barley,2,KAS,0.01,31
5033,2,spring_barley,1,PK,0.001,32
5033,2,spring_barley,2,KAS,0.01,31
5038,2,spring_barley,1,PK,0.001,32
5038,2,spring_barley,2,KAS,0.01,31
5040,2,spring_barley,1,PK,0.001,32
5040,2,spring_barley,2,KAS,0.01,31
5042,2,spring_barley,1,PK,0.001,32
5042,2,spring_barley,2,KAS,0.01,31
5043,2,spring_barley,1,PK,0.001,32
5043,2,spring_barley,2,KAS,0.01,31
5046,2,spring_barley,1,PK,0.001,32
5046,2,spring_barley,2,KAS,0.01,31
5047,2,spring_barley,1,PK,0.001,32
5047,2,spring_barley,2,KAS,0.01,31
5048,2,spring_barley,1,PK,0.001,32
5048,2,spring_barley,2,KAS,0.01,31
5049,2,spring_barley,1,PK,0.001,32
5049,2,spring_barley,2,KAS,0.01,31
5051,2,spring_barley,1,PK,0.001,32
5051,2,spring_barley,2,KAS,0.01,31
5054,2,spring_barley,1,PK,0.001,32
5054,2,spring_barley,2,KAS,0.01,31
5055,2,spring_barley,1,PK,0.001,32
5055,2,spring_barley,2,KAS,0.01,31
5056,2,spring_barley,1,PK,0.001,32
5056,2,spring_barley,2,KAS,0.01,31
5057,2,spring_barley,1,PK,0.001,32
5057,2,spring_barley,2,KAS,0.01,31
5059,2,spring_barley,1,PK,0.001,32
5059,2,spring_barley,2,KAS,0.01,31
5060,2,spring_barley,1,PK,0.001,32
5060,2,spring_barley,2,KAS,0.01,31
5061,2,spring_barley,1,PK,0.001,32
5061,2,spring_barley,2,KAS,0.01,31
5065,2,spring_barley,1,PK,0.001,32
5065,2,spring_barley,2,KAS,0.01,31
5066,2,spring_barley,1,PK,0.001,32
5066,2,spring_barley,2,KAS,0.01,31
5067,2,spring_barley,1,PK,0.001,32
5067,2,spring_barley,2,KAS,0.01,31
5070,2,spring_barley,1,PK,0.001,32
5070,2,spring_barley,2,KAS,0.01,31
5071,2,spring_barley,1,PK,0.001,32
5071,2,spring_barley,2,KAS,0.01,31
5072,2,spring_barley,1,PK,0.001,32
5072,2,spring_barley,2,KAS,0.01,31
5073,2,spring_barley,1,PK,0.001,32
5073,2,spring_barley,2,KAS,0.01,31
5074,2,spring_barley,1,PK,0.001,32
5074,2,spring_barley,2,KAS,0.01,31
5076,2,spring_barley,1,PK,0.001,32
5076,2,spring_barley,2,KAS,0.01,31
5080,2,spring_barley,1,PK,0.001,32
5080,2,spring_barley,2,KAS,0.01,31
5081,2,spring_barley,1,PK,0.001,32
5081,2,spring_barley,2,KAS,0.01,31
5084,2,spring_barley,1,PK,0.001,32
5084,2,spring_barley,2,KAS,0.01,31
5088,2,spring_barley,1,PK,0.001,32
5088,2,spring_barley,2,KAS,0.01,31
5090,2,spring_barley,1,PK,0.001,32
5090,2,spring_barley,2,KAS,0.01,31
5091,2,spring_barley,1,PK,0.001,32
5091,2,spring_barley,2,KAS,0.01,31
5096,2,spring_barley,1,PK,0.001,32
5096,2,spring_barley,2,KAS,0.01,31
5097,2,spring_barley,1,PK,0.001,32
5097,2,spring_barley,2,KAS,0.01,31
5098,2,spring_barley,1,PK,0.001,32
5098,2,spring_barley,2,KAS,0.01,31
5102,2,spring_barley,1,PK,0.001,32
5102,2,spring_barley,2,KAS,0.01,31
5103,2,spring_barley,1,PK,0.001,32
5103,2,spring_barley,2,KAS,0.01,31
5104,2,spring_barley,1,PK,0.001,32
5104,2,spring_barley,2,KAS,0.01,31
5108,2,spring_barley,1,PK,0.001,32
5108,2,spring_barley,2,KAS,0.01,31
5109,2,spring_barley,1,PK,0.001,32
5109,2,spring_barley,2,KAS,0.01,31
5110,2,spring_barley,1,PK,0.001,32
5110,2,spring_barley,2,KAS,0.01,31
5111,2,spring_barley,1,PK,0.001,32
5111,2,spring_barley,2,KAS,0.01,31
5114,2,spring_barley,1,PK,0.001,32
5114,2,spring_barley,2,KAS,0.01,31
5115,2,spring_barley,1,PK,0.001,32
5115,2,spring_barley,2,KAS,0.01,31
5116,2,spring_barley,1,PK,0.001,32
5116,2,spring_barley,2,KAS,0.01,31
5117,2,spring_barley,1,PK,0.001,32
5117,2,spring_barley,2,KAS,0.01,31
5121,2,spring_barley,1,PK,0.001,32
5121,2,spring_barley,2,KAS,0.01,31
5122,2,spring_barley,1,PK,0.001,32
5122,2,spring_barley,2,KAS,0.01,31
5123,2,spring_barley,1,PK,0.001,32
5123,2,spring_barley,2,KAS,0.01,31
5124,2,spring_barley,1,PK,0.001,32
5124,2,spring_barley,2,KAS,0.01,31
5128,2,spring_barley,1,PK,0.001,32
5128,2,spring_barley,2,KAS,0.01,31
5130,2,spring_barley,1,PK,0.001,32
5130,2,spring_barley,2,KAS,0.01,31
5131,2,spring_barley,1,PK,0.001,32
5131,2,spring_barley,2,KAS,0.01,31
5132,2,spring_barley,1,PK,0.001,32
5132,2,spring_barley,2,KAS,0.01,31
5133,2,spring_barley,1,PK,0.001,32
5133,2,spring_barley,2,KAS,0.01,31
5134,2,spring_barley,1,PK,0.001,32
5134,2,spring_barley,2,KAS,0.01,31
5135,2,spring_barley,1,PK,0.001,32
5135,2,spring_barley,2,KAS,0.01,31
5136,2,spring_barley,1,PK,0.001,32
5136,2,spring_barley,2,KAS,0.01,31
5137,2,spring_barley,1,PK,0.001,32
5137,2,spring_barley,2,KAS,0.01,31
5138,2,spring_barley,1,PK,0.001,32
5138,2,spring_barley,2,KAS,0.01,31
5139,2,spring_barley,1,PK,0.001,32
5139,2,spring_barley,2,KAS,0.01,31
5140,2,spring_barley,1,PK,0.001,32
5140,2,spring_barley,2,KAS,0.01,31
5141,2,spring_barley,1,PK,0.001,32
5141,2,spring_barley,2,KAS,0.01,31
5144,2,spring_barley,1,PK,0.001,32
5144,2,spring_barley,2,KAS,0.01,31
5145,2,spring_barley,1,PK,0.001,32
5145,2,spring_barley,2,KAS,0.01,31
5146,2,spring_barley,1,PK,0.001,32
5146,2,spring_barley,2,KAS,0.01,31
5148,2,spring_barley,1,PK,0.001,32
5148,2,spring_barley,2,KAS,0.01,31
5150,2,spring_barley,1,PK,0.001,32
5150,2,spring_barley,2,KAS,0.01,31
5152,2,spring_barley,1,PK,0.001,32
5152,2,spring_barley,2,KAS,0.01,31
5153,2,spring_barley,1,PK,0.001,32
5153,2,spring_barley,2,KAS,0.01,31
5154,2,spring_barley,1,PK,0.001,32
5154,2,spring_barley,2,KAS,0.01,31
5155,2,spring_barley,1,PK,0.001,32
5155,2,spring_barley,2,KAS,0.01,31
5157,2,spring_barley,1,PK,0.001,32
5157,2,spring_barley,2,KAS,0.01,31
5159,2,spring_barley,1,PK,0.001,32
5159,2,spring_barley,2,KAS,0.01,31
5162,2,spring_barley,1,PK,0.001,32
5162,2,spring_barley,2,KAS,0.01,31
5163,2,spring_barley,1,PK,0.001,32
5163,2,spring_barley,2,KAS,0.01,31
5164,2,spring_barley,1,PK,0.001,32
5164,2,spring_barley,2,KAS,0.01,31
5165,2,spring_barley,1,PK,0.001,32
5165,2,spring_barley,2,KAS,0.01,31
5166,2,spring_barley,1,PK,0.001,32
5166,2,spring_barley,2,KAS,0.01,31
5168,2,spring_barley,1,PK,0.001,32
5168,2,spring_barley,2,KAS,0.01,31
5176,2,spring_barley,1,PK,0.001,32
5176,2,spring_barley,2,KAS,0.01,31
5178,2,spring_barley,1,PK,0.001,32
5178,2,spring_barley,2,KAS,0.01,31
5180,2,spring_barley,1,PK,0.001,32
5180,2,spring_barley,2,KAS,0.01,31
5181,2,spring_barley,1,PK,0.001,32
5181,2,spring_barley,2,KAS,0.01,31
5182,2,spring_barley,1,PK,0.001,32
5182,2,spring_barley,2,KAS,0.01,31
5183,2,spring_barley,1,PK,0.001,32
5183,2,spring_barley,2,KAS,0.01,31
5184,2,spring_barley,1,PK,0.001,32
5184,2,spring_barley,2,KAS,0.01,31
5186,2,spring_barley,1,PK,0.001,32
5186,2,spring_barley,2,KAS,0.01,31
5187,2,spring_barley,1,PK,0.001,32
5187,2,spring_barley,2,KAS,0.01,31
5189,2,spring_barley,1,PK,0.001,32
5189,2,spring_barley,2,KAS,0.01,31
5191,2,spring_barley,1,PK,0.001,32
5191,2,spring_barley,2,KAS,0.01,31
5192,2,spring_barley,1,PK,0.001,32
5192,2,spring_barley,2,KAS,0.01,31
5193,2,spring_barley,1,PK,0.001,32
5193,2,spring_barley,2,KAS,0.01,31
5203,2,spring_barley,1,PK,0.001,32
5203,2,spring_barley,2,KAS,0.01,31
5204,2,spring_barley,1,PK,0.001,32
5204,2,spring_barley,2,KAS,0.01,31
5207,2,spring_barley,1,PK,0.001,32
5207,2,spring_barley,2,KAS,0.01,31
5208,2,spring_barley,1,PK,0.001,32
5208,2,spring_barley,2,KAS,0.01,31
5209,2,spring_barley,1,PK,0.001,32
5209,2,spring_barley,2,KAS,0.01,31
5211,2,spring_barley,1,PK,0.001,32
5211,2,spring_barley,2,KAS,0.01,31
5214,2,spring_barley,1,PK,0.001,32
5214,2,spring_barley,2,KAS,0.01,31
5216,2,spring_barley,1,PK,0.001,32
5216,2,spring_barley,2,KAS,0.01,31
5218,2,spring_barley,1,PK,0.001,32
5218,2,spring_barley,2,KAS,0.01,31
5219,2,spring_barley,1,PK,0.001,32
5219,2,spring_barley,2,KAS,0.01,31
5223,2,spring_barley,1,PK,0.001,32
5223,2,spring_barley,2,KAS,0.01,31
5227,2,spring_barley,1,PK,0.001,32
5227,2,spring_barley,2,KAS,0.01,31
5228,2,spring_barley,1,PK,0.001,32
5228,2,spring_barley,2,KAS,0.01,31
5229,2,spring_barley,1,PK,0.001,32
5229,2,spring_barley,2,KAS,0.01,31
5230,2,spring_barley,1,PK,0.001,32
5230,2,spring_barley,2,KAS,0.01,31
5231,2,spring_barley,1,PK,0.001,32
5231,2,spring_barley,2,KAS,0.01,31
5233,2,spring_barley,1,PK,0.001,32
5233,2,spring_barley,2,KAS,0.01,31
5236,2,spring_barley,1,PK,0.001,32
5236,2,spring_barley,2,KAS,0.01,31
5237,2,spring_barley,1,PK,0.001,32
5237,2,spring_barley,2,KAS,0.01,31
5238,2,spring_barley,1,PK,0.001,32
5238,2,spring_barley,2,KAS,0.01,31
5239,2,spring_barley,1,PK,0.001,32
5239,2,spring_barley,2,KAS,0.01,31
5240,2,spring_barley,1,PK,0.001,32
5240,2,spring_barley,2,KAS,0.01,31
5241,2,spring_barley,1,PK,0.001,32
5241,2,spring_barley,2,KAS,0.01,31
5251,2,spring_barley,1,PK,0.001,32
5251,2,spring_barley,2,KAS,0.01,31
5252,2,spring_barley,1,PK,0.001,32
5252,2,spring_barley,2,KAS,0.01,31
5254,2,spring_barley,1,PK,0.001,32
5254,2,spring_barley,2,KAS,0.01,31
5255,2,spring_barley,1,PK,0.001,32
5255,2,spring_barley,2,KAS,0.01,31
5256,2,spring_barley,1,PK,0.001,32
5256,2,spring_barley,2,KAS,0.01,31
5257,2,spring_barley,1,PK,0.001,32
5257,2,spring_barley,2,KAS,0.01,31
5259,2,spring_barley,1,PK,0.001,32
5259,2,spring_barley,2,KAS,0.01,31
5260,2,spring_barley,1,PK,0.001,32
5260,2,spring_barley,2,KAS,0.01,31
5261,2,spring_barley,1,PK,0.001,32
5261,2,spring_barley,2,KAS,0.01,31
5262,2,spring_barley,1,PK,0.001,32
5262,2,spring_barley,2,KAS,0.01,31
5265,2,spring_barley,1,PK,0.001,32
5265,2,spring_barley,2,KAS,0.01,31
5267,2,spring_barley,1,PK,0.001,32
5267,2,spring_barley,2,KAS,0.01,31
5271,2,spring_barley,1,PK,0.001,32
5271,2,spring_barley,2,KAS,0.01,31
5274,2,spring_barley,1,PK,0.001,32
5274,2,spring_barley,2,KAS,0.01,31
5277,2,spring_barley,1,PK,0.001,32
5277,2,spring_barley,2,KAS,0.01,31
5278,2,spring_barley,1,PK,0.001,32
5278,2,spring_barley,2,KAS,0.01,31
5279,2,spring_barley,1,PK,0.001,32
5279,2,spring_barley,2,KAS,0.01,31
5280,2,spring_barley,1,PK,0.001,32
5280,2,spring_barley,2,KAS,0.01,31
5281,2,spring_barley,1,PK,0.001,32
5281,2,spring_barley,2,KAS,0.01,31
5282,2,spring_barley,1,PK,0.001,32
5282,2,spring_barley,2,KAS,0.01,31
5283,2,spring_barley,1,PK,0.001,32
5283,2,spring_barley,2,KAS,0.01,31
5284,2,spring_barley,1,PK,0.001,32
5284,2,spring_barley,2,KAS,0.01,31
5285,2,spring_barley,1,PK,0.001,32
5285,2,spring_barley,2,KAS,0.01,31
5286,2,spring_barley,1,PK,0.001,32
5286,2,spring_barley,2,KAS,0.01,31
5288,2,spring_barley,1,PK,0.001,32
5288,2,spring_barley,2,KAS,0.01,31
5290,2,spring_barley,1,PK,0.001,32
5290,2,spring_barley,2,KAS,0.01,31
5300,2,spring_barley,1,PK,0.001,32
5300,2,spring_barley,2,KAS,0.01,31
5304,2,spring_barley,1,PK,0.001,32
5304,2,spring_barley,2,KAS,0.01,31
5308,2,spring_barley,1,PK,0.001,32
5308,2,spring_barley,2,KAS,0.01,31
5311,2,spring_barley,1,PK,0.001,32
5311,2,spring_barley,2,KAS,0.01,31
5315,2,spring_barley,1,PK,0.001,32
5315,2,spring_barley,2,KAS,0.01,31
5317,2,spring_barley,1,PK,0.001,32
5317,2,spring_barley,2,KAS,0.01,31
5318,2,spring_barley,1,PK,0.001,32
5318,2,spring_barley,2,KAS,0.01,31
5319,2,spring_barley,1,PK,0.001,32
5319,2,spring_barley,2,KAS,0.01,31
5321,2,spring_barley,1,PK,0.001,32
5321,2,spring_barley,2,KAS,0.01,31
5323,2,spring_barley,1,PK,0.001,32
5323,2,spring_barley,2,KAS,0.01,31
5324,2,spring_barley,1,PK,0.001,32
5324,2,spring_barley,2,KAS,0.01,31
5327,2,spring_barley,1,PK,0.001,32
5327,2,spring_barley,2,KAS,0.01,31
5328,2,spring_barley,1,PK,0.001,32
5328,2,spring_barley,2,KAS,0.01,31
5329,2,spring_barley,1,PK,0.001,32
5329,2,spring_barley,2,KAS,0.01,31
5331,2,spring_barley,1,PK,0.001,32
5331,2,spring_barley,2,KAS,0.01,31
5334,2,spring_barley,1,PK,0.001,32
5334,2,spring_barley,2,KAS,0.01,31
5335,2,spring_barley,1,PK,0.001,32
5335,2,spring_barley,2,KAS,0.01,31
5336,2,spring_barley,1,PK,0.001,32
5336,2,spring_barley,2,KAS,0.01,31
5337,2,spring_barley,1,PK,0.001,32
5337,2,spring_barley,2,KAS,0.01,31
5338,2,spring_barley,1,PK,0.001,32
5338,2,spring_barley,2,KAS,0.01,31
5339,2,spring_barley,1,PK,0.001,32
5339,2,spring_barley,2,KAS,0.01,31
5343,2,spring_barley,1,PK,0.001,32
5343,2,spring_barley,2,KAS,0.01,31
5344,2,spring_barley,1,PK,0.001,32
5344,2,spring_barley,2,KAS,0.01,31
5347,2,spring_barley,1,PK,0.001,32
5347,2,spring_barley,2,KAS,0.01,31
5348,2,spring_barley,1,PK,0.001,32
5348,2,spring_barley,2,KAS,0.01,31
5349,2,spring_barley,1,PK,0.001,32
5349,2,spring_barley,2,KAS,0.01,31
5350,2,spring_barley,1,PK,0.001,32
5350,2,spring_barley,2,KAS,0.01,31
5351,2,spring_barley,1,PK,0.001,32
5351,2,spring_barley,2,KAS,0.01,31
5352,2,spring_barley,1,PK,0.001,32
5352,2,spring_barley,2,KAS,0.01,31
5353,2,spring_barley,1,PK,0.001,32
5353,2,spring_barley,2,KAS,0.01,31
5354,2,spring_barley,1,PK,0.001,32
5354,2,spring_barley,2,KAS,0.01,31
5358,2,spring_barley,1,PK,0.001,32
5358,2,spring_barley,2,KAS,0.01,31
5359,2,spring_barley,1,PK,0.001,32
5359,2,spring_barley,2,KAS,0.01,31
5360,2,spring_barley,1,PK,0.001,32
5360,2,spring_barley,2,KAS,0.01,31
5363,2,spring_barley,1,PK,0.001,32
5363,2,spring_barley,2,KAS,0.01,31
5364,2,spring_barley,1,PK,0.001,32
5364,2,spring_barley,2,KAS,0.01,31
5366,2,spring_barley,1,PK,0.001,32
5366,2,spring_barley,2,KAS,0.01,31
5370,2,spring_barley,1,PK,0.001,32
5370,2,spring_barley,2,KAS,0.01,31
5371,2,spring_barley,1,PK,0.001,32
5371,2,spring_barley,2,KAS,0.01,31
5372,2,spring_barley,1,PK,0.001,32
5372,2,spring_barley,2,KAS,0.01,31
5374,2,spring_barley,1,PK,0.001,32
5374,2,spring_barley,2,KAS,0.01,31
5375,2,spring_barley,1,PK,0.001,32
5375,2,spring_barley,2,KAS,0.01,31
5378,2,spring_barley,1,PK,0.001,32
5378,2,spring_barley,2,KAS,0.01,31
5379,2,spring_barley,1,PK,0.001,32
5379,2,spring_barley,2,KAS,0.01,31
5380,2,spring_barley,1,PK,0.001,32
5380,2,spring_barley,2,KAS,0.01,31
5382,2,spring_barley,1,PK,0.001,32
5382,2,spring_barley,2,KAS,0.01,31
5383,2,spring_barley,1,PK,0.001,32
5383,2,spring_barley,2,KAS,0.01,31
5385,2,spring_barley,1,PK,0.001,32
5385,2,spring_barley,2,KAS,0.01,31
5386,2,spring_barley,1,PK,0.001,32
5386,2,spring_barley,2,KAS,0.01,31
5388,2,spring_barley,1,PK,0.001,32
5388,2,spring_barley,2,KAS,0.01,31
5389,2,spring_barley,1,PK,0.001,32
5389,2,spring_barley,2,KAS,0.01,31
5390,2,spring_barley,1,PK,0.001,32
5390,2,spring_barley,2,KAS,0.01,31
5391,2,spring_barley,1,PK,0.001,32
5391,2,spring_barley,2,KAS,0.01,31
5392,2,spring_barley,1,PK,0.001,32
5392,2,spring_barley,2,KAS,0.01,31
5394,2,spring_barley,1,PK,0.001,32
5394,2,spring_barley,2,KAS,0.01,31
5399,2,spring_barley,1,PK,0.001,32
5399,2,spring_barley,2,KAS,0.01,31
5400,2,spring_barley,1,PK,0.001,32
5400,2,spring_barley,2,KAS,0.01,31
5401,2,spring_barley,1,PK,0.001,32
5401,2,spring_barley,2,KAS,0.01,31
5402,2,spring_barley,1,PK,0.001,32
5402,2,spring_barley,2,KAS,0.01,31
5405,2,spring_barley,1,PK,0.001,32
5405,2,spring_barley,2,KAS,0.01,31
5406,2,spring_barley,1,PK,0.001,32
5406,2,spring_barley,2,KAS,0.01,31
5407,2,spring_barley,1,PK,0.001,32
5407,2,spring_barley,2,KAS,0.01,31
5411,2,spring_barley,1,PK,0.001,32
5411,2,spring_barley,2,KAS,0.01,31
5412,2,spring_barley,1,PK,0.001,32
5412,2,spring_barley,2,KAS,0.01,31
5415,2,spring_barley,1,PK,0.001,32
5415,2,spring_barley,2,KAS,0.01,31
5420,2,spring_barley,1,PK,0.001,32
5420,2,spring_barley,2,KAS,0.01,31
5422,2,spring_barley,1,PK,0.001,32
5422,2,spring_barley,2,KAS,0.01,31
5424,2,spring_barley,1,PK,0.001,32
5424,2,spring_barley,2,KAS,0.01,31
5426,2,spring_barley,1,PK,0.001,32
5426,2,spring_barley,2,KAS,0.01,31
5427,2,spring_barley,1,PK,0.001,32
5427,2,spring_barley,2,KAS,0.01,31
5431,2,spring_barley,1,PK,0.001,32
5431,2,spring_barley,2,KAS,0.01,31
5432,2,spring_barley,1,PK,0.001,32
5432,2,spring_barley,2,KAS,0.01,31
5435,2,spring_barley,1,PK,0.001,32
5435,2,spring_barley,2,KAS,0.01,31
5438,2,spring_barley,1,PK,0.001,32
5438,2,spring_barley,2,KAS,0.01,31
5439,2,spring_barley,1,PK,0.001,32
5439,2,spring_barley,2,KAS,0.01,31
5441,2,spring_barley,1,PK,0.001,32
5441,2,spring_barley,2,KAS,0.01,31
5444,2,spring_barley,1,PK,0.001,32
5444,2,spring_barley,2,KAS,0.01,31
5445,2,spring_barley,1,PK,0.001,32
5445,2,spring_barley,2,KAS,0.01,31
5446,2,spring_barley,1,PK,0.001,32
5446,2,spring_barley,2,KAS,0.01,31
5447,2,spring_barley,1,PK,0.001,32
5447,2,spring_barley,2,KAS,0.01,31
5450,2,spring_barley,1,PK,0.001,32
5450,2,spring_barley,2,KAS,0.01,31
5451,2,spring_barley,1,PK,0.001,32
5451,2,spring_barley,2,KAS,0.01,31
5462,2,spring_barley,1,PK,0.001,32
5462,2,spring_barley,2,KAS,0.01,31
5463,2,spring_barley,1,PK,0.001,32
5463,2,spring_barley,2,KAS,0.01,31
5468,2,spring_barley,1,PK,0.001,32
5468,2,spring_barley,2,KAS,0.01,31
5469,2,spring_barley,1,PK,0.001,32
5469,2,spring_barley,2,KAS,0.01,31
5471,2,spring_barley,1,PK,0.001,32
5471,2,spring_barley,2,KAS,0.01,31
5475,2,spring_barley,1,PK,0.001,32
5475,2,spring_barley,2,KAS,0.01,31
5477,2,spring_barley,1,PK,0.001,32
5477,2,spring_barley,2,KAS,0.01,31
5480,2,spring_barley,1,PK,0.001,32
5480,2,spring_barley,2,KAS,0.01,31
5482,2,spring_barley,1,PK,0.001,32
5482,2,spring_barley,2,KAS,0.01,31
5483,2,spring_barley,1,PK,0.001,32
5483,2,spring_barley,2,KAS,0.01,31
5484,2,spring_barley,1,PK,0.001,32
5484,2,spring_barley,2,KAS,0.01,31
5493,2,spring_barley,1,PK,0.001,32
5493,2,spring_barley,2,KAS,0.01,31
5497,2,spring_barley,1,PK,0.001,32
5497,2,spring_barley,2,KAS,0.01,31
5498,2,spring_barley,1,PK,0.001,32
5498,2,spring_barley,2,KAS,0.01,31
5506,2,spring_barley,1,PK,0.001,32
5506,2,spring_barley,2,KAS,0.01,31
5507,2,spring_barley,1,PK,0.001,32
5507,2,spring_barley,2,KAS,0.01,31
5509,2,spring_barley,1,PK,0.001,32
5509,2,spring_barley,2,KAS,0.01,31
5517,2,spring_barley,1,PK,0.001,32
5517,2,spring_barley,2,KAS,0.01,31
5518,2,spring_barley,1,PK,0.001,32
5518,2,spring_barley,2,KAS,0.01,31
5520,2,spring_barley,1,PK,0.001,32
5520,2,spring_barley,2,KAS,0.01,31
5524,2,spring_barley,1,PK,0.001,32
5524,2,spring_barley,2,KAS,0.01,31
5539,2,spring_barley,1,PK,0.001,32
5539,2,spring_barley,2,KAS,0.01,31
5543,2,spring_barley,1,PK,0.001,32
5543,2,spring_barley,2,KAS,0.01,31
5555,2,spring_barley,1,PK,0.001,32
5555,2,spring_barley,2,KAS,0.01,31
5556,2,spring_barley,1,PK,0.001,32
5556,2,spring_barley,2,KAS,0.01,31
6000,2,spring_barley,1,PK,0.001,32
6000,2,spring_barley,2,KAS,0.01,31
6001,2,spring_barley,1,PK,0.001,32
6001,2,spring_barley,2,KAS,0.01,31
6002,2,spring_barley,1,PK,0.001,32
6002,2,spring_barley,2,KAS,0.01,31
6004,2,spring_barley,1,PK,0.001,32
6004,2,spring_barley,2,KAS,0.01,31
6005,2,spring_barley,1,PK,0.001,32
6005,2,spring_barley,2,KAS,0.01,31
6006,2,spring_barley,1,PK,0.001,32
6006,2,spring_barley,2,KAS,0.01,31
6007,2,spring_barley,1,PK,0.001,32
6007,2,spring_barley,2,KAS,0.01,31
6008,2,spring_barley,1,PK,0.001,32
6008,2,spring_barley,2,KAS,0.01,31
6009,2,spring_barley,1,PK,0.001,32
6009,2,spring_barley,2,KAS,0.01,31
6010,2,spring_barley,1,PK,0.001,32
6010,2,spring_barley,2,KAS,0.01,31
6011,2,spring_barley,1,PK,0.001,32
6011,2,spring_barley,2,KAS,0.01,31
6012,2,spring_barley,1,PK,0.001,32
6012,2,spring_barley,2,KAS,0.01,31
6013,2,spring_barley,1,PK,0.001,32
6013,2,spring_barley,2,KAS,0.01,31
6014,2,spring_barley,1,PK,0.001,32
6014,2,spring_barley,2,KAS,0.01,31
6015,2,spring_barley,1,PK,0.001,32
6015,2,spring_barley,2,KAS,0.01,31
6016,2,spring_barley,1,PK,0.001,32
6016,2,spring_barley,2,KAS,0.01,31
6017,2,spring_barley,1,PK,0.001,32
6017,2,spring_barley,2,KAS,0.01,31
6018,2,spring_barley,1,PK,0.001,32
6018,2,spring_barley,2,KAS,0.01,31
6019,2,spring_barley,1,PK,0.001,32
6019,2,spring_barley,2,KAS,0.01,31
6020,2,spring_barley,1,PK,0.001,32
6020,2,spring_barley,2,KAS,0.01,31
6021,2,spring_barley,1,PK,0.001,32
6021,2,spring_barley,2,KAS,0.01,31
6023,2,spring_barley,1,PK,0.001,32
6023,2,spring_barley,2,KAS,0.01,31
6024,2,spring_barley,1,PK,0.001,32
6024,2,spring_barley,2,KAS,0.01,31
6025,2,spring_barley,1,PK,0.001,32
6025,2,spring_barley,2,KAS,0.01,31
6026,2,spring_barley,1,PK,0.001,32
6026,2,spring_barley,2,KAS,0.01,31
6027,2,spring_barley,1,PK,0.001,32
6027,2,spring_barley,2,KAS,0.01,31
6028,2,spring_barley,1,PK,0.001,32
6028,2,spring_barley,2,KAS,0.01,31
6029,2,spring_barley,1,PK,0.001,32
6029,2,spring_barley,2,KAS,0.01,31
6030,2,spring_barley,1,PK,0.001,32
6030,2,spring_barley,2,KAS,0.01,31
6031,2,spring_barley,1,PK,0.001,32
6031,2,spring_barley,2,KAS,0.01,31
6032,2,spring_barley,1,PK,0.001,32
6032,2,spring_barley,2,KAS,0.01,31
6033,2,spring_barley,1,PK,0.001,32
6033,2,spring_barley,2,KAS,0.01,31
6034,2,spring_barley,1,PK,0.001,32
6034,2,spring_barley,2,KAS,0.01,31
6035,2,spring_barley,1,PK,0.001,32
6035,2,spring_barley,2,KAS,0.01,31
6036,2,spring_barley,1,PK,0.001,32
6036,2,spring_barley,2,KAS,0.01,31
6037,2,spring_barley,1,PK,0.001,32
6037,2,spring_barley,2,KAS,0.01,31
6038,2,spring_barley,1,PK,0.001,32
6038,2,spring_barley,2,KAS,0.01,31
6039,2,spring_barley,1,PK,0.001,32
6039,2,spring_barley,2,KAS,0.01,31
6040,2,spring_barley,1,PK,0.001,32
6040,2,spring_barley,2,KAS,0.01,31
6041,2,spring_barley,1,PK,0.001,32
6041,2,spring_barley,2,KAS,0.01,31
6042,2,spring_barley,1,PK,0.001,32
6042,2,spring_barley,2,KAS,0.01,31
6043,2,spring_barley,1,PK,0.001,32
6043,2,spring_barley,2,KAS,0.01,31
6044,2,spring_barley,1,PK,0.001,32
6044,2,spring_barley,2,KAS,0.01,31
6045,2,spring_barley,1,PK,0.001,32
6045,2,spring_barley,2,KAS,0.01,31
6046,2,spring_barley,1,PK,0.001,32
6046,2,spring_barley,2,KAS,0.01,31
6047,2,spring_barley,1,PK,0.001,32
6047,2,spring_barley,2,KAS,0.01,31
6048,2,spring_barley,1,PK,0.001,32
6048,2,spring_barley,2,KAS,0.01,31
6049,2,spring_barley,1,PK,0.001,32
6049,2,spring_barley,2,KAS,0.01,31
6050,2,spring_barley,1,PK,0.001,32
6050,2,spring_barley,2,KAS,0.01,31
6051,2,spring_barley,1,PK,0.001,32
6051,2,spring_barley,2,KAS,0.01,31
6052,2,spring_barley,1,PK,0.001,32
6052,2,spring_barley,2,KAS,0.01,31
6055,2,spring_barley,1,PK,0.001,32
6055,2,spring_barley,2,KAS,0.01,31
6056,2,spring_barley,1,PK,0.001,32
6056,2,spring_barley,2,KAS,0.01,31
6057,2,spring_barley,1,PK,0.001,32
6057,2,spring_barley,2,KAS,0.01,31
6058,2,spring_barley,1,PK,0.001,32
6058,2,spring_barley,2,KAS,0.01,31
6059,2,spring_barley,1,PK,0.001,32
6059,2,spring_barley,2,KAS,0.01,31
6060,2,spring_barley,1,PK,0.001,32
6060,2,spring_barley,2,KAS,0.01,31
6061,2,spring_barley,1,PK,0.001,32
6061,2,spring_barley,2,KAS,0.01,31
6062,2,spring_barley,1,PK,0.001,32
6062,2,spring_barley,2,KAS,0.01,31
6063,2,spring_barley,1,PK,0.001,32
6063,2,spring_barley,2,KAS,0.01,31
6064,2,spring_barley,1,PK,0.001,32
6064,2,spring_barley,2,KAS,0.01,31
6065,2,spring_barley,1,PK,0.001,32
6065,2,spring_barley,2,KAS,0.01,31
6066,2,spring_barley,1,PK,0.001,32
6066,2,spring_barley,2,KAS,0.01,31
6067,2,spring_barley,1,PK,0.001,32
6067,2,spring_barley,2,KAS,0.01,31
6068,2,spring_barley,1,PK,0.001,32
6068,2,spring_barley,2,KAS,0.01,31
6069,2,spring_barley,1,PK,0.001,32
6069,2,spring_barley,2,KAS,0.01,31
6070,2,spring_barley,1,PK,0.001,32
6070,2,spring_barley,2,KAS,0.01,31
6071,2,spring_barley,1,PK,0.001,32
6071,2,spring_barley,2,KAS,0.01,31
6072,2,spring_barley,1,PK,0.001,32
6072,2,spring_barley,2,KAS,0.01,31
6073,2,spring_barley,1,PK,0.001,32
6073,2,spring_barley,2,KAS,0.01,31
6075,2,spring_barley,1,PK,0.001,32
6075,2,spring_barley,2,KAS,0.01,31
6077,2,spring_barley,1,PK,0.001,32
6077,2,spring_barley,2,KAS,0.01,31
6078,2,spring_barley,1,PK,0.001,32
6078,2,spring_barley,2,KAS,0.01,31
6079,2,spring_barley,1,PK,0.001,32
6079,2,spring_barley,2,KAS,0.01,31
6080,2,spring_barley,1,PK,0.001,32
6080,2,spring_barley,2,KAS,0.01,31
6081,2,spring_barley,1,PK,0.001,32
6081,2,spring_barley,2,KAS,0.01,31
6082,2,spring_barley,1,PK,0.001,32
6082,2,spring_barley,2,KAS,0.01,31
6083,2,spring_barley,1,PK,0.001,32
6083,2,spring_barley,2,KAS,0.01,31
6084,2,spring_barley,1,PK,0.001,32
6084,2,spring_barley,2,KAS,0.01,31
6085,2,spring_barley,1,PK,0.001,32
6085,2,spring_barley,2,KAS,0.01,31
6086,2,spring_barley,1,PK,0.001,32
6086,2,spring_barley,2,KAS,0.01,31
6087,2,spring_barley,1,PK,0.001,32
6087,2,spring_barley,2,KAS,0.01,31
6088,2,spring_barley,1,PK,0.001,32
6088,2,spring_barley,2,KAS,0.01,31
6089,2,spring_barley,1,PK,0.001,32
6089,2,spring_barley,2,KAS,0.01,31
6090,2,spring_barley,1,PK,0.001,32
6090,2,spring_barley,2,KAS,0.01,31
6091,2,spring_barley,1,PK,0.001,32
6091,2,spring_barley,2,KAS,0.01,31
6092,2,spring_barley,1,PK,0.001,32
6092,2,spring_barley,2,KAS,0.01,31
6093,2,spring_barley,1,PK,0.001,32
6093,2,spring_barley,2,KAS,0.01,31
6094,2,spring_barley,1,PK,0.001,32
6094,2,spring_barley,2,KAS,0.01,31
6095,2,spring_barley,1,PK,0.001,32
6095,2,spring_barley,2,KAS,0.01,31
6096,2,spring_barley,1,PK,0.001,32
6096,2,spring_barley,2,KAS,0.01,31
6097,2,spring_barley,1,PK,0.001,32
6097,2,spring_barley,2,KAS,0.01,31
6098,2,spring_barley,1,PK,0.001,32
6098,2,spring_barley,2,KAS,0.01,31
6099,2,spring_barley,1,PK,0.001,32
6099,2,spring_barley,2,KAS,0.01,31
6100,2,spring_barley,1,PK,0.001,32
6100,2,spring_barley,2,KAS,0.01,31
6101,2,spring_barley,1,PK,0.001,32
6101,2,spring_barley,2,KAS,0.01,31
6102,2,spring_barley,1,PK,0.001,32
6102,2,spring_barley,2,KAS,0.01,31
6103,2,spring_barley,1,PK,0.001,32
6103,2,spring_barley,2,KAS,0.01,31
6104,2,spring_barley,1,PK,0.001,32
6104,2,spring_barley,2,KAS,0.01,31
6105,2,spring_barley,1,PK,0.001,32
6105,2,spring_barley,2,KAS,0.01,31
6106,2,spring_barley,1,PK,0.001,32
6106,2,spring_barley,2,KAS,0.01,31
6107,2,spring_barley,1,PK,0.001,32
6107,2,spring_barley,2,KAS,0.01,31
6108,2,spring_barley,1,PK,0.001,32
6108,2,spring_barley,2,KAS,0.01,31
6109,2,spring_barley,1,PK,0.001,32
6109,2,spring_barley,2,KAS,0.01,31
6111,2,spring_barley,1,PK,0.001,32
6111,2,spring_barley,2,KAS,0.01,31
6112,2,spring_barley,1,PK,0.001,32
6112,2,spring_barley,2,KAS,0.01,31
6113,2,spring_barley,1,PK,0.001,32
6113,2,spring_barley,2,KAS,0.01,31
6114,2,spring_barley,1,PK,0.001,32
6114,2,spring_barley,2,KAS,0.01,31
6115,2,spring_barley,1,PK,0.001,32
6115,2,spring_barley,2,KAS,0.01,31
6116,2,spring_barley,1,PK,0.001,32
6116,2,spring_barley,2,KAS,0.01,31
6117,2,spring_barley,1,PK,0.001,32
6117,2,spring_barley,2,KAS,0.01,31
6119,2,spring_barley,1,PK,0.001,32
6119,2,spring_barley,2,KAS,0.01,31
6120,2,spring_barley,1,PK,0.001,32
6120,2,spring_barley,2,KAS,0.01,31
6121,2,spring_barley,1,PK,0.001,32
6121,2,spring_barley,2,KAS,0.01,31
6122,2,spring_barley,1,PK,0.001,32
6122,2,spring_barley,2,KAS,0.01,31
6123,2,spring_barley,1,PK,0.001,32
6123,2,spring_barley,2,KAS,0.01,31
6124,2,spring_barley,1,PK,0.001,32
6124,2,spring_barley,2,KAS,0.01,31
6125,2,spring_barley,1,PK,0.001,32
6125,2,spring_barley,2,KAS,0.01,31
6126,2,spring_barley,1,PK,0.001,32
6126,2,spring_barley,2,KAS,0.01,31
6127,2,spring_barley,1,PK,0.001,32
6127,2,spring_barley,2,KAS,0.01,31
6130,2,spring_barley,1,PK,0.001,32
6130,2,spring_barley,2,KAS,0.01,31
6131,2,spring_barley,1,PK,0.001,32
6131,2,spring_barley,2,KAS,0.01,31
6132,2,spring_barley,1,PK,0.001,32
6132,2,spring_barley,2,KAS,0.01,31
6133,2,spring_barley,1,PK,0.001,32
6133,2,spring_barley,2,KAS,0.01,31
6134,2,spring_barley,1,PK,0.001,32
6134,2,spring_barley,2,KAS,0.01,31
6135,2,spring_barley,1,PK,0.001,32
6135,2,spring_barley,2,KAS,0.01,31
6136,2,spring_barley,1,PK,0.001,32
6136,2,spring_barley,2,KAS,0.01,31
6137,2,spring_barley,1,PK,0.001,32
6137,2,spring_barley,2,KAS,0.01,31
6138,2,spring_barley,1,PK,0.001,32
6138,2,spring_barley,2,KAS,0.01,31
6139,2,spring_barley,1,PK,0.001,32
6139,2,spring_barley,2,KAS,0.01,31
6140,2,spring_barley,1,PK,0.001,32
6140,2,spring_barley,2,KAS,0.01,31
6141,2,spring_barley,1,PK,0.001,32
6141,2,spring_barley,2,KAS,0.01,31
6142,2,spring_barley,1,PK,0.001,32
6142,2,spring_barley,2,KAS,0.01,31
6143,2,spring_barley,1,PK,0.001,32
6143,2,spring_barley,2,KAS,0.01,31
6144,2,spring_barley,1,PK,0.001,32
6144,2,spring_barley,2,KAS,0.01,31
6145,2,spring_barley,1,PK,0.001,32
6145,2,spring_barley,2,KAS,0.01,31
6146,2,spring_barley,1,PK,0.001,32
6146,2,spring_barley,2,KAS,0.01,31
6147,2,spring_barley,1,PK,0.001,32
6147,2,spring_barley,2,KAS,0.01,31
6148,2,spring_barley,1,PK,0.001,32
6148,2,spring_barley,2,KAS,0.01,31
6149,2,spring_barley,1,PK,0.001,32
6149,2,spring_barley,2,KAS,0.01,31
6150,2,spring_barley,1,PK,0.001,32
6150,2,spring_barley,2,KAS,0.01,31
6151,2,spring_barley,1,PK,0.001,32
6151,2,spring_barley,2,KAS,0.01,31
6152,2,spring_barley,1,PK,0.001,32
6152,2,spring_barley,2,KAS,0.01,31
6153,2,spring_barley,1,PK,0.001,32
6153,2,spring_barley,2,KAS,0.01,31
6154,2,spring_barley,1,PK,0.001,32
6154,2,spring_barley,2,KAS,0.01,31
6155,2,spring_barley,1,PK,0.001,32
6155,2,spring_barley,2,KAS,0.01,31
6156,2,spring_barley,1,PK,0.001,32
6156,2,spring_barley,2,KAS,0.01,31
6157,2,spring_barley,1,PK,0.001,32
6157,2,spring_barley,2,KAS,0.01,31
6158,2,spring_barley,1,PK,0.001,32
6158,2,spring_barley,2,KAS,0.01,31
6160,2,spring_barley,1,PK,0.001,32
6160,2,spring_barley,2,KAS,0.01,31
6161,2,spring_barley,1,PK,0.001,32
6161,2,spring_barley,2,KAS,0.01,31
6162,2,spring_barley,1,PK,0.001,32
6162,2,spring_barley,2,KAS,0.01,31
6163,2,spring_barley,1,PK,0.001,32
6163,2,spring_barley,2,KAS,0.01,31
6164,2,spring_barley,1,PK,0.001,32
6164,2,spring_barley,2,KAS,0.01,31
6165,2,spring_barley,1,PK,0.001,32
6165,2,spring_barley,2,KAS,0.01,31
6166,2,spring_barley,1,PK,0.001,32
6166,2,spring_barley,2,KAS,0.01,31
6167,2,spring_barley,1,PK,0.001,32
6167,2,spring_barley,2,KAS,0.01,31
6168,2,spring_barley,1,PK,0.001,32
6168,2,spring_barley,2,KAS,0.01,31
6169,2,spring_barley,1,PK,0.001,32
6169,2,spring_barley,2,KAS,0.01,31
6171,2,spring_barley,1,PK,0.001,32
6171,2,spring_barley,2,KAS,0.01,31
6172,2,spring_barley,1,PK,0.001,32
6172,2,spring_barley,2,KAS,0.01,31
6173,2,spring_barley,1,PK,0.001,32
6173,2,spring_barley,2,KAS,0.01,31
6174,2,spring_barley,1,PK,0.001,32
6174,2,spring_barley,2,KAS,0.01,31
6175,2,spring_barley,1,PK,0.001,32
6175,2,spring_barley,2,KAS,0.01,31
6176,2,spring_barley,1,PK,0.001,32
6176,2,spring_barley,2,KAS,0.01,31
6177,2,spring_barley,1,PK,0.001,32
6177,2,spring_barley,2,KAS,0.01,31
6178,2,spring_barley,1,PK,0.001,32
6178,2,spring_barley,2,KAS,0.01,31
6179,2,spring_barley,1,PK,0.001,32
6179,2,spring_barley,2,KAS,0.01,31
6180,2,spring_barley,1,PK,0.001,32
6180,2,spring_barley,2,KAS,0.01,31
6181,2,spring_barley,1,PK,0.001,32
6181,2,spring_barley,2,KAS,0.01,31
6182,2,spring_barley,1,PK,0.001,32
6182,2,spring_barley,2,KAS,0.01,31
6183,2,spring_barley,1,PK,0.001,32
6183,2,spring_barley,2,KAS,0.01,31
6184,2,spring_barley,1,PK,0.001,32
6184,2,spring_barley,2,KAS,0.01,31
6185,2,spring_barley,1,PK,0.001,32
6185,2,spring_barley,2,KAS,0.01,31
6186,2,spring_barley,1,PK,0.001,32
6186,2,spring_barley,2,KAS,0.01,31
6187,2,spring_barley,1,PK,0.001,32
6187,2,spring_barley,2,KAS,0.01,31
6188,2,spring_barley,1,PK,0.001,32
6188,2,spring_barley,2,KAS,0.01,31
6189,2,spring_barley,1,PK,0.001,32
6189,2,spring_barley,2,KAS,0.01,31
6190,2,spring_barley,1,PK,0.001,32
6190,2,spring_barley,2,KAS,0.01,31
6191,2,spring_barley,1,PK,0.001,32
6191,2,spring_barley,2,KAS,0.01,31
6192,2,spring_barley,1,PK,0.001,32
6192,2,spring_barley,2,KAS,0.01,31
6193,2,spring_barley,1,PK,0.001,32
6193,2,spring_barley,2,KAS,0.01,31
6194,2,spring_barley,1,PK,0.001,32
6194,2,spring_barley,2,KAS,0.01,31
6195,2,spring_barley,1,PK,0.001,32
6195,2,spring_barley,2,KAS,0.01,31
6196,2,spring_barley,1,PK,0.001,32
6196,2,spring_barley,2,KAS,0.01,31
6197,2,spring_barley,1,PK,0.001,32
6197,2,spring_barley,2,KAS,0.01,31
6198,2,spring_barley,1,PK,0.001,32
6198,2,spring_barley,2,KAS,0.01,31
6199,2,spring_barley,1,PK,0.001,32
6199,2,spring_barley,2,KAS,0.01,31
6200,2,spring_barley,1,PK,0.001,32
6200,2,spring_barley,2,KAS,0.01,31
6201,2,spring_barley,1,PK,0.001,32
6201,2,spring_barley,2,KAS,0.01,31
6202,2,spring_barley,1,PK,0.001,32
6202,2,spring_barley,2,KAS,0.01,31
6203,2,spring_barley,1,PK,0.001,32
6203,2,spring_barley,2,KAS,0.01,31
6204,2,spring_barley,1,PK,0.001,32
6204,2,spring_barley,2,KAS,0.01,31
6205,2,spring_barley,1,PK,0.001,32
6205,2,spring_barley,2,KAS,0.01,31
6207,2,spring_barley,1,PK,0.001,32
6207,2,spring_barley,2,KAS,0.01,31
6208,2,spring_barley,1,PK,0.001,32
6208,2,spring_barley,2,KAS,0.01,31
6210,2,spring_barley,1,PK,0.001,32
6210,2,spring_barley,2,KAS,0.01,31
6211,2,spring_barley,1,PK,0.001,32
6211,2,spring_barley,2,KAS,0.01,31
