projectid;simulationid;vColumn;vRow;vLocationID;vNUTS_ID;vNUTS_NAME;vSTATE_NAME;start_date;end_date;vIDPL;vYear
1;C412R534;412;534;1455;DE249;Hof, Landkreis;Bayern;2016-01-01;2017-12-31;241;2017
2;C392R693;392;693;1456;DE219;Eichstätt;Bayern;2016-01-01;2017-12-31;234;2017
3;C283R665;283;665;1457;DE11A;Schwäbisch Hall;Baden-Württemberg;2016-01-01;2017-12-31;237;2017
4;C187R388;187;388;1458;DEA47;Paderborn;Nordrhein-Westfalen;2016-01-01;2017-12-31;236;2017
5;C97R568;97;568;1459;DEB1D;Rhein-Hunsrück-Kreis;Rheinland-Pfalz;2016-01-01;2017-12-31;237;2017
6;C467R108;467;108;1461;DE80L;Vorpommern-Rügen;Mecklenburg-Vorpommern;2016-01-01;2017-12-31;235;2017
7;C257R646;257;646;1463;DE119;Hohenlohekreis;Baden-Württemberg;2016-01-01;2017-12-31;231;2017
8;C314R176;314;176;1464;DEF06;Herzogtum Lauenburg;Schleswig-Holstein;2016-01-01;2017-12-31;244;2017
9;C380R734;380;734;1465;DE275;Aichach-Friedberg;Bayern;2016-01-01;2017-12-31;256;2017
10;C249R327;249;327;1466;DE923;Hameln-Pyrmont;Niedersachsen;2016-01-01;2017-12-31;239;2017
11;C428R501;428;501;1467;DED44;Vogtlandkreis;Sachsen;2016-01-01;2017-12-31;251;2017
12;C388R448;388;448;1470;DEG0G;Weimarer Land;Thüringen;2016-01-01;2017-12-31;244;2017
13;C214R237;214;237;1471;DE922;Diepholz;Niedersachsen;2016-01-01;2017-12-31;242;2017
14;C365R145;365;145;1472;DE80M;Nordwestmecklenburg;Mecklenburg-Vorpommern;2016-01-01;2017-12-31;231;2017
15;C137R276;137;276;1473;DE94E;Osnabrück, Landkreis;Niedersachsen;2016-01-01;2017-12-31;223;2017
16;C310R131;310;131;1474;DEF0D;Segeberg;Schleswig-Holstein;2016-01-01;2017-12-31;239;2017
17;C175R592;175;592;1475;DEB3B;Alzey-Worms;Rheinland-Pfalz;2016-01-01;2017-12-31;254;2017
18;C421R440;421;440;1476;DEE08;Burgenlandkreis;Sachsen-Anhalt;2016-01-01;2017-12-31;245;2017
19;C318R345;318;345;1477;DE916;Goslar;Niedersachsen;2016-01-01;2017-12-31;228;2017
20;C378R136;378;136;1478;DE80M;Nordwestmecklenburg;Mecklenburg-Vorpommern;2016-01-01;2017-12-31;231;2017
21;C472R479;472;479;1479;DED45;Zwickau;Sachsen;2016-01-01;2017-12-31;242;2017
22;C487R275;487;275;1480;DE408;Havelland;Brandenburg;2016-01-01;2017-12-31;241;2017
23;C311R309;311;309;1481;DE91A;Peine;Niedersachsen;2016-01-01;2017-12-31;245;2017
24;C291R194;291;194;1482;DE933;Harburg;Niedersachsen;2016-01-01;2017-12-31;251;2017
25;C459R241;459;241;1483;DE40D;Ostprignitz-Ruppin;Brandenburg;2016-01-01;2017-12-31;235;2017
26;C103R652;103;652;1484;DEB3K;Südwestpfalz;Rheinland-Pfalz;2016-01-01;2017-12-31;242;2017
27;C373R360;373;360;1485;DEE09;Harz;Sachsen-Anhalt;2016-01-01;2017-12-31;234;2017
28;C54R478;54;478;1486;DEA26;Düren;Nordrhein-Westfalen;2016-01-01;2017-12-31;241;2017
29;C511R165;511;165;1487;DE80J;Mecklenburgische Seenplatte;Mecklenburg-Vorpommern;2016-01-01;2017-12-31;228;2017
30;C398R454;398;454;1488;DEG03;Jena, Kreisfreie Stadt;Thüringen;2016-01-01;2017-12-31;221;2017
31;C254R40;254;40;1489;DEF0C;Schleswig-Flensburg;Schleswig-Holstein;2016-01-01;2017-12-31;242;2017
32;C146R598;146;598;1490;DEB3D;Donnersbergkreis;Rheinland-Pfalz;2016-01-01;2017-12-31;239;2017
33;C379R749;379;749;1491;DE217;Dachau;Bayern;2016-01-01;2017-12-31;238;2017
34;C545R174;545;174;1492;DE40I;Uckermark;Brandenburg;2016-01-01;2017-12-31;231;2017
35;C518R203;518;203;1493;DE40I;Uckermark;Brandenburg;2016-01-01;2017-12-31;234;2017
36;C110R557;110;557;1494;DEB1D;Rhein-Hunsrück-Kreis;Rheinland-Pfalz;2016-01-01;2017-12-31;236;2017
37;C283R562;283;562;1495;DE26A;Main-Spessart;Bayern;2016-01-01;2017-12-31;236;2017
38;C71R590;71;590;1496;DEB25;Trier-Saarburg;Rheinland-Pfalz;2016-01-01;2017-12-31;258;2017
39;C283R782;283;782;1497;DE146;Biberach;Baden-Württemberg;2016-01-01;2017-12-31;242;2017
40;C561R452;561;452;1498;DED2F;Sächsische Schweiz-Osterzgebirge;Sachsen;2016-01-01;2017-12-31;239;2017
41;C497R77;497;77;1499;DE80L;Vorpommern-Rügen;Mecklenburg-Vorpommern;2016-01-01;2017-12-31;229;2017
42;C391R381;391;381;1500;DEE0A;Mansfeld-Südharz;Sachsen-Anhalt;2016-01-01;2017-12-31;229;2017
43;C228R471;228;471;1501;DE725;Vogelsbergkreis;Hessen;2016-01-01;2017-12-31;236;2017
44;C268R737;268;737;1502;DE145;Alb-Donau-Kreis;Baden-Württemberg;2016-01-01;2017-12-31;236;2017
45;C557R207;557;207;1503;DE40I;Uckermark;Brandenburg;2016-01-01;2017-12-31;232;2017
46;C535R165;535;165;1504;DE40I;Uckermark;Brandenburg;2016-01-01;2017-12-31;227;2017
47;C367R158;367;158;1505;DE80M;Nordwestmecklenburg;Mecklenburg-Vorpommern;2016-01-01;2017-12-31;234;2017
48;C358R347;358;347;1506;DEE09;Harz;Sachsen-Anhalt;2016-01-01;2017-12-31;234;2017
49;C466R649;466;649;1507;DE235;Cham;Bayern;2016-01-01;2017-12-31;243;2017
50;C231R335;231;335;1508;DE923;Hameln-Pyrmont;Niedersachsen;2016-01-01;2017-12-31;217;2017
51;C344R296;344;296;1509;DE913;Wolfsburg, Kreisfreie Stadt;Niedersachsen;2016-01-01;2017-12-31;238;2017
52;C486R412;486;412;1510;DED52;Leipzig;Sachsen;2016-01-01;2017-12-31;238;2017
53;C94R533;94;533;1511;DEB1C;Cochem-Zell;Rheinland-Pfalz;2016-01-01;2017-12-31;246;2017
54;C513R163;513;163;1512;DE80J;Mecklenburgische Seenplatte;Mecklenburg-Vorpommern;2016-01-01;2017-12-31;228;2017
55;C315R409;315;409;1513;DEG06;Eichsfeld;Thüringen;2016-01-01;2017-12-31;234;2017
56;C384R698;384;698;1514;DE21I;Neuburg-Schrobenhausen;Bayern;2016-01-01;2017-12-31;234;2017
57;C108R346;108;346;1515;DEA35;Coesfeld;Nordrhein-Westfalen;2016-01-01;2017-12-31;243;2017
58;C431R181;431;181;1516;DE80O;Ludwigslust-Parchim;Mecklenburg-Vorpommern;2016-01-01;2017-12-31;233;2017
59;C404R636;404;636;1517;DE236;Neumarkt i. d. OPf.;Bayern;2016-01-01;2017-12-31;239;2017
60;C453R616;453;616;1518;DE239;Schwandorf;Bayern;2016-01-01;2017-12-31;234;2017
61;C393R454;393;454;1519;DEG0G;Weimarer Land;Thüringen;2016-01-01;2017-12-31;221;2017
62;C414R118;414;118;1520;DE80K;Landkreis Rostock;Mecklenburg-Vorpommern;2016-01-01;2017-12-31;231;2017
63;C354R145;354;145;1521;DE80M;Nordwestmecklenburg;Mecklenburg-Vorpommern;2016-01-01;2017-12-31;237;2017
64;C583R442;583;442;1522;DED2F;Sächsische Schweiz-Osterzgebirge;Sachsen;2016-01-01;2017-12-31;234;2017
65;C393R679;393;679;1523;DE219;Eichstätt;Bayern;2016-01-01;2017-12-31;234;2017
66;C250R199;250;199;1524;DE937;Rotenburg (Wümme);Niedersachsen;2016-01-01;2017-12-31;239;2017
67;C417R244;417;244;1525;DEE0D;Stendal;Sachsen-Anhalt;2016-01-01;2017-12-31;243;2017
68;C83R454;83;454;1526;DEA23;Köln, Kreisfreie Stadt;Nordrhein-Westfalen;2016-01-01;2017-12-31;237;2017
69;C324R415;324;415;1527;DEG0A;Kyffhäuserkreis;Thüringen;2016-01-01;2017-12-31;228;2017
70;C114R806;114;806;1528;DE132;Breisgau-Hochschwarzwald;Baden-Württemberg;2016-01-01;2017-12-31;251;2017
71;C198R238;198;238;1529;DE922;Diepholz;Niedersachsen;2016-01-01;2017-12-31;242;2017
72;C453R88;453;88;1530;DE80L;Vorpommern-Rügen;Mecklenburg-Vorpommern;2016-01-01;2017-12-31;240;2017
73;C434R169;434;169;1531;DE80O;Ludwigslust-Parchim;Mecklenburg-Vorpommern;2016-01-01;2017-12-31;233;2017
74;C425R656;425;656;1532;DE238;Regensburg, Landkreis;Bayern;2016-01-01;2017-12-31;238;2017
75;C304R224;304;224;1533;DE93A;Uelzen;Niedersachsen;2016-01-01;2017-12-31;236;2017
76;C431R325;431;325;1534;DEE06;Jerichower Land;Sachsen-Anhalt;2016-01-01;2017-12-31;235;2017
77;C355R126;355;126;1535;DE80M;Nordwestmecklenburg;Mecklenburg-Vorpommern;2016-01-01;2017-12-31;234;2017
78;C368R388;368;388;1536;DEE0A;Mansfeld-Südharz;Sachsen-Anhalt;2016-01-01;2017-12-31;235;2017
79;C404R396;404;396;1537;DEE0A;Mansfeld-Südharz;Sachsen-Anhalt;2016-01-01;2017-12-31;229;2017
80;C505R341;505;341;1538;DE40H;Teltow-Fläming;Brandenburg;2016-01-01;2017-12-31;234;2017
81;C126R607;126;607;1539;DEB3D;Donnersbergkreis;Rheinland-Pfalz;2016-01-01;2017-12-31;239;2017
82;C526R463;526;463;1540;DED43;Mittelsachsen;Sachsen;2016-01-01;2017-12-31;241;2017
83;C419R711;419;711;1541;DE226;Kelheim;Bayern;2016-01-01;2017-12-31;237;2017
84;C342R625;342;625;1542;DE256;Ansbach, Landkreis;Bayern;2016-01-01;2017-12-31;239;2017
85;C361R553;361;553;1543;DE24C;Lichtenfels;Bayern;2016-01-01;2017-12-31;237;2017
86;C523R156;523;156;1544;DE80J;Mecklenburgische Seenplatte;Mecklenburg-Vorpommern;2016-01-01;2017-12-31;228;2017
87;C406R591;406;591;1545;DE234;Amberg-Sulzbach;Bayern;2016-01-01;2017-12-31;242;2017
88;C341R282;341;282;1546;DE914;Gifhorn;Niedersachsen;2016-01-01;2017-12-31;238;2017
89;C228R274;228;274;1547;DE927;Nienburg (Weser);Niedersachsen;2016-01-01;2017-12-31;236;2017
90;C395R333;395;333;1548;DEE07;Börde;Sachsen-Anhalt;2016-01-01;2017-12-31;245;2017
91;C386R401;386;401;1549;DEE0A;Mansfeld-Südharz;Sachsen-Anhalt;2016-01-01;2017-12-31;246;2017
92;C210R60;210;60;1550;DEF07;Nordfriesland;Schleswig-Holstein;2016-01-01;2017-12-31;239;2017
93;C382R326;382;326;1551;DEE07;Börde;Sachsen-Anhalt;2016-01-01;2017-12-31;234;2017
94;C412R163;412;163;1552;DE80O;Ludwigslust-Parchim;Mecklenburg-Vorpommern;2016-01-01;2017-12-31;229;2017
95;C493R172;493;172;1553;DE80J;Mecklenburgische Seenplatte;Mecklenburg-Vorpommern;2016-01-01;2017-12-31;227;2017
96;C298R382;298;382;1554;DE91C;Göttingen;Niedersachsen;2016-01-01;2017-12-31;239;2017
97;C305R278;305;278;1555;DE931;Celle;Niedersachsen;2016-01-01;2017-12-31;237;2017
98;C376R476;376;476;1556;DEG0U;Saalfeld-Rudolstadt;Thüringen;2016-01-01;2017-12-31;235;2017
99;C394R752;394;752;1557;DE217;Dachau;Bayern;2016-01-01;2017-12-31;237;2017
100;C340R133;340;133;1558;DE80M;Nordwestmecklenburg;Mecklenburg-Vorpommern;2016-01-01;2017-12-31;237;2017
101;C482R254;482;254;1559;DE408;Havelland;Brandenburg;2016-01-01;2017-12-31;238;2017
102;C324R254;324;254;1560;DE914;Gifhorn;Niedersachsen;2016-01-01;2017-12-31;239;2017
103;C510R146;510;146;1561;DE80J;Mecklenburgische Seenplatte;Mecklenburg-Vorpommern;2016-01-01;2017-12-31;227;2017
104;C468R425;468;425;1562;DED52;Leipzig;Sachsen;2016-01-01;2017-12-31;242;2017
105;C211R339;211;339;1563;DEA45;Lippe;Nordrhein-Westfalen;2016-01-01;2017-12-31;235;2017
106;C478R154;478;154;1564;DE80J;Mecklenburgische Seenplatte;Mecklenburg-Vorpommern;2016-01-01;2017-12-31;227;2017
107;C429R495;429;495;1565;DED44;Vogtlandkreis;Sachsen;2016-01-01;2017-12-31;238;2017
108;C317R519;317;519;1566;DE266;Rhön-Grabfeld;Bayern;2016-01-01;2017-12-31;230;2017
109;C96R529;96;529;1567;DEB17;Mayen-Koblenz;Rheinland-Pfalz;2016-01-01;2017-12-31;242;2017
110;C273R146;273;146;1568;DEF09;Pinneberg;Schleswig-Holstein;2016-01-01;2017-12-31;247;2017
111;C432R382;432;382;1569;DEE05;Anhalt-Bitterfeld;Sachsen-Anhalt;2016-01-01;2017-12-31;241;2017
112;C400R124;400;124;1570;DE80M;Nordwestmecklenburg;Mecklenburg-Vorpommern;2016-01-01;2017-12-31;227;2017
113;C363R774;363;774;1571;DE21E;Landsberg am Lech;Bayern;2016-01-01;2017-12-31;238;2017
114;C212R303;212;303;1572;DEA46;Minden-Lübbecke;Nordrhein-Westfalen;2016-01-01;2017-12-31;241;2017
115;C257R237;257;237;1573;DE938;Heidekreis;Niedersachsen;2016-01-01;2017-12-31;238;2017
116;C548R249;548;249;1574;DE409;Märkisch-Oderland;Brandenburg;2016-01-01;2017-12-31;236;2017
117;C418R492;418;492;1575;DEG0K;Saale-Orla-Kreis;Thüringen;2016-01-01;2017-12-31;238;2017
118;C331R307;331;307;1576;DE91B;Wolfenbüttel;Niedersachsen;2016-01-01;2017-12-31;232;2017
119;C272R503;272;503;1577;DE732;Fulda;Hessen;2016-01-01;2017-12-31;237;2017
120;C136R305;136;305;1578;DEA37;Steinfurt;Nordrhein-Westfalen;2016-01-01;2017-12-31;223;2017
121;C400R429;400;429;1579;DEE08;Burgenlandkreis;Sachsen-Anhalt;2016-01-01;2017-12-31;236;2017
122;C110R543;110;543;1580;DEB1D;Rhein-Hunsrück-Kreis;Rheinland-Pfalz;2016-01-01;2017-12-31;238;2017
123;C355R128;355;128;1581;DE80M;Nordwestmecklenburg;Mecklenburg-Vorpommern;2016-01-01;2017-12-31;237;2017
124;C366R279;366;279;1582;DEE04;Altmarkkreis Salzwedel;Sachsen-Anhalt;2016-01-01;2017-12-31;238;2017
125;C421R196;421;196;1583;DE40F;Prignitz;Brandenburg;2016-01-01;2017-12-31;238;2017
126;C376R468;376;468;1584;DEG0G;Weimarer Land;Thüringen;2016-01-01;2017-12-31;235;2017
127;C396R662;396;662;1585;DE236;Neumarkt i. d. OPf.;Bayern;2016-01-01;2017-12-31;235;2017
128;C411R342;411;342;1586;DEE0C;Salzlandkreis;Sachsen-Anhalt;2016-01-01;2017-12-31;238;2017
129;C423R139;423;139;1587;DE80K;Landkreis Rostock;Mecklenburg-Vorpommern;2016-01-01;2017-12-31;231;2017
130;C466R422;466;422;1588;DED52;Leipzig;Sachsen;2016-01-01;2017-12-31;241;2017
131;C275R47;275;47;1589;DEF0C;Schleswig-Flensburg;Schleswig-Holstein;2016-01-01;2017-12-31;242;2017
132;C440R728;440;728;1590;DE21B;Freising;Bayern;2016-01-01;2017-12-31;238;2017
133;C373R756;373;756;1591;DE21C;Fürstenfeldbruck;Bayern;2016-01-01;2017-12-31;238;2017
134;C343R345;343;345;1593;DEE09;Harz;Sachsen-Anhalt;2016-01-01;2017-12-31;228;2017
135;C251R37;251;37;1594;DEF0C;Schleswig-Flensburg;Schleswig-Holstein;2016-01-01;2017-12-31;242;2017
136;C257R33;257;33;1595;DEF0C;Schleswig-Flensburg;Schleswig-Holstein;2016-01-01;2017-12-31;242;2017
137;C485R150;485;150;1596;DE80J;Mecklenburgische Seenplatte;Mecklenburg-Vorpommern;2016-01-01;2017-12-31;227;2017
138;C376R744;376;744;1597;DE275;Aichach-Friedberg;Bayern;2016-01-01;2017-12-31;256;2017
139;C367R341;367;341;1598;DEE09;Harz;Sachsen-Anhalt;2016-01-01;2017-12-31;238;2017
140;C363R315;363;315;1599;DEE07;Börde;Sachsen-Anhalt;2016-01-01;2017-12-31;248;2017
141;C336R384;336;384;1600;DEG07;Nordhausen;Thüringen;2016-01-01;2017-12-31;235;2017
142;C333R141;333;141;1601;DEF06;Herzogtum Lauenburg;Schleswig-Holstein;2016-01-01;2017-12-31;236;2017
143;C376R153;376;153;1602;DE804;Schwerin, Kreisfreie Stadt;Mecklenburg-Vorpommern;2016-01-01;2017-12-31;231;2017
144;C373R527;373;527;1603;DEG0V;Sonneberg;Thüringen;2016-01-01;2017-12-31;242;2017
145;C488R107;488;107;1604;DE80N;Vorpommern-Greifswald;Mecklenburg-Vorpommern;2016-01-01;2017-12-31;235;2017
146;C354R580;354;580;1605;DE245;Bamberg, Landkreis;Bayern;2016-01-01;2017-12-31;239;2017
147;C275R43;275;43;1606;DEF0C;Schleswig-Flensburg;Schleswig-Holstein;2016-01-01;2017-12-31;242;2017
148;C397R701;397;701;1607;DE211;Ingolstadt, Kreisfreie Stadt;Bayern;2016-01-01;2017-12-31;234;2017
149;C334R462;334;462;1608;DEG0C;Gotha;Thüringen;2016-01-01;2017-12-31;227;2017
150;C481R712;481;712;1609;DE22C;Dingolfing-Landau;Bayern;2016-01-01;2017-12-31;236;2017
151;C320R154;320;154;1610;DEF06;Herzogtum Lauenburg;Schleswig-Holstein;2016-01-01;2017-12-31;238;2017
152;C415R150;415;150;1611;DE80O;Ludwigslust-Parchim;Mecklenburg-Vorpommern;2016-01-01;2017-12-31;229;2017
153;C547R175;547;175;1612;DE40I;Uckermark;Brandenburg;2016-01-01;2017-12-31;231;2017
154;C368R662;368;662;1613;DE25C;Weißenburg-Gunzenhausen;Bayern;2016-01-01;2017-12-31;238;2017
155;C400R329;400;329;1614;DEE03;Magdeburg, Kreisfreie Stadt;Sachsen-Anhalt;2016-01-01;2017-12-31;245;2017
156;C468R420;468;420;1615;DED52;Leipzig;Sachsen;2016-01-01;2017-12-31;241;2017
157;C436R199;436;199;1616;DE40F;Prignitz;Brandenburg;2016-01-01;2017-12-31;238;2017
158;C396R673;396;673;1617;DE219;Eichstätt;Bayern;2016-01-01;2017-12-31;238;2017
159;C400R469;400;469;1618;DEG0J;Saale-Holzland-Kreis;Thüringen;2016-01-01;2017-12-31;221;2017
160;C589R418;589;418;1619;DED2C;Bautzen;Sachsen;2016-01-01;2017-12-31;237;2017
161;C369R315;369;315;1620;DEE07;Börde;Sachsen-Anhalt;2016-01-01;2017-12-31;234;2017
162;C54R449;54;449;1621;DEA27;Rhein-Erft-Kreis;Nordrhein-Westfalen;2016-01-01;2017-12-31;245;2017
163;C414R385;414;385;1622;DEE0B;Saalekreis;Sachsen-Anhalt;2016-01-01;2017-12-31;229;2017
164;C320R86;320;86;1623;DEF0A;Plön;Schleswig-Holstein;2016-01-01;2017-12-31;230;2017
165;C279R356;279;356;1624;DE918;Northeim;Niedersachsen;2016-01-01;2017-12-31;235;2017
166;C388R356;388;356;1625;DEE0C;Salzlandkreis;Sachsen-Anhalt;2016-01-01;2017-12-31;239;2017
167;C415R399;415;399;1626;DEE0B;Saalekreis;Sachsen-Anhalt;2016-01-01;2017-12-31;229;2017
168;C405R507;405;507;1627;DEG0K;Saale-Orla-Kreis;Thüringen;2016-01-01;2017-12-31;232;2017
169;C498R487;498;487;1628;DED42;Erzgebirgskreis;Sachsen;2016-01-01;2017-12-31;241;2017
170;C33R468;33;468;1629;DEA26;Düren;Nordrhein-Westfalen;2016-01-01;2017-12-31;256;2017
171;C528R460;528;460;1630;DED43;Mittelsachsen;Sachsen;2016-01-01;2017-12-31;241;2017
172;C389R524;389;524;1631;DE24A;Kronach;Bayern;2016-01-01;2017-12-31;243;2017
173;C522R732;522;732;1632;DE22A;Rottal-Inn;Bayern;2016-01-01;2017-12-31;236;2017
174;C351R398;351;398;1633;DEG07;Nordhausen;Thüringen;2016-01-01;2017-12-31;224;2017
175;C312R441;312;441;1634;DEG0R;Wartburgkreis;Thüringen;2016-01-01;2017-12-31;221;2017
176;C548R190;548;190;1635;DE40I;Uckermark;Brandenburg;2016-01-01;2017-12-31;231;2017
177;C532R266;532;266;1636;DE405;Barnim;Brandenburg;2016-01-01;2017-12-31;243;2017
178;C490R154;490;154;1637;DE80J;Mecklenburgische Seenplatte;Mecklenburg-Vorpommern;2016-01-01;2017-12-31;227;2017
179;C413R107;413;107;1638;DE80K;Landkreis Rostock;Mecklenburg-Vorpommern;2016-01-01;2017-12-31;231;2017
180;C500R344;500;344;1639;DE40H;Teltow-Fläming;Brandenburg;2016-01-01;2017-12-31;234;2017
181;C102R566;102;566;1640;DEB1D;Rhein-Hunsrück-Kreis;Rheinland-Pfalz;2016-01-01;2017-12-31;237;2017
182;C498R470;498;470;1641;DED41;Chemnitz, Kreisfreie Stadt;Sachsen;2016-01-01;2017-12-31;241;2017
183;C418R271;418;271;1642;DEE0D;Stendal;Sachsen-Anhalt;2016-01-01;2017-12-31;238;2017
184;C237R385;237;385;1643;DEA44;Höxter;Nordrhein-Westfalen;2016-01-01;2017-12-31;235;2017
185;C285R651;285;651;1644;DE11A;Schwäbisch Hall;Baden-Württemberg;2016-01-01;2017-12-31;240;2017
186;C464R98;464;98;1645;DE80L;Vorpommern-Rügen;Mecklenburg-Vorpommern;2016-01-01;2017-12-31;240;2017
187;C401R663;401;663;1646;DE236;Neumarkt i. d. OPf.;Bayern;2016-01-01;2017-12-31;235;2017
188;C307R286;307;286;1647;DE914;Gifhorn;Niedersachsen;2016-01-01;2017-12-31;237;2017
189;C360R687;360;687;1648;DE27D;Donau-Ries;Bayern;2016-01-01;2017-12-31;242;2017
190;C492R308;492;308;1649;DE40E;Potsdam-Mittelmark;Brandenburg;2016-01-01;2017-12-31;238;2017
191;C257R666;257;666;1650;DE11A;Schwäbisch Hall;Baden-Württemberg;2016-01-01;2017-12-31;237;2017
192;C405R457;405;457;1651;DEG03;Jena, Kreisfreie Stadt;Thüringen;2016-01-01;2017-12-31;221;2017
193;C362R763;362;763;1652;DE21E;Landsberg am Lech;Bayern;2016-01-01;2017-12-31;238;2017
194;C416R506;416;506;1653;DEG0K;Saale-Orla-Kreis;Thüringen;2016-01-01;2017-12-31;251;2017
195;C629R414;629;414;1654;DED2D;Görlitz;Sachsen;2016-01-01;2017-12-31;235;2017
196;C232R370;232;370;1655;DEA44;Höxter;Nordrhein-Westfalen;2016-01-01;2017-12-31;234;2017
197;C446R119;446;119;1656;DE80K;Landkreis Rostock;Mecklenburg-Vorpommern;2016-01-01;2017-12-31;228;2017
198;C249R131;249;131;1657;DEF0E;Steinburg;Schleswig-Holstein;2016-01-01;2017-12-31;238;2017
199;C394R265;394;265;1658;DEE0D;Stendal;Sachsen-Anhalt;2016-01-01;2017-12-31;243;2017
200;C491R377;491;377;1659;DED53;Nordsachsen;Sachsen;2016-01-01;2017-12-31;234;2017
201;C206R20;206;20;1660;DEF07;Nordfriesland;Schleswig-Holstein;2016-01-01;2017-12-31;256;2017
202;C307R83;307;83;1661;DEF0A;Plön;Schleswig-Holstein;2016-01-01;2017-12-31;240;2017
203;C366R751;366;751;1662;DE275;Aichach-Friedberg;Bayern;2016-01-01;2017-12-31;234;2017
204;C458R151;458;151;1663;DE80K;Landkreis Rostock;Mecklenburg-Vorpommern;2016-01-01;2017-12-31;229;2017
205;C465R135;465;135;1664;DE80J;Mecklenburgische Seenplatte;Mecklenburg-Vorpommern;2016-01-01;2017-12-31;229;2017
206;C536R258;536;258;1665;DE405;Barnim;Brandenburg;2016-01-01;2017-12-31;236;2017
207;C238R400;238;400;1666;DE734;Kassel, Landkreis;Hessen;2016-01-01;2017-12-31;228;2017
208;C524R136;524;136;1667;DE80N;Vorpommern-Greifswald;Mecklenburg-Vorpommern;2016-01-01;2017-12-31;227;2017
209;C525R421;525;421;1668;DED2E;Meißen;Sachsen;2016-01-01;2017-12-31;242;2017
210;C349R129;349;129;1669;DE80M;Nordwestmecklenburg;Mecklenburg-Vorpommern;2016-01-01;2017-12-31;237;2017
211;C470R425;470;425;1670;DED52;Leipzig;Sachsen;2016-01-01;2017-12-31;242;2017
212;C329R114;329;114;1671;DEF08;Ostholstein;Schleswig-Holstein;2016-01-01;2017-12-31;238;2017
213;C502R33;502;33;1672;DE80L;Vorpommern-Rügen;Mecklenburg-Vorpommern;2016-01-01;2017-12-31;241;2017
214;C470R705;470;705;1673;DE22C;Dingolfing-Landau;Bayern;2016-01-01;2017-12-31;232;2017
215;C396R107;396;107;1674;DE80K;Landkreis Rostock;Mecklenburg-Vorpommern;2016-01-01;2017-12-31;231;2017
216;C101R331;101;331;1675;DEA37;Steinfurt;Nordrhein-Westfalen;2016-01-01;2017-12-31;243;2017
217;C415R779;415;779;1676;DE21H;München, Landkreis;Bayern;2016-01-01;2017-12-31;241;2017
218;C283R140;283;140;1677;DEF0D;Segeberg;Schleswig-Holstein;2016-01-01;2017-12-31;239;2017
219;C290R711;290;711;1678;DE11C;Heidenheim;Baden-Württemberg;2016-01-01;2017-12-31;231;2017
220;C331R122;331;122;1679;DEF08;Ostholstein;Schleswig-Holstein;2016-01-01;2017-12-31;238;2017
221;C312R678;312;678;1680;DE11D;Ostalbkreis;Baden-Württemberg;2016-01-01;2017-12-31;244;2017
222;C507R350;507;350;1681;DE407;Elbe-Elster;Brandenburg;2016-01-01;2017-12-31;234;2017
223;C395R243;395;243;1682;DEE0D;Stendal;Sachsen-Anhalt;2016-01-01;2017-12-31;235;2017
224;C368R136;368;136;1683;DE80M;Nordwestmecklenburg;Mecklenburg-Vorpommern;2016-01-01;2017-12-31;231;2017
225;C407R661;407;661;1684;DE236;Neumarkt i. d. OPf.;Bayern;2016-01-01;2017-12-31;235;2017
226;C414R219;414;219;1685;DE40F;Prignitz;Brandenburg;2016-01-01;2017-12-31;235;2017
227;C430R474;430;474;1686;DEG0L;Greiz;Thüringen;2016-01-01;2017-12-31;237;2017
228;C507R142;507;142;1687;DE80J;Mecklenburgische Seenplatte;Mecklenburg-Vorpommern;2016-01-01;2017-12-31;227;2017
229;C457R689;457;689;1688;DE22B;Straubing-Bogen;Bayern;2016-01-01;2017-12-31;232;2017
230;C294R565;294;565;1689;DE26B;Schweinfurt, Landkreis;Bayern;2016-01-01;2017-12-31;234;2017
231;C328R429;328;429;1690;DEG09;Unstrut-Hainich-Kreis;Thüringen;2016-01-01;2017-12-31;234;2017
232;C329R399;329;399;1691;DEG07;Nordhausen;Thüringen;2016-01-01;2017-12-31;224;2017
233;C372R722;372;722;1692;DE275;Aichach-Friedberg;Bayern;2016-01-01;2017-12-31;256;2017
234;C347R432;347;432;1693;DEG09;Unstrut-Hainich-Kreis;Thüringen;2016-01-01;2017-12-31;222;2017
235;C372R450;372;450;1694;DEG0G;Weimarer Land;Thüringen;2016-01-01;2017-12-31;244;2017
236;C235R478;235;478;1695;DE725;Vogelsbergkreis;Hessen;2016-01-01;2017-12-31;231;2017
237;C393R562;393;562;1696;DE246;Bayreuth, Landkreis;Bayern;2016-01-01;2017-12-31;235;2017
238;C190R589;190;589;1697;DE716;Darmstadt-Dieburg;Hessen;2016-01-01;2017-12-31;248;2017
239;C324R254;324;254;1698;DE914;Gifhorn;Niedersachsen;2016-01-01;2017-12-31;239;2017
240;C354R719;354;719;1699;DE276;Augsburg, Landkreis;Bayern;2016-01-01;2017-12-31;237;2017
241;C522R167;522;167;1700;DE80J;Mecklenburgische Seenplatte;Mecklenburg-Vorpommern;2016-01-01;2017-12-31;228;2017
242;C422R742;422;742;1701;DE21B;Freising;Bayern;2016-01-01;2017-12-31;237;2017
243;C307R445;307;445;1702;DEG0R;Wartburgkreis;Thüringen;2016-01-01;2017-12-31;221;2017
244;C380R665;380;665;1703;DE25B;Roth;Bayern;2016-01-01;2017-12-31;238;2017
245;C424R356;424;356;1704;DEE05;Anhalt-Bitterfeld;Sachsen-Anhalt;2016-01-01;2017-12-31;241;2017
246;C321R334;321;334;1705;DE91B;Wolfenbüttel;Niedersachsen;2016-01-01;2017-12-31;228;2017
247;C433R166;433;166;1706;DE80O;Ludwigslust-Parchim;Mecklenburg-Vorpommern;2016-01-01;2017-12-31;233;2017
248;C430R209;430;209;1707;DE40F;Prignitz;Brandenburg;2016-01-01;2017-12-31;238;2017
249;C363R301;363;301;1708;DEE07;Börde;Sachsen-Anhalt;2016-01-01;2017-12-31;238;2017
250;C538R251;538;251;1709;DE405;Barnim;Brandenburg;2016-01-01;2017-12-31;236;2017
251;C497R414;497;414;1710;DED53;Nordsachsen;Sachsen;2016-01-01;2017-12-31;225;2017
252;C348R81;348;81;1711;DEF08;Ostholstein;Schleswig-Holstein;2016-01-01;2017-12-31;232;2017
253;C533R255;533;255;1712;DE405;Barnim;Brandenburg;2016-01-01;2017-12-31;243;2017
254;C373R766;373;766;1713;DE21C;Fürstenfeldbruck;Bayern;2016-01-01;2017-12-31;238;2017
255;C107R567;107;567;1714;DEB1D;Rhein-Hunsrück-Kreis;Rheinland-Pfalz;2016-01-01;2017-12-31;236;2017
256;C453R450;453;450;1715;DEG0M;Altenburger Land;Thüringen;2016-01-01;2017-12-31;236;2017
257;C543R448;543;448;1716;DED2F;Sächsische Schweiz-Osterzgebirge;Sachsen;2016-01-01;2017-12-31;239;2017
258;C157R535;157;535;1717;DE71D;Rheingau-Taunus-Kreis;Hessen;2016-01-01;2017-12-31;240;2017
259;C74R581;74;581;1718;DEB22;Bernkastel-Wittlich;Rheinland-Pfalz;2016-01-01;2017-12-31;258;2017
260;C382R131;382;131;1719;DE80M;Nordwestmecklenburg;Mecklenburg-Vorpommern;2016-01-01;2017-12-31;227;2017
261;C76R560;76;560;1720;DEB22;Bernkastel-Wittlich;Rheinland-Pfalz;2016-01-01;2017-12-31;237;2017
262;C296R576;296;576;1721;DE26C;Würzburg, Landkreis;Bayern;2016-01-01;2017-12-31;234;2017
263;C503R461;503;461;1722;DED41;Chemnitz, Kreisfreie Stadt;Sachsen;2016-01-01;2017-12-31;232;2017
264;C336R86;336;86;1723;DEF08;Ostholstein;Schleswig-Holstein;2016-01-01;2017-12-31;237;2017
265;C255R302;255;302;1724;DE929;Region Hannover;Niedersachsen;2016-01-01;2017-12-31;250;2017
266;C516R390;516;390;1725;DE407;Elbe-Elster;Brandenburg;2016-01-01;2017-12-31;233;2017
267;C334R117;334;117;1726;DEF08;Ostholstein;Schleswig-Holstein;2016-01-01;2017-12-31;238;2017
268;C369R345;369;345;1727;DEE07;Börde;Sachsen-Anhalt;2016-01-01;2017-12-31;234;2017
269;C499R88;499;88;1728;DE80L;Vorpommern-Rügen;Mecklenburg-Vorpommern;2016-01-01;2017-12-31;229;2017
270;C287R430;287;430;1729;DE737;Werra-Meißner-Kreis;Hessen;2016-01-01;2017-12-31;244;2017
271;C210R491;210;491;1730;DE721;Gießen, Landkreis;Hessen;2016-01-01;2017-12-31;238;2017
272;C359R427;359;427;1731;DEG0D;Sömmerda;Thüringen;2016-01-01;2017-12-31;222;2017
273;C521R443;521;443;1732;DED43;Mittelsachsen;Sachsen;2016-01-01;2017-12-31;231;2017
274;C439R549;439;549;1734;DE24D;Wunsiedel i. Fichtelgebirge;Bayern;2016-01-01;2017-12-31;236;2017
275;C92R530;92;530;1735;DEB17;Mayen-Koblenz;Rheinland-Pfalz;2016-01-01;2017-12-31;246;2017
276;C269R566;269;566;1736;DE26A;Main-Spessart;Bayern;2016-01-01;2017-12-31;236;2017
277;C203R37;203;37;1737;DEF07;Nordfriesland;Schleswig-Holstein;2016-01-01;2017-12-31;239;2017
278;C197R451;197;451;1738;DE736;Waldeck-Frankenberg;Hessen;2016-01-01;2017-12-31;236;2017
279;C425R302;425;302;1739;DEE06;Jerichower Land;Sachsen-Anhalt;2016-01-01;2017-12-31;238;2017
280;C522R352;522;352;1740;DE407;Elbe-Elster;Brandenburg;2016-01-01;2017-12-31;221;2017
281;C359R466;359;466;1741;DEG0T;Ilm-Kreis;Thüringen;2016-01-01;2017-12-31;235;2017
282;C254R707;254;707;1742;DE113;Esslingen;Baden-Württemberg;2016-01-01;2017-12-31;238;2017
283;C315R76;315;76;1743;DEF0A;Plön;Schleswig-Holstein;2016-01-01;2017-12-31;230;2017
284;C312R382;312;382;1744;DE91C;Göttingen;Niedersachsen;2016-01-01;2017-12-31;239;2017
285;C431R116;431;116;1745;DE80K;Landkreis Rostock;Mecklenburg-Vorpommern;2016-01-01;2017-12-31;228;2017
286;C246R406;246;406;1746;DE734;Kassel, Landkreis;Hessen;2016-01-01;2017-12-31;235;2017
287;C171R395;171;395;1747;DEA5B;Soest;Nordrhein-Westfalen;2016-01-01;2017-12-31;236;2017
288;C379R759;379;759;1748;DE21C;Fürstenfeldbruck;Bayern;2016-01-01;2017-12-31;238;2017
289;C357R760;357;760;1749;DE276;Augsburg, Landkreis;Bayern;2016-01-01;2017-12-31;234;2017
290;C317R745;317;745;3214;DE278;Günzburg;Bayern;2017-01-01;2018-12-31;233;2018
291;C442R388;442;388;3215;DED53;Nordsachsen;Sachsen;2017-01-01;2018-12-31;234;2018
292;C277R585;277;585;3216;DE26C;Würzburg, Landkreis;Bayern;2017-01-01;2018-12-31;234;2018
293;C423R484;423;484;3217;DEG0L;Greiz;Thüringen;2017-01-01;2018-12-31;231;2018
294;C392R772;392;772;3218;DE21L;Starnberg;Bayern;2017-01-01;2018-12-31;247;2018
295;C374R135;374;135;3219;DE80M;Nordwestmecklenburg;Mecklenburg-Vorpommern;2017-01-01;2018-12-31;231;2018
296;C250R765;250;765;3220;DE146;Biberach;Baden-Württemberg;2017-01-01;2018-12-31;249;2018
297;C536R169;536;169;3222;DE40I;Uckermark;Brandenburg;2017-01-01;2018-12-31;229;2018
298;C265R762;265;762;3223;DE145;Alb-Donau-Kreis;Baden-Württemberg;2017-01-01;2018-12-31;235;2018
299;C372R327;372;327;3224;DEE07;Börde;Sachsen-Anhalt;2017-01-01;2018-12-31;240;2018
300;C274R511;274;511;3225;DE732;Fulda;Hessen;2017-01-01;2018-12-31;235;2018
301;C244R301;244;301;3226;DE928;Schaumburg;Niedersachsen;2017-01-01;2018-12-31;247;2018
302;C447R188;447;188;3227;DE80J;Mecklenburgische Seenplatte;Mecklenburg-Vorpommern;2017-01-01;2018-12-31;244;2018
303;C492R221;492;221;3228;DE40A;Oberhavel;Brandenburg;2017-01-01;2018-12-31;234;2018
304;C463R110;463;110;3229;DE80K;Landkreis Rostock;Mecklenburg-Vorpommern;2017-01-01;2018-12-31;241;2018
305;C559R256;559;256;3230;DE409;Märkisch-Oderland;Brandenburg;2017-01-01;2018-12-31;237;2018
306;C376R348;376;348;3231;DEE09;Harz;Sachsen-Anhalt;2017-01-01;2018-12-31;238;2018
307;C387R294;387;294;3232;DEE07;Börde;Sachsen-Anhalt;2017-01-01;2018-12-31;240;2018
308;C308R116;308;116;3233;DEF0D;Segeberg;Schleswig-Holstein;2017-01-01;2018-12-31;241;2018
309;C267R571;267;571;3234;DE26A;Main-Spessart;Bayern;2017-01-01;2018-12-31;233;2018
310;C297R344;297;344;3235;DE925;Hildesheim;Niedersachsen;2017-01-01;2018-12-31;241;2018
311;C429R342;429;342;3236;DEE05;Anhalt-Bitterfeld;Sachsen-Anhalt;2017-01-01;2018-12-31;236;2018
312;C454R385;454;385;3237;DED53;Nordsachsen;Sachsen;2017-01-01;2018-12-31;237;2018
313;C241R475;241;475;3238;DE725;Vogelsbergkreis;Hessen;2017-01-01;2018-12-31;237;2018
314;C437R198;437;198;3240;DE40F;Prignitz;Brandenburg;2017-01-01;2018-12-31;235;2018
315;C439R190;439;190;3241;DE40F;Prignitz;Brandenburg;2017-01-01;2018-12-31;244;2018
316;C208R512;208;512;3242;DE721;Gießen, Landkreis;Hessen;2017-01-01;2018-12-31;240;2018
317;C264R593;264;593;3243;DE11B;Main-Tauber-Kreis;Baden-Württemberg;2017-01-01;2018-12-31;234;2018
318;C242R789;242;789;3244;DE149;Sigmaringen;Baden-Württemberg;2017-01-01;2018-12-31;236;2018
319;C211R98;211;98;3245;DEF05;Dithmarschen;Schleswig-Holstein;2017-01-01;2018-12-31;240;2018
320;C396R361;396;361;3246;DEE0C;Salzlandkreis;Sachsen-Anhalt;2017-01-01;2018-12-31;238;2018
321;C412R171;412;171;3247;DE80O;Ludwigslust-Parchim;Mecklenburg-Vorpommern;2017-01-01;2018-12-31;243;2018
322;C365R173;365;173;3248;DE80O;Ludwigslust-Parchim;Mecklenburg-Vorpommern;2017-01-01;2018-12-31;244;2018
323;C83R559;83;559;3249;DEB22;Bernkastel-Wittlich;Rheinland-Pfalz;2017-01-01;2018-12-31;235;2018
324;C401R503;401;503;3250;DEG0K;Saale-Orla-Kreis;Thüringen;2017-01-01;2018-12-31;237;2018
325;C375R348;375;348;3251;DEE07;Börde;Sachsen-Anhalt;2017-01-01;2018-12-31;238;2018
326;C569R177;569;177;3252;DE80N;Vorpommern-Greifswald;Mecklenburg-Vorpommern;2017-01-01;2018-12-31;240;2018
327;C386R326;386;326;3253;DEE07;Börde;Sachsen-Anhalt;2017-01-01;2018-12-31;241;2018
328;C468R488;468;488;3254;DED45;Zwickau;Sachsen;2017-01-01;2018-12-31;246;2018
329;C359R725;359;725;3255;DE275;Aichach-Friedberg;Bayern;2017-01-01;2018-12-31;242;2018
330;C571R263;571;263;3256;DE409;Märkisch-Oderland;Brandenburg;2017-01-01;2018-12-31;237;2018
331;C569R277;569;277;3257;DE40C;Oder-Spree;Brandenburg;2017-01-01;2018-12-31;237;2018
332;C389R399;389;399;3258;DEE0A;Mansfeld-Südharz;Sachsen-Anhalt;2017-01-01;2018-12-31;231;2018
333;C317R698;317;698;3259;DE11D;Ostalbkreis;Baden-Württemberg;2017-01-01;2018-12-31;233;2018
334;C283R397;283;397;3260;DE91C;Göttingen;Niedersachsen;2017-01-01;2018-12-31;237;2018
335;C326R678;326;678;3261;DE27D;Donau-Ries;Bayern;2017-01-01;2018-12-31;244;2018
336;C188R762;188;762;3262;DE135;Rottweil;Baden-Württemberg;2017-01-01;2018-12-31;229;2018
337;C463R684;463;684;3263;DE22B;Straubing-Bogen;Bayern;2017-01-01;2018-12-31;238;2018
338;C492R248;492;248;3264;DE40A;Oberhavel;Brandenburg;2017-01-01;2018-12-31;234;2018
339;C507R148;507;148;3265;DE80J;Mecklenburgische Seenplatte;Mecklenburg-Vorpommern;2017-01-01;2018-12-31;231;2018
340;C324R583;324;583;3266;DE268;Kitzingen;Bayern;2017-01-01;2018-12-31;237;2018
341;C349R136;349;136;3267;DE80M;Nordwestmecklenburg;Mecklenburg-Vorpommern;2017-01-01;2018-12-31;243;2018
342;C381R470;381;470;3268;DEG0U;Saalfeld-Rudolstadt;Thüringen;2017-01-01;2018-12-31;233;2018
343;C373R771;373;771;3269;DE21C;Fürstenfeldbruck;Bayern;2017-01-01;2018-12-31;234;2018
344;C364R421;364;421;3270;DEG0D;Sömmerda;Thüringen;2017-01-01;2018-12-31;228;2018
345;C220R74;220;74;3271;DEF07;Nordfriesland;Schleswig-Holstein;2017-01-01;2018-12-31;238;2018
346;C519R164;519;164;3272;DE80J;Mecklenburgische Seenplatte;Mecklenburg-Vorpommern;2017-01-01;2018-12-31;229;2018
347;C181R690;181;690;3274;DE123;Karlsruhe, Landkreis;Baden-Württemberg;2017-01-01;2018-12-31;244;2018
348;C361R158;361;158;3275;DE80M;Nordwestmecklenburg;Mecklenburg-Vorpommern;2017-01-01;2018-12-31;241;2018
349;C503R237;503;237;3276;DE40A;Oberhavel;Brandenburg;2017-01-01;2018-12-31;234;2018
350;C138R550;138;550;3277;DE71D;Rheingau-Taunus-Kreis;Hessen;2017-01-01;2018-12-31;240;2018
351;C323R429;323;429;3278;DEG09;Unstrut-Hainich-Kreis;Thüringen;2017-01-01;2018-12-31;241;2018
352;C204R815;204;815;3279;DE138;Konstanz;Baden-Württemberg;2017-01-01;2018-12-31;225;2018
353;C363R479;363;479;3280;DEG0T;Ilm-Kreis;Thüringen;2017-01-01;2018-12-31;233;2018
354;C188R758;188;758;3281;DE135;Rottweil;Baden-Württemberg;2017-01-01;2018-12-31;229;2018
355;C367R150;367;150;3282;DE80M;Nordwestmecklenburg;Mecklenburg-Vorpommern;2017-01-01;2018-12-31;231;2018
356;C313R538;313;538;3283;DE265;Bad Kissingen;Bayern;2017-01-01;2018-12-31;229;2018
357;C490R108;490;108;3284;DE80N;Vorpommern-Greifswald;Mecklenburg-Vorpommern;2017-01-01;2018-12-31;238;2018
358;C511R148;511;148;3285;DE80J;Mecklenburgische Seenplatte;Mecklenburg-Vorpommern;2017-01-01;2018-12-31;231;2018
359;C430R210;430;210;3286;DE40F;Prignitz;Brandenburg;2017-01-01;2018-12-31;235;2018
360;C421R674;421;674;3287;DE226;Kelheim;Bayern;2017-01-01;2018-12-31;233;2018
361;C221R248;221;248;3288;DE922;Diepholz;Niedersachsen;2017-01-01;2018-12-31;240;2018
362;C408R255;408;255;3289;DEE0D;Stendal;Sachsen-Anhalt;2017-01-01;2018-12-31;237;2018
363;C178R624;178;624;3290;DEB34;Ludwigshafen am Rhein, Kreisfreie Stadt;Rheinland-Pfalz;2017-01-01;2018-12-31;249;2018
364;C365R122;365;122;3291;DE80M;Nordwestmecklenburg;Mecklenburg-Vorpommern;2017-01-01;2018-12-31;240;2018
365;C397R365;397;365;3292;DEE0C;Salzlandkreis;Sachsen-Anhalt;2017-01-01;2018-12-31;238;2018
366;C494R431;494;431;3293;DED43;Mittelsachsen;Sachsen;2017-01-01;2018-12-31;240;2018
367;C224R324;224;324;3294;DEA45;Lippe;Nordrhein-Westfalen;2017-01-01;2018-12-31;242;2018
368;C537R463;537;463;3295;DED43;Mittelsachsen;Sachsen;2017-01-01;2018-12-31;231;2018
369;C210R633;210;633;3296;DE128;Rhein-Neckar-Kreis;Baden-Württemberg;2017-01-01;2018-12-31;242;2018
370;C112R595;112;595;3297;DEB15;Birkenfeld;Rheinland-Pfalz;2017-01-01;2018-12-31;233;2018
371;C426R764;426;764;3298;DE218;Ebersberg;Bayern;2017-01-01;2018-12-31;235;2018
372;C221R575;221;575;3299;DE716;Darmstadt-Dieburg;Hessen;2017-01-01;2018-12-31;255;2018
373;C433R174;433;174;3300;DE80O;Ludwigslust-Parchim;Mecklenburg-Vorpommern;2017-01-01;2018-12-31;237;2018
374;C123R575;123;575;3301;DEB14;Bad Kreuznach;Rheinland-Pfalz;2017-01-01;2018-12-31;235;2018
375;C345R340;345;340;3302;DEE09;Harz;Sachsen-Anhalt;2017-01-01;2018-12-31;242;2018
376;C319R346;319;346;3303;DE916;Goslar;Niedersachsen;2017-01-01;2018-12-31;242;2018
377;C201R262;201;262;3304;DE922;Diepholz;Niedersachsen;2017-01-01;2018-12-31;242;2018
378;C487R412;487;412;3305;DED52;Leipzig;Sachsen;2017-01-01;2018-12-31;235;2018
379;C511R66;511;66;3306;DE80L;Vorpommern-Rügen;Mecklenburg-Vorpommern;2017-01-01;2018-12-31;234;2018
380;C407R422;407;422;3307;DEE08;Burgenlandkreis;Sachsen-Anhalt;2017-01-01;2018-12-31;237;2018
381;C553R182;553;182;3309;DE40I;Uckermark;Brandenburg;2017-01-01;2018-12-31;234;2018
382;C566R207;566;207;3310;DE40I;Uckermark;Brandenburg;2017-01-01;2018-12-31;233;2018
383;C350R757;350;757;3311;DE276;Augsburg, Landkreis;Bayern;2017-01-01;2018-12-31;236;2018
384;C351R394;351;394;3312;DEG07;Nordhausen;Thüringen;2017-01-01;2018-12-31;228;2018
385;C426R276;426;276;3313;DEE0D;Stendal;Sachsen-Anhalt;2017-01-01;2018-12-31;236;2018
386;C168R528;168;528;3314;DE723;Limburg-Weilburg;Hessen;2017-01-01;2018-12-31;241;2018
387;C310R78;310;78;3315;DEF0A;Plön;Schleswig-Holstein;2017-01-01;2018-12-31;240;2018
388;C290R308;290;308;3316;DE929;Region Hannover;Niedersachsen;2017-01-01;2018-12-31;241;2018
389;C365R122;365;122;3317;DE80M;Nordwestmecklenburg;Mecklenburg-Vorpommern;2017-01-01;2018-12-31;240;2018
390;C416R206;416;206;3318;DE40F;Prignitz;Brandenburg;2017-01-01;2018-12-31;228;2018
391;C121R399;121;399;3319;DEA5C;Unna;Nordrhein-Westfalen;2017-01-01;2018-12-31;241;2018
392;C233R332;233;332;3320;DE923;Hameln-Pyrmont;Niedersachsen;2017-01-01;2018-12-31;242;2018
393;C392R162;392;162;3321;DE80O;Ludwigslust-Parchim;Mecklenburg-Vorpommern;2017-01-01;2018-12-31;231;2018
394;C242R521;242;521;3322;DE719;Main-Kinzig-Kreis;Hessen;2017-01-01;2018-12-31;235;2018
395;C368R749;368;749;3323;DE275;Aichach-Friedberg;Bayern;2017-01-01;2018-12-31;247;2018
396;C256R498;256;498;3324;DE732;Fulda;Hessen;2017-01-01;2018-12-31;235;2018
397;C500R415;500;415;3326;DED53;Nordsachsen;Sachsen;2017-01-01;2018-12-31;235;2018
398;C496R751;496;751;3327;DE214;Altötting;Bayern;2017-01-01;2018-12-31;242;2018
399;C360R135;360;135;3328;DE80M;Nordwestmecklenburg;Mecklenburg-Vorpommern;2017-01-01;2018-12-31;231;2018
400;C330R775;330;775;3329;DE27C;Unterallgäu;Bayern;2017-01-01;2018-12-31;233;2018
401;C158R556;158;556;3330;DE71D;Rheingau-Taunus-Kreis;Hessen;2017-01-01;2018-12-31;240;2018
402;C405R318;405;318;3331;DEE06;Jerichower Land;Sachsen-Anhalt;2017-01-01;2018-12-31;243;2018
403;C135R721;135;721;3332;DE134;Ortenaukreis;Baden-Württemberg;2017-01-01;2018-12-31;249;2018
404;C255R679;255;679;3333;DE116;Rems-Murr-Kreis;Baden-Württemberg;2017-01-01;2018-12-31;244;2018
405;C417R262;417;262;3334;DEE0D;Stendal;Sachsen-Anhalt;2017-01-01;2018-12-31;239;2018
406;C215R488;215;488;3335;DE721;Gießen, Landkreis;Hessen;2017-01-01;2018-12-31;240;2018
407;C493R335;493;335;3336;DE40H;Teltow-Fläming;Brandenburg;2017-01-01;2018-12-31;237;2018
408;C421R362;421;362;3337;DEE05;Anhalt-Bitterfeld;Sachsen-Anhalt;2017-01-01;2018-12-31;237;2018
409;C431R199;431;199;3338;DE40F;Prignitz;Brandenburg;2017-01-01;2018-12-31;235;2018
410;C448R79;448;79;3339;DE80L;Vorpommern-Rügen;Mecklenburg-Vorpommern;2017-01-01;2018-12-31;242;2018
411;C252R332;252;332;3340;DE923;Hameln-Pyrmont;Niedersachsen;2017-01-01;2018-12-31;244;2018
412;C478R165;478;165;3341;DE80J;Mecklenburgische Seenplatte;Mecklenburg-Vorpommern;2017-01-01;2018-12-31;231;2018
413;C207R467;207;467;3342;DE724;Marburg-Biedenkopf;Hessen;2017-01-01;2018-12-31;237;2018
414;C419R733;419;733;3343;DE21B;Freising;Bayern;2017-01-01;2018-12-31;235;2018
415;C604R301;604;301;3344;DE40C;Oder-Spree;Brandenburg;2017-01-01;2018-12-31;237;2018
416;C243R371;243;371;3345;DEA44;Höxter;Nordrhein-Westfalen;2017-01-01;2018-12-31;237;2018
417;C283R716;283;716;3346;DE114;Göppingen;Baden-Württemberg;2017-01-01;2018-12-31;236;2018
418;C250R787;250;787;3347;DE149;Sigmaringen;Baden-Württemberg;2017-01-01;2018-12-31;249;2018
419;C395R336;395;336;3348;DEE07;Börde;Sachsen-Anhalt;2017-01-01;2018-12-31;243;2018
420;C427R484;427;484;3349;DEG0L;Greiz;Thüringen;2017-01-01;2018-12-31;231;2018
421;C406R382;406;382;3350;DEE0A;Mansfeld-Südharz;Sachsen-Anhalt;2017-01-01;2018-12-31;231;2018
422;C496R44;496;44;3351;DE80L;Vorpommern-Rügen;Mecklenburg-Vorpommern;2017-01-01;2018-12-31;234;2018
423;C335R209;335;209;3352;DE935;Lüneburg, Landkreis;Niedersachsen;2017-01-01;2018-12-31;237;2018
424;C345R340;345;340;3353;DEE09;Harz;Sachsen-Anhalt;2017-01-01;2018-12-31;242;2018
425;C179R804;179;804;3354;DE13A;Waldshut;Baden-Württemberg;2017-01-01;2018-12-31;249;2018
426;C338R347;338;347;3355;DEE09;Harz;Sachsen-Anhalt;2017-01-01;2018-12-31;242;2018
427;C554R343;554;343;3356;DE40B;Oberspreewald-Lausitz;Brandenburg;2017-01-01;2018-12-31;241;2018
428;C625R427;625;427;3357;DED2D;Görlitz;Sachsen;2017-01-01;2018-12-31;238;2018
429;C405R164;405;164;3358;DE80O;Ludwigslust-Parchim;Mecklenburg-Vorpommern;2017-01-01;2018-12-31;243;2018
430;C515R106;515;106;3359;DE80N;Vorpommern-Greifswald;Mecklenburg-Vorpommern;2017-01-01;2018-12-31;237;2018
431;C151R588;151;588;3360;DEB3B;Alzey-Worms;Rheinland-Pfalz;2017-01-01;2018-12-31;240;2018
432;C423R705;423;705;3361;DE226;Kelheim;Bayern;2017-01-01;2018-12-31;235;2018
433;C310R523;310;523;3362;DE266;Rhön-Grabfeld;Bayern;2017-01-01;2018-12-31;228;2018
434;C474R712;474;712;3363;DE22C;Dingolfing-Landau;Bayern;2017-01-01;2018-12-31;236;2018
435;C323R177;323;177;3364;DEF06;Herzogtum Lauenburg;Schleswig-Holstein;2017-01-01;2018-12-31;248;2018
436;C385R154;385;154;3365;DE80O;Ludwigslust-Parchim;Mecklenburg-Vorpommern;2017-01-01;2018-12-31;231;2018
437;C417R170;417;170;3366;DE80O;Ludwigslust-Parchim;Mecklenburg-Vorpommern;2017-01-01;2018-12-31;237;2018
438;C423R300;423;300;3367;DEE06;Jerichower Land;Sachsen-Anhalt;2017-01-01;2018-12-31;244;2018
439;C346R425;346;425;3368;DEG0A;Kyffhäuserkreis;Thüringen;2017-01-01;2018-12-31;229;2018
440;C445R224;445;224;3369;DE40F;Prignitz;Brandenburg;2017-01-01;2018-12-31;235;2018
441;C492R453;492;453;3370;DED43;Mittelsachsen;Sachsen;2017-01-01;2018-12-31;239;2018
442;C403R391;403;391;3371;DEE0A;Mansfeld-Südharz;Sachsen-Anhalt;2017-01-01;2018-12-31;231;2018
443;C397R252;397;252;3372;DEE0D;Stendal;Sachsen-Anhalt;2017-01-01;2018-12-31;237;2018
444;C521R425;521;425;3373;DED2E;Meißen;Sachsen;2017-01-01;2018-12-31;240;2018
445;C421R408;421;408;3374;DEE0B;Saalekreis;Sachsen-Anhalt;2017-01-01;2018-12-31;237;2018
446;C459R90;459;90;3375;DE80L;Vorpommern-Rügen;Mecklenburg-Vorpommern;2017-01-01;2018-12-31;241;2018
447;C471R353;471;353;3376;DEE0E;Wittenberg;Sachsen-Anhalt;2017-01-01;2018-12-31;237;2018
448;C309R391;309;391;3377;DE91C;Göttingen;Niedersachsen;2017-01-01;2018-12-31;241;2018
449;C323R410;323;410;3378;DEG06;Eichsfeld;Thüringen;2017-01-01;2018-12-31;240;2018
450;C206R662;206;662;3379;DE123;Karlsruhe, Landkreis;Baden-Württemberg;2017-01-01;2018-12-31;241;2018
451;C282R307;282;307;3380;DE929;Region Hannover;Niedersachsen;2017-01-01;2018-12-31;241;2018
452;C488R461;488;461;3381;DED41;Chemnitz, Kreisfreie Stadt;Sachsen;2017-01-01;2018-12-31;236;2018
453;C221R539;221;539;3382;DE719;Main-Kinzig-Kreis;Hessen;2017-01-01;2018-12-31;233;2018
454;C467R488;467;488;3383;DED45;Zwickau;Sachsen;2017-01-01;2018-12-31;246;2018
455;C345R702;345;702;3384;DE27D;Donau-Ries;Bayern;2017-01-01;2018-12-31;242;2018
456;C367R438;367;438;3385;DEG0D;Sömmerda;Thüringen;2017-01-01;2018-12-31;228;2018
457;C487R415;487;415;3386;DED52;Leipzig;Sachsen;2017-01-01;2018-12-31;235;2018
458;C538R156;538;156;3387;DE80N;Vorpommern-Greifswald;Mecklenburg-Vorpommern;2017-01-01;2018-12-31;228;2018
459;C107R326;107;326;3388;DEA37;Steinfurt;Nordrhein-Westfalen;2017-01-01;2018-12-31;233;2018
460;C145R711;145;711;3389;DE134;Ortenaukreis;Baden-Württemberg;2017-01-01;2018-12-31;249;2018
461;C407R246;407;246;3390;DEE0D;Stendal;Sachsen-Anhalt;2017-01-01;2018-12-31;235;2018
462;C459R109;459;109;3391;DE80K;Landkreis Rostock;Mecklenburg-Vorpommern;2017-01-01;2018-12-31;241;2018
463;C238R346;238;346;3392;DE923;Hameln-Pyrmont;Niedersachsen;2017-01-01;2018-12-31;238;2018
464;C87R602;87;602;3393;DEB15;Birkenfeld;Rheinland-Pfalz;2017-01-01;2018-12-31;235;2018
465;C308R510;308;510;3394;DE266;Rhön-Grabfeld;Bayern;2017-01-01;2018-12-31;232;2018
466;C271R335;271;335;3395;DE925;Hildesheim;Niedersachsen;2017-01-01;2018-12-31;243;2018
467;C398R444;398;444;3396;DEG0G;Weimarer Land;Thüringen;2017-01-01;2018-12-31;235;2018
468;C435R119;435;119;3397;DE80K;Landkreis Rostock;Mecklenburg-Vorpommern;2017-01-01;2018-12-31;241;2018
469;C207R673;207;673;3398;DE12B;Enzkreis;Baden-Württemberg;2017-01-01;2018-12-31;241;2018
470;C500R34;500;34;3399;DE80L;Vorpommern-Rügen;Mecklenburg-Vorpommern;2017-01-01;2018-12-31;234;2018
471;C558R250;558;250;3400;DE409;Märkisch-Oderland;Brandenburg;2017-01-01;2018-12-31;238;2018
472;C387R441;387;441;3401;DEG0G;Weimarer Land;Thüringen;2017-01-01;2018-12-31;235;2018
473;C402R355;402;355;3402;DEE0C;Salzlandkreis;Sachsen-Anhalt;2017-01-01;2018-12-31;236;2018
474;C267R50;267;50;3403;DEF0C;Schleswig-Flensburg;Schleswig-Holstein;2017-01-01;2018-12-31;240;2018
475;C452R83;452;83;3404;DE80L;Vorpommern-Rügen;Mecklenburg-Vorpommern;2017-01-01;2018-12-31;241;2018
476;C490R258;490;258;3405;DE408;Havelland;Brandenburg;2017-01-01;2018-12-31;243;2018
477;C579R419;579;419;3406;DED2C;Bautzen;Sachsen;2017-01-01;2018-12-31;240;2018
478;C503R130;503;130;3407;DE80J;Mecklenburgische Seenplatte;Mecklenburg-Vorpommern;2017-01-01;2018-12-31;231;2018
479;C460R154;460;154;3408;DE80J;Mecklenburgische Seenplatte;Mecklenburg-Vorpommern;2017-01-01;2018-12-31;233;2018
480;C526R169;526;169;3409;DE80J;Mecklenburgische Seenplatte;Mecklenburg-Vorpommern;2017-01-01;2018-12-31;229;2018
481;C505R68;505;68;3410;DE80L;Vorpommern-Rügen;Mecklenburg-Vorpommern;2017-01-01;2018-12-31;234;2018
482;C375R335;375;335;3411;DEE07;Börde;Sachsen-Anhalt;2017-01-01;2018-12-31;240;2018
483;C456R445;456;445;3412;DEG0M;Altenburger Land;Thüringen;2017-01-01;2018-12-31;237;2018
484;C271R315;271;315;3413;DE929;Region Hannover;Niedersachsen;2017-01-01;2018-12-31;248;2018
485;C500R66;500;66;3414;DE80L;Vorpommern-Rügen;Mecklenburg-Vorpommern;2017-01-01;2018-12-31;234;2018
486;C367R427;367;427;3415;DEG0D;Sömmerda;Thüringen;2017-01-01;2018-12-31;228;2018
487;C294R128;294;128;3416;DEF0D;Segeberg;Schleswig-Holstein;2017-01-01;2018-12-31;241;2018
488;C432R393;432;393;3417;DEE02;Halle (Saale), Kreisfreie Stadt;Sachsen-Anhalt;2017-01-01;2018-12-31;234;2018
489;C290R65;290;65;3418;DEF0B;Rendsburg-Eckernförde;Schleswig-Holstein;2017-01-01;2018-12-31;239;2018
490;C222R654;222;654;3419;DE118;Heilbronn, Landkreis;Baden-Württemberg;2017-01-01;2018-12-31;238;2018
491;C466R130;466;130;3420;DE80K;Landkreis Rostock;Mecklenburg-Vorpommern;2017-01-01;2018-12-31;238;2018
492;C368R329;368;329;3421;DEE07;Börde;Sachsen-Anhalt;2017-01-01;2018-12-31;240;2018
493;C509R59;509;59;3422;DE80L;Vorpommern-Rügen;Mecklenburg-Vorpommern;2017-01-01;2018-12-31;234;2018
494;C429R96;429;96;3423;DE80K;Landkreis Rostock;Mecklenburg-Vorpommern;2017-01-01;2018-12-31;242;2018
495;C308R678;308;678;3424;DE11D;Ostalbkreis;Baden-Württemberg;2017-01-01;2018-12-31;244;2018
496;C416R395;416;395;3425;DEE0B;Saalekreis;Sachsen-Anhalt;2017-01-01;2018-12-31;231;2018
497;C513R156;513;156;3426;DE80J;Mecklenburgische Seenplatte;Mecklenburg-Vorpommern;2017-01-01;2018-12-31;229;2018
498;C419R125;419;125;3427;DE80K;Landkreis Rostock;Mecklenburg-Vorpommern;2017-01-01;2018-12-31;235;2018
499;C527R168;527;168;3428;DE80J;Mecklenburgische Seenplatte;Mecklenburg-Vorpommern;2017-01-01;2018-12-31;229;2018
500;C378R681;378;681;3429;DE219;Eichstätt;Bayern;2017-01-01;2018-12-31;241;2018
501;C420R143;420;143;3430;DE80K;Landkreis Rostock;Mecklenburg-Vorpommern;2017-01-01;2018-12-31;235;2018
502;C226R586;226;586;3431;DE71B;Odenwaldkreis;Hessen;2017-01-01;2018-12-31;242;2018
503;C447R107;447;107;3432;DE80K;Landkreis Rostock;Mecklenburg-Vorpommern;2017-01-01;2018-12-31;241;2018
504;C22R467;22;467;3433;DEA2D;Städteregion Aachen;Nordrhein-Westfalen;2017-01-01;2018-12-31;241;2018
505;C382R443;382;443;3434;DEG0G;Weimarer Land;Thüringen;2017-01-01;2018-12-31;235;2018
506;C282R409;282;409;3435;DE737;Werra-Meißner-Kreis;Hessen;2017-01-01;2018-12-31;241;2018
507;C482R398;482;398;3437;DED52;Leipzig;Sachsen;2017-01-01;2018-12-31;245;2018
508;C454R471;454;471;3438;DED45;Zwickau;Sachsen;2017-01-01;2018-12-31;233;2018
509;C338R460;338;460;3439;DEG0C;Gotha;Thüringen;2017-01-01;2018-12-31;233;2018
510;C62R626;62;626;3440;DEC04;Saarlouis;Saarland;2017-01-01;2018-12-31;226;2018
511;C399R256;399;256;3441;DEE0D;Stendal;Sachsen-Anhalt;2017-01-01;2018-12-31;237;2018
512;C480R685;480;685;3442;DE22B;Straubing-Bogen;Bayern;2017-01-01;2018-12-31;238;2018
513;C461R718;461;718;3443;DE227;Landshut, Landkreis;Bayern;2017-01-01;2018-12-31;240;2018
514;C490R775;490;775;3444;DE21M;Traunstein;Bayern;2017-01-01;2018-12-31;236;2018
515;C555R388;555;388;3445;DE40B;Oberspreewald-Lausitz;Brandenburg;2017-01-01;2018-12-31;240;2018
516;C297R744;297;744;3446;DE279;Neu-Ulm;Bayern;2017-01-01;2018-12-31;233;2018
517;C489R411;489;411;3447;DED52;Leipzig;Sachsen;2017-01-01;2018-12-31;235;2018
518;C363R474;363;474;3448;DEG0T;Ilm-Kreis;Thüringen;2017-01-01;2018-12-31;233;2018
519;C470R385;470;385;3449;DED53;Nordsachsen;Sachsen;2017-01-01;2018-12-31;245;2018
520;C565R190;565;190;3450;DE40I;Uckermark;Brandenburg;2017-01-01;2018-12-31;240;2018
521;C427R333;427;333;3451;DEE05;Anhalt-Bitterfeld;Sachsen-Anhalt;2017-01-01;2018-12-31;244;2018
522;C463R256;463;256;3452;DE408;Havelland;Brandenburg;2017-01-01;2018-12-31;236;2018
523;C388R391;388;391;3453;DEE0A;Mansfeld-Südharz;Sachsen-Anhalt;2017-01-01;2018-12-31;231;2018
524;C482R158;482;158;3454;DE80J;Mecklenburgische Seenplatte;Mecklenburg-Vorpommern;2017-01-01;2018-12-31;231;2018
525;C398R310;398;310;3455;DEE07;Börde;Sachsen-Anhalt;2017-01-01;2018-12-31;241;2018
526;C358R557;358;557;3456;DE245;Bamberg, Landkreis;Bayern;2017-01-01;2018-12-31;234;2018
527;C357R462;357;462;3457;DEG0T;Ilm-Kreis;Thüringen;2017-01-01;2018-12-31;233;2018
528;C234R482;234;482;3458;DE725;Vogelsbergkreis;Hessen;2017-01-01;2018-12-31;237;2018
529;C483R257;483;257;3459;DE408;Havelland;Brandenburg;2017-01-01;2018-12-31;243;2018
530;C472R116;472;116;3460;DE80J;Mecklenburgische Seenplatte;Mecklenburg-Vorpommern;2017-01-01;2018-12-31;238;2018
531;C416R167;416;167;3461;DE80O;Ludwigslust-Parchim;Mecklenburg-Vorpommern;2017-01-01;2018-12-31;237;2018
532;C441R634;441;634;3462;DE239;Schwandorf;Bayern;2017-01-01;2018-12-31;235;2018
533;C457R596;457;596;3463;DE237;Neustadt a. d. Waldnaab;Bayern;2017-01-01;2018-12-31;230;2018
534;C487R340;487;340;3464;DE40H;Teltow-Fläming;Brandenburg;2017-01-01;2018-12-31;237;2018
535;C74R415;74;415;3465;DEA1C;Mettmann;Nordrhein-Westfalen;2017-01-01;2018-12-31;243;2018
536;C484R332;484;332;3467;DE40H;Teltow-Fläming;Brandenburg;2017-01-01;2018-12-31;237;2018
537;C444R107;444;107;3468;DE80K;Landkreis Rostock;Mecklenburg-Vorpommern;2017-01-01;2018-12-31;241;2018
538;C436R432;436;432;3469;DEE08;Burgenlandkreis;Sachsen-Anhalt;2017-01-01;2018-12-31;234;2018
539;C385R469;385;469;3470;DEG0G;Weimarer Land;Thüringen;2017-01-01;2018-12-31;231;2018
540;C273R359;273;359;3471;DE918;Northeim;Niedersachsen;2017-01-01;2018-12-31;237;2018
541;C438R401;438;401;3472;DEE0B;Saalekreis;Sachsen-Anhalt;2017-01-01;2018-12-31;234;2018
542;C517R45;517;45;3473;DE80L;Vorpommern-Rügen;Mecklenburg-Vorpommern;2017-01-01;2018-12-31;234;2018
543;C340R302;340;302;3474;DE917;Helmstedt;Niedersachsen;2017-01-01;2018-12-31;241;2018
544;C195R471;195;471;3475;DE724;Marburg-Biedenkopf;Hessen;2017-01-01;2018-12-31;241;2018
545;C372R264;372;264;3476;DEE04;Altmarkkreis Salzwedel;Sachsen-Anhalt;2017-01-01;2018-12-31;240;2018
546;C456R127;456;127;3477;DE80K;Landkreis Rostock;Mecklenburg-Vorpommern;2017-01-01;2018-12-31;233;2018
547;C362R428;362;428;3478;DEG0D;Sömmerda;Thüringen;2017-01-01;2018-12-31;228;2018
548;C337R530;337;530;3479;DEG0E;Hildburghausen;Thüringen;2017-01-01;2018-12-31;246;2018
549;C430R132;430;132;3480;DE80K;Landkreis Rostock;Mecklenburg-Vorpommern;2017-01-01;2018-12-31;235;2018
550;C256R353;256;353;3481;DE926;Holzminden;Niedersachsen;2017-01-01;2018-12-31;237;2018
551;C320R143;320;143;3482;DEF06;Herzogtum Lauenburg;Schleswig-Holstein;2017-01-01;2018-12-31;241;2018
552;C400R353;400;353;3483;DEE0C;Salzlandkreis;Sachsen-Anhalt;2017-01-01;2018-12-31;236;2018
553;C455R386;455;386;3484;DED53;Nordsachsen;Sachsen;2017-01-01;2018-12-31;237;2018
554;C277R777;277;777;3485;DE146;Biberach;Baden-Württemberg;2017-01-01;2018-12-31;236;2018
555;C148R660;148;660;5014;DEB3H;Südliche Weinstraße;Rheinland-Pfalz;2018-01-01;2019-12-31;246;2019
556;C471R415;471;415;5015;DED52;Leipzig;Sachsen;2018-01-01;2019-12-31;241;2019
557;C444R465;444;465;5016;DEG0L;Greiz;Thüringen;2018-01-01;2019-12-31;232;2019
558;C388R768;388;768;5017;DE21L;Starnberg;Bayern;2018-01-01;2019-12-31;236;2019
559;C499R97;499;97;5018;DE80N;Vorpommern-Greifswald;Mecklenburg-Vorpommern;2018-01-01;2019-12-31;232;2019
560;C356R755;356;755;5019;DE276;Augsburg, Landkreis;Bayern;2018-01-01;2019-12-31;236;2019
561;C486R166;486;166;5020;DE80J;Mecklenburgische Seenplatte;Mecklenburg-Vorpommern;2018-01-01;2019-12-31;222;2019
562;C509R753;509;753;5021;DE214;Altötting;Bayern;2018-01-01;2019-12-31;228;2019
563;C252R305;252;305;5022;DE929;Region Hannover;Niedersachsen;2018-01-01;2019-12-31;240;2019
564;C472R458;472;458;5023;DED45;Zwickau;Sachsen;2018-01-01;2019-12-31;239;2019
565;C373R307;373;307;5024;DEE07;Börde;Sachsen-Anhalt;2018-01-01;2019-12-31;236;2019
566;C396R195;396;195;5025;DE80O;Ludwigslust-Parchim;Mecklenburg-Vorpommern;2018-01-01;2019-12-31;240;2019
567;C522R114;522;114;5026;DE80N;Vorpommern-Greifswald;Mecklenburg-Vorpommern;2018-01-01;2019-12-31;232;2019
568;C449R137;449;137;5027;DE80K;Landkreis Rostock;Mecklenburg-Vorpommern;2018-01-01;2019-12-31;224;2019
569;C304R394;304;394;5028;DE91C;Göttingen;Niedersachsen;2018-01-01;2019-12-31;250;2019
570;C561R253;561;253;5029;DE409;Märkisch-Oderland;Brandenburg;2018-01-01;2019-12-31;234;2019
571;C307R76;307;76;5030;DEF0A;Plön;Schleswig-Holstein;2018-01-01;2019-12-31;240;2019
572;C252R612;252;612;5031;DE127;Neckar-Odenwald-Kreis;Baden-Württemberg;2018-01-01;2019-12-31;248;2019
573;C228R543;228;543;5032;DE719;Main-Kinzig-Kreis;Hessen;2018-01-01;2019-12-31;248;2019
574;C183R261;183;261;5033;DE922;Diepholz;Niedersachsen;2018-01-01;2019-12-31;245;2019
575;C340R258;340;258;5034;DE914;Gifhorn;Niedersachsen;2018-01-01;2019-12-31;240;2019
576;C443R179;443;179;5035;DE80J;Mecklenburgische Seenplatte;Mecklenburg-Vorpommern;2018-01-01;2019-12-31;237;2019
577;C158R166;158;166;5036;DE945;Wilhelmshaven, Kreisfreie Stadt;Niedersachsen;2018-01-01;2019-12-31;227;2019
578;C363R402;363;402;5037;DEE0A;Mansfeld-Südharz;Sachsen-Anhalt;2018-01-01;2019-12-31;257;2019
579;C171R820;171;820;5038;DE13A;Waldshut;Baden-Württemberg;2018-01-01;2019-12-31;236;2019
580;C315R474;315;474;5039;DEG0R;Wartburgkreis;Thüringen;2018-01-01;2019-12-31;248;2019
581;C456R575;456;575;5040;DE23A;Tirschenreuth;Bayern;2018-01-01;2019-12-31;223;2019
582;C542R162;542;162;5041;DE40I;Uckermark;Brandenburg;2018-01-01;2019-12-31;228;2019
583;C365R782;365;782;5042;DE21E;Landsberg am Lech;Bayern;2018-01-01;2019-12-31;236;2019
584;C457R157;457;157;5043;DE80J;Mecklenburgische Seenplatte;Mecklenburg-Vorpommern;2018-01-01;2019-12-31;224;2019
585;C529R478;529;478;5044;DED42;Erzgebirgskreis;Sachsen;2018-01-01;2019-12-31;229;2019
586;C486R148;486;148;5045;DE80J;Mecklenburgische Seenplatte;Mecklenburg-Vorpommern;2018-01-01;2019-12-31;235;2019
587;C41R560;41;560;5046;DEB23;Eifelkreis Bitburg-Prüm;Rheinland-Pfalz;2018-01-01;2019-12-31;220;2019
588;C271R603;271;603;5047;DE11B;Main-Tauber-Kreis;Baden-Württemberg;2018-01-01;2019-12-31;243;2019
589;C266R35;266;35;5049;DEF0C;Schleswig-Flensburg;Schleswig-Holstein;2018-01-01;2019-12-31;238;2019
590;C423R130;423;130;5051;DE80K;Landkreis Rostock;Mecklenburg-Vorpommern;2018-01-01;2019-12-31;240;2019
591;C381R439;381;439;5052;DEG0G;Weimarer Land;Thüringen;2018-01-01;2019-12-31;238;2019
592;C47R486;47;486;5053;DEA26;Düren;Nordrhein-Westfalen;2018-01-01;2019-12-31;257;2019
593;C466R737;466;737;5054;DE227;Landshut, Landkreis;Bayern;2018-01-01;2019-12-31;232;2019
594;C559R182;559;182;5055;DE40I;Uckermark;Brandenburg;2018-01-01;2019-12-31;220;2019
595;C540R165;540;165;5056;DE40I;Uckermark;Brandenburg;2018-01-01;2019-12-31;227;2019
596;C93R536;93;536;5057;DEB1C;Cochem-Zell;Rheinland-Pfalz;2018-01-01;2019-12-31;233;2019
597;C428R308;428;308;5058;DEE06;Jerichower Land;Sachsen-Anhalt;2018-01-01;2019-12-31;248;2019
598;C152R592;152;592;5059;DEB3B;Alzey-Worms;Rheinland-Pfalz;2018-01-01;2019-12-31;252;2019
599;C435R234;435;234;5060;DE40D;Ostprignitz-Ruppin;Brandenburg;2018-01-01;2019-12-31;241;2019
600;C406R276;406;276;5061;DEE0D;Stendal;Sachsen-Anhalt;2018-01-01;2019-12-31;227;2019
601;C396R485;396;485;5062;DEG0U;Saalfeld-Rudolstadt;Thüringen;2018-01-01;2019-12-31;248;2019
602;C486R740;486;740;5063;DE21G;Mühldorf a. Inn;Bayern;2018-01-01;2019-12-31;234;2019
603;C519R304;519;304;5064;DE40H;Teltow-Fläming;Brandenburg;2018-01-01;2019-12-31;234;2019
604;C221R252;221;252;5065;DE922;Diepholz;Niedersachsen;2018-01-01;2019-12-31;239;2019
605;C310R427;310;427;5066;DEG09;Unstrut-Hainich-Kreis;Thüringen;2018-01-01;2019-12-31;227;2019
606;C431R492;431;492;5067;DED44;Vogtlandkreis;Sachsen;2018-01-01;2019-12-31;248;2019
607;C356R694;356;694;5068;DE27D;Donau-Ries;Bayern;2018-01-01;2019-12-31;241;2019
608;C263R417;263;417;5069;DE734;Kassel, Landkreis;Hessen;2018-01-01;2019-12-31;239;2019
609;C390R727;390;727;5070;DE21J;Pfaffenhofen a. d. Ilm;Bayern;2018-01-01;2019-12-31;257;2019
610;C221R44;221;44;5071;DEF07;Nordfriesland;Schleswig-Holstein;2018-01-01;2019-12-31;240;2019
611;C191R761;191;761;5072;DE135;Rottweil;Baden-Württemberg;2018-01-01;2019-12-31;225;2019
612;C489R707;489;707;5073;DE22C;Dingolfing-Landau;Bayern;2018-01-01;2019-12-31;209;2019
613;C255R280;255;280;5074;DE929;Region Hannover;Niedersachsen;2018-01-01;2019-12-31;257;2019
614;C349R157;349;157;5075;DE80O;Ludwigslust-Parchim;Mecklenburg-Vorpommern;2018-01-01;2019-12-31;230;2019
615;C533R460;533;460;5076;DED43;Mittelsachsen;Sachsen;2018-01-01;2019-12-31;229;2019
616;C480R134;480;134;5077;DE80J;Mecklenburgische Seenplatte;Mecklenburg-Vorpommern;2018-01-01;2019-12-31;235;2019
617;C61R489;61;489;5078;DEA28;Euskirchen;Nordrhein-Westfalen;2018-01-01;2019-12-31;241;2019
618;C240R809;240;809;5079;DE147;Bodenseekreis;Baden-Württemberg;2018-01-01;2019-12-31;244;2019
619;C257R30;257;30;5080;DEF0C;Schleswig-Flensburg;Schleswig-Holstein;2018-01-01;2019-12-31;238;2019
620;C215R424;215;424;5081;DE736;Waldeck-Frankenberg;Hessen;2018-01-01;2019-12-31;231;2019
621;C434R119;434;119;5082;DE80K;Landkreis Rostock;Mecklenburg-Vorpommern;2018-01-01;2019-12-31;240;2019
622;C422R209;422;209;5083;DE40F;Prignitz;Brandenburg;2018-01-01;2019-12-31;237;2019
623;C203R389;203;389;5084;DEA47;Paderborn;Nordrhein-Westfalen;2018-01-01;2019-12-31;248;2019
624;C419R733;419;733;5085;DE21B;Freising;Bayern;2018-01-01;2019-12-31;241;2019
625;C414R163;414;163;5086;DE80O;Ludwigslust-Parchim;Mecklenburg-Vorpommern;2018-01-01;2019-12-31;237;2019
626;C292R461;292;461;5087;DEG0R;Wartburgkreis;Thüringen;2018-01-01;2019-12-31;259;2019
627;C451R432;451;432;5088;DED52;Leipzig;Sachsen;2018-01-01;2019-12-31;234;2019
628;C265R763;265;763;5089;DE146;Biberach;Baden-Württemberg;2018-01-01;2019-12-31;237;2019
629;C271R756;271;756;5090;DE145;Alb-Donau-Kreis;Baden-Württemberg;2018-01-01;2019-12-31;237;2019
630;C469R239;469;239;5091;DE40D;Ostprignitz-Ruppin;Brandenburg;2018-01-01;2019-12-31;239;2019
631;C282R34;282;34;5092;DEF0C;Schleswig-Flensburg;Schleswig-Holstein;2018-01-01;2019-12-31;238;2019
632;C500R124;500;124;5093;DE80N;Vorpommern-Greifswald;Mecklenburg-Vorpommern;2018-01-01;2019-12-31;235;2019
633;C432R203;432;203;5094;DE40F;Prignitz;Brandenburg;2018-01-01;2019-12-31;237;2019
634;C375R157;375;157;5095;DE804;Schwerin, Kreisfreie Stadt;Mecklenburg-Vorpommern;2018-01-01;2019-12-31;230;2019
635;C375R667;375;667;5096;DE25C;Weißenburg-Gunzenhausen;Bayern;2018-01-01;2019-12-31;236;2019
636;C338R177;338;177;5097;DE80O;Ludwigslust-Parchim;Mecklenburg-Vorpommern;2018-01-01;2019-12-31;242;2019
637;C353R762;353;762;5098;DE276;Augsburg, Landkreis;Bayern;2018-01-01;2019-12-31;236;2019
638;C184R763;184;763;5099;DE135;Rottweil;Baden-Württemberg;2018-01-01;2019-12-31;233;2019
639;C453R187;453;187;5100;DE80J;Mecklenburgische Seenplatte;Mecklenburg-Vorpommern;2018-01-01;2019-12-31;237;2019
640;C94R342;94;342;5101;DEA35;Coesfeld;Nordrhein-Westfalen;2018-01-01;2019-12-31;236;2019
641;C356R616;356;616;5102;DE258;Fürth, Landkreis;Bayern;2018-01-01;2019-12-31;240;2019
642;C261R54;261;54;5103;DEF0C;Schleswig-Flensburg;Schleswig-Holstein;2018-01-01;2019-12-31;238;2019
643;C446R390;446;390;5104;DED53;Nordsachsen;Sachsen;2018-01-01;2019-12-31;246;2019
644;C417R377;417;377;5105;DEE0B;Saalekreis;Sachsen-Anhalt;2018-01-01;2019-12-31;242;2019
645;C298R285;298;285;5106;DE929;Region Hannover;Niedersachsen;2018-01-01;2019-12-31;239;2019
646;C471R751;471;751;5107;DE21G;Mühldorf a. Inn;Bayern;2018-01-01;2019-12-31;243;2019
647;C293R736;293;736;5108;DE144;Ulm, Stadtkreis;Baden-Württemberg;2018-01-01;2019-12-31;239;2019
648;C555R159;555;159;5109;DE80N;Vorpommern-Greifswald;Mecklenburg-Vorpommern;2018-01-01;2019-12-31;228;2019
649;C201R346;201;346;5110;DEA45;Lippe;Nordrhein-Westfalen;2018-01-01;2019-12-31;233;2019
650;C304R310;304;310;5111;DE91A;Peine;Niedersachsen;2018-01-01;2019-12-31;241;2019
651;C211R330;211;330;5112;DEA45;Lippe;Nordrhein-Westfalen;2018-01-01;2019-12-31;236;2019
652;C399R367;399;367;5113;DEE0C;Salzlandkreis;Sachsen-Anhalt;2018-01-01;2019-12-31;244;2019
653;C428R142;428;142;5114;DE80K;Landkreis Rostock;Mecklenburg-Vorpommern;2018-01-01;2019-12-31;240;2019
654;C393R436;393;436;5115;DEE08;Burgenlandkreis;Sachsen-Anhalt;2018-01-01;2019-12-31;238;2019
655;C567R257;567;257;5116;DE409;Märkisch-Oderland;Brandenburg;2018-01-01;2019-12-31;237;2019
656;C525R168;525;168;5117;DE80J;Mecklenburgische Seenplatte;Mecklenburg-Vorpommern;2018-01-01;2019-12-31;222;2019
657;C109R361;109;361;5118;DEA35;Coesfeld;Nordrhein-Westfalen;2018-01-01;2019-12-31;238;2019
658;C98R313;98;313;5119;DEA37;Steinfurt;Nordrhein-Westfalen;2018-01-01;2019-12-31;250;2019
659;C97R536;97;536;5120;DEB1C;Cochem-Zell;Rheinland-Pfalz;2018-01-01;2019-12-31;233;2019
660;C430R768;430;768;5121;DE218;Ebersberg;Bayern;2018-01-01;2019-12-31;235;2019
661;C282R103;282;103;5122;DEF04;Neumünster, Kreisfreie Stadt;Schleswig-Holstein;2018-01-01;2019-12-31;232;2019
662;C400R270;400;270;5124;DEE0D;Stendal;Sachsen-Anhalt;2018-01-01;2019-12-31;227;2019
663;C463R95;463;95;5125;DE80L;Vorpommern-Rügen;Mecklenburg-Vorpommern;2018-01-01;2019-12-31;234;2019
664;C424R202;424;202;5126;DE40F;Prignitz;Brandenburg;2018-01-01;2019-12-31;237;2019
665;C373R444;373;444;5127;DEG0D;Sömmerda;Thüringen;2018-01-01;2019-12-31;238;2019
666;C545R247;545;247;5128;DE409;Märkisch-Oderland;Brandenburg;2018-01-01;2019-12-31;234;2019
667;C479R478;479;478;5129;DED45;Zwickau;Sachsen;2018-01-01;2019-12-31;237;2019
668;C93R540;93;540;5130;DEB1C;Cochem-Zell;Rheinland-Pfalz;2018-01-01;2019-12-31;233;2019
669;C260R774;260;774;5131;DE146;Biberach;Baden-Württemberg;2018-01-01;2019-12-31;236;2019
670;C223R139;223;139;5132;DE932;Cuxhaven;Niedersachsen;2018-01-01;2019-12-31;236;2019
671;C510R407;510;407;5133;DED53;Nordsachsen;Sachsen;2018-01-01;2019-12-31;244;2019
672;C117R821;117;821;5134;DE139;Lörrach;Baden-Württemberg;2018-01-01;2019-12-31;245;2019
673;C435R123;435;123;5135;DE80K;Landkreis Rostock;Mecklenburg-Vorpommern;2018-01-01;2019-12-31;240;2019
674;C257R637;257;637;5136;DE119;Hohenlohekreis;Baden-Württemberg;2018-01-01;2019-12-31;239;2019
675;C545R250;545;250;5137;DE409;Märkisch-Oderland;Brandenburg;2018-01-01;2019-12-31;234;2019
676;C493R154;493;154;5138;DE80J;Mecklenburgische Seenplatte;Mecklenburg-Vorpommern;2018-01-01;2019-12-31;222;2019
677;C155R257;155;257;5139;DE948;Cloppenburg;Niedersachsen;2018-01-01;2019-12-31;245;2019
678;C443R741;443;741;5140;DE21A;Erding;Bayern;2018-01-01;2019-12-31;232;2019
679;C253R36;253;36;5141;DEF0C;Schleswig-Flensburg;Schleswig-Holstein;2018-01-01;2019-12-31;222;2019
680;C173R823;173;823;5142;DE13A;Waldshut;Baden-Württemberg;2018-01-01;2019-12-31;236;2019
681;C421R259;421;259;5143;DEE0D;Stendal;Sachsen-Anhalt;2018-01-01;2019-12-31;227;2019
682;C470R336;470;336;5144;DEE0E;Wittenberg;Sachsen-Anhalt;2018-01-01;2019-12-31;234;2019
683;C554R388;554;388;5145;DE40B;Oberspreewald-Lausitz;Brandenburg;2018-01-01;2019-12-31;220;2019
684;C291R544;291;544;5146;DE265;Bad Kissingen;Bayern;2018-01-01;2019-12-31;229;2019
685;C466R227;466;227;5147;DE40D;Ostprignitz-Ruppin;Brandenburg;2018-01-01;2019-12-31;239;2019
686;C352R122;352;122;5148;DE80M;Nordwestmecklenburg;Mecklenburg-Vorpommern;2018-01-01;2019-12-31;230;2019
687;C252R205;252;205;5149;DE937;Rotenburg (Wümme);Niedersachsen;2018-01-01;2019-12-31;250;2019
688;C401R662;401;662;5150;DE236;Neumarkt i. d. OPf.;Bayern;2018-01-01;2019-12-31;235;2019
689;C448R93;448;93;5151;DE80L;Vorpommern-Rügen;Mecklenburg-Vorpommern;2018-01-01;2019-12-31;234;2019
690;C150R371;150;371;5152;DEA38;Warendorf;Nordrhein-Westfalen;2018-01-01;2019-12-31;264;2019
691;C200R22;200;22;5153;DEF07;Nordfriesland;Schleswig-Holstein;2018-01-01;2019-12-31;222;2019
692;C223R25;223;25;5154;DEF07;Nordfriesland;Schleswig-Holstein;2018-01-01;2019-12-31;217;2019
693;C412R658;412;658;5155;DE236;Neumarkt i. d. OPf.;Bayern;2018-01-01;2019-12-31;237;2019
694;C192R754;192;754;5156;DE135;Rottweil;Baden-Württemberg;2018-01-01;2019-12-31;225;2019
695;C382R325;382;325;5157;DEE07;Börde;Sachsen-Anhalt;2018-01-01;2019-12-31;236;2019
696;C373R312;373;312;5158;DEE07;Börde;Sachsen-Anhalt;2018-01-01;2019-12-31;236;2019
697;C453R466;453;466;5159;DED45;Zwickau;Sachsen;2018-01-01;2019-12-31;234;2019
698;C198R736;198;736;5160;DE12C;Freudenstadt;Baden-Württemberg;2018-01-01;2019-12-31;225;2019
699;C525R431;525;431;5161;DED2E;Meißen;Sachsen;2018-01-01;2019-12-31;232;2019
700;C278R40;278;40;5162;DEF0C;Schleswig-Flensburg;Schleswig-Holstein;2018-01-01;2019-12-31;238;2019
701;C479R251;479;251;5163;DE40D;Ostprignitz-Ruppin;Brandenburg;2018-01-01;2019-12-31;241;2019
702;C417R680;417;680;5164;DE219;Eichstätt;Bayern;2018-01-01;2019-12-31;222;2019
703;C425R263;425;263;5165;DEE0D;Stendal;Sachsen-Anhalt;2018-01-01;2019-12-31;227;2019
704;C100R337;100;337;5166;DEA35;Coesfeld;Nordrhein-Westfalen;2018-01-01;2019-12-31;236;2019
705;C528R438;528;438;5167;DED2E;Meißen;Sachsen;2018-01-01;2019-12-31;232;2019
706;C339R139;339;139;5168;DE80M;Nordwestmecklenburg;Mecklenburg-Vorpommern;2018-01-01;2019-12-31;230;2019
707;C367R163;367;163;5169;DE80O;Ludwigslust-Parchim;Mecklenburg-Vorpommern;2018-01-01;2019-12-31;239;2019
708;C113R511;113;511;5170;DEB18;Neuwied;Rheinland-Pfalz;2018-01-01;2019-12-31;233;2019
709;C389R111;389;111;5171;DE80K;Landkreis Rostock;Mecklenburg-Vorpommern;2018-01-01;2019-12-31;240;2019
710;C202R680;202;680;5172;DE12B;Enzkreis;Baden-Württemberg;2018-01-01;2019-12-31;251;2019
711;C116R246;116;246;5173;DE949;Emsland;Niedersachsen;2018-01-01;2019-12-31;242;2019
712;C382R198;382;198;5174;DE80O;Ludwigslust-Parchim;Mecklenburg-Vorpommern;2018-01-01;2019-12-31;239;2019
713;C257R180;257;180;5175;DE939;Stade;Niedersachsen;2018-01-01;2019-12-31;246;2019
714;C488R724;488;724;5176;DE22C;Dingolfing-Landau;Bayern;2018-01-01;2019-12-31;234;2019
715;C590R283;590;283;5177;DE403;Frankfurt (Oder), Kreisfreie Stadt;Brandenburg;2018-01-01;2019-12-31;232;2019
716;C499R377;499;377;5178;DED53;Nordsachsen;Sachsen;2018-01-01;2019-12-31;234;2019
717;C529R179;529;179;5179;DE40I;Uckermark;Brandenburg;2018-01-01;2019-12-31;222;2019
718;C452R650;452;650;5180;DE238;Regensburg, Landkreis;Bayern;2018-01-01;2019-12-31;231;2019
719;C421R359;421;359;5181;DEE05;Anhalt-Bitterfeld;Sachsen-Anhalt;2018-01-01;2019-12-31;242;2019
720;C426R288;426;288;5182;DEE06;Jerichower Land;Sachsen-Anhalt;2018-01-01;2019-12-31;235;2019
721;C544R436;544;436;5183;DED21;Dresden, Kreisfreie Stadt;Sachsen;2018-01-01;2019-12-31;245;2019
722;C400R364;400;364;5184;DEE0C;Salzlandkreis;Sachsen-Anhalt;2018-01-01;2019-12-31;244;2019
723;C145R151;145;151;5185;DE94A;Friesland (DE);Niedersachsen;2018-01-01;2019-12-31;231;2019
724;C223R476;223;476;5186;DE725;Vogelsbergkreis;Hessen;2018-01-01;2019-12-31;240;2019
725;C393R443;393;443;5187;DEG0G;Weimarer Land;Thüringen;2018-01-01;2019-12-31;238;2019
726;C371R443;371;443;5188;DEG0D;Sömmerda;Thüringen;2018-01-01;2019-12-31;238;2019
727;C365R439;365;439;5189;DEG0D;Sömmerda;Thüringen;2018-01-01;2019-12-31;234;2019
728;C187R653;187;653;5190;DE123;Karlsruhe, Landkreis;Baden-Württemberg;2018-01-01;2019-12-31;232;2019
729;C324R344;324;344;5191;DE916;Goslar;Niedersachsen;2018-01-01;2019-12-31;225;2019
730;C78R547;78;547;5192;DEB1C;Cochem-Zell;Rheinland-Pfalz;2018-01-01;2019-12-31;234;2019
731;C552R446;552;446;5193;DED2F;Sächsische Schweiz-Osterzgebirge;Sachsen;2018-01-01;2019-12-31;237;2019
732;C455R473;455;473;5194;DED45;Zwickau;Sachsen;2018-01-01;2019-12-31;241;2019
733;C235R377;235;377;5195;DEA44;Höxter;Nordrhein-Westfalen;2018-01-01;2019-12-31;232;2019
734;C358R438;358;438;5196;DEG0D;Sömmerda;Thüringen;2018-01-01;2019-12-31;234;2019
735;C432R202;432;202;5197;DE40F;Prignitz;Brandenburg;2018-01-01;2019-12-31;237;2019
736;C277R725;277;725;5198;DE145;Alb-Donau-Kreis;Baden-Württemberg;2018-01-01;2019-12-31;240;2019
737;C356R159;356;159;5199;DE80M;Nordwestmecklenburg;Mecklenburg-Vorpommern;2018-01-01;2019-12-31;230;2019
738;C504R77;504;77;5200;DE80L;Vorpommern-Rügen;Mecklenburg-Vorpommern;2018-01-01;2019-12-31;230;2019
739;C347R323;347;323;5201;DE917;Helmstedt;Niedersachsen;2018-01-01;2019-12-31;237;2019
740;C551R454;551;454;5202;DED2F;Sächsische Schweiz-Osterzgebirge;Sachsen;2018-01-01;2019-12-31;237;2019
741;C282R394;282;394;5203;DE91C;Göttingen;Niedersachsen;2018-01-01;2019-12-31;244;2019
742;C396R117;396;117;5204;DE80K;Landkreis Rostock;Mecklenburg-Vorpommern;2018-01-01;2019-12-31;232;2019
743;C207R738;207;738;5205;DE142;Tübingen, Landkreis;Baden-Württemberg;2018-01-01;2019-12-31;225;2019
744;C296R340;296;340;5206;DE925;Hildesheim;Niedersachsen;2018-01-01;2019-12-31;239;2019
745;C348R747;348;747;5207;DE276;Augsburg, Landkreis;Bayern;2018-01-01;2019-12-31;232;2019
746;C409R647;409;647;5208;DE236;Neumarkt i. d. OPf.;Bayern;2018-01-01;2019-12-31;233;2019
747;C202R27;202;27;5209;DEF07;Nordfriesland;Schleswig-Holstein;2018-01-01;2019-12-31;222;2019
748;C234R274;234;274;5210;DE927;Nienburg (Weser);Niedersachsen;2018-01-01;2019-12-31;239;2019
749;C490R748;490;748;5211;DE214;Altötting;Bayern;2018-01-01;2019-12-31;243;2019
750;C601R415;601;415;5212;DED2C;Bautzen;Sachsen;2018-01-01;2019-12-31;223;2019
751;C388R397;388;397;5213;DEE0A;Mansfeld-Südharz;Sachsen-Anhalt;2018-01-01;2019-12-31;257;2019
752;C373R125;373;125;5214;DE80M;Nordwestmecklenburg;Mecklenburg-Vorpommern;2018-01-01;2019-12-31;230;2019
753;C347R82;347;82;5215;DEF08;Ostholstein;Schleswig-Holstein;2018-01-01;2019-12-31;239;2019
754;C221R513;221;513;5216;DE71E;Wetteraukreis;Hessen;2018-01-01;2019-12-31;226;2019
755;C487R140;487;140;5217;DE80J;Mecklenburgische Seenplatte;Mecklenburg-Vorpommern;2018-01-01;2019-12-31;235;2019
756;C550R182;550;182;5218;DE40I;Uckermark;Brandenburg;2018-01-01;2019-12-31;229;2019
757;C426R748;426;748;5219;DE21A;Erding;Bayern;2018-01-01;2019-12-31;228;2019
758;C436R228;436;228;5220;DE40F;Prignitz;Brandenburg;2018-01-01;2019-12-31;237;2019
759;C530R105;530;105;5221;DE80N;Vorpommern-Greifswald;Mecklenburg-Vorpommern;2018-01-01;2019-12-31;239;2019
760;C390R251;390;251;5222;DEE0D;Stendal;Sachsen-Anhalt;2018-01-01;2019-12-31;241;2019
761;C202R394;202;394;5223;DEA47;Paderborn;Nordrhein-Westfalen;2018-01-01;2019-12-31;235;2019
762;C408R306;408;306;5224;DEE06;Jerichower Land;Sachsen-Anhalt;2018-01-01;2019-12-31;248;2019
763;C458R106;458;106;5225;DE80K;Landkreis Rostock;Mecklenburg-Vorpommern;2018-01-01;2019-12-31;234;2019
764;C304R412;304;412;5226;DEG06;Eichsfeld;Thüringen;2018-01-01;2019-12-31;248;2019
765;C456R464;456;464;5227;DED45;Zwickau;Sachsen;2018-01-01;2019-12-31;234;2019
766;C444R139;444;139;5228;DE80K;Landkreis Rostock;Mecklenburg-Vorpommern;2018-01-01;2019-12-31;224;2019
767;C585R368;585;368;5229;DE40G;Spree-Neiße;Brandenburg;2018-01-01;2019-12-31;246;2019
768;C260R29;260;29;5231;DEF0C;Schleswig-Flensburg;Schleswig-Holstein;2018-01-01;2019-12-31;238;2019
769;C464R97;464;97;5232;DE80L;Vorpommern-Rügen;Mecklenburg-Vorpommern;2018-01-01;2019-12-31;234;2019
770;C388R326;388;326;5233;DEE07;Börde;Sachsen-Anhalt;2018-01-01;2019-12-31;241;2019
771;C373R142;373;142;5234;DE80M;Nordwestmecklenburg;Mecklenburg-Vorpommern;2018-01-01;2019-12-31;230;2019
772;C456R671;456;671;5235;DE238;Regensburg, Landkreis;Bayern;2018-01-01;2019-12-31;222;2019
773;C238R141;238;141;5236;DE939;Stade;Niedersachsen;2018-01-01;2019-12-31;236;2019
774;C427R112;427;112;5237;DE80K;Landkreis Rostock;Mecklenburg-Vorpommern;2018-01-01;2019-12-31;251;2019
775;C279R735;279;735;5238;DE145;Alb-Donau-Kreis;Baden-Württemberg;2018-01-01;2019-12-31;240;2019
776;C494R429;494;429;5239;DED43;Mittelsachsen;Sachsen;2018-01-01;2019-12-31;230;2019
777;C525R151;525;151;5240;DE80J;Mecklenburgische Seenplatte;Mecklenburg-Vorpommern;2018-01-01;2019-12-31;227;2019
778;C464R96;464;96;5241;DE80L;Vorpommern-Rügen;Mecklenburg-Vorpommern;2018-01-01;2019-12-31;234;2019
779;C501R703;501;703;5242;DE22C;Dingolfing-Landau;Bayern;2018-01-01;2019-12-31;239;2019
780;C479R241;479;241;5243;DE40D;Ostprignitz-Ruppin;Brandenburg;2018-01-01;2019-12-31;241;2019
781;C476R239;476;239;5244;DE40D;Ostprignitz-Ruppin;Brandenburg;2018-01-01;2019-12-31;239;2019
782;C336R516;336;516;5245;DEG0E;Hildburghausen;Thüringen;2018-01-01;2019-12-31;229;2019
783;C220R143;220;143;5246;DE932;Cuxhaven;Niedersachsen;2018-01-01;2019-12-31;236;2019
784;C442R726;442;726;5247;DE227;Landshut, Landkreis;Bayern;2018-01-01;2019-12-31;249;2019
785;C262R137;262;137;5248;DEF0E;Steinburg;Schleswig-Holstein;2018-01-01;2019-12-31;239;2019
786;C264R33;264;33;5249;DEF0C;Schleswig-Flensburg;Schleswig-Holstein;2018-01-01;2019-12-31;238;2019
787;C412R358;412;358;5250;DEE0C;Salzlandkreis;Sachsen-Anhalt;2018-01-01;2019-12-31;242;2019
788;C229R433;229;433;5251;DE736;Waldeck-Frankenberg;Hessen;2018-01-01;2019-12-31;245;2019
789;C323R666;323;666;5252;DE256;Ansbach, Landkreis;Bayern;2018-01-01;2019-12-31;232;2019
790;C470R423;470;423;5253;DED52;Leipzig;Sachsen;2018-01-01;2019-12-31;232;2019
791;C420R508;420;508;5254;DEG0K;Saale-Orla-Kreis;Thüringen;2018-01-01;2019-12-31;237;2019
792;C159R318;159;318;5255;DE94E;Osnabrück, Landkreis;Niedersachsen;2018-01-01;2019-12-31;240;2019
793;C305R457;305;457;5256;DEG0R;Wartburgkreis;Thüringen;2018-01-01;2019-12-31;243;2019
794;C96R629;96;629;5257;DEB3G;Kusel;Rheinland-Pfalz;2018-01-01;2019-12-31;249;2019
795;C194R799;194;799;5258;DE137;Tuttlingen;Baden-Württemberg;2018-01-01;2019-12-31;236;2019
796;C317R525;317;525;5259;DE266;Rhön-Grabfeld;Bayern;2018-01-01;2019-12-31;233;2019
797;C588R419;588;419;5260;DED2C;Bautzen;Sachsen;2018-01-01;2019-12-31;223;2019
798;C394R687;394;687;5261;DE219;Eichstätt;Bayern;2018-01-01;2019-12-31;239;2019
799;C30R376;30;376;5262;DEA1B;Kleve;Nordrhein-Westfalen;2018-01-01;2019-12-31;258;2019
800;C543R446;543;446;5263;DED2F;Sächsische Schweiz-Osterzgebirge;Sachsen;2018-01-01;2019-12-31;237;2019
801;C412R274;412;274;5264;DEE0D;Stendal;Sachsen-Anhalt;2018-01-01;2019-12-31;227;2019
802;C274R34;274;34;5265;DEF0C;Schleswig-Flensburg;Schleswig-Holstein;2018-01-01;2019-12-31;238;2019
803;C290R562;290;562;5266;DE26A;Main-Spessart;Bayern;2018-01-01;2019-12-31;236;2019
804;C125R162;125;162;5267;DE94H;Wittmund;Niedersachsen;2018-01-01;2019-12-31;227;2019
805;C549R175;549;175;5268;DE40I;Uckermark;Brandenburg;2018-01-01;2019-12-31;229;2019
806;C535R271;535;271;5269;DE409;Märkisch-Oderland;Brandenburg;2018-01-01;2019-12-31;237;2019
807;C473R270;473;270;5270;DE408;Havelland;Brandenburg;2018-01-01;2019-12-31;241;2019
808;C382R373;382;373;5271;DEE0A;Mansfeld-Südharz;Sachsen-Anhalt;2018-01-01;2019-12-31;244;2019
809;C451R113;451;113;5273;DE80K;Landkreis Rostock;Mecklenburg-Vorpommern;2018-01-01;2019-12-31;234;2019
810;C411R255;411;255;5274;DEE0D;Stendal;Sachsen-Anhalt;2018-01-01;2019-12-31;227;2019
811;C365R771;365;771;5275;DE21E;Landsberg am Lech;Bayern;2018-01-01;2019-12-31;236;2019
812;C55R640;55;640;5276;DEC04;Saarlouis;Saarland;2018-01-01;2019-12-31;243;2019
813;C510R163;510;163;5277;DE80J;Mecklenburgische Seenplatte;Mecklenburg-Vorpommern;2018-01-01;2019-12-31;222;2019
814;C44R589;44;589;5278;DEB21;Trier, Kreisfreie Stadt;Rheinland-Pfalz;2018-01-01;2019-12-31;227;2019
815;C205R500;205;500;5279;DE721;Gießen, Landkreis;Hessen;2018-01-01;2019-12-31;226;2019
816;C61R563;61;563;5280;DEB22;Bernkastel-Wittlich;Rheinland-Pfalz;2018-01-01;2019-12-31;227;2019
817;C343R135;343;135;5281;DE80M;Nordwestmecklenburg;Mecklenburg-Vorpommern;2018-01-01;2019-12-31;230;2019
818;C464R577;464;577;5282;DE23A;Tirschenreuth;Bayern;2018-01-01;2019-12-31;223;2019
819;C457R480;457;480;5283;DED45;Zwickau;Sachsen;2018-01-01;2019-12-31;241;2019
820;C373R761;373;761;5284;DE21C;Fürstenfeldbruck;Bayern;2018-01-01;2019-12-31;236;2019
821;C397R340;397;340;5285;DEE07;Börde;Sachsen-Anhalt;2018-01-01;2019-12-31;242;2019
822;C408R106;408;106;5286;DE80K;Landkreis Rostock;Mecklenburg-Vorpommern;2018-01-01;2019-12-31;234;2019
823;C416R207;416;207;5287;DE40F;Prignitz;Brandenburg;2018-01-01;2019-12-31;240;2019
824;C357R254;357;254;5288;DEE04;Altmarkkreis Salzwedel;Sachsen-Anhalt;2018-01-01;2019-12-31;240;2019
825;C453R447;453;447;5289;DEG0M;Altenburger Land;Thüringen;2018-01-01;2019-12-31;234;2019
826;C456R120;456;120;5290;DE80K;Landkreis Rostock;Mecklenburg-Vorpommern;2018-01-01;2019-12-31;224;2019
827;C226R476;226;476;5291;DE725;Vogelsbergkreis;Hessen;2018-01-01;2019-12-31;240;2019
828;C418R330;418;330;5292;DEE06;Jerichower Land;Sachsen-Anhalt;2018-01-01;2019-12-31;248;2019
829;C384R148;384;148;5293;DE80O;Ludwigslust-Parchim;Mecklenburg-Vorpommern;2018-01-01;2019-12-31;241;2019
830;C351R134;351;134;5294;DE80M;Nordwestmecklenburg;Mecklenburg-Vorpommern;2018-01-01;2019-12-31;230;2019
831;C28R453;28;453;5295;DEA26;Düren;Nordrhein-Westfalen;2018-01-01;2019-12-31;248;2019
832;C589R419;589;419;5296;DED2C;Bautzen;Sachsen;2018-01-01;2019-12-31;223;2019
833;C265R42;265;42;5297;DEF0C;Schleswig-Flensburg;Schleswig-Holstein;2018-01-01;2019-12-31;238;2019
834;C414R275;414;275;5298;DEE0D;Stendal;Sachsen-Anhalt;2018-01-01;2019-12-31;227;2019
835;C449R582;449;582;5299;DE237;Neustadt a. d. Waldnaab;Bayern;2018-01-01;2019-12-31;250;2019
836;C503R455;503;455;5300;DED43;Mittelsachsen;Sachsen;2018-01-01;2019-12-31;239;2019
837;C501R38;501;38;5301;DE80L;Vorpommern-Rügen;Mecklenburg-Vorpommern;2018-01-01;2019-12-31;230;2019
838;C40R472;40;472;5302;DEA26;Düren;Nordrhein-Westfalen;2018-01-01;2019-12-31;257;2019
839;C442R269;442;269;5303;DE408;Havelland;Brandenburg;2018-01-01;2019-12-31;235;2019
840;C213R82;213;82;5304;DEF07;Nordfriesland;Schleswig-Holstein;2018-01-01;2019-12-31;230;2019
841;C224R382;224;382;5305;DEA44;Höxter;Nordrhein-Westfalen;2018-01-01;2019-12-31;232;2019
842;C361R760;361;760;5306;DE21E;Landsberg am Lech;Bayern;2018-01-01;2019-12-31;236;2019
843;C498R492;498;492;5307;DED42;Erzgebirgskreis;Sachsen;2018-01-01;2019-12-31;239;2019
844;C538R720;538;720;5308;DE228;Passau, Landkreis;Bayern;2018-01-01;2019-12-31;239;2019
845;C456R89;456;89;5309;DE80L;Vorpommern-Rügen;Mecklenburg-Vorpommern;2018-01-01;2019-12-31;234;2019
846;C40R437;40;437;5310;DEA1D;Rhein-Kreis Neuss;Nordrhein-Westfalen;2018-01-01;2019-12-31;248;2019
847;C502R131;502;131;5311;DE80J;Mecklenburgische Seenplatte;Mecklenburg-Vorpommern;2018-01-01;2019-12-31;235;2019
848;C226R357;226;357;5312;DEA44;Höxter;Nordrhein-Westfalen;2018-01-01;2019-12-31;233;2019
849;C478R433;478;433;5313;DED52;Leipzig;Sachsen;2018-01-01;2019-12-31;232;2019
850;C400R750;400;750;5314;DE217;Dachau;Bayern;2018-01-01;2019-12-31;241;2019
851;C317R792;317;792;5315;DE27C;Unterallgäu;Bayern;2018-01-01;2019-12-31;232;2019
852;C290R568;290;568;6823;DE26A;Main-Spessart;Bayern;2019-01-01;2020-12-31;232;2020
853;C488R417;488;417;6824;DED52;Leipzig;Sachsen;2019-01-01;2020-12-31;221;2020
854;C434R565;434;565;6825;DE23A;Tirschenreuth;Bayern;2019-01-01;2020-12-31;230;2020
855;C292R549;292;549;6826;DE265;Bad Kissingen;Bayern;2019-01-01;2020-12-31;235;2020
856;C490R102;490;102;6827;DE80L;Vorpommern-Rügen;Mecklenburg-Vorpommern;2019-01-01;2020-12-31;235;2020
857;C277R726;277;726;6828;DE145;Alb-Donau-Kreis;Baden-Württemberg;2019-01-01;2020-12-31;239;2020
858;C314R331;314;331;6829;DE912;Salzgitter, Kreisfreie Stadt;Niedersachsen;2019-01-01;2020-12-31;240;2020
859;C371R531;371;531;6830;DE247;Coburg, Landkreis;Bayern;2019-01-01;2020-12-31;226;2020
860;C418R298;418;298;6831;DEE06;Jerichower Land;Sachsen-Anhalt;2019-01-01;2020-12-31;246;2020
861;C350R160;350;160;6832;DE80O;Ludwigslust-Parchim;Mecklenburg-Vorpommern;2019-01-01;2020-12-31;228;2020
862;C442R227;442;227;6833;DE40D;Ostprignitz-Ruppin;Brandenburg;2019-01-01;2020-12-31;232;2020
863;C439R115;439;115;6834;DE80K;Landkreis Rostock;Mecklenburg-Vorpommern;2019-01-01;2020-12-31;235;2020
864;C453R263;453;263;6835;DE408;Havelland;Brandenburg;2019-01-01;2020-12-31;239;2020
865;C452R79;452;79;6836;DE80L;Vorpommern-Rügen;Mecklenburg-Vorpommern;2019-01-01;2020-12-31;244;2020
866;C311R376;311;376;6837;DE91C;Göttingen;Niedersachsen;2019-01-01;2020-12-31;233;2020
867;C358R63;358;63;6838;DEF08;Ostholstein;Schleswig-Holstein;2019-01-01;2020-12-31;237;2020
868;C110R618;110;618;6839;DEB3F;Kaiserslautern, Landkreis;Rheinland-Pfalz;2019-01-01;2020-12-31;237;2020
869;C371R264;371;264;6840;DEE04;Altmarkkreis Salzwedel;Sachsen-Anhalt;2019-01-01;2020-12-31;261;2020
870;C206R328;206;328;6841;DEA45;Lippe;Nordrhein-Westfalen;2019-01-01;2020-12-31;235;2020
871;C478R149;478;149;6842;DE80J;Mecklenburgische Seenplatte;Mecklenburg-Vorpommern;2019-01-01;2020-12-31;227;2020
872;C442R227;442;227;6843;DE40F;Prignitz;Brandenburg;2019-01-01;2020-12-31;232;2020
873;C349R569;349;569;6844;DE245;Bamberg, Landkreis;Bayern;2019-01-01;2020-12-31;232;2020
874;C304R375;304;375;6845;DE91C;Göttingen;Niedersachsen;2019-01-01;2020-12-31;233;2020
875;C424R766;424;766;6846;DE21H;München, Landkreis;Bayern;2019-01-01;2020-12-31;242;2020
876;C377R754;377;754;6847;DE21C;Fürstenfeldbruck;Bayern;2019-01-01;2020-12-31;237;2020
877;C331R149;331;149;6848;DEF06;Herzogtum Lauenburg;Schleswig-Holstein;2019-01-01;2020-12-31;238;2020
878;C103R527;103;527;6849;DEB17;Mayen-Koblenz;Rheinland-Pfalz;2019-01-01;2020-12-31;236;2020
879;C45R630;45;630;6850;DEC04;Saarlouis;Saarland;2019-01-01;2020-12-31;234;2020
880;C198R523;198;523;6851;DE71E;Wetteraukreis;Hessen;2019-01-01;2020-12-31;240;2020
881;C459R150;459;150;6852;DE80K;Landkreis Rostock;Mecklenburg-Vorpommern;2019-01-01;2020-12-31;227;2020
882;C173R819;173;819;6853;DE13A;Waldshut;Baden-Württemberg;2019-01-01;2020-12-31;247;2020
883;C437R484;437;484;6854;DEG0L;Greiz;Thüringen;2019-01-01;2020-12-31;239;2020
884;C463R92;463;92;6855;DE80L;Vorpommern-Rügen;Mecklenburg-Vorpommern;2019-01-01;2020-12-31;235;2020
885;C327R400;327;400;6856;DEG07;Nordhausen;Thüringen;2019-01-01;2020-12-31;224;2020
886;C345R227;345;227;6857;DE93A;Uelzen;Niedersachsen;2019-01-01;2020-12-31;232;2020
887;C399R180;399;180;6858;DE80O;Ludwigslust-Parchim;Mecklenburg-Vorpommern;2019-01-01;2020-12-31;240;2020
888;C408R501;408;501;6859;DEG0K;Saale-Orla-Kreis;Thüringen;2019-01-01;2020-12-31;234;2020
889;C362R347;362;347;6860;DEE09;Harz;Sachsen-Anhalt;2019-01-01;2020-12-31;240;2020
890;C416R318;416;318;6861;DEE06;Jerichower Land;Sachsen-Anhalt;2019-01-01;2020-12-31;246;2020
891;C430R656;430;656;6862;DE238;Regensburg, Landkreis;Bayern;2019-01-01;2020-12-31;235;2020
892;C277R726;277;726;6863;DE145;Alb-Donau-Kreis;Baden-Württemberg;2019-01-01;2020-12-31;239;2020
893;C260R337;260;337;6864;DE923;Hameln-Pyrmont;Niedersachsen;2019-01-01;2020-12-31;237;2020
894;C404R278;404;278;6865;DEE0D;Stendal;Sachsen-Anhalt;2019-01-01;2020-12-31;251;2020
895;C527R407;527;407;6866;DED2E;Meißen;Sachsen;2019-01-01;2020-12-31;244;2020
896;C367R721;367;721;6867;DE275;Aichach-Friedberg;Bayern;2019-01-01;2020-12-31;242;2020
897;C261R385;261;385;6868;DE734;Kassel, Landkreis;Hessen;2019-01-01;2020-12-31;245;2020
898;C413R704;413;704;6869;DE21J;Pfaffenhofen a. d. Ilm;Bayern;2019-01-01;2020-12-31;253;2020
899;C410R264;410;264;6870;DEE0D;Stendal;Sachsen-Anhalt;2019-01-01;2020-12-31;251;2020
900;C510R153;510;153;6871;DE80J;Mecklenburgische Seenplatte;Mecklenburg-Vorpommern;2019-01-01;2020-12-31;231;2020
901;C244R623;244;623;6872;DE127;Neckar-Odenwald-Kreis;Baden-Württemberg;2019-01-01;2020-12-31;239;2020
902;C341R576;341;576;6873;DE245;Bamberg, Landkreis;Bayern;2019-01-01;2020-12-31;232;2020
903;C384R542;384;542;6874;DE24C;Lichtenfels;Bayern;2019-01-01;2020-12-31;224;2020
904;C352R117;352;117;6875;DE80M;Nordwestmecklenburg;Mecklenburg-Vorpommern;2019-01-01;2020-12-31;231;2020
905;C444R418;444;418;6876;DED52;Leipzig;Sachsen;2019-01-01;2020-12-31;232;2020
906;C310R145;310;145;6877;DEF0F;Stormarn;Schleswig-Holstein;2019-01-01;2020-12-31;249;2020
907;C481R159;481;159;6878;DE80J;Mecklenburgische Seenplatte;Mecklenburg-Vorpommern;2019-01-01;2020-12-31;227;2020
908;C526R412;526;412;6879;DED2E;Meißen;Sachsen;2019-01-01;2020-12-31;244;2020
909;C400R693;400;693;6880;DE219;Eichstätt;Bayern;2019-01-01;2020-12-31;234;2020
910;C417R232;417;232;6881;DE40F;Prignitz;Brandenburg;2019-01-01;2020-12-31;233;2020
911;C208R237;208;237;6882;DE922;Diepholz;Niedersachsen;2019-01-01;2020-12-31;243;2020
912;C471R481;471;481;6883;DED45;Zwickau;Sachsen;2019-01-01;2020-12-31;236;2020
913;C606R417;606;417;6884;DED2C;Bautzen;Sachsen;2019-01-01;2020-12-31;238;2020
914;C283R768;283;768;6885;DE146;Biberach;Baden-Württemberg;2019-01-01;2020-12-31;235;2020
915;C366R470;366;470;6886;DEG0T;Ilm-Kreis;Thüringen;2019-01-01;2020-12-31;234;2020
916;C491R172;491;172;6887;DE80J;Mecklenburgische Seenplatte;Mecklenburg-Vorpommern;2019-01-01;2020-12-31;231;2020
917;C480R69;480;69;6888;DE80L;Vorpommern-Rügen;Mecklenburg-Vorpommern;2019-01-01;2020-12-31;233;2020
918;C215R41;215;41;6889;DEF07;Nordfriesland;Schleswig-Holstein;2019-01-01;2020-12-31;237;2020
919;C282R39;282;39;6890;DEF0C;Schleswig-Flensburg;Schleswig-Holstein;2019-01-01;2020-12-31;243;2020
920;C437R199;437;199;6891;DE40F;Prignitz;Brandenburg;2019-01-01;2020-12-31;232;2020
921;C546R182;546;182;6892;DE40I;Uckermark;Brandenburg;2019-01-01;2020-12-31;232;2020
922;C376R754;376;754;6893;DE21C;Fürstenfeldbruck;Bayern;2019-01-01;2020-12-31;237;2020
923;C196R336;196;336;6894;DEA41;Bielefeld, Kreisfreie Stadt;Nordrhein-Westfalen;2019-01-01;2020-12-31;235;2020
924;C351R60;351;60;6895;DEF08;Ostholstein;Schleswig-Holstein;2019-01-01;2020-12-31;237;2020
925;C495R405;495;405;6896;DED53;Nordsachsen;Sachsen;2019-01-01;2020-12-31;221;2020
926;C119R391;119;391;6897;DEA52;Dortmund, Kreisfreie Stadt;Nordrhein-Westfalen;2019-01-01;2020-12-31;242;2020
927;C438R639;438;639;6898;DE239;Schwandorf;Bayern;2019-01-01;2020-12-31;229;2020
928;C182R781;182;781;6899;DE136;Schwarzwald-Baar-Kreis;Baden-Württemberg;2019-01-01;2020-12-31;235;2020
929;C237R631;237;631;6900;DE127;Neckar-Odenwald-Kreis;Baden-Württemberg;2019-01-01;2020-12-31;239;2020
930;C42R578;42;578;6901;DEB25;Trier-Saarburg;Rheinland-Pfalz;2019-01-01;2020-12-31;226;2020
931;C274R758;274;758;6902;DE145;Alb-Donau-Kreis;Baden-Württemberg;2019-01-01;2020-12-31;241;2020
932;C37R570;37;570;6903;DEB23;Eifelkreis Bitburg-Prüm;Rheinland-Pfalz;2019-01-01;2020-12-31;226;2020
933;C427R228;427;228;6904;DE40F;Prignitz;Brandenburg;2019-01-01;2020-12-31;232;2020
934;C289R622;289;622;6905;DE11B;Main-Tauber-Kreis;Baden-Württemberg;2019-01-01;2020-12-31;231;2020
935;C261R336;261;336;6906;DE923;Hameln-Pyrmont;Niedersachsen;2019-01-01;2020-12-31;237;2020
936;C419R322;419;322;6907;DEE06;Jerichower Land;Sachsen-Anhalt;2019-01-01;2020-12-31;246;2020
937;C364R321;364;321;6908;DEE07;Börde;Sachsen-Anhalt;2019-01-01;2020-12-31;234;2020
938;C476R444;476;444;6909;DED52;Leipzig;Sachsen;2019-01-01;2020-12-31;231;2020
939;C429R118;429;118;6910;DE80K;Landkreis Rostock;Mecklenburg-Vorpommern;2019-01-01;2020-12-31;233;2020
940;C230R433;230;433;6911;DE736;Waldeck-Frankenberg;Hessen;2019-01-01;2020-12-31;235;2020
941;C218R302;218;302;6912;DEA46;Minden-Lübbecke;Nordrhein-Westfalen;2019-01-01;2020-12-31;253;2020
942;C256R186;256;186;6913;DE939;Stade;Niedersachsen;2019-01-01;2020-12-31;248;2020
943;C230R434;230;434;6915;DE736;Waldeck-Frankenberg;Hessen;2019-01-01;2020-12-31;235;2020
944;C31R615;31;615;6916;DEC02;Merzig-Wadern;Saarland;2019-01-01;2020-12-31;234;2020
945;C154R269;154;269;6917;DE94E;Osnabrück, Landkreis;Niedersachsen;2019-01-01;2020-12-31;234;2020
946;C352R457;352;457;6918;DEG0C;Gotha;Thüringen;2019-01-01;2020-12-31;221;2020
947;C374R144;374;144;6919;DE80M;Nordwestmecklenburg;Mecklenburg-Vorpommern;2019-01-01;2020-12-31;222;2020
948;C223R332;223;332;6920;DEA45;Lippe;Nordrhein-Westfalen;2019-01-01;2020-12-31;235;2020
949;C411R332;411;332;6921;DEE0C;Salzlandkreis;Sachsen-Anhalt;2019-01-01;2020-12-31;239;2020
950;C93R570;93;570;6922;DEB1D;Rhein-Hunsrück-Kreis;Rheinland-Pfalz;2019-01-01;2020-12-31;235;2020
951;C467R89;467;89;6923;DE80L;Vorpommern-Rügen;Mecklenburg-Vorpommern;2019-01-01;2020-12-31;235;2020
952;C235R423;235;423;6924;DE734;Kassel, Landkreis;Hessen;2019-01-01;2020-12-31;235;2020
953;C258R151;258;151;6925;DEF09;Pinneberg;Schleswig-Holstein;2019-01-01;2020-12-31;245;2020
954;C123R606;123;606;6926;DEB3G;Kusel;Rheinland-Pfalz;2019-01-01;2020-12-31;237;2020
955;C203R484;203;484;6927;DE724;Marburg-Biedenkopf;Hessen;2019-01-01;2020-12-31;247;2020
956;C492R73;492;73;6929;DE80L;Vorpommern-Rügen;Mecklenburg-Vorpommern;2019-01-01;2020-12-31;238;2020
957;C401R446;401;446;6930;DEG0G;Weimarer Land;Thüringen;2019-01-01;2020-12-31;250;2020
958;C431R109;431;109;6931;DE80K;Landkreis Rostock;Mecklenburg-Vorpommern;2019-01-01;2020-12-31;235;2020
959;C364R754;364;754;6932;DE275;Aichach-Friedberg;Bayern;2019-01-01;2020-12-31;236;2020
960;C428R614;428;614;6933;DE234;Amberg-Sulzbach;Bayern;2019-01-01;2020-12-31;241;2020
961;C348R329;348;329;6934;DE917;Helmstedt;Niedersachsen;2019-01-01;2020-12-31;234;2020
962;C48R581;48;581;6935;DEB25;Trier-Saarburg;Rheinland-Pfalz;2019-01-01;2020-12-31;226;2020
963;C362R157;362;157;6936;DE80M;Nordwestmecklenburg;Mecklenburg-Vorpommern;2019-01-01;2020-12-31;228;2020
964;C574R300;574;300;6937;DE40C;Oder-Spree;Brandenburg;2019-01-01;2020-12-31;254;2020
965;C455R707;455;707;6938;DE227;Landshut, Landkreis;Bayern;2019-01-01;2020-12-31;230;2020
966;C374R752;374;752;6939;DE275;Aichach-Friedberg;Bayern;2019-01-01;2020-12-31;237;2020
967;C422R521;422;521;6940;DE249;Hof, Landkreis;Bayern;2019-01-01;2020-12-31;253;2020
968;C134R344;134;344;6941;DEA38;Warendorf;Nordrhein-Westfalen;2019-01-01;2020-12-31;235;2020
969;C439R248;439;248;6942;DE408;Havelland;Brandenburg;2019-01-01;2020-12-31;233;2020
970;C243R449;243;449;6943;DE735;Schwalm-Eder-Kreis;Hessen;2019-01-01;2020-12-31;239;2020
971;C198R27;198;27;6944;DEF07;Nordfriesland;Schleswig-Holstein;2019-01-01;2020-12-31;213;2020
972;C216R225;216;225;6945;DE93B;Verden;Niedersachsen;2019-01-01;2020-12-31;251;2020
973;C493R135;493;135;6946;DE80J;Mecklenburgische Seenplatte;Mecklenburg-Vorpommern;2019-01-01;2020-12-31;232;2020
974;C201R18;201;18;6947;DEF07;Nordfriesland;Schleswig-Holstein;2019-01-01;2020-12-31;213;2020
975;C470R235;470;235;6948;DE40D;Ostprignitz-Ruppin;Brandenburg;2019-01-01;2020-12-31;232;2020
976;C400R469;400;469;6949;DEG0J;Saale-Holzland-Kreis;Thüringen;2019-01-01;2020-12-31;226;2020
977;C383R668;383;668;6950;DE219;Eichstätt;Bayern;2019-01-01;2020-12-31;235;2020
978;C336R259;336;259;6951;DE914;Gifhorn;Niedersachsen;2019-01-01;2020-12-31;237;2020
979;C188R387;188;387;6952;DEA47;Paderborn;Nordrhein-Westfalen;2019-01-01;2020-12-31;244;2020
980;C367R172;367;172;6953;DE80O;Ludwigslust-Parchim;Mecklenburg-Vorpommern;2019-01-01;2020-12-31;228;2020
981;C328R735;328;735;6954;DE278;Günzburg;Bayern;2019-01-01;2020-12-31;236;2020
982;C348R330;348;330;6955;DE917;Helmstedt;Niedersachsen;2019-01-01;2020-12-31;234;2020
983;C292R549;292;549;6957;DE265;Bad Kissingen;Bayern;2019-01-01;2020-12-31;235;2020
984;C306R386;306;386;6958;DE91C;Göttingen;Niedersachsen;2019-01-01;2020-12-31;233;2020
985;C531R162;531;162;6959;DE80N;Vorpommern-Greifswald;Mecklenburg-Vorpommern;2019-01-01;2020-12-31;231;2020
986;C254R339;254;339;6960;DE926;Holzminden;Niedersachsen;2019-01-01;2020-12-31;237;2020
987;C359R293;359;293;6961;DEE07;Börde;Sachsen-Anhalt;2019-01-01;2020-12-31;238;2020
988;C416R327;416;327;6962;DEE06;Jerichower Land;Sachsen-Anhalt;2019-01-01;2020-12-31;246;2020
989;C450R386;450;386;6963;DED53;Nordsachsen;Sachsen;2019-01-01;2020-12-31;225;2020
990;C465R90;465;90;6964;DE80L;Vorpommern-Rügen;Mecklenburg-Vorpommern;2019-01-01;2020-12-31;235;2020
991;C540R197;540;197;6965;DE40I;Uckermark;Brandenburg;2019-01-01;2020-12-31;232;2020
992;C504R448;504;448;6966;DED43;Mittelsachsen;Sachsen;2019-01-01;2020-12-31;233;2020
993;C302R144;302;144;6967;DEF0F;Stormarn;Schleswig-Holstein;2019-01-01;2020-12-31;249;2020
994;C274R38;274;38;6968;DEF0C;Schleswig-Flensburg;Schleswig-Holstein;2019-01-01;2020-12-31;243;2020
995;C449R718;449;718;6969;DE227;Landshut, Landkreis;Bayern;2019-01-01;2020-12-31;253;2020
996;C477R246;477;246;6970;DE40D;Ostprignitz-Ruppin;Brandenburg;2019-01-01;2020-12-31;232;2020
997;C405R160;405;160;6971;DE80O;Ludwigslust-Parchim;Mecklenburg-Vorpommern;2019-01-01;2020-12-31;229;2020
998;C520R345;520;345;6972;DE40H;Teltow-Fläming;Brandenburg;2019-01-01;2020-12-31;232;2020
999;C242R396;242;396;6973;DE734;Kassel, Landkreis;Hessen;2019-01-01;2020-12-31;236;2020
1000;C493R148;493;148;6974;DE80J;Mecklenburgische Seenplatte;Mecklenburg-Vorpommern;2019-01-01;2020-12-31;232;2020
1001;C74R551;74;551;6975;DEB22;Bernkastel-Wittlich;Rheinland-Pfalz;2019-01-01;2020-12-31;235;2020
1002;C489R441;489;441;6976;DED43;Mittelsachsen;Sachsen;2019-01-01;2020-12-31;233;2020
1003;C295R342;295;342;6977;DE925;Hildesheim;Niedersachsen;2019-01-01;2020-12-31;239;2020
1004;C306R439;306;439;6978;DEG0R;Wartburgkreis;Thüringen;2019-01-01;2020-12-31;230;2020
1005;C490R89;490;89;6979;DE80L;Vorpommern-Rügen;Mecklenburg-Vorpommern;2019-01-01;2020-12-31;235;2020
1006;C513R448;513;448;6980;DED43;Mittelsachsen;Sachsen;2019-01-01;2020-12-31;232;2020
1007;C85R357;85;357;6981;DEA34;Borken;Nordrhein-Westfalen;2019-01-01;2020-12-31;245;2020
1008;C576R444;576;444;6982;DED2F;Sächsische Schweiz-Osterzgebirge;Sachsen;2019-01-01;2020-12-31;235;2020
1009;C336R431;336;431;6983;DEG09;Unstrut-Hainich-Kreis;Thüringen;2019-01-01;2020-12-31;224;2020
1010;C565R250;565;250;6984;DE409;Märkisch-Oderland;Brandenburg;2019-01-01;2020-12-31;234;2020
1011;C187R504;187;504;6985;DE722;Lahn-Dill-Kreis;Hessen;2019-01-01;2020-12-31;243;2020
1012;C262R466;262;466;6986;DE733;Hersfeld-Rotenburg;Hessen;2019-01-01;2020-12-31;249;2020
1013;C283R469;283;469;6987;DE733;Hersfeld-Rotenburg;Hessen;2019-01-01;2020-12-31;229;2020
1014;C409R532;409;532;6988;DE249;Hof, Landkreis;Bayern;2019-01-01;2020-12-31;243;2020
1015;C330R398;330;398;6989;DEG07;Nordhausen;Thüringen;2019-01-01;2020-12-31;224;2020
1016;C514R420;514;420;6990;DED2E;Meißen;Sachsen;2019-01-01;2020-12-31;253;2020
1017;C329R704;329;704;6991;DE27D;Donau-Ries;Bayern;2019-01-01;2020-12-31;229;2020
1018;C125R165;125;165;6992;DE94H;Wittmund;Niedersachsen;2019-01-01;2020-12-31;253;2020
1019;C350R337;350;337;6993;DEE09;Harz;Sachsen-Anhalt;2019-01-01;2020-12-31;234;2020
1020;C432R633;432;633;6994;DE234;Amberg-Sulzbach;Bayern;2019-01-01;2020-12-31;236;2020
1021;C196R727;196;727;6995;DE12A;Calw;Baden-Württemberg;2019-01-01;2020-12-31;228;2020
1022;C100R537;100;537;6996;DEB17;Mayen-Koblenz;Rheinland-Pfalz;2019-01-01;2020-12-31;236;2020
1023;C242R321;242;321;6997;DE923;Hameln-Pyrmont;Niedersachsen;2019-01-01;2020-12-31;237;2020
1024;C293R390;293;390;6998;DE91C;Göttingen;Niedersachsen;2019-01-01;2020-12-31;226;2020
1025;C506R57;506;57;6999;DE80L;Vorpommern-Rügen;Mecklenburg-Vorpommern;2019-01-01;2020-12-31;242;2020
1026;C440R295;440;295;7000;DEE06;Jerichower Land;Sachsen-Anhalt;2019-01-01;2020-12-31;239;2020
1027;C323R568;323;568;7001;DE26B;Schweinfurt, Landkreis;Bayern;2019-01-01;2020-12-31;232;2020
1028;C109R272;109;272;7002;DE949;Emsland;Niedersachsen;2019-01-01;2020-12-31;238;2020
1029;C276R543;276;543;7003;DE265;Bad Kissingen;Bayern;2019-01-01;2020-12-31;235;2020
1030;C113R805;113;805;7004;DE132;Breisgau-Hochschwarzwald;Baden-Württemberg;2019-01-01;2020-12-31;226;2020
1031;C93R526;93;526;7005;DEB17;Mayen-Koblenz;Rheinland-Pfalz;2019-01-01;2020-12-31;236;2020
1032;C488R428;488;428;7006;DED52;Leipzig;Sachsen;2019-01-01;2020-12-31;239;2020
1033;C354R401;354;401;7007;DEG07;Nordhausen;Thüringen;2019-01-01;2020-12-31;224;2020
1034;C364R125;364;125;7008;DE80M;Nordwestmecklenburg;Mecklenburg-Vorpommern;2019-01-01;2020-12-31;231;2020
1035;C410R339;410;339;7009;DEE0C;Salzlandkreis;Sachsen-Anhalt;2019-01-01;2020-12-31;239;2020
1036;C520R434;520;434;7010;DED2E;Meißen;Sachsen;2019-01-01;2020-12-31;232;2020
1037;C478R72;478;72;7011;DE80L;Vorpommern-Rügen;Mecklenburg-Vorpommern;2019-01-01;2020-12-31;233;2020
1038;C566R196;566;196;7012;DE40I;Uckermark;Brandenburg;2019-01-01;2020-12-31;253;2020
1039;C493R755;493;755;7013;DE214;Altötting;Bayern;2019-01-01;2020-12-31;252;2020
1040;C366R232;366;232;7014;DE934;Lüchow-Dannenberg;Niedersachsen;2019-01-01;2020-12-31;239;2020
1041;C471R75;471;75;7015;DE80L;Vorpommern-Rügen;Mecklenburg-Vorpommern;2019-01-01;2020-12-31;233;2020
1042;C319R338;319;338;7016;DE916;Goslar;Niedersachsen;2019-01-01;2020-12-31;238;2020
1043;C479R358;479;358;7017;DEE0E;Wittenberg;Sachsen-Anhalt;2019-01-01;2020-12-31;227;2020
1044;C355R257;355;257;7018;DEE04;Altmarkkreis Salzwedel;Sachsen-Anhalt;2019-01-01;2020-12-31;239;2020
1045;C496R422;496;422;7019;DED43;Mittelsachsen;Sachsen;2019-01-01;2020-12-31;221;2020
1046;C470R474;470;474;7020;DED45;Zwickau;Sachsen;2019-01-01;2020-12-31;235;2020
1047;C335R90;335;90;7021;DEF08;Ostholstein;Schleswig-Holstein;2019-01-01;2020-12-31;238;2020
1048;C374R352;374;352;7022;DEE09;Harz;Sachsen-Anhalt;2019-01-01;2020-12-31;240;2020
1049;C469R131;469;131;7023;DE80J;Mecklenburgische Seenplatte;Mecklenburg-Vorpommern;2019-01-01;2020-12-31;232;2020
1050;C397R104;397;104;7024;DE80K;Landkreis Rostock;Mecklenburg-Vorpommern;2019-01-01;2020-12-31;225;2020
1051;C469R319;469;319;7025;DE40E;Potsdam-Mittelmark;Brandenburg;2019-01-01;2020-12-31;227;2020
1052;C279R752;279;752;7026;DE145;Alb-Donau-Kreis;Baden-Württemberg;2019-01-01;2020-12-31;239;2020
1053;C340R145;340;145;7027;DE80M;Nordwestmecklenburg;Mecklenburg-Vorpommern;2019-01-01;2020-12-31;238;2020
1054;C513R100;513;100;7028;DE80N;Vorpommern-Greifswald;Mecklenburg-Vorpommern;2019-01-01;2020-12-31;238;2020
1055;C391R128;391;128;7029;DE80M;Nordwestmecklenburg;Mecklenburg-Vorpommern;2019-01-01;2020-12-31;237;2020
1056;C446R389;446;389;7030;DED53;Nordsachsen;Sachsen;2019-01-01;2020-12-31;235;2020
1057;C486R167;486;167;7031;DE80J;Mecklenburgische Seenplatte;Mecklenburg-Vorpommern;2019-01-01;2020-12-31;231;2020
1058;C537R100;537;100;7032;DE80N;Vorpommern-Greifswald;Mecklenburg-Vorpommern;2019-01-01;2020-12-31;238;2020
1059;C210R716;210;716;7033;DE112;Böblingen;Baden-Württemberg;2019-01-01;2020-12-31;235;2020
1060;C422R167;422;167;7034;DE80O;Ludwigslust-Parchim;Mecklenburg-Vorpommern;2019-01-01;2020-12-31;229;2020
1061;C568R189;568;189;7035;DE40I;Uckermark;Brandenburg;2019-01-01;2020-12-31;240;2020
1062;C131R535;131;535;7036;DEB1A;Rhein-Lahn-Kreis;Rheinland-Pfalz;2019-01-01;2020-12-31;247;2020
1063;C506R142;506;142;7037;DE80J;Mecklenburgische Seenplatte;Mecklenburg-Vorpommern;2019-01-01;2020-12-31;231;2020
1064;C270R657;270;657;7038;DE11A;Schwäbisch Hall;Baden-Württemberg;2019-01-01;2020-12-31;233;2020
1065;C319R76;319;76;7039;DEF0A;Plön;Schleswig-Holstein;2019-01-01;2020-12-31;242;2020
1066;C393R597;393;597;7040;DE246;Bayreuth, Landkreis;Bayern;2019-01-01;2020-12-31;237;2020
1067;C415R140;415;140;7041;DE80K;Landkreis Rostock;Mecklenburg-Vorpommern;2019-01-01;2020-12-31;233;2020
1068;C509R437;509;437;7042;DED43;Mittelsachsen;Sachsen;2019-01-01;2020-12-31;239;2020
1069;C613R424;613;424;7043;DED2D;Görlitz;Sachsen;2019-01-01;2020-12-31;238;2020
1070;C133R392;133;392;7044;DEA5C;Unna;Nordrhein-Westfalen;2019-01-01;2020-12-31;242;2020
1071;C156R523;156;523;7045;DE723;Limburg-Weilburg;Hessen;2019-01-01;2020-12-31;233;2020
1072;C44R581;44;581;7046;DEB25;Trier-Saarburg;Rheinland-Pfalz;2019-01-01;2020-12-31;226;2020
1073;C481R315;481;315;7047;DE40E;Potsdam-Mittelmark;Brandenburg;2019-01-01;2020-12-31;227;2020
1074;C450R509;450;509;7048;DED44;Vogtlandkreis;Sachsen;2019-01-01;2020-12-31;237;2020
1075;C84R528;84;528;7049;DEB17;Mayen-Koblenz;Rheinland-Pfalz;2019-01-01;2020-12-31;236;2020
1076;C205R241;205;241;7050;DE922;Diepholz;Niedersachsen;2019-01-01;2020-12-31;243;2020
1077;C312R656;312;656;7051;DE256;Ansbach, Landkreis;Bayern;2019-01-01;2020-12-31;235;2020
1078;C401R449;401;449;7053;DEG0J;Saale-Holzland-Kreis;Thüringen;2019-01-01;2020-12-31;250;2020
1079;C630R421;630;421;7054;DED2D;Görlitz;Sachsen;2019-01-01;2020-12-31;238;2020
1080;C94R656;94;656;7055;DEC05;Saarpfalz-Kreis;Saarland;2019-01-01;2020-12-31;248;2020
1081;C599R413;599;413;7056;DED2C;Bautzen;Sachsen;2019-01-01;2020-12-31;238;2020
1082;C440R464;440;464;7057;DEG0L;Greiz;Thüringen;2019-01-01;2020-12-31;233;2020
1083;C509R445;509;445;7058;DED43;Mittelsachsen;Sachsen;2019-01-01;2020-12-31;232;2020
1084;C500R37;500;37;7059;DE80L;Vorpommern-Rügen;Mecklenburg-Vorpommern;2019-01-01;2020-12-31;233;2020
1085;C449R231;449;231;7060;DE40D;Ostprignitz-Ruppin;Brandenburg;2019-01-01;2020-12-31;232;2020
1086;C330R306;330;306;7061;DE911;Braunschweig, Kreisfreie Stadt;Niedersachsen;2019-01-01;2020-12-31;242;2020
1087;C588R283;588;283;7062;DE409;Märkisch-Oderland;Brandenburg;2019-01-01;2020-12-31;236;2020
1088;C418R417;418;417;7063;DEE0B;Saalekreis;Sachsen-Anhalt;2019-01-01;2020-12-31;242;2020
1089;C323R146;323;146;7064;DEF06;Herzogtum Lauenburg;Schleswig-Holstein;2019-01-01;2020-12-31;238;2020
1090;C590R265;590;265;7065;DE409;Märkisch-Oderland;Brandenburg;2019-01-01;2020-12-31;236;2020
1091;C244R767;244;767;7066;DE146;Biberach;Baden-Württemberg;2019-01-01;2020-12-31;254;2020
1092;C284R186;284;186;7068;DE933;Harburg;Niedersachsen;2019-01-01;2020-12-31;243;2020
1093;C391R461;391;461;7069;DEG0G;Weimarer Land;Thüringen;2019-01-01;2020-12-31;226;2020
1094;C441R472;441;472;7070;DEG0L;Greiz;Thüringen;2019-01-01;2020-12-31;239;2020
1095;C516R96;516;96;7071;DE80N;Vorpommern-Greifswald;Mecklenburg-Vorpommern;2019-01-01;2020-12-31;238;2020
1096;C22R556;22;556;7072;DEB23;Eifelkreis Bitburg-Prüm;Rheinland-Pfalz;2019-01-01;2020-12-31;233;2020
1097;C318R552;318;552;7073;DE26B;Schweinfurt, Landkreis;Bayern;2019-01-01;2020-12-31;256;2020
1098;C92R552;92;552;7074;DEB1C;Cochem-Zell;Rheinland-Pfalz;2019-01-01;2020-12-31;235;2020
1099;C400R106;400;106;7075;DE80K;Landkreis Rostock;Mecklenburg-Vorpommern;2019-01-01;2020-12-31;225;2020
1100;C252R629;252;629;7076;DE127;Neckar-Odenwald-Kreis;Baden-Württemberg;2019-01-01;2020-12-31;233;2020
1101;C165R313;165;313;7077;DE94E;Osnabrück, Landkreis;Niedersachsen;2019-01-01;2020-12-31;235;2020
1102;C299R369;299;369;7078;DE91C;Göttingen;Niedersachsen;2019-01-01;2020-12-31;232;2020
1103;C274R83;274;83;7079;DEF0B;Rendsburg-Eckernförde;Schleswig-Holstein;2019-01-01;2020-12-31;234;2020
1104;C242R321;242;321;7080;DE923;Hameln-Pyrmont;Niedersachsen;2019-01-01;2020-12-31;237;2020
1105;C343R138;343;138;7081;DE80M;Nordwestmecklenburg;Mecklenburg-Vorpommern;2019-01-01;2020-12-31;238;2020
1106;C224R139;224;139;7082;DE939;Stade;Niedersachsen;2019-01-01;2020-12-31;242;2020
1107;C472R397;472;397;7083;DED53;Nordsachsen;Sachsen;2019-01-01;2020-12-31;257;2020
1108;C404R485;404;485;7084;DEG0K;Saale-Orla-Kreis;Thüringen;2019-01-01;2020-12-31;234;2020
1109;C353R446;353;446;7085;DEG0D;Sömmerda;Thüringen;2019-01-01;2020-12-31;246;2020
1110;C428R416;428;416;7086;DEE08;Burgenlandkreis;Sachsen-Anhalt;2019-01-01;2020-12-31;232;2020
1111;C583R253;583;253;7087;DE409;Märkisch-Oderland;Brandenburg;2019-01-01;2020-12-31;234;2020
1112;C254R601;254;601;7088;DE11B;Main-Tauber-Kreis;Baden-Württemberg;2019-01-01;2020-12-31;228;2020
1113;C261R48;261;48;7089;DEF0C;Schleswig-Flensburg;Schleswig-Holstein;2019-01-01;2020-12-31;243;2020
1114;C266R332;266;332;7090;DE925;Hildesheim;Niedersachsen;2019-01-01;2020-12-31;237;2020
1115;C473R461;473;461;7091;DED45;Zwickau;Sachsen;2019-01-01;2020-12-31;235;2020
1116;C477R252;477;252;7092;DE40D;Ostprignitz-Ruppin;Brandenburg;2019-01-01;2020-12-31;232;2020
1117;C507R68;507;68;7093;DE80L;Vorpommern-Rügen;Mecklenburg-Vorpommern;2019-01-01;2020-12-31;242;2020
1118;C412R367;412;367;7094;DEE0C;Salzlandkreis;Sachsen-Anhalt;2019-01-01;2020-12-31;245;2020
1119;C319R692;319;692;7095;DE11D;Ostalbkreis;Baden-Württemberg;2019-01-01;2020-12-31;229;2020
1120;C501R107;501;107;7096;DE80N;Vorpommern-Greifswald;Mecklenburg-Vorpommern;2019-01-01;2020-12-31;235;2020
1121;C428R421;428;421;7097;DEE08;Burgenlandkreis;Sachsen-Anhalt;2019-01-01;2020-12-31;242;2020
1122;C378R139;378;139;7098;DE80M;Nordwestmecklenburg;Mecklenburg-Vorpommern;2019-01-01;2020-12-31;222;2020
1123;C488R417;488;417;7099;DED52;Leipzig;Sachsen;2019-01-01;2020-12-31;221;2020
1124;C274R398;274;398;7100;DE91C;Göttingen;Niedersachsen;2019-01-01;2020-12-31;226;2020
1125;C271R773;271;773;7101;DE146;Biberach;Baden-Württemberg;2019-01-01;2020-12-31;235;2020
1126;C388R649;388;649;8568;DE236;Neumarkt i. d. OPf.;Bayern;2020-01-01;2021-12-31;238;2021
1127;C207R639;207;639;8569;DE128;Rhein-Neckar-Kreis;Baden-Württemberg;2020-01-01;2021-12-31;242;2021
1128;C246R471;246;471;8570;DE735;Schwalm-Eder-Kreis;Hessen;2020-01-01;2021-12-31;239;2021
1129;C297R103;297;103;8571;DEF0A;Plön;Schleswig-Holstein;2020-01-01;2021-12-31;243;2021
1130;C453R157;453;157;8572;DE80J;Mecklenburgische Seenplatte;Mecklenburg-Vorpommern;2020-01-01;2021-12-31;226;2021
1131;C300R741;300;741;8573;DE279;Neu-Ulm;Bayern;2020-01-01;2021-12-31;261;2021
1132;C510R128;510;128;8575;DE80N;Vorpommern-Greifswald;Mecklenburg-Vorpommern;2020-01-01;2021-12-31;231;2021
1133;C395R343;395;343;8576;DEE0C;Salzlandkreis;Sachsen-Anhalt;2020-01-01;2021-12-31;237;2021
1134;C502R217;502;217;8577;DE40A;Oberhavel;Brandenburg;2020-01-01;2021-12-31;236;2021
1135;C509R110;509;110;8578;DE80N;Vorpommern-Greifswald;Mecklenburg-Vorpommern;2020-01-01;2021-12-31;228;2021
1136;C496R253;496;253;8579;DE40A;Oberhavel;Brandenburg;2020-01-01;2021-12-31;245;2021
1137;C392R436;392;436;8580;DEG0D;Sömmerda;Thüringen;2020-01-01;2021-12-31;239;2021
1138;C426R248;426;248;8581;DEE0D;Stendal;Sachsen-Anhalt;2020-01-01;2021-12-31;233;2021
1139;C446R82;446;82;8582;DE80L;Vorpommern-Rügen;Mecklenburg-Vorpommern;2020-01-01;2021-12-31;247;2021
1140;C221R596;221;596;8583;DE71B;Odenwaldkreis;Hessen;2020-01-01;2021-12-31;232;2021
1141;C627R449;627;449;8584;DED2D;Görlitz;Sachsen;2020-01-01;2021-12-31;236;2021
1142;C309R329;309;329;8585;DE91B;Wolfenbüttel;Niedersachsen;2020-01-01;2021-12-31;236;2021
1143;C265R33;265;33;8586;DEF0C;Schleswig-Flensburg;Schleswig-Holstein;2020-01-01;2021-12-31;252;2021
1144;C174R269;174;269;8587;DE922;Diepholz;Niedersachsen;2020-01-01;2021-12-31;243;2021
1145;C430R167;430;167;8588;DE80O;Ludwigslust-Parchim;Mecklenburg-Vorpommern;2020-01-01;2021-12-31;236;2021
1146;C540R164;540;164;8589;DE40I;Uckermark;Brandenburg;2020-01-01;2021-12-31;230;2021
1147;C475R427;475;427;8590;DED52;Leipzig;Sachsen;2020-01-01;2021-12-31;237;2021
1148;C222R793;222;793;8591;DE138;Konstanz;Baden-Württemberg;2020-01-01;2021-12-31;245;2021
1149;C391R460;391;460;8592;DEG0G;Weimarer Land;Thüringen;2020-01-01;2021-12-31;232;2021
1150;C318R566;318;566;8593;DE26B;Schweinfurt, Landkreis;Bayern;2020-01-01;2021-12-31;233;2021
1151;C497R160;497;160;8594;DE80J;Mecklenburgische Seenplatte;Mecklenburg-Vorpommern;2020-01-01;2021-12-31;234;2021
1152;C469R185;469;185;8595;DE80J;Mecklenburgische Seenplatte;Mecklenburg-Vorpommern;2020-01-01;2021-12-31;242;2021
1153;C298R578;298;578;8596;DE26C;Würzburg, Landkreis;Bayern;2020-01-01;2021-12-31;233;2021
1154;C204R35;204;35;8597;DEF07;Nordfriesland;Schleswig-Holstein;2020-01-01;2021-12-31;237;2021
1155;C420R450;420;450;8598;DEG0J;Saale-Holzland-Kreis;Thüringen;2020-01-01;2021-12-31;240;2021
1156;C342R80;342;80;8599;DEF08;Ostholstein;Schleswig-Holstein;2020-01-01;2021-12-31;213;2021
1157;C158R370;158;370;8600;DEA38;Warendorf;Nordrhein-Westfalen;2020-01-01;2021-12-31;237;2021
1158;C313R538;313;538;8601;DE265;Bad Kissingen;Bayern;2020-01-01;2021-12-31;224;2021
1159;C553R206;553;206;8602;DE40I;Uckermark;Brandenburg;2020-01-01;2021-12-31;229;2021
1160;C463R230;463;230;8603;DE40D;Ostprignitz-Ruppin;Brandenburg;2020-01-01;2021-12-31;236;2021
1161;C269R617;269;617;8604;DE11B;Main-Tauber-Kreis;Baden-Württemberg;2020-01-01;2021-12-31;234;2021
1162;C87R515;87;515;8605;DEB12;Ahrweiler;Rheinland-Pfalz;2020-01-01;2021-12-31;237;2021
1163;C582R249;582;249;8606;DE409;Märkisch-Oderland;Brandenburg;2020-01-01;2021-12-31;239;2021
1164;C392R594;392;594;8607;DE246;Bayreuth, Landkreis;Bayern;2020-01-01;2021-12-31;240;2021
1165;C473R269;473;269;8608;DE408;Havelland;Brandenburg;2020-01-01;2021-12-31;240;2021
1166;C349R519;349;519;8609;DE247;Coburg, Landkreis;Bayern;2020-01-01;2021-12-31;238;2021
1167;C437R678;437;678;8610;DE226;Kelheim;Bayern;2020-01-01;2021-12-31;226;2021
1168;C420R664;420;664;8611;DE238;Regensburg, Landkreis;Bayern;2020-01-01;2021-12-31;238;2021
1169;C381R262;381;262;8612;DEE04;Altmarkkreis Salzwedel;Sachsen-Anhalt;2020-01-01;2021-12-31;251;2021
1170;C346R344;346;344;8613;DEE09;Harz;Sachsen-Anhalt;2020-01-01;2021-12-31;237;2021
1171;C367R439;367;439;8614;DEG0D;Sömmerda;Thüringen;2020-01-01;2021-12-31;227;2021
1172;C489R725;489;725;8615;DE22A;Rottal-Inn;Bayern;2020-01-01;2021-12-31;249;2021
1173;C240R367;240;367;8616;DEA44;Höxter;Nordrhein-Westfalen;2020-01-01;2021-12-31;233;2021
1174;C445R685;445;685;8617;DE226;Kelheim;Bayern;2020-01-01;2021-12-31;226;2021
1175;C522R293;522;293;8618;DE40H;Teltow-Fläming;Brandenburg;2020-01-01;2021-12-31;233;2021
1176;C403R120;403;120;8619;DE80K;Landkreis Rostock;Mecklenburg-Vorpommern;2020-01-01;2021-12-31;232;2021
1177;C381R528;381;528;8620;DE24A;Kronach;Bayern;2020-01-01;2021-12-31;240;2021
1178;C280R758;280;758;8621;DE146;Biberach;Baden-Württemberg;2020-01-01;2021-12-31;246;2021
1179;C206R25;206;25;8622;DEF07;Nordfriesland;Schleswig-Holstein;2020-01-01;2021-12-31;237;2021
1180;C384R396;384;396;8623;DEE0A;Mansfeld-Südharz;Sachsen-Anhalt;2020-01-01;2021-12-31;240;2021
1181;C415R122;415;122;8624;DE80K;Landkreis Rostock;Mecklenburg-Vorpommern;2020-01-01;2021-12-31;237;2021
1182;C274R460;274;460;8625;DE733;Hersfeld-Rotenburg;Hessen;2020-01-01;2021-12-31;233;2021
1183;C484R391;484;391;8626;DED53;Nordsachsen;Sachsen;2020-01-01;2021-12-31;231;2021
1184;C430R201;430;201;8627;DE40F;Prignitz;Brandenburg;2020-01-01;2021-12-31;236;2021
1185;C279R451;279;451;8628;DE733;Hersfeld-Rotenburg;Hessen;2020-01-01;2021-12-31;233;2021
1186;C611R420;611;420;8629;DED2C;Bautzen;Sachsen;2020-01-01;2021-12-31;238;2021
1187;C256R774;256;774;8630;DE146;Biberach;Baden-Württemberg;2020-01-01;2021-12-31;243;2021
1188;C303R750;303;750;8631;DE279;Neu-Ulm;Bayern;2020-01-01;2021-12-31;261;2021
1189;C359R515;359;515;8632;DEG0V;Sonneberg;Thüringen;2020-01-01;2021-12-31;238;2021
1190;C370R780;370;780;8633;DE21E;Landsberg am Lech;Bayern;2020-01-01;2021-12-31;236;2021
1191;C316R198;316;198;8634;DE935;Lüneburg, Landkreis;Niedersachsen;2020-01-01;2021-12-31;243;2021
1192;C410R117;410;117;8635;DE80K;Landkreis Rostock;Mecklenburg-Vorpommern;2020-01-01;2021-12-31;237;2021
1193;C454R174;454;174;8636;DE80J;Mecklenburgische Seenplatte;Mecklenburg-Vorpommern;2020-01-01;2021-12-31;236;2021
1194;C227R231;227;231;8637;DE93B;Verden;Niedersachsen;2020-01-01;2021-12-31;230;2021
1195;C181R795;181;795;8638;DE136;Schwarzwald-Baar-Kreis;Baden-Württemberg;2020-01-01;2021-12-31;232;2021
1196;C485R159;485;159;8639;DE80J;Mecklenburgische Seenplatte;Mecklenburg-Vorpommern;2020-01-01;2021-12-31;226;2021
1197;C263R757;263;757;8640;DE145;Alb-Donau-Kreis;Baden-Württemberg;2020-01-01;2021-12-31;246;2021
1198;C471R333;471;333;8641;DEE0E;Wittenberg;Sachsen-Anhalt;2020-01-01;2021-12-31;233;2021
1199;C317R137;317;137;8642;DEF0F;Stormarn;Schleswig-Holstein;2020-01-01;2021-12-31;242;2021
1200;C173R404;173;404;8643;DEA5B;Soest;Nordrhein-Westfalen;2020-01-01;2021-12-31;236;2021
1201;C449R353;449;353;8644;DEE0E;Wittenberg;Sachsen-Anhalt;2020-01-01;2021-12-31;233;2021
1202;C410R248;410;248;8645;DEE0D;Stendal;Sachsen-Anhalt;2020-01-01;2021-12-31;233;2021
1203;C416R477;416;477;8646;DEG0K;Saale-Orla-Kreis;Thüringen;2020-01-01;2021-12-31;234;2021
1204;C214R722;214;722;8647;DE112;Böblingen;Baden-Württemberg;2020-01-01;2021-12-31;230;2021
1205;C131R613;131;613;8648;DEB3D;Donnersbergkreis;Rheinland-Pfalz;2020-01-01;2021-12-31;238;2021
1206;C437R630;437;630;8649;DE234;Amberg-Sulzbach;Bayern;2020-01-01;2021-12-31;238;2021
1207;C344R166;344;166;8650;DE80O;Ludwigslust-Parchim;Mecklenburg-Vorpommern;2020-01-01;2021-12-31;245;2021
1208;C301R640;301;640;8651;DE11A;Schwäbisch Hall;Baden-Württemberg;2020-01-01;2021-12-31;229;2021
1209;C338R323;338;323;8652;DE91B;Wolfenbüttel;Niedersachsen;2020-01-01;2021-12-31;239;2021
1210;C575R310;575;310;8653;DE40C;Oder-Spree;Brandenburg;2020-01-01;2021-12-31;236;2021
1211;C408R268;408;268;8654;DEE0D;Stendal;Sachsen-Anhalt;2020-01-01;2021-12-31;240;2021
1212;C537R434;537;434;8655;DED2E;Meißen;Sachsen;2020-01-01;2021-12-31;231;2021
1213;C448R88;448;88;8656;DE80L;Vorpommern-Rügen;Mecklenburg-Vorpommern;2020-01-01;2021-12-31;248;2021
1214;C484R446;484;446;8657;DED43;Mittelsachsen;Sachsen;2020-01-01;2021-12-31;240;2021
1215;C428R338;428;338;8658;DEE05;Anhalt-Bitterfeld;Sachsen-Anhalt;2020-01-01;2021-12-31;237;2021
1216;C560R202;560;202;8659;DE40I;Uckermark;Brandenburg;2020-01-01;2021-12-31;232;2021
1217;C513R160;513;160;8660;DE80J;Mecklenburgische Seenplatte;Mecklenburg-Vorpommern;2020-01-01;2021-12-31;234;2021
1218;C437R419;437;419;8661;DEE08;Burgenlandkreis;Sachsen-Anhalt;2020-01-01;2021-12-31;233;2021
1219;C512R258;512;258;8662;DE40A;Oberhavel;Brandenburg;2020-01-01;2021-12-31;245;2021
1220;C322R515;322;515;8663;DEG0Q;Schmalkalden-Meiningen;Thüringen;2020-01-01;2021-12-31;233;2021
1221;C288R99;288;99;8664;DEF0B;Rendsburg-Eckernförde;Schleswig-Holstein;2020-01-01;2021-12-31;241;2021
1222;C534R265;534;265;8665;DE405;Barnim;Brandenburg;2020-01-01;2021-12-31;233;2021
1223;C348R336;348;336;8666;DEE09;Harz;Sachsen-Anhalt;2020-01-01;2021-12-31;233;2021
1224;C125R572;125;572;8667;DEB14;Bad Kreuznach;Rheinland-Pfalz;2020-01-01;2021-12-31;230;2021
1225;C516R126;516;126;8668;DE80N;Vorpommern-Greifswald;Mecklenburg-Vorpommern;2020-01-01;2021-12-31;234;2021
1226;C343R174;343;174;8670;DE80O;Ludwigslust-Parchim;Mecklenburg-Vorpommern;2020-01-01;2021-12-31;245;2021
1227;C95R648;95;648;8671;DEC05;Saarpfalz-Kreis;Saarland;2020-01-01;2021-12-31;240;2021
1228;C106R584;106;584;8672;DEB15;Birkenfeld;Rheinland-Pfalz;2020-01-01;2021-12-31;233;2021
1229;C309R755;309;755;8673;DE279;Neu-Ulm;Bayern;2020-01-01;2021-12-31;261;2021
1230;C260R376;260;376;8674;DE918;Northeim;Niedersachsen;2020-01-01;2021-12-31;242;2021
1231;C227R779;227;779;8675;DE149;Sigmaringen;Baden-Württemberg;2020-01-01;2021-12-31;245;2021
1232;C258R28;258;28;8676;DEF0C;Schleswig-Flensburg;Schleswig-Holstein;2020-01-01;2021-12-31;252;2021
1233;C418R103;418;103;8677;DE80K;Landkreis Rostock;Mecklenburg-Vorpommern;2020-01-01;2021-12-31;229;2021
1234;C274R764;274;764;8678;DE145;Alb-Donau-Kreis;Baden-Württemberg;2020-01-01;2021-12-31;237;2021
1235;C113R630;113;630;8679;DEB3F;Kaiserslautern, Landkreis;Rheinland-Pfalz;2020-01-01;2021-12-31;241;2021
1236;C584R261;584;261;8680;DE409;Märkisch-Oderland;Brandenburg;2020-01-01;2021-12-31;232;2021
1237;C351R150;351;150;8681;DE80M;Nordwestmecklenburg;Mecklenburg-Vorpommern;2020-01-01;2021-12-31;243;2021
1238;C411R690;411;690;8682;DE219;Eichstätt;Bayern;2020-01-01;2021-12-31;223;2021
1239;C433R332;433;332;8683;DEE05;Anhalt-Bitterfeld;Sachsen-Anhalt;2020-01-01;2021-12-31;245;2021
1240;C333R696;333;696;8684;DE27D;Donau-Ries;Bayern;2020-01-01;2021-12-31;227;2021
1241;C203R816;203;816;8685;DE138;Konstanz;Baden-Württemberg;2020-01-01;2021-12-31;232;2021
1242;C233R325;233;325;8686;DE923;Hameln-Pyrmont;Niedersachsen;2020-01-01;2021-12-31;236;2021
1243;C102R531;102;531;8687;DEB17;Mayen-Koblenz;Rheinland-Pfalz;2020-01-01;2021-12-31;237;2021
1244;C545R332;545;332;8688;DE406;Dahme-Spreewald;Brandenburg;2020-01-01;2021-12-31;236;2021
1245;C387R352;387;352;8689;DEE0C;Salzlandkreis;Sachsen-Anhalt;2020-01-01;2021-12-31;232;2021
1246;C545R455;545;455;8690;DED2F;Sächsische Schweiz-Osterzgebirge;Sachsen;2020-01-01;2021-12-31;236;2021
1247;C463R158;463;158;8691;DE80J;Mecklenburgische Seenplatte;Mecklenburg-Vorpommern;2020-01-01;2021-12-31;226;2021
1248;C386R332;386;332;8692;DEE07;Börde;Sachsen-Anhalt;2020-01-01;2021-12-31;237;2021
1249;C414R158;414;158;8693;DE80O;Ludwigslust-Parchim;Mecklenburg-Vorpommern;2020-01-01;2021-12-31;243;2021
1250;C402R330;402;330;8694;DEE03;Magdeburg, Kreisfreie Stadt;Sachsen-Anhalt;2020-01-01;2021-12-31;237;2021
1251;C304R106;304;106;8695;DEF0D;Segeberg;Schleswig-Holstein;2020-01-01;2021-12-31;243;2021
1252;C433R429;433;429;8696;DEE08;Burgenlandkreis;Sachsen-Anhalt;2020-01-01;2021-12-31;240;2021
1253;C438R201;438;201;8697;DE40F;Prignitz;Brandenburg;2020-01-01;2021-12-31;236;2021
1254;C249R333;249;333;8698;DE923;Hameln-Pyrmont;Niedersachsen;2020-01-01;2021-12-31;236;2021
1255;C247R324;247;324;8699;DE923;Hameln-Pyrmont;Niedersachsen;2020-01-01;2021-12-31;236;2021
1256;C196R21;196;21;8700;DEF07;Nordfriesland;Schleswig-Holstein;2020-01-01;2021-12-31;229;2021
1257;C271R690;271;690;8701;DE116;Rems-Murr-Kreis;Baden-Württemberg;2020-01-01;2021-12-31;243;2021
1258;C465R381;465;381;8702;DED53;Nordsachsen;Sachsen;2020-01-01;2021-12-31;239;2021
1259;C350R252;350;252;8703;DEE04;Altmarkkreis Salzwedel;Sachsen-Anhalt;2020-01-01;2021-12-31;236;2021
1260;C403R253;403;253;8704;DEE0D;Stendal;Sachsen-Anhalt;2020-01-01;2021-12-31;233;2021
1261;C367R383;367;383;8705;DEE09;Harz;Sachsen-Anhalt;2020-01-01;2021-12-31;237;2021
1262;C467R129;467;129;8706;DE80J;Mecklenburgische Seenplatte;Mecklenburg-Vorpommern;2020-01-01;2021-12-31;231;2021
1263;C555R199;555;199;8707;DE40I;Uckermark;Brandenburg;2020-01-01;2021-12-31;232;2021
1264;C215R493;215;493;8708;DE721;Gießen, Landkreis;Hessen;2020-01-01;2021-12-31;232;2021
1265;C201R25;201;25;8709;DEF07;Nordfriesland;Schleswig-Holstein;2020-01-01;2021-12-31;229;2021
1266;C217R69;217;69;8710;DEF07;Nordfriesland;Schleswig-Holstein;2020-01-01;2021-12-31;232;2021
1267;C252R612;252;612;8711;DE127;Neckar-Odenwald-Kreis;Baden-Württemberg;2020-01-01;2021-12-31;241;2021
1268;C574R172;574;172;8712;DE80N;Vorpommern-Greifswald;Mecklenburg-Vorpommern;2020-01-01;2021-12-31;239;2021
1269;C432R149;432;149;8713;DE80K;Landkreis Rostock;Mecklenburg-Vorpommern;2020-01-01;2021-12-31;243;2021
1270;C319R165;319;165;8714;DEF06;Herzogtum Lauenburg;Schleswig-Holstein;2020-01-01;2021-12-31;235;2021
1271;C399R348;399;348;8715;DEE0C;Salzlandkreis;Sachsen-Anhalt;2020-01-01;2021-12-31;237;2021
1272;C240R421;240;421;8716;DE734;Kassel, Landkreis;Hessen;2020-01-01;2021-12-31;239;2021
1273;C525R161;525;161;8717;DE80J;Mecklenburgische Seenplatte;Mecklenburg-Vorpommern;2020-01-01;2021-12-31;234;2021
1274;C217R530;217;530;8718;DE71E;Wetteraukreis;Hessen;2020-01-01;2021-12-31;244;2021
1275;C542R346;542;346;8720;DE406;Dahme-Spreewald;Brandenburg;2020-01-01;2021-12-31;236;2021
1276;C104R398;104;398;8721;DEA51;Bochum, Kreisfreie Stadt;Nordrhein-Westfalen;2020-01-01;2021-12-31;234;2021
1277;C203R37;203;37;8722;DEF07;Nordfriesland;Schleswig-Holstein;2020-01-01;2021-12-31;237;2021
1278;C361R116;361;116;8723;DE80M;Nordwestmecklenburg;Mecklenburg-Vorpommern;2020-01-01;2021-12-31;242;2021
1279;C96R552;96;552;8724;DEB1C;Cochem-Zell;Rheinland-Pfalz;2020-01-01;2021-12-31;233;2021
1280;C600R410;600;410;8725;DED2C;Bautzen;Sachsen;2020-01-01;2021-12-31;238;2021
1281;C310R448;310;448;8726;DEG0R;Wartburgkreis;Thüringen;2020-01-01;2021-12-31;236;2021
1282;C280R365;280;365;8727;DE918;Northeim;Niedersachsen;2020-01-01;2021-12-31;234;2021
1283;C294R748;294;748;8728;DE145;Alb-Donau-Kreis;Baden-Württemberg;2020-01-01;2021-12-31;261;2021
1284;C357R327;357;327;8729;DEE07;Börde;Sachsen-Anhalt;2020-01-01;2021-12-31;233;2021
1285;C424R532;424;532;8730;DE249;Hof, Landkreis;Bayern;2020-01-01;2021-12-31;232;2021
1286;C78R496;78;496;8731;DEA2C;Rhein-Sieg-Kreis;Nordrhein-Westfalen;2020-01-01;2021-12-31;232;2021
1287;C562R450;562;450;8732;DED2F;Sächsische Schweiz-Osterzgebirge;Sachsen;2020-01-01;2021-12-31;233;2021
1288;C282R713;282;713;8733;DE114;Göppingen;Baden-Württemberg;2020-01-01;2021-12-31;243;2021
1289;C401R354;401;354;8734;DEE0C;Salzlandkreis;Sachsen-Anhalt;2020-01-01;2021-12-31;237;2021
1290;C212R392;212;392;8735;DEA47;Paderborn;Nordrhein-Westfalen;2020-01-01;2021-12-31;239;2021
1291;C376R264;376;264;8736;DEE04;Altmarkkreis Salzwedel;Sachsen-Anhalt;2020-01-01;2021-12-31;251;2021
1292;C525R161;525;161;8737;DE80J;Mecklenburgische Seenplatte;Mecklenburg-Vorpommern;2020-01-01;2021-12-31;234;2021
1293;C504R60;504;60;8738;DE80L;Vorpommern-Rügen;Mecklenburg-Vorpommern;2020-01-01;2021-12-31;226;2021
1294;C436R345;436;345;8739;DEE05;Anhalt-Bitterfeld;Sachsen-Anhalt;2020-01-01;2021-12-31;236;2021
1295;C259R664;259;664;8740;DE11A;Schwäbisch Hall;Baden-Württemberg;2020-01-01;2021-12-31;248;2021
1296;C473R455;473;455;8741;DEG0M;Altenburger Land;Thüringen;2020-01-01;2021-12-31;238;2021
1297;C321R393;321;393;8742;DEG06;Eichsfeld;Thüringen;2020-01-01;2021-12-31;226;2021
1298;C286R720;286;720;8743;DE145;Alb-Donau-Kreis;Baden-Württemberg;2020-01-01;2021-12-31;246;2021
1299;C410R123;410;123;8744;DE80K;Landkreis Rostock;Mecklenburg-Vorpommern;2020-01-01;2021-12-31;237;2021
1300;C466R706;466;706;8745;DE227;Landshut, Landkreis;Bayern;2020-01-01;2021-12-31;228;2021
1301;C471R247;471;247;8746;DE40D;Ostprignitz-Ruppin;Brandenburg;2020-01-01;2021-12-31;236;2021
1302;C327R557;327;557;8747;DE267;Haßberge;Bayern;2020-01-01;2021-12-31;219;2021
1303;C376R324;376;324;8748;DEE07;Börde;Sachsen-Anhalt;2020-01-01;2021-12-31;232;2021
1304;C455R481;455;481;8749;DED45;Zwickau;Sachsen;2020-01-01;2021-12-31;237;2021
1305;C305R543;305;543;8750;DE265;Bad Kissingen;Bayern;2020-01-01;2021-12-31;224;2021
1306;C598R411;598;411;8751;DED2C;Bautzen;Sachsen;2020-01-01;2021-12-31;238;2021
1307;C450R389;450;389;8752;DED53;Nordsachsen;Sachsen;2020-01-01;2021-12-31;239;2021
1308;C544R110;544;110;8753;DE80N;Vorpommern-Greifswald;Mecklenburg-Vorpommern;2020-01-01;2021-12-31;235;2021
1309;C289R305;289;305;8754;DE929;Region Hannover;Niedersachsen;2020-01-01;2021-12-31;239;2021
1310;C526R442;526;442;8755;DED43;Mittelsachsen;Sachsen;2020-01-01;2021-12-31;232;2021
1311;C479R106;479;106;8756;DE80L;Vorpommern-Rügen;Mecklenburg-Vorpommern;2020-01-01;2021-12-31;228;2021
1312;C230R215;230;215;8757;DE93B;Verden;Niedersachsen;2020-01-01;2021-12-31;230;2021
1313;C414R231;414;231;8758;DE40F;Prignitz;Brandenburg;2020-01-01;2021-12-31;233;2021
1314;C429R300;429;300;8759;DEE06;Jerichower Land;Sachsen-Anhalt;2020-01-01;2021-12-31;245;2021
1315;C414R399;414;399;8760;DEE0B;Saalekreis;Sachsen-Anhalt;2020-01-01;2021-12-31;240;2021
1316;C402R309;402;309;8761;DEE07;Börde;Sachsen-Anhalt;2020-01-01;2021-12-31;237;2021
1317;C338R136;338;136;8762;DE80M;Nordwestmecklenburg;Mecklenburg-Vorpommern;2020-01-01;2021-12-31;237;2021
1318;C387R431;387;431;8763;DEG0D;Sömmerda;Thüringen;2020-01-01;2021-12-31;239;2021
1319;C385R366;385;366;8764;DEE09;Harz;Sachsen-Anhalt;2020-01-01;2021-12-31;232;2021
1320;C488R69;488;69;8765;DE80L;Vorpommern-Rügen;Mecklenburg-Vorpommern;2020-01-01;2021-12-31;233;2021
1321;C412R303;412;303;8766;DEE06;Jerichower Land;Sachsen-Anhalt;2020-01-01;2021-12-31;245;2021
1322;C278R56;278;56;8767;DEF0B;Rendsburg-Eckernförde;Schleswig-Holstein;2020-01-01;2021-12-31;252;2021
1323;C360R699;360;699;8768;DE27D;Donau-Ries;Bayern;2020-01-01;2021-12-31;244;2021
1324;C384R125;384;125;8769;DE80M;Nordwestmecklenburg;Mecklenburg-Vorpommern;2020-01-01;2021-12-31;232;2021
1325;C422R112;422;112;8770;DE80K;Landkreis Rostock;Mecklenburg-Vorpommern;2020-01-01;2021-12-31;229;2021
1326;C478R731;478;731;8771;DE22A;Rottal-Inn;Bayern;2020-01-01;2021-12-31;249;2021
1327;C541R419;541;419;8772;DED2E;Meißen;Sachsen;2020-01-01;2021-12-31;231;2021
1328;C492R156;492;156;8773;DE80J;Mecklenburgische Seenplatte;Mecklenburg-Vorpommern;2020-01-01;2021-12-31;234;2021
1329;C498R110;498;110;8774;DE80N;Vorpommern-Greifswald;Mecklenburg-Vorpommern;2020-01-01;2021-12-31;228;2021
1330;C408R713;408;713;8775;DE21J;Pfaffenhofen a. d. Ilm;Bayern;2020-01-01;2021-12-31;239;2021
1331;C210R238;210;238;8776;DE922;Diepholz;Niedersachsen;2020-01-01;2021-12-31;230;2021
1332;C325R179;325;179;8777;DEF06;Herzogtum Lauenburg;Schleswig-Holstein;2020-01-01;2021-12-31;245;2021
1333;C439R523;439;523;8778;DE249;Hof, Landkreis;Bayern;2020-01-01;2021-12-31;236;2021
1334;C274R89;274;89;8779;DEF0B;Rendsburg-Eckernförde;Schleswig-Holstein;2020-01-01;2021-12-31;241;2021
1335;C401R660;401;660;8780;DE236;Neumarkt i. d. OPf.;Bayern;2020-01-01;2021-12-31;232;2021
1336;C456R82;456;82;8781;DE80L;Vorpommern-Rügen;Mecklenburg-Vorpommern;2020-01-01;2021-12-31;248;2021
1337;C195R19;195;19;8782;DEF07;Nordfriesland;Schleswig-Holstein;2020-01-01;2021-12-31;229;2021
1338;C258R609;258;609;8783;DE11B;Main-Tauber-Kreis;Baden-Württemberg;2020-01-01;2021-12-31;241;2021
1339;C293R66;293;66;8784;DEF0B;Rendsburg-Eckernförde;Schleswig-Holstein;2020-01-01;2021-12-31;240;2021
1340;C411R480;411;480;8785;DEG0K;Saale-Orla-Kreis;Thüringen;2020-01-01;2021-12-31;234;2021
1341;C310R408;310;408;8786;DEG06;Eichsfeld;Thüringen;2020-01-01;2021-12-31;228;2021
1342;C633R424;633;424;8787;DED2D;Görlitz;Sachsen;2020-01-01;2021-12-31;236;2021
1343;C436R668;436;668;8788;DE238;Regensburg, Landkreis;Bayern;2020-01-01;2021-12-31;223;2021
1344;C371R368;371;368;8789;DEE09;Harz;Sachsen-Anhalt;2020-01-01;2021-12-31;237;2021
1345;C227R538;227;538;8790;DE719;Main-Kinzig-Kreis;Hessen;2020-01-01;2021-12-31;245;2021
1346;C98R651;98;651;8791;DEB3K;Südwestpfalz;Rheinland-Pfalz;2020-01-01;2021-12-31;240;2021
1347;C230R328;230;328;8792;DE928;Schaumburg;Niedersachsen;2020-01-01;2021-12-31;231;2021
1348;C214R486;214;486;8793;DE721;Gießen, Landkreis;Hessen;2020-01-01;2021-12-31;232;2021
1349;C435R681;435;681;8794;DE226;Kelheim;Bayern;2020-01-01;2021-12-31;226;2021
1350;C399R232;399;232;8795;DEE0D;Stendal;Sachsen-Anhalt;2020-01-01;2021-12-31;233;2021
1351;C333R790;333;790;8796;DE27B;Ostallgäu;Bayern;2020-01-01;2021-12-31;247;2021
1352;C506R680;506;680;8797;DE224;Deggendorf;Bayern;2020-01-01;2021-12-31;231;2021
1353;C258R604;258;604;8798;DE127;Neckar-Odenwald-Kreis;Baden-Württemberg;2020-01-01;2021-12-31;225;2021
1354;C406R464;406;464;8799;DEG0J;Saale-Holzland-Kreis;Thüringen;2020-01-01;2021-12-31;232;2021
1355;C307R418;307;418;8800;DEG06;Eichsfeld;Thüringen;2020-01-01;2021-12-31;227;2021
1356;C534R435;534;435;8801;DED2F;Sächsische Schweiz-Osterzgebirge;Sachsen;2020-01-01;2021-12-31;231;2021
1357;C75R483;75;483;8802;DEA2C;Rhein-Sieg-Kreis;Nordrhein-Westfalen;2020-01-01;2021-12-31;232;2021
1358;C290R370;290;370;8803;DE918;Northeim;Niedersachsen;2020-01-01;2021-12-31;234;2021
1359;C190R339;190;339;8804;DEA41;Bielefeld, Kreisfreie Stadt;Nordrhein-Westfalen;2020-01-01;2021-12-31;232;2021
1360;C213R329;213;329;8805;DEA45;Lippe;Nordrhein-Westfalen;2020-01-01;2021-12-31;231;2021
1361;C389R145;389;145;8806;DE80O;Ludwigslust-Parchim;Mecklenburg-Vorpommern;2020-01-01;2021-12-31;240;2021
1362;C414R340;414;340;8807;DEE0C;Salzlandkreis;Sachsen-Anhalt;2020-01-01;2021-12-31;237;2021
1363;C215R642;215;642;8808;DE128;Rhein-Neckar-Kreis;Baden-Württemberg;2020-01-01;2021-12-31;255;2021
1364;C536R166;536;166;8809;DE40I;Uckermark;Brandenburg;2020-01-01;2021-12-31;230;2021
1365;C466R469;466;469;8810;DED45;Zwickau;Sachsen;2020-01-01;2021-12-31;236;2021
1366;C415R629;415;629;8811;DE234;Amberg-Sulzbach;Bayern;2020-01-01;2021-12-31;234;2021
1367;C483R463;483;463;8812;DED45;Zwickau;Sachsen;2020-01-01;2021-12-31;239;2021
1368;C355R548;355;548;8813;DE247;Coburg, Landkreis;Bayern;2020-01-01;2021-12-31;241;2021
1369;C466R97;466;97;8814;DE80L;Vorpommern-Rügen;Mecklenburg-Vorpommern;2020-01-01;2021-12-31;248;2021
1370;C264R574;264;574;8815;DE26A;Main-Spessart;Bayern;2020-01-01;2021-12-31;225;2021
1371;C378R449;378;449;8816;DEG05;Weimar, Kreisfreie Stadt;Thüringen;2020-01-01;2021-12-31;239;2021
1372;C401R335;401;335;8817;DEE0C;Salzlandkreis;Sachsen-Anhalt;2020-01-01;2021-12-31;237;2021
1373;C420R244;420;244;8818;DEE0D;Stendal;Sachsen-Anhalt;2020-01-01;2021-12-31;233;2021
1374;C111R569;111;569;8819;DEB1D;Rhein-Hunsrück-Kreis;Rheinland-Pfalz;2020-01-01;2021-12-31;238;2021
1375;C370R310;370;310;8820;DEE07;Börde;Sachsen-Anhalt;2020-01-01;2021-12-31;232;2021
1376;C389R367;389;367;8821;DEE0C;Salzlandkreis;Sachsen-Anhalt;2020-01-01;2021-12-31;232;2021
1377;C347R145;347;145;8822;DE80M;Nordwestmecklenburg;Mecklenburg-Vorpommern;2020-01-01;2021-12-31;237;2021
1378;C214R348;214;348;8823;DEA45;Lippe;Nordrhein-Westfalen;2020-01-01;2021-12-31;233;2021
1379;C501R89;501;89;8824;DE80N;Vorpommern-Greifswald;Mecklenburg-Vorpommern;2020-01-01;2021-12-31;226;2021
1380;C390R130;390;130;8825;DE80M;Nordwestmecklenburg;Mecklenburg-Vorpommern;2020-01-01;2021-12-31;232;2021
1381;C288R415;288;415;8826;DEG06;Eichsfeld;Thüringen;2020-01-01;2021-12-31;227;2021
1382;C115R512;115;512;8827;DEB18;Neuwied;Rheinland-Pfalz;2020-01-01;2021-12-31;234;2021
1383;C453R391;453;391;8828;DED53;Nordsachsen;Sachsen;2020-01-01;2021-12-31;241;2021
1384;C509R442;509;442;8829;DED43;Mittelsachsen;Sachsen;2020-01-01;2021-12-31;232;2021
1385;C511R259;511;259;8830;DE40A;Oberhavel;Brandenburg;2020-01-01;2021-12-31;245;2021
1386;C517R461;517;461;8831;DED43;Mittelsachsen;Sachsen;2020-01-01;2021-12-31;254;2021
1387;C362R576;362;576;8832;DE245;Bamberg, Landkreis;Bayern;2020-01-01;2021-12-31;233;2021
1388;C256R44;256;44;8833;DEF0C;Schleswig-Flensburg;Schleswig-Holstein;2020-01-01;2021-12-31;248;2021
1389;C409R321;409;321;8834;DEE06;Jerichower Land;Sachsen-Anhalt;2020-01-01;2021-12-31;237;2021
1390;C313R512;313;512;8835;DE266;Rhön-Grabfeld;Bayern;2020-01-01;2021-12-31;233;2021
1391;C340R319;340;319;8836;DE91B;Wolfenbüttel;Niedersachsen;2020-01-01;2021-12-31;239;2021
1392;C351R78;351;78;8837;DEF08;Ostholstein;Schleswig-Holstein;2020-01-01;2021-12-31;237;2021
1393;C631R421;631;421;8838;DED2D;Görlitz;Sachsen;2020-01-01;2021-12-31;236;2021
1394;C265R788;265;788;8839;DE148;Ravensburg;Baden-Württemberg;2020-01-01;2021-12-31;243;2021
1395;C199R464;199;464;8840;DE724;Marburg-Biedenkopf;Hessen;2020-01-01;2021-12-31;248;2021
1396;C209R677;209;677;8841;DE12B;Enzkreis;Baden-Württemberg;2020-01-01;2021-12-31;238;2021
1397;C318R114;318;114;8842;DEF08;Ostholstein;Schleswig-Holstein;2020-01-01;2021-12-31;242;2021
1398;C352R425;352;425;8843;DEG0A;Kyffhäuserkreis;Thüringen;2020-01-01;2021-12-31;227;2021
1399;C472R108;472;108;8844;DE80L;Vorpommern-Rügen;Mecklenburg-Vorpommern;2020-01-01;2021-12-31;228;2021
1400;C308R392;308;392;8845;DE91C;Göttingen;Niedersachsen;2020-01-01;2021-12-31;236;2021
1401;C531R436;531;436;8846;DED2F;Sächsische Schweiz-Osterzgebirge;Sachsen;2020-01-01;2021-12-31;231;2021
