location,FertilizerScenario,crop,Event,vType,DVS,Amount
940,2,potato,1,Urea,0.001,8.5
940,2,potato,1,P,0.001,20.62
940,2,potato,1,K,0.001,26.49
940,2,potato,2,Urea,0.3,12.7
940,2,potato,3,Urea,0.5,17.9
941,2,potato,1,Urea,0.001,8.5
941,2,potato,1,P,0.001,20.62
941,2,potato,1,K,0.001,26.49
941,2,potato,2,Urea,0.3,12.7
941,2,potato,3,Urea,0.5,17.9
942,2,potato,1,Urea,0.001,8.5
942,2,potato,1,P,0.001,20.62
942,2,potato,1,K,0.001,26.49
942,2,potato,2,Urea,0.3,12.7
942,2,potato,3,Urea,0.5,17.9
943,2,potato,1,Urea,0.001,8.5
943,2,potato,1,P,0.001,20.62
943,2,potato,1,K,0.001,26.49
943,2,potato,2,Urea,0.3,12.7
943,2,potato,3,Urea,0.5,17.9
944,2,potato,1,Urea,0.001,8.5
944,2,potato,1,P,0.001,20.62
944,2,potato,1,K,0.001,26.49
944,2,potato,2,Urea,0.3,12.7
944,2,potato,3,Urea,0.5,17.9
945,2,potato,1,Urea,0.001,8.5
945,2,potato,1,P,0.001,20.62
945,2,potato,1,K,0.001,26.49
945,2,potato,2,Urea,0.3,12.7
945,2,potato,3,Urea,0.5,17.9
946,2,potato,1,Urea,0.001,8.5
946,2,potato,1,P,0.001,20.62
946,2,potato,1,K,0.001,26.49
946,2,potato,2,Urea,0.3,12.7
946,2,potato,3,Urea,0.5,17.9
947,2,potato,1,Urea,0.001,8.5
947,2,potato,1,P,0.001,20.62
947,2,potato,1,K,0.001,26.49
947,2,potato,2,Urea,0.3,12.7
947,2,potato,3,Urea,0.5,17.9
948,2,potato,1,Urea,0.001,8.5
948,2,potato,1,P,0.001,20.62
948,2,potato,1,K,0.001,26.49
948,2,potato,2,Urea,0.3,12.7
948,2,potato,3,Urea,0.5,17.9
949,2,potato,1,Urea,0.001,8.5
949,2,potato,1,P,0.001,20.62
949,2,potato,1,K,0.001,26.49
949,2,potato,2,Urea,0.3,12.7
949,2,potato,3,Urea,0.5,17.9
950,2,potato,1,Urea,0.001,8.5
950,2,potato,1,P,0.001,20.62
950,2,potato,1,K,0.001,26.49
950,2,potato,2,Urea,0.3,12.7
950,2,potato,3,Urea,0.5,17.9
951,2,potato,1,Urea,0.001,8.5
951,2,potato,1,P,0.001,20.62
951,2,potato,1,K,0.001,26.49
951,2,potato,2,Urea,0.3,12.7
951,2,potato,3,Urea,0.5,17.9
952,2,potato,1,Urea,0.001,8.5
952,2,potato,1,P,0.001,20.62
952,2,potato,1,K,0.001,26.49
952,2,potato,2,Urea,0.3,12.7
952,2,potato,3,Urea,0.5,17.9
953,2,potato,1,Urea,0.001,8.5
953,2,potato,1,P,0.001,20.62
953,2,potato,1,K,0.001,26.49
953,2,potato,2,Urea,0.3,12.7
953,2,potato,3,Urea,0.5,17.9
954,2,potato,1,Urea,0.001,8.5
954,2,potato,1,P,0.001,20.62
954,2,potato,1,K,0.001,26.49
954,2,potato,2,Urea,0.3,12.7
954,2,potato,3,Urea,0.5,17.9
955,2,potato,1,Urea,0.001,8.5
955,2,potato,1,P,0.001,20.62
955,2,potato,1,K,0.001,26.49
955,2,potato,2,Urea,0.3,12.7
955,2,potato,3,Urea,0.5,17.9
956,2,potato,1,Urea,0.001,8.5
956,2,potato,1,P,0.001,20.62
956,2,potato,1,K,0.001,26.49
956,2,potato,2,Urea,0.3,12.7
956,2,potato,3,Urea,0.5,17.9
957,2,potato,1,Urea,0.001,8.5
957,2,potato,1,P,0.001,20.62
957,2,potato,1,K,0.001,26.49
957,2,potato,2,Urea,0.3,12.7
957,2,potato,3,Urea,0.5,17.9
958,2,potato,1,Urea,0.001,8.5
958,2,potato,1,P,0.001,20.62
958,2,potato,1,K,0.001,26.49
958,2,potato,2,Urea,0.3,12.7
958,2,potato,3,Urea,0.5,17.9
959,2,potato,1,Urea,0.001,8.5
959,2,potato,1,P,0.001,20.62
959,2,potato,1,K,0.001,26.49
959,2,potato,2,Urea,0.3,12.7
959,2,potato,3,Urea,0.5,17.9
960,2,potato,1,Urea,0.001,8.5
960,2,potato,1,P,0.001,20.62
960,2,potato,1,K,0.001,26.49
960,2,potato,2,Urea,0.3,12.7
960,2,potato,3,Urea,0.5,17.9
961,2,potato,1,Urea,0.001,8.5
961,2,potato,1,P,0.001,20.62
961,2,potato,1,K,0.001,26.49
961,2,potato,2,Urea,0.3,12.7
961,2,potato,3,Urea,0.5,17.9
962,2,potato,1,Urea,0.001,8.5
962,2,potato,1,P,0.001,20.62
962,2,potato,1,K,0.001,26.49
962,2,potato,2,Urea,0.3,12.7
962,2,potato,3,Urea,0.5,17.9
963,2,potato,1,Urea,0.001,8.5
963,2,potato,1,P,0.001,20.62
963,2,potato,1,K,0.001,26.49
963,2,potato,2,Urea,0.3,12.7
963,2,potato,3,Urea,0.5,17.9
964,2,potato,1,Urea,0.001,8.5
964,2,potato,1,P,0.001,20.62
964,2,potato,1,K,0.001,26.49
964,2,potato,2,Urea,0.3,12.7
964,2,potato,3,Urea,0.5,17.9
965,2,potato,1,Urea,0.001,8.5
965,2,potato,1,P,0.001,20.62
965,2,potato,1,K,0.001,26.49
965,2,potato,2,Urea,0.3,12.7
965,2,potato,3,Urea,0.5,17.9
966,2,potato,1,Urea,0.001,8.5
966,2,potato,1,P,0.001,20.62
966,2,potato,1,K,0.001,26.49
966,2,potato,2,Urea,0.3,12.7
966,2,potato,3,Urea,0.5,17.9
967,2,potato,1,Urea,0.001,8.5
967,2,potato,1,P,0.001,20.62
967,2,potato,1,K,0.001,26.49
967,2,potato,2,Urea,0.3,12.7
967,2,potato,3,Urea,0.5,17.9
968,2,potato,1,Urea,0.001,8.5
968,2,potato,1,P,0.001,20.62
968,2,potato,1,K,0.001,26.49
968,2,potato,2,Urea,0.3,12.7
968,2,potato,3,Urea,0.5,17.9
969,2,potato,1,Urea,0.001,8.5
969,2,potato,1,P,0.001,20.62
969,2,potato,1,K,0.001,26.49
969,2,potato,2,Urea,0.3,12.7
969,2,potato,3,Urea,0.5,17.9
970,2,potato,1,Urea,0.001,8.5
970,2,potato,1,P,0.001,20.62
970,2,potato,1,K,0.001,26.49
970,2,potato,2,Urea,0.3,12.7
970,2,potato,3,Urea,0.5,17.9
971,2,potato,1,Urea,0.001,8.5
971,2,potato,1,P,0.001,20.62
971,2,potato,1,K,0.001,26.49
971,2,potato,2,Urea,0.3,12.7
971,2,potato,3,Urea,0.5,17.9
972,2,potato,1,Urea,0.001,8.5
972,2,potato,1,P,0.001,20.62
972,2,potato,1,K,0.001,26.49
972,2,potato,2,Urea,0.3,12.7
972,2,potato,3,Urea,0.5,17.9
973,2,potato,1,Urea,0.001,8.5
973,2,potato,1,P,0.001,20.62
973,2,potato,1,K,0.001,26.49
973,2,potato,2,Urea,0.3,12.7
973,2,potato,3,Urea,0.5,17.9
974,2,potato,1,Urea,0.001,8.5
974,2,potato,1,P,0.001,20.62
974,2,potato,1,K,0.001,26.49
974,2,potato,2,Urea,0.3,12.7
974,2,potato,3,Urea,0.5,17.9
975,2,potato,1,Urea,0.001,8.5
975,2,potato,1,P,0.001,20.62
975,2,potato,1,K,0.001,26.49
975,2,potato,2,Urea,0.3,12.7
975,2,potato,3,Urea,0.5,17.9
976,2,potato,1,Urea,0.001,8.5
976,2,potato,1,P,0.001,20.62
976,2,potato,1,K,0.001,26.49
976,2,potato,2,Urea,0.3,12.7
976,2,potato,3,Urea,0.5,17.9
977,2,potato,1,Urea,0.001,8.5
977,2,potato,1,P,0.001,20.62
977,2,potato,1,K,0.001,26.49
977,2,potato,2,Urea,0.3,12.7
977,2,potato,3,Urea,0.5,17.9
978,2,potato,1,Urea,0.001,8.5
978,2,potato,1,P,0.001,20.62
978,2,potato,1,K,0.001,26.49
978,2,potato,2,Urea,0.3,12.7
978,2,potato,3,Urea,0.5,17.9
979,2,potato,1,Urea,0.001,8.5
979,2,potato,1,P,0.001,20.62
979,2,potato,1,K,0.001,26.49
979,2,potato,2,Urea,0.3,12.7
979,2,potato,3,Urea,0.5,17.9
980,2,potato,1,Urea,0.001,8.5
980,2,potato,1,P,0.001,20.62
980,2,potato,1,K,0.001,26.49
980,2,potato,2,Urea,0.3,12.7
980,2,potato,3,Urea,0.5,17.9
981,2,potato,1,Urea,0.001,8.5
981,2,potato,1,P,0.001,20.62
981,2,potato,1,K,0.001,26.49
981,2,potato,2,Urea,0.3,12.7
981,2,potato,3,Urea,0.5,17.9
982,2,potato,1,Urea,0.001,8.5
982,2,potato,1,P,0.001,20.62
982,2,potato,1,K,0.001,26.49
982,2,potato,2,Urea,0.3,12.7
982,2,potato,3,Urea,0.5,17.9
983,2,potato,1,Urea,0.001,8.5
983,2,potato,1,P,0.001,20.62
983,2,potato,1,K,0.001,26.49
983,2,potato,2,Urea,0.3,12.7
983,2,potato,3,Urea,0.5,17.9
984,2,potato,1,Urea,0.001,8.5
984,2,potato,1,P,0.001,20.62
984,2,potato,1,K,0.001,26.49
984,2,potato,2,Urea,0.3,12.7
984,2,potato,3,Urea,0.5,17.9
985,2,potato,1,Urea,0.001,8.5
985,2,potato,1,P,0.001,20.62
985,2,potato,1,K,0.001,26.49
985,2,potato,2,Urea,0.3,12.7
985,2,potato,3,Urea,0.5,17.9
986,2,potato,1,Urea,0.001,8.5
986,2,potato,1,P,0.001,20.62
986,2,potato,1,K,0.001,26.49
986,2,potato,2,Urea,0.3,12.7
986,2,potato,3,Urea,0.5,17.9
987,2,potato,1,Urea,0.001,8.5
987,2,potato,1,P,0.001,20.62
987,2,potato,1,K,0.001,26.49
987,2,potato,2,Urea,0.3,12.7
987,2,potato,3,Urea,0.5,17.9
988,2,potato,1,Urea,0.001,8.5
988,2,potato,1,P,0.001,20.62
988,2,potato,1,K,0.001,26.49
988,2,potato,2,Urea,0.3,12.7
988,2,potato,3,Urea,0.5,17.9
989,2,potato,1,Urea,0.001,8.5
989,2,potato,1,P,0.001,20.62
989,2,potato,1,K,0.001,26.49
989,2,potato,2,Urea,0.3,12.7
989,2,potato,3,Urea,0.5,17.9
990,2,potato,1,Urea,0.001,8.5
990,2,potato,1,P,0.001,20.62
990,2,potato,1,K,0.001,26.49
990,2,potato,2,Urea,0.3,12.7
990,2,potato,3,Urea,0.5,17.9
992,2,potato,1,Urea,0.001,8.5
992,2,potato,1,P,0.001,20.62
992,2,potato,1,K,0.001,26.49
992,2,potato,2,Urea,0.3,12.7
992,2,potato,3,Urea,0.5,17.9
993,2,potato,1,Urea,0.001,8.5
993,2,potato,1,P,0.001,20.62
993,2,potato,1,K,0.001,26.49
993,2,potato,2,Urea,0.3,12.7
993,2,potato,3,Urea,0.5,17.9
994,2,potato,1,Urea,0.001,8.5
994,2,potato,1,P,0.001,20.62
994,2,potato,1,K,0.001,26.49
994,2,potato,2,Urea,0.3,12.7
994,2,potato,3,Urea,0.5,17.9
995,2,potato,1,Urea,0.001,8.5
995,2,potato,1,P,0.001,20.62
995,2,potato,1,K,0.001,26.49
995,2,potato,2,Urea,0.3,12.7
995,2,potato,3,Urea,0.5,17.9
996,2,potato,1,Urea,0.001,8.5
996,2,potato,1,P,0.001,20.62
996,2,potato,1,K,0.001,26.49
996,2,potato,2,Urea,0.3,12.7
996,2,potato,3,Urea,0.5,17.9
997,2,potato,1,Urea,0.001,8.5
997,2,potato,1,P,0.001,20.62
997,2,potato,1,K,0.001,26.49
997,2,potato,2,Urea,0.3,12.7
997,2,potato,3,Urea,0.5,17.9
998,2,potato,1,Urea,0.001,8.5
998,2,potato,1,P,0.001,20.62
998,2,potato,1,K,0.001,26.49
998,2,potato,2,Urea,0.3,12.7
998,2,potato,3,Urea,0.5,17.9
999,2,potato,1,Urea,0.001,8.5
999,2,potato,1,P,0.001,20.62
999,2,potato,1,K,0.001,26.49
999,2,potato,2,Urea,0.3,12.7
999,2,potato,3,Urea,0.5,17.9
1000,2,potato,1,Urea,0.001,8.5
1000,2,potato,1,P,0.001,20.62
1000,2,potato,1,K,0.001,26.49
1000,2,potato,2,Urea,0.3,12.7
1000,2,potato,3,Urea,0.5,17.9
1001,2,potato,1,Urea,0.001,8.5
1001,2,potato,1,P,0.001,20.62
1001,2,potato,1,K,0.001,26.49
1001,2,potato,2,Urea,0.3,12.7
1001,2,potato,3,Urea,0.5,17.9
1002,2,potato,1,Urea,0.001,8.5
1002,2,potato,1,P,0.001,20.62
1002,2,potato,1,K,0.001,26.49
1002,2,potato,2,Urea,0.3,12.7
1002,2,potato,3,Urea,0.5,17.9
1003,2,potato,1,Urea,0.001,8.5
1003,2,potato,1,P,0.001,20.62
1003,2,potato,1,K,0.001,26.49
1003,2,potato,2,Urea,0.3,12.7
1003,2,potato,3,Urea,0.5,17.9
1004,2,potato,1,Urea,0.001,8.5
1004,2,potato,1,P,0.001,20.62
1004,2,potato,1,K,0.001,26.49
1004,2,potato,2,Urea,0.3,12.7
1004,2,potato,3,Urea,0.5,17.9
1005,2,potato,1,Urea,0.001,8.5
1005,2,potato,1,P,0.001,20.62
1005,2,potato,1,K,0.001,26.49
1005,2,potato,2,Urea,0.3,12.7
1005,2,potato,3,Urea,0.5,17.9
1006,2,potato,1,Urea,0.001,8.5
1006,2,potato,1,P,0.001,20.62
1006,2,potato,1,K,0.001,26.49
1006,2,potato,2,Urea,0.3,12.7
1006,2,potato,3,Urea,0.5,17.9
1007,2,potato,1,Urea,0.001,8.5
1007,2,potato,1,P,0.001,20.62
1007,2,potato,1,K,0.001,26.49
1007,2,potato,2,Urea,0.3,12.7
1007,2,potato,3,Urea,0.5,17.9
1008,2,potato,1,Urea,0.001,8.5
1008,2,potato,1,P,0.001,20.62
1008,2,potato,1,K,0.001,26.49
1008,2,potato,2,Urea,0.3,12.7
1008,2,potato,3,Urea,0.5,17.9
1009,2,potato,1,Urea,0.001,8.5
1009,2,potato,1,P,0.001,20.62
1009,2,potato,1,K,0.001,26.49
1009,2,potato,2,Urea,0.3,12.7
1009,2,potato,3,Urea,0.5,17.9
1010,2,potato,1,Urea,0.001,8.5
1010,2,potato,1,P,0.001,20.62
1010,2,potato,1,K,0.001,26.49
1010,2,potato,2,Urea,0.3,12.7
1010,2,potato,3,Urea,0.5,17.9
1011,2,potato,1,Urea,0.001,8.5
1011,2,potato,1,P,0.001,20.62
1011,2,potato,1,K,0.001,26.49
1011,2,potato,2,Urea,0.3,12.7
1011,2,potato,3,Urea,0.5,17.9
1012,2,potato,1,Urea,0.001,8.5
1012,2,potato,1,P,0.001,20.62
1012,2,potato,1,K,0.001,26.49
1012,2,potato,2,Urea,0.3,12.7
1012,2,potato,3,Urea,0.5,17.9
1013,2,potato,1,Urea,0.001,8.5
1013,2,potato,1,P,0.001,20.62
1013,2,potato,1,K,0.001,26.49
1013,2,potato,2,Urea,0.3,12.7
1013,2,potato,3,Urea,0.5,17.9
1014,2,potato,1,Urea,0.001,8.5
1014,2,potato,1,P,0.001,20.62
1014,2,potato,1,K,0.001,26.49
1014,2,potato,2,Urea,0.3,12.7
1014,2,potato,3,Urea,0.5,17.9
1015,2,potato,1,Urea,0.001,8.5
1015,2,potato,1,P,0.001,20.62
1015,2,potato,1,K,0.001,26.49
1015,2,potato,2,Urea,0.3,12.7
1015,2,potato,3,Urea,0.5,17.9
1016,2,potato,1,Urea,0.001,8.5
1016,2,potato,1,P,0.001,20.62
1016,2,potato,1,K,0.001,26.49
1016,2,potato,2,Urea,0.3,12.7
1016,2,potato,3,Urea,0.5,17.9
1017,2,potato,1,Urea,0.001,8.5
1017,2,potato,1,P,0.001,20.62
1017,2,potato,1,K,0.001,26.49
1017,2,potato,2,Urea,0.3,12.7
1017,2,potato,3,Urea,0.5,17.9
1018,2,potato,1,Urea,0.001,8.5
1018,2,potato,1,P,0.001,20.62
1018,2,potato,1,K,0.001,26.49
1018,2,potato,2,Urea,0.3,12.7
1018,2,potato,3,Urea,0.5,17.9
1019,2,potato,1,Urea,0.001,8.5
1019,2,potato,1,P,0.001,20.62
1019,2,potato,1,K,0.001,26.49
1019,2,potato,2,Urea,0.3,12.7
1019,2,potato,3,Urea,0.5,17.9
1020,2,potato,1,Urea,0.001,8.5
1020,2,potato,1,P,0.001,20.62
1020,2,potato,1,K,0.001,26.49
1020,2,potato,2,Urea,0.3,12.7
1020,2,potato,3,Urea,0.5,17.9
1021,2,potato,1,Urea,0.001,8.5
1021,2,potato,1,P,0.001,20.62
1021,2,potato,1,K,0.001,26.49
1021,2,potato,2,Urea,0.3,12.7
1021,2,potato,3,Urea,0.5,17.9
1022,2,potato,1,Urea,0.001,8.5
1022,2,potato,1,P,0.001,20.62
1022,2,potato,1,K,0.001,26.49
1022,2,potato,2,Urea,0.3,12.7
1022,2,potato,3,Urea,0.5,17.9
1023,2,potato,1,Urea,0.001,8.5
1023,2,potato,1,P,0.001,20.62
1023,2,potato,1,K,0.001,26.49
1023,2,potato,2,Urea,0.3,12.7
1023,2,potato,3,Urea,0.5,17.9
1024,2,potato,1,Urea,0.001,8.5
1024,2,potato,1,P,0.001,20.62
1024,2,potato,1,K,0.001,26.49
1024,2,potato,2,Urea,0.3,12.7
1024,2,potato,3,Urea,0.5,17.9
1025,2,potato,1,Urea,0.001,8.5
1025,2,potato,1,P,0.001,20.62
1025,2,potato,1,K,0.001,26.49
1025,2,potato,2,Urea,0.3,12.7
1025,2,potato,3,Urea,0.5,17.9
1026,2,potato,1,Urea,0.001,8.5
1026,2,potato,1,P,0.001,20.62
1026,2,potato,1,K,0.001,26.49
1026,2,potato,2,Urea,0.3,12.7
1026,2,potato,3,Urea,0.5,17.9
1027,2,potato,1,Urea,0.001,8.5
1027,2,potato,1,P,0.001,20.62
1027,2,potato,1,K,0.001,26.49
1027,2,potato,2,Urea,0.3,12.7
1027,2,potato,3,Urea,0.5,17.9
1028,2,potato,1,Urea,0.001,8.5
1028,2,potato,1,P,0.001,20.62
1028,2,potato,1,K,0.001,26.49
1028,2,potato,2,Urea,0.3,12.7
1028,2,potato,3,Urea,0.5,17.9
1029,2,potato,1,Urea,0.001,8.5
1029,2,potato,1,P,0.001,20.62
1029,2,potato,1,K,0.001,26.49
1029,2,potato,2,Urea,0.3,12.7
1029,2,potato,3,Urea,0.5,17.9
1030,2,potato,1,Urea,0.001,8.5
1030,2,potato,1,P,0.001,20.62
1030,2,potato,1,K,0.001,26.49
1030,2,potato,2,Urea,0.3,12.7
1030,2,potato,3,Urea,0.5,17.9
1031,2,potato,1,Urea,0.001,8.5
1031,2,potato,1,P,0.001,20.62
1031,2,potato,1,K,0.001,26.49
1031,2,potato,2,Urea,0.3,12.7
1031,2,potato,3,Urea,0.5,17.9
1032,2,potato,1,Urea,0.001,8.5
1032,2,potato,1,P,0.001,20.62
1032,2,potato,1,K,0.001,26.49
1032,2,potato,2,Urea,0.3,12.7
1032,2,potato,3,Urea,0.5,17.9
1033,2,potato,1,Urea,0.001,8.5
1033,2,potato,1,P,0.001,20.62
1033,2,potato,1,K,0.001,26.49
1033,2,potato,2,Urea,0.3,12.7
1033,2,potato,3,Urea,0.5,17.9
1034,2,potato,1,Urea,0.001,8.5
1034,2,potato,1,P,0.001,20.62
1034,2,potato,1,K,0.001,26.49
1034,2,potato,2,Urea,0.3,12.7
1034,2,potato,3,Urea,0.5,17.9
1035,2,potato,1,Urea,0.001,8.5
1035,2,potato,1,P,0.001,20.62
1035,2,potato,1,K,0.001,26.49
1035,2,potato,2,Urea,0.3,12.7
1035,2,potato,3,Urea,0.5,17.9
1036,2,potato,1,Urea,0.001,8.5
1036,2,potato,1,P,0.001,20.62
1036,2,potato,1,K,0.001,26.49
1036,2,potato,2,Urea,0.3,12.7
1036,2,potato,3,Urea,0.5,17.9
1037,2,potato,1,Urea,0.001,8.5
1037,2,potato,1,P,0.001,20.62
1037,2,potato,1,K,0.001,26.49
1037,2,potato,2,Urea,0.3,12.7
1037,2,potato,3,Urea,0.5,17.9
1038,2,potato,1,Urea,0.001,8.5
1038,2,potato,1,P,0.001,20.62
1038,2,potato,1,K,0.001,26.49
1038,2,potato,2,Urea,0.3,12.7
1038,2,potato,3,Urea,0.5,17.9
1039,2,potato,1,Urea,0.001,8.5
1039,2,potato,1,P,0.001,20.62
1039,2,potato,1,K,0.001,26.49
1039,2,potato,2,Urea,0.3,12.7
1039,2,potato,3,Urea,0.5,17.9
1040,2,potato,1,Urea,0.001,8.5
1040,2,potato,1,P,0.001,20.62
1040,2,potato,1,K,0.001,26.49
1040,2,potato,2,Urea,0.3,12.7
1040,2,potato,3,Urea,0.5,17.9
1041,2,potato,1,Urea,0.001,8.5
1041,2,potato,1,P,0.001,20.62
1041,2,potato,1,K,0.001,26.49
1041,2,potato,2,Urea,0.3,12.7
1041,2,potato,3,Urea,0.5,17.9
1042,2,potato,1,Urea,0.001,8.5
1042,2,potato,1,P,0.001,20.62
1042,2,potato,1,K,0.001,26.49
1042,2,potato,2,Urea,0.3,12.7
1042,2,potato,3,Urea,0.5,17.9
1043,2,potato,1,Urea,0.001,8.5
1043,2,potato,1,P,0.001,20.62
1043,2,potato,1,K,0.001,26.49
1043,2,potato,2,Urea,0.3,12.7
1043,2,potato,3,Urea,0.5,17.9
1044,2,potato,1,Urea,0.001,8.5
1044,2,potato,1,P,0.001,20.62
1044,2,potato,1,K,0.001,26.49
1044,2,potato,2,Urea,0.3,12.7
1044,2,potato,3,Urea,0.5,17.9
1045,2,potato,1,Urea,0.001,8.5
1045,2,potato,1,P,0.001,20.62
1045,2,potato,1,K,0.001,26.49
1045,2,potato,2,Urea,0.3,12.7
1045,2,potato,3,Urea,0.5,17.9
1046,2,potato,1,Urea,0.001,8.5
1046,2,potato,1,P,0.001,20.62
1046,2,potato,1,K,0.001,26.49
1046,2,potato,2,Urea,0.3,12.7
1046,2,potato,3,Urea,0.5,17.9
1047,2,potato,1,Urea,0.001,8.5
1047,2,potato,1,P,0.001,20.62
1047,2,potato,1,K,0.001,26.49
1047,2,potato,2,Urea,0.3,12.7
1047,2,potato,3,Urea,0.5,17.9
1048,2,potato,1,Urea,0.001,8.5
1048,2,potato,1,P,0.001,20.62
1048,2,potato,1,K,0.001,26.49
1048,2,potato,2,Urea,0.3,12.7
1048,2,potato,3,Urea,0.5,17.9
1049,2,potato,1,Urea,0.001,8.5
1049,2,potato,1,P,0.001,20.62
1049,2,potato,1,K,0.001,26.49
1049,2,potato,2,Urea,0.3,12.7
1049,2,potato,3,Urea,0.5,17.9
1050,2,potato,1,Urea,0.001,8.5
1050,2,potato,1,P,0.001,20.62
1050,2,potato,1,K,0.001,26.49
1050,2,potato,2,Urea,0.3,12.7
1050,2,potato,3,Urea,0.5,17.9
1051,2,potato,1,Urea,0.001,8.5
1051,2,potato,1,P,0.001,20.62
1051,2,potato,1,K,0.001,26.49
1051,2,potato,2,Urea,0.3,12.7
1051,2,potato,3,Urea,0.5,17.9
1052,2,potato,1,Urea,0.001,8.5
1052,2,potato,1,P,0.001,20.62
1052,2,potato,1,K,0.001,26.49
1052,2,potato,2,Urea,0.3,12.7
1052,2,potato,3,Urea,0.5,17.9
1053,2,potato,1,Urea,0.001,8.5
1053,2,potato,1,P,0.001,20.62
1053,2,potato,1,K,0.001,26.49
1053,2,potato,2,Urea,0.3,12.7
1053,2,potato,3,Urea,0.5,17.9
1054,2,potato,1,Urea,0.001,8.5
1054,2,potato,1,P,0.001,20.62
1054,2,potato,1,K,0.001,26.49
1054,2,potato,2,Urea,0.3,12.7
1054,2,potato,3,Urea,0.5,17.9
1055,2,potato,1,Urea,0.001,8.5
1055,2,potato,1,P,0.001,20.62
1055,2,potato,1,K,0.001,26.49
1055,2,potato,2,Urea,0.3,12.7
1055,2,potato,3,Urea,0.5,17.9
1056,2,potato,1,Urea,0.001,8.5
1056,2,potato,1,P,0.001,20.62
1056,2,potato,1,K,0.001,26.49
1056,2,potato,2,Urea,0.3,12.7
1056,2,potato,3,Urea,0.5,17.9
1057,2,potato,1,Urea,0.001,8.5
1057,2,potato,1,P,0.001,20.62
1057,2,potato,1,K,0.001,26.49
1057,2,potato,2,Urea,0.3,12.7
1057,2,potato,3,Urea,0.5,17.9
1058,2,potato,1,Urea,0.001,8.5
1058,2,potato,1,P,0.001,20.62
1058,2,potato,1,K,0.001,26.49
1058,2,potato,2,Urea,0.3,12.7
1058,2,potato,3,Urea,0.5,17.9
1059,2,potato,1,Urea,0.001,8.5
1059,2,potato,1,P,0.001,20.62
1059,2,potato,1,K,0.001,26.49
1059,2,potato,2,Urea,0.3,12.7
1059,2,potato,3,Urea,0.5,17.9
1060,2,potato,1,Urea,0.001,8.5
1060,2,potato,1,P,0.001,20.62
1060,2,potato,1,K,0.001,26.49
1060,2,potato,2,Urea,0.3,12.7
1060,2,potato,3,Urea,0.5,17.9
1061,2,potato,1,Urea,0.001,8.5
1061,2,potato,1,P,0.001,20.62
1061,2,potato,1,K,0.001,26.49
1061,2,potato,2,Urea,0.3,12.7
1061,2,potato,3,Urea,0.5,17.9
1062,2,potato,1,Urea,0.001,8.5
1062,2,potato,1,P,0.001,20.62
1062,2,potato,1,K,0.001,26.49
1062,2,potato,2,Urea,0.3,12.7
1062,2,potato,3,Urea,0.5,17.9
1063,2,potato,1,Urea,0.001,8.5
1063,2,potato,1,P,0.001,20.62
1063,2,potato,1,K,0.001,26.49
1063,2,potato,2,Urea,0.3,12.7
1063,2,potato,3,Urea,0.5,17.9
1064,2,potato,1,Urea,0.001,8.5
1064,2,potato,1,P,0.001,20.62
1064,2,potato,1,K,0.001,26.49
1064,2,potato,2,Urea,0.3,12.7
1064,2,potato,3,Urea,0.5,17.9
1065,2,potato,1,Urea,0.001,8.5
1065,2,potato,1,P,0.001,20.62
1065,2,potato,1,K,0.001,26.49
1065,2,potato,2,Urea,0.3,12.7
1065,2,potato,3,Urea,0.5,17.9
1066,2,potato,1,Urea,0.001,8.5
1066,2,potato,1,P,0.001,20.62
1066,2,potato,1,K,0.001,26.49
1066,2,potato,2,Urea,0.3,12.7
1066,2,potato,3,Urea,0.5,17.9
1067,2,potato,1,Urea,0.001,8.5
1067,2,potato,1,P,0.001,20.62
1067,2,potato,1,K,0.001,26.49
1067,2,potato,2,Urea,0.3,12.7
1067,2,potato,3,Urea,0.5,17.9
1068,2,potato,1,Urea,0.001,8.5
1068,2,potato,1,P,0.001,20.62
1068,2,potato,1,K,0.001,26.49
1068,2,potato,2,Urea,0.3,12.7
1068,2,potato,3,Urea,0.5,17.9
1069,2,potato,1,Urea,0.001,8.5
1069,2,potato,1,P,0.001,20.62
1069,2,potato,1,K,0.001,26.49
1069,2,potato,2,Urea,0.3,12.7
1069,2,potato,3,Urea,0.5,17.9
1070,2,potato,1,Urea,0.001,8.5
1070,2,potato,1,P,0.001,20.62
1070,2,potato,1,K,0.001,26.49
1070,2,potato,2,Urea,0.3,12.7
1070,2,potato,3,Urea,0.5,17.9
1071,2,potato,1,Urea,0.001,8.5
1071,2,potato,1,P,0.001,20.62
1071,2,potato,1,K,0.001,26.49
1071,2,potato,2,Urea,0.3,12.7
1071,2,potato,3,Urea,0.5,17.9
1072,2,potato,1,Urea,0.001,8.5
1072,2,potato,1,P,0.001,20.62
1072,2,potato,1,K,0.001,26.49
1072,2,potato,2,Urea,0.3,12.7
1072,2,potato,3,Urea,0.5,17.9
1073,2,potato,1,Urea,0.001,8.5
1073,2,potato,1,P,0.001,20.62
1073,2,potato,1,K,0.001,26.49
1073,2,potato,2,Urea,0.3,12.7
1073,2,potato,3,Urea,0.5,17.9
1074,2,potato,1,Urea,0.001,8.5
1074,2,potato,1,P,0.001,20.62
1074,2,potato,1,K,0.001,26.49
1074,2,potato,2,Urea,0.3,12.7
1074,2,potato,3,Urea,0.5,17.9
1075,2,potato,1,Urea,0.001,8.5
1075,2,potato,1,P,0.001,20.62
1075,2,potato,1,K,0.001,26.49
1075,2,potato,2,Urea,0.3,12.7
1075,2,potato,3,Urea,0.5,17.9
1076,2,potato,1,Urea,0.001,8.5
1076,2,potato,1,P,0.001,20.62
1076,2,potato,1,K,0.001,26.49
1076,2,potato,2,Urea,0.3,12.7
1076,2,potato,3,Urea,0.5,17.9
1077,2,potato,1,Urea,0.001,8.5
1077,2,potato,1,P,0.001,20.62
1077,2,potato,1,K,0.001,26.49
1077,2,potato,2,Urea,0.3,12.7
1077,2,potato,3,Urea,0.5,17.9
1078,2,potato,1,Urea,0.001,8.5
1078,2,potato,1,P,0.001,20.62
1078,2,potato,1,K,0.001,26.49
1078,2,potato,2,Urea,0.3,12.7
1078,2,potato,3,Urea,0.5,17.9
1079,2,potato,1,Urea,0.001,8.5
1079,2,potato,1,P,0.001,20.62
1079,2,potato,1,K,0.001,26.49
1079,2,potato,2,Urea,0.3,12.7
1079,2,potato,3,Urea,0.5,17.9
1080,2,potato,1,Urea,0.001,8.5
1080,2,potato,1,P,0.001,20.62
1080,2,potato,1,K,0.001,26.49
1080,2,potato,2,Urea,0.3,12.7
1080,2,potato,3,Urea,0.5,17.9
1081,2,potato,1,Urea,0.001,8.5
1081,2,potato,1,P,0.001,20.62
1081,2,potato,1,K,0.001,26.49
1081,2,potato,2,Urea,0.3,12.7
1081,2,potato,3,Urea,0.5,17.9
1082,2,potato,1,Urea,0.001,8.5
1082,2,potato,1,P,0.001,20.62
1082,2,potato,1,K,0.001,26.49
1082,2,potato,2,Urea,0.3,12.7
1082,2,potato,3,Urea,0.5,17.9
1084,2,potato,1,Urea,0.001,8.5
1084,2,potato,1,P,0.001,20.62
1084,2,potato,1,K,0.001,26.49
1084,2,potato,2,Urea,0.3,12.7
1084,2,potato,3,Urea,0.5,17.9
1085,2,potato,1,Urea,0.001,8.5
1085,2,potato,1,P,0.001,20.62
1085,2,potato,1,K,0.001,26.49
1085,2,potato,2,Urea,0.3,12.7
1085,2,potato,3,Urea,0.5,17.9
1086,2,potato,1,Urea,0.001,8.5
1086,2,potato,1,P,0.001,20.62
1086,2,potato,1,K,0.001,26.49
1086,2,potato,2,Urea,0.3,12.7
1086,2,potato,3,Urea,0.5,17.9
1087,2,potato,1,Urea,0.001,8.5
1087,2,potato,1,P,0.001,20.62
1087,2,potato,1,K,0.001,26.49
1087,2,potato,2,Urea,0.3,12.7
1087,2,potato,3,Urea,0.5,17.9
1088,2,potato,1,Urea,0.001,8.5
1088,2,potato,1,P,0.001,20.62
1088,2,potato,1,K,0.001,26.49
1088,2,potato,2,Urea,0.3,12.7
1088,2,potato,3,Urea,0.5,17.9
1089,2,potato,1,Urea,0.001,8.5
1089,2,potato,1,P,0.001,20.62
1089,2,potato,1,K,0.001,26.49
1089,2,potato,2,Urea,0.3,12.7
1089,2,potato,3,Urea,0.5,17.9
1090,2,potato,1,Urea,0.001,8.5
1090,2,potato,1,P,0.001,20.62
1090,2,potato,1,K,0.001,26.49
1090,2,potato,2,Urea,0.3,12.7
1090,2,potato,3,Urea,0.5,17.9
1091,2,potato,1,Urea,0.001,8.5
1091,2,potato,1,P,0.001,20.62
1091,2,potato,1,K,0.001,26.49
1091,2,potato,2,Urea,0.3,12.7
1091,2,potato,3,Urea,0.5,17.9
1092,2,potato,1,Urea,0.001,8.5
1092,2,potato,1,P,0.001,20.62
1092,2,potato,1,K,0.001,26.49
1092,2,potato,2,Urea,0.3,12.7
1092,2,potato,3,Urea,0.5,17.9
1093,2,potato,1,Urea,0.001,8.5
1093,2,potato,1,P,0.001,20.62
1093,2,potato,1,K,0.001,26.49
1093,2,potato,2,Urea,0.3,12.7
1093,2,potato,3,Urea,0.5,17.9
1094,2,potato,1,Urea,0.001,8.5
1094,2,potato,1,P,0.001,20.62
1094,2,potato,1,K,0.001,26.49
1094,2,potato,2,Urea,0.3,12.7
1094,2,potato,3,Urea,0.5,17.9
1095,2,potato,1,Urea,0.001,8.5
1095,2,potato,1,P,0.001,20.62
1095,2,potato,1,K,0.001,26.49
1095,2,potato,2,Urea,0.3,12.7
1095,2,potato,3,Urea,0.5,17.9
1096,2,potato,1,Urea,0.001,8.5
1096,2,potato,1,P,0.001,20.62
1096,2,potato,1,K,0.001,26.49
1096,2,potato,2,Urea,0.3,12.7
1096,2,potato,3,Urea,0.5,17.9
1097,2,potato,1,Urea,0.001,8.5
1097,2,potato,1,P,0.001,20.62
1097,2,potato,1,K,0.001,26.49
1097,2,potato,2,Urea,0.3,12.7
1097,2,potato,3,Urea,0.5,17.9
1098,2,potato,1,Urea,0.001,8.5
1098,2,potato,1,P,0.001,20.62
1098,2,potato,1,K,0.001,26.49
1098,2,potato,2,Urea,0.3,12.7
1098,2,potato,3,Urea,0.5,17.9
1099,2,potato,1,Urea,0.001,8.5
1099,2,potato,1,P,0.001,20.62
1099,2,potato,1,K,0.001,26.49
1099,2,potato,2,Urea,0.3,12.7
1099,2,potato,3,Urea,0.5,17.9
1100,2,potato,1,Urea,0.001,8.5
1100,2,potato,1,P,0.001,20.62
1100,2,potato,1,K,0.001,26.49
1100,2,potato,2,Urea,0.3,12.7
1100,2,potato,3,Urea,0.5,17.9
1101,2,potato,1,Urea,0.001,8.5
1101,2,potato,1,P,0.001,20.62
1101,2,potato,1,K,0.001,26.49
1101,2,potato,2,Urea,0.3,12.7
1101,2,potato,3,Urea,0.5,17.9
1102,2,potato,1,Urea,0.001,8.5
1102,2,potato,1,P,0.001,20.62
1102,2,potato,1,K,0.001,26.49
1102,2,potato,2,Urea,0.3,12.7
1102,2,potato,3,Urea,0.5,17.9
1103,2,potato,1,Urea,0.001,8.5
1103,2,potato,1,P,0.001,20.62
1103,2,potato,1,K,0.001,26.49
1103,2,potato,2,Urea,0.3,12.7
1103,2,potato,3,Urea,0.5,17.9
1104,2,potato,1,Urea,0.001,8.5
1104,2,potato,1,P,0.001,20.62
1104,2,potato,1,K,0.001,26.49
1104,2,potato,2,Urea,0.3,12.7
1104,2,potato,3,Urea,0.5,17.9
1105,2,potato,1,Urea,0.001,8.5
1105,2,potato,1,P,0.001,20.62
1105,2,potato,1,K,0.001,26.49
1105,2,potato,2,Urea,0.3,12.7
1105,2,potato,3,Urea,0.5,17.9
1106,2,potato,1,Urea,0.001,8.5
1106,2,potato,1,P,0.001,20.62
1106,2,potato,1,K,0.001,26.49
1106,2,potato,2,Urea,0.3,12.7
1106,2,potato,3,Urea,0.5,17.9
1107,2,potato,1,Urea,0.001,8.5
1107,2,potato,1,P,0.001,20.62
1107,2,potato,1,K,0.001,26.49
1107,2,potato,2,Urea,0.3,12.7
1107,2,potato,3,Urea,0.5,17.9
1108,2,potato,1,Urea,0.001,8.5
1108,2,potato,1,P,0.001,20.62
1108,2,potato,1,K,0.001,26.49
1108,2,potato,2,Urea,0.3,12.7
1108,2,potato,3,Urea,0.5,17.9
1109,2,potato,1,Urea,0.001,8.5
1109,2,potato,1,P,0.001,20.62
1109,2,potato,1,K,0.001,26.49
1109,2,potato,2,Urea,0.3,12.7
1109,2,potato,3,Urea,0.5,17.9
1110,2,potato,1,Urea,0.001,8.5
1110,2,potato,1,P,0.001,20.62
1110,2,potato,1,K,0.001,26.49
1110,2,potato,2,Urea,0.3,12.7
1110,2,potato,3,Urea,0.5,17.9
1111,2,potato,1,Urea,0.001,8.5
1111,2,potato,1,P,0.001,20.62
1111,2,potato,1,K,0.001,26.49
1111,2,potato,2,Urea,0.3,12.7
1111,2,potato,3,Urea,0.5,17.9
1112,2,potato,1,Urea,0.001,8.5
1112,2,potato,1,P,0.001,20.62
1112,2,potato,1,K,0.001,26.49
1112,2,potato,2,Urea,0.3,12.7
1112,2,potato,3,Urea,0.5,17.9
1113,2,potato,1,Urea,0.001,8.5
1113,2,potato,1,P,0.001,20.62
1113,2,potato,1,K,0.001,26.49
1113,2,potato,2,Urea,0.3,12.7
1113,2,potato,3,Urea,0.5,17.9
1114,2,potato,1,Urea,0.001,8.5
1114,2,potato,1,P,0.001,20.62
1114,2,potato,1,K,0.001,26.49
1114,2,potato,2,Urea,0.3,12.7
1114,2,potato,3,Urea,0.5,17.9
1115,2,potato,1,Urea,0.001,8.5
1115,2,potato,1,P,0.001,20.62
1115,2,potato,1,K,0.001,26.49
1115,2,potato,2,Urea,0.3,12.7
1115,2,potato,3,Urea,0.5,17.9
1116,2,potato,1,Urea,0.001,8.5
1116,2,potato,1,P,0.001,20.62
1116,2,potato,1,K,0.001,26.49
1116,2,potato,2,Urea,0.3,12.7
1116,2,potato,3,Urea,0.5,17.9
1117,2,potato,1,Urea,0.001,8.5
1117,2,potato,1,P,0.001,20.62
1117,2,potato,1,K,0.001,26.49
1117,2,potato,2,Urea,0.3,12.7
1117,2,potato,3,Urea,0.5,17.9
1118,2,potato,1,Urea,0.001,8.5
1118,2,potato,1,P,0.001,20.62
1118,2,potato,1,K,0.001,26.49
1118,2,potato,2,Urea,0.3,12.7
1118,2,potato,3,Urea,0.5,17.9
1119,2,potato,1,Urea,0.001,8.5
1119,2,potato,1,P,0.001,20.62
1119,2,potato,1,K,0.001,26.49
1119,2,potato,2,Urea,0.3,12.7
1119,2,potato,3,Urea,0.5,17.9
1120,2,potato,1,Urea,0.001,8.5
1120,2,potato,1,P,0.001,20.62
1120,2,potato,1,K,0.001,26.49
1120,2,potato,2,Urea,0.3,12.7
1120,2,potato,3,Urea,0.5,17.9
1121,2,potato,1,Urea,0.001,8.5
1121,2,potato,1,P,0.001,20.62
1121,2,potato,1,K,0.001,26.49
1121,2,potato,2,Urea,0.3,12.7
1121,2,potato,3,Urea,0.5,17.9
1122,2,potato,1,Urea,0.001,8.5
1122,2,potato,1,P,0.001,20.62
1122,2,potato,1,K,0.001,26.49
1122,2,potato,2,Urea,0.3,12.7
1122,2,potato,3,Urea,0.5,17.9
1123,2,potato,1,Urea,0.001,8.5
1123,2,potato,1,P,0.001,20.62
1123,2,potato,1,K,0.001,26.49
1123,2,potato,2,Urea,0.3,12.7
1123,2,potato,3,Urea,0.5,17.9
1124,2,potato,1,Urea,0.001,8.5
1124,2,potato,1,P,0.001,20.62
1124,2,potato,1,K,0.001,26.49
1124,2,potato,2,Urea,0.3,12.7
1124,2,potato,3,Urea,0.5,17.9
1125,2,potato,1,Urea,0.001,8.5
1125,2,potato,1,P,0.001,20.62
1125,2,potato,1,K,0.001,26.49
1125,2,potato,2,Urea,0.3,12.7
1125,2,potato,3,Urea,0.5,17.9
1126,2,potato,1,Urea,0.001,8.5
1126,2,potato,1,P,0.001,20.62
1126,2,potato,1,K,0.001,26.49
1126,2,potato,2,Urea,0.3,12.7
1126,2,potato,3,Urea,0.5,17.9
1127,2,potato,1,Urea,0.001,8.5
1127,2,potato,1,P,0.001,20.62
1127,2,potato,1,K,0.001,26.49
1127,2,potato,2,Urea,0.3,12.7
1127,2,potato,3,Urea,0.5,17.9
1128,2,potato,1,Urea,0.001,8.5
1128,2,potato,1,P,0.001,20.62
1128,2,potato,1,K,0.001,26.49
1128,2,potato,2,Urea,0.3,12.7
1128,2,potato,3,Urea,0.5,17.9
1129,2,potato,1,Urea,0.001,8.5
1129,2,potato,1,P,0.001,20.62
1129,2,potato,1,K,0.001,26.49
1129,2,potato,2,Urea,0.3,12.7
1129,2,potato,3,Urea,0.5,17.9
1130,2,potato,1,Urea,0.001,8.5
1130,2,potato,1,P,0.001,20.62
1130,2,potato,1,K,0.001,26.49
1130,2,potato,2,Urea,0.3,12.7
1130,2,potato,3,Urea,0.5,17.9
1131,2,potato,1,Urea,0.001,8.5
1131,2,potato,1,P,0.001,20.62
1131,2,potato,1,K,0.001,26.49
1131,2,potato,2,Urea,0.3,12.7
1131,2,potato,3,Urea,0.5,17.9
1132,2,potato,1,Urea,0.001,8.5
1132,2,potato,1,P,0.001,20.62
1132,2,potato,1,K,0.001,26.49
1132,2,potato,2,Urea,0.3,12.7
1132,2,potato,3,Urea,0.5,17.9
1133,2,potato,1,Urea,0.001,8.5
1133,2,potato,1,P,0.001,20.62
1133,2,potato,1,K,0.001,26.49
1133,2,potato,2,Urea,0.3,12.7
1133,2,potato,3,Urea,0.5,17.9
1134,2,potato,1,Urea,0.001,8.5
1134,2,potato,1,P,0.001,20.62
1134,2,potato,1,K,0.001,26.49
1134,2,potato,2,Urea,0.3,12.7
1134,2,potato,3,Urea,0.5,17.9
1135,2,potato,1,Urea,0.001,8.5
1135,2,potato,1,P,0.001,20.62
1135,2,potato,1,K,0.001,26.49
1135,2,potato,2,Urea,0.3,12.7
1135,2,potato,3,Urea,0.5,17.9
1136,2,potato,1,Urea,0.001,8.5
1136,2,potato,1,P,0.001,20.62
1136,2,potato,1,K,0.001,26.49
1136,2,potato,2,Urea,0.3,12.7
1136,2,potato,3,Urea,0.5,17.9
1137,2,potato,1,Urea,0.001,8.5
1137,2,potato,1,P,0.001,20.62
1137,2,potato,1,K,0.001,26.49
1137,2,potato,2,Urea,0.3,12.7
1137,2,potato,3,Urea,0.5,17.9
1138,2,potato,1,Urea,0.001,8.5
1138,2,potato,1,P,0.001,20.62
1138,2,potato,1,K,0.001,26.49
1138,2,potato,2,Urea,0.3,12.7
1138,2,potato,3,Urea,0.5,17.9
1139,2,potato,1,Urea,0.001,8.5
1139,2,potato,1,P,0.001,20.62
1139,2,potato,1,K,0.001,26.49
1139,2,potato,2,Urea,0.3,12.7
1139,2,potato,3,Urea,0.5,17.9
1142,2,potato,1,Urea,0.001,8.5
1142,2,potato,1,P,0.001,20.62
1142,2,potato,1,K,0.001,26.49
1142,2,potato,2,Urea,0.3,12.7
1142,2,potato,3,Urea,0.5,17.9
1143,2,potato,1,Urea,0.001,8.5
1143,2,potato,1,P,0.001,20.62
1143,2,potato,1,K,0.001,26.49
1143,2,potato,2,Urea,0.3,12.7
1143,2,potato,3,Urea,0.5,17.9
1144,2,potato,1,Urea,0.001,8.5
1144,2,potato,1,P,0.001,20.62
1144,2,potato,1,K,0.001,26.49
1144,2,potato,2,Urea,0.3,12.7
1144,2,potato,3,Urea,0.5,17.9
1145,2,potato,1,Urea,0.001,8.5
1145,2,potato,1,P,0.001,20.62
1145,2,potato,1,K,0.001,26.49
1145,2,potato,2,Urea,0.3,12.7
1145,2,potato,3,Urea,0.5,17.9
1146,2,potato,1,Urea,0.001,8.5
1146,2,potato,1,P,0.001,20.62
1146,2,potato,1,K,0.001,26.49
1146,2,potato,2,Urea,0.3,12.7
1146,2,potato,3,Urea,0.5,17.9
1147,2,potato,1,Urea,0.001,8.5
1147,2,potato,1,P,0.001,20.62
1147,2,potato,1,K,0.001,26.49
1147,2,potato,2,Urea,0.3,12.7
1147,2,potato,3,Urea,0.5,17.9
1148,2,potato,1,Urea,0.001,8.5
1148,2,potato,1,P,0.001,20.62
1148,2,potato,1,K,0.001,26.49
1148,2,potato,2,Urea,0.3,12.7
1148,2,potato,3,Urea,0.5,17.9
1149,2,potato,1,Urea,0.001,8.5
1149,2,potato,1,P,0.001,20.62
1149,2,potato,1,K,0.001,26.49
1149,2,potato,2,Urea,0.3,12.7
1149,2,potato,3,Urea,0.5,17.9
1150,2,potato,1,Urea,0.001,8.5
1150,2,potato,1,P,0.001,20.62
1150,2,potato,1,K,0.001,26.49
1150,2,potato,2,Urea,0.3,12.7
1150,2,potato,3,Urea,0.5,17.9
1151,2,potato,1,Urea,0.001,8.5
1151,2,potato,1,P,0.001,20.62
1151,2,potato,1,K,0.001,26.49
1151,2,potato,2,Urea,0.3,12.7
1151,2,potato,3,Urea,0.5,17.9
1152,2,potato,1,Urea,0.001,8.5
1152,2,potato,1,P,0.001,20.62
1152,2,potato,1,K,0.001,26.49
1152,2,potato,2,Urea,0.3,12.7
1152,2,potato,3,Urea,0.5,17.9
1153,2,potato,1,Urea,0.001,8.5
1153,2,potato,1,P,0.001,20.62
1153,2,potato,1,K,0.001,26.49
1153,2,potato,2,Urea,0.3,12.7
1153,2,potato,3,Urea,0.5,17.9
1154,2,potato,1,Urea,0.001,8.5
1154,2,potato,1,P,0.001,20.62
1154,2,potato,1,K,0.001,26.49
1154,2,potato,2,Urea,0.3,12.7
1154,2,potato,3,Urea,0.5,17.9
1155,2,potato,1,Urea,0.001,8.5
1155,2,potato,1,P,0.001,20.62
1155,2,potato,1,K,0.001,26.49
1155,2,potato,2,Urea,0.3,12.7
1155,2,potato,3,Urea,0.5,17.9
1156,2,potato,1,Urea,0.001,8.5
1156,2,potato,1,P,0.001,20.62
1156,2,potato,1,K,0.001,26.49
1156,2,potato,2,Urea,0.3,12.7
1156,2,potato,3,Urea,0.5,17.9
1157,2,potato,1,Urea,0.001,8.5
1157,2,potato,1,P,0.001,20.62
1157,2,potato,1,K,0.001,26.49
1157,2,potato,2,Urea,0.3,12.7
1157,2,potato,3,Urea,0.5,17.9
1158,2,potato,1,Urea,0.001,8.5
1158,2,potato,1,P,0.001,20.62
1158,2,potato,1,K,0.001,26.49
1158,2,potato,2,Urea,0.3,12.7
1158,2,potato,3,Urea,0.5,17.9
1159,2,potato,1,Urea,0.001,8.5
1159,2,potato,1,P,0.001,20.62
1159,2,potato,1,K,0.001,26.49
1159,2,potato,2,Urea,0.3,12.7
1159,2,potato,3,Urea,0.5,17.9
1160,2,potato,1,Urea,0.001,8.5
1160,2,potato,1,P,0.001,20.62
1160,2,potato,1,K,0.001,26.49
1160,2,potato,2,Urea,0.3,12.7
1160,2,potato,3,Urea,0.5,17.9
1161,2,potato,1,Urea,0.001,8.5
1161,2,potato,1,P,0.001,20.62
1161,2,potato,1,K,0.001,26.49
1161,2,potato,2,Urea,0.3,12.7
1161,2,potato,3,Urea,0.5,17.9
1162,2,potato,1,Urea,0.001,8.5
1162,2,potato,1,P,0.001,20.62
1162,2,potato,1,K,0.001,26.49
1162,2,potato,2,Urea,0.3,12.7
1162,2,potato,3,Urea,0.5,17.9
1163,2,potato,1,Urea,0.001,8.5
1163,2,potato,1,P,0.001,20.62
1163,2,potato,1,K,0.001,26.49
1163,2,potato,2,Urea,0.3,12.7
1163,2,potato,3,Urea,0.5,17.9
1164,2,potato,1,Urea,0.001,8.5
1164,2,potato,1,P,0.001,20.62
1164,2,potato,1,K,0.001,26.49
1164,2,potato,2,Urea,0.3,12.7
1164,2,potato,3,Urea,0.5,17.9
1165,2,potato,1,Urea,0.001,8.5
1165,2,potato,1,P,0.001,20.62
1165,2,potato,1,K,0.001,26.49
1165,2,potato,2,Urea,0.3,12.7
1165,2,potato,3,Urea,0.5,17.9
1166,2,potato,1,Urea,0.001,8.5
1166,2,potato,1,P,0.001,20.62
1166,2,potato,1,K,0.001,26.49
1166,2,potato,2,Urea,0.3,12.7
1166,2,potato,3,Urea,0.5,17.9
1167,2,potato,1,Urea,0.001,8.5
1167,2,potato,1,P,0.001,20.62
1167,2,potato,1,K,0.001,26.49
1167,2,potato,2,Urea,0.3,12.7
1167,2,potato,3,Urea,0.5,17.9
1168,2,potato,1,Urea,0.001,8.5
1168,2,potato,1,P,0.001,20.62
1168,2,potato,1,K,0.001,26.49
1168,2,potato,2,Urea,0.3,12.7
1168,2,potato,3,Urea,0.5,17.9
1169,2,potato,1,Urea,0.001,8.5
1169,2,potato,1,P,0.001,20.62
1169,2,potato,1,K,0.001,26.49
1169,2,potato,2,Urea,0.3,12.7
1169,2,potato,3,Urea,0.5,17.9
1170,2,potato,1,Urea,0.001,8.5
1170,2,potato,1,P,0.001,20.62
1170,2,potato,1,K,0.001,26.49
1170,2,potato,2,Urea,0.3,12.7
1170,2,potato,3,Urea,0.5,17.9
1171,2,potato,1,Urea,0.001,8.5
1171,2,potato,1,P,0.001,20.62
1171,2,potato,1,K,0.001,26.49
1171,2,potato,2,Urea,0.3,12.7
1171,2,potato,3,Urea,0.5,17.9
1172,2,potato,1,Urea,0.001,8.5
1172,2,potato,1,P,0.001,20.62
1172,2,potato,1,K,0.001,26.49
1172,2,potato,2,Urea,0.3,12.7
1172,2,potato,3,Urea,0.5,17.9
1173,2,potato,1,Urea,0.001,8.5
1173,2,potato,1,P,0.001,20.62
1173,2,potato,1,K,0.001,26.49
1173,2,potato,2,Urea,0.3,12.7
1173,2,potato,3,Urea,0.5,17.9
1174,2,potato,1,Urea,0.001,8.5
1174,2,potato,1,P,0.001,20.62
1174,2,potato,1,K,0.001,26.49
1174,2,potato,2,Urea,0.3,12.7
1174,2,potato,3,Urea,0.5,17.9
1175,2,potato,1,Urea,0.001,8.5
1175,2,potato,1,P,0.001,20.62
1175,2,potato,1,K,0.001,26.49
1175,2,potato,2,Urea,0.3,12.7
1175,2,potato,3,Urea,0.5,17.9
1176,2,potato,1,Urea,0.001,8.5
1176,2,potato,1,P,0.001,20.62
1176,2,potato,1,K,0.001,26.49
1176,2,potato,2,Urea,0.3,12.7
1176,2,potato,3,Urea,0.5,17.9
1177,2,potato,1,Urea,0.001,8.5
1177,2,potato,1,P,0.001,20.62
1177,2,potato,1,K,0.001,26.49
1177,2,potato,2,Urea,0.3,12.7
1177,2,potato,3,Urea,0.5,17.9
1178,2,potato,1,Urea,0.001,8.5
1178,2,potato,1,P,0.001,20.62
1178,2,potato,1,K,0.001,26.49
1178,2,potato,2,Urea,0.3,12.7
1178,2,potato,3,Urea,0.5,17.9
1179,2,potato,1,Urea,0.001,8.5
1179,2,potato,1,P,0.001,20.62
1179,2,potato,1,K,0.001,26.49
1179,2,potato,2,Urea,0.3,12.7
1179,2,potato,3,Urea,0.5,17.9
1180,2,potato,1,Urea,0.001,8.5
1180,2,potato,1,P,0.001,20.62
1180,2,potato,1,K,0.001,26.49
1180,2,potato,2,Urea,0.3,12.7
1180,2,potato,3,Urea,0.5,17.9
2680,2,potato,1,Urea,0.001,8.5
2680,2,potato,1,P,0.001,20.62
2680,2,potato,1,K,0.001,26.49
2680,2,potato,2,Urea,0.3,12.7
2680,2,potato,3,Urea,0.5,17.9
2681,2,potato,1,Urea,0.001,8.5
2681,2,potato,1,P,0.001,20.62
2681,2,potato,1,K,0.001,26.49
2681,2,potato,2,Urea,0.3,12.7
2681,2,potato,3,Urea,0.5,17.9
2682,2,potato,1,Urea,0.001,8.5
2682,2,potato,1,P,0.001,20.62
2682,2,potato,1,K,0.001,26.49
2682,2,potato,2,Urea,0.3,12.7
2682,2,potato,3,Urea,0.5,17.9
2683,2,potato,1,Urea,0.001,8.5
2683,2,potato,1,P,0.001,20.62
2683,2,potato,1,K,0.001,26.49
2683,2,potato,2,Urea,0.3,12.7
2683,2,potato,3,Urea,0.5,17.9
2684,2,potato,1,Urea,0.001,8.5
2684,2,potato,1,P,0.001,20.62
2684,2,potato,1,K,0.001,26.49
2684,2,potato,2,Urea,0.3,12.7
2684,2,potato,3,Urea,0.5,17.9
2685,2,potato,1,Urea,0.001,8.5
2685,2,potato,1,P,0.001,20.62
2685,2,potato,1,K,0.001,26.49
2685,2,potato,2,Urea,0.3,12.7
2685,2,potato,3,Urea,0.5,17.9
2686,2,potato,1,Urea,0.001,8.5
2686,2,potato,1,P,0.001,20.62
2686,2,potato,1,K,0.001,26.49
2686,2,potato,2,Urea,0.3,12.7
2686,2,potato,3,Urea,0.5,17.9
2687,2,potato,1,Urea,0.001,8.5
2687,2,potato,1,P,0.001,20.62
2687,2,potato,1,K,0.001,26.49
2687,2,potato,2,Urea,0.3,12.7
2687,2,potato,3,Urea,0.5,17.9
2688,2,potato,1,Urea,0.001,8.5
2688,2,potato,1,P,0.001,20.62
2688,2,potato,1,K,0.001,26.49
2688,2,potato,2,Urea,0.3,12.7
2688,2,potato,3,Urea,0.5,17.9
2689,2,potato,1,Urea,0.001,8.5
2689,2,potato,1,P,0.001,20.62
2689,2,potato,1,K,0.001,26.49
2689,2,potato,2,Urea,0.3,12.7
2689,2,potato,3,Urea,0.5,17.9
2690,2,potato,1,Urea,0.001,8.5
2690,2,potato,1,P,0.001,20.62
2690,2,potato,1,K,0.001,26.49
2690,2,potato,2,Urea,0.3,12.7
2690,2,potato,3,Urea,0.5,17.9
2691,2,potato,1,Urea,0.001,8.5
2691,2,potato,1,P,0.001,20.62
2691,2,potato,1,K,0.001,26.49
2691,2,potato,2,Urea,0.3,12.7
2691,2,potato,3,Urea,0.5,17.9
2692,2,potato,1,Urea,0.001,8.5
2692,2,potato,1,P,0.001,20.62
2692,2,potato,1,K,0.001,26.49
2692,2,potato,2,Urea,0.3,12.7
2692,2,potato,3,Urea,0.5,17.9
2693,2,potato,1,Urea,0.001,8.5
2693,2,potato,1,P,0.001,20.62
2693,2,potato,1,K,0.001,26.49
2693,2,potato,2,Urea,0.3,12.7
2693,2,potato,3,Urea,0.5,17.9
2694,2,potato,1,Urea,0.001,8.5
2694,2,potato,1,P,0.001,20.62
2694,2,potato,1,K,0.001,26.49
2694,2,potato,2,Urea,0.3,12.7
2694,2,potato,3,Urea,0.5,17.9
2695,2,potato,1,Urea,0.001,8.5
2695,2,potato,1,P,0.001,20.62
2695,2,potato,1,K,0.001,26.49
2695,2,potato,2,Urea,0.3,12.7
2695,2,potato,3,Urea,0.5,17.9
2696,2,potato,1,Urea,0.001,8.5
2696,2,potato,1,P,0.001,20.62
2696,2,potato,1,K,0.001,26.49
2696,2,potato,2,Urea,0.3,12.7
2696,2,potato,3,Urea,0.5,17.9
2697,2,potato,1,Urea,0.001,8.5
2697,2,potato,1,P,0.001,20.62
2697,2,potato,1,K,0.001,26.49
2697,2,potato,2,Urea,0.3,12.7
2697,2,potato,3,Urea,0.5,17.9
2698,2,potato,1,Urea,0.001,8.5
2698,2,potato,1,P,0.001,20.62
2698,2,potato,1,K,0.001,26.49
2698,2,potato,2,Urea,0.3,12.7
2698,2,potato,3,Urea,0.5,17.9
2699,2,potato,1,Urea,0.001,8.5
2699,2,potato,1,P,0.001,20.62
2699,2,potato,1,K,0.001,26.49
2699,2,potato,2,Urea,0.3,12.7
2699,2,potato,3,Urea,0.5,17.9
2700,2,potato,1,Urea,0.001,8.5
2700,2,potato,1,P,0.001,20.62
2700,2,potato,1,K,0.001,26.49
2700,2,potato,2,Urea,0.3,12.7
2700,2,potato,3,Urea,0.5,17.9
2701,2,potato,1,Urea,0.001,8.5
2701,2,potato,1,P,0.001,20.62
2701,2,potato,1,K,0.001,26.49
2701,2,potato,2,Urea,0.3,12.7
2701,2,potato,3,Urea,0.5,17.9
2702,2,potato,1,Urea,0.001,8.5
2702,2,potato,1,P,0.001,20.62
2702,2,potato,1,K,0.001,26.49
2702,2,potato,2,Urea,0.3,12.7
2702,2,potato,3,Urea,0.5,17.9
2703,2,potato,1,Urea,0.001,8.5
2703,2,potato,1,P,0.001,20.62
2703,2,potato,1,K,0.001,26.49
2703,2,potato,2,Urea,0.3,12.7
2703,2,potato,3,Urea,0.5,17.9
2704,2,potato,1,Urea,0.001,8.5
2704,2,potato,1,P,0.001,20.62
2704,2,potato,1,K,0.001,26.49
2704,2,potato,2,Urea,0.3,12.7
2704,2,potato,3,Urea,0.5,17.9
2705,2,potato,1,Urea,0.001,8.5
2705,2,potato,1,P,0.001,20.62
2705,2,potato,1,K,0.001,26.49
2705,2,potato,2,Urea,0.3,12.7
2705,2,potato,3,Urea,0.5,17.9
2706,2,potato,1,Urea,0.001,8.5
2706,2,potato,1,P,0.001,20.62
2706,2,potato,1,K,0.001,26.49
2706,2,potato,2,Urea,0.3,12.7
2706,2,potato,3,Urea,0.5,17.9
2707,2,potato,1,Urea,0.001,8.5
2707,2,potato,1,P,0.001,20.62
2707,2,potato,1,K,0.001,26.49
2707,2,potato,2,Urea,0.3,12.7
2707,2,potato,3,Urea,0.5,17.9
2709,2,potato,1,Urea,0.001,8.5
2709,2,potato,1,P,0.001,20.62
2709,2,potato,1,K,0.001,26.49
2709,2,potato,2,Urea,0.3,12.7
2709,2,potato,3,Urea,0.5,17.9
2710,2,potato,1,Urea,0.001,8.5
2710,2,potato,1,P,0.001,20.62
2710,2,potato,1,K,0.001,26.49
2710,2,potato,2,Urea,0.3,12.7
2710,2,potato,3,Urea,0.5,17.9
2711,2,potato,1,Urea,0.001,8.5
2711,2,potato,1,P,0.001,20.62
2711,2,potato,1,K,0.001,26.49
2711,2,potato,2,Urea,0.3,12.7
2711,2,potato,3,Urea,0.5,17.9
2712,2,potato,1,Urea,0.001,8.5
2712,2,potato,1,P,0.001,20.62
2712,2,potato,1,K,0.001,26.49
2712,2,potato,2,Urea,0.3,12.7
2712,2,potato,3,Urea,0.5,17.9
2713,2,potato,1,Urea,0.001,8.5
2713,2,potato,1,P,0.001,20.62
2713,2,potato,1,K,0.001,26.49
2713,2,potato,2,Urea,0.3,12.7
2713,2,potato,3,Urea,0.5,17.9
2714,2,potato,1,Urea,0.001,8.5
2714,2,potato,1,P,0.001,20.62
2714,2,potato,1,K,0.001,26.49
2714,2,potato,2,Urea,0.3,12.7
2714,2,potato,3,Urea,0.5,17.9
2715,2,potato,1,Urea,0.001,8.5
2715,2,potato,1,P,0.001,20.62
2715,2,potato,1,K,0.001,26.49
2715,2,potato,2,Urea,0.3,12.7
2715,2,potato,3,Urea,0.5,17.9
2716,2,potato,1,Urea,0.001,8.5
2716,2,potato,1,P,0.001,20.62
2716,2,potato,1,K,0.001,26.49
2716,2,potato,2,Urea,0.3,12.7
2716,2,potato,3,Urea,0.5,17.9
2717,2,potato,1,Urea,0.001,8.5
2717,2,potato,1,P,0.001,20.62
2717,2,potato,1,K,0.001,26.49
2717,2,potato,2,Urea,0.3,12.7
2717,2,potato,3,Urea,0.5,17.9
2718,2,potato,1,Urea,0.001,8.5
2718,2,potato,1,P,0.001,20.62
2718,2,potato,1,K,0.001,26.49
2718,2,potato,2,Urea,0.3,12.7
2718,2,potato,3,Urea,0.5,17.9
2719,2,potato,1,Urea,0.001,8.5
2719,2,potato,1,P,0.001,20.62
2719,2,potato,1,K,0.001,26.49
2719,2,potato,2,Urea,0.3,12.7
2719,2,potato,3,Urea,0.5,17.9
2720,2,potato,1,Urea,0.001,8.5
2720,2,potato,1,P,0.001,20.62
2720,2,potato,1,K,0.001,26.49
2720,2,potato,2,Urea,0.3,12.7
2720,2,potato,3,Urea,0.5,17.9
2721,2,potato,1,Urea,0.001,8.5
2721,2,potato,1,P,0.001,20.62
2721,2,potato,1,K,0.001,26.49
2721,2,potato,2,Urea,0.3,12.7
2721,2,potato,3,Urea,0.5,17.9
2722,2,potato,1,Urea,0.001,8.5
2722,2,potato,1,P,0.001,20.62
2722,2,potato,1,K,0.001,26.49
2722,2,potato,2,Urea,0.3,12.7
2722,2,potato,3,Urea,0.5,17.9
2723,2,potato,1,Urea,0.001,8.5
2723,2,potato,1,P,0.001,20.62
2723,2,potato,1,K,0.001,26.49
2723,2,potato,2,Urea,0.3,12.7
2723,2,potato,3,Urea,0.5,17.9
2724,2,potato,1,Urea,0.001,8.5
2724,2,potato,1,P,0.001,20.62
2724,2,potato,1,K,0.001,26.49
2724,2,potato,2,Urea,0.3,12.7
2724,2,potato,3,Urea,0.5,17.9
2725,2,potato,1,Urea,0.001,8.5
2725,2,potato,1,P,0.001,20.62
2725,2,potato,1,K,0.001,26.49
2725,2,potato,2,Urea,0.3,12.7
2725,2,potato,3,Urea,0.5,17.9
2726,2,potato,1,Urea,0.001,8.5
2726,2,potato,1,P,0.001,20.62
2726,2,potato,1,K,0.001,26.49
2726,2,potato,2,Urea,0.3,12.7
2726,2,potato,3,Urea,0.5,17.9
2727,2,potato,1,Urea,0.001,8.5
2727,2,potato,1,P,0.001,20.62
2727,2,potato,1,K,0.001,26.49
2727,2,potato,2,Urea,0.3,12.7
2727,2,potato,3,Urea,0.5,17.9
2728,2,potato,1,Urea,0.001,8.5
2728,2,potato,1,P,0.001,20.62
2728,2,potato,1,K,0.001,26.49
2728,2,potato,2,Urea,0.3,12.7
2728,2,potato,3,Urea,0.5,17.9
2729,2,potato,1,Urea,0.001,8.5
2729,2,potato,1,P,0.001,20.62
2729,2,potato,1,K,0.001,26.49
2729,2,potato,2,Urea,0.3,12.7
2729,2,potato,3,Urea,0.5,17.9
2730,2,potato,1,Urea,0.001,8.5
2730,2,potato,1,P,0.001,20.62
2730,2,potato,1,K,0.001,26.49
2730,2,potato,2,Urea,0.3,12.7
2730,2,potato,3,Urea,0.5,17.9
2731,2,potato,1,Urea,0.001,8.5
2731,2,potato,1,P,0.001,20.62
2731,2,potato,1,K,0.001,26.49
2731,2,potato,2,Urea,0.3,12.7
2731,2,potato,3,Urea,0.5,17.9
2732,2,potato,1,Urea,0.001,8.5
2732,2,potato,1,P,0.001,20.62
2732,2,potato,1,K,0.001,26.49
2732,2,potato,2,Urea,0.3,12.7
2732,2,potato,3,Urea,0.5,17.9
2733,2,potato,1,Urea,0.001,8.5
2733,2,potato,1,P,0.001,20.62
2733,2,potato,1,K,0.001,26.49
2733,2,potato,2,Urea,0.3,12.7
2733,2,potato,3,Urea,0.5,17.9
2734,2,potato,1,Urea,0.001,8.5
2734,2,potato,1,P,0.001,20.62
2734,2,potato,1,K,0.001,26.49
2734,2,potato,2,Urea,0.3,12.7
2734,2,potato,3,Urea,0.5,17.9
2735,2,potato,1,Urea,0.001,8.5
2735,2,potato,1,P,0.001,20.62
2735,2,potato,1,K,0.001,26.49
2735,2,potato,2,Urea,0.3,12.7
2735,2,potato,3,Urea,0.5,17.9
2736,2,potato,1,Urea,0.001,8.5
2736,2,potato,1,P,0.001,20.62
2736,2,potato,1,K,0.001,26.49
2736,2,potato,2,Urea,0.3,12.7
2736,2,potato,3,Urea,0.5,17.9
2737,2,potato,1,Urea,0.001,8.5
2737,2,potato,1,P,0.001,20.62
2737,2,potato,1,K,0.001,26.49
2737,2,potato,2,Urea,0.3,12.7
2737,2,potato,3,Urea,0.5,17.9
2738,2,potato,1,Urea,0.001,8.5
2738,2,potato,1,P,0.001,20.62
2738,2,potato,1,K,0.001,26.49
2738,2,potato,2,Urea,0.3,12.7
2738,2,potato,3,Urea,0.5,17.9
2739,2,potato,1,Urea,0.001,8.5
2739,2,potato,1,P,0.001,20.62
2739,2,potato,1,K,0.001,26.49
2739,2,potato,2,Urea,0.3,12.7
2739,2,potato,3,Urea,0.5,17.9
2740,2,potato,1,Urea,0.001,8.5
2740,2,potato,1,P,0.001,20.62
2740,2,potato,1,K,0.001,26.49
2740,2,potato,2,Urea,0.3,12.7
2740,2,potato,3,Urea,0.5,17.9
2741,2,potato,1,Urea,0.001,8.5
2741,2,potato,1,P,0.001,20.62
2741,2,potato,1,K,0.001,26.49
2741,2,potato,2,Urea,0.3,12.7
2741,2,potato,3,Urea,0.5,17.9
2742,2,potato,1,Urea,0.001,8.5
2742,2,potato,1,P,0.001,20.62
2742,2,potato,1,K,0.001,26.49
2742,2,potato,2,Urea,0.3,12.7
2742,2,potato,3,Urea,0.5,17.9
2743,2,potato,1,Urea,0.001,8.5
2743,2,potato,1,P,0.001,20.62
2743,2,potato,1,K,0.001,26.49
2743,2,potato,2,Urea,0.3,12.7
2743,2,potato,3,Urea,0.5,17.9
2744,2,potato,1,Urea,0.001,8.5
2744,2,potato,1,P,0.001,20.62
2744,2,potato,1,K,0.001,26.49
2744,2,potato,2,Urea,0.3,12.7
2744,2,potato,3,Urea,0.5,17.9
2745,2,potato,1,Urea,0.001,8.5
2745,2,potato,1,P,0.001,20.62
2745,2,potato,1,K,0.001,26.49
2745,2,potato,2,Urea,0.3,12.7
2745,2,potato,3,Urea,0.5,17.9
2746,2,potato,1,Urea,0.001,8.5
2746,2,potato,1,P,0.001,20.62
2746,2,potato,1,K,0.001,26.49
2746,2,potato,2,Urea,0.3,12.7
2746,2,potato,3,Urea,0.5,17.9
2747,2,potato,1,Urea,0.001,8.5
2747,2,potato,1,P,0.001,20.62
2747,2,potato,1,K,0.001,26.49
2747,2,potato,2,Urea,0.3,12.7
2747,2,potato,3,Urea,0.5,17.9
2748,2,potato,1,Urea,0.001,8.5
2748,2,potato,1,P,0.001,20.62
2748,2,potato,1,K,0.001,26.49
2748,2,potato,2,Urea,0.3,12.7
2748,2,potato,3,Urea,0.5,17.9
2749,2,potato,1,Urea,0.001,8.5
2749,2,potato,1,P,0.001,20.62
2749,2,potato,1,K,0.001,26.49
2749,2,potato,2,Urea,0.3,12.7
2749,2,potato,3,Urea,0.5,17.9
2750,2,potato,1,Urea,0.001,8.5
2750,2,potato,1,P,0.001,20.62
2750,2,potato,1,K,0.001,26.49
2750,2,potato,2,Urea,0.3,12.7
2750,2,potato,3,Urea,0.5,17.9
2751,2,potato,1,Urea,0.001,8.5
2751,2,potato,1,P,0.001,20.62
2751,2,potato,1,K,0.001,26.49
2751,2,potato,2,Urea,0.3,12.7
2751,2,potato,3,Urea,0.5,17.9
2752,2,potato,1,Urea,0.001,8.5
2752,2,potato,1,P,0.001,20.62
2752,2,potato,1,K,0.001,26.49
2752,2,potato,2,Urea,0.3,12.7
2752,2,potato,3,Urea,0.5,17.9
2753,2,potato,1,Urea,0.001,8.5
2753,2,potato,1,P,0.001,20.62
2753,2,potato,1,K,0.001,26.49
2753,2,potato,2,Urea,0.3,12.7
2753,2,potato,3,Urea,0.5,17.9
2754,2,potato,1,Urea,0.001,8.5
2754,2,potato,1,P,0.001,20.62
2754,2,potato,1,K,0.001,26.49
2754,2,potato,2,Urea,0.3,12.7
2754,2,potato,3,Urea,0.5,17.9
2755,2,potato,1,Urea,0.001,8.5
2755,2,potato,1,P,0.001,20.62
2755,2,potato,1,K,0.001,26.49
2755,2,potato,2,Urea,0.3,12.7
2755,2,potato,3,Urea,0.5,17.9
2756,2,potato,1,Urea,0.001,8.5
2756,2,potato,1,P,0.001,20.62
2756,2,potato,1,K,0.001,26.49
2756,2,potato,2,Urea,0.3,12.7
2756,2,potato,3,Urea,0.5,17.9
2757,2,potato,1,Urea,0.001,8.5
2757,2,potato,1,P,0.001,20.62
2757,2,potato,1,K,0.001,26.49
2757,2,potato,2,Urea,0.3,12.7
2757,2,potato,3,Urea,0.5,17.9
2758,2,potato,1,Urea,0.001,8.5
2758,2,potato,1,P,0.001,20.62
2758,2,potato,1,K,0.001,26.49
2758,2,potato,2,Urea,0.3,12.7
2758,2,potato,3,Urea,0.5,17.9
2759,2,potato,1,Urea,0.001,8.5
2759,2,potato,1,P,0.001,20.62
2759,2,potato,1,K,0.001,26.49
2759,2,potato,2,Urea,0.3,12.7
2759,2,potato,3,Urea,0.5,17.9
2760,2,potato,1,Urea,0.001,8.5
2760,2,potato,1,P,0.001,20.62
2760,2,potato,1,K,0.001,26.49
2760,2,potato,2,Urea,0.3,12.7
2760,2,potato,3,Urea,0.5,17.9
2761,2,potato,1,Urea,0.001,8.5
2761,2,potato,1,P,0.001,20.62
2761,2,potato,1,K,0.001,26.49
2761,2,potato,2,Urea,0.3,12.7
2761,2,potato,3,Urea,0.5,17.9
2762,2,potato,1,Urea,0.001,8.5
2762,2,potato,1,P,0.001,20.62
2762,2,potato,1,K,0.001,26.49
2762,2,potato,2,Urea,0.3,12.7
2762,2,potato,3,Urea,0.5,17.9
2763,2,potato,1,Urea,0.001,8.5
2763,2,potato,1,P,0.001,20.62
2763,2,potato,1,K,0.001,26.49
2763,2,potato,2,Urea,0.3,12.7
2763,2,potato,3,Urea,0.5,17.9
2764,2,potato,1,Urea,0.001,8.5
2764,2,potato,1,P,0.001,20.62
2764,2,potato,1,K,0.001,26.49
2764,2,potato,2,Urea,0.3,12.7
2764,2,potato,3,Urea,0.5,17.9
2765,2,potato,1,Urea,0.001,8.5
2765,2,potato,1,P,0.001,20.62
2765,2,potato,1,K,0.001,26.49
2765,2,potato,2,Urea,0.3,12.7
2765,2,potato,3,Urea,0.5,17.9
2766,2,potato,1,Urea,0.001,8.5
2766,2,potato,1,P,0.001,20.62
2766,2,potato,1,K,0.001,26.49
2766,2,potato,2,Urea,0.3,12.7
2766,2,potato,3,Urea,0.5,17.9
2767,2,potato,1,Urea,0.001,8.5
2767,2,potato,1,P,0.001,20.62
2767,2,potato,1,K,0.001,26.49
2767,2,potato,2,Urea,0.3,12.7
2767,2,potato,3,Urea,0.5,17.9
2768,2,potato,1,Urea,0.001,8.5
2768,2,potato,1,P,0.001,20.62
2768,2,potato,1,K,0.001,26.49
2768,2,potato,2,Urea,0.3,12.7
2768,2,potato,3,Urea,0.5,17.9
2769,2,potato,1,Urea,0.001,8.5
2769,2,potato,1,P,0.001,20.62
2769,2,potato,1,K,0.001,26.49
2769,2,potato,2,Urea,0.3,12.7
2769,2,potato,3,Urea,0.5,17.9
2770,2,potato,1,Urea,0.001,8.5
2770,2,potato,1,P,0.001,20.62
2770,2,potato,1,K,0.001,26.49
2770,2,potato,2,Urea,0.3,12.7
2770,2,potato,3,Urea,0.5,17.9
2771,2,potato,1,Urea,0.001,8.5
2771,2,potato,1,P,0.001,20.62
2771,2,potato,1,K,0.001,26.49
2771,2,potato,2,Urea,0.3,12.7
2771,2,potato,3,Urea,0.5,17.9
2772,2,potato,1,Urea,0.001,8.5
2772,2,potato,1,P,0.001,20.62
2772,2,potato,1,K,0.001,26.49
2772,2,potato,2,Urea,0.3,12.7
2772,2,potato,3,Urea,0.5,17.9
2773,2,potato,1,Urea,0.001,8.5
2773,2,potato,1,P,0.001,20.62
2773,2,potato,1,K,0.001,26.49
2773,2,potato,2,Urea,0.3,12.7
2773,2,potato,3,Urea,0.5,17.9
2774,2,potato,1,Urea,0.001,8.5
2774,2,potato,1,P,0.001,20.62
2774,2,potato,1,K,0.001,26.49
2774,2,potato,2,Urea,0.3,12.7
2774,2,potato,3,Urea,0.5,17.9
2775,2,potato,1,Urea,0.001,8.5
2775,2,potato,1,P,0.001,20.62
2775,2,potato,1,K,0.001,26.49
2775,2,potato,2,Urea,0.3,12.7
2775,2,potato,3,Urea,0.5,17.9
2776,2,potato,1,Urea,0.001,8.5
2776,2,potato,1,P,0.001,20.62
2776,2,potato,1,K,0.001,26.49
2776,2,potato,2,Urea,0.3,12.7
2776,2,potato,3,Urea,0.5,17.9
2777,2,potato,1,Urea,0.001,8.5
2777,2,potato,1,P,0.001,20.62
2777,2,potato,1,K,0.001,26.49
2777,2,potato,2,Urea,0.3,12.7
2777,2,potato,3,Urea,0.5,17.9
2778,2,potato,1,Urea,0.001,8.5
2778,2,potato,1,P,0.001,20.62
2778,2,potato,1,K,0.001,26.49
2778,2,potato,2,Urea,0.3,12.7
2778,2,potato,3,Urea,0.5,17.9
2779,2,potato,1,Urea,0.001,8.5
2779,2,potato,1,P,0.001,20.62
2779,2,potato,1,K,0.001,26.49
2779,2,potato,2,Urea,0.3,12.7
2779,2,potato,3,Urea,0.5,17.9
2780,2,potato,1,Urea,0.001,8.5
2780,2,potato,1,P,0.001,20.62
2780,2,potato,1,K,0.001,26.49
2780,2,potato,2,Urea,0.3,12.7
2780,2,potato,3,Urea,0.5,17.9
2781,2,potato,1,Urea,0.001,8.5
2781,2,potato,1,P,0.001,20.62
2781,2,potato,1,K,0.001,26.49
2781,2,potato,2,Urea,0.3,12.7
2781,2,potato,3,Urea,0.5,17.9
2782,2,potato,1,Urea,0.001,8.5
2782,2,potato,1,P,0.001,20.62
2782,2,potato,1,K,0.001,26.49
2782,2,potato,2,Urea,0.3,12.7
2782,2,potato,3,Urea,0.5,17.9
2783,2,potato,1,Urea,0.001,8.5
2783,2,potato,1,P,0.001,20.62
2783,2,potato,1,K,0.001,26.49
2783,2,potato,2,Urea,0.3,12.7
2783,2,potato,3,Urea,0.5,17.9
2784,2,potato,1,Urea,0.001,8.5
2784,2,potato,1,P,0.001,20.62
2784,2,potato,1,K,0.001,26.49
2784,2,potato,2,Urea,0.3,12.7
2784,2,potato,3,Urea,0.5,17.9
2785,2,potato,1,Urea,0.001,8.5
2785,2,potato,1,P,0.001,20.62
2785,2,potato,1,K,0.001,26.49
2785,2,potato,2,Urea,0.3,12.7
2785,2,potato,3,Urea,0.5,17.9
2786,2,potato,1,Urea,0.001,8.5
2786,2,potato,1,P,0.001,20.62
2786,2,potato,1,K,0.001,26.49
2786,2,potato,2,Urea,0.3,12.7
2786,2,potato,3,Urea,0.5,17.9
2787,2,potato,1,Urea,0.001,8.5
2787,2,potato,1,P,0.001,20.62
2787,2,potato,1,K,0.001,26.49
2787,2,potato,2,Urea,0.3,12.7
2787,2,potato,3,Urea,0.5,17.9
2788,2,potato,1,Urea,0.001,8.5
2788,2,potato,1,P,0.001,20.62
2788,2,potato,1,K,0.001,26.49
2788,2,potato,2,Urea,0.3,12.7
2788,2,potato,3,Urea,0.5,17.9
2789,2,potato,1,Urea,0.001,8.5
2789,2,potato,1,P,0.001,20.62
2789,2,potato,1,K,0.001,26.49
2789,2,potato,2,Urea,0.3,12.7
2789,2,potato,3,Urea,0.5,17.9
2790,2,potato,1,Urea,0.001,8.5
2790,2,potato,1,P,0.001,20.62
2790,2,potato,1,K,0.001,26.49
2790,2,potato,2,Urea,0.3,12.7
2790,2,potato,3,Urea,0.5,17.9
2791,2,potato,1,Urea,0.001,8.5
2791,2,potato,1,P,0.001,20.62
2791,2,potato,1,K,0.001,26.49
2791,2,potato,2,Urea,0.3,12.7
2791,2,potato,3,Urea,0.5,17.9
2792,2,potato,1,Urea,0.001,8.5
2792,2,potato,1,P,0.001,20.62
2792,2,potato,1,K,0.001,26.49
2792,2,potato,2,Urea,0.3,12.7
2792,2,potato,3,Urea,0.5,17.9
2793,2,potato,1,Urea,0.001,8.5
2793,2,potato,1,P,0.001,20.62
2793,2,potato,1,K,0.001,26.49
2793,2,potato,2,Urea,0.3,12.7
2793,2,potato,3,Urea,0.5,17.9
2794,2,potato,1,Urea,0.001,8.5
2794,2,potato,1,P,0.001,20.62
2794,2,potato,1,K,0.001,26.49
2794,2,potato,2,Urea,0.3,12.7
2794,2,potato,3,Urea,0.5,17.9
2795,2,potato,1,Urea,0.001,8.5
2795,2,potato,1,P,0.001,20.62
2795,2,potato,1,K,0.001,26.49
2795,2,potato,2,Urea,0.3,12.7
2795,2,potato,3,Urea,0.5,17.9
2796,2,potato,1,Urea,0.001,8.5
2796,2,potato,1,P,0.001,20.62
2796,2,potato,1,K,0.001,26.49
2796,2,potato,2,Urea,0.3,12.7
2796,2,potato,3,Urea,0.5,17.9
2797,2,potato,1,Urea,0.001,8.5
2797,2,potato,1,P,0.001,20.62
2797,2,potato,1,K,0.001,26.49
2797,2,potato,2,Urea,0.3,12.7
2797,2,potato,3,Urea,0.5,17.9
2798,2,potato,1,Urea,0.001,8.5
2798,2,potato,1,P,0.001,20.62
2798,2,potato,1,K,0.001,26.49
2798,2,potato,2,Urea,0.3,12.7
2798,2,potato,3,Urea,0.5,17.9
2799,2,potato,1,Urea,0.001,8.5
2799,2,potato,1,P,0.001,20.62
2799,2,potato,1,K,0.001,26.49
2799,2,potato,2,Urea,0.3,12.7
2799,2,potato,3,Urea,0.5,17.9
2800,2,potato,1,Urea,0.001,8.5
2800,2,potato,1,P,0.001,20.62
2800,2,potato,1,K,0.001,26.49
2800,2,potato,2,Urea,0.3,12.7
2800,2,potato,3,Urea,0.5,17.9
2801,2,potato,1,Urea,0.001,8.5
2801,2,potato,1,P,0.001,20.62
2801,2,potato,1,K,0.001,26.49
2801,2,potato,2,Urea,0.3,12.7
2801,2,potato,3,Urea,0.5,17.9
2802,2,potato,1,Urea,0.001,8.5
2802,2,potato,1,P,0.001,20.62
2802,2,potato,1,K,0.001,26.49
2802,2,potato,2,Urea,0.3,12.7
2802,2,potato,3,Urea,0.5,17.9
2803,2,potato,1,Urea,0.001,8.5
2803,2,potato,1,P,0.001,20.62
2803,2,potato,1,K,0.001,26.49
2803,2,potato,2,Urea,0.3,12.7
2803,2,potato,3,Urea,0.5,17.9
2804,2,potato,1,Urea,0.001,8.5
2804,2,potato,1,P,0.001,20.62
2804,2,potato,1,K,0.001,26.49
2804,2,potato,2,Urea,0.3,12.7
2804,2,potato,3,Urea,0.5,17.9
2805,2,potato,1,Urea,0.001,8.5
2805,2,potato,1,P,0.001,20.62
2805,2,potato,1,K,0.001,26.49
2805,2,potato,2,Urea,0.3,12.7
2805,2,potato,3,Urea,0.5,17.9
2806,2,potato,1,Urea,0.001,8.5
2806,2,potato,1,P,0.001,20.62
2806,2,potato,1,K,0.001,26.49
2806,2,potato,2,Urea,0.3,12.7
2806,2,potato,3,Urea,0.5,17.9
2807,2,potato,1,Urea,0.001,8.5
2807,2,potato,1,P,0.001,20.62
2807,2,potato,1,K,0.001,26.49
2807,2,potato,2,Urea,0.3,12.7
2807,2,potato,3,Urea,0.5,17.9
2808,2,potato,1,Urea,0.001,8.5
2808,2,potato,1,P,0.001,20.62
2808,2,potato,1,K,0.001,26.49
2808,2,potato,2,Urea,0.3,12.7
2808,2,potato,3,Urea,0.5,17.9
2809,2,potato,1,Urea,0.001,8.5
2809,2,potato,1,P,0.001,20.62
2809,2,potato,1,K,0.001,26.49
2809,2,potato,2,Urea,0.3,12.7
2809,2,potato,3,Urea,0.5,17.9
2810,2,potato,1,Urea,0.001,8.5
2810,2,potato,1,P,0.001,20.62
2810,2,potato,1,K,0.001,26.49
2810,2,potato,2,Urea,0.3,12.7
2810,2,potato,3,Urea,0.5,17.9
2811,2,potato,1,Urea,0.001,8.5
2811,2,potato,1,P,0.001,20.62
2811,2,potato,1,K,0.001,26.49
2811,2,potato,2,Urea,0.3,12.7
2811,2,potato,3,Urea,0.5,17.9
2812,2,potato,1,Urea,0.001,8.5
2812,2,potato,1,P,0.001,20.62
2812,2,potato,1,K,0.001,26.49
2812,2,potato,2,Urea,0.3,12.7
2812,2,potato,3,Urea,0.5,17.9
2813,2,potato,1,Urea,0.001,8.5
2813,2,potato,1,P,0.001,20.62
2813,2,potato,1,K,0.001,26.49
2813,2,potato,2,Urea,0.3,12.7
2813,2,potato,3,Urea,0.5,17.9
2814,2,potato,1,Urea,0.001,8.5
2814,2,potato,1,P,0.001,20.62
2814,2,potato,1,K,0.001,26.49
2814,2,potato,2,Urea,0.3,12.7
2814,2,potato,3,Urea,0.5,17.9
2815,2,potato,1,Urea,0.001,8.5
2815,2,potato,1,P,0.001,20.62
2815,2,potato,1,K,0.001,26.49
2815,2,potato,2,Urea,0.3,12.7
2815,2,potato,3,Urea,0.5,17.9
2816,2,potato,1,Urea,0.001,8.5
2816,2,potato,1,P,0.001,20.62
2816,2,potato,1,K,0.001,26.49
2816,2,potato,2,Urea,0.3,12.7
2816,2,potato,3,Urea,0.5,17.9
2817,2,potato,1,Urea,0.001,8.5
2817,2,potato,1,P,0.001,20.62
2817,2,potato,1,K,0.001,26.49
2817,2,potato,2,Urea,0.3,12.7
2817,2,potato,3,Urea,0.5,17.9
2818,2,potato,1,Urea,0.001,8.5
2818,2,potato,1,P,0.001,20.62
2818,2,potato,1,K,0.001,26.49
2818,2,potato,2,Urea,0.3,12.7
2818,2,potato,3,Urea,0.5,17.9
2819,2,potato,1,Urea,0.001,8.5
2819,2,potato,1,P,0.001,20.62
2819,2,potato,1,K,0.001,26.49
2819,2,potato,2,Urea,0.3,12.7
2819,2,potato,3,Urea,0.5,17.9
2820,2,potato,1,Urea,0.001,8.5
2820,2,potato,1,P,0.001,20.62
2820,2,potato,1,K,0.001,26.49
2820,2,potato,2,Urea,0.3,12.7
2820,2,potato,3,Urea,0.5,17.9
2821,2,potato,1,Urea,0.001,8.5
2821,2,potato,1,P,0.001,20.62
2821,2,potato,1,K,0.001,26.49
2821,2,potato,2,Urea,0.3,12.7
2821,2,potato,3,Urea,0.5,17.9
2822,2,potato,1,Urea,0.001,8.5
2822,2,potato,1,P,0.001,20.62
2822,2,potato,1,K,0.001,26.49
2822,2,potato,2,Urea,0.3,12.7
2822,2,potato,3,Urea,0.5,17.9
2823,2,potato,1,Urea,0.001,8.5
2823,2,potato,1,P,0.001,20.62
2823,2,potato,1,K,0.001,26.49
2823,2,potato,2,Urea,0.3,12.7
2823,2,potato,3,Urea,0.5,17.9
2824,2,potato,1,Urea,0.001,8.5
2824,2,potato,1,P,0.001,20.62
2824,2,potato,1,K,0.001,26.49
2824,2,potato,2,Urea,0.3,12.7
2824,2,potato,3,Urea,0.5,17.9
2825,2,potato,1,Urea,0.001,8.5
2825,2,potato,1,P,0.001,20.62
2825,2,potato,1,K,0.001,26.49
2825,2,potato,2,Urea,0.3,12.7
2825,2,potato,3,Urea,0.5,17.9
2826,2,potato,1,Urea,0.001,8.5
2826,2,potato,1,P,0.001,20.62
2826,2,potato,1,K,0.001,26.49
2826,2,potato,2,Urea,0.3,12.7
2826,2,potato,3,Urea,0.5,17.9
2827,2,potato,1,Urea,0.001,8.5
2827,2,potato,1,P,0.001,20.62
2827,2,potato,1,K,0.001,26.49
2827,2,potato,2,Urea,0.3,12.7
2827,2,potato,3,Urea,0.5,17.9
2828,2,potato,1,Urea,0.001,8.5
2828,2,potato,1,P,0.001,20.62
2828,2,potato,1,K,0.001,26.49
2828,2,potato,2,Urea,0.3,12.7
2828,2,potato,3,Urea,0.5,17.9
2829,2,potato,1,Urea,0.001,8.5
2829,2,potato,1,P,0.001,20.62
2829,2,potato,1,K,0.001,26.49
2829,2,potato,2,Urea,0.3,12.7
2829,2,potato,3,Urea,0.5,17.9
2830,2,potato,1,Urea,0.001,8.5
2830,2,potato,1,P,0.001,20.62
2830,2,potato,1,K,0.001,26.49
2830,2,potato,2,Urea,0.3,12.7
2830,2,potato,3,Urea,0.5,17.9
2831,2,potato,1,Urea,0.001,8.5
2831,2,potato,1,P,0.001,20.62
2831,2,potato,1,K,0.001,26.49
2831,2,potato,2,Urea,0.3,12.7
2831,2,potato,3,Urea,0.5,17.9
2832,2,potato,1,Urea,0.001,8.5
2832,2,potato,1,P,0.001,20.62
2832,2,potato,1,K,0.001,26.49
2832,2,potato,2,Urea,0.3,12.7
2832,2,potato,3,Urea,0.5,17.9
2833,2,potato,1,Urea,0.001,8.5
2833,2,potato,1,P,0.001,20.62
2833,2,potato,1,K,0.001,26.49
2833,2,potato,2,Urea,0.3,12.7
2833,2,potato,3,Urea,0.5,17.9
2834,2,potato,1,Urea,0.001,8.5
2834,2,potato,1,P,0.001,20.62
2834,2,potato,1,K,0.001,26.49
2834,2,potato,2,Urea,0.3,12.7
2834,2,potato,3,Urea,0.5,17.9
2835,2,potato,1,Urea,0.001,8.5
2835,2,potato,1,P,0.001,20.62
2835,2,potato,1,K,0.001,26.49
2835,2,potato,2,Urea,0.3,12.7
2835,2,potato,3,Urea,0.5,17.9
2836,2,potato,1,Urea,0.001,8.5
2836,2,potato,1,P,0.001,20.62
2836,2,potato,1,K,0.001,26.49
2836,2,potato,2,Urea,0.3,12.7
2836,2,potato,3,Urea,0.5,17.9
2837,2,potato,1,Urea,0.001,8.5
2837,2,potato,1,P,0.001,20.62
2837,2,potato,1,K,0.001,26.49
2837,2,potato,2,Urea,0.3,12.7
2837,2,potato,3,Urea,0.5,17.9
2838,2,potato,1,Urea,0.001,8.5
2838,2,potato,1,P,0.001,20.62
2838,2,potato,1,K,0.001,26.49
2838,2,potato,2,Urea,0.3,12.7
2838,2,potato,3,Urea,0.5,17.9
2839,2,potato,1,Urea,0.001,8.5
2839,2,potato,1,P,0.001,20.62
2839,2,potato,1,K,0.001,26.49
2839,2,potato,2,Urea,0.3,12.7
2839,2,potato,3,Urea,0.5,17.9
2840,2,potato,1,Urea,0.001,8.5
2840,2,potato,1,P,0.001,20.62
2840,2,potato,1,K,0.001,26.49
2840,2,potato,2,Urea,0.3,12.7
2840,2,potato,3,Urea,0.5,17.9
2841,2,potato,1,Urea,0.001,8.5
2841,2,potato,1,P,0.001,20.62
2841,2,potato,1,K,0.001,26.49
2841,2,potato,2,Urea,0.3,12.7
2841,2,potato,3,Urea,0.5,17.9
2842,2,potato,1,Urea,0.001,8.5
2842,2,potato,1,P,0.001,20.62
2842,2,potato,1,K,0.001,26.49
2842,2,potato,2,Urea,0.3,12.7
2842,2,potato,3,Urea,0.5,17.9
2843,2,potato,1,Urea,0.001,8.5
2843,2,potato,1,P,0.001,20.62
2843,2,potato,1,K,0.001,26.49
2843,2,potato,2,Urea,0.3,12.7
2843,2,potato,3,Urea,0.5,17.9
2844,2,potato,1,Urea,0.001,8.5
2844,2,potato,1,P,0.001,20.62
2844,2,potato,1,K,0.001,26.49
2844,2,potato,2,Urea,0.3,12.7
2844,2,potato,3,Urea,0.5,17.9
2845,2,potato,1,Urea,0.001,8.5
2845,2,potato,1,P,0.001,20.62
2845,2,potato,1,K,0.001,26.49
2845,2,potato,2,Urea,0.3,12.7
2845,2,potato,3,Urea,0.5,17.9
2846,2,potato,1,Urea,0.001,8.5
2846,2,potato,1,P,0.001,20.62
2846,2,potato,1,K,0.001,26.49
2846,2,potato,2,Urea,0.3,12.7
2846,2,potato,3,Urea,0.5,17.9
2847,2,potato,1,Urea,0.001,8.5
2847,2,potato,1,P,0.001,20.62
2847,2,potato,1,K,0.001,26.49
2847,2,potato,2,Urea,0.3,12.7
2847,2,potato,3,Urea,0.5,17.9
2848,2,potato,1,Urea,0.001,8.5
2848,2,potato,1,P,0.001,20.62
2848,2,potato,1,K,0.001,26.49
2848,2,potato,2,Urea,0.3,12.7
2848,2,potato,3,Urea,0.5,17.9
2849,2,potato,1,Urea,0.001,8.5
2849,2,potato,1,P,0.001,20.62
2849,2,potato,1,K,0.001,26.49
2849,2,potato,2,Urea,0.3,12.7
2849,2,potato,3,Urea,0.5,17.9
2850,2,potato,1,Urea,0.001,8.5
2850,2,potato,1,P,0.001,20.62
2850,2,potato,1,K,0.001,26.49
2850,2,potato,2,Urea,0.3,12.7
2850,2,potato,3,Urea,0.5,17.9
2851,2,potato,1,Urea,0.001,8.5
2851,2,potato,1,P,0.001,20.62
2851,2,potato,1,K,0.001,26.49
2851,2,potato,2,Urea,0.3,12.7
2851,2,potato,3,Urea,0.5,17.9
2852,2,potato,1,Urea,0.001,8.5
2852,2,potato,1,P,0.001,20.62
2852,2,potato,1,K,0.001,26.49
2852,2,potato,2,Urea,0.3,12.7
2852,2,potato,3,Urea,0.5,17.9
2853,2,potato,1,Urea,0.001,8.5
2853,2,potato,1,P,0.001,20.62
2853,2,potato,1,K,0.001,26.49
2853,2,potato,2,Urea,0.3,12.7
2853,2,potato,3,Urea,0.5,17.9
2854,2,potato,1,Urea,0.001,8.5
2854,2,potato,1,P,0.001,20.62
2854,2,potato,1,K,0.001,26.49
2854,2,potato,2,Urea,0.3,12.7
2854,2,potato,3,Urea,0.5,17.9
2855,2,potato,1,Urea,0.001,8.5
2855,2,potato,1,P,0.001,20.62
2855,2,potato,1,K,0.001,26.49
2855,2,potato,2,Urea,0.3,12.7
2855,2,potato,3,Urea,0.5,17.9
2856,2,potato,1,Urea,0.001,8.5
2856,2,potato,1,P,0.001,20.62
2856,2,potato,1,K,0.001,26.49
2856,2,potato,2,Urea,0.3,12.7
2856,2,potato,3,Urea,0.5,17.9
2857,2,potato,1,Urea,0.001,8.5
2857,2,potato,1,P,0.001,20.62
2857,2,potato,1,K,0.001,26.49
2857,2,potato,2,Urea,0.3,12.7
2857,2,potato,3,Urea,0.5,17.9
2858,2,potato,1,Urea,0.001,8.5
2858,2,potato,1,P,0.001,20.62
2858,2,potato,1,K,0.001,26.49
2858,2,potato,2,Urea,0.3,12.7
2858,2,potato,3,Urea,0.5,17.9
2859,2,potato,1,Urea,0.001,8.5
2859,2,potato,1,P,0.001,20.62
2859,2,potato,1,K,0.001,26.49
2859,2,potato,2,Urea,0.3,12.7
2859,2,potato,3,Urea,0.5,17.9
2860,2,potato,1,Urea,0.001,8.5
2860,2,potato,1,P,0.001,20.62
2860,2,potato,1,K,0.001,26.49
2860,2,potato,2,Urea,0.3,12.7
2860,2,potato,3,Urea,0.5,17.9
2861,2,potato,1,Urea,0.001,8.5
2861,2,potato,1,P,0.001,20.62
2861,2,potato,1,K,0.001,26.49
2861,2,potato,2,Urea,0.3,12.7
2861,2,potato,3,Urea,0.5,17.9
2862,2,potato,1,Urea,0.001,8.5
2862,2,potato,1,P,0.001,20.62
2862,2,potato,1,K,0.001,26.49
2862,2,potato,2,Urea,0.3,12.7
2862,2,potato,3,Urea,0.5,17.9
2863,2,potato,1,Urea,0.001,8.5
2863,2,potato,1,P,0.001,20.62
2863,2,potato,1,K,0.001,26.49
2863,2,potato,2,Urea,0.3,12.7
2863,2,potato,3,Urea,0.5,17.9
2864,2,potato,1,Urea,0.001,8.5
2864,2,potato,1,P,0.001,20.62
2864,2,potato,1,K,0.001,26.49
2864,2,potato,2,Urea,0.3,12.7
2864,2,potato,3,Urea,0.5,17.9
2865,2,potato,1,Urea,0.001,8.5
2865,2,potato,1,P,0.001,20.62
2865,2,potato,1,K,0.001,26.49
2865,2,potato,2,Urea,0.3,12.7
2865,2,potato,3,Urea,0.5,17.9
2866,2,potato,1,Urea,0.001,8.5
2866,2,potato,1,P,0.001,20.62
2866,2,potato,1,K,0.001,26.49
2866,2,potato,2,Urea,0.3,12.7
2866,2,potato,3,Urea,0.5,17.9
2867,2,potato,1,Urea,0.001,8.5
2867,2,potato,1,P,0.001,20.62
2867,2,potato,1,K,0.001,26.49
2867,2,potato,2,Urea,0.3,12.7
2867,2,potato,3,Urea,0.5,17.9
2868,2,potato,1,Urea,0.001,8.5
2868,2,potato,1,P,0.001,20.62
2868,2,potato,1,K,0.001,26.49
2868,2,potato,2,Urea,0.3,12.7
2868,2,potato,3,Urea,0.5,17.9
2869,2,potato,1,Urea,0.001,8.5
2869,2,potato,1,P,0.001,20.62
2869,2,potato,1,K,0.001,26.49
2869,2,potato,2,Urea,0.3,12.7
2869,2,potato,3,Urea,0.5,17.9
2870,2,potato,1,Urea,0.001,8.5
2870,2,potato,1,P,0.001,20.62
2870,2,potato,1,K,0.001,26.49
2870,2,potato,2,Urea,0.3,12.7
2870,2,potato,3,Urea,0.5,17.9
2871,2,potato,1,Urea,0.001,8.5
2871,2,potato,1,P,0.001,20.62
2871,2,potato,1,K,0.001,26.49
2871,2,potato,2,Urea,0.3,12.7
2871,2,potato,3,Urea,0.5,17.9
2872,2,potato,1,Urea,0.001,8.5
2872,2,potato,1,P,0.001,20.62
2872,2,potato,1,K,0.001,26.49
2872,2,potato,2,Urea,0.3,12.7
2872,2,potato,3,Urea,0.5,17.9
2873,2,potato,1,Urea,0.001,8.5
2873,2,potato,1,P,0.001,20.62
2873,2,potato,1,K,0.001,26.49
2873,2,potato,2,Urea,0.3,12.7
2873,2,potato,3,Urea,0.5,17.9
2874,2,potato,1,Urea,0.001,8.5
2874,2,potato,1,P,0.001,20.62
2874,2,potato,1,K,0.001,26.49
2874,2,potato,2,Urea,0.3,12.7
2874,2,potato,3,Urea,0.5,17.9
2875,2,potato,1,Urea,0.001,8.5
2875,2,potato,1,P,0.001,20.62
2875,2,potato,1,K,0.001,26.49
2875,2,potato,2,Urea,0.3,12.7
2875,2,potato,3,Urea,0.5,17.9
2876,2,potato,1,Urea,0.001,8.5
2876,2,potato,1,P,0.001,20.62
2876,2,potato,1,K,0.001,26.49
2876,2,potato,2,Urea,0.3,12.7
2876,2,potato,3,Urea,0.5,17.9
2877,2,potato,1,Urea,0.001,8.5
2877,2,potato,1,P,0.001,20.62
2877,2,potato,1,K,0.001,26.49
2877,2,potato,2,Urea,0.3,12.7
2877,2,potato,3,Urea,0.5,17.9
2878,2,potato,1,Urea,0.001,8.5
2878,2,potato,1,P,0.001,20.62
2878,2,potato,1,K,0.001,26.49
2878,2,potato,2,Urea,0.3,12.7
2878,2,potato,3,Urea,0.5,17.9
2879,2,potato,1,Urea,0.001,8.5
2879,2,potato,1,P,0.001,20.62
2879,2,potato,1,K,0.001,26.49
2879,2,potato,2,Urea,0.3,12.7
2879,2,potato,3,Urea,0.5,17.9
2880,2,potato,1,Urea,0.001,8.5
2880,2,potato,1,P,0.001,20.62
2880,2,potato,1,K,0.001,26.49
2880,2,potato,2,Urea,0.3,12.7
2880,2,potato,3,Urea,0.5,17.9
2881,2,potato,1,Urea,0.001,8.5
2881,2,potato,1,P,0.001,20.62
2881,2,potato,1,K,0.001,26.49
2881,2,potato,2,Urea,0.3,12.7
2881,2,potato,3,Urea,0.5,17.9
2882,2,potato,1,Urea,0.001,8.5
2882,2,potato,1,P,0.001,20.62
2882,2,potato,1,K,0.001,26.49
2882,2,potato,2,Urea,0.3,12.7
2882,2,potato,3,Urea,0.5,17.9
2883,2,potato,1,Urea,0.001,8.5
2883,2,potato,1,P,0.001,20.62
2883,2,potato,1,K,0.001,26.49
2883,2,potato,2,Urea,0.3,12.7
2883,2,potato,3,Urea,0.5,17.9
2884,2,potato,1,Urea,0.001,8.5
2884,2,potato,1,P,0.001,20.62
2884,2,potato,1,K,0.001,26.49
2884,2,potato,2,Urea,0.3,12.7
2884,2,potato,3,Urea,0.5,17.9
2885,2,potato,1,Urea,0.001,8.5
2885,2,potato,1,P,0.001,20.62
2885,2,potato,1,K,0.001,26.49
2885,2,potato,2,Urea,0.3,12.7
2885,2,potato,3,Urea,0.5,17.9
2886,2,potato,1,Urea,0.001,8.5
2886,2,potato,1,P,0.001,20.62
2886,2,potato,1,K,0.001,26.49
2886,2,potato,2,Urea,0.3,12.7
2886,2,potato,3,Urea,0.5,17.9
2887,2,potato,1,Urea,0.001,8.5
2887,2,potato,1,P,0.001,20.62
2887,2,potato,1,K,0.001,26.49
2887,2,potato,2,Urea,0.3,12.7
2887,2,potato,3,Urea,0.5,17.9
2888,2,potato,1,Urea,0.001,8.5
2888,2,potato,1,P,0.001,20.62
2888,2,potato,1,K,0.001,26.49
2888,2,potato,2,Urea,0.3,12.7
2888,2,potato,3,Urea,0.5,17.9
2889,2,potato,1,Urea,0.001,8.5
2889,2,potato,1,P,0.001,20.62
2889,2,potato,1,K,0.001,26.49
2889,2,potato,2,Urea,0.3,12.7
2889,2,potato,3,Urea,0.5,17.9
2890,2,potato,1,Urea,0.001,8.5
2890,2,potato,1,P,0.001,20.62
2890,2,potato,1,K,0.001,26.49
2890,2,potato,2,Urea,0.3,12.7
2890,2,potato,3,Urea,0.5,17.9
2891,2,potato,1,Urea,0.001,8.5
2891,2,potato,1,P,0.001,20.62
2891,2,potato,1,K,0.001,26.49
2891,2,potato,2,Urea,0.3,12.7
2891,2,potato,3,Urea,0.5,17.9
2892,2,potato,1,Urea,0.001,8.5
2892,2,potato,1,P,0.001,20.62
2892,2,potato,1,K,0.001,26.49
2892,2,potato,2,Urea,0.3,12.7
2892,2,potato,3,Urea,0.5,17.9
2893,2,potato,1,Urea,0.001,8.5
2893,2,potato,1,P,0.001,20.62
2893,2,potato,1,K,0.001,26.49
2893,2,potato,2,Urea,0.3,12.7
2893,2,potato,3,Urea,0.5,17.9
2894,2,potato,1,Urea,0.001,8.5
2894,2,potato,1,P,0.001,20.62
2894,2,potato,1,K,0.001,26.49
2894,2,potato,2,Urea,0.3,12.7
2894,2,potato,3,Urea,0.5,17.9
2895,2,potato,1,Urea,0.001,8.5
2895,2,potato,1,P,0.001,20.62
2895,2,potato,1,K,0.001,26.49
2895,2,potato,2,Urea,0.3,12.7
2895,2,potato,3,Urea,0.5,17.9
2896,2,potato,1,Urea,0.001,8.5
2896,2,potato,1,P,0.001,20.62
2896,2,potato,1,K,0.001,26.49
2896,2,potato,2,Urea,0.3,12.7
2896,2,potato,3,Urea,0.5,17.9
2897,2,potato,1,Urea,0.001,8.5
2897,2,potato,1,P,0.001,20.62
2897,2,potato,1,K,0.001,26.49
2897,2,potato,2,Urea,0.3,12.7
2897,2,potato,3,Urea,0.5,17.9
2898,2,potato,1,Urea,0.001,8.5
2898,2,potato,1,P,0.001,20.62
2898,2,potato,1,K,0.001,26.49
2898,2,potato,2,Urea,0.3,12.7
2898,2,potato,3,Urea,0.5,17.9
2899,2,potato,1,Urea,0.001,8.5
2899,2,potato,1,P,0.001,20.62
2899,2,potato,1,K,0.001,26.49
2899,2,potato,2,Urea,0.3,12.7
2899,2,potato,3,Urea,0.5,17.9
2900,2,potato,1,Urea,0.001,8.5
2900,2,potato,1,P,0.001,20.62
2900,2,potato,1,K,0.001,26.49
2900,2,potato,2,Urea,0.3,12.7
2900,2,potato,3,Urea,0.5,17.9
2901,2,potato,1,Urea,0.001,8.5
2901,2,potato,1,P,0.001,20.62
2901,2,potato,1,K,0.001,26.49
2901,2,potato,2,Urea,0.3,12.7
2901,2,potato,3,Urea,0.5,17.9
2902,2,potato,1,Urea,0.001,8.5
2902,2,potato,1,P,0.001,20.62
2902,2,potato,1,K,0.001,26.49
2902,2,potato,2,Urea,0.3,12.7
2902,2,potato,3,Urea,0.5,17.9
2903,2,potato,1,Urea,0.001,8.5
2903,2,potato,1,P,0.001,20.62
2903,2,potato,1,K,0.001,26.49
2903,2,potato,2,Urea,0.3,12.7
2903,2,potato,3,Urea,0.5,17.9
2904,2,potato,1,Urea,0.001,8.5
2904,2,potato,1,P,0.001,20.62
2904,2,potato,1,K,0.001,26.49
2904,2,potato,2,Urea,0.3,12.7
2904,2,potato,3,Urea,0.5,17.9
2905,2,potato,1,Urea,0.001,8.5
2905,2,potato,1,P,0.001,20.62
2905,2,potato,1,K,0.001,26.49
2905,2,potato,2,Urea,0.3,12.7
2905,2,potato,3,Urea,0.5,17.9
2906,2,potato,1,Urea,0.001,8.5
2906,2,potato,1,P,0.001,20.62
2906,2,potato,1,K,0.001,26.49
2906,2,potato,2,Urea,0.3,12.7
2906,2,potato,3,Urea,0.5,17.9
2907,2,potato,1,Urea,0.001,8.5
2907,2,potato,1,P,0.001,20.62
2907,2,potato,1,K,0.001,26.49
2907,2,potato,2,Urea,0.3,12.7
2907,2,potato,3,Urea,0.5,17.9
2908,2,potato,1,Urea,0.001,8.5
2908,2,potato,1,P,0.001,20.62
2908,2,potato,1,K,0.001,26.49
2908,2,potato,2,Urea,0.3,12.7
2908,2,potato,3,Urea,0.5,17.9
2909,2,potato,1,Urea,0.001,8.5
2909,2,potato,1,P,0.001,20.62
2909,2,potato,1,K,0.001,26.49
2909,2,potato,2,Urea,0.3,12.7
2909,2,potato,3,Urea,0.5,17.9
2910,2,potato,1,Urea,0.001,8.5
2910,2,potato,1,P,0.001,20.62
2910,2,potato,1,K,0.001,26.49
2910,2,potato,2,Urea,0.3,12.7
2910,2,potato,3,Urea,0.5,17.9
2911,2,potato,1,Urea,0.001,8.5
2911,2,potato,1,P,0.001,20.62
2911,2,potato,1,K,0.001,26.49
2911,2,potato,2,Urea,0.3,12.7
2911,2,potato,3,Urea,0.5,17.9
2912,2,potato,1,Urea,0.001,8.5
2912,2,potato,1,P,0.001,20.62
2912,2,potato,1,K,0.001,26.49
2912,2,potato,2,Urea,0.3,12.7
2912,2,potato,3,Urea,0.5,17.9
2913,2,potato,1,Urea,0.001,8.5
2913,2,potato,1,P,0.001,20.62
2913,2,potato,1,K,0.001,26.49
2913,2,potato,2,Urea,0.3,12.7
2913,2,potato,3,Urea,0.5,17.9
2914,2,potato,1,Urea,0.001,8.5
2914,2,potato,1,P,0.001,20.62
2914,2,potato,1,K,0.001,26.49
2914,2,potato,2,Urea,0.3,12.7
2914,2,potato,3,Urea,0.5,17.9
2915,2,potato,1,Urea,0.001,8.5
2915,2,potato,1,P,0.001,20.62
2915,2,potato,1,K,0.001,26.49
2915,2,potato,2,Urea,0.3,12.7
2915,2,potato,3,Urea,0.5,17.9
2916,2,potato,1,Urea,0.001,8.5
2916,2,potato,1,P,0.001,20.62
2916,2,potato,1,K,0.001,26.49
2916,2,potato,2,Urea,0.3,12.7
2916,2,potato,3,Urea,0.5,17.9
2917,2,potato,1,Urea,0.001,8.5
2917,2,potato,1,P,0.001,20.62
2917,2,potato,1,K,0.001,26.49
2917,2,potato,2,Urea,0.3,12.7
2917,2,potato,3,Urea,0.5,17.9
2918,2,potato,1,Urea,0.001,8.5
2918,2,potato,1,P,0.001,20.62
2918,2,potato,1,K,0.001,26.49
2918,2,potato,2,Urea,0.3,12.7
2918,2,potato,3,Urea,0.5,17.9
2919,2,potato,1,Urea,0.001,8.5
2919,2,potato,1,P,0.001,20.62
2919,2,potato,1,K,0.001,26.49
2919,2,potato,2,Urea,0.3,12.7
2919,2,potato,3,Urea,0.5,17.9
2920,2,potato,1,Urea,0.001,8.5
2920,2,potato,1,P,0.001,20.62
2920,2,potato,1,K,0.001,26.49
2920,2,potato,2,Urea,0.3,12.7
2920,2,potato,3,Urea,0.5,17.9
2921,2,potato,1,Urea,0.001,8.5
2921,2,potato,1,P,0.001,20.62
2921,2,potato,1,K,0.001,26.49
2921,2,potato,2,Urea,0.3,12.7
2921,2,potato,3,Urea,0.5,17.9
2922,2,potato,1,Urea,0.001,8.5
2922,2,potato,1,P,0.001,20.62
2922,2,potato,1,K,0.001,26.49
2922,2,potato,2,Urea,0.3,12.7
2922,2,potato,3,Urea,0.5,17.9
2923,2,potato,1,Urea,0.001,8.5
2923,2,potato,1,P,0.001,20.62
2923,2,potato,1,K,0.001,26.49
2923,2,potato,2,Urea,0.3,12.7
2923,2,potato,3,Urea,0.5,17.9
2924,2,potato,1,Urea,0.001,8.5
2924,2,potato,1,P,0.001,20.62
2924,2,potato,1,K,0.001,26.49
2924,2,potato,2,Urea,0.3,12.7
2924,2,potato,3,Urea,0.5,17.9
2925,2,potato,1,Urea,0.001,8.5
2925,2,potato,1,P,0.001,20.62
2925,2,potato,1,K,0.001,26.49
2925,2,potato,2,Urea,0.3,12.7
2925,2,potato,3,Urea,0.5,17.9
2926,2,potato,1,Urea,0.001,8.5
2926,2,potato,1,P,0.001,20.62
2926,2,potato,1,K,0.001,26.49
2926,2,potato,2,Urea,0.3,12.7
2926,2,potato,3,Urea,0.5,17.9
2927,2,potato,1,Urea,0.001,8.5
2927,2,potato,1,P,0.001,20.62
2927,2,potato,1,K,0.001,26.49
2927,2,potato,2,Urea,0.3,12.7
2927,2,potato,3,Urea,0.5,17.9
2928,2,potato,1,Urea,0.001,8.5
2928,2,potato,1,P,0.001,20.62
2928,2,potato,1,K,0.001,26.49
2928,2,potato,2,Urea,0.3,12.7
2928,2,potato,3,Urea,0.5,17.9
2929,2,potato,1,Urea,0.001,8.5
2929,2,potato,1,P,0.001,20.62
2929,2,potato,1,K,0.001,26.49
2929,2,potato,2,Urea,0.3,12.7
2929,2,potato,3,Urea,0.5,17.9
2930,2,potato,1,Urea,0.001,8.5
2930,2,potato,1,P,0.001,20.62
2930,2,potato,1,K,0.001,26.49
2930,2,potato,2,Urea,0.3,12.7
2930,2,potato,3,Urea,0.5,17.9
2931,2,potato,1,Urea,0.001,8.5
2931,2,potato,1,P,0.001,20.62
2931,2,potato,1,K,0.001,26.49
2931,2,potato,2,Urea,0.3,12.7
2931,2,potato,3,Urea,0.5,17.9
2932,2,potato,1,Urea,0.001,8.5
2932,2,potato,1,P,0.001,20.62
2932,2,potato,1,K,0.001,26.49
2932,2,potato,2,Urea,0.3,12.7
2932,2,potato,3,Urea,0.5,17.9
4457,2,potato,1,Urea,0.001,8.5
4457,2,potato,1,P,0.001,20.62
4457,2,potato,1,K,0.001,26.49
4457,2,potato,2,Urea,0.3,12.7
4457,2,potato,3,Urea,0.5,17.9
4458,2,potato,1,Urea,0.001,8.5
4458,2,potato,1,P,0.001,20.62
4458,2,potato,1,K,0.001,26.49
4458,2,potato,2,Urea,0.3,12.7
4458,2,potato,3,Urea,0.5,17.9
4459,2,potato,1,Urea,0.001,8.5
4459,2,potato,1,P,0.001,20.62
4459,2,potato,1,K,0.001,26.49
4459,2,potato,2,Urea,0.3,12.7
4459,2,potato,3,Urea,0.5,17.9
4460,2,potato,1,Urea,0.001,8.5
4460,2,potato,1,P,0.001,20.62
4460,2,potato,1,K,0.001,26.49
4460,2,potato,2,Urea,0.3,12.7
4460,2,potato,3,Urea,0.5,17.9
4461,2,potato,1,Urea,0.001,8.5
4461,2,potato,1,P,0.001,20.62
4461,2,potato,1,K,0.001,26.49
4461,2,potato,2,Urea,0.3,12.7
4461,2,potato,3,Urea,0.5,17.9
4462,2,potato,1,Urea,0.001,8.5
4462,2,potato,1,P,0.001,20.62
4462,2,potato,1,K,0.001,26.49
4462,2,potato,2,Urea,0.3,12.7
4462,2,potato,3,Urea,0.5,17.9
4463,2,potato,1,Urea,0.001,8.5
4463,2,potato,1,P,0.001,20.62
4463,2,potato,1,K,0.001,26.49
4463,2,potato,2,Urea,0.3,12.7
4463,2,potato,3,Urea,0.5,17.9
4464,2,potato,1,Urea,0.001,8.5
4464,2,potato,1,P,0.001,20.62
4464,2,potato,1,K,0.001,26.49
4464,2,potato,2,Urea,0.3,12.7
4464,2,potato,3,Urea,0.5,17.9
4465,2,potato,1,Urea,0.001,8.5
4465,2,potato,1,P,0.001,20.62
4465,2,potato,1,K,0.001,26.49
4465,2,potato,2,Urea,0.3,12.7
4465,2,potato,3,Urea,0.5,17.9
4466,2,potato,1,Urea,0.001,8.5
4466,2,potato,1,P,0.001,20.62
4466,2,potato,1,K,0.001,26.49
4466,2,potato,2,Urea,0.3,12.7
4466,2,potato,3,Urea,0.5,17.9
4467,2,potato,1,Urea,0.001,8.5
4467,2,potato,1,P,0.001,20.62
4467,2,potato,1,K,0.001,26.49
4467,2,potato,2,Urea,0.3,12.7
4467,2,potato,3,Urea,0.5,17.9
4468,2,potato,1,Urea,0.001,8.5
4468,2,potato,1,P,0.001,20.62
4468,2,potato,1,K,0.001,26.49
4468,2,potato,2,Urea,0.3,12.7
4468,2,potato,3,Urea,0.5,17.9
4469,2,potato,1,Urea,0.001,8.5
4469,2,potato,1,P,0.001,20.62
4469,2,potato,1,K,0.001,26.49
4469,2,potato,2,Urea,0.3,12.7
4469,2,potato,3,Urea,0.5,17.9
4470,2,potato,1,Urea,0.001,8.5
4470,2,potato,1,P,0.001,20.62
4470,2,potato,1,K,0.001,26.49
4470,2,potato,2,Urea,0.3,12.7
4470,2,potato,3,Urea,0.5,17.9
4471,2,potato,1,Urea,0.001,8.5
4471,2,potato,1,P,0.001,20.62
4471,2,potato,1,K,0.001,26.49
4471,2,potato,2,Urea,0.3,12.7
4471,2,potato,3,Urea,0.5,17.9
4472,2,potato,1,Urea,0.001,8.5
4472,2,potato,1,P,0.001,20.62
4472,2,potato,1,K,0.001,26.49
4472,2,potato,2,Urea,0.3,12.7
4472,2,potato,3,Urea,0.5,17.9
4473,2,potato,1,Urea,0.001,8.5
4473,2,potato,1,P,0.001,20.62
4473,2,potato,1,K,0.001,26.49
4473,2,potato,2,Urea,0.3,12.7
4473,2,potato,3,Urea,0.5,17.9
4474,2,potato,1,Urea,0.001,8.5
4474,2,potato,1,P,0.001,20.62
4474,2,potato,1,K,0.001,26.49
4474,2,potato,2,Urea,0.3,12.7
4474,2,potato,3,Urea,0.5,17.9
4475,2,potato,1,Urea,0.001,8.5
4475,2,potato,1,P,0.001,20.62
4475,2,potato,1,K,0.001,26.49
4475,2,potato,2,Urea,0.3,12.7
4475,2,potato,3,Urea,0.5,17.9
4476,2,potato,1,Urea,0.001,8.5
4476,2,potato,1,P,0.001,20.62
4476,2,potato,1,K,0.001,26.49
4476,2,potato,2,Urea,0.3,12.7
4476,2,potato,3,Urea,0.5,17.9
4477,2,potato,1,Urea,0.001,8.5
4477,2,potato,1,P,0.001,20.62
4477,2,potato,1,K,0.001,26.49
4477,2,potato,2,Urea,0.3,12.7
4477,2,potato,3,Urea,0.5,17.9
4478,2,potato,1,Urea,0.001,8.5
4478,2,potato,1,P,0.001,20.62
4478,2,potato,1,K,0.001,26.49
4478,2,potato,2,Urea,0.3,12.7
4478,2,potato,3,Urea,0.5,17.9
4479,2,potato,1,Urea,0.001,8.5
4479,2,potato,1,P,0.001,20.62
4479,2,potato,1,K,0.001,26.49
4479,2,potato,2,Urea,0.3,12.7
4479,2,potato,3,Urea,0.5,17.9
4480,2,potato,1,Urea,0.001,8.5
4480,2,potato,1,P,0.001,20.62
4480,2,potato,1,K,0.001,26.49
4480,2,potato,2,Urea,0.3,12.7
4480,2,potato,3,Urea,0.5,17.9
4481,2,potato,1,Urea,0.001,8.5
4481,2,potato,1,P,0.001,20.62
4481,2,potato,1,K,0.001,26.49
4481,2,potato,2,Urea,0.3,12.7
4481,2,potato,3,Urea,0.5,17.9
4482,2,potato,1,Urea,0.001,8.5
4482,2,potato,1,P,0.001,20.62
4482,2,potato,1,K,0.001,26.49
4482,2,potato,2,Urea,0.3,12.7
4482,2,potato,3,Urea,0.5,17.9
4483,2,potato,1,Urea,0.001,8.5
4483,2,potato,1,P,0.001,20.62
4483,2,potato,1,K,0.001,26.49
4483,2,potato,2,Urea,0.3,12.7
4483,2,potato,3,Urea,0.5,17.9
4484,2,potato,1,Urea,0.001,8.5
4484,2,potato,1,P,0.001,20.62
4484,2,potato,1,K,0.001,26.49
4484,2,potato,2,Urea,0.3,12.7
4484,2,potato,3,Urea,0.5,17.9
4485,2,potato,1,Urea,0.001,8.5
4485,2,potato,1,P,0.001,20.62
4485,2,potato,1,K,0.001,26.49
4485,2,potato,2,Urea,0.3,12.7
4485,2,potato,3,Urea,0.5,17.9
4486,2,potato,1,Urea,0.001,8.5
4486,2,potato,1,P,0.001,20.62
4486,2,potato,1,K,0.001,26.49
4486,2,potato,2,Urea,0.3,12.7
4486,2,potato,3,Urea,0.5,17.9
4487,2,potato,1,Urea,0.001,8.5
4487,2,potato,1,P,0.001,20.62
4487,2,potato,1,K,0.001,26.49
4487,2,potato,2,Urea,0.3,12.7
4487,2,potato,3,Urea,0.5,17.9
4488,2,potato,1,Urea,0.001,8.5
4488,2,potato,1,P,0.001,20.62
4488,2,potato,1,K,0.001,26.49
4488,2,potato,2,Urea,0.3,12.7
4488,2,potato,3,Urea,0.5,17.9
4489,2,potato,1,Urea,0.001,8.5
4489,2,potato,1,P,0.001,20.62
4489,2,potato,1,K,0.001,26.49
4489,2,potato,2,Urea,0.3,12.7
4489,2,potato,3,Urea,0.5,17.9
4490,2,potato,1,Urea,0.001,8.5
4490,2,potato,1,P,0.001,20.62
4490,2,potato,1,K,0.001,26.49
4490,2,potato,2,Urea,0.3,12.7
4490,2,potato,3,Urea,0.5,17.9
4491,2,potato,1,Urea,0.001,8.5
4491,2,potato,1,P,0.001,20.62
4491,2,potato,1,K,0.001,26.49
4491,2,potato,2,Urea,0.3,12.7
4491,2,potato,3,Urea,0.5,17.9
4492,2,potato,1,Urea,0.001,8.5
4492,2,potato,1,P,0.001,20.62
4492,2,potato,1,K,0.001,26.49
4492,2,potato,2,Urea,0.3,12.7
4492,2,potato,3,Urea,0.5,17.9
4493,2,potato,1,Urea,0.001,8.5
4493,2,potato,1,P,0.001,20.62
4493,2,potato,1,K,0.001,26.49
4493,2,potato,2,Urea,0.3,12.7
4493,2,potato,3,Urea,0.5,17.9
4494,2,potato,1,Urea,0.001,8.5
4494,2,potato,1,P,0.001,20.62
4494,2,potato,1,K,0.001,26.49
4494,2,potato,2,Urea,0.3,12.7
4494,2,potato,3,Urea,0.5,17.9
4495,2,potato,1,Urea,0.001,8.5
4495,2,potato,1,P,0.001,20.62
4495,2,potato,1,K,0.001,26.49
4495,2,potato,2,Urea,0.3,12.7
4495,2,potato,3,Urea,0.5,17.9
4496,2,potato,1,Urea,0.001,8.5
4496,2,potato,1,P,0.001,20.62
4496,2,potato,1,K,0.001,26.49
4496,2,potato,2,Urea,0.3,12.7
4496,2,potato,3,Urea,0.5,17.9
4498,2,potato,1,Urea,0.001,8.5
4498,2,potato,1,P,0.001,20.62
4498,2,potato,1,K,0.001,26.49
4498,2,potato,2,Urea,0.3,12.7
4498,2,potato,3,Urea,0.5,17.9
4499,2,potato,1,Urea,0.001,8.5
4499,2,potato,1,P,0.001,20.62
4499,2,potato,1,K,0.001,26.49
4499,2,potato,2,Urea,0.3,12.7
4499,2,potato,3,Urea,0.5,17.9
4500,2,potato,1,Urea,0.001,8.5
4500,2,potato,1,P,0.001,20.62
4500,2,potato,1,K,0.001,26.49
4500,2,potato,2,Urea,0.3,12.7
4500,2,potato,3,Urea,0.5,17.9
4501,2,potato,1,Urea,0.001,8.5
4501,2,potato,1,P,0.001,20.62
4501,2,potato,1,K,0.001,26.49
4501,2,potato,2,Urea,0.3,12.7
4501,2,potato,3,Urea,0.5,17.9
4502,2,potato,1,Urea,0.001,8.5
4502,2,potato,1,P,0.001,20.62
4502,2,potato,1,K,0.001,26.49
4502,2,potato,2,Urea,0.3,12.7
4502,2,potato,3,Urea,0.5,17.9
4503,2,potato,1,Urea,0.001,8.5
4503,2,potato,1,P,0.001,20.62
4503,2,potato,1,K,0.001,26.49
4503,2,potato,2,Urea,0.3,12.7
4503,2,potato,3,Urea,0.5,17.9
4504,2,potato,1,Urea,0.001,8.5
4504,2,potato,1,P,0.001,20.62
4504,2,potato,1,K,0.001,26.49
4504,2,potato,2,Urea,0.3,12.7
4504,2,potato,3,Urea,0.5,17.9
4505,2,potato,1,Urea,0.001,8.5
4505,2,potato,1,P,0.001,20.62
4505,2,potato,1,K,0.001,26.49
4505,2,potato,2,Urea,0.3,12.7
4505,2,potato,3,Urea,0.5,17.9
4506,2,potato,1,Urea,0.001,8.5
4506,2,potato,1,P,0.001,20.62
4506,2,potato,1,K,0.001,26.49
4506,2,potato,2,Urea,0.3,12.7
4506,2,potato,3,Urea,0.5,17.9
4507,2,potato,1,Urea,0.001,8.5
4507,2,potato,1,P,0.001,20.62
4507,2,potato,1,K,0.001,26.49
4507,2,potato,2,Urea,0.3,12.7
4507,2,potato,3,Urea,0.5,17.9
4508,2,potato,1,Urea,0.001,8.5
4508,2,potato,1,P,0.001,20.62
4508,2,potato,1,K,0.001,26.49
4508,2,potato,2,Urea,0.3,12.7
4508,2,potato,3,Urea,0.5,17.9
4509,2,potato,1,Urea,0.001,8.5
4509,2,potato,1,P,0.001,20.62
4509,2,potato,1,K,0.001,26.49
4509,2,potato,2,Urea,0.3,12.7
4509,2,potato,3,Urea,0.5,17.9
4510,2,potato,1,Urea,0.001,8.5
4510,2,potato,1,P,0.001,20.62
4510,2,potato,1,K,0.001,26.49
4510,2,potato,2,Urea,0.3,12.7
4510,2,potato,3,Urea,0.5,17.9
4511,2,potato,1,Urea,0.001,8.5
4511,2,potato,1,P,0.001,20.62
4511,2,potato,1,K,0.001,26.49
4511,2,potato,2,Urea,0.3,12.7
4511,2,potato,3,Urea,0.5,17.9
4512,2,potato,1,Urea,0.001,8.5
4512,2,potato,1,P,0.001,20.62
4512,2,potato,1,K,0.001,26.49
4512,2,potato,2,Urea,0.3,12.7
4512,2,potato,3,Urea,0.5,17.9
4513,2,potato,1,Urea,0.001,8.5
4513,2,potato,1,P,0.001,20.62
4513,2,potato,1,K,0.001,26.49
4513,2,potato,2,Urea,0.3,12.7
4513,2,potato,3,Urea,0.5,17.9
4514,2,potato,1,Urea,0.001,8.5
4514,2,potato,1,P,0.001,20.62
4514,2,potato,1,K,0.001,26.49
4514,2,potato,2,Urea,0.3,12.7
4514,2,potato,3,Urea,0.5,17.9
4515,2,potato,1,Urea,0.001,8.5
4515,2,potato,1,P,0.001,20.62
4515,2,potato,1,K,0.001,26.49
4515,2,potato,2,Urea,0.3,12.7
4515,2,potato,3,Urea,0.5,17.9
4516,2,potato,1,Urea,0.001,8.5
4516,2,potato,1,P,0.001,20.62
4516,2,potato,1,K,0.001,26.49
4516,2,potato,2,Urea,0.3,12.7
4516,2,potato,3,Urea,0.5,17.9
4517,2,potato,1,Urea,0.001,8.5
4517,2,potato,1,P,0.001,20.62
4517,2,potato,1,K,0.001,26.49
4517,2,potato,2,Urea,0.3,12.7
4517,2,potato,3,Urea,0.5,17.9
4518,2,potato,1,Urea,0.001,8.5
4518,2,potato,1,P,0.001,20.62
4518,2,potato,1,K,0.001,26.49
4518,2,potato,2,Urea,0.3,12.7
4518,2,potato,3,Urea,0.5,17.9
4519,2,potato,1,Urea,0.001,8.5
4519,2,potato,1,P,0.001,20.62
4519,2,potato,1,K,0.001,26.49
4519,2,potato,2,Urea,0.3,12.7
4519,2,potato,3,Urea,0.5,17.9
4520,2,potato,1,Urea,0.001,8.5
4520,2,potato,1,P,0.001,20.62
4520,2,potato,1,K,0.001,26.49
4520,2,potato,2,Urea,0.3,12.7
4520,2,potato,3,Urea,0.5,17.9
4521,2,potato,1,Urea,0.001,8.5
4521,2,potato,1,P,0.001,20.62
4521,2,potato,1,K,0.001,26.49
4521,2,potato,2,Urea,0.3,12.7
4521,2,potato,3,Urea,0.5,17.9
4522,2,potato,1,Urea,0.001,8.5
4522,2,potato,1,P,0.001,20.62
4522,2,potato,1,K,0.001,26.49
4522,2,potato,2,Urea,0.3,12.7
4522,2,potato,3,Urea,0.5,17.9
4523,2,potato,1,Urea,0.001,8.5
4523,2,potato,1,P,0.001,20.62
4523,2,potato,1,K,0.001,26.49
4523,2,potato,2,Urea,0.3,12.7
4523,2,potato,3,Urea,0.5,17.9
4524,2,potato,1,Urea,0.001,8.5
4524,2,potato,1,P,0.001,20.62
4524,2,potato,1,K,0.001,26.49
4524,2,potato,2,Urea,0.3,12.7
4524,2,potato,3,Urea,0.5,17.9
4525,2,potato,1,Urea,0.001,8.5
4525,2,potato,1,P,0.001,20.62
4525,2,potato,1,K,0.001,26.49
4525,2,potato,2,Urea,0.3,12.7
4525,2,potato,3,Urea,0.5,17.9
4526,2,potato,1,Urea,0.001,8.5
4526,2,potato,1,P,0.001,20.62
4526,2,potato,1,K,0.001,26.49
4526,2,potato,2,Urea,0.3,12.7
4526,2,potato,3,Urea,0.5,17.9
4527,2,potato,1,Urea,0.001,8.5
4527,2,potato,1,P,0.001,20.62
4527,2,potato,1,K,0.001,26.49
4527,2,potato,2,Urea,0.3,12.7
4527,2,potato,3,Urea,0.5,17.9
4528,2,potato,1,Urea,0.001,8.5
4528,2,potato,1,P,0.001,20.62
4528,2,potato,1,K,0.001,26.49
4528,2,potato,2,Urea,0.3,12.7
4528,2,potato,3,Urea,0.5,17.9
4529,2,potato,1,Urea,0.001,8.5
4529,2,potato,1,P,0.001,20.62
4529,2,potato,1,K,0.001,26.49
4529,2,potato,2,Urea,0.3,12.7
4529,2,potato,3,Urea,0.5,17.9
4530,2,potato,1,Urea,0.001,8.5
4530,2,potato,1,P,0.001,20.62
4530,2,potato,1,K,0.001,26.49
4530,2,potato,2,Urea,0.3,12.7
4530,2,potato,3,Urea,0.5,17.9
4531,2,potato,1,Urea,0.001,8.5
4531,2,potato,1,P,0.001,20.62
4531,2,potato,1,K,0.001,26.49
4531,2,potato,2,Urea,0.3,12.7
4531,2,potato,3,Urea,0.5,17.9
4533,2,potato,1,Urea,0.001,8.5
4533,2,potato,1,P,0.001,20.62
4533,2,potato,1,K,0.001,26.49
4533,2,potato,2,Urea,0.3,12.7
4533,2,potato,3,Urea,0.5,17.9
4534,2,potato,1,Urea,0.001,8.5
4534,2,potato,1,P,0.001,20.62
4534,2,potato,1,K,0.001,26.49
4534,2,potato,2,Urea,0.3,12.7
4534,2,potato,3,Urea,0.5,17.9
4535,2,potato,1,Urea,0.001,8.5
4535,2,potato,1,P,0.001,20.62
4535,2,potato,1,K,0.001,26.49
4535,2,potato,2,Urea,0.3,12.7
4535,2,potato,3,Urea,0.5,17.9
4536,2,potato,1,Urea,0.001,8.5
4536,2,potato,1,P,0.001,20.62
4536,2,potato,1,K,0.001,26.49
4536,2,potato,2,Urea,0.3,12.7
4536,2,potato,3,Urea,0.5,17.9
4537,2,potato,1,Urea,0.001,8.5
4537,2,potato,1,P,0.001,20.62
4537,2,potato,1,K,0.001,26.49
4537,2,potato,2,Urea,0.3,12.7
4537,2,potato,3,Urea,0.5,17.9
4538,2,potato,1,Urea,0.001,8.5
4538,2,potato,1,P,0.001,20.62
4538,2,potato,1,K,0.001,26.49
4538,2,potato,2,Urea,0.3,12.7
4538,2,potato,3,Urea,0.5,17.9
4539,2,potato,1,Urea,0.001,8.5
4539,2,potato,1,P,0.001,20.62
4539,2,potato,1,K,0.001,26.49
4539,2,potato,2,Urea,0.3,12.7
4539,2,potato,3,Urea,0.5,17.9
4540,2,potato,1,Urea,0.001,8.5
4540,2,potato,1,P,0.001,20.62
4540,2,potato,1,K,0.001,26.49
4540,2,potato,2,Urea,0.3,12.7
4540,2,potato,3,Urea,0.5,17.9
4541,2,potato,1,Urea,0.001,8.5
4541,2,potato,1,P,0.001,20.62
4541,2,potato,1,K,0.001,26.49
4541,2,potato,2,Urea,0.3,12.7
4541,2,potato,3,Urea,0.5,17.9
4542,2,potato,1,Urea,0.001,8.5
4542,2,potato,1,P,0.001,20.62
4542,2,potato,1,K,0.001,26.49
4542,2,potato,2,Urea,0.3,12.7
4542,2,potato,3,Urea,0.5,17.9
4543,2,potato,1,Urea,0.001,8.5
4543,2,potato,1,P,0.001,20.62
4543,2,potato,1,K,0.001,26.49
4543,2,potato,2,Urea,0.3,12.7
4543,2,potato,3,Urea,0.5,17.9
4544,2,potato,1,Urea,0.001,8.5
4544,2,potato,1,P,0.001,20.62
4544,2,potato,1,K,0.001,26.49
4544,2,potato,2,Urea,0.3,12.7
4544,2,potato,3,Urea,0.5,17.9
4545,2,potato,1,Urea,0.001,8.5
4545,2,potato,1,P,0.001,20.62
4545,2,potato,1,K,0.001,26.49
4545,2,potato,2,Urea,0.3,12.7
4545,2,potato,3,Urea,0.5,17.9
4546,2,potato,1,Urea,0.001,8.5
4546,2,potato,1,P,0.001,20.62
4546,2,potato,1,K,0.001,26.49
4546,2,potato,2,Urea,0.3,12.7
4546,2,potato,3,Urea,0.5,17.9
4547,2,potato,1,Urea,0.001,8.5
4547,2,potato,1,P,0.001,20.62
4547,2,potato,1,K,0.001,26.49
4547,2,potato,2,Urea,0.3,12.7
4547,2,potato,3,Urea,0.5,17.9
4548,2,potato,1,Urea,0.001,8.5
4548,2,potato,1,P,0.001,20.62
4548,2,potato,1,K,0.001,26.49
4548,2,potato,2,Urea,0.3,12.7
4548,2,potato,3,Urea,0.5,17.9
4549,2,potato,1,Urea,0.001,8.5
4549,2,potato,1,P,0.001,20.62
4549,2,potato,1,K,0.001,26.49
4549,2,potato,2,Urea,0.3,12.7
4549,2,potato,3,Urea,0.5,17.9
4550,2,potato,1,Urea,0.001,8.5
4550,2,potato,1,P,0.001,20.62
4550,2,potato,1,K,0.001,26.49
4550,2,potato,2,Urea,0.3,12.7
4550,2,potato,3,Urea,0.5,17.9
4551,2,potato,1,Urea,0.001,8.5
4551,2,potato,1,P,0.001,20.62
4551,2,potato,1,K,0.001,26.49
4551,2,potato,2,Urea,0.3,12.7
4551,2,potato,3,Urea,0.5,17.9
4552,2,potato,1,Urea,0.001,8.5
4552,2,potato,1,P,0.001,20.62
4552,2,potato,1,K,0.001,26.49
4552,2,potato,2,Urea,0.3,12.7
4552,2,potato,3,Urea,0.5,17.9
4553,2,potato,1,Urea,0.001,8.5
4553,2,potato,1,P,0.001,20.62
4553,2,potato,1,K,0.001,26.49
4553,2,potato,2,Urea,0.3,12.7
4553,2,potato,3,Urea,0.5,17.9
4554,2,potato,1,Urea,0.001,8.5
4554,2,potato,1,P,0.001,20.62
4554,2,potato,1,K,0.001,26.49
4554,2,potato,2,Urea,0.3,12.7
4554,2,potato,3,Urea,0.5,17.9
4555,2,potato,1,Urea,0.001,8.5
4555,2,potato,1,P,0.001,20.62
4555,2,potato,1,K,0.001,26.49
4555,2,potato,2,Urea,0.3,12.7
4555,2,potato,3,Urea,0.5,17.9
4556,2,potato,1,Urea,0.001,8.5
4556,2,potato,1,P,0.001,20.62
4556,2,potato,1,K,0.001,26.49
4556,2,potato,2,Urea,0.3,12.7
4556,2,potato,3,Urea,0.5,17.9
4557,2,potato,1,Urea,0.001,8.5
4557,2,potato,1,P,0.001,20.62
4557,2,potato,1,K,0.001,26.49
4557,2,potato,2,Urea,0.3,12.7
4557,2,potato,3,Urea,0.5,17.9
4558,2,potato,1,Urea,0.001,8.5
4558,2,potato,1,P,0.001,20.62
4558,2,potato,1,K,0.001,26.49
4558,2,potato,2,Urea,0.3,12.7
4558,2,potato,3,Urea,0.5,17.9
4559,2,potato,1,Urea,0.001,8.5
4559,2,potato,1,P,0.001,20.62
4559,2,potato,1,K,0.001,26.49
4559,2,potato,2,Urea,0.3,12.7
4559,2,potato,3,Urea,0.5,17.9
4560,2,potato,1,Urea,0.001,8.5
4560,2,potato,1,P,0.001,20.62
4560,2,potato,1,K,0.001,26.49
4560,2,potato,2,Urea,0.3,12.7
4560,2,potato,3,Urea,0.5,17.9
4561,2,potato,1,Urea,0.001,8.5
4561,2,potato,1,P,0.001,20.62
4561,2,potato,1,K,0.001,26.49
4561,2,potato,2,Urea,0.3,12.7
4561,2,potato,3,Urea,0.5,17.9
4562,2,potato,1,Urea,0.001,8.5
4562,2,potato,1,P,0.001,20.62
4562,2,potato,1,K,0.001,26.49
4562,2,potato,2,Urea,0.3,12.7
4562,2,potato,3,Urea,0.5,17.9
4563,2,potato,1,Urea,0.001,8.5
4563,2,potato,1,P,0.001,20.62
4563,2,potato,1,K,0.001,26.49
4563,2,potato,2,Urea,0.3,12.7
4563,2,potato,3,Urea,0.5,17.9
4564,2,potato,1,Urea,0.001,8.5
4564,2,potato,1,P,0.001,20.62
4564,2,potato,1,K,0.001,26.49
4564,2,potato,2,Urea,0.3,12.7
4564,2,potato,3,Urea,0.5,17.9
4565,2,potato,1,Urea,0.001,8.5
4565,2,potato,1,P,0.001,20.62
4565,2,potato,1,K,0.001,26.49
4565,2,potato,2,Urea,0.3,12.7
4565,2,potato,3,Urea,0.5,17.9
4566,2,potato,1,Urea,0.001,8.5
4566,2,potato,1,P,0.001,20.62
4566,2,potato,1,K,0.001,26.49
4566,2,potato,2,Urea,0.3,12.7
4566,2,potato,3,Urea,0.5,17.9
4567,2,potato,1,Urea,0.001,8.5
4567,2,potato,1,P,0.001,20.62
4567,2,potato,1,K,0.001,26.49
4567,2,potato,2,Urea,0.3,12.7
4567,2,potato,3,Urea,0.5,17.9
4568,2,potato,1,Urea,0.001,8.5
4568,2,potato,1,P,0.001,20.62
4568,2,potato,1,K,0.001,26.49
4568,2,potato,2,Urea,0.3,12.7
4568,2,potato,3,Urea,0.5,17.9
4569,2,potato,1,Urea,0.001,8.5
4569,2,potato,1,P,0.001,20.62
4569,2,potato,1,K,0.001,26.49
4569,2,potato,2,Urea,0.3,12.7
4569,2,potato,3,Urea,0.5,17.9
4570,2,potato,1,Urea,0.001,8.5
4570,2,potato,1,P,0.001,20.62
4570,2,potato,1,K,0.001,26.49
4570,2,potato,2,Urea,0.3,12.7
4570,2,potato,3,Urea,0.5,17.9
4571,2,potato,1,Urea,0.001,8.5
4571,2,potato,1,P,0.001,20.62
4571,2,potato,1,K,0.001,26.49
4571,2,potato,2,Urea,0.3,12.7
4571,2,potato,3,Urea,0.5,17.9
4572,2,potato,1,Urea,0.001,8.5
4572,2,potato,1,P,0.001,20.62
4572,2,potato,1,K,0.001,26.49
4572,2,potato,2,Urea,0.3,12.7
4572,2,potato,3,Urea,0.5,17.9
4573,2,potato,1,Urea,0.001,8.5
4573,2,potato,1,P,0.001,20.62
4573,2,potato,1,K,0.001,26.49
4573,2,potato,2,Urea,0.3,12.7
4573,2,potato,3,Urea,0.5,17.9
4574,2,potato,1,Urea,0.001,8.5
4574,2,potato,1,P,0.001,20.62
4574,2,potato,1,K,0.001,26.49
4574,2,potato,2,Urea,0.3,12.7
4574,2,potato,3,Urea,0.5,17.9
4575,2,potato,1,Urea,0.001,8.5
4575,2,potato,1,P,0.001,20.62
4575,2,potato,1,K,0.001,26.49
4575,2,potato,2,Urea,0.3,12.7
4575,2,potato,3,Urea,0.5,17.9
4576,2,potato,1,Urea,0.001,8.5
4576,2,potato,1,P,0.001,20.62
4576,2,potato,1,K,0.001,26.49
4576,2,potato,2,Urea,0.3,12.7
4576,2,potato,3,Urea,0.5,17.9
4577,2,potato,1,Urea,0.001,8.5
4577,2,potato,1,P,0.001,20.62
4577,2,potato,1,K,0.001,26.49
4577,2,potato,2,Urea,0.3,12.7
4577,2,potato,3,Urea,0.5,17.9
4578,2,potato,1,Urea,0.001,8.5
4578,2,potato,1,P,0.001,20.62
4578,2,potato,1,K,0.001,26.49
4578,2,potato,2,Urea,0.3,12.7
4578,2,potato,3,Urea,0.5,17.9
4579,2,potato,1,Urea,0.001,8.5
4579,2,potato,1,P,0.001,20.62
4579,2,potato,1,K,0.001,26.49
4579,2,potato,2,Urea,0.3,12.7
4579,2,potato,3,Urea,0.5,17.9
4580,2,potato,1,Urea,0.001,8.5
4580,2,potato,1,P,0.001,20.62
4580,2,potato,1,K,0.001,26.49
4580,2,potato,2,Urea,0.3,12.7
4580,2,potato,3,Urea,0.5,17.9
4581,2,potato,1,Urea,0.001,8.5
4581,2,potato,1,P,0.001,20.62
4581,2,potato,1,K,0.001,26.49
4581,2,potato,2,Urea,0.3,12.7
4581,2,potato,3,Urea,0.5,17.9
4582,2,potato,1,Urea,0.001,8.5
4582,2,potato,1,P,0.001,20.62
4582,2,potato,1,K,0.001,26.49
4582,2,potato,2,Urea,0.3,12.7
4582,2,potato,3,Urea,0.5,17.9
4583,2,potato,1,Urea,0.001,8.5
4583,2,potato,1,P,0.001,20.62
4583,2,potato,1,K,0.001,26.49
4583,2,potato,2,Urea,0.3,12.7
4583,2,potato,3,Urea,0.5,17.9
4584,2,potato,1,Urea,0.001,8.5
4584,2,potato,1,P,0.001,20.62
4584,2,potato,1,K,0.001,26.49
4584,2,potato,2,Urea,0.3,12.7
4584,2,potato,3,Urea,0.5,17.9
4585,2,potato,1,Urea,0.001,8.5
4585,2,potato,1,P,0.001,20.62
4585,2,potato,1,K,0.001,26.49
4585,2,potato,2,Urea,0.3,12.7
4585,2,potato,3,Urea,0.5,17.9
4586,2,potato,1,Urea,0.001,8.5
4586,2,potato,1,P,0.001,20.62
4586,2,potato,1,K,0.001,26.49
4586,2,potato,2,Urea,0.3,12.7
4586,2,potato,3,Urea,0.5,17.9
4587,2,potato,1,Urea,0.001,8.5
4587,2,potato,1,P,0.001,20.62
4587,2,potato,1,K,0.001,26.49
4587,2,potato,2,Urea,0.3,12.7
4587,2,potato,3,Urea,0.5,17.9
4588,2,potato,1,Urea,0.001,8.5
4588,2,potato,1,P,0.001,20.62
4588,2,potato,1,K,0.001,26.49
4588,2,potato,2,Urea,0.3,12.7
4588,2,potato,3,Urea,0.5,17.9
4589,2,potato,1,Urea,0.001,8.5
4589,2,potato,1,P,0.001,20.62
4589,2,potato,1,K,0.001,26.49
4589,2,potato,2,Urea,0.3,12.7
4589,2,potato,3,Urea,0.5,17.9
4590,2,potato,1,Urea,0.001,8.5
4590,2,potato,1,P,0.001,20.62
4590,2,potato,1,K,0.001,26.49
4590,2,potato,2,Urea,0.3,12.7
4590,2,potato,3,Urea,0.5,17.9
4591,2,potato,1,Urea,0.001,8.5
4591,2,potato,1,P,0.001,20.62
4591,2,potato,1,K,0.001,26.49
4591,2,potato,2,Urea,0.3,12.7
4591,2,potato,3,Urea,0.5,17.9
4592,2,potato,1,Urea,0.001,8.5
4592,2,potato,1,P,0.001,20.62
4592,2,potato,1,K,0.001,26.49
4592,2,potato,2,Urea,0.3,12.7
4592,2,potato,3,Urea,0.5,17.9
4593,2,potato,1,Urea,0.001,8.5
4593,2,potato,1,P,0.001,20.62
4593,2,potato,1,K,0.001,26.49
4593,2,potato,2,Urea,0.3,12.7
4593,2,potato,3,Urea,0.5,17.9
4594,2,potato,1,Urea,0.001,8.5
4594,2,potato,1,P,0.001,20.62
4594,2,potato,1,K,0.001,26.49
4594,2,potato,2,Urea,0.3,12.7
4594,2,potato,3,Urea,0.5,17.9
4595,2,potato,1,Urea,0.001,8.5
4595,2,potato,1,P,0.001,20.62
4595,2,potato,1,K,0.001,26.49
4595,2,potato,2,Urea,0.3,12.7
4595,2,potato,3,Urea,0.5,17.9
4596,2,potato,1,Urea,0.001,8.5
4596,2,potato,1,P,0.001,20.62
4596,2,potato,1,K,0.001,26.49
4596,2,potato,2,Urea,0.3,12.7
4596,2,potato,3,Urea,0.5,17.9
4597,2,potato,1,Urea,0.001,8.5
4597,2,potato,1,P,0.001,20.62
4597,2,potato,1,K,0.001,26.49
4597,2,potato,2,Urea,0.3,12.7
4597,2,potato,3,Urea,0.5,17.9
4598,2,potato,1,Urea,0.001,8.5
4598,2,potato,1,P,0.001,20.62
4598,2,potato,1,K,0.001,26.49
4598,2,potato,2,Urea,0.3,12.7
4598,2,potato,3,Urea,0.5,17.9
4599,2,potato,1,Urea,0.001,8.5
4599,2,potato,1,P,0.001,20.62
4599,2,potato,1,K,0.001,26.49
4599,2,potato,2,Urea,0.3,12.7
4599,2,potato,3,Urea,0.5,17.9
4600,2,potato,1,Urea,0.001,8.5
4600,2,potato,1,P,0.001,20.62
4600,2,potato,1,K,0.001,26.49
4600,2,potato,2,Urea,0.3,12.7
4600,2,potato,3,Urea,0.5,17.9
4601,2,potato,1,Urea,0.001,8.5
4601,2,potato,1,P,0.001,20.62
4601,2,potato,1,K,0.001,26.49
4601,2,potato,2,Urea,0.3,12.7
4601,2,potato,3,Urea,0.5,17.9
4602,2,potato,1,Urea,0.001,8.5
4602,2,potato,1,P,0.001,20.62
4602,2,potato,1,K,0.001,26.49
4602,2,potato,2,Urea,0.3,12.7
4602,2,potato,3,Urea,0.5,17.9
4603,2,potato,1,Urea,0.001,8.5
4603,2,potato,1,P,0.001,20.62
4603,2,potato,1,K,0.001,26.49
4603,2,potato,2,Urea,0.3,12.7
4603,2,potato,3,Urea,0.5,17.9
4604,2,potato,1,Urea,0.001,8.5
4604,2,potato,1,P,0.001,20.62
4604,2,potato,1,K,0.001,26.49
4604,2,potato,2,Urea,0.3,12.7
4604,2,potato,3,Urea,0.5,17.9
4605,2,potato,1,Urea,0.001,8.5
4605,2,potato,1,P,0.001,20.62
4605,2,potato,1,K,0.001,26.49
4605,2,potato,2,Urea,0.3,12.7
4605,2,potato,3,Urea,0.5,17.9
4606,2,potato,1,Urea,0.001,8.5
4606,2,potato,1,P,0.001,20.62
4606,2,potato,1,K,0.001,26.49
4606,2,potato,2,Urea,0.3,12.7
4606,2,potato,3,Urea,0.5,17.9
4607,2,potato,1,Urea,0.001,8.5
4607,2,potato,1,P,0.001,20.62
4607,2,potato,1,K,0.001,26.49
4607,2,potato,2,Urea,0.3,12.7
4607,2,potato,3,Urea,0.5,17.9
4608,2,potato,1,Urea,0.001,8.5
4608,2,potato,1,P,0.001,20.62
4608,2,potato,1,K,0.001,26.49
4608,2,potato,2,Urea,0.3,12.7
4608,2,potato,3,Urea,0.5,17.9
4609,2,potato,1,Urea,0.001,8.5
4609,2,potato,1,P,0.001,20.62
4609,2,potato,1,K,0.001,26.49
4609,2,potato,2,Urea,0.3,12.7
4609,2,potato,3,Urea,0.5,17.9
4610,2,potato,1,Urea,0.001,8.5
4610,2,potato,1,P,0.001,20.62
4610,2,potato,1,K,0.001,26.49
4610,2,potato,2,Urea,0.3,12.7
4610,2,potato,3,Urea,0.5,17.9
4611,2,potato,1,Urea,0.001,8.5
4611,2,potato,1,P,0.001,20.62
4611,2,potato,1,K,0.001,26.49
4611,2,potato,2,Urea,0.3,12.7
4611,2,potato,3,Urea,0.5,17.9
4612,2,potato,1,Urea,0.001,8.5
4612,2,potato,1,P,0.001,20.62
4612,2,potato,1,K,0.001,26.49
4612,2,potato,2,Urea,0.3,12.7
4612,2,potato,3,Urea,0.5,17.9
4613,2,potato,1,Urea,0.001,8.5
4613,2,potato,1,P,0.001,20.62
4613,2,potato,1,K,0.001,26.49
4613,2,potato,2,Urea,0.3,12.7
4613,2,potato,3,Urea,0.5,17.9
4614,2,potato,1,Urea,0.001,8.5
4614,2,potato,1,P,0.001,20.62
4614,2,potato,1,K,0.001,26.49
4614,2,potato,2,Urea,0.3,12.7
4614,2,potato,3,Urea,0.5,17.9
4615,2,potato,1,Urea,0.001,8.5
4615,2,potato,1,P,0.001,20.62
4615,2,potato,1,K,0.001,26.49
4615,2,potato,2,Urea,0.3,12.7
4615,2,potato,3,Urea,0.5,17.9
4616,2,potato,1,Urea,0.001,8.5
4616,2,potato,1,P,0.001,20.62
4616,2,potato,1,K,0.001,26.49
4616,2,potato,2,Urea,0.3,12.7
4616,2,potato,3,Urea,0.5,17.9
4617,2,potato,1,Urea,0.001,8.5
4617,2,potato,1,P,0.001,20.62
4617,2,potato,1,K,0.001,26.49
4617,2,potato,2,Urea,0.3,12.7
4617,2,potato,3,Urea,0.5,17.9
4618,2,potato,1,Urea,0.001,8.5
4618,2,potato,1,P,0.001,20.62
4618,2,potato,1,K,0.001,26.49
4618,2,potato,2,Urea,0.3,12.7
4618,2,potato,3,Urea,0.5,17.9
4619,2,potato,1,Urea,0.001,8.5
4619,2,potato,1,P,0.001,20.62
4619,2,potato,1,K,0.001,26.49
4619,2,potato,2,Urea,0.3,12.7
4619,2,potato,3,Urea,0.5,17.9
4620,2,potato,1,Urea,0.001,8.5
4620,2,potato,1,P,0.001,20.62
4620,2,potato,1,K,0.001,26.49
4620,2,potato,2,Urea,0.3,12.7
4620,2,potato,3,Urea,0.5,17.9
4621,2,potato,1,Urea,0.001,8.5
4621,2,potato,1,P,0.001,20.62
4621,2,potato,1,K,0.001,26.49
4621,2,potato,2,Urea,0.3,12.7
4621,2,potato,3,Urea,0.5,17.9
4623,2,potato,1,Urea,0.001,8.5
4623,2,potato,1,P,0.001,20.62
4623,2,potato,1,K,0.001,26.49
4623,2,potato,2,Urea,0.3,12.7
4623,2,potato,3,Urea,0.5,17.9
4624,2,potato,1,Urea,0.001,8.5
4624,2,potato,1,P,0.001,20.62
4624,2,potato,1,K,0.001,26.49
4624,2,potato,2,Urea,0.3,12.7
4624,2,potato,3,Urea,0.5,17.9
4625,2,potato,1,Urea,0.001,8.5
4625,2,potato,1,P,0.001,20.62
4625,2,potato,1,K,0.001,26.49
4625,2,potato,2,Urea,0.3,12.7
4625,2,potato,3,Urea,0.5,17.9
4626,2,potato,1,Urea,0.001,8.5
4626,2,potato,1,P,0.001,20.62
4626,2,potato,1,K,0.001,26.49
4626,2,potato,2,Urea,0.3,12.7
4626,2,potato,3,Urea,0.5,17.9
4627,2,potato,1,Urea,0.001,8.5
4627,2,potato,1,P,0.001,20.62
4627,2,potato,1,K,0.001,26.49
4627,2,potato,2,Urea,0.3,12.7
4627,2,potato,3,Urea,0.5,17.9
4628,2,potato,1,Urea,0.001,8.5
4628,2,potato,1,P,0.001,20.62
4628,2,potato,1,K,0.001,26.49
4628,2,potato,2,Urea,0.3,12.7
4628,2,potato,3,Urea,0.5,17.9
4629,2,potato,1,Urea,0.001,8.5
4629,2,potato,1,P,0.001,20.62
4629,2,potato,1,K,0.001,26.49
4629,2,potato,2,Urea,0.3,12.7
4629,2,potato,3,Urea,0.5,17.9
4630,2,potato,1,Urea,0.001,8.5
4630,2,potato,1,P,0.001,20.62
4630,2,potato,1,K,0.001,26.49
4630,2,potato,2,Urea,0.3,12.7
4630,2,potato,3,Urea,0.5,17.9
4631,2,potato,1,Urea,0.001,8.5
4631,2,potato,1,P,0.001,20.62
4631,2,potato,1,K,0.001,26.49
4631,2,potato,2,Urea,0.3,12.7
4631,2,potato,3,Urea,0.5,17.9
4632,2,potato,1,Urea,0.001,8.5
4632,2,potato,1,P,0.001,20.62
4632,2,potato,1,K,0.001,26.49
4632,2,potato,2,Urea,0.3,12.7
4632,2,potato,3,Urea,0.5,17.9
4633,2,potato,1,Urea,0.001,8.5
4633,2,potato,1,P,0.001,20.62
4633,2,potato,1,K,0.001,26.49
4633,2,potato,2,Urea,0.3,12.7
4633,2,potato,3,Urea,0.5,17.9
4634,2,potato,1,Urea,0.001,8.5
4634,2,potato,1,P,0.001,20.62
4634,2,potato,1,K,0.001,26.49
4634,2,potato,2,Urea,0.3,12.7
4634,2,potato,3,Urea,0.5,17.9
4635,2,potato,1,Urea,0.001,8.5
4635,2,potato,1,P,0.001,20.62
4635,2,potato,1,K,0.001,26.49
4635,2,potato,2,Urea,0.3,12.7
4635,2,potato,3,Urea,0.5,17.9
4636,2,potato,1,Urea,0.001,8.5
4636,2,potato,1,P,0.001,20.62
4636,2,potato,1,K,0.001,26.49
4636,2,potato,2,Urea,0.3,12.7
4636,2,potato,3,Urea,0.5,17.9
4637,2,potato,1,Urea,0.001,8.5
4637,2,potato,1,P,0.001,20.62
4637,2,potato,1,K,0.001,26.49
4637,2,potato,2,Urea,0.3,12.7
4637,2,potato,3,Urea,0.5,17.9
4638,2,potato,1,Urea,0.001,8.5
4638,2,potato,1,P,0.001,20.62
4638,2,potato,1,K,0.001,26.49
4638,2,potato,2,Urea,0.3,12.7
4638,2,potato,3,Urea,0.5,17.9
4639,2,potato,1,Urea,0.001,8.5
4639,2,potato,1,P,0.001,20.62
4639,2,potato,1,K,0.001,26.49
4639,2,potato,2,Urea,0.3,12.7
4639,2,potato,3,Urea,0.5,17.9
4640,2,potato,1,Urea,0.001,8.5
4640,2,potato,1,P,0.001,20.62
4640,2,potato,1,K,0.001,26.49
4640,2,potato,2,Urea,0.3,12.7
4640,2,potato,3,Urea,0.5,17.9
4641,2,potato,1,Urea,0.001,8.5
4641,2,potato,1,P,0.001,20.62
4641,2,potato,1,K,0.001,26.49
4641,2,potato,2,Urea,0.3,12.7
4641,2,potato,3,Urea,0.5,17.9
4642,2,potato,1,Urea,0.001,8.5
4642,2,potato,1,P,0.001,20.62
4642,2,potato,1,K,0.001,26.49
4642,2,potato,2,Urea,0.3,12.7
4642,2,potato,3,Urea,0.5,17.9
4643,2,potato,1,Urea,0.001,8.5
4643,2,potato,1,P,0.001,20.62
4643,2,potato,1,K,0.001,26.49
4643,2,potato,2,Urea,0.3,12.7
4643,2,potato,3,Urea,0.5,17.9
4644,2,potato,1,Urea,0.001,8.5
4644,2,potato,1,P,0.001,20.62
4644,2,potato,1,K,0.001,26.49
4644,2,potato,2,Urea,0.3,12.7
4644,2,potato,3,Urea,0.5,17.9
4645,2,potato,1,Urea,0.001,8.5
4645,2,potato,1,P,0.001,20.62
4645,2,potato,1,K,0.001,26.49
4645,2,potato,2,Urea,0.3,12.7
4645,2,potato,3,Urea,0.5,17.9
4646,2,potato,1,Urea,0.001,8.5
4646,2,potato,1,P,0.001,20.62
4646,2,potato,1,K,0.001,26.49
4646,2,potato,2,Urea,0.3,12.7
4646,2,potato,3,Urea,0.5,17.9
4647,2,potato,1,Urea,0.001,8.5
4647,2,potato,1,P,0.001,20.62
4647,2,potato,1,K,0.001,26.49
4647,2,potato,2,Urea,0.3,12.7
4647,2,potato,3,Urea,0.5,17.9
4648,2,potato,1,Urea,0.001,8.5
4648,2,potato,1,P,0.001,20.62
4648,2,potato,1,K,0.001,26.49
4648,2,potato,2,Urea,0.3,12.7
4648,2,potato,3,Urea,0.5,17.9
4649,2,potato,1,Urea,0.001,8.5
4649,2,potato,1,P,0.001,20.62
4649,2,potato,1,K,0.001,26.49
4649,2,potato,2,Urea,0.3,12.7
4649,2,potato,3,Urea,0.5,17.9
4650,2,potato,1,Urea,0.001,8.5
4650,2,potato,1,P,0.001,20.62
4650,2,potato,1,K,0.001,26.49
4650,2,potato,2,Urea,0.3,12.7
4650,2,potato,3,Urea,0.5,17.9
4651,2,potato,1,Urea,0.001,8.5
4651,2,potato,1,P,0.001,20.62
4651,2,potato,1,K,0.001,26.49
4651,2,potato,2,Urea,0.3,12.7
4651,2,potato,3,Urea,0.5,17.9
4652,2,potato,1,Urea,0.001,8.5
4652,2,potato,1,P,0.001,20.62
4652,2,potato,1,K,0.001,26.49
4652,2,potato,2,Urea,0.3,12.7
4652,2,potato,3,Urea,0.5,17.9
4653,2,potato,1,Urea,0.001,8.5
4653,2,potato,1,P,0.001,20.62
4653,2,potato,1,K,0.001,26.49
4653,2,potato,2,Urea,0.3,12.7
4653,2,potato,3,Urea,0.5,17.9
4654,2,potato,1,Urea,0.001,8.5
4654,2,potato,1,P,0.001,20.62
4654,2,potato,1,K,0.001,26.49
4654,2,potato,2,Urea,0.3,12.7
4654,2,potato,3,Urea,0.5,17.9
4655,2,potato,1,Urea,0.001,8.5
4655,2,potato,1,P,0.001,20.62
4655,2,potato,1,K,0.001,26.49
4655,2,potato,2,Urea,0.3,12.7
4655,2,potato,3,Urea,0.5,17.9
4656,2,potato,1,Urea,0.001,8.5
4656,2,potato,1,P,0.001,20.62
4656,2,potato,1,K,0.001,26.49
4656,2,potato,2,Urea,0.3,12.7
4656,2,potato,3,Urea,0.5,17.9
4657,2,potato,1,Urea,0.001,8.5
4657,2,potato,1,P,0.001,20.62
4657,2,potato,1,K,0.001,26.49
4657,2,potato,2,Urea,0.3,12.7
4657,2,potato,3,Urea,0.5,17.9
4658,2,potato,1,Urea,0.001,8.5
4658,2,potato,1,P,0.001,20.62
4658,2,potato,1,K,0.001,26.49
4658,2,potato,2,Urea,0.3,12.7
4658,2,potato,3,Urea,0.5,17.9
4659,2,potato,1,Urea,0.001,8.5
4659,2,potato,1,P,0.001,20.62
4659,2,potato,1,K,0.001,26.49
4659,2,potato,2,Urea,0.3,12.7
4659,2,potato,3,Urea,0.5,17.9
4660,2,potato,1,Urea,0.001,8.5
4660,2,potato,1,P,0.001,20.62
4660,2,potato,1,K,0.001,26.49
4660,2,potato,2,Urea,0.3,12.7
4660,2,potato,3,Urea,0.5,17.9
4661,2,potato,1,Urea,0.001,8.5
4661,2,potato,1,P,0.001,20.62
4661,2,potato,1,K,0.001,26.49
4661,2,potato,2,Urea,0.3,12.7
4661,2,potato,3,Urea,0.5,17.9
4662,2,potato,1,Urea,0.001,8.5
4662,2,potato,1,P,0.001,20.62
4662,2,potato,1,K,0.001,26.49
4662,2,potato,2,Urea,0.3,12.7
4662,2,potato,3,Urea,0.5,17.9
4663,2,potato,1,Urea,0.001,8.5
4663,2,potato,1,P,0.001,20.62
4663,2,potato,1,K,0.001,26.49
4663,2,potato,2,Urea,0.3,12.7
4663,2,potato,3,Urea,0.5,17.9
4664,2,potato,1,Urea,0.001,8.5
4664,2,potato,1,P,0.001,20.62
4664,2,potato,1,K,0.001,26.49
4664,2,potato,2,Urea,0.3,12.7
4664,2,potato,3,Urea,0.5,17.9
4665,2,potato,1,Urea,0.001,8.5
4665,2,potato,1,P,0.001,20.62
4665,2,potato,1,K,0.001,26.49
4665,2,potato,2,Urea,0.3,12.7
4665,2,potato,3,Urea,0.5,17.9
4666,2,potato,1,Urea,0.001,8.5
4666,2,potato,1,P,0.001,20.62
4666,2,potato,1,K,0.001,26.49
4666,2,potato,2,Urea,0.3,12.7
4666,2,potato,3,Urea,0.5,17.9
4667,2,potato,1,Urea,0.001,8.5
4667,2,potato,1,P,0.001,20.62
4667,2,potato,1,K,0.001,26.49
4667,2,potato,2,Urea,0.3,12.7
4667,2,potato,3,Urea,0.5,17.9
4668,2,potato,1,Urea,0.001,8.5
4668,2,potato,1,P,0.001,20.62
4668,2,potato,1,K,0.001,26.49
4668,2,potato,2,Urea,0.3,12.7
4668,2,potato,3,Urea,0.5,17.9
4669,2,potato,1,Urea,0.001,8.5
4669,2,potato,1,P,0.001,20.62
4669,2,potato,1,K,0.001,26.49
4669,2,potato,2,Urea,0.3,12.7
4669,2,potato,3,Urea,0.5,17.9
4670,2,potato,1,Urea,0.001,8.5
4670,2,potato,1,P,0.001,20.62
4670,2,potato,1,K,0.001,26.49
4670,2,potato,2,Urea,0.3,12.7
4670,2,potato,3,Urea,0.5,17.9
4671,2,potato,1,Urea,0.001,8.5
4671,2,potato,1,P,0.001,20.62
4671,2,potato,1,K,0.001,26.49
4671,2,potato,2,Urea,0.3,12.7
4671,2,potato,3,Urea,0.5,17.9
4672,2,potato,1,Urea,0.001,8.5
4672,2,potato,1,P,0.001,20.62
4672,2,potato,1,K,0.001,26.49
4672,2,potato,2,Urea,0.3,12.7
4672,2,potato,3,Urea,0.5,17.9
4673,2,potato,1,Urea,0.001,8.5
4673,2,potato,1,P,0.001,20.62
4673,2,potato,1,K,0.001,26.49
4673,2,potato,2,Urea,0.3,12.7
4673,2,potato,3,Urea,0.5,17.9
4674,2,potato,1,Urea,0.001,8.5
4674,2,potato,1,P,0.001,20.62
4674,2,potato,1,K,0.001,26.49
4674,2,potato,2,Urea,0.3,12.7
4674,2,potato,3,Urea,0.5,17.9
4675,2,potato,1,Urea,0.001,8.5
4675,2,potato,1,P,0.001,20.62
4675,2,potato,1,K,0.001,26.49
4675,2,potato,2,Urea,0.3,12.7
4675,2,potato,3,Urea,0.5,17.9
4676,2,potato,1,Urea,0.001,8.5
4676,2,potato,1,P,0.001,20.62
4676,2,potato,1,K,0.001,26.49
4676,2,potato,2,Urea,0.3,12.7
4676,2,potato,3,Urea,0.5,17.9
4677,2,potato,1,Urea,0.001,8.5
4677,2,potato,1,P,0.001,20.62
4677,2,potato,1,K,0.001,26.49
4677,2,potato,2,Urea,0.3,12.7
4677,2,potato,3,Urea,0.5,17.9
4678,2,potato,1,Urea,0.001,8.5
4678,2,potato,1,P,0.001,20.62
4678,2,potato,1,K,0.001,26.49
4678,2,potato,2,Urea,0.3,12.7
4678,2,potato,3,Urea,0.5,17.9
4679,2,potato,1,Urea,0.001,8.5
4679,2,potato,1,P,0.001,20.62
4679,2,potato,1,K,0.001,26.49
4679,2,potato,2,Urea,0.3,12.7
4679,2,potato,3,Urea,0.5,17.9
4680,2,potato,1,Urea,0.001,8.5
4680,2,potato,1,P,0.001,20.62
4680,2,potato,1,K,0.001,26.49
4680,2,potato,2,Urea,0.3,12.7
4680,2,potato,3,Urea,0.5,17.9
4681,2,potato,1,Urea,0.001,8.5
4681,2,potato,1,P,0.001,20.62
4681,2,potato,1,K,0.001,26.49
4681,2,potato,2,Urea,0.3,12.7
4681,2,potato,3,Urea,0.5,17.9
4682,2,potato,1,Urea,0.001,8.5
4682,2,potato,1,P,0.001,20.62
4682,2,potato,1,K,0.001,26.49
4682,2,potato,2,Urea,0.3,12.7
4682,2,potato,3,Urea,0.5,17.9
4683,2,potato,1,Urea,0.001,8.5
4683,2,potato,1,P,0.001,20.62
4683,2,potato,1,K,0.001,26.49
4683,2,potato,2,Urea,0.3,12.7
4683,2,potato,3,Urea,0.5,17.9
4684,2,potato,1,Urea,0.001,8.5
4684,2,potato,1,P,0.001,20.62
4684,2,potato,1,K,0.001,26.49
4684,2,potato,2,Urea,0.3,12.7
4684,2,potato,3,Urea,0.5,17.9
4685,2,potato,1,Urea,0.001,8.5
4685,2,potato,1,P,0.001,20.62
4685,2,potato,1,K,0.001,26.49
4685,2,potato,2,Urea,0.3,12.7
4685,2,potato,3,Urea,0.5,17.9
4686,2,potato,1,Urea,0.001,8.5
4686,2,potato,1,P,0.001,20.62
4686,2,potato,1,K,0.001,26.49
4686,2,potato,2,Urea,0.3,12.7
4686,2,potato,3,Urea,0.5,17.9
4687,2,potato,1,Urea,0.001,8.5
4687,2,potato,1,P,0.001,20.62
4687,2,potato,1,K,0.001,26.49
4687,2,potato,2,Urea,0.3,12.7
4687,2,potato,3,Urea,0.5,17.9
4688,2,potato,1,Urea,0.001,8.5
4688,2,potato,1,P,0.001,20.62
4688,2,potato,1,K,0.001,26.49
4688,2,potato,2,Urea,0.3,12.7
4688,2,potato,3,Urea,0.5,17.9
4689,2,potato,1,Urea,0.001,8.5
4689,2,potato,1,P,0.001,20.62
4689,2,potato,1,K,0.001,26.49
4689,2,potato,2,Urea,0.3,12.7
4689,2,potato,3,Urea,0.5,17.9
4690,2,potato,1,Urea,0.001,8.5
4690,2,potato,1,P,0.001,20.62
4690,2,potato,1,K,0.001,26.49
4690,2,potato,2,Urea,0.3,12.7
4690,2,potato,3,Urea,0.5,17.9
4691,2,potato,1,Urea,0.001,8.5
4691,2,potato,1,P,0.001,20.62
4691,2,potato,1,K,0.001,26.49
4691,2,potato,2,Urea,0.3,12.7
4691,2,potato,3,Urea,0.5,17.9
4692,2,potato,1,Urea,0.001,8.5
4692,2,potato,1,P,0.001,20.62
4692,2,potato,1,K,0.001,26.49
4692,2,potato,2,Urea,0.3,12.7
4692,2,potato,3,Urea,0.5,17.9
4693,2,potato,1,Urea,0.001,8.5
4693,2,potato,1,P,0.001,20.62
4693,2,potato,1,K,0.001,26.49
4693,2,potato,2,Urea,0.3,12.7
4693,2,potato,3,Urea,0.5,17.9
4694,2,potato,1,Urea,0.001,8.5
4694,2,potato,1,P,0.001,20.62
4694,2,potato,1,K,0.001,26.49
4694,2,potato,2,Urea,0.3,12.7
4694,2,potato,3,Urea,0.5,17.9
4695,2,potato,1,Urea,0.001,8.5
4695,2,potato,1,P,0.001,20.62
4695,2,potato,1,K,0.001,26.49
4695,2,potato,2,Urea,0.3,12.7
4695,2,potato,3,Urea,0.5,17.9
4696,2,potato,1,Urea,0.001,8.5
4696,2,potato,1,P,0.001,20.62
4696,2,potato,1,K,0.001,26.49
4696,2,potato,2,Urea,0.3,12.7
4696,2,potato,3,Urea,0.5,17.9
4697,2,potato,1,Urea,0.001,8.5
4697,2,potato,1,P,0.001,20.62
4697,2,potato,1,K,0.001,26.49
4697,2,potato,2,Urea,0.3,12.7
4697,2,potato,3,Urea,0.5,17.9
4698,2,potato,1,Urea,0.001,8.5
4698,2,potato,1,P,0.001,20.62
4698,2,potato,1,K,0.001,26.49
4698,2,potato,2,Urea,0.3,12.7
4698,2,potato,3,Urea,0.5,17.9
4699,2,potato,1,Urea,0.001,8.5
4699,2,potato,1,P,0.001,20.62
4699,2,potato,1,K,0.001,26.49
4699,2,potato,2,Urea,0.3,12.7
4699,2,potato,3,Urea,0.5,17.9
4700,2,potato,1,Urea,0.001,8.5
4700,2,potato,1,P,0.001,20.62
4700,2,potato,1,K,0.001,26.49
4700,2,potato,2,Urea,0.3,12.7
4700,2,potato,3,Urea,0.5,17.9
4701,2,potato,1,Urea,0.001,8.5
4701,2,potato,1,P,0.001,20.62
4701,2,potato,1,K,0.001,26.49
4701,2,potato,2,Urea,0.3,12.7
4701,2,potato,3,Urea,0.5,17.9
4702,2,potato,1,Urea,0.001,8.5
4702,2,potato,1,P,0.001,20.62
4702,2,potato,1,K,0.001,26.49
4702,2,potato,2,Urea,0.3,12.7
4702,2,potato,3,Urea,0.5,17.9
4703,2,potato,1,Urea,0.001,8.5
4703,2,potato,1,P,0.001,20.62
4703,2,potato,1,K,0.001,26.49
4703,2,potato,2,Urea,0.3,12.7
4703,2,potato,3,Urea,0.5,17.9
4704,2,potato,1,Urea,0.001,8.5
4704,2,potato,1,P,0.001,20.62
4704,2,potato,1,K,0.001,26.49
4704,2,potato,2,Urea,0.3,12.7
4704,2,potato,3,Urea,0.5,17.9
4705,2,potato,1,Urea,0.001,8.5
4705,2,potato,1,P,0.001,20.62
4705,2,potato,1,K,0.001,26.49
4705,2,potato,2,Urea,0.3,12.7
4705,2,potato,3,Urea,0.5,17.9
4706,2,potato,1,Urea,0.001,8.5
4706,2,potato,1,P,0.001,20.62
4706,2,potato,1,K,0.001,26.49
4706,2,potato,2,Urea,0.3,12.7
4706,2,potato,3,Urea,0.5,17.9
4707,2,potato,1,Urea,0.001,8.5
4707,2,potato,1,P,0.001,20.62
4707,2,potato,1,K,0.001,26.49
4707,2,potato,2,Urea,0.3,12.7
4707,2,potato,3,Urea,0.5,17.9
4708,2,potato,1,Urea,0.001,8.5
4708,2,potato,1,P,0.001,20.62
4708,2,potato,1,K,0.001,26.49
4708,2,potato,2,Urea,0.3,12.7
4708,2,potato,3,Urea,0.5,17.9
4709,2,potato,1,Urea,0.001,8.5
4709,2,potato,1,P,0.001,20.62
4709,2,potato,1,K,0.001,26.49
4709,2,potato,2,Urea,0.3,12.7
4709,2,potato,3,Urea,0.5,17.9
4710,2,potato,1,Urea,0.001,8.5
4710,2,potato,1,P,0.001,20.62
4710,2,potato,1,K,0.001,26.49
4710,2,potato,2,Urea,0.3,12.7
4710,2,potato,3,Urea,0.5,17.9
4711,2,potato,1,Urea,0.001,8.5
4711,2,potato,1,P,0.001,20.62
4711,2,potato,1,K,0.001,26.49
4711,2,potato,2,Urea,0.3,12.7
4711,2,potato,3,Urea,0.5,17.9
4712,2,potato,1,Urea,0.001,8.5
4712,2,potato,1,P,0.001,20.62
4712,2,potato,1,K,0.001,26.49
4712,2,potato,2,Urea,0.3,12.7
4712,2,potato,3,Urea,0.5,17.9
4713,2,potato,1,Urea,0.001,8.5
4713,2,potato,1,P,0.001,20.62
4713,2,potato,1,K,0.001,26.49
4713,2,potato,2,Urea,0.3,12.7
4713,2,potato,3,Urea,0.5,17.9
4714,2,potato,1,Urea,0.001,8.5
4714,2,potato,1,P,0.001,20.62
4714,2,potato,1,K,0.001,26.49
4714,2,potato,2,Urea,0.3,12.7
4714,2,potato,3,Urea,0.5,17.9
4715,2,potato,1,Urea,0.001,8.5
4715,2,potato,1,P,0.001,20.62
4715,2,potato,1,K,0.001,26.49
4715,2,potato,2,Urea,0.3,12.7
4715,2,potato,3,Urea,0.5,17.9
4716,2,potato,1,Urea,0.001,8.5
4716,2,potato,1,P,0.001,20.62
4716,2,potato,1,K,0.001,26.49
4716,2,potato,2,Urea,0.3,12.7
4716,2,potato,3,Urea,0.5,17.9
4717,2,potato,1,Urea,0.001,8.5
4717,2,potato,1,P,0.001,20.62
4717,2,potato,1,K,0.001,26.49
4717,2,potato,2,Urea,0.3,12.7
4717,2,potato,3,Urea,0.5,17.9
4718,2,potato,1,Urea,0.001,8.5
4718,2,potato,1,P,0.001,20.62
4718,2,potato,1,K,0.001,26.49
4718,2,potato,2,Urea,0.3,12.7
4718,2,potato,3,Urea,0.5,17.9
4719,2,potato,1,Urea,0.001,8.5
4719,2,potato,1,P,0.001,20.62
4719,2,potato,1,K,0.001,26.49
4719,2,potato,2,Urea,0.3,12.7
4719,2,potato,3,Urea,0.5,17.9
4720,2,potato,1,Urea,0.001,8.5
4720,2,potato,1,P,0.001,20.62
4720,2,potato,1,K,0.001,26.49
4720,2,potato,2,Urea,0.3,12.7
4720,2,potato,3,Urea,0.5,17.9
4721,2,potato,1,Urea,0.001,8.5
4721,2,potato,1,P,0.001,20.62
4721,2,potato,1,K,0.001,26.49
4721,2,potato,2,Urea,0.3,12.7
4721,2,potato,3,Urea,0.5,17.9
6251,2,potato,1,Urea,0.001,8.5
6251,2,potato,1,P,0.001,20.62
6251,2,potato,1,K,0.001,26.49
6251,2,potato,2,Urea,0.3,12.7
6251,2,potato,3,Urea,0.5,17.9
6252,2,potato,1,Urea,0.001,8.5
6252,2,potato,1,P,0.001,20.62
6252,2,potato,1,K,0.001,26.49
6252,2,potato,2,Urea,0.3,12.7
6252,2,potato,3,Urea,0.5,17.9
6253,2,potato,1,Urea,0.001,8.5
6253,2,potato,1,P,0.001,20.62
6253,2,potato,1,K,0.001,26.49
6253,2,potato,2,Urea,0.3,12.7
6253,2,potato,3,Urea,0.5,17.9
6254,2,potato,1,Urea,0.001,8.5
6254,2,potato,1,P,0.001,20.62
6254,2,potato,1,K,0.001,26.49
6254,2,potato,2,Urea,0.3,12.7
6254,2,potato,3,Urea,0.5,17.9
6255,2,potato,1,Urea,0.001,8.5
6255,2,potato,1,P,0.001,20.62
6255,2,potato,1,K,0.001,26.49
6255,2,potato,2,Urea,0.3,12.7
6255,2,potato,3,Urea,0.5,17.9
6256,2,potato,1,Urea,0.001,8.5
6256,2,potato,1,P,0.001,20.62
6256,2,potato,1,K,0.001,26.49
6256,2,potato,2,Urea,0.3,12.7
6256,2,potato,3,Urea,0.5,17.9
6257,2,potato,1,Urea,0.001,8.5
6257,2,potato,1,P,0.001,20.62
6257,2,potato,1,K,0.001,26.49
6257,2,potato,2,Urea,0.3,12.7
6257,2,potato,3,Urea,0.5,17.9
6258,2,potato,1,Urea,0.001,8.5
6258,2,potato,1,P,0.001,20.62
6258,2,potato,1,K,0.001,26.49
6258,2,potato,2,Urea,0.3,12.7
6258,2,potato,3,Urea,0.5,17.9
6259,2,potato,1,Urea,0.001,8.5
6259,2,potato,1,P,0.001,20.62
6259,2,potato,1,K,0.001,26.49
6259,2,potato,2,Urea,0.3,12.7
6259,2,potato,3,Urea,0.5,17.9
6260,2,potato,1,Urea,0.001,8.5
6260,2,potato,1,P,0.001,20.62
6260,2,potato,1,K,0.001,26.49
6260,2,potato,2,Urea,0.3,12.7
6260,2,potato,3,Urea,0.5,17.9
6261,2,potato,1,Urea,0.001,8.5
6261,2,potato,1,P,0.001,20.62
6261,2,potato,1,K,0.001,26.49
6261,2,potato,2,Urea,0.3,12.7
6261,2,potato,3,Urea,0.5,17.9
6262,2,potato,1,Urea,0.001,8.5
6262,2,potato,1,P,0.001,20.62
6262,2,potato,1,K,0.001,26.49
6262,2,potato,2,Urea,0.3,12.7
6262,2,potato,3,Urea,0.5,17.9
6263,2,potato,1,Urea,0.001,8.5
6263,2,potato,1,P,0.001,20.62
6263,2,potato,1,K,0.001,26.49
6263,2,potato,2,Urea,0.3,12.7
6263,2,potato,3,Urea,0.5,17.9
6264,2,potato,1,Urea,0.001,8.5
6264,2,potato,1,P,0.001,20.62
6264,2,potato,1,K,0.001,26.49
6264,2,potato,2,Urea,0.3,12.7
6264,2,potato,3,Urea,0.5,17.9
6265,2,potato,1,Urea,0.001,8.5
6265,2,potato,1,P,0.001,20.62
6265,2,potato,1,K,0.001,26.49
6265,2,potato,2,Urea,0.3,12.7
6265,2,potato,3,Urea,0.5,17.9
6266,2,potato,1,Urea,0.001,8.5
6266,2,potato,1,P,0.001,20.62
6266,2,potato,1,K,0.001,26.49
6266,2,potato,2,Urea,0.3,12.7
6266,2,potato,3,Urea,0.5,17.9
6267,2,potato,1,Urea,0.001,8.5
6267,2,potato,1,P,0.001,20.62
6267,2,potato,1,K,0.001,26.49
6267,2,potato,2,Urea,0.3,12.7
6267,2,potato,3,Urea,0.5,17.9
6268,2,potato,1,Urea,0.001,8.5
6268,2,potato,1,P,0.001,20.62
6268,2,potato,1,K,0.001,26.49
6268,2,potato,2,Urea,0.3,12.7
6268,2,potato,3,Urea,0.5,17.9
6269,2,potato,1,Urea,0.001,8.5
6269,2,potato,1,P,0.001,20.62
6269,2,potato,1,K,0.001,26.49
6269,2,potato,2,Urea,0.3,12.7
6269,2,potato,3,Urea,0.5,17.9
6270,2,potato,1,Urea,0.001,8.5
6270,2,potato,1,P,0.001,20.62
6270,2,potato,1,K,0.001,26.49
6270,2,potato,2,Urea,0.3,12.7
6270,2,potato,3,Urea,0.5,17.9
6271,2,potato,1,Urea,0.001,8.5
6271,2,potato,1,P,0.001,20.62
6271,2,potato,1,K,0.001,26.49
6271,2,potato,2,Urea,0.3,12.7
6271,2,potato,3,Urea,0.5,17.9
6272,2,potato,1,Urea,0.001,8.5
6272,2,potato,1,P,0.001,20.62
6272,2,potato,1,K,0.001,26.49
6272,2,potato,2,Urea,0.3,12.7
6272,2,potato,3,Urea,0.5,17.9
6273,2,potato,1,Urea,0.001,8.5
6273,2,potato,1,P,0.001,20.62
6273,2,potato,1,K,0.001,26.49
6273,2,potato,2,Urea,0.3,12.7
6273,2,potato,3,Urea,0.5,17.9
6274,2,potato,1,Urea,0.001,8.5
6274,2,potato,1,P,0.001,20.62
6274,2,potato,1,K,0.001,26.49
6274,2,potato,2,Urea,0.3,12.7
6274,2,potato,3,Urea,0.5,17.9
6276,2,potato,1,Urea,0.001,8.5
6276,2,potato,1,P,0.001,20.62
6276,2,potato,1,K,0.001,26.49
6276,2,potato,2,Urea,0.3,12.7
6276,2,potato,3,Urea,0.5,17.9
6277,2,potato,1,Urea,0.001,8.5
6277,2,potato,1,P,0.001,20.62
6277,2,potato,1,K,0.001,26.49
6277,2,potato,2,Urea,0.3,12.7
6277,2,potato,3,Urea,0.5,17.9
6278,2,potato,1,Urea,0.001,8.5
6278,2,potato,1,P,0.001,20.62
6278,2,potato,1,K,0.001,26.49
6278,2,potato,2,Urea,0.3,12.7
6278,2,potato,3,Urea,0.5,17.9
6279,2,potato,1,Urea,0.001,8.5
6279,2,potato,1,P,0.001,20.62
6279,2,potato,1,K,0.001,26.49
6279,2,potato,2,Urea,0.3,12.7
6279,2,potato,3,Urea,0.5,17.9
6280,2,potato,1,Urea,0.001,8.5
6280,2,potato,1,P,0.001,20.62
6280,2,potato,1,K,0.001,26.49
6280,2,potato,2,Urea,0.3,12.7
6280,2,potato,3,Urea,0.5,17.9
6281,2,potato,1,Urea,0.001,8.5
6281,2,potato,1,P,0.001,20.62
6281,2,potato,1,K,0.001,26.49
6281,2,potato,2,Urea,0.3,12.7
6281,2,potato,3,Urea,0.5,17.9
6282,2,potato,1,Urea,0.001,8.5
6282,2,potato,1,P,0.001,20.62
6282,2,potato,1,K,0.001,26.49
6282,2,potato,2,Urea,0.3,12.7
6282,2,potato,3,Urea,0.5,17.9
6283,2,potato,1,Urea,0.001,8.5
6283,2,potato,1,P,0.001,20.62
6283,2,potato,1,K,0.001,26.49
6283,2,potato,2,Urea,0.3,12.7
6283,2,potato,3,Urea,0.5,17.9
6284,2,potato,1,Urea,0.001,8.5
6284,2,potato,1,P,0.001,20.62
6284,2,potato,1,K,0.001,26.49
6284,2,potato,2,Urea,0.3,12.7
6284,2,potato,3,Urea,0.5,17.9
6285,2,potato,1,Urea,0.001,8.5
6285,2,potato,1,P,0.001,20.62
6285,2,potato,1,K,0.001,26.49
6285,2,potato,2,Urea,0.3,12.7
6285,2,potato,3,Urea,0.5,17.9
6286,2,potato,1,Urea,0.001,8.5
6286,2,potato,1,P,0.001,20.62
6286,2,potato,1,K,0.001,26.49
6286,2,potato,2,Urea,0.3,12.7
6286,2,potato,3,Urea,0.5,17.9
6287,2,potato,1,Urea,0.001,8.5
6287,2,potato,1,P,0.001,20.62
6287,2,potato,1,K,0.001,26.49
6287,2,potato,2,Urea,0.3,12.7
6287,2,potato,3,Urea,0.5,17.9
6288,2,potato,1,Urea,0.001,8.5
6288,2,potato,1,P,0.001,20.62
6288,2,potato,1,K,0.001,26.49
6288,2,potato,2,Urea,0.3,12.7
6288,2,potato,3,Urea,0.5,17.9
6289,2,potato,1,Urea,0.001,8.5
6289,2,potato,1,P,0.001,20.62
6289,2,potato,1,K,0.001,26.49
6289,2,potato,2,Urea,0.3,12.7
6289,2,potato,3,Urea,0.5,17.9
6290,2,potato,1,Urea,0.001,8.5
6290,2,potato,1,P,0.001,20.62
6290,2,potato,1,K,0.001,26.49
6290,2,potato,2,Urea,0.3,12.7
6290,2,potato,3,Urea,0.5,17.9
6291,2,potato,1,Urea,0.001,8.5
6291,2,potato,1,P,0.001,20.62
6291,2,potato,1,K,0.001,26.49
6291,2,potato,2,Urea,0.3,12.7
6291,2,potato,3,Urea,0.5,17.9
6292,2,potato,1,Urea,0.001,8.5
6292,2,potato,1,P,0.001,20.62
6292,2,potato,1,K,0.001,26.49
6292,2,potato,2,Urea,0.3,12.7
6292,2,potato,3,Urea,0.5,17.9
6293,2,potato,1,Urea,0.001,8.5
6293,2,potato,1,P,0.001,20.62
6293,2,potato,1,K,0.001,26.49
6293,2,potato,2,Urea,0.3,12.7
6293,2,potato,3,Urea,0.5,17.9
6294,2,potato,1,Urea,0.001,8.5
6294,2,potato,1,P,0.001,20.62
6294,2,potato,1,K,0.001,26.49
6294,2,potato,2,Urea,0.3,12.7
6294,2,potato,3,Urea,0.5,17.9
6295,2,potato,1,Urea,0.001,8.5
6295,2,potato,1,P,0.001,20.62
6295,2,potato,1,K,0.001,26.49
6295,2,potato,2,Urea,0.3,12.7
6295,2,potato,3,Urea,0.5,17.9
6296,2,potato,1,Urea,0.001,8.5
6296,2,potato,1,P,0.001,20.62
6296,2,potato,1,K,0.001,26.49
6296,2,potato,2,Urea,0.3,12.7
6296,2,potato,3,Urea,0.5,17.9
6297,2,potato,1,Urea,0.001,8.5
6297,2,potato,1,P,0.001,20.62
6297,2,potato,1,K,0.001,26.49
6297,2,potato,2,Urea,0.3,12.7
6297,2,potato,3,Urea,0.5,17.9
6298,2,potato,1,Urea,0.001,8.5
6298,2,potato,1,P,0.001,20.62
6298,2,potato,1,K,0.001,26.49
6298,2,potato,2,Urea,0.3,12.7
6298,2,potato,3,Urea,0.5,17.9
6299,2,potato,1,Urea,0.001,8.5
6299,2,potato,1,P,0.001,20.62
6299,2,potato,1,K,0.001,26.49
6299,2,potato,2,Urea,0.3,12.7
6299,2,potato,3,Urea,0.5,17.9
6300,2,potato,1,Urea,0.001,8.5
6300,2,potato,1,P,0.001,20.62
6300,2,potato,1,K,0.001,26.49
6300,2,potato,2,Urea,0.3,12.7
6300,2,potato,3,Urea,0.5,17.9
6301,2,potato,1,Urea,0.001,8.5
6301,2,potato,1,P,0.001,20.62
6301,2,potato,1,K,0.001,26.49
6301,2,potato,2,Urea,0.3,12.7
6301,2,potato,3,Urea,0.5,17.9
6302,2,potato,1,Urea,0.001,8.5
6302,2,potato,1,P,0.001,20.62
6302,2,potato,1,K,0.001,26.49
6302,2,potato,2,Urea,0.3,12.7
6302,2,potato,3,Urea,0.5,17.9
6303,2,potato,1,Urea,0.001,8.5
6303,2,potato,1,P,0.001,20.62
6303,2,potato,1,K,0.001,26.49
6303,2,potato,2,Urea,0.3,12.7
6303,2,potato,3,Urea,0.5,17.9
6304,2,potato,1,Urea,0.001,8.5
6304,2,potato,1,P,0.001,20.62
6304,2,potato,1,K,0.001,26.49
6304,2,potato,2,Urea,0.3,12.7
6304,2,potato,3,Urea,0.5,17.9
6305,2,potato,1,Urea,0.001,8.5
6305,2,potato,1,P,0.001,20.62
6305,2,potato,1,K,0.001,26.49
6305,2,potato,2,Urea,0.3,12.7
6305,2,potato,3,Urea,0.5,17.9
6306,2,potato,1,Urea,0.001,8.5
6306,2,potato,1,P,0.001,20.62
6306,2,potato,1,K,0.001,26.49
6306,2,potato,2,Urea,0.3,12.7
6306,2,potato,3,Urea,0.5,17.9
6307,2,potato,1,Urea,0.001,8.5
6307,2,potato,1,P,0.001,20.62
6307,2,potato,1,K,0.001,26.49
6307,2,potato,2,Urea,0.3,12.7
6307,2,potato,3,Urea,0.5,17.9
6308,2,potato,1,Urea,0.001,8.5
6308,2,potato,1,P,0.001,20.62
6308,2,potato,1,K,0.001,26.49
6308,2,potato,2,Urea,0.3,12.7
6308,2,potato,3,Urea,0.5,17.9
6309,2,potato,1,Urea,0.001,8.5
6309,2,potato,1,P,0.001,20.62
6309,2,potato,1,K,0.001,26.49
6309,2,potato,2,Urea,0.3,12.7
6309,2,potato,3,Urea,0.5,17.9
6310,2,potato,1,Urea,0.001,8.5
6310,2,potato,1,P,0.001,20.62
6310,2,potato,1,K,0.001,26.49
6310,2,potato,2,Urea,0.3,12.7
6310,2,potato,3,Urea,0.5,17.9
6311,2,potato,1,Urea,0.001,8.5
6311,2,potato,1,P,0.001,20.62
6311,2,potato,1,K,0.001,26.49
6311,2,potato,2,Urea,0.3,12.7
6311,2,potato,3,Urea,0.5,17.9
6312,2,potato,1,Urea,0.001,8.5
6312,2,potato,1,P,0.001,20.62
6312,2,potato,1,K,0.001,26.49
6312,2,potato,2,Urea,0.3,12.7
6312,2,potato,3,Urea,0.5,17.9
6313,2,potato,1,Urea,0.001,8.5
6313,2,potato,1,P,0.001,20.62
6313,2,potato,1,K,0.001,26.49
6313,2,potato,2,Urea,0.3,12.7
6313,2,potato,3,Urea,0.5,17.9
6314,2,potato,1,Urea,0.001,8.5
6314,2,potato,1,P,0.001,20.62
6314,2,potato,1,K,0.001,26.49
6314,2,potato,2,Urea,0.3,12.7
6314,2,potato,3,Urea,0.5,17.9
6315,2,potato,1,Urea,0.001,8.5
6315,2,potato,1,P,0.001,20.62
6315,2,potato,1,K,0.001,26.49
6315,2,potato,2,Urea,0.3,12.7
6315,2,potato,3,Urea,0.5,17.9
6316,2,potato,1,Urea,0.001,8.5
6316,2,potato,1,P,0.001,20.62
6316,2,potato,1,K,0.001,26.49
6316,2,potato,2,Urea,0.3,12.7
6316,2,potato,3,Urea,0.5,17.9
6317,2,potato,1,Urea,0.001,8.5
6317,2,potato,1,P,0.001,20.62
6317,2,potato,1,K,0.001,26.49
6317,2,potato,2,Urea,0.3,12.7
6317,2,potato,3,Urea,0.5,17.9
6318,2,potato,1,Urea,0.001,8.5
6318,2,potato,1,P,0.001,20.62
6318,2,potato,1,K,0.001,26.49
6318,2,potato,2,Urea,0.3,12.7
6318,2,potato,3,Urea,0.5,17.9
6319,2,potato,1,Urea,0.001,8.5
6319,2,potato,1,P,0.001,20.62
6319,2,potato,1,K,0.001,26.49
6319,2,potato,2,Urea,0.3,12.7
6319,2,potato,3,Urea,0.5,17.9
6320,2,potato,1,Urea,0.001,8.5
6320,2,potato,1,P,0.001,20.62
6320,2,potato,1,K,0.001,26.49
6320,2,potato,2,Urea,0.3,12.7
6320,2,potato,3,Urea,0.5,17.9
6321,2,potato,1,Urea,0.001,8.5
6321,2,potato,1,P,0.001,20.62
6321,2,potato,1,K,0.001,26.49
6321,2,potato,2,Urea,0.3,12.7
6321,2,potato,3,Urea,0.5,17.9
6322,2,potato,1,Urea,0.001,8.5
6322,2,potato,1,P,0.001,20.62
6322,2,potato,1,K,0.001,26.49
6322,2,potato,2,Urea,0.3,12.7
6322,2,potato,3,Urea,0.5,17.9
6323,2,potato,1,Urea,0.001,8.5
6323,2,potato,1,P,0.001,20.62
6323,2,potato,1,K,0.001,26.49
6323,2,potato,2,Urea,0.3,12.7
6323,2,potato,3,Urea,0.5,17.9
6324,2,potato,1,Urea,0.001,8.5
6324,2,potato,1,P,0.001,20.62
6324,2,potato,1,K,0.001,26.49
6324,2,potato,2,Urea,0.3,12.7
6324,2,potato,3,Urea,0.5,17.9
6325,2,potato,1,Urea,0.001,8.5
6325,2,potato,1,P,0.001,20.62
6325,2,potato,1,K,0.001,26.49
6325,2,potato,2,Urea,0.3,12.7
6325,2,potato,3,Urea,0.5,17.9
6326,2,potato,1,Urea,0.001,8.5
6326,2,potato,1,P,0.001,20.62
6326,2,potato,1,K,0.001,26.49
6326,2,potato,2,Urea,0.3,12.7
6326,2,potato,3,Urea,0.5,17.9
6327,2,potato,1,Urea,0.001,8.5
6327,2,potato,1,P,0.001,20.62
6327,2,potato,1,K,0.001,26.49
6327,2,potato,2,Urea,0.3,12.7
6327,2,potato,3,Urea,0.5,17.9
6328,2,potato,1,Urea,0.001,8.5
6328,2,potato,1,P,0.001,20.62
6328,2,potato,1,K,0.001,26.49
6328,2,potato,2,Urea,0.3,12.7
6328,2,potato,3,Urea,0.5,17.9
6329,2,potato,1,Urea,0.001,8.5
6329,2,potato,1,P,0.001,20.62
6329,2,potato,1,K,0.001,26.49
6329,2,potato,2,Urea,0.3,12.7
6329,2,potato,3,Urea,0.5,17.9
6330,2,potato,1,Urea,0.001,8.5
6330,2,potato,1,P,0.001,20.62
6330,2,potato,1,K,0.001,26.49
6330,2,potato,2,Urea,0.3,12.7
6330,2,potato,3,Urea,0.5,17.9
6331,2,potato,1,Urea,0.001,8.5
6331,2,potato,1,P,0.001,20.62
6331,2,potato,1,K,0.001,26.49
6331,2,potato,2,Urea,0.3,12.7
6331,2,potato,3,Urea,0.5,17.9
6332,2,potato,1,Urea,0.001,8.5
6332,2,potato,1,P,0.001,20.62
6332,2,potato,1,K,0.001,26.49
6332,2,potato,2,Urea,0.3,12.7
6332,2,potato,3,Urea,0.5,17.9
6333,2,potato,1,Urea,0.001,8.5
6333,2,potato,1,P,0.001,20.62
6333,2,potato,1,K,0.001,26.49
6333,2,potato,2,Urea,0.3,12.7
6333,2,potato,3,Urea,0.5,17.9
6334,2,potato,1,Urea,0.001,8.5
6334,2,potato,1,P,0.001,20.62
6334,2,potato,1,K,0.001,26.49
6334,2,potato,2,Urea,0.3,12.7
6334,2,potato,3,Urea,0.5,17.9
6335,2,potato,1,Urea,0.001,8.5
6335,2,potato,1,P,0.001,20.62
6335,2,potato,1,K,0.001,26.49
6335,2,potato,2,Urea,0.3,12.7
6335,2,potato,3,Urea,0.5,17.9
6336,2,potato,1,Urea,0.001,8.5
6336,2,potato,1,P,0.001,20.62
6336,2,potato,1,K,0.001,26.49
6336,2,potato,2,Urea,0.3,12.7
6336,2,potato,3,Urea,0.5,17.9
6337,2,potato,1,Urea,0.001,8.5
6337,2,potato,1,P,0.001,20.62
6337,2,potato,1,K,0.001,26.49
6337,2,potato,2,Urea,0.3,12.7
6337,2,potato,3,Urea,0.5,17.9
6338,2,potato,1,Urea,0.001,8.5
6338,2,potato,1,P,0.001,20.62
6338,2,potato,1,K,0.001,26.49
6338,2,potato,2,Urea,0.3,12.7
6338,2,potato,3,Urea,0.5,17.9
6339,2,potato,1,Urea,0.001,8.5
6339,2,potato,1,P,0.001,20.62
6339,2,potato,1,K,0.001,26.49
6339,2,potato,2,Urea,0.3,12.7
6339,2,potato,3,Urea,0.5,17.9
6340,2,potato,1,Urea,0.001,8.5
6340,2,potato,1,P,0.001,20.62
6340,2,potato,1,K,0.001,26.49
6340,2,potato,2,Urea,0.3,12.7
6340,2,potato,3,Urea,0.5,17.9
6341,2,potato,1,Urea,0.001,8.5
6341,2,potato,1,P,0.001,20.62
6341,2,potato,1,K,0.001,26.49
6341,2,potato,2,Urea,0.3,12.7
6341,2,potato,3,Urea,0.5,17.9
6342,2,potato,1,Urea,0.001,8.5
6342,2,potato,1,P,0.001,20.62
6342,2,potato,1,K,0.001,26.49
6342,2,potato,2,Urea,0.3,12.7
6342,2,potato,3,Urea,0.5,17.9
6343,2,potato,1,Urea,0.001,8.5
6343,2,potato,1,P,0.001,20.62
6343,2,potato,1,K,0.001,26.49
6343,2,potato,2,Urea,0.3,12.7
6343,2,potato,3,Urea,0.5,17.9
6344,2,potato,1,Urea,0.001,8.5
6344,2,potato,1,P,0.001,20.62
6344,2,potato,1,K,0.001,26.49
6344,2,potato,2,Urea,0.3,12.7
6344,2,potato,3,Urea,0.5,17.9
6345,2,potato,1,Urea,0.001,8.5
6345,2,potato,1,P,0.001,20.62
6345,2,potato,1,K,0.001,26.49
6345,2,potato,2,Urea,0.3,12.7
6345,2,potato,3,Urea,0.5,17.9
6346,2,potato,1,Urea,0.001,8.5
6346,2,potato,1,P,0.001,20.62
6346,2,potato,1,K,0.001,26.49
6346,2,potato,2,Urea,0.3,12.7
6346,2,potato,3,Urea,0.5,17.9
6347,2,potato,1,Urea,0.001,8.5
6347,2,potato,1,P,0.001,20.62
6347,2,potato,1,K,0.001,26.49
6347,2,potato,2,Urea,0.3,12.7
6347,2,potato,3,Urea,0.5,17.9
6348,2,potato,1,Urea,0.001,8.5
6348,2,potato,1,P,0.001,20.62
6348,2,potato,1,K,0.001,26.49
6348,2,potato,2,Urea,0.3,12.7
6348,2,potato,3,Urea,0.5,17.9
6349,2,potato,1,Urea,0.001,8.5
6349,2,potato,1,P,0.001,20.62
6349,2,potato,1,K,0.001,26.49
6349,2,potato,2,Urea,0.3,12.7
6349,2,potato,3,Urea,0.5,17.9
6350,2,potato,1,Urea,0.001,8.5
6350,2,potato,1,P,0.001,20.62
6350,2,potato,1,K,0.001,26.49
6350,2,potato,2,Urea,0.3,12.7
6350,2,potato,3,Urea,0.5,17.9
6351,2,potato,1,Urea,0.001,8.5
6351,2,potato,1,P,0.001,20.62
6351,2,potato,1,K,0.001,26.49
6351,2,potato,2,Urea,0.3,12.7
6351,2,potato,3,Urea,0.5,17.9
6352,2,potato,1,Urea,0.001,8.5
6352,2,potato,1,P,0.001,20.62
6352,2,potato,1,K,0.001,26.49
6352,2,potato,2,Urea,0.3,12.7
6352,2,potato,3,Urea,0.5,17.9
6353,2,potato,1,Urea,0.001,8.5
6353,2,potato,1,P,0.001,20.62
6353,2,potato,1,K,0.001,26.49
6353,2,potato,2,Urea,0.3,12.7
6353,2,potato,3,Urea,0.5,17.9
6354,2,potato,1,Urea,0.001,8.5
6354,2,potato,1,P,0.001,20.62
6354,2,potato,1,K,0.001,26.49
6354,2,potato,2,Urea,0.3,12.7
6354,2,potato,3,Urea,0.5,17.9
6355,2,potato,1,Urea,0.001,8.5
6355,2,potato,1,P,0.001,20.62
6355,2,potato,1,K,0.001,26.49
6355,2,potato,2,Urea,0.3,12.7
6355,2,potato,3,Urea,0.5,17.9
6356,2,potato,1,Urea,0.001,8.5
6356,2,potato,1,P,0.001,20.62
6356,2,potato,1,K,0.001,26.49
6356,2,potato,2,Urea,0.3,12.7
6356,2,potato,3,Urea,0.5,17.9
6357,2,potato,1,Urea,0.001,8.5
6357,2,potato,1,P,0.001,20.62
6357,2,potato,1,K,0.001,26.49
6357,2,potato,2,Urea,0.3,12.7
6357,2,potato,3,Urea,0.5,17.9
6358,2,potato,1,Urea,0.001,8.5
6358,2,potato,1,P,0.001,20.62
6358,2,potato,1,K,0.001,26.49
6358,2,potato,2,Urea,0.3,12.7
6358,2,potato,3,Urea,0.5,17.9
6359,2,potato,1,Urea,0.001,8.5
6359,2,potato,1,P,0.001,20.62
6359,2,potato,1,K,0.001,26.49
6359,2,potato,2,Urea,0.3,12.7
6359,2,potato,3,Urea,0.5,17.9
6360,2,potato,1,Urea,0.001,8.5
6360,2,potato,1,P,0.001,20.62
6360,2,potato,1,K,0.001,26.49
6360,2,potato,2,Urea,0.3,12.7
6360,2,potato,3,Urea,0.5,17.9
6361,2,potato,1,Urea,0.001,8.5
6361,2,potato,1,P,0.001,20.62
6361,2,potato,1,K,0.001,26.49
6361,2,potato,2,Urea,0.3,12.7
6361,2,potato,3,Urea,0.5,17.9
6362,2,potato,1,Urea,0.001,8.5
6362,2,potato,1,P,0.001,20.62
6362,2,potato,1,K,0.001,26.49
6362,2,potato,2,Urea,0.3,12.7
6362,2,potato,3,Urea,0.5,17.9
6363,2,potato,1,Urea,0.001,8.5
6363,2,potato,1,P,0.001,20.62
6363,2,potato,1,K,0.001,26.49
6363,2,potato,2,Urea,0.3,12.7
6363,2,potato,3,Urea,0.5,17.9
6364,2,potato,1,Urea,0.001,8.5
6364,2,potato,1,P,0.001,20.62
6364,2,potato,1,K,0.001,26.49
6364,2,potato,2,Urea,0.3,12.7
6364,2,potato,3,Urea,0.5,17.9
6365,2,potato,1,Urea,0.001,8.5
6365,2,potato,1,P,0.001,20.62
6365,2,potato,1,K,0.001,26.49
6365,2,potato,2,Urea,0.3,12.7
6365,2,potato,3,Urea,0.5,17.9
6366,2,potato,1,Urea,0.001,8.5
6366,2,potato,1,P,0.001,20.62
6366,2,potato,1,K,0.001,26.49
6366,2,potato,2,Urea,0.3,12.7
6366,2,potato,3,Urea,0.5,17.9
6367,2,potato,1,Urea,0.001,8.5
6367,2,potato,1,P,0.001,20.62
6367,2,potato,1,K,0.001,26.49
6367,2,potato,2,Urea,0.3,12.7
6367,2,potato,3,Urea,0.5,17.9
6368,2,potato,1,Urea,0.001,8.5
6368,2,potato,1,P,0.001,20.62
6368,2,potato,1,K,0.001,26.49
6368,2,potato,2,Urea,0.3,12.7
6368,2,potato,3,Urea,0.5,17.9
6369,2,potato,1,Urea,0.001,8.5
6369,2,potato,1,P,0.001,20.62
6369,2,potato,1,K,0.001,26.49
6369,2,potato,2,Urea,0.3,12.7
6369,2,potato,3,Urea,0.5,17.9
6370,2,potato,1,Urea,0.001,8.5
6370,2,potato,1,P,0.001,20.62
6370,2,potato,1,K,0.001,26.49
6370,2,potato,2,Urea,0.3,12.7
6370,2,potato,3,Urea,0.5,17.9
6371,2,potato,1,Urea,0.001,8.5
6371,2,potato,1,P,0.001,20.62
6371,2,potato,1,K,0.001,26.49
6371,2,potato,2,Urea,0.3,12.7
6371,2,potato,3,Urea,0.5,17.9
6372,2,potato,1,Urea,0.001,8.5
6372,2,potato,1,P,0.001,20.62
6372,2,potato,1,K,0.001,26.49
6372,2,potato,2,Urea,0.3,12.7
6372,2,potato,3,Urea,0.5,17.9
6373,2,potato,1,Urea,0.001,8.5
6373,2,potato,1,P,0.001,20.62
6373,2,potato,1,K,0.001,26.49
6373,2,potato,2,Urea,0.3,12.7
6373,2,potato,3,Urea,0.5,17.9
6374,2,potato,1,Urea,0.001,8.5
6374,2,potato,1,P,0.001,20.62
6374,2,potato,1,K,0.001,26.49
6374,2,potato,2,Urea,0.3,12.7
6374,2,potato,3,Urea,0.5,17.9
6375,2,potato,1,Urea,0.001,8.5
6375,2,potato,1,P,0.001,20.62
6375,2,potato,1,K,0.001,26.49
6375,2,potato,2,Urea,0.3,12.7
6375,2,potato,3,Urea,0.5,17.9
6376,2,potato,1,Urea,0.001,8.5
6376,2,potato,1,P,0.001,20.62
6376,2,potato,1,K,0.001,26.49
6376,2,potato,2,Urea,0.3,12.7
6376,2,potato,3,Urea,0.5,17.9
6377,2,potato,1,Urea,0.001,8.5
6377,2,potato,1,P,0.001,20.62
6377,2,potato,1,K,0.001,26.49
6377,2,potato,2,Urea,0.3,12.7
6377,2,potato,3,Urea,0.5,17.9
6378,2,potato,1,Urea,0.001,8.5
6378,2,potato,1,P,0.001,20.62
6378,2,potato,1,K,0.001,26.49
6378,2,potato,2,Urea,0.3,12.7
6378,2,potato,3,Urea,0.5,17.9
6379,2,potato,1,Urea,0.001,8.5
6379,2,potato,1,P,0.001,20.62
6379,2,potato,1,K,0.001,26.49
6379,2,potato,2,Urea,0.3,12.7
6379,2,potato,3,Urea,0.5,17.9
6380,2,potato,1,Urea,0.001,8.5
6380,2,potato,1,P,0.001,20.62
6380,2,potato,1,K,0.001,26.49
6380,2,potato,2,Urea,0.3,12.7
6380,2,potato,3,Urea,0.5,17.9
6381,2,potato,1,Urea,0.001,8.5
6381,2,potato,1,P,0.001,20.62
6381,2,potato,1,K,0.001,26.49
6381,2,potato,2,Urea,0.3,12.7
6381,2,potato,3,Urea,0.5,17.9
6382,2,potato,1,Urea,0.001,8.5
6382,2,potato,1,P,0.001,20.62
6382,2,potato,1,K,0.001,26.49
6382,2,potato,2,Urea,0.3,12.7
6382,2,potato,3,Urea,0.5,17.9
6383,2,potato,1,Urea,0.001,8.5
6383,2,potato,1,P,0.001,20.62
6383,2,potato,1,K,0.001,26.49
6383,2,potato,2,Urea,0.3,12.7
6383,2,potato,3,Urea,0.5,17.9
6384,2,potato,1,Urea,0.001,8.5
6384,2,potato,1,P,0.001,20.62
6384,2,potato,1,K,0.001,26.49
6384,2,potato,2,Urea,0.3,12.7
6384,2,potato,3,Urea,0.5,17.9
6385,2,potato,1,Urea,0.001,8.5
6385,2,potato,1,P,0.001,20.62
6385,2,potato,1,K,0.001,26.49
6385,2,potato,2,Urea,0.3,12.7
6385,2,potato,3,Urea,0.5,17.9
6386,2,potato,1,Urea,0.001,8.5
6386,2,potato,1,P,0.001,20.62
6386,2,potato,1,K,0.001,26.49
6386,2,potato,2,Urea,0.3,12.7
6386,2,potato,3,Urea,0.5,17.9
6387,2,potato,1,Urea,0.001,8.5
6387,2,potato,1,P,0.001,20.62
6387,2,potato,1,K,0.001,26.49
6387,2,potato,2,Urea,0.3,12.7
6387,2,potato,3,Urea,0.5,17.9
6388,2,potato,1,Urea,0.001,8.5
6388,2,potato,1,P,0.001,20.62
6388,2,potato,1,K,0.001,26.49
6388,2,potato,2,Urea,0.3,12.7
6388,2,potato,3,Urea,0.5,17.9
6389,2,potato,1,Urea,0.001,8.5
6389,2,potato,1,P,0.001,20.62
6389,2,potato,1,K,0.001,26.49
6389,2,potato,2,Urea,0.3,12.7
6389,2,potato,3,Urea,0.5,17.9
6390,2,potato,1,Urea,0.001,8.5
6390,2,potato,1,P,0.001,20.62
6390,2,potato,1,K,0.001,26.49
6390,2,potato,2,Urea,0.3,12.7
6390,2,potato,3,Urea,0.5,17.9
6391,2,potato,1,Urea,0.001,8.5
6391,2,potato,1,P,0.001,20.62
6391,2,potato,1,K,0.001,26.49
6391,2,potato,2,Urea,0.3,12.7
6391,2,potato,3,Urea,0.5,17.9
6392,2,potato,1,Urea,0.001,8.5
6392,2,potato,1,P,0.001,20.62
6392,2,potato,1,K,0.001,26.49
6392,2,potato,2,Urea,0.3,12.7
6392,2,potato,3,Urea,0.5,17.9
6393,2,potato,1,Urea,0.001,8.5
6393,2,potato,1,P,0.001,20.62
6393,2,potato,1,K,0.001,26.49
6393,2,potato,2,Urea,0.3,12.7
6393,2,potato,3,Urea,0.5,17.9
6394,2,potato,1,Urea,0.001,8.5
6394,2,potato,1,P,0.001,20.62
6394,2,potato,1,K,0.001,26.49
6394,2,potato,2,Urea,0.3,12.7
6394,2,potato,3,Urea,0.5,17.9
6395,2,potato,1,Urea,0.001,8.5
6395,2,potato,1,P,0.001,20.62
6395,2,potato,1,K,0.001,26.49
6395,2,potato,2,Urea,0.3,12.7
6395,2,potato,3,Urea,0.5,17.9
6396,2,potato,1,Urea,0.001,8.5
6396,2,potato,1,P,0.001,20.62
6396,2,potato,1,K,0.001,26.49
6396,2,potato,2,Urea,0.3,12.7
6396,2,potato,3,Urea,0.5,17.9
6397,2,potato,1,Urea,0.001,8.5
6397,2,potato,1,P,0.001,20.62
6397,2,potato,1,K,0.001,26.49
6397,2,potato,2,Urea,0.3,12.7
6397,2,potato,3,Urea,0.5,17.9
6398,2,potato,1,Urea,0.001,8.5
6398,2,potato,1,P,0.001,20.62
6398,2,potato,1,K,0.001,26.49
6398,2,potato,2,Urea,0.3,12.7
6398,2,potato,3,Urea,0.5,17.9
6399,2,potato,1,Urea,0.001,8.5
6399,2,potato,1,P,0.001,20.62
6399,2,potato,1,K,0.001,26.49
6399,2,potato,2,Urea,0.3,12.7
6399,2,potato,3,Urea,0.5,17.9
6400,2,potato,1,Urea,0.001,8.5
6400,2,potato,1,P,0.001,20.62
6400,2,potato,1,K,0.001,26.49
6400,2,potato,2,Urea,0.3,12.7
6400,2,potato,3,Urea,0.5,17.9
6401,2,potato,1,Urea,0.001,8.5
6401,2,potato,1,P,0.001,20.62
6401,2,potato,1,K,0.001,26.49
6401,2,potato,2,Urea,0.3,12.7
6401,2,potato,3,Urea,0.5,17.9
6402,2,potato,1,Urea,0.001,8.5
6402,2,potato,1,P,0.001,20.62
6402,2,potato,1,K,0.001,26.49
6402,2,potato,2,Urea,0.3,12.7
6402,2,potato,3,Urea,0.5,17.9
6403,2,potato,1,Urea,0.001,8.5
6403,2,potato,1,P,0.001,20.62
6403,2,potato,1,K,0.001,26.49
6403,2,potato,2,Urea,0.3,12.7
6403,2,potato,3,Urea,0.5,17.9
6404,2,potato,1,Urea,0.001,8.5
6404,2,potato,1,P,0.001,20.62
6404,2,potato,1,K,0.001,26.49
6404,2,potato,2,Urea,0.3,12.7
6404,2,potato,3,Urea,0.5,17.9
6405,2,potato,1,Urea,0.001,8.5
6405,2,potato,1,P,0.001,20.62
6405,2,potato,1,K,0.001,26.49
6405,2,potato,2,Urea,0.3,12.7
6405,2,potato,3,Urea,0.5,17.9
6406,2,potato,1,Urea,0.001,8.5
6406,2,potato,1,P,0.001,20.62
6406,2,potato,1,K,0.001,26.49
6406,2,potato,2,Urea,0.3,12.7
6406,2,potato,3,Urea,0.5,17.9
6407,2,potato,1,Urea,0.001,8.5
6407,2,potato,1,P,0.001,20.62
6407,2,potato,1,K,0.001,26.49
6407,2,potato,2,Urea,0.3,12.7
6407,2,potato,3,Urea,0.5,17.9
6408,2,potato,1,Urea,0.001,8.5
6408,2,potato,1,P,0.001,20.62
6408,2,potato,1,K,0.001,26.49
6408,2,potato,2,Urea,0.3,12.7
6408,2,potato,3,Urea,0.5,17.9
6409,2,potato,1,Urea,0.001,8.5
6409,2,potato,1,P,0.001,20.62
6409,2,potato,1,K,0.001,26.49
6409,2,potato,2,Urea,0.3,12.7
6409,2,potato,3,Urea,0.5,17.9
6410,2,potato,1,Urea,0.001,8.5
6410,2,potato,1,P,0.001,20.62
6410,2,potato,1,K,0.001,26.49
6410,2,potato,2,Urea,0.3,12.7
6410,2,potato,3,Urea,0.5,17.9
6411,2,potato,1,Urea,0.001,8.5
6411,2,potato,1,P,0.001,20.62
6411,2,potato,1,K,0.001,26.49
6411,2,potato,2,Urea,0.3,12.7
6411,2,potato,3,Urea,0.5,17.9
6412,2,potato,1,Urea,0.001,8.5
6412,2,potato,1,P,0.001,20.62
6412,2,potato,1,K,0.001,26.49
6412,2,potato,2,Urea,0.3,12.7
6412,2,potato,3,Urea,0.5,17.9
6413,2,potato,1,Urea,0.001,8.5
6413,2,potato,1,P,0.001,20.62
6413,2,potato,1,K,0.001,26.49
6413,2,potato,2,Urea,0.3,12.7
6413,2,potato,3,Urea,0.5,17.9
6414,2,potato,1,Urea,0.001,8.5
6414,2,potato,1,P,0.001,20.62
6414,2,potato,1,K,0.001,26.49
6414,2,potato,2,Urea,0.3,12.7
6414,2,potato,3,Urea,0.5,17.9
6415,2,potato,1,Urea,0.001,8.5
6415,2,potato,1,P,0.001,20.62
6415,2,potato,1,K,0.001,26.49
6415,2,potato,2,Urea,0.3,12.7
6415,2,potato,3,Urea,0.5,17.9
6416,2,potato,1,Urea,0.001,8.5
6416,2,potato,1,P,0.001,20.62
6416,2,potato,1,K,0.001,26.49
6416,2,potato,2,Urea,0.3,12.7
6416,2,potato,3,Urea,0.5,17.9
6417,2,potato,1,Urea,0.001,8.5
6417,2,potato,1,P,0.001,20.62
6417,2,potato,1,K,0.001,26.49
6417,2,potato,2,Urea,0.3,12.7
6417,2,potato,3,Urea,0.5,17.9
6418,2,potato,1,Urea,0.001,8.5
6418,2,potato,1,P,0.001,20.62
6418,2,potato,1,K,0.001,26.49
6418,2,potato,2,Urea,0.3,12.7
6418,2,potato,3,Urea,0.5,17.9
6419,2,potato,1,Urea,0.001,8.5
6419,2,potato,1,P,0.001,20.62
6419,2,potato,1,K,0.001,26.49
6419,2,potato,2,Urea,0.3,12.7
6419,2,potato,3,Urea,0.5,17.9
6420,2,potato,1,Urea,0.001,8.5
6420,2,potato,1,P,0.001,20.62
6420,2,potato,1,K,0.001,26.49
6420,2,potato,2,Urea,0.3,12.7
6420,2,potato,3,Urea,0.5,17.9
6421,2,potato,1,Urea,0.001,8.5
6421,2,potato,1,P,0.001,20.62
6421,2,potato,1,K,0.001,26.49
6421,2,potato,2,Urea,0.3,12.7
6421,2,potato,3,Urea,0.5,17.9
6422,2,potato,1,Urea,0.001,8.5
6422,2,potato,1,P,0.001,20.62
6422,2,potato,1,K,0.001,26.49
6422,2,potato,2,Urea,0.3,12.7
6422,2,potato,3,Urea,0.5,17.9
6423,2,potato,1,Urea,0.001,8.5
6423,2,potato,1,P,0.001,20.62
6423,2,potato,1,K,0.001,26.49
6423,2,potato,2,Urea,0.3,12.7
6423,2,potato,3,Urea,0.5,17.9
6424,2,potato,1,Urea,0.001,8.5
6424,2,potato,1,P,0.001,20.62
6424,2,potato,1,K,0.001,26.49
6424,2,potato,2,Urea,0.3,12.7
6424,2,potato,3,Urea,0.5,17.9
6425,2,potato,1,Urea,0.001,8.5
6425,2,potato,1,P,0.001,20.62
6425,2,potato,1,K,0.001,26.49
6425,2,potato,2,Urea,0.3,12.7
6425,2,potato,3,Urea,0.5,17.9
6426,2,potato,1,Urea,0.001,8.5
6426,2,potato,1,P,0.001,20.62
6426,2,potato,1,K,0.001,26.49
6426,2,potato,2,Urea,0.3,12.7
6426,2,potato,3,Urea,0.5,17.9
6427,2,potato,1,Urea,0.001,8.5
6427,2,potato,1,P,0.001,20.62
6427,2,potato,1,K,0.001,26.49
6427,2,potato,2,Urea,0.3,12.7
6427,2,potato,3,Urea,0.5,17.9
6428,2,potato,1,Urea,0.001,8.5
6428,2,potato,1,P,0.001,20.62
6428,2,potato,1,K,0.001,26.49
6428,2,potato,2,Urea,0.3,12.7
6428,2,potato,3,Urea,0.5,17.9
6429,2,potato,1,Urea,0.001,8.5
6429,2,potato,1,P,0.001,20.62
6429,2,potato,1,K,0.001,26.49
6429,2,potato,2,Urea,0.3,12.7
6429,2,potato,3,Urea,0.5,17.9
6431,2,potato,1,Urea,0.001,8.5
6431,2,potato,1,P,0.001,20.62
6431,2,potato,1,K,0.001,26.49
6431,2,potato,2,Urea,0.3,12.7
6431,2,potato,3,Urea,0.5,17.9
6432,2,potato,1,Urea,0.001,8.5
6432,2,potato,1,P,0.001,20.62
6432,2,potato,1,K,0.001,26.49
6432,2,potato,2,Urea,0.3,12.7
6432,2,potato,3,Urea,0.5,17.9
6433,2,potato,1,Urea,0.001,8.5
6433,2,potato,1,P,0.001,20.62
6433,2,potato,1,K,0.001,26.49
6433,2,potato,2,Urea,0.3,12.7
6433,2,potato,3,Urea,0.5,17.9
6434,2,potato,1,Urea,0.001,8.5
6434,2,potato,1,P,0.001,20.62
6434,2,potato,1,K,0.001,26.49
6434,2,potato,2,Urea,0.3,12.7
6434,2,potato,3,Urea,0.5,17.9
6436,2,potato,1,Urea,0.001,8.5
6436,2,potato,1,P,0.001,20.62
6436,2,potato,1,K,0.001,26.49
6436,2,potato,2,Urea,0.3,12.7
6436,2,potato,3,Urea,0.5,17.9
6437,2,potato,1,Urea,0.001,8.5
6437,2,potato,1,P,0.001,20.62
6437,2,potato,1,K,0.001,26.49
6437,2,potato,2,Urea,0.3,12.7
6437,2,potato,3,Urea,0.5,17.9
6438,2,potato,1,Urea,0.001,8.5
6438,2,potato,1,P,0.001,20.62
6438,2,potato,1,K,0.001,26.49
6438,2,potato,2,Urea,0.3,12.7
6438,2,potato,3,Urea,0.5,17.9
6439,2,potato,1,Urea,0.001,8.5
6439,2,potato,1,P,0.001,20.62
6439,2,potato,1,K,0.001,26.49
6439,2,potato,2,Urea,0.3,12.7
6439,2,potato,3,Urea,0.5,17.9
6440,2,potato,1,Urea,0.001,8.5
6440,2,potato,1,P,0.001,20.62
6440,2,potato,1,K,0.001,26.49
6440,2,potato,2,Urea,0.3,12.7
6440,2,potato,3,Urea,0.5,17.9
6441,2,potato,1,Urea,0.001,8.5
6441,2,potato,1,P,0.001,20.62
6441,2,potato,1,K,0.001,26.49
6441,2,potato,2,Urea,0.3,12.7
6441,2,potato,3,Urea,0.5,17.9
6442,2,potato,1,Urea,0.001,8.5
6442,2,potato,1,P,0.001,20.62
6442,2,potato,1,K,0.001,26.49
6442,2,potato,2,Urea,0.3,12.7
6442,2,potato,3,Urea,0.5,17.9
6443,2,potato,1,Urea,0.001,8.5
6443,2,potato,1,P,0.001,20.62
6443,2,potato,1,K,0.001,26.49
6443,2,potato,2,Urea,0.3,12.7
6443,2,potato,3,Urea,0.5,17.9
6444,2,potato,1,Urea,0.001,8.5
6444,2,potato,1,P,0.001,20.62
6444,2,potato,1,K,0.001,26.49
6444,2,potato,2,Urea,0.3,12.7
6444,2,potato,3,Urea,0.5,17.9
6445,2,potato,1,Urea,0.001,8.5
6445,2,potato,1,P,0.001,20.62
6445,2,potato,1,K,0.001,26.49
6445,2,potato,2,Urea,0.3,12.7
6445,2,potato,3,Urea,0.5,17.9
6446,2,potato,1,Urea,0.001,8.5
6446,2,potato,1,P,0.001,20.62
6446,2,potato,1,K,0.001,26.49
6446,2,potato,2,Urea,0.3,12.7
6446,2,potato,3,Urea,0.5,17.9
6447,2,potato,1,Urea,0.001,8.5
6447,2,potato,1,P,0.001,20.62
6447,2,potato,1,K,0.001,26.49
6447,2,potato,2,Urea,0.3,12.7
6447,2,potato,3,Urea,0.5,17.9
6448,2,potato,1,Urea,0.001,8.5
6448,2,potato,1,P,0.001,20.62
6448,2,potato,1,K,0.001,26.49
6448,2,potato,2,Urea,0.3,12.7
6448,2,potato,3,Urea,0.5,17.9
6449,2,potato,1,Urea,0.001,8.5
6449,2,potato,1,P,0.001,20.62
6449,2,potato,1,K,0.001,26.49
6449,2,potato,2,Urea,0.3,12.7
6449,2,potato,3,Urea,0.5,17.9
6450,2,potato,1,Urea,0.001,8.5
6450,2,potato,1,P,0.001,20.62
6450,2,potato,1,K,0.001,26.49
6450,2,potato,2,Urea,0.3,12.7
6450,2,potato,3,Urea,0.5,17.9
6451,2,potato,1,Urea,0.001,8.5
6451,2,potato,1,P,0.001,20.62
6451,2,potato,1,K,0.001,26.49
6451,2,potato,2,Urea,0.3,12.7
6451,2,potato,3,Urea,0.5,17.9
6452,2,potato,1,Urea,0.001,8.5
6452,2,potato,1,P,0.001,20.62
6452,2,potato,1,K,0.001,26.49
6452,2,potato,2,Urea,0.3,12.7
6452,2,potato,3,Urea,0.5,17.9
6453,2,potato,1,Urea,0.001,8.5
6453,2,potato,1,P,0.001,20.62
6453,2,potato,1,K,0.001,26.49
6453,2,potato,2,Urea,0.3,12.7
6453,2,potato,3,Urea,0.5,17.9
6454,2,potato,1,Urea,0.001,8.5
6454,2,potato,1,P,0.001,20.62
6454,2,potato,1,K,0.001,26.49
6454,2,potato,2,Urea,0.3,12.7
6454,2,potato,3,Urea,0.5,17.9
6455,2,potato,1,Urea,0.001,8.5
6455,2,potato,1,P,0.001,20.62
6455,2,potato,1,K,0.001,26.49
6455,2,potato,2,Urea,0.3,12.7
6455,2,potato,3,Urea,0.5,17.9
6456,2,potato,1,Urea,0.001,8.5
6456,2,potato,1,P,0.001,20.62
6456,2,potato,1,K,0.001,26.49
6456,2,potato,2,Urea,0.3,12.7
6456,2,potato,3,Urea,0.5,17.9
6457,2,potato,1,Urea,0.001,8.5
6457,2,potato,1,P,0.001,20.62
6457,2,potato,1,K,0.001,26.49
6457,2,potato,2,Urea,0.3,12.7
6457,2,potato,3,Urea,0.5,17.9
6458,2,potato,1,Urea,0.001,8.5
6458,2,potato,1,P,0.001,20.62
6458,2,potato,1,K,0.001,26.49
6458,2,potato,2,Urea,0.3,12.7
6458,2,potato,3,Urea,0.5,17.9
6459,2,potato,1,Urea,0.001,8.5
6459,2,potato,1,P,0.001,20.62
6459,2,potato,1,K,0.001,26.49
6459,2,potato,2,Urea,0.3,12.7
6459,2,potato,3,Urea,0.5,17.9
6460,2,potato,1,Urea,0.001,8.5
6460,2,potato,1,P,0.001,20.62
6460,2,potato,1,K,0.001,26.49
6460,2,potato,2,Urea,0.3,12.7
6460,2,potato,3,Urea,0.5,17.9
6461,2,potato,1,Urea,0.001,8.5
6461,2,potato,1,P,0.001,20.62
6461,2,potato,1,K,0.001,26.49
6461,2,potato,2,Urea,0.3,12.7
6461,2,potato,3,Urea,0.5,17.9
6462,2,potato,1,Urea,0.001,8.5
6462,2,potato,1,P,0.001,20.62
6462,2,potato,1,K,0.001,26.49
6462,2,potato,2,Urea,0.3,12.7
6462,2,potato,3,Urea,0.5,17.9
6463,2,potato,1,Urea,0.001,8.5
6463,2,potato,1,P,0.001,20.62
6463,2,potato,1,K,0.001,26.49
6463,2,potato,2,Urea,0.3,12.7
6463,2,potato,3,Urea,0.5,17.9
6464,2,potato,1,Urea,0.001,8.5
6464,2,potato,1,P,0.001,20.62
6464,2,potato,1,K,0.001,26.49
6464,2,potato,2,Urea,0.3,12.7
6464,2,potato,3,Urea,0.5,17.9
6465,2,potato,1,Urea,0.001,8.5
6465,2,potato,1,P,0.001,20.62
6465,2,potato,1,K,0.001,26.49
6465,2,potato,2,Urea,0.3,12.7
6465,2,potato,3,Urea,0.5,17.9
6466,2,potato,1,Urea,0.001,8.5
6466,2,potato,1,P,0.001,20.62
6466,2,potato,1,K,0.001,26.49
6466,2,potato,2,Urea,0.3,12.7
6466,2,potato,3,Urea,0.5,17.9
6467,2,potato,1,Urea,0.001,8.5
6467,2,potato,1,P,0.001,20.62
6467,2,potato,1,K,0.001,26.49
6467,2,potato,2,Urea,0.3,12.7
6467,2,potato,3,Urea,0.5,17.9
6468,2,potato,1,Urea,0.001,8.5
6468,2,potato,1,P,0.001,20.62
6468,2,potato,1,K,0.001,26.49
6468,2,potato,2,Urea,0.3,12.7
6468,2,potato,3,Urea,0.5,17.9
6469,2,potato,1,Urea,0.001,8.5
6469,2,potato,1,P,0.001,20.62
6469,2,potato,1,K,0.001,26.49
6469,2,potato,2,Urea,0.3,12.7
6469,2,potato,3,Urea,0.5,17.9
6470,2,potato,1,Urea,0.001,8.5
6470,2,potato,1,P,0.001,20.62
6470,2,potato,1,K,0.001,26.49
6470,2,potato,2,Urea,0.3,12.7
6470,2,potato,3,Urea,0.5,17.9
6471,2,potato,1,Urea,0.001,8.5
6471,2,potato,1,P,0.001,20.62
6471,2,potato,1,K,0.001,26.49
6471,2,potato,2,Urea,0.3,12.7
6471,2,potato,3,Urea,0.5,17.9
6473,2,potato,1,Urea,0.001,8.5
6473,2,potato,1,P,0.001,20.62
6473,2,potato,1,K,0.001,26.49
6473,2,potato,2,Urea,0.3,12.7
6473,2,potato,3,Urea,0.5,17.9
6474,2,potato,1,Urea,0.001,8.5
6474,2,potato,1,P,0.001,20.62
6474,2,potato,1,K,0.001,26.49
6474,2,potato,2,Urea,0.3,12.7
6474,2,potato,3,Urea,0.5,17.9
6475,2,potato,1,Urea,0.001,8.5
6475,2,potato,1,P,0.001,20.62
6475,2,potato,1,K,0.001,26.49
6475,2,potato,2,Urea,0.3,12.7
6475,2,potato,3,Urea,0.5,17.9
6476,2,potato,1,Urea,0.001,8.5
6476,2,potato,1,P,0.001,20.62
6476,2,potato,1,K,0.001,26.49
6476,2,potato,2,Urea,0.3,12.7
6476,2,potato,3,Urea,0.5,17.9
6477,2,potato,1,Urea,0.001,8.5
6477,2,potato,1,P,0.001,20.62
6477,2,potato,1,K,0.001,26.49
6477,2,potato,2,Urea,0.3,12.7
6477,2,potato,3,Urea,0.5,17.9
6478,2,potato,1,Urea,0.001,8.5
6478,2,potato,1,P,0.001,20.62
6478,2,potato,1,K,0.001,26.49
6478,2,potato,2,Urea,0.3,12.7
6478,2,potato,3,Urea,0.5,17.9
6479,2,potato,1,Urea,0.001,8.5
6479,2,potato,1,P,0.001,20.62
6479,2,potato,1,K,0.001,26.49
6479,2,potato,2,Urea,0.3,12.7
6479,2,potato,3,Urea,0.5,17.9
6480,2,potato,1,Urea,0.001,8.5
6480,2,potato,1,P,0.001,20.62
6480,2,potato,1,K,0.001,26.49
6480,2,potato,2,Urea,0.3,12.7
6480,2,potato,3,Urea,0.5,17.9
6481,2,potato,1,Urea,0.001,8.5
6481,2,potato,1,P,0.001,20.62
6481,2,potato,1,K,0.001,26.49
6481,2,potato,2,Urea,0.3,12.7
6481,2,potato,3,Urea,0.5,17.9
6482,2,potato,1,Urea,0.001,8.5
6482,2,potato,1,P,0.001,20.62
6482,2,potato,1,K,0.001,26.49
6482,2,potato,2,Urea,0.3,12.7
6482,2,potato,3,Urea,0.5,17.9
6483,2,potato,1,Urea,0.001,8.5
6483,2,potato,1,P,0.001,20.62
6483,2,potato,1,K,0.001,26.49
6483,2,potato,2,Urea,0.3,12.7
6483,2,potato,3,Urea,0.5,17.9
6484,2,potato,1,Urea,0.001,8.5
6484,2,potato,1,P,0.001,20.62
6484,2,potato,1,K,0.001,26.49
6484,2,potato,2,Urea,0.3,12.7
6484,2,potato,3,Urea,0.5,17.9
6485,2,potato,1,Urea,0.001,8.5
6485,2,potato,1,P,0.001,20.62
6485,2,potato,1,K,0.001,26.49
6485,2,potato,2,Urea,0.3,12.7
6485,2,potato,3,Urea,0.5,17.9
6486,2,potato,1,Urea,0.001,8.5
6486,2,potato,1,P,0.001,20.62
6486,2,potato,1,K,0.001,26.49
6486,2,potato,2,Urea,0.3,12.7
6486,2,potato,3,Urea,0.5,17.9
6487,2,potato,1,Urea,0.001,8.5
6487,2,potato,1,P,0.001,20.62
6487,2,potato,1,K,0.001,26.49
6487,2,potato,2,Urea,0.3,12.7
6487,2,potato,3,Urea,0.5,17.9
6488,2,potato,1,Urea,0.001,8.5
6488,2,potato,1,P,0.001,20.62
6488,2,potato,1,K,0.001,26.49
6488,2,potato,2,Urea,0.3,12.7
6488,2,potato,3,Urea,0.5,17.9
6489,2,potato,1,Urea,0.001,8.5
6489,2,potato,1,P,0.001,20.62
6489,2,potato,1,K,0.001,26.49
6489,2,potato,2,Urea,0.3,12.7
6489,2,potato,3,Urea,0.5,17.9
6490,2,potato,1,Urea,0.001,8.5
6490,2,potato,1,P,0.001,20.62
6490,2,potato,1,K,0.001,26.49
6490,2,potato,2,Urea,0.3,12.7
6490,2,potato,3,Urea,0.5,17.9
6491,2,potato,1,Urea,0.001,8.5
6491,2,potato,1,P,0.001,20.62
6491,2,potato,1,K,0.001,26.49
6491,2,potato,2,Urea,0.3,12.7
6491,2,potato,3,Urea,0.5,17.9
6492,2,potato,1,Urea,0.001,8.5
6492,2,potato,1,P,0.001,20.62
6492,2,potato,1,K,0.001,26.49
6492,2,potato,2,Urea,0.3,12.7
6492,2,potato,3,Urea,0.5,17.9
6493,2,potato,1,Urea,0.001,8.5
6493,2,potato,1,P,0.001,20.62
6493,2,potato,1,K,0.001,26.49
6493,2,potato,2,Urea,0.3,12.7
6493,2,potato,3,Urea,0.5,17.9
6494,2,potato,1,Urea,0.001,8.5
6494,2,potato,1,P,0.001,20.62
6494,2,potato,1,K,0.001,26.49
6494,2,potato,2,Urea,0.3,12.7
6494,2,potato,3,Urea,0.5,17.9
6495,2,potato,1,Urea,0.001,8.5
6495,2,potato,1,P,0.001,20.62
6495,2,potato,1,K,0.001,26.49
6495,2,potato,2,Urea,0.3,12.7
6495,2,potato,3,Urea,0.5,17.9
6496,2,potato,1,Urea,0.001,8.5
6496,2,potato,1,P,0.001,20.62
6496,2,potato,1,K,0.001,26.49
6496,2,potato,2,Urea,0.3,12.7
6496,2,potato,3,Urea,0.5,17.9
6497,2,potato,1,Urea,0.001,8.5
6497,2,potato,1,P,0.001,20.62
6497,2,potato,1,K,0.001,26.49
6497,2,potato,2,Urea,0.3,12.7
6497,2,potato,3,Urea,0.5,17.9
6498,2,potato,1,Urea,0.001,8.5
6498,2,potato,1,P,0.001,20.62
6498,2,potato,1,K,0.001,26.49
6498,2,potato,2,Urea,0.3,12.7
6498,2,potato,3,Urea,0.5,17.9
6499,2,potato,1,Urea,0.001,8.5
6499,2,potato,1,P,0.001,20.62
6499,2,potato,1,K,0.001,26.49
6499,2,potato,2,Urea,0.3,12.7
6499,2,potato,3,Urea,0.5,17.9
6500,2,potato,1,Urea,0.001,8.5
6500,2,potato,1,P,0.001,20.62
6500,2,potato,1,K,0.001,26.49
6500,2,potato,2,Urea,0.3,12.7
6500,2,potato,3,Urea,0.5,17.9
6501,2,potato,1,Urea,0.001,8.5
6501,2,potato,1,P,0.001,20.62
6501,2,potato,1,K,0.001,26.49
6501,2,potato,2,Urea,0.3,12.7
6501,2,potato,3,Urea,0.5,17.9
6502,2,potato,1,Urea,0.001,8.5
6502,2,potato,1,P,0.001,20.62
6502,2,potato,1,K,0.001,26.49
6502,2,potato,2,Urea,0.3,12.7
6502,2,potato,3,Urea,0.5,17.9
6503,2,potato,1,Urea,0.001,8.5
6503,2,potato,1,P,0.001,20.62
6503,2,potato,1,K,0.001,26.49
6503,2,potato,2,Urea,0.3,12.7
6503,2,potato,3,Urea,0.5,17.9
6504,2,potato,1,Urea,0.001,8.5
6504,2,potato,1,P,0.001,20.62
6504,2,potato,1,K,0.001,26.49
6504,2,potato,2,Urea,0.3,12.7
6504,2,potato,3,Urea,0.5,17.9
6505,2,potato,1,Urea,0.001,8.5
6505,2,potato,1,P,0.001,20.62
6505,2,potato,1,K,0.001,26.49
6505,2,potato,2,Urea,0.3,12.7
6505,2,potato,3,Urea,0.5,17.9
6506,2,potato,1,Urea,0.001,8.5
6506,2,potato,1,P,0.001,20.62
6506,2,potato,1,K,0.001,26.49
6506,2,potato,2,Urea,0.3,12.7
6506,2,potato,3,Urea,0.5,17.9
6507,2,potato,1,Urea,0.001,8.5
6507,2,potato,1,P,0.001,20.62
6507,2,potato,1,K,0.001,26.49
6507,2,potato,2,Urea,0.3,12.7
6507,2,potato,3,Urea,0.5,17.9
6508,2,potato,1,Urea,0.001,8.5
6508,2,potato,1,P,0.001,20.62
6508,2,potato,1,K,0.001,26.49
6508,2,potato,2,Urea,0.3,12.7
6508,2,potato,3,Urea,0.5,17.9
6509,2,potato,1,Urea,0.001,8.5
6509,2,potato,1,P,0.001,20.62
6509,2,potato,1,K,0.001,26.49
6509,2,potato,2,Urea,0.3,12.7
6509,2,potato,3,Urea,0.5,17.9
6510,2,potato,1,Urea,0.001,8.5
6510,2,potato,1,P,0.001,20.62
6510,2,potato,1,K,0.001,26.49
6510,2,potato,2,Urea,0.3,12.7
6510,2,potato,3,Urea,0.5,17.9
6511,2,potato,1,Urea,0.001,8.5
6511,2,potato,1,P,0.001,20.62
6511,2,potato,1,K,0.001,26.49
6511,2,potato,2,Urea,0.3,12.7
6511,2,potato,3,Urea,0.5,17.9
6512,2,potato,1,Urea,0.001,8.5
6512,2,potato,1,P,0.001,20.62
6512,2,potato,1,K,0.001,26.49
6512,2,potato,2,Urea,0.3,12.7
6512,2,potato,3,Urea,0.5,17.9
6513,2,potato,1,Urea,0.001,8.5
6513,2,potato,1,P,0.001,20.62
6513,2,potato,1,K,0.001,26.49
6513,2,potato,2,Urea,0.3,12.7
6513,2,potato,3,Urea,0.5,17.9
6514,2,potato,1,Urea,0.001,8.5
6514,2,potato,1,P,0.001,20.62
6514,2,potato,1,K,0.001,26.49
6514,2,potato,2,Urea,0.3,12.7
6514,2,potato,3,Urea,0.5,17.9
6515,2,potato,1,Urea,0.001,8.5
6515,2,potato,1,P,0.001,20.62
6515,2,potato,1,K,0.001,26.49
6515,2,potato,2,Urea,0.3,12.7
6515,2,potato,3,Urea,0.5,17.9
6516,2,potato,1,Urea,0.001,8.5
6516,2,potato,1,P,0.001,20.62
6516,2,potato,1,K,0.001,26.49
6516,2,potato,2,Urea,0.3,12.7
6516,2,potato,3,Urea,0.5,17.9
6517,2,potato,1,Urea,0.001,8.5
6517,2,potato,1,P,0.001,20.62
6517,2,potato,1,K,0.001,26.49
6517,2,potato,2,Urea,0.3,12.7
6517,2,potato,3,Urea,0.5,17.9
6518,2,potato,1,Urea,0.001,8.5
6518,2,potato,1,P,0.001,20.62
6518,2,potato,1,K,0.001,26.49
6518,2,potato,2,Urea,0.3,12.7
6518,2,potato,3,Urea,0.5,17.9
6519,2,potato,1,Urea,0.001,8.5
6519,2,potato,1,P,0.001,20.62
6519,2,potato,1,K,0.001,26.49
6519,2,potato,2,Urea,0.3,12.7
6519,2,potato,3,Urea,0.5,17.9
6520,2,potato,1,Urea,0.001,8.5
6520,2,potato,1,P,0.001,20.62
6520,2,potato,1,K,0.001,26.49
6520,2,potato,2,Urea,0.3,12.7
6520,2,potato,3,Urea,0.5,17.9
6521,2,potato,1,Urea,0.001,8.5
6521,2,potato,1,P,0.001,20.62
6521,2,potato,1,K,0.001,26.49
6521,2,potato,2,Urea,0.3,12.7
6521,2,potato,3,Urea,0.5,17.9
6522,2,potato,1,Urea,0.001,8.5
6522,2,potato,1,P,0.001,20.62
6522,2,potato,1,K,0.001,26.49
6522,2,potato,2,Urea,0.3,12.7
6522,2,potato,3,Urea,0.5,17.9
6523,2,potato,1,Urea,0.001,8.5
6523,2,potato,1,P,0.001,20.62
6523,2,potato,1,K,0.001,26.49
6523,2,potato,2,Urea,0.3,12.7
6523,2,potato,3,Urea,0.5,17.9
6524,2,potato,1,Urea,0.001,8.5
6524,2,potato,1,P,0.001,20.62
6524,2,potato,1,K,0.001,26.49
6524,2,potato,2,Urea,0.3,12.7
6524,2,potato,3,Urea,0.5,17.9
6525,2,potato,1,Urea,0.001,8.5
6525,2,potato,1,P,0.001,20.62
6525,2,potato,1,K,0.001,26.49
6525,2,potato,2,Urea,0.3,12.7
6525,2,potato,3,Urea,0.5,17.9
6526,2,potato,1,Urea,0.001,8.5
6526,2,potato,1,P,0.001,20.62
6526,2,potato,1,K,0.001,26.49
6526,2,potato,2,Urea,0.3,12.7
6526,2,potato,3,Urea,0.5,17.9
6527,2,potato,1,Urea,0.001,8.5
6527,2,potato,1,P,0.001,20.62
6527,2,potato,1,K,0.001,26.49
6527,2,potato,2,Urea,0.3,12.7
6527,2,potato,3,Urea,0.5,17.9
6528,2,potato,1,Urea,0.001,8.5
6528,2,potato,1,P,0.001,20.62
6528,2,potato,1,K,0.001,26.49
6528,2,potato,2,Urea,0.3,12.7
6528,2,potato,3,Urea,0.5,17.9
6529,2,potato,1,Urea,0.001,8.5
6529,2,potato,1,P,0.001,20.62
6529,2,potato,1,K,0.001,26.49
6529,2,potato,2,Urea,0.3,12.7
6529,2,potato,3,Urea,0.5,17.9
6530,2,potato,1,Urea,0.001,8.5
6530,2,potato,1,P,0.001,20.62
6530,2,potato,1,K,0.001,26.49
6530,2,potato,2,Urea,0.3,12.7
6530,2,potato,3,Urea,0.5,17.9
6531,2,potato,1,Urea,0.001,8.5
6531,2,potato,1,P,0.001,20.62
6531,2,potato,1,K,0.001,26.49
6531,2,potato,2,Urea,0.3,12.7
6531,2,potato,3,Urea,0.5,17.9
6532,2,potato,1,Urea,0.001,8.5
6532,2,potato,1,P,0.001,20.62
6532,2,potato,1,K,0.001,26.49
6532,2,potato,2,Urea,0.3,12.7
6532,2,potato,3,Urea,0.5,17.9
6534,2,potato,1,Urea,0.001,8.5
6534,2,potato,1,P,0.001,20.62
6534,2,potato,1,K,0.001,26.49
6534,2,potato,2,Urea,0.3,12.7
6534,2,potato,3,Urea,0.5,17.9
6535,2,potato,1,Urea,0.001,8.5
6535,2,potato,1,P,0.001,20.62
6535,2,potato,1,K,0.001,26.49
6535,2,potato,2,Urea,0.3,12.7
6535,2,potato,3,Urea,0.5,17.9
8032,2,potato,1,Urea,0.001,8.5
8032,2,potato,1,P,0.001,20.62
8032,2,potato,1,K,0.001,26.49
8032,2,potato,2,Urea,0.3,12.7
8032,2,potato,3,Urea,0.5,17.9
8033,2,potato,1,Urea,0.001,8.5
8033,2,potato,1,P,0.001,20.62
8033,2,potato,1,K,0.001,26.49
8033,2,potato,2,Urea,0.3,12.7
8033,2,potato,3,Urea,0.5,17.9
8034,2,potato,1,Urea,0.001,8.5
8034,2,potato,1,P,0.001,20.62
8034,2,potato,1,K,0.001,26.49
8034,2,potato,2,Urea,0.3,12.7
8034,2,potato,3,Urea,0.5,17.9
8035,2,potato,1,Urea,0.001,8.5
8035,2,potato,1,P,0.001,20.62
8035,2,potato,1,K,0.001,26.49
8035,2,potato,2,Urea,0.3,12.7
8035,2,potato,3,Urea,0.5,17.9
8036,2,potato,1,Urea,0.001,8.5
8036,2,potato,1,P,0.001,20.62
8036,2,potato,1,K,0.001,26.49
8036,2,potato,2,Urea,0.3,12.7
8036,2,potato,3,Urea,0.5,17.9
8037,2,potato,1,Urea,0.001,8.5
8037,2,potato,1,P,0.001,20.62
8037,2,potato,1,K,0.001,26.49
8037,2,potato,2,Urea,0.3,12.7
8037,2,potato,3,Urea,0.5,17.9
8038,2,potato,1,Urea,0.001,8.5
8038,2,potato,1,P,0.001,20.62
8038,2,potato,1,K,0.001,26.49
8038,2,potato,2,Urea,0.3,12.7
8038,2,potato,3,Urea,0.5,17.9
8039,2,potato,1,Urea,0.001,8.5
8039,2,potato,1,P,0.001,20.62
8039,2,potato,1,K,0.001,26.49
8039,2,potato,2,Urea,0.3,12.7
8039,2,potato,3,Urea,0.5,17.9
8040,2,potato,1,Urea,0.001,8.5
8040,2,potato,1,P,0.001,20.62
8040,2,potato,1,K,0.001,26.49
8040,2,potato,2,Urea,0.3,12.7
8040,2,potato,3,Urea,0.5,17.9
8041,2,potato,1,Urea,0.001,8.5
8041,2,potato,1,P,0.001,20.62
8041,2,potato,1,K,0.001,26.49
8041,2,potato,2,Urea,0.3,12.7
8041,2,potato,3,Urea,0.5,17.9
8042,2,potato,1,Urea,0.001,8.5
8042,2,potato,1,P,0.001,20.62
8042,2,potato,1,K,0.001,26.49
8042,2,potato,2,Urea,0.3,12.7
8042,2,potato,3,Urea,0.5,17.9
8043,2,potato,1,Urea,0.001,8.5
8043,2,potato,1,P,0.001,20.62
8043,2,potato,1,K,0.001,26.49
8043,2,potato,2,Urea,0.3,12.7
8043,2,potato,3,Urea,0.5,17.9
8044,2,potato,1,Urea,0.001,8.5
8044,2,potato,1,P,0.001,20.62
8044,2,potato,1,K,0.001,26.49
8044,2,potato,2,Urea,0.3,12.7
8044,2,potato,3,Urea,0.5,17.9
8045,2,potato,1,Urea,0.001,8.5
8045,2,potato,1,P,0.001,20.62
8045,2,potato,1,K,0.001,26.49
8045,2,potato,2,Urea,0.3,12.7
8045,2,potato,3,Urea,0.5,17.9
8046,2,potato,1,Urea,0.001,8.5
8046,2,potato,1,P,0.001,20.62
8046,2,potato,1,K,0.001,26.49
8046,2,potato,2,Urea,0.3,12.7
8046,2,potato,3,Urea,0.5,17.9
8047,2,potato,1,Urea,0.001,8.5
8047,2,potato,1,P,0.001,20.62
8047,2,potato,1,K,0.001,26.49
8047,2,potato,2,Urea,0.3,12.7
8047,2,potato,3,Urea,0.5,17.9
8049,2,potato,1,Urea,0.001,8.5
8049,2,potato,1,P,0.001,20.62
8049,2,potato,1,K,0.001,26.49
8049,2,potato,2,Urea,0.3,12.7
8049,2,potato,3,Urea,0.5,17.9
8050,2,potato,1,Urea,0.001,8.5
8050,2,potato,1,P,0.001,20.62
8050,2,potato,1,K,0.001,26.49
8050,2,potato,2,Urea,0.3,12.7
8050,2,potato,3,Urea,0.5,17.9
8051,2,potato,1,Urea,0.001,8.5
8051,2,potato,1,P,0.001,20.62
8051,2,potato,1,K,0.001,26.49
8051,2,potato,2,Urea,0.3,12.7
8051,2,potato,3,Urea,0.5,17.9
8052,2,potato,1,Urea,0.001,8.5
8052,2,potato,1,P,0.001,20.62
8052,2,potato,1,K,0.001,26.49
8052,2,potato,2,Urea,0.3,12.7
8052,2,potato,3,Urea,0.5,17.9
8053,2,potato,1,Urea,0.001,8.5
8053,2,potato,1,P,0.001,20.62
8053,2,potato,1,K,0.001,26.49
8053,2,potato,2,Urea,0.3,12.7
8053,2,potato,3,Urea,0.5,17.9
8054,2,potato,1,Urea,0.001,8.5
8054,2,potato,1,P,0.001,20.62
8054,2,potato,1,K,0.001,26.49
8054,2,potato,2,Urea,0.3,12.7
8054,2,potato,3,Urea,0.5,17.9
8055,2,potato,1,Urea,0.001,8.5
8055,2,potato,1,P,0.001,20.62
8055,2,potato,1,K,0.001,26.49
8055,2,potato,2,Urea,0.3,12.7
8055,2,potato,3,Urea,0.5,17.9
8056,2,potato,1,Urea,0.001,8.5
8056,2,potato,1,P,0.001,20.62
8056,2,potato,1,K,0.001,26.49
8056,2,potato,2,Urea,0.3,12.7
8056,2,potato,3,Urea,0.5,17.9
8057,2,potato,1,Urea,0.001,8.5
8057,2,potato,1,P,0.001,20.62
8057,2,potato,1,K,0.001,26.49
8057,2,potato,2,Urea,0.3,12.7
8057,2,potato,3,Urea,0.5,17.9
8058,2,potato,1,Urea,0.001,8.5
8058,2,potato,1,P,0.001,20.62
8058,2,potato,1,K,0.001,26.49
8058,2,potato,2,Urea,0.3,12.7
8058,2,potato,3,Urea,0.5,17.9
8059,2,potato,1,Urea,0.001,8.5
8059,2,potato,1,P,0.001,20.62
8059,2,potato,1,K,0.001,26.49
8059,2,potato,2,Urea,0.3,12.7
8059,2,potato,3,Urea,0.5,17.9
8060,2,potato,1,Urea,0.001,8.5
8060,2,potato,1,P,0.001,20.62
8060,2,potato,1,K,0.001,26.49
8060,2,potato,2,Urea,0.3,12.7
8060,2,potato,3,Urea,0.5,17.9
8061,2,potato,1,Urea,0.001,8.5
8061,2,potato,1,P,0.001,20.62
8061,2,potato,1,K,0.001,26.49
8061,2,potato,2,Urea,0.3,12.7
8061,2,potato,3,Urea,0.5,17.9
8062,2,potato,1,Urea,0.001,8.5
8062,2,potato,1,P,0.001,20.62
8062,2,potato,1,K,0.001,26.49
8062,2,potato,2,Urea,0.3,12.7
8062,2,potato,3,Urea,0.5,17.9
8063,2,potato,1,Urea,0.001,8.5
8063,2,potato,1,P,0.001,20.62
8063,2,potato,1,K,0.001,26.49
8063,2,potato,2,Urea,0.3,12.7
8063,2,potato,3,Urea,0.5,17.9
8064,2,potato,1,Urea,0.001,8.5
8064,2,potato,1,P,0.001,20.62
8064,2,potato,1,K,0.001,26.49
8064,2,potato,2,Urea,0.3,12.7
8064,2,potato,3,Urea,0.5,17.9
8065,2,potato,1,Urea,0.001,8.5
8065,2,potato,1,P,0.001,20.62
8065,2,potato,1,K,0.001,26.49
8065,2,potato,2,Urea,0.3,12.7
8065,2,potato,3,Urea,0.5,17.9
8066,2,potato,1,Urea,0.001,8.5
8066,2,potato,1,P,0.001,20.62
8066,2,potato,1,K,0.001,26.49
8066,2,potato,2,Urea,0.3,12.7
8066,2,potato,3,Urea,0.5,17.9
8067,2,potato,1,Urea,0.001,8.5
8067,2,potato,1,P,0.001,20.62
8067,2,potato,1,K,0.001,26.49
8067,2,potato,2,Urea,0.3,12.7
8067,2,potato,3,Urea,0.5,17.9
8068,2,potato,1,Urea,0.001,8.5
8068,2,potato,1,P,0.001,20.62
8068,2,potato,1,K,0.001,26.49
8068,2,potato,2,Urea,0.3,12.7
8068,2,potato,3,Urea,0.5,17.9
8069,2,potato,1,Urea,0.001,8.5
8069,2,potato,1,P,0.001,20.62
8069,2,potato,1,K,0.001,26.49
8069,2,potato,2,Urea,0.3,12.7
8069,2,potato,3,Urea,0.5,17.9
8070,2,potato,1,Urea,0.001,8.5
8070,2,potato,1,P,0.001,20.62
8070,2,potato,1,K,0.001,26.49
8070,2,potato,2,Urea,0.3,12.7
8070,2,potato,3,Urea,0.5,17.9
8071,2,potato,1,Urea,0.001,8.5
8071,2,potato,1,P,0.001,20.62
8071,2,potato,1,K,0.001,26.49
8071,2,potato,2,Urea,0.3,12.7
8071,2,potato,3,Urea,0.5,17.9
8072,2,potato,1,Urea,0.001,8.5
8072,2,potato,1,P,0.001,20.62
8072,2,potato,1,K,0.001,26.49
8072,2,potato,2,Urea,0.3,12.7
8072,2,potato,3,Urea,0.5,17.9
8073,2,potato,1,Urea,0.001,8.5
8073,2,potato,1,P,0.001,20.62
8073,2,potato,1,K,0.001,26.49
8073,2,potato,2,Urea,0.3,12.7
8073,2,potato,3,Urea,0.5,17.9
8074,2,potato,1,Urea,0.001,8.5
8074,2,potato,1,P,0.001,20.62
8074,2,potato,1,K,0.001,26.49
8074,2,potato,2,Urea,0.3,12.7
8074,2,potato,3,Urea,0.5,17.9
8075,2,potato,1,Urea,0.001,8.5
8075,2,potato,1,P,0.001,20.62
8075,2,potato,1,K,0.001,26.49
8075,2,potato,2,Urea,0.3,12.7
8075,2,potato,3,Urea,0.5,17.9
8076,2,potato,1,Urea,0.001,8.5
8076,2,potato,1,P,0.001,20.62
8076,2,potato,1,K,0.001,26.49
8076,2,potato,2,Urea,0.3,12.7
8076,2,potato,3,Urea,0.5,17.9
8077,2,potato,1,Urea,0.001,8.5
8077,2,potato,1,P,0.001,20.62
8077,2,potato,1,K,0.001,26.49
8077,2,potato,2,Urea,0.3,12.7
8077,2,potato,3,Urea,0.5,17.9
8078,2,potato,1,Urea,0.001,8.5
8078,2,potato,1,P,0.001,20.62
8078,2,potato,1,K,0.001,26.49
8078,2,potato,2,Urea,0.3,12.7
8078,2,potato,3,Urea,0.5,17.9
8079,2,potato,1,Urea,0.001,8.5
8079,2,potato,1,P,0.001,20.62
8079,2,potato,1,K,0.001,26.49
8079,2,potato,2,Urea,0.3,12.7
8079,2,potato,3,Urea,0.5,17.9
8080,2,potato,1,Urea,0.001,8.5
8080,2,potato,1,P,0.001,20.62
8080,2,potato,1,K,0.001,26.49
8080,2,potato,2,Urea,0.3,12.7
8080,2,potato,3,Urea,0.5,17.9
8081,2,potato,1,Urea,0.001,8.5
8081,2,potato,1,P,0.001,20.62
8081,2,potato,1,K,0.001,26.49
8081,2,potato,2,Urea,0.3,12.7
8081,2,potato,3,Urea,0.5,17.9
8082,2,potato,1,Urea,0.001,8.5
8082,2,potato,1,P,0.001,20.62
8082,2,potato,1,K,0.001,26.49
8082,2,potato,2,Urea,0.3,12.7
8082,2,potato,3,Urea,0.5,17.9
8083,2,potato,1,Urea,0.001,8.5
8083,2,potato,1,P,0.001,20.62
8083,2,potato,1,K,0.001,26.49
8083,2,potato,2,Urea,0.3,12.7
8083,2,potato,3,Urea,0.5,17.9
8084,2,potato,1,Urea,0.001,8.5
8084,2,potato,1,P,0.001,20.62
8084,2,potato,1,K,0.001,26.49
8084,2,potato,2,Urea,0.3,12.7
8084,2,potato,3,Urea,0.5,17.9
8085,2,potato,1,Urea,0.001,8.5
8085,2,potato,1,P,0.001,20.62
8085,2,potato,1,K,0.001,26.49
8085,2,potato,2,Urea,0.3,12.7
8085,2,potato,3,Urea,0.5,17.9
8086,2,potato,1,Urea,0.001,8.5
8086,2,potato,1,P,0.001,20.62
8086,2,potato,1,K,0.001,26.49
8086,2,potato,2,Urea,0.3,12.7
8086,2,potato,3,Urea,0.5,17.9
8087,2,potato,1,Urea,0.001,8.5
8087,2,potato,1,P,0.001,20.62
8087,2,potato,1,K,0.001,26.49
8087,2,potato,2,Urea,0.3,12.7
8087,2,potato,3,Urea,0.5,17.9
8088,2,potato,1,Urea,0.001,8.5
8088,2,potato,1,P,0.001,20.62
8088,2,potato,1,K,0.001,26.49
8088,2,potato,2,Urea,0.3,12.7
8088,2,potato,3,Urea,0.5,17.9
8089,2,potato,1,Urea,0.001,8.5
8089,2,potato,1,P,0.001,20.62
8089,2,potato,1,K,0.001,26.49
8089,2,potato,2,Urea,0.3,12.7
8089,2,potato,3,Urea,0.5,17.9
8090,2,potato,1,Urea,0.001,8.5
8090,2,potato,1,P,0.001,20.62
8090,2,potato,1,K,0.001,26.49
8090,2,potato,2,Urea,0.3,12.7
8090,2,potato,3,Urea,0.5,17.9
8091,2,potato,1,Urea,0.001,8.5
8091,2,potato,1,P,0.001,20.62
8091,2,potato,1,K,0.001,26.49
8091,2,potato,2,Urea,0.3,12.7
8091,2,potato,3,Urea,0.5,17.9
8092,2,potato,1,Urea,0.001,8.5
8092,2,potato,1,P,0.001,20.62
8092,2,potato,1,K,0.001,26.49
8092,2,potato,2,Urea,0.3,12.7
8092,2,potato,3,Urea,0.5,17.9
8093,2,potato,1,Urea,0.001,8.5
8093,2,potato,1,P,0.001,20.62
8093,2,potato,1,K,0.001,26.49
8093,2,potato,2,Urea,0.3,12.7
8093,2,potato,3,Urea,0.5,17.9
8094,2,potato,1,Urea,0.001,8.5
8094,2,potato,1,P,0.001,20.62
8094,2,potato,1,K,0.001,26.49
8094,2,potato,2,Urea,0.3,12.7
8094,2,potato,3,Urea,0.5,17.9
8095,2,potato,1,Urea,0.001,8.5
8095,2,potato,1,P,0.001,20.62
8095,2,potato,1,K,0.001,26.49
8095,2,potato,2,Urea,0.3,12.7
8095,2,potato,3,Urea,0.5,17.9
8096,2,potato,1,Urea,0.001,8.5
8096,2,potato,1,P,0.001,20.62
8096,2,potato,1,K,0.001,26.49
8096,2,potato,2,Urea,0.3,12.7
8096,2,potato,3,Urea,0.5,17.9
8097,2,potato,1,Urea,0.001,8.5
8097,2,potato,1,P,0.001,20.62
8097,2,potato,1,K,0.001,26.49
8097,2,potato,2,Urea,0.3,12.7
8097,2,potato,3,Urea,0.5,17.9
8098,2,potato,1,Urea,0.001,8.5
8098,2,potato,1,P,0.001,20.62
8098,2,potato,1,K,0.001,26.49
8098,2,potato,2,Urea,0.3,12.7
8098,2,potato,3,Urea,0.5,17.9
8099,2,potato,1,Urea,0.001,8.5
8099,2,potato,1,P,0.001,20.62
8099,2,potato,1,K,0.001,26.49
8099,2,potato,2,Urea,0.3,12.7
8099,2,potato,3,Urea,0.5,17.9
8100,2,potato,1,Urea,0.001,8.5
8100,2,potato,1,P,0.001,20.62
8100,2,potato,1,K,0.001,26.49
8100,2,potato,2,Urea,0.3,12.7
8100,2,potato,3,Urea,0.5,17.9
8101,2,potato,1,Urea,0.001,8.5
8101,2,potato,1,P,0.001,20.62
8101,2,potato,1,K,0.001,26.49
8101,2,potato,2,Urea,0.3,12.7
8101,2,potato,3,Urea,0.5,17.9
8102,2,potato,1,Urea,0.001,8.5
8102,2,potato,1,P,0.001,20.62
8102,2,potato,1,K,0.001,26.49
8102,2,potato,2,Urea,0.3,12.7
8102,2,potato,3,Urea,0.5,17.9
8103,2,potato,1,Urea,0.001,8.5
8103,2,potato,1,P,0.001,20.62
8103,2,potato,1,K,0.001,26.49
8103,2,potato,2,Urea,0.3,12.7
8103,2,potato,3,Urea,0.5,17.9
8104,2,potato,1,Urea,0.001,8.5
8104,2,potato,1,P,0.001,20.62
8104,2,potato,1,K,0.001,26.49
8104,2,potato,2,Urea,0.3,12.7
8104,2,potato,3,Urea,0.5,17.9
8105,2,potato,1,Urea,0.001,8.5
8105,2,potato,1,P,0.001,20.62
8105,2,potato,1,K,0.001,26.49
8105,2,potato,2,Urea,0.3,12.7
8105,2,potato,3,Urea,0.5,17.9
8106,2,potato,1,Urea,0.001,8.5
8106,2,potato,1,P,0.001,20.62
8106,2,potato,1,K,0.001,26.49
8106,2,potato,2,Urea,0.3,12.7
8106,2,potato,3,Urea,0.5,17.9
8107,2,potato,1,Urea,0.001,8.5
8107,2,potato,1,P,0.001,20.62
8107,2,potato,1,K,0.001,26.49
8107,2,potato,2,Urea,0.3,12.7
8107,2,potato,3,Urea,0.5,17.9
8108,2,potato,1,Urea,0.001,8.5
8108,2,potato,1,P,0.001,20.62
8108,2,potato,1,K,0.001,26.49
8108,2,potato,2,Urea,0.3,12.7
8108,2,potato,3,Urea,0.5,17.9
8109,2,potato,1,Urea,0.001,8.5
8109,2,potato,1,P,0.001,20.62
8109,2,potato,1,K,0.001,26.49
8109,2,potato,2,Urea,0.3,12.7
8109,2,potato,3,Urea,0.5,17.9
8110,2,potato,1,Urea,0.001,8.5
8110,2,potato,1,P,0.001,20.62
8110,2,potato,1,K,0.001,26.49
8110,2,potato,2,Urea,0.3,12.7
8110,2,potato,3,Urea,0.5,17.9
8111,2,potato,1,Urea,0.001,8.5
8111,2,potato,1,P,0.001,20.62
8111,2,potato,1,K,0.001,26.49
8111,2,potato,2,Urea,0.3,12.7
8111,2,potato,3,Urea,0.5,17.9
8112,2,potato,1,Urea,0.001,8.5
8112,2,potato,1,P,0.001,20.62
8112,2,potato,1,K,0.001,26.49
8112,2,potato,2,Urea,0.3,12.7
8112,2,potato,3,Urea,0.5,17.9
8113,2,potato,1,Urea,0.001,8.5
8113,2,potato,1,P,0.001,20.62
8113,2,potato,1,K,0.001,26.49
8113,2,potato,2,Urea,0.3,12.7
8113,2,potato,3,Urea,0.5,17.9
8114,2,potato,1,Urea,0.001,8.5
8114,2,potato,1,P,0.001,20.62
8114,2,potato,1,K,0.001,26.49
8114,2,potato,2,Urea,0.3,12.7
8114,2,potato,3,Urea,0.5,17.9
8115,2,potato,1,Urea,0.001,8.5
8115,2,potato,1,P,0.001,20.62
8115,2,potato,1,K,0.001,26.49
8115,2,potato,2,Urea,0.3,12.7
8115,2,potato,3,Urea,0.5,17.9
8116,2,potato,1,Urea,0.001,8.5
8116,2,potato,1,P,0.001,20.62
8116,2,potato,1,K,0.001,26.49
8116,2,potato,2,Urea,0.3,12.7
8116,2,potato,3,Urea,0.5,17.9
8117,2,potato,1,Urea,0.001,8.5
8117,2,potato,1,P,0.001,20.62
8117,2,potato,1,K,0.001,26.49
8117,2,potato,2,Urea,0.3,12.7
8117,2,potato,3,Urea,0.5,17.9
8118,2,potato,1,Urea,0.001,8.5
8118,2,potato,1,P,0.001,20.62
8118,2,potato,1,K,0.001,26.49
8118,2,potato,2,Urea,0.3,12.7
8118,2,potato,3,Urea,0.5,17.9
8119,2,potato,1,Urea,0.001,8.5
8119,2,potato,1,P,0.001,20.62
8119,2,potato,1,K,0.001,26.49
8119,2,potato,2,Urea,0.3,12.7
8119,2,potato,3,Urea,0.5,17.9
8120,2,potato,1,Urea,0.001,8.5
8120,2,potato,1,P,0.001,20.62
8120,2,potato,1,K,0.001,26.49
8120,2,potato,2,Urea,0.3,12.7
8120,2,potato,3,Urea,0.5,17.9
8121,2,potato,1,Urea,0.001,8.5
8121,2,potato,1,P,0.001,20.62
8121,2,potato,1,K,0.001,26.49
8121,2,potato,2,Urea,0.3,12.7
8121,2,potato,3,Urea,0.5,17.9
8122,2,potato,1,Urea,0.001,8.5
8122,2,potato,1,P,0.001,20.62
8122,2,potato,1,K,0.001,26.49
8122,2,potato,2,Urea,0.3,12.7
8122,2,potato,3,Urea,0.5,17.9
8124,2,potato,1,Urea,0.001,8.5
8124,2,potato,1,P,0.001,20.62
8124,2,potato,1,K,0.001,26.49
8124,2,potato,2,Urea,0.3,12.7
8124,2,potato,3,Urea,0.5,17.9
8125,2,potato,1,Urea,0.001,8.5
8125,2,potato,1,P,0.001,20.62
8125,2,potato,1,K,0.001,26.49
8125,2,potato,2,Urea,0.3,12.7
8125,2,potato,3,Urea,0.5,17.9
8126,2,potato,1,Urea,0.001,8.5
8126,2,potato,1,P,0.001,20.62
8126,2,potato,1,K,0.001,26.49
8126,2,potato,2,Urea,0.3,12.7
8126,2,potato,3,Urea,0.5,17.9
8127,2,potato,1,Urea,0.001,8.5
8127,2,potato,1,P,0.001,20.62
8127,2,potato,1,K,0.001,26.49
8127,2,potato,2,Urea,0.3,12.7
8127,2,potato,3,Urea,0.5,17.9
8128,2,potato,1,Urea,0.001,8.5
8128,2,potato,1,P,0.001,20.62
8128,2,potato,1,K,0.001,26.49
8128,2,potato,2,Urea,0.3,12.7
8128,2,potato,3,Urea,0.5,17.9
8129,2,potato,1,Urea,0.001,8.5
8129,2,potato,1,P,0.001,20.62
8129,2,potato,1,K,0.001,26.49
8129,2,potato,2,Urea,0.3,12.7
8129,2,potato,3,Urea,0.5,17.9
8130,2,potato,1,Urea,0.001,8.5
8130,2,potato,1,P,0.001,20.62
8130,2,potato,1,K,0.001,26.49
8130,2,potato,2,Urea,0.3,12.7
8130,2,potato,3,Urea,0.5,17.9
8131,2,potato,1,Urea,0.001,8.5
8131,2,potato,1,P,0.001,20.62
8131,2,potato,1,K,0.001,26.49
8131,2,potato,2,Urea,0.3,12.7
8131,2,potato,3,Urea,0.5,17.9
8132,2,potato,1,Urea,0.001,8.5
8132,2,potato,1,P,0.001,20.62
8132,2,potato,1,K,0.001,26.49
8132,2,potato,2,Urea,0.3,12.7
8132,2,potato,3,Urea,0.5,17.9
8133,2,potato,1,Urea,0.001,8.5
8133,2,potato,1,P,0.001,20.62
8133,2,potato,1,K,0.001,26.49
8133,2,potato,2,Urea,0.3,12.7
8133,2,potato,3,Urea,0.5,17.9
8134,2,potato,1,Urea,0.001,8.5
8134,2,potato,1,P,0.001,20.62
8134,2,potato,1,K,0.001,26.49
8134,2,potato,2,Urea,0.3,12.7
8134,2,potato,3,Urea,0.5,17.9
8135,2,potato,1,Urea,0.001,8.5
8135,2,potato,1,P,0.001,20.62
8135,2,potato,1,K,0.001,26.49
8135,2,potato,2,Urea,0.3,12.7
8135,2,potato,3,Urea,0.5,17.9
8136,2,potato,1,Urea,0.001,8.5
8136,2,potato,1,P,0.001,20.62
8136,2,potato,1,K,0.001,26.49
8136,2,potato,2,Urea,0.3,12.7
8136,2,potato,3,Urea,0.5,17.9
8137,2,potato,1,Urea,0.001,8.5
8137,2,potato,1,P,0.001,20.62
8137,2,potato,1,K,0.001,26.49
8137,2,potato,2,Urea,0.3,12.7
8137,2,potato,3,Urea,0.5,17.9
8138,2,potato,1,Urea,0.001,8.5
8138,2,potato,1,P,0.001,20.62
8138,2,potato,1,K,0.001,26.49
8138,2,potato,2,Urea,0.3,12.7
8138,2,potato,3,Urea,0.5,17.9
8139,2,potato,1,Urea,0.001,8.5
8139,2,potato,1,P,0.001,20.62
8139,2,potato,1,K,0.001,26.49
8139,2,potato,2,Urea,0.3,12.7
8139,2,potato,3,Urea,0.5,17.9
8140,2,potato,1,Urea,0.001,8.5
8140,2,potato,1,P,0.001,20.62
8140,2,potato,1,K,0.001,26.49
8140,2,potato,2,Urea,0.3,12.7
8140,2,potato,3,Urea,0.5,17.9
8141,2,potato,1,Urea,0.001,8.5
8141,2,potato,1,P,0.001,20.62
8141,2,potato,1,K,0.001,26.49
8141,2,potato,2,Urea,0.3,12.7
8141,2,potato,3,Urea,0.5,17.9
8142,2,potato,1,Urea,0.001,8.5
8142,2,potato,1,P,0.001,20.62
8142,2,potato,1,K,0.001,26.49
8142,2,potato,2,Urea,0.3,12.7
8142,2,potato,3,Urea,0.5,17.9
8143,2,potato,1,Urea,0.001,8.5
8143,2,potato,1,P,0.001,20.62
8143,2,potato,1,K,0.001,26.49
8143,2,potato,2,Urea,0.3,12.7
8143,2,potato,3,Urea,0.5,17.9
8144,2,potato,1,Urea,0.001,8.5
8144,2,potato,1,P,0.001,20.62
8144,2,potato,1,K,0.001,26.49
8144,2,potato,2,Urea,0.3,12.7
8144,2,potato,3,Urea,0.5,17.9
8145,2,potato,1,Urea,0.001,8.5
8145,2,potato,1,P,0.001,20.62
8145,2,potato,1,K,0.001,26.49
8145,2,potato,2,Urea,0.3,12.7
8145,2,potato,3,Urea,0.5,17.9
8146,2,potato,1,Urea,0.001,8.5
8146,2,potato,1,P,0.001,20.62
8146,2,potato,1,K,0.001,26.49
8146,2,potato,2,Urea,0.3,12.7
8146,2,potato,3,Urea,0.5,17.9
8147,2,potato,1,Urea,0.001,8.5
8147,2,potato,1,P,0.001,20.62
8147,2,potato,1,K,0.001,26.49
8147,2,potato,2,Urea,0.3,12.7
8147,2,potato,3,Urea,0.5,17.9
8148,2,potato,1,Urea,0.001,8.5
8148,2,potato,1,P,0.001,20.62
8148,2,potato,1,K,0.001,26.49
8148,2,potato,2,Urea,0.3,12.7
8148,2,potato,3,Urea,0.5,17.9
8149,2,potato,1,Urea,0.001,8.5
8149,2,potato,1,P,0.001,20.62
8149,2,potato,1,K,0.001,26.49
8149,2,potato,2,Urea,0.3,12.7
8149,2,potato,3,Urea,0.5,17.9
8150,2,potato,1,Urea,0.001,8.5
8150,2,potato,1,P,0.001,20.62
8150,2,potato,1,K,0.001,26.49
8150,2,potato,2,Urea,0.3,12.7
8150,2,potato,3,Urea,0.5,17.9
8151,2,potato,1,Urea,0.001,8.5
8151,2,potato,1,P,0.001,20.62
8151,2,potato,1,K,0.001,26.49
8151,2,potato,2,Urea,0.3,12.7
8151,2,potato,3,Urea,0.5,17.9
8152,2,potato,1,Urea,0.001,8.5
8152,2,potato,1,P,0.001,20.62
8152,2,potato,1,K,0.001,26.49
8152,2,potato,2,Urea,0.3,12.7
8152,2,potato,3,Urea,0.5,17.9
8153,2,potato,1,Urea,0.001,8.5
8153,2,potato,1,P,0.001,20.62
8153,2,potato,1,K,0.001,26.49
8153,2,potato,2,Urea,0.3,12.7
8153,2,potato,3,Urea,0.5,17.9
8154,2,potato,1,Urea,0.001,8.5
8154,2,potato,1,P,0.001,20.62
8154,2,potato,1,K,0.001,26.49
8154,2,potato,2,Urea,0.3,12.7
8154,2,potato,3,Urea,0.5,17.9
8155,2,potato,1,Urea,0.001,8.5
8155,2,potato,1,P,0.001,20.62
8155,2,potato,1,K,0.001,26.49
8155,2,potato,2,Urea,0.3,12.7
8155,2,potato,3,Urea,0.5,17.9
8156,2,potato,1,Urea,0.001,8.5
8156,2,potato,1,P,0.001,20.62
8156,2,potato,1,K,0.001,26.49
8156,2,potato,2,Urea,0.3,12.7
8156,2,potato,3,Urea,0.5,17.9
8157,2,potato,1,Urea,0.001,8.5
8157,2,potato,1,P,0.001,20.62
8157,2,potato,1,K,0.001,26.49
8157,2,potato,2,Urea,0.3,12.7
8157,2,potato,3,Urea,0.5,17.9
8158,2,potato,1,Urea,0.001,8.5
8158,2,potato,1,P,0.001,20.62
8158,2,potato,1,K,0.001,26.49
8158,2,potato,2,Urea,0.3,12.7
8158,2,potato,3,Urea,0.5,17.9
8159,2,potato,1,Urea,0.001,8.5
8159,2,potato,1,P,0.001,20.62
8159,2,potato,1,K,0.001,26.49
8159,2,potato,2,Urea,0.3,12.7
8159,2,potato,3,Urea,0.5,17.9
8160,2,potato,1,Urea,0.001,8.5
8160,2,potato,1,P,0.001,20.62
8160,2,potato,1,K,0.001,26.49
8160,2,potato,2,Urea,0.3,12.7
8160,2,potato,3,Urea,0.5,17.9
8161,2,potato,1,Urea,0.001,8.5
8161,2,potato,1,P,0.001,20.62
8161,2,potato,1,K,0.001,26.49
8161,2,potato,2,Urea,0.3,12.7
8161,2,potato,3,Urea,0.5,17.9
8162,2,potato,1,Urea,0.001,8.5
8162,2,potato,1,P,0.001,20.62
8162,2,potato,1,K,0.001,26.49
8162,2,potato,2,Urea,0.3,12.7
8162,2,potato,3,Urea,0.5,17.9
8163,2,potato,1,Urea,0.001,8.5
8163,2,potato,1,P,0.001,20.62
8163,2,potato,1,K,0.001,26.49
8163,2,potato,2,Urea,0.3,12.7
8163,2,potato,3,Urea,0.5,17.9
8164,2,potato,1,Urea,0.001,8.5
8164,2,potato,1,P,0.001,20.62
8164,2,potato,1,K,0.001,26.49
8164,2,potato,2,Urea,0.3,12.7
8164,2,potato,3,Urea,0.5,17.9
8165,2,potato,1,Urea,0.001,8.5
8165,2,potato,1,P,0.001,20.62
8165,2,potato,1,K,0.001,26.49
8165,2,potato,2,Urea,0.3,12.7
8165,2,potato,3,Urea,0.5,17.9
8166,2,potato,1,Urea,0.001,8.5
8166,2,potato,1,P,0.001,20.62
8166,2,potato,1,K,0.001,26.49
8166,2,potato,2,Urea,0.3,12.7
8166,2,potato,3,Urea,0.5,17.9
8167,2,potato,1,Urea,0.001,8.5
8167,2,potato,1,P,0.001,20.62
8167,2,potato,1,K,0.001,26.49
8167,2,potato,2,Urea,0.3,12.7
8167,2,potato,3,Urea,0.5,17.9
8168,2,potato,1,Urea,0.001,8.5
8168,2,potato,1,P,0.001,20.62
8168,2,potato,1,K,0.001,26.49
8168,2,potato,2,Urea,0.3,12.7
8168,2,potato,3,Urea,0.5,17.9
8169,2,potato,1,Urea,0.001,8.5
8169,2,potato,1,P,0.001,20.62
8169,2,potato,1,K,0.001,26.49
8169,2,potato,2,Urea,0.3,12.7
8169,2,potato,3,Urea,0.5,17.9
8170,2,potato,1,Urea,0.001,8.5
8170,2,potato,1,P,0.001,20.62
8170,2,potato,1,K,0.001,26.49
8170,2,potato,2,Urea,0.3,12.7
8170,2,potato,3,Urea,0.5,17.9
8171,2,potato,1,Urea,0.001,8.5
8171,2,potato,1,P,0.001,20.62
8171,2,potato,1,K,0.001,26.49
8171,2,potato,2,Urea,0.3,12.7
8171,2,potato,3,Urea,0.5,17.9
8172,2,potato,1,Urea,0.001,8.5
8172,2,potato,1,P,0.001,20.62
8172,2,potato,1,K,0.001,26.49
8172,2,potato,2,Urea,0.3,12.7
8172,2,potato,3,Urea,0.5,17.9
8173,2,potato,1,Urea,0.001,8.5
8173,2,potato,1,P,0.001,20.62
8173,2,potato,1,K,0.001,26.49
8173,2,potato,2,Urea,0.3,12.7
8173,2,potato,3,Urea,0.5,17.9
8174,2,potato,1,Urea,0.001,8.5
8174,2,potato,1,P,0.001,20.62
8174,2,potato,1,K,0.001,26.49
8174,2,potato,2,Urea,0.3,12.7
8174,2,potato,3,Urea,0.5,17.9
8175,2,potato,1,Urea,0.001,8.5
8175,2,potato,1,P,0.001,20.62
8175,2,potato,1,K,0.001,26.49
8175,2,potato,2,Urea,0.3,12.7
8175,2,potato,3,Urea,0.5,17.9
8176,2,potato,1,Urea,0.001,8.5
8176,2,potato,1,P,0.001,20.62
8176,2,potato,1,K,0.001,26.49
8176,2,potato,2,Urea,0.3,12.7
8176,2,potato,3,Urea,0.5,17.9
8177,2,potato,1,Urea,0.001,8.5
8177,2,potato,1,P,0.001,20.62
8177,2,potato,1,K,0.001,26.49
8177,2,potato,2,Urea,0.3,12.7
8177,2,potato,3,Urea,0.5,17.9
8178,2,potato,1,Urea,0.001,8.5
8178,2,potato,1,P,0.001,20.62
8178,2,potato,1,K,0.001,26.49
8178,2,potato,2,Urea,0.3,12.7
8178,2,potato,3,Urea,0.5,17.9
8179,2,potato,1,Urea,0.001,8.5
8179,2,potato,1,P,0.001,20.62
8179,2,potato,1,K,0.001,26.49
8179,2,potato,2,Urea,0.3,12.7
8179,2,potato,3,Urea,0.5,17.9
8180,2,potato,1,Urea,0.001,8.5
8180,2,potato,1,P,0.001,20.62
8180,2,potato,1,K,0.001,26.49
8180,2,potato,2,Urea,0.3,12.7
8180,2,potato,3,Urea,0.5,17.9
8181,2,potato,1,Urea,0.001,8.5
8181,2,potato,1,P,0.001,20.62
8181,2,potato,1,K,0.001,26.49
8181,2,potato,2,Urea,0.3,12.7
8181,2,potato,3,Urea,0.5,17.9
8182,2,potato,1,Urea,0.001,8.5
8182,2,potato,1,P,0.001,20.62
8182,2,potato,1,K,0.001,26.49
8182,2,potato,2,Urea,0.3,12.7
8182,2,potato,3,Urea,0.5,17.9
8183,2,potato,1,Urea,0.001,8.5
8183,2,potato,1,P,0.001,20.62
8183,2,potato,1,K,0.001,26.49
8183,2,potato,2,Urea,0.3,12.7
8183,2,potato,3,Urea,0.5,17.9
8184,2,potato,1,Urea,0.001,8.5
8184,2,potato,1,P,0.001,20.62
8184,2,potato,1,K,0.001,26.49
8184,2,potato,2,Urea,0.3,12.7
8184,2,potato,3,Urea,0.5,17.9
8185,2,potato,1,Urea,0.001,8.5
8185,2,potato,1,P,0.001,20.62
8185,2,potato,1,K,0.001,26.49
8185,2,potato,2,Urea,0.3,12.7
8185,2,potato,3,Urea,0.5,17.9
8186,2,potato,1,Urea,0.001,8.5
8186,2,potato,1,P,0.001,20.62
8186,2,potato,1,K,0.001,26.49
8186,2,potato,2,Urea,0.3,12.7
8186,2,potato,3,Urea,0.5,17.9
8187,2,potato,1,Urea,0.001,8.5
8187,2,potato,1,P,0.001,20.62
8187,2,potato,1,K,0.001,26.49
8187,2,potato,2,Urea,0.3,12.7
8187,2,potato,3,Urea,0.5,17.9
8188,2,potato,1,Urea,0.001,8.5
8188,2,potato,1,P,0.001,20.62
8188,2,potato,1,K,0.001,26.49
8188,2,potato,2,Urea,0.3,12.7
8188,2,potato,3,Urea,0.5,17.9
8189,2,potato,1,Urea,0.001,8.5
8189,2,potato,1,P,0.001,20.62
8189,2,potato,1,K,0.001,26.49
8189,2,potato,2,Urea,0.3,12.7
8189,2,potato,3,Urea,0.5,17.9
8190,2,potato,1,Urea,0.001,8.5
8190,2,potato,1,P,0.001,20.62
8190,2,potato,1,K,0.001,26.49
8190,2,potato,2,Urea,0.3,12.7
8190,2,potato,3,Urea,0.5,17.9
8191,2,potato,1,Urea,0.001,8.5
8191,2,potato,1,P,0.001,20.62
8191,2,potato,1,K,0.001,26.49
8191,2,potato,2,Urea,0.3,12.7
8191,2,potato,3,Urea,0.5,17.9
8192,2,potato,1,Urea,0.001,8.5
8192,2,potato,1,P,0.001,20.62
8192,2,potato,1,K,0.001,26.49
8192,2,potato,2,Urea,0.3,12.7
8192,2,potato,3,Urea,0.5,17.9
8193,2,potato,1,Urea,0.001,8.5
8193,2,potato,1,P,0.001,20.62
8193,2,potato,1,K,0.001,26.49
8193,2,potato,2,Urea,0.3,12.7
8193,2,potato,3,Urea,0.5,17.9
8194,2,potato,1,Urea,0.001,8.5
8194,2,potato,1,P,0.001,20.62
8194,2,potato,1,K,0.001,26.49
8194,2,potato,2,Urea,0.3,12.7
8194,2,potato,3,Urea,0.5,17.9
8195,2,potato,1,Urea,0.001,8.5
8195,2,potato,1,P,0.001,20.62
8195,2,potato,1,K,0.001,26.49
8195,2,potato,2,Urea,0.3,12.7
8195,2,potato,3,Urea,0.5,17.9
8196,2,potato,1,Urea,0.001,8.5
8196,2,potato,1,P,0.001,20.62
8196,2,potato,1,K,0.001,26.49
8196,2,potato,2,Urea,0.3,12.7
8196,2,potato,3,Urea,0.5,17.9
8197,2,potato,1,Urea,0.001,8.5
8197,2,potato,1,P,0.001,20.62
8197,2,potato,1,K,0.001,26.49
8197,2,potato,2,Urea,0.3,12.7
8197,2,potato,3,Urea,0.5,17.9
8198,2,potato,1,Urea,0.001,8.5
8198,2,potato,1,P,0.001,20.62
8198,2,potato,1,K,0.001,26.49
8198,2,potato,2,Urea,0.3,12.7
8198,2,potato,3,Urea,0.5,17.9
8199,2,potato,1,Urea,0.001,8.5
8199,2,potato,1,P,0.001,20.62
8199,2,potato,1,K,0.001,26.49
8199,2,potato,2,Urea,0.3,12.7
8199,2,potato,3,Urea,0.5,17.9
8200,2,potato,1,Urea,0.001,8.5
8200,2,potato,1,P,0.001,20.62
8200,2,potato,1,K,0.001,26.49
8200,2,potato,2,Urea,0.3,12.7
8200,2,potato,3,Urea,0.5,17.9
8201,2,potato,1,Urea,0.001,8.5
8201,2,potato,1,P,0.001,20.62
8201,2,potato,1,K,0.001,26.49
8201,2,potato,2,Urea,0.3,12.7
8201,2,potato,3,Urea,0.5,17.9
8202,2,potato,1,Urea,0.001,8.5
8202,2,potato,1,P,0.001,20.62
8202,2,potato,1,K,0.001,26.49
8202,2,potato,2,Urea,0.3,12.7
8202,2,potato,3,Urea,0.5,17.9
8203,2,potato,1,Urea,0.001,8.5
8203,2,potato,1,P,0.001,20.62
8203,2,potato,1,K,0.001,26.49
8203,2,potato,2,Urea,0.3,12.7
8203,2,potato,3,Urea,0.5,17.9
8204,2,potato,1,Urea,0.001,8.5
8204,2,potato,1,P,0.001,20.62
8204,2,potato,1,K,0.001,26.49
8204,2,potato,2,Urea,0.3,12.7
8204,2,potato,3,Urea,0.5,17.9
8205,2,potato,1,Urea,0.001,8.5
8205,2,potato,1,P,0.001,20.62
8205,2,potato,1,K,0.001,26.49
8205,2,potato,2,Urea,0.3,12.7
8205,2,potato,3,Urea,0.5,17.9
8207,2,potato,1,Urea,0.001,8.5
8207,2,potato,1,P,0.001,20.62
8207,2,potato,1,K,0.001,26.49
8207,2,potato,2,Urea,0.3,12.7
8207,2,potato,3,Urea,0.5,17.9
8208,2,potato,1,Urea,0.001,8.5
8208,2,potato,1,P,0.001,20.62
8208,2,potato,1,K,0.001,26.49
8208,2,potato,2,Urea,0.3,12.7
8208,2,potato,3,Urea,0.5,17.9
8209,2,potato,1,Urea,0.001,8.5
8209,2,potato,1,P,0.001,20.62
8209,2,potato,1,K,0.001,26.49
8209,2,potato,2,Urea,0.3,12.7
8209,2,potato,3,Urea,0.5,17.9
8210,2,potato,1,Urea,0.001,8.5
8210,2,potato,1,P,0.001,20.62
8210,2,potato,1,K,0.001,26.49
8210,2,potato,2,Urea,0.3,12.7
8210,2,potato,3,Urea,0.5,17.9
8211,2,potato,1,Urea,0.001,8.5
8211,2,potato,1,P,0.001,20.62
8211,2,potato,1,K,0.001,26.49
8211,2,potato,2,Urea,0.3,12.7
8211,2,potato,3,Urea,0.5,17.9
8212,2,potato,1,Urea,0.001,8.5
8212,2,potato,1,P,0.001,20.62
8212,2,potato,1,K,0.001,26.49
8212,2,potato,2,Urea,0.3,12.7
8212,2,potato,3,Urea,0.5,17.9
8213,2,potato,1,Urea,0.001,8.5
8213,2,potato,1,P,0.001,20.62
8213,2,potato,1,K,0.001,26.49
8213,2,potato,2,Urea,0.3,12.7
8213,2,potato,3,Urea,0.5,17.9
8214,2,potato,1,Urea,0.001,8.5
8214,2,potato,1,P,0.001,20.62
8214,2,potato,1,K,0.001,26.49
8214,2,potato,2,Urea,0.3,12.7
8214,2,potato,3,Urea,0.5,17.9
8215,2,potato,1,Urea,0.001,8.5
8215,2,potato,1,P,0.001,20.62
8215,2,potato,1,K,0.001,26.49
8215,2,potato,2,Urea,0.3,12.7
8215,2,potato,3,Urea,0.5,17.9
8216,2,potato,1,Urea,0.001,8.5
8216,2,potato,1,P,0.001,20.62
8216,2,potato,1,K,0.001,26.49
8216,2,potato,2,Urea,0.3,12.7
8216,2,potato,3,Urea,0.5,17.9
8218,2,potato,1,Urea,0.001,8.5
8218,2,potato,1,P,0.001,20.62
8218,2,potato,1,K,0.001,26.49
8218,2,potato,2,Urea,0.3,12.7
8218,2,potato,3,Urea,0.5,17.9
8219,2,potato,1,Urea,0.001,8.5
8219,2,potato,1,P,0.001,20.62
8219,2,potato,1,K,0.001,26.49
8219,2,potato,2,Urea,0.3,12.7
8219,2,potato,3,Urea,0.5,17.9
8220,2,potato,1,Urea,0.001,8.5
8220,2,potato,1,P,0.001,20.62
8220,2,potato,1,K,0.001,26.49
8220,2,potato,2,Urea,0.3,12.7
8220,2,potato,3,Urea,0.5,17.9
8221,2,potato,1,Urea,0.001,8.5
8221,2,potato,1,P,0.001,20.62
8221,2,potato,1,K,0.001,26.49
8221,2,potato,2,Urea,0.3,12.7
8221,2,potato,3,Urea,0.5,17.9
8222,2,potato,1,Urea,0.001,8.5
8222,2,potato,1,P,0.001,20.62
8222,2,potato,1,K,0.001,26.49
8222,2,potato,2,Urea,0.3,12.7
8222,2,potato,3,Urea,0.5,17.9
8223,2,potato,1,Urea,0.001,8.5
8223,2,potato,1,P,0.001,20.62
8223,2,potato,1,K,0.001,26.49
8223,2,potato,2,Urea,0.3,12.7
8223,2,potato,3,Urea,0.5,17.9
8224,2,potato,1,Urea,0.001,8.5
8224,2,potato,1,P,0.001,20.62
8224,2,potato,1,K,0.001,26.49
8224,2,potato,2,Urea,0.3,12.7
8224,2,potato,3,Urea,0.5,17.9
8225,2,potato,1,Urea,0.001,8.5
8225,2,potato,1,P,0.001,20.62
8225,2,potato,1,K,0.001,26.49
8225,2,potato,2,Urea,0.3,12.7
8225,2,potato,3,Urea,0.5,17.9
8226,2,potato,1,Urea,0.001,8.5
8226,2,potato,1,P,0.001,20.62
8226,2,potato,1,K,0.001,26.49
8226,2,potato,2,Urea,0.3,12.7
8226,2,potato,3,Urea,0.5,17.9
8227,2,potato,1,Urea,0.001,8.5
8227,2,potato,1,P,0.001,20.62
8227,2,potato,1,K,0.001,26.49
8227,2,potato,2,Urea,0.3,12.7
8227,2,potato,3,Urea,0.5,17.9
8228,2,potato,1,Urea,0.001,8.5
8228,2,potato,1,P,0.001,20.62
8228,2,potato,1,K,0.001,26.49
8228,2,potato,2,Urea,0.3,12.7
8228,2,potato,3,Urea,0.5,17.9
8229,2,potato,1,Urea,0.001,8.5
8229,2,potato,1,P,0.001,20.62
8229,2,potato,1,K,0.001,26.49
8229,2,potato,2,Urea,0.3,12.7
8229,2,potato,3,Urea,0.5,17.9
8230,2,potato,1,Urea,0.001,8.5
8230,2,potato,1,P,0.001,20.62
8230,2,potato,1,K,0.001,26.49
8230,2,potato,2,Urea,0.3,12.7
8230,2,potato,3,Urea,0.5,17.9
8231,2,potato,1,Urea,0.001,8.5
8231,2,potato,1,P,0.001,20.62
8231,2,potato,1,K,0.001,26.49
8231,2,potato,2,Urea,0.3,12.7
8231,2,potato,3,Urea,0.5,17.9
8232,2,potato,1,Urea,0.001,8.5
8232,2,potato,1,P,0.001,20.62
8232,2,potato,1,K,0.001,26.49
8232,2,potato,2,Urea,0.3,12.7
8232,2,potato,3,Urea,0.5,17.9
8233,2,potato,1,Urea,0.001,8.5
8233,2,potato,1,P,0.001,20.62
8233,2,potato,1,K,0.001,26.49
8233,2,potato,2,Urea,0.3,12.7
8233,2,potato,3,Urea,0.5,17.9
8234,2,potato,1,Urea,0.001,8.5
8234,2,potato,1,P,0.001,20.62
8234,2,potato,1,K,0.001,26.49
8234,2,potato,2,Urea,0.3,12.7
8234,2,potato,3,Urea,0.5,17.9
8235,2,potato,1,Urea,0.001,8.5
8235,2,potato,1,P,0.001,20.62
8235,2,potato,1,K,0.001,26.49
8235,2,potato,2,Urea,0.3,12.7
8235,2,potato,3,Urea,0.5,17.9
8236,2,potato,1,Urea,0.001,8.5
8236,2,potato,1,P,0.001,20.62
8236,2,potato,1,K,0.001,26.49
8236,2,potato,2,Urea,0.3,12.7
8236,2,potato,3,Urea,0.5,17.9
8237,2,potato,1,Urea,0.001,8.5
8237,2,potato,1,P,0.001,20.62
8237,2,potato,1,K,0.001,26.49
8237,2,potato,2,Urea,0.3,12.7
8237,2,potato,3,Urea,0.5,17.9
8238,2,potato,1,Urea,0.001,8.5
8238,2,potato,1,P,0.001,20.62
8238,2,potato,1,K,0.001,26.49
8238,2,potato,2,Urea,0.3,12.7
8238,2,potato,3,Urea,0.5,17.9
8239,2,potato,1,Urea,0.001,8.5
8239,2,potato,1,P,0.001,20.62
8239,2,potato,1,K,0.001,26.49
8239,2,potato,2,Urea,0.3,12.7
8239,2,potato,3,Urea,0.5,17.9
8240,2,potato,1,Urea,0.001,8.5
8240,2,potato,1,P,0.001,20.62
8240,2,potato,1,K,0.001,26.49
8240,2,potato,2,Urea,0.3,12.7
8240,2,potato,3,Urea,0.5,17.9
8241,2,potato,1,Urea,0.001,8.5
8241,2,potato,1,P,0.001,20.62
8241,2,potato,1,K,0.001,26.49
8241,2,potato,2,Urea,0.3,12.7
8241,2,potato,3,Urea,0.5,17.9
8242,2,potato,1,Urea,0.001,8.5
8242,2,potato,1,P,0.001,20.62
8242,2,potato,1,K,0.001,26.49
8242,2,potato,2,Urea,0.3,12.7
8242,2,potato,3,Urea,0.5,17.9
8243,2,potato,1,Urea,0.001,8.5
8243,2,potato,1,P,0.001,20.62
8243,2,potato,1,K,0.001,26.49
8243,2,potato,2,Urea,0.3,12.7
8243,2,potato,3,Urea,0.5,17.9
8244,2,potato,1,Urea,0.001,8.5
8244,2,potato,1,P,0.001,20.62
8244,2,potato,1,K,0.001,26.49
8244,2,potato,2,Urea,0.3,12.7
8244,2,potato,3,Urea,0.5,17.9
8245,2,potato,1,Urea,0.001,8.5
8245,2,potato,1,P,0.001,20.62
8245,2,potato,1,K,0.001,26.49
8245,2,potato,2,Urea,0.3,12.7
8245,2,potato,3,Urea,0.5,17.9
8246,2,potato,1,Urea,0.001,8.5
8246,2,potato,1,P,0.001,20.62
8246,2,potato,1,K,0.001,26.49
8246,2,potato,2,Urea,0.3,12.7
8246,2,potato,3,Urea,0.5,17.9
8247,2,potato,1,Urea,0.001,8.5
8247,2,potato,1,P,0.001,20.62
8247,2,potato,1,K,0.001,26.49
8247,2,potato,2,Urea,0.3,12.7
8247,2,potato,3,Urea,0.5,17.9
8248,2,potato,1,Urea,0.001,8.5
8248,2,potato,1,P,0.001,20.62
8248,2,potato,1,K,0.001,26.49
8248,2,potato,2,Urea,0.3,12.7
8248,2,potato,3,Urea,0.5,17.9
8249,2,potato,1,Urea,0.001,8.5
8249,2,potato,1,P,0.001,20.62
8249,2,potato,1,K,0.001,26.49
8249,2,potato,2,Urea,0.3,12.7
8249,2,potato,3,Urea,0.5,17.9
8250,2,potato,1,Urea,0.001,8.5
8250,2,potato,1,P,0.001,20.62
8250,2,potato,1,K,0.001,26.49
8250,2,potato,2,Urea,0.3,12.7
8250,2,potato,3,Urea,0.5,17.9
8251,2,potato,1,Urea,0.001,8.5
8251,2,potato,1,P,0.001,20.62
8251,2,potato,1,K,0.001,26.49
8251,2,potato,2,Urea,0.3,12.7
8251,2,potato,3,Urea,0.5,17.9
8252,2,potato,1,Urea,0.001,8.5
8252,2,potato,1,P,0.001,20.62
8252,2,potato,1,K,0.001,26.49
8252,2,potato,2,Urea,0.3,12.7
8252,2,potato,3,Urea,0.5,17.9
8253,2,potato,1,Urea,0.001,8.5
8253,2,potato,1,P,0.001,20.62
8253,2,potato,1,K,0.001,26.49
8253,2,potato,2,Urea,0.3,12.7
8253,2,potato,3,Urea,0.5,17.9
8254,2,potato,1,Urea,0.001,8.5
8254,2,potato,1,P,0.001,20.62
8254,2,potato,1,K,0.001,26.49
8254,2,potato,2,Urea,0.3,12.7
8254,2,potato,3,Urea,0.5,17.9
8255,2,potato,1,Urea,0.001,8.5
8255,2,potato,1,P,0.001,20.62
8255,2,potato,1,K,0.001,26.49
8255,2,potato,2,Urea,0.3,12.7
8255,2,potato,3,Urea,0.5,17.9
8256,2,potato,1,Urea,0.001,8.5
8256,2,potato,1,P,0.001,20.62
8256,2,potato,1,K,0.001,26.49
8256,2,potato,2,Urea,0.3,12.7
8256,2,potato,3,Urea,0.5,17.9
8257,2,potato,1,Urea,0.001,8.5
8257,2,potato,1,P,0.001,20.62
8257,2,potato,1,K,0.001,26.49
8257,2,potato,2,Urea,0.3,12.7
8257,2,potato,3,Urea,0.5,17.9
8258,2,potato,1,Urea,0.001,8.5
8258,2,potato,1,P,0.001,20.62
8258,2,potato,1,K,0.001,26.49
8258,2,potato,2,Urea,0.3,12.7
8258,2,potato,3,Urea,0.5,17.9
8259,2,potato,1,Urea,0.001,8.5
8259,2,potato,1,P,0.001,20.62
8259,2,potato,1,K,0.001,26.49
8259,2,potato,2,Urea,0.3,12.7
8259,2,potato,3,Urea,0.5,17.9
8260,2,potato,1,Urea,0.001,8.5
8260,2,potato,1,P,0.001,20.62
8260,2,potato,1,K,0.001,26.49
8260,2,potato,2,Urea,0.3,12.7
8260,2,potato,3,Urea,0.5,17.9
8261,2,potato,1,Urea,0.001,8.5
8261,2,potato,1,P,0.001,20.62
8261,2,potato,1,K,0.001,26.49
8261,2,potato,2,Urea,0.3,12.7
8261,2,potato,3,Urea,0.5,17.9
8262,2,potato,1,Urea,0.001,8.5
8262,2,potato,1,P,0.001,20.62
8262,2,potato,1,K,0.001,26.49
8262,2,potato,2,Urea,0.3,12.7
8262,2,potato,3,Urea,0.5,17.9
8263,2,potato,1,Urea,0.001,8.5
8263,2,potato,1,P,0.001,20.62
8263,2,potato,1,K,0.001,26.49
8263,2,potato,2,Urea,0.3,12.7
8263,2,potato,3,Urea,0.5,17.9
8264,2,potato,1,Urea,0.001,8.5
8264,2,potato,1,P,0.001,20.62
8264,2,potato,1,K,0.001,26.49
8264,2,potato,2,Urea,0.3,12.7
8264,2,potato,3,Urea,0.5,17.9
8266,2,potato,1,Urea,0.001,8.5
8266,2,potato,1,P,0.001,20.62
8266,2,potato,1,K,0.001,26.49
8266,2,potato,2,Urea,0.3,12.7
8266,2,potato,3,Urea,0.5,17.9
8267,2,potato,1,Urea,0.001,8.5
8267,2,potato,1,P,0.001,20.62
8267,2,potato,1,K,0.001,26.49
8267,2,potato,2,Urea,0.3,12.7
8267,2,potato,3,Urea,0.5,17.9
8268,2,potato,1,Urea,0.001,8.5
8268,2,potato,1,P,0.001,20.62
8268,2,potato,1,K,0.001,26.49
8268,2,potato,2,Urea,0.3,12.7
8268,2,potato,3,Urea,0.5,17.9
8269,2,potato,1,Urea,0.001,8.5
8269,2,potato,1,P,0.001,20.62
8269,2,potato,1,K,0.001,26.49
8269,2,potato,2,Urea,0.3,12.7
8269,2,potato,3,Urea,0.5,17.9
8270,2,potato,1,Urea,0.001,8.5
8270,2,potato,1,P,0.001,20.62
8270,2,potato,1,K,0.001,26.49
8270,2,potato,2,Urea,0.3,12.7
8270,2,potato,3,Urea,0.5,17.9
8271,2,potato,1,Urea,0.001,8.5
8271,2,potato,1,P,0.001,20.62
8271,2,potato,1,K,0.001,26.49
8271,2,potato,2,Urea,0.3,12.7
8271,2,potato,3,Urea,0.5,17.9
8272,2,potato,1,Urea,0.001,8.5
8272,2,potato,1,P,0.001,20.62
8272,2,potato,1,K,0.001,26.49
8272,2,potato,2,Urea,0.3,12.7
8272,2,potato,3,Urea,0.5,17.9
8273,2,potato,1,Urea,0.001,8.5
8273,2,potato,1,P,0.001,20.62
8273,2,potato,1,K,0.001,26.49
8273,2,potato,2,Urea,0.3,12.7
8273,2,potato,3,Urea,0.5,17.9
8274,2,potato,1,Urea,0.001,8.5
8274,2,potato,1,P,0.001,20.62
8274,2,potato,1,K,0.001,26.49
8274,2,potato,2,Urea,0.3,12.7
8274,2,potato,3,Urea,0.5,17.9
8275,2,potato,1,Urea,0.001,8.5
8275,2,potato,1,P,0.001,20.62
8275,2,potato,1,K,0.001,26.49
8275,2,potato,2,Urea,0.3,12.7
8275,2,potato,3,Urea,0.5,17.9
8276,2,potato,1,Urea,0.001,8.5
8276,2,potato,1,P,0.001,20.62
8276,2,potato,1,K,0.001,26.49
8276,2,potato,2,Urea,0.3,12.7
8276,2,potato,3,Urea,0.5,17.9
8278,2,potato,1,Urea,0.001,8.5
8278,2,potato,1,P,0.001,20.62
8278,2,potato,1,K,0.001,26.49
8278,2,potato,2,Urea,0.3,12.7
8278,2,potato,3,Urea,0.5,17.9
