location,FertilizerScenario,crop,Event,vType,DVS,Amount
2,2,potato,1,Urea,0.001,8.5
2,2,potato,1,P,0.001,20.62
2,2,potato,1,K,0.001,26.49
2,2,potato,2,Urea,0.3,12.7
2,2,potato,3,Urea,0.5,17.9
3,2,potato,1,Urea,0.001,8.5
3,2,potato,1,P,0.001,20.62
3,2,potato,1,K,0.001,26.49
3,2,potato,2,Urea,0.3,12.7
3,2,potato,3,Urea,0.5,17.9
4,2,potato,1,Urea,0.001,8.5
4,2,potato,1,P,0.001,20.62
4,2,potato,1,K,0.001,26.49
4,2,potato,2,Urea,0.3,12.7
4,2,potato,3,Urea,0.5,17.9
5,2,potato,1,Urea,0.001,8.5
5,2,potato,1,P,0.001,20.62
5,2,potato,1,K,0.001,26.49
5,2,potato,2,Urea,0.3,12.7
5,2,potato,3,Urea,0.5,17.9
6,2,potato,1,Urea,0.001,8.5
6,2,potato,1,P,0.001,20.62
6,2,potato,1,K,0.001,26.49
6,2,potato,2,Urea,0.3,12.7
6,2,potato,3,Urea,0.5,17.9
7,2,potato,1,Urea,0.001,8.5
7,2,potato,1,P,0.001,20.62
7,2,potato,1,K,0.001,26.49
7,2,potato,2,Urea,0.3,12.7
7,2,potato,3,Urea,0.5,17.9
8,2,potato,1,Urea,0.001,8.5
8,2,potato,1,P,0.001,20.62
8,2,potato,1,K,0.001,26.49
8,2,potato,2,Urea,0.3,12.7
8,2,potato,3,Urea,0.5,17.9
10,2,potato,1,Urea,0.001,8.5
10,2,potato,1,P,0.001,20.62
10,2,potato,1,K,0.001,26.49
10,2,potato,2,Urea,0.3,12.7
10,2,potato,3,Urea,0.5,17.9
11,2,potato,1,Urea,0.001,8.5
11,2,potato,1,P,0.001,20.62
11,2,potato,1,K,0.001,26.49
11,2,potato,2,Urea,0.3,12.7
11,2,potato,3,Urea,0.5,17.9
14,2,potato,1,Urea,0.001,8.5
14,2,potato,1,P,0.001,20.62
14,2,potato,1,K,0.001,26.49
14,2,potato,2,Urea,0.3,12.7
14,2,potato,3,Urea,0.5,17.9
16,2,potato,1,Urea,0.001,8.5
16,2,potato,1,P,0.001,20.62
16,2,potato,1,K,0.001,26.49
16,2,potato,2,Urea,0.3,12.7
16,2,potato,3,Urea,0.5,17.9
17,2,potato,1,Urea,0.001,8.5
17,2,potato,1,P,0.001,20.62
17,2,potato,1,K,0.001,26.49
17,2,potato,2,Urea,0.3,12.7
17,2,potato,3,Urea,0.5,17.9
18,2,potato,1,Urea,0.001,8.5
18,2,potato,1,P,0.001,20.62
18,2,potato,1,K,0.001,26.49
18,2,potato,2,Urea,0.3,12.7
18,2,potato,3,Urea,0.5,17.9
19,2,potato,1,Urea,0.001,8.5
19,2,potato,1,P,0.001,20.62
19,2,potato,1,K,0.001,26.49
19,2,potato,2,Urea,0.3,12.7
19,2,potato,3,Urea,0.5,17.9
20,2,potato,1,Urea,0.001,8.5
20,2,potato,1,P,0.001,20.62
20,2,potato,1,K,0.001,26.49
20,2,potato,2,Urea,0.3,12.7
20,2,potato,3,Urea,0.5,17.9
21,2,potato,1,Urea,0.001,8.5
21,2,potato,1,P,0.001,20.62
21,2,potato,1,K,0.001,26.49
21,2,potato,2,Urea,0.3,12.7
21,2,potato,3,Urea,0.5,17.9
22,2,potato,1,Urea,0.001,8.5
22,2,potato,1,P,0.001,20.62
22,2,potato,1,K,0.001,26.49
22,2,potato,2,Urea,0.3,12.7
22,2,potato,3,Urea,0.5,17.9
23,2,potato,1,Urea,0.001,8.5
23,2,potato,1,P,0.001,20.62
23,2,potato,1,K,0.001,26.49
23,2,potato,2,Urea,0.3,12.7
23,2,potato,3,Urea,0.5,17.9
24,2,potato,1,Urea,0.001,8.5
24,2,potato,1,P,0.001,20.62
24,2,potato,1,K,0.001,26.49
24,2,potato,2,Urea,0.3,12.7
24,2,potato,3,Urea,0.5,17.9
25,2,potato,1,Urea,0.001,8.5
25,2,potato,1,P,0.001,20.62
25,2,potato,1,K,0.001,26.49
25,2,potato,2,Urea,0.3,12.7
25,2,potato,3,Urea,0.5,17.9
27,2,potato,1,Urea,0.001,8.5
27,2,potato,1,P,0.001,20.62
27,2,potato,1,K,0.001,26.49
27,2,potato,2,Urea,0.3,12.7
27,2,potato,3,Urea,0.5,17.9
28,2,potato,1,Urea,0.001,8.5
28,2,potato,1,P,0.001,20.62
28,2,potato,1,K,0.001,26.49
28,2,potato,2,Urea,0.3,12.7
28,2,potato,3,Urea,0.5,17.9
29,2,potato,1,Urea,0.001,8.5
29,2,potato,1,P,0.001,20.62
29,2,potato,1,K,0.001,26.49
29,2,potato,2,Urea,0.3,12.7
29,2,potato,3,Urea,0.5,17.9
30,2,potato,1,Urea,0.001,8.5
30,2,potato,1,P,0.001,20.62
30,2,potato,1,K,0.001,26.49
30,2,potato,2,Urea,0.3,12.7
30,2,potato,3,Urea,0.5,17.9
31,2,potato,1,Urea,0.001,8.5
31,2,potato,1,P,0.001,20.62
31,2,potato,1,K,0.001,26.49
31,2,potato,2,Urea,0.3,12.7
31,2,potato,3,Urea,0.5,17.9
32,2,potato,1,Urea,0.001,8.5
32,2,potato,1,P,0.001,20.62
32,2,potato,1,K,0.001,26.49
32,2,potato,2,Urea,0.3,12.7
32,2,potato,3,Urea,0.5,17.9
33,2,potato,1,Urea,0.001,8.5
33,2,potato,1,P,0.001,20.62
33,2,potato,1,K,0.001,26.49
33,2,potato,2,Urea,0.3,12.7
33,2,potato,3,Urea,0.5,17.9
35,2,potato,1,Urea,0.001,8.5
35,2,potato,1,P,0.001,20.62
35,2,potato,1,K,0.001,26.49
35,2,potato,2,Urea,0.3,12.7
35,2,potato,3,Urea,0.5,17.9
36,2,potato,1,Urea,0.001,8.5
36,2,potato,1,P,0.001,20.62
36,2,potato,1,K,0.001,26.49
36,2,potato,2,Urea,0.3,12.7
36,2,potato,3,Urea,0.5,17.9
37,2,potato,1,Urea,0.001,8.5
37,2,potato,1,P,0.001,20.62
37,2,potato,1,K,0.001,26.49
37,2,potato,2,Urea,0.3,12.7
37,2,potato,3,Urea,0.5,17.9
38,2,potato,1,Urea,0.001,8.5
38,2,potato,1,P,0.001,20.62
38,2,potato,1,K,0.001,26.49
38,2,potato,2,Urea,0.3,12.7
38,2,potato,3,Urea,0.5,17.9
41,2,potato,1,Urea,0.001,8.5
41,2,potato,1,P,0.001,20.62
41,2,potato,1,K,0.001,26.49
41,2,potato,2,Urea,0.3,12.7
41,2,potato,3,Urea,0.5,17.9
42,2,potato,1,Urea,0.001,8.5
42,2,potato,1,P,0.001,20.62
42,2,potato,1,K,0.001,26.49
42,2,potato,2,Urea,0.3,12.7
42,2,potato,3,Urea,0.5,17.9
43,2,potato,1,Urea,0.001,8.5
43,2,potato,1,P,0.001,20.62
43,2,potato,1,K,0.001,26.49
43,2,potato,2,Urea,0.3,12.7
43,2,potato,3,Urea,0.5,17.9
46,2,potato,1,Urea,0.001,8.5
46,2,potato,1,P,0.001,20.62
46,2,potato,1,K,0.001,26.49
46,2,potato,2,Urea,0.3,12.7
46,2,potato,3,Urea,0.5,17.9
48,2,potato,1,Urea,0.001,8.5
48,2,potato,1,P,0.001,20.62
48,2,potato,1,K,0.001,26.49
48,2,potato,2,Urea,0.3,12.7
48,2,potato,3,Urea,0.5,17.9
49,2,potato,1,Urea,0.001,8.5
49,2,potato,1,P,0.001,20.62
49,2,potato,1,K,0.001,26.49
49,2,potato,2,Urea,0.3,12.7
49,2,potato,3,Urea,0.5,17.9
50,2,potato,1,Urea,0.001,8.5
50,2,potato,1,P,0.001,20.62
50,2,potato,1,K,0.001,26.49
50,2,potato,2,Urea,0.3,12.7
50,2,potato,3,Urea,0.5,17.9
52,2,potato,1,Urea,0.001,8.5
52,2,potato,1,P,0.001,20.62
52,2,potato,1,K,0.001,26.49
52,2,potato,2,Urea,0.3,12.7
52,2,potato,3,Urea,0.5,17.9
57,2,potato,1,Urea,0.001,8.5
57,2,potato,1,P,0.001,20.62
57,2,potato,1,K,0.001,26.49
57,2,potato,2,Urea,0.3,12.7
57,2,potato,3,Urea,0.5,17.9
58,2,potato,1,Urea,0.001,8.5
58,2,potato,1,P,0.001,20.62
58,2,potato,1,K,0.001,26.49
58,2,potato,2,Urea,0.3,12.7
58,2,potato,3,Urea,0.5,17.9
59,2,potato,1,Urea,0.001,8.5
59,2,potato,1,P,0.001,20.62
59,2,potato,1,K,0.001,26.49
59,2,potato,2,Urea,0.3,12.7
59,2,potato,3,Urea,0.5,17.9
60,2,potato,1,Urea,0.001,8.5
60,2,potato,1,P,0.001,20.62
60,2,potato,1,K,0.001,26.49
60,2,potato,2,Urea,0.3,12.7
60,2,potato,3,Urea,0.5,17.9
62,2,potato,1,Urea,0.001,8.5
62,2,potato,1,P,0.001,20.62
62,2,potato,1,K,0.001,26.49
62,2,potato,2,Urea,0.3,12.7
62,2,potato,3,Urea,0.5,17.9
63,2,potato,1,Urea,0.001,8.5
63,2,potato,1,P,0.001,20.62
63,2,potato,1,K,0.001,26.49
63,2,potato,2,Urea,0.3,12.7
63,2,potato,3,Urea,0.5,17.9
64,2,potato,1,Urea,0.001,8.5
64,2,potato,1,P,0.001,20.62
64,2,potato,1,K,0.001,26.49
64,2,potato,2,Urea,0.3,12.7
64,2,potato,3,Urea,0.5,17.9
65,2,potato,1,Urea,0.001,8.5
65,2,potato,1,P,0.001,20.62
65,2,potato,1,K,0.001,26.49
65,2,potato,2,Urea,0.3,12.7
65,2,potato,3,Urea,0.5,17.9
66,2,potato,1,Urea,0.001,8.5
66,2,potato,1,P,0.001,20.62
66,2,potato,1,K,0.001,26.49
66,2,potato,2,Urea,0.3,12.7
66,2,potato,3,Urea,0.5,17.9
67,2,potato,1,Urea,0.001,8.5
67,2,potato,1,P,0.001,20.62
67,2,potato,1,K,0.001,26.49
67,2,potato,2,Urea,0.3,12.7
67,2,potato,3,Urea,0.5,17.9
68,2,potato,1,Urea,0.001,8.5
68,2,potato,1,P,0.001,20.62
68,2,potato,1,K,0.001,26.49
68,2,potato,2,Urea,0.3,12.7
68,2,potato,3,Urea,0.5,17.9
71,2,potato,1,Urea,0.001,8.5
71,2,potato,1,P,0.001,20.62
71,2,potato,1,K,0.001,26.49
71,2,potato,2,Urea,0.3,12.7
71,2,potato,3,Urea,0.5,17.9
73,2,potato,1,Urea,0.001,8.5
73,2,potato,1,P,0.001,20.62
73,2,potato,1,K,0.001,26.49
73,2,potato,2,Urea,0.3,12.7
73,2,potato,3,Urea,0.5,17.9
74,2,potato,1,Urea,0.001,8.5
74,2,potato,1,P,0.001,20.62
74,2,potato,1,K,0.001,26.49
74,2,potato,2,Urea,0.3,12.7
74,2,potato,3,Urea,0.5,17.9
75,2,potato,1,Urea,0.001,8.5
75,2,potato,1,P,0.001,20.62
75,2,potato,1,K,0.001,26.49
75,2,potato,2,Urea,0.3,12.7
75,2,potato,3,Urea,0.5,17.9
76,2,potato,1,Urea,0.001,8.5
76,2,potato,1,P,0.001,20.62
76,2,potato,1,K,0.001,26.49
76,2,potato,2,Urea,0.3,12.7
76,2,potato,3,Urea,0.5,17.9
77,2,potato,1,Urea,0.001,8.5
77,2,potato,1,P,0.001,20.62
77,2,potato,1,K,0.001,26.49
77,2,potato,2,Urea,0.3,12.7
77,2,potato,3,Urea,0.5,17.9
78,2,potato,1,Urea,0.001,8.5
78,2,potato,1,P,0.001,20.62
78,2,potato,1,K,0.001,26.49
78,2,potato,2,Urea,0.3,12.7
78,2,potato,3,Urea,0.5,17.9
80,2,potato,1,Urea,0.001,8.5
80,2,potato,1,P,0.001,20.62
80,2,potato,1,K,0.001,26.49
80,2,potato,2,Urea,0.3,12.7
80,2,potato,3,Urea,0.5,17.9
81,2,potato,1,Urea,0.001,8.5
81,2,potato,1,P,0.001,20.62
81,2,potato,1,K,0.001,26.49
81,2,potato,2,Urea,0.3,12.7
81,2,potato,3,Urea,0.5,17.9
82,2,potato,1,Urea,0.001,8.5
82,2,potato,1,P,0.001,20.62
82,2,potato,1,K,0.001,26.49
82,2,potato,2,Urea,0.3,12.7
82,2,potato,3,Urea,0.5,17.9
83,2,potato,1,Urea,0.001,8.5
83,2,potato,1,P,0.001,20.62
83,2,potato,1,K,0.001,26.49
83,2,potato,2,Urea,0.3,12.7
83,2,potato,3,Urea,0.5,17.9
84,2,potato,1,Urea,0.001,8.5
84,2,potato,1,P,0.001,20.62
84,2,potato,1,K,0.001,26.49
84,2,potato,2,Urea,0.3,12.7
84,2,potato,3,Urea,0.5,17.9
85,2,potato,1,Urea,0.001,8.5
85,2,potato,1,P,0.001,20.62
85,2,potato,1,K,0.001,26.49
85,2,potato,2,Urea,0.3,12.7
85,2,potato,3,Urea,0.5,17.9
86,2,potato,1,Urea,0.001,8.5
86,2,potato,1,P,0.001,20.62
86,2,potato,1,K,0.001,26.49
86,2,potato,2,Urea,0.3,12.7
86,2,potato,3,Urea,0.5,17.9
87,2,potato,1,Urea,0.001,8.5
87,2,potato,1,P,0.001,20.62
87,2,potato,1,K,0.001,26.49
87,2,potato,2,Urea,0.3,12.7
87,2,potato,3,Urea,0.5,17.9
88,2,potato,1,Urea,0.001,8.5
88,2,potato,1,P,0.001,20.62
88,2,potato,1,K,0.001,26.49
88,2,potato,2,Urea,0.3,12.7
88,2,potato,3,Urea,0.5,17.9
89,2,potato,1,Urea,0.001,8.5
89,2,potato,1,P,0.001,20.62
89,2,potato,1,K,0.001,26.49
89,2,potato,2,Urea,0.3,12.7
89,2,potato,3,Urea,0.5,17.9
91,2,potato,1,Urea,0.001,8.5
91,2,potato,1,P,0.001,20.62
91,2,potato,1,K,0.001,26.49
91,2,potato,2,Urea,0.3,12.7
91,2,potato,3,Urea,0.5,17.9
92,2,potato,1,Urea,0.001,8.5
92,2,potato,1,P,0.001,20.62
92,2,potato,1,K,0.001,26.49
92,2,potato,2,Urea,0.3,12.7
92,2,potato,3,Urea,0.5,17.9
93,2,potato,1,Urea,0.001,8.5
93,2,potato,1,P,0.001,20.62
93,2,potato,1,K,0.001,26.49
93,2,potato,2,Urea,0.3,12.7
93,2,potato,3,Urea,0.5,17.9
95,2,potato,1,Urea,0.001,8.5
95,2,potato,1,P,0.001,20.62
95,2,potato,1,K,0.001,26.49
95,2,potato,2,Urea,0.3,12.7
95,2,potato,3,Urea,0.5,17.9
96,2,potato,1,Urea,0.001,8.5
96,2,potato,1,P,0.001,20.62
96,2,potato,1,K,0.001,26.49
96,2,potato,2,Urea,0.3,12.7
96,2,potato,3,Urea,0.5,17.9
98,2,potato,1,Urea,0.001,8.5
98,2,potato,1,P,0.001,20.62
98,2,potato,1,K,0.001,26.49
98,2,potato,2,Urea,0.3,12.7
98,2,potato,3,Urea,0.5,17.9
100,2,potato,1,Urea,0.001,8.5
100,2,potato,1,P,0.001,20.62
100,2,potato,1,K,0.001,26.49
100,2,potato,2,Urea,0.3,12.7
100,2,potato,3,Urea,0.5,17.9
101,2,potato,1,Urea,0.001,8.5
101,2,potato,1,P,0.001,20.62
101,2,potato,1,K,0.001,26.49
101,2,potato,2,Urea,0.3,12.7
101,2,potato,3,Urea,0.5,17.9
102,2,potato,1,Urea,0.001,8.5
102,2,potato,1,P,0.001,20.62
102,2,potato,1,K,0.001,26.49
102,2,potato,2,Urea,0.3,12.7
102,2,potato,3,Urea,0.5,17.9
104,2,potato,1,Urea,0.001,8.5
104,2,potato,1,P,0.001,20.62
104,2,potato,1,K,0.001,26.49
104,2,potato,2,Urea,0.3,12.7
104,2,potato,3,Urea,0.5,17.9
106,2,potato,1,Urea,0.001,8.5
106,2,potato,1,P,0.001,20.62
106,2,potato,1,K,0.001,26.49
106,2,potato,2,Urea,0.3,12.7
106,2,potato,3,Urea,0.5,17.9
107,2,potato,1,Urea,0.001,8.5
107,2,potato,1,P,0.001,20.62
107,2,potato,1,K,0.001,26.49
107,2,potato,2,Urea,0.3,12.7
107,2,potato,3,Urea,0.5,17.9
112,2,potato,1,Urea,0.001,8.5
112,2,potato,1,P,0.001,20.62
112,2,potato,1,K,0.001,26.49
112,2,potato,2,Urea,0.3,12.7
112,2,potato,3,Urea,0.5,17.9
113,2,potato,1,Urea,0.001,8.5
113,2,potato,1,P,0.001,20.62
113,2,potato,1,K,0.001,26.49
113,2,potato,2,Urea,0.3,12.7
113,2,potato,3,Urea,0.5,17.9
114,2,potato,1,Urea,0.001,8.5
114,2,potato,1,P,0.001,20.62
114,2,potato,1,K,0.001,26.49
114,2,potato,2,Urea,0.3,12.7
114,2,potato,3,Urea,0.5,17.9
116,2,potato,1,Urea,0.001,8.5
116,2,potato,1,P,0.001,20.62
116,2,potato,1,K,0.001,26.49
116,2,potato,2,Urea,0.3,12.7
116,2,potato,3,Urea,0.5,17.9
119,2,potato,1,Urea,0.001,8.5
119,2,potato,1,P,0.001,20.62
119,2,potato,1,K,0.001,26.49
119,2,potato,2,Urea,0.3,12.7
119,2,potato,3,Urea,0.5,17.9
120,2,potato,1,Urea,0.001,8.5
120,2,potato,1,P,0.001,20.62
120,2,potato,1,K,0.001,26.49
120,2,potato,2,Urea,0.3,12.7
120,2,potato,3,Urea,0.5,17.9
121,2,potato,1,Urea,0.001,8.5
121,2,potato,1,P,0.001,20.62
121,2,potato,1,K,0.001,26.49
121,2,potato,2,Urea,0.3,12.7
121,2,potato,3,Urea,0.5,17.9
123,2,potato,1,Urea,0.001,8.5
123,2,potato,1,P,0.001,20.62
123,2,potato,1,K,0.001,26.49
123,2,potato,2,Urea,0.3,12.7
123,2,potato,3,Urea,0.5,17.9
124,2,potato,1,Urea,0.001,8.5
124,2,potato,1,P,0.001,20.62
124,2,potato,1,K,0.001,26.49
124,2,potato,2,Urea,0.3,12.7
124,2,potato,3,Urea,0.5,17.9
125,2,potato,1,Urea,0.001,8.5
125,2,potato,1,P,0.001,20.62
125,2,potato,1,K,0.001,26.49
125,2,potato,2,Urea,0.3,12.7
125,2,potato,3,Urea,0.5,17.9
126,2,potato,1,Urea,0.001,8.5
126,2,potato,1,P,0.001,20.62
126,2,potato,1,K,0.001,26.49
126,2,potato,2,Urea,0.3,12.7
126,2,potato,3,Urea,0.5,17.9
127,2,potato,1,Urea,0.001,8.5
127,2,potato,1,P,0.001,20.62
127,2,potato,1,K,0.001,26.49
127,2,potato,2,Urea,0.3,12.7
127,2,potato,3,Urea,0.5,17.9
128,2,potato,1,Urea,0.001,8.5
128,2,potato,1,P,0.001,20.62
128,2,potato,1,K,0.001,26.49
128,2,potato,2,Urea,0.3,12.7
128,2,potato,3,Urea,0.5,17.9
129,2,potato,1,Urea,0.001,8.5
129,2,potato,1,P,0.001,20.62
129,2,potato,1,K,0.001,26.49
129,2,potato,2,Urea,0.3,12.7
129,2,potato,3,Urea,0.5,17.9
131,2,potato,1,Urea,0.001,8.5
131,2,potato,1,P,0.001,20.62
131,2,potato,1,K,0.001,26.49
131,2,potato,2,Urea,0.3,12.7
131,2,potato,3,Urea,0.5,17.9
132,2,potato,1,Urea,0.001,8.5
132,2,potato,1,P,0.001,20.62
132,2,potato,1,K,0.001,26.49
132,2,potato,2,Urea,0.3,12.7
132,2,potato,3,Urea,0.5,17.9
134,2,potato,1,Urea,0.001,8.5
134,2,potato,1,P,0.001,20.62
134,2,potato,1,K,0.001,26.49
134,2,potato,2,Urea,0.3,12.7
134,2,potato,3,Urea,0.5,17.9
136,2,potato,1,Urea,0.001,8.5
136,2,potato,1,P,0.001,20.62
136,2,potato,1,K,0.001,26.49
136,2,potato,2,Urea,0.3,12.7
136,2,potato,3,Urea,0.5,17.9
137,2,potato,1,Urea,0.001,8.5
137,2,potato,1,P,0.001,20.62
137,2,potato,1,K,0.001,26.49
137,2,potato,2,Urea,0.3,12.7
137,2,potato,3,Urea,0.5,17.9
138,2,potato,1,Urea,0.001,8.5
138,2,potato,1,P,0.001,20.62
138,2,potato,1,K,0.001,26.49
138,2,potato,2,Urea,0.3,12.7
138,2,potato,3,Urea,0.5,17.9
140,2,potato,1,Urea,0.001,8.5
140,2,potato,1,P,0.001,20.62
140,2,potato,1,K,0.001,26.49
140,2,potato,2,Urea,0.3,12.7
140,2,potato,3,Urea,0.5,17.9
141,2,potato,1,Urea,0.001,8.5
141,2,potato,1,P,0.001,20.62
141,2,potato,1,K,0.001,26.49
141,2,potato,2,Urea,0.3,12.7
141,2,potato,3,Urea,0.5,17.9
144,2,potato,1,Urea,0.001,8.5
144,2,potato,1,P,0.001,20.62
144,2,potato,1,K,0.001,26.49
144,2,potato,2,Urea,0.3,12.7
144,2,potato,3,Urea,0.5,17.9
145,2,potato,1,Urea,0.001,8.5
145,2,potato,1,P,0.001,20.62
145,2,potato,1,K,0.001,26.49
145,2,potato,2,Urea,0.3,12.7
145,2,potato,3,Urea,0.5,17.9
146,2,potato,1,Urea,0.001,8.5
146,2,potato,1,P,0.001,20.62
146,2,potato,1,K,0.001,26.49
146,2,potato,2,Urea,0.3,12.7
146,2,potato,3,Urea,0.5,17.9
147,2,potato,1,Urea,0.001,8.5
147,2,potato,1,P,0.001,20.62
147,2,potato,1,K,0.001,26.49
147,2,potato,2,Urea,0.3,12.7
147,2,potato,3,Urea,0.5,17.9
148,2,potato,1,Urea,0.001,8.5
148,2,potato,1,P,0.001,20.62
148,2,potato,1,K,0.001,26.49
148,2,potato,2,Urea,0.3,12.7
148,2,potato,3,Urea,0.5,17.9
149,2,potato,1,Urea,0.001,8.5
149,2,potato,1,P,0.001,20.62
149,2,potato,1,K,0.001,26.49
149,2,potato,2,Urea,0.3,12.7
149,2,potato,3,Urea,0.5,17.9
150,2,potato,1,Urea,0.001,8.5
150,2,potato,1,P,0.001,20.62
150,2,potato,1,K,0.001,26.49
150,2,potato,2,Urea,0.3,12.7
150,2,potato,3,Urea,0.5,17.9
151,2,potato,1,Urea,0.001,8.5
151,2,potato,1,P,0.001,20.62
151,2,potato,1,K,0.001,26.49
151,2,potato,2,Urea,0.3,12.7
151,2,potato,3,Urea,0.5,17.9
152,2,potato,1,Urea,0.001,8.5
152,2,potato,1,P,0.001,20.62
152,2,potato,1,K,0.001,26.49
152,2,potato,2,Urea,0.3,12.7
152,2,potato,3,Urea,0.5,17.9
153,2,potato,1,Urea,0.001,8.5
153,2,potato,1,P,0.001,20.62
153,2,potato,1,K,0.001,26.49
153,2,potato,2,Urea,0.3,12.7
153,2,potato,3,Urea,0.5,17.9
155,2,potato,1,Urea,0.001,8.5
155,2,potato,1,P,0.001,20.62
155,2,potato,1,K,0.001,26.49
155,2,potato,2,Urea,0.3,12.7
155,2,potato,3,Urea,0.5,17.9
156,2,potato,1,Urea,0.001,8.5
156,2,potato,1,P,0.001,20.62
156,2,potato,1,K,0.001,26.49
156,2,potato,2,Urea,0.3,12.7
156,2,potato,3,Urea,0.5,17.9
158,2,potato,1,Urea,0.001,8.5
158,2,potato,1,P,0.001,20.62
158,2,potato,1,K,0.001,26.49
158,2,potato,2,Urea,0.3,12.7
158,2,potato,3,Urea,0.5,17.9
160,2,potato,1,Urea,0.001,8.5
160,2,potato,1,P,0.001,20.62
160,2,potato,1,K,0.001,26.49
160,2,potato,2,Urea,0.3,12.7
160,2,potato,3,Urea,0.5,17.9
161,2,potato,1,Urea,0.001,8.5
161,2,potato,1,P,0.001,20.62
161,2,potato,1,K,0.001,26.49
161,2,potato,2,Urea,0.3,12.7
161,2,potato,3,Urea,0.5,17.9
162,2,potato,1,Urea,0.001,8.5
162,2,potato,1,P,0.001,20.62
162,2,potato,1,K,0.001,26.49
162,2,potato,2,Urea,0.3,12.7
162,2,potato,3,Urea,0.5,17.9
166,2,potato,1,Urea,0.001,8.5
166,2,potato,1,P,0.001,20.62
166,2,potato,1,K,0.001,26.49
166,2,potato,2,Urea,0.3,12.7
166,2,potato,3,Urea,0.5,17.9
167,2,potato,1,Urea,0.001,8.5
167,2,potato,1,P,0.001,20.62
167,2,potato,1,K,0.001,26.49
167,2,potato,2,Urea,0.3,12.7
167,2,potato,3,Urea,0.5,17.9
170,2,potato,1,Urea,0.001,8.5
170,2,potato,1,P,0.001,20.62
170,2,potato,1,K,0.001,26.49
170,2,potato,2,Urea,0.3,12.7
170,2,potato,3,Urea,0.5,17.9
171,2,potato,1,Urea,0.001,8.5
171,2,potato,1,P,0.001,20.62
171,2,potato,1,K,0.001,26.49
171,2,potato,2,Urea,0.3,12.7
171,2,potato,3,Urea,0.5,17.9
172,2,potato,1,Urea,0.001,8.5
172,2,potato,1,P,0.001,20.62
172,2,potato,1,K,0.001,26.49
172,2,potato,2,Urea,0.3,12.7
172,2,potato,3,Urea,0.5,17.9
175,2,potato,1,Urea,0.001,8.5
175,2,potato,1,P,0.001,20.62
175,2,potato,1,K,0.001,26.49
175,2,potato,2,Urea,0.3,12.7
175,2,potato,3,Urea,0.5,17.9
176,2,potato,1,Urea,0.001,8.5
176,2,potato,1,P,0.001,20.62
176,2,potato,1,K,0.001,26.49
176,2,potato,2,Urea,0.3,12.7
176,2,potato,3,Urea,0.5,17.9
177,2,potato,1,Urea,0.001,8.5
177,2,potato,1,P,0.001,20.62
177,2,potato,1,K,0.001,26.49
177,2,potato,2,Urea,0.3,12.7
177,2,potato,3,Urea,0.5,17.9
179,2,potato,1,Urea,0.001,8.5
179,2,potato,1,P,0.001,20.62
179,2,potato,1,K,0.001,26.49
179,2,potato,2,Urea,0.3,12.7
179,2,potato,3,Urea,0.5,17.9
181,2,potato,1,Urea,0.001,8.5
181,2,potato,1,P,0.001,20.62
181,2,potato,1,K,0.001,26.49
181,2,potato,2,Urea,0.3,12.7
181,2,potato,3,Urea,0.5,17.9
182,2,potato,1,Urea,0.001,8.5
182,2,potato,1,P,0.001,20.62
182,2,potato,1,K,0.001,26.49
182,2,potato,2,Urea,0.3,12.7
182,2,potato,3,Urea,0.5,17.9
183,2,potato,1,Urea,0.001,8.5
183,2,potato,1,P,0.001,20.62
183,2,potato,1,K,0.001,26.49
183,2,potato,2,Urea,0.3,12.7
183,2,potato,3,Urea,0.5,17.9
185,2,potato,1,Urea,0.001,8.5
185,2,potato,1,P,0.001,20.62
185,2,potato,1,K,0.001,26.49
185,2,potato,2,Urea,0.3,12.7
185,2,potato,3,Urea,0.5,17.9
186,2,potato,1,Urea,0.001,8.5
186,2,potato,1,P,0.001,20.62
186,2,potato,1,K,0.001,26.49
186,2,potato,2,Urea,0.3,12.7
186,2,potato,3,Urea,0.5,17.9
187,2,potato,1,Urea,0.001,8.5
187,2,potato,1,P,0.001,20.62
187,2,potato,1,K,0.001,26.49
187,2,potato,2,Urea,0.3,12.7
187,2,potato,3,Urea,0.5,17.9
188,2,potato,1,Urea,0.001,8.5
188,2,potato,1,P,0.001,20.62
188,2,potato,1,K,0.001,26.49
188,2,potato,2,Urea,0.3,12.7
188,2,potato,3,Urea,0.5,17.9
190,2,potato,1,Urea,0.001,8.5
190,2,potato,1,P,0.001,20.62
190,2,potato,1,K,0.001,26.49
190,2,potato,2,Urea,0.3,12.7
190,2,potato,3,Urea,0.5,17.9
191,2,potato,1,Urea,0.001,8.5
191,2,potato,1,P,0.001,20.62
191,2,potato,1,K,0.001,26.49
191,2,potato,2,Urea,0.3,12.7
191,2,potato,3,Urea,0.5,17.9
192,2,potato,1,Urea,0.001,8.5
192,2,potato,1,P,0.001,20.62
192,2,potato,1,K,0.001,26.49
192,2,potato,2,Urea,0.3,12.7
192,2,potato,3,Urea,0.5,17.9
193,2,potato,1,Urea,0.001,8.5
193,2,potato,1,P,0.001,20.62
193,2,potato,1,K,0.001,26.49
193,2,potato,2,Urea,0.3,12.7
193,2,potato,3,Urea,0.5,17.9
194,2,potato,1,Urea,0.001,8.5
194,2,potato,1,P,0.001,20.62
194,2,potato,1,K,0.001,26.49
194,2,potato,2,Urea,0.3,12.7
194,2,potato,3,Urea,0.5,17.9
195,2,potato,1,Urea,0.001,8.5
195,2,potato,1,P,0.001,20.62
195,2,potato,1,K,0.001,26.49
195,2,potato,2,Urea,0.3,12.7
195,2,potato,3,Urea,0.5,17.9
197,2,potato,1,Urea,0.001,8.5
197,2,potato,1,P,0.001,20.62
197,2,potato,1,K,0.001,26.49
197,2,potato,2,Urea,0.3,12.7
197,2,potato,3,Urea,0.5,17.9
198,2,potato,1,Urea,0.001,8.5
198,2,potato,1,P,0.001,20.62
198,2,potato,1,K,0.001,26.49
198,2,potato,2,Urea,0.3,12.7
198,2,potato,3,Urea,0.5,17.9
200,2,potato,1,Urea,0.001,8.5
200,2,potato,1,P,0.001,20.62
200,2,potato,1,K,0.001,26.49
200,2,potato,2,Urea,0.3,12.7
200,2,potato,3,Urea,0.5,17.9
201,2,potato,1,Urea,0.001,8.5
201,2,potato,1,P,0.001,20.62
201,2,potato,1,K,0.001,26.49
201,2,potato,2,Urea,0.3,12.7
201,2,potato,3,Urea,0.5,17.9
202,2,potato,1,Urea,0.001,8.5
202,2,potato,1,P,0.001,20.62
202,2,potato,1,K,0.001,26.49
202,2,potato,2,Urea,0.3,12.7
202,2,potato,3,Urea,0.5,17.9
203,2,potato,1,Urea,0.001,8.5
203,2,potato,1,P,0.001,20.62
203,2,potato,1,K,0.001,26.49
203,2,potato,2,Urea,0.3,12.7
203,2,potato,3,Urea,0.5,17.9
205,2,potato,1,Urea,0.001,8.5
205,2,potato,1,P,0.001,20.62
205,2,potato,1,K,0.001,26.49
205,2,potato,2,Urea,0.3,12.7
205,2,potato,3,Urea,0.5,17.9
206,2,potato,1,Urea,0.001,8.5
206,2,potato,1,P,0.001,20.62
206,2,potato,1,K,0.001,26.49
206,2,potato,2,Urea,0.3,12.7
206,2,potato,3,Urea,0.5,17.9
207,2,potato,1,Urea,0.001,8.5
207,2,potato,1,P,0.001,20.62
207,2,potato,1,K,0.001,26.49
207,2,potato,2,Urea,0.3,12.7
207,2,potato,3,Urea,0.5,17.9
208,2,potato,1,Urea,0.001,8.5
208,2,potato,1,P,0.001,20.62
208,2,potato,1,K,0.001,26.49
208,2,potato,2,Urea,0.3,12.7
208,2,potato,3,Urea,0.5,17.9
210,2,potato,1,Urea,0.001,8.5
210,2,potato,1,P,0.001,20.62
210,2,potato,1,K,0.001,26.49
210,2,potato,2,Urea,0.3,12.7
210,2,potato,3,Urea,0.5,17.9
211,2,potato,1,Urea,0.001,8.5
211,2,potato,1,P,0.001,20.62
211,2,potato,1,K,0.001,26.49
211,2,potato,2,Urea,0.3,12.7
211,2,potato,3,Urea,0.5,17.9
212,2,potato,1,Urea,0.001,8.5
212,2,potato,1,P,0.001,20.62
212,2,potato,1,K,0.001,26.49
212,2,potato,2,Urea,0.3,12.7
212,2,potato,3,Urea,0.5,17.9
213,2,potato,1,Urea,0.001,8.5
213,2,potato,1,P,0.001,20.62
213,2,potato,1,K,0.001,26.49
213,2,potato,2,Urea,0.3,12.7
213,2,potato,3,Urea,0.5,17.9
214,2,potato,1,Urea,0.001,8.5
214,2,potato,1,P,0.001,20.62
214,2,potato,1,K,0.001,26.49
214,2,potato,2,Urea,0.3,12.7
214,2,potato,3,Urea,0.5,17.9
215,2,potato,1,Urea,0.001,8.5
215,2,potato,1,P,0.001,20.62
215,2,potato,1,K,0.001,26.49
215,2,potato,2,Urea,0.3,12.7
215,2,potato,3,Urea,0.5,17.9
219,2,potato,1,Urea,0.001,8.5
219,2,potato,1,P,0.001,20.62
219,2,potato,1,K,0.001,26.49
219,2,potato,2,Urea,0.3,12.7
219,2,potato,3,Urea,0.5,17.9
220,2,potato,1,Urea,0.001,8.5
220,2,potato,1,P,0.001,20.62
220,2,potato,1,K,0.001,26.49
220,2,potato,2,Urea,0.3,12.7
220,2,potato,3,Urea,0.5,17.9
221,2,potato,1,Urea,0.001,8.5
221,2,potato,1,P,0.001,20.62
221,2,potato,1,K,0.001,26.49
221,2,potato,2,Urea,0.3,12.7
221,2,potato,3,Urea,0.5,17.9
222,2,potato,1,Urea,0.001,8.5
222,2,potato,1,P,0.001,20.62
222,2,potato,1,K,0.001,26.49
222,2,potato,2,Urea,0.3,12.7
222,2,potato,3,Urea,0.5,17.9
225,2,potato,1,Urea,0.001,8.5
225,2,potato,1,P,0.001,20.62
225,2,potato,1,K,0.001,26.49
225,2,potato,2,Urea,0.3,12.7
225,2,potato,3,Urea,0.5,17.9
229,2,potato,1,Urea,0.001,8.5
229,2,potato,1,P,0.001,20.62
229,2,potato,1,K,0.001,26.49
229,2,potato,2,Urea,0.3,12.7
229,2,potato,3,Urea,0.5,17.9
230,2,potato,1,Urea,0.001,8.5
230,2,potato,1,P,0.001,20.62
230,2,potato,1,K,0.001,26.49
230,2,potato,2,Urea,0.3,12.7
230,2,potato,3,Urea,0.5,17.9
232,2,potato,1,Urea,0.001,8.5
232,2,potato,1,P,0.001,20.62
232,2,potato,1,K,0.001,26.49
232,2,potato,2,Urea,0.3,12.7
232,2,potato,3,Urea,0.5,17.9
233,2,potato,1,Urea,0.001,8.5
233,2,potato,1,P,0.001,20.62
233,2,potato,1,K,0.001,26.49
233,2,potato,2,Urea,0.3,12.7
233,2,potato,3,Urea,0.5,17.9
234,2,potato,1,Urea,0.001,8.5
234,2,potato,1,P,0.001,20.62
234,2,potato,1,K,0.001,26.49
234,2,potato,2,Urea,0.3,12.7
234,2,potato,3,Urea,0.5,17.9
236,2,potato,1,Urea,0.001,8.5
236,2,potato,1,P,0.001,20.62
236,2,potato,1,K,0.001,26.49
236,2,potato,2,Urea,0.3,12.7
236,2,potato,3,Urea,0.5,17.9
237,2,potato,1,Urea,0.001,8.5
237,2,potato,1,P,0.001,20.62
237,2,potato,1,K,0.001,26.49
237,2,potato,2,Urea,0.3,12.7
237,2,potato,3,Urea,0.5,17.9
238,2,potato,1,Urea,0.001,8.5
238,2,potato,1,P,0.001,20.62
238,2,potato,1,K,0.001,26.49
238,2,potato,2,Urea,0.3,12.7
238,2,potato,3,Urea,0.5,17.9
240,2,potato,1,Urea,0.001,8.5
240,2,potato,1,P,0.001,20.62
240,2,potato,1,K,0.001,26.49
240,2,potato,2,Urea,0.3,12.7
240,2,potato,3,Urea,0.5,17.9
241,2,potato,1,Urea,0.001,8.5
241,2,potato,1,P,0.001,20.62
241,2,potato,1,K,0.001,26.49
241,2,potato,2,Urea,0.3,12.7
241,2,potato,3,Urea,0.5,17.9
242,2,potato,1,Urea,0.001,8.5
242,2,potato,1,P,0.001,20.62
242,2,potato,1,K,0.001,26.49
242,2,potato,2,Urea,0.3,12.7
242,2,potato,3,Urea,0.5,17.9
243,2,potato,1,Urea,0.001,8.5
243,2,potato,1,P,0.001,20.62
243,2,potato,1,K,0.001,26.49
243,2,potato,2,Urea,0.3,12.7
243,2,potato,3,Urea,0.5,17.9
244,2,potato,1,Urea,0.001,8.5
244,2,potato,1,P,0.001,20.62
244,2,potato,1,K,0.001,26.49
244,2,potato,2,Urea,0.3,12.7
244,2,potato,3,Urea,0.5,17.9
245,2,potato,1,Urea,0.001,8.5
245,2,potato,1,P,0.001,20.62
245,2,potato,1,K,0.001,26.49
245,2,potato,2,Urea,0.3,12.7
245,2,potato,3,Urea,0.5,17.9
246,2,potato,1,Urea,0.001,8.5
246,2,potato,1,P,0.001,20.62
246,2,potato,1,K,0.001,26.49
246,2,potato,2,Urea,0.3,12.7
246,2,potato,3,Urea,0.5,17.9
247,2,potato,1,Urea,0.001,8.5
247,2,potato,1,P,0.001,20.62
247,2,potato,1,K,0.001,26.49
247,2,potato,2,Urea,0.3,12.7
247,2,potato,3,Urea,0.5,17.9
249,2,potato,1,Urea,0.001,8.5
249,2,potato,1,P,0.001,20.62
249,2,potato,1,K,0.001,26.49
249,2,potato,2,Urea,0.3,12.7
249,2,potato,3,Urea,0.5,17.9
250,2,potato,1,Urea,0.001,8.5
250,2,potato,1,P,0.001,20.62
250,2,potato,1,K,0.001,26.49
250,2,potato,2,Urea,0.3,12.7
250,2,potato,3,Urea,0.5,17.9
251,2,potato,1,Urea,0.001,8.5
251,2,potato,1,P,0.001,20.62
251,2,potato,1,K,0.001,26.49
251,2,potato,2,Urea,0.3,12.7
251,2,potato,3,Urea,0.5,17.9
252,2,potato,1,Urea,0.001,8.5
252,2,potato,1,P,0.001,20.62
252,2,potato,1,K,0.001,26.49
252,2,potato,2,Urea,0.3,12.7
252,2,potato,3,Urea,0.5,17.9
253,2,potato,1,Urea,0.001,8.5
253,2,potato,1,P,0.001,20.62
253,2,potato,1,K,0.001,26.49
253,2,potato,2,Urea,0.3,12.7
253,2,potato,3,Urea,0.5,17.9
254,2,potato,1,Urea,0.001,8.5
254,2,potato,1,P,0.001,20.62
254,2,potato,1,K,0.001,26.49
254,2,potato,2,Urea,0.3,12.7
254,2,potato,3,Urea,0.5,17.9
255,2,potato,1,Urea,0.001,8.5
255,2,potato,1,P,0.001,20.62
255,2,potato,1,K,0.001,26.49
255,2,potato,2,Urea,0.3,12.7
255,2,potato,3,Urea,0.5,17.9
257,2,potato,1,Urea,0.001,8.5
257,2,potato,1,P,0.001,20.62
257,2,potato,1,K,0.001,26.49
257,2,potato,2,Urea,0.3,12.7
257,2,potato,3,Urea,0.5,17.9
258,2,potato,1,Urea,0.001,8.5
258,2,potato,1,P,0.001,20.62
258,2,potato,1,K,0.001,26.49
258,2,potato,2,Urea,0.3,12.7
258,2,potato,3,Urea,0.5,17.9
259,2,potato,1,Urea,0.001,8.5
259,2,potato,1,P,0.001,20.62
259,2,potato,1,K,0.001,26.49
259,2,potato,2,Urea,0.3,12.7
259,2,potato,3,Urea,0.5,17.9
260,2,potato,1,Urea,0.001,8.5
260,2,potato,1,P,0.001,20.62
260,2,potato,1,K,0.001,26.49
260,2,potato,2,Urea,0.3,12.7
260,2,potato,3,Urea,0.5,17.9
261,2,potato,1,Urea,0.001,8.5
261,2,potato,1,P,0.001,20.62
261,2,potato,1,K,0.001,26.49
261,2,potato,2,Urea,0.3,12.7
261,2,potato,3,Urea,0.5,17.9
262,2,potato,1,Urea,0.001,8.5
262,2,potato,1,P,0.001,20.62
262,2,potato,1,K,0.001,26.49
262,2,potato,2,Urea,0.3,12.7
262,2,potato,3,Urea,0.5,17.9
263,2,potato,1,Urea,0.001,8.5
263,2,potato,1,P,0.001,20.62
263,2,potato,1,K,0.001,26.49
263,2,potato,2,Urea,0.3,12.7
263,2,potato,3,Urea,0.5,17.9
264,2,potato,1,Urea,0.001,8.5
264,2,potato,1,P,0.001,20.62
264,2,potato,1,K,0.001,26.49
264,2,potato,2,Urea,0.3,12.7
264,2,potato,3,Urea,0.5,17.9
265,2,potato,1,Urea,0.001,8.5
265,2,potato,1,P,0.001,20.62
265,2,potato,1,K,0.001,26.49
265,2,potato,2,Urea,0.3,12.7
265,2,potato,3,Urea,0.5,17.9
266,2,potato,1,Urea,0.001,8.5
266,2,potato,1,P,0.001,20.62
266,2,potato,1,K,0.001,26.49
266,2,potato,2,Urea,0.3,12.7
266,2,potato,3,Urea,0.5,17.9
269,2,potato,1,Urea,0.001,8.5
269,2,potato,1,P,0.001,20.62
269,2,potato,1,K,0.001,26.49
269,2,potato,2,Urea,0.3,12.7
269,2,potato,3,Urea,0.5,17.9
270,2,potato,1,Urea,0.001,8.5
270,2,potato,1,P,0.001,20.62
270,2,potato,1,K,0.001,26.49
270,2,potato,2,Urea,0.3,12.7
270,2,potato,3,Urea,0.5,17.9
271,2,potato,1,Urea,0.001,8.5
271,2,potato,1,P,0.001,20.62
271,2,potato,1,K,0.001,26.49
271,2,potato,2,Urea,0.3,12.7
271,2,potato,3,Urea,0.5,17.9
272,2,potato,1,Urea,0.001,8.5
272,2,potato,1,P,0.001,20.62
272,2,potato,1,K,0.001,26.49
272,2,potato,2,Urea,0.3,12.7
272,2,potato,3,Urea,0.5,17.9
273,2,potato,1,Urea,0.001,8.5
273,2,potato,1,P,0.001,20.62
273,2,potato,1,K,0.001,26.49
273,2,potato,2,Urea,0.3,12.7
273,2,potato,3,Urea,0.5,17.9
274,2,potato,1,Urea,0.001,8.5
274,2,potato,1,P,0.001,20.62
274,2,potato,1,K,0.001,26.49
274,2,potato,2,Urea,0.3,12.7
274,2,potato,3,Urea,0.5,17.9
276,2,potato,1,Urea,0.001,8.5
276,2,potato,1,P,0.001,20.62
276,2,potato,1,K,0.001,26.49
276,2,potato,2,Urea,0.3,12.7
276,2,potato,3,Urea,0.5,17.9
277,2,potato,1,Urea,0.001,8.5
277,2,potato,1,P,0.001,20.62
277,2,potato,1,K,0.001,26.49
277,2,potato,2,Urea,0.3,12.7
277,2,potato,3,Urea,0.5,17.9
278,2,potato,1,Urea,0.001,8.5
278,2,potato,1,P,0.001,20.62
278,2,potato,1,K,0.001,26.49
278,2,potato,2,Urea,0.3,12.7
278,2,potato,3,Urea,0.5,17.9
279,2,potato,1,Urea,0.001,8.5
279,2,potato,1,P,0.001,20.62
279,2,potato,1,K,0.001,26.49
279,2,potato,2,Urea,0.3,12.7
279,2,potato,3,Urea,0.5,17.9
280,2,potato,1,Urea,0.001,8.5
280,2,potato,1,P,0.001,20.62
280,2,potato,1,K,0.001,26.49
280,2,potato,2,Urea,0.3,12.7
280,2,potato,3,Urea,0.5,17.9
281,2,potato,1,Urea,0.001,8.5
281,2,potato,1,P,0.001,20.62
281,2,potato,1,K,0.001,26.49
281,2,potato,2,Urea,0.3,12.7
281,2,potato,3,Urea,0.5,17.9
283,2,potato,1,Urea,0.001,8.5
283,2,potato,1,P,0.001,20.62
283,2,potato,1,K,0.001,26.49
283,2,potato,2,Urea,0.3,12.7
283,2,potato,3,Urea,0.5,17.9
284,2,potato,1,Urea,0.001,8.5
284,2,potato,1,P,0.001,20.62
284,2,potato,1,K,0.001,26.49
284,2,potato,2,Urea,0.3,12.7
284,2,potato,3,Urea,0.5,17.9
285,2,potato,1,Urea,0.001,8.5
285,2,potato,1,P,0.001,20.62
285,2,potato,1,K,0.001,26.49
285,2,potato,2,Urea,0.3,12.7
285,2,potato,3,Urea,0.5,17.9
286,2,potato,1,Urea,0.001,8.5
286,2,potato,1,P,0.001,20.62
286,2,potato,1,K,0.001,26.49
286,2,potato,2,Urea,0.3,12.7
286,2,potato,3,Urea,0.5,17.9
287,2,potato,1,Urea,0.001,8.5
287,2,potato,1,P,0.001,20.62
287,2,potato,1,K,0.001,26.49
287,2,potato,2,Urea,0.3,12.7
287,2,potato,3,Urea,0.5,17.9
288,2,potato,1,Urea,0.001,8.5
288,2,potato,1,P,0.001,20.62
288,2,potato,1,K,0.001,26.49
288,2,potato,2,Urea,0.3,12.7
288,2,potato,3,Urea,0.5,17.9
289,2,potato,1,Urea,0.001,8.5
289,2,potato,1,P,0.001,20.62
289,2,potato,1,K,0.001,26.49
289,2,potato,2,Urea,0.3,12.7
289,2,potato,3,Urea,0.5,17.9
290,2,potato,1,Urea,0.001,8.5
290,2,potato,1,P,0.001,20.62
290,2,potato,1,K,0.001,26.49
290,2,potato,2,Urea,0.3,12.7
290,2,potato,3,Urea,0.5,17.9
291,2,potato,1,Urea,0.001,8.5
291,2,potato,1,P,0.001,20.62
291,2,potato,1,K,0.001,26.49
291,2,potato,2,Urea,0.3,12.7
291,2,potato,3,Urea,0.5,17.9
292,2,potato,1,Urea,0.001,8.5
292,2,potato,1,P,0.001,20.62
292,2,potato,1,K,0.001,26.49
292,2,potato,2,Urea,0.3,12.7
292,2,potato,3,Urea,0.5,17.9
293,2,potato,1,Urea,0.001,8.5
293,2,potato,1,P,0.001,20.62
293,2,potato,1,K,0.001,26.49
293,2,potato,2,Urea,0.3,12.7
293,2,potato,3,Urea,0.5,17.9
294,2,potato,1,Urea,0.001,8.5
294,2,potato,1,P,0.001,20.62
294,2,potato,1,K,0.001,26.49
294,2,potato,2,Urea,0.3,12.7
294,2,potato,3,Urea,0.5,17.9
295,2,potato,1,Urea,0.001,8.5
295,2,potato,1,P,0.001,20.62
295,2,potato,1,K,0.001,26.49
295,2,potato,2,Urea,0.3,12.7
295,2,potato,3,Urea,0.5,17.9
297,2,potato,1,Urea,0.001,8.5
297,2,potato,1,P,0.001,20.62
297,2,potato,1,K,0.001,26.49
297,2,potato,2,Urea,0.3,12.7
297,2,potato,3,Urea,0.5,17.9
300,2,potato,1,Urea,0.001,8.5
300,2,potato,1,P,0.001,20.62
300,2,potato,1,K,0.001,26.49
300,2,potato,2,Urea,0.3,12.7
300,2,potato,3,Urea,0.5,17.9
301,2,potato,1,Urea,0.001,8.5
301,2,potato,1,P,0.001,20.62
301,2,potato,1,K,0.001,26.49
301,2,potato,2,Urea,0.3,12.7
301,2,potato,3,Urea,0.5,17.9
304,2,potato,1,Urea,0.001,8.5
304,2,potato,1,P,0.001,20.62
304,2,potato,1,K,0.001,26.49
304,2,potato,2,Urea,0.3,12.7
304,2,potato,3,Urea,0.5,17.9
305,2,potato,1,Urea,0.001,8.5
305,2,potato,1,P,0.001,20.62
305,2,potato,1,K,0.001,26.49
305,2,potato,2,Urea,0.3,12.7
305,2,potato,3,Urea,0.5,17.9
306,2,potato,1,Urea,0.001,8.5
306,2,potato,1,P,0.001,20.62
306,2,potato,1,K,0.001,26.49
306,2,potato,2,Urea,0.3,12.7
306,2,potato,3,Urea,0.5,17.9
308,2,potato,1,Urea,0.001,8.5
308,2,potato,1,P,0.001,20.62
308,2,potato,1,K,0.001,26.49
308,2,potato,2,Urea,0.3,12.7
308,2,potato,3,Urea,0.5,17.9
309,2,potato,1,Urea,0.001,8.5
309,2,potato,1,P,0.001,20.62
309,2,potato,1,K,0.001,26.49
309,2,potato,2,Urea,0.3,12.7
309,2,potato,3,Urea,0.5,17.9
313,2,potato,1,Urea,0.001,8.5
313,2,potato,1,P,0.001,20.62
313,2,potato,1,K,0.001,26.49
313,2,potato,2,Urea,0.3,12.7
313,2,potato,3,Urea,0.5,17.9
316,2,potato,1,Urea,0.001,8.5
316,2,potato,1,P,0.001,20.62
316,2,potato,1,K,0.001,26.49
316,2,potato,2,Urea,0.3,12.7
316,2,potato,3,Urea,0.5,17.9
317,2,potato,1,Urea,0.001,8.5
317,2,potato,1,P,0.001,20.62
317,2,potato,1,K,0.001,26.49
317,2,potato,2,Urea,0.3,12.7
317,2,potato,3,Urea,0.5,17.9
318,2,potato,1,Urea,0.001,8.5
318,2,potato,1,P,0.001,20.62
318,2,potato,1,K,0.001,26.49
318,2,potato,2,Urea,0.3,12.7
318,2,potato,3,Urea,0.5,17.9
320,2,potato,1,Urea,0.001,8.5
320,2,potato,1,P,0.001,20.62
320,2,potato,1,K,0.001,26.49
320,2,potato,2,Urea,0.3,12.7
320,2,potato,3,Urea,0.5,17.9
322,2,potato,1,Urea,0.001,8.5
322,2,potato,1,P,0.001,20.62
322,2,potato,1,K,0.001,26.49
322,2,potato,2,Urea,0.3,12.7
322,2,potato,3,Urea,0.5,17.9
323,2,potato,1,Urea,0.001,8.5
323,2,potato,1,P,0.001,20.62
323,2,potato,1,K,0.001,26.49
323,2,potato,2,Urea,0.3,12.7
323,2,potato,3,Urea,0.5,17.9
324,2,potato,1,Urea,0.001,8.5
324,2,potato,1,P,0.001,20.62
324,2,potato,1,K,0.001,26.49
324,2,potato,2,Urea,0.3,12.7
324,2,potato,3,Urea,0.5,17.9
325,2,potato,1,Urea,0.001,8.5
325,2,potato,1,P,0.001,20.62
325,2,potato,1,K,0.001,26.49
325,2,potato,2,Urea,0.3,12.7
325,2,potato,3,Urea,0.5,17.9
326,2,potato,1,Urea,0.001,8.5
326,2,potato,1,P,0.001,20.62
326,2,potato,1,K,0.001,26.49
326,2,potato,2,Urea,0.3,12.7
326,2,potato,3,Urea,0.5,17.9
328,2,potato,1,Urea,0.001,8.5
328,2,potato,1,P,0.001,20.62
328,2,potato,1,K,0.001,26.49
328,2,potato,2,Urea,0.3,12.7
328,2,potato,3,Urea,0.5,17.9
329,2,potato,1,Urea,0.001,8.5
329,2,potato,1,P,0.001,20.62
329,2,potato,1,K,0.001,26.49
329,2,potato,2,Urea,0.3,12.7
329,2,potato,3,Urea,0.5,17.9
330,2,potato,1,Urea,0.001,8.5
330,2,potato,1,P,0.001,20.62
330,2,potato,1,K,0.001,26.49
330,2,potato,2,Urea,0.3,12.7
330,2,potato,3,Urea,0.5,17.9
331,2,potato,1,Urea,0.001,8.5
331,2,potato,1,P,0.001,20.62
331,2,potato,1,K,0.001,26.49
331,2,potato,2,Urea,0.3,12.7
331,2,potato,3,Urea,0.5,17.9
332,2,potato,1,Urea,0.001,8.5
332,2,potato,1,P,0.001,20.62
332,2,potato,1,K,0.001,26.49
332,2,potato,2,Urea,0.3,12.7
332,2,potato,3,Urea,0.5,17.9
333,2,potato,1,Urea,0.001,8.5
333,2,potato,1,P,0.001,20.62
333,2,potato,1,K,0.001,26.49
333,2,potato,2,Urea,0.3,12.7
333,2,potato,3,Urea,0.5,17.9
334,2,potato,1,Urea,0.001,8.5
334,2,potato,1,P,0.001,20.62
334,2,potato,1,K,0.001,26.49
334,2,potato,2,Urea,0.3,12.7
334,2,potato,3,Urea,0.5,17.9
335,2,potato,1,Urea,0.001,8.5
335,2,potato,1,P,0.001,20.62
335,2,potato,1,K,0.001,26.49
335,2,potato,2,Urea,0.3,12.7
335,2,potato,3,Urea,0.5,17.9
336,2,potato,1,Urea,0.001,8.5
336,2,potato,1,P,0.001,20.62
336,2,potato,1,K,0.001,26.49
336,2,potato,2,Urea,0.3,12.7
336,2,potato,3,Urea,0.5,17.9
338,2,potato,1,Urea,0.001,8.5
338,2,potato,1,P,0.001,20.62
338,2,potato,1,K,0.001,26.49
338,2,potato,2,Urea,0.3,12.7
338,2,potato,3,Urea,0.5,17.9
339,2,potato,1,Urea,0.001,8.5
339,2,potato,1,P,0.001,20.62
339,2,potato,1,K,0.001,26.49
339,2,potato,2,Urea,0.3,12.7
339,2,potato,3,Urea,0.5,17.9
341,2,potato,1,Urea,0.001,8.5
341,2,potato,1,P,0.001,20.62
341,2,potato,1,K,0.001,26.49
341,2,potato,2,Urea,0.3,12.7
341,2,potato,3,Urea,0.5,17.9
344,2,potato,1,Urea,0.001,8.5
344,2,potato,1,P,0.001,20.62
344,2,potato,1,K,0.001,26.49
344,2,potato,2,Urea,0.3,12.7
344,2,potato,3,Urea,0.5,17.9
345,2,potato,1,Urea,0.001,8.5
345,2,potato,1,P,0.001,20.62
345,2,potato,1,K,0.001,26.49
345,2,potato,2,Urea,0.3,12.7
345,2,potato,3,Urea,0.5,17.9
346,2,potato,1,Urea,0.001,8.5
346,2,potato,1,P,0.001,20.62
346,2,potato,1,K,0.001,26.49
346,2,potato,2,Urea,0.3,12.7
346,2,potato,3,Urea,0.5,17.9
347,2,potato,1,Urea,0.001,8.5
347,2,potato,1,P,0.001,20.62
347,2,potato,1,K,0.001,26.49
347,2,potato,2,Urea,0.3,12.7
347,2,potato,3,Urea,0.5,17.9
348,2,potato,1,Urea,0.001,8.5
348,2,potato,1,P,0.001,20.62
348,2,potato,1,K,0.001,26.49
348,2,potato,2,Urea,0.3,12.7
348,2,potato,3,Urea,0.5,17.9
349,2,potato,1,Urea,0.001,8.5
349,2,potato,1,P,0.001,20.62
349,2,potato,1,K,0.001,26.49
349,2,potato,2,Urea,0.3,12.7
349,2,potato,3,Urea,0.5,17.9
350,2,potato,1,Urea,0.001,8.5
350,2,potato,1,P,0.001,20.62
350,2,potato,1,K,0.001,26.49
350,2,potato,2,Urea,0.3,12.7
350,2,potato,3,Urea,0.5,17.9
351,2,potato,1,Urea,0.001,8.5
351,2,potato,1,P,0.001,20.62
351,2,potato,1,K,0.001,26.49
351,2,potato,2,Urea,0.3,12.7
351,2,potato,3,Urea,0.5,17.9
353,2,potato,1,Urea,0.001,8.5
353,2,potato,1,P,0.001,20.62
353,2,potato,1,K,0.001,26.49
353,2,potato,2,Urea,0.3,12.7
353,2,potato,3,Urea,0.5,17.9
354,2,potato,1,Urea,0.001,8.5
354,2,potato,1,P,0.001,20.62
354,2,potato,1,K,0.001,26.49
354,2,potato,2,Urea,0.3,12.7
354,2,potato,3,Urea,0.5,17.9
356,2,potato,1,Urea,0.001,8.5
356,2,potato,1,P,0.001,20.62
356,2,potato,1,K,0.001,26.49
356,2,potato,2,Urea,0.3,12.7
356,2,potato,3,Urea,0.5,17.9
357,2,potato,1,Urea,0.001,8.5
357,2,potato,1,P,0.001,20.62
357,2,potato,1,K,0.001,26.49
357,2,potato,2,Urea,0.3,12.7
357,2,potato,3,Urea,0.5,17.9
358,2,potato,1,Urea,0.001,8.5
358,2,potato,1,P,0.001,20.62
358,2,potato,1,K,0.001,26.49
358,2,potato,2,Urea,0.3,12.7
358,2,potato,3,Urea,0.5,17.9
361,2,potato,1,Urea,0.001,8.5
361,2,potato,1,P,0.001,20.62
361,2,potato,1,K,0.001,26.49
361,2,potato,2,Urea,0.3,12.7
361,2,potato,3,Urea,0.5,17.9
364,2,potato,1,Urea,0.001,8.5
364,2,potato,1,P,0.001,20.62
364,2,potato,1,K,0.001,26.49
364,2,potato,2,Urea,0.3,12.7
364,2,potato,3,Urea,0.5,17.9
365,2,potato,1,Urea,0.001,8.5
365,2,potato,1,P,0.001,20.62
365,2,potato,1,K,0.001,26.49
365,2,potato,2,Urea,0.3,12.7
365,2,potato,3,Urea,0.5,17.9
366,2,potato,1,Urea,0.001,8.5
366,2,potato,1,P,0.001,20.62
366,2,potato,1,K,0.001,26.49
366,2,potato,2,Urea,0.3,12.7
366,2,potato,3,Urea,0.5,17.9
368,2,potato,1,Urea,0.001,8.5
368,2,potato,1,P,0.001,20.62
368,2,potato,1,K,0.001,26.49
368,2,potato,2,Urea,0.3,12.7
368,2,potato,3,Urea,0.5,17.9
371,2,potato,1,Urea,0.001,8.5
371,2,potato,1,P,0.001,20.62
371,2,potato,1,K,0.001,26.49
371,2,potato,2,Urea,0.3,12.7
371,2,potato,3,Urea,0.5,17.9
372,2,potato,1,Urea,0.001,8.5
372,2,potato,1,P,0.001,20.62
372,2,potato,1,K,0.001,26.49
372,2,potato,2,Urea,0.3,12.7
372,2,potato,3,Urea,0.5,17.9
373,2,potato,1,Urea,0.001,8.5
373,2,potato,1,P,0.001,20.62
373,2,potato,1,K,0.001,26.49
373,2,potato,2,Urea,0.3,12.7
373,2,potato,3,Urea,0.5,17.9
374,2,potato,1,Urea,0.001,8.5
374,2,potato,1,P,0.001,20.62
374,2,potato,1,K,0.001,26.49
374,2,potato,2,Urea,0.3,12.7
374,2,potato,3,Urea,0.5,17.9
375,2,potato,1,Urea,0.001,8.5
375,2,potato,1,P,0.001,20.62
375,2,potato,1,K,0.001,26.49
375,2,potato,2,Urea,0.3,12.7
375,2,potato,3,Urea,0.5,17.9
377,2,potato,1,Urea,0.001,8.5
377,2,potato,1,P,0.001,20.62
377,2,potato,1,K,0.001,26.49
377,2,potato,2,Urea,0.3,12.7
377,2,potato,3,Urea,0.5,17.9
379,2,potato,1,Urea,0.001,8.5
379,2,potato,1,P,0.001,20.62
379,2,potato,1,K,0.001,26.49
379,2,potato,2,Urea,0.3,12.7
379,2,potato,3,Urea,0.5,17.9
380,2,potato,1,Urea,0.001,8.5
380,2,potato,1,P,0.001,20.62
380,2,potato,1,K,0.001,26.49
380,2,potato,2,Urea,0.3,12.7
380,2,potato,3,Urea,0.5,17.9
383,2,potato,1,Urea,0.001,8.5
383,2,potato,1,P,0.001,20.62
383,2,potato,1,K,0.001,26.49
383,2,potato,2,Urea,0.3,12.7
383,2,potato,3,Urea,0.5,17.9
384,2,potato,1,Urea,0.001,8.5
384,2,potato,1,P,0.001,20.62
384,2,potato,1,K,0.001,26.49
384,2,potato,2,Urea,0.3,12.7
384,2,potato,3,Urea,0.5,17.9
385,2,potato,1,Urea,0.001,8.5
385,2,potato,1,P,0.001,20.62
385,2,potato,1,K,0.001,26.49
385,2,potato,2,Urea,0.3,12.7
385,2,potato,3,Urea,0.5,17.9
386,2,potato,1,Urea,0.001,8.5
386,2,potato,1,P,0.001,20.62
386,2,potato,1,K,0.001,26.49
386,2,potato,2,Urea,0.3,12.7
386,2,potato,3,Urea,0.5,17.9
387,2,potato,1,Urea,0.001,8.5
387,2,potato,1,P,0.001,20.62
387,2,potato,1,K,0.001,26.49
387,2,potato,2,Urea,0.3,12.7
387,2,potato,3,Urea,0.5,17.9
388,2,potato,1,Urea,0.001,8.5
388,2,potato,1,P,0.001,20.62
388,2,potato,1,K,0.001,26.49
388,2,potato,2,Urea,0.3,12.7
388,2,potato,3,Urea,0.5,17.9
390,2,potato,1,Urea,0.001,8.5
390,2,potato,1,P,0.001,20.62
390,2,potato,1,K,0.001,26.49
390,2,potato,2,Urea,0.3,12.7
390,2,potato,3,Urea,0.5,17.9
391,2,potato,1,Urea,0.001,8.5
391,2,potato,1,P,0.001,20.62
391,2,potato,1,K,0.001,26.49
391,2,potato,2,Urea,0.3,12.7
391,2,potato,3,Urea,0.5,17.9
393,2,potato,1,Urea,0.001,8.5
393,2,potato,1,P,0.001,20.62
393,2,potato,1,K,0.001,26.49
393,2,potato,2,Urea,0.3,12.7
393,2,potato,3,Urea,0.5,17.9
394,2,potato,1,Urea,0.001,8.5
394,2,potato,1,P,0.001,20.62
394,2,potato,1,K,0.001,26.49
394,2,potato,2,Urea,0.3,12.7
394,2,potato,3,Urea,0.5,17.9
395,2,potato,1,Urea,0.001,8.5
395,2,potato,1,P,0.001,20.62
395,2,potato,1,K,0.001,26.49
395,2,potato,2,Urea,0.3,12.7
395,2,potato,3,Urea,0.5,17.9
399,2,potato,1,Urea,0.001,8.5
399,2,potato,1,P,0.001,20.62
399,2,potato,1,K,0.001,26.49
399,2,potato,2,Urea,0.3,12.7
399,2,potato,3,Urea,0.5,17.9
400,2,potato,1,Urea,0.001,8.5
400,2,potato,1,P,0.001,20.62
400,2,potato,1,K,0.001,26.49
400,2,potato,2,Urea,0.3,12.7
400,2,potato,3,Urea,0.5,17.9
401,2,potato,1,Urea,0.001,8.5
401,2,potato,1,P,0.001,20.62
401,2,potato,1,K,0.001,26.49
401,2,potato,2,Urea,0.3,12.7
401,2,potato,3,Urea,0.5,17.9
402,2,potato,1,Urea,0.001,8.5
402,2,potato,1,P,0.001,20.62
402,2,potato,1,K,0.001,26.49
402,2,potato,2,Urea,0.3,12.7
402,2,potato,3,Urea,0.5,17.9
406,2,potato,1,Urea,0.001,8.5
406,2,potato,1,P,0.001,20.62
406,2,potato,1,K,0.001,26.49
406,2,potato,2,Urea,0.3,12.7
406,2,potato,3,Urea,0.5,17.9
408,2,potato,1,Urea,0.001,8.5
408,2,potato,1,P,0.001,20.62
408,2,potato,1,K,0.001,26.49
408,2,potato,2,Urea,0.3,12.7
408,2,potato,3,Urea,0.5,17.9
409,2,potato,1,Urea,0.001,8.5
409,2,potato,1,P,0.001,20.62
409,2,potato,1,K,0.001,26.49
409,2,potato,2,Urea,0.3,12.7
409,2,potato,3,Urea,0.5,17.9
410,2,potato,1,Urea,0.001,8.5
410,2,potato,1,P,0.001,20.62
410,2,potato,1,K,0.001,26.49
410,2,potato,2,Urea,0.3,12.7
410,2,potato,3,Urea,0.5,17.9
411,2,potato,1,Urea,0.001,8.5
411,2,potato,1,P,0.001,20.62
411,2,potato,1,K,0.001,26.49
411,2,potato,2,Urea,0.3,12.7
411,2,potato,3,Urea,0.5,17.9
412,2,potato,1,Urea,0.001,8.5
412,2,potato,1,P,0.001,20.62
412,2,potato,1,K,0.001,26.49
412,2,potato,2,Urea,0.3,12.7
412,2,potato,3,Urea,0.5,17.9
413,2,potato,1,Urea,0.001,8.5
413,2,potato,1,P,0.001,20.62
413,2,potato,1,K,0.001,26.49
413,2,potato,2,Urea,0.3,12.7
413,2,potato,3,Urea,0.5,17.9
414,2,potato,1,Urea,0.001,8.5
414,2,potato,1,P,0.001,20.62
414,2,potato,1,K,0.001,26.49
414,2,potato,2,Urea,0.3,12.7
414,2,potato,3,Urea,0.5,17.9
416,2,potato,1,Urea,0.001,8.5
416,2,potato,1,P,0.001,20.62
416,2,potato,1,K,0.001,26.49
416,2,potato,2,Urea,0.3,12.7
416,2,potato,3,Urea,0.5,17.9
417,2,potato,1,Urea,0.001,8.5
417,2,potato,1,P,0.001,20.62
417,2,potato,1,K,0.001,26.49
417,2,potato,2,Urea,0.3,12.7
417,2,potato,3,Urea,0.5,17.9
418,2,potato,1,Urea,0.001,8.5
418,2,potato,1,P,0.001,20.62
418,2,potato,1,K,0.001,26.49
418,2,potato,2,Urea,0.3,12.7
418,2,potato,3,Urea,0.5,17.9
419,2,potato,1,Urea,0.001,8.5
419,2,potato,1,P,0.001,20.62
419,2,potato,1,K,0.001,26.49
419,2,potato,2,Urea,0.3,12.7
419,2,potato,3,Urea,0.5,17.9
421,2,potato,1,Urea,0.001,8.5
421,2,potato,1,P,0.001,20.62
421,2,potato,1,K,0.001,26.49
421,2,potato,2,Urea,0.3,12.7
421,2,potato,3,Urea,0.5,17.9
422,2,potato,1,Urea,0.001,8.5
422,2,potato,1,P,0.001,20.62
422,2,potato,1,K,0.001,26.49
422,2,potato,2,Urea,0.3,12.7
422,2,potato,3,Urea,0.5,17.9
423,2,potato,1,Urea,0.001,8.5
423,2,potato,1,P,0.001,20.62
423,2,potato,1,K,0.001,26.49
423,2,potato,2,Urea,0.3,12.7
423,2,potato,3,Urea,0.5,17.9
426,2,potato,1,Urea,0.001,8.5
426,2,potato,1,P,0.001,20.62
426,2,potato,1,K,0.001,26.49
426,2,potato,2,Urea,0.3,12.7
426,2,potato,3,Urea,0.5,17.9
427,2,potato,1,Urea,0.001,8.5
427,2,potato,1,P,0.001,20.62
427,2,potato,1,K,0.001,26.49
427,2,potato,2,Urea,0.3,12.7
427,2,potato,3,Urea,0.5,17.9
428,2,potato,1,Urea,0.001,8.5
428,2,potato,1,P,0.001,20.62
428,2,potato,1,K,0.001,26.49
428,2,potato,2,Urea,0.3,12.7
428,2,potato,3,Urea,0.5,17.9
429,2,potato,1,Urea,0.001,8.5
429,2,potato,1,P,0.001,20.62
429,2,potato,1,K,0.001,26.49
429,2,potato,2,Urea,0.3,12.7
429,2,potato,3,Urea,0.5,17.9
430,2,potato,1,Urea,0.001,8.5
430,2,potato,1,P,0.001,20.62
430,2,potato,1,K,0.001,26.49
430,2,potato,2,Urea,0.3,12.7
430,2,potato,3,Urea,0.5,17.9
434,2,potato,1,Urea,0.001,8.5
434,2,potato,1,P,0.001,20.62
434,2,potato,1,K,0.001,26.49
434,2,potato,2,Urea,0.3,12.7
434,2,potato,3,Urea,0.5,17.9
435,2,potato,1,Urea,0.001,8.5
435,2,potato,1,P,0.001,20.62
435,2,potato,1,K,0.001,26.49
435,2,potato,2,Urea,0.3,12.7
435,2,potato,3,Urea,0.5,17.9
436,2,potato,1,Urea,0.001,8.5
436,2,potato,1,P,0.001,20.62
436,2,potato,1,K,0.001,26.49
436,2,potato,2,Urea,0.3,12.7
436,2,potato,3,Urea,0.5,17.9
437,2,potato,1,Urea,0.001,8.5
437,2,potato,1,P,0.001,20.62
437,2,potato,1,K,0.001,26.49
437,2,potato,2,Urea,0.3,12.7
437,2,potato,3,Urea,0.5,17.9
438,2,potato,1,Urea,0.001,8.5
438,2,potato,1,P,0.001,20.62
438,2,potato,1,K,0.001,26.49
438,2,potato,2,Urea,0.3,12.7
438,2,potato,3,Urea,0.5,17.9
439,2,potato,1,Urea,0.001,8.5
439,2,potato,1,P,0.001,20.62
439,2,potato,1,K,0.001,26.49
439,2,potato,2,Urea,0.3,12.7
439,2,potato,3,Urea,0.5,17.9
440,2,potato,1,Urea,0.001,8.5
440,2,potato,1,P,0.001,20.62
440,2,potato,1,K,0.001,26.49
440,2,potato,2,Urea,0.3,12.7
440,2,potato,3,Urea,0.5,17.9
441,2,potato,1,Urea,0.001,8.5
441,2,potato,1,P,0.001,20.62
441,2,potato,1,K,0.001,26.49
441,2,potato,2,Urea,0.3,12.7
441,2,potato,3,Urea,0.5,17.9
442,2,potato,1,Urea,0.001,8.5
442,2,potato,1,P,0.001,20.62
442,2,potato,1,K,0.001,26.49
442,2,potato,2,Urea,0.3,12.7
442,2,potato,3,Urea,0.5,17.9
443,2,potato,1,Urea,0.001,8.5
443,2,potato,1,P,0.001,20.62
443,2,potato,1,K,0.001,26.49
443,2,potato,2,Urea,0.3,12.7
443,2,potato,3,Urea,0.5,17.9
445,2,potato,1,Urea,0.001,8.5
445,2,potato,1,P,0.001,20.62
445,2,potato,1,K,0.001,26.49
445,2,potato,2,Urea,0.3,12.7
445,2,potato,3,Urea,0.5,17.9
446,2,potato,1,Urea,0.001,8.5
446,2,potato,1,P,0.001,20.62
446,2,potato,1,K,0.001,26.49
446,2,potato,2,Urea,0.3,12.7
446,2,potato,3,Urea,0.5,17.9
447,2,potato,1,Urea,0.001,8.5
447,2,potato,1,P,0.001,20.62
447,2,potato,1,K,0.001,26.49
447,2,potato,2,Urea,0.3,12.7
447,2,potato,3,Urea,0.5,17.9
449,2,potato,1,Urea,0.001,8.5
449,2,potato,1,P,0.001,20.62
449,2,potato,1,K,0.001,26.49
449,2,potato,2,Urea,0.3,12.7
449,2,potato,3,Urea,0.5,17.9
450,2,potato,1,Urea,0.001,8.5
450,2,potato,1,P,0.001,20.62
450,2,potato,1,K,0.001,26.49
450,2,potato,2,Urea,0.3,12.7
450,2,potato,3,Urea,0.5,17.9
455,2,potato,1,Urea,0.001,8.5
455,2,potato,1,P,0.001,20.62
455,2,potato,1,K,0.001,26.49
455,2,potato,2,Urea,0.3,12.7
455,2,potato,3,Urea,0.5,17.9
456,2,potato,1,Urea,0.001,8.5
456,2,potato,1,P,0.001,20.62
456,2,potato,1,K,0.001,26.49
456,2,potato,2,Urea,0.3,12.7
456,2,potato,3,Urea,0.5,17.9
458,2,potato,1,Urea,0.001,8.5
458,2,potato,1,P,0.001,20.62
458,2,potato,1,K,0.001,26.49
458,2,potato,2,Urea,0.3,12.7
458,2,potato,3,Urea,0.5,17.9
461,2,potato,1,Urea,0.001,8.5
461,2,potato,1,P,0.001,20.62
461,2,potato,1,K,0.001,26.49
461,2,potato,2,Urea,0.3,12.7
461,2,potato,3,Urea,0.5,17.9
462,2,potato,1,Urea,0.001,8.5
462,2,potato,1,P,0.001,20.62
462,2,potato,1,K,0.001,26.49
462,2,potato,2,Urea,0.3,12.7
462,2,potato,3,Urea,0.5,17.9
464,2,potato,1,Urea,0.001,8.5
464,2,potato,1,P,0.001,20.62
464,2,potato,1,K,0.001,26.49
464,2,potato,2,Urea,0.3,12.7
464,2,potato,3,Urea,0.5,17.9
469,2,potato,1,Urea,0.001,8.5
469,2,potato,1,P,0.001,20.62
469,2,potato,1,K,0.001,26.49
469,2,potato,2,Urea,0.3,12.7
469,2,potato,3,Urea,0.5,17.9
471,2,potato,1,Urea,0.001,8.5
471,2,potato,1,P,0.001,20.62
471,2,potato,1,K,0.001,26.49
471,2,potato,2,Urea,0.3,12.7
471,2,potato,3,Urea,0.5,17.9
473,2,potato,1,Urea,0.001,8.5
473,2,potato,1,P,0.001,20.62
473,2,potato,1,K,0.001,26.49
473,2,potato,2,Urea,0.3,12.7
473,2,potato,3,Urea,0.5,17.9
474,2,potato,1,Urea,0.001,8.5
474,2,potato,1,P,0.001,20.62
474,2,potato,1,K,0.001,26.49
474,2,potato,2,Urea,0.3,12.7
474,2,potato,3,Urea,0.5,17.9
476,2,potato,1,Urea,0.001,8.5
476,2,potato,1,P,0.001,20.62
476,2,potato,1,K,0.001,26.49
476,2,potato,2,Urea,0.3,12.7
476,2,potato,3,Urea,0.5,17.9
477,2,potato,1,Urea,0.001,8.5
477,2,potato,1,P,0.001,20.62
477,2,potato,1,K,0.001,26.49
477,2,potato,2,Urea,0.3,12.7
477,2,potato,3,Urea,0.5,17.9
478,2,potato,1,Urea,0.001,8.5
478,2,potato,1,P,0.001,20.62
478,2,potato,1,K,0.001,26.49
478,2,potato,2,Urea,0.3,12.7
478,2,potato,3,Urea,0.5,17.9
479,2,potato,1,Urea,0.001,8.5
479,2,potato,1,P,0.001,20.62
479,2,potato,1,K,0.001,26.49
479,2,potato,2,Urea,0.3,12.7
479,2,potato,3,Urea,0.5,17.9
480,2,potato,1,Urea,0.001,8.5
480,2,potato,1,P,0.001,20.62
480,2,potato,1,K,0.001,26.49
480,2,potato,2,Urea,0.3,12.7
480,2,potato,3,Urea,0.5,17.9
483,2,potato,1,Urea,0.001,8.5
483,2,potato,1,P,0.001,20.62
483,2,potato,1,K,0.001,26.49
483,2,potato,2,Urea,0.3,12.7
483,2,potato,3,Urea,0.5,17.9
486,2,potato,1,Urea,0.001,8.5
486,2,potato,1,P,0.001,20.62
486,2,potato,1,K,0.001,26.49
486,2,potato,2,Urea,0.3,12.7
486,2,potato,3,Urea,0.5,17.9
488,2,potato,1,Urea,0.001,8.5
488,2,potato,1,P,0.001,20.62
488,2,potato,1,K,0.001,26.49
488,2,potato,2,Urea,0.3,12.7
488,2,potato,3,Urea,0.5,17.9
489,2,potato,1,Urea,0.001,8.5
489,2,potato,1,P,0.001,20.62
489,2,potato,1,K,0.001,26.49
489,2,potato,2,Urea,0.3,12.7
489,2,potato,3,Urea,0.5,17.9
490,2,potato,1,Urea,0.001,8.5
490,2,potato,1,P,0.001,20.62
490,2,potato,1,K,0.001,26.49
490,2,potato,2,Urea,0.3,12.7
490,2,potato,3,Urea,0.5,17.9
493,2,potato,1,Urea,0.001,8.5
493,2,potato,1,P,0.001,20.62
493,2,potato,1,K,0.001,26.49
493,2,potato,2,Urea,0.3,12.7
493,2,potato,3,Urea,0.5,17.9
497,2,potato,1,Urea,0.001,8.5
497,2,potato,1,P,0.001,20.62
497,2,potato,1,K,0.001,26.49
497,2,potato,2,Urea,0.3,12.7
497,2,potato,3,Urea,0.5,17.9
499,2,potato,1,Urea,0.001,8.5
499,2,potato,1,P,0.001,20.62
499,2,potato,1,K,0.001,26.49
499,2,potato,2,Urea,0.3,12.7
499,2,potato,3,Urea,0.5,17.9
500,2,potato,1,Urea,0.001,8.5
500,2,potato,1,P,0.001,20.62
500,2,potato,1,K,0.001,26.49
500,2,potato,2,Urea,0.3,12.7
500,2,potato,3,Urea,0.5,17.9
501,2,potato,1,Urea,0.001,8.5
501,2,potato,1,P,0.001,20.62
501,2,potato,1,K,0.001,26.49
501,2,potato,2,Urea,0.3,12.7
501,2,potato,3,Urea,0.5,17.9
502,2,potato,1,Urea,0.001,8.5
502,2,potato,1,P,0.001,20.62
502,2,potato,1,K,0.001,26.49
502,2,potato,2,Urea,0.3,12.7
502,2,potato,3,Urea,0.5,17.9
504,2,potato,1,Urea,0.001,8.5
504,2,potato,1,P,0.001,20.62
504,2,potato,1,K,0.001,26.49
504,2,potato,2,Urea,0.3,12.7
504,2,potato,3,Urea,0.5,17.9
507,2,potato,1,Urea,0.001,8.5
507,2,potato,1,P,0.001,20.62
507,2,potato,1,K,0.001,26.49
507,2,potato,2,Urea,0.3,12.7
507,2,potato,3,Urea,0.5,17.9
511,2,potato,1,Urea,0.001,8.5
511,2,potato,1,P,0.001,20.62
511,2,potato,1,K,0.001,26.49
511,2,potato,2,Urea,0.3,12.7
511,2,potato,3,Urea,0.5,17.9
512,2,potato,1,Urea,0.001,8.5
512,2,potato,1,P,0.001,20.62
512,2,potato,1,K,0.001,26.49
512,2,potato,2,Urea,0.3,12.7
512,2,potato,3,Urea,0.5,17.9
513,2,potato,1,Urea,0.001,8.5
513,2,potato,1,P,0.001,20.62
513,2,potato,1,K,0.001,26.49
513,2,potato,2,Urea,0.3,12.7
513,2,potato,3,Urea,0.5,17.9
514,2,potato,1,Urea,0.001,8.5
514,2,potato,1,P,0.001,20.62
514,2,potato,1,K,0.001,26.49
514,2,potato,2,Urea,0.3,12.7
514,2,potato,3,Urea,0.5,17.9
515,2,potato,1,Urea,0.001,8.5
515,2,potato,1,P,0.001,20.62
515,2,potato,1,K,0.001,26.49
515,2,potato,2,Urea,0.3,12.7
515,2,potato,3,Urea,0.5,17.9
517,2,potato,1,Urea,0.001,8.5
517,2,potato,1,P,0.001,20.62
517,2,potato,1,K,0.001,26.49
517,2,potato,2,Urea,0.3,12.7
517,2,potato,3,Urea,0.5,17.9
518,2,potato,1,Urea,0.001,8.5
518,2,potato,1,P,0.001,20.62
518,2,potato,1,K,0.001,26.49
518,2,potato,2,Urea,0.3,12.7
518,2,potato,3,Urea,0.5,17.9
519,2,potato,1,Urea,0.001,8.5
519,2,potato,1,P,0.001,20.62
519,2,potato,1,K,0.001,26.49
519,2,potato,2,Urea,0.3,12.7
519,2,potato,3,Urea,0.5,17.9
520,2,potato,1,Urea,0.001,8.5
520,2,potato,1,P,0.001,20.62
520,2,potato,1,K,0.001,26.49
520,2,potato,2,Urea,0.3,12.7
520,2,potato,3,Urea,0.5,17.9
521,2,potato,1,Urea,0.001,8.5
521,2,potato,1,P,0.001,20.62
521,2,potato,1,K,0.001,26.49
521,2,potato,2,Urea,0.3,12.7
521,2,potato,3,Urea,0.5,17.9
522,2,potato,1,Urea,0.001,8.5
522,2,potato,1,P,0.001,20.62
522,2,potato,1,K,0.001,26.49
522,2,potato,2,Urea,0.3,12.7
522,2,potato,3,Urea,0.5,17.9
523,2,potato,1,Urea,0.001,8.5
523,2,potato,1,P,0.001,20.62
523,2,potato,1,K,0.001,26.49
523,2,potato,2,Urea,0.3,12.7
523,2,potato,3,Urea,0.5,17.9
524,2,potato,1,Urea,0.001,8.5
524,2,potato,1,P,0.001,20.62
524,2,potato,1,K,0.001,26.49
524,2,potato,2,Urea,0.3,12.7
524,2,potato,3,Urea,0.5,17.9
526,2,potato,1,Urea,0.001,8.5
526,2,potato,1,P,0.001,20.62
526,2,potato,1,K,0.001,26.49
526,2,potato,2,Urea,0.3,12.7
526,2,potato,3,Urea,0.5,17.9
527,2,potato,1,Urea,0.001,8.5
527,2,potato,1,P,0.001,20.62
527,2,potato,1,K,0.001,26.49
527,2,potato,2,Urea,0.3,12.7
527,2,potato,3,Urea,0.5,17.9
532,2,potato,1,Urea,0.001,8.5
532,2,potato,1,P,0.001,20.62
532,2,potato,1,K,0.001,26.49
532,2,potato,2,Urea,0.3,12.7
532,2,potato,3,Urea,0.5,17.9
533,2,potato,1,Urea,0.001,8.5
533,2,potato,1,P,0.001,20.62
533,2,potato,1,K,0.001,26.49
533,2,potato,2,Urea,0.3,12.7
533,2,potato,3,Urea,0.5,17.9
534,2,potato,1,Urea,0.001,8.5
534,2,potato,1,P,0.001,20.62
534,2,potato,1,K,0.001,26.49
534,2,potato,2,Urea,0.3,12.7
534,2,potato,3,Urea,0.5,17.9
536,2,potato,1,Urea,0.001,8.5
536,2,potato,1,P,0.001,20.62
536,2,potato,1,K,0.001,26.49
536,2,potato,2,Urea,0.3,12.7
536,2,potato,3,Urea,0.5,17.9
539,2,potato,1,Urea,0.001,8.5
539,2,potato,1,P,0.001,20.62
539,2,potato,1,K,0.001,26.49
539,2,potato,2,Urea,0.3,12.7
539,2,potato,3,Urea,0.5,17.9
540,2,potato,1,Urea,0.001,8.5
540,2,potato,1,P,0.001,20.62
540,2,potato,1,K,0.001,26.49
540,2,potato,2,Urea,0.3,12.7
540,2,potato,3,Urea,0.5,17.9
541,2,potato,1,Urea,0.001,8.5
541,2,potato,1,P,0.001,20.62
541,2,potato,1,K,0.001,26.49
541,2,potato,2,Urea,0.3,12.7
541,2,potato,3,Urea,0.5,17.9
542,2,potato,1,Urea,0.001,8.5
542,2,potato,1,P,0.001,20.62
542,2,potato,1,K,0.001,26.49
542,2,potato,2,Urea,0.3,12.7
542,2,potato,3,Urea,0.5,17.9
543,2,potato,1,Urea,0.001,8.5
543,2,potato,1,P,0.001,20.62
543,2,potato,1,K,0.001,26.49
543,2,potato,2,Urea,0.3,12.7
543,2,potato,3,Urea,0.5,17.9
544,2,potato,1,Urea,0.001,8.5
544,2,potato,1,P,0.001,20.62
544,2,potato,1,K,0.001,26.49
544,2,potato,2,Urea,0.3,12.7
544,2,potato,3,Urea,0.5,17.9
546,2,potato,1,Urea,0.001,8.5
546,2,potato,1,P,0.001,20.62
546,2,potato,1,K,0.001,26.49
546,2,potato,2,Urea,0.3,12.7
546,2,potato,3,Urea,0.5,17.9
547,2,potato,1,Urea,0.001,8.5
547,2,potato,1,P,0.001,20.62
547,2,potato,1,K,0.001,26.49
547,2,potato,2,Urea,0.3,12.7
547,2,potato,3,Urea,0.5,17.9
548,2,potato,1,Urea,0.001,8.5
548,2,potato,1,P,0.001,20.62
548,2,potato,1,K,0.001,26.49
548,2,potato,2,Urea,0.3,12.7
548,2,potato,3,Urea,0.5,17.9
551,2,potato,1,Urea,0.001,8.5
551,2,potato,1,P,0.001,20.62
551,2,potato,1,K,0.001,26.49
551,2,potato,2,Urea,0.3,12.7
551,2,potato,3,Urea,0.5,17.9
553,2,potato,1,Urea,0.001,8.5
553,2,potato,1,P,0.001,20.62
553,2,potato,1,K,0.001,26.49
553,2,potato,2,Urea,0.3,12.7
553,2,potato,3,Urea,0.5,17.9
554,2,potato,1,Urea,0.001,8.5
554,2,potato,1,P,0.001,20.62
554,2,potato,1,K,0.001,26.49
554,2,potato,2,Urea,0.3,12.7
554,2,potato,3,Urea,0.5,17.9
561,2,potato,1,Urea,0.001,8.5
561,2,potato,1,P,0.001,20.62
561,2,potato,1,K,0.001,26.49
561,2,potato,2,Urea,0.3,12.7
561,2,potato,3,Urea,0.5,17.9
562,2,potato,1,Urea,0.001,8.5
562,2,potato,1,P,0.001,20.62
562,2,potato,1,K,0.001,26.49
562,2,potato,2,Urea,0.3,12.7
562,2,potato,3,Urea,0.5,17.9
564,2,potato,1,Urea,0.001,8.5
564,2,potato,1,P,0.001,20.62
564,2,potato,1,K,0.001,26.49
564,2,potato,2,Urea,0.3,12.7
564,2,potato,3,Urea,0.5,17.9
566,2,potato,1,Urea,0.001,8.5
566,2,potato,1,P,0.001,20.62
566,2,potato,1,K,0.001,26.49
566,2,potato,2,Urea,0.3,12.7
566,2,potato,3,Urea,0.5,17.9
567,2,potato,1,Urea,0.001,8.5
567,2,potato,1,P,0.001,20.62
567,2,potato,1,K,0.001,26.49
567,2,potato,2,Urea,0.3,12.7
567,2,potato,3,Urea,0.5,17.9
569,2,potato,1,Urea,0.001,8.5
569,2,potato,1,P,0.001,20.62
569,2,potato,1,K,0.001,26.49
569,2,potato,2,Urea,0.3,12.7
569,2,potato,3,Urea,0.5,17.9
573,2,potato,1,Urea,0.001,8.5
573,2,potato,1,P,0.001,20.62
573,2,potato,1,K,0.001,26.49
573,2,potato,2,Urea,0.3,12.7
573,2,potato,3,Urea,0.5,17.9
574,2,potato,1,Urea,0.001,8.5
574,2,potato,1,P,0.001,20.62
574,2,potato,1,K,0.001,26.49
574,2,potato,2,Urea,0.3,12.7
574,2,potato,3,Urea,0.5,17.9
576,2,potato,1,Urea,0.001,8.5
576,2,potato,1,P,0.001,20.62
576,2,potato,1,K,0.001,26.49
576,2,potato,2,Urea,0.3,12.7
576,2,potato,3,Urea,0.5,17.9
577,2,potato,1,Urea,0.001,8.5
577,2,potato,1,P,0.001,20.62
577,2,potato,1,K,0.001,26.49
577,2,potato,2,Urea,0.3,12.7
577,2,potato,3,Urea,0.5,17.9
578,2,potato,1,Urea,0.001,8.5
578,2,potato,1,P,0.001,20.62
578,2,potato,1,K,0.001,26.49
578,2,potato,2,Urea,0.3,12.7
578,2,potato,3,Urea,0.5,17.9
579,2,potato,1,Urea,0.001,8.5
579,2,potato,1,P,0.001,20.62
579,2,potato,1,K,0.001,26.49
579,2,potato,2,Urea,0.3,12.7
579,2,potato,3,Urea,0.5,17.9
580,2,potato,1,Urea,0.001,8.5
580,2,potato,1,P,0.001,20.62
580,2,potato,1,K,0.001,26.49
580,2,potato,2,Urea,0.3,12.7
580,2,potato,3,Urea,0.5,17.9
581,2,potato,1,Urea,0.001,8.5
581,2,potato,1,P,0.001,20.62
581,2,potato,1,K,0.001,26.49
581,2,potato,2,Urea,0.3,12.7
581,2,potato,3,Urea,0.5,17.9
582,2,potato,1,Urea,0.001,8.5
582,2,potato,1,P,0.001,20.62
582,2,potato,1,K,0.001,26.49
582,2,potato,2,Urea,0.3,12.7
582,2,potato,3,Urea,0.5,17.9
583,2,potato,1,Urea,0.001,8.5
583,2,potato,1,P,0.001,20.62
583,2,potato,1,K,0.001,26.49
583,2,potato,2,Urea,0.3,12.7
583,2,potato,3,Urea,0.5,17.9
584,2,potato,1,Urea,0.001,8.5
584,2,potato,1,P,0.001,20.62
584,2,potato,1,K,0.001,26.49
584,2,potato,2,Urea,0.3,12.7
584,2,potato,3,Urea,0.5,17.9
585,2,potato,1,Urea,0.001,8.5
585,2,potato,1,P,0.001,20.62
585,2,potato,1,K,0.001,26.49
585,2,potato,2,Urea,0.3,12.7
585,2,potato,3,Urea,0.5,17.9
587,2,potato,1,Urea,0.001,8.5
587,2,potato,1,P,0.001,20.62
587,2,potato,1,K,0.001,26.49
587,2,potato,2,Urea,0.3,12.7
587,2,potato,3,Urea,0.5,17.9
590,2,potato,1,Urea,0.001,8.5
590,2,potato,1,P,0.001,20.62
590,2,potato,1,K,0.001,26.49
590,2,potato,2,Urea,0.3,12.7
590,2,potato,3,Urea,0.5,17.9
596,2,potato,1,Urea,0.001,8.5
596,2,potato,1,P,0.001,20.62
596,2,potato,1,K,0.001,26.49
596,2,potato,2,Urea,0.3,12.7
596,2,potato,3,Urea,0.5,17.9
597,2,potato,1,Urea,0.001,8.5
597,2,potato,1,P,0.001,20.62
597,2,potato,1,K,0.001,26.49
597,2,potato,2,Urea,0.3,12.7
597,2,potato,3,Urea,0.5,17.9
600,2,potato,1,Urea,0.001,8.5
600,2,potato,1,P,0.001,20.62
600,2,potato,1,K,0.001,26.49
600,2,potato,2,Urea,0.3,12.7
600,2,potato,3,Urea,0.5,17.9
601,2,potato,1,Urea,0.001,8.5
601,2,potato,1,P,0.001,20.62
601,2,potato,1,K,0.001,26.49
601,2,potato,2,Urea,0.3,12.7
601,2,potato,3,Urea,0.5,17.9
602,2,potato,1,Urea,0.001,8.5
602,2,potato,1,P,0.001,20.62
602,2,potato,1,K,0.001,26.49
602,2,potato,2,Urea,0.3,12.7
602,2,potato,3,Urea,0.5,17.9
603,2,potato,1,Urea,0.001,8.5
603,2,potato,1,P,0.001,20.62
603,2,potato,1,K,0.001,26.49
603,2,potato,2,Urea,0.3,12.7
603,2,potato,3,Urea,0.5,17.9
604,2,potato,1,Urea,0.001,8.5
604,2,potato,1,P,0.001,20.62
604,2,potato,1,K,0.001,26.49
604,2,potato,2,Urea,0.3,12.7
604,2,potato,3,Urea,0.5,17.9
605,2,potato,1,Urea,0.001,8.5
605,2,potato,1,P,0.001,20.62
605,2,potato,1,K,0.001,26.49
605,2,potato,2,Urea,0.3,12.7
605,2,potato,3,Urea,0.5,17.9
606,2,potato,1,Urea,0.001,8.5
606,2,potato,1,P,0.001,20.62
606,2,potato,1,K,0.001,26.49
606,2,potato,2,Urea,0.3,12.7
606,2,potato,3,Urea,0.5,17.9
607,2,potato,1,Urea,0.001,8.5
607,2,potato,1,P,0.001,20.62
607,2,potato,1,K,0.001,26.49
607,2,potato,2,Urea,0.3,12.7
607,2,potato,3,Urea,0.5,17.9
608,2,potato,1,Urea,0.001,8.5
608,2,potato,1,P,0.001,20.62
608,2,potato,1,K,0.001,26.49
608,2,potato,2,Urea,0.3,12.7
608,2,potato,3,Urea,0.5,17.9
609,2,potato,1,Urea,0.001,8.5
609,2,potato,1,P,0.001,20.62
609,2,potato,1,K,0.001,26.49
609,2,potato,2,Urea,0.3,12.7
609,2,potato,3,Urea,0.5,17.9
611,2,potato,1,Urea,0.001,8.5
611,2,potato,1,P,0.001,20.62
611,2,potato,1,K,0.001,26.49
611,2,potato,2,Urea,0.3,12.7
611,2,potato,3,Urea,0.5,17.9
612,2,potato,1,Urea,0.001,8.5
612,2,potato,1,P,0.001,20.62
612,2,potato,1,K,0.001,26.49
612,2,potato,2,Urea,0.3,12.7
612,2,potato,3,Urea,0.5,17.9
614,2,potato,1,Urea,0.001,8.5
614,2,potato,1,P,0.001,20.62
614,2,potato,1,K,0.001,26.49
614,2,potato,2,Urea,0.3,12.7
614,2,potato,3,Urea,0.5,17.9
615,2,potato,1,Urea,0.001,8.5
615,2,potato,1,P,0.001,20.62
615,2,potato,1,K,0.001,26.49
615,2,potato,2,Urea,0.3,12.7
615,2,potato,3,Urea,0.5,17.9
617,2,potato,1,Urea,0.001,8.5
617,2,potato,1,P,0.001,20.62
617,2,potato,1,K,0.001,26.49
617,2,potato,2,Urea,0.3,12.7
617,2,potato,3,Urea,0.5,17.9
618,2,potato,1,Urea,0.001,8.5
618,2,potato,1,P,0.001,20.62
618,2,potato,1,K,0.001,26.49
618,2,potato,2,Urea,0.3,12.7
618,2,potato,3,Urea,0.5,17.9
619,2,potato,1,Urea,0.001,8.5
619,2,potato,1,P,0.001,20.62
619,2,potato,1,K,0.001,26.49
619,2,potato,2,Urea,0.3,12.7
619,2,potato,3,Urea,0.5,17.9
620,2,potato,1,Urea,0.001,8.5
620,2,potato,1,P,0.001,20.62
620,2,potato,1,K,0.001,26.49
620,2,potato,2,Urea,0.3,12.7
620,2,potato,3,Urea,0.5,17.9
622,2,potato,1,Urea,0.001,8.5
622,2,potato,1,P,0.001,20.62
622,2,potato,1,K,0.001,26.49
622,2,potato,2,Urea,0.3,12.7
622,2,potato,3,Urea,0.5,17.9
624,2,potato,1,Urea,0.001,8.5
624,2,potato,1,P,0.001,20.62
624,2,potato,1,K,0.001,26.49
624,2,potato,2,Urea,0.3,12.7
624,2,potato,3,Urea,0.5,17.9
625,2,potato,1,Urea,0.001,8.5
625,2,potato,1,P,0.001,20.62
625,2,potato,1,K,0.001,26.49
625,2,potato,2,Urea,0.3,12.7
625,2,potato,3,Urea,0.5,17.9
626,2,potato,1,Urea,0.001,8.5
626,2,potato,1,P,0.001,20.62
626,2,potato,1,K,0.001,26.49
626,2,potato,2,Urea,0.3,12.7
626,2,potato,3,Urea,0.5,17.9
629,2,potato,1,Urea,0.001,8.5
629,2,potato,1,P,0.001,20.62
629,2,potato,1,K,0.001,26.49
629,2,potato,2,Urea,0.3,12.7
629,2,potato,3,Urea,0.5,17.9
630,2,potato,1,Urea,0.001,8.5
630,2,potato,1,P,0.001,20.62
630,2,potato,1,K,0.001,26.49
630,2,potato,2,Urea,0.3,12.7
630,2,potato,3,Urea,0.5,17.9
631,2,potato,1,Urea,0.001,8.5
631,2,potato,1,P,0.001,20.62
631,2,potato,1,K,0.001,26.49
631,2,potato,2,Urea,0.3,12.7
631,2,potato,3,Urea,0.5,17.9
634,2,potato,1,Urea,0.001,8.5
634,2,potato,1,P,0.001,20.62
634,2,potato,1,K,0.001,26.49
634,2,potato,2,Urea,0.3,12.7
634,2,potato,3,Urea,0.5,17.9
635,2,potato,1,Urea,0.001,8.5
635,2,potato,1,P,0.001,20.62
635,2,potato,1,K,0.001,26.49
635,2,potato,2,Urea,0.3,12.7
635,2,potato,3,Urea,0.5,17.9
637,2,potato,1,Urea,0.001,8.5
637,2,potato,1,P,0.001,20.62
637,2,potato,1,K,0.001,26.49
637,2,potato,2,Urea,0.3,12.7
637,2,potato,3,Urea,0.5,17.9
638,2,potato,1,Urea,0.001,8.5
638,2,potato,1,P,0.001,20.62
638,2,potato,1,K,0.001,26.49
638,2,potato,2,Urea,0.3,12.7
638,2,potato,3,Urea,0.5,17.9
639,2,potato,1,Urea,0.001,8.5
639,2,potato,1,P,0.001,20.62
639,2,potato,1,K,0.001,26.49
639,2,potato,2,Urea,0.3,12.7
639,2,potato,3,Urea,0.5,17.9
641,2,potato,1,Urea,0.001,8.5
641,2,potato,1,P,0.001,20.62
641,2,potato,1,K,0.001,26.49
641,2,potato,2,Urea,0.3,12.7
641,2,potato,3,Urea,0.5,17.9
642,2,potato,1,Urea,0.001,8.5
642,2,potato,1,P,0.001,20.62
642,2,potato,1,K,0.001,26.49
642,2,potato,2,Urea,0.3,12.7
642,2,potato,3,Urea,0.5,17.9
645,2,potato,1,Urea,0.001,8.5
645,2,potato,1,P,0.001,20.62
645,2,potato,1,K,0.001,26.49
645,2,potato,2,Urea,0.3,12.7
645,2,potato,3,Urea,0.5,17.9
647,2,potato,1,Urea,0.001,8.5
647,2,potato,1,P,0.001,20.62
647,2,potato,1,K,0.001,26.49
647,2,potato,2,Urea,0.3,12.7
647,2,potato,3,Urea,0.5,17.9
649,2,potato,1,Urea,0.001,8.5
649,2,potato,1,P,0.001,20.62
649,2,potato,1,K,0.001,26.49
649,2,potato,2,Urea,0.3,12.7
649,2,potato,3,Urea,0.5,17.9
656,2,potato,1,Urea,0.001,8.5
656,2,potato,1,P,0.001,20.62
656,2,potato,1,K,0.001,26.49
656,2,potato,2,Urea,0.3,12.7
656,2,potato,3,Urea,0.5,17.9
658,2,potato,1,Urea,0.001,8.5
658,2,potato,1,P,0.001,20.62
658,2,potato,1,K,0.001,26.49
658,2,potato,2,Urea,0.3,12.7
658,2,potato,3,Urea,0.5,17.9
659,2,potato,1,Urea,0.001,8.5
659,2,potato,1,P,0.001,20.62
659,2,potato,1,K,0.001,26.49
659,2,potato,2,Urea,0.3,12.7
659,2,potato,3,Urea,0.5,17.9
660,2,potato,1,Urea,0.001,8.5
660,2,potato,1,P,0.001,20.62
660,2,potato,1,K,0.001,26.49
660,2,potato,2,Urea,0.3,12.7
660,2,potato,3,Urea,0.5,17.9
661,2,potato,1,Urea,0.001,8.5
661,2,potato,1,P,0.001,20.62
661,2,potato,1,K,0.001,26.49
661,2,potato,2,Urea,0.3,12.7
661,2,potato,3,Urea,0.5,17.9
662,2,potato,1,Urea,0.001,8.5
662,2,potato,1,P,0.001,20.62
662,2,potato,1,K,0.001,26.49
662,2,potato,2,Urea,0.3,12.7
662,2,potato,3,Urea,0.5,17.9
663,2,potato,1,Urea,0.001,8.5
663,2,potato,1,P,0.001,20.62
663,2,potato,1,K,0.001,26.49
663,2,potato,2,Urea,0.3,12.7
663,2,potato,3,Urea,0.5,17.9
664,2,potato,1,Urea,0.001,8.5
664,2,potato,1,P,0.001,20.62
664,2,potato,1,K,0.001,26.49
664,2,potato,2,Urea,0.3,12.7
664,2,potato,3,Urea,0.5,17.9
667,2,potato,1,Urea,0.001,8.5
667,2,potato,1,P,0.001,20.62
667,2,potato,1,K,0.001,26.49
667,2,potato,2,Urea,0.3,12.7
667,2,potato,3,Urea,0.5,17.9
668,2,potato,1,Urea,0.001,8.5
668,2,potato,1,P,0.001,20.62
668,2,potato,1,K,0.001,26.49
668,2,potato,2,Urea,0.3,12.7
668,2,potato,3,Urea,0.5,17.9
669,2,potato,1,Urea,0.001,8.5
669,2,potato,1,P,0.001,20.62
669,2,potato,1,K,0.001,26.49
669,2,potato,2,Urea,0.3,12.7
669,2,potato,3,Urea,0.5,17.9
670,2,potato,1,Urea,0.001,8.5
670,2,potato,1,P,0.001,20.62
670,2,potato,1,K,0.001,26.49
670,2,potato,2,Urea,0.3,12.7
670,2,potato,3,Urea,0.5,17.9
673,2,potato,1,Urea,0.001,8.5
673,2,potato,1,P,0.001,20.62
673,2,potato,1,K,0.001,26.49
673,2,potato,2,Urea,0.3,12.7
673,2,potato,3,Urea,0.5,17.9
677,2,potato,1,Urea,0.001,8.5
677,2,potato,1,P,0.001,20.62
677,2,potato,1,K,0.001,26.49
677,2,potato,2,Urea,0.3,12.7
677,2,potato,3,Urea,0.5,17.9
678,2,potato,1,Urea,0.001,8.5
678,2,potato,1,P,0.001,20.62
678,2,potato,1,K,0.001,26.49
678,2,potato,2,Urea,0.3,12.7
678,2,potato,3,Urea,0.5,17.9
680,2,potato,1,Urea,0.001,8.5
680,2,potato,1,P,0.001,20.62
680,2,potato,1,K,0.001,26.49
680,2,potato,2,Urea,0.3,12.7
680,2,potato,3,Urea,0.5,17.9
681,2,potato,1,Urea,0.001,8.5
681,2,potato,1,P,0.001,20.62
681,2,potato,1,K,0.001,26.49
681,2,potato,2,Urea,0.3,12.7
681,2,potato,3,Urea,0.5,17.9
683,2,potato,1,Urea,0.001,8.5
683,2,potato,1,P,0.001,20.62
683,2,potato,1,K,0.001,26.49
683,2,potato,2,Urea,0.3,12.7
683,2,potato,3,Urea,0.5,17.9
684,2,potato,1,Urea,0.001,8.5
684,2,potato,1,P,0.001,20.62
684,2,potato,1,K,0.001,26.49
684,2,potato,2,Urea,0.3,12.7
684,2,potato,3,Urea,0.5,17.9
685,2,potato,1,Urea,0.001,8.5
685,2,potato,1,P,0.001,20.62
685,2,potato,1,K,0.001,26.49
685,2,potato,2,Urea,0.3,12.7
685,2,potato,3,Urea,0.5,17.9
686,2,potato,1,Urea,0.001,8.5
686,2,potato,1,P,0.001,20.62
686,2,potato,1,K,0.001,26.49
686,2,potato,2,Urea,0.3,12.7
686,2,potato,3,Urea,0.5,17.9
689,2,potato,1,Urea,0.001,8.5
689,2,potato,1,P,0.001,20.62
689,2,potato,1,K,0.001,26.49
689,2,potato,2,Urea,0.3,12.7
689,2,potato,3,Urea,0.5,17.9
690,2,potato,1,Urea,0.001,8.5
690,2,potato,1,P,0.001,20.62
690,2,potato,1,K,0.001,26.49
690,2,potato,2,Urea,0.3,12.7
690,2,potato,3,Urea,0.5,17.9
691,2,potato,1,Urea,0.001,8.5
691,2,potato,1,P,0.001,20.62
691,2,potato,1,K,0.001,26.49
691,2,potato,2,Urea,0.3,12.7
691,2,potato,3,Urea,0.5,17.9
692,2,potato,1,Urea,0.001,8.5
692,2,potato,1,P,0.001,20.62
692,2,potato,1,K,0.001,26.49
692,2,potato,2,Urea,0.3,12.7
692,2,potato,3,Urea,0.5,17.9
695,2,potato,1,Urea,0.001,8.5
695,2,potato,1,P,0.001,20.62
695,2,potato,1,K,0.001,26.49
695,2,potato,2,Urea,0.3,12.7
695,2,potato,3,Urea,0.5,17.9
696,2,potato,1,Urea,0.001,8.5
696,2,potato,1,P,0.001,20.62
696,2,potato,1,K,0.001,26.49
696,2,potato,2,Urea,0.3,12.7
696,2,potato,3,Urea,0.5,17.9
697,2,potato,1,Urea,0.001,8.5
697,2,potato,1,P,0.001,20.62
697,2,potato,1,K,0.001,26.49
697,2,potato,2,Urea,0.3,12.7
697,2,potato,3,Urea,0.5,17.9
699,2,potato,1,Urea,0.001,8.5
699,2,potato,1,P,0.001,20.62
699,2,potato,1,K,0.001,26.49
699,2,potato,2,Urea,0.3,12.7
699,2,potato,3,Urea,0.5,17.9
702,2,potato,1,Urea,0.001,8.5
702,2,potato,1,P,0.001,20.62
702,2,potato,1,K,0.001,26.49
702,2,potato,2,Urea,0.3,12.7
702,2,potato,3,Urea,0.5,17.9
703,2,potato,1,Urea,0.001,8.5
703,2,potato,1,P,0.001,20.62
703,2,potato,1,K,0.001,26.49
703,2,potato,2,Urea,0.3,12.7
703,2,potato,3,Urea,0.5,17.9
705,2,potato,1,Urea,0.001,8.5
705,2,potato,1,P,0.001,20.62
705,2,potato,1,K,0.001,26.49
705,2,potato,2,Urea,0.3,12.7
705,2,potato,3,Urea,0.5,17.9
708,2,potato,1,Urea,0.001,8.5
708,2,potato,1,P,0.001,20.62
708,2,potato,1,K,0.001,26.49
708,2,potato,2,Urea,0.3,12.7
708,2,potato,3,Urea,0.5,17.9
709,2,potato,1,Urea,0.001,8.5
709,2,potato,1,P,0.001,20.62
709,2,potato,1,K,0.001,26.49
709,2,potato,2,Urea,0.3,12.7
709,2,potato,3,Urea,0.5,17.9
711,2,potato,1,Urea,0.001,8.5
711,2,potato,1,P,0.001,20.62
711,2,potato,1,K,0.001,26.49
711,2,potato,2,Urea,0.3,12.7
711,2,potato,3,Urea,0.5,17.9
717,2,potato,1,Urea,0.001,8.5
717,2,potato,1,P,0.001,20.62
717,2,potato,1,K,0.001,26.49
717,2,potato,2,Urea,0.3,12.7
717,2,potato,3,Urea,0.5,17.9
718,2,potato,1,Urea,0.001,8.5
718,2,potato,1,P,0.001,20.62
718,2,potato,1,K,0.001,26.49
718,2,potato,2,Urea,0.3,12.7
718,2,potato,3,Urea,0.5,17.9
720,2,potato,1,Urea,0.001,8.5
720,2,potato,1,P,0.001,20.62
720,2,potato,1,K,0.001,26.49
720,2,potato,2,Urea,0.3,12.7
720,2,potato,3,Urea,0.5,17.9
721,2,potato,1,Urea,0.001,8.5
721,2,potato,1,P,0.001,20.62
721,2,potato,1,K,0.001,26.49
721,2,potato,2,Urea,0.3,12.7
721,2,potato,3,Urea,0.5,17.9
722,2,potato,1,Urea,0.001,8.5
722,2,potato,1,P,0.001,20.62
722,2,potato,1,K,0.001,26.49
722,2,potato,2,Urea,0.3,12.7
722,2,potato,3,Urea,0.5,17.9
723,2,potato,1,Urea,0.001,8.5
723,2,potato,1,P,0.001,20.62
723,2,potato,1,K,0.001,26.49
723,2,potato,2,Urea,0.3,12.7
723,2,potato,3,Urea,0.5,17.9
724,2,potato,1,Urea,0.001,8.5
724,2,potato,1,P,0.001,20.62
724,2,potato,1,K,0.001,26.49
724,2,potato,2,Urea,0.3,12.7
724,2,potato,3,Urea,0.5,17.9
725,2,potato,1,Urea,0.001,8.5
725,2,potato,1,P,0.001,20.62
725,2,potato,1,K,0.001,26.49
725,2,potato,2,Urea,0.3,12.7
725,2,potato,3,Urea,0.5,17.9
726,2,potato,1,Urea,0.001,8.5
726,2,potato,1,P,0.001,20.62
726,2,potato,1,K,0.001,26.49
726,2,potato,2,Urea,0.3,12.7
726,2,potato,3,Urea,0.5,17.9
728,2,potato,1,Urea,0.001,8.5
728,2,potato,1,P,0.001,20.62
728,2,potato,1,K,0.001,26.49
728,2,potato,2,Urea,0.3,12.7
728,2,potato,3,Urea,0.5,17.9
731,2,potato,1,Urea,0.001,8.5
731,2,potato,1,P,0.001,20.62
731,2,potato,1,K,0.001,26.49
731,2,potato,2,Urea,0.3,12.7
731,2,potato,3,Urea,0.5,17.9
733,2,potato,1,Urea,0.001,8.5
733,2,potato,1,P,0.001,20.62
733,2,potato,1,K,0.001,26.49
733,2,potato,2,Urea,0.3,12.7
733,2,potato,3,Urea,0.5,17.9
734,2,potato,1,Urea,0.001,8.5
734,2,potato,1,P,0.001,20.62
734,2,potato,1,K,0.001,26.49
734,2,potato,2,Urea,0.3,12.7
734,2,potato,3,Urea,0.5,17.9
738,2,potato,1,Urea,0.001,8.5
738,2,potato,1,P,0.001,20.62
738,2,potato,1,K,0.001,26.49
738,2,potato,2,Urea,0.3,12.7
738,2,potato,3,Urea,0.5,17.9
742,2,potato,1,Urea,0.001,8.5
742,2,potato,1,P,0.001,20.62
742,2,potato,1,K,0.001,26.49
742,2,potato,2,Urea,0.3,12.7
742,2,potato,3,Urea,0.5,17.9
745,2,potato,1,Urea,0.001,8.5
745,2,potato,1,P,0.001,20.62
745,2,potato,1,K,0.001,26.49
745,2,potato,2,Urea,0.3,12.7
745,2,potato,3,Urea,0.5,17.9
750,2,potato,1,Urea,0.001,8.5
750,2,potato,1,P,0.001,20.62
750,2,potato,1,K,0.001,26.49
750,2,potato,2,Urea,0.3,12.7
750,2,potato,3,Urea,0.5,17.9
751,2,potato,1,Urea,0.001,8.5
751,2,potato,1,P,0.001,20.62
751,2,potato,1,K,0.001,26.49
751,2,potato,2,Urea,0.3,12.7
751,2,potato,3,Urea,0.5,17.9
752,2,potato,1,Urea,0.001,8.5
752,2,potato,1,P,0.001,20.62
752,2,potato,1,K,0.001,26.49
752,2,potato,2,Urea,0.3,12.7
752,2,potato,3,Urea,0.5,17.9
753,2,potato,1,Urea,0.001,8.5
753,2,potato,1,P,0.001,20.62
753,2,potato,1,K,0.001,26.49
753,2,potato,2,Urea,0.3,12.7
753,2,potato,3,Urea,0.5,17.9
756,2,potato,1,Urea,0.001,8.5
756,2,potato,1,P,0.001,20.62
756,2,potato,1,K,0.001,26.49
756,2,potato,2,Urea,0.3,12.7
756,2,potato,3,Urea,0.5,17.9
757,2,potato,1,Urea,0.001,8.5
757,2,potato,1,P,0.001,20.62
757,2,potato,1,K,0.001,26.49
757,2,potato,2,Urea,0.3,12.7
757,2,potato,3,Urea,0.5,17.9
758,2,potato,1,Urea,0.001,8.5
758,2,potato,1,P,0.001,20.62
758,2,potato,1,K,0.001,26.49
758,2,potato,2,Urea,0.3,12.7
758,2,potato,3,Urea,0.5,17.9
760,2,potato,1,Urea,0.001,8.5
760,2,potato,1,P,0.001,20.62
760,2,potato,1,K,0.001,26.49
760,2,potato,2,Urea,0.3,12.7
760,2,potato,3,Urea,0.5,17.9
761,2,potato,1,Urea,0.001,8.5
761,2,potato,1,P,0.001,20.62
761,2,potato,1,K,0.001,26.49
761,2,potato,2,Urea,0.3,12.7
761,2,potato,3,Urea,0.5,17.9
762,2,potato,1,Urea,0.001,8.5
762,2,potato,1,P,0.001,20.62
762,2,potato,1,K,0.001,26.49
762,2,potato,2,Urea,0.3,12.7
762,2,potato,3,Urea,0.5,17.9
763,2,potato,1,Urea,0.001,8.5
763,2,potato,1,P,0.001,20.62
763,2,potato,1,K,0.001,26.49
763,2,potato,2,Urea,0.3,12.7
763,2,potato,3,Urea,0.5,17.9
764,2,potato,1,Urea,0.001,8.5
764,2,potato,1,P,0.001,20.62
764,2,potato,1,K,0.001,26.49
764,2,potato,2,Urea,0.3,12.7
764,2,potato,3,Urea,0.5,17.9
769,2,potato,1,Urea,0.001,8.5
769,2,potato,1,P,0.001,20.62
769,2,potato,1,K,0.001,26.49
769,2,potato,2,Urea,0.3,12.7
769,2,potato,3,Urea,0.5,17.9
781,2,potato,1,Urea,0.001,8.5
781,2,potato,1,P,0.001,20.62
781,2,potato,1,K,0.001,26.49
781,2,potato,2,Urea,0.3,12.7
781,2,potato,3,Urea,0.5,17.9
782,2,potato,1,Urea,0.001,8.5
782,2,potato,1,P,0.001,20.62
782,2,potato,1,K,0.001,26.49
782,2,potato,2,Urea,0.3,12.7
782,2,potato,3,Urea,0.5,17.9
784,2,potato,1,Urea,0.001,8.5
784,2,potato,1,P,0.001,20.62
784,2,potato,1,K,0.001,26.49
784,2,potato,2,Urea,0.3,12.7
784,2,potato,3,Urea,0.5,17.9
786,2,potato,1,Urea,0.001,8.5
786,2,potato,1,P,0.001,20.62
786,2,potato,1,K,0.001,26.49
786,2,potato,2,Urea,0.3,12.7
786,2,potato,3,Urea,0.5,17.9
787,2,potato,1,Urea,0.001,8.5
787,2,potato,1,P,0.001,20.62
787,2,potato,1,K,0.001,26.49
787,2,potato,2,Urea,0.3,12.7
787,2,potato,3,Urea,0.5,17.9
789,2,potato,1,Urea,0.001,8.5
789,2,potato,1,P,0.001,20.62
789,2,potato,1,K,0.001,26.49
789,2,potato,2,Urea,0.3,12.7
789,2,potato,3,Urea,0.5,17.9
790,2,potato,1,Urea,0.001,8.5
790,2,potato,1,P,0.001,20.62
790,2,potato,1,K,0.001,26.49
790,2,potato,2,Urea,0.3,12.7
790,2,potato,3,Urea,0.5,17.9
796,2,potato,1,Urea,0.001,8.5
796,2,potato,1,P,0.001,20.62
796,2,potato,1,K,0.001,26.49
796,2,potato,2,Urea,0.3,12.7
796,2,potato,3,Urea,0.5,17.9
798,2,potato,1,Urea,0.001,8.5
798,2,potato,1,P,0.001,20.62
798,2,potato,1,K,0.001,26.49
798,2,potato,2,Urea,0.3,12.7
798,2,potato,3,Urea,0.5,17.9
799,2,potato,1,Urea,0.001,8.5
799,2,potato,1,P,0.001,20.62
799,2,potato,1,K,0.001,26.49
799,2,potato,2,Urea,0.3,12.7
799,2,potato,3,Urea,0.5,17.9
800,2,potato,1,Urea,0.001,8.5
800,2,potato,1,P,0.001,20.62
800,2,potato,1,K,0.001,26.49
800,2,potato,2,Urea,0.3,12.7
800,2,potato,3,Urea,0.5,17.9
801,2,potato,1,Urea,0.001,8.5
801,2,potato,1,P,0.001,20.62
801,2,potato,1,K,0.001,26.49
801,2,potato,2,Urea,0.3,12.7
801,2,potato,3,Urea,0.5,17.9
804,2,potato,1,Urea,0.001,8.5
804,2,potato,1,P,0.001,20.62
804,2,potato,1,K,0.001,26.49
804,2,potato,2,Urea,0.3,12.7
804,2,potato,3,Urea,0.5,17.9
805,2,potato,1,Urea,0.001,8.5
805,2,potato,1,P,0.001,20.62
805,2,potato,1,K,0.001,26.49
805,2,potato,2,Urea,0.3,12.7
805,2,potato,3,Urea,0.5,17.9
806,2,potato,1,Urea,0.001,8.5
806,2,potato,1,P,0.001,20.62
806,2,potato,1,K,0.001,26.49
806,2,potato,2,Urea,0.3,12.7
806,2,potato,3,Urea,0.5,17.9
808,2,potato,1,Urea,0.001,8.5
808,2,potato,1,P,0.001,20.62
808,2,potato,1,K,0.001,26.49
808,2,potato,2,Urea,0.3,12.7
808,2,potato,3,Urea,0.5,17.9
809,2,potato,1,Urea,0.001,8.5
809,2,potato,1,P,0.001,20.62
809,2,potato,1,K,0.001,26.49
809,2,potato,2,Urea,0.3,12.7
809,2,potato,3,Urea,0.5,17.9
811,2,potato,1,Urea,0.001,8.5
811,2,potato,1,P,0.001,20.62
811,2,potato,1,K,0.001,26.49
811,2,potato,2,Urea,0.3,12.7
811,2,potato,3,Urea,0.5,17.9
813,2,potato,1,Urea,0.001,8.5
813,2,potato,1,P,0.001,20.62
813,2,potato,1,K,0.001,26.49
813,2,potato,2,Urea,0.3,12.7
813,2,potato,3,Urea,0.5,17.9
814,2,potato,1,Urea,0.001,8.5
814,2,potato,1,P,0.001,20.62
814,2,potato,1,K,0.001,26.49
814,2,potato,2,Urea,0.3,12.7
814,2,potato,3,Urea,0.5,17.9
815,2,potato,1,Urea,0.001,8.5
815,2,potato,1,P,0.001,20.62
815,2,potato,1,K,0.001,26.49
815,2,potato,2,Urea,0.3,12.7
815,2,potato,3,Urea,0.5,17.9
816,2,potato,1,Urea,0.001,8.5
816,2,potato,1,P,0.001,20.62
816,2,potato,1,K,0.001,26.49
816,2,potato,2,Urea,0.3,12.7
816,2,potato,3,Urea,0.5,17.9
818,2,potato,1,Urea,0.001,8.5
818,2,potato,1,P,0.001,20.62
818,2,potato,1,K,0.001,26.49
818,2,potato,2,Urea,0.3,12.7
818,2,potato,3,Urea,0.5,17.9
819,2,potato,1,Urea,0.001,8.5
819,2,potato,1,P,0.001,20.62
819,2,potato,1,K,0.001,26.49
819,2,potato,2,Urea,0.3,12.7
819,2,potato,3,Urea,0.5,17.9
820,2,potato,1,Urea,0.001,8.5
820,2,potato,1,P,0.001,20.62
820,2,potato,1,K,0.001,26.49
820,2,potato,2,Urea,0.3,12.7
820,2,potato,3,Urea,0.5,17.9
822,2,potato,1,Urea,0.001,8.5
822,2,potato,1,P,0.001,20.62
822,2,potato,1,K,0.001,26.49
822,2,potato,2,Urea,0.3,12.7
822,2,potato,3,Urea,0.5,17.9
823,2,potato,1,Urea,0.001,8.5
823,2,potato,1,P,0.001,20.62
823,2,potato,1,K,0.001,26.49
823,2,potato,2,Urea,0.3,12.7
823,2,potato,3,Urea,0.5,17.9
824,2,potato,1,Urea,0.001,8.5
824,2,potato,1,P,0.001,20.62
824,2,potato,1,K,0.001,26.49
824,2,potato,2,Urea,0.3,12.7
824,2,potato,3,Urea,0.5,17.9
825,2,potato,1,Urea,0.001,8.5
825,2,potato,1,P,0.001,20.62
825,2,potato,1,K,0.001,26.49
825,2,potato,2,Urea,0.3,12.7
825,2,potato,3,Urea,0.5,17.9
826,2,potato,1,Urea,0.001,8.5
826,2,potato,1,P,0.001,20.62
826,2,potato,1,K,0.001,26.49
826,2,potato,2,Urea,0.3,12.7
826,2,potato,3,Urea,0.5,17.9
827,2,potato,1,Urea,0.001,8.5
827,2,potato,1,P,0.001,20.62
827,2,potato,1,K,0.001,26.49
827,2,potato,2,Urea,0.3,12.7
827,2,potato,3,Urea,0.5,17.9
828,2,potato,1,Urea,0.001,8.5
828,2,potato,1,P,0.001,20.62
828,2,potato,1,K,0.001,26.49
828,2,potato,2,Urea,0.3,12.7
828,2,potato,3,Urea,0.5,17.9
829,2,potato,1,Urea,0.001,8.5
829,2,potato,1,P,0.001,20.62
829,2,potato,1,K,0.001,26.49
829,2,potato,2,Urea,0.3,12.7
829,2,potato,3,Urea,0.5,17.9
833,2,potato,1,Urea,0.001,8.5
833,2,potato,1,P,0.001,20.62
833,2,potato,1,K,0.001,26.49
833,2,potato,2,Urea,0.3,12.7
833,2,potato,3,Urea,0.5,17.9
839,2,potato,1,Urea,0.001,8.5
839,2,potato,1,P,0.001,20.62
839,2,potato,1,K,0.001,26.49
839,2,potato,2,Urea,0.3,12.7
839,2,potato,3,Urea,0.5,17.9
840,2,potato,1,Urea,0.001,8.5
840,2,potato,1,P,0.001,20.62
840,2,potato,1,K,0.001,26.49
840,2,potato,2,Urea,0.3,12.7
840,2,potato,3,Urea,0.5,17.9
841,2,potato,1,Urea,0.001,8.5
841,2,potato,1,P,0.001,20.62
841,2,potato,1,K,0.001,26.49
841,2,potato,2,Urea,0.3,12.7
841,2,potato,3,Urea,0.5,17.9
847,2,potato,1,Urea,0.001,8.5
847,2,potato,1,P,0.001,20.62
847,2,potato,1,K,0.001,26.49
847,2,potato,2,Urea,0.3,12.7
847,2,potato,3,Urea,0.5,17.9
849,2,potato,1,Urea,0.001,8.5
849,2,potato,1,P,0.001,20.62
849,2,potato,1,K,0.001,26.49
849,2,potato,2,Urea,0.3,12.7
849,2,potato,3,Urea,0.5,17.9
853,2,potato,1,Urea,0.001,8.5
853,2,potato,1,P,0.001,20.62
853,2,potato,1,K,0.001,26.49
853,2,potato,2,Urea,0.3,12.7
853,2,potato,3,Urea,0.5,17.9
855,2,potato,1,Urea,0.001,8.5
855,2,potato,1,P,0.001,20.62
855,2,potato,1,K,0.001,26.49
855,2,potato,2,Urea,0.3,12.7
855,2,potato,3,Urea,0.5,17.9
857,2,potato,1,Urea,0.001,8.5
857,2,potato,1,P,0.001,20.62
857,2,potato,1,K,0.001,26.49
857,2,potato,2,Urea,0.3,12.7
857,2,potato,3,Urea,0.5,17.9
858,2,potato,1,Urea,0.001,8.5
858,2,potato,1,P,0.001,20.62
858,2,potato,1,K,0.001,26.49
858,2,potato,2,Urea,0.3,12.7
858,2,potato,3,Urea,0.5,17.9
859,2,potato,1,Urea,0.001,8.5
859,2,potato,1,P,0.001,20.62
859,2,potato,1,K,0.001,26.49
859,2,potato,2,Urea,0.3,12.7
859,2,potato,3,Urea,0.5,17.9
860,2,potato,1,Urea,0.001,8.5
860,2,potato,1,P,0.001,20.62
860,2,potato,1,K,0.001,26.49
860,2,potato,2,Urea,0.3,12.7
860,2,potato,3,Urea,0.5,17.9
861,2,potato,1,Urea,0.001,8.5
861,2,potato,1,P,0.001,20.62
861,2,potato,1,K,0.001,26.49
861,2,potato,2,Urea,0.3,12.7
861,2,potato,3,Urea,0.5,17.9
863,2,potato,1,Urea,0.001,8.5
863,2,potato,1,P,0.001,20.62
863,2,potato,1,K,0.001,26.49
863,2,potato,2,Urea,0.3,12.7
863,2,potato,3,Urea,0.5,17.9
864,2,potato,1,Urea,0.001,8.5
864,2,potato,1,P,0.001,20.62
864,2,potato,1,K,0.001,26.49
864,2,potato,2,Urea,0.3,12.7
864,2,potato,3,Urea,0.5,17.9
865,2,potato,1,Urea,0.001,8.5
865,2,potato,1,P,0.001,20.62
865,2,potato,1,K,0.001,26.49
865,2,potato,2,Urea,0.3,12.7
865,2,potato,3,Urea,0.5,17.9
866,2,potato,1,Urea,0.001,8.5
866,2,potato,1,P,0.001,20.62
866,2,potato,1,K,0.001,26.49
866,2,potato,2,Urea,0.3,12.7
866,2,potato,3,Urea,0.5,17.9
868,2,potato,1,Urea,0.001,8.5
868,2,potato,1,P,0.001,20.62
868,2,potato,1,K,0.001,26.49
868,2,potato,2,Urea,0.3,12.7
868,2,potato,3,Urea,0.5,17.9
869,2,potato,1,Urea,0.001,8.5
869,2,potato,1,P,0.001,20.62
869,2,potato,1,K,0.001,26.49
869,2,potato,2,Urea,0.3,12.7
869,2,potato,3,Urea,0.5,17.9
870,2,potato,1,Urea,0.001,8.5
870,2,potato,1,P,0.001,20.62
870,2,potato,1,K,0.001,26.49
870,2,potato,2,Urea,0.3,12.7
870,2,potato,3,Urea,0.5,17.9
874,2,potato,1,Urea,0.001,8.5
874,2,potato,1,P,0.001,20.62
874,2,potato,1,K,0.001,26.49
874,2,potato,2,Urea,0.3,12.7
874,2,potato,3,Urea,0.5,17.9
879,2,potato,1,Urea,0.001,8.5
879,2,potato,1,P,0.001,20.62
879,2,potato,1,K,0.001,26.49
879,2,potato,2,Urea,0.3,12.7
879,2,potato,3,Urea,0.5,17.9
880,2,potato,1,Urea,0.001,8.5
880,2,potato,1,P,0.001,20.62
880,2,potato,1,K,0.001,26.49
880,2,potato,2,Urea,0.3,12.7
880,2,potato,3,Urea,0.5,17.9
883,2,potato,1,Urea,0.001,8.5
883,2,potato,1,P,0.001,20.62
883,2,potato,1,K,0.001,26.49
883,2,potato,2,Urea,0.3,12.7
883,2,potato,3,Urea,0.5,17.9
884,2,potato,1,Urea,0.001,8.5
884,2,potato,1,P,0.001,20.62
884,2,potato,1,K,0.001,26.49
884,2,potato,2,Urea,0.3,12.7
884,2,potato,3,Urea,0.5,17.9
887,2,potato,1,Urea,0.001,8.5
887,2,potato,1,P,0.001,20.62
887,2,potato,1,K,0.001,26.49
887,2,potato,2,Urea,0.3,12.7
887,2,potato,3,Urea,0.5,17.9
889,2,potato,1,Urea,0.001,8.5
889,2,potato,1,P,0.001,20.62
889,2,potato,1,K,0.001,26.49
889,2,potato,2,Urea,0.3,12.7
889,2,potato,3,Urea,0.5,17.9
892,2,potato,1,Urea,0.001,8.5
892,2,potato,1,P,0.001,20.62
892,2,potato,1,K,0.001,26.49
892,2,potato,2,Urea,0.3,12.7
892,2,potato,3,Urea,0.5,17.9
896,2,potato,1,Urea,0.001,8.5
896,2,potato,1,P,0.001,20.62
896,2,potato,1,K,0.001,26.49
896,2,potato,2,Urea,0.3,12.7
896,2,potato,3,Urea,0.5,17.9
899,2,potato,1,Urea,0.001,8.5
899,2,potato,1,P,0.001,20.62
899,2,potato,1,K,0.001,26.49
899,2,potato,2,Urea,0.3,12.7
899,2,potato,3,Urea,0.5,17.9
900,2,potato,1,Urea,0.001,8.5
900,2,potato,1,P,0.001,20.62
900,2,potato,1,K,0.001,26.49
900,2,potato,2,Urea,0.3,12.7
900,2,potato,3,Urea,0.5,17.9
901,2,potato,1,Urea,0.001,8.5
901,2,potato,1,P,0.001,20.62
901,2,potato,1,K,0.001,26.49
901,2,potato,2,Urea,0.3,12.7
901,2,potato,3,Urea,0.5,17.9
902,2,potato,1,Urea,0.001,8.5
902,2,potato,1,P,0.001,20.62
902,2,potato,1,K,0.001,26.49
902,2,potato,2,Urea,0.3,12.7
902,2,potato,3,Urea,0.5,17.9
903,2,potato,1,Urea,0.001,8.5
903,2,potato,1,P,0.001,20.62
903,2,potato,1,K,0.001,26.49
903,2,potato,2,Urea,0.3,12.7
903,2,potato,3,Urea,0.5,17.9
911,2,potato,1,Urea,0.001,8.5
911,2,potato,1,P,0.001,20.62
911,2,potato,1,K,0.001,26.49
911,2,potato,2,Urea,0.3,12.7
911,2,potato,3,Urea,0.5,17.9
915,2,potato,1,Urea,0.001,8.5
915,2,potato,1,P,0.001,20.62
915,2,potato,1,K,0.001,26.49
915,2,potato,2,Urea,0.3,12.7
915,2,potato,3,Urea,0.5,17.9
918,2,potato,1,Urea,0.001,8.5
918,2,potato,1,P,0.001,20.62
918,2,potato,1,K,0.001,26.49
918,2,potato,2,Urea,0.3,12.7
918,2,potato,3,Urea,0.5,17.9
922,2,potato,1,Urea,0.001,8.5
922,2,potato,1,P,0.001,20.62
922,2,potato,1,K,0.001,26.49
922,2,potato,2,Urea,0.3,12.7
922,2,potato,3,Urea,0.5,17.9
924,2,potato,1,Urea,0.001,8.5
924,2,potato,1,P,0.001,20.62
924,2,potato,1,K,0.001,26.49
924,2,potato,2,Urea,0.3,12.7
924,2,potato,3,Urea,0.5,17.9
938,2,potato,1,Urea,0.001,8.5
938,2,potato,1,P,0.001,20.62
938,2,potato,1,K,0.001,26.49
938,2,potato,2,Urea,0.3,12.7
938,2,potato,3,Urea,0.5,17.9
940,2,potato,1,Urea,0.001,8.5
940,2,potato,1,P,0.001,20.62
940,2,potato,1,K,0.001,26.49
940,2,potato,2,Urea,0.3,12.7
940,2,potato,3,Urea,0.5,17.9
942,2,potato,1,Urea,0.001,8.5
942,2,potato,1,P,0.001,20.62
942,2,potato,1,K,0.001,26.49
942,2,potato,2,Urea,0.3,12.7
942,2,potato,3,Urea,0.5,17.9
944,2,potato,1,Urea,0.001,8.5
944,2,potato,1,P,0.001,20.62
944,2,potato,1,K,0.001,26.49
944,2,potato,2,Urea,0.3,12.7
944,2,potato,3,Urea,0.5,17.9
945,2,potato,1,Urea,0.001,8.5
945,2,potato,1,P,0.001,20.62
945,2,potato,1,K,0.001,26.49
945,2,potato,2,Urea,0.3,12.7
945,2,potato,3,Urea,0.5,17.9
946,2,potato,1,Urea,0.001,8.5
946,2,potato,1,P,0.001,20.62
946,2,potato,1,K,0.001,26.49
946,2,potato,2,Urea,0.3,12.7
946,2,potato,3,Urea,0.5,17.9
947,2,potato,1,Urea,0.001,8.5
947,2,potato,1,P,0.001,20.62
947,2,potato,1,K,0.001,26.49
947,2,potato,2,Urea,0.3,12.7
947,2,potato,3,Urea,0.5,17.9
950,2,potato,1,Urea,0.001,8.5
950,2,potato,1,P,0.001,20.62
950,2,potato,1,K,0.001,26.49
950,2,potato,2,Urea,0.3,12.7
950,2,potato,3,Urea,0.5,17.9
954,2,potato,1,Urea,0.001,8.5
954,2,potato,1,P,0.001,20.62
954,2,potato,1,K,0.001,26.49
954,2,potato,2,Urea,0.3,12.7
954,2,potato,3,Urea,0.5,17.9
955,2,potato,1,Urea,0.001,8.5
955,2,potato,1,P,0.001,20.62
955,2,potato,1,K,0.001,26.49
955,2,potato,2,Urea,0.3,12.7
955,2,potato,3,Urea,0.5,17.9
956,2,potato,1,Urea,0.001,8.5
956,2,potato,1,P,0.001,20.62
956,2,potato,1,K,0.001,26.49
956,2,potato,2,Urea,0.3,12.7
956,2,potato,3,Urea,0.5,17.9
960,2,potato,1,Urea,0.001,8.5
960,2,potato,1,P,0.001,20.62
960,2,potato,1,K,0.001,26.49
960,2,potato,2,Urea,0.3,12.7
960,2,potato,3,Urea,0.5,17.9
962,2,potato,1,Urea,0.001,8.5
962,2,potato,1,P,0.001,20.62
962,2,potato,1,K,0.001,26.49
962,2,potato,2,Urea,0.3,12.7
962,2,potato,3,Urea,0.5,17.9
963,2,potato,1,Urea,0.001,8.5
963,2,potato,1,P,0.001,20.62
963,2,potato,1,K,0.001,26.49
963,2,potato,2,Urea,0.3,12.7
963,2,potato,3,Urea,0.5,17.9
964,2,potato,1,Urea,0.001,8.5
964,2,potato,1,P,0.001,20.62
964,2,potato,1,K,0.001,26.49
964,2,potato,2,Urea,0.3,12.7
964,2,potato,3,Urea,0.5,17.9
965,2,potato,1,Urea,0.001,8.5
965,2,potato,1,P,0.001,20.62
965,2,potato,1,K,0.001,26.49
965,2,potato,2,Urea,0.3,12.7
965,2,potato,3,Urea,0.5,17.9
966,2,potato,1,Urea,0.001,8.5
966,2,potato,1,P,0.001,20.62
966,2,potato,1,K,0.001,26.49
966,2,potato,2,Urea,0.3,12.7
966,2,potato,3,Urea,0.5,17.9
967,2,potato,1,Urea,0.001,8.5
967,2,potato,1,P,0.001,20.62
967,2,potato,1,K,0.001,26.49
967,2,potato,2,Urea,0.3,12.7
967,2,potato,3,Urea,0.5,17.9
968,2,potato,1,Urea,0.001,8.5
968,2,potato,1,P,0.001,20.62
968,2,potato,1,K,0.001,26.49
968,2,potato,2,Urea,0.3,12.7
968,2,potato,3,Urea,0.5,17.9
969,2,potato,1,Urea,0.001,8.5
969,2,potato,1,P,0.001,20.62
969,2,potato,1,K,0.001,26.49
969,2,potato,2,Urea,0.3,12.7
969,2,potato,3,Urea,0.5,17.9
970,2,potato,1,Urea,0.001,8.5
970,2,potato,1,P,0.001,20.62
970,2,potato,1,K,0.001,26.49
970,2,potato,2,Urea,0.3,12.7
970,2,potato,3,Urea,0.5,17.9
971,2,potato,1,Urea,0.001,8.5
971,2,potato,1,P,0.001,20.62
971,2,potato,1,K,0.001,26.49
971,2,potato,2,Urea,0.3,12.7
971,2,potato,3,Urea,0.5,17.9
972,2,potato,1,Urea,0.001,8.5
972,2,potato,1,P,0.001,20.62
972,2,potato,1,K,0.001,26.49
972,2,potato,2,Urea,0.3,12.7
972,2,potato,3,Urea,0.5,17.9
974,2,potato,1,Urea,0.001,8.5
974,2,potato,1,P,0.001,20.62
974,2,potato,1,K,0.001,26.49
974,2,potato,2,Urea,0.3,12.7
974,2,potato,3,Urea,0.5,17.9
975,2,potato,1,Urea,0.001,8.5
975,2,potato,1,P,0.001,20.62
975,2,potato,1,K,0.001,26.49
975,2,potato,2,Urea,0.3,12.7
975,2,potato,3,Urea,0.5,17.9
979,2,potato,1,Urea,0.001,8.5
979,2,potato,1,P,0.001,20.62
979,2,potato,1,K,0.001,26.49
979,2,potato,2,Urea,0.3,12.7
979,2,potato,3,Urea,0.5,17.9
981,2,potato,1,Urea,0.001,8.5
981,2,potato,1,P,0.001,20.62
981,2,potato,1,K,0.001,26.49
981,2,potato,2,Urea,0.3,12.7
981,2,potato,3,Urea,0.5,17.9
986,2,potato,1,Urea,0.001,8.5
986,2,potato,1,P,0.001,20.62
986,2,potato,1,K,0.001,26.49
986,2,potato,2,Urea,0.3,12.7
986,2,potato,3,Urea,0.5,17.9
988,2,potato,1,Urea,0.001,8.5
988,2,potato,1,P,0.001,20.62
988,2,potato,1,K,0.001,26.49
988,2,potato,2,Urea,0.3,12.7
988,2,potato,3,Urea,0.5,17.9
992,2,potato,1,Urea,0.001,8.5
992,2,potato,1,P,0.001,20.62
992,2,potato,1,K,0.001,26.49
992,2,potato,2,Urea,0.3,12.7
992,2,potato,3,Urea,0.5,17.9
993,2,potato,1,Urea,0.001,8.5
993,2,potato,1,P,0.001,20.62
993,2,potato,1,K,0.001,26.49
993,2,potato,2,Urea,0.3,12.7
993,2,potato,3,Urea,0.5,17.9
994,2,potato,1,Urea,0.001,8.5
994,2,potato,1,P,0.001,20.62
994,2,potato,1,K,0.001,26.49
994,2,potato,2,Urea,0.3,12.7
994,2,potato,3,Urea,0.5,17.9
995,2,potato,1,Urea,0.001,8.5
995,2,potato,1,P,0.001,20.62
995,2,potato,1,K,0.001,26.49
995,2,potato,2,Urea,0.3,12.7
995,2,potato,3,Urea,0.5,17.9
997,2,potato,1,Urea,0.001,8.5
997,2,potato,1,P,0.001,20.62
997,2,potato,1,K,0.001,26.49
997,2,potato,2,Urea,0.3,12.7
997,2,potato,3,Urea,0.5,17.9
999,2,potato,1,Urea,0.001,8.5
999,2,potato,1,P,0.001,20.62
999,2,potato,1,K,0.001,26.49
999,2,potato,2,Urea,0.3,12.7
999,2,potato,3,Urea,0.5,17.9
1001,2,potato,1,Urea,0.001,8.5
1001,2,potato,1,P,0.001,20.62
1001,2,potato,1,K,0.001,26.49
1001,2,potato,2,Urea,0.3,12.7
1001,2,potato,3,Urea,0.5,17.9
1002,2,potato,1,Urea,0.001,8.5
1002,2,potato,1,P,0.001,20.62
1002,2,potato,1,K,0.001,26.49
1002,2,potato,2,Urea,0.3,12.7
1002,2,potato,3,Urea,0.5,17.9
1003,2,potato,1,Urea,0.001,8.5
1003,2,potato,1,P,0.001,20.62
1003,2,potato,1,K,0.001,26.49
1003,2,potato,2,Urea,0.3,12.7
1003,2,potato,3,Urea,0.5,17.9
1005,2,potato,1,Urea,0.001,8.5
1005,2,potato,1,P,0.001,20.62
1005,2,potato,1,K,0.001,26.49
1005,2,potato,2,Urea,0.3,12.7
1005,2,potato,3,Urea,0.5,17.9
1007,2,potato,1,Urea,0.001,8.5
1007,2,potato,1,P,0.001,20.62
1007,2,potato,1,K,0.001,26.49
1007,2,potato,2,Urea,0.3,12.7
1007,2,potato,3,Urea,0.5,17.9
1009,2,potato,1,Urea,0.001,8.5
1009,2,potato,1,P,0.001,20.62
1009,2,potato,1,K,0.001,26.49
1009,2,potato,2,Urea,0.3,12.7
1009,2,potato,3,Urea,0.5,17.9
1010,2,potato,1,Urea,0.001,8.5
1010,2,potato,1,P,0.001,20.62
1010,2,potato,1,K,0.001,26.49
1010,2,potato,2,Urea,0.3,12.7
1010,2,potato,3,Urea,0.5,17.9
1014,2,potato,1,Urea,0.001,8.5
1014,2,potato,1,P,0.001,20.62
1014,2,potato,1,K,0.001,26.49
1014,2,potato,2,Urea,0.3,12.7
1014,2,potato,3,Urea,0.5,17.9
1015,2,potato,1,Urea,0.001,8.5
1015,2,potato,1,P,0.001,20.62
1015,2,potato,1,K,0.001,26.49
1015,2,potato,2,Urea,0.3,12.7
1015,2,potato,3,Urea,0.5,17.9
1016,2,potato,1,Urea,0.001,8.5
1016,2,potato,1,P,0.001,20.62
1016,2,potato,1,K,0.001,26.49
1016,2,potato,2,Urea,0.3,12.7
1016,2,potato,3,Urea,0.5,17.9
1022,2,potato,1,Urea,0.001,8.5
1022,2,potato,1,P,0.001,20.62
1022,2,potato,1,K,0.001,26.49
1022,2,potato,2,Urea,0.3,12.7
1022,2,potato,3,Urea,0.5,17.9
1023,2,potato,1,Urea,0.001,8.5
1023,2,potato,1,P,0.001,20.62
1023,2,potato,1,K,0.001,26.49
1023,2,potato,2,Urea,0.3,12.7
1023,2,potato,3,Urea,0.5,17.9
1024,2,potato,1,Urea,0.001,8.5
1024,2,potato,1,P,0.001,20.62
1024,2,potato,1,K,0.001,26.49
1024,2,potato,2,Urea,0.3,12.7
1024,2,potato,3,Urea,0.5,17.9
1025,2,potato,1,Urea,0.001,8.5
1025,2,potato,1,P,0.001,20.62
1025,2,potato,1,K,0.001,26.49
1025,2,potato,2,Urea,0.3,12.7
1025,2,potato,3,Urea,0.5,17.9
1030,2,potato,1,Urea,0.001,8.5
1030,2,potato,1,P,0.001,20.62
1030,2,potato,1,K,0.001,26.49
1030,2,potato,2,Urea,0.3,12.7
1030,2,potato,3,Urea,0.5,17.9
1033,2,potato,1,Urea,0.001,8.5
1033,2,potato,1,P,0.001,20.62
1033,2,potato,1,K,0.001,26.49
1033,2,potato,2,Urea,0.3,12.7
1033,2,potato,3,Urea,0.5,17.9
1037,2,potato,1,Urea,0.001,8.5
1037,2,potato,1,P,0.001,20.62
1037,2,potato,1,K,0.001,26.49
1037,2,potato,2,Urea,0.3,12.7
1037,2,potato,3,Urea,0.5,17.9
1055,2,potato,1,Urea,0.001,8.5
1055,2,potato,1,P,0.001,20.62
1055,2,potato,1,K,0.001,26.49
1055,2,potato,2,Urea,0.3,12.7
1055,2,potato,3,Urea,0.5,17.9
1059,2,potato,1,Urea,0.001,8.5
1059,2,potato,1,P,0.001,20.62
1059,2,potato,1,K,0.001,26.49
1059,2,potato,2,Urea,0.3,12.7
1059,2,potato,3,Urea,0.5,17.9
1060,2,potato,1,Urea,0.001,8.5
1060,2,potato,1,P,0.001,20.62
1060,2,potato,1,K,0.001,26.49
1060,2,potato,2,Urea,0.3,12.7
1060,2,potato,3,Urea,0.5,17.9
1061,2,potato,1,Urea,0.001,8.5
1061,2,potato,1,P,0.001,20.62
1061,2,potato,1,K,0.001,26.49
1061,2,potato,2,Urea,0.3,12.7
1061,2,potato,3,Urea,0.5,17.9
1062,2,potato,1,Urea,0.001,8.5
1062,2,potato,1,P,0.001,20.62
1062,2,potato,1,K,0.001,26.49
1062,2,potato,2,Urea,0.3,12.7
1062,2,potato,3,Urea,0.5,17.9
1063,2,potato,1,Urea,0.001,8.5
1063,2,potato,1,P,0.001,20.62
1063,2,potato,1,K,0.001,26.49
1063,2,potato,2,Urea,0.3,12.7
1063,2,potato,3,Urea,0.5,17.9
1064,2,potato,1,Urea,0.001,8.5
1064,2,potato,1,P,0.001,20.62
1064,2,potato,1,K,0.001,26.49
1064,2,potato,2,Urea,0.3,12.7
1064,2,potato,3,Urea,0.5,17.9
1065,2,potato,1,Urea,0.001,8.5
1065,2,potato,1,P,0.001,20.62
1065,2,potato,1,K,0.001,26.49
1065,2,potato,2,Urea,0.3,12.7
1065,2,potato,3,Urea,0.5,17.9
1066,2,potato,1,Urea,0.001,8.5
1066,2,potato,1,P,0.001,20.62
1066,2,potato,1,K,0.001,26.49
1066,2,potato,2,Urea,0.3,12.7
1066,2,potato,3,Urea,0.5,17.9
1067,2,potato,1,Urea,0.001,8.5
1067,2,potato,1,P,0.001,20.62
1067,2,potato,1,K,0.001,26.49
1067,2,potato,2,Urea,0.3,12.7
1067,2,potato,3,Urea,0.5,17.9
1068,2,potato,1,Urea,0.001,8.5
1068,2,potato,1,P,0.001,20.62
1068,2,potato,1,K,0.001,26.49
1068,2,potato,2,Urea,0.3,12.7
1068,2,potato,3,Urea,0.5,17.9
1069,2,potato,1,Urea,0.001,8.5
1069,2,potato,1,P,0.001,20.62
1069,2,potato,1,K,0.001,26.49
1069,2,potato,2,Urea,0.3,12.7
1069,2,potato,3,Urea,0.5,17.9
1070,2,potato,1,Urea,0.001,8.5
1070,2,potato,1,P,0.001,20.62
1070,2,potato,1,K,0.001,26.49
1070,2,potato,2,Urea,0.3,12.7
1070,2,potato,3,Urea,0.5,17.9
1071,2,potato,1,Urea,0.001,8.5
1071,2,potato,1,P,0.001,20.62
1071,2,potato,1,K,0.001,26.49
1071,2,potato,2,Urea,0.3,12.7
1071,2,potato,3,Urea,0.5,17.9
1072,2,potato,1,Urea,0.001,8.5
1072,2,potato,1,P,0.001,20.62
1072,2,potato,1,K,0.001,26.49
1072,2,potato,2,Urea,0.3,12.7
1072,2,potato,3,Urea,0.5,17.9
1073,2,potato,1,Urea,0.001,8.5
1073,2,potato,1,P,0.001,20.62
1073,2,potato,1,K,0.001,26.49
1073,2,potato,2,Urea,0.3,12.7
1073,2,potato,3,Urea,0.5,17.9
1074,2,potato,1,Urea,0.001,8.5
1074,2,potato,1,P,0.001,20.62
1074,2,potato,1,K,0.001,26.49
1074,2,potato,2,Urea,0.3,12.7
1074,2,potato,3,Urea,0.5,17.9
1075,2,potato,1,Urea,0.001,8.5
1075,2,potato,1,P,0.001,20.62
1075,2,potato,1,K,0.001,26.49
1075,2,potato,2,Urea,0.3,12.7
1075,2,potato,3,Urea,0.5,17.9
1076,2,potato,1,Urea,0.001,8.5
1076,2,potato,1,P,0.001,20.62
1076,2,potato,1,K,0.001,26.49
1076,2,potato,2,Urea,0.3,12.7
1076,2,potato,3,Urea,0.5,17.9
1078,2,potato,1,Urea,0.001,8.5
1078,2,potato,1,P,0.001,20.62
1078,2,potato,1,K,0.001,26.49
1078,2,potato,2,Urea,0.3,12.7
1078,2,potato,3,Urea,0.5,17.9
1080,2,potato,1,Urea,0.001,8.5
1080,2,potato,1,P,0.001,20.62
1080,2,potato,1,K,0.001,26.49
1080,2,potato,2,Urea,0.3,12.7
1080,2,potato,3,Urea,0.5,17.9
1081,2,potato,1,Urea,0.001,8.5
1081,2,potato,1,P,0.001,20.62
1081,2,potato,1,K,0.001,26.49
1081,2,potato,2,Urea,0.3,12.7
1081,2,potato,3,Urea,0.5,17.9
1082,2,potato,1,Urea,0.001,8.5
1082,2,potato,1,P,0.001,20.62
1082,2,potato,1,K,0.001,26.49
1082,2,potato,2,Urea,0.3,12.7
1082,2,potato,3,Urea,0.5,17.9
1086,2,potato,1,Urea,0.001,8.5
1086,2,potato,1,P,0.001,20.62
1086,2,potato,1,K,0.001,26.49
1086,2,potato,2,Urea,0.3,12.7
1086,2,potato,3,Urea,0.5,17.9
1090,2,potato,1,Urea,0.001,8.5
1090,2,potato,1,P,0.001,20.62
1090,2,potato,1,K,0.001,26.49
1090,2,potato,2,Urea,0.3,12.7
1090,2,potato,3,Urea,0.5,17.9
1091,2,potato,1,Urea,0.001,8.5
1091,2,potato,1,P,0.001,20.62
1091,2,potato,1,K,0.001,26.49
1091,2,potato,2,Urea,0.3,12.7
1091,2,potato,3,Urea,0.5,17.9
1092,2,potato,1,Urea,0.001,8.5
1092,2,potato,1,P,0.001,20.62
1092,2,potato,1,K,0.001,26.49
1092,2,potato,2,Urea,0.3,12.7
1092,2,potato,3,Urea,0.5,17.9
1096,2,potato,1,Urea,0.001,8.5
1096,2,potato,1,P,0.001,20.62
1096,2,potato,1,K,0.001,26.49
1096,2,potato,2,Urea,0.3,12.7
1096,2,potato,3,Urea,0.5,17.9
1101,2,potato,1,Urea,0.001,8.5
1101,2,potato,1,P,0.001,20.62
1101,2,potato,1,K,0.001,26.49
1101,2,potato,2,Urea,0.3,12.7
1101,2,potato,3,Urea,0.5,17.9
1102,2,potato,1,Urea,0.001,8.5
1102,2,potato,1,P,0.001,20.62
1102,2,potato,1,K,0.001,26.49
1102,2,potato,2,Urea,0.3,12.7
1102,2,potato,3,Urea,0.5,17.9
1106,2,potato,1,Urea,0.001,8.5
1106,2,potato,1,P,0.001,20.62
1106,2,potato,1,K,0.001,26.49
1106,2,potato,2,Urea,0.3,12.7
1106,2,potato,3,Urea,0.5,17.9
1113,2,potato,1,Urea,0.001,8.5
1113,2,potato,1,P,0.001,20.62
1113,2,potato,1,K,0.001,26.49
1113,2,potato,2,Urea,0.3,12.7
1113,2,potato,3,Urea,0.5,17.9
1115,2,potato,1,Urea,0.001,8.5
1115,2,potato,1,P,0.001,20.62
1115,2,potato,1,K,0.001,26.49
1115,2,potato,2,Urea,0.3,12.7
1115,2,potato,3,Urea,0.5,17.9
1118,2,potato,1,Urea,0.001,8.5
1118,2,potato,1,P,0.001,20.62
1118,2,potato,1,K,0.001,26.49
1118,2,potato,2,Urea,0.3,12.7
1118,2,potato,3,Urea,0.5,17.9
1119,2,potato,1,Urea,0.001,8.5
1119,2,potato,1,P,0.001,20.62
1119,2,potato,1,K,0.001,26.49
1119,2,potato,2,Urea,0.3,12.7
1119,2,potato,3,Urea,0.5,17.9
1121,2,potato,1,Urea,0.001,8.5
1121,2,potato,1,P,0.001,20.62
1121,2,potato,1,K,0.001,26.49
1121,2,potato,2,Urea,0.3,12.7
1121,2,potato,3,Urea,0.5,17.9
1122,2,potato,1,Urea,0.001,8.5
1122,2,potato,1,P,0.001,20.62
1122,2,potato,1,K,0.001,26.49
1122,2,potato,2,Urea,0.3,12.7
1122,2,potato,3,Urea,0.5,17.9
1123,2,potato,1,Urea,0.001,8.5
1123,2,potato,1,P,0.001,20.62
1123,2,potato,1,K,0.001,26.49
1123,2,potato,2,Urea,0.3,12.7
1123,2,potato,3,Urea,0.5,17.9
1125,2,potato,1,Urea,0.001,8.5
1125,2,potato,1,P,0.001,20.62
1125,2,potato,1,K,0.001,26.49
1125,2,potato,2,Urea,0.3,12.7
1125,2,potato,3,Urea,0.5,17.9
1127,2,potato,1,Urea,0.001,8.5
1127,2,potato,1,P,0.001,20.62
1127,2,potato,1,K,0.001,26.49
1127,2,potato,2,Urea,0.3,12.7
1127,2,potato,3,Urea,0.5,17.9
1128,2,potato,1,Urea,0.001,8.5
1128,2,potato,1,P,0.001,20.62
1128,2,potato,1,K,0.001,26.49
1128,2,potato,2,Urea,0.3,12.7
1128,2,potato,3,Urea,0.5,17.9
1129,2,potato,1,Urea,0.001,8.5
1129,2,potato,1,P,0.001,20.62
1129,2,potato,1,K,0.001,26.49
1129,2,potato,2,Urea,0.3,12.7
1129,2,potato,3,Urea,0.5,17.9
1133,2,potato,1,Urea,0.001,8.5
1133,2,potato,1,P,0.001,20.62
1133,2,potato,1,K,0.001,26.49
1133,2,potato,2,Urea,0.3,12.7
1133,2,potato,3,Urea,0.5,17.9
1140,2,potato,1,Urea,0.001,8.5
1140,2,potato,1,P,0.001,20.62
1140,2,potato,1,K,0.001,26.49
1140,2,potato,2,Urea,0.3,12.7
1140,2,potato,3,Urea,0.5,17.9
1141,2,potato,1,Urea,0.001,8.5
1141,2,potato,1,P,0.001,20.62
1141,2,potato,1,K,0.001,26.49
1141,2,potato,2,Urea,0.3,12.7
1141,2,potato,3,Urea,0.5,17.9
1142,2,potato,1,Urea,0.001,8.5
1142,2,potato,1,P,0.001,20.62
1142,2,potato,1,K,0.001,26.49
1142,2,potato,2,Urea,0.3,12.7
1142,2,potato,3,Urea,0.5,17.9
1143,2,potato,1,Urea,0.001,8.5
1143,2,potato,1,P,0.001,20.62
1143,2,potato,1,K,0.001,26.49
1143,2,potato,2,Urea,0.3,12.7
1143,2,potato,3,Urea,0.5,17.9
1145,2,potato,1,Urea,0.001,8.5
1145,2,potato,1,P,0.001,20.62
1145,2,potato,1,K,0.001,26.49
1145,2,potato,2,Urea,0.3,12.7
1145,2,potato,3,Urea,0.5,17.9
1147,2,potato,1,Urea,0.001,8.5
1147,2,potato,1,P,0.001,20.62
1147,2,potato,1,K,0.001,26.49
1147,2,potato,2,Urea,0.3,12.7
1147,2,potato,3,Urea,0.5,17.9
1150,2,potato,1,Urea,0.001,8.5
1150,2,potato,1,P,0.001,20.62
1150,2,potato,1,K,0.001,26.49
1150,2,potato,2,Urea,0.3,12.7
1150,2,potato,3,Urea,0.5,17.9
1151,2,potato,1,Urea,0.001,8.5
1151,2,potato,1,P,0.001,20.62
1151,2,potato,1,K,0.001,26.49
1151,2,potato,2,Urea,0.3,12.7
1151,2,potato,3,Urea,0.5,17.9
1155,2,potato,1,Urea,0.001,8.5
1155,2,potato,1,P,0.001,20.62
1155,2,potato,1,K,0.001,26.49
1155,2,potato,2,Urea,0.3,12.7
1155,2,potato,3,Urea,0.5,17.9
1157,2,potato,1,Urea,0.001,8.5
1157,2,potato,1,P,0.001,20.62
1157,2,potato,1,K,0.001,26.49
1157,2,potato,2,Urea,0.3,12.7
1157,2,potato,3,Urea,0.5,17.9
1158,2,potato,1,Urea,0.001,8.5
1158,2,potato,1,P,0.001,20.62
1158,2,potato,1,K,0.001,26.49
1158,2,potato,2,Urea,0.3,12.7
1158,2,potato,3,Urea,0.5,17.9
1160,2,potato,1,Urea,0.001,8.5
1160,2,potato,1,P,0.001,20.62
1160,2,potato,1,K,0.001,26.49
1160,2,potato,2,Urea,0.3,12.7
1160,2,potato,3,Urea,0.5,17.9
1162,2,potato,1,Urea,0.001,8.5
1162,2,potato,1,P,0.001,20.62
1162,2,potato,1,K,0.001,26.49
1162,2,potato,2,Urea,0.3,12.7
1162,2,potato,3,Urea,0.5,17.9
1163,2,potato,1,Urea,0.001,8.5
1163,2,potato,1,P,0.001,20.62
1163,2,potato,1,K,0.001,26.49
1163,2,potato,2,Urea,0.3,12.7
1163,2,potato,3,Urea,0.5,17.9
1167,2,potato,1,Urea,0.001,8.5
1167,2,potato,1,P,0.001,20.62
1167,2,potato,1,K,0.001,26.49
1167,2,potato,2,Urea,0.3,12.7
1167,2,potato,3,Urea,0.5,17.9
1169,2,potato,1,Urea,0.001,8.5
1169,2,potato,1,P,0.001,20.62
1169,2,potato,1,K,0.001,26.49
1169,2,potato,2,Urea,0.3,12.7
1169,2,potato,3,Urea,0.5,17.9
1171,2,potato,1,Urea,0.001,8.5
1171,2,potato,1,P,0.001,20.62
1171,2,potato,1,K,0.001,26.49
1171,2,potato,2,Urea,0.3,12.7
1171,2,potato,3,Urea,0.5,17.9
1173,2,potato,1,Urea,0.001,8.5
1173,2,potato,1,P,0.001,20.62
1173,2,potato,1,K,0.001,26.49
1173,2,potato,2,Urea,0.3,12.7
1173,2,potato,3,Urea,0.5,17.9
1174,2,potato,1,Urea,0.001,8.5
1174,2,potato,1,P,0.001,20.62
1174,2,potato,1,K,0.001,26.49
1174,2,potato,2,Urea,0.3,12.7
1174,2,potato,3,Urea,0.5,17.9
1175,2,potato,1,Urea,0.001,8.5
1175,2,potato,1,P,0.001,20.62
1175,2,potato,1,K,0.001,26.49
1175,2,potato,2,Urea,0.3,12.7
1175,2,potato,3,Urea,0.5,17.9
1176,2,potato,1,Urea,0.001,8.5
1176,2,potato,1,P,0.001,20.62
1176,2,potato,1,K,0.001,26.49
1176,2,potato,2,Urea,0.3,12.7
1176,2,potato,3,Urea,0.5,17.9
1177,2,potato,1,Urea,0.001,8.5
1177,2,potato,1,P,0.001,20.62
1177,2,potato,1,K,0.001,26.49
1177,2,potato,2,Urea,0.3,12.7
1177,2,potato,3,Urea,0.5,17.9
1178,2,potato,1,Urea,0.001,8.5
1178,2,potato,1,P,0.001,20.62
1178,2,potato,1,K,0.001,26.49
1178,2,potato,2,Urea,0.3,12.7
1178,2,potato,3,Urea,0.5,17.9
1180,2,potato,1,Urea,0.001,8.5
1180,2,potato,1,P,0.001,20.62
1180,2,potato,1,K,0.001,26.49
1180,2,potato,2,Urea,0.3,12.7
1180,2,potato,3,Urea,0.5,17.9
1181,2,potato,1,Urea,0.001,8.5
1181,2,potato,1,P,0.001,20.62
1181,2,potato,1,K,0.001,26.49
1181,2,potato,2,Urea,0.3,12.7
1181,2,potato,3,Urea,0.5,17.9
1182,2,potato,1,Urea,0.001,8.5
1182,2,potato,1,P,0.001,20.62
1182,2,potato,1,K,0.001,26.49
1182,2,potato,2,Urea,0.3,12.7
1182,2,potato,3,Urea,0.5,17.9
1183,2,potato,1,Urea,0.001,8.5
1183,2,potato,1,P,0.001,20.62
1183,2,potato,1,K,0.001,26.49
1183,2,potato,2,Urea,0.3,12.7
1183,2,potato,3,Urea,0.5,17.9
1185,2,potato,1,Urea,0.001,8.5
1185,2,potato,1,P,0.001,20.62
1185,2,potato,1,K,0.001,26.49
1185,2,potato,2,Urea,0.3,12.7
1185,2,potato,3,Urea,0.5,17.9
1186,2,potato,1,Urea,0.001,8.5
1186,2,potato,1,P,0.001,20.62
1186,2,potato,1,K,0.001,26.49
1186,2,potato,2,Urea,0.3,12.7
1186,2,potato,3,Urea,0.5,17.9
1187,2,potato,1,Urea,0.001,8.5
1187,2,potato,1,P,0.001,20.62
1187,2,potato,1,K,0.001,26.49
1187,2,potato,2,Urea,0.3,12.7
1187,2,potato,3,Urea,0.5,17.9
1188,2,potato,1,Urea,0.001,8.5
1188,2,potato,1,P,0.001,20.62
1188,2,potato,1,K,0.001,26.49
1188,2,potato,2,Urea,0.3,12.7
1188,2,potato,3,Urea,0.5,17.9
1189,2,potato,1,Urea,0.001,8.5
1189,2,potato,1,P,0.001,20.62
1189,2,potato,1,K,0.001,26.49
1189,2,potato,2,Urea,0.3,12.7
1189,2,potato,3,Urea,0.5,17.9
1190,2,potato,1,Urea,0.001,8.5
1190,2,potato,1,P,0.001,20.62
1190,2,potato,1,K,0.001,26.49
1190,2,potato,2,Urea,0.3,12.7
1190,2,potato,3,Urea,0.5,17.9
1198,2,potato,1,Urea,0.001,8.5
1198,2,potato,1,P,0.001,20.62
1198,2,potato,1,K,0.001,26.49
1198,2,potato,2,Urea,0.3,12.7
1198,2,potato,3,Urea,0.5,17.9
1199,2,potato,1,Urea,0.001,8.5
1199,2,potato,1,P,0.001,20.62
1199,2,potato,1,K,0.001,26.49
1199,2,potato,2,Urea,0.3,12.7
1199,2,potato,3,Urea,0.5,17.9
1200,2,potato,1,Urea,0.001,8.5
1200,2,potato,1,P,0.001,20.62
1200,2,potato,1,K,0.001,26.49
1200,2,potato,2,Urea,0.3,12.7
1200,2,potato,3,Urea,0.5,17.9
1201,2,potato,1,Urea,0.001,8.5
1201,2,potato,1,P,0.001,20.62
1201,2,potato,1,K,0.001,26.49
1201,2,potato,2,Urea,0.3,12.7
1201,2,potato,3,Urea,0.5,17.9
1202,2,potato,1,Urea,0.001,8.5
1202,2,potato,1,P,0.001,20.62
1202,2,potato,1,K,0.001,26.49
1202,2,potato,2,Urea,0.3,12.7
1202,2,potato,3,Urea,0.5,17.9
1203,2,potato,1,Urea,0.001,8.5
1203,2,potato,1,P,0.001,20.62
1203,2,potato,1,K,0.001,26.49
1203,2,potato,2,Urea,0.3,12.7
1203,2,potato,3,Urea,0.5,17.9
1204,2,potato,1,Urea,0.001,8.5
1204,2,potato,1,P,0.001,20.62
1204,2,potato,1,K,0.001,26.49
1204,2,potato,2,Urea,0.3,12.7
1204,2,potato,3,Urea,0.5,17.9
1205,2,potato,1,Urea,0.001,8.5
1205,2,potato,1,P,0.001,20.62
1205,2,potato,1,K,0.001,26.49
1205,2,potato,2,Urea,0.3,12.7
1205,2,potato,3,Urea,0.5,17.9
1207,2,potato,1,Urea,0.001,8.5
1207,2,potato,1,P,0.001,20.62
1207,2,potato,1,K,0.001,26.49
1207,2,potato,2,Urea,0.3,12.7
1207,2,potato,3,Urea,0.5,17.9
1209,2,potato,1,Urea,0.001,8.5
1209,2,potato,1,P,0.001,20.62
1209,2,potato,1,K,0.001,26.49
1209,2,potato,2,Urea,0.3,12.7
1209,2,potato,3,Urea,0.5,17.9
1210,2,potato,1,Urea,0.001,8.5
1210,2,potato,1,P,0.001,20.62
1210,2,potato,1,K,0.001,26.49
1210,2,potato,2,Urea,0.3,12.7
1210,2,potato,3,Urea,0.5,17.9
1211,2,potato,1,Urea,0.001,8.5
1211,2,potato,1,P,0.001,20.62
1211,2,potato,1,K,0.001,26.49
1211,2,potato,2,Urea,0.3,12.7
1211,2,potato,3,Urea,0.5,17.9
1212,2,potato,1,Urea,0.001,8.5
1212,2,potato,1,P,0.001,20.62
1212,2,potato,1,K,0.001,26.49
1212,2,potato,2,Urea,0.3,12.7
1212,2,potato,3,Urea,0.5,17.9
1218,2,potato,1,Urea,0.001,8.5
1218,2,potato,1,P,0.001,20.62
1218,2,potato,1,K,0.001,26.49
1218,2,potato,2,Urea,0.3,12.7
1218,2,potato,3,Urea,0.5,17.9
1221,2,potato,1,Urea,0.001,8.5
1221,2,potato,1,P,0.001,20.62
1221,2,potato,1,K,0.001,26.49
1221,2,potato,2,Urea,0.3,12.7
1221,2,potato,3,Urea,0.5,17.9
1222,2,potato,1,Urea,0.001,8.5
1222,2,potato,1,P,0.001,20.62
1222,2,potato,1,K,0.001,26.49
1222,2,potato,2,Urea,0.3,12.7
1222,2,potato,3,Urea,0.5,17.9
1224,2,potato,1,Urea,0.001,8.5
1224,2,potato,1,P,0.001,20.62
1224,2,potato,1,K,0.001,26.49
1224,2,potato,2,Urea,0.3,12.7
1224,2,potato,3,Urea,0.5,17.9
1225,2,potato,1,Urea,0.001,8.5
1225,2,potato,1,P,0.001,20.62
1225,2,potato,1,K,0.001,26.49
1225,2,potato,2,Urea,0.3,12.7
1225,2,potato,3,Urea,0.5,17.9
1226,2,potato,1,Urea,0.001,8.5
1226,2,potato,1,P,0.001,20.62
1226,2,potato,1,K,0.001,26.49
1226,2,potato,2,Urea,0.3,12.7
1226,2,potato,3,Urea,0.5,17.9
1231,2,potato,1,Urea,0.001,8.5
1231,2,potato,1,P,0.001,20.62
1231,2,potato,1,K,0.001,26.49
1231,2,potato,2,Urea,0.3,12.7
1231,2,potato,3,Urea,0.5,17.9
1236,2,potato,1,Urea,0.001,8.5
1236,2,potato,1,P,0.001,20.62
1236,2,potato,1,K,0.001,26.49
1236,2,potato,2,Urea,0.3,12.7
1236,2,potato,3,Urea,0.5,17.9
1237,2,potato,1,Urea,0.001,8.5
1237,2,potato,1,P,0.001,20.62
1237,2,potato,1,K,0.001,26.49
1237,2,potato,2,Urea,0.3,12.7
1237,2,potato,3,Urea,0.5,17.9
1238,2,potato,1,Urea,0.001,8.5
1238,2,potato,1,P,0.001,20.62
1238,2,potato,1,K,0.001,26.49
1238,2,potato,2,Urea,0.3,12.7
1238,2,potato,3,Urea,0.5,17.9
1239,2,potato,1,Urea,0.001,8.5
1239,2,potato,1,P,0.001,20.62
1239,2,potato,1,K,0.001,26.49
1239,2,potato,2,Urea,0.3,12.7
1239,2,potato,3,Urea,0.5,17.9
1240,2,potato,1,Urea,0.001,8.5
1240,2,potato,1,P,0.001,20.62
1240,2,potato,1,K,0.001,26.49
1240,2,potato,2,Urea,0.3,12.7
1240,2,potato,3,Urea,0.5,17.9
1241,2,potato,1,Urea,0.001,8.5
1241,2,potato,1,P,0.001,20.62
1241,2,potato,1,K,0.001,26.49
1241,2,potato,2,Urea,0.3,12.7
1241,2,potato,3,Urea,0.5,17.9
1242,2,potato,1,Urea,0.001,8.5
1242,2,potato,1,P,0.001,20.62
1242,2,potato,1,K,0.001,26.49
1242,2,potato,2,Urea,0.3,12.7
1242,2,potato,3,Urea,0.5,17.9
1243,2,potato,1,Urea,0.001,8.5
1243,2,potato,1,P,0.001,20.62
1243,2,potato,1,K,0.001,26.49
1243,2,potato,2,Urea,0.3,12.7
1243,2,potato,3,Urea,0.5,17.9
1244,2,potato,1,Urea,0.001,8.5
1244,2,potato,1,P,0.001,20.62
1244,2,potato,1,K,0.001,26.49
1244,2,potato,2,Urea,0.3,12.7
1244,2,potato,3,Urea,0.5,17.9
1245,2,potato,1,Urea,0.001,8.5
1245,2,potato,1,P,0.001,20.62
1245,2,potato,1,K,0.001,26.49
1245,2,potato,2,Urea,0.3,12.7
1245,2,potato,3,Urea,0.5,17.9
1246,2,potato,1,Urea,0.001,8.5
1246,2,potato,1,P,0.001,20.62
1246,2,potato,1,K,0.001,26.49
1246,2,potato,2,Urea,0.3,12.7
1246,2,potato,3,Urea,0.5,17.9
1247,2,potato,1,Urea,0.001,8.5
1247,2,potato,1,P,0.001,20.62
1247,2,potato,1,K,0.001,26.49
1247,2,potato,2,Urea,0.3,12.7
1247,2,potato,3,Urea,0.5,17.9
1248,2,potato,1,Urea,0.001,8.5
1248,2,potato,1,P,0.001,20.62
1248,2,potato,1,K,0.001,26.49
1248,2,potato,2,Urea,0.3,12.7
1248,2,potato,3,Urea,0.5,17.9
1249,2,potato,1,Urea,0.001,8.5
1249,2,potato,1,P,0.001,20.62
1249,2,potato,1,K,0.001,26.49
1249,2,potato,2,Urea,0.3,12.7
1249,2,potato,3,Urea,0.5,17.9
1252,2,potato,1,Urea,0.001,8.5
1252,2,potato,1,P,0.001,20.62
1252,2,potato,1,K,0.001,26.49
1252,2,potato,2,Urea,0.3,12.7
1252,2,potato,3,Urea,0.5,17.9
1254,2,potato,1,Urea,0.001,8.5
1254,2,potato,1,P,0.001,20.62
1254,2,potato,1,K,0.001,26.49
1254,2,potato,2,Urea,0.3,12.7
1254,2,potato,3,Urea,0.5,17.9
1255,2,potato,1,Urea,0.001,8.5
1255,2,potato,1,P,0.001,20.62
1255,2,potato,1,K,0.001,26.49
1255,2,potato,2,Urea,0.3,12.7
1255,2,potato,3,Urea,0.5,17.9
1256,2,potato,1,Urea,0.001,8.5
1256,2,potato,1,P,0.001,20.62
1256,2,potato,1,K,0.001,26.49
1256,2,potato,2,Urea,0.3,12.7
1256,2,potato,3,Urea,0.5,17.9
1257,2,potato,1,Urea,0.001,8.5
1257,2,potato,1,P,0.001,20.62
1257,2,potato,1,K,0.001,26.49
1257,2,potato,2,Urea,0.3,12.7
1257,2,potato,3,Urea,0.5,17.9
1258,2,potato,1,Urea,0.001,8.5
1258,2,potato,1,P,0.001,20.62
1258,2,potato,1,K,0.001,26.49
1258,2,potato,2,Urea,0.3,12.7
1258,2,potato,3,Urea,0.5,17.9
1259,2,potato,1,Urea,0.001,8.5
1259,2,potato,1,P,0.001,20.62
1259,2,potato,1,K,0.001,26.49
1259,2,potato,2,Urea,0.3,12.7
1259,2,potato,3,Urea,0.5,17.9
1260,2,potato,1,Urea,0.001,8.5
1260,2,potato,1,P,0.001,20.62
1260,2,potato,1,K,0.001,26.49
1260,2,potato,2,Urea,0.3,12.7
1260,2,potato,3,Urea,0.5,17.9
1263,2,potato,1,Urea,0.001,8.5
1263,2,potato,1,P,0.001,20.62
1263,2,potato,1,K,0.001,26.49
1263,2,potato,2,Urea,0.3,12.7
1263,2,potato,3,Urea,0.5,17.9
1264,2,potato,1,Urea,0.001,8.5
1264,2,potato,1,P,0.001,20.62
1264,2,potato,1,K,0.001,26.49
1264,2,potato,2,Urea,0.3,12.7
1264,2,potato,3,Urea,0.5,17.9
1265,2,potato,1,Urea,0.001,8.5
1265,2,potato,1,P,0.001,20.62
1265,2,potato,1,K,0.001,26.49
1265,2,potato,2,Urea,0.3,12.7
1265,2,potato,3,Urea,0.5,17.9
1266,2,potato,1,Urea,0.001,8.5
1266,2,potato,1,P,0.001,20.62
1266,2,potato,1,K,0.001,26.49
1266,2,potato,2,Urea,0.3,12.7
1266,2,potato,3,Urea,0.5,17.9
1267,2,potato,1,Urea,0.001,8.5
1267,2,potato,1,P,0.001,20.62
1267,2,potato,1,K,0.001,26.49
1267,2,potato,2,Urea,0.3,12.7
1267,2,potato,3,Urea,0.5,17.9
1272,2,potato,1,Urea,0.001,8.5
1272,2,potato,1,P,0.001,20.62
1272,2,potato,1,K,0.001,26.49
1272,2,potato,2,Urea,0.3,12.7
1272,2,potato,3,Urea,0.5,17.9
1273,2,potato,1,Urea,0.001,8.5
1273,2,potato,1,P,0.001,20.62
1273,2,potato,1,K,0.001,26.49
1273,2,potato,2,Urea,0.3,12.7
1273,2,potato,3,Urea,0.5,17.9
1275,2,potato,1,Urea,0.001,8.5
1275,2,potato,1,P,0.001,20.62
1275,2,potato,1,K,0.001,26.49
1275,2,potato,2,Urea,0.3,12.7
1275,2,potato,3,Urea,0.5,17.9
1277,2,potato,1,Urea,0.001,8.5
1277,2,potato,1,P,0.001,20.62
1277,2,potato,1,K,0.001,26.49
1277,2,potato,2,Urea,0.3,12.7
1277,2,potato,3,Urea,0.5,17.9
1284,2,potato,1,Urea,0.001,8.5
1284,2,potato,1,P,0.001,20.62
1284,2,potato,1,K,0.001,26.49
1284,2,potato,2,Urea,0.3,12.7
1284,2,potato,3,Urea,0.5,17.9
1285,2,potato,1,Urea,0.001,8.5
1285,2,potato,1,P,0.001,20.62
1285,2,potato,1,K,0.001,26.49
1285,2,potato,2,Urea,0.3,12.7
1285,2,potato,3,Urea,0.5,17.9
1286,2,potato,1,Urea,0.001,8.5
1286,2,potato,1,P,0.001,20.62
1286,2,potato,1,K,0.001,26.49
1286,2,potato,2,Urea,0.3,12.7
1286,2,potato,3,Urea,0.5,17.9
1287,2,potato,1,Urea,0.001,8.5
1287,2,potato,1,P,0.001,20.62
1287,2,potato,1,K,0.001,26.49
1287,2,potato,2,Urea,0.3,12.7
1287,2,potato,3,Urea,0.5,17.9
1288,2,potato,1,Urea,0.001,8.5
1288,2,potato,1,P,0.001,20.62
1288,2,potato,1,K,0.001,26.49
1288,2,potato,2,Urea,0.3,12.7
1288,2,potato,3,Urea,0.5,17.9
1290,2,potato,1,Urea,0.001,8.5
1290,2,potato,1,P,0.001,20.62
1290,2,potato,1,K,0.001,26.49
1290,2,potato,2,Urea,0.3,12.7
1290,2,potato,3,Urea,0.5,17.9
1291,2,potato,1,Urea,0.001,8.5
1291,2,potato,1,P,0.001,20.62
1291,2,potato,1,K,0.001,26.49
1291,2,potato,2,Urea,0.3,12.7
1291,2,potato,3,Urea,0.5,17.9
1293,2,potato,1,Urea,0.001,8.5
1293,2,potato,1,P,0.001,20.62
1293,2,potato,1,K,0.001,26.49
1293,2,potato,2,Urea,0.3,12.7
1293,2,potato,3,Urea,0.5,17.9
1296,2,potato,1,Urea,0.001,8.5
1296,2,potato,1,P,0.001,20.62
1296,2,potato,1,K,0.001,26.49
1296,2,potato,2,Urea,0.3,12.7
1296,2,potato,3,Urea,0.5,17.9
1297,2,potato,1,Urea,0.001,8.5
1297,2,potato,1,P,0.001,20.62
1297,2,potato,1,K,0.001,26.49
1297,2,potato,2,Urea,0.3,12.7
1297,2,potato,3,Urea,0.5,17.9
1298,2,potato,1,Urea,0.001,8.5
1298,2,potato,1,P,0.001,20.62
1298,2,potato,1,K,0.001,26.49
1298,2,potato,2,Urea,0.3,12.7
1298,2,potato,3,Urea,0.5,17.9
1299,2,potato,1,Urea,0.001,8.5
1299,2,potato,1,P,0.001,20.62
1299,2,potato,1,K,0.001,26.49
1299,2,potato,2,Urea,0.3,12.7
1299,2,potato,3,Urea,0.5,17.9
1300,2,potato,1,Urea,0.001,8.5
1300,2,potato,1,P,0.001,20.62
1300,2,potato,1,K,0.001,26.49
1300,2,potato,2,Urea,0.3,12.7
1300,2,potato,3,Urea,0.5,17.9
1304,2,potato,1,Urea,0.001,8.5
1304,2,potato,1,P,0.001,20.62
1304,2,potato,1,K,0.001,26.49
1304,2,potato,2,Urea,0.3,12.7
1304,2,potato,3,Urea,0.5,17.9
1305,2,potato,1,Urea,0.001,8.5
1305,2,potato,1,P,0.001,20.62
1305,2,potato,1,K,0.001,26.49
1305,2,potato,2,Urea,0.3,12.7
1305,2,potato,3,Urea,0.5,17.9
1307,2,potato,1,Urea,0.001,8.5
1307,2,potato,1,P,0.001,20.62
1307,2,potato,1,K,0.001,26.49
1307,2,potato,2,Urea,0.3,12.7
1307,2,potato,3,Urea,0.5,17.9
1308,2,potato,1,Urea,0.001,8.5
1308,2,potato,1,P,0.001,20.62
1308,2,potato,1,K,0.001,26.49
1308,2,potato,2,Urea,0.3,12.7
1308,2,potato,3,Urea,0.5,17.9
1310,2,potato,1,Urea,0.001,8.5
1310,2,potato,1,P,0.001,20.62
1310,2,potato,1,K,0.001,26.49
1310,2,potato,2,Urea,0.3,12.7
1310,2,potato,3,Urea,0.5,17.9
1317,2,potato,1,Urea,0.001,8.5
1317,2,potato,1,P,0.001,20.62
1317,2,potato,1,K,0.001,26.49
1317,2,potato,2,Urea,0.3,12.7
1317,2,potato,3,Urea,0.5,17.9
1318,2,potato,1,Urea,0.001,8.5
1318,2,potato,1,P,0.001,20.62
1318,2,potato,1,K,0.001,26.49
1318,2,potato,2,Urea,0.3,12.7
1318,2,potato,3,Urea,0.5,17.9
1319,2,potato,1,Urea,0.001,8.5
1319,2,potato,1,P,0.001,20.62
1319,2,potato,1,K,0.001,26.49
1319,2,potato,2,Urea,0.3,12.7
1319,2,potato,3,Urea,0.5,17.9
1323,2,potato,1,Urea,0.001,8.5
1323,2,potato,1,P,0.001,20.62
1323,2,potato,1,K,0.001,26.49
1323,2,potato,2,Urea,0.3,12.7
1323,2,potato,3,Urea,0.5,17.9
1325,2,potato,1,Urea,0.001,8.5
1325,2,potato,1,P,0.001,20.62
1325,2,potato,1,K,0.001,26.49
1325,2,potato,2,Urea,0.3,12.7
1325,2,potato,3,Urea,0.5,17.9
1327,2,potato,1,Urea,0.001,8.5
1327,2,potato,1,P,0.001,20.62
1327,2,potato,1,K,0.001,26.49
1327,2,potato,2,Urea,0.3,12.7
1327,2,potato,3,Urea,0.5,17.9
1329,2,potato,1,Urea,0.001,8.5
1329,2,potato,1,P,0.001,20.62
1329,2,potato,1,K,0.001,26.49
1329,2,potato,2,Urea,0.3,12.7
1329,2,potato,3,Urea,0.5,17.9
1331,2,potato,1,Urea,0.001,8.5
1331,2,potato,1,P,0.001,20.62
1331,2,potato,1,K,0.001,26.49
1331,2,potato,2,Urea,0.3,12.7
1331,2,potato,3,Urea,0.5,17.9
1333,2,potato,1,Urea,0.001,8.5
1333,2,potato,1,P,0.001,20.62
1333,2,potato,1,K,0.001,26.49
1333,2,potato,2,Urea,0.3,12.7
1333,2,potato,3,Urea,0.5,17.9
1334,2,potato,1,Urea,0.001,8.5
1334,2,potato,1,P,0.001,20.62
1334,2,potato,1,K,0.001,26.49
1334,2,potato,2,Urea,0.3,12.7
1334,2,potato,3,Urea,0.5,17.9
1336,2,potato,1,Urea,0.001,8.5
1336,2,potato,1,P,0.001,20.62
1336,2,potato,1,K,0.001,26.49
1336,2,potato,2,Urea,0.3,12.7
1336,2,potato,3,Urea,0.5,17.9
1337,2,potato,1,Urea,0.001,8.5
1337,2,potato,1,P,0.001,20.62
1337,2,potato,1,K,0.001,26.49
1337,2,potato,2,Urea,0.3,12.7
1337,2,potato,3,Urea,0.5,17.9
1338,2,potato,1,Urea,0.001,8.5
1338,2,potato,1,P,0.001,20.62
1338,2,potato,1,K,0.001,26.49
1338,2,potato,2,Urea,0.3,12.7
1338,2,potato,3,Urea,0.5,17.9
1340,2,potato,1,Urea,0.001,8.5
1340,2,potato,1,P,0.001,20.62
1340,2,potato,1,K,0.001,26.49
1340,2,potato,2,Urea,0.3,12.7
1340,2,potato,3,Urea,0.5,17.9
1342,2,potato,1,Urea,0.001,8.5
1342,2,potato,1,P,0.001,20.62
1342,2,potato,1,K,0.001,26.49
1342,2,potato,2,Urea,0.3,12.7
1342,2,potato,3,Urea,0.5,17.9
1344,2,potato,1,Urea,0.001,8.5
1344,2,potato,1,P,0.001,20.62
1344,2,potato,1,K,0.001,26.49
1344,2,potato,2,Urea,0.3,12.7
1344,2,potato,3,Urea,0.5,17.9
1345,2,potato,1,Urea,0.001,8.5
1345,2,potato,1,P,0.001,20.62
1345,2,potato,1,K,0.001,26.49
1345,2,potato,2,Urea,0.3,12.7
1345,2,potato,3,Urea,0.5,17.9
1348,2,potato,1,Urea,0.001,8.5
1348,2,potato,1,P,0.001,20.62
1348,2,potato,1,K,0.001,26.49
1348,2,potato,2,Urea,0.3,12.7
1348,2,potato,3,Urea,0.5,17.9
1349,2,potato,1,Urea,0.001,8.5
1349,2,potato,1,P,0.001,20.62
1349,2,potato,1,K,0.001,26.49
1349,2,potato,2,Urea,0.3,12.7
1349,2,potato,3,Urea,0.5,17.9
1351,2,potato,1,Urea,0.001,8.5
1351,2,potato,1,P,0.001,20.62
1351,2,potato,1,K,0.001,26.49
1351,2,potato,2,Urea,0.3,12.7
1351,2,potato,3,Urea,0.5,17.9
1354,2,potato,1,Urea,0.001,8.5
1354,2,potato,1,P,0.001,20.62
1354,2,potato,1,K,0.001,26.49
1354,2,potato,2,Urea,0.3,12.7
1354,2,potato,3,Urea,0.5,17.9
1358,2,potato,1,Urea,0.001,8.5
1358,2,potato,1,P,0.001,20.62
1358,2,potato,1,K,0.001,26.49
1358,2,potato,2,Urea,0.3,12.7
1358,2,potato,3,Urea,0.5,17.9
1363,2,potato,1,Urea,0.001,8.5
1363,2,potato,1,P,0.001,20.62
1363,2,potato,1,K,0.001,26.49
1363,2,potato,2,Urea,0.3,12.7
1363,2,potato,3,Urea,0.5,17.9
1369,2,potato,1,Urea,0.001,8.5
1369,2,potato,1,P,0.001,20.62
1369,2,potato,1,K,0.001,26.49
1369,2,potato,2,Urea,0.3,12.7
1369,2,potato,3,Urea,0.5,17.9
1371,2,potato,1,Urea,0.001,8.5
1371,2,potato,1,P,0.001,20.62
1371,2,potato,1,K,0.001,26.49
1371,2,potato,2,Urea,0.3,12.7
1371,2,potato,3,Urea,0.5,17.9
1372,2,potato,1,Urea,0.001,8.5
1372,2,potato,1,P,0.001,20.62
1372,2,potato,1,K,0.001,26.49
1372,2,potato,2,Urea,0.3,12.7
1372,2,potato,3,Urea,0.5,17.9
1375,2,potato,1,Urea,0.001,8.5
1375,2,potato,1,P,0.001,20.62
1375,2,potato,1,K,0.001,26.49
1375,2,potato,2,Urea,0.3,12.7
1375,2,potato,3,Urea,0.5,17.9
1377,2,potato,1,Urea,0.001,8.5
1377,2,potato,1,P,0.001,20.62
1377,2,potato,1,K,0.001,26.49
1377,2,potato,2,Urea,0.3,12.7
1377,2,potato,3,Urea,0.5,17.9
1378,2,potato,1,Urea,0.001,8.5
1378,2,potato,1,P,0.001,20.62
1378,2,potato,1,K,0.001,26.49
1378,2,potato,2,Urea,0.3,12.7
1378,2,potato,3,Urea,0.5,17.9
1379,2,potato,1,Urea,0.001,8.5
1379,2,potato,1,P,0.001,20.62
1379,2,potato,1,K,0.001,26.49
1379,2,potato,2,Urea,0.3,12.7
1379,2,potato,3,Urea,0.5,17.9
1380,2,potato,1,Urea,0.001,8.5
1380,2,potato,1,P,0.001,20.62
1380,2,potato,1,K,0.001,26.49
1380,2,potato,2,Urea,0.3,12.7
1380,2,potato,3,Urea,0.5,17.9
1382,2,potato,1,Urea,0.001,8.5
1382,2,potato,1,P,0.001,20.62
1382,2,potato,1,K,0.001,26.49
1382,2,potato,2,Urea,0.3,12.7
1382,2,potato,3,Urea,0.5,17.9
1387,2,potato,1,Urea,0.001,8.5
1387,2,potato,1,P,0.001,20.62
1387,2,potato,1,K,0.001,26.49
1387,2,potato,2,Urea,0.3,12.7
1387,2,potato,3,Urea,0.5,17.9
1389,2,potato,1,Urea,0.001,8.5
1389,2,potato,1,P,0.001,20.62
1389,2,potato,1,K,0.001,26.49
1389,2,potato,2,Urea,0.3,12.7
1389,2,potato,3,Urea,0.5,17.9
1392,2,potato,1,Urea,0.001,8.5
1392,2,potato,1,P,0.001,20.62
1392,2,potato,1,K,0.001,26.49
1392,2,potato,2,Urea,0.3,12.7
1392,2,potato,3,Urea,0.5,17.9
1398,2,potato,1,Urea,0.001,8.5
1398,2,potato,1,P,0.001,20.62
1398,2,potato,1,K,0.001,26.49
1398,2,potato,2,Urea,0.3,12.7
1398,2,potato,3,Urea,0.5,17.9
1400,2,potato,1,Urea,0.001,8.5
1400,2,potato,1,P,0.001,20.62
1400,2,potato,1,K,0.001,26.49
1400,2,potato,2,Urea,0.3,12.7
1400,2,potato,3,Urea,0.5,17.9
1401,2,potato,1,Urea,0.001,8.5
1401,2,potato,1,P,0.001,20.62
1401,2,potato,1,K,0.001,26.49
1401,2,potato,2,Urea,0.3,12.7
1401,2,potato,3,Urea,0.5,17.9
1402,2,potato,1,Urea,0.001,8.5
1402,2,potato,1,P,0.001,20.62
1402,2,potato,1,K,0.001,26.49
1402,2,potato,2,Urea,0.3,12.7
1402,2,potato,3,Urea,0.5,17.9
1406,2,potato,1,Urea,0.001,8.5
1406,2,potato,1,P,0.001,20.62
1406,2,potato,1,K,0.001,26.49
1406,2,potato,2,Urea,0.3,12.7
1406,2,potato,3,Urea,0.5,17.9
1408,2,potato,1,Urea,0.001,8.5
1408,2,potato,1,P,0.001,20.62
1408,2,potato,1,K,0.001,26.49
1408,2,potato,2,Urea,0.3,12.7
1408,2,potato,3,Urea,0.5,17.9
1412,2,potato,1,Urea,0.001,8.5
1412,2,potato,1,P,0.001,20.62
1412,2,potato,1,K,0.001,26.49
1412,2,potato,2,Urea,0.3,12.7
1412,2,potato,3,Urea,0.5,17.9
1414,2,potato,1,Urea,0.001,8.5
1414,2,potato,1,P,0.001,20.62
1414,2,potato,1,K,0.001,26.49
1414,2,potato,2,Urea,0.3,12.7
1414,2,potato,3,Urea,0.5,17.9
1415,2,potato,1,Urea,0.001,8.5
1415,2,potato,1,P,0.001,20.62
1415,2,potato,1,K,0.001,26.49
1415,2,potato,2,Urea,0.3,12.7
1415,2,potato,3,Urea,0.5,17.9
1416,2,potato,1,Urea,0.001,8.5
1416,2,potato,1,P,0.001,20.62
1416,2,potato,1,K,0.001,26.49
1416,2,potato,2,Urea,0.3,12.7
1416,2,potato,3,Urea,0.5,17.9
1418,2,potato,1,Urea,0.001,8.5
1418,2,potato,1,P,0.001,20.62
1418,2,potato,1,K,0.001,26.49
1418,2,potato,2,Urea,0.3,12.7
1418,2,potato,3,Urea,0.5,17.9
1419,2,potato,1,Urea,0.001,8.5
1419,2,potato,1,P,0.001,20.62
1419,2,potato,1,K,0.001,26.49
1419,2,potato,2,Urea,0.3,12.7
1419,2,potato,3,Urea,0.5,17.9
1428,2,potato,1,Urea,0.001,8.5
1428,2,potato,1,P,0.001,20.62
1428,2,potato,1,K,0.001,26.49
1428,2,potato,2,Urea,0.3,12.7
1428,2,potato,3,Urea,0.5,17.9
1430,2,potato,1,Urea,0.001,8.5
1430,2,potato,1,P,0.001,20.62
1430,2,potato,1,K,0.001,26.49
1430,2,potato,2,Urea,0.3,12.7
1430,2,potato,3,Urea,0.5,17.9
1431,2,potato,1,Urea,0.001,8.5
1431,2,potato,1,P,0.001,20.62
1431,2,potato,1,K,0.001,26.49
1431,2,potato,2,Urea,0.3,12.7
1431,2,potato,3,Urea,0.5,17.9
1433,2,potato,1,Urea,0.001,8.5
1433,2,potato,1,P,0.001,20.62
1433,2,potato,1,K,0.001,26.49
1433,2,potato,2,Urea,0.3,12.7
1433,2,potato,3,Urea,0.5,17.9
1434,2,potato,1,Urea,0.001,8.5
1434,2,potato,1,P,0.001,20.62
1434,2,potato,1,K,0.001,26.49
1434,2,potato,2,Urea,0.3,12.7
1434,2,potato,3,Urea,0.5,17.9
1438,2,potato,1,Urea,0.001,8.5
1438,2,potato,1,P,0.001,20.62
1438,2,potato,1,K,0.001,26.49
1438,2,potato,2,Urea,0.3,12.7
1438,2,potato,3,Urea,0.5,17.9
1441,2,potato,1,Urea,0.001,8.5
1441,2,potato,1,P,0.001,20.62
1441,2,potato,1,K,0.001,26.49
1441,2,potato,2,Urea,0.3,12.7
1441,2,potato,3,Urea,0.5,17.9
1443,2,potato,1,Urea,0.001,8.5
1443,2,potato,1,P,0.001,20.62
1443,2,potato,1,K,0.001,26.49
1443,2,potato,2,Urea,0.3,12.7
1443,2,potato,3,Urea,0.5,17.9
1444,2,potato,1,Urea,0.001,8.5
1444,2,potato,1,P,0.001,20.62
1444,2,potato,1,K,0.001,26.49
1444,2,potato,2,Urea,0.3,12.7
1444,2,potato,3,Urea,0.5,17.9
1447,2,potato,1,Urea,0.001,8.5
1447,2,potato,1,P,0.001,20.62
1447,2,potato,1,K,0.001,26.49
1447,2,potato,2,Urea,0.3,12.7
1447,2,potato,3,Urea,0.5,17.9
1448,2,potato,1,Urea,0.001,8.5
1448,2,potato,1,P,0.001,20.62
1448,2,potato,1,K,0.001,26.49
1448,2,potato,2,Urea,0.3,12.7
1448,2,potato,3,Urea,0.5,17.9
1450,2,potato,1,Urea,0.001,8.5
1450,2,potato,1,P,0.001,20.62
1450,2,potato,1,K,0.001,26.49
1450,2,potato,2,Urea,0.3,12.7
1450,2,potato,3,Urea,0.5,17.9
1451,2,potato,1,Urea,0.001,8.5
1451,2,potato,1,P,0.001,20.62
1451,2,potato,1,K,0.001,26.49
1451,2,potato,2,Urea,0.3,12.7
1451,2,potato,3,Urea,0.5,17.9
1452,2,potato,1,Urea,0.001,8.5
1452,2,potato,1,P,0.001,20.62
1452,2,potato,1,K,0.001,26.49
1452,2,potato,2,Urea,0.3,12.7
1452,2,potato,3,Urea,0.5,17.9
1453,2,potato,1,Urea,0.001,8.5
1453,2,potato,1,P,0.001,20.62
1453,2,potato,1,K,0.001,26.49
1453,2,potato,2,Urea,0.3,12.7
1453,2,potato,3,Urea,0.5,17.9
1457,2,potato,1,Urea,0.001,8.5
1457,2,potato,1,P,0.001,20.62
1457,2,potato,1,K,0.001,26.49
1457,2,potato,2,Urea,0.3,12.7
1457,2,potato,3,Urea,0.5,17.9
1464,2,potato,1,Urea,0.001,8.5
1464,2,potato,1,P,0.001,20.62
1464,2,potato,1,K,0.001,26.49
1464,2,potato,2,Urea,0.3,12.7
1464,2,potato,3,Urea,0.5,17.9
1466,2,potato,1,Urea,0.001,8.5
1466,2,potato,1,P,0.001,20.62
1466,2,potato,1,K,0.001,26.49
1466,2,potato,2,Urea,0.3,12.7
1466,2,potato,3,Urea,0.5,17.9
1467,2,potato,1,Urea,0.001,8.5
1467,2,potato,1,P,0.001,20.62
1467,2,potato,1,K,0.001,26.49
1467,2,potato,2,Urea,0.3,12.7
1467,2,potato,3,Urea,0.5,17.9
1468,2,potato,1,Urea,0.001,8.5
1468,2,potato,1,P,0.001,20.62
1468,2,potato,1,K,0.001,26.49
1468,2,potato,2,Urea,0.3,12.7
1468,2,potato,3,Urea,0.5,17.9
1471,2,potato,1,Urea,0.001,8.5
1471,2,potato,1,P,0.001,20.62
1471,2,potato,1,K,0.001,26.49
1471,2,potato,2,Urea,0.3,12.7
1471,2,potato,3,Urea,0.5,17.9
1472,2,potato,1,Urea,0.001,8.5
1472,2,potato,1,P,0.001,20.62
1472,2,potato,1,K,0.001,26.49
1472,2,potato,2,Urea,0.3,12.7
1472,2,potato,3,Urea,0.5,17.9
1474,2,potato,1,Urea,0.001,8.5
1474,2,potato,1,P,0.001,20.62
1474,2,potato,1,K,0.001,26.49
1474,2,potato,2,Urea,0.3,12.7
1474,2,potato,3,Urea,0.5,17.9
1477,2,potato,1,Urea,0.001,8.5
1477,2,potato,1,P,0.001,20.62
1477,2,potato,1,K,0.001,26.49
1477,2,potato,2,Urea,0.3,12.7
1477,2,potato,3,Urea,0.5,17.9
1478,2,potato,1,Urea,0.001,8.5
1478,2,potato,1,P,0.001,20.62
1478,2,potato,1,K,0.001,26.49
1478,2,potato,2,Urea,0.3,12.7
1478,2,potato,3,Urea,0.5,17.9
1480,2,potato,1,Urea,0.001,8.5
1480,2,potato,1,P,0.001,20.62
1480,2,potato,1,K,0.001,26.49
1480,2,potato,2,Urea,0.3,12.7
1480,2,potato,3,Urea,0.5,17.9
1484,2,potato,1,Urea,0.001,8.5
1484,2,potato,1,P,0.001,20.62
1484,2,potato,1,K,0.001,26.49
1484,2,potato,2,Urea,0.3,12.7
1484,2,potato,3,Urea,0.5,17.9
1486,2,potato,1,Urea,0.001,8.5
1486,2,potato,1,P,0.001,20.62
1486,2,potato,1,K,0.001,26.49
1486,2,potato,2,Urea,0.3,12.7
1486,2,potato,3,Urea,0.5,17.9
1488,2,potato,1,Urea,0.001,8.5
1488,2,potato,1,P,0.001,20.62
1488,2,potato,1,K,0.001,26.49
1488,2,potato,2,Urea,0.3,12.7
1488,2,potato,3,Urea,0.5,17.9
1490,2,potato,1,Urea,0.001,8.5
1490,2,potato,1,P,0.001,20.62
1490,2,potato,1,K,0.001,26.49
1490,2,potato,2,Urea,0.3,12.7
1490,2,potato,3,Urea,0.5,17.9
1493,2,potato,1,Urea,0.001,8.5
1493,2,potato,1,P,0.001,20.62
1493,2,potato,1,K,0.001,26.49
1493,2,potato,2,Urea,0.3,12.7
1493,2,potato,3,Urea,0.5,17.9
1495,2,potato,1,Urea,0.001,8.5
1495,2,potato,1,P,0.001,20.62
1495,2,potato,1,K,0.001,26.49
1495,2,potato,2,Urea,0.3,12.7
1495,2,potato,3,Urea,0.5,17.9
1496,2,potato,1,Urea,0.001,8.5
1496,2,potato,1,P,0.001,20.62
1496,2,potato,1,K,0.001,26.49
1496,2,potato,2,Urea,0.3,12.7
1496,2,potato,3,Urea,0.5,17.9
1497,2,potato,1,Urea,0.001,8.5
1497,2,potato,1,P,0.001,20.62
1497,2,potato,1,K,0.001,26.49
1497,2,potato,2,Urea,0.3,12.7
1497,2,potato,3,Urea,0.5,17.9
1503,2,potato,1,Urea,0.001,8.5
1503,2,potato,1,P,0.001,20.62
1503,2,potato,1,K,0.001,26.49
1503,2,potato,2,Urea,0.3,12.7
1503,2,potato,3,Urea,0.5,17.9
1504,2,potato,1,Urea,0.001,8.5
1504,2,potato,1,P,0.001,20.62
1504,2,potato,1,K,0.001,26.49
1504,2,potato,2,Urea,0.3,12.7
1504,2,potato,3,Urea,0.5,17.9
1505,2,potato,1,Urea,0.001,8.5
1505,2,potato,1,P,0.001,20.62
1505,2,potato,1,K,0.001,26.49
1505,2,potato,2,Urea,0.3,12.7
1505,2,potato,3,Urea,0.5,17.9
1507,2,potato,1,Urea,0.001,8.5
1507,2,potato,1,P,0.001,20.62
1507,2,potato,1,K,0.001,26.49
1507,2,potato,2,Urea,0.3,12.7
1507,2,potato,3,Urea,0.5,17.9
1508,2,potato,1,Urea,0.001,8.5
1508,2,potato,1,P,0.001,20.62
1508,2,potato,1,K,0.001,26.49
1508,2,potato,2,Urea,0.3,12.7
1508,2,potato,3,Urea,0.5,17.9
1517,2,potato,1,Urea,0.001,8.5
1517,2,potato,1,P,0.001,20.62
1517,2,potato,1,K,0.001,26.49
1517,2,potato,2,Urea,0.3,12.7
1517,2,potato,3,Urea,0.5,17.9
1520,2,potato,1,Urea,0.001,8.5
1520,2,potato,1,P,0.001,20.62
1520,2,potato,1,K,0.001,26.49
1520,2,potato,2,Urea,0.3,12.7
1520,2,potato,3,Urea,0.5,17.9
1521,2,potato,1,Urea,0.001,8.5
1521,2,potato,1,P,0.001,20.62
1521,2,potato,1,K,0.001,26.49
1521,2,potato,2,Urea,0.3,12.7
1521,2,potato,3,Urea,0.5,17.9
1522,2,potato,1,Urea,0.001,8.5
1522,2,potato,1,P,0.001,20.62
1522,2,potato,1,K,0.001,26.49
1522,2,potato,2,Urea,0.3,12.7
1522,2,potato,3,Urea,0.5,17.9
1524,2,potato,1,Urea,0.001,8.5
1524,2,potato,1,P,0.001,20.62
1524,2,potato,1,K,0.001,26.49
1524,2,potato,2,Urea,0.3,12.7
1524,2,potato,3,Urea,0.5,17.9
1527,2,potato,1,Urea,0.001,8.5
1527,2,potato,1,P,0.001,20.62
1527,2,potato,1,K,0.001,26.49
1527,2,potato,2,Urea,0.3,12.7
1527,2,potato,3,Urea,0.5,17.9
1529,2,potato,1,Urea,0.001,8.5
1529,2,potato,1,P,0.001,20.62
1529,2,potato,1,K,0.001,26.49
1529,2,potato,2,Urea,0.3,12.7
1529,2,potato,3,Urea,0.5,17.9
1530,2,potato,1,Urea,0.001,8.5
1530,2,potato,1,P,0.001,20.62
1530,2,potato,1,K,0.001,26.49
1530,2,potato,2,Urea,0.3,12.7
1530,2,potato,3,Urea,0.5,17.9
1531,2,potato,1,Urea,0.001,8.5
1531,2,potato,1,P,0.001,20.62
1531,2,potato,1,K,0.001,26.49
1531,2,potato,2,Urea,0.3,12.7
1531,2,potato,3,Urea,0.5,17.9
1537,2,potato,1,Urea,0.001,8.5
1537,2,potato,1,P,0.001,20.62
1537,2,potato,1,K,0.001,26.49
1537,2,potato,2,Urea,0.3,12.7
1537,2,potato,3,Urea,0.5,17.9
1540,2,potato,1,Urea,0.001,8.5
1540,2,potato,1,P,0.001,20.62
1540,2,potato,1,K,0.001,26.49
1540,2,potato,2,Urea,0.3,12.7
1540,2,potato,3,Urea,0.5,17.9
1543,2,potato,1,Urea,0.001,8.5
1543,2,potato,1,P,0.001,20.62
1543,2,potato,1,K,0.001,26.49
1543,2,potato,2,Urea,0.3,12.7
1543,2,potato,3,Urea,0.5,17.9
1545,2,potato,1,Urea,0.001,8.5
1545,2,potato,1,P,0.001,20.62
1545,2,potato,1,K,0.001,26.49
1545,2,potato,2,Urea,0.3,12.7
1545,2,potato,3,Urea,0.5,17.9
1546,2,potato,1,Urea,0.001,8.5
1546,2,potato,1,P,0.001,20.62
1546,2,potato,1,K,0.001,26.49
1546,2,potato,2,Urea,0.3,12.7
1546,2,potato,3,Urea,0.5,17.9
1547,2,potato,1,Urea,0.001,8.5
1547,2,potato,1,P,0.001,20.62
1547,2,potato,1,K,0.001,26.49
1547,2,potato,2,Urea,0.3,12.7
1547,2,potato,3,Urea,0.5,17.9
1551,2,potato,1,Urea,0.001,8.5
1551,2,potato,1,P,0.001,20.62
1551,2,potato,1,K,0.001,26.49
1551,2,potato,2,Urea,0.3,12.7
1551,2,potato,3,Urea,0.5,17.9
1555,2,potato,1,Urea,0.001,8.5
1555,2,potato,1,P,0.001,20.62
1555,2,potato,1,K,0.001,26.49
1555,2,potato,2,Urea,0.3,12.7
1555,2,potato,3,Urea,0.5,17.9
1557,2,potato,1,Urea,0.001,8.5
1557,2,potato,1,P,0.001,20.62
1557,2,potato,1,K,0.001,26.49
1557,2,potato,2,Urea,0.3,12.7
1557,2,potato,3,Urea,0.5,17.9
1559,2,potato,1,Urea,0.001,8.5
1559,2,potato,1,P,0.001,20.62
1559,2,potato,1,K,0.001,26.49
1559,2,potato,2,Urea,0.3,12.7
1559,2,potato,3,Urea,0.5,17.9
1561,2,potato,1,Urea,0.001,8.5
1561,2,potato,1,P,0.001,20.62
1561,2,potato,1,K,0.001,26.49
1561,2,potato,2,Urea,0.3,12.7
1561,2,potato,3,Urea,0.5,17.9
1563,2,potato,1,Urea,0.001,8.5
1563,2,potato,1,P,0.001,20.62
1563,2,potato,1,K,0.001,26.49
1563,2,potato,2,Urea,0.3,12.7
1563,2,potato,3,Urea,0.5,17.9
1565,2,potato,1,Urea,0.001,8.5
1565,2,potato,1,P,0.001,20.62
1565,2,potato,1,K,0.001,26.49
1565,2,potato,2,Urea,0.3,12.7
1565,2,potato,3,Urea,0.5,17.9
1566,2,potato,1,Urea,0.001,8.5
1566,2,potato,1,P,0.001,20.62
1566,2,potato,1,K,0.001,26.49
1566,2,potato,2,Urea,0.3,12.7
1566,2,potato,3,Urea,0.5,17.9
1567,2,potato,1,Urea,0.001,8.5
1567,2,potato,1,P,0.001,20.62
1567,2,potato,1,K,0.001,26.49
1567,2,potato,2,Urea,0.3,12.7
1567,2,potato,3,Urea,0.5,17.9
1572,2,potato,1,Urea,0.001,8.5
1572,2,potato,1,P,0.001,20.62
1572,2,potato,1,K,0.001,26.49
1572,2,potato,2,Urea,0.3,12.7
1572,2,potato,3,Urea,0.5,17.9
1574,2,potato,1,Urea,0.001,8.5
1574,2,potato,1,P,0.001,20.62
1574,2,potato,1,K,0.001,26.49
1574,2,potato,2,Urea,0.3,12.7
1574,2,potato,3,Urea,0.5,17.9
1575,2,potato,1,Urea,0.001,8.5
1575,2,potato,1,P,0.001,20.62
1575,2,potato,1,K,0.001,26.49
1575,2,potato,2,Urea,0.3,12.7
1575,2,potato,3,Urea,0.5,17.9
1576,2,potato,1,Urea,0.001,8.5
1576,2,potato,1,P,0.001,20.62
1576,2,potato,1,K,0.001,26.49
1576,2,potato,2,Urea,0.3,12.7
1576,2,potato,3,Urea,0.5,17.9
1577,2,potato,1,Urea,0.001,8.5
1577,2,potato,1,P,0.001,20.62
1577,2,potato,1,K,0.001,26.49
1577,2,potato,2,Urea,0.3,12.7
1577,2,potato,3,Urea,0.5,17.9
1578,2,potato,1,Urea,0.001,8.5
1578,2,potato,1,P,0.001,20.62
1578,2,potato,1,K,0.001,26.49
1578,2,potato,2,Urea,0.3,12.7
1578,2,potato,3,Urea,0.5,17.9
1582,2,potato,1,Urea,0.001,8.5
1582,2,potato,1,P,0.001,20.62
1582,2,potato,1,K,0.001,26.49
1582,2,potato,2,Urea,0.3,12.7
1582,2,potato,3,Urea,0.5,17.9
1583,2,potato,1,Urea,0.001,8.5
1583,2,potato,1,P,0.001,20.62
1583,2,potato,1,K,0.001,26.49
1583,2,potato,2,Urea,0.3,12.7
1583,2,potato,3,Urea,0.5,17.9
1586,2,potato,1,Urea,0.001,8.5
1586,2,potato,1,P,0.001,20.62
1586,2,potato,1,K,0.001,26.49
1586,2,potato,2,Urea,0.3,12.7
1586,2,potato,3,Urea,0.5,17.9
1588,2,potato,1,Urea,0.001,8.5
1588,2,potato,1,P,0.001,20.62
1588,2,potato,1,K,0.001,26.49
1588,2,potato,2,Urea,0.3,12.7
1588,2,potato,3,Urea,0.5,17.9
1593,2,potato,1,Urea,0.001,8.5
1593,2,potato,1,P,0.001,20.62
1593,2,potato,1,K,0.001,26.49
1593,2,potato,2,Urea,0.3,12.7
1593,2,potato,3,Urea,0.5,17.9
1596,2,potato,1,Urea,0.001,8.5
1596,2,potato,1,P,0.001,20.62
1596,2,potato,1,K,0.001,26.49
1596,2,potato,2,Urea,0.3,12.7
1596,2,potato,3,Urea,0.5,17.9
1597,2,potato,1,Urea,0.001,8.5
1597,2,potato,1,P,0.001,20.62
1597,2,potato,1,K,0.001,26.49
1597,2,potato,2,Urea,0.3,12.7
1597,2,potato,3,Urea,0.5,17.9
1598,2,potato,1,Urea,0.001,8.5
1598,2,potato,1,P,0.001,20.62
1598,2,potato,1,K,0.001,26.49
1598,2,potato,2,Urea,0.3,12.7
1598,2,potato,3,Urea,0.5,17.9
1599,2,potato,1,Urea,0.001,8.5
1599,2,potato,1,P,0.001,20.62
1599,2,potato,1,K,0.001,26.49
1599,2,potato,2,Urea,0.3,12.7
1599,2,potato,3,Urea,0.5,17.9
1600,2,potato,1,Urea,0.001,8.5
1600,2,potato,1,P,0.001,20.62
1600,2,potato,1,K,0.001,26.49
1600,2,potato,2,Urea,0.3,12.7
1600,2,potato,3,Urea,0.5,17.9
1601,2,potato,1,Urea,0.001,8.5
1601,2,potato,1,P,0.001,20.62
1601,2,potato,1,K,0.001,26.49
1601,2,potato,2,Urea,0.3,12.7
1601,2,potato,3,Urea,0.5,17.9
1602,2,potato,1,Urea,0.001,8.5
1602,2,potato,1,P,0.001,20.62
1602,2,potato,1,K,0.001,26.49
1602,2,potato,2,Urea,0.3,12.7
1602,2,potato,3,Urea,0.5,17.9
1606,2,potato,1,Urea,0.001,8.5
1606,2,potato,1,P,0.001,20.62
1606,2,potato,1,K,0.001,26.49
1606,2,potato,2,Urea,0.3,12.7
1606,2,potato,3,Urea,0.5,17.9
1607,2,potato,1,Urea,0.001,8.5
1607,2,potato,1,P,0.001,20.62
1607,2,potato,1,K,0.001,26.49
1607,2,potato,2,Urea,0.3,12.7
1607,2,potato,3,Urea,0.5,17.9
1608,2,potato,1,Urea,0.001,8.5
1608,2,potato,1,P,0.001,20.62
1608,2,potato,1,K,0.001,26.49
1608,2,potato,2,Urea,0.3,12.7
1608,2,potato,3,Urea,0.5,17.9
1609,2,potato,1,Urea,0.001,8.5
1609,2,potato,1,P,0.001,20.62
1609,2,potato,1,K,0.001,26.49
1609,2,potato,2,Urea,0.3,12.7
1609,2,potato,3,Urea,0.5,17.9
1612,2,potato,1,Urea,0.001,8.5
1612,2,potato,1,P,0.001,20.62
1612,2,potato,1,K,0.001,26.49
1612,2,potato,2,Urea,0.3,12.7
1612,2,potato,3,Urea,0.5,17.9
1613,2,potato,1,Urea,0.001,8.5
1613,2,potato,1,P,0.001,20.62
1613,2,potato,1,K,0.001,26.49
1613,2,potato,2,Urea,0.3,12.7
1613,2,potato,3,Urea,0.5,17.9
1615,2,potato,1,Urea,0.001,8.5
1615,2,potato,1,P,0.001,20.62
1615,2,potato,1,K,0.001,26.49
1615,2,potato,2,Urea,0.3,12.7
1615,2,potato,3,Urea,0.5,17.9
1618,2,potato,1,Urea,0.001,8.5
1618,2,potato,1,P,0.001,20.62
1618,2,potato,1,K,0.001,26.49
1618,2,potato,2,Urea,0.3,12.7
1618,2,potato,3,Urea,0.5,17.9
1619,2,potato,1,Urea,0.001,8.5
1619,2,potato,1,P,0.001,20.62
1619,2,potato,1,K,0.001,26.49
1619,2,potato,2,Urea,0.3,12.7
1619,2,potato,3,Urea,0.5,17.9
1620,2,potato,1,Urea,0.001,8.5
1620,2,potato,1,P,0.001,20.62
1620,2,potato,1,K,0.001,26.49
1620,2,potato,2,Urea,0.3,12.7
1620,2,potato,3,Urea,0.5,17.9
1622,2,potato,1,Urea,0.001,8.5
1622,2,potato,1,P,0.001,20.62
1622,2,potato,1,K,0.001,26.49
1622,2,potato,2,Urea,0.3,12.7
1622,2,potato,3,Urea,0.5,17.9
1627,2,potato,1,Urea,0.001,8.5
1627,2,potato,1,P,0.001,20.62
1627,2,potato,1,K,0.001,26.49
1627,2,potato,2,Urea,0.3,12.7
1627,2,potato,3,Urea,0.5,17.9
1629,2,potato,1,Urea,0.001,8.5
1629,2,potato,1,P,0.001,20.62
1629,2,potato,1,K,0.001,26.49
1629,2,potato,2,Urea,0.3,12.7
1629,2,potato,3,Urea,0.5,17.9
1630,2,potato,1,Urea,0.001,8.5
1630,2,potato,1,P,0.001,20.62
1630,2,potato,1,K,0.001,26.49
1630,2,potato,2,Urea,0.3,12.7
1630,2,potato,3,Urea,0.5,17.9
1633,2,potato,1,Urea,0.001,8.5
1633,2,potato,1,P,0.001,20.62
1633,2,potato,1,K,0.001,26.49
1633,2,potato,2,Urea,0.3,12.7
1633,2,potato,3,Urea,0.5,17.9
1635,2,potato,1,Urea,0.001,8.5
1635,2,potato,1,P,0.001,20.62
1635,2,potato,1,K,0.001,26.49
1635,2,potato,2,Urea,0.3,12.7
1635,2,potato,3,Urea,0.5,17.9
1636,2,potato,1,Urea,0.001,8.5
1636,2,potato,1,P,0.001,20.62
1636,2,potato,1,K,0.001,26.49
1636,2,potato,2,Urea,0.3,12.7
1636,2,potato,3,Urea,0.5,17.9
1638,2,potato,1,Urea,0.001,8.5
1638,2,potato,1,P,0.001,20.62
1638,2,potato,1,K,0.001,26.49
1638,2,potato,2,Urea,0.3,12.7
1638,2,potato,3,Urea,0.5,17.9
1643,2,potato,1,Urea,0.001,8.5
1643,2,potato,1,P,0.001,20.62
1643,2,potato,1,K,0.001,26.49
1643,2,potato,2,Urea,0.3,12.7
1643,2,potato,3,Urea,0.5,17.9
1647,2,potato,1,Urea,0.001,8.5
1647,2,potato,1,P,0.001,20.62
1647,2,potato,1,K,0.001,26.49
1647,2,potato,2,Urea,0.3,12.7
1647,2,potato,3,Urea,0.5,17.9
1648,2,potato,1,Urea,0.001,8.5
1648,2,potato,1,P,0.001,20.62
1648,2,potato,1,K,0.001,26.49
1648,2,potato,2,Urea,0.3,12.7
1648,2,potato,3,Urea,0.5,17.9
1649,2,potato,1,Urea,0.001,8.5
1649,2,potato,1,P,0.001,20.62
1649,2,potato,1,K,0.001,26.49
1649,2,potato,2,Urea,0.3,12.7
1649,2,potato,3,Urea,0.5,17.9
1651,2,potato,1,Urea,0.001,8.5
1651,2,potato,1,P,0.001,20.62
1651,2,potato,1,K,0.001,26.49
1651,2,potato,2,Urea,0.3,12.7
1651,2,potato,3,Urea,0.5,17.9
1654,2,potato,1,Urea,0.001,8.5
1654,2,potato,1,P,0.001,20.62
1654,2,potato,1,K,0.001,26.49
1654,2,potato,2,Urea,0.3,12.7
1654,2,potato,3,Urea,0.5,17.9
1656,2,potato,1,Urea,0.001,8.5
1656,2,potato,1,P,0.001,20.62
1656,2,potato,1,K,0.001,26.49
1656,2,potato,2,Urea,0.3,12.7
1656,2,potato,3,Urea,0.5,17.9
1658,2,potato,1,Urea,0.001,8.5
1658,2,potato,1,P,0.001,20.62
1658,2,potato,1,K,0.001,26.49
1658,2,potato,2,Urea,0.3,12.7
1658,2,potato,3,Urea,0.5,17.9
1661,2,potato,1,Urea,0.001,8.5
1661,2,potato,1,P,0.001,20.62
1661,2,potato,1,K,0.001,26.49
1661,2,potato,2,Urea,0.3,12.7
1661,2,potato,3,Urea,0.5,17.9
1662,2,potato,1,Urea,0.001,8.5
1662,2,potato,1,P,0.001,20.62
1662,2,potato,1,K,0.001,26.49
1662,2,potato,2,Urea,0.3,12.7
1662,2,potato,3,Urea,0.5,17.9
1663,2,potato,1,Urea,0.001,8.5
1663,2,potato,1,P,0.001,20.62
1663,2,potato,1,K,0.001,26.49
1663,2,potato,2,Urea,0.3,12.7
1663,2,potato,3,Urea,0.5,17.9
1664,2,potato,1,Urea,0.001,8.5
1664,2,potato,1,P,0.001,20.62
1664,2,potato,1,K,0.001,26.49
1664,2,potato,2,Urea,0.3,12.7
1664,2,potato,3,Urea,0.5,17.9
1665,2,potato,1,Urea,0.001,8.5
1665,2,potato,1,P,0.001,20.62
1665,2,potato,1,K,0.001,26.49
1665,2,potato,2,Urea,0.3,12.7
1665,2,potato,3,Urea,0.5,17.9
1666,2,potato,1,Urea,0.001,8.5
1666,2,potato,1,P,0.001,20.62
1666,2,potato,1,K,0.001,26.49
1666,2,potato,2,Urea,0.3,12.7
1666,2,potato,3,Urea,0.5,17.9
1667,2,potato,1,Urea,0.001,8.5
1667,2,potato,1,P,0.001,20.62
1667,2,potato,1,K,0.001,26.49
1667,2,potato,2,Urea,0.3,12.7
1667,2,potato,3,Urea,0.5,17.9
1668,2,potato,1,Urea,0.001,8.5
1668,2,potato,1,P,0.001,20.62
1668,2,potato,1,K,0.001,26.49
1668,2,potato,2,Urea,0.3,12.7
1668,2,potato,3,Urea,0.5,17.9
1671,2,potato,1,Urea,0.001,8.5
1671,2,potato,1,P,0.001,20.62
1671,2,potato,1,K,0.001,26.49
1671,2,potato,2,Urea,0.3,12.7
1671,2,potato,3,Urea,0.5,17.9
1672,2,potato,1,Urea,0.001,8.5
1672,2,potato,1,P,0.001,20.62
1672,2,potato,1,K,0.001,26.49
1672,2,potato,2,Urea,0.3,12.7
1672,2,potato,3,Urea,0.5,17.9
1673,2,potato,1,Urea,0.001,8.5
1673,2,potato,1,P,0.001,20.62
1673,2,potato,1,K,0.001,26.49
1673,2,potato,2,Urea,0.3,12.7
1673,2,potato,3,Urea,0.5,17.9
1676,2,potato,1,Urea,0.001,8.5
1676,2,potato,1,P,0.001,20.62
1676,2,potato,1,K,0.001,26.49
1676,2,potato,2,Urea,0.3,12.7
1676,2,potato,3,Urea,0.5,17.9
1677,2,potato,1,Urea,0.001,8.5
1677,2,potato,1,P,0.001,20.62
1677,2,potato,1,K,0.001,26.49
1677,2,potato,2,Urea,0.3,12.7
1677,2,potato,3,Urea,0.5,17.9
1678,2,potato,1,Urea,0.001,8.5
1678,2,potato,1,P,0.001,20.62
1678,2,potato,1,K,0.001,26.49
1678,2,potato,2,Urea,0.3,12.7
1678,2,potato,3,Urea,0.5,17.9
1683,2,potato,1,Urea,0.001,8.5
1683,2,potato,1,P,0.001,20.62
1683,2,potato,1,K,0.001,26.49
1683,2,potato,2,Urea,0.3,12.7
1683,2,potato,3,Urea,0.5,17.9
1687,2,potato,1,Urea,0.001,8.5
1687,2,potato,1,P,0.001,20.62
1687,2,potato,1,K,0.001,26.49
1687,2,potato,2,Urea,0.3,12.7
1687,2,potato,3,Urea,0.5,17.9
1688,2,potato,1,Urea,0.001,8.5
1688,2,potato,1,P,0.001,20.62
1688,2,potato,1,K,0.001,26.49
1688,2,potato,2,Urea,0.3,12.7
1688,2,potato,3,Urea,0.5,17.9
1689,2,potato,1,Urea,0.001,8.5
1689,2,potato,1,P,0.001,20.62
1689,2,potato,1,K,0.001,26.49
1689,2,potato,2,Urea,0.3,12.7
1689,2,potato,3,Urea,0.5,17.9
1690,2,potato,1,Urea,0.001,8.5
1690,2,potato,1,P,0.001,20.62
1690,2,potato,1,K,0.001,26.49
1690,2,potato,2,Urea,0.3,12.7
1690,2,potato,3,Urea,0.5,17.9
1694,2,potato,1,Urea,0.001,8.5
1694,2,potato,1,P,0.001,20.62
1694,2,potato,1,K,0.001,26.49
1694,2,potato,2,Urea,0.3,12.7
1694,2,potato,3,Urea,0.5,17.9
1697,2,potato,1,Urea,0.001,8.5
1697,2,potato,1,P,0.001,20.62
1697,2,potato,1,K,0.001,26.49
1697,2,potato,2,Urea,0.3,12.7
1697,2,potato,3,Urea,0.5,17.9
1698,2,potato,1,Urea,0.001,8.5
1698,2,potato,1,P,0.001,20.62
1698,2,potato,1,K,0.001,26.49
1698,2,potato,2,Urea,0.3,12.7
1698,2,potato,3,Urea,0.5,17.9
1699,2,potato,1,Urea,0.001,8.5
1699,2,potato,1,P,0.001,20.62
1699,2,potato,1,K,0.001,26.49
1699,2,potato,2,Urea,0.3,12.7
1699,2,potato,3,Urea,0.5,17.9
1700,2,potato,1,Urea,0.001,8.5
1700,2,potato,1,P,0.001,20.62
1700,2,potato,1,K,0.001,26.49
1700,2,potato,2,Urea,0.3,12.7
1700,2,potato,3,Urea,0.5,17.9
1702,2,potato,1,Urea,0.001,8.5
1702,2,potato,1,P,0.001,20.62
1702,2,potato,1,K,0.001,26.49
1702,2,potato,2,Urea,0.3,12.7
1702,2,potato,3,Urea,0.5,17.9
1703,2,potato,1,Urea,0.001,8.5
1703,2,potato,1,P,0.001,20.62
1703,2,potato,1,K,0.001,26.49
1703,2,potato,2,Urea,0.3,12.7
1703,2,potato,3,Urea,0.5,17.9
1705,2,potato,1,Urea,0.001,8.5
1705,2,potato,1,P,0.001,20.62
1705,2,potato,1,K,0.001,26.49
1705,2,potato,2,Urea,0.3,12.7
1705,2,potato,3,Urea,0.5,17.9
1707,2,potato,1,Urea,0.001,8.5
1707,2,potato,1,P,0.001,20.62
1707,2,potato,1,K,0.001,26.49
1707,2,potato,2,Urea,0.3,12.7
1707,2,potato,3,Urea,0.5,17.9
1711,2,potato,1,Urea,0.001,8.5
1711,2,potato,1,P,0.001,20.62
1711,2,potato,1,K,0.001,26.49
1711,2,potato,2,Urea,0.3,12.7
1711,2,potato,3,Urea,0.5,17.9
1716,2,potato,1,Urea,0.001,8.5
1716,2,potato,1,P,0.001,20.62
1716,2,potato,1,K,0.001,26.49
1716,2,potato,2,Urea,0.3,12.7
1716,2,potato,3,Urea,0.5,17.9
1722,2,potato,1,Urea,0.001,8.5
1722,2,potato,1,P,0.001,20.62
1722,2,potato,1,K,0.001,26.49
1722,2,potato,2,Urea,0.3,12.7
1722,2,potato,3,Urea,0.5,17.9
1723,2,potato,1,Urea,0.001,8.5
1723,2,potato,1,P,0.001,20.62
1723,2,potato,1,K,0.001,26.49
1723,2,potato,2,Urea,0.3,12.7
1723,2,potato,3,Urea,0.5,17.9
1725,2,potato,1,Urea,0.001,8.5
1725,2,potato,1,P,0.001,20.62
1725,2,potato,1,K,0.001,26.49
1725,2,potato,2,Urea,0.3,12.7
1725,2,potato,3,Urea,0.5,17.9
1726,2,potato,1,Urea,0.001,8.5
1726,2,potato,1,P,0.001,20.62
1726,2,potato,1,K,0.001,26.49
1726,2,potato,2,Urea,0.3,12.7
1726,2,potato,3,Urea,0.5,17.9
1727,2,potato,1,Urea,0.001,8.5
1727,2,potato,1,P,0.001,20.62
1727,2,potato,1,K,0.001,26.49
1727,2,potato,2,Urea,0.3,12.7
1727,2,potato,3,Urea,0.5,17.9
1731,2,potato,1,Urea,0.001,8.5
1731,2,potato,1,P,0.001,20.62
1731,2,potato,1,K,0.001,26.49
1731,2,potato,2,Urea,0.3,12.7
1731,2,potato,3,Urea,0.5,17.9
1732,2,potato,1,Urea,0.001,8.5
1732,2,potato,1,P,0.001,20.62
1732,2,potato,1,K,0.001,26.49
1732,2,potato,2,Urea,0.3,12.7
1732,2,potato,3,Urea,0.5,17.9
1733,2,potato,1,Urea,0.001,8.5
1733,2,potato,1,P,0.001,20.62
1733,2,potato,1,K,0.001,26.49
1733,2,potato,2,Urea,0.3,12.7
1733,2,potato,3,Urea,0.5,17.9
1734,2,potato,1,Urea,0.001,8.5
1734,2,potato,1,P,0.001,20.62
1734,2,potato,1,K,0.001,26.49
1734,2,potato,2,Urea,0.3,12.7
1734,2,potato,3,Urea,0.5,17.9
1735,2,potato,1,Urea,0.001,8.5
1735,2,potato,1,P,0.001,20.62
1735,2,potato,1,K,0.001,26.49
1735,2,potato,2,Urea,0.3,12.7
1735,2,potato,3,Urea,0.5,17.9
1737,2,potato,1,Urea,0.001,8.5
1737,2,potato,1,P,0.001,20.62
1737,2,potato,1,K,0.001,26.49
1737,2,potato,2,Urea,0.3,12.7
1737,2,potato,3,Urea,0.5,17.9
1738,2,potato,1,Urea,0.001,8.5
1738,2,potato,1,P,0.001,20.62
1738,2,potato,1,K,0.001,26.49
1738,2,potato,2,Urea,0.3,12.7
1738,2,potato,3,Urea,0.5,17.9
1741,2,potato,1,Urea,0.001,8.5
1741,2,potato,1,P,0.001,20.62
1741,2,potato,1,K,0.001,26.49
1741,2,potato,2,Urea,0.3,12.7
1741,2,potato,3,Urea,0.5,17.9
1742,2,potato,1,Urea,0.001,8.5
1742,2,potato,1,P,0.001,20.62
1742,2,potato,1,K,0.001,26.49
1742,2,potato,2,Urea,0.3,12.7
1742,2,potato,3,Urea,0.5,17.9
1743,2,potato,1,Urea,0.001,8.5
1743,2,potato,1,P,0.001,20.62
1743,2,potato,1,K,0.001,26.49
1743,2,potato,2,Urea,0.3,12.7
1743,2,potato,3,Urea,0.5,17.9
1744,2,potato,1,Urea,0.001,8.5
1744,2,potato,1,P,0.001,20.62
1744,2,potato,1,K,0.001,26.49
1744,2,potato,2,Urea,0.3,12.7
1744,2,potato,3,Urea,0.5,17.9
1746,2,potato,1,Urea,0.001,8.5
1746,2,potato,1,P,0.001,20.62
1746,2,potato,1,K,0.001,26.49
1746,2,potato,2,Urea,0.3,12.7
1746,2,potato,3,Urea,0.5,17.9
1747,2,potato,1,Urea,0.001,8.5
1747,2,potato,1,P,0.001,20.62
1747,2,potato,1,K,0.001,26.49
1747,2,potato,2,Urea,0.3,12.7
1747,2,potato,3,Urea,0.5,17.9
1752,2,potato,1,Urea,0.001,8.5
1752,2,potato,1,P,0.001,20.62
1752,2,potato,1,K,0.001,26.49
1752,2,potato,2,Urea,0.3,12.7
1752,2,potato,3,Urea,0.5,17.9
1753,2,potato,1,Urea,0.001,8.5
1753,2,potato,1,P,0.001,20.62
1753,2,potato,1,K,0.001,26.49
1753,2,potato,2,Urea,0.3,12.7
1753,2,potato,3,Urea,0.5,17.9
1757,2,potato,1,Urea,0.001,8.5
1757,2,potato,1,P,0.001,20.62
1757,2,potato,1,K,0.001,26.49
1757,2,potato,2,Urea,0.3,12.7
1757,2,potato,3,Urea,0.5,17.9
1758,2,potato,1,Urea,0.001,8.5
1758,2,potato,1,P,0.001,20.62
1758,2,potato,1,K,0.001,26.49
1758,2,potato,2,Urea,0.3,12.7
1758,2,potato,3,Urea,0.5,17.9
1759,2,potato,1,Urea,0.001,8.5
1759,2,potato,1,P,0.001,20.62
1759,2,potato,1,K,0.001,26.49
1759,2,potato,2,Urea,0.3,12.7
1759,2,potato,3,Urea,0.5,17.9
1761,2,potato,1,Urea,0.001,8.5
1761,2,potato,1,P,0.001,20.62
1761,2,potato,1,K,0.001,26.49
1761,2,potato,2,Urea,0.3,12.7
1761,2,potato,3,Urea,0.5,17.9
1764,2,potato,1,Urea,0.001,8.5
1764,2,potato,1,P,0.001,20.62
1764,2,potato,1,K,0.001,26.49
1764,2,potato,2,Urea,0.3,12.7
1764,2,potato,3,Urea,0.5,17.9
1765,2,potato,1,Urea,0.001,8.5
1765,2,potato,1,P,0.001,20.62
1765,2,potato,1,K,0.001,26.49
1765,2,potato,2,Urea,0.3,12.7
1765,2,potato,3,Urea,0.5,17.9
1766,2,potato,1,Urea,0.001,8.5
1766,2,potato,1,P,0.001,20.62
1766,2,potato,1,K,0.001,26.49
1766,2,potato,2,Urea,0.3,12.7
1766,2,potato,3,Urea,0.5,17.9
1767,2,potato,1,Urea,0.001,8.5
1767,2,potato,1,P,0.001,20.62
1767,2,potato,1,K,0.001,26.49
1767,2,potato,2,Urea,0.3,12.7
1767,2,potato,3,Urea,0.5,17.9
1769,2,potato,1,Urea,0.001,8.5
1769,2,potato,1,P,0.001,20.62
1769,2,potato,1,K,0.001,26.49
1769,2,potato,2,Urea,0.3,12.7
1769,2,potato,3,Urea,0.5,17.9
1770,2,potato,1,Urea,0.001,8.5
1770,2,potato,1,P,0.001,20.62
1770,2,potato,1,K,0.001,26.49
1770,2,potato,2,Urea,0.3,12.7
1770,2,potato,3,Urea,0.5,17.9
1771,2,potato,1,Urea,0.001,8.5
1771,2,potato,1,P,0.001,20.62
1771,2,potato,1,K,0.001,26.49
1771,2,potato,2,Urea,0.3,12.7
1771,2,potato,3,Urea,0.5,17.9
1772,2,potato,1,Urea,0.001,8.5
1772,2,potato,1,P,0.001,20.62
1772,2,potato,1,K,0.001,26.49
1772,2,potato,2,Urea,0.3,12.7
1772,2,potato,3,Urea,0.5,17.9
1773,2,potato,1,Urea,0.001,8.5
1773,2,potato,1,P,0.001,20.62
1773,2,potato,1,K,0.001,26.49
1773,2,potato,2,Urea,0.3,12.7
1773,2,potato,3,Urea,0.5,17.9
1775,2,potato,1,Urea,0.001,8.5
1775,2,potato,1,P,0.001,20.62
1775,2,potato,1,K,0.001,26.49
1775,2,potato,2,Urea,0.3,12.7
1775,2,potato,3,Urea,0.5,17.9
1777,2,potato,1,Urea,0.001,8.5
1777,2,potato,1,P,0.001,20.62
1777,2,potato,1,K,0.001,26.49
1777,2,potato,2,Urea,0.3,12.7
1777,2,potato,3,Urea,0.5,17.9
1780,2,potato,1,Urea,0.001,8.5
1780,2,potato,1,P,0.001,20.62
1780,2,potato,1,K,0.001,26.49
1780,2,potato,2,Urea,0.3,12.7
1780,2,potato,3,Urea,0.5,17.9
1781,2,potato,1,Urea,0.001,8.5
1781,2,potato,1,P,0.001,20.62
1781,2,potato,1,K,0.001,26.49
1781,2,potato,2,Urea,0.3,12.7
1781,2,potato,3,Urea,0.5,17.9
1789,2,potato,1,Urea,0.001,8.5
1789,2,potato,1,P,0.001,20.62
1789,2,potato,1,K,0.001,26.49
1789,2,potato,2,Urea,0.3,12.7
1789,2,potato,3,Urea,0.5,17.9
1790,2,potato,1,Urea,0.001,8.5
1790,2,potato,1,P,0.001,20.62
1790,2,potato,1,K,0.001,26.49
1790,2,potato,2,Urea,0.3,12.7
1790,2,potato,3,Urea,0.5,17.9
1791,2,potato,1,Urea,0.001,8.5
1791,2,potato,1,P,0.001,20.62
1791,2,potato,1,K,0.001,26.49
1791,2,potato,2,Urea,0.3,12.7
1791,2,potato,3,Urea,0.5,17.9
1795,2,potato,1,Urea,0.001,8.5
1795,2,potato,1,P,0.001,20.62
1795,2,potato,1,K,0.001,26.49
1795,2,potato,2,Urea,0.3,12.7
1795,2,potato,3,Urea,0.5,17.9
1797,2,potato,1,Urea,0.001,8.5
1797,2,potato,1,P,0.001,20.62
1797,2,potato,1,K,0.001,26.49
1797,2,potato,2,Urea,0.3,12.7
1797,2,potato,3,Urea,0.5,17.9
1798,2,potato,1,Urea,0.001,8.5
1798,2,potato,1,P,0.001,20.62
1798,2,potato,1,K,0.001,26.49
1798,2,potato,2,Urea,0.3,12.7
1798,2,potato,3,Urea,0.5,17.9
1799,2,potato,1,Urea,0.001,8.5
1799,2,potato,1,P,0.001,20.62
1799,2,potato,1,K,0.001,26.49
1799,2,potato,2,Urea,0.3,12.7
1799,2,potato,3,Urea,0.5,17.9
1800,2,potato,1,Urea,0.001,8.5
1800,2,potato,1,P,0.001,20.62
1800,2,potato,1,K,0.001,26.49
1800,2,potato,2,Urea,0.3,12.7
1800,2,potato,3,Urea,0.5,17.9
1801,2,potato,1,Urea,0.001,8.5
1801,2,potato,1,P,0.001,20.62
1801,2,potato,1,K,0.001,26.49
1801,2,potato,2,Urea,0.3,12.7
1801,2,potato,3,Urea,0.5,17.9
1802,2,potato,1,Urea,0.001,8.5
1802,2,potato,1,P,0.001,20.62
1802,2,potato,1,K,0.001,26.49
1802,2,potato,2,Urea,0.3,12.7
1802,2,potato,3,Urea,0.5,17.9
1803,2,potato,1,Urea,0.001,8.5
1803,2,potato,1,P,0.001,20.62
1803,2,potato,1,K,0.001,26.49
1803,2,potato,2,Urea,0.3,12.7
1803,2,potato,3,Urea,0.5,17.9
1805,2,potato,1,Urea,0.001,8.5
1805,2,potato,1,P,0.001,20.62
1805,2,potato,1,K,0.001,26.49
1805,2,potato,2,Urea,0.3,12.7
1805,2,potato,3,Urea,0.5,17.9
1806,2,potato,1,Urea,0.001,8.5
1806,2,potato,1,P,0.001,20.62
1806,2,potato,1,K,0.001,26.49
1806,2,potato,2,Urea,0.3,12.7
1806,2,potato,3,Urea,0.5,17.9
1807,2,potato,1,Urea,0.001,8.5
1807,2,potato,1,P,0.001,20.62
1807,2,potato,1,K,0.001,26.49
1807,2,potato,2,Urea,0.3,12.7
1807,2,potato,3,Urea,0.5,17.9
1808,2,potato,1,Urea,0.001,8.5
1808,2,potato,1,P,0.001,20.62
1808,2,potato,1,K,0.001,26.49
1808,2,potato,2,Urea,0.3,12.7
1808,2,potato,3,Urea,0.5,17.9
1810,2,potato,1,Urea,0.001,8.5
1810,2,potato,1,P,0.001,20.62
1810,2,potato,1,K,0.001,26.49
1810,2,potato,2,Urea,0.3,12.7
1810,2,potato,3,Urea,0.5,17.9
1811,2,potato,1,Urea,0.001,8.5
1811,2,potato,1,P,0.001,20.62
1811,2,potato,1,K,0.001,26.49
1811,2,potato,2,Urea,0.3,12.7
1811,2,potato,3,Urea,0.5,17.9
1812,2,potato,1,Urea,0.001,8.5
1812,2,potato,1,P,0.001,20.62
1812,2,potato,1,K,0.001,26.49
1812,2,potato,2,Urea,0.3,12.7
1812,2,potato,3,Urea,0.5,17.9
1815,2,potato,1,Urea,0.001,8.5
1815,2,potato,1,P,0.001,20.62
1815,2,potato,1,K,0.001,26.49
1815,2,potato,2,Urea,0.3,12.7
1815,2,potato,3,Urea,0.5,17.9
1818,2,potato,1,Urea,0.001,8.5
1818,2,potato,1,P,0.001,20.62
1818,2,potato,1,K,0.001,26.49
1818,2,potato,2,Urea,0.3,12.7
1818,2,potato,3,Urea,0.5,17.9
1819,2,potato,1,Urea,0.001,8.5
1819,2,potato,1,P,0.001,20.62
1819,2,potato,1,K,0.001,26.49
1819,2,potato,2,Urea,0.3,12.7
1819,2,potato,3,Urea,0.5,17.9
1821,2,potato,1,Urea,0.001,8.5
1821,2,potato,1,P,0.001,20.62
1821,2,potato,1,K,0.001,26.49
1821,2,potato,2,Urea,0.3,12.7
1821,2,potato,3,Urea,0.5,17.9
1822,2,potato,1,Urea,0.001,8.5
1822,2,potato,1,P,0.001,20.62
1822,2,potato,1,K,0.001,26.49
1822,2,potato,2,Urea,0.3,12.7
1822,2,potato,3,Urea,0.5,17.9
1824,2,potato,1,Urea,0.001,8.5
1824,2,potato,1,P,0.001,20.62
1824,2,potato,1,K,0.001,26.49
1824,2,potato,2,Urea,0.3,12.7
1824,2,potato,3,Urea,0.5,17.9
1825,2,potato,1,Urea,0.001,8.5
1825,2,potato,1,P,0.001,20.62
1825,2,potato,1,K,0.001,26.49
1825,2,potato,2,Urea,0.3,12.7
1825,2,potato,3,Urea,0.5,17.9
1826,2,potato,1,Urea,0.001,8.5
1826,2,potato,1,P,0.001,20.62
1826,2,potato,1,K,0.001,26.49
1826,2,potato,2,Urea,0.3,12.7
1826,2,potato,3,Urea,0.5,17.9
1828,2,potato,1,Urea,0.001,8.5
1828,2,potato,1,P,0.001,20.62
1828,2,potato,1,K,0.001,26.49
1828,2,potato,2,Urea,0.3,12.7
1828,2,potato,3,Urea,0.5,17.9
1831,2,potato,1,Urea,0.001,8.5
1831,2,potato,1,P,0.001,20.62
1831,2,potato,1,K,0.001,26.49
1831,2,potato,2,Urea,0.3,12.7
1831,2,potato,3,Urea,0.5,17.9
1832,2,potato,1,Urea,0.001,8.5
1832,2,potato,1,P,0.001,20.62
1832,2,potato,1,K,0.001,26.49
1832,2,potato,2,Urea,0.3,12.7
1832,2,potato,3,Urea,0.5,17.9
1833,2,potato,1,Urea,0.001,8.5
1833,2,potato,1,P,0.001,20.62
1833,2,potato,1,K,0.001,26.49
1833,2,potato,2,Urea,0.3,12.7
1833,2,potato,3,Urea,0.5,17.9
1834,2,potato,1,Urea,0.001,8.5
1834,2,potato,1,P,0.001,20.62
1834,2,potato,1,K,0.001,26.49
1834,2,potato,2,Urea,0.3,12.7
1834,2,potato,3,Urea,0.5,17.9
1835,2,potato,1,Urea,0.001,8.5
1835,2,potato,1,P,0.001,20.62
1835,2,potato,1,K,0.001,26.49
1835,2,potato,2,Urea,0.3,12.7
1835,2,potato,3,Urea,0.5,17.9
1837,2,potato,1,Urea,0.001,8.5
1837,2,potato,1,P,0.001,20.62
1837,2,potato,1,K,0.001,26.49
1837,2,potato,2,Urea,0.3,12.7
1837,2,potato,3,Urea,0.5,17.9
1842,2,potato,1,Urea,0.001,8.5
1842,2,potato,1,P,0.001,20.62
1842,2,potato,1,K,0.001,26.49
1842,2,potato,2,Urea,0.3,12.7
1842,2,potato,3,Urea,0.5,17.9
1847,2,potato,1,Urea,0.001,8.5
1847,2,potato,1,P,0.001,20.62
1847,2,potato,1,K,0.001,26.49
1847,2,potato,2,Urea,0.3,12.7
1847,2,potato,3,Urea,0.5,17.9
1850,2,potato,1,Urea,0.001,8.5
1850,2,potato,1,P,0.001,20.62
1850,2,potato,1,K,0.001,26.49
1850,2,potato,2,Urea,0.3,12.7
1850,2,potato,3,Urea,0.5,17.9
1854,2,potato,1,Urea,0.001,8.5
1854,2,potato,1,P,0.001,20.62
1854,2,potato,1,K,0.001,26.49
1854,2,potato,2,Urea,0.3,12.7
1854,2,potato,3,Urea,0.5,17.9
1864,2,potato,1,Urea,0.001,8.5
1864,2,potato,1,P,0.001,20.62
1864,2,potato,1,K,0.001,26.49
1864,2,potato,2,Urea,0.3,12.7
1864,2,potato,3,Urea,0.5,17.9
1865,2,potato,1,Urea,0.001,8.5
1865,2,potato,1,P,0.001,20.62
1865,2,potato,1,K,0.001,26.49
1865,2,potato,2,Urea,0.3,12.7
1865,2,potato,3,Urea,0.5,17.9
1866,2,potato,1,Urea,0.001,8.5
1866,2,potato,1,P,0.001,20.62
1866,2,potato,1,K,0.001,26.49
1866,2,potato,2,Urea,0.3,12.7
1866,2,potato,3,Urea,0.5,17.9
1868,2,potato,1,Urea,0.001,8.5
1868,2,potato,1,P,0.001,20.62
1868,2,potato,1,K,0.001,26.49
1868,2,potato,2,Urea,0.3,12.7
1868,2,potato,3,Urea,0.5,17.9
1869,2,potato,1,Urea,0.001,8.5
1869,2,potato,1,P,0.001,20.62
1869,2,potato,1,K,0.001,26.49
1869,2,potato,2,Urea,0.3,12.7
1869,2,potato,3,Urea,0.5,17.9
1870,2,potato,1,Urea,0.001,8.5
1870,2,potato,1,P,0.001,20.62
1870,2,potato,1,K,0.001,26.49
1870,2,potato,2,Urea,0.3,12.7
1870,2,potato,3,Urea,0.5,17.9
1872,2,potato,1,Urea,0.001,8.5
1872,2,potato,1,P,0.001,20.62
1872,2,potato,1,K,0.001,26.49
1872,2,potato,2,Urea,0.3,12.7
1872,2,potato,3,Urea,0.5,17.9
1874,2,potato,1,Urea,0.001,8.5
1874,2,potato,1,P,0.001,20.62
1874,2,potato,1,K,0.001,26.49
1874,2,potato,2,Urea,0.3,12.7
1874,2,potato,3,Urea,0.5,17.9
1876,2,potato,1,Urea,0.001,8.5
1876,2,potato,1,P,0.001,20.62
1876,2,potato,1,K,0.001,26.49
1876,2,potato,2,Urea,0.3,12.7
1876,2,potato,3,Urea,0.5,17.9
1877,2,potato,1,Urea,0.001,8.5
1877,2,potato,1,P,0.001,20.62
1877,2,potato,1,K,0.001,26.49
1877,2,potato,2,Urea,0.3,12.7
1877,2,potato,3,Urea,0.5,17.9
1878,2,potato,1,Urea,0.001,8.5
1878,2,potato,1,P,0.001,20.62
1878,2,potato,1,K,0.001,26.49
1878,2,potato,2,Urea,0.3,12.7
1878,2,potato,3,Urea,0.5,17.9
1881,2,potato,1,Urea,0.001,8.5
1881,2,potato,1,P,0.001,20.62
1881,2,potato,1,K,0.001,26.49
1881,2,potato,2,Urea,0.3,12.7
1881,2,potato,3,Urea,0.5,17.9
1882,2,potato,1,Urea,0.001,8.5
1882,2,potato,1,P,0.001,20.62
1882,2,potato,1,K,0.001,26.49
1882,2,potato,2,Urea,0.3,12.7
1882,2,potato,3,Urea,0.5,17.9
1886,2,potato,1,Urea,0.001,8.5
1886,2,potato,1,P,0.001,20.62
1886,2,potato,1,K,0.001,26.49
1886,2,potato,2,Urea,0.3,12.7
1886,2,potato,3,Urea,0.5,17.9
1887,2,potato,1,Urea,0.001,8.5
1887,2,potato,1,P,0.001,20.62
1887,2,potato,1,K,0.001,26.49
1887,2,potato,2,Urea,0.3,12.7
1887,2,potato,3,Urea,0.5,17.9
1888,2,potato,1,Urea,0.001,8.5
1888,2,potato,1,P,0.001,20.62
1888,2,potato,1,K,0.001,26.49
1888,2,potato,2,Urea,0.3,12.7
1888,2,potato,3,Urea,0.5,17.9
1889,2,potato,1,Urea,0.001,8.5
1889,2,potato,1,P,0.001,20.62
1889,2,potato,1,K,0.001,26.49
1889,2,potato,2,Urea,0.3,12.7
1889,2,potato,3,Urea,0.5,17.9
1890,2,potato,1,Urea,0.001,8.5
1890,2,potato,1,P,0.001,20.62
1890,2,potato,1,K,0.001,26.49
1890,2,potato,2,Urea,0.3,12.7
1890,2,potato,3,Urea,0.5,17.9
1891,2,potato,1,Urea,0.001,8.5
1891,2,potato,1,P,0.001,20.62
1891,2,potato,1,K,0.001,26.49
1891,2,potato,2,Urea,0.3,12.7
1891,2,potato,3,Urea,0.5,17.9
1893,2,potato,1,Urea,0.001,8.5
1893,2,potato,1,P,0.001,20.62
1893,2,potato,1,K,0.001,26.49
1893,2,potato,2,Urea,0.3,12.7
1893,2,potato,3,Urea,0.5,17.9
1894,2,potato,1,Urea,0.001,8.5
1894,2,potato,1,P,0.001,20.62
1894,2,potato,1,K,0.001,26.49
1894,2,potato,2,Urea,0.3,12.7
1894,2,potato,3,Urea,0.5,17.9
1895,2,potato,1,Urea,0.001,8.5
1895,2,potato,1,P,0.001,20.62
1895,2,potato,1,K,0.001,26.49
1895,2,potato,2,Urea,0.3,12.7
1895,2,potato,3,Urea,0.5,17.9
1896,2,potato,1,Urea,0.001,8.5
1896,2,potato,1,P,0.001,20.62
1896,2,potato,1,K,0.001,26.49
1896,2,potato,2,Urea,0.3,12.7
1896,2,potato,3,Urea,0.5,17.9
1897,2,potato,1,Urea,0.001,8.5
1897,2,potato,1,P,0.001,20.62
1897,2,potato,1,K,0.001,26.49
1897,2,potato,2,Urea,0.3,12.7
1897,2,potato,3,Urea,0.5,17.9
1899,2,potato,1,Urea,0.001,8.5
1899,2,potato,1,P,0.001,20.62
1899,2,potato,1,K,0.001,26.49
1899,2,potato,2,Urea,0.3,12.7
1899,2,potato,3,Urea,0.5,17.9
1900,2,potato,1,Urea,0.001,8.5
1900,2,potato,1,P,0.001,20.62
1900,2,potato,1,K,0.001,26.49
1900,2,potato,2,Urea,0.3,12.7
1900,2,potato,3,Urea,0.5,17.9
1901,2,potato,1,Urea,0.001,8.5
1901,2,potato,1,P,0.001,20.62
1901,2,potato,1,K,0.001,26.49
1901,2,potato,2,Urea,0.3,12.7
1901,2,potato,3,Urea,0.5,17.9
1902,2,potato,1,Urea,0.001,8.5
1902,2,potato,1,P,0.001,20.62
1902,2,potato,1,K,0.001,26.49
1902,2,potato,2,Urea,0.3,12.7
1902,2,potato,3,Urea,0.5,17.9
1903,2,potato,1,Urea,0.001,8.5
1903,2,potato,1,P,0.001,20.62
1903,2,potato,1,K,0.001,26.49
1903,2,potato,2,Urea,0.3,12.7
1903,2,potato,3,Urea,0.5,17.9
1904,2,potato,1,Urea,0.001,8.5
1904,2,potato,1,P,0.001,20.62
1904,2,potato,1,K,0.001,26.49
1904,2,potato,2,Urea,0.3,12.7
1904,2,potato,3,Urea,0.5,17.9
1905,2,potato,1,Urea,0.001,8.5
1905,2,potato,1,P,0.001,20.62
1905,2,potato,1,K,0.001,26.49
1905,2,potato,2,Urea,0.3,12.7
1905,2,potato,3,Urea,0.5,17.9
1907,2,potato,1,Urea,0.001,8.5
1907,2,potato,1,P,0.001,20.62
1907,2,potato,1,K,0.001,26.49
1907,2,potato,2,Urea,0.3,12.7
1907,2,potato,3,Urea,0.5,17.9
1908,2,potato,1,Urea,0.001,8.5
1908,2,potato,1,P,0.001,20.62
1908,2,potato,1,K,0.001,26.49
1908,2,potato,2,Urea,0.3,12.7
1908,2,potato,3,Urea,0.5,17.9
1909,2,potato,1,Urea,0.001,8.5
1909,2,potato,1,P,0.001,20.62
1909,2,potato,1,K,0.001,26.49
1909,2,potato,2,Urea,0.3,12.7
1909,2,potato,3,Urea,0.5,17.9
1912,2,potato,1,Urea,0.001,8.5
1912,2,potato,1,P,0.001,20.62
1912,2,potato,1,K,0.001,26.49
1912,2,potato,2,Urea,0.3,12.7
1912,2,potato,3,Urea,0.5,17.9
1914,2,potato,1,Urea,0.001,8.5
1914,2,potato,1,P,0.001,20.62
1914,2,potato,1,K,0.001,26.49
1914,2,potato,2,Urea,0.3,12.7
1914,2,potato,3,Urea,0.5,17.9
1916,2,potato,1,Urea,0.001,8.5
1916,2,potato,1,P,0.001,20.62
1916,2,potato,1,K,0.001,26.49
1916,2,potato,2,Urea,0.3,12.7
1916,2,potato,3,Urea,0.5,17.9
1917,2,potato,1,Urea,0.001,8.5
1917,2,potato,1,P,0.001,20.62
1917,2,potato,1,K,0.001,26.49
1917,2,potato,2,Urea,0.3,12.7
1917,2,potato,3,Urea,0.5,17.9
1918,2,potato,1,Urea,0.001,8.5
1918,2,potato,1,P,0.001,20.62
1918,2,potato,1,K,0.001,26.49
1918,2,potato,2,Urea,0.3,12.7
1918,2,potato,3,Urea,0.5,17.9
1923,2,potato,1,Urea,0.001,8.5
1923,2,potato,1,P,0.001,20.62
1923,2,potato,1,K,0.001,26.49
1923,2,potato,2,Urea,0.3,12.7
1923,2,potato,3,Urea,0.5,17.9
1924,2,potato,1,Urea,0.001,8.5
1924,2,potato,1,P,0.001,20.62
1924,2,potato,1,K,0.001,26.49
1924,2,potato,2,Urea,0.3,12.7
1924,2,potato,3,Urea,0.5,17.9
1926,2,potato,1,Urea,0.001,8.5
1926,2,potato,1,P,0.001,20.62
1926,2,potato,1,K,0.001,26.49
1926,2,potato,2,Urea,0.3,12.7
1926,2,potato,3,Urea,0.5,17.9
1927,2,potato,1,Urea,0.001,8.5
1927,2,potato,1,P,0.001,20.62
1927,2,potato,1,K,0.001,26.49
1927,2,potato,2,Urea,0.3,12.7
1927,2,potato,3,Urea,0.5,17.9
1930,2,potato,1,Urea,0.001,8.5
1930,2,potato,1,P,0.001,20.62
1930,2,potato,1,K,0.001,26.49
1930,2,potato,2,Urea,0.3,12.7
1930,2,potato,3,Urea,0.5,17.9
1931,2,potato,1,Urea,0.001,8.5
1931,2,potato,1,P,0.001,20.62
1931,2,potato,1,K,0.001,26.49
1931,2,potato,2,Urea,0.3,12.7
1931,2,potato,3,Urea,0.5,17.9
1933,2,potato,1,Urea,0.001,8.5
1933,2,potato,1,P,0.001,20.62
1933,2,potato,1,K,0.001,26.49
1933,2,potato,2,Urea,0.3,12.7
1933,2,potato,3,Urea,0.5,17.9
1934,2,potato,1,Urea,0.001,8.5
1934,2,potato,1,P,0.001,20.62
1934,2,potato,1,K,0.001,26.49
1934,2,potato,2,Urea,0.3,12.7
1934,2,potato,3,Urea,0.5,17.9
1936,2,potato,1,Urea,0.001,8.5
1936,2,potato,1,P,0.001,20.62
1936,2,potato,1,K,0.001,26.49
1936,2,potato,2,Urea,0.3,12.7
1936,2,potato,3,Urea,0.5,17.9
1937,2,potato,1,Urea,0.001,8.5
1937,2,potato,1,P,0.001,20.62
1937,2,potato,1,K,0.001,26.49
1937,2,potato,2,Urea,0.3,12.7
1937,2,potato,3,Urea,0.5,17.9
1938,2,potato,1,Urea,0.001,8.5
1938,2,potato,1,P,0.001,20.62
1938,2,potato,1,K,0.001,26.49
1938,2,potato,2,Urea,0.3,12.7
1938,2,potato,3,Urea,0.5,17.9
1941,2,potato,1,Urea,0.001,8.5
1941,2,potato,1,P,0.001,20.62
1941,2,potato,1,K,0.001,26.49
1941,2,potato,2,Urea,0.3,12.7
1941,2,potato,3,Urea,0.5,17.9
1942,2,potato,1,Urea,0.001,8.5
1942,2,potato,1,P,0.001,20.62
1942,2,potato,1,K,0.001,26.49
1942,2,potato,2,Urea,0.3,12.7
1942,2,potato,3,Urea,0.5,17.9
1943,2,potato,1,Urea,0.001,8.5
1943,2,potato,1,P,0.001,20.62
1943,2,potato,1,K,0.001,26.49
1943,2,potato,2,Urea,0.3,12.7
1943,2,potato,3,Urea,0.5,17.9
1944,2,potato,1,Urea,0.001,8.5
1944,2,potato,1,P,0.001,20.62
1944,2,potato,1,K,0.001,26.49
1944,2,potato,2,Urea,0.3,12.7
1944,2,potato,3,Urea,0.5,17.9
1945,2,potato,1,Urea,0.001,8.5
1945,2,potato,1,P,0.001,20.62
1945,2,potato,1,K,0.001,26.49
1945,2,potato,2,Urea,0.3,12.7
1945,2,potato,3,Urea,0.5,17.9
1946,2,potato,1,Urea,0.001,8.5
1946,2,potato,1,P,0.001,20.62
1946,2,potato,1,K,0.001,26.49
1946,2,potato,2,Urea,0.3,12.7
1946,2,potato,3,Urea,0.5,17.9
1947,2,potato,1,Urea,0.001,8.5
1947,2,potato,1,P,0.001,20.62
1947,2,potato,1,K,0.001,26.49
1947,2,potato,2,Urea,0.3,12.7
1947,2,potato,3,Urea,0.5,17.9
1948,2,potato,1,Urea,0.001,8.5
1948,2,potato,1,P,0.001,20.62
1948,2,potato,1,K,0.001,26.49
1948,2,potato,2,Urea,0.3,12.7
1948,2,potato,3,Urea,0.5,17.9
1949,2,potato,1,Urea,0.001,8.5
1949,2,potato,1,P,0.001,20.62
1949,2,potato,1,K,0.001,26.49
1949,2,potato,2,Urea,0.3,12.7
1949,2,potato,3,Urea,0.5,17.9
1951,2,potato,1,Urea,0.001,8.5
1951,2,potato,1,P,0.001,20.62
1951,2,potato,1,K,0.001,26.49
1951,2,potato,2,Urea,0.3,12.7
1951,2,potato,3,Urea,0.5,17.9
1952,2,potato,1,Urea,0.001,8.5
1952,2,potato,1,P,0.001,20.62
1952,2,potato,1,K,0.001,26.49
1952,2,potato,2,Urea,0.3,12.7
1952,2,potato,3,Urea,0.5,17.9
1955,2,potato,1,Urea,0.001,8.5
1955,2,potato,1,P,0.001,20.62
1955,2,potato,1,K,0.001,26.49
1955,2,potato,2,Urea,0.3,12.7
1955,2,potato,3,Urea,0.5,17.9
1957,2,potato,1,Urea,0.001,8.5
1957,2,potato,1,P,0.001,20.62
1957,2,potato,1,K,0.001,26.49
1957,2,potato,2,Urea,0.3,12.7
1957,2,potato,3,Urea,0.5,17.9
1962,2,potato,1,Urea,0.001,8.5
1962,2,potato,1,P,0.001,20.62
1962,2,potato,1,K,0.001,26.49
1962,2,potato,2,Urea,0.3,12.7
1962,2,potato,3,Urea,0.5,17.9
1967,2,potato,1,Urea,0.001,8.5
1967,2,potato,1,P,0.001,20.62
1967,2,potato,1,K,0.001,26.49
1967,2,potato,2,Urea,0.3,12.7
1967,2,potato,3,Urea,0.5,17.9
1969,2,potato,1,Urea,0.001,8.5
1969,2,potato,1,P,0.001,20.62
1969,2,potato,1,K,0.001,26.49
1969,2,potato,2,Urea,0.3,12.7
1969,2,potato,3,Urea,0.5,17.9
1970,2,potato,1,Urea,0.001,8.5
1970,2,potato,1,P,0.001,20.62
1970,2,potato,1,K,0.001,26.49
1970,2,potato,2,Urea,0.3,12.7
1970,2,potato,3,Urea,0.5,17.9
1971,2,potato,1,Urea,0.001,8.5
1971,2,potato,1,P,0.001,20.62
1971,2,potato,1,K,0.001,26.49
1971,2,potato,2,Urea,0.3,12.7
1971,2,potato,3,Urea,0.5,17.9
1972,2,potato,1,Urea,0.001,8.5
1972,2,potato,1,P,0.001,20.62
1972,2,potato,1,K,0.001,26.49
1972,2,potato,2,Urea,0.3,12.7
1972,2,potato,3,Urea,0.5,17.9
1973,2,potato,1,Urea,0.001,8.5
1973,2,potato,1,P,0.001,20.62
1973,2,potato,1,K,0.001,26.49
1973,2,potato,2,Urea,0.3,12.7
1973,2,potato,3,Urea,0.5,17.9
1974,2,potato,1,Urea,0.001,8.5
1974,2,potato,1,P,0.001,20.62
1974,2,potato,1,K,0.001,26.49
1974,2,potato,2,Urea,0.3,12.7
1974,2,potato,3,Urea,0.5,17.9
1975,2,potato,1,Urea,0.001,8.5
1975,2,potato,1,P,0.001,20.62
1975,2,potato,1,K,0.001,26.49
1975,2,potato,2,Urea,0.3,12.7
1975,2,potato,3,Urea,0.5,17.9
1976,2,potato,1,Urea,0.001,8.5
1976,2,potato,1,P,0.001,20.62
1976,2,potato,1,K,0.001,26.49
1976,2,potato,2,Urea,0.3,12.7
1976,2,potato,3,Urea,0.5,17.9
1978,2,potato,1,Urea,0.001,8.5
1978,2,potato,1,P,0.001,20.62
1978,2,potato,1,K,0.001,26.49
1978,2,potato,2,Urea,0.3,12.7
1978,2,potato,3,Urea,0.5,17.9
1980,2,potato,1,Urea,0.001,8.5
1980,2,potato,1,P,0.001,20.62
1980,2,potato,1,K,0.001,26.49
1980,2,potato,2,Urea,0.3,12.7
1980,2,potato,3,Urea,0.5,17.9
1982,2,potato,1,Urea,0.001,8.5
1982,2,potato,1,P,0.001,20.62
1982,2,potato,1,K,0.001,26.49
1982,2,potato,2,Urea,0.3,12.7
1982,2,potato,3,Urea,0.5,17.9
1983,2,potato,1,Urea,0.001,8.5
1983,2,potato,1,P,0.001,20.62
1983,2,potato,1,K,0.001,26.49
1983,2,potato,2,Urea,0.3,12.7
1983,2,potato,3,Urea,0.5,17.9
1984,2,potato,1,Urea,0.001,8.5
1984,2,potato,1,P,0.001,20.62
1984,2,potato,1,K,0.001,26.49
1984,2,potato,2,Urea,0.3,12.7
1984,2,potato,3,Urea,0.5,17.9
1986,2,potato,1,Urea,0.001,8.5
1986,2,potato,1,P,0.001,20.62
1986,2,potato,1,K,0.001,26.49
1986,2,potato,2,Urea,0.3,12.7
1986,2,potato,3,Urea,0.5,17.9
1988,2,potato,1,Urea,0.001,8.5
1988,2,potato,1,P,0.001,20.62
1988,2,potato,1,K,0.001,26.49
1988,2,potato,2,Urea,0.3,12.7
1988,2,potato,3,Urea,0.5,17.9
1990,2,potato,1,Urea,0.001,8.5
1990,2,potato,1,P,0.001,20.62
1990,2,potato,1,K,0.001,26.49
1990,2,potato,2,Urea,0.3,12.7
1990,2,potato,3,Urea,0.5,17.9
1992,2,potato,1,Urea,0.001,8.5
1992,2,potato,1,P,0.001,20.62
1992,2,potato,1,K,0.001,26.49
1992,2,potato,2,Urea,0.3,12.7
1992,2,potato,3,Urea,0.5,17.9
1993,2,potato,1,Urea,0.001,8.5
1993,2,potato,1,P,0.001,20.62
1993,2,potato,1,K,0.001,26.49
1993,2,potato,2,Urea,0.3,12.7
1993,2,potato,3,Urea,0.5,17.9
1994,2,potato,1,Urea,0.001,8.5
1994,2,potato,1,P,0.001,20.62
1994,2,potato,1,K,0.001,26.49
1994,2,potato,2,Urea,0.3,12.7
1994,2,potato,3,Urea,0.5,17.9
1997,2,potato,1,Urea,0.001,8.5
1997,2,potato,1,P,0.001,20.62
1997,2,potato,1,K,0.001,26.49
1997,2,potato,2,Urea,0.3,12.7
1997,2,potato,3,Urea,0.5,17.9
2001,2,potato,1,Urea,0.001,8.5
2001,2,potato,1,P,0.001,20.62
2001,2,potato,1,K,0.001,26.49
2001,2,potato,2,Urea,0.3,12.7
2001,2,potato,3,Urea,0.5,17.9
2004,2,potato,1,Urea,0.001,8.5
2004,2,potato,1,P,0.001,20.62
2004,2,potato,1,K,0.001,26.49
2004,2,potato,2,Urea,0.3,12.7
2004,2,potato,3,Urea,0.5,17.9
2005,2,potato,1,Urea,0.001,8.5
2005,2,potato,1,P,0.001,20.62
2005,2,potato,1,K,0.001,26.49
2005,2,potato,2,Urea,0.3,12.7
2005,2,potato,3,Urea,0.5,17.9
2006,2,potato,1,Urea,0.001,8.5
2006,2,potato,1,P,0.001,20.62
2006,2,potato,1,K,0.001,26.49
2006,2,potato,2,Urea,0.3,12.7
2006,2,potato,3,Urea,0.5,17.9
2007,2,potato,1,Urea,0.001,8.5
2007,2,potato,1,P,0.001,20.62
2007,2,potato,1,K,0.001,26.49
2007,2,potato,2,Urea,0.3,12.7
2007,2,potato,3,Urea,0.5,17.9
2008,2,potato,1,Urea,0.001,8.5
2008,2,potato,1,P,0.001,20.62
2008,2,potato,1,K,0.001,26.49
2008,2,potato,2,Urea,0.3,12.7
2008,2,potato,3,Urea,0.5,17.9
2009,2,potato,1,Urea,0.001,8.5
2009,2,potato,1,P,0.001,20.62
2009,2,potato,1,K,0.001,26.49
2009,2,potato,2,Urea,0.3,12.7
2009,2,potato,3,Urea,0.5,17.9
2010,2,potato,1,Urea,0.001,8.5
2010,2,potato,1,P,0.001,20.62
2010,2,potato,1,K,0.001,26.49
2010,2,potato,2,Urea,0.3,12.7
2010,2,potato,3,Urea,0.5,17.9
2011,2,potato,1,Urea,0.001,8.5
2011,2,potato,1,P,0.001,20.62
2011,2,potato,1,K,0.001,26.49
2011,2,potato,2,Urea,0.3,12.7
2011,2,potato,3,Urea,0.5,17.9
2012,2,potato,1,Urea,0.001,8.5
2012,2,potato,1,P,0.001,20.62
2012,2,potato,1,K,0.001,26.49
2012,2,potato,2,Urea,0.3,12.7
2012,2,potato,3,Urea,0.5,17.9
2013,2,potato,1,Urea,0.001,8.5
2013,2,potato,1,P,0.001,20.62
2013,2,potato,1,K,0.001,26.49
2013,2,potato,2,Urea,0.3,12.7
2013,2,potato,3,Urea,0.5,17.9
2014,2,potato,1,Urea,0.001,8.5
2014,2,potato,1,P,0.001,20.62
2014,2,potato,1,K,0.001,26.49
2014,2,potato,2,Urea,0.3,12.7
2014,2,potato,3,Urea,0.5,17.9
2015,2,potato,1,Urea,0.001,8.5
2015,2,potato,1,P,0.001,20.62
2015,2,potato,1,K,0.001,26.49
2015,2,potato,2,Urea,0.3,12.7
2015,2,potato,3,Urea,0.5,17.9
2016,2,potato,1,Urea,0.001,8.5
2016,2,potato,1,P,0.001,20.62
2016,2,potato,1,K,0.001,26.49
2016,2,potato,2,Urea,0.3,12.7
2016,2,potato,3,Urea,0.5,17.9
2017,2,potato,1,Urea,0.001,8.5
2017,2,potato,1,P,0.001,20.62
2017,2,potato,1,K,0.001,26.49
2017,2,potato,2,Urea,0.3,12.7
2017,2,potato,3,Urea,0.5,17.9
2018,2,potato,1,Urea,0.001,8.5
2018,2,potato,1,P,0.001,20.62
2018,2,potato,1,K,0.001,26.49
2018,2,potato,2,Urea,0.3,12.7
2018,2,potato,3,Urea,0.5,17.9
2020,2,potato,1,Urea,0.001,8.5
2020,2,potato,1,P,0.001,20.62
2020,2,potato,1,K,0.001,26.49
2020,2,potato,2,Urea,0.3,12.7
2020,2,potato,3,Urea,0.5,17.9
2022,2,potato,1,Urea,0.001,8.5
2022,2,potato,1,P,0.001,20.62
2022,2,potato,1,K,0.001,26.49
2022,2,potato,2,Urea,0.3,12.7
2022,2,potato,3,Urea,0.5,17.9
2023,2,potato,1,Urea,0.001,8.5
2023,2,potato,1,P,0.001,20.62
2023,2,potato,1,K,0.001,26.49
2023,2,potato,2,Urea,0.3,12.7
2023,2,potato,3,Urea,0.5,17.9
2026,2,potato,1,Urea,0.001,8.5
2026,2,potato,1,P,0.001,20.62
2026,2,potato,1,K,0.001,26.49
2026,2,potato,2,Urea,0.3,12.7
2026,2,potato,3,Urea,0.5,17.9
2027,2,potato,1,Urea,0.001,8.5
2027,2,potato,1,P,0.001,20.62
2027,2,potato,1,K,0.001,26.49
2027,2,potato,2,Urea,0.3,12.7
2027,2,potato,3,Urea,0.5,17.9
2030,2,potato,1,Urea,0.001,8.5
2030,2,potato,1,P,0.001,20.62
2030,2,potato,1,K,0.001,26.49
2030,2,potato,2,Urea,0.3,12.7
2030,2,potato,3,Urea,0.5,17.9
2031,2,potato,1,Urea,0.001,8.5
2031,2,potato,1,P,0.001,20.62
2031,2,potato,1,K,0.001,26.49
2031,2,potato,2,Urea,0.3,12.7
2031,2,potato,3,Urea,0.5,17.9
2032,2,potato,1,Urea,0.001,8.5
2032,2,potato,1,P,0.001,20.62
2032,2,potato,1,K,0.001,26.49
2032,2,potato,2,Urea,0.3,12.7
2032,2,potato,3,Urea,0.5,17.9
2034,2,potato,1,Urea,0.001,8.5
2034,2,potato,1,P,0.001,20.62
2034,2,potato,1,K,0.001,26.49
2034,2,potato,2,Urea,0.3,12.7
2034,2,potato,3,Urea,0.5,17.9
2037,2,potato,1,Urea,0.001,8.5
2037,2,potato,1,P,0.001,20.62
2037,2,potato,1,K,0.001,26.49
2037,2,potato,2,Urea,0.3,12.7
2037,2,potato,3,Urea,0.5,17.9
2046,2,potato,1,Urea,0.001,8.5
2046,2,potato,1,P,0.001,20.62
2046,2,potato,1,K,0.001,26.49
2046,2,potato,2,Urea,0.3,12.7
2046,2,potato,3,Urea,0.5,17.9
2047,2,potato,1,Urea,0.001,8.5
2047,2,potato,1,P,0.001,20.62
2047,2,potato,1,K,0.001,26.49
2047,2,potato,2,Urea,0.3,12.7
2047,2,potato,3,Urea,0.5,17.9
2048,2,potato,1,Urea,0.001,8.5
2048,2,potato,1,P,0.001,20.62
2048,2,potato,1,K,0.001,26.49
2048,2,potato,2,Urea,0.3,12.7
2048,2,potato,3,Urea,0.5,17.9
2049,2,potato,1,Urea,0.001,8.5
2049,2,potato,1,P,0.001,20.62
2049,2,potato,1,K,0.001,26.49
2049,2,potato,2,Urea,0.3,12.7
2049,2,potato,3,Urea,0.5,17.9
2050,2,potato,1,Urea,0.001,8.5
2050,2,potato,1,P,0.001,20.62
2050,2,potato,1,K,0.001,26.49
2050,2,potato,2,Urea,0.3,12.7
2050,2,potato,3,Urea,0.5,17.9
2051,2,potato,1,Urea,0.001,8.5
2051,2,potato,1,P,0.001,20.62
2051,2,potato,1,K,0.001,26.49
2051,2,potato,2,Urea,0.3,12.7
2051,2,potato,3,Urea,0.5,17.9
2052,2,potato,1,Urea,0.001,8.5
2052,2,potato,1,P,0.001,20.62
2052,2,potato,1,K,0.001,26.49
2052,2,potato,2,Urea,0.3,12.7
2052,2,potato,3,Urea,0.5,17.9
2053,2,potato,1,Urea,0.001,8.5
2053,2,potato,1,P,0.001,20.62
2053,2,potato,1,K,0.001,26.49
2053,2,potato,2,Urea,0.3,12.7
2053,2,potato,3,Urea,0.5,17.9
2054,2,potato,1,Urea,0.001,8.5
2054,2,potato,1,P,0.001,20.62
2054,2,potato,1,K,0.001,26.49
2054,2,potato,2,Urea,0.3,12.7
2054,2,potato,3,Urea,0.5,17.9
2055,2,potato,1,Urea,0.001,8.5
2055,2,potato,1,P,0.001,20.62
2055,2,potato,1,K,0.001,26.49
2055,2,potato,2,Urea,0.3,12.7
2055,2,potato,3,Urea,0.5,17.9
2056,2,potato,1,Urea,0.001,8.5
2056,2,potato,1,P,0.001,20.62
2056,2,potato,1,K,0.001,26.49
2056,2,potato,2,Urea,0.3,12.7
2056,2,potato,3,Urea,0.5,17.9
2060,2,potato,1,Urea,0.001,8.5
2060,2,potato,1,P,0.001,20.62
2060,2,potato,1,K,0.001,26.49
2060,2,potato,2,Urea,0.3,12.7
2060,2,potato,3,Urea,0.5,17.9
2062,2,potato,1,Urea,0.001,8.5
2062,2,potato,1,P,0.001,20.62
2062,2,potato,1,K,0.001,26.49
2062,2,potato,2,Urea,0.3,12.7
2062,2,potato,3,Urea,0.5,17.9
2063,2,potato,1,Urea,0.001,8.5
2063,2,potato,1,P,0.001,20.62
2063,2,potato,1,K,0.001,26.49
2063,2,potato,2,Urea,0.3,12.7
2063,2,potato,3,Urea,0.5,17.9
2064,2,potato,1,Urea,0.001,8.5
2064,2,potato,1,P,0.001,20.62
2064,2,potato,1,K,0.001,26.49
2064,2,potato,2,Urea,0.3,12.7
2064,2,potato,3,Urea,0.5,17.9
2065,2,potato,1,Urea,0.001,8.5
2065,2,potato,1,P,0.001,20.62
2065,2,potato,1,K,0.001,26.49
2065,2,potato,2,Urea,0.3,12.7
2065,2,potato,3,Urea,0.5,17.9
2066,2,potato,1,Urea,0.001,8.5
2066,2,potato,1,P,0.001,20.62
2066,2,potato,1,K,0.001,26.49
2066,2,potato,2,Urea,0.3,12.7
2066,2,potato,3,Urea,0.5,17.9
2071,2,potato,1,Urea,0.001,8.5
2071,2,potato,1,P,0.001,20.62
2071,2,potato,1,K,0.001,26.49
2071,2,potato,2,Urea,0.3,12.7
2071,2,potato,3,Urea,0.5,17.9
2072,2,potato,1,Urea,0.001,8.5
2072,2,potato,1,P,0.001,20.62
2072,2,potato,1,K,0.001,26.49
2072,2,potato,2,Urea,0.3,12.7
2072,2,potato,3,Urea,0.5,17.9
2075,2,potato,1,Urea,0.001,8.5
2075,2,potato,1,P,0.001,20.62
2075,2,potato,1,K,0.001,26.49
2075,2,potato,2,Urea,0.3,12.7
2075,2,potato,3,Urea,0.5,17.9
2077,2,potato,1,Urea,0.001,8.5
2077,2,potato,1,P,0.001,20.62
2077,2,potato,1,K,0.001,26.49
2077,2,potato,2,Urea,0.3,12.7
2077,2,potato,3,Urea,0.5,17.9
2078,2,potato,1,Urea,0.001,8.5
2078,2,potato,1,P,0.001,20.62
2078,2,potato,1,K,0.001,26.49
2078,2,potato,2,Urea,0.3,12.7
2078,2,potato,3,Urea,0.5,17.9
2079,2,potato,1,Urea,0.001,8.5
2079,2,potato,1,P,0.001,20.62
2079,2,potato,1,K,0.001,26.49
2079,2,potato,2,Urea,0.3,12.7
2079,2,potato,3,Urea,0.5,17.9
2080,2,potato,1,Urea,0.001,8.5
2080,2,potato,1,P,0.001,20.62
2080,2,potato,1,K,0.001,26.49
2080,2,potato,2,Urea,0.3,12.7
2080,2,potato,3,Urea,0.5,17.9
2081,2,potato,1,Urea,0.001,8.5
2081,2,potato,1,P,0.001,20.62
2081,2,potato,1,K,0.001,26.49
2081,2,potato,2,Urea,0.3,12.7
2081,2,potato,3,Urea,0.5,17.9
2082,2,potato,1,Urea,0.001,8.5
2082,2,potato,1,P,0.001,20.62
2082,2,potato,1,K,0.001,26.49
2082,2,potato,2,Urea,0.3,12.7
2082,2,potato,3,Urea,0.5,17.9
2083,2,potato,1,Urea,0.001,8.5
2083,2,potato,1,P,0.001,20.62
2083,2,potato,1,K,0.001,26.49
2083,2,potato,2,Urea,0.3,12.7
2083,2,potato,3,Urea,0.5,17.9
2084,2,potato,1,Urea,0.001,8.5
2084,2,potato,1,P,0.001,20.62
2084,2,potato,1,K,0.001,26.49
2084,2,potato,2,Urea,0.3,12.7
2084,2,potato,3,Urea,0.5,17.9
2085,2,potato,1,Urea,0.001,8.5
2085,2,potato,1,P,0.001,20.62
2085,2,potato,1,K,0.001,26.49
2085,2,potato,2,Urea,0.3,12.7
2085,2,potato,3,Urea,0.5,17.9
2086,2,potato,1,Urea,0.001,8.5
2086,2,potato,1,P,0.001,20.62
2086,2,potato,1,K,0.001,26.49
2086,2,potato,2,Urea,0.3,12.7
2086,2,potato,3,Urea,0.5,17.9
2087,2,potato,1,Urea,0.001,8.5
2087,2,potato,1,P,0.001,20.62
2087,2,potato,1,K,0.001,26.49
2087,2,potato,2,Urea,0.3,12.7
2087,2,potato,3,Urea,0.5,17.9
2092,2,potato,1,Urea,0.001,8.5
2092,2,potato,1,P,0.001,20.62
2092,2,potato,1,K,0.001,26.49
2092,2,potato,2,Urea,0.3,12.7
2092,2,potato,3,Urea,0.5,17.9
2093,2,potato,1,Urea,0.001,8.5
2093,2,potato,1,P,0.001,20.62
2093,2,potato,1,K,0.001,26.49
2093,2,potato,2,Urea,0.3,12.7
2093,2,potato,3,Urea,0.5,17.9
2094,2,potato,1,Urea,0.001,8.5
2094,2,potato,1,P,0.001,20.62
2094,2,potato,1,K,0.001,26.49
2094,2,potato,2,Urea,0.3,12.7
2094,2,potato,3,Urea,0.5,17.9
2095,2,potato,1,Urea,0.001,8.5
2095,2,potato,1,P,0.001,20.62
2095,2,potato,1,K,0.001,26.49
2095,2,potato,2,Urea,0.3,12.7
2095,2,potato,3,Urea,0.5,17.9
2096,2,potato,1,Urea,0.001,8.5
2096,2,potato,1,P,0.001,20.62
2096,2,potato,1,K,0.001,26.49
2096,2,potato,2,Urea,0.3,12.7
2096,2,potato,3,Urea,0.5,17.9
2097,2,potato,1,Urea,0.001,8.5
2097,2,potato,1,P,0.001,20.62
2097,2,potato,1,K,0.001,26.49
2097,2,potato,2,Urea,0.3,12.7
2097,2,potato,3,Urea,0.5,17.9
2098,2,potato,1,Urea,0.001,8.5
2098,2,potato,1,P,0.001,20.62
2098,2,potato,1,K,0.001,26.49
2098,2,potato,2,Urea,0.3,12.7
2098,2,potato,3,Urea,0.5,17.9
2099,2,potato,1,Urea,0.001,8.5
2099,2,potato,1,P,0.001,20.62
2099,2,potato,1,K,0.001,26.49
2099,2,potato,2,Urea,0.3,12.7
2099,2,potato,3,Urea,0.5,17.9
2100,2,potato,1,Urea,0.001,8.5
2100,2,potato,1,P,0.001,20.62
2100,2,potato,1,K,0.001,26.49
2100,2,potato,2,Urea,0.3,12.7
2100,2,potato,3,Urea,0.5,17.9
2101,2,potato,1,Urea,0.001,8.5
2101,2,potato,1,P,0.001,20.62
2101,2,potato,1,K,0.001,26.49
2101,2,potato,2,Urea,0.3,12.7
2101,2,potato,3,Urea,0.5,17.9
2107,2,potato,1,Urea,0.001,8.5
2107,2,potato,1,P,0.001,20.62
2107,2,potato,1,K,0.001,26.49
2107,2,potato,2,Urea,0.3,12.7
2107,2,potato,3,Urea,0.5,17.9
2110,2,potato,1,Urea,0.001,8.5
2110,2,potato,1,P,0.001,20.62
2110,2,potato,1,K,0.001,26.49
2110,2,potato,2,Urea,0.3,12.7
2110,2,potato,3,Urea,0.5,17.9
2111,2,potato,1,Urea,0.001,8.5
2111,2,potato,1,P,0.001,20.62
2111,2,potato,1,K,0.001,26.49
2111,2,potato,2,Urea,0.3,12.7
2111,2,potato,3,Urea,0.5,17.9
2112,2,potato,1,Urea,0.001,8.5
2112,2,potato,1,P,0.001,20.62
2112,2,potato,1,K,0.001,26.49
2112,2,potato,2,Urea,0.3,12.7
2112,2,potato,3,Urea,0.5,17.9
2113,2,potato,1,Urea,0.001,8.5
2113,2,potato,1,P,0.001,20.62
2113,2,potato,1,K,0.001,26.49
2113,2,potato,2,Urea,0.3,12.7
2113,2,potato,3,Urea,0.5,17.9
2114,2,potato,1,Urea,0.001,8.5
2114,2,potato,1,P,0.001,20.62
2114,2,potato,1,K,0.001,26.49
2114,2,potato,2,Urea,0.3,12.7
2114,2,potato,3,Urea,0.5,17.9
2120,2,potato,1,Urea,0.001,8.5
2120,2,potato,1,P,0.001,20.62
2120,2,potato,1,K,0.001,26.49
2120,2,potato,2,Urea,0.3,12.7
2120,2,potato,3,Urea,0.5,17.9
2122,2,potato,1,Urea,0.001,8.5
2122,2,potato,1,P,0.001,20.62
2122,2,potato,1,K,0.001,26.49
2122,2,potato,2,Urea,0.3,12.7
2122,2,potato,3,Urea,0.5,17.9
2123,2,potato,1,Urea,0.001,8.5
2123,2,potato,1,P,0.001,20.62
2123,2,potato,1,K,0.001,26.49
2123,2,potato,2,Urea,0.3,12.7
2123,2,potato,3,Urea,0.5,17.9
2124,2,potato,1,Urea,0.001,8.5
2124,2,potato,1,P,0.001,20.62
2124,2,potato,1,K,0.001,26.49
2124,2,potato,2,Urea,0.3,12.7
2124,2,potato,3,Urea,0.5,17.9
2125,2,potato,1,Urea,0.001,8.5
2125,2,potato,1,P,0.001,20.62
2125,2,potato,1,K,0.001,26.49
2125,2,potato,2,Urea,0.3,12.7
2125,2,potato,3,Urea,0.5,17.9
2126,2,potato,1,Urea,0.001,8.5
2126,2,potato,1,P,0.001,20.62
2126,2,potato,1,K,0.001,26.49
2126,2,potato,2,Urea,0.3,12.7
2126,2,potato,3,Urea,0.5,17.9
2127,2,potato,1,Urea,0.001,8.5
2127,2,potato,1,P,0.001,20.62
2127,2,potato,1,K,0.001,26.49
2127,2,potato,2,Urea,0.3,12.7
2127,2,potato,3,Urea,0.5,17.9
2128,2,potato,1,Urea,0.001,8.5
2128,2,potato,1,P,0.001,20.62
2128,2,potato,1,K,0.001,26.49
2128,2,potato,2,Urea,0.3,12.7
2128,2,potato,3,Urea,0.5,17.9
2129,2,potato,1,Urea,0.001,8.5
2129,2,potato,1,P,0.001,20.62
2129,2,potato,1,K,0.001,26.49
2129,2,potato,2,Urea,0.3,12.7
2129,2,potato,3,Urea,0.5,17.9
2130,2,potato,1,Urea,0.001,8.5
2130,2,potato,1,P,0.001,20.62
2130,2,potato,1,K,0.001,26.49
2130,2,potato,2,Urea,0.3,12.7
2130,2,potato,3,Urea,0.5,17.9
2131,2,potato,1,Urea,0.001,8.5
2131,2,potato,1,P,0.001,20.62
2131,2,potato,1,K,0.001,26.49
2131,2,potato,2,Urea,0.3,12.7
2131,2,potato,3,Urea,0.5,17.9
2134,2,potato,1,Urea,0.001,8.5
2134,2,potato,1,P,0.001,20.62
2134,2,potato,1,K,0.001,26.49
2134,2,potato,2,Urea,0.3,12.7
2134,2,potato,3,Urea,0.5,17.9
2136,2,potato,1,Urea,0.001,8.5
2136,2,potato,1,P,0.001,20.62
2136,2,potato,1,K,0.001,26.49
2136,2,potato,2,Urea,0.3,12.7
2136,2,potato,3,Urea,0.5,17.9
2138,2,potato,1,Urea,0.001,8.5
2138,2,potato,1,P,0.001,20.62
2138,2,potato,1,K,0.001,26.49
2138,2,potato,2,Urea,0.3,12.7
2138,2,potato,3,Urea,0.5,17.9
2139,2,potato,1,Urea,0.001,8.5
2139,2,potato,1,P,0.001,20.62
2139,2,potato,1,K,0.001,26.49
2139,2,potato,2,Urea,0.3,12.7
2139,2,potato,3,Urea,0.5,17.9
2142,2,potato,1,Urea,0.001,8.5
2142,2,potato,1,P,0.001,20.62
2142,2,potato,1,K,0.001,26.49
2142,2,potato,2,Urea,0.3,12.7
2142,2,potato,3,Urea,0.5,17.9
2144,2,potato,1,Urea,0.001,8.5
2144,2,potato,1,P,0.001,20.62
2144,2,potato,1,K,0.001,26.49
2144,2,potato,2,Urea,0.3,12.7
2144,2,potato,3,Urea,0.5,17.9
2146,2,potato,1,Urea,0.001,8.5
2146,2,potato,1,P,0.001,20.62
2146,2,potato,1,K,0.001,26.49
2146,2,potato,2,Urea,0.3,12.7
2146,2,potato,3,Urea,0.5,17.9
2148,2,potato,1,Urea,0.001,8.5
2148,2,potato,1,P,0.001,20.62
2148,2,potato,1,K,0.001,26.49
2148,2,potato,2,Urea,0.3,12.7
2148,2,potato,3,Urea,0.5,17.9
2152,2,potato,1,Urea,0.001,8.5
2152,2,potato,1,P,0.001,20.62
2152,2,potato,1,K,0.001,26.49
2152,2,potato,2,Urea,0.3,12.7
2152,2,potato,3,Urea,0.5,17.9
2155,2,potato,1,Urea,0.001,8.5
2155,2,potato,1,P,0.001,20.62
2155,2,potato,1,K,0.001,26.49
2155,2,potato,2,Urea,0.3,12.7
2155,2,potato,3,Urea,0.5,17.9
2157,2,potato,1,Urea,0.001,8.5
2157,2,potato,1,P,0.001,20.62
2157,2,potato,1,K,0.001,26.49
2157,2,potato,2,Urea,0.3,12.7
2157,2,potato,3,Urea,0.5,17.9
2158,2,potato,1,Urea,0.001,8.5
2158,2,potato,1,P,0.001,20.62
2158,2,potato,1,K,0.001,26.49
2158,2,potato,2,Urea,0.3,12.7
2158,2,potato,3,Urea,0.5,17.9
2159,2,potato,1,Urea,0.001,8.5
2159,2,potato,1,P,0.001,20.62
2159,2,potato,1,K,0.001,26.49
2159,2,potato,2,Urea,0.3,12.7
2159,2,potato,3,Urea,0.5,17.9
2164,2,potato,1,Urea,0.001,8.5
2164,2,potato,1,P,0.001,20.62
2164,2,potato,1,K,0.001,26.49
2164,2,potato,2,Urea,0.3,12.7
2164,2,potato,3,Urea,0.5,17.9
2165,2,potato,1,Urea,0.001,8.5
2165,2,potato,1,P,0.001,20.62
2165,2,potato,1,K,0.001,26.49
2165,2,potato,2,Urea,0.3,12.7
2165,2,potato,3,Urea,0.5,17.9
2166,2,potato,1,Urea,0.001,8.5
2166,2,potato,1,P,0.001,20.62
2166,2,potato,1,K,0.001,26.49
2166,2,potato,2,Urea,0.3,12.7
2166,2,potato,3,Urea,0.5,17.9
2169,2,potato,1,Urea,0.001,8.5
2169,2,potato,1,P,0.001,20.62
2169,2,potato,1,K,0.001,26.49
2169,2,potato,2,Urea,0.3,12.7
2169,2,potato,3,Urea,0.5,17.9
2170,2,potato,1,Urea,0.001,8.5
2170,2,potato,1,P,0.001,20.62
2170,2,potato,1,K,0.001,26.49
2170,2,potato,2,Urea,0.3,12.7
2170,2,potato,3,Urea,0.5,17.9
2171,2,potato,1,Urea,0.001,8.5
2171,2,potato,1,P,0.001,20.62
2171,2,potato,1,K,0.001,26.49
2171,2,potato,2,Urea,0.3,12.7
2171,2,potato,3,Urea,0.5,17.9
2172,2,potato,1,Urea,0.001,8.5
2172,2,potato,1,P,0.001,20.62
2172,2,potato,1,K,0.001,26.49
2172,2,potato,2,Urea,0.3,12.7
2172,2,potato,3,Urea,0.5,17.9
2173,2,potato,1,Urea,0.001,8.5
2173,2,potato,1,P,0.001,20.62
2173,2,potato,1,K,0.001,26.49
2173,2,potato,2,Urea,0.3,12.7
2173,2,potato,3,Urea,0.5,17.9
2174,2,potato,1,Urea,0.001,8.5
2174,2,potato,1,P,0.001,20.62
2174,2,potato,1,K,0.001,26.49
2174,2,potato,2,Urea,0.3,12.7
2174,2,potato,3,Urea,0.5,17.9
2175,2,potato,1,Urea,0.001,8.5
2175,2,potato,1,P,0.001,20.62
2175,2,potato,1,K,0.001,26.49
2175,2,potato,2,Urea,0.3,12.7
2175,2,potato,3,Urea,0.5,17.9
2179,2,potato,1,Urea,0.001,8.5
2179,2,potato,1,P,0.001,20.62
2179,2,potato,1,K,0.001,26.49
2179,2,potato,2,Urea,0.3,12.7
2179,2,potato,3,Urea,0.5,17.9
2181,2,potato,1,Urea,0.001,8.5
2181,2,potato,1,P,0.001,20.62
2181,2,potato,1,K,0.001,26.49
2181,2,potato,2,Urea,0.3,12.7
2181,2,potato,3,Urea,0.5,17.9
2182,2,potato,1,Urea,0.001,8.5
2182,2,potato,1,P,0.001,20.62
2182,2,potato,1,K,0.001,26.49
2182,2,potato,2,Urea,0.3,12.7
2182,2,potato,3,Urea,0.5,17.9
2185,2,potato,1,Urea,0.001,8.5
2185,2,potato,1,P,0.001,20.62
2185,2,potato,1,K,0.001,26.49
2185,2,potato,2,Urea,0.3,12.7
2185,2,potato,3,Urea,0.5,17.9
2186,2,potato,1,Urea,0.001,8.5
2186,2,potato,1,P,0.001,20.62
2186,2,potato,1,K,0.001,26.49
2186,2,potato,2,Urea,0.3,12.7
2186,2,potato,3,Urea,0.5,17.9
2188,2,potato,1,Urea,0.001,8.5
2188,2,potato,1,P,0.001,20.62
2188,2,potato,1,K,0.001,26.49
2188,2,potato,2,Urea,0.3,12.7
2188,2,potato,3,Urea,0.5,17.9
2193,2,potato,1,Urea,0.001,8.5
2193,2,potato,1,P,0.001,20.62
2193,2,potato,1,K,0.001,26.49
2193,2,potato,2,Urea,0.3,12.7
2193,2,potato,3,Urea,0.5,17.9
2199,2,potato,1,Urea,0.001,8.5
2199,2,potato,1,P,0.001,20.62
2199,2,potato,1,K,0.001,26.49
2199,2,potato,2,Urea,0.3,12.7
2199,2,potato,3,Urea,0.5,17.9
2201,2,potato,1,Urea,0.001,8.5
2201,2,potato,1,P,0.001,20.62
2201,2,potato,1,K,0.001,26.49
2201,2,potato,2,Urea,0.3,12.7
2201,2,potato,3,Urea,0.5,17.9
2202,2,potato,1,Urea,0.001,8.5
2202,2,potato,1,P,0.001,20.62
2202,2,potato,1,K,0.001,26.49
2202,2,potato,2,Urea,0.3,12.7
2202,2,potato,3,Urea,0.5,17.9
2203,2,potato,1,Urea,0.001,8.5
2203,2,potato,1,P,0.001,20.62
2203,2,potato,1,K,0.001,26.49
2203,2,potato,2,Urea,0.3,12.7
2203,2,potato,3,Urea,0.5,17.9
2204,2,potato,1,Urea,0.001,8.5
2204,2,potato,1,P,0.001,20.62
2204,2,potato,1,K,0.001,26.49
2204,2,potato,2,Urea,0.3,12.7
2204,2,potato,3,Urea,0.5,17.9
2205,2,potato,1,Urea,0.001,8.5
2205,2,potato,1,P,0.001,20.62
2205,2,potato,1,K,0.001,26.49
2205,2,potato,2,Urea,0.3,12.7
2205,2,potato,3,Urea,0.5,17.9
2206,2,potato,1,Urea,0.001,8.5
2206,2,potato,1,P,0.001,20.62
2206,2,potato,1,K,0.001,26.49
2206,2,potato,2,Urea,0.3,12.7
2206,2,potato,3,Urea,0.5,17.9
2210,2,potato,1,Urea,0.001,8.5
2210,2,potato,1,P,0.001,20.62
2210,2,potato,1,K,0.001,26.49
2210,2,potato,2,Urea,0.3,12.7
2210,2,potato,3,Urea,0.5,17.9
2211,2,potato,1,Urea,0.001,8.5
2211,2,potato,1,P,0.001,20.62
2211,2,potato,1,K,0.001,26.49
2211,2,potato,2,Urea,0.3,12.7
2211,2,potato,3,Urea,0.5,17.9
2212,2,potato,1,Urea,0.001,8.5
2212,2,potato,1,P,0.001,20.62
2212,2,potato,1,K,0.001,26.49
2212,2,potato,2,Urea,0.3,12.7
2212,2,potato,3,Urea,0.5,17.9
2214,2,potato,1,Urea,0.001,8.5
2214,2,potato,1,P,0.001,20.62
2214,2,potato,1,K,0.001,26.49
2214,2,potato,2,Urea,0.3,12.7
2214,2,potato,3,Urea,0.5,17.9
2215,2,potato,1,Urea,0.001,8.5
2215,2,potato,1,P,0.001,20.62
2215,2,potato,1,K,0.001,26.49
2215,2,potato,2,Urea,0.3,12.7
2215,2,potato,3,Urea,0.5,17.9
2217,2,potato,1,Urea,0.001,8.5
2217,2,potato,1,P,0.001,20.62
2217,2,potato,1,K,0.001,26.49
2217,2,potato,2,Urea,0.3,12.7
2217,2,potato,3,Urea,0.5,17.9
2219,2,potato,1,Urea,0.001,8.5
2219,2,potato,1,P,0.001,20.62
2219,2,potato,1,K,0.001,26.49
2219,2,potato,2,Urea,0.3,12.7
2219,2,potato,3,Urea,0.5,17.9
2220,2,potato,1,Urea,0.001,8.5
2220,2,potato,1,P,0.001,20.62
2220,2,potato,1,K,0.001,26.49
2220,2,potato,2,Urea,0.3,12.7
2220,2,potato,3,Urea,0.5,17.9
2222,2,potato,1,Urea,0.001,8.5
2222,2,potato,1,P,0.001,20.62
2222,2,potato,1,K,0.001,26.49
2222,2,potato,2,Urea,0.3,12.7
2222,2,potato,3,Urea,0.5,17.9
2223,2,potato,1,Urea,0.001,8.5
2223,2,potato,1,P,0.001,20.62
2223,2,potato,1,K,0.001,26.49
2223,2,potato,2,Urea,0.3,12.7
2223,2,potato,3,Urea,0.5,17.9
2224,2,potato,1,Urea,0.001,8.5
2224,2,potato,1,P,0.001,20.62
2224,2,potato,1,K,0.001,26.49
2224,2,potato,2,Urea,0.3,12.7
2224,2,potato,3,Urea,0.5,17.9
2229,2,potato,1,Urea,0.001,8.5
2229,2,potato,1,P,0.001,20.62
2229,2,potato,1,K,0.001,26.49
2229,2,potato,2,Urea,0.3,12.7
2229,2,potato,3,Urea,0.5,17.9
2230,2,potato,1,Urea,0.001,8.5
2230,2,potato,1,P,0.001,20.62
2230,2,potato,1,K,0.001,26.49
2230,2,potato,2,Urea,0.3,12.7
2230,2,potato,3,Urea,0.5,17.9
2233,2,potato,1,Urea,0.001,8.5
2233,2,potato,1,P,0.001,20.62
2233,2,potato,1,K,0.001,26.49
2233,2,potato,2,Urea,0.3,12.7
2233,2,potato,3,Urea,0.5,17.9
2234,2,potato,1,Urea,0.001,8.5
2234,2,potato,1,P,0.001,20.62
2234,2,potato,1,K,0.001,26.49
2234,2,potato,2,Urea,0.3,12.7
2234,2,potato,3,Urea,0.5,17.9
2235,2,potato,1,Urea,0.001,8.5
2235,2,potato,1,P,0.001,20.62
2235,2,potato,1,K,0.001,26.49
2235,2,potato,2,Urea,0.3,12.7
2235,2,potato,3,Urea,0.5,17.9
2238,2,potato,1,Urea,0.001,8.5
2238,2,potato,1,P,0.001,20.62
2238,2,potato,1,K,0.001,26.49
2238,2,potato,2,Urea,0.3,12.7
2238,2,potato,3,Urea,0.5,17.9
2241,2,potato,1,Urea,0.001,8.5
2241,2,potato,1,P,0.001,20.62
2241,2,potato,1,K,0.001,26.49
2241,2,potato,2,Urea,0.3,12.7
2241,2,potato,3,Urea,0.5,17.9
2242,2,potato,1,Urea,0.001,8.5
2242,2,potato,1,P,0.001,20.62
2242,2,potato,1,K,0.001,26.49
2242,2,potato,2,Urea,0.3,12.7
2242,2,potato,3,Urea,0.5,17.9
2244,2,potato,1,Urea,0.001,8.5
2244,2,potato,1,P,0.001,20.62
2244,2,potato,1,K,0.001,26.49
2244,2,potato,2,Urea,0.3,12.7
2244,2,potato,3,Urea,0.5,17.9
2245,2,potato,1,Urea,0.001,8.5
2245,2,potato,1,P,0.001,20.62
2245,2,potato,1,K,0.001,26.49
2245,2,potato,2,Urea,0.3,12.7
2245,2,potato,3,Urea,0.5,17.9
2246,2,potato,1,Urea,0.001,8.5
2246,2,potato,1,P,0.001,20.62
2246,2,potato,1,K,0.001,26.49
2246,2,potato,2,Urea,0.3,12.7
2246,2,potato,3,Urea,0.5,17.9
2247,2,potato,1,Urea,0.001,8.5
2247,2,potato,1,P,0.001,20.62
2247,2,potato,1,K,0.001,26.49
2247,2,potato,2,Urea,0.3,12.7
2247,2,potato,3,Urea,0.5,17.9
2250,2,potato,1,Urea,0.001,8.5
2250,2,potato,1,P,0.001,20.62
2250,2,potato,1,K,0.001,26.49
2250,2,potato,2,Urea,0.3,12.7
2250,2,potato,3,Urea,0.5,17.9
2251,2,potato,1,Urea,0.001,8.5
2251,2,potato,1,P,0.001,20.62
2251,2,potato,1,K,0.001,26.49
2251,2,potato,2,Urea,0.3,12.7
2251,2,potato,3,Urea,0.5,17.9
2252,2,potato,1,Urea,0.001,8.5
2252,2,potato,1,P,0.001,20.62
2252,2,potato,1,K,0.001,26.49
2252,2,potato,2,Urea,0.3,12.7
2252,2,potato,3,Urea,0.5,17.9
2253,2,potato,1,Urea,0.001,8.5
2253,2,potato,1,P,0.001,20.62
2253,2,potato,1,K,0.001,26.49
2253,2,potato,2,Urea,0.3,12.7
2253,2,potato,3,Urea,0.5,17.9
2254,2,potato,1,Urea,0.001,8.5
2254,2,potato,1,P,0.001,20.62
2254,2,potato,1,K,0.001,26.49
2254,2,potato,2,Urea,0.3,12.7
2254,2,potato,3,Urea,0.5,17.9
2259,2,potato,1,Urea,0.001,8.5
2259,2,potato,1,P,0.001,20.62
2259,2,potato,1,K,0.001,26.49
2259,2,potato,2,Urea,0.3,12.7
2259,2,potato,3,Urea,0.5,17.9
2260,2,potato,1,Urea,0.001,8.5
2260,2,potato,1,P,0.001,20.62
2260,2,potato,1,K,0.001,26.49
2260,2,potato,2,Urea,0.3,12.7
2260,2,potato,3,Urea,0.5,17.9
2262,2,potato,1,Urea,0.001,8.5
2262,2,potato,1,P,0.001,20.62
2262,2,potato,1,K,0.001,26.49
2262,2,potato,2,Urea,0.3,12.7
2262,2,potato,3,Urea,0.5,17.9
2273,2,potato,1,Urea,0.001,8.5
2273,2,potato,1,P,0.001,20.62
2273,2,potato,1,K,0.001,26.49
2273,2,potato,2,Urea,0.3,12.7
2273,2,potato,3,Urea,0.5,17.9
2274,2,potato,1,Urea,0.001,8.5
2274,2,potato,1,P,0.001,20.62
2274,2,potato,1,K,0.001,26.49
2274,2,potato,2,Urea,0.3,12.7
2274,2,potato,3,Urea,0.5,17.9
2275,2,potato,1,Urea,0.001,8.5
2275,2,potato,1,P,0.001,20.62
2275,2,potato,1,K,0.001,26.49
2275,2,potato,2,Urea,0.3,12.7
2275,2,potato,3,Urea,0.5,17.9
2276,2,potato,1,Urea,0.001,8.5
2276,2,potato,1,P,0.001,20.62
2276,2,potato,1,K,0.001,26.49
2276,2,potato,2,Urea,0.3,12.7
2276,2,potato,3,Urea,0.5,17.9
2277,2,potato,1,Urea,0.001,8.5
2277,2,potato,1,P,0.001,20.62
2277,2,potato,1,K,0.001,26.49
2277,2,potato,2,Urea,0.3,12.7
2277,2,potato,3,Urea,0.5,17.9
2282,2,potato,1,Urea,0.001,8.5
2282,2,potato,1,P,0.001,20.62
2282,2,potato,1,K,0.001,26.49
2282,2,potato,2,Urea,0.3,12.7
2282,2,potato,3,Urea,0.5,17.9
2284,2,potato,1,Urea,0.001,8.5
2284,2,potato,1,P,0.001,20.62
2284,2,potato,1,K,0.001,26.49
2284,2,potato,2,Urea,0.3,12.7
2284,2,potato,3,Urea,0.5,17.9
2285,2,potato,1,Urea,0.001,8.5
2285,2,potato,1,P,0.001,20.62
2285,2,potato,1,K,0.001,26.49
2285,2,potato,2,Urea,0.3,12.7
2285,2,potato,3,Urea,0.5,17.9
2287,2,potato,1,Urea,0.001,8.5
2287,2,potato,1,P,0.001,20.62
2287,2,potato,1,K,0.001,26.49
2287,2,potato,2,Urea,0.3,12.7
2287,2,potato,3,Urea,0.5,17.9
2289,2,potato,1,Urea,0.001,8.5
2289,2,potato,1,P,0.001,20.62
2289,2,potato,1,K,0.001,26.49
2289,2,potato,2,Urea,0.3,12.7
2289,2,potato,3,Urea,0.5,17.9
2290,2,potato,1,Urea,0.001,8.5
2290,2,potato,1,P,0.001,20.62
2290,2,potato,1,K,0.001,26.49
2290,2,potato,2,Urea,0.3,12.7
2290,2,potato,3,Urea,0.5,17.9
2291,2,potato,1,Urea,0.001,8.5
2291,2,potato,1,P,0.001,20.62
2291,2,potato,1,K,0.001,26.49
2291,2,potato,2,Urea,0.3,12.7
2291,2,potato,3,Urea,0.5,17.9
2300,2,potato,1,Urea,0.001,8.5
2300,2,potato,1,P,0.001,20.62
2300,2,potato,1,K,0.001,26.49
2300,2,potato,2,Urea,0.3,12.7
2300,2,potato,3,Urea,0.5,17.9
2301,2,potato,1,Urea,0.001,8.5
2301,2,potato,1,P,0.001,20.62
2301,2,potato,1,K,0.001,26.49
2301,2,potato,2,Urea,0.3,12.7
2301,2,potato,3,Urea,0.5,17.9
2302,2,potato,1,Urea,0.001,8.5
2302,2,potato,1,P,0.001,20.62
2302,2,potato,1,K,0.001,26.49
2302,2,potato,2,Urea,0.3,12.7
2302,2,potato,3,Urea,0.5,17.9
2303,2,potato,1,Urea,0.001,8.5
2303,2,potato,1,P,0.001,20.62
2303,2,potato,1,K,0.001,26.49
2303,2,potato,2,Urea,0.3,12.7
2303,2,potato,3,Urea,0.5,17.9
2304,2,potato,1,Urea,0.001,8.5
2304,2,potato,1,P,0.001,20.62
2304,2,potato,1,K,0.001,26.49
2304,2,potato,2,Urea,0.3,12.7
2304,2,potato,3,Urea,0.5,17.9
2306,2,potato,1,Urea,0.001,8.5
2306,2,potato,1,P,0.001,20.62
2306,2,potato,1,K,0.001,26.49
2306,2,potato,2,Urea,0.3,12.7
2306,2,potato,3,Urea,0.5,17.9
2311,2,potato,1,Urea,0.001,8.5
2311,2,potato,1,P,0.001,20.62
2311,2,potato,1,K,0.001,26.49
2311,2,potato,2,Urea,0.3,12.7
2311,2,potato,3,Urea,0.5,17.9
2318,2,potato,1,Urea,0.001,8.5
2318,2,potato,1,P,0.001,20.62
2318,2,potato,1,K,0.001,26.49
2318,2,potato,2,Urea,0.3,12.7
2318,2,potato,3,Urea,0.5,17.9
2319,2,potato,1,Urea,0.001,8.5
2319,2,potato,1,P,0.001,20.62
2319,2,potato,1,K,0.001,26.49
2319,2,potato,2,Urea,0.3,12.7
2319,2,potato,3,Urea,0.5,17.9
2320,2,potato,1,Urea,0.001,8.5
2320,2,potato,1,P,0.001,20.62
2320,2,potato,1,K,0.001,26.49
2320,2,potato,2,Urea,0.3,12.7
2320,2,potato,3,Urea,0.5,17.9
2321,2,potato,1,Urea,0.001,8.5
2321,2,potato,1,P,0.001,20.62
2321,2,potato,1,K,0.001,26.49
2321,2,potato,2,Urea,0.3,12.7
2321,2,potato,3,Urea,0.5,17.9
2322,2,potato,1,Urea,0.001,8.5
2322,2,potato,1,P,0.001,20.62
2322,2,potato,1,K,0.001,26.49
2322,2,potato,2,Urea,0.3,12.7
2322,2,potato,3,Urea,0.5,17.9
2324,2,potato,1,Urea,0.001,8.5
2324,2,potato,1,P,0.001,20.62
2324,2,potato,1,K,0.001,26.49
2324,2,potato,2,Urea,0.3,12.7
2324,2,potato,3,Urea,0.5,17.9
2327,2,potato,1,Urea,0.001,8.5
2327,2,potato,1,P,0.001,20.62
2327,2,potato,1,K,0.001,26.49
2327,2,potato,2,Urea,0.3,12.7
2327,2,potato,3,Urea,0.5,17.9
2330,2,potato,1,Urea,0.001,8.5
2330,2,potato,1,P,0.001,20.62
2330,2,potato,1,K,0.001,26.49
2330,2,potato,2,Urea,0.3,12.7
2330,2,potato,3,Urea,0.5,17.9
2338,2,potato,1,Urea,0.001,8.5
2338,2,potato,1,P,0.001,20.62
2338,2,potato,1,K,0.001,26.49
2338,2,potato,2,Urea,0.3,12.7
2338,2,potato,3,Urea,0.5,17.9
2340,2,potato,1,Urea,0.001,8.5
2340,2,potato,1,P,0.001,20.62
2340,2,potato,1,K,0.001,26.49
2340,2,potato,2,Urea,0.3,12.7
2340,2,potato,3,Urea,0.5,17.9
2347,2,potato,1,Urea,0.001,8.5
2347,2,potato,1,P,0.001,20.62
2347,2,potato,1,K,0.001,26.49
2347,2,potato,2,Urea,0.3,12.7
2347,2,potato,3,Urea,0.5,17.9
2348,2,potato,1,Urea,0.001,8.5
2348,2,potato,1,P,0.001,20.62
2348,2,potato,1,K,0.001,26.49
2348,2,potato,2,Urea,0.3,12.7
2348,2,potato,3,Urea,0.5,17.9
2349,2,potato,1,Urea,0.001,8.5
2349,2,potato,1,P,0.001,20.62
2349,2,potato,1,K,0.001,26.49
2349,2,potato,2,Urea,0.3,12.7
2349,2,potato,3,Urea,0.5,17.9
2350,2,potato,1,Urea,0.001,8.5
2350,2,potato,1,P,0.001,20.62
2350,2,potato,1,K,0.001,26.49
2350,2,potato,2,Urea,0.3,12.7
2350,2,potato,3,Urea,0.5,17.9
2351,2,potato,1,Urea,0.001,8.5
2351,2,potato,1,P,0.001,20.62
2351,2,potato,1,K,0.001,26.49
2351,2,potato,2,Urea,0.3,12.7
2351,2,potato,3,Urea,0.5,17.9
2353,2,potato,1,Urea,0.001,8.5
2353,2,potato,1,P,0.001,20.62
2353,2,potato,1,K,0.001,26.49
2353,2,potato,2,Urea,0.3,12.7
2353,2,potato,3,Urea,0.5,17.9
2354,2,potato,1,Urea,0.001,8.5
2354,2,potato,1,P,0.001,20.62
2354,2,potato,1,K,0.001,26.49
2354,2,potato,2,Urea,0.3,12.7
2354,2,potato,3,Urea,0.5,17.9
2355,2,potato,1,Urea,0.001,8.5
2355,2,potato,1,P,0.001,20.62
2355,2,potato,1,K,0.001,26.49
2355,2,potato,2,Urea,0.3,12.7
2355,2,potato,3,Urea,0.5,17.9
2357,2,potato,1,Urea,0.001,8.5
2357,2,potato,1,P,0.001,20.62
2357,2,potato,1,K,0.001,26.49
2357,2,potato,2,Urea,0.3,12.7
2357,2,potato,3,Urea,0.5,17.9
2358,2,potato,1,Urea,0.001,8.5
2358,2,potato,1,P,0.001,20.62
2358,2,potato,1,K,0.001,26.49
2358,2,potato,2,Urea,0.3,12.7
2358,2,potato,3,Urea,0.5,17.9
2359,2,potato,1,Urea,0.001,8.5
2359,2,potato,1,P,0.001,20.62
2359,2,potato,1,K,0.001,26.49
2359,2,potato,2,Urea,0.3,12.7
2359,2,potato,3,Urea,0.5,17.9
2360,2,potato,1,Urea,0.001,8.5
2360,2,potato,1,P,0.001,20.62
2360,2,potato,1,K,0.001,26.49
2360,2,potato,2,Urea,0.3,12.7
2360,2,potato,3,Urea,0.5,17.9
2361,2,potato,1,Urea,0.001,8.5
2361,2,potato,1,P,0.001,20.62
2361,2,potato,1,K,0.001,26.49
2361,2,potato,2,Urea,0.3,12.7
2361,2,potato,3,Urea,0.5,17.9
2362,2,potato,1,Urea,0.001,8.5
2362,2,potato,1,P,0.001,20.62
2362,2,potato,1,K,0.001,26.49
2362,2,potato,2,Urea,0.3,12.7
2362,2,potato,3,Urea,0.5,17.9
2363,2,potato,1,Urea,0.001,8.5
2363,2,potato,1,P,0.001,20.62
2363,2,potato,1,K,0.001,26.49
2363,2,potato,2,Urea,0.3,12.7
2363,2,potato,3,Urea,0.5,17.9
2369,2,potato,1,Urea,0.001,8.5
2369,2,potato,1,P,0.001,20.62
2369,2,potato,1,K,0.001,26.49
2369,2,potato,2,Urea,0.3,12.7
2369,2,potato,3,Urea,0.5,17.9
2370,2,potato,1,Urea,0.001,8.5
2370,2,potato,1,P,0.001,20.62
2370,2,potato,1,K,0.001,26.49
2370,2,potato,2,Urea,0.3,12.7
2370,2,potato,3,Urea,0.5,17.9
2378,2,potato,1,Urea,0.001,8.5
2378,2,potato,1,P,0.001,20.62
2378,2,potato,1,K,0.001,26.49
2378,2,potato,2,Urea,0.3,12.7
2378,2,potato,3,Urea,0.5,17.9
2379,2,potato,1,Urea,0.001,8.5
2379,2,potato,1,P,0.001,20.62
2379,2,potato,1,K,0.001,26.49
2379,2,potato,2,Urea,0.3,12.7
2379,2,potato,3,Urea,0.5,17.9
2380,2,potato,1,Urea,0.001,8.5
2380,2,potato,1,P,0.001,20.62
2380,2,potato,1,K,0.001,26.49
2380,2,potato,2,Urea,0.3,12.7
2380,2,potato,3,Urea,0.5,17.9
2381,2,potato,1,Urea,0.001,8.5
2381,2,potato,1,P,0.001,20.62
2381,2,potato,1,K,0.001,26.49
2381,2,potato,2,Urea,0.3,12.7
2381,2,potato,3,Urea,0.5,17.9
2387,2,potato,1,Urea,0.001,8.5
2387,2,potato,1,P,0.001,20.62
2387,2,potato,1,K,0.001,26.49
2387,2,potato,2,Urea,0.3,12.7
2387,2,potato,3,Urea,0.5,17.9
2388,2,potato,1,Urea,0.001,8.5
2388,2,potato,1,P,0.001,20.62
2388,2,potato,1,K,0.001,26.49
2388,2,potato,2,Urea,0.3,12.7
2388,2,potato,3,Urea,0.5,17.9
2389,2,potato,1,Urea,0.001,8.5
2389,2,potato,1,P,0.001,20.62
2389,2,potato,1,K,0.001,26.49
2389,2,potato,2,Urea,0.3,12.7
2389,2,potato,3,Urea,0.5,17.9
2390,2,potato,1,Urea,0.001,8.5
2390,2,potato,1,P,0.001,20.62
2390,2,potato,1,K,0.001,26.49
2390,2,potato,2,Urea,0.3,12.7
2390,2,potato,3,Urea,0.5,17.9
2393,2,potato,1,Urea,0.001,8.5
2393,2,potato,1,P,0.001,20.62
2393,2,potato,1,K,0.001,26.49
2393,2,potato,2,Urea,0.3,12.7
2393,2,potato,3,Urea,0.5,17.9
2394,2,potato,1,Urea,0.001,8.5
2394,2,potato,1,P,0.001,20.62
2394,2,potato,1,K,0.001,26.49
2394,2,potato,2,Urea,0.3,12.7
2394,2,potato,3,Urea,0.5,17.9
2397,2,potato,1,Urea,0.001,8.5
2397,2,potato,1,P,0.001,20.62
2397,2,potato,1,K,0.001,26.49
2397,2,potato,2,Urea,0.3,12.7
2397,2,potato,3,Urea,0.5,17.9
2402,2,potato,1,Urea,0.001,8.5
2402,2,potato,1,P,0.001,20.62
2402,2,potato,1,K,0.001,26.49
2402,2,potato,2,Urea,0.3,12.7
2402,2,potato,3,Urea,0.5,17.9
2403,2,potato,1,Urea,0.001,8.5
2403,2,potato,1,P,0.001,20.62
2403,2,potato,1,K,0.001,26.49
2403,2,potato,2,Urea,0.3,12.7
2403,2,potato,3,Urea,0.5,17.9
2404,2,potato,1,Urea,0.001,8.5
2404,2,potato,1,P,0.001,20.62
2404,2,potato,1,K,0.001,26.49
2404,2,potato,2,Urea,0.3,12.7
2404,2,potato,3,Urea,0.5,17.9
2405,2,potato,1,Urea,0.001,8.5
2405,2,potato,1,P,0.001,20.62
2405,2,potato,1,K,0.001,26.49
2405,2,potato,2,Urea,0.3,12.7
2405,2,potato,3,Urea,0.5,17.9
2406,2,potato,1,Urea,0.001,8.5
2406,2,potato,1,P,0.001,20.62
2406,2,potato,1,K,0.001,26.49
2406,2,potato,2,Urea,0.3,12.7
2406,2,potato,3,Urea,0.5,17.9
2407,2,potato,1,Urea,0.001,8.5
2407,2,potato,1,P,0.001,20.62
2407,2,potato,1,K,0.001,26.49
2407,2,potato,2,Urea,0.3,12.7
2407,2,potato,3,Urea,0.5,17.9
2408,2,potato,1,Urea,0.001,8.5
2408,2,potato,1,P,0.001,20.62
2408,2,potato,1,K,0.001,26.49
2408,2,potato,2,Urea,0.3,12.7
2408,2,potato,3,Urea,0.5,17.9
2409,2,potato,1,Urea,0.001,8.5
2409,2,potato,1,P,0.001,20.62
2409,2,potato,1,K,0.001,26.49
2409,2,potato,2,Urea,0.3,12.7
2409,2,potato,3,Urea,0.5,17.9
2410,2,potato,1,Urea,0.001,8.5
2410,2,potato,1,P,0.001,20.62
2410,2,potato,1,K,0.001,26.49
2410,2,potato,2,Urea,0.3,12.7
2410,2,potato,3,Urea,0.5,17.9
2411,2,potato,1,Urea,0.001,8.5
2411,2,potato,1,P,0.001,20.62
2411,2,potato,1,K,0.001,26.49
2411,2,potato,2,Urea,0.3,12.7
2411,2,potato,3,Urea,0.5,17.9
2414,2,potato,1,Urea,0.001,8.5
2414,2,potato,1,P,0.001,20.62
2414,2,potato,1,K,0.001,26.49
2414,2,potato,2,Urea,0.3,12.7
2414,2,potato,3,Urea,0.5,17.9
2417,2,potato,1,Urea,0.001,8.5
2417,2,potato,1,P,0.001,20.62
2417,2,potato,1,K,0.001,26.49
2417,2,potato,2,Urea,0.3,12.7
2417,2,potato,3,Urea,0.5,17.9
2418,2,potato,1,Urea,0.001,8.5
2418,2,potato,1,P,0.001,20.62
2418,2,potato,1,K,0.001,26.49
2418,2,potato,2,Urea,0.3,12.7
2418,2,potato,3,Urea,0.5,17.9
2422,2,potato,1,Urea,0.001,8.5
2422,2,potato,1,P,0.001,20.62
2422,2,potato,1,K,0.001,26.49
2422,2,potato,2,Urea,0.3,12.7
2422,2,potato,3,Urea,0.5,17.9
2423,2,potato,1,Urea,0.001,8.5
2423,2,potato,1,P,0.001,20.62
2423,2,potato,1,K,0.001,26.49
2423,2,potato,2,Urea,0.3,12.7
2423,2,potato,3,Urea,0.5,17.9
2424,2,potato,1,Urea,0.001,8.5
2424,2,potato,1,P,0.001,20.62
2424,2,potato,1,K,0.001,26.49
2424,2,potato,2,Urea,0.3,12.7
2424,2,potato,3,Urea,0.5,17.9
2425,2,potato,1,Urea,0.001,8.5
2425,2,potato,1,P,0.001,20.62
2425,2,potato,1,K,0.001,26.49
2425,2,potato,2,Urea,0.3,12.7
2425,2,potato,3,Urea,0.5,17.9
2427,2,potato,1,Urea,0.001,8.5
2427,2,potato,1,P,0.001,20.62
2427,2,potato,1,K,0.001,26.49
2427,2,potato,2,Urea,0.3,12.7
2427,2,potato,3,Urea,0.5,17.9
2430,2,potato,1,Urea,0.001,8.5
2430,2,potato,1,P,0.001,20.62
2430,2,potato,1,K,0.001,26.49
2430,2,potato,2,Urea,0.3,12.7
2430,2,potato,3,Urea,0.5,17.9
2431,2,potato,1,Urea,0.001,8.5
2431,2,potato,1,P,0.001,20.62
2431,2,potato,1,K,0.001,26.49
2431,2,potato,2,Urea,0.3,12.7
2431,2,potato,3,Urea,0.5,17.9
2432,2,potato,1,Urea,0.001,8.5
2432,2,potato,1,P,0.001,20.62
2432,2,potato,1,K,0.001,26.49
2432,2,potato,2,Urea,0.3,12.7
2432,2,potato,3,Urea,0.5,17.9
2433,2,potato,1,Urea,0.001,8.5
2433,2,potato,1,P,0.001,20.62
2433,2,potato,1,K,0.001,26.49
2433,2,potato,2,Urea,0.3,12.7
2433,2,potato,3,Urea,0.5,17.9
2435,2,potato,1,Urea,0.001,8.5
2435,2,potato,1,P,0.001,20.62
2435,2,potato,1,K,0.001,26.49
2435,2,potato,2,Urea,0.3,12.7
2435,2,potato,3,Urea,0.5,17.9
2436,2,potato,1,Urea,0.001,8.5
2436,2,potato,1,P,0.001,20.62
2436,2,potato,1,K,0.001,26.49
2436,2,potato,2,Urea,0.3,12.7
2436,2,potato,3,Urea,0.5,17.9
2438,2,potato,1,Urea,0.001,8.5
2438,2,potato,1,P,0.001,20.62
2438,2,potato,1,K,0.001,26.49
2438,2,potato,2,Urea,0.3,12.7
2438,2,potato,3,Urea,0.5,17.9
2439,2,potato,1,Urea,0.001,8.5
2439,2,potato,1,P,0.001,20.62
2439,2,potato,1,K,0.001,26.49
2439,2,potato,2,Urea,0.3,12.7
2439,2,potato,3,Urea,0.5,17.9
2440,2,potato,1,Urea,0.001,8.5
2440,2,potato,1,P,0.001,20.62
2440,2,potato,1,K,0.001,26.49
2440,2,potato,2,Urea,0.3,12.7
2440,2,potato,3,Urea,0.5,17.9
2441,2,potato,1,Urea,0.001,8.5
2441,2,potato,1,P,0.001,20.62
2441,2,potato,1,K,0.001,26.49
2441,2,potato,2,Urea,0.3,12.7
2441,2,potato,3,Urea,0.5,17.9
2442,2,potato,1,Urea,0.001,8.5
2442,2,potato,1,P,0.001,20.62
2442,2,potato,1,K,0.001,26.49
2442,2,potato,2,Urea,0.3,12.7
2442,2,potato,3,Urea,0.5,17.9
2443,2,potato,1,Urea,0.001,8.5
2443,2,potato,1,P,0.001,20.62
2443,2,potato,1,K,0.001,26.49
2443,2,potato,2,Urea,0.3,12.7
2443,2,potato,3,Urea,0.5,17.9
2444,2,potato,1,Urea,0.001,8.5
2444,2,potato,1,P,0.001,20.62
2444,2,potato,1,K,0.001,26.49
2444,2,potato,2,Urea,0.3,12.7
2444,2,potato,3,Urea,0.5,17.9
2452,2,potato,1,Urea,0.001,8.5
2452,2,potato,1,P,0.001,20.62
2452,2,potato,1,K,0.001,26.49
2452,2,potato,2,Urea,0.3,12.7
2452,2,potato,3,Urea,0.5,17.9
2455,2,potato,1,Urea,0.001,8.5
2455,2,potato,1,P,0.001,20.62
2455,2,potato,1,K,0.001,26.49
2455,2,potato,2,Urea,0.3,12.7
2455,2,potato,3,Urea,0.5,17.9
2456,2,potato,1,Urea,0.001,8.5
2456,2,potato,1,P,0.001,20.62
2456,2,potato,1,K,0.001,26.49
2456,2,potato,2,Urea,0.3,12.7
2456,2,potato,3,Urea,0.5,17.9
2458,2,potato,1,Urea,0.001,8.5
2458,2,potato,1,P,0.001,20.62
2458,2,potato,1,K,0.001,26.49
2458,2,potato,2,Urea,0.3,12.7
2458,2,potato,3,Urea,0.5,17.9
2460,2,potato,1,Urea,0.001,8.5
2460,2,potato,1,P,0.001,20.62
2460,2,potato,1,K,0.001,26.49
2460,2,potato,2,Urea,0.3,12.7
2460,2,potato,3,Urea,0.5,17.9
2463,2,potato,1,Urea,0.001,8.5
2463,2,potato,1,P,0.001,20.62
2463,2,potato,1,K,0.001,26.49
2463,2,potato,2,Urea,0.3,12.7
2463,2,potato,3,Urea,0.5,17.9
2465,2,potato,1,Urea,0.001,8.5
2465,2,potato,1,P,0.001,20.62
2465,2,potato,1,K,0.001,26.49
2465,2,potato,2,Urea,0.3,12.7
2465,2,potato,3,Urea,0.5,17.9
2468,2,potato,1,Urea,0.001,8.5
2468,2,potato,1,P,0.001,20.62
2468,2,potato,1,K,0.001,26.49
2468,2,potato,2,Urea,0.3,12.7
2468,2,potato,3,Urea,0.5,17.9
2475,2,potato,1,Urea,0.001,8.5
2475,2,potato,1,P,0.001,20.62
2475,2,potato,1,K,0.001,26.49
2475,2,potato,2,Urea,0.3,12.7
2475,2,potato,3,Urea,0.5,17.9
2479,2,potato,1,Urea,0.001,8.5
2479,2,potato,1,P,0.001,20.62
2479,2,potato,1,K,0.001,26.49
2479,2,potato,2,Urea,0.3,12.7
2479,2,potato,3,Urea,0.5,17.9
2481,2,potato,1,Urea,0.001,8.5
2481,2,potato,1,P,0.001,20.62
2481,2,potato,1,K,0.001,26.49
2481,2,potato,2,Urea,0.3,12.7
2481,2,potato,3,Urea,0.5,17.9
2482,2,potato,1,Urea,0.001,8.5
2482,2,potato,1,P,0.001,20.62
2482,2,potato,1,K,0.001,26.49
2482,2,potato,2,Urea,0.3,12.7
2482,2,potato,3,Urea,0.5,17.9
2485,2,potato,1,Urea,0.001,8.5
2485,2,potato,1,P,0.001,20.62
2485,2,potato,1,K,0.001,26.49
2485,2,potato,2,Urea,0.3,12.7
2485,2,potato,3,Urea,0.5,17.9
2486,2,potato,1,Urea,0.001,8.5
2486,2,potato,1,P,0.001,20.62
2486,2,potato,1,K,0.001,26.49
2486,2,potato,2,Urea,0.3,12.7
2486,2,potato,3,Urea,0.5,17.9
2487,2,potato,1,Urea,0.001,8.5
2487,2,potato,1,P,0.001,20.62
2487,2,potato,1,K,0.001,26.49
2487,2,potato,2,Urea,0.3,12.7
2487,2,potato,3,Urea,0.5,17.9
2488,2,potato,1,Urea,0.001,8.5
2488,2,potato,1,P,0.001,20.62
2488,2,potato,1,K,0.001,26.49
2488,2,potato,2,Urea,0.3,12.7
2488,2,potato,3,Urea,0.5,17.9
2489,2,potato,1,Urea,0.001,8.5
2489,2,potato,1,P,0.001,20.62
2489,2,potato,1,K,0.001,26.49
2489,2,potato,2,Urea,0.3,12.7
2489,2,potato,3,Urea,0.5,17.9
2491,2,potato,1,Urea,0.001,8.5
2491,2,potato,1,P,0.001,20.62
2491,2,potato,1,K,0.001,26.49
2491,2,potato,2,Urea,0.3,12.7
2491,2,potato,3,Urea,0.5,17.9
2492,2,potato,1,Urea,0.001,8.5
2492,2,potato,1,P,0.001,20.62
2492,2,potato,1,K,0.001,26.49
2492,2,potato,2,Urea,0.3,12.7
2492,2,potato,3,Urea,0.5,17.9
2493,2,potato,1,Urea,0.001,8.5
2493,2,potato,1,P,0.001,20.62
2493,2,potato,1,K,0.001,26.49
2493,2,potato,2,Urea,0.3,12.7
2493,2,potato,3,Urea,0.5,17.9
2495,2,potato,1,Urea,0.001,8.5
2495,2,potato,1,P,0.001,20.62
2495,2,potato,1,K,0.001,26.49
2495,2,potato,2,Urea,0.3,12.7
2495,2,potato,3,Urea,0.5,17.9
2497,2,potato,1,Urea,0.001,8.5
2497,2,potato,1,P,0.001,20.62
2497,2,potato,1,K,0.001,26.49
2497,2,potato,2,Urea,0.3,12.7
2497,2,potato,3,Urea,0.5,17.9
2498,2,potato,1,Urea,0.001,8.5
2498,2,potato,1,P,0.001,20.62
2498,2,potato,1,K,0.001,26.49
2498,2,potato,2,Urea,0.3,12.7
2498,2,potato,3,Urea,0.5,17.9
2499,2,potato,1,Urea,0.001,8.5
2499,2,potato,1,P,0.001,20.62
2499,2,potato,1,K,0.001,26.49
2499,2,potato,2,Urea,0.3,12.7
2499,2,potato,3,Urea,0.5,17.9
2500,2,potato,1,Urea,0.001,8.5
2500,2,potato,1,P,0.001,20.62
2500,2,potato,1,K,0.001,26.49
2500,2,potato,2,Urea,0.3,12.7
2500,2,potato,3,Urea,0.5,17.9
2501,2,potato,1,Urea,0.001,8.5
2501,2,potato,1,P,0.001,20.62
2501,2,potato,1,K,0.001,26.49
2501,2,potato,2,Urea,0.3,12.7
2501,2,potato,3,Urea,0.5,17.9
2502,2,potato,1,Urea,0.001,8.5
2502,2,potato,1,P,0.001,20.62
2502,2,potato,1,K,0.001,26.49
2502,2,potato,2,Urea,0.3,12.7
2502,2,potato,3,Urea,0.5,17.9
2503,2,potato,1,Urea,0.001,8.5
2503,2,potato,1,P,0.001,20.62
2503,2,potato,1,K,0.001,26.49
2503,2,potato,2,Urea,0.3,12.7
2503,2,potato,3,Urea,0.5,17.9
2504,2,potato,1,Urea,0.001,8.5
2504,2,potato,1,P,0.001,20.62
2504,2,potato,1,K,0.001,26.49
2504,2,potato,2,Urea,0.3,12.7
2504,2,potato,3,Urea,0.5,17.9
2505,2,potato,1,Urea,0.001,8.5
2505,2,potato,1,P,0.001,20.62
2505,2,potato,1,K,0.001,26.49
2505,2,potato,2,Urea,0.3,12.7
2505,2,potato,3,Urea,0.5,17.9
2507,2,potato,1,Urea,0.001,8.5
2507,2,potato,1,P,0.001,20.62
2507,2,potato,1,K,0.001,26.49
2507,2,potato,2,Urea,0.3,12.7
2507,2,potato,3,Urea,0.5,17.9
2508,2,potato,1,Urea,0.001,8.5
2508,2,potato,1,P,0.001,20.62
2508,2,potato,1,K,0.001,26.49
2508,2,potato,2,Urea,0.3,12.7
2508,2,potato,3,Urea,0.5,17.9
2509,2,potato,1,Urea,0.001,8.5
2509,2,potato,1,P,0.001,20.62
2509,2,potato,1,K,0.001,26.49
2509,2,potato,2,Urea,0.3,12.7
2509,2,potato,3,Urea,0.5,17.9
2510,2,potato,1,Urea,0.001,8.5
2510,2,potato,1,P,0.001,20.62
2510,2,potato,1,K,0.001,26.49
2510,2,potato,2,Urea,0.3,12.7
2510,2,potato,3,Urea,0.5,17.9
2512,2,potato,1,Urea,0.001,8.5
2512,2,potato,1,P,0.001,20.62
2512,2,potato,1,K,0.001,26.49
2512,2,potato,2,Urea,0.3,12.7
2512,2,potato,3,Urea,0.5,17.9
2513,2,potato,1,Urea,0.001,8.5
2513,2,potato,1,P,0.001,20.62
2513,2,potato,1,K,0.001,26.49
2513,2,potato,2,Urea,0.3,12.7
2513,2,potato,3,Urea,0.5,17.9
2514,2,potato,1,Urea,0.001,8.5
2514,2,potato,1,P,0.001,20.62
2514,2,potato,1,K,0.001,26.49
2514,2,potato,2,Urea,0.3,12.7
2514,2,potato,3,Urea,0.5,17.9
2515,2,potato,1,Urea,0.001,8.5
2515,2,potato,1,P,0.001,20.62
2515,2,potato,1,K,0.001,26.49
2515,2,potato,2,Urea,0.3,12.7
2515,2,potato,3,Urea,0.5,17.9
2516,2,potato,1,Urea,0.001,8.5
2516,2,potato,1,P,0.001,20.62
2516,2,potato,1,K,0.001,26.49
2516,2,potato,2,Urea,0.3,12.7
2516,2,potato,3,Urea,0.5,17.9
2517,2,potato,1,Urea,0.001,8.5
2517,2,potato,1,P,0.001,20.62
2517,2,potato,1,K,0.001,26.49
2517,2,potato,2,Urea,0.3,12.7
2517,2,potato,3,Urea,0.5,17.9
2518,2,potato,1,Urea,0.001,8.5
2518,2,potato,1,P,0.001,20.62
2518,2,potato,1,K,0.001,26.49
2518,2,potato,2,Urea,0.3,12.7
2518,2,potato,3,Urea,0.5,17.9
2519,2,potato,1,Urea,0.001,8.5
2519,2,potato,1,P,0.001,20.62
2519,2,potato,1,K,0.001,26.49
2519,2,potato,2,Urea,0.3,12.7
2519,2,potato,3,Urea,0.5,17.9
2520,2,potato,1,Urea,0.001,8.5
2520,2,potato,1,P,0.001,20.62
2520,2,potato,1,K,0.001,26.49
2520,2,potato,2,Urea,0.3,12.7
2520,2,potato,3,Urea,0.5,17.9
2524,2,potato,1,Urea,0.001,8.5
2524,2,potato,1,P,0.001,20.62
2524,2,potato,1,K,0.001,26.49
2524,2,potato,2,Urea,0.3,12.7
2524,2,potato,3,Urea,0.5,17.9
2525,2,potato,1,Urea,0.001,8.5
2525,2,potato,1,P,0.001,20.62
2525,2,potato,1,K,0.001,26.49
2525,2,potato,2,Urea,0.3,12.7
2525,2,potato,3,Urea,0.5,17.9
2528,2,potato,1,Urea,0.001,8.5
2528,2,potato,1,P,0.001,20.62
2528,2,potato,1,K,0.001,26.49
2528,2,potato,2,Urea,0.3,12.7
2528,2,potato,3,Urea,0.5,17.9
2530,2,potato,1,Urea,0.001,8.5
2530,2,potato,1,P,0.001,20.62
2530,2,potato,1,K,0.001,26.49
2530,2,potato,2,Urea,0.3,12.7
2530,2,potato,3,Urea,0.5,17.9
2531,2,potato,1,Urea,0.001,8.5
2531,2,potato,1,P,0.001,20.62
2531,2,potato,1,K,0.001,26.49
2531,2,potato,2,Urea,0.3,12.7
2531,2,potato,3,Urea,0.5,17.9
2532,2,potato,1,Urea,0.001,8.5
2532,2,potato,1,P,0.001,20.62
2532,2,potato,1,K,0.001,26.49
2532,2,potato,2,Urea,0.3,12.7
2532,2,potato,3,Urea,0.5,17.9
2533,2,potato,1,Urea,0.001,8.5
2533,2,potato,1,P,0.001,20.62
2533,2,potato,1,K,0.001,26.49
2533,2,potato,2,Urea,0.3,12.7
2533,2,potato,3,Urea,0.5,17.9
2535,2,potato,1,Urea,0.001,8.5
2535,2,potato,1,P,0.001,20.62
2535,2,potato,1,K,0.001,26.49
2535,2,potato,2,Urea,0.3,12.7
2535,2,potato,3,Urea,0.5,17.9
2537,2,potato,1,Urea,0.001,8.5
2537,2,potato,1,P,0.001,20.62
2537,2,potato,1,K,0.001,26.49
2537,2,potato,2,Urea,0.3,12.7
2537,2,potato,3,Urea,0.5,17.9
2541,2,potato,1,Urea,0.001,8.5
2541,2,potato,1,P,0.001,20.62
2541,2,potato,1,K,0.001,26.49
2541,2,potato,2,Urea,0.3,12.7
2541,2,potato,3,Urea,0.5,17.9
2542,2,potato,1,Urea,0.001,8.5
2542,2,potato,1,P,0.001,20.62
2542,2,potato,1,K,0.001,26.49
2542,2,potato,2,Urea,0.3,12.7
2542,2,potato,3,Urea,0.5,17.9
2547,2,potato,1,Urea,0.001,8.5
2547,2,potato,1,P,0.001,20.62
2547,2,potato,1,K,0.001,26.49
2547,2,potato,2,Urea,0.3,12.7
2547,2,potato,3,Urea,0.5,17.9
2548,2,potato,1,Urea,0.001,8.5
2548,2,potato,1,P,0.001,20.62
2548,2,potato,1,K,0.001,26.49
2548,2,potato,2,Urea,0.3,12.7
2548,2,potato,3,Urea,0.5,17.9
2552,2,potato,1,Urea,0.001,8.5
2552,2,potato,1,P,0.001,20.62
2552,2,potato,1,K,0.001,26.49
2552,2,potato,2,Urea,0.3,12.7
2552,2,potato,3,Urea,0.5,17.9
2553,2,potato,1,Urea,0.001,8.5
2553,2,potato,1,P,0.001,20.62
2553,2,potato,1,K,0.001,26.49
2553,2,potato,2,Urea,0.3,12.7
2553,2,potato,3,Urea,0.5,17.9
2554,2,potato,1,Urea,0.001,8.5
2554,2,potato,1,P,0.001,20.62
2554,2,potato,1,K,0.001,26.49
2554,2,potato,2,Urea,0.3,12.7
2554,2,potato,3,Urea,0.5,17.9
2557,2,potato,1,Urea,0.001,8.5
2557,2,potato,1,P,0.001,20.62
2557,2,potato,1,K,0.001,26.49
2557,2,potato,2,Urea,0.3,12.7
2557,2,potato,3,Urea,0.5,17.9
2558,2,potato,1,Urea,0.001,8.5
2558,2,potato,1,P,0.001,20.62
2558,2,potato,1,K,0.001,26.49
2558,2,potato,2,Urea,0.3,12.7
2558,2,potato,3,Urea,0.5,17.9
2560,2,potato,1,Urea,0.001,8.5
2560,2,potato,1,P,0.001,20.62
2560,2,potato,1,K,0.001,26.49
2560,2,potato,2,Urea,0.3,12.7
2560,2,potato,3,Urea,0.5,17.9
2564,2,potato,1,Urea,0.001,8.5
2564,2,potato,1,P,0.001,20.62
2564,2,potato,1,K,0.001,26.49
2564,2,potato,2,Urea,0.3,12.7
2564,2,potato,3,Urea,0.5,17.9
2567,2,potato,1,Urea,0.001,8.5
2567,2,potato,1,P,0.001,20.62
2567,2,potato,1,K,0.001,26.49
2567,2,potato,2,Urea,0.3,12.7
2567,2,potato,3,Urea,0.5,17.9
2569,2,potato,1,Urea,0.001,8.5
2569,2,potato,1,P,0.001,20.62
2569,2,potato,1,K,0.001,26.49
2569,2,potato,2,Urea,0.3,12.7
2569,2,potato,3,Urea,0.5,17.9
2570,2,potato,1,Urea,0.001,8.5
2570,2,potato,1,P,0.001,20.62
2570,2,potato,1,K,0.001,26.49
2570,2,potato,2,Urea,0.3,12.7
2570,2,potato,3,Urea,0.5,17.9
2572,2,potato,1,Urea,0.001,8.5
2572,2,potato,1,P,0.001,20.62
2572,2,potato,1,K,0.001,26.49
2572,2,potato,2,Urea,0.3,12.7
2572,2,potato,3,Urea,0.5,17.9
2573,2,potato,1,Urea,0.001,8.5
2573,2,potato,1,P,0.001,20.62
2573,2,potato,1,K,0.001,26.49
2573,2,potato,2,Urea,0.3,12.7
2573,2,potato,3,Urea,0.5,17.9
2574,2,potato,1,Urea,0.001,8.5
2574,2,potato,1,P,0.001,20.62
2574,2,potato,1,K,0.001,26.49
2574,2,potato,2,Urea,0.3,12.7
2574,2,potato,3,Urea,0.5,17.9
2575,2,potato,1,Urea,0.001,8.5
2575,2,potato,1,P,0.001,20.62
2575,2,potato,1,K,0.001,26.49
2575,2,potato,2,Urea,0.3,12.7
2575,2,potato,3,Urea,0.5,17.9
2577,2,potato,1,Urea,0.001,8.5
2577,2,potato,1,P,0.001,20.62
2577,2,potato,1,K,0.001,26.49
2577,2,potato,2,Urea,0.3,12.7
2577,2,potato,3,Urea,0.5,17.9
2578,2,potato,1,Urea,0.001,8.5
2578,2,potato,1,P,0.001,20.62
2578,2,potato,1,K,0.001,26.49
2578,2,potato,2,Urea,0.3,12.7
2578,2,potato,3,Urea,0.5,17.9
2579,2,potato,1,Urea,0.001,8.5
2579,2,potato,1,P,0.001,20.62
2579,2,potato,1,K,0.001,26.49
2579,2,potato,2,Urea,0.3,12.7
2579,2,potato,3,Urea,0.5,17.9
2580,2,potato,1,Urea,0.001,8.5
2580,2,potato,1,P,0.001,20.62
2580,2,potato,1,K,0.001,26.49
2580,2,potato,2,Urea,0.3,12.7
2580,2,potato,3,Urea,0.5,17.9
2582,2,potato,1,Urea,0.001,8.5
2582,2,potato,1,P,0.001,20.62
2582,2,potato,1,K,0.001,26.49
2582,2,potato,2,Urea,0.3,12.7
2582,2,potato,3,Urea,0.5,17.9
2583,2,potato,1,Urea,0.001,8.5
2583,2,potato,1,P,0.001,20.62
2583,2,potato,1,K,0.001,26.49
2583,2,potato,2,Urea,0.3,12.7
2583,2,potato,3,Urea,0.5,17.9
2588,2,potato,1,Urea,0.001,8.5
2588,2,potato,1,P,0.001,20.62
2588,2,potato,1,K,0.001,26.49
2588,2,potato,2,Urea,0.3,12.7
2588,2,potato,3,Urea,0.5,17.9
2590,2,potato,1,Urea,0.001,8.5
2590,2,potato,1,P,0.001,20.62
2590,2,potato,1,K,0.001,26.49
2590,2,potato,2,Urea,0.3,12.7
2590,2,potato,3,Urea,0.5,17.9
2591,2,potato,1,Urea,0.001,8.5
2591,2,potato,1,P,0.001,20.62
2591,2,potato,1,K,0.001,26.49
2591,2,potato,2,Urea,0.3,12.7
2591,2,potato,3,Urea,0.5,17.9
2592,2,potato,1,Urea,0.001,8.5
2592,2,potato,1,P,0.001,20.62
2592,2,potato,1,K,0.001,26.49
2592,2,potato,2,Urea,0.3,12.7
2592,2,potato,3,Urea,0.5,17.9
2593,2,potato,1,Urea,0.001,8.5
2593,2,potato,1,P,0.001,20.62
2593,2,potato,1,K,0.001,26.49
2593,2,potato,2,Urea,0.3,12.7
2593,2,potato,3,Urea,0.5,17.9
2595,2,potato,1,Urea,0.001,8.5
2595,2,potato,1,P,0.001,20.62
2595,2,potato,1,K,0.001,26.49
2595,2,potato,2,Urea,0.3,12.7
2595,2,potato,3,Urea,0.5,17.9
2596,2,potato,1,Urea,0.001,8.5
2596,2,potato,1,P,0.001,20.62
2596,2,potato,1,K,0.001,26.49
2596,2,potato,2,Urea,0.3,12.7
2596,2,potato,3,Urea,0.5,17.9
2598,2,potato,1,Urea,0.001,8.5
2598,2,potato,1,P,0.001,20.62
2598,2,potato,1,K,0.001,26.49
2598,2,potato,2,Urea,0.3,12.7
2598,2,potato,3,Urea,0.5,17.9
2601,2,potato,1,Urea,0.001,8.5
2601,2,potato,1,P,0.001,20.62
2601,2,potato,1,K,0.001,26.49
2601,2,potato,2,Urea,0.3,12.7
2601,2,potato,3,Urea,0.5,17.9
2602,2,potato,1,Urea,0.001,8.5
2602,2,potato,1,P,0.001,20.62
2602,2,potato,1,K,0.001,26.49
2602,2,potato,2,Urea,0.3,12.7
2602,2,potato,3,Urea,0.5,17.9
2603,2,potato,1,Urea,0.001,8.5
2603,2,potato,1,P,0.001,20.62
2603,2,potato,1,K,0.001,26.49
2603,2,potato,2,Urea,0.3,12.7
2603,2,potato,3,Urea,0.5,17.9
2604,2,potato,1,Urea,0.001,8.5
2604,2,potato,1,P,0.001,20.62
2604,2,potato,1,K,0.001,26.49
2604,2,potato,2,Urea,0.3,12.7
2604,2,potato,3,Urea,0.5,17.9
2609,2,potato,1,Urea,0.001,8.5
2609,2,potato,1,P,0.001,20.62
2609,2,potato,1,K,0.001,26.49
2609,2,potato,2,Urea,0.3,12.7
2609,2,potato,3,Urea,0.5,17.9
2610,2,potato,1,Urea,0.001,8.5
2610,2,potato,1,P,0.001,20.62
2610,2,potato,1,K,0.001,26.49
2610,2,potato,2,Urea,0.3,12.7
2610,2,potato,3,Urea,0.5,17.9
2615,2,potato,1,Urea,0.001,8.5
2615,2,potato,1,P,0.001,20.62
2615,2,potato,1,K,0.001,26.49
2615,2,potato,2,Urea,0.3,12.7
2615,2,potato,3,Urea,0.5,17.9
2616,2,potato,1,Urea,0.001,8.5
2616,2,potato,1,P,0.001,20.62
2616,2,potato,1,K,0.001,26.49
2616,2,potato,2,Urea,0.3,12.7
2616,2,potato,3,Urea,0.5,17.9
2623,2,potato,1,Urea,0.001,8.5
2623,2,potato,1,P,0.001,20.62
2623,2,potato,1,K,0.001,26.49
2623,2,potato,2,Urea,0.3,12.7
2623,2,potato,3,Urea,0.5,17.9
2628,2,potato,1,Urea,0.001,8.5
2628,2,potato,1,P,0.001,20.62
2628,2,potato,1,K,0.001,26.49
2628,2,potato,2,Urea,0.3,12.7
2628,2,potato,3,Urea,0.5,17.9
2632,2,potato,1,Urea,0.001,8.5
2632,2,potato,1,P,0.001,20.62
2632,2,potato,1,K,0.001,26.49
2632,2,potato,2,Urea,0.3,12.7
2632,2,potato,3,Urea,0.5,17.9
2633,2,potato,1,Urea,0.001,8.5
2633,2,potato,1,P,0.001,20.62
2633,2,potato,1,K,0.001,26.49
2633,2,potato,2,Urea,0.3,12.7
2633,2,potato,3,Urea,0.5,17.9
2634,2,potato,1,Urea,0.001,8.5
2634,2,potato,1,P,0.001,20.62
2634,2,potato,1,K,0.001,26.49
2634,2,potato,2,Urea,0.3,12.7
2634,2,potato,3,Urea,0.5,17.9
2635,2,potato,1,Urea,0.001,8.5
2635,2,potato,1,P,0.001,20.62
2635,2,potato,1,K,0.001,26.49
2635,2,potato,2,Urea,0.3,12.7
2635,2,potato,3,Urea,0.5,17.9
2636,2,potato,1,Urea,0.001,8.5
2636,2,potato,1,P,0.001,20.62
2636,2,potato,1,K,0.001,26.49
2636,2,potato,2,Urea,0.3,12.7
2636,2,potato,3,Urea,0.5,17.9
2638,2,potato,1,Urea,0.001,8.5
2638,2,potato,1,P,0.001,20.62
2638,2,potato,1,K,0.001,26.49
2638,2,potato,2,Urea,0.3,12.7
2638,2,potato,3,Urea,0.5,17.9
2643,2,potato,1,Urea,0.001,8.5
2643,2,potato,1,P,0.001,20.62
2643,2,potato,1,K,0.001,26.49
2643,2,potato,2,Urea,0.3,12.7
2643,2,potato,3,Urea,0.5,17.9
2644,2,potato,1,Urea,0.001,8.5
2644,2,potato,1,P,0.001,20.62
2644,2,potato,1,K,0.001,26.49
2644,2,potato,2,Urea,0.3,12.7
2644,2,potato,3,Urea,0.5,17.9
2646,2,potato,1,Urea,0.001,8.5
2646,2,potato,1,P,0.001,20.62
2646,2,potato,1,K,0.001,26.49
2646,2,potato,2,Urea,0.3,12.7
2646,2,potato,3,Urea,0.5,17.9
2647,2,potato,1,Urea,0.001,8.5
2647,2,potato,1,P,0.001,20.62
2647,2,potato,1,K,0.001,26.49
2647,2,potato,2,Urea,0.3,12.7
2647,2,potato,3,Urea,0.5,17.9
2648,2,potato,1,Urea,0.001,8.5
2648,2,potato,1,P,0.001,20.62
2648,2,potato,1,K,0.001,26.49
2648,2,potato,2,Urea,0.3,12.7
2648,2,potato,3,Urea,0.5,17.9
2649,2,potato,1,Urea,0.001,8.5
2649,2,potato,1,P,0.001,20.62
2649,2,potato,1,K,0.001,26.49
2649,2,potato,2,Urea,0.3,12.7
2649,2,potato,3,Urea,0.5,17.9
2650,2,potato,1,Urea,0.001,8.5
2650,2,potato,1,P,0.001,20.62
2650,2,potato,1,K,0.001,26.49
2650,2,potato,2,Urea,0.3,12.7
2650,2,potato,3,Urea,0.5,17.9
2651,2,potato,1,Urea,0.001,8.5
2651,2,potato,1,P,0.001,20.62
2651,2,potato,1,K,0.001,26.49
2651,2,potato,2,Urea,0.3,12.7
2651,2,potato,3,Urea,0.5,17.9
2652,2,potato,1,Urea,0.001,8.5
2652,2,potato,1,P,0.001,20.62
2652,2,potato,1,K,0.001,26.49
2652,2,potato,2,Urea,0.3,12.7
2652,2,potato,3,Urea,0.5,17.9
2654,2,potato,1,Urea,0.001,8.5
2654,2,potato,1,P,0.001,20.62
2654,2,potato,1,K,0.001,26.49
2654,2,potato,2,Urea,0.3,12.7
2654,2,potato,3,Urea,0.5,17.9
2655,2,potato,1,Urea,0.001,8.5
2655,2,potato,1,P,0.001,20.62
2655,2,potato,1,K,0.001,26.49
2655,2,potato,2,Urea,0.3,12.7
2655,2,potato,3,Urea,0.5,17.9
2656,2,potato,1,Urea,0.001,8.5
2656,2,potato,1,P,0.001,20.62
2656,2,potato,1,K,0.001,26.49
2656,2,potato,2,Urea,0.3,12.7
2656,2,potato,3,Urea,0.5,17.9
2657,2,potato,1,Urea,0.001,8.5
2657,2,potato,1,P,0.001,20.62
2657,2,potato,1,K,0.001,26.49
2657,2,potato,2,Urea,0.3,12.7
2657,2,potato,3,Urea,0.5,17.9
2659,2,potato,1,Urea,0.001,8.5
2659,2,potato,1,P,0.001,20.62
2659,2,potato,1,K,0.001,26.49
2659,2,potato,2,Urea,0.3,12.7
2659,2,potato,3,Urea,0.5,17.9
2660,2,potato,1,Urea,0.001,8.5
2660,2,potato,1,P,0.001,20.62
2660,2,potato,1,K,0.001,26.49
2660,2,potato,2,Urea,0.3,12.7
2660,2,potato,3,Urea,0.5,17.9
2661,2,potato,1,Urea,0.001,8.5
2661,2,potato,1,P,0.001,20.62
2661,2,potato,1,K,0.001,26.49
2661,2,potato,2,Urea,0.3,12.7
2661,2,potato,3,Urea,0.5,17.9
2663,2,potato,1,Urea,0.001,8.5
2663,2,potato,1,P,0.001,20.62
2663,2,potato,1,K,0.001,26.49
2663,2,potato,2,Urea,0.3,12.7
2663,2,potato,3,Urea,0.5,17.9
2664,2,potato,1,Urea,0.001,8.5
2664,2,potato,1,P,0.001,20.62
2664,2,potato,1,K,0.001,26.49
2664,2,potato,2,Urea,0.3,12.7
2664,2,potato,3,Urea,0.5,17.9
2665,2,potato,1,Urea,0.001,8.5
2665,2,potato,1,P,0.001,20.62
2665,2,potato,1,K,0.001,26.49
2665,2,potato,2,Urea,0.3,12.7
2665,2,potato,3,Urea,0.5,17.9
2666,2,potato,1,Urea,0.001,8.5
2666,2,potato,1,P,0.001,20.62
2666,2,potato,1,K,0.001,26.49
2666,2,potato,2,Urea,0.3,12.7
2666,2,potato,3,Urea,0.5,17.9
2667,2,potato,1,Urea,0.001,8.5
2667,2,potato,1,P,0.001,20.62
2667,2,potato,1,K,0.001,26.49
2667,2,potato,2,Urea,0.3,12.7
2667,2,potato,3,Urea,0.5,17.9
2668,2,potato,1,Urea,0.001,8.5
2668,2,potato,1,P,0.001,20.62
2668,2,potato,1,K,0.001,26.49
2668,2,potato,2,Urea,0.3,12.7
2668,2,potato,3,Urea,0.5,17.9
2669,2,potato,1,Urea,0.001,8.5
2669,2,potato,1,P,0.001,20.62
2669,2,potato,1,K,0.001,26.49
2669,2,potato,2,Urea,0.3,12.7
2669,2,potato,3,Urea,0.5,17.9
2670,2,potato,1,Urea,0.001,8.5
2670,2,potato,1,P,0.001,20.62
2670,2,potato,1,K,0.001,26.49
2670,2,potato,2,Urea,0.3,12.7
2670,2,potato,3,Urea,0.5,17.9
2671,2,potato,1,Urea,0.001,8.5
2671,2,potato,1,P,0.001,20.62
2671,2,potato,1,K,0.001,26.49
2671,2,potato,2,Urea,0.3,12.7
2671,2,potato,3,Urea,0.5,17.9
2672,2,potato,1,Urea,0.001,8.5
2672,2,potato,1,P,0.001,20.62
2672,2,potato,1,K,0.001,26.49
2672,2,potato,2,Urea,0.3,12.7
2672,2,potato,3,Urea,0.5,17.9
2673,2,potato,1,Urea,0.001,8.5
2673,2,potato,1,P,0.001,20.62
2673,2,potato,1,K,0.001,26.49
2673,2,potato,2,Urea,0.3,12.7
2673,2,potato,3,Urea,0.5,17.9
2674,2,potato,1,Urea,0.001,8.5
2674,2,potato,1,P,0.001,20.62
2674,2,potato,1,K,0.001,26.49
2674,2,potato,2,Urea,0.3,12.7
2674,2,potato,3,Urea,0.5,17.9
2677,2,potato,1,Urea,0.001,8.5
2677,2,potato,1,P,0.001,20.62
2677,2,potato,1,K,0.001,26.49
2677,2,potato,2,Urea,0.3,12.7
2677,2,potato,3,Urea,0.5,17.9
2679,2,potato,1,Urea,0.001,8.5
2679,2,potato,1,P,0.001,20.62
2679,2,potato,1,K,0.001,26.49
2679,2,potato,2,Urea,0.3,12.7
2679,2,potato,3,Urea,0.5,17.9
2681,2,potato,1,Urea,0.001,8.5
2681,2,potato,1,P,0.001,20.62
2681,2,potato,1,K,0.001,26.49
2681,2,potato,2,Urea,0.3,12.7
2681,2,potato,3,Urea,0.5,17.9
2682,2,potato,1,Urea,0.001,8.5
2682,2,potato,1,P,0.001,20.62
2682,2,potato,1,K,0.001,26.49
2682,2,potato,2,Urea,0.3,12.7
2682,2,potato,3,Urea,0.5,17.9
2683,2,potato,1,Urea,0.001,8.5
2683,2,potato,1,P,0.001,20.62
2683,2,potato,1,K,0.001,26.49
2683,2,potato,2,Urea,0.3,12.7
2683,2,potato,3,Urea,0.5,17.9
2684,2,potato,1,Urea,0.001,8.5
2684,2,potato,1,P,0.001,20.62
2684,2,potato,1,K,0.001,26.49
2684,2,potato,2,Urea,0.3,12.7
2684,2,potato,3,Urea,0.5,17.9
2687,2,potato,1,Urea,0.001,8.5
2687,2,potato,1,P,0.001,20.62
2687,2,potato,1,K,0.001,26.49
2687,2,potato,2,Urea,0.3,12.7
2687,2,potato,3,Urea,0.5,17.9
2690,2,potato,1,Urea,0.001,8.5
2690,2,potato,1,P,0.001,20.62
2690,2,potato,1,K,0.001,26.49
2690,2,potato,2,Urea,0.3,12.7
2690,2,potato,3,Urea,0.5,17.9
2691,2,potato,1,Urea,0.001,8.5
2691,2,potato,1,P,0.001,20.62
2691,2,potato,1,K,0.001,26.49
2691,2,potato,2,Urea,0.3,12.7
2691,2,potato,3,Urea,0.5,17.9
2697,2,potato,1,Urea,0.001,8.5
2697,2,potato,1,P,0.001,20.62
2697,2,potato,1,K,0.001,26.49
2697,2,potato,2,Urea,0.3,12.7
2697,2,potato,3,Urea,0.5,17.9
2698,2,potato,1,Urea,0.001,8.5
2698,2,potato,1,P,0.001,20.62
2698,2,potato,1,K,0.001,26.49
2698,2,potato,2,Urea,0.3,12.7
2698,2,potato,3,Urea,0.5,17.9
2700,2,potato,1,Urea,0.001,8.5
2700,2,potato,1,P,0.001,20.62
2700,2,potato,1,K,0.001,26.49
2700,2,potato,2,Urea,0.3,12.7
2700,2,potato,3,Urea,0.5,17.9
2702,2,potato,1,Urea,0.001,8.5
2702,2,potato,1,P,0.001,20.62
2702,2,potato,1,K,0.001,26.49
2702,2,potato,2,Urea,0.3,12.7
2702,2,potato,3,Urea,0.5,17.9
2704,2,potato,1,Urea,0.001,8.5
2704,2,potato,1,P,0.001,20.62
2704,2,potato,1,K,0.001,26.49
2704,2,potato,2,Urea,0.3,12.7
2704,2,potato,3,Urea,0.5,17.9
2708,2,potato,1,Urea,0.001,8.5
2708,2,potato,1,P,0.001,20.62
2708,2,potato,1,K,0.001,26.49
2708,2,potato,2,Urea,0.3,12.7
2708,2,potato,3,Urea,0.5,17.9
2712,2,potato,1,Urea,0.001,8.5
2712,2,potato,1,P,0.001,20.62
2712,2,potato,1,K,0.001,26.49
2712,2,potato,2,Urea,0.3,12.7
2712,2,potato,3,Urea,0.5,17.9
2716,2,potato,1,Urea,0.001,8.5
2716,2,potato,1,P,0.001,20.62
2716,2,potato,1,K,0.001,26.49
2716,2,potato,2,Urea,0.3,12.7
2716,2,potato,3,Urea,0.5,17.9
2717,2,potato,1,Urea,0.001,8.5
2717,2,potato,1,P,0.001,20.62
2717,2,potato,1,K,0.001,26.49
2717,2,potato,2,Urea,0.3,12.7
2717,2,potato,3,Urea,0.5,17.9
2718,2,potato,1,Urea,0.001,8.5
2718,2,potato,1,P,0.001,20.62
2718,2,potato,1,K,0.001,26.49
2718,2,potato,2,Urea,0.3,12.7
2718,2,potato,3,Urea,0.5,17.9
2719,2,potato,1,Urea,0.001,8.5
2719,2,potato,1,P,0.001,20.62
2719,2,potato,1,K,0.001,26.49
2719,2,potato,2,Urea,0.3,12.7
2719,2,potato,3,Urea,0.5,17.9
2721,2,potato,1,Urea,0.001,8.5
2721,2,potato,1,P,0.001,20.62
2721,2,potato,1,K,0.001,26.49
2721,2,potato,2,Urea,0.3,12.7
2721,2,potato,3,Urea,0.5,17.9
2724,2,potato,1,Urea,0.001,8.5
2724,2,potato,1,P,0.001,20.62
2724,2,potato,1,K,0.001,26.49
2724,2,potato,2,Urea,0.3,12.7
2724,2,potato,3,Urea,0.5,17.9
2725,2,potato,1,Urea,0.001,8.5
2725,2,potato,1,P,0.001,20.62
2725,2,potato,1,K,0.001,26.49
2725,2,potato,2,Urea,0.3,12.7
2725,2,potato,3,Urea,0.5,17.9
2726,2,potato,1,Urea,0.001,8.5
2726,2,potato,1,P,0.001,20.62
2726,2,potato,1,K,0.001,26.49
2726,2,potato,2,Urea,0.3,12.7
2726,2,potato,3,Urea,0.5,17.9
2727,2,potato,1,Urea,0.001,8.5
2727,2,potato,1,P,0.001,20.62
2727,2,potato,1,K,0.001,26.49
2727,2,potato,2,Urea,0.3,12.7
2727,2,potato,3,Urea,0.5,17.9
2728,2,potato,1,Urea,0.001,8.5
2728,2,potato,1,P,0.001,20.62
2728,2,potato,1,K,0.001,26.49
2728,2,potato,2,Urea,0.3,12.7
2728,2,potato,3,Urea,0.5,17.9
2729,2,potato,1,Urea,0.001,8.5
2729,2,potato,1,P,0.001,20.62
2729,2,potato,1,K,0.001,26.49
2729,2,potato,2,Urea,0.3,12.7
2729,2,potato,3,Urea,0.5,17.9
2730,2,potato,1,Urea,0.001,8.5
2730,2,potato,1,P,0.001,20.62
2730,2,potato,1,K,0.001,26.49
2730,2,potato,2,Urea,0.3,12.7
2730,2,potato,3,Urea,0.5,17.9
2731,2,potato,1,Urea,0.001,8.5
2731,2,potato,1,P,0.001,20.62
2731,2,potato,1,K,0.001,26.49
2731,2,potato,2,Urea,0.3,12.7
2731,2,potato,3,Urea,0.5,17.9
2732,2,potato,1,Urea,0.001,8.5
2732,2,potato,1,P,0.001,20.62
2732,2,potato,1,K,0.001,26.49
2732,2,potato,2,Urea,0.3,12.7
2732,2,potato,3,Urea,0.5,17.9
2733,2,potato,1,Urea,0.001,8.5
2733,2,potato,1,P,0.001,20.62
2733,2,potato,1,K,0.001,26.49
2733,2,potato,2,Urea,0.3,12.7
2733,2,potato,3,Urea,0.5,17.9
2734,2,potato,1,Urea,0.001,8.5
2734,2,potato,1,P,0.001,20.62
2734,2,potato,1,K,0.001,26.49
2734,2,potato,2,Urea,0.3,12.7
2734,2,potato,3,Urea,0.5,17.9
2738,2,potato,1,Urea,0.001,8.5
2738,2,potato,1,P,0.001,20.62
2738,2,potato,1,K,0.001,26.49
2738,2,potato,2,Urea,0.3,12.7
2738,2,potato,3,Urea,0.5,17.9
2739,2,potato,1,Urea,0.001,8.5
2739,2,potato,1,P,0.001,20.62
2739,2,potato,1,K,0.001,26.49
2739,2,potato,2,Urea,0.3,12.7
2739,2,potato,3,Urea,0.5,17.9
2741,2,potato,1,Urea,0.001,8.5
2741,2,potato,1,P,0.001,20.62
2741,2,potato,1,K,0.001,26.49
2741,2,potato,2,Urea,0.3,12.7
2741,2,potato,3,Urea,0.5,17.9
2742,2,potato,1,Urea,0.001,8.5
2742,2,potato,1,P,0.001,20.62
2742,2,potato,1,K,0.001,26.49
2742,2,potato,2,Urea,0.3,12.7
2742,2,potato,3,Urea,0.5,17.9
2744,2,potato,1,Urea,0.001,8.5
2744,2,potato,1,P,0.001,20.62
2744,2,potato,1,K,0.001,26.49
2744,2,potato,2,Urea,0.3,12.7
2744,2,potato,3,Urea,0.5,17.9
2745,2,potato,1,Urea,0.001,8.5
2745,2,potato,1,P,0.001,20.62
2745,2,potato,1,K,0.001,26.49
2745,2,potato,2,Urea,0.3,12.7
2745,2,potato,3,Urea,0.5,17.9
2746,2,potato,1,Urea,0.001,8.5
2746,2,potato,1,P,0.001,20.62
2746,2,potato,1,K,0.001,26.49
2746,2,potato,2,Urea,0.3,12.7
2746,2,potato,3,Urea,0.5,17.9
2747,2,potato,1,Urea,0.001,8.5
2747,2,potato,1,P,0.001,20.62
2747,2,potato,1,K,0.001,26.49
2747,2,potato,2,Urea,0.3,12.7
2747,2,potato,3,Urea,0.5,17.9
2749,2,potato,1,Urea,0.001,8.5
2749,2,potato,1,P,0.001,20.62
2749,2,potato,1,K,0.001,26.49
2749,2,potato,2,Urea,0.3,12.7
2749,2,potato,3,Urea,0.5,17.9
2751,2,potato,1,Urea,0.001,8.5
2751,2,potato,1,P,0.001,20.62
2751,2,potato,1,K,0.001,26.49
2751,2,potato,2,Urea,0.3,12.7
2751,2,potato,3,Urea,0.5,17.9
2753,2,potato,1,Urea,0.001,8.5
2753,2,potato,1,P,0.001,20.62
2753,2,potato,1,K,0.001,26.49
2753,2,potato,2,Urea,0.3,12.7
2753,2,potato,3,Urea,0.5,17.9
2755,2,potato,1,Urea,0.001,8.5
2755,2,potato,1,P,0.001,20.62
2755,2,potato,1,K,0.001,26.49
2755,2,potato,2,Urea,0.3,12.7
2755,2,potato,3,Urea,0.5,17.9
2760,2,potato,1,Urea,0.001,8.5
2760,2,potato,1,P,0.001,20.62
2760,2,potato,1,K,0.001,26.49
2760,2,potato,2,Urea,0.3,12.7
2760,2,potato,3,Urea,0.5,17.9
2761,2,potato,1,Urea,0.001,8.5
2761,2,potato,1,P,0.001,20.62
2761,2,potato,1,K,0.001,26.49
2761,2,potato,2,Urea,0.3,12.7
2761,2,potato,3,Urea,0.5,17.9
2762,2,potato,1,Urea,0.001,8.5
2762,2,potato,1,P,0.001,20.62
2762,2,potato,1,K,0.001,26.49
2762,2,potato,2,Urea,0.3,12.7
2762,2,potato,3,Urea,0.5,17.9
2764,2,potato,1,Urea,0.001,8.5
2764,2,potato,1,P,0.001,20.62
2764,2,potato,1,K,0.001,26.49
2764,2,potato,2,Urea,0.3,12.7
2764,2,potato,3,Urea,0.5,17.9
2765,2,potato,1,Urea,0.001,8.5
2765,2,potato,1,P,0.001,20.62
2765,2,potato,1,K,0.001,26.49
2765,2,potato,2,Urea,0.3,12.7
2765,2,potato,3,Urea,0.5,17.9
2766,2,potato,1,Urea,0.001,8.5
2766,2,potato,1,P,0.001,20.62
2766,2,potato,1,K,0.001,26.49
2766,2,potato,2,Urea,0.3,12.7
2766,2,potato,3,Urea,0.5,17.9
2767,2,potato,1,Urea,0.001,8.5
2767,2,potato,1,P,0.001,20.62
2767,2,potato,1,K,0.001,26.49
2767,2,potato,2,Urea,0.3,12.7
2767,2,potato,3,Urea,0.5,17.9
2770,2,potato,1,Urea,0.001,8.5
2770,2,potato,1,P,0.001,20.62
2770,2,potato,1,K,0.001,26.49
2770,2,potato,2,Urea,0.3,12.7
2770,2,potato,3,Urea,0.5,17.9
2773,2,potato,1,Urea,0.001,8.5
2773,2,potato,1,P,0.001,20.62
2773,2,potato,1,K,0.001,26.49
2773,2,potato,2,Urea,0.3,12.7
2773,2,potato,3,Urea,0.5,17.9
2776,2,potato,1,Urea,0.001,8.5
2776,2,potato,1,P,0.001,20.62
2776,2,potato,1,K,0.001,26.49
2776,2,potato,2,Urea,0.3,12.7
2776,2,potato,3,Urea,0.5,17.9
2777,2,potato,1,Urea,0.001,8.5
2777,2,potato,1,P,0.001,20.62
2777,2,potato,1,K,0.001,26.49
2777,2,potato,2,Urea,0.3,12.7
2777,2,potato,3,Urea,0.5,17.9
2779,2,potato,1,Urea,0.001,8.5
2779,2,potato,1,P,0.001,20.62
2779,2,potato,1,K,0.001,26.49
2779,2,potato,2,Urea,0.3,12.7
2779,2,potato,3,Urea,0.5,17.9
2781,2,potato,1,Urea,0.001,8.5
2781,2,potato,1,P,0.001,20.62
2781,2,potato,1,K,0.001,26.49
2781,2,potato,2,Urea,0.3,12.7
2781,2,potato,3,Urea,0.5,17.9
2787,2,potato,1,Urea,0.001,8.5
2787,2,potato,1,P,0.001,20.62
2787,2,potato,1,K,0.001,26.49
2787,2,potato,2,Urea,0.3,12.7
2787,2,potato,3,Urea,0.5,17.9
2788,2,potato,1,Urea,0.001,8.5
2788,2,potato,1,P,0.001,20.62
2788,2,potato,1,K,0.001,26.49
2788,2,potato,2,Urea,0.3,12.7
2788,2,potato,3,Urea,0.5,17.9
2790,2,potato,1,Urea,0.001,8.5
2790,2,potato,1,P,0.001,20.62
2790,2,potato,1,K,0.001,26.49
2790,2,potato,2,Urea,0.3,12.7
2790,2,potato,3,Urea,0.5,17.9
2791,2,potato,1,Urea,0.001,8.5
2791,2,potato,1,P,0.001,20.62
2791,2,potato,1,K,0.001,26.49
2791,2,potato,2,Urea,0.3,12.7
2791,2,potato,3,Urea,0.5,17.9
2792,2,potato,1,Urea,0.001,8.5
2792,2,potato,1,P,0.001,20.62
2792,2,potato,1,K,0.001,26.49
2792,2,potato,2,Urea,0.3,12.7
2792,2,potato,3,Urea,0.5,17.9
2793,2,potato,1,Urea,0.001,8.5
2793,2,potato,1,P,0.001,20.62
2793,2,potato,1,K,0.001,26.49
2793,2,potato,2,Urea,0.3,12.7
2793,2,potato,3,Urea,0.5,17.9
2794,2,potato,1,Urea,0.001,8.5
2794,2,potato,1,P,0.001,20.62
2794,2,potato,1,K,0.001,26.49
2794,2,potato,2,Urea,0.3,12.7
2794,2,potato,3,Urea,0.5,17.9
2795,2,potato,1,Urea,0.001,8.5
2795,2,potato,1,P,0.001,20.62
2795,2,potato,1,K,0.001,26.49
2795,2,potato,2,Urea,0.3,12.7
2795,2,potato,3,Urea,0.5,17.9
2798,2,potato,1,Urea,0.001,8.5
2798,2,potato,1,P,0.001,20.62
2798,2,potato,1,K,0.001,26.49
2798,2,potato,2,Urea,0.3,12.7
2798,2,potato,3,Urea,0.5,17.9
2799,2,potato,1,Urea,0.001,8.5
2799,2,potato,1,P,0.001,20.62
2799,2,potato,1,K,0.001,26.49
2799,2,potato,2,Urea,0.3,12.7
2799,2,potato,3,Urea,0.5,17.9
2803,2,potato,1,Urea,0.001,8.5
2803,2,potato,1,P,0.001,20.62
2803,2,potato,1,K,0.001,26.49
2803,2,potato,2,Urea,0.3,12.7
2803,2,potato,3,Urea,0.5,17.9
2804,2,potato,1,Urea,0.001,8.5
2804,2,potato,1,P,0.001,20.62
2804,2,potato,1,K,0.001,26.49
2804,2,potato,2,Urea,0.3,12.7
2804,2,potato,3,Urea,0.5,17.9
2805,2,potato,1,Urea,0.001,8.5
2805,2,potato,1,P,0.001,20.62
2805,2,potato,1,K,0.001,26.49
2805,2,potato,2,Urea,0.3,12.7
2805,2,potato,3,Urea,0.5,17.9
2806,2,potato,1,Urea,0.001,8.5
2806,2,potato,1,P,0.001,20.62
2806,2,potato,1,K,0.001,26.49
2806,2,potato,2,Urea,0.3,12.7
2806,2,potato,3,Urea,0.5,17.9
2807,2,potato,1,Urea,0.001,8.5
2807,2,potato,1,P,0.001,20.62
2807,2,potato,1,K,0.001,26.49
2807,2,potato,2,Urea,0.3,12.7
2807,2,potato,3,Urea,0.5,17.9
2808,2,potato,1,Urea,0.001,8.5
2808,2,potato,1,P,0.001,20.62
2808,2,potato,1,K,0.001,26.49
2808,2,potato,2,Urea,0.3,12.7
2808,2,potato,3,Urea,0.5,17.9
2809,2,potato,1,Urea,0.001,8.5
2809,2,potato,1,P,0.001,20.62
2809,2,potato,1,K,0.001,26.49
2809,2,potato,2,Urea,0.3,12.7
2809,2,potato,3,Urea,0.5,17.9
2810,2,potato,1,Urea,0.001,8.5
2810,2,potato,1,P,0.001,20.62
2810,2,potato,1,K,0.001,26.49
2810,2,potato,2,Urea,0.3,12.7
2810,2,potato,3,Urea,0.5,17.9
2811,2,potato,1,Urea,0.001,8.5
2811,2,potato,1,P,0.001,20.62
2811,2,potato,1,K,0.001,26.49
2811,2,potato,2,Urea,0.3,12.7
2811,2,potato,3,Urea,0.5,17.9
2812,2,potato,1,Urea,0.001,8.5
2812,2,potato,1,P,0.001,20.62
2812,2,potato,1,K,0.001,26.49
2812,2,potato,2,Urea,0.3,12.7
2812,2,potato,3,Urea,0.5,17.9
2813,2,potato,1,Urea,0.001,8.5
2813,2,potato,1,P,0.001,20.62
2813,2,potato,1,K,0.001,26.49
2813,2,potato,2,Urea,0.3,12.7
2813,2,potato,3,Urea,0.5,17.9
2814,2,potato,1,Urea,0.001,8.5
2814,2,potato,1,P,0.001,20.62
2814,2,potato,1,K,0.001,26.49
2814,2,potato,2,Urea,0.3,12.7
2814,2,potato,3,Urea,0.5,17.9
2815,2,potato,1,Urea,0.001,8.5
2815,2,potato,1,P,0.001,20.62
2815,2,potato,1,K,0.001,26.49
2815,2,potato,2,Urea,0.3,12.7
2815,2,potato,3,Urea,0.5,17.9
2816,2,potato,1,Urea,0.001,8.5
2816,2,potato,1,P,0.001,20.62
2816,2,potato,1,K,0.001,26.49
2816,2,potato,2,Urea,0.3,12.7
2816,2,potato,3,Urea,0.5,17.9
2817,2,potato,1,Urea,0.001,8.5
2817,2,potato,1,P,0.001,20.62
2817,2,potato,1,K,0.001,26.49
2817,2,potato,2,Urea,0.3,12.7
2817,2,potato,3,Urea,0.5,17.9
2818,2,potato,1,Urea,0.001,8.5
2818,2,potato,1,P,0.001,20.62
2818,2,potato,1,K,0.001,26.49
2818,2,potato,2,Urea,0.3,12.7
2818,2,potato,3,Urea,0.5,17.9
2822,2,potato,1,Urea,0.001,8.5
2822,2,potato,1,P,0.001,20.62
2822,2,potato,1,K,0.001,26.49
2822,2,potato,2,Urea,0.3,12.7
2822,2,potato,3,Urea,0.5,17.9
2823,2,potato,1,Urea,0.001,8.5
2823,2,potato,1,P,0.001,20.62
2823,2,potato,1,K,0.001,26.49
2823,2,potato,2,Urea,0.3,12.7
2823,2,potato,3,Urea,0.5,17.9
2825,2,potato,1,Urea,0.001,8.5
2825,2,potato,1,P,0.001,20.62
2825,2,potato,1,K,0.001,26.49
2825,2,potato,2,Urea,0.3,12.7
2825,2,potato,3,Urea,0.5,17.9
2826,2,potato,1,Urea,0.001,8.5
2826,2,potato,1,P,0.001,20.62
2826,2,potato,1,K,0.001,26.49
2826,2,potato,2,Urea,0.3,12.7
2826,2,potato,3,Urea,0.5,17.9
2827,2,potato,1,Urea,0.001,8.5
2827,2,potato,1,P,0.001,20.62
2827,2,potato,1,K,0.001,26.49
2827,2,potato,2,Urea,0.3,12.7
2827,2,potato,3,Urea,0.5,17.9
2828,2,potato,1,Urea,0.001,8.5
2828,2,potato,1,P,0.001,20.62
2828,2,potato,1,K,0.001,26.49
2828,2,potato,2,Urea,0.3,12.7
2828,2,potato,3,Urea,0.5,17.9
2829,2,potato,1,Urea,0.001,8.5
2829,2,potato,1,P,0.001,20.62
2829,2,potato,1,K,0.001,26.49
2829,2,potato,2,Urea,0.3,12.7
2829,2,potato,3,Urea,0.5,17.9
2830,2,potato,1,Urea,0.001,8.5
2830,2,potato,1,P,0.001,20.62
2830,2,potato,1,K,0.001,26.49
2830,2,potato,2,Urea,0.3,12.7
2830,2,potato,3,Urea,0.5,17.9
2833,2,potato,1,Urea,0.001,8.5
2833,2,potato,1,P,0.001,20.62
2833,2,potato,1,K,0.001,26.49
2833,2,potato,2,Urea,0.3,12.7
2833,2,potato,3,Urea,0.5,17.9
2839,2,potato,1,Urea,0.001,8.5
2839,2,potato,1,P,0.001,20.62
2839,2,potato,1,K,0.001,26.49
2839,2,potato,2,Urea,0.3,12.7
2839,2,potato,3,Urea,0.5,17.9
2840,2,potato,1,Urea,0.001,8.5
2840,2,potato,1,P,0.001,20.62
2840,2,potato,1,K,0.001,26.49
2840,2,potato,2,Urea,0.3,12.7
2840,2,potato,3,Urea,0.5,17.9
2841,2,potato,1,Urea,0.001,8.5
2841,2,potato,1,P,0.001,20.62
2841,2,potato,1,K,0.001,26.49
2841,2,potato,2,Urea,0.3,12.7
2841,2,potato,3,Urea,0.5,17.9
2844,2,potato,1,Urea,0.001,8.5
2844,2,potato,1,P,0.001,20.62
2844,2,potato,1,K,0.001,26.49
2844,2,potato,2,Urea,0.3,12.7
2844,2,potato,3,Urea,0.5,17.9
2845,2,potato,1,Urea,0.001,8.5
2845,2,potato,1,P,0.001,20.62
2845,2,potato,1,K,0.001,26.49
2845,2,potato,2,Urea,0.3,12.7
2845,2,potato,3,Urea,0.5,17.9
2847,2,potato,1,Urea,0.001,8.5
2847,2,potato,1,P,0.001,20.62
2847,2,potato,1,K,0.001,26.49
2847,2,potato,2,Urea,0.3,12.7
2847,2,potato,3,Urea,0.5,17.9
2848,2,potato,1,Urea,0.001,8.5
2848,2,potato,1,P,0.001,20.62
2848,2,potato,1,K,0.001,26.49
2848,2,potato,2,Urea,0.3,12.7
2848,2,potato,3,Urea,0.5,17.9
2849,2,potato,1,Urea,0.001,8.5
2849,2,potato,1,P,0.001,20.62
2849,2,potato,1,K,0.001,26.49
2849,2,potato,2,Urea,0.3,12.7
2849,2,potato,3,Urea,0.5,17.9
2850,2,potato,1,Urea,0.001,8.5
2850,2,potato,1,P,0.001,20.62
2850,2,potato,1,K,0.001,26.49
2850,2,potato,2,Urea,0.3,12.7
2850,2,potato,3,Urea,0.5,17.9
2851,2,potato,1,Urea,0.001,8.5
2851,2,potato,1,P,0.001,20.62
2851,2,potato,1,K,0.001,26.49
2851,2,potato,2,Urea,0.3,12.7
2851,2,potato,3,Urea,0.5,17.9
2855,2,potato,1,Urea,0.001,8.5
2855,2,potato,1,P,0.001,20.62
2855,2,potato,1,K,0.001,26.49
2855,2,potato,2,Urea,0.3,12.7
2855,2,potato,3,Urea,0.5,17.9
2857,2,potato,1,Urea,0.001,8.5
2857,2,potato,1,P,0.001,20.62
2857,2,potato,1,K,0.001,26.49
2857,2,potato,2,Urea,0.3,12.7
2857,2,potato,3,Urea,0.5,17.9
2860,2,potato,1,Urea,0.001,8.5
2860,2,potato,1,P,0.001,20.62
2860,2,potato,1,K,0.001,26.49
2860,2,potato,2,Urea,0.3,12.7
2860,2,potato,3,Urea,0.5,17.9
2869,2,potato,1,Urea,0.001,8.5
2869,2,potato,1,P,0.001,20.62
2869,2,potato,1,K,0.001,26.49
2869,2,potato,2,Urea,0.3,12.7
2869,2,potato,3,Urea,0.5,17.9
2873,2,potato,1,Urea,0.001,8.5
2873,2,potato,1,P,0.001,20.62
2873,2,potato,1,K,0.001,26.49
2873,2,potato,2,Urea,0.3,12.7
2873,2,potato,3,Urea,0.5,17.9
2874,2,potato,1,Urea,0.001,8.5
2874,2,potato,1,P,0.001,20.62
2874,2,potato,1,K,0.001,26.49
2874,2,potato,2,Urea,0.3,12.7
2874,2,potato,3,Urea,0.5,17.9
2875,2,potato,1,Urea,0.001,8.5
2875,2,potato,1,P,0.001,20.62
2875,2,potato,1,K,0.001,26.49
2875,2,potato,2,Urea,0.3,12.7
2875,2,potato,3,Urea,0.5,17.9
2880,2,potato,1,Urea,0.001,8.5
2880,2,potato,1,P,0.001,20.62
2880,2,potato,1,K,0.001,26.49
2880,2,potato,2,Urea,0.3,12.7
2880,2,potato,3,Urea,0.5,17.9
2881,2,potato,1,Urea,0.001,8.5
2881,2,potato,1,P,0.001,20.62
2881,2,potato,1,K,0.001,26.49
2881,2,potato,2,Urea,0.3,12.7
2881,2,potato,3,Urea,0.5,17.9
2883,2,potato,1,Urea,0.001,8.5
2883,2,potato,1,P,0.001,20.62
2883,2,potato,1,K,0.001,26.49
2883,2,potato,2,Urea,0.3,12.7
2883,2,potato,3,Urea,0.5,17.9
2884,2,potato,1,Urea,0.001,8.5
2884,2,potato,1,P,0.001,20.62
2884,2,potato,1,K,0.001,26.49
2884,2,potato,2,Urea,0.3,12.7
2884,2,potato,3,Urea,0.5,17.9
2885,2,potato,1,Urea,0.001,8.5
2885,2,potato,1,P,0.001,20.62
2885,2,potato,1,K,0.001,26.49
2885,2,potato,2,Urea,0.3,12.7
2885,2,potato,3,Urea,0.5,17.9
2886,2,potato,1,Urea,0.001,8.5
2886,2,potato,1,P,0.001,20.62
2886,2,potato,1,K,0.001,26.49
2886,2,potato,2,Urea,0.3,12.7
2886,2,potato,3,Urea,0.5,17.9
2887,2,potato,1,Urea,0.001,8.5
2887,2,potato,1,P,0.001,20.62
2887,2,potato,1,K,0.001,26.49
2887,2,potato,2,Urea,0.3,12.7
2887,2,potato,3,Urea,0.5,17.9
2888,2,potato,1,Urea,0.001,8.5
2888,2,potato,1,P,0.001,20.62
2888,2,potato,1,K,0.001,26.49
2888,2,potato,2,Urea,0.3,12.7
2888,2,potato,3,Urea,0.5,17.9
2889,2,potato,1,Urea,0.001,8.5
2889,2,potato,1,P,0.001,20.62
2889,2,potato,1,K,0.001,26.49
2889,2,potato,2,Urea,0.3,12.7
2889,2,potato,3,Urea,0.5,17.9
2890,2,potato,1,Urea,0.001,8.5
2890,2,potato,1,P,0.001,20.62
2890,2,potato,1,K,0.001,26.49
2890,2,potato,2,Urea,0.3,12.7
2890,2,potato,3,Urea,0.5,17.9
2891,2,potato,1,Urea,0.001,8.5
2891,2,potato,1,P,0.001,20.62
2891,2,potato,1,K,0.001,26.49
2891,2,potato,2,Urea,0.3,12.7
2891,2,potato,3,Urea,0.5,17.9
2892,2,potato,1,Urea,0.001,8.5
2892,2,potato,1,P,0.001,20.62
2892,2,potato,1,K,0.001,26.49
2892,2,potato,2,Urea,0.3,12.7
2892,2,potato,3,Urea,0.5,17.9
2893,2,potato,1,Urea,0.001,8.5
2893,2,potato,1,P,0.001,20.62
2893,2,potato,1,K,0.001,26.49
2893,2,potato,2,Urea,0.3,12.7
2893,2,potato,3,Urea,0.5,17.9
2894,2,potato,1,Urea,0.001,8.5
2894,2,potato,1,P,0.001,20.62
2894,2,potato,1,K,0.001,26.49
2894,2,potato,2,Urea,0.3,12.7
2894,2,potato,3,Urea,0.5,17.9
2895,2,potato,1,Urea,0.001,8.5
2895,2,potato,1,P,0.001,20.62
2895,2,potato,1,K,0.001,26.49
2895,2,potato,2,Urea,0.3,12.7
2895,2,potato,3,Urea,0.5,17.9
2897,2,potato,1,Urea,0.001,8.5
2897,2,potato,1,P,0.001,20.62
2897,2,potato,1,K,0.001,26.49
2897,2,potato,2,Urea,0.3,12.7
2897,2,potato,3,Urea,0.5,17.9
2898,2,potato,1,Urea,0.001,8.5
2898,2,potato,1,P,0.001,20.62
2898,2,potato,1,K,0.001,26.49
2898,2,potato,2,Urea,0.3,12.7
2898,2,potato,3,Urea,0.5,17.9
2899,2,potato,1,Urea,0.001,8.5
2899,2,potato,1,P,0.001,20.62
2899,2,potato,1,K,0.001,26.49
2899,2,potato,2,Urea,0.3,12.7
2899,2,potato,3,Urea,0.5,17.9
2900,2,potato,1,Urea,0.001,8.5
2900,2,potato,1,P,0.001,20.62
2900,2,potato,1,K,0.001,26.49
2900,2,potato,2,Urea,0.3,12.7
2900,2,potato,3,Urea,0.5,17.9
2901,2,potato,1,Urea,0.001,8.5
2901,2,potato,1,P,0.001,20.62
2901,2,potato,1,K,0.001,26.49
2901,2,potato,2,Urea,0.3,12.7
2901,2,potato,3,Urea,0.5,17.9
2902,2,potato,1,Urea,0.001,8.5
2902,2,potato,1,P,0.001,20.62
2902,2,potato,1,K,0.001,26.49
2902,2,potato,2,Urea,0.3,12.7
2902,2,potato,3,Urea,0.5,17.9
2904,2,potato,1,Urea,0.001,8.5
2904,2,potato,1,P,0.001,20.62
2904,2,potato,1,K,0.001,26.49
2904,2,potato,2,Urea,0.3,12.7
2904,2,potato,3,Urea,0.5,17.9
2905,2,potato,1,Urea,0.001,8.5
2905,2,potato,1,P,0.001,20.62
2905,2,potato,1,K,0.001,26.49
2905,2,potato,2,Urea,0.3,12.7
2905,2,potato,3,Urea,0.5,17.9
2906,2,potato,1,Urea,0.001,8.5
2906,2,potato,1,P,0.001,20.62
2906,2,potato,1,K,0.001,26.49
2906,2,potato,2,Urea,0.3,12.7
2906,2,potato,3,Urea,0.5,17.9
2907,2,potato,1,Urea,0.001,8.5
2907,2,potato,1,P,0.001,20.62
2907,2,potato,1,K,0.001,26.49
2907,2,potato,2,Urea,0.3,12.7
2907,2,potato,3,Urea,0.5,17.9
2908,2,potato,1,Urea,0.001,8.5
2908,2,potato,1,P,0.001,20.62
2908,2,potato,1,K,0.001,26.49
2908,2,potato,2,Urea,0.3,12.7
2908,2,potato,3,Urea,0.5,17.9
2909,2,potato,1,Urea,0.001,8.5
2909,2,potato,1,P,0.001,20.62
2909,2,potato,1,K,0.001,26.49
2909,2,potato,2,Urea,0.3,12.7
2909,2,potato,3,Urea,0.5,17.9
2910,2,potato,1,Urea,0.001,8.5
2910,2,potato,1,P,0.001,20.62
2910,2,potato,1,K,0.001,26.49
2910,2,potato,2,Urea,0.3,12.7
2910,2,potato,3,Urea,0.5,17.9
2912,2,potato,1,Urea,0.001,8.5
2912,2,potato,1,P,0.001,20.62
2912,2,potato,1,K,0.001,26.49
2912,2,potato,2,Urea,0.3,12.7
2912,2,potato,3,Urea,0.5,17.9
2914,2,potato,1,Urea,0.001,8.5
2914,2,potato,1,P,0.001,20.62
2914,2,potato,1,K,0.001,26.49
2914,2,potato,2,Urea,0.3,12.7
2914,2,potato,3,Urea,0.5,17.9
2915,2,potato,1,Urea,0.001,8.5
2915,2,potato,1,P,0.001,20.62
2915,2,potato,1,K,0.001,26.49
2915,2,potato,2,Urea,0.3,12.7
2915,2,potato,3,Urea,0.5,17.9
2919,2,potato,1,Urea,0.001,8.5
2919,2,potato,1,P,0.001,20.62
2919,2,potato,1,K,0.001,26.49
2919,2,potato,2,Urea,0.3,12.7
2919,2,potato,3,Urea,0.5,17.9
2920,2,potato,1,Urea,0.001,8.5
2920,2,potato,1,P,0.001,20.62
2920,2,potato,1,K,0.001,26.49
2920,2,potato,2,Urea,0.3,12.7
2920,2,potato,3,Urea,0.5,17.9
2921,2,potato,1,Urea,0.001,8.5
2921,2,potato,1,P,0.001,20.62
2921,2,potato,1,K,0.001,26.49
2921,2,potato,2,Urea,0.3,12.7
2921,2,potato,3,Urea,0.5,17.9
2922,2,potato,1,Urea,0.001,8.5
2922,2,potato,1,P,0.001,20.62
2922,2,potato,1,K,0.001,26.49
2922,2,potato,2,Urea,0.3,12.7
2922,2,potato,3,Urea,0.5,17.9
2929,2,potato,1,Urea,0.001,8.5
2929,2,potato,1,P,0.001,20.62
2929,2,potato,1,K,0.001,26.49
2929,2,potato,2,Urea,0.3,12.7
2929,2,potato,3,Urea,0.5,17.9
2931,2,potato,1,Urea,0.001,8.5
2931,2,potato,1,P,0.001,20.62
2931,2,potato,1,K,0.001,26.49
2931,2,potato,2,Urea,0.3,12.7
2931,2,potato,3,Urea,0.5,17.9
2932,2,potato,1,Urea,0.001,8.5
2932,2,potato,1,P,0.001,20.62
2932,2,potato,1,K,0.001,26.49
2932,2,potato,2,Urea,0.3,12.7
2932,2,potato,3,Urea,0.5,17.9
2936,2,potato,1,Urea,0.001,8.5
2936,2,potato,1,P,0.001,20.62
2936,2,potato,1,K,0.001,26.49
2936,2,potato,2,Urea,0.3,12.7
2936,2,potato,3,Urea,0.5,17.9
2939,2,potato,1,Urea,0.001,8.5
2939,2,potato,1,P,0.001,20.62
2939,2,potato,1,K,0.001,26.49
2939,2,potato,2,Urea,0.3,12.7
2939,2,potato,3,Urea,0.5,17.9
2942,2,potato,1,Urea,0.001,8.5
2942,2,potato,1,P,0.001,20.62
2942,2,potato,1,K,0.001,26.49
2942,2,potato,2,Urea,0.3,12.7
2942,2,potato,3,Urea,0.5,17.9
2945,2,potato,1,Urea,0.001,8.5
2945,2,potato,1,P,0.001,20.62
2945,2,potato,1,K,0.001,26.49
2945,2,potato,2,Urea,0.3,12.7
2945,2,potato,3,Urea,0.5,17.9
2946,2,potato,1,Urea,0.001,8.5
2946,2,potato,1,P,0.001,20.62
2946,2,potato,1,K,0.001,26.49
2946,2,potato,2,Urea,0.3,12.7
2946,2,potato,3,Urea,0.5,17.9
2947,2,potato,1,Urea,0.001,8.5
2947,2,potato,1,P,0.001,20.62
2947,2,potato,1,K,0.001,26.49
2947,2,potato,2,Urea,0.3,12.7
2947,2,potato,3,Urea,0.5,17.9
2948,2,potato,1,Urea,0.001,8.5
2948,2,potato,1,P,0.001,20.62
2948,2,potato,1,K,0.001,26.49
2948,2,potato,2,Urea,0.3,12.7
2948,2,potato,3,Urea,0.5,17.9
2950,2,potato,1,Urea,0.001,8.5
2950,2,potato,1,P,0.001,20.62
2950,2,potato,1,K,0.001,26.49
2950,2,potato,2,Urea,0.3,12.7
2950,2,potato,3,Urea,0.5,17.9
2956,2,potato,1,Urea,0.001,8.5
2956,2,potato,1,P,0.001,20.62
2956,2,potato,1,K,0.001,26.49
2956,2,potato,2,Urea,0.3,12.7
2956,2,potato,3,Urea,0.5,17.9
2957,2,potato,1,Urea,0.001,8.5
2957,2,potato,1,P,0.001,20.62
2957,2,potato,1,K,0.001,26.49
2957,2,potato,2,Urea,0.3,12.7
2957,2,potato,3,Urea,0.5,17.9
2958,2,potato,1,Urea,0.001,8.5
2958,2,potato,1,P,0.001,20.62
2958,2,potato,1,K,0.001,26.49
2958,2,potato,2,Urea,0.3,12.7
2958,2,potato,3,Urea,0.5,17.9
2959,2,potato,1,Urea,0.001,8.5
2959,2,potato,1,P,0.001,20.62
2959,2,potato,1,K,0.001,26.49
2959,2,potato,2,Urea,0.3,12.7
2959,2,potato,3,Urea,0.5,17.9
2960,2,potato,1,Urea,0.001,8.5
2960,2,potato,1,P,0.001,20.62
2960,2,potato,1,K,0.001,26.49
2960,2,potato,2,Urea,0.3,12.7
2960,2,potato,3,Urea,0.5,17.9
2961,2,potato,1,Urea,0.001,8.5
2961,2,potato,1,P,0.001,20.62
2961,2,potato,1,K,0.001,26.49
2961,2,potato,2,Urea,0.3,12.7
2961,2,potato,3,Urea,0.5,17.9
2962,2,potato,1,Urea,0.001,8.5
2962,2,potato,1,P,0.001,20.62
2962,2,potato,1,K,0.001,26.49
2962,2,potato,2,Urea,0.3,12.7
2962,2,potato,3,Urea,0.5,17.9
2963,2,potato,1,Urea,0.001,8.5
2963,2,potato,1,P,0.001,20.62
2963,2,potato,1,K,0.001,26.49
2963,2,potato,2,Urea,0.3,12.7
2963,2,potato,3,Urea,0.5,17.9
2965,2,potato,1,Urea,0.001,8.5
2965,2,potato,1,P,0.001,20.62
2965,2,potato,1,K,0.001,26.49
2965,2,potato,2,Urea,0.3,12.7
2965,2,potato,3,Urea,0.5,17.9
2966,2,potato,1,Urea,0.001,8.5
2966,2,potato,1,P,0.001,20.62
2966,2,potato,1,K,0.001,26.49
2966,2,potato,2,Urea,0.3,12.7
2966,2,potato,3,Urea,0.5,17.9
2967,2,potato,1,Urea,0.001,8.5
2967,2,potato,1,P,0.001,20.62
2967,2,potato,1,K,0.001,26.49
2967,2,potato,2,Urea,0.3,12.7
2967,2,potato,3,Urea,0.5,17.9
2969,2,potato,1,Urea,0.001,8.5
2969,2,potato,1,P,0.001,20.62
2969,2,potato,1,K,0.001,26.49
2969,2,potato,2,Urea,0.3,12.7
2969,2,potato,3,Urea,0.5,17.9
2971,2,potato,1,Urea,0.001,8.5
2971,2,potato,1,P,0.001,20.62
2971,2,potato,1,K,0.001,26.49
2971,2,potato,2,Urea,0.3,12.7
2971,2,potato,3,Urea,0.5,17.9
2972,2,potato,1,Urea,0.001,8.5
2972,2,potato,1,P,0.001,20.62
2972,2,potato,1,K,0.001,26.49
2972,2,potato,2,Urea,0.3,12.7
2972,2,potato,3,Urea,0.5,17.9
2973,2,potato,1,Urea,0.001,8.5
2973,2,potato,1,P,0.001,20.62
2973,2,potato,1,K,0.001,26.49
2973,2,potato,2,Urea,0.3,12.7
2973,2,potato,3,Urea,0.5,17.9
2974,2,potato,1,Urea,0.001,8.5
2974,2,potato,1,P,0.001,20.62
2974,2,potato,1,K,0.001,26.49
2974,2,potato,2,Urea,0.3,12.7
2974,2,potato,3,Urea,0.5,17.9
2976,2,potato,1,Urea,0.001,8.5
2976,2,potato,1,P,0.001,20.62
2976,2,potato,1,K,0.001,26.49
2976,2,potato,2,Urea,0.3,12.7
2976,2,potato,3,Urea,0.5,17.9
2977,2,potato,1,Urea,0.001,8.5
2977,2,potato,1,P,0.001,20.62
2977,2,potato,1,K,0.001,26.49
2977,2,potato,2,Urea,0.3,12.7
2977,2,potato,3,Urea,0.5,17.9
2978,2,potato,1,Urea,0.001,8.5
2978,2,potato,1,P,0.001,20.62
2978,2,potato,1,K,0.001,26.49
2978,2,potato,2,Urea,0.3,12.7
2978,2,potato,3,Urea,0.5,17.9
2979,2,potato,1,Urea,0.001,8.5
2979,2,potato,1,P,0.001,20.62
2979,2,potato,1,K,0.001,26.49
2979,2,potato,2,Urea,0.3,12.7
2979,2,potato,3,Urea,0.5,17.9
2980,2,potato,1,Urea,0.001,8.5
2980,2,potato,1,P,0.001,20.62
2980,2,potato,1,K,0.001,26.49
2980,2,potato,2,Urea,0.3,12.7
2980,2,potato,3,Urea,0.5,17.9
2981,2,potato,1,Urea,0.001,8.5
2981,2,potato,1,P,0.001,20.62
2981,2,potato,1,K,0.001,26.49
2981,2,potato,2,Urea,0.3,12.7
2981,2,potato,3,Urea,0.5,17.9
2982,2,potato,1,Urea,0.001,8.5
2982,2,potato,1,P,0.001,20.62
2982,2,potato,1,K,0.001,26.49
2982,2,potato,2,Urea,0.3,12.7
2982,2,potato,3,Urea,0.5,17.9
2986,2,potato,1,Urea,0.001,8.5
2986,2,potato,1,P,0.001,20.62
2986,2,potato,1,K,0.001,26.49
2986,2,potato,2,Urea,0.3,12.7
2986,2,potato,3,Urea,0.5,17.9
2987,2,potato,1,Urea,0.001,8.5
2987,2,potato,1,P,0.001,20.62
2987,2,potato,1,K,0.001,26.49
2987,2,potato,2,Urea,0.3,12.7
2987,2,potato,3,Urea,0.5,17.9
2988,2,potato,1,Urea,0.001,8.5
2988,2,potato,1,P,0.001,20.62
2988,2,potato,1,K,0.001,26.49
2988,2,potato,2,Urea,0.3,12.7
2988,2,potato,3,Urea,0.5,17.9
2992,2,potato,1,Urea,0.001,8.5
2992,2,potato,1,P,0.001,20.62
2992,2,potato,1,K,0.001,26.49
2992,2,potato,2,Urea,0.3,12.7
2992,2,potato,3,Urea,0.5,17.9
2994,2,potato,1,Urea,0.001,8.5
2994,2,potato,1,P,0.001,20.62
2994,2,potato,1,K,0.001,26.49
2994,2,potato,2,Urea,0.3,12.7
2994,2,potato,3,Urea,0.5,17.9
2996,2,potato,1,Urea,0.001,8.5
2996,2,potato,1,P,0.001,20.62
2996,2,potato,1,K,0.001,26.49
2996,2,potato,2,Urea,0.3,12.7
2996,2,potato,3,Urea,0.5,17.9
2998,2,potato,1,Urea,0.001,8.5
2998,2,potato,1,P,0.001,20.62
2998,2,potato,1,K,0.001,26.49
2998,2,potato,2,Urea,0.3,12.7
2998,2,potato,3,Urea,0.5,17.9
2999,2,potato,1,Urea,0.001,8.5
2999,2,potato,1,P,0.001,20.62
2999,2,potato,1,K,0.001,26.49
2999,2,potato,2,Urea,0.3,12.7
2999,2,potato,3,Urea,0.5,17.9
3000,2,potato,1,Urea,0.001,8.5
3000,2,potato,1,P,0.001,20.62
3000,2,potato,1,K,0.001,26.49
3000,2,potato,2,Urea,0.3,12.7
3000,2,potato,3,Urea,0.5,17.9
3005,2,potato,1,Urea,0.001,8.5
3005,2,potato,1,P,0.001,20.62
3005,2,potato,1,K,0.001,26.49
3005,2,potato,2,Urea,0.3,12.7
3005,2,potato,3,Urea,0.5,17.9
3007,2,potato,1,Urea,0.001,8.5
3007,2,potato,1,P,0.001,20.62
3007,2,potato,1,K,0.001,26.49
3007,2,potato,2,Urea,0.3,12.7
3007,2,potato,3,Urea,0.5,17.9
3008,2,potato,1,Urea,0.001,8.5
3008,2,potato,1,P,0.001,20.62
3008,2,potato,1,K,0.001,26.49
3008,2,potato,2,Urea,0.3,12.7
3008,2,potato,3,Urea,0.5,17.9
3013,2,potato,1,Urea,0.001,8.5
3013,2,potato,1,P,0.001,20.62
3013,2,potato,1,K,0.001,26.49
3013,2,potato,2,Urea,0.3,12.7
3013,2,potato,3,Urea,0.5,17.9
3014,2,potato,1,Urea,0.001,8.5
3014,2,potato,1,P,0.001,20.62
3014,2,potato,1,K,0.001,26.49
3014,2,potato,2,Urea,0.3,12.7
3014,2,potato,3,Urea,0.5,17.9
3016,2,potato,1,Urea,0.001,8.5
3016,2,potato,1,P,0.001,20.62
3016,2,potato,1,K,0.001,26.49
3016,2,potato,2,Urea,0.3,12.7
3016,2,potato,3,Urea,0.5,17.9
3018,2,potato,1,Urea,0.001,8.5
3018,2,potato,1,P,0.001,20.62
3018,2,potato,1,K,0.001,26.49
3018,2,potato,2,Urea,0.3,12.7
3018,2,potato,3,Urea,0.5,17.9
3019,2,potato,1,Urea,0.001,8.5
3019,2,potato,1,P,0.001,20.62
3019,2,potato,1,K,0.001,26.49
3019,2,potato,2,Urea,0.3,12.7
3019,2,potato,3,Urea,0.5,17.9
3022,2,potato,1,Urea,0.001,8.5
3022,2,potato,1,P,0.001,20.62
3022,2,potato,1,K,0.001,26.49
3022,2,potato,2,Urea,0.3,12.7
3022,2,potato,3,Urea,0.5,17.9
3023,2,potato,1,Urea,0.001,8.5
3023,2,potato,1,P,0.001,20.62
3023,2,potato,1,K,0.001,26.49
3023,2,potato,2,Urea,0.3,12.7
3023,2,potato,3,Urea,0.5,17.9
3029,2,potato,1,Urea,0.001,8.5
3029,2,potato,1,P,0.001,20.62
3029,2,potato,1,K,0.001,26.49
3029,2,potato,2,Urea,0.3,12.7
3029,2,potato,3,Urea,0.5,17.9
3030,2,potato,1,Urea,0.001,8.5
3030,2,potato,1,P,0.001,20.62
3030,2,potato,1,K,0.001,26.49
3030,2,potato,2,Urea,0.3,12.7
3030,2,potato,3,Urea,0.5,17.9
3033,2,potato,1,Urea,0.001,8.5
3033,2,potato,1,P,0.001,20.62
3033,2,potato,1,K,0.001,26.49
3033,2,potato,2,Urea,0.3,12.7
3033,2,potato,3,Urea,0.5,17.9
3034,2,potato,1,Urea,0.001,8.5
3034,2,potato,1,P,0.001,20.62
3034,2,potato,1,K,0.001,26.49
3034,2,potato,2,Urea,0.3,12.7
3034,2,potato,3,Urea,0.5,17.9
3035,2,potato,1,Urea,0.001,8.5
3035,2,potato,1,P,0.001,20.62
3035,2,potato,1,K,0.001,26.49
3035,2,potato,2,Urea,0.3,12.7
3035,2,potato,3,Urea,0.5,17.9
3036,2,potato,1,Urea,0.001,8.5
3036,2,potato,1,P,0.001,20.62
3036,2,potato,1,K,0.001,26.49
3036,2,potato,2,Urea,0.3,12.7
3036,2,potato,3,Urea,0.5,17.9
3037,2,potato,1,Urea,0.001,8.5
3037,2,potato,1,P,0.001,20.62
3037,2,potato,1,K,0.001,26.49
3037,2,potato,2,Urea,0.3,12.7
3037,2,potato,3,Urea,0.5,17.9
3038,2,potato,1,Urea,0.001,8.5
3038,2,potato,1,P,0.001,20.62
3038,2,potato,1,K,0.001,26.49
3038,2,potato,2,Urea,0.3,12.7
3038,2,potato,3,Urea,0.5,17.9
3039,2,potato,1,Urea,0.001,8.5
3039,2,potato,1,P,0.001,20.62
3039,2,potato,1,K,0.001,26.49
3039,2,potato,2,Urea,0.3,12.7
3039,2,potato,3,Urea,0.5,17.9
3040,2,potato,1,Urea,0.001,8.5
3040,2,potato,1,P,0.001,20.62
3040,2,potato,1,K,0.001,26.49
3040,2,potato,2,Urea,0.3,12.7
3040,2,potato,3,Urea,0.5,17.9
3043,2,potato,1,Urea,0.001,8.5
3043,2,potato,1,P,0.001,20.62
3043,2,potato,1,K,0.001,26.49
3043,2,potato,2,Urea,0.3,12.7
3043,2,potato,3,Urea,0.5,17.9
3045,2,potato,1,Urea,0.001,8.5
3045,2,potato,1,P,0.001,20.62
3045,2,potato,1,K,0.001,26.49
3045,2,potato,2,Urea,0.3,12.7
3045,2,potato,3,Urea,0.5,17.9
3047,2,potato,1,Urea,0.001,8.5
3047,2,potato,1,P,0.001,20.62
3047,2,potato,1,K,0.001,26.49
3047,2,potato,2,Urea,0.3,12.7
3047,2,potato,3,Urea,0.5,17.9
3048,2,potato,1,Urea,0.001,8.5
3048,2,potato,1,P,0.001,20.62
3048,2,potato,1,K,0.001,26.49
3048,2,potato,2,Urea,0.3,12.7
3048,2,potato,3,Urea,0.5,17.9
3050,2,potato,1,Urea,0.001,8.5
3050,2,potato,1,P,0.001,20.62
3050,2,potato,1,K,0.001,26.49
3050,2,potato,2,Urea,0.3,12.7
3050,2,potato,3,Urea,0.5,17.9
3051,2,potato,1,Urea,0.001,8.5
3051,2,potato,1,P,0.001,20.62
3051,2,potato,1,K,0.001,26.49
3051,2,potato,2,Urea,0.3,12.7
3051,2,potato,3,Urea,0.5,17.9
3052,2,potato,1,Urea,0.001,8.5
3052,2,potato,1,P,0.001,20.62
3052,2,potato,1,K,0.001,26.49
3052,2,potato,2,Urea,0.3,12.7
3052,2,potato,3,Urea,0.5,17.9
3053,2,potato,1,Urea,0.001,8.5
3053,2,potato,1,P,0.001,20.62
3053,2,potato,1,K,0.001,26.49
3053,2,potato,2,Urea,0.3,12.7
3053,2,potato,3,Urea,0.5,17.9
3055,2,potato,1,Urea,0.001,8.5
3055,2,potato,1,P,0.001,20.62
3055,2,potato,1,K,0.001,26.49
3055,2,potato,2,Urea,0.3,12.7
3055,2,potato,3,Urea,0.5,17.9
3056,2,potato,1,Urea,0.001,8.5
3056,2,potato,1,P,0.001,20.62
3056,2,potato,1,K,0.001,26.49
3056,2,potato,2,Urea,0.3,12.7
3056,2,potato,3,Urea,0.5,17.9
3058,2,potato,1,Urea,0.001,8.5
3058,2,potato,1,P,0.001,20.62
3058,2,potato,1,K,0.001,26.49
3058,2,potato,2,Urea,0.3,12.7
3058,2,potato,3,Urea,0.5,17.9
3059,2,potato,1,Urea,0.001,8.5
3059,2,potato,1,P,0.001,20.62
3059,2,potato,1,K,0.001,26.49
3059,2,potato,2,Urea,0.3,12.7
3059,2,potato,3,Urea,0.5,17.9
3060,2,potato,1,Urea,0.001,8.5
3060,2,potato,1,P,0.001,20.62
3060,2,potato,1,K,0.001,26.49
3060,2,potato,2,Urea,0.3,12.7
3060,2,potato,3,Urea,0.5,17.9
3062,2,potato,1,Urea,0.001,8.5
3062,2,potato,1,P,0.001,20.62
3062,2,potato,1,K,0.001,26.49
3062,2,potato,2,Urea,0.3,12.7
3062,2,potato,3,Urea,0.5,17.9
3066,2,potato,1,Urea,0.001,8.5
3066,2,potato,1,P,0.001,20.62
3066,2,potato,1,K,0.001,26.49
3066,2,potato,2,Urea,0.3,12.7
3066,2,potato,3,Urea,0.5,17.9
3067,2,potato,1,Urea,0.001,8.5
3067,2,potato,1,P,0.001,20.62
3067,2,potato,1,K,0.001,26.49
3067,2,potato,2,Urea,0.3,12.7
3067,2,potato,3,Urea,0.5,17.9
3068,2,potato,1,Urea,0.001,8.5
3068,2,potato,1,P,0.001,20.62
3068,2,potato,1,K,0.001,26.49
3068,2,potato,2,Urea,0.3,12.7
3068,2,potato,3,Urea,0.5,17.9
3069,2,potato,1,Urea,0.001,8.5
3069,2,potato,1,P,0.001,20.62
3069,2,potato,1,K,0.001,26.49
3069,2,potato,2,Urea,0.3,12.7
3069,2,potato,3,Urea,0.5,17.9
3070,2,potato,1,Urea,0.001,8.5
3070,2,potato,1,P,0.001,20.62
3070,2,potato,1,K,0.001,26.49
3070,2,potato,2,Urea,0.3,12.7
3070,2,potato,3,Urea,0.5,17.9
3071,2,potato,1,Urea,0.001,8.5
3071,2,potato,1,P,0.001,20.62
3071,2,potato,1,K,0.001,26.49
3071,2,potato,2,Urea,0.3,12.7
3071,2,potato,3,Urea,0.5,17.9
3074,2,potato,1,Urea,0.001,8.5
3074,2,potato,1,P,0.001,20.62
3074,2,potato,1,K,0.001,26.49
3074,2,potato,2,Urea,0.3,12.7
3074,2,potato,3,Urea,0.5,17.9
3076,2,potato,1,Urea,0.001,8.5
3076,2,potato,1,P,0.001,20.62
3076,2,potato,1,K,0.001,26.49
3076,2,potato,2,Urea,0.3,12.7
3076,2,potato,3,Urea,0.5,17.9
3090,2,potato,1,Urea,0.001,8.5
3090,2,potato,1,P,0.001,20.62
3090,2,potato,1,K,0.001,26.49
3090,2,potato,2,Urea,0.3,12.7
3090,2,potato,3,Urea,0.5,17.9
3091,2,potato,1,Urea,0.001,8.5
3091,2,potato,1,P,0.001,20.62
3091,2,potato,1,K,0.001,26.49
3091,2,potato,2,Urea,0.3,12.7
3091,2,potato,3,Urea,0.5,17.9
3092,2,potato,1,Urea,0.001,8.5
3092,2,potato,1,P,0.001,20.62
3092,2,potato,1,K,0.001,26.49
3092,2,potato,2,Urea,0.3,12.7
3092,2,potato,3,Urea,0.5,17.9
3093,2,potato,1,Urea,0.001,8.5
3093,2,potato,1,P,0.001,20.62
3093,2,potato,1,K,0.001,26.49
3093,2,potato,2,Urea,0.3,12.7
3093,2,potato,3,Urea,0.5,17.9
3094,2,potato,1,Urea,0.001,8.5
3094,2,potato,1,P,0.001,20.62
3094,2,potato,1,K,0.001,26.49
3094,2,potato,2,Urea,0.3,12.7
3094,2,potato,3,Urea,0.5,17.9
3096,2,potato,1,Urea,0.001,8.5
3096,2,potato,1,P,0.001,20.62
3096,2,potato,1,K,0.001,26.49
3096,2,potato,2,Urea,0.3,12.7
3096,2,potato,3,Urea,0.5,17.9
3097,2,potato,1,Urea,0.001,8.5
3097,2,potato,1,P,0.001,20.62
3097,2,potato,1,K,0.001,26.49
3097,2,potato,2,Urea,0.3,12.7
3097,2,potato,3,Urea,0.5,17.9
3098,2,potato,1,Urea,0.001,8.5
3098,2,potato,1,P,0.001,20.62
3098,2,potato,1,K,0.001,26.49
3098,2,potato,2,Urea,0.3,12.7
3098,2,potato,3,Urea,0.5,17.9
3099,2,potato,1,Urea,0.001,8.5
3099,2,potato,1,P,0.001,20.62
3099,2,potato,1,K,0.001,26.49
3099,2,potato,2,Urea,0.3,12.7
3099,2,potato,3,Urea,0.5,17.9
3100,2,potato,1,Urea,0.001,8.5
3100,2,potato,1,P,0.001,20.62
3100,2,potato,1,K,0.001,26.49
3100,2,potato,2,Urea,0.3,12.7
3100,2,potato,3,Urea,0.5,17.9
3101,2,potato,1,Urea,0.001,8.5
3101,2,potato,1,P,0.001,20.62
3101,2,potato,1,K,0.001,26.49
3101,2,potato,2,Urea,0.3,12.7
3101,2,potato,3,Urea,0.5,17.9
3102,2,potato,1,Urea,0.001,8.5
3102,2,potato,1,P,0.001,20.62
3102,2,potato,1,K,0.001,26.49
3102,2,potato,2,Urea,0.3,12.7
3102,2,potato,3,Urea,0.5,17.9
3106,2,potato,1,Urea,0.001,8.5
3106,2,potato,1,P,0.001,20.62
3106,2,potato,1,K,0.001,26.49
3106,2,potato,2,Urea,0.3,12.7
3106,2,potato,3,Urea,0.5,17.9
3107,2,potato,1,Urea,0.001,8.5
3107,2,potato,1,P,0.001,20.62
3107,2,potato,1,K,0.001,26.49
3107,2,potato,2,Urea,0.3,12.7
3107,2,potato,3,Urea,0.5,17.9
3110,2,potato,1,Urea,0.001,8.5
3110,2,potato,1,P,0.001,20.62
3110,2,potato,1,K,0.001,26.49
3110,2,potato,2,Urea,0.3,12.7
3110,2,potato,3,Urea,0.5,17.9
3112,2,potato,1,Urea,0.001,8.5
3112,2,potato,1,P,0.001,20.62
3112,2,potato,1,K,0.001,26.49
3112,2,potato,2,Urea,0.3,12.7
3112,2,potato,3,Urea,0.5,17.9
3113,2,potato,1,Urea,0.001,8.5
3113,2,potato,1,P,0.001,20.62
3113,2,potato,1,K,0.001,26.49
3113,2,potato,2,Urea,0.3,12.7
3113,2,potato,3,Urea,0.5,17.9
3116,2,potato,1,Urea,0.001,8.5
3116,2,potato,1,P,0.001,20.62
3116,2,potato,1,K,0.001,26.49
3116,2,potato,2,Urea,0.3,12.7
3116,2,potato,3,Urea,0.5,17.9
3117,2,potato,1,Urea,0.001,8.5
3117,2,potato,1,P,0.001,20.62
3117,2,potato,1,K,0.001,26.49
3117,2,potato,2,Urea,0.3,12.7
3117,2,potato,3,Urea,0.5,17.9
3118,2,potato,1,Urea,0.001,8.5
3118,2,potato,1,P,0.001,20.62
3118,2,potato,1,K,0.001,26.49
3118,2,potato,2,Urea,0.3,12.7
3118,2,potato,3,Urea,0.5,17.9
3119,2,potato,1,Urea,0.001,8.5
3119,2,potato,1,P,0.001,20.62
3119,2,potato,1,K,0.001,26.49
3119,2,potato,2,Urea,0.3,12.7
3119,2,potato,3,Urea,0.5,17.9
3120,2,potato,1,Urea,0.001,8.5
3120,2,potato,1,P,0.001,20.62
3120,2,potato,1,K,0.001,26.49
3120,2,potato,2,Urea,0.3,12.7
3120,2,potato,3,Urea,0.5,17.9
3121,2,potato,1,Urea,0.001,8.5
3121,2,potato,1,P,0.001,20.62
3121,2,potato,1,K,0.001,26.49
3121,2,potato,2,Urea,0.3,12.7
3121,2,potato,3,Urea,0.5,17.9
3126,2,potato,1,Urea,0.001,8.5
3126,2,potato,1,P,0.001,20.62
3126,2,potato,1,K,0.001,26.49
3126,2,potato,2,Urea,0.3,12.7
3126,2,potato,3,Urea,0.5,17.9
3129,2,potato,1,Urea,0.001,8.5
3129,2,potato,1,P,0.001,20.62
3129,2,potato,1,K,0.001,26.49
3129,2,potato,2,Urea,0.3,12.7
3129,2,potato,3,Urea,0.5,17.9
3131,2,potato,1,Urea,0.001,8.5
3131,2,potato,1,P,0.001,20.62
3131,2,potato,1,K,0.001,26.49
3131,2,potato,2,Urea,0.3,12.7
3131,2,potato,3,Urea,0.5,17.9
3133,2,potato,1,Urea,0.001,8.5
3133,2,potato,1,P,0.001,20.62
3133,2,potato,1,K,0.001,26.49
3133,2,potato,2,Urea,0.3,12.7
3133,2,potato,3,Urea,0.5,17.9
3134,2,potato,1,Urea,0.001,8.5
3134,2,potato,1,P,0.001,20.62
3134,2,potato,1,K,0.001,26.49
3134,2,potato,2,Urea,0.3,12.7
3134,2,potato,3,Urea,0.5,17.9
3138,2,potato,1,Urea,0.001,8.5
3138,2,potato,1,P,0.001,20.62
3138,2,potato,1,K,0.001,26.49
3138,2,potato,2,Urea,0.3,12.7
3138,2,potato,3,Urea,0.5,17.9
3139,2,potato,1,Urea,0.001,8.5
3139,2,potato,1,P,0.001,20.62
3139,2,potato,1,K,0.001,26.49
3139,2,potato,2,Urea,0.3,12.7
3139,2,potato,3,Urea,0.5,17.9
3140,2,potato,1,Urea,0.001,8.5
3140,2,potato,1,P,0.001,20.62
3140,2,potato,1,K,0.001,26.49
3140,2,potato,2,Urea,0.3,12.7
3140,2,potato,3,Urea,0.5,17.9
3143,2,potato,1,Urea,0.001,8.5
3143,2,potato,1,P,0.001,20.62
3143,2,potato,1,K,0.001,26.49
3143,2,potato,2,Urea,0.3,12.7
3143,2,potato,3,Urea,0.5,17.9
3145,2,potato,1,Urea,0.001,8.5
3145,2,potato,1,P,0.001,20.62
3145,2,potato,1,K,0.001,26.49
3145,2,potato,2,Urea,0.3,12.7
3145,2,potato,3,Urea,0.5,17.9
3154,2,potato,1,Urea,0.001,8.5
3154,2,potato,1,P,0.001,20.62
3154,2,potato,1,K,0.001,26.49
3154,2,potato,2,Urea,0.3,12.7
3154,2,potato,3,Urea,0.5,17.9
3155,2,potato,1,Urea,0.001,8.5
3155,2,potato,1,P,0.001,20.62
3155,2,potato,1,K,0.001,26.49
3155,2,potato,2,Urea,0.3,12.7
3155,2,potato,3,Urea,0.5,17.9
3158,2,potato,1,Urea,0.001,8.5
3158,2,potato,1,P,0.001,20.62
3158,2,potato,1,K,0.001,26.49
3158,2,potato,2,Urea,0.3,12.7
3158,2,potato,3,Urea,0.5,17.9
3161,2,potato,1,Urea,0.001,8.5
3161,2,potato,1,P,0.001,20.62
3161,2,potato,1,K,0.001,26.49
3161,2,potato,2,Urea,0.3,12.7
3161,2,potato,3,Urea,0.5,17.9
3162,2,potato,1,Urea,0.001,8.5
3162,2,potato,1,P,0.001,20.62
3162,2,potato,1,K,0.001,26.49
3162,2,potato,2,Urea,0.3,12.7
3162,2,potato,3,Urea,0.5,17.9
3163,2,potato,1,Urea,0.001,8.5
3163,2,potato,1,P,0.001,20.62
3163,2,potato,1,K,0.001,26.49
3163,2,potato,2,Urea,0.3,12.7
3163,2,potato,3,Urea,0.5,17.9
3164,2,potato,1,Urea,0.001,8.5
3164,2,potato,1,P,0.001,20.62
3164,2,potato,1,K,0.001,26.49
3164,2,potato,2,Urea,0.3,12.7
3164,2,potato,3,Urea,0.5,17.9
3165,2,potato,1,Urea,0.001,8.5
3165,2,potato,1,P,0.001,20.62
3165,2,potato,1,K,0.001,26.49
3165,2,potato,2,Urea,0.3,12.7
3165,2,potato,3,Urea,0.5,17.9
3166,2,potato,1,Urea,0.001,8.5
3166,2,potato,1,P,0.001,20.62
3166,2,potato,1,K,0.001,26.49
3166,2,potato,2,Urea,0.3,12.7
3166,2,potato,3,Urea,0.5,17.9
3167,2,potato,1,Urea,0.001,8.5
3167,2,potato,1,P,0.001,20.62
3167,2,potato,1,K,0.001,26.49
3167,2,potato,2,Urea,0.3,12.7
3167,2,potato,3,Urea,0.5,17.9
3169,2,potato,1,Urea,0.001,8.5
3169,2,potato,1,P,0.001,20.62
3169,2,potato,1,K,0.001,26.49
3169,2,potato,2,Urea,0.3,12.7
3169,2,potato,3,Urea,0.5,17.9
3170,2,potato,1,Urea,0.001,8.5
3170,2,potato,1,P,0.001,20.62
3170,2,potato,1,K,0.001,26.49
3170,2,potato,2,Urea,0.3,12.7
3170,2,potato,3,Urea,0.5,17.9
3171,2,potato,1,Urea,0.001,8.5
3171,2,potato,1,P,0.001,20.62
3171,2,potato,1,K,0.001,26.49
3171,2,potato,2,Urea,0.3,12.7
3171,2,potato,3,Urea,0.5,17.9
3175,2,potato,1,Urea,0.001,8.5
3175,2,potato,1,P,0.001,20.62
3175,2,potato,1,K,0.001,26.49
3175,2,potato,2,Urea,0.3,12.7
3175,2,potato,3,Urea,0.5,17.9
3176,2,potato,1,Urea,0.001,8.5
3176,2,potato,1,P,0.001,20.62
3176,2,potato,1,K,0.001,26.49
3176,2,potato,2,Urea,0.3,12.7
3176,2,potato,3,Urea,0.5,17.9
3177,2,potato,1,Urea,0.001,8.5
3177,2,potato,1,P,0.001,20.62
3177,2,potato,1,K,0.001,26.49
3177,2,potato,2,Urea,0.3,12.7
3177,2,potato,3,Urea,0.5,17.9
3179,2,potato,1,Urea,0.001,8.5
3179,2,potato,1,P,0.001,20.62
3179,2,potato,1,K,0.001,26.49
3179,2,potato,2,Urea,0.3,12.7
3179,2,potato,3,Urea,0.5,17.9
3180,2,potato,1,Urea,0.001,8.5
3180,2,potato,1,P,0.001,20.62
3180,2,potato,1,K,0.001,26.49
3180,2,potato,2,Urea,0.3,12.7
3180,2,potato,3,Urea,0.5,17.9
3181,2,potato,1,Urea,0.001,8.5
3181,2,potato,1,P,0.001,20.62
3181,2,potato,1,K,0.001,26.49
3181,2,potato,2,Urea,0.3,12.7
3181,2,potato,3,Urea,0.5,17.9
3182,2,potato,1,Urea,0.001,8.5
3182,2,potato,1,P,0.001,20.62
3182,2,potato,1,K,0.001,26.49
3182,2,potato,2,Urea,0.3,12.7
3182,2,potato,3,Urea,0.5,17.9
3184,2,potato,1,Urea,0.001,8.5
3184,2,potato,1,P,0.001,20.62
3184,2,potato,1,K,0.001,26.49
3184,2,potato,2,Urea,0.3,12.7
3184,2,potato,3,Urea,0.5,17.9
3185,2,potato,1,Urea,0.001,8.5
3185,2,potato,1,P,0.001,20.62
3185,2,potato,1,K,0.001,26.49
3185,2,potato,2,Urea,0.3,12.7
3185,2,potato,3,Urea,0.5,17.9
3186,2,potato,1,Urea,0.001,8.5
3186,2,potato,1,P,0.001,20.62
3186,2,potato,1,K,0.001,26.49
3186,2,potato,2,Urea,0.3,12.7
3186,2,potato,3,Urea,0.5,17.9
3187,2,potato,1,Urea,0.001,8.5
3187,2,potato,1,P,0.001,20.62
3187,2,potato,1,K,0.001,26.49
3187,2,potato,2,Urea,0.3,12.7
3187,2,potato,3,Urea,0.5,17.9
3188,2,potato,1,Urea,0.001,8.5
3188,2,potato,1,P,0.001,20.62
3188,2,potato,1,K,0.001,26.49
3188,2,potato,2,Urea,0.3,12.7
3188,2,potato,3,Urea,0.5,17.9
3189,2,potato,1,Urea,0.001,8.5
3189,2,potato,1,P,0.001,20.62
3189,2,potato,1,K,0.001,26.49
3189,2,potato,2,Urea,0.3,12.7
3189,2,potato,3,Urea,0.5,17.9
3193,2,potato,1,Urea,0.001,8.5
3193,2,potato,1,P,0.001,20.62
3193,2,potato,1,K,0.001,26.49
3193,2,potato,2,Urea,0.3,12.7
3193,2,potato,3,Urea,0.5,17.9
3197,2,potato,1,Urea,0.001,8.5
3197,2,potato,1,P,0.001,20.62
3197,2,potato,1,K,0.001,26.49
3197,2,potato,2,Urea,0.3,12.7
3197,2,potato,3,Urea,0.5,17.9
3198,2,potato,1,Urea,0.001,8.5
3198,2,potato,1,P,0.001,20.62
3198,2,potato,1,K,0.001,26.49
3198,2,potato,2,Urea,0.3,12.7
3198,2,potato,3,Urea,0.5,17.9
3200,2,potato,1,Urea,0.001,8.5
3200,2,potato,1,P,0.001,20.62
3200,2,potato,1,K,0.001,26.49
3200,2,potato,2,Urea,0.3,12.7
3200,2,potato,3,Urea,0.5,17.9
3203,2,potato,1,Urea,0.001,8.5
3203,2,potato,1,P,0.001,20.62
3203,2,potato,1,K,0.001,26.49
3203,2,potato,2,Urea,0.3,12.7
3203,2,potato,3,Urea,0.5,17.9
3204,2,potato,1,Urea,0.001,8.5
3204,2,potato,1,P,0.001,20.62
3204,2,potato,1,K,0.001,26.49
3204,2,potato,2,Urea,0.3,12.7
3204,2,potato,3,Urea,0.5,17.9
3205,2,potato,1,Urea,0.001,8.5
3205,2,potato,1,P,0.001,20.62
3205,2,potato,1,K,0.001,26.49
3205,2,potato,2,Urea,0.3,12.7
3205,2,potato,3,Urea,0.5,17.9
3206,2,potato,1,Urea,0.001,8.5
3206,2,potato,1,P,0.001,20.62
3206,2,potato,1,K,0.001,26.49
3206,2,potato,2,Urea,0.3,12.7
3206,2,potato,3,Urea,0.5,17.9
3207,2,potato,1,Urea,0.001,8.5
3207,2,potato,1,P,0.001,20.62
3207,2,potato,1,K,0.001,26.49
3207,2,potato,2,Urea,0.3,12.7
3207,2,potato,3,Urea,0.5,17.9
3209,2,potato,1,Urea,0.001,8.5
3209,2,potato,1,P,0.001,20.62
3209,2,potato,1,K,0.001,26.49
3209,2,potato,2,Urea,0.3,12.7
3209,2,potato,3,Urea,0.5,17.9
3210,2,potato,1,Urea,0.001,8.5
3210,2,potato,1,P,0.001,20.62
3210,2,potato,1,K,0.001,26.49
3210,2,potato,2,Urea,0.3,12.7
3210,2,potato,3,Urea,0.5,17.9
3217,2,potato,1,Urea,0.001,8.5
3217,2,potato,1,P,0.001,20.62
3217,2,potato,1,K,0.001,26.49
3217,2,potato,2,Urea,0.3,12.7
3217,2,potato,3,Urea,0.5,17.9
3218,2,potato,1,Urea,0.001,8.5
3218,2,potato,1,P,0.001,20.62
3218,2,potato,1,K,0.001,26.49
3218,2,potato,2,Urea,0.3,12.7
3218,2,potato,3,Urea,0.5,17.9
3221,2,potato,1,Urea,0.001,8.5
3221,2,potato,1,P,0.001,20.62
3221,2,potato,1,K,0.001,26.49
3221,2,potato,2,Urea,0.3,12.7
3221,2,potato,3,Urea,0.5,17.9
3223,2,potato,1,Urea,0.001,8.5
3223,2,potato,1,P,0.001,20.62
3223,2,potato,1,K,0.001,26.49
3223,2,potato,2,Urea,0.3,12.7
3223,2,potato,3,Urea,0.5,17.9
3224,2,potato,1,Urea,0.001,8.5
3224,2,potato,1,P,0.001,20.62
3224,2,potato,1,K,0.001,26.49
3224,2,potato,2,Urea,0.3,12.7
3224,2,potato,3,Urea,0.5,17.9
3228,2,potato,1,Urea,0.001,8.5
3228,2,potato,1,P,0.001,20.62
3228,2,potato,1,K,0.001,26.49
3228,2,potato,2,Urea,0.3,12.7
3228,2,potato,3,Urea,0.5,17.9
3230,2,potato,1,Urea,0.001,8.5
3230,2,potato,1,P,0.001,20.62
3230,2,potato,1,K,0.001,26.49
3230,2,potato,2,Urea,0.3,12.7
3230,2,potato,3,Urea,0.5,17.9
3232,2,potato,1,Urea,0.001,8.5
3232,2,potato,1,P,0.001,20.62
3232,2,potato,1,K,0.001,26.49
3232,2,potato,2,Urea,0.3,12.7
3232,2,potato,3,Urea,0.5,17.9
3235,2,potato,1,Urea,0.001,8.5
3235,2,potato,1,P,0.001,20.62
3235,2,potato,1,K,0.001,26.49
3235,2,potato,2,Urea,0.3,12.7
3235,2,potato,3,Urea,0.5,17.9
3238,2,potato,1,Urea,0.001,8.5
3238,2,potato,1,P,0.001,20.62
3238,2,potato,1,K,0.001,26.49
3238,2,potato,2,Urea,0.3,12.7
3238,2,potato,3,Urea,0.5,17.9
3242,2,potato,1,Urea,0.001,8.5
3242,2,potato,1,P,0.001,20.62
3242,2,potato,1,K,0.001,26.49
3242,2,potato,2,Urea,0.3,12.7
3242,2,potato,3,Urea,0.5,17.9
3244,2,potato,1,Urea,0.001,8.5
3244,2,potato,1,P,0.001,20.62
3244,2,potato,1,K,0.001,26.49
3244,2,potato,2,Urea,0.3,12.7
3244,2,potato,3,Urea,0.5,17.9
3245,2,potato,1,Urea,0.001,8.5
3245,2,potato,1,P,0.001,20.62
3245,2,potato,1,K,0.001,26.49
3245,2,potato,2,Urea,0.3,12.7
3245,2,potato,3,Urea,0.5,17.9
3248,2,potato,1,Urea,0.001,8.5
3248,2,potato,1,P,0.001,20.62
3248,2,potato,1,K,0.001,26.49
3248,2,potato,2,Urea,0.3,12.7
3248,2,potato,3,Urea,0.5,17.9
3251,2,potato,1,Urea,0.001,8.5
3251,2,potato,1,P,0.001,20.62
3251,2,potato,1,K,0.001,26.49
3251,2,potato,2,Urea,0.3,12.7
3251,2,potato,3,Urea,0.5,17.9
3252,2,potato,1,Urea,0.001,8.5
3252,2,potato,1,P,0.001,20.62
3252,2,potato,1,K,0.001,26.49
3252,2,potato,2,Urea,0.3,12.7
3252,2,potato,3,Urea,0.5,17.9
3254,2,potato,1,Urea,0.001,8.5
3254,2,potato,1,P,0.001,20.62
3254,2,potato,1,K,0.001,26.49
3254,2,potato,2,Urea,0.3,12.7
3254,2,potato,3,Urea,0.5,17.9
3255,2,potato,1,Urea,0.001,8.5
3255,2,potato,1,P,0.001,20.62
3255,2,potato,1,K,0.001,26.49
3255,2,potato,2,Urea,0.3,12.7
3255,2,potato,3,Urea,0.5,17.9
3256,2,potato,1,Urea,0.001,8.5
3256,2,potato,1,P,0.001,20.62
3256,2,potato,1,K,0.001,26.49
3256,2,potato,2,Urea,0.3,12.7
3256,2,potato,3,Urea,0.5,17.9
3257,2,potato,1,Urea,0.001,8.5
3257,2,potato,1,P,0.001,20.62
3257,2,potato,1,K,0.001,26.49
3257,2,potato,2,Urea,0.3,12.7
3257,2,potato,3,Urea,0.5,17.9
3258,2,potato,1,Urea,0.001,8.5
3258,2,potato,1,P,0.001,20.62
3258,2,potato,1,K,0.001,26.49
3258,2,potato,2,Urea,0.3,12.7
3258,2,potato,3,Urea,0.5,17.9
3260,2,potato,1,Urea,0.001,8.5
3260,2,potato,1,P,0.001,20.62
3260,2,potato,1,K,0.001,26.49
3260,2,potato,2,Urea,0.3,12.7
3260,2,potato,3,Urea,0.5,17.9
3263,2,potato,1,Urea,0.001,8.5
3263,2,potato,1,P,0.001,20.62
3263,2,potato,1,K,0.001,26.49
3263,2,potato,2,Urea,0.3,12.7
3263,2,potato,3,Urea,0.5,17.9
3269,2,potato,1,Urea,0.001,8.5
3269,2,potato,1,P,0.001,20.62
3269,2,potato,1,K,0.001,26.49
3269,2,potato,2,Urea,0.3,12.7
3269,2,potato,3,Urea,0.5,17.9
3271,2,potato,1,Urea,0.001,8.5
3271,2,potato,1,P,0.001,20.62
3271,2,potato,1,K,0.001,26.49
3271,2,potato,2,Urea,0.3,12.7
3271,2,potato,3,Urea,0.5,17.9
3272,2,potato,1,Urea,0.001,8.5
3272,2,potato,1,P,0.001,20.62
3272,2,potato,1,K,0.001,26.49
3272,2,potato,2,Urea,0.3,12.7
3272,2,potato,3,Urea,0.5,17.9
3275,2,potato,1,Urea,0.001,8.5
3275,2,potato,1,P,0.001,20.62
3275,2,potato,1,K,0.001,26.49
3275,2,potato,2,Urea,0.3,12.7
3275,2,potato,3,Urea,0.5,17.9
3276,2,potato,1,Urea,0.001,8.5
3276,2,potato,1,P,0.001,20.62
3276,2,potato,1,K,0.001,26.49
3276,2,potato,2,Urea,0.3,12.7
3276,2,potato,3,Urea,0.5,17.9
3280,2,potato,1,Urea,0.001,8.5
3280,2,potato,1,P,0.001,20.62
3280,2,potato,1,K,0.001,26.49
3280,2,potato,2,Urea,0.3,12.7
3280,2,potato,3,Urea,0.5,17.9
3282,2,potato,1,Urea,0.001,8.5
3282,2,potato,1,P,0.001,20.62
3282,2,potato,1,K,0.001,26.49
3282,2,potato,2,Urea,0.3,12.7
3282,2,potato,3,Urea,0.5,17.9
3285,2,potato,1,Urea,0.001,8.5
3285,2,potato,1,P,0.001,20.62
3285,2,potato,1,K,0.001,26.49
3285,2,potato,2,Urea,0.3,12.7
3285,2,potato,3,Urea,0.5,17.9
3286,2,potato,1,Urea,0.001,8.5
3286,2,potato,1,P,0.001,20.62
3286,2,potato,1,K,0.001,26.49
3286,2,potato,2,Urea,0.3,12.7
3286,2,potato,3,Urea,0.5,17.9
3288,2,potato,1,Urea,0.001,8.5
3288,2,potato,1,P,0.001,20.62
3288,2,potato,1,K,0.001,26.49
3288,2,potato,2,Urea,0.3,12.7
3288,2,potato,3,Urea,0.5,17.9
3289,2,potato,1,Urea,0.001,8.5
3289,2,potato,1,P,0.001,20.62
3289,2,potato,1,K,0.001,26.49
3289,2,potato,2,Urea,0.3,12.7
3289,2,potato,3,Urea,0.5,17.9
3290,2,potato,1,Urea,0.001,8.5
3290,2,potato,1,P,0.001,20.62
3290,2,potato,1,K,0.001,26.49
3290,2,potato,2,Urea,0.3,12.7
3290,2,potato,3,Urea,0.5,17.9
3291,2,potato,1,Urea,0.001,8.5
3291,2,potato,1,P,0.001,20.62
3291,2,potato,1,K,0.001,26.49
3291,2,potato,2,Urea,0.3,12.7
3291,2,potato,3,Urea,0.5,17.9
3292,2,potato,1,Urea,0.001,8.5
3292,2,potato,1,P,0.001,20.62
3292,2,potato,1,K,0.001,26.49
3292,2,potato,2,Urea,0.3,12.7
3292,2,potato,3,Urea,0.5,17.9
3293,2,potato,1,Urea,0.001,8.5
3293,2,potato,1,P,0.001,20.62
3293,2,potato,1,K,0.001,26.49
3293,2,potato,2,Urea,0.3,12.7
3293,2,potato,3,Urea,0.5,17.9
3294,2,potato,1,Urea,0.001,8.5
3294,2,potato,1,P,0.001,20.62
3294,2,potato,1,K,0.001,26.49
3294,2,potato,2,Urea,0.3,12.7
3294,2,potato,3,Urea,0.5,17.9
3296,2,potato,1,Urea,0.001,8.5
3296,2,potato,1,P,0.001,20.62
3296,2,potato,1,K,0.001,26.49
3296,2,potato,2,Urea,0.3,12.7
3296,2,potato,3,Urea,0.5,17.9
3301,2,potato,1,Urea,0.001,8.5
3301,2,potato,1,P,0.001,20.62
3301,2,potato,1,K,0.001,26.49
3301,2,potato,2,Urea,0.3,12.7
3301,2,potato,3,Urea,0.5,17.9
3307,2,potato,1,Urea,0.001,8.5
3307,2,potato,1,P,0.001,20.62
3307,2,potato,1,K,0.001,26.49
3307,2,potato,2,Urea,0.3,12.7
3307,2,potato,3,Urea,0.5,17.9
3309,2,potato,1,Urea,0.001,8.5
3309,2,potato,1,P,0.001,20.62
3309,2,potato,1,K,0.001,26.49
3309,2,potato,2,Urea,0.3,12.7
3309,2,potato,3,Urea,0.5,17.9
3310,2,potato,1,Urea,0.001,8.5
3310,2,potato,1,P,0.001,20.62
3310,2,potato,1,K,0.001,26.49
3310,2,potato,2,Urea,0.3,12.7
3310,2,potato,3,Urea,0.5,17.9
3311,2,potato,1,Urea,0.001,8.5
3311,2,potato,1,P,0.001,20.62
3311,2,potato,1,K,0.001,26.49
3311,2,potato,2,Urea,0.3,12.7
3311,2,potato,3,Urea,0.5,17.9
3313,2,potato,1,Urea,0.001,8.5
3313,2,potato,1,P,0.001,20.62
3313,2,potato,1,K,0.001,26.49
3313,2,potato,2,Urea,0.3,12.7
3313,2,potato,3,Urea,0.5,17.9
3314,2,potato,1,Urea,0.001,8.5
3314,2,potato,1,P,0.001,20.62
3314,2,potato,1,K,0.001,26.49
3314,2,potato,2,Urea,0.3,12.7
3314,2,potato,3,Urea,0.5,17.9
3316,2,potato,1,Urea,0.001,8.5
3316,2,potato,1,P,0.001,20.62
3316,2,potato,1,K,0.001,26.49
3316,2,potato,2,Urea,0.3,12.7
3316,2,potato,3,Urea,0.5,17.9
3317,2,potato,1,Urea,0.001,8.5
3317,2,potato,1,P,0.001,20.62
3317,2,potato,1,K,0.001,26.49
3317,2,potato,2,Urea,0.3,12.7
3317,2,potato,3,Urea,0.5,17.9
3318,2,potato,1,Urea,0.001,8.5
3318,2,potato,1,P,0.001,20.62
3318,2,potato,1,K,0.001,26.49
3318,2,potato,2,Urea,0.3,12.7
3318,2,potato,3,Urea,0.5,17.9
3319,2,potato,1,Urea,0.001,8.5
3319,2,potato,1,P,0.001,20.62
3319,2,potato,1,K,0.001,26.49
3319,2,potato,2,Urea,0.3,12.7
3319,2,potato,3,Urea,0.5,17.9
3320,2,potato,1,Urea,0.001,8.5
3320,2,potato,1,P,0.001,20.62
3320,2,potato,1,K,0.001,26.49
3320,2,potato,2,Urea,0.3,12.7
3320,2,potato,3,Urea,0.5,17.9
3325,2,potato,1,Urea,0.001,8.5
3325,2,potato,1,P,0.001,20.62
3325,2,potato,1,K,0.001,26.49
3325,2,potato,2,Urea,0.3,12.7
3325,2,potato,3,Urea,0.5,17.9
3327,2,potato,1,Urea,0.001,8.5
3327,2,potato,1,P,0.001,20.62
3327,2,potato,1,K,0.001,26.49
3327,2,potato,2,Urea,0.3,12.7
3327,2,potato,3,Urea,0.5,17.9
3329,2,potato,1,Urea,0.001,8.5
3329,2,potato,1,P,0.001,20.62
3329,2,potato,1,K,0.001,26.49
3329,2,potato,2,Urea,0.3,12.7
3329,2,potato,3,Urea,0.5,17.9
3330,2,potato,1,Urea,0.001,8.5
3330,2,potato,1,P,0.001,20.62
3330,2,potato,1,K,0.001,26.49
3330,2,potato,2,Urea,0.3,12.7
3330,2,potato,3,Urea,0.5,17.9
3332,2,potato,1,Urea,0.001,8.5
3332,2,potato,1,P,0.001,20.62
3332,2,potato,1,K,0.001,26.49
3332,2,potato,2,Urea,0.3,12.7
3332,2,potato,3,Urea,0.5,17.9
3335,2,potato,1,Urea,0.001,8.5
3335,2,potato,1,P,0.001,20.62
3335,2,potato,1,K,0.001,26.49
3335,2,potato,2,Urea,0.3,12.7
3335,2,potato,3,Urea,0.5,17.9
3337,2,potato,1,Urea,0.001,8.5
3337,2,potato,1,P,0.001,20.62
3337,2,potato,1,K,0.001,26.49
3337,2,potato,2,Urea,0.3,12.7
3337,2,potato,3,Urea,0.5,17.9
3338,2,potato,1,Urea,0.001,8.5
3338,2,potato,1,P,0.001,20.62
3338,2,potato,1,K,0.001,26.49
3338,2,potato,2,Urea,0.3,12.7
3338,2,potato,3,Urea,0.5,17.9
3340,2,potato,1,Urea,0.001,8.5
3340,2,potato,1,P,0.001,20.62
3340,2,potato,1,K,0.001,26.49
3340,2,potato,2,Urea,0.3,12.7
3340,2,potato,3,Urea,0.5,17.9
3343,2,potato,1,Urea,0.001,8.5
3343,2,potato,1,P,0.001,20.62
3343,2,potato,1,K,0.001,26.49
3343,2,potato,2,Urea,0.3,12.7
3343,2,potato,3,Urea,0.5,17.9
3346,2,potato,1,Urea,0.001,8.5
3346,2,potato,1,P,0.001,20.62
3346,2,potato,1,K,0.001,26.49
3346,2,potato,2,Urea,0.3,12.7
3346,2,potato,3,Urea,0.5,17.9
3347,2,potato,1,Urea,0.001,8.5
3347,2,potato,1,P,0.001,20.62
3347,2,potato,1,K,0.001,26.49
3347,2,potato,2,Urea,0.3,12.7
3347,2,potato,3,Urea,0.5,17.9
3351,2,potato,1,Urea,0.001,8.5
3351,2,potato,1,P,0.001,20.62
3351,2,potato,1,K,0.001,26.49
3351,2,potato,2,Urea,0.3,12.7
3351,2,potato,3,Urea,0.5,17.9
3353,2,potato,1,Urea,0.001,8.5
3353,2,potato,1,P,0.001,20.62
3353,2,potato,1,K,0.001,26.49
3353,2,potato,2,Urea,0.3,12.7
3353,2,potato,3,Urea,0.5,17.9
3355,2,potato,1,Urea,0.001,8.5
3355,2,potato,1,P,0.001,20.62
3355,2,potato,1,K,0.001,26.49
3355,2,potato,2,Urea,0.3,12.7
3355,2,potato,3,Urea,0.5,17.9
3357,2,potato,1,Urea,0.001,8.5
3357,2,potato,1,P,0.001,20.62
3357,2,potato,1,K,0.001,26.49
3357,2,potato,2,Urea,0.3,12.7
3357,2,potato,3,Urea,0.5,17.9
3360,2,potato,1,Urea,0.001,8.5
3360,2,potato,1,P,0.001,20.62
3360,2,potato,1,K,0.001,26.49
3360,2,potato,2,Urea,0.3,12.7
3360,2,potato,3,Urea,0.5,17.9
3363,2,potato,1,Urea,0.001,8.5
3363,2,potato,1,P,0.001,20.62
3363,2,potato,1,K,0.001,26.49
3363,2,potato,2,Urea,0.3,12.7
3363,2,potato,3,Urea,0.5,17.9
3364,2,potato,1,Urea,0.001,8.5
3364,2,potato,1,P,0.001,20.62
3364,2,potato,1,K,0.001,26.49
3364,2,potato,2,Urea,0.3,12.7
3364,2,potato,3,Urea,0.5,17.9
3365,2,potato,1,Urea,0.001,8.5
3365,2,potato,1,P,0.001,20.62
3365,2,potato,1,K,0.001,26.49
3365,2,potato,2,Urea,0.3,12.7
3365,2,potato,3,Urea,0.5,17.9
3367,2,potato,1,Urea,0.001,8.5
3367,2,potato,1,P,0.001,20.62
3367,2,potato,1,K,0.001,26.49
3367,2,potato,2,Urea,0.3,12.7
3367,2,potato,3,Urea,0.5,17.9
3370,2,potato,1,Urea,0.001,8.5
3370,2,potato,1,P,0.001,20.62
3370,2,potato,1,K,0.001,26.49
3370,2,potato,2,Urea,0.3,12.7
3370,2,potato,3,Urea,0.5,17.9
3374,2,potato,1,Urea,0.001,8.5
3374,2,potato,1,P,0.001,20.62
3374,2,potato,1,K,0.001,26.49
3374,2,potato,2,Urea,0.3,12.7
3374,2,potato,3,Urea,0.5,17.9
3382,2,potato,1,Urea,0.001,8.5
3382,2,potato,1,P,0.001,20.62
3382,2,potato,1,K,0.001,26.49
3382,2,potato,2,Urea,0.3,12.7
3382,2,potato,3,Urea,0.5,17.9
3386,2,potato,1,Urea,0.001,8.5
3386,2,potato,1,P,0.001,20.62
3386,2,potato,1,K,0.001,26.49
3386,2,potato,2,Urea,0.3,12.7
3386,2,potato,3,Urea,0.5,17.9
3387,2,potato,1,Urea,0.001,8.5
3387,2,potato,1,P,0.001,20.62
3387,2,potato,1,K,0.001,26.49
3387,2,potato,2,Urea,0.3,12.7
3387,2,potato,3,Urea,0.5,17.9
3388,2,potato,1,Urea,0.001,8.5
3388,2,potato,1,P,0.001,20.62
3388,2,potato,1,K,0.001,26.49
3388,2,potato,2,Urea,0.3,12.7
3388,2,potato,3,Urea,0.5,17.9
3400,2,potato,1,Urea,0.001,8.5
3400,2,potato,1,P,0.001,20.62
3400,2,potato,1,K,0.001,26.49
3400,2,potato,2,Urea,0.3,12.7
3400,2,potato,3,Urea,0.5,17.9
3402,2,potato,1,Urea,0.001,8.5
3402,2,potato,1,P,0.001,20.62
3402,2,potato,1,K,0.001,26.49
3402,2,potato,2,Urea,0.3,12.7
3402,2,potato,3,Urea,0.5,17.9
3404,2,potato,1,Urea,0.001,8.5
3404,2,potato,1,P,0.001,20.62
3404,2,potato,1,K,0.001,26.49
3404,2,potato,2,Urea,0.3,12.7
3404,2,potato,3,Urea,0.5,17.9
3406,2,potato,1,Urea,0.001,8.5
3406,2,potato,1,P,0.001,20.62
3406,2,potato,1,K,0.001,26.49
3406,2,potato,2,Urea,0.3,12.7
3406,2,potato,3,Urea,0.5,17.9
3407,2,potato,1,Urea,0.001,8.5
3407,2,potato,1,P,0.001,20.62
3407,2,potato,1,K,0.001,26.49
3407,2,potato,2,Urea,0.3,12.7
3407,2,potato,3,Urea,0.5,17.9
3410,2,potato,1,Urea,0.001,8.5
3410,2,potato,1,P,0.001,20.62
3410,2,potato,1,K,0.001,26.49
3410,2,potato,2,Urea,0.3,12.7
3410,2,potato,3,Urea,0.5,17.9
3411,2,potato,1,Urea,0.001,8.5
3411,2,potato,1,P,0.001,20.62
3411,2,potato,1,K,0.001,26.49
3411,2,potato,2,Urea,0.3,12.7
3411,2,potato,3,Urea,0.5,17.9
3414,2,potato,1,Urea,0.001,8.5
3414,2,potato,1,P,0.001,20.62
3414,2,potato,1,K,0.001,26.49
3414,2,potato,2,Urea,0.3,12.7
3414,2,potato,3,Urea,0.5,17.9
3415,2,potato,1,Urea,0.001,8.5
3415,2,potato,1,P,0.001,20.62
3415,2,potato,1,K,0.001,26.49
3415,2,potato,2,Urea,0.3,12.7
3415,2,potato,3,Urea,0.5,17.9
3416,2,potato,1,Urea,0.001,8.5
3416,2,potato,1,P,0.001,20.62
3416,2,potato,1,K,0.001,26.49
3416,2,potato,2,Urea,0.3,12.7
3416,2,potato,3,Urea,0.5,17.9
3418,2,potato,1,Urea,0.001,8.5
3418,2,potato,1,P,0.001,20.62
3418,2,potato,1,K,0.001,26.49
3418,2,potato,2,Urea,0.3,12.7
3418,2,potato,3,Urea,0.5,17.9
3419,2,potato,1,Urea,0.001,8.5
3419,2,potato,1,P,0.001,20.62
3419,2,potato,1,K,0.001,26.49
3419,2,potato,2,Urea,0.3,12.7
3419,2,potato,3,Urea,0.5,17.9
3425,2,potato,1,Urea,0.001,8.5
3425,2,potato,1,P,0.001,20.62
3425,2,potato,1,K,0.001,26.49
3425,2,potato,2,Urea,0.3,12.7
3425,2,potato,3,Urea,0.5,17.9
3428,2,potato,1,Urea,0.001,8.5
3428,2,potato,1,P,0.001,20.62
3428,2,potato,1,K,0.001,26.49
3428,2,potato,2,Urea,0.3,12.7
3428,2,potato,3,Urea,0.5,17.9
3433,2,potato,1,Urea,0.001,8.5
3433,2,potato,1,P,0.001,20.62
3433,2,potato,1,K,0.001,26.49
3433,2,potato,2,Urea,0.3,12.7
3433,2,potato,3,Urea,0.5,17.9
3435,2,potato,1,Urea,0.001,8.5
3435,2,potato,1,P,0.001,20.62
3435,2,potato,1,K,0.001,26.49
3435,2,potato,2,Urea,0.3,12.7
3435,2,potato,3,Urea,0.5,17.9
3438,2,potato,1,Urea,0.001,8.5
3438,2,potato,1,P,0.001,20.62
3438,2,potato,1,K,0.001,26.49
3438,2,potato,2,Urea,0.3,12.7
3438,2,potato,3,Urea,0.5,17.9
3439,2,potato,1,Urea,0.001,8.5
3439,2,potato,1,P,0.001,20.62
3439,2,potato,1,K,0.001,26.49
3439,2,potato,2,Urea,0.3,12.7
3439,2,potato,3,Urea,0.5,17.9
3440,2,potato,1,Urea,0.001,8.5
3440,2,potato,1,P,0.001,20.62
3440,2,potato,1,K,0.001,26.49
3440,2,potato,2,Urea,0.3,12.7
3440,2,potato,3,Urea,0.5,17.9
3448,2,potato,1,Urea,0.001,8.5
3448,2,potato,1,P,0.001,20.62
3448,2,potato,1,K,0.001,26.49
3448,2,potato,2,Urea,0.3,12.7
3448,2,potato,3,Urea,0.5,17.9
3455,2,potato,1,Urea,0.001,8.5
3455,2,potato,1,P,0.001,20.62
3455,2,potato,1,K,0.001,26.49
3455,2,potato,2,Urea,0.3,12.7
3455,2,potato,3,Urea,0.5,17.9
3459,2,potato,1,Urea,0.001,8.5
3459,2,potato,1,P,0.001,20.62
3459,2,potato,1,K,0.001,26.49
3459,2,potato,2,Urea,0.3,12.7
3459,2,potato,3,Urea,0.5,17.9
3462,2,potato,1,Urea,0.001,8.5
3462,2,potato,1,P,0.001,20.62
3462,2,potato,1,K,0.001,26.49
3462,2,potato,2,Urea,0.3,12.7
3462,2,potato,3,Urea,0.5,17.9
3463,2,potato,1,Urea,0.001,8.5
3463,2,potato,1,P,0.001,20.62
3463,2,potato,1,K,0.001,26.49
3463,2,potato,2,Urea,0.3,12.7
3463,2,potato,3,Urea,0.5,17.9
3465,2,potato,1,Urea,0.001,8.5
3465,2,potato,1,P,0.001,20.62
3465,2,potato,1,K,0.001,26.49
3465,2,potato,2,Urea,0.3,12.7
3465,2,potato,3,Urea,0.5,17.9
3468,2,potato,1,Urea,0.001,8.5
3468,2,potato,1,P,0.001,20.62
3468,2,potato,1,K,0.001,26.49
3468,2,potato,2,Urea,0.3,12.7
3468,2,potato,3,Urea,0.5,17.9
3469,2,potato,1,Urea,0.001,8.5
3469,2,potato,1,P,0.001,20.62
3469,2,potato,1,K,0.001,26.49
3469,2,potato,2,Urea,0.3,12.7
3469,2,potato,3,Urea,0.5,17.9
3470,2,potato,1,Urea,0.001,8.5
3470,2,potato,1,P,0.001,20.62
3470,2,potato,1,K,0.001,26.49
3470,2,potato,2,Urea,0.3,12.7
3470,2,potato,3,Urea,0.5,17.9
3471,2,potato,1,Urea,0.001,8.5
3471,2,potato,1,P,0.001,20.62
3471,2,potato,1,K,0.001,26.49
3471,2,potato,2,Urea,0.3,12.7
3471,2,potato,3,Urea,0.5,17.9
3472,2,potato,1,Urea,0.001,8.5
3472,2,potato,1,P,0.001,20.62
3472,2,potato,1,K,0.001,26.49
3472,2,potato,2,Urea,0.3,12.7
3472,2,potato,3,Urea,0.5,17.9
3473,2,potato,1,Urea,0.001,8.5
3473,2,potato,1,P,0.001,20.62
3473,2,potato,1,K,0.001,26.49
3473,2,potato,2,Urea,0.3,12.7
3473,2,potato,3,Urea,0.5,17.9
3474,2,potato,1,Urea,0.001,8.5
3474,2,potato,1,P,0.001,20.62
3474,2,potato,1,K,0.001,26.49
3474,2,potato,2,Urea,0.3,12.7
3474,2,potato,3,Urea,0.5,17.9
3475,2,potato,1,Urea,0.001,8.5
3475,2,potato,1,P,0.001,20.62
3475,2,potato,1,K,0.001,26.49
3475,2,potato,2,Urea,0.3,12.7
3475,2,potato,3,Urea,0.5,17.9
3476,2,potato,1,Urea,0.001,8.5
3476,2,potato,1,P,0.001,20.62
3476,2,potato,1,K,0.001,26.49
3476,2,potato,2,Urea,0.3,12.7
3476,2,potato,3,Urea,0.5,17.9
3478,2,potato,1,Urea,0.001,8.5
3478,2,potato,1,P,0.001,20.62
3478,2,potato,1,K,0.001,26.49
3478,2,potato,2,Urea,0.3,12.7
3478,2,potato,3,Urea,0.5,17.9
3479,2,potato,1,Urea,0.001,8.5
3479,2,potato,1,P,0.001,20.62
3479,2,potato,1,K,0.001,26.49
3479,2,potato,2,Urea,0.3,12.7
3479,2,potato,3,Urea,0.5,17.9
3482,2,potato,1,Urea,0.001,8.5
3482,2,potato,1,P,0.001,20.62
3482,2,potato,1,K,0.001,26.49
3482,2,potato,2,Urea,0.3,12.7
3482,2,potato,3,Urea,0.5,17.9
3483,2,potato,1,Urea,0.001,8.5
3483,2,potato,1,P,0.001,20.62
3483,2,potato,1,K,0.001,26.49
3483,2,potato,2,Urea,0.3,12.7
3483,2,potato,3,Urea,0.5,17.9
3486,2,potato,1,Urea,0.001,8.5
3486,2,potato,1,P,0.001,20.62
3486,2,potato,1,K,0.001,26.49
3486,2,potato,2,Urea,0.3,12.7
3486,2,potato,3,Urea,0.5,17.9
3487,2,potato,1,Urea,0.001,8.5
3487,2,potato,1,P,0.001,20.62
3487,2,potato,1,K,0.001,26.49
3487,2,potato,2,Urea,0.3,12.7
3487,2,potato,3,Urea,0.5,17.9
3489,2,potato,1,Urea,0.001,8.5
3489,2,potato,1,P,0.001,20.62
3489,2,potato,1,K,0.001,26.49
3489,2,potato,2,Urea,0.3,12.7
3489,2,potato,3,Urea,0.5,17.9
3492,2,potato,1,Urea,0.001,8.5
3492,2,potato,1,P,0.001,20.62
3492,2,potato,1,K,0.001,26.49
3492,2,potato,2,Urea,0.3,12.7
3492,2,potato,3,Urea,0.5,17.9
3494,2,potato,1,Urea,0.001,8.5
3494,2,potato,1,P,0.001,20.62
3494,2,potato,1,K,0.001,26.49
3494,2,potato,2,Urea,0.3,12.7
3494,2,potato,3,Urea,0.5,17.9
3496,2,potato,1,Urea,0.001,8.5
3496,2,potato,1,P,0.001,20.62
3496,2,potato,1,K,0.001,26.49
3496,2,potato,2,Urea,0.3,12.7
3496,2,potato,3,Urea,0.5,17.9
3498,2,potato,1,Urea,0.001,8.5
3498,2,potato,1,P,0.001,20.62
3498,2,potato,1,K,0.001,26.49
3498,2,potato,2,Urea,0.3,12.7
3498,2,potato,3,Urea,0.5,17.9
3499,2,potato,1,Urea,0.001,8.5
3499,2,potato,1,P,0.001,20.62
3499,2,potato,1,K,0.001,26.49
3499,2,potato,2,Urea,0.3,12.7
3499,2,potato,3,Urea,0.5,17.9
3500,2,potato,1,Urea,0.001,8.5
3500,2,potato,1,P,0.001,20.62
3500,2,potato,1,K,0.001,26.49
3500,2,potato,2,Urea,0.3,12.7
3500,2,potato,3,Urea,0.5,17.9
3502,2,potato,1,Urea,0.001,8.5
3502,2,potato,1,P,0.001,20.62
3502,2,potato,1,K,0.001,26.49
3502,2,potato,2,Urea,0.3,12.7
3502,2,potato,3,Urea,0.5,17.9
3503,2,potato,1,Urea,0.001,8.5
3503,2,potato,1,P,0.001,20.62
3503,2,potato,1,K,0.001,26.49
3503,2,potato,2,Urea,0.3,12.7
3503,2,potato,3,Urea,0.5,17.9
3504,2,potato,1,Urea,0.001,8.5
3504,2,potato,1,P,0.001,20.62
3504,2,potato,1,K,0.001,26.49
3504,2,potato,2,Urea,0.3,12.7
3504,2,potato,3,Urea,0.5,17.9
3507,2,potato,1,Urea,0.001,8.5
3507,2,potato,1,P,0.001,20.62
3507,2,potato,1,K,0.001,26.49
3507,2,potato,2,Urea,0.3,12.7
3507,2,potato,3,Urea,0.5,17.9
3511,2,potato,1,Urea,0.001,8.5
3511,2,potato,1,P,0.001,20.62
3511,2,potato,1,K,0.001,26.49
3511,2,potato,2,Urea,0.3,12.7
3511,2,potato,3,Urea,0.5,17.9
3512,2,potato,1,Urea,0.001,8.5
3512,2,potato,1,P,0.001,20.62
3512,2,potato,1,K,0.001,26.49
3512,2,potato,2,Urea,0.3,12.7
3512,2,potato,3,Urea,0.5,17.9
3514,2,potato,1,Urea,0.001,8.5
3514,2,potato,1,P,0.001,20.62
3514,2,potato,1,K,0.001,26.49
3514,2,potato,2,Urea,0.3,12.7
3514,2,potato,3,Urea,0.5,17.9
3518,2,potato,1,Urea,0.001,8.5
3518,2,potato,1,P,0.001,20.62
3518,2,potato,1,K,0.001,26.49
3518,2,potato,2,Urea,0.3,12.7
3518,2,potato,3,Urea,0.5,17.9
3520,2,potato,1,Urea,0.001,8.5
3520,2,potato,1,P,0.001,20.62
3520,2,potato,1,K,0.001,26.49
3520,2,potato,2,Urea,0.3,12.7
3520,2,potato,3,Urea,0.5,17.9
3525,2,potato,1,Urea,0.001,8.5
3525,2,potato,1,P,0.001,20.62
3525,2,potato,1,K,0.001,26.49
3525,2,potato,2,Urea,0.3,12.7
3525,2,potato,3,Urea,0.5,17.9
3526,2,potato,1,Urea,0.001,8.5
3526,2,potato,1,P,0.001,20.62
3526,2,potato,1,K,0.001,26.49
3526,2,potato,2,Urea,0.3,12.7
3526,2,potato,3,Urea,0.5,17.9
3529,2,potato,1,Urea,0.001,8.5
3529,2,potato,1,P,0.001,20.62
3529,2,potato,1,K,0.001,26.49
3529,2,potato,2,Urea,0.3,12.7
3529,2,potato,3,Urea,0.5,17.9
3531,2,potato,1,Urea,0.001,8.5
3531,2,potato,1,P,0.001,20.62
3531,2,potato,1,K,0.001,26.49
3531,2,potato,2,Urea,0.3,12.7
3531,2,potato,3,Urea,0.5,17.9
3532,2,potato,1,Urea,0.001,8.5
3532,2,potato,1,P,0.001,20.62
3532,2,potato,1,K,0.001,26.49
3532,2,potato,2,Urea,0.3,12.7
3532,2,potato,3,Urea,0.5,17.9
3537,2,potato,1,Urea,0.001,8.5
3537,2,potato,1,P,0.001,20.62
3537,2,potato,1,K,0.001,26.49
3537,2,potato,2,Urea,0.3,12.7
3537,2,potato,3,Urea,0.5,17.9
3538,2,potato,1,Urea,0.001,8.5
3538,2,potato,1,P,0.001,20.62
3538,2,potato,1,K,0.001,26.49
3538,2,potato,2,Urea,0.3,12.7
3538,2,potato,3,Urea,0.5,17.9
3539,2,potato,1,Urea,0.001,8.5
3539,2,potato,1,P,0.001,20.62
3539,2,potato,1,K,0.001,26.49
3539,2,potato,2,Urea,0.3,12.7
3539,2,potato,3,Urea,0.5,17.9
3542,2,potato,1,Urea,0.001,8.5
3542,2,potato,1,P,0.001,20.62
3542,2,potato,1,K,0.001,26.49
3542,2,potato,2,Urea,0.3,12.7
3542,2,potato,3,Urea,0.5,17.9
3544,2,potato,1,Urea,0.001,8.5
3544,2,potato,1,P,0.001,20.62
3544,2,potato,1,K,0.001,26.49
3544,2,potato,2,Urea,0.3,12.7
3544,2,potato,3,Urea,0.5,17.9
3545,2,potato,1,Urea,0.001,8.5
3545,2,potato,1,P,0.001,20.62
3545,2,potato,1,K,0.001,26.49
3545,2,potato,2,Urea,0.3,12.7
3545,2,potato,3,Urea,0.5,17.9
3546,2,potato,1,Urea,0.001,8.5
3546,2,potato,1,P,0.001,20.62
3546,2,potato,1,K,0.001,26.49
3546,2,potato,2,Urea,0.3,12.7
3546,2,potato,3,Urea,0.5,17.9
3549,2,potato,1,Urea,0.001,8.5
3549,2,potato,1,P,0.001,20.62
3549,2,potato,1,K,0.001,26.49
3549,2,potato,2,Urea,0.3,12.7
3549,2,potato,3,Urea,0.5,17.9
3551,2,potato,1,Urea,0.001,8.5
3551,2,potato,1,P,0.001,20.62
3551,2,potato,1,K,0.001,26.49
3551,2,potato,2,Urea,0.3,12.7
3551,2,potato,3,Urea,0.5,17.9
3552,2,potato,1,Urea,0.001,8.5
3552,2,potato,1,P,0.001,20.62
3552,2,potato,1,K,0.001,26.49
3552,2,potato,2,Urea,0.3,12.7
3552,2,potato,3,Urea,0.5,17.9
3553,2,potato,1,Urea,0.001,8.5
3553,2,potato,1,P,0.001,20.62
3553,2,potato,1,K,0.001,26.49
3553,2,potato,2,Urea,0.3,12.7
3553,2,potato,3,Urea,0.5,17.9
3559,2,potato,1,Urea,0.001,8.5
3559,2,potato,1,P,0.001,20.62
3559,2,potato,1,K,0.001,26.49
3559,2,potato,2,Urea,0.3,12.7
3559,2,potato,3,Urea,0.5,17.9
3562,2,potato,1,Urea,0.001,8.5
3562,2,potato,1,P,0.001,20.62
3562,2,potato,1,K,0.001,26.49
3562,2,potato,2,Urea,0.3,12.7
3562,2,potato,3,Urea,0.5,17.9
3563,2,potato,1,Urea,0.001,8.5
3563,2,potato,1,P,0.001,20.62
3563,2,potato,1,K,0.001,26.49
3563,2,potato,2,Urea,0.3,12.7
3563,2,potato,3,Urea,0.5,17.9
3564,2,potato,1,Urea,0.001,8.5
3564,2,potato,1,P,0.001,20.62
3564,2,potato,1,K,0.001,26.49
3564,2,potato,2,Urea,0.3,12.7
3564,2,potato,3,Urea,0.5,17.9
3565,2,potato,1,Urea,0.001,8.5
3565,2,potato,1,P,0.001,20.62
3565,2,potato,1,K,0.001,26.49
3565,2,potato,2,Urea,0.3,12.7
3565,2,potato,3,Urea,0.5,17.9
3570,2,potato,1,Urea,0.001,8.5
3570,2,potato,1,P,0.001,20.62
3570,2,potato,1,K,0.001,26.49
3570,2,potato,2,Urea,0.3,12.7
3570,2,potato,3,Urea,0.5,17.9
3574,2,potato,1,Urea,0.001,8.5
3574,2,potato,1,P,0.001,20.62
3574,2,potato,1,K,0.001,26.49
3574,2,potato,2,Urea,0.3,12.7
3574,2,potato,3,Urea,0.5,17.9
3575,2,potato,1,Urea,0.001,8.5
3575,2,potato,1,P,0.001,20.62
3575,2,potato,1,K,0.001,26.49
3575,2,potato,2,Urea,0.3,12.7
3575,2,potato,3,Urea,0.5,17.9
3579,2,potato,1,Urea,0.001,8.5
3579,2,potato,1,P,0.001,20.62
3579,2,potato,1,K,0.001,26.49
3579,2,potato,2,Urea,0.3,12.7
3579,2,potato,3,Urea,0.5,17.9
3580,2,potato,1,Urea,0.001,8.5
3580,2,potato,1,P,0.001,20.62
3580,2,potato,1,K,0.001,26.49
3580,2,potato,2,Urea,0.3,12.7
3580,2,potato,3,Urea,0.5,17.9
3581,2,potato,1,Urea,0.001,8.5
3581,2,potato,1,P,0.001,20.62
3581,2,potato,1,K,0.001,26.49
3581,2,potato,2,Urea,0.3,12.7
3581,2,potato,3,Urea,0.5,17.9
3586,2,potato,1,Urea,0.001,8.5
3586,2,potato,1,P,0.001,20.62
3586,2,potato,1,K,0.001,26.49
3586,2,potato,2,Urea,0.3,12.7
3586,2,potato,3,Urea,0.5,17.9
3588,2,potato,1,Urea,0.001,8.5
3588,2,potato,1,P,0.001,20.62
3588,2,potato,1,K,0.001,26.49
3588,2,potato,2,Urea,0.3,12.7
3588,2,potato,3,Urea,0.5,17.9
3589,2,potato,1,Urea,0.001,8.5
3589,2,potato,1,P,0.001,20.62
3589,2,potato,1,K,0.001,26.49
3589,2,potato,2,Urea,0.3,12.7
3589,2,potato,3,Urea,0.5,17.9
3591,2,potato,1,Urea,0.001,8.5
3591,2,potato,1,P,0.001,20.62
3591,2,potato,1,K,0.001,26.49
3591,2,potato,2,Urea,0.3,12.7
3591,2,potato,3,Urea,0.5,17.9
3593,2,potato,1,Urea,0.001,8.5
3593,2,potato,1,P,0.001,20.62
3593,2,potato,1,K,0.001,26.49
3593,2,potato,2,Urea,0.3,12.7
3593,2,potato,3,Urea,0.5,17.9
3594,2,potato,1,Urea,0.001,8.5
3594,2,potato,1,P,0.001,20.62
3594,2,potato,1,K,0.001,26.49
3594,2,potato,2,Urea,0.3,12.7
3594,2,potato,3,Urea,0.5,17.9
3596,2,potato,1,Urea,0.001,8.5
3596,2,potato,1,P,0.001,20.62
3596,2,potato,1,K,0.001,26.49
3596,2,potato,2,Urea,0.3,12.7
3596,2,potato,3,Urea,0.5,17.9
3599,2,potato,1,Urea,0.001,8.5
3599,2,potato,1,P,0.001,20.62
3599,2,potato,1,K,0.001,26.49
3599,2,potato,2,Urea,0.3,12.7
3599,2,potato,3,Urea,0.5,17.9
3602,2,potato,1,Urea,0.001,8.5
3602,2,potato,1,P,0.001,20.62
3602,2,potato,1,K,0.001,26.49
3602,2,potato,2,Urea,0.3,12.7
3602,2,potato,3,Urea,0.5,17.9
3606,2,potato,1,Urea,0.001,8.5
3606,2,potato,1,P,0.001,20.62
3606,2,potato,1,K,0.001,26.49
3606,2,potato,2,Urea,0.3,12.7
3606,2,potato,3,Urea,0.5,17.9
3607,2,potato,1,Urea,0.001,8.5
3607,2,potato,1,P,0.001,20.62
3607,2,potato,1,K,0.001,26.49
3607,2,potato,2,Urea,0.3,12.7
3607,2,potato,3,Urea,0.5,17.9
3609,2,potato,1,Urea,0.001,8.5
3609,2,potato,1,P,0.001,20.62
3609,2,potato,1,K,0.001,26.49
3609,2,potato,2,Urea,0.3,12.7
3609,2,potato,3,Urea,0.5,17.9
3610,2,potato,1,Urea,0.001,8.5
3610,2,potato,1,P,0.001,20.62
3610,2,potato,1,K,0.001,26.49
3610,2,potato,2,Urea,0.3,12.7
3610,2,potato,3,Urea,0.5,17.9
3612,2,potato,1,Urea,0.001,8.5
3612,2,potato,1,P,0.001,20.62
3612,2,potato,1,K,0.001,26.49
3612,2,potato,2,Urea,0.3,12.7
3612,2,potato,3,Urea,0.5,17.9
3615,2,potato,1,Urea,0.001,8.5
3615,2,potato,1,P,0.001,20.62
3615,2,potato,1,K,0.001,26.49
3615,2,potato,2,Urea,0.3,12.7
3615,2,potato,3,Urea,0.5,17.9
3617,2,potato,1,Urea,0.001,8.5
3617,2,potato,1,P,0.001,20.62
3617,2,potato,1,K,0.001,26.49
3617,2,potato,2,Urea,0.3,12.7
3617,2,potato,3,Urea,0.5,17.9
3622,2,potato,1,Urea,0.001,8.5
3622,2,potato,1,P,0.001,20.62
3622,2,potato,1,K,0.001,26.49
3622,2,potato,2,Urea,0.3,12.7
3622,2,potato,3,Urea,0.5,17.9
3624,2,potato,1,Urea,0.001,8.5
3624,2,potato,1,P,0.001,20.62
3624,2,potato,1,K,0.001,26.49
3624,2,potato,2,Urea,0.3,12.7
3624,2,potato,3,Urea,0.5,17.9
3625,2,potato,1,Urea,0.001,8.5
3625,2,potato,1,P,0.001,20.62
3625,2,potato,1,K,0.001,26.49
3625,2,potato,2,Urea,0.3,12.7
3625,2,potato,3,Urea,0.5,17.9
3627,2,potato,1,Urea,0.001,8.5
3627,2,potato,1,P,0.001,20.62
3627,2,potato,1,K,0.001,26.49
3627,2,potato,2,Urea,0.3,12.7
3627,2,potato,3,Urea,0.5,17.9
3632,2,potato,1,Urea,0.001,8.5
3632,2,potato,1,P,0.001,20.62
3632,2,potato,1,K,0.001,26.49
3632,2,potato,2,Urea,0.3,12.7
3632,2,potato,3,Urea,0.5,17.9
3634,2,potato,1,Urea,0.001,8.5
3634,2,potato,1,P,0.001,20.62
3634,2,potato,1,K,0.001,26.49
3634,2,potato,2,Urea,0.3,12.7
3634,2,potato,3,Urea,0.5,17.9
3635,2,potato,1,Urea,0.001,8.5
3635,2,potato,1,P,0.001,20.62
3635,2,potato,1,K,0.001,26.49
3635,2,potato,2,Urea,0.3,12.7
3635,2,potato,3,Urea,0.5,17.9
3636,2,potato,1,Urea,0.001,8.5
3636,2,potato,1,P,0.001,20.62
3636,2,potato,1,K,0.001,26.49
3636,2,potato,2,Urea,0.3,12.7
3636,2,potato,3,Urea,0.5,17.9
3646,2,potato,1,Urea,0.001,8.5
3646,2,potato,1,P,0.001,20.62
3646,2,potato,1,K,0.001,26.49
3646,2,potato,2,Urea,0.3,12.7
3646,2,potato,3,Urea,0.5,17.9
3647,2,potato,1,Urea,0.001,8.5
3647,2,potato,1,P,0.001,20.62
3647,2,potato,1,K,0.001,26.49
3647,2,potato,2,Urea,0.3,12.7
3647,2,potato,3,Urea,0.5,17.9
3649,2,potato,1,Urea,0.001,8.5
3649,2,potato,1,P,0.001,20.62
3649,2,potato,1,K,0.001,26.49
3649,2,potato,2,Urea,0.3,12.7
3649,2,potato,3,Urea,0.5,17.9
3651,2,potato,1,Urea,0.001,8.5
3651,2,potato,1,P,0.001,20.62
3651,2,potato,1,K,0.001,26.49
3651,2,potato,2,Urea,0.3,12.7
3651,2,potato,3,Urea,0.5,17.9
3652,2,potato,1,Urea,0.001,8.5
3652,2,potato,1,P,0.001,20.62
3652,2,potato,1,K,0.001,26.49
3652,2,potato,2,Urea,0.3,12.7
3652,2,potato,3,Urea,0.5,17.9
3654,2,potato,1,Urea,0.001,8.5
3654,2,potato,1,P,0.001,20.62
3654,2,potato,1,K,0.001,26.49
3654,2,potato,2,Urea,0.3,12.7
3654,2,potato,3,Urea,0.5,17.9
3658,2,potato,1,Urea,0.001,8.5
3658,2,potato,1,P,0.001,20.62
3658,2,potato,1,K,0.001,26.49
3658,2,potato,2,Urea,0.3,12.7
3658,2,potato,3,Urea,0.5,17.9
3659,2,potato,1,Urea,0.001,8.5
3659,2,potato,1,P,0.001,20.62
3659,2,potato,1,K,0.001,26.49
3659,2,potato,2,Urea,0.3,12.7
3659,2,potato,3,Urea,0.5,17.9
3660,2,potato,1,Urea,0.001,8.5
3660,2,potato,1,P,0.001,20.62
3660,2,potato,1,K,0.001,26.49
3660,2,potato,2,Urea,0.3,12.7
3660,2,potato,3,Urea,0.5,17.9
3663,2,potato,1,Urea,0.001,8.5
3663,2,potato,1,P,0.001,20.62
3663,2,potato,1,K,0.001,26.49
3663,2,potato,2,Urea,0.3,12.7
3663,2,potato,3,Urea,0.5,17.9
3664,2,potato,1,Urea,0.001,8.5
3664,2,potato,1,P,0.001,20.62
3664,2,potato,1,K,0.001,26.49
3664,2,potato,2,Urea,0.3,12.7
3664,2,potato,3,Urea,0.5,17.9
3666,2,potato,1,Urea,0.001,8.5
3666,2,potato,1,P,0.001,20.62
3666,2,potato,1,K,0.001,26.49
3666,2,potato,2,Urea,0.3,12.7
3666,2,potato,3,Urea,0.5,17.9
3671,2,potato,1,Urea,0.001,8.5
3671,2,potato,1,P,0.001,20.62
3671,2,potato,1,K,0.001,26.49
3671,2,potato,2,Urea,0.3,12.7
3671,2,potato,3,Urea,0.5,17.9
3673,2,potato,1,Urea,0.001,8.5
3673,2,potato,1,P,0.001,20.62
3673,2,potato,1,K,0.001,26.49
3673,2,potato,2,Urea,0.3,12.7
3673,2,potato,3,Urea,0.5,17.9
3676,2,potato,1,Urea,0.001,8.5
3676,2,potato,1,P,0.001,20.62
3676,2,potato,1,K,0.001,26.49
3676,2,potato,2,Urea,0.3,12.7
3676,2,potato,3,Urea,0.5,17.9
3685,2,potato,1,Urea,0.001,8.5
3685,2,potato,1,P,0.001,20.62
3685,2,potato,1,K,0.001,26.49
3685,2,potato,2,Urea,0.3,12.7
3685,2,potato,3,Urea,0.5,17.9
3686,2,potato,1,Urea,0.001,8.5
3686,2,potato,1,P,0.001,20.62
3686,2,potato,1,K,0.001,26.49
3686,2,potato,2,Urea,0.3,12.7
3686,2,potato,3,Urea,0.5,17.9
3688,2,potato,1,Urea,0.001,8.5
3688,2,potato,1,P,0.001,20.62
3688,2,potato,1,K,0.001,26.49
3688,2,potato,2,Urea,0.3,12.7
3688,2,potato,3,Urea,0.5,17.9
3689,2,potato,1,Urea,0.001,8.5
3689,2,potato,1,P,0.001,20.62
3689,2,potato,1,K,0.001,26.49
3689,2,potato,2,Urea,0.3,12.7
3689,2,potato,3,Urea,0.5,17.9
3691,2,potato,1,Urea,0.001,8.5
3691,2,potato,1,P,0.001,20.62
3691,2,potato,1,K,0.001,26.49
3691,2,potato,2,Urea,0.3,12.7
3691,2,potato,3,Urea,0.5,17.9
3696,2,potato,1,Urea,0.001,8.5
3696,2,potato,1,P,0.001,20.62
3696,2,potato,1,K,0.001,26.49
3696,2,potato,2,Urea,0.3,12.7
3696,2,potato,3,Urea,0.5,17.9
3697,2,potato,1,Urea,0.001,8.5
3697,2,potato,1,P,0.001,20.62
3697,2,potato,1,K,0.001,26.49
3697,2,potato,2,Urea,0.3,12.7
3697,2,potato,3,Urea,0.5,17.9
3698,2,potato,1,Urea,0.001,8.5
3698,2,potato,1,P,0.001,20.62
3698,2,potato,1,K,0.001,26.49
3698,2,potato,2,Urea,0.3,12.7
3698,2,potato,3,Urea,0.5,17.9
3699,2,potato,1,Urea,0.001,8.5
3699,2,potato,1,P,0.001,20.62
3699,2,potato,1,K,0.001,26.49
3699,2,potato,2,Urea,0.3,12.7
3699,2,potato,3,Urea,0.5,17.9
3700,2,potato,1,Urea,0.001,8.5
3700,2,potato,1,P,0.001,20.62
3700,2,potato,1,K,0.001,26.49
3700,2,potato,2,Urea,0.3,12.7
3700,2,potato,3,Urea,0.5,17.9
3702,2,potato,1,Urea,0.001,8.5
3702,2,potato,1,P,0.001,20.62
3702,2,potato,1,K,0.001,26.49
3702,2,potato,2,Urea,0.3,12.7
3702,2,potato,3,Urea,0.5,17.9
3704,2,potato,1,Urea,0.001,8.5
3704,2,potato,1,P,0.001,20.62
3704,2,potato,1,K,0.001,26.49
3704,2,potato,2,Urea,0.3,12.7
3704,2,potato,3,Urea,0.5,17.9
3705,2,potato,1,Urea,0.001,8.5
3705,2,potato,1,P,0.001,20.62
3705,2,potato,1,K,0.001,26.49
3705,2,potato,2,Urea,0.3,12.7
3705,2,potato,3,Urea,0.5,17.9
3706,2,potato,1,Urea,0.001,8.5
3706,2,potato,1,P,0.001,20.62
3706,2,potato,1,K,0.001,26.49
3706,2,potato,2,Urea,0.3,12.7
3706,2,potato,3,Urea,0.5,17.9
3707,2,potato,1,Urea,0.001,8.5
3707,2,potato,1,P,0.001,20.62
3707,2,potato,1,K,0.001,26.49
3707,2,potato,2,Urea,0.3,12.7
3707,2,potato,3,Urea,0.5,17.9
3708,2,potato,1,Urea,0.001,8.5
3708,2,potato,1,P,0.001,20.62
3708,2,potato,1,K,0.001,26.49
3708,2,potato,2,Urea,0.3,12.7
3708,2,potato,3,Urea,0.5,17.9
3709,2,potato,1,Urea,0.001,8.5
3709,2,potato,1,P,0.001,20.62
3709,2,potato,1,K,0.001,26.49
3709,2,potato,2,Urea,0.3,12.7
3709,2,potato,3,Urea,0.5,17.9
3710,2,potato,1,Urea,0.001,8.5
3710,2,potato,1,P,0.001,20.62
3710,2,potato,1,K,0.001,26.49
3710,2,potato,2,Urea,0.3,12.7
3710,2,potato,3,Urea,0.5,17.9
3711,2,potato,1,Urea,0.001,8.5
3711,2,potato,1,P,0.001,20.62
3711,2,potato,1,K,0.001,26.49
3711,2,potato,2,Urea,0.3,12.7
3711,2,potato,3,Urea,0.5,17.9
3712,2,potato,1,Urea,0.001,8.5
3712,2,potato,1,P,0.001,20.62
3712,2,potato,1,K,0.001,26.49
3712,2,potato,2,Urea,0.3,12.7
3712,2,potato,3,Urea,0.5,17.9
3714,2,potato,1,Urea,0.001,8.5
3714,2,potato,1,P,0.001,20.62
3714,2,potato,1,K,0.001,26.49
3714,2,potato,2,Urea,0.3,12.7
3714,2,potato,3,Urea,0.5,17.9
3718,2,potato,1,Urea,0.001,8.5
3718,2,potato,1,P,0.001,20.62
3718,2,potato,1,K,0.001,26.49
3718,2,potato,2,Urea,0.3,12.7
3718,2,potato,3,Urea,0.5,17.9
3722,2,potato,1,Urea,0.001,8.5
3722,2,potato,1,P,0.001,20.62
3722,2,potato,1,K,0.001,26.49
3722,2,potato,2,Urea,0.3,12.7
3722,2,potato,3,Urea,0.5,17.9
3723,2,potato,1,Urea,0.001,8.5
3723,2,potato,1,P,0.001,20.62
3723,2,potato,1,K,0.001,26.49
3723,2,potato,2,Urea,0.3,12.7
3723,2,potato,3,Urea,0.5,17.9
3724,2,potato,1,Urea,0.001,8.5
3724,2,potato,1,P,0.001,20.62
3724,2,potato,1,K,0.001,26.49
3724,2,potato,2,Urea,0.3,12.7
3724,2,potato,3,Urea,0.5,17.9
3726,2,potato,1,Urea,0.001,8.5
3726,2,potato,1,P,0.001,20.62
3726,2,potato,1,K,0.001,26.49
3726,2,potato,2,Urea,0.3,12.7
3726,2,potato,3,Urea,0.5,17.9
3727,2,potato,1,Urea,0.001,8.5
3727,2,potato,1,P,0.001,20.62
3727,2,potato,1,K,0.001,26.49
3727,2,potato,2,Urea,0.3,12.7
3727,2,potato,3,Urea,0.5,17.9
3728,2,potato,1,Urea,0.001,8.5
3728,2,potato,1,P,0.001,20.62
3728,2,potato,1,K,0.001,26.49
3728,2,potato,2,Urea,0.3,12.7
3728,2,potato,3,Urea,0.5,17.9
3729,2,potato,1,Urea,0.001,8.5
3729,2,potato,1,P,0.001,20.62
3729,2,potato,1,K,0.001,26.49
3729,2,potato,2,Urea,0.3,12.7
3729,2,potato,3,Urea,0.5,17.9
3737,2,potato,1,Urea,0.001,8.5
3737,2,potato,1,P,0.001,20.62
3737,2,potato,1,K,0.001,26.49
3737,2,potato,2,Urea,0.3,12.7
3737,2,potato,3,Urea,0.5,17.9
3739,2,potato,1,Urea,0.001,8.5
3739,2,potato,1,P,0.001,20.62
3739,2,potato,1,K,0.001,26.49
3739,2,potato,2,Urea,0.3,12.7
3739,2,potato,3,Urea,0.5,17.9
3748,2,potato,1,Urea,0.001,8.5
3748,2,potato,1,P,0.001,20.62
3748,2,potato,1,K,0.001,26.49
3748,2,potato,2,Urea,0.3,12.7
3748,2,potato,3,Urea,0.5,17.9
3751,2,potato,1,Urea,0.001,8.5
3751,2,potato,1,P,0.001,20.62
3751,2,potato,1,K,0.001,26.49
3751,2,potato,2,Urea,0.3,12.7
3751,2,potato,3,Urea,0.5,17.9
3752,2,potato,1,Urea,0.001,8.5
3752,2,potato,1,P,0.001,20.62
3752,2,potato,1,K,0.001,26.49
3752,2,potato,2,Urea,0.3,12.7
3752,2,potato,3,Urea,0.5,17.9
3753,2,potato,1,Urea,0.001,8.5
3753,2,potato,1,P,0.001,20.62
3753,2,potato,1,K,0.001,26.49
3753,2,potato,2,Urea,0.3,12.7
3753,2,potato,3,Urea,0.5,17.9
3754,2,potato,1,Urea,0.001,8.5
3754,2,potato,1,P,0.001,20.62
3754,2,potato,1,K,0.001,26.49
3754,2,potato,2,Urea,0.3,12.7
3754,2,potato,3,Urea,0.5,17.9
3756,2,potato,1,Urea,0.001,8.5
3756,2,potato,1,P,0.001,20.62
3756,2,potato,1,K,0.001,26.49
3756,2,potato,2,Urea,0.3,12.7
3756,2,potato,3,Urea,0.5,17.9
3760,2,potato,1,Urea,0.001,8.5
3760,2,potato,1,P,0.001,20.62
3760,2,potato,1,K,0.001,26.49
3760,2,potato,2,Urea,0.3,12.7
3760,2,potato,3,Urea,0.5,17.9
3761,2,potato,1,Urea,0.001,8.5
3761,2,potato,1,P,0.001,20.62
3761,2,potato,1,K,0.001,26.49
3761,2,potato,2,Urea,0.3,12.7
3761,2,potato,3,Urea,0.5,17.9
3763,2,potato,1,Urea,0.001,8.5
3763,2,potato,1,P,0.001,20.62
3763,2,potato,1,K,0.001,26.49
3763,2,potato,2,Urea,0.3,12.7
3763,2,potato,3,Urea,0.5,17.9
3766,2,potato,1,Urea,0.001,8.5
3766,2,potato,1,P,0.001,20.62
3766,2,potato,1,K,0.001,26.49
3766,2,potato,2,Urea,0.3,12.7
3766,2,potato,3,Urea,0.5,17.9
3767,2,potato,1,Urea,0.001,8.5
3767,2,potato,1,P,0.001,20.62
3767,2,potato,1,K,0.001,26.49
3767,2,potato,2,Urea,0.3,12.7
3767,2,potato,3,Urea,0.5,17.9
3771,2,potato,1,Urea,0.001,8.5
3771,2,potato,1,P,0.001,20.62
3771,2,potato,1,K,0.001,26.49
3771,2,potato,2,Urea,0.3,12.7
3771,2,potato,3,Urea,0.5,17.9
3773,2,potato,1,Urea,0.001,8.5
3773,2,potato,1,P,0.001,20.62
3773,2,potato,1,K,0.001,26.49
3773,2,potato,2,Urea,0.3,12.7
3773,2,potato,3,Urea,0.5,17.9
3774,2,potato,1,Urea,0.001,8.5
3774,2,potato,1,P,0.001,20.62
3774,2,potato,1,K,0.001,26.49
3774,2,potato,2,Urea,0.3,12.7
3774,2,potato,3,Urea,0.5,17.9
3776,2,potato,1,Urea,0.001,8.5
3776,2,potato,1,P,0.001,20.62
3776,2,potato,1,K,0.001,26.49
3776,2,potato,2,Urea,0.3,12.7
3776,2,potato,3,Urea,0.5,17.9
3784,2,potato,1,Urea,0.001,8.5
3784,2,potato,1,P,0.001,20.62
3784,2,potato,1,K,0.001,26.49
3784,2,potato,2,Urea,0.3,12.7
3784,2,potato,3,Urea,0.5,17.9
3785,2,potato,1,Urea,0.001,8.5
3785,2,potato,1,P,0.001,20.62
3785,2,potato,1,K,0.001,26.49
3785,2,potato,2,Urea,0.3,12.7
3785,2,potato,3,Urea,0.5,17.9
3790,2,potato,1,Urea,0.001,8.5
3790,2,potato,1,P,0.001,20.62
3790,2,potato,1,K,0.001,26.49
3790,2,potato,2,Urea,0.3,12.7
3790,2,potato,3,Urea,0.5,17.9
3792,2,potato,1,Urea,0.001,8.5
3792,2,potato,1,P,0.001,20.62
3792,2,potato,1,K,0.001,26.49
3792,2,potato,2,Urea,0.3,12.7
3792,2,potato,3,Urea,0.5,17.9
3793,2,potato,1,Urea,0.001,8.5
3793,2,potato,1,P,0.001,20.62
3793,2,potato,1,K,0.001,26.49
3793,2,potato,2,Urea,0.3,12.7
3793,2,potato,3,Urea,0.5,17.9
3795,2,potato,1,Urea,0.001,8.5
3795,2,potato,1,P,0.001,20.62
3795,2,potato,1,K,0.001,26.49
3795,2,potato,2,Urea,0.3,12.7
3795,2,potato,3,Urea,0.5,17.9
3801,2,potato,1,Urea,0.001,8.5
3801,2,potato,1,P,0.001,20.62
3801,2,potato,1,K,0.001,26.49
3801,2,potato,2,Urea,0.3,12.7
3801,2,potato,3,Urea,0.5,17.9
3805,2,potato,1,Urea,0.001,8.5
3805,2,potato,1,P,0.001,20.62
3805,2,potato,1,K,0.001,26.49
3805,2,potato,2,Urea,0.3,12.7
3805,2,potato,3,Urea,0.5,17.9
3806,2,potato,1,Urea,0.001,8.5
3806,2,potato,1,P,0.001,20.62
3806,2,potato,1,K,0.001,26.49
3806,2,potato,2,Urea,0.3,12.7
3806,2,potato,3,Urea,0.5,17.9
3808,2,potato,1,Urea,0.001,8.5
3808,2,potato,1,P,0.001,20.62
3808,2,potato,1,K,0.001,26.49
3808,2,potato,2,Urea,0.3,12.7
3808,2,potato,3,Urea,0.5,17.9
3809,2,potato,1,Urea,0.001,8.5
3809,2,potato,1,P,0.001,20.62
3809,2,potato,1,K,0.001,26.49
3809,2,potato,2,Urea,0.3,12.7
3809,2,potato,3,Urea,0.5,17.9
3810,2,potato,1,Urea,0.001,8.5
3810,2,potato,1,P,0.001,20.62
3810,2,potato,1,K,0.001,26.49
3810,2,potato,2,Urea,0.3,12.7
3810,2,potato,3,Urea,0.5,17.9
3811,2,potato,1,Urea,0.001,8.5
3811,2,potato,1,P,0.001,20.62
3811,2,potato,1,K,0.001,26.49
3811,2,potato,2,Urea,0.3,12.7
3811,2,potato,3,Urea,0.5,17.9
3812,2,potato,1,Urea,0.001,8.5
3812,2,potato,1,P,0.001,20.62
3812,2,potato,1,K,0.001,26.49
3812,2,potato,2,Urea,0.3,12.7
3812,2,potato,3,Urea,0.5,17.9
3813,2,potato,1,Urea,0.001,8.5
3813,2,potato,1,P,0.001,20.62
3813,2,potato,1,K,0.001,26.49
3813,2,potato,2,Urea,0.3,12.7
3813,2,potato,3,Urea,0.5,17.9
3816,2,potato,1,Urea,0.001,8.5
3816,2,potato,1,P,0.001,20.62
3816,2,potato,1,K,0.001,26.49
3816,2,potato,2,Urea,0.3,12.7
3816,2,potato,3,Urea,0.5,17.9
3819,2,potato,1,Urea,0.001,8.5
3819,2,potato,1,P,0.001,20.62
3819,2,potato,1,K,0.001,26.49
3819,2,potato,2,Urea,0.3,12.7
3819,2,potato,3,Urea,0.5,17.9
3820,2,potato,1,Urea,0.001,8.5
3820,2,potato,1,P,0.001,20.62
3820,2,potato,1,K,0.001,26.49
3820,2,potato,2,Urea,0.3,12.7
3820,2,potato,3,Urea,0.5,17.9
3822,2,potato,1,Urea,0.001,8.5
3822,2,potato,1,P,0.001,20.62
3822,2,potato,1,K,0.001,26.49
3822,2,potato,2,Urea,0.3,12.7
3822,2,potato,3,Urea,0.5,17.9
3826,2,potato,1,Urea,0.001,8.5
3826,2,potato,1,P,0.001,20.62
3826,2,potato,1,K,0.001,26.49
3826,2,potato,2,Urea,0.3,12.7
3826,2,potato,3,Urea,0.5,17.9
3828,2,potato,1,Urea,0.001,8.5
3828,2,potato,1,P,0.001,20.62
3828,2,potato,1,K,0.001,26.49
3828,2,potato,2,Urea,0.3,12.7
3828,2,potato,3,Urea,0.5,17.9
3831,2,potato,1,Urea,0.001,8.5
3831,2,potato,1,P,0.001,20.62
3831,2,potato,1,K,0.001,26.49
3831,2,potato,2,Urea,0.3,12.7
3831,2,potato,3,Urea,0.5,17.9
3832,2,potato,1,Urea,0.001,8.5
3832,2,potato,1,P,0.001,20.62
3832,2,potato,1,K,0.001,26.49
3832,2,potato,2,Urea,0.3,12.7
3832,2,potato,3,Urea,0.5,17.9
3834,2,potato,1,Urea,0.001,8.5
3834,2,potato,1,P,0.001,20.62
3834,2,potato,1,K,0.001,26.49
3834,2,potato,2,Urea,0.3,12.7
3834,2,potato,3,Urea,0.5,17.9
3835,2,potato,1,Urea,0.001,8.5
3835,2,potato,1,P,0.001,20.62
3835,2,potato,1,K,0.001,26.49
3835,2,potato,2,Urea,0.3,12.7
3835,2,potato,3,Urea,0.5,17.9
3836,2,potato,1,Urea,0.001,8.5
3836,2,potato,1,P,0.001,20.62
3836,2,potato,1,K,0.001,26.49
3836,2,potato,2,Urea,0.3,12.7
3836,2,potato,3,Urea,0.5,17.9
3840,2,potato,1,Urea,0.001,8.5
3840,2,potato,1,P,0.001,20.62
3840,2,potato,1,K,0.001,26.49
3840,2,potato,2,Urea,0.3,12.7
3840,2,potato,3,Urea,0.5,17.9
3842,2,potato,1,Urea,0.001,8.5
3842,2,potato,1,P,0.001,20.62
3842,2,potato,1,K,0.001,26.49
3842,2,potato,2,Urea,0.3,12.7
3842,2,potato,3,Urea,0.5,17.9
3843,2,potato,1,Urea,0.001,8.5
3843,2,potato,1,P,0.001,20.62
3843,2,potato,1,K,0.001,26.49
3843,2,potato,2,Urea,0.3,12.7
3843,2,potato,3,Urea,0.5,17.9
3845,2,potato,1,Urea,0.001,8.5
3845,2,potato,1,P,0.001,20.62
3845,2,potato,1,K,0.001,26.49
3845,2,potato,2,Urea,0.3,12.7
3845,2,potato,3,Urea,0.5,17.9
3848,2,potato,1,Urea,0.001,8.5
3848,2,potato,1,P,0.001,20.62
3848,2,potato,1,K,0.001,26.49
3848,2,potato,2,Urea,0.3,12.7
3848,2,potato,3,Urea,0.5,17.9
3854,2,potato,1,Urea,0.001,8.5
3854,2,potato,1,P,0.001,20.62
3854,2,potato,1,K,0.001,26.49
3854,2,potato,2,Urea,0.3,12.7
3854,2,potato,3,Urea,0.5,17.9
3855,2,potato,1,Urea,0.001,8.5
3855,2,potato,1,P,0.001,20.62
3855,2,potato,1,K,0.001,26.49
3855,2,potato,2,Urea,0.3,12.7
3855,2,potato,3,Urea,0.5,17.9
3860,2,potato,1,Urea,0.001,8.5
3860,2,potato,1,P,0.001,20.62
3860,2,potato,1,K,0.001,26.49
3860,2,potato,2,Urea,0.3,12.7
3860,2,potato,3,Urea,0.5,17.9
3861,2,potato,1,Urea,0.001,8.5
3861,2,potato,1,P,0.001,20.62
3861,2,potato,1,K,0.001,26.49
3861,2,potato,2,Urea,0.3,12.7
3861,2,potato,3,Urea,0.5,17.9
3863,2,potato,1,Urea,0.001,8.5
3863,2,potato,1,P,0.001,20.62
3863,2,potato,1,K,0.001,26.49
3863,2,potato,2,Urea,0.3,12.7
3863,2,potato,3,Urea,0.5,17.9
3864,2,potato,1,Urea,0.001,8.5
3864,2,potato,1,P,0.001,20.62
3864,2,potato,1,K,0.001,26.49
3864,2,potato,2,Urea,0.3,12.7
3864,2,potato,3,Urea,0.5,17.9
3865,2,potato,1,Urea,0.001,8.5
3865,2,potato,1,P,0.001,20.62
3865,2,potato,1,K,0.001,26.49
3865,2,potato,2,Urea,0.3,12.7
3865,2,potato,3,Urea,0.5,17.9
3866,2,potato,1,Urea,0.001,8.5
3866,2,potato,1,P,0.001,20.62
3866,2,potato,1,K,0.001,26.49
3866,2,potato,2,Urea,0.3,12.7
3866,2,potato,3,Urea,0.5,17.9
3869,2,potato,1,Urea,0.001,8.5
3869,2,potato,1,P,0.001,20.62
3869,2,potato,1,K,0.001,26.49
3869,2,potato,2,Urea,0.3,12.7
3869,2,potato,3,Urea,0.5,17.9
3870,2,potato,1,Urea,0.001,8.5
3870,2,potato,1,P,0.001,20.62
3870,2,potato,1,K,0.001,26.49
3870,2,potato,2,Urea,0.3,12.7
3870,2,potato,3,Urea,0.5,17.9
3873,2,potato,1,Urea,0.001,8.5
3873,2,potato,1,P,0.001,20.62
3873,2,potato,1,K,0.001,26.49
3873,2,potato,2,Urea,0.3,12.7
3873,2,potato,3,Urea,0.5,17.9
3874,2,potato,1,Urea,0.001,8.5
3874,2,potato,1,P,0.001,20.62
3874,2,potato,1,K,0.001,26.49
3874,2,potato,2,Urea,0.3,12.7
3874,2,potato,3,Urea,0.5,17.9
3876,2,potato,1,Urea,0.001,8.5
3876,2,potato,1,P,0.001,20.62
3876,2,potato,1,K,0.001,26.49
3876,2,potato,2,Urea,0.3,12.7
3876,2,potato,3,Urea,0.5,17.9
3880,2,potato,1,Urea,0.001,8.5
3880,2,potato,1,P,0.001,20.62
3880,2,potato,1,K,0.001,26.49
3880,2,potato,2,Urea,0.3,12.7
3880,2,potato,3,Urea,0.5,17.9
3885,2,potato,1,Urea,0.001,8.5
3885,2,potato,1,P,0.001,20.62
3885,2,potato,1,K,0.001,26.49
3885,2,potato,2,Urea,0.3,12.7
3885,2,potato,3,Urea,0.5,17.9
3892,2,potato,1,Urea,0.001,8.5
3892,2,potato,1,P,0.001,20.62
3892,2,potato,1,K,0.001,26.49
3892,2,potato,2,Urea,0.3,12.7
3892,2,potato,3,Urea,0.5,17.9
3893,2,potato,1,Urea,0.001,8.5
3893,2,potato,1,P,0.001,20.62
3893,2,potato,1,K,0.001,26.49
3893,2,potato,2,Urea,0.3,12.7
3893,2,potato,3,Urea,0.5,17.9
3896,2,potato,1,Urea,0.001,8.5
3896,2,potato,1,P,0.001,20.62
3896,2,potato,1,K,0.001,26.49
3896,2,potato,2,Urea,0.3,12.7
3896,2,potato,3,Urea,0.5,17.9
3898,2,potato,1,Urea,0.001,8.5
3898,2,potato,1,P,0.001,20.62
3898,2,potato,1,K,0.001,26.49
3898,2,potato,2,Urea,0.3,12.7
3898,2,potato,3,Urea,0.5,17.9
3899,2,potato,1,Urea,0.001,8.5
3899,2,potato,1,P,0.001,20.62
3899,2,potato,1,K,0.001,26.49
3899,2,potato,2,Urea,0.3,12.7
3899,2,potato,3,Urea,0.5,17.9
3900,2,potato,1,Urea,0.001,8.5
3900,2,potato,1,P,0.001,20.62
3900,2,potato,1,K,0.001,26.49
3900,2,potato,2,Urea,0.3,12.7
3900,2,potato,3,Urea,0.5,17.9
3901,2,potato,1,Urea,0.001,8.5
3901,2,potato,1,P,0.001,20.62
3901,2,potato,1,K,0.001,26.49
3901,2,potato,2,Urea,0.3,12.7
3901,2,potato,3,Urea,0.5,17.9
3902,2,potato,1,Urea,0.001,8.5
3902,2,potato,1,P,0.001,20.62
3902,2,potato,1,K,0.001,26.49
3902,2,potato,2,Urea,0.3,12.7
3902,2,potato,3,Urea,0.5,17.9
3905,2,potato,1,Urea,0.001,8.5
3905,2,potato,1,P,0.001,20.62
3905,2,potato,1,K,0.001,26.49
3905,2,potato,2,Urea,0.3,12.7
3905,2,potato,3,Urea,0.5,17.9
3906,2,potato,1,Urea,0.001,8.5
3906,2,potato,1,P,0.001,20.62
3906,2,potato,1,K,0.001,26.49
3906,2,potato,2,Urea,0.3,12.7
3906,2,potato,3,Urea,0.5,17.9
3907,2,potato,1,Urea,0.001,8.5
3907,2,potato,1,P,0.001,20.62
3907,2,potato,1,K,0.001,26.49
3907,2,potato,2,Urea,0.3,12.7
3907,2,potato,3,Urea,0.5,17.9
3908,2,potato,1,Urea,0.001,8.5
3908,2,potato,1,P,0.001,20.62
3908,2,potato,1,K,0.001,26.49
3908,2,potato,2,Urea,0.3,12.7
3908,2,potato,3,Urea,0.5,17.9
3909,2,potato,1,Urea,0.001,8.5
3909,2,potato,1,P,0.001,20.62
3909,2,potato,1,K,0.001,26.49
3909,2,potato,2,Urea,0.3,12.7
3909,2,potato,3,Urea,0.5,17.9
3914,2,potato,1,Urea,0.001,8.5
3914,2,potato,1,P,0.001,20.62
3914,2,potato,1,K,0.001,26.49
3914,2,potato,2,Urea,0.3,12.7
3914,2,potato,3,Urea,0.5,17.9
3915,2,potato,1,Urea,0.001,8.5
3915,2,potato,1,P,0.001,20.62
3915,2,potato,1,K,0.001,26.49
3915,2,potato,2,Urea,0.3,12.7
3915,2,potato,3,Urea,0.5,17.9
3916,2,potato,1,Urea,0.001,8.5
3916,2,potato,1,P,0.001,20.62
3916,2,potato,1,K,0.001,26.49
3916,2,potato,2,Urea,0.3,12.7
3916,2,potato,3,Urea,0.5,17.9
3918,2,potato,1,Urea,0.001,8.5
3918,2,potato,1,P,0.001,20.62
3918,2,potato,1,K,0.001,26.49
3918,2,potato,2,Urea,0.3,12.7
3918,2,potato,3,Urea,0.5,17.9
3919,2,potato,1,Urea,0.001,8.5
3919,2,potato,1,P,0.001,20.62
3919,2,potato,1,K,0.001,26.49
3919,2,potato,2,Urea,0.3,12.7
3919,2,potato,3,Urea,0.5,17.9
3921,2,potato,1,Urea,0.001,8.5
3921,2,potato,1,P,0.001,20.62
3921,2,potato,1,K,0.001,26.49
3921,2,potato,2,Urea,0.3,12.7
3921,2,potato,3,Urea,0.5,17.9
3924,2,potato,1,Urea,0.001,8.5
3924,2,potato,1,P,0.001,20.62
3924,2,potato,1,K,0.001,26.49
3924,2,potato,2,Urea,0.3,12.7
3924,2,potato,3,Urea,0.5,17.9
3925,2,potato,1,Urea,0.001,8.5
3925,2,potato,1,P,0.001,20.62
3925,2,potato,1,K,0.001,26.49
3925,2,potato,2,Urea,0.3,12.7
3925,2,potato,3,Urea,0.5,17.9
3927,2,potato,1,Urea,0.001,8.5
3927,2,potato,1,P,0.001,20.62
3927,2,potato,1,K,0.001,26.49
3927,2,potato,2,Urea,0.3,12.7
3927,2,potato,3,Urea,0.5,17.9
3931,2,potato,1,Urea,0.001,8.5
3931,2,potato,1,P,0.001,20.62
3931,2,potato,1,K,0.001,26.49
3931,2,potato,2,Urea,0.3,12.7
3931,2,potato,3,Urea,0.5,17.9
3932,2,potato,1,Urea,0.001,8.5
3932,2,potato,1,P,0.001,20.62
3932,2,potato,1,K,0.001,26.49
3932,2,potato,2,Urea,0.3,12.7
3932,2,potato,3,Urea,0.5,17.9
3933,2,potato,1,Urea,0.001,8.5
3933,2,potato,1,P,0.001,20.62
3933,2,potato,1,K,0.001,26.49
3933,2,potato,2,Urea,0.3,12.7
3933,2,potato,3,Urea,0.5,17.9
3934,2,potato,1,Urea,0.001,8.5
3934,2,potato,1,P,0.001,20.62
3934,2,potato,1,K,0.001,26.49
3934,2,potato,2,Urea,0.3,12.7
3934,2,potato,3,Urea,0.5,17.9
3935,2,potato,1,Urea,0.001,8.5
3935,2,potato,1,P,0.001,20.62
3935,2,potato,1,K,0.001,26.49
3935,2,potato,2,Urea,0.3,12.7
3935,2,potato,3,Urea,0.5,17.9
3936,2,potato,1,Urea,0.001,8.5
3936,2,potato,1,P,0.001,20.62
3936,2,potato,1,K,0.001,26.49
3936,2,potato,2,Urea,0.3,12.7
3936,2,potato,3,Urea,0.5,17.9
3937,2,potato,1,Urea,0.001,8.5
3937,2,potato,1,P,0.001,20.62
3937,2,potato,1,K,0.001,26.49
3937,2,potato,2,Urea,0.3,12.7
3937,2,potato,3,Urea,0.5,17.9
3938,2,potato,1,Urea,0.001,8.5
3938,2,potato,1,P,0.001,20.62
3938,2,potato,1,K,0.001,26.49
3938,2,potato,2,Urea,0.3,12.7
3938,2,potato,3,Urea,0.5,17.9
3939,2,potato,1,Urea,0.001,8.5
3939,2,potato,1,P,0.001,20.62
3939,2,potato,1,K,0.001,26.49
3939,2,potato,2,Urea,0.3,12.7
3939,2,potato,3,Urea,0.5,17.9
3940,2,potato,1,Urea,0.001,8.5
3940,2,potato,1,P,0.001,20.62
3940,2,potato,1,K,0.001,26.49
3940,2,potato,2,Urea,0.3,12.7
3940,2,potato,3,Urea,0.5,17.9
3941,2,potato,1,Urea,0.001,8.5
3941,2,potato,1,P,0.001,20.62
3941,2,potato,1,K,0.001,26.49
3941,2,potato,2,Urea,0.3,12.7
3941,2,potato,3,Urea,0.5,17.9
3946,2,potato,1,Urea,0.001,8.5
3946,2,potato,1,P,0.001,20.62
3946,2,potato,1,K,0.001,26.49
3946,2,potato,2,Urea,0.3,12.7
3946,2,potato,3,Urea,0.5,17.9
3947,2,potato,1,Urea,0.001,8.5
3947,2,potato,1,P,0.001,20.62
3947,2,potato,1,K,0.001,26.49
3947,2,potato,2,Urea,0.3,12.7
3947,2,potato,3,Urea,0.5,17.9
3948,2,potato,1,Urea,0.001,8.5
3948,2,potato,1,P,0.001,20.62
3948,2,potato,1,K,0.001,26.49
3948,2,potato,2,Urea,0.3,12.7
3948,2,potato,3,Urea,0.5,17.9
3950,2,potato,1,Urea,0.001,8.5
3950,2,potato,1,P,0.001,20.62
3950,2,potato,1,K,0.001,26.49
3950,2,potato,2,Urea,0.3,12.7
3950,2,potato,3,Urea,0.5,17.9
3952,2,potato,1,Urea,0.001,8.5
3952,2,potato,1,P,0.001,20.62
3952,2,potato,1,K,0.001,26.49
3952,2,potato,2,Urea,0.3,12.7
3952,2,potato,3,Urea,0.5,17.9
3953,2,potato,1,Urea,0.001,8.5
3953,2,potato,1,P,0.001,20.62
3953,2,potato,1,K,0.001,26.49
3953,2,potato,2,Urea,0.3,12.7
3953,2,potato,3,Urea,0.5,17.9
3954,2,potato,1,Urea,0.001,8.5
3954,2,potato,1,P,0.001,20.62
3954,2,potato,1,K,0.001,26.49
3954,2,potato,2,Urea,0.3,12.7
3954,2,potato,3,Urea,0.5,17.9
3958,2,potato,1,Urea,0.001,8.5
3958,2,potato,1,P,0.001,20.62
3958,2,potato,1,K,0.001,26.49
3958,2,potato,2,Urea,0.3,12.7
3958,2,potato,3,Urea,0.5,17.9
3959,2,potato,1,Urea,0.001,8.5
3959,2,potato,1,P,0.001,20.62
3959,2,potato,1,K,0.001,26.49
3959,2,potato,2,Urea,0.3,12.7
3959,2,potato,3,Urea,0.5,17.9
3961,2,potato,1,Urea,0.001,8.5
3961,2,potato,1,P,0.001,20.62
3961,2,potato,1,K,0.001,26.49
3961,2,potato,2,Urea,0.3,12.7
3961,2,potato,3,Urea,0.5,17.9
3963,2,potato,1,Urea,0.001,8.5
3963,2,potato,1,P,0.001,20.62
3963,2,potato,1,K,0.001,26.49
3963,2,potato,2,Urea,0.3,12.7
3963,2,potato,3,Urea,0.5,17.9
3965,2,potato,1,Urea,0.001,8.5
3965,2,potato,1,P,0.001,20.62
3965,2,potato,1,K,0.001,26.49
3965,2,potato,2,Urea,0.3,12.7
3965,2,potato,3,Urea,0.5,17.9
3966,2,potato,1,Urea,0.001,8.5
3966,2,potato,1,P,0.001,20.62
3966,2,potato,1,K,0.001,26.49
3966,2,potato,2,Urea,0.3,12.7
3966,2,potato,3,Urea,0.5,17.9
3968,2,potato,1,Urea,0.001,8.5
3968,2,potato,1,P,0.001,20.62
3968,2,potato,1,K,0.001,26.49
3968,2,potato,2,Urea,0.3,12.7
3968,2,potato,3,Urea,0.5,17.9
3970,2,potato,1,Urea,0.001,8.5
3970,2,potato,1,P,0.001,20.62
3970,2,potato,1,K,0.001,26.49
3970,2,potato,2,Urea,0.3,12.7
3970,2,potato,3,Urea,0.5,17.9
3972,2,potato,1,Urea,0.001,8.5
3972,2,potato,1,P,0.001,20.62
3972,2,potato,1,K,0.001,26.49
3972,2,potato,2,Urea,0.3,12.7
3972,2,potato,3,Urea,0.5,17.9
3974,2,potato,1,Urea,0.001,8.5
3974,2,potato,1,P,0.001,20.62
3974,2,potato,1,K,0.001,26.49
3974,2,potato,2,Urea,0.3,12.7
3974,2,potato,3,Urea,0.5,17.9
3975,2,potato,1,Urea,0.001,8.5
3975,2,potato,1,P,0.001,20.62
3975,2,potato,1,K,0.001,26.49
3975,2,potato,2,Urea,0.3,12.7
3975,2,potato,3,Urea,0.5,17.9
3978,2,potato,1,Urea,0.001,8.5
3978,2,potato,1,P,0.001,20.62
3978,2,potato,1,K,0.001,26.49
3978,2,potato,2,Urea,0.3,12.7
3978,2,potato,3,Urea,0.5,17.9
3979,2,potato,1,Urea,0.001,8.5
3979,2,potato,1,P,0.001,20.62
3979,2,potato,1,K,0.001,26.49
3979,2,potato,2,Urea,0.3,12.7
3979,2,potato,3,Urea,0.5,17.9
3984,2,potato,1,Urea,0.001,8.5
3984,2,potato,1,P,0.001,20.62
3984,2,potato,1,K,0.001,26.49
3984,2,potato,2,Urea,0.3,12.7
3984,2,potato,3,Urea,0.5,17.9
3985,2,potato,1,Urea,0.001,8.5
3985,2,potato,1,P,0.001,20.62
3985,2,potato,1,K,0.001,26.49
3985,2,potato,2,Urea,0.3,12.7
3985,2,potato,3,Urea,0.5,17.9
3986,2,potato,1,Urea,0.001,8.5
3986,2,potato,1,P,0.001,20.62
3986,2,potato,1,K,0.001,26.49
3986,2,potato,2,Urea,0.3,12.7
3986,2,potato,3,Urea,0.5,17.9
3987,2,potato,1,Urea,0.001,8.5
3987,2,potato,1,P,0.001,20.62
3987,2,potato,1,K,0.001,26.49
3987,2,potato,2,Urea,0.3,12.7
3987,2,potato,3,Urea,0.5,17.9
3988,2,potato,1,Urea,0.001,8.5
3988,2,potato,1,P,0.001,20.62
3988,2,potato,1,K,0.001,26.49
3988,2,potato,2,Urea,0.3,12.7
3988,2,potato,3,Urea,0.5,17.9
3990,2,potato,1,Urea,0.001,8.5
3990,2,potato,1,P,0.001,20.62
3990,2,potato,1,K,0.001,26.49
3990,2,potato,2,Urea,0.3,12.7
3990,2,potato,3,Urea,0.5,17.9
3998,2,potato,1,Urea,0.001,8.5
3998,2,potato,1,P,0.001,20.62
3998,2,potato,1,K,0.001,26.49
3998,2,potato,2,Urea,0.3,12.7
3998,2,potato,3,Urea,0.5,17.9
4002,2,potato,1,Urea,0.001,8.5
4002,2,potato,1,P,0.001,20.62
4002,2,potato,1,K,0.001,26.49
4002,2,potato,2,Urea,0.3,12.7
4002,2,potato,3,Urea,0.5,17.9
4003,2,potato,1,Urea,0.001,8.5
4003,2,potato,1,P,0.001,20.62
4003,2,potato,1,K,0.001,26.49
4003,2,potato,2,Urea,0.3,12.7
4003,2,potato,3,Urea,0.5,17.9
4006,2,potato,1,Urea,0.001,8.5
4006,2,potato,1,P,0.001,20.62
4006,2,potato,1,K,0.001,26.49
4006,2,potato,2,Urea,0.3,12.7
4006,2,potato,3,Urea,0.5,17.9
4008,2,potato,1,Urea,0.001,8.5
4008,2,potato,1,P,0.001,20.62
4008,2,potato,1,K,0.001,26.49
4008,2,potato,2,Urea,0.3,12.7
4008,2,potato,3,Urea,0.5,17.9
4009,2,potato,1,Urea,0.001,8.5
4009,2,potato,1,P,0.001,20.62
4009,2,potato,1,K,0.001,26.49
4009,2,potato,2,Urea,0.3,12.7
4009,2,potato,3,Urea,0.5,17.9
4010,2,potato,1,Urea,0.001,8.5
4010,2,potato,1,P,0.001,20.62
4010,2,potato,1,K,0.001,26.49
4010,2,potato,2,Urea,0.3,12.7
4010,2,potato,3,Urea,0.5,17.9
4011,2,potato,1,Urea,0.001,8.5
4011,2,potato,1,P,0.001,20.62
4011,2,potato,1,K,0.001,26.49
4011,2,potato,2,Urea,0.3,12.7
4011,2,potato,3,Urea,0.5,17.9
4013,2,potato,1,Urea,0.001,8.5
4013,2,potato,1,P,0.001,20.62
4013,2,potato,1,K,0.001,26.49
4013,2,potato,2,Urea,0.3,12.7
4013,2,potato,3,Urea,0.5,17.9
4015,2,potato,1,Urea,0.001,8.5
4015,2,potato,1,P,0.001,20.62
4015,2,potato,1,K,0.001,26.49
4015,2,potato,2,Urea,0.3,12.7
4015,2,potato,3,Urea,0.5,17.9
4018,2,potato,1,Urea,0.001,8.5
4018,2,potato,1,P,0.001,20.62
4018,2,potato,1,K,0.001,26.49
4018,2,potato,2,Urea,0.3,12.7
4018,2,potato,3,Urea,0.5,17.9
4019,2,potato,1,Urea,0.001,8.5
4019,2,potato,1,P,0.001,20.62
4019,2,potato,1,K,0.001,26.49
4019,2,potato,2,Urea,0.3,12.7
4019,2,potato,3,Urea,0.5,17.9
4020,2,potato,1,Urea,0.001,8.5
4020,2,potato,1,P,0.001,20.62
4020,2,potato,1,K,0.001,26.49
4020,2,potato,2,Urea,0.3,12.7
4020,2,potato,3,Urea,0.5,17.9
4021,2,potato,1,Urea,0.001,8.5
4021,2,potato,1,P,0.001,20.62
4021,2,potato,1,K,0.001,26.49
4021,2,potato,2,Urea,0.3,12.7
4021,2,potato,3,Urea,0.5,17.9
4023,2,potato,1,Urea,0.001,8.5
4023,2,potato,1,P,0.001,20.62
4023,2,potato,1,K,0.001,26.49
4023,2,potato,2,Urea,0.3,12.7
4023,2,potato,3,Urea,0.5,17.9
4025,2,potato,1,Urea,0.001,8.5
4025,2,potato,1,P,0.001,20.62
4025,2,potato,1,K,0.001,26.49
4025,2,potato,2,Urea,0.3,12.7
4025,2,potato,3,Urea,0.5,17.9
4026,2,potato,1,Urea,0.001,8.5
4026,2,potato,1,P,0.001,20.62
4026,2,potato,1,K,0.001,26.49
4026,2,potato,2,Urea,0.3,12.7
4026,2,potato,3,Urea,0.5,17.9
4027,2,potato,1,Urea,0.001,8.5
4027,2,potato,1,P,0.001,20.62
4027,2,potato,1,K,0.001,26.49
4027,2,potato,2,Urea,0.3,12.7
4027,2,potato,3,Urea,0.5,17.9
4034,2,potato,1,Urea,0.001,8.5
4034,2,potato,1,P,0.001,20.62
4034,2,potato,1,K,0.001,26.49
4034,2,potato,2,Urea,0.3,12.7
4034,2,potato,3,Urea,0.5,17.9
4036,2,potato,1,Urea,0.001,8.5
4036,2,potato,1,P,0.001,20.62
4036,2,potato,1,K,0.001,26.49
4036,2,potato,2,Urea,0.3,12.7
4036,2,potato,3,Urea,0.5,17.9
4039,2,potato,1,Urea,0.001,8.5
4039,2,potato,1,P,0.001,20.62
4039,2,potato,1,K,0.001,26.49
4039,2,potato,2,Urea,0.3,12.7
4039,2,potato,3,Urea,0.5,17.9
4047,2,potato,1,Urea,0.001,8.5
4047,2,potato,1,P,0.001,20.62
4047,2,potato,1,K,0.001,26.49
4047,2,potato,2,Urea,0.3,12.7
4047,2,potato,3,Urea,0.5,17.9
4048,2,potato,1,Urea,0.001,8.5
4048,2,potato,1,P,0.001,20.62
4048,2,potato,1,K,0.001,26.49
4048,2,potato,2,Urea,0.3,12.7
4048,2,potato,3,Urea,0.5,17.9
4053,2,potato,1,Urea,0.001,8.5
4053,2,potato,1,P,0.001,20.62
4053,2,potato,1,K,0.001,26.49
4053,2,potato,2,Urea,0.3,12.7
4053,2,potato,3,Urea,0.5,17.9
4062,2,potato,1,Urea,0.001,8.5
4062,2,potato,1,P,0.001,20.62
4062,2,potato,1,K,0.001,26.49
4062,2,potato,2,Urea,0.3,12.7
4062,2,potato,3,Urea,0.5,17.9
4064,2,potato,1,Urea,0.001,8.5
4064,2,potato,1,P,0.001,20.62
4064,2,potato,1,K,0.001,26.49
4064,2,potato,2,Urea,0.3,12.7
4064,2,potato,3,Urea,0.5,17.9
4067,2,potato,1,Urea,0.001,8.5
4067,2,potato,1,P,0.001,20.62
4067,2,potato,1,K,0.001,26.49
4067,2,potato,2,Urea,0.3,12.7
4067,2,potato,3,Urea,0.5,17.9
4068,2,potato,1,Urea,0.001,8.5
4068,2,potato,1,P,0.001,20.62
4068,2,potato,1,K,0.001,26.49
4068,2,potato,2,Urea,0.3,12.7
4068,2,potato,3,Urea,0.5,17.9
4069,2,potato,1,Urea,0.001,8.5
4069,2,potato,1,P,0.001,20.62
4069,2,potato,1,K,0.001,26.49
4069,2,potato,2,Urea,0.3,12.7
4069,2,potato,3,Urea,0.5,17.9
4071,2,potato,1,Urea,0.001,8.5
4071,2,potato,1,P,0.001,20.62
4071,2,potato,1,K,0.001,26.49
4071,2,potato,2,Urea,0.3,12.7
4071,2,potato,3,Urea,0.5,17.9
4073,2,potato,1,Urea,0.001,8.5
4073,2,potato,1,P,0.001,20.62
4073,2,potato,1,K,0.001,26.49
4073,2,potato,2,Urea,0.3,12.7
4073,2,potato,3,Urea,0.5,17.9
4074,2,potato,1,Urea,0.001,8.5
4074,2,potato,1,P,0.001,20.62
4074,2,potato,1,K,0.001,26.49
4074,2,potato,2,Urea,0.3,12.7
4074,2,potato,3,Urea,0.5,17.9
4078,2,potato,1,Urea,0.001,8.5
4078,2,potato,1,P,0.001,20.62
4078,2,potato,1,K,0.001,26.49
4078,2,potato,2,Urea,0.3,12.7
4078,2,potato,3,Urea,0.5,17.9
4079,2,potato,1,Urea,0.001,8.5
4079,2,potato,1,P,0.001,20.62
4079,2,potato,1,K,0.001,26.49
4079,2,potato,2,Urea,0.3,12.7
4079,2,potato,3,Urea,0.5,17.9
4080,2,potato,1,Urea,0.001,8.5
4080,2,potato,1,P,0.001,20.62
4080,2,potato,1,K,0.001,26.49
4080,2,potato,2,Urea,0.3,12.7
4080,2,potato,3,Urea,0.5,17.9
4084,2,potato,1,Urea,0.001,8.5
4084,2,potato,1,P,0.001,20.62
4084,2,potato,1,K,0.001,26.49
4084,2,potato,2,Urea,0.3,12.7
4084,2,potato,3,Urea,0.5,17.9
4086,2,potato,1,Urea,0.001,8.5
4086,2,potato,1,P,0.001,20.62
4086,2,potato,1,K,0.001,26.49
4086,2,potato,2,Urea,0.3,12.7
4086,2,potato,3,Urea,0.5,17.9
4089,2,potato,1,Urea,0.001,8.5
4089,2,potato,1,P,0.001,20.62
4089,2,potato,1,K,0.001,26.49
4089,2,potato,2,Urea,0.3,12.7
4089,2,potato,3,Urea,0.5,17.9
4090,2,potato,1,Urea,0.001,8.5
4090,2,potato,1,P,0.001,20.62
4090,2,potato,1,K,0.001,26.49
4090,2,potato,2,Urea,0.3,12.7
4090,2,potato,3,Urea,0.5,17.9
4091,2,potato,1,Urea,0.001,8.5
4091,2,potato,1,P,0.001,20.62
4091,2,potato,1,K,0.001,26.49
4091,2,potato,2,Urea,0.3,12.7
4091,2,potato,3,Urea,0.5,17.9
4093,2,potato,1,Urea,0.001,8.5
4093,2,potato,1,P,0.001,20.62
4093,2,potato,1,K,0.001,26.49
4093,2,potato,2,Urea,0.3,12.7
4093,2,potato,3,Urea,0.5,17.9
4094,2,potato,1,Urea,0.001,8.5
4094,2,potato,1,P,0.001,20.62
4094,2,potato,1,K,0.001,26.49
4094,2,potato,2,Urea,0.3,12.7
4094,2,potato,3,Urea,0.5,17.9
4095,2,potato,1,Urea,0.001,8.5
4095,2,potato,1,P,0.001,20.62
4095,2,potato,1,K,0.001,26.49
4095,2,potato,2,Urea,0.3,12.7
4095,2,potato,3,Urea,0.5,17.9
4099,2,potato,1,Urea,0.001,8.5
4099,2,potato,1,P,0.001,20.62
4099,2,potato,1,K,0.001,26.49
4099,2,potato,2,Urea,0.3,12.7
4099,2,potato,3,Urea,0.5,17.9
4102,2,potato,1,Urea,0.001,8.5
4102,2,potato,1,P,0.001,20.62
4102,2,potato,1,K,0.001,26.49
4102,2,potato,2,Urea,0.3,12.7
4102,2,potato,3,Urea,0.5,17.9
4103,2,potato,1,Urea,0.001,8.5
4103,2,potato,1,P,0.001,20.62
4103,2,potato,1,K,0.001,26.49
4103,2,potato,2,Urea,0.3,12.7
4103,2,potato,3,Urea,0.5,17.9
4104,2,potato,1,Urea,0.001,8.5
4104,2,potato,1,P,0.001,20.62
4104,2,potato,1,K,0.001,26.49
4104,2,potato,2,Urea,0.3,12.7
4104,2,potato,3,Urea,0.5,17.9
4105,2,potato,1,Urea,0.001,8.5
4105,2,potato,1,P,0.001,20.62
4105,2,potato,1,K,0.001,26.49
4105,2,potato,2,Urea,0.3,12.7
4105,2,potato,3,Urea,0.5,17.9
4107,2,potato,1,Urea,0.001,8.5
4107,2,potato,1,P,0.001,20.62
4107,2,potato,1,K,0.001,26.49
4107,2,potato,2,Urea,0.3,12.7
4107,2,potato,3,Urea,0.5,17.9
4110,2,potato,1,Urea,0.001,8.5
4110,2,potato,1,P,0.001,20.62
4110,2,potato,1,K,0.001,26.49
4110,2,potato,2,Urea,0.3,12.7
4110,2,potato,3,Urea,0.5,17.9
4111,2,potato,1,Urea,0.001,8.5
4111,2,potato,1,P,0.001,20.62
4111,2,potato,1,K,0.001,26.49
4111,2,potato,2,Urea,0.3,12.7
4111,2,potato,3,Urea,0.5,17.9
4114,2,potato,1,Urea,0.001,8.5
4114,2,potato,1,P,0.001,20.62
4114,2,potato,1,K,0.001,26.49
4114,2,potato,2,Urea,0.3,12.7
4114,2,potato,3,Urea,0.5,17.9
4120,2,potato,1,Urea,0.001,8.5
4120,2,potato,1,P,0.001,20.62
4120,2,potato,1,K,0.001,26.49
4120,2,potato,2,Urea,0.3,12.7
4120,2,potato,3,Urea,0.5,17.9
4123,2,potato,1,Urea,0.001,8.5
4123,2,potato,1,P,0.001,20.62
4123,2,potato,1,K,0.001,26.49
4123,2,potato,2,Urea,0.3,12.7
4123,2,potato,3,Urea,0.5,17.9
4131,2,potato,1,Urea,0.001,8.5
4131,2,potato,1,P,0.001,20.62
4131,2,potato,1,K,0.001,26.49
4131,2,potato,2,Urea,0.3,12.7
4131,2,potato,3,Urea,0.5,17.9
4133,2,potato,1,Urea,0.001,8.5
4133,2,potato,1,P,0.001,20.62
4133,2,potato,1,K,0.001,26.49
4133,2,potato,2,Urea,0.3,12.7
4133,2,potato,3,Urea,0.5,17.9
4134,2,potato,1,Urea,0.001,8.5
4134,2,potato,1,P,0.001,20.62
4134,2,potato,1,K,0.001,26.49
4134,2,potato,2,Urea,0.3,12.7
4134,2,potato,3,Urea,0.5,17.9
4135,2,potato,1,Urea,0.001,8.5
4135,2,potato,1,P,0.001,20.62
4135,2,potato,1,K,0.001,26.49
4135,2,potato,2,Urea,0.3,12.7
4135,2,potato,3,Urea,0.5,17.9
4137,2,potato,1,Urea,0.001,8.5
4137,2,potato,1,P,0.001,20.62
4137,2,potato,1,K,0.001,26.49
4137,2,potato,2,Urea,0.3,12.7
4137,2,potato,3,Urea,0.5,17.9
4138,2,potato,1,Urea,0.001,8.5
4138,2,potato,1,P,0.001,20.62
4138,2,potato,1,K,0.001,26.49
4138,2,potato,2,Urea,0.3,12.7
4138,2,potato,3,Urea,0.5,17.9
4140,2,potato,1,Urea,0.001,8.5
4140,2,potato,1,P,0.001,20.62
4140,2,potato,1,K,0.001,26.49
4140,2,potato,2,Urea,0.3,12.7
4140,2,potato,3,Urea,0.5,17.9
4144,2,potato,1,Urea,0.001,8.5
4144,2,potato,1,P,0.001,20.62
4144,2,potato,1,K,0.001,26.49
4144,2,potato,2,Urea,0.3,12.7
4144,2,potato,3,Urea,0.5,17.9
4147,2,potato,1,Urea,0.001,8.5
4147,2,potato,1,P,0.001,20.62
4147,2,potato,1,K,0.001,26.49
4147,2,potato,2,Urea,0.3,12.7
4147,2,potato,3,Urea,0.5,17.9
4148,2,potato,1,Urea,0.001,8.5
4148,2,potato,1,P,0.001,20.62
4148,2,potato,1,K,0.001,26.49
4148,2,potato,2,Urea,0.3,12.7
4148,2,potato,3,Urea,0.5,17.9
4149,2,potato,1,Urea,0.001,8.5
4149,2,potato,1,P,0.001,20.62
4149,2,potato,1,K,0.001,26.49
4149,2,potato,2,Urea,0.3,12.7
4149,2,potato,3,Urea,0.5,17.9
4150,2,potato,1,Urea,0.001,8.5
4150,2,potato,1,P,0.001,20.62
4150,2,potato,1,K,0.001,26.49
4150,2,potato,2,Urea,0.3,12.7
4150,2,potato,3,Urea,0.5,17.9
4153,2,potato,1,Urea,0.001,8.5
4153,2,potato,1,P,0.001,20.62
4153,2,potato,1,K,0.001,26.49
4153,2,potato,2,Urea,0.3,12.7
4153,2,potato,3,Urea,0.5,17.9
4155,2,potato,1,Urea,0.001,8.5
4155,2,potato,1,P,0.001,20.62
4155,2,potato,1,K,0.001,26.49
4155,2,potato,2,Urea,0.3,12.7
4155,2,potato,3,Urea,0.5,17.9
4156,2,potato,1,Urea,0.001,8.5
4156,2,potato,1,P,0.001,20.62
4156,2,potato,1,K,0.001,26.49
4156,2,potato,2,Urea,0.3,12.7
4156,2,potato,3,Urea,0.5,17.9
4159,2,potato,1,Urea,0.001,8.5
4159,2,potato,1,P,0.001,20.62
4159,2,potato,1,K,0.001,26.49
4159,2,potato,2,Urea,0.3,12.7
4159,2,potato,3,Urea,0.5,17.9
4163,2,potato,1,Urea,0.001,8.5
4163,2,potato,1,P,0.001,20.62
4163,2,potato,1,K,0.001,26.49
4163,2,potato,2,Urea,0.3,12.7
4163,2,potato,3,Urea,0.5,17.9
4165,2,potato,1,Urea,0.001,8.5
4165,2,potato,1,P,0.001,20.62
4165,2,potato,1,K,0.001,26.49
4165,2,potato,2,Urea,0.3,12.7
4165,2,potato,3,Urea,0.5,17.9
4168,2,potato,1,Urea,0.001,8.5
4168,2,potato,1,P,0.001,20.62
4168,2,potato,1,K,0.001,26.49
4168,2,potato,2,Urea,0.3,12.7
4168,2,potato,3,Urea,0.5,17.9
4174,2,potato,1,Urea,0.001,8.5
4174,2,potato,1,P,0.001,20.62
4174,2,potato,1,K,0.001,26.49
4174,2,potato,2,Urea,0.3,12.7
4174,2,potato,3,Urea,0.5,17.9
4180,2,potato,1,Urea,0.001,8.5
4180,2,potato,1,P,0.001,20.62
4180,2,potato,1,K,0.001,26.49
4180,2,potato,2,Urea,0.3,12.7
4180,2,potato,3,Urea,0.5,17.9
4186,2,potato,1,Urea,0.001,8.5
4186,2,potato,1,P,0.001,20.62
4186,2,potato,1,K,0.001,26.49
4186,2,potato,2,Urea,0.3,12.7
4186,2,potato,3,Urea,0.5,17.9
4187,2,potato,1,Urea,0.001,8.5
4187,2,potato,1,P,0.001,20.62
4187,2,potato,1,K,0.001,26.49
4187,2,potato,2,Urea,0.3,12.7
4187,2,potato,3,Urea,0.5,17.9
4189,2,potato,1,Urea,0.001,8.5
4189,2,potato,1,P,0.001,20.62
4189,2,potato,1,K,0.001,26.49
4189,2,potato,2,Urea,0.3,12.7
4189,2,potato,3,Urea,0.5,17.9
4191,2,potato,1,Urea,0.001,8.5
4191,2,potato,1,P,0.001,20.62
4191,2,potato,1,K,0.001,26.49
4191,2,potato,2,Urea,0.3,12.7
4191,2,potato,3,Urea,0.5,17.9
4192,2,potato,1,Urea,0.001,8.5
4192,2,potato,1,P,0.001,20.62
4192,2,potato,1,K,0.001,26.49
4192,2,potato,2,Urea,0.3,12.7
4192,2,potato,3,Urea,0.5,17.9
4193,2,potato,1,Urea,0.001,8.5
4193,2,potato,1,P,0.001,20.62
4193,2,potato,1,K,0.001,26.49
4193,2,potato,2,Urea,0.3,12.7
4193,2,potato,3,Urea,0.5,17.9
4194,2,potato,1,Urea,0.001,8.5
4194,2,potato,1,P,0.001,20.62
4194,2,potato,1,K,0.001,26.49
4194,2,potato,2,Urea,0.3,12.7
4194,2,potato,3,Urea,0.5,17.9
4199,2,potato,1,Urea,0.001,8.5
4199,2,potato,1,P,0.001,20.62
4199,2,potato,1,K,0.001,26.49
4199,2,potato,2,Urea,0.3,12.7
4199,2,potato,3,Urea,0.5,17.9
4201,2,potato,1,Urea,0.001,8.5
4201,2,potato,1,P,0.001,20.62
4201,2,potato,1,K,0.001,26.49
4201,2,potato,2,Urea,0.3,12.7
4201,2,potato,3,Urea,0.5,17.9
4204,2,potato,1,Urea,0.001,8.5
4204,2,potato,1,P,0.001,20.62
4204,2,potato,1,K,0.001,26.49
4204,2,potato,2,Urea,0.3,12.7
4204,2,potato,3,Urea,0.5,17.9
4206,2,potato,1,Urea,0.001,8.5
4206,2,potato,1,P,0.001,20.62
4206,2,potato,1,K,0.001,26.49
4206,2,potato,2,Urea,0.3,12.7
4206,2,potato,3,Urea,0.5,17.9
4207,2,potato,1,Urea,0.001,8.5
4207,2,potato,1,P,0.001,20.62
4207,2,potato,1,K,0.001,26.49
4207,2,potato,2,Urea,0.3,12.7
4207,2,potato,3,Urea,0.5,17.9
4208,2,potato,1,Urea,0.001,8.5
4208,2,potato,1,P,0.001,20.62
4208,2,potato,1,K,0.001,26.49
4208,2,potato,2,Urea,0.3,12.7
4208,2,potato,3,Urea,0.5,17.9
4210,2,potato,1,Urea,0.001,8.5
4210,2,potato,1,P,0.001,20.62
4210,2,potato,1,K,0.001,26.49
4210,2,potato,2,Urea,0.3,12.7
4210,2,potato,3,Urea,0.5,17.9
4211,2,potato,1,Urea,0.001,8.5
4211,2,potato,1,P,0.001,20.62
4211,2,potato,1,K,0.001,26.49
4211,2,potato,2,Urea,0.3,12.7
4211,2,potato,3,Urea,0.5,17.9
4212,2,potato,1,Urea,0.001,8.5
4212,2,potato,1,P,0.001,20.62
4212,2,potato,1,K,0.001,26.49
4212,2,potato,2,Urea,0.3,12.7
4212,2,potato,3,Urea,0.5,17.9
4214,2,potato,1,Urea,0.001,8.5
4214,2,potato,1,P,0.001,20.62
4214,2,potato,1,K,0.001,26.49
4214,2,potato,2,Urea,0.3,12.7
4214,2,potato,3,Urea,0.5,17.9
4215,2,potato,1,Urea,0.001,8.5
4215,2,potato,1,P,0.001,20.62
4215,2,potato,1,K,0.001,26.49
4215,2,potato,2,Urea,0.3,12.7
4215,2,potato,3,Urea,0.5,17.9
4217,2,potato,1,Urea,0.001,8.5
4217,2,potato,1,P,0.001,20.62
4217,2,potato,1,K,0.001,26.49
4217,2,potato,2,Urea,0.3,12.7
4217,2,potato,3,Urea,0.5,17.9
4219,2,potato,1,Urea,0.001,8.5
4219,2,potato,1,P,0.001,20.62
4219,2,potato,1,K,0.001,26.49
4219,2,potato,2,Urea,0.3,12.7
4219,2,potato,3,Urea,0.5,17.9
4224,2,potato,1,Urea,0.001,8.5
4224,2,potato,1,P,0.001,20.62
4224,2,potato,1,K,0.001,26.49
4224,2,potato,2,Urea,0.3,12.7
4224,2,potato,3,Urea,0.5,17.9
4229,2,potato,1,Urea,0.001,8.5
4229,2,potato,1,P,0.001,20.62
4229,2,potato,1,K,0.001,26.49
4229,2,potato,2,Urea,0.3,12.7
4229,2,potato,3,Urea,0.5,17.9
4233,2,potato,1,Urea,0.001,8.5
4233,2,potato,1,P,0.001,20.62
4233,2,potato,1,K,0.001,26.49
4233,2,potato,2,Urea,0.3,12.7
4233,2,potato,3,Urea,0.5,17.9
4235,2,potato,1,Urea,0.001,8.5
4235,2,potato,1,P,0.001,20.62
4235,2,potato,1,K,0.001,26.49
4235,2,potato,2,Urea,0.3,12.7
4235,2,potato,3,Urea,0.5,17.9
4236,2,potato,1,Urea,0.001,8.5
4236,2,potato,1,P,0.001,20.62
4236,2,potato,1,K,0.001,26.49
4236,2,potato,2,Urea,0.3,12.7
4236,2,potato,3,Urea,0.5,17.9
4238,2,potato,1,Urea,0.001,8.5
4238,2,potato,1,P,0.001,20.62
4238,2,potato,1,K,0.001,26.49
4238,2,potato,2,Urea,0.3,12.7
4238,2,potato,3,Urea,0.5,17.9
4239,2,potato,1,Urea,0.001,8.5
4239,2,potato,1,P,0.001,20.62
4239,2,potato,1,K,0.001,26.49
4239,2,potato,2,Urea,0.3,12.7
4239,2,potato,3,Urea,0.5,17.9
4240,2,potato,1,Urea,0.001,8.5
4240,2,potato,1,P,0.001,20.62
4240,2,potato,1,K,0.001,26.49
4240,2,potato,2,Urea,0.3,12.7
4240,2,potato,3,Urea,0.5,17.9
4241,2,potato,1,Urea,0.001,8.5
4241,2,potato,1,P,0.001,20.62
4241,2,potato,1,K,0.001,26.49
4241,2,potato,2,Urea,0.3,12.7
4241,2,potato,3,Urea,0.5,17.9
4242,2,potato,1,Urea,0.001,8.5
4242,2,potato,1,P,0.001,20.62
4242,2,potato,1,K,0.001,26.49
4242,2,potato,2,Urea,0.3,12.7
4242,2,potato,3,Urea,0.5,17.9
4243,2,potato,1,Urea,0.001,8.5
4243,2,potato,1,P,0.001,20.62
4243,2,potato,1,K,0.001,26.49
4243,2,potato,2,Urea,0.3,12.7
4243,2,potato,3,Urea,0.5,17.9
4246,2,potato,1,Urea,0.001,8.5
4246,2,potato,1,P,0.001,20.62
4246,2,potato,1,K,0.001,26.49
4246,2,potato,2,Urea,0.3,12.7
4246,2,potato,3,Urea,0.5,17.9
4248,2,potato,1,Urea,0.001,8.5
4248,2,potato,1,P,0.001,20.62
4248,2,potato,1,K,0.001,26.49
4248,2,potato,2,Urea,0.3,12.7
4248,2,potato,3,Urea,0.5,17.9
4249,2,potato,1,Urea,0.001,8.5
4249,2,potato,1,P,0.001,20.62
4249,2,potato,1,K,0.001,26.49
4249,2,potato,2,Urea,0.3,12.7
4249,2,potato,3,Urea,0.5,17.9
4250,2,potato,1,Urea,0.001,8.5
4250,2,potato,1,P,0.001,20.62
4250,2,potato,1,K,0.001,26.49
4250,2,potato,2,Urea,0.3,12.7
4250,2,potato,3,Urea,0.5,17.9
4251,2,potato,1,Urea,0.001,8.5
4251,2,potato,1,P,0.001,20.62
4251,2,potato,1,K,0.001,26.49
4251,2,potato,2,Urea,0.3,12.7
4251,2,potato,3,Urea,0.5,17.9
4252,2,potato,1,Urea,0.001,8.5
4252,2,potato,1,P,0.001,20.62
4252,2,potato,1,K,0.001,26.49
4252,2,potato,2,Urea,0.3,12.7
4252,2,potato,3,Urea,0.5,17.9
4254,2,potato,1,Urea,0.001,8.5
4254,2,potato,1,P,0.001,20.62
4254,2,potato,1,K,0.001,26.49
4254,2,potato,2,Urea,0.3,12.7
4254,2,potato,3,Urea,0.5,17.9
4258,2,potato,1,Urea,0.001,8.5
4258,2,potato,1,P,0.001,20.62
4258,2,potato,1,K,0.001,26.49
4258,2,potato,2,Urea,0.3,12.7
4258,2,potato,3,Urea,0.5,17.9
4259,2,potato,1,Urea,0.001,8.5
4259,2,potato,1,P,0.001,20.62
4259,2,potato,1,K,0.001,26.49
4259,2,potato,2,Urea,0.3,12.7
4259,2,potato,3,Urea,0.5,17.9
4263,2,potato,1,Urea,0.001,8.5
4263,2,potato,1,P,0.001,20.62
4263,2,potato,1,K,0.001,26.49
4263,2,potato,2,Urea,0.3,12.7
4263,2,potato,3,Urea,0.5,17.9
4266,2,potato,1,Urea,0.001,8.5
4266,2,potato,1,P,0.001,20.62
4266,2,potato,1,K,0.001,26.49
4266,2,potato,2,Urea,0.3,12.7
4266,2,potato,3,Urea,0.5,17.9
4267,2,potato,1,Urea,0.001,8.5
4267,2,potato,1,P,0.001,20.62
4267,2,potato,1,K,0.001,26.49
4267,2,potato,2,Urea,0.3,12.7
4267,2,potato,3,Urea,0.5,17.9
4268,2,potato,1,Urea,0.001,8.5
4268,2,potato,1,P,0.001,20.62
4268,2,potato,1,K,0.001,26.49
4268,2,potato,2,Urea,0.3,12.7
4268,2,potato,3,Urea,0.5,17.9
4269,2,potato,1,Urea,0.001,8.5
4269,2,potato,1,P,0.001,20.62
4269,2,potato,1,K,0.001,26.49
4269,2,potato,2,Urea,0.3,12.7
4269,2,potato,3,Urea,0.5,17.9
4270,2,potato,1,Urea,0.001,8.5
4270,2,potato,1,P,0.001,20.62
4270,2,potato,1,K,0.001,26.49
4270,2,potato,2,Urea,0.3,12.7
4270,2,potato,3,Urea,0.5,17.9
4271,2,potato,1,Urea,0.001,8.5
4271,2,potato,1,P,0.001,20.62
4271,2,potato,1,K,0.001,26.49
4271,2,potato,2,Urea,0.3,12.7
4271,2,potato,3,Urea,0.5,17.9
4272,2,potato,1,Urea,0.001,8.5
4272,2,potato,1,P,0.001,20.62
4272,2,potato,1,K,0.001,26.49
4272,2,potato,2,Urea,0.3,12.7
4272,2,potato,3,Urea,0.5,17.9
4277,2,potato,1,Urea,0.001,8.5
4277,2,potato,1,P,0.001,20.62
4277,2,potato,1,K,0.001,26.49
4277,2,potato,2,Urea,0.3,12.7
4277,2,potato,3,Urea,0.5,17.9
4278,2,potato,1,Urea,0.001,8.5
4278,2,potato,1,P,0.001,20.62
4278,2,potato,1,K,0.001,26.49
4278,2,potato,2,Urea,0.3,12.7
4278,2,potato,3,Urea,0.5,17.9
4287,2,potato,1,Urea,0.001,8.5
4287,2,potato,1,P,0.001,20.62
4287,2,potato,1,K,0.001,26.49
4287,2,potato,2,Urea,0.3,12.7
4287,2,potato,3,Urea,0.5,17.9
4290,2,potato,1,Urea,0.001,8.5
4290,2,potato,1,P,0.001,20.62
4290,2,potato,1,K,0.001,26.49
4290,2,potato,2,Urea,0.3,12.7
4290,2,potato,3,Urea,0.5,17.9
4291,2,potato,1,Urea,0.001,8.5
4291,2,potato,1,P,0.001,20.62
4291,2,potato,1,K,0.001,26.49
4291,2,potato,2,Urea,0.3,12.7
4291,2,potato,3,Urea,0.5,17.9
4294,2,potato,1,Urea,0.001,8.5
4294,2,potato,1,P,0.001,20.62
4294,2,potato,1,K,0.001,26.49
4294,2,potato,2,Urea,0.3,12.7
4294,2,potato,3,Urea,0.5,17.9
4295,2,potato,1,Urea,0.001,8.5
4295,2,potato,1,P,0.001,20.62
4295,2,potato,1,K,0.001,26.49
4295,2,potato,2,Urea,0.3,12.7
4295,2,potato,3,Urea,0.5,17.9
4297,2,potato,1,Urea,0.001,8.5
4297,2,potato,1,P,0.001,20.62
4297,2,potato,1,K,0.001,26.49
4297,2,potato,2,Urea,0.3,12.7
4297,2,potato,3,Urea,0.5,17.9
4298,2,potato,1,Urea,0.001,8.5
4298,2,potato,1,P,0.001,20.62
4298,2,potato,1,K,0.001,26.49
4298,2,potato,2,Urea,0.3,12.7
4298,2,potato,3,Urea,0.5,17.9
4300,2,potato,1,Urea,0.001,8.5
4300,2,potato,1,P,0.001,20.62
4300,2,potato,1,K,0.001,26.49
4300,2,potato,2,Urea,0.3,12.7
4300,2,potato,3,Urea,0.5,17.9
4301,2,potato,1,Urea,0.001,8.5
4301,2,potato,1,P,0.001,20.62
4301,2,potato,1,K,0.001,26.49
4301,2,potato,2,Urea,0.3,12.7
4301,2,potato,3,Urea,0.5,17.9
4302,2,potato,1,Urea,0.001,8.5
4302,2,potato,1,P,0.001,20.62
4302,2,potato,1,K,0.001,26.49
4302,2,potato,2,Urea,0.3,12.7
4302,2,potato,3,Urea,0.5,17.9
4304,2,potato,1,Urea,0.001,8.5
4304,2,potato,1,P,0.001,20.62
4304,2,potato,1,K,0.001,26.49
4304,2,potato,2,Urea,0.3,12.7
4304,2,potato,3,Urea,0.5,17.9
4305,2,potato,1,Urea,0.001,8.5
4305,2,potato,1,P,0.001,20.62
4305,2,potato,1,K,0.001,26.49
4305,2,potato,2,Urea,0.3,12.7
4305,2,potato,3,Urea,0.5,17.9
4308,2,potato,1,Urea,0.001,8.5
4308,2,potato,1,P,0.001,20.62
4308,2,potato,1,K,0.001,26.49
4308,2,potato,2,Urea,0.3,12.7
4308,2,potato,3,Urea,0.5,17.9
4311,2,potato,1,Urea,0.001,8.5
4311,2,potato,1,P,0.001,20.62
4311,2,potato,1,K,0.001,26.49
4311,2,potato,2,Urea,0.3,12.7
4311,2,potato,3,Urea,0.5,17.9
4314,2,potato,1,Urea,0.001,8.5
4314,2,potato,1,P,0.001,20.62
4314,2,potato,1,K,0.001,26.49
4314,2,potato,2,Urea,0.3,12.7
4314,2,potato,3,Urea,0.5,17.9
4327,2,potato,1,Urea,0.001,8.5
4327,2,potato,1,P,0.001,20.62
4327,2,potato,1,K,0.001,26.49
4327,2,potato,2,Urea,0.3,12.7
4327,2,potato,3,Urea,0.5,17.9
4332,2,potato,1,Urea,0.001,8.5
4332,2,potato,1,P,0.001,20.62
4332,2,potato,1,K,0.001,26.49
4332,2,potato,2,Urea,0.3,12.7
4332,2,potato,3,Urea,0.5,17.9
4333,2,potato,1,Urea,0.001,8.5
4333,2,potato,1,P,0.001,20.62
4333,2,potato,1,K,0.001,26.49
4333,2,potato,2,Urea,0.3,12.7
4333,2,potato,3,Urea,0.5,17.9
4334,2,potato,1,Urea,0.001,8.5
4334,2,potato,1,P,0.001,20.62
4334,2,potato,1,K,0.001,26.49
4334,2,potato,2,Urea,0.3,12.7
4334,2,potato,3,Urea,0.5,17.9
4336,2,potato,1,Urea,0.001,8.5
4336,2,potato,1,P,0.001,20.62
4336,2,potato,1,K,0.001,26.49
4336,2,potato,2,Urea,0.3,12.7
4336,2,potato,3,Urea,0.5,17.9
4338,2,potato,1,Urea,0.001,8.5
4338,2,potato,1,P,0.001,20.62
4338,2,potato,1,K,0.001,26.49
4338,2,potato,2,Urea,0.3,12.7
4338,2,potato,3,Urea,0.5,17.9
4344,2,potato,1,Urea,0.001,8.5
4344,2,potato,1,P,0.001,20.62
4344,2,potato,1,K,0.001,26.49
4344,2,potato,2,Urea,0.3,12.7
4344,2,potato,3,Urea,0.5,17.9
4345,2,potato,1,Urea,0.001,8.5
4345,2,potato,1,P,0.001,20.62
4345,2,potato,1,K,0.001,26.49
4345,2,potato,2,Urea,0.3,12.7
4345,2,potato,3,Urea,0.5,17.9
4346,2,potato,1,Urea,0.001,8.5
4346,2,potato,1,P,0.001,20.62
4346,2,potato,1,K,0.001,26.49
4346,2,potato,2,Urea,0.3,12.7
4346,2,potato,3,Urea,0.5,17.9
4348,2,potato,1,Urea,0.001,8.5
4348,2,potato,1,P,0.001,20.62
4348,2,potato,1,K,0.001,26.49
4348,2,potato,2,Urea,0.3,12.7
4348,2,potato,3,Urea,0.5,17.9
4351,2,potato,1,Urea,0.001,8.5
4351,2,potato,1,P,0.001,20.62
4351,2,potato,1,K,0.001,26.49
4351,2,potato,2,Urea,0.3,12.7
4351,2,potato,3,Urea,0.5,17.9
4352,2,potato,1,Urea,0.001,8.5
4352,2,potato,1,P,0.001,20.62
4352,2,potato,1,K,0.001,26.49
4352,2,potato,2,Urea,0.3,12.7
4352,2,potato,3,Urea,0.5,17.9
4353,2,potato,1,Urea,0.001,8.5
4353,2,potato,1,P,0.001,20.62
4353,2,potato,1,K,0.001,26.49
4353,2,potato,2,Urea,0.3,12.7
4353,2,potato,3,Urea,0.5,17.9
4357,2,potato,1,Urea,0.001,8.5
4357,2,potato,1,P,0.001,20.62
4357,2,potato,1,K,0.001,26.49
4357,2,potato,2,Urea,0.3,12.7
4357,2,potato,3,Urea,0.5,17.9
4358,2,potato,1,Urea,0.001,8.5
4358,2,potato,1,P,0.001,20.62
4358,2,potato,1,K,0.001,26.49
4358,2,potato,2,Urea,0.3,12.7
4358,2,potato,3,Urea,0.5,17.9
4360,2,potato,1,Urea,0.001,8.5
4360,2,potato,1,P,0.001,20.62
4360,2,potato,1,K,0.001,26.49
4360,2,potato,2,Urea,0.3,12.7
4360,2,potato,3,Urea,0.5,17.9
4362,2,potato,1,Urea,0.001,8.5
4362,2,potato,1,P,0.001,20.62
4362,2,potato,1,K,0.001,26.49
4362,2,potato,2,Urea,0.3,12.7
4362,2,potato,3,Urea,0.5,17.9
4363,2,potato,1,Urea,0.001,8.5
4363,2,potato,1,P,0.001,20.62
4363,2,potato,1,K,0.001,26.49
4363,2,potato,2,Urea,0.3,12.7
4363,2,potato,3,Urea,0.5,17.9
4365,2,potato,1,Urea,0.001,8.5
4365,2,potato,1,P,0.001,20.62
4365,2,potato,1,K,0.001,26.49
4365,2,potato,2,Urea,0.3,12.7
4365,2,potato,3,Urea,0.5,17.9
4367,2,potato,1,Urea,0.001,8.5
4367,2,potato,1,P,0.001,20.62
4367,2,potato,1,K,0.001,26.49
4367,2,potato,2,Urea,0.3,12.7
4367,2,potato,3,Urea,0.5,17.9
4371,2,potato,1,Urea,0.001,8.5
4371,2,potato,1,P,0.001,20.62
4371,2,potato,1,K,0.001,26.49
4371,2,potato,2,Urea,0.3,12.7
4371,2,potato,3,Urea,0.5,17.9
4373,2,potato,1,Urea,0.001,8.5
4373,2,potato,1,P,0.001,20.62
4373,2,potato,1,K,0.001,26.49
4373,2,potato,2,Urea,0.3,12.7
4373,2,potato,3,Urea,0.5,17.9
4377,2,potato,1,Urea,0.001,8.5
4377,2,potato,1,P,0.001,20.62
4377,2,potato,1,K,0.001,26.49
4377,2,potato,2,Urea,0.3,12.7
4377,2,potato,3,Urea,0.5,17.9
4378,2,potato,1,Urea,0.001,8.5
4378,2,potato,1,P,0.001,20.62
4378,2,potato,1,K,0.001,26.49
4378,2,potato,2,Urea,0.3,12.7
4378,2,potato,3,Urea,0.5,17.9
4382,2,potato,1,Urea,0.001,8.5
4382,2,potato,1,P,0.001,20.62
4382,2,potato,1,K,0.001,26.49
4382,2,potato,2,Urea,0.3,12.7
4382,2,potato,3,Urea,0.5,17.9
4383,2,potato,1,Urea,0.001,8.5
4383,2,potato,1,P,0.001,20.62
4383,2,potato,1,K,0.001,26.49
4383,2,potato,2,Urea,0.3,12.7
4383,2,potato,3,Urea,0.5,17.9
4385,2,potato,1,Urea,0.001,8.5
4385,2,potato,1,P,0.001,20.62
4385,2,potato,1,K,0.001,26.49
4385,2,potato,2,Urea,0.3,12.7
4385,2,potato,3,Urea,0.5,17.9
4387,2,potato,1,Urea,0.001,8.5
4387,2,potato,1,P,0.001,20.62
4387,2,potato,1,K,0.001,26.49
4387,2,potato,2,Urea,0.3,12.7
4387,2,potato,3,Urea,0.5,17.9
4389,2,potato,1,Urea,0.001,8.5
4389,2,potato,1,P,0.001,20.62
4389,2,potato,1,K,0.001,26.49
4389,2,potato,2,Urea,0.3,12.7
4389,2,potato,3,Urea,0.5,17.9
4390,2,potato,1,Urea,0.001,8.5
4390,2,potato,1,P,0.001,20.62
4390,2,potato,1,K,0.001,26.49
4390,2,potato,2,Urea,0.3,12.7
4390,2,potato,3,Urea,0.5,17.9
4395,2,potato,1,Urea,0.001,8.5
4395,2,potato,1,P,0.001,20.62
4395,2,potato,1,K,0.001,26.49
4395,2,potato,2,Urea,0.3,12.7
4395,2,potato,3,Urea,0.5,17.9
4396,2,potato,1,Urea,0.001,8.5
4396,2,potato,1,P,0.001,20.62
4396,2,potato,1,K,0.001,26.49
4396,2,potato,2,Urea,0.3,12.7
4396,2,potato,3,Urea,0.5,17.9
4398,2,potato,1,Urea,0.001,8.5
4398,2,potato,1,P,0.001,20.62
4398,2,potato,1,K,0.001,26.49
4398,2,potato,2,Urea,0.3,12.7
4398,2,potato,3,Urea,0.5,17.9
4400,2,potato,1,Urea,0.001,8.5
4400,2,potato,1,P,0.001,20.62
4400,2,potato,1,K,0.001,26.49
4400,2,potato,2,Urea,0.3,12.7
4400,2,potato,3,Urea,0.5,17.9
4401,2,potato,1,Urea,0.001,8.5
4401,2,potato,1,P,0.001,20.62
4401,2,potato,1,K,0.001,26.49
4401,2,potato,2,Urea,0.3,12.7
4401,2,potato,3,Urea,0.5,17.9
4402,2,potato,1,Urea,0.001,8.5
4402,2,potato,1,P,0.001,20.62
4402,2,potato,1,K,0.001,26.49
4402,2,potato,2,Urea,0.3,12.7
4402,2,potato,3,Urea,0.5,17.9
4403,2,potato,1,Urea,0.001,8.5
4403,2,potato,1,P,0.001,20.62
4403,2,potato,1,K,0.001,26.49
4403,2,potato,2,Urea,0.3,12.7
4403,2,potato,3,Urea,0.5,17.9
4405,2,potato,1,Urea,0.001,8.5
4405,2,potato,1,P,0.001,20.62
4405,2,potato,1,K,0.001,26.49
4405,2,potato,2,Urea,0.3,12.7
4405,2,potato,3,Urea,0.5,17.9
4407,2,potato,1,Urea,0.001,8.5
4407,2,potato,1,P,0.001,20.62
4407,2,potato,1,K,0.001,26.49
4407,2,potato,2,Urea,0.3,12.7
4407,2,potato,3,Urea,0.5,17.9
4408,2,potato,1,Urea,0.001,8.5
4408,2,potato,1,P,0.001,20.62
4408,2,potato,1,K,0.001,26.49
4408,2,potato,2,Urea,0.3,12.7
4408,2,potato,3,Urea,0.5,17.9
4409,2,potato,1,Urea,0.001,8.5
4409,2,potato,1,P,0.001,20.62
4409,2,potato,1,K,0.001,26.49
4409,2,potato,2,Urea,0.3,12.7
4409,2,potato,3,Urea,0.5,17.9
4411,2,potato,1,Urea,0.001,8.5
4411,2,potato,1,P,0.001,20.62
4411,2,potato,1,K,0.001,26.49
4411,2,potato,2,Urea,0.3,12.7
4411,2,potato,3,Urea,0.5,17.9
4412,2,potato,1,Urea,0.001,8.5
4412,2,potato,1,P,0.001,20.62
4412,2,potato,1,K,0.001,26.49
4412,2,potato,2,Urea,0.3,12.7
4412,2,potato,3,Urea,0.5,17.9
4413,2,potato,1,Urea,0.001,8.5
4413,2,potato,1,P,0.001,20.62
4413,2,potato,1,K,0.001,26.49
4413,2,potato,2,Urea,0.3,12.7
4413,2,potato,3,Urea,0.5,17.9
4415,2,potato,1,Urea,0.001,8.5
4415,2,potato,1,P,0.001,20.62
4415,2,potato,1,K,0.001,26.49
4415,2,potato,2,Urea,0.3,12.7
4415,2,potato,3,Urea,0.5,17.9
4417,2,potato,1,Urea,0.001,8.5
4417,2,potato,1,P,0.001,20.62
4417,2,potato,1,K,0.001,26.49
4417,2,potato,2,Urea,0.3,12.7
4417,2,potato,3,Urea,0.5,17.9
4418,2,potato,1,Urea,0.001,8.5
4418,2,potato,1,P,0.001,20.62
4418,2,potato,1,K,0.001,26.49
4418,2,potato,2,Urea,0.3,12.7
4418,2,potato,3,Urea,0.5,17.9
4419,2,potato,1,Urea,0.001,8.5
4419,2,potato,1,P,0.001,20.62
4419,2,potato,1,K,0.001,26.49
4419,2,potato,2,Urea,0.3,12.7
4419,2,potato,3,Urea,0.5,17.9
4425,2,potato,1,Urea,0.001,8.5
4425,2,potato,1,P,0.001,20.62
4425,2,potato,1,K,0.001,26.49
4425,2,potato,2,Urea,0.3,12.7
4425,2,potato,3,Urea,0.5,17.9
4427,2,potato,1,Urea,0.001,8.5
4427,2,potato,1,P,0.001,20.62
4427,2,potato,1,K,0.001,26.49
4427,2,potato,2,Urea,0.3,12.7
4427,2,potato,3,Urea,0.5,17.9
4428,2,potato,1,Urea,0.001,8.5
4428,2,potato,1,P,0.001,20.62
4428,2,potato,1,K,0.001,26.49
4428,2,potato,2,Urea,0.3,12.7
4428,2,potato,3,Urea,0.5,17.9
4429,2,potato,1,Urea,0.001,8.5
4429,2,potato,1,P,0.001,20.62
4429,2,potato,1,K,0.001,26.49
4429,2,potato,2,Urea,0.3,12.7
4429,2,potato,3,Urea,0.5,17.9
4430,2,potato,1,Urea,0.001,8.5
4430,2,potato,1,P,0.001,20.62
4430,2,potato,1,K,0.001,26.49
4430,2,potato,2,Urea,0.3,12.7
4430,2,potato,3,Urea,0.5,17.9
4433,2,potato,1,Urea,0.001,8.5
4433,2,potato,1,P,0.001,20.62
4433,2,potato,1,K,0.001,26.49
4433,2,potato,2,Urea,0.3,12.7
4433,2,potato,3,Urea,0.5,17.9
4436,2,potato,1,Urea,0.001,8.5
4436,2,potato,1,P,0.001,20.62
4436,2,potato,1,K,0.001,26.49
4436,2,potato,2,Urea,0.3,12.7
4436,2,potato,3,Urea,0.5,17.9
4437,2,potato,1,Urea,0.001,8.5
4437,2,potato,1,P,0.001,20.62
4437,2,potato,1,K,0.001,26.49
4437,2,potato,2,Urea,0.3,12.7
4437,2,potato,3,Urea,0.5,17.9
4439,2,potato,1,Urea,0.001,8.5
4439,2,potato,1,P,0.001,20.62
4439,2,potato,1,K,0.001,26.49
4439,2,potato,2,Urea,0.3,12.7
4439,2,potato,3,Urea,0.5,17.9
4446,2,potato,1,Urea,0.001,8.5
4446,2,potato,1,P,0.001,20.62
4446,2,potato,1,K,0.001,26.49
4446,2,potato,2,Urea,0.3,12.7
4446,2,potato,3,Urea,0.5,17.9
4447,2,potato,1,Urea,0.001,8.5
4447,2,potato,1,P,0.001,20.62
4447,2,potato,1,K,0.001,26.49
4447,2,potato,2,Urea,0.3,12.7
4447,2,potato,3,Urea,0.5,17.9
4448,2,potato,1,Urea,0.001,8.5
4448,2,potato,1,P,0.001,20.62
4448,2,potato,1,K,0.001,26.49
4448,2,potato,2,Urea,0.3,12.7
4448,2,potato,3,Urea,0.5,17.9
4451,2,potato,1,Urea,0.001,8.5
4451,2,potato,1,P,0.001,20.62
4451,2,potato,1,K,0.001,26.49
4451,2,potato,2,Urea,0.3,12.7
4451,2,potato,3,Urea,0.5,17.9
4452,2,potato,1,Urea,0.001,8.5
4452,2,potato,1,P,0.001,20.62
4452,2,potato,1,K,0.001,26.49
4452,2,potato,2,Urea,0.3,12.7
4452,2,potato,3,Urea,0.5,17.9
4453,2,potato,1,Urea,0.001,8.5
4453,2,potato,1,P,0.001,20.62
4453,2,potato,1,K,0.001,26.49
4453,2,potato,2,Urea,0.3,12.7
4453,2,potato,3,Urea,0.5,17.9
4456,2,potato,1,Urea,0.001,8.5
4456,2,potato,1,P,0.001,20.62
4456,2,potato,1,K,0.001,26.49
4456,2,potato,2,Urea,0.3,12.7
4456,2,potato,3,Urea,0.5,17.9
4461,2,potato,1,Urea,0.001,8.5
4461,2,potato,1,P,0.001,20.62
4461,2,potato,1,K,0.001,26.49
4461,2,potato,2,Urea,0.3,12.7
4461,2,potato,3,Urea,0.5,17.9
4462,2,potato,1,Urea,0.001,8.5
4462,2,potato,1,P,0.001,20.62
4462,2,potato,1,K,0.001,26.49
4462,2,potato,2,Urea,0.3,12.7
4462,2,potato,3,Urea,0.5,17.9
4466,2,potato,1,Urea,0.001,8.5
4466,2,potato,1,P,0.001,20.62
4466,2,potato,1,K,0.001,26.49
4466,2,potato,2,Urea,0.3,12.7
4466,2,potato,3,Urea,0.5,17.9
4471,2,potato,1,Urea,0.001,8.5
4471,2,potato,1,P,0.001,20.62
4471,2,potato,1,K,0.001,26.49
4471,2,potato,2,Urea,0.3,12.7
4471,2,potato,3,Urea,0.5,17.9
4474,2,potato,1,Urea,0.001,8.5
4474,2,potato,1,P,0.001,20.62
4474,2,potato,1,K,0.001,26.49
4474,2,potato,2,Urea,0.3,12.7
4474,2,potato,3,Urea,0.5,17.9
4475,2,potato,1,Urea,0.001,8.5
4475,2,potato,1,P,0.001,20.62
4475,2,potato,1,K,0.001,26.49
4475,2,potato,2,Urea,0.3,12.7
4475,2,potato,3,Urea,0.5,17.9
4476,2,potato,1,Urea,0.001,8.5
4476,2,potato,1,P,0.001,20.62
4476,2,potato,1,K,0.001,26.49
4476,2,potato,2,Urea,0.3,12.7
4476,2,potato,3,Urea,0.5,17.9
4477,2,potato,1,Urea,0.001,8.5
4477,2,potato,1,P,0.001,20.62
4477,2,potato,1,K,0.001,26.49
4477,2,potato,2,Urea,0.3,12.7
4477,2,potato,3,Urea,0.5,17.9
4479,2,potato,1,Urea,0.001,8.5
4479,2,potato,1,P,0.001,20.62
4479,2,potato,1,K,0.001,26.49
4479,2,potato,2,Urea,0.3,12.7
4479,2,potato,3,Urea,0.5,17.9
4483,2,potato,1,Urea,0.001,8.5
4483,2,potato,1,P,0.001,20.62
4483,2,potato,1,K,0.001,26.49
4483,2,potato,2,Urea,0.3,12.7
4483,2,potato,3,Urea,0.5,17.9
4484,2,potato,1,Urea,0.001,8.5
4484,2,potato,1,P,0.001,20.62
4484,2,potato,1,K,0.001,26.49
4484,2,potato,2,Urea,0.3,12.7
4484,2,potato,3,Urea,0.5,17.9
4488,2,potato,1,Urea,0.001,8.5
4488,2,potato,1,P,0.001,20.62
4488,2,potato,1,K,0.001,26.49
4488,2,potato,2,Urea,0.3,12.7
4488,2,potato,3,Urea,0.5,17.9
4498,2,potato,1,Urea,0.001,8.5
4498,2,potato,1,P,0.001,20.62
4498,2,potato,1,K,0.001,26.49
4498,2,potato,2,Urea,0.3,12.7
4498,2,potato,3,Urea,0.5,17.9
4501,2,potato,1,Urea,0.001,8.5
4501,2,potato,1,P,0.001,20.62
4501,2,potato,1,K,0.001,26.49
4501,2,potato,2,Urea,0.3,12.7
4501,2,potato,3,Urea,0.5,17.9
4505,2,potato,1,Urea,0.001,8.5
4505,2,potato,1,P,0.001,20.62
4505,2,potato,1,K,0.001,26.49
4505,2,potato,2,Urea,0.3,12.7
4505,2,potato,3,Urea,0.5,17.9
4506,2,potato,1,Urea,0.001,8.5
4506,2,potato,1,P,0.001,20.62
4506,2,potato,1,K,0.001,26.49
4506,2,potato,2,Urea,0.3,12.7
4506,2,potato,3,Urea,0.5,17.9
4507,2,potato,1,Urea,0.001,8.5
4507,2,potato,1,P,0.001,20.62
4507,2,potato,1,K,0.001,26.49
4507,2,potato,2,Urea,0.3,12.7
4507,2,potato,3,Urea,0.5,17.9
4513,2,potato,1,Urea,0.001,8.5
4513,2,potato,1,P,0.001,20.62
4513,2,potato,1,K,0.001,26.49
4513,2,potato,2,Urea,0.3,12.7
4513,2,potato,3,Urea,0.5,17.9
4514,2,potato,1,Urea,0.001,8.5
4514,2,potato,1,P,0.001,20.62
4514,2,potato,1,K,0.001,26.49
4514,2,potato,2,Urea,0.3,12.7
4514,2,potato,3,Urea,0.5,17.9
4517,2,potato,1,Urea,0.001,8.5
4517,2,potato,1,P,0.001,20.62
4517,2,potato,1,K,0.001,26.49
4517,2,potato,2,Urea,0.3,12.7
4517,2,potato,3,Urea,0.5,17.9
4518,2,potato,1,Urea,0.001,8.5
4518,2,potato,1,P,0.001,20.62
4518,2,potato,1,K,0.001,26.49
4518,2,potato,2,Urea,0.3,12.7
4518,2,potato,3,Urea,0.5,17.9
4519,2,potato,1,Urea,0.001,8.5
4519,2,potato,1,P,0.001,20.62
4519,2,potato,1,K,0.001,26.49
4519,2,potato,2,Urea,0.3,12.7
4519,2,potato,3,Urea,0.5,17.9
4520,2,potato,1,Urea,0.001,8.5
4520,2,potato,1,P,0.001,20.62
4520,2,potato,1,K,0.001,26.49
4520,2,potato,2,Urea,0.3,12.7
4520,2,potato,3,Urea,0.5,17.9
4521,2,potato,1,Urea,0.001,8.5
4521,2,potato,1,P,0.001,20.62
4521,2,potato,1,K,0.001,26.49
4521,2,potato,2,Urea,0.3,12.7
4521,2,potato,3,Urea,0.5,17.9
4522,2,potato,1,Urea,0.001,8.5
4522,2,potato,1,P,0.001,20.62
4522,2,potato,1,K,0.001,26.49
4522,2,potato,2,Urea,0.3,12.7
4522,2,potato,3,Urea,0.5,17.9
4523,2,potato,1,Urea,0.001,8.5
4523,2,potato,1,P,0.001,20.62
4523,2,potato,1,K,0.001,26.49
4523,2,potato,2,Urea,0.3,12.7
4523,2,potato,3,Urea,0.5,17.9
4524,2,potato,1,Urea,0.001,8.5
4524,2,potato,1,P,0.001,20.62
4524,2,potato,1,K,0.001,26.49
4524,2,potato,2,Urea,0.3,12.7
4524,2,potato,3,Urea,0.5,17.9
4527,2,potato,1,Urea,0.001,8.5
4527,2,potato,1,P,0.001,20.62
4527,2,potato,1,K,0.001,26.49
4527,2,potato,2,Urea,0.3,12.7
4527,2,potato,3,Urea,0.5,17.9
4528,2,potato,1,Urea,0.001,8.5
4528,2,potato,1,P,0.001,20.62
4528,2,potato,1,K,0.001,26.49
4528,2,potato,2,Urea,0.3,12.7
4528,2,potato,3,Urea,0.5,17.9
4531,2,potato,1,Urea,0.001,8.5
4531,2,potato,1,P,0.001,20.62
4531,2,potato,1,K,0.001,26.49
4531,2,potato,2,Urea,0.3,12.7
4531,2,potato,3,Urea,0.5,17.9
4533,2,potato,1,Urea,0.001,8.5
4533,2,potato,1,P,0.001,20.62
4533,2,potato,1,K,0.001,26.49
4533,2,potato,2,Urea,0.3,12.7
4533,2,potato,3,Urea,0.5,17.9
4539,2,potato,1,Urea,0.001,8.5
4539,2,potato,1,P,0.001,20.62
4539,2,potato,1,K,0.001,26.49
4539,2,potato,2,Urea,0.3,12.7
4539,2,potato,3,Urea,0.5,17.9
4540,2,potato,1,Urea,0.001,8.5
4540,2,potato,1,P,0.001,20.62
4540,2,potato,1,K,0.001,26.49
4540,2,potato,2,Urea,0.3,12.7
4540,2,potato,3,Urea,0.5,17.9
4543,2,potato,1,Urea,0.001,8.5
4543,2,potato,1,P,0.001,20.62
4543,2,potato,1,K,0.001,26.49
4543,2,potato,2,Urea,0.3,12.7
4543,2,potato,3,Urea,0.5,17.9
4547,2,potato,1,Urea,0.001,8.5
4547,2,potato,1,P,0.001,20.62
4547,2,potato,1,K,0.001,26.49
4547,2,potato,2,Urea,0.3,12.7
4547,2,potato,3,Urea,0.5,17.9
4550,2,potato,1,Urea,0.001,8.5
4550,2,potato,1,P,0.001,20.62
4550,2,potato,1,K,0.001,26.49
4550,2,potato,2,Urea,0.3,12.7
4550,2,potato,3,Urea,0.5,17.9
4551,2,potato,1,Urea,0.001,8.5
4551,2,potato,1,P,0.001,20.62
4551,2,potato,1,K,0.001,26.49
4551,2,potato,2,Urea,0.3,12.7
4551,2,potato,3,Urea,0.5,17.9
4552,2,potato,1,Urea,0.001,8.5
4552,2,potato,1,P,0.001,20.62
4552,2,potato,1,K,0.001,26.49
4552,2,potato,2,Urea,0.3,12.7
4552,2,potato,3,Urea,0.5,17.9
4553,2,potato,1,Urea,0.001,8.5
4553,2,potato,1,P,0.001,20.62
4553,2,potato,1,K,0.001,26.49
4553,2,potato,2,Urea,0.3,12.7
4553,2,potato,3,Urea,0.5,17.9
4554,2,potato,1,Urea,0.001,8.5
4554,2,potato,1,P,0.001,20.62
4554,2,potato,1,K,0.001,26.49
4554,2,potato,2,Urea,0.3,12.7
4554,2,potato,3,Urea,0.5,17.9
4559,2,potato,1,Urea,0.001,8.5
4559,2,potato,1,P,0.001,20.62
4559,2,potato,1,K,0.001,26.49
4559,2,potato,2,Urea,0.3,12.7
4559,2,potato,3,Urea,0.5,17.9
4560,2,potato,1,Urea,0.001,8.5
4560,2,potato,1,P,0.001,20.62
4560,2,potato,1,K,0.001,26.49
4560,2,potato,2,Urea,0.3,12.7
4560,2,potato,3,Urea,0.5,17.9
4561,2,potato,1,Urea,0.001,8.5
4561,2,potato,1,P,0.001,20.62
4561,2,potato,1,K,0.001,26.49
4561,2,potato,2,Urea,0.3,12.7
4561,2,potato,3,Urea,0.5,17.9
4562,2,potato,1,Urea,0.001,8.5
4562,2,potato,1,P,0.001,20.62
4562,2,potato,1,K,0.001,26.49
4562,2,potato,2,Urea,0.3,12.7
4562,2,potato,3,Urea,0.5,17.9
4564,2,potato,1,Urea,0.001,8.5
4564,2,potato,1,P,0.001,20.62
4564,2,potato,1,K,0.001,26.49
4564,2,potato,2,Urea,0.3,12.7
4564,2,potato,3,Urea,0.5,17.9
4565,2,potato,1,Urea,0.001,8.5
4565,2,potato,1,P,0.001,20.62
4565,2,potato,1,K,0.001,26.49
4565,2,potato,2,Urea,0.3,12.7
4565,2,potato,3,Urea,0.5,17.9
4566,2,potato,1,Urea,0.001,8.5
4566,2,potato,1,P,0.001,20.62
4566,2,potato,1,K,0.001,26.49
4566,2,potato,2,Urea,0.3,12.7
4566,2,potato,3,Urea,0.5,17.9
4568,2,potato,1,Urea,0.001,8.5
4568,2,potato,1,P,0.001,20.62
4568,2,potato,1,K,0.001,26.49
4568,2,potato,2,Urea,0.3,12.7
4568,2,potato,3,Urea,0.5,17.9
4569,2,potato,1,Urea,0.001,8.5
4569,2,potato,1,P,0.001,20.62
4569,2,potato,1,K,0.001,26.49
4569,2,potato,2,Urea,0.3,12.7
4569,2,potato,3,Urea,0.5,17.9
4574,2,potato,1,Urea,0.001,8.5
4574,2,potato,1,P,0.001,20.62
4574,2,potato,1,K,0.001,26.49
4574,2,potato,2,Urea,0.3,12.7
4574,2,potato,3,Urea,0.5,17.9
4578,2,potato,1,Urea,0.001,8.5
4578,2,potato,1,P,0.001,20.62
4578,2,potato,1,K,0.001,26.49
4578,2,potato,2,Urea,0.3,12.7
4578,2,potato,3,Urea,0.5,17.9
4579,2,potato,1,Urea,0.001,8.5
4579,2,potato,1,P,0.001,20.62
4579,2,potato,1,K,0.001,26.49
4579,2,potato,2,Urea,0.3,12.7
4579,2,potato,3,Urea,0.5,17.9
4580,2,potato,1,Urea,0.001,8.5
4580,2,potato,1,P,0.001,20.62
4580,2,potato,1,K,0.001,26.49
4580,2,potato,2,Urea,0.3,12.7
4580,2,potato,3,Urea,0.5,17.9
4582,2,potato,1,Urea,0.001,8.5
4582,2,potato,1,P,0.001,20.62
4582,2,potato,1,K,0.001,26.49
4582,2,potato,2,Urea,0.3,12.7
4582,2,potato,3,Urea,0.5,17.9
4583,2,potato,1,Urea,0.001,8.5
4583,2,potato,1,P,0.001,20.62
4583,2,potato,1,K,0.001,26.49
4583,2,potato,2,Urea,0.3,12.7
4583,2,potato,3,Urea,0.5,17.9
4585,2,potato,1,Urea,0.001,8.5
4585,2,potato,1,P,0.001,20.62
4585,2,potato,1,K,0.001,26.49
4585,2,potato,2,Urea,0.3,12.7
4585,2,potato,3,Urea,0.5,17.9
4588,2,potato,1,Urea,0.001,8.5
4588,2,potato,1,P,0.001,20.62
4588,2,potato,1,K,0.001,26.49
4588,2,potato,2,Urea,0.3,12.7
4588,2,potato,3,Urea,0.5,17.9
4593,2,potato,1,Urea,0.001,8.5
4593,2,potato,1,P,0.001,20.62
4593,2,potato,1,K,0.001,26.49
4593,2,potato,2,Urea,0.3,12.7
4593,2,potato,3,Urea,0.5,17.9
4599,2,potato,1,Urea,0.001,8.5
4599,2,potato,1,P,0.001,20.62
4599,2,potato,1,K,0.001,26.49
4599,2,potato,2,Urea,0.3,12.7
4599,2,potato,3,Urea,0.5,17.9
4600,2,potato,1,Urea,0.001,8.5
4600,2,potato,1,P,0.001,20.62
4600,2,potato,1,K,0.001,26.49
4600,2,potato,2,Urea,0.3,12.7
4600,2,potato,3,Urea,0.5,17.9
4601,2,potato,1,Urea,0.001,8.5
4601,2,potato,1,P,0.001,20.62
4601,2,potato,1,K,0.001,26.49
4601,2,potato,2,Urea,0.3,12.7
4601,2,potato,3,Urea,0.5,17.9
4603,2,potato,1,Urea,0.001,8.5
4603,2,potato,1,P,0.001,20.62
4603,2,potato,1,K,0.001,26.49
4603,2,potato,2,Urea,0.3,12.7
4603,2,potato,3,Urea,0.5,17.9
4604,2,potato,1,Urea,0.001,8.5
4604,2,potato,1,P,0.001,20.62
4604,2,potato,1,K,0.001,26.49
4604,2,potato,2,Urea,0.3,12.7
4604,2,potato,3,Urea,0.5,17.9
4610,2,potato,1,Urea,0.001,8.5
4610,2,potato,1,P,0.001,20.62
4610,2,potato,1,K,0.001,26.49
4610,2,potato,2,Urea,0.3,12.7
4610,2,potato,3,Urea,0.5,17.9
4611,2,potato,1,Urea,0.001,8.5
4611,2,potato,1,P,0.001,20.62
4611,2,potato,1,K,0.001,26.49
4611,2,potato,2,Urea,0.3,12.7
4611,2,potato,3,Urea,0.5,17.9
4612,2,potato,1,Urea,0.001,8.5
4612,2,potato,1,P,0.001,20.62
4612,2,potato,1,K,0.001,26.49
4612,2,potato,2,Urea,0.3,12.7
4612,2,potato,3,Urea,0.5,17.9
4613,2,potato,1,Urea,0.001,8.5
4613,2,potato,1,P,0.001,20.62
4613,2,potato,1,K,0.001,26.49
4613,2,potato,2,Urea,0.3,12.7
4613,2,potato,3,Urea,0.5,17.9
4614,2,potato,1,Urea,0.001,8.5
4614,2,potato,1,P,0.001,20.62
4614,2,potato,1,K,0.001,26.49
4614,2,potato,2,Urea,0.3,12.7
4614,2,potato,3,Urea,0.5,17.9
4615,2,potato,1,Urea,0.001,8.5
4615,2,potato,1,P,0.001,20.62
4615,2,potato,1,K,0.001,26.49
4615,2,potato,2,Urea,0.3,12.7
4615,2,potato,3,Urea,0.5,17.9
4616,2,potato,1,Urea,0.001,8.5
4616,2,potato,1,P,0.001,20.62
4616,2,potato,1,K,0.001,26.49
4616,2,potato,2,Urea,0.3,12.7
4616,2,potato,3,Urea,0.5,17.9
4617,2,potato,1,Urea,0.001,8.5
4617,2,potato,1,P,0.001,20.62
4617,2,potato,1,K,0.001,26.49
4617,2,potato,2,Urea,0.3,12.7
4617,2,potato,3,Urea,0.5,17.9
4618,2,potato,1,Urea,0.001,8.5
4618,2,potato,1,P,0.001,20.62
4618,2,potato,1,K,0.001,26.49
4618,2,potato,2,Urea,0.3,12.7
4618,2,potato,3,Urea,0.5,17.9
4619,2,potato,1,Urea,0.001,8.5
4619,2,potato,1,P,0.001,20.62
4619,2,potato,1,K,0.001,26.49
4619,2,potato,2,Urea,0.3,12.7
4619,2,potato,3,Urea,0.5,17.9
4620,2,potato,1,Urea,0.001,8.5
4620,2,potato,1,P,0.001,20.62
4620,2,potato,1,K,0.001,26.49
4620,2,potato,2,Urea,0.3,12.7
4620,2,potato,3,Urea,0.5,17.9
4625,2,potato,1,Urea,0.001,8.5
4625,2,potato,1,P,0.001,20.62
4625,2,potato,1,K,0.001,26.49
4625,2,potato,2,Urea,0.3,12.7
4625,2,potato,3,Urea,0.5,17.9
4626,2,potato,1,Urea,0.001,8.5
4626,2,potato,1,P,0.001,20.62
4626,2,potato,1,K,0.001,26.49
4626,2,potato,2,Urea,0.3,12.7
4626,2,potato,3,Urea,0.5,17.9
4627,2,potato,1,Urea,0.001,8.5
4627,2,potato,1,P,0.001,20.62
4627,2,potato,1,K,0.001,26.49
4627,2,potato,2,Urea,0.3,12.7
4627,2,potato,3,Urea,0.5,17.9
4628,2,potato,1,Urea,0.001,8.5
4628,2,potato,1,P,0.001,20.62
4628,2,potato,1,K,0.001,26.49
4628,2,potato,2,Urea,0.3,12.7
4628,2,potato,3,Urea,0.5,17.9
4630,2,potato,1,Urea,0.001,8.5
4630,2,potato,1,P,0.001,20.62
4630,2,potato,1,K,0.001,26.49
4630,2,potato,2,Urea,0.3,12.7
4630,2,potato,3,Urea,0.5,17.9
4631,2,potato,1,Urea,0.001,8.5
4631,2,potato,1,P,0.001,20.62
4631,2,potato,1,K,0.001,26.49
4631,2,potato,2,Urea,0.3,12.7
4631,2,potato,3,Urea,0.5,17.9
4632,2,potato,1,Urea,0.001,8.5
4632,2,potato,1,P,0.001,20.62
4632,2,potato,1,K,0.001,26.49
4632,2,potato,2,Urea,0.3,12.7
4632,2,potato,3,Urea,0.5,17.9
4633,2,potato,1,Urea,0.001,8.5
4633,2,potato,1,P,0.001,20.62
4633,2,potato,1,K,0.001,26.49
4633,2,potato,2,Urea,0.3,12.7
4633,2,potato,3,Urea,0.5,17.9
4634,2,potato,1,Urea,0.001,8.5
4634,2,potato,1,P,0.001,20.62
4634,2,potato,1,K,0.001,26.49
4634,2,potato,2,Urea,0.3,12.7
4634,2,potato,3,Urea,0.5,17.9
4636,2,potato,1,Urea,0.001,8.5
4636,2,potato,1,P,0.001,20.62
4636,2,potato,1,K,0.001,26.49
4636,2,potato,2,Urea,0.3,12.7
4636,2,potato,3,Urea,0.5,17.9
4637,2,potato,1,Urea,0.001,8.5
4637,2,potato,1,P,0.001,20.62
4637,2,potato,1,K,0.001,26.49
4637,2,potato,2,Urea,0.3,12.7
4637,2,potato,3,Urea,0.5,17.9
4638,2,potato,1,Urea,0.001,8.5
4638,2,potato,1,P,0.001,20.62
4638,2,potato,1,K,0.001,26.49
4638,2,potato,2,Urea,0.3,12.7
4638,2,potato,3,Urea,0.5,17.9
4639,2,potato,1,Urea,0.001,8.5
4639,2,potato,1,P,0.001,20.62
4639,2,potato,1,K,0.001,26.49
4639,2,potato,2,Urea,0.3,12.7
4639,2,potato,3,Urea,0.5,17.9
4641,2,potato,1,Urea,0.001,8.5
4641,2,potato,1,P,0.001,20.62
4641,2,potato,1,K,0.001,26.49
4641,2,potato,2,Urea,0.3,12.7
4641,2,potato,3,Urea,0.5,17.9
4645,2,potato,1,Urea,0.001,8.5
4645,2,potato,1,P,0.001,20.62
4645,2,potato,1,K,0.001,26.49
4645,2,potato,2,Urea,0.3,12.7
4645,2,potato,3,Urea,0.5,17.9
4651,2,potato,1,Urea,0.001,8.5
4651,2,potato,1,P,0.001,20.62
4651,2,potato,1,K,0.001,26.49
4651,2,potato,2,Urea,0.3,12.7
4651,2,potato,3,Urea,0.5,17.9
4653,2,potato,1,Urea,0.001,8.5
4653,2,potato,1,P,0.001,20.62
4653,2,potato,1,K,0.001,26.49
4653,2,potato,2,Urea,0.3,12.7
4653,2,potato,3,Urea,0.5,17.9
4655,2,potato,1,Urea,0.001,8.5
4655,2,potato,1,P,0.001,20.62
4655,2,potato,1,K,0.001,26.49
4655,2,potato,2,Urea,0.3,12.7
4655,2,potato,3,Urea,0.5,17.9
4656,2,potato,1,Urea,0.001,8.5
4656,2,potato,1,P,0.001,20.62
4656,2,potato,1,K,0.001,26.49
4656,2,potato,2,Urea,0.3,12.7
4656,2,potato,3,Urea,0.5,17.9
4657,2,potato,1,Urea,0.001,8.5
4657,2,potato,1,P,0.001,20.62
4657,2,potato,1,K,0.001,26.49
4657,2,potato,2,Urea,0.3,12.7
4657,2,potato,3,Urea,0.5,17.9
4661,2,potato,1,Urea,0.001,8.5
4661,2,potato,1,P,0.001,20.62
4661,2,potato,1,K,0.001,26.49
4661,2,potato,2,Urea,0.3,12.7
4661,2,potato,3,Urea,0.5,17.9
4662,2,potato,1,Urea,0.001,8.5
4662,2,potato,1,P,0.001,20.62
4662,2,potato,1,K,0.001,26.49
4662,2,potato,2,Urea,0.3,12.7
4662,2,potato,3,Urea,0.5,17.9
4664,2,potato,1,Urea,0.001,8.5
4664,2,potato,1,P,0.001,20.62
4664,2,potato,1,K,0.001,26.49
4664,2,potato,2,Urea,0.3,12.7
4664,2,potato,3,Urea,0.5,17.9
4666,2,potato,1,Urea,0.001,8.5
4666,2,potato,1,P,0.001,20.62
4666,2,potato,1,K,0.001,26.49
4666,2,potato,2,Urea,0.3,12.7
4666,2,potato,3,Urea,0.5,17.9
4667,2,potato,1,Urea,0.001,8.5
4667,2,potato,1,P,0.001,20.62
4667,2,potato,1,K,0.001,26.49
4667,2,potato,2,Urea,0.3,12.7
4667,2,potato,3,Urea,0.5,17.9
4668,2,potato,1,Urea,0.001,8.5
4668,2,potato,1,P,0.001,20.62
4668,2,potato,1,K,0.001,26.49
4668,2,potato,2,Urea,0.3,12.7
4668,2,potato,3,Urea,0.5,17.9
4669,2,potato,1,Urea,0.001,8.5
4669,2,potato,1,P,0.001,20.62
4669,2,potato,1,K,0.001,26.49
4669,2,potato,2,Urea,0.3,12.7
4669,2,potato,3,Urea,0.5,17.9
4672,2,potato,1,Urea,0.001,8.5
4672,2,potato,1,P,0.001,20.62
4672,2,potato,1,K,0.001,26.49
4672,2,potato,2,Urea,0.3,12.7
4672,2,potato,3,Urea,0.5,17.9
4673,2,potato,1,Urea,0.001,8.5
4673,2,potato,1,P,0.001,20.62
4673,2,potato,1,K,0.001,26.49
4673,2,potato,2,Urea,0.3,12.7
4673,2,potato,3,Urea,0.5,17.9
4674,2,potato,1,Urea,0.001,8.5
4674,2,potato,1,P,0.001,20.62
4674,2,potato,1,K,0.001,26.49
4674,2,potato,2,Urea,0.3,12.7
4674,2,potato,3,Urea,0.5,17.9
4675,2,potato,1,Urea,0.001,8.5
4675,2,potato,1,P,0.001,20.62
4675,2,potato,1,K,0.001,26.49
4675,2,potato,2,Urea,0.3,12.7
4675,2,potato,3,Urea,0.5,17.9
4676,2,potato,1,Urea,0.001,8.5
4676,2,potato,1,P,0.001,20.62
4676,2,potato,1,K,0.001,26.49
4676,2,potato,2,Urea,0.3,12.7
4676,2,potato,3,Urea,0.5,17.9
4677,2,potato,1,Urea,0.001,8.5
4677,2,potato,1,P,0.001,20.62
4677,2,potato,1,K,0.001,26.49
4677,2,potato,2,Urea,0.3,12.7
4677,2,potato,3,Urea,0.5,17.9
4683,2,potato,1,Urea,0.001,8.5
4683,2,potato,1,P,0.001,20.62
4683,2,potato,1,K,0.001,26.49
4683,2,potato,2,Urea,0.3,12.7
4683,2,potato,3,Urea,0.5,17.9
4684,2,potato,1,Urea,0.001,8.5
4684,2,potato,1,P,0.001,20.62
4684,2,potato,1,K,0.001,26.49
4684,2,potato,2,Urea,0.3,12.7
4684,2,potato,3,Urea,0.5,17.9
4685,2,potato,1,Urea,0.001,8.5
4685,2,potato,1,P,0.001,20.62
4685,2,potato,1,K,0.001,26.49
4685,2,potato,2,Urea,0.3,12.7
4685,2,potato,3,Urea,0.5,17.9
4686,2,potato,1,Urea,0.001,8.5
4686,2,potato,1,P,0.001,20.62
4686,2,potato,1,K,0.001,26.49
4686,2,potato,2,Urea,0.3,12.7
4686,2,potato,3,Urea,0.5,17.9
4687,2,potato,1,Urea,0.001,8.5
4687,2,potato,1,P,0.001,20.62
4687,2,potato,1,K,0.001,26.49
4687,2,potato,2,Urea,0.3,12.7
4687,2,potato,3,Urea,0.5,17.9
4690,2,potato,1,Urea,0.001,8.5
4690,2,potato,1,P,0.001,20.62
4690,2,potato,1,K,0.001,26.49
4690,2,potato,2,Urea,0.3,12.7
4690,2,potato,3,Urea,0.5,17.9
4691,2,potato,1,Urea,0.001,8.5
4691,2,potato,1,P,0.001,20.62
4691,2,potato,1,K,0.001,26.49
4691,2,potato,2,Urea,0.3,12.7
4691,2,potato,3,Urea,0.5,17.9
4693,2,potato,1,Urea,0.001,8.5
4693,2,potato,1,P,0.001,20.62
4693,2,potato,1,K,0.001,26.49
4693,2,potato,2,Urea,0.3,12.7
4693,2,potato,3,Urea,0.5,17.9
4694,2,potato,1,Urea,0.001,8.5
4694,2,potato,1,P,0.001,20.62
4694,2,potato,1,K,0.001,26.49
4694,2,potato,2,Urea,0.3,12.7
4694,2,potato,3,Urea,0.5,17.9
4695,2,potato,1,Urea,0.001,8.5
4695,2,potato,1,P,0.001,20.62
4695,2,potato,1,K,0.001,26.49
4695,2,potato,2,Urea,0.3,12.7
4695,2,potato,3,Urea,0.5,17.9
4698,2,potato,1,Urea,0.001,8.5
4698,2,potato,1,P,0.001,20.62
4698,2,potato,1,K,0.001,26.49
4698,2,potato,2,Urea,0.3,12.7
4698,2,potato,3,Urea,0.5,17.9
4704,2,potato,1,Urea,0.001,8.5
4704,2,potato,1,P,0.001,20.62
4704,2,potato,1,K,0.001,26.49
4704,2,potato,2,Urea,0.3,12.7
4704,2,potato,3,Urea,0.5,17.9
4706,2,potato,1,Urea,0.001,8.5
4706,2,potato,1,P,0.001,20.62
4706,2,potato,1,K,0.001,26.49
4706,2,potato,2,Urea,0.3,12.7
4706,2,potato,3,Urea,0.5,17.9
4709,2,potato,1,Urea,0.001,8.5
4709,2,potato,1,P,0.001,20.62
4709,2,potato,1,K,0.001,26.49
4709,2,potato,2,Urea,0.3,12.7
4709,2,potato,3,Urea,0.5,17.9
4710,2,potato,1,Urea,0.001,8.5
4710,2,potato,1,P,0.001,20.62
4710,2,potato,1,K,0.001,26.49
4710,2,potato,2,Urea,0.3,12.7
4710,2,potato,3,Urea,0.5,17.9
4712,2,potato,1,Urea,0.001,8.5
4712,2,potato,1,P,0.001,20.62
4712,2,potato,1,K,0.001,26.49
4712,2,potato,2,Urea,0.3,12.7
4712,2,potato,3,Urea,0.5,17.9
4713,2,potato,1,Urea,0.001,8.5
4713,2,potato,1,P,0.001,20.62
4713,2,potato,1,K,0.001,26.49
4713,2,potato,2,Urea,0.3,12.7
4713,2,potato,3,Urea,0.5,17.9
4717,2,potato,1,Urea,0.001,8.5
4717,2,potato,1,P,0.001,20.62
4717,2,potato,1,K,0.001,26.49
4717,2,potato,2,Urea,0.3,12.7
4717,2,potato,3,Urea,0.5,17.9
4720,2,potato,1,Urea,0.001,8.5
4720,2,potato,1,P,0.001,20.62
4720,2,potato,1,K,0.001,26.49
4720,2,potato,2,Urea,0.3,12.7
4720,2,potato,3,Urea,0.5,17.9
4724,2,potato,1,Urea,0.001,8.5
4724,2,potato,1,P,0.001,20.62
4724,2,potato,1,K,0.001,26.49
4724,2,potato,2,Urea,0.3,12.7
4724,2,potato,3,Urea,0.5,17.9
4725,2,potato,1,Urea,0.001,8.5
4725,2,potato,1,P,0.001,20.62
4725,2,potato,1,K,0.001,26.49
4725,2,potato,2,Urea,0.3,12.7
4725,2,potato,3,Urea,0.5,17.9
4729,2,potato,1,Urea,0.001,8.5
4729,2,potato,1,P,0.001,20.62
4729,2,potato,1,K,0.001,26.49
4729,2,potato,2,Urea,0.3,12.7
4729,2,potato,3,Urea,0.5,17.9
4730,2,potato,1,Urea,0.001,8.5
4730,2,potato,1,P,0.001,20.62
4730,2,potato,1,K,0.001,26.49
4730,2,potato,2,Urea,0.3,12.7
4730,2,potato,3,Urea,0.5,17.9
4733,2,potato,1,Urea,0.001,8.5
4733,2,potato,1,P,0.001,20.62
4733,2,potato,1,K,0.001,26.49
4733,2,potato,2,Urea,0.3,12.7
4733,2,potato,3,Urea,0.5,17.9
4734,2,potato,1,Urea,0.001,8.5
4734,2,potato,1,P,0.001,20.62
4734,2,potato,1,K,0.001,26.49
4734,2,potato,2,Urea,0.3,12.7
4734,2,potato,3,Urea,0.5,17.9
4739,2,potato,1,Urea,0.001,8.5
4739,2,potato,1,P,0.001,20.62
4739,2,potato,1,K,0.001,26.49
4739,2,potato,2,Urea,0.3,12.7
4739,2,potato,3,Urea,0.5,17.9
4740,2,potato,1,Urea,0.001,8.5
4740,2,potato,1,P,0.001,20.62
4740,2,potato,1,K,0.001,26.49
4740,2,potato,2,Urea,0.3,12.7
4740,2,potato,3,Urea,0.5,17.9
4741,2,potato,1,Urea,0.001,8.5
4741,2,potato,1,P,0.001,20.62
4741,2,potato,1,K,0.001,26.49
4741,2,potato,2,Urea,0.3,12.7
4741,2,potato,3,Urea,0.5,17.9
4743,2,potato,1,Urea,0.001,8.5
4743,2,potato,1,P,0.001,20.62
4743,2,potato,1,K,0.001,26.49
4743,2,potato,2,Urea,0.3,12.7
4743,2,potato,3,Urea,0.5,17.9
4745,2,potato,1,Urea,0.001,8.5
4745,2,potato,1,P,0.001,20.62
4745,2,potato,1,K,0.001,26.49
4745,2,potato,2,Urea,0.3,12.7
4745,2,potato,3,Urea,0.5,17.9
4746,2,potato,1,Urea,0.001,8.5
4746,2,potato,1,P,0.001,20.62
4746,2,potato,1,K,0.001,26.49
4746,2,potato,2,Urea,0.3,12.7
4746,2,potato,3,Urea,0.5,17.9
4750,2,potato,1,Urea,0.001,8.5
4750,2,potato,1,P,0.001,20.62
4750,2,potato,1,K,0.001,26.49
4750,2,potato,2,Urea,0.3,12.7
4750,2,potato,3,Urea,0.5,17.9
4752,2,potato,1,Urea,0.001,8.5
4752,2,potato,1,P,0.001,20.62
4752,2,potato,1,K,0.001,26.49
4752,2,potato,2,Urea,0.3,12.7
4752,2,potato,3,Urea,0.5,17.9
4756,2,potato,1,Urea,0.001,8.5
4756,2,potato,1,P,0.001,20.62
4756,2,potato,1,K,0.001,26.49
4756,2,potato,2,Urea,0.3,12.7
4756,2,potato,3,Urea,0.5,17.9
4757,2,potato,1,Urea,0.001,8.5
4757,2,potato,1,P,0.001,20.62
4757,2,potato,1,K,0.001,26.49
4757,2,potato,2,Urea,0.3,12.7
4757,2,potato,3,Urea,0.5,17.9
4759,2,potato,1,Urea,0.001,8.5
4759,2,potato,1,P,0.001,20.62
4759,2,potato,1,K,0.001,26.49
4759,2,potato,2,Urea,0.3,12.7
4759,2,potato,3,Urea,0.5,17.9
4760,2,potato,1,Urea,0.001,8.5
4760,2,potato,1,P,0.001,20.62
4760,2,potato,1,K,0.001,26.49
4760,2,potato,2,Urea,0.3,12.7
4760,2,potato,3,Urea,0.5,17.9
4764,2,potato,1,Urea,0.001,8.5
4764,2,potato,1,P,0.001,20.62
4764,2,potato,1,K,0.001,26.49
4764,2,potato,2,Urea,0.3,12.7
4764,2,potato,3,Urea,0.5,17.9
4765,2,potato,1,Urea,0.001,8.5
4765,2,potato,1,P,0.001,20.62
4765,2,potato,1,K,0.001,26.49
4765,2,potato,2,Urea,0.3,12.7
4765,2,potato,3,Urea,0.5,17.9
4766,2,potato,1,Urea,0.001,8.5
4766,2,potato,1,P,0.001,20.62
4766,2,potato,1,K,0.001,26.49
4766,2,potato,2,Urea,0.3,12.7
4766,2,potato,3,Urea,0.5,17.9
4770,2,potato,1,Urea,0.001,8.5
4770,2,potato,1,P,0.001,20.62
4770,2,potato,1,K,0.001,26.49
4770,2,potato,2,Urea,0.3,12.7
4770,2,potato,3,Urea,0.5,17.9
4773,2,potato,1,Urea,0.001,8.5
4773,2,potato,1,P,0.001,20.62
4773,2,potato,1,K,0.001,26.49
4773,2,potato,2,Urea,0.3,12.7
4773,2,potato,3,Urea,0.5,17.9
4776,2,potato,1,Urea,0.001,8.5
4776,2,potato,1,P,0.001,20.62
4776,2,potato,1,K,0.001,26.49
4776,2,potato,2,Urea,0.3,12.7
4776,2,potato,3,Urea,0.5,17.9
4777,2,potato,1,Urea,0.001,8.5
4777,2,potato,1,P,0.001,20.62
4777,2,potato,1,K,0.001,26.49
4777,2,potato,2,Urea,0.3,12.7
4777,2,potato,3,Urea,0.5,17.9
4779,2,potato,1,Urea,0.001,8.5
4779,2,potato,1,P,0.001,20.62
4779,2,potato,1,K,0.001,26.49
4779,2,potato,2,Urea,0.3,12.7
4779,2,potato,3,Urea,0.5,17.9
4781,2,potato,1,Urea,0.001,8.5
4781,2,potato,1,P,0.001,20.62
4781,2,potato,1,K,0.001,26.49
4781,2,potato,2,Urea,0.3,12.7
4781,2,potato,3,Urea,0.5,17.9
4782,2,potato,1,Urea,0.001,8.5
4782,2,potato,1,P,0.001,20.62
4782,2,potato,1,K,0.001,26.49
4782,2,potato,2,Urea,0.3,12.7
4782,2,potato,3,Urea,0.5,17.9
4783,2,potato,1,Urea,0.001,8.5
4783,2,potato,1,P,0.001,20.62
4783,2,potato,1,K,0.001,26.49
4783,2,potato,2,Urea,0.3,12.7
4783,2,potato,3,Urea,0.5,17.9
4786,2,potato,1,Urea,0.001,8.5
4786,2,potato,1,P,0.001,20.62
4786,2,potato,1,K,0.001,26.49
4786,2,potato,2,Urea,0.3,12.7
4786,2,potato,3,Urea,0.5,17.9
4787,2,potato,1,Urea,0.001,8.5
4787,2,potato,1,P,0.001,20.62
4787,2,potato,1,K,0.001,26.49
4787,2,potato,2,Urea,0.3,12.7
4787,2,potato,3,Urea,0.5,17.9
4788,2,potato,1,Urea,0.001,8.5
4788,2,potato,1,P,0.001,20.62
4788,2,potato,1,K,0.001,26.49
4788,2,potato,2,Urea,0.3,12.7
4788,2,potato,3,Urea,0.5,17.9
4789,2,potato,1,Urea,0.001,8.5
4789,2,potato,1,P,0.001,20.62
4789,2,potato,1,K,0.001,26.49
4789,2,potato,2,Urea,0.3,12.7
4789,2,potato,3,Urea,0.5,17.9
4790,2,potato,1,Urea,0.001,8.5
4790,2,potato,1,P,0.001,20.62
4790,2,potato,1,K,0.001,26.49
4790,2,potato,2,Urea,0.3,12.7
4790,2,potato,3,Urea,0.5,17.9
4792,2,potato,1,Urea,0.001,8.5
4792,2,potato,1,P,0.001,20.62
4792,2,potato,1,K,0.001,26.49
4792,2,potato,2,Urea,0.3,12.7
4792,2,potato,3,Urea,0.5,17.9
4793,2,potato,1,Urea,0.001,8.5
4793,2,potato,1,P,0.001,20.62
4793,2,potato,1,K,0.001,26.49
4793,2,potato,2,Urea,0.3,12.7
4793,2,potato,3,Urea,0.5,17.9
4794,2,potato,1,Urea,0.001,8.5
4794,2,potato,1,P,0.001,20.62
4794,2,potato,1,K,0.001,26.49
4794,2,potato,2,Urea,0.3,12.7
4794,2,potato,3,Urea,0.5,17.9
4795,2,potato,1,Urea,0.001,8.5
4795,2,potato,1,P,0.001,20.62
4795,2,potato,1,K,0.001,26.49
4795,2,potato,2,Urea,0.3,12.7
4795,2,potato,3,Urea,0.5,17.9
4798,2,potato,1,Urea,0.001,8.5
4798,2,potato,1,P,0.001,20.62
4798,2,potato,1,K,0.001,26.49
4798,2,potato,2,Urea,0.3,12.7
4798,2,potato,3,Urea,0.5,17.9
4800,2,potato,1,Urea,0.001,8.5
4800,2,potato,1,P,0.001,20.62
4800,2,potato,1,K,0.001,26.49
4800,2,potato,2,Urea,0.3,12.7
4800,2,potato,3,Urea,0.5,17.9
4801,2,potato,1,Urea,0.001,8.5
4801,2,potato,1,P,0.001,20.62
4801,2,potato,1,K,0.001,26.49
4801,2,potato,2,Urea,0.3,12.7
4801,2,potato,3,Urea,0.5,17.9
4802,2,potato,1,Urea,0.001,8.5
4802,2,potato,1,P,0.001,20.62
4802,2,potato,1,K,0.001,26.49
4802,2,potato,2,Urea,0.3,12.7
4802,2,potato,3,Urea,0.5,17.9
4803,2,potato,1,Urea,0.001,8.5
4803,2,potato,1,P,0.001,20.62
4803,2,potato,1,K,0.001,26.49
4803,2,potato,2,Urea,0.3,12.7
4803,2,potato,3,Urea,0.5,17.9
4804,2,potato,1,Urea,0.001,8.5
4804,2,potato,1,P,0.001,20.62
4804,2,potato,1,K,0.001,26.49
4804,2,potato,2,Urea,0.3,12.7
4804,2,potato,3,Urea,0.5,17.9
4807,2,potato,1,Urea,0.001,8.5
4807,2,potato,1,P,0.001,20.62
4807,2,potato,1,K,0.001,26.49
4807,2,potato,2,Urea,0.3,12.7
4807,2,potato,3,Urea,0.5,17.9
4824,2,potato,1,Urea,0.001,8.5
4824,2,potato,1,P,0.001,20.62
4824,2,potato,1,K,0.001,26.49
4824,2,potato,2,Urea,0.3,12.7
4824,2,potato,3,Urea,0.5,17.9
4825,2,potato,1,Urea,0.001,8.5
4825,2,potato,1,P,0.001,20.62
4825,2,potato,1,K,0.001,26.49
4825,2,potato,2,Urea,0.3,12.7
4825,2,potato,3,Urea,0.5,17.9
4826,2,potato,1,Urea,0.001,8.5
4826,2,potato,1,P,0.001,20.62
4826,2,potato,1,K,0.001,26.49
4826,2,potato,2,Urea,0.3,12.7
4826,2,potato,3,Urea,0.5,17.9
4828,2,potato,1,Urea,0.001,8.5
4828,2,potato,1,P,0.001,20.62
4828,2,potato,1,K,0.001,26.49
4828,2,potato,2,Urea,0.3,12.7
4828,2,potato,3,Urea,0.5,17.9
4829,2,potato,1,Urea,0.001,8.5
4829,2,potato,1,P,0.001,20.62
4829,2,potato,1,K,0.001,26.49
4829,2,potato,2,Urea,0.3,12.7
4829,2,potato,3,Urea,0.5,17.9
4830,2,potato,1,Urea,0.001,8.5
4830,2,potato,1,P,0.001,20.62
4830,2,potato,1,K,0.001,26.49
4830,2,potato,2,Urea,0.3,12.7
4830,2,potato,3,Urea,0.5,17.9
4831,2,potato,1,Urea,0.001,8.5
4831,2,potato,1,P,0.001,20.62
4831,2,potato,1,K,0.001,26.49
4831,2,potato,2,Urea,0.3,12.7
4831,2,potato,3,Urea,0.5,17.9
4832,2,potato,1,Urea,0.001,8.5
4832,2,potato,1,P,0.001,20.62
4832,2,potato,1,K,0.001,26.49
4832,2,potato,2,Urea,0.3,12.7
4832,2,potato,3,Urea,0.5,17.9
4833,2,potato,1,Urea,0.001,8.5
4833,2,potato,1,P,0.001,20.62
4833,2,potato,1,K,0.001,26.49
4833,2,potato,2,Urea,0.3,12.7
4833,2,potato,3,Urea,0.5,17.9
4834,2,potato,1,Urea,0.001,8.5
4834,2,potato,1,P,0.001,20.62
4834,2,potato,1,K,0.001,26.49
4834,2,potato,2,Urea,0.3,12.7
4834,2,potato,3,Urea,0.5,17.9
4835,2,potato,1,Urea,0.001,8.5
4835,2,potato,1,P,0.001,20.62
4835,2,potato,1,K,0.001,26.49
4835,2,potato,2,Urea,0.3,12.7
4835,2,potato,3,Urea,0.5,17.9
4836,2,potato,1,Urea,0.001,8.5
4836,2,potato,1,P,0.001,20.62
4836,2,potato,1,K,0.001,26.49
4836,2,potato,2,Urea,0.3,12.7
4836,2,potato,3,Urea,0.5,17.9
4839,2,potato,1,Urea,0.001,8.5
4839,2,potato,1,P,0.001,20.62
4839,2,potato,1,K,0.001,26.49
4839,2,potato,2,Urea,0.3,12.7
4839,2,potato,3,Urea,0.5,17.9
4841,2,potato,1,Urea,0.001,8.5
4841,2,potato,1,P,0.001,20.62
4841,2,potato,1,K,0.001,26.49
4841,2,potato,2,Urea,0.3,12.7
4841,2,potato,3,Urea,0.5,17.9
4842,2,potato,1,Urea,0.001,8.5
4842,2,potato,1,P,0.001,20.62
4842,2,potato,1,K,0.001,26.49
4842,2,potato,2,Urea,0.3,12.7
4842,2,potato,3,Urea,0.5,17.9
4843,2,potato,1,Urea,0.001,8.5
4843,2,potato,1,P,0.001,20.62
4843,2,potato,1,K,0.001,26.49
4843,2,potato,2,Urea,0.3,12.7
4843,2,potato,3,Urea,0.5,17.9
4844,2,potato,1,Urea,0.001,8.5
4844,2,potato,1,P,0.001,20.62
4844,2,potato,1,K,0.001,26.49
4844,2,potato,2,Urea,0.3,12.7
4844,2,potato,3,Urea,0.5,17.9
4846,2,potato,1,Urea,0.001,8.5
4846,2,potato,1,P,0.001,20.62
4846,2,potato,1,K,0.001,26.49
4846,2,potato,2,Urea,0.3,12.7
4846,2,potato,3,Urea,0.5,17.9
4848,2,potato,1,Urea,0.001,8.5
4848,2,potato,1,P,0.001,20.62
4848,2,potato,1,K,0.001,26.49
4848,2,potato,2,Urea,0.3,12.7
4848,2,potato,3,Urea,0.5,17.9
4849,2,potato,1,Urea,0.001,8.5
4849,2,potato,1,P,0.001,20.62
4849,2,potato,1,K,0.001,26.49
4849,2,potato,2,Urea,0.3,12.7
4849,2,potato,3,Urea,0.5,17.9
4850,2,potato,1,Urea,0.001,8.5
4850,2,potato,1,P,0.001,20.62
4850,2,potato,1,K,0.001,26.49
4850,2,potato,2,Urea,0.3,12.7
4850,2,potato,3,Urea,0.5,17.9
4851,2,potato,1,Urea,0.001,8.5
4851,2,potato,1,P,0.001,20.62
4851,2,potato,1,K,0.001,26.49
4851,2,potato,2,Urea,0.3,12.7
4851,2,potato,3,Urea,0.5,17.9
4854,2,potato,1,Urea,0.001,8.5
4854,2,potato,1,P,0.001,20.62
4854,2,potato,1,K,0.001,26.49
4854,2,potato,2,Urea,0.3,12.7
4854,2,potato,3,Urea,0.5,17.9
4855,2,potato,1,Urea,0.001,8.5
4855,2,potato,1,P,0.001,20.62
4855,2,potato,1,K,0.001,26.49
4855,2,potato,2,Urea,0.3,12.7
4855,2,potato,3,Urea,0.5,17.9
4858,2,potato,1,Urea,0.001,8.5
4858,2,potato,1,P,0.001,20.62
4858,2,potato,1,K,0.001,26.49
4858,2,potato,2,Urea,0.3,12.7
4858,2,potato,3,Urea,0.5,17.9
4859,2,potato,1,Urea,0.001,8.5
4859,2,potato,1,P,0.001,20.62
4859,2,potato,1,K,0.001,26.49
4859,2,potato,2,Urea,0.3,12.7
4859,2,potato,3,Urea,0.5,17.9
4860,2,potato,1,Urea,0.001,8.5
4860,2,potato,1,P,0.001,20.62
4860,2,potato,1,K,0.001,26.49
4860,2,potato,2,Urea,0.3,12.7
4860,2,potato,3,Urea,0.5,17.9
4863,2,potato,1,Urea,0.001,8.5
4863,2,potato,1,P,0.001,20.62
4863,2,potato,1,K,0.001,26.49
4863,2,potato,2,Urea,0.3,12.7
4863,2,potato,3,Urea,0.5,17.9
4868,2,potato,1,Urea,0.001,8.5
4868,2,potato,1,P,0.001,20.62
4868,2,potato,1,K,0.001,26.49
4868,2,potato,2,Urea,0.3,12.7
4868,2,potato,3,Urea,0.5,17.9
4869,2,potato,1,Urea,0.001,8.5
4869,2,potato,1,P,0.001,20.62
4869,2,potato,1,K,0.001,26.49
4869,2,potato,2,Urea,0.3,12.7
4869,2,potato,3,Urea,0.5,17.9
4871,2,potato,1,Urea,0.001,8.5
4871,2,potato,1,P,0.001,20.62
4871,2,potato,1,K,0.001,26.49
4871,2,potato,2,Urea,0.3,12.7
4871,2,potato,3,Urea,0.5,17.9
4873,2,potato,1,Urea,0.001,8.5
4873,2,potato,1,P,0.001,20.62
4873,2,potato,1,K,0.001,26.49
4873,2,potato,2,Urea,0.3,12.7
4873,2,potato,3,Urea,0.5,17.9
4876,2,potato,1,Urea,0.001,8.5
4876,2,potato,1,P,0.001,20.62
4876,2,potato,1,K,0.001,26.49
4876,2,potato,2,Urea,0.3,12.7
4876,2,potato,3,Urea,0.5,17.9
4877,2,potato,1,Urea,0.001,8.5
4877,2,potato,1,P,0.001,20.62
4877,2,potato,1,K,0.001,26.49
4877,2,potato,2,Urea,0.3,12.7
4877,2,potato,3,Urea,0.5,17.9
4880,2,potato,1,Urea,0.001,8.5
4880,2,potato,1,P,0.001,20.62
4880,2,potato,1,K,0.001,26.49
4880,2,potato,2,Urea,0.3,12.7
4880,2,potato,3,Urea,0.5,17.9
4883,2,potato,1,Urea,0.001,8.5
4883,2,potato,1,P,0.001,20.62
4883,2,potato,1,K,0.001,26.49
4883,2,potato,2,Urea,0.3,12.7
4883,2,potato,3,Urea,0.5,17.9
4884,2,potato,1,Urea,0.001,8.5
4884,2,potato,1,P,0.001,20.62
4884,2,potato,1,K,0.001,26.49
4884,2,potato,2,Urea,0.3,12.7
4884,2,potato,3,Urea,0.5,17.9
4886,2,potato,1,Urea,0.001,8.5
4886,2,potato,1,P,0.001,20.62
4886,2,potato,1,K,0.001,26.49
4886,2,potato,2,Urea,0.3,12.7
4886,2,potato,3,Urea,0.5,17.9
4887,2,potato,1,Urea,0.001,8.5
4887,2,potato,1,P,0.001,20.62
4887,2,potato,1,K,0.001,26.49
4887,2,potato,2,Urea,0.3,12.7
4887,2,potato,3,Urea,0.5,17.9
4889,2,potato,1,Urea,0.001,8.5
4889,2,potato,1,P,0.001,20.62
4889,2,potato,1,K,0.001,26.49
4889,2,potato,2,Urea,0.3,12.7
4889,2,potato,3,Urea,0.5,17.9
4890,2,potato,1,Urea,0.001,8.5
4890,2,potato,1,P,0.001,20.62
4890,2,potato,1,K,0.001,26.49
4890,2,potato,2,Urea,0.3,12.7
4890,2,potato,3,Urea,0.5,17.9
4891,2,potato,1,Urea,0.001,8.5
4891,2,potato,1,P,0.001,20.62
4891,2,potato,1,K,0.001,26.49
4891,2,potato,2,Urea,0.3,12.7
4891,2,potato,3,Urea,0.5,17.9
4892,2,potato,1,Urea,0.001,8.5
4892,2,potato,1,P,0.001,20.62
4892,2,potato,1,K,0.001,26.49
4892,2,potato,2,Urea,0.3,12.7
4892,2,potato,3,Urea,0.5,17.9
4894,2,potato,1,Urea,0.001,8.5
4894,2,potato,1,P,0.001,20.62
4894,2,potato,1,K,0.001,26.49
4894,2,potato,2,Urea,0.3,12.7
4894,2,potato,3,Urea,0.5,17.9
4895,2,potato,1,Urea,0.001,8.5
4895,2,potato,1,P,0.001,20.62
4895,2,potato,1,K,0.001,26.49
4895,2,potato,2,Urea,0.3,12.7
4895,2,potato,3,Urea,0.5,17.9
4896,2,potato,1,Urea,0.001,8.5
4896,2,potato,1,P,0.001,20.62
4896,2,potato,1,K,0.001,26.49
4896,2,potato,2,Urea,0.3,12.7
4896,2,potato,3,Urea,0.5,17.9
4897,2,potato,1,Urea,0.001,8.5
4897,2,potato,1,P,0.001,20.62
4897,2,potato,1,K,0.001,26.49
4897,2,potato,2,Urea,0.3,12.7
4897,2,potato,3,Urea,0.5,17.9
4898,2,potato,1,Urea,0.001,8.5
4898,2,potato,1,P,0.001,20.62
4898,2,potato,1,K,0.001,26.49
4898,2,potato,2,Urea,0.3,12.7
4898,2,potato,3,Urea,0.5,17.9
4899,2,potato,1,Urea,0.001,8.5
4899,2,potato,1,P,0.001,20.62
4899,2,potato,1,K,0.001,26.49
4899,2,potato,2,Urea,0.3,12.7
4899,2,potato,3,Urea,0.5,17.9
4900,2,potato,1,Urea,0.001,8.5
4900,2,potato,1,P,0.001,20.62
4900,2,potato,1,K,0.001,26.49
4900,2,potato,2,Urea,0.3,12.7
4900,2,potato,3,Urea,0.5,17.9
4901,2,potato,1,Urea,0.001,8.5
4901,2,potato,1,P,0.001,20.62
4901,2,potato,1,K,0.001,26.49
4901,2,potato,2,Urea,0.3,12.7
4901,2,potato,3,Urea,0.5,17.9
4902,2,potato,1,Urea,0.001,8.5
4902,2,potato,1,P,0.001,20.62
4902,2,potato,1,K,0.001,26.49
4902,2,potato,2,Urea,0.3,12.7
4902,2,potato,3,Urea,0.5,17.9
4904,2,potato,1,Urea,0.001,8.5
4904,2,potato,1,P,0.001,20.62
4904,2,potato,1,K,0.001,26.49
4904,2,potato,2,Urea,0.3,12.7
4904,2,potato,3,Urea,0.5,17.9
4907,2,potato,1,Urea,0.001,8.5
4907,2,potato,1,P,0.001,20.62
4907,2,potato,1,K,0.001,26.49
4907,2,potato,2,Urea,0.3,12.7
4907,2,potato,3,Urea,0.5,17.9
4909,2,potato,1,Urea,0.001,8.5
4909,2,potato,1,P,0.001,20.62
4909,2,potato,1,K,0.001,26.49
4909,2,potato,2,Urea,0.3,12.7
4909,2,potato,3,Urea,0.5,17.9
4910,2,potato,1,Urea,0.001,8.5
4910,2,potato,1,P,0.001,20.62
4910,2,potato,1,K,0.001,26.49
4910,2,potato,2,Urea,0.3,12.7
4910,2,potato,3,Urea,0.5,17.9
4912,2,potato,1,Urea,0.001,8.5
4912,2,potato,1,P,0.001,20.62
4912,2,potato,1,K,0.001,26.49
4912,2,potato,2,Urea,0.3,12.7
4912,2,potato,3,Urea,0.5,17.9
4918,2,potato,1,Urea,0.001,8.5
4918,2,potato,1,P,0.001,20.62
4918,2,potato,1,K,0.001,26.49
4918,2,potato,2,Urea,0.3,12.7
4918,2,potato,3,Urea,0.5,17.9
4920,2,potato,1,Urea,0.001,8.5
4920,2,potato,1,P,0.001,20.62
4920,2,potato,1,K,0.001,26.49
4920,2,potato,2,Urea,0.3,12.7
4920,2,potato,3,Urea,0.5,17.9
4922,2,potato,1,Urea,0.001,8.5
4922,2,potato,1,P,0.001,20.62
4922,2,potato,1,K,0.001,26.49
4922,2,potato,2,Urea,0.3,12.7
4922,2,potato,3,Urea,0.5,17.9
4925,2,potato,1,Urea,0.001,8.5
4925,2,potato,1,P,0.001,20.62
4925,2,potato,1,K,0.001,26.49
4925,2,potato,2,Urea,0.3,12.7
4925,2,potato,3,Urea,0.5,17.9
4928,2,potato,1,Urea,0.001,8.5
4928,2,potato,1,P,0.001,20.62
4928,2,potato,1,K,0.001,26.49
4928,2,potato,2,Urea,0.3,12.7
4928,2,potato,3,Urea,0.5,17.9
4929,2,potato,1,Urea,0.001,8.5
4929,2,potato,1,P,0.001,20.62
4929,2,potato,1,K,0.001,26.49
4929,2,potato,2,Urea,0.3,12.7
4929,2,potato,3,Urea,0.5,17.9
4930,2,potato,1,Urea,0.001,8.5
4930,2,potato,1,P,0.001,20.62
4930,2,potato,1,K,0.001,26.49
4930,2,potato,2,Urea,0.3,12.7
4930,2,potato,3,Urea,0.5,17.9
4931,2,potato,1,Urea,0.001,8.5
4931,2,potato,1,P,0.001,20.62
4931,2,potato,1,K,0.001,26.49
4931,2,potato,2,Urea,0.3,12.7
4931,2,potato,3,Urea,0.5,17.9
4932,2,potato,1,Urea,0.001,8.5
4932,2,potato,1,P,0.001,20.62
4932,2,potato,1,K,0.001,26.49
4932,2,potato,2,Urea,0.3,12.7
4932,2,potato,3,Urea,0.5,17.9
4933,2,potato,1,Urea,0.001,8.5
4933,2,potato,1,P,0.001,20.62
4933,2,potato,1,K,0.001,26.49
4933,2,potato,2,Urea,0.3,12.7
4933,2,potato,3,Urea,0.5,17.9
4934,2,potato,1,Urea,0.001,8.5
4934,2,potato,1,P,0.001,20.62
4934,2,potato,1,K,0.001,26.49
4934,2,potato,2,Urea,0.3,12.7
4934,2,potato,3,Urea,0.5,17.9
4935,2,potato,1,Urea,0.001,8.5
4935,2,potato,1,P,0.001,20.62
4935,2,potato,1,K,0.001,26.49
4935,2,potato,2,Urea,0.3,12.7
4935,2,potato,3,Urea,0.5,17.9
4937,2,potato,1,Urea,0.001,8.5
4937,2,potato,1,P,0.001,20.62
4937,2,potato,1,K,0.001,26.49
4937,2,potato,2,Urea,0.3,12.7
4937,2,potato,3,Urea,0.5,17.9
4942,2,potato,1,Urea,0.001,8.5
4942,2,potato,1,P,0.001,20.62
4942,2,potato,1,K,0.001,26.49
4942,2,potato,2,Urea,0.3,12.7
4942,2,potato,3,Urea,0.5,17.9
4943,2,potato,1,Urea,0.001,8.5
4943,2,potato,1,P,0.001,20.62
4943,2,potato,1,K,0.001,26.49
4943,2,potato,2,Urea,0.3,12.7
4943,2,potato,3,Urea,0.5,17.9
4945,2,potato,1,Urea,0.001,8.5
4945,2,potato,1,P,0.001,20.62
4945,2,potato,1,K,0.001,26.49
4945,2,potato,2,Urea,0.3,12.7
4945,2,potato,3,Urea,0.5,17.9
4946,2,potato,1,Urea,0.001,8.5
4946,2,potato,1,P,0.001,20.62
4946,2,potato,1,K,0.001,26.49
4946,2,potato,2,Urea,0.3,12.7
4946,2,potato,3,Urea,0.5,17.9
4947,2,potato,1,Urea,0.001,8.5
4947,2,potato,1,P,0.001,20.62
4947,2,potato,1,K,0.001,26.49
4947,2,potato,2,Urea,0.3,12.7
4947,2,potato,3,Urea,0.5,17.9
4948,2,potato,1,Urea,0.001,8.5
4948,2,potato,1,P,0.001,20.62
4948,2,potato,1,K,0.001,26.49
4948,2,potato,2,Urea,0.3,12.7
4948,2,potato,3,Urea,0.5,17.9
4949,2,potato,1,Urea,0.001,8.5
4949,2,potato,1,P,0.001,20.62
4949,2,potato,1,K,0.001,26.49
4949,2,potato,2,Urea,0.3,12.7
4949,2,potato,3,Urea,0.5,17.9
4951,2,potato,1,Urea,0.001,8.5
4951,2,potato,1,P,0.001,20.62
4951,2,potato,1,K,0.001,26.49
4951,2,potato,2,Urea,0.3,12.7
4951,2,potato,3,Urea,0.5,17.9
4952,2,potato,1,Urea,0.001,8.5
4952,2,potato,1,P,0.001,20.62
4952,2,potato,1,K,0.001,26.49
4952,2,potato,2,Urea,0.3,12.7
4952,2,potato,3,Urea,0.5,17.9
4953,2,potato,1,Urea,0.001,8.5
4953,2,potato,1,P,0.001,20.62
4953,2,potato,1,K,0.001,26.49
4953,2,potato,2,Urea,0.3,12.7
4953,2,potato,3,Urea,0.5,17.9
4954,2,potato,1,Urea,0.001,8.5
4954,2,potato,1,P,0.001,20.62
4954,2,potato,1,K,0.001,26.49
4954,2,potato,2,Urea,0.3,12.7
4954,2,potato,3,Urea,0.5,17.9
4955,2,potato,1,Urea,0.001,8.5
4955,2,potato,1,P,0.001,20.62
4955,2,potato,1,K,0.001,26.49
4955,2,potato,2,Urea,0.3,12.7
4955,2,potato,3,Urea,0.5,17.9
4957,2,potato,1,Urea,0.001,8.5
4957,2,potato,1,P,0.001,20.62
4957,2,potato,1,K,0.001,26.49
4957,2,potato,2,Urea,0.3,12.7
4957,2,potato,3,Urea,0.5,17.9
4958,2,potato,1,Urea,0.001,8.5
4958,2,potato,1,P,0.001,20.62
4958,2,potato,1,K,0.001,26.49
4958,2,potato,2,Urea,0.3,12.7
4958,2,potato,3,Urea,0.5,17.9
4960,2,potato,1,Urea,0.001,8.5
4960,2,potato,1,P,0.001,20.62
4960,2,potato,1,K,0.001,26.49
4960,2,potato,2,Urea,0.3,12.7
4960,2,potato,3,Urea,0.5,17.9
4961,2,potato,1,Urea,0.001,8.5
4961,2,potato,1,P,0.001,20.62
4961,2,potato,1,K,0.001,26.49
4961,2,potato,2,Urea,0.3,12.7
4961,2,potato,3,Urea,0.5,17.9
4962,2,potato,1,Urea,0.001,8.5
4962,2,potato,1,P,0.001,20.62
4962,2,potato,1,K,0.001,26.49
4962,2,potato,2,Urea,0.3,12.7
4962,2,potato,3,Urea,0.5,17.9
4963,2,potato,1,Urea,0.001,8.5
4963,2,potato,1,P,0.001,20.62
4963,2,potato,1,K,0.001,26.49
4963,2,potato,2,Urea,0.3,12.7
4963,2,potato,3,Urea,0.5,17.9
4964,2,potato,1,Urea,0.001,8.5
4964,2,potato,1,P,0.001,20.62
4964,2,potato,1,K,0.001,26.49
4964,2,potato,2,Urea,0.3,12.7
4964,2,potato,3,Urea,0.5,17.9
4965,2,potato,1,Urea,0.001,8.5
4965,2,potato,1,P,0.001,20.62
4965,2,potato,1,K,0.001,26.49
4965,2,potato,2,Urea,0.3,12.7
4965,2,potato,3,Urea,0.5,17.9
4966,2,potato,1,Urea,0.001,8.5
4966,2,potato,1,P,0.001,20.62
4966,2,potato,1,K,0.001,26.49
4966,2,potato,2,Urea,0.3,12.7
4966,2,potato,3,Urea,0.5,17.9
4969,2,potato,1,Urea,0.001,8.5
4969,2,potato,1,P,0.001,20.62
4969,2,potato,1,K,0.001,26.49
4969,2,potato,2,Urea,0.3,12.7
4969,2,potato,3,Urea,0.5,17.9
4973,2,potato,1,Urea,0.001,8.5
4973,2,potato,1,P,0.001,20.62
4973,2,potato,1,K,0.001,26.49
4973,2,potato,2,Urea,0.3,12.7
4973,2,potato,3,Urea,0.5,17.9
4975,2,potato,1,Urea,0.001,8.5
4975,2,potato,1,P,0.001,20.62
4975,2,potato,1,K,0.001,26.49
4975,2,potato,2,Urea,0.3,12.7
4975,2,potato,3,Urea,0.5,17.9
4976,2,potato,1,Urea,0.001,8.5
4976,2,potato,1,P,0.001,20.62
4976,2,potato,1,K,0.001,26.49
4976,2,potato,2,Urea,0.3,12.7
4976,2,potato,3,Urea,0.5,17.9
4977,2,potato,1,Urea,0.001,8.5
4977,2,potato,1,P,0.001,20.62
4977,2,potato,1,K,0.001,26.49
4977,2,potato,2,Urea,0.3,12.7
4977,2,potato,3,Urea,0.5,17.9
4978,2,potato,1,Urea,0.001,8.5
4978,2,potato,1,P,0.001,20.62
4978,2,potato,1,K,0.001,26.49
4978,2,potato,2,Urea,0.3,12.7
4978,2,potato,3,Urea,0.5,17.9
4979,2,potato,1,Urea,0.001,8.5
4979,2,potato,1,P,0.001,20.62
4979,2,potato,1,K,0.001,26.49
4979,2,potato,2,Urea,0.3,12.7
4979,2,potato,3,Urea,0.5,17.9
4981,2,potato,1,Urea,0.001,8.5
4981,2,potato,1,P,0.001,20.62
4981,2,potato,1,K,0.001,26.49
4981,2,potato,2,Urea,0.3,12.7
4981,2,potato,3,Urea,0.5,17.9
4982,2,potato,1,Urea,0.001,8.5
4982,2,potato,1,P,0.001,20.62
4982,2,potato,1,K,0.001,26.49
4982,2,potato,2,Urea,0.3,12.7
4982,2,potato,3,Urea,0.5,17.9
4983,2,potato,1,Urea,0.001,8.5
4983,2,potato,1,P,0.001,20.62
4983,2,potato,1,K,0.001,26.49
4983,2,potato,2,Urea,0.3,12.7
4983,2,potato,3,Urea,0.5,17.9
4987,2,potato,1,Urea,0.001,8.5
4987,2,potato,1,P,0.001,20.62
4987,2,potato,1,K,0.001,26.49
4987,2,potato,2,Urea,0.3,12.7
4987,2,potato,3,Urea,0.5,17.9
4988,2,potato,1,Urea,0.001,8.5
4988,2,potato,1,P,0.001,20.62
4988,2,potato,1,K,0.001,26.49
4988,2,potato,2,Urea,0.3,12.7
4988,2,potato,3,Urea,0.5,17.9
4990,2,potato,1,Urea,0.001,8.5
4990,2,potato,1,P,0.001,20.62
4990,2,potato,1,K,0.001,26.49
4990,2,potato,2,Urea,0.3,12.7
4990,2,potato,3,Urea,0.5,17.9
4991,2,potato,1,Urea,0.001,8.5
4991,2,potato,1,P,0.001,20.62
4991,2,potato,1,K,0.001,26.49
4991,2,potato,2,Urea,0.3,12.7
4991,2,potato,3,Urea,0.5,17.9
4992,2,potato,1,Urea,0.001,8.5
4992,2,potato,1,P,0.001,20.62
4992,2,potato,1,K,0.001,26.49
4992,2,potato,2,Urea,0.3,12.7
4992,2,potato,3,Urea,0.5,17.9
4993,2,potato,1,Urea,0.001,8.5
4993,2,potato,1,P,0.001,20.62
4993,2,potato,1,K,0.001,26.49
4993,2,potato,2,Urea,0.3,12.7
4993,2,potato,3,Urea,0.5,17.9
4995,2,potato,1,Urea,0.001,8.5
4995,2,potato,1,P,0.001,20.62
4995,2,potato,1,K,0.001,26.49
4995,2,potato,2,Urea,0.3,12.7
4995,2,potato,3,Urea,0.5,17.9
4996,2,potato,1,Urea,0.001,8.5
4996,2,potato,1,P,0.001,20.62
4996,2,potato,1,K,0.001,26.49
4996,2,potato,2,Urea,0.3,12.7
4996,2,potato,3,Urea,0.5,17.9
4997,2,potato,1,Urea,0.001,8.5
4997,2,potato,1,P,0.001,20.62
4997,2,potato,1,K,0.001,26.49
4997,2,potato,2,Urea,0.3,12.7
4997,2,potato,3,Urea,0.5,17.9
4998,2,potato,1,Urea,0.001,8.5
4998,2,potato,1,P,0.001,20.62
4998,2,potato,1,K,0.001,26.49
4998,2,potato,2,Urea,0.3,12.7
4998,2,potato,3,Urea,0.5,17.9
5002,2,potato,1,Urea,0.001,8.5
5002,2,potato,1,P,0.001,20.62
5002,2,potato,1,K,0.001,26.49
5002,2,potato,2,Urea,0.3,12.7
5002,2,potato,3,Urea,0.5,17.9
5003,2,potato,1,Urea,0.001,8.5
5003,2,potato,1,P,0.001,20.62
5003,2,potato,1,K,0.001,26.49
5003,2,potato,2,Urea,0.3,12.7
5003,2,potato,3,Urea,0.5,17.9
5004,2,potato,1,Urea,0.001,8.5
5004,2,potato,1,P,0.001,20.62
5004,2,potato,1,K,0.001,26.49
5004,2,potato,2,Urea,0.3,12.7
5004,2,potato,3,Urea,0.5,17.9
5005,2,potato,1,Urea,0.001,8.5
5005,2,potato,1,P,0.001,20.62
5005,2,potato,1,K,0.001,26.49
5005,2,potato,2,Urea,0.3,12.7
5005,2,potato,3,Urea,0.5,17.9
5007,2,potato,1,Urea,0.001,8.5
5007,2,potato,1,P,0.001,20.62
5007,2,potato,1,K,0.001,26.49
5007,2,potato,2,Urea,0.3,12.7
5007,2,potato,3,Urea,0.5,17.9
5008,2,potato,1,Urea,0.001,8.5
5008,2,potato,1,P,0.001,20.62
5008,2,potato,1,K,0.001,26.49
5008,2,potato,2,Urea,0.3,12.7
5008,2,potato,3,Urea,0.5,17.9
5010,2,potato,1,Urea,0.001,8.5
5010,2,potato,1,P,0.001,20.62
5010,2,potato,1,K,0.001,26.49
5010,2,potato,2,Urea,0.3,12.7
5010,2,potato,3,Urea,0.5,17.9
5011,2,potato,1,Urea,0.001,8.5
5011,2,potato,1,P,0.001,20.62
5011,2,potato,1,K,0.001,26.49
5011,2,potato,2,Urea,0.3,12.7
5011,2,potato,3,Urea,0.5,17.9
5012,2,potato,1,Urea,0.001,8.5
5012,2,potato,1,P,0.001,20.62
5012,2,potato,1,K,0.001,26.49
5012,2,potato,2,Urea,0.3,12.7
5012,2,potato,3,Urea,0.5,17.9
5013,2,potato,1,Urea,0.001,8.5
5013,2,potato,1,P,0.001,20.62
5013,2,potato,1,K,0.001,26.49
5013,2,potato,2,Urea,0.3,12.7
5013,2,potato,3,Urea,0.5,17.9
5014,2,potato,1,Urea,0.001,8.5
5014,2,potato,1,P,0.001,20.62
5014,2,potato,1,K,0.001,26.49
5014,2,potato,2,Urea,0.3,12.7
5014,2,potato,3,Urea,0.5,17.9
5015,2,potato,1,Urea,0.001,8.5
5015,2,potato,1,P,0.001,20.62
5015,2,potato,1,K,0.001,26.49
5015,2,potato,2,Urea,0.3,12.7
5015,2,potato,3,Urea,0.5,17.9
5022,2,potato,1,Urea,0.001,8.5
5022,2,potato,1,P,0.001,20.62
5022,2,potato,1,K,0.001,26.49
5022,2,potato,2,Urea,0.3,12.7
5022,2,potato,3,Urea,0.5,17.9
5023,2,potato,1,Urea,0.001,8.5
5023,2,potato,1,P,0.001,20.62
5023,2,potato,1,K,0.001,26.49
5023,2,potato,2,Urea,0.3,12.7
5023,2,potato,3,Urea,0.5,17.9
5024,2,potato,1,Urea,0.001,8.5
5024,2,potato,1,P,0.001,20.62
5024,2,potato,1,K,0.001,26.49
5024,2,potato,2,Urea,0.3,12.7
5024,2,potato,3,Urea,0.5,17.9
5026,2,potato,1,Urea,0.001,8.5
5026,2,potato,1,P,0.001,20.62
5026,2,potato,1,K,0.001,26.49
5026,2,potato,2,Urea,0.3,12.7
5026,2,potato,3,Urea,0.5,17.9
5030,2,potato,1,Urea,0.001,8.5
5030,2,potato,1,P,0.001,20.62
5030,2,potato,1,K,0.001,26.49
5030,2,potato,2,Urea,0.3,12.7
5030,2,potato,3,Urea,0.5,17.9
5031,2,potato,1,Urea,0.001,8.5
5031,2,potato,1,P,0.001,20.62
5031,2,potato,1,K,0.001,26.49
5031,2,potato,2,Urea,0.3,12.7
5031,2,potato,3,Urea,0.5,17.9
5033,2,potato,1,Urea,0.001,8.5
5033,2,potato,1,P,0.001,20.62
5033,2,potato,1,K,0.001,26.49
5033,2,potato,2,Urea,0.3,12.7
5033,2,potato,3,Urea,0.5,17.9
5038,2,potato,1,Urea,0.001,8.5
5038,2,potato,1,P,0.001,20.62
5038,2,potato,1,K,0.001,26.49
5038,2,potato,2,Urea,0.3,12.7
5038,2,potato,3,Urea,0.5,17.9
5040,2,potato,1,Urea,0.001,8.5
5040,2,potato,1,P,0.001,20.62
5040,2,potato,1,K,0.001,26.49
5040,2,potato,2,Urea,0.3,12.7
5040,2,potato,3,Urea,0.5,17.9
5042,2,potato,1,Urea,0.001,8.5
5042,2,potato,1,P,0.001,20.62
5042,2,potato,1,K,0.001,26.49
5042,2,potato,2,Urea,0.3,12.7
5042,2,potato,3,Urea,0.5,17.9
5043,2,potato,1,Urea,0.001,8.5
5043,2,potato,1,P,0.001,20.62
5043,2,potato,1,K,0.001,26.49
5043,2,potato,2,Urea,0.3,12.7
5043,2,potato,3,Urea,0.5,17.9
5046,2,potato,1,Urea,0.001,8.5
5046,2,potato,1,P,0.001,20.62
5046,2,potato,1,K,0.001,26.49
5046,2,potato,2,Urea,0.3,12.7
5046,2,potato,3,Urea,0.5,17.9
5047,2,potato,1,Urea,0.001,8.5
5047,2,potato,1,P,0.001,20.62
5047,2,potato,1,K,0.001,26.49
5047,2,potato,2,Urea,0.3,12.7
5047,2,potato,3,Urea,0.5,17.9
5048,2,potato,1,Urea,0.001,8.5
5048,2,potato,1,P,0.001,20.62
5048,2,potato,1,K,0.001,26.49
5048,2,potato,2,Urea,0.3,12.7
5048,2,potato,3,Urea,0.5,17.9
5049,2,potato,1,Urea,0.001,8.5
5049,2,potato,1,P,0.001,20.62
5049,2,potato,1,K,0.001,26.49
5049,2,potato,2,Urea,0.3,12.7
5049,2,potato,3,Urea,0.5,17.9
5051,2,potato,1,Urea,0.001,8.5
5051,2,potato,1,P,0.001,20.62
5051,2,potato,1,K,0.001,26.49
5051,2,potato,2,Urea,0.3,12.7
5051,2,potato,3,Urea,0.5,17.9
5054,2,potato,1,Urea,0.001,8.5
5054,2,potato,1,P,0.001,20.62
5054,2,potato,1,K,0.001,26.49
5054,2,potato,2,Urea,0.3,12.7
5054,2,potato,3,Urea,0.5,17.9
5055,2,potato,1,Urea,0.001,8.5
5055,2,potato,1,P,0.001,20.62
5055,2,potato,1,K,0.001,26.49
5055,2,potato,2,Urea,0.3,12.7
5055,2,potato,3,Urea,0.5,17.9
5056,2,potato,1,Urea,0.001,8.5
5056,2,potato,1,P,0.001,20.62
5056,2,potato,1,K,0.001,26.49
5056,2,potato,2,Urea,0.3,12.7
5056,2,potato,3,Urea,0.5,17.9
5057,2,potato,1,Urea,0.001,8.5
5057,2,potato,1,P,0.001,20.62
5057,2,potato,1,K,0.001,26.49
5057,2,potato,2,Urea,0.3,12.7
5057,2,potato,3,Urea,0.5,17.9
5059,2,potato,1,Urea,0.001,8.5
5059,2,potato,1,P,0.001,20.62
5059,2,potato,1,K,0.001,26.49
5059,2,potato,2,Urea,0.3,12.7
5059,2,potato,3,Urea,0.5,17.9
5060,2,potato,1,Urea,0.001,8.5
5060,2,potato,1,P,0.001,20.62
5060,2,potato,1,K,0.001,26.49
5060,2,potato,2,Urea,0.3,12.7
5060,2,potato,3,Urea,0.5,17.9
5061,2,potato,1,Urea,0.001,8.5
5061,2,potato,1,P,0.001,20.62
5061,2,potato,1,K,0.001,26.49
5061,2,potato,2,Urea,0.3,12.7
5061,2,potato,3,Urea,0.5,17.9
5065,2,potato,1,Urea,0.001,8.5
5065,2,potato,1,P,0.001,20.62
5065,2,potato,1,K,0.001,26.49
5065,2,potato,2,Urea,0.3,12.7
5065,2,potato,3,Urea,0.5,17.9
5066,2,potato,1,Urea,0.001,8.5
5066,2,potato,1,P,0.001,20.62
5066,2,potato,1,K,0.001,26.49
5066,2,potato,2,Urea,0.3,12.7
5066,2,potato,3,Urea,0.5,17.9
5067,2,potato,1,Urea,0.001,8.5
5067,2,potato,1,P,0.001,20.62
5067,2,potato,1,K,0.001,26.49
5067,2,potato,2,Urea,0.3,12.7
5067,2,potato,3,Urea,0.5,17.9
5070,2,potato,1,Urea,0.001,8.5
5070,2,potato,1,P,0.001,20.62
5070,2,potato,1,K,0.001,26.49
5070,2,potato,2,Urea,0.3,12.7
5070,2,potato,3,Urea,0.5,17.9
5071,2,potato,1,Urea,0.001,8.5
5071,2,potato,1,P,0.001,20.62
5071,2,potato,1,K,0.001,26.49
5071,2,potato,2,Urea,0.3,12.7
5071,2,potato,3,Urea,0.5,17.9
5072,2,potato,1,Urea,0.001,8.5
5072,2,potato,1,P,0.001,20.62
5072,2,potato,1,K,0.001,26.49
5072,2,potato,2,Urea,0.3,12.7
5072,2,potato,3,Urea,0.5,17.9
5073,2,potato,1,Urea,0.001,8.5
5073,2,potato,1,P,0.001,20.62
5073,2,potato,1,K,0.001,26.49
5073,2,potato,2,Urea,0.3,12.7
5073,2,potato,3,Urea,0.5,17.9
5074,2,potato,1,Urea,0.001,8.5
5074,2,potato,1,P,0.001,20.62
5074,2,potato,1,K,0.001,26.49
5074,2,potato,2,Urea,0.3,12.7
5074,2,potato,3,Urea,0.5,17.9
5076,2,potato,1,Urea,0.001,8.5
5076,2,potato,1,P,0.001,20.62
5076,2,potato,1,K,0.001,26.49
5076,2,potato,2,Urea,0.3,12.7
5076,2,potato,3,Urea,0.5,17.9
5080,2,potato,1,Urea,0.001,8.5
5080,2,potato,1,P,0.001,20.62
5080,2,potato,1,K,0.001,26.49
5080,2,potato,2,Urea,0.3,12.7
5080,2,potato,3,Urea,0.5,17.9
5081,2,potato,1,Urea,0.001,8.5
5081,2,potato,1,P,0.001,20.62
5081,2,potato,1,K,0.001,26.49
5081,2,potato,2,Urea,0.3,12.7
5081,2,potato,3,Urea,0.5,17.9
5084,2,potato,1,Urea,0.001,8.5
5084,2,potato,1,P,0.001,20.62
5084,2,potato,1,K,0.001,26.49
5084,2,potato,2,Urea,0.3,12.7
5084,2,potato,3,Urea,0.5,17.9
5088,2,potato,1,Urea,0.001,8.5
5088,2,potato,1,P,0.001,20.62
5088,2,potato,1,K,0.001,26.49
5088,2,potato,2,Urea,0.3,12.7
5088,2,potato,3,Urea,0.5,17.9
5090,2,potato,1,Urea,0.001,8.5
5090,2,potato,1,P,0.001,20.62
5090,2,potato,1,K,0.001,26.49
5090,2,potato,2,Urea,0.3,12.7
5090,2,potato,3,Urea,0.5,17.9
5091,2,potato,1,Urea,0.001,8.5
5091,2,potato,1,P,0.001,20.62
5091,2,potato,1,K,0.001,26.49
5091,2,potato,2,Urea,0.3,12.7
5091,2,potato,3,Urea,0.5,17.9
5096,2,potato,1,Urea,0.001,8.5
5096,2,potato,1,P,0.001,20.62
5096,2,potato,1,K,0.001,26.49
5096,2,potato,2,Urea,0.3,12.7
5096,2,potato,3,Urea,0.5,17.9
5097,2,potato,1,Urea,0.001,8.5
5097,2,potato,1,P,0.001,20.62
5097,2,potato,1,K,0.001,26.49
5097,2,potato,2,Urea,0.3,12.7
5097,2,potato,3,Urea,0.5,17.9
5098,2,potato,1,Urea,0.001,8.5
5098,2,potato,1,P,0.001,20.62
5098,2,potato,1,K,0.001,26.49
5098,2,potato,2,Urea,0.3,12.7
5098,2,potato,3,Urea,0.5,17.9
5102,2,potato,1,Urea,0.001,8.5
5102,2,potato,1,P,0.001,20.62
5102,2,potato,1,K,0.001,26.49
5102,2,potato,2,Urea,0.3,12.7
5102,2,potato,3,Urea,0.5,17.9
5103,2,potato,1,Urea,0.001,8.5
5103,2,potato,1,P,0.001,20.62
5103,2,potato,1,K,0.001,26.49
5103,2,potato,2,Urea,0.3,12.7
5103,2,potato,3,Urea,0.5,17.9
5104,2,potato,1,Urea,0.001,8.5
5104,2,potato,1,P,0.001,20.62
5104,2,potato,1,K,0.001,26.49
5104,2,potato,2,Urea,0.3,12.7
5104,2,potato,3,Urea,0.5,17.9
5108,2,potato,1,Urea,0.001,8.5
5108,2,potato,1,P,0.001,20.62
5108,2,potato,1,K,0.001,26.49
5108,2,potato,2,Urea,0.3,12.7
5108,2,potato,3,Urea,0.5,17.9
5109,2,potato,1,Urea,0.001,8.5
5109,2,potato,1,P,0.001,20.62
5109,2,potato,1,K,0.001,26.49
5109,2,potato,2,Urea,0.3,12.7
5109,2,potato,3,Urea,0.5,17.9
5110,2,potato,1,Urea,0.001,8.5
5110,2,potato,1,P,0.001,20.62
5110,2,potato,1,K,0.001,26.49
5110,2,potato,2,Urea,0.3,12.7
5110,2,potato,3,Urea,0.5,17.9
5111,2,potato,1,Urea,0.001,8.5
5111,2,potato,1,P,0.001,20.62
5111,2,potato,1,K,0.001,26.49
5111,2,potato,2,Urea,0.3,12.7
5111,2,potato,3,Urea,0.5,17.9
5114,2,potato,1,Urea,0.001,8.5
5114,2,potato,1,P,0.001,20.62
5114,2,potato,1,K,0.001,26.49
5114,2,potato,2,Urea,0.3,12.7
5114,2,potato,3,Urea,0.5,17.9
5115,2,potato,1,Urea,0.001,8.5
5115,2,potato,1,P,0.001,20.62
5115,2,potato,1,K,0.001,26.49
5115,2,potato,2,Urea,0.3,12.7
5115,2,potato,3,Urea,0.5,17.9
5116,2,potato,1,Urea,0.001,8.5
5116,2,potato,1,P,0.001,20.62
5116,2,potato,1,K,0.001,26.49
5116,2,potato,2,Urea,0.3,12.7
5116,2,potato,3,Urea,0.5,17.9
5117,2,potato,1,Urea,0.001,8.5
5117,2,potato,1,P,0.001,20.62
5117,2,potato,1,K,0.001,26.49
5117,2,potato,2,Urea,0.3,12.7
5117,2,potato,3,Urea,0.5,17.9
5121,2,potato,1,Urea,0.001,8.5
5121,2,potato,1,P,0.001,20.62
5121,2,potato,1,K,0.001,26.49
5121,2,potato,2,Urea,0.3,12.7
5121,2,potato,3,Urea,0.5,17.9
5122,2,potato,1,Urea,0.001,8.5
5122,2,potato,1,P,0.001,20.62
5122,2,potato,1,K,0.001,26.49
5122,2,potato,2,Urea,0.3,12.7
5122,2,potato,3,Urea,0.5,17.9
5123,2,potato,1,Urea,0.001,8.5
5123,2,potato,1,P,0.001,20.62
5123,2,potato,1,K,0.001,26.49
5123,2,potato,2,Urea,0.3,12.7
5123,2,potato,3,Urea,0.5,17.9
5124,2,potato,1,Urea,0.001,8.5
5124,2,potato,1,P,0.001,20.62
5124,2,potato,1,K,0.001,26.49
5124,2,potato,2,Urea,0.3,12.7
5124,2,potato,3,Urea,0.5,17.9
5128,2,potato,1,Urea,0.001,8.5
5128,2,potato,1,P,0.001,20.62
5128,2,potato,1,K,0.001,26.49
5128,2,potato,2,Urea,0.3,12.7
5128,2,potato,3,Urea,0.5,17.9
5130,2,potato,1,Urea,0.001,8.5
5130,2,potato,1,P,0.001,20.62
5130,2,potato,1,K,0.001,26.49
5130,2,potato,2,Urea,0.3,12.7
5130,2,potato,3,Urea,0.5,17.9
5131,2,potato,1,Urea,0.001,8.5
5131,2,potato,1,P,0.001,20.62
5131,2,potato,1,K,0.001,26.49
5131,2,potato,2,Urea,0.3,12.7
5131,2,potato,3,Urea,0.5,17.9
5132,2,potato,1,Urea,0.001,8.5
5132,2,potato,1,P,0.001,20.62
5132,2,potato,1,K,0.001,26.49
5132,2,potato,2,Urea,0.3,12.7
5132,2,potato,3,Urea,0.5,17.9
5133,2,potato,1,Urea,0.001,8.5
5133,2,potato,1,P,0.001,20.62
5133,2,potato,1,K,0.001,26.49
5133,2,potato,2,Urea,0.3,12.7
5133,2,potato,3,Urea,0.5,17.9
5134,2,potato,1,Urea,0.001,8.5
5134,2,potato,1,P,0.001,20.62
5134,2,potato,1,K,0.001,26.49
5134,2,potato,2,Urea,0.3,12.7
5134,2,potato,3,Urea,0.5,17.9
5135,2,potato,1,Urea,0.001,8.5
5135,2,potato,1,P,0.001,20.62
5135,2,potato,1,K,0.001,26.49
5135,2,potato,2,Urea,0.3,12.7
5135,2,potato,3,Urea,0.5,17.9
5136,2,potato,1,Urea,0.001,8.5
5136,2,potato,1,P,0.001,20.62
5136,2,potato,1,K,0.001,26.49
5136,2,potato,2,Urea,0.3,12.7
5136,2,potato,3,Urea,0.5,17.9
5137,2,potato,1,Urea,0.001,8.5
5137,2,potato,1,P,0.001,20.62
5137,2,potato,1,K,0.001,26.49
5137,2,potato,2,Urea,0.3,12.7
5137,2,potato,3,Urea,0.5,17.9
5138,2,potato,1,Urea,0.001,8.5
5138,2,potato,1,P,0.001,20.62
5138,2,potato,1,K,0.001,26.49
5138,2,potato,2,Urea,0.3,12.7
5138,2,potato,3,Urea,0.5,17.9
5139,2,potato,1,Urea,0.001,8.5
5139,2,potato,1,P,0.001,20.62
5139,2,potato,1,K,0.001,26.49
5139,2,potato,2,Urea,0.3,12.7
5139,2,potato,3,Urea,0.5,17.9
5140,2,potato,1,Urea,0.001,8.5
5140,2,potato,1,P,0.001,20.62
5140,2,potato,1,K,0.001,26.49
5140,2,potato,2,Urea,0.3,12.7
5140,2,potato,3,Urea,0.5,17.9
5141,2,potato,1,Urea,0.001,8.5
5141,2,potato,1,P,0.001,20.62
5141,2,potato,1,K,0.001,26.49
5141,2,potato,2,Urea,0.3,12.7
5141,2,potato,3,Urea,0.5,17.9
5144,2,potato,1,Urea,0.001,8.5
5144,2,potato,1,P,0.001,20.62
5144,2,potato,1,K,0.001,26.49
5144,2,potato,2,Urea,0.3,12.7
5144,2,potato,3,Urea,0.5,17.9
5145,2,potato,1,Urea,0.001,8.5
5145,2,potato,1,P,0.001,20.62
5145,2,potato,1,K,0.001,26.49
5145,2,potato,2,Urea,0.3,12.7
5145,2,potato,3,Urea,0.5,17.9
5146,2,potato,1,Urea,0.001,8.5
5146,2,potato,1,P,0.001,20.62
5146,2,potato,1,K,0.001,26.49
5146,2,potato,2,Urea,0.3,12.7
5146,2,potato,3,Urea,0.5,17.9
5148,2,potato,1,Urea,0.001,8.5
5148,2,potato,1,P,0.001,20.62
5148,2,potato,1,K,0.001,26.49
5148,2,potato,2,Urea,0.3,12.7
5148,2,potato,3,Urea,0.5,17.9
5150,2,potato,1,Urea,0.001,8.5
5150,2,potato,1,P,0.001,20.62
5150,2,potato,1,K,0.001,26.49
5150,2,potato,2,Urea,0.3,12.7
5150,2,potato,3,Urea,0.5,17.9
5152,2,potato,1,Urea,0.001,8.5
5152,2,potato,1,P,0.001,20.62
5152,2,potato,1,K,0.001,26.49
5152,2,potato,2,Urea,0.3,12.7
5152,2,potato,3,Urea,0.5,17.9
5153,2,potato,1,Urea,0.001,8.5
5153,2,potato,1,P,0.001,20.62
5153,2,potato,1,K,0.001,26.49
5153,2,potato,2,Urea,0.3,12.7
5153,2,potato,3,Urea,0.5,17.9
5154,2,potato,1,Urea,0.001,8.5
5154,2,potato,1,P,0.001,20.62
5154,2,potato,1,K,0.001,26.49
5154,2,potato,2,Urea,0.3,12.7
5154,2,potato,3,Urea,0.5,17.9
5155,2,potato,1,Urea,0.001,8.5
5155,2,potato,1,P,0.001,20.62
5155,2,potato,1,K,0.001,26.49
5155,2,potato,2,Urea,0.3,12.7
5155,2,potato,3,Urea,0.5,17.9
5157,2,potato,1,Urea,0.001,8.5
5157,2,potato,1,P,0.001,20.62
5157,2,potato,1,K,0.001,26.49
5157,2,potato,2,Urea,0.3,12.7
5157,2,potato,3,Urea,0.5,17.9
5159,2,potato,1,Urea,0.001,8.5
5159,2,potato,1,P,0.001,20.62
5159,2,potato,1,K,0.001,26.49
5159,2,potato,2,Urea,0.3,12.7
5159,2,potato,3,Urea,0.5,17.9
5162,2,potato,1,Urea,0.001,8.5
5162,2,potato,1,P,0.001,20.62
5162,2,potato,1,K,0.001,26.49
5162,2,potato,2,Urea,0.3,12.7
5162,2,potato,3,Urea,0.5,17.9
5163,2,potato,1,Urea,0.001,8.5
5163,2,potato,1,P,0.001,20.62
5163,2,potato,1,K,0.001,26.49
5163,2,potato,2,Urea,0.3,12.7
5163,2,potato,3,Urea,0.5,17.9
5164,2,potato,1,Urea,0.001,8.5
5164,2,potato,1,P,0.001,20.62
5164,2,potato,1,K,0.001,26.49
5164,2,potato,2,Urea,0.3,12.7
5164,2,potato,3,Urea,0.5,17.9
5165,2,potato,1,Urea,0.001,8.5
5165,2,potato,1,P,0.001,20.62
5165,2,potato,1,K,0.001,26.49
5165,2,potato,2,Urea,0.3,12.7
5165,2,potato,3,Urea,0.5,17.9
5166,2,potato,1,Urea,0.001,8.5
5166,2,potato,1,P,0.001,20.62
5166,2,potato,1,K,0.001,26.49
5166,2,potato,2,Urea,0.3,12.7
5166,2,potato,3,Urea,0.5,17.9
5168,2,potato,1,Urea,0.001,8.5
5168,2,potato,1,P,0.001,20.62
5168,2,potato,1,K,0.001,26.49
5168,2,potato,2,Urea,0.3,12.7
5168,2,potato,3,Urea,0.5,17.9
5176,2,potato,1,Urea,0.001,8.5
5176,2,potato,1,P,0.001,20.62
5176,2,potato,1,K,0.001,26.49
5176,2,potato,2,Urea,0.3,12.7
5176,2,potato,3,Urea,0.5,17.9
5178,2,potato,1,Urea,0.001,8.5
5178,2,potato,1,P,0.001,20.62
5178,2,potato,1,K,0.001,26.49
5178,2,potato,2,Urea,0.3,12.7
5178,2,potato,3,Urea,0.5,17.9
5180,2,potato,1,Urea,0.001,8.5
5180,2,potato,1,P,0.001,20.62
5180,2,potato,1,K,0.001,26.49
5180,2,potato,2,Urea,0.3,12.7
5180,2,potato,3,Urea,0.5,17.9
5181,2,potato,1,Urea,0.001,8.5
5181,2,potato,1,P,0.001,20.62
5181,2,potato,1,K,0.001,26.49
5181,2,potato,2,Urea,0.3,12.7
5181,2,potato,3,Urea,0.5,17.9
5182,2,potato,1,Urea,0.001,8.5
5182,2,potato,1,P,0.001,20.62
5182,2,potato,1,K,0.001,26.49
5182,2,potato,2,Urea,0.3,12.7
5182,2,potato,3,Urea,0.5,17.9
5183,2,potato,1,Urea,0.001,8.5
5183,2,potato,1,P,0.001,20.62
5183,2,potato,1,K,0.001,26.49
5183,2,potato,2,Urea,0.3,12.7
5183,2,potato,3,Urea,0.5,17.9
5184,2,potato,1,Urea,0.001,8.5
5184,2,potato,1,P,0.001,20.62
5184,2,potato,1,K,0.001,26.49
5184,2,potato,2,Urea,0.3,12.7
5184,2,potato,3,Urea,0.5,17.9
5186,2,potato,1,Urea,0.001,8.5
5186,2,potato,1,P,0.001,20.62
5186,2,potato,1,K,0.001,26.49
5186,2,potato,2,Urea,0.3,12.7
5186,2,potato,3,Urea,0.5,17.9
5187,2,potato,1,Urea,0.001,8.5
5187,2,potato,1,P,0.001,20.62
5187,2,potato,1,K,0.001,26.49
5187,2,potato,2,Urea,0.3,12.7
5187,2,potato,3,Urea,0.5,17.9
5189,2,potato,1,Urea,0.001,8.5
5189,2,potato,1,P,0.001,20.62
5189,2,potato,1,K,0.001,26.49
5189,2,potato,2,Urea,0.3,12.7
5189,2,potato,3,Urea,0.5,17.9
5191,2,potato,1,Urea,0.001,8.5
5191,2,potato,1,P,0.001,20.62
5191,2,potato,1,K,0.001,26.49
5191,2,potato,2,Urea,0.3,12.7
5191,2,potato,3,Urea,0.5,17.9
5192,2,potato,1,Urea,0.001,8.5
5192,2,potato,1,P,0.001,20.62
5192,2,potato,1,K,0.001,26.49
5192,2,potato,2,Urea,0.3,12.7
5192,2,potato,3,Urea,0.5,17.9
5193,2,potato,1,Urea,0.001,8.5
5193,2,potato,1,P,0.001,20.62
5193,2,potato,1,K,0.001,26.49
5193,2,potato,2,Urea,0.3,12.7
5193,2,potato,3,Urea,0.5,17.9
5203,2,potato,1,Urea,0.001,8.5
5203,2,potato,1,P,0.001,20.62
5203,2,potato,1,K,0.001,26.49
5203,2,potato,2,Urea,0.3,12.7
5203,2,potato,3,Urea,0.5,17.9
5204,2,potato,1,Urea,0.001,8.5
5204,2,potato,1,P,0.001,20.62
5204,2,potato,1,K,0.001,26.49
5204,2,potato,2,Urea,0.3,12.7
5204,2,potato,3,Urea,0.5,17.9
5207,2,potato,1,Urea,0.001,8.5
5207,2,potato,1,P,0.001,20.62
5207,2,potato,1,K,0.001,26.49
5207,2,potato,2,Urea,0.3,12.7
5207,2,potato,3,Urea,0.5,17.9
5208,2,potato,1,Urea,0.001,8.5
5208,2,potato,1,P,0.001,20.62
5208,2,potato,1,K,0.001,26.49
5208,2,potato,2,Urea,0.3,12.7
5208,2,potato,3,Urea,0.5,17.9
5209,2,potato,1,Urea,0.001,8.5
5209,2,potato,1,P,0.001,20.62
5209,2,potato,1,K,0.001,26.49
5209,2,potato,2,Urea,0.3,12.7
5209,2,potato,3,Urea,0.5,17.9
5211,2,potato,1,Urea,0.001,8.5
5211,2,potato,1,P,0.001,20.62
5211,2,potato,1,K,0.001,26.49
5211,2,potato,2,Urea,0.3,12.7
5211,2,potato,3,Urea,0.5,17.9
5214,2,potato,1,Urea,0.001,8.5
5214,2,potato,1,P,0.001,20.62
5214,2,potato,1,K,0.001,26.49
5214,2,potato,2,Urea,0.3,12.7
5214,2,potato,3,Urea,0.5,17.9
5216,2,potato,1,Urea,0.001,8.5
5216,2,potato,1,P,0.001,20.62
5216,2,potato,1,K,0.001,26.49
5216,2,potato,2,Urea,0.3,12.7
5216,2,potato,3,Urea,0.5,17.9
5218,2,potato,1,Urea,0.001,8.5
5218,2,potato,1,P,0.001,20.62
5218,2,potato,1,K,0.001,26.49
5218,2,potato,2,Urea,0.3,12.7
5218,2,potato,3,Urea,0.5,17.9
5219,2,potato,1,Urea,0.001,8.5
5219,2,potato,1,P,0.001,20.62
5219,2,potato,1,K,0.001,26.49
5219,2,potato,2,Urea,0.3,12.7
5219,2,potato,3,Urea,0.5,17.9
5223,2,potato,1,Urea,0.001,8.5
5223,2,potato,1,P,0.001,20.62
5223,2,potato,1,K,0.001,26.49
5223,2,potato,2,Urea,0.3,12.7
5223,2,potato,3,Urea,0.5,17.9
5227,2,potato,1,Urea,0.001,8.5
5227,2,potato,1,P,0.001,20.62
5227,2,potato,1,K,0.001,26.49
5227,2,potato,2,Urea,0.3,12.7
5227,2,potato,3,Urea,0.5,17.9
5228,2,potato,1,Urea,0.001,8.5
5228,2,potato,1,P,0.001,20.62
5228,2,potato,1,K,0.001,26.49
5228,2,potato,2,Urea,0.3,12.7
5228,2,potato,3,Urea,0.5,17.9
5229,2,potato,1,Urea,0.001,8.5
5229,2,potato,1,P,0.001,20.62
5229,2,potato,1,K,0.001,26.49
5229,2,potato,2,Urea,0.3,12.7
5229,2,potato,3,Urea,0.5,17.9
5230,2,potato,1,Urea,0.001,8.5
5230,2,potato,1,P,0.001,20.62
5230,2,potato,1,K,0.001,26.49
5230,2,potato,2,Urea,0.3,12.7
5230,2,potato,3,Urea,0.5,17.9
5231,2,potato,1,Urea,0.001,8.5
5231,2,potato,1,P,0.001,20.62
5231,2,potato,1,K,0.001,26.49
5231,2,potato,2,Urea,0.3,12.7
5231,2,potato,3,Urea,0.5,17.9
5233,2,potato,1,Urea,0.001,8.5
5233,2,potato,1,P,0.001,20.62
5233,2,potato,1,K,0.001,26.49
5233,2,potato,2,Urea,0.3,12.7
5233,2,potato,3,Urea,0.5,17.9
5236,2,potato,1,Urea,0.001,8.5
5236,2,potato,1,P,0.001,20.62
5236,2,potato,1,K,0.001,26.49
5236,2,potato,2,Urea,0.3,12.7
5236,2,potato,3,Urea,0.5,17.9
5237,2,potato,1,Urea,0.001,8.5
5237,2,potato,1,P,0.001,20.62
5237,2,potato,1,K,0.001,26.49
5237,2,potato,2,Urea,0.3,12.7
5237,2,potato,3,Urea,0.5,17.9
5238,2,potato,1,Urea,0.001,8.5
5238,2,potato,1,P,0.001,20.62
5238,2,potato,1,K,0.001,26.49
5238,2,potato,2,Urea,0.3,12.7
5238,2,potato,3,Urea,0.5,17.9
5239,2,potato,1,Urea,0.001,8.5
5239,2,potato,1,P,0.001,20.62
5239,2,potato,1,K,0.001,26.49
5239,2,potato,2,Urea,0.3,12.7
5239,2,potato,3,Urea,0.5,17.9
5240,2,potato,1,Urea,0.001,8.5
5240,2,potato,1,P,0.001,20.62
5240,2,potato,1,K,0.001,26.49
5240,2,potato,2,Urea,0.3,12.7
5240,2,potato,3,Urea,0.5,17.9
5241,2,potato,1,Urea,0.001,8.5
5241,2,potato,1,P,0.001,20.62
5241,2,potato,1,K,0.001,26.49
5241,2,potato,2,Urea,0.3,12.7
5241,2,potato,3,Urea,0.5,17.9
5251,2,potato,1,Urea,0.001,8.5
5251,2,potato,1,P,0.001,20.62
5251,2,potato,1,K,0.001,26.49
5251,2,potato,2,Urea,0.3,12.7
5251,2,potato,3,Urea,0.5,17.9
5252,2,potato,1,Urea,0.001,8.5
5252,2,potato,1,P,0.001,20.62
5252,2,potato,1,K,0.001,26.49
5252,2,potato,2,Urea,0.3,12.7
5252,2,potato,3,Urea,0.5,17.9
5254,2,potato,1,Urea,0.001,8.5
5254,2,potato,1,P,0.001,20.62
5254,2,potato,1,K,0.001,26.49
5254,2,potato,2,Urea,0.3,12.7
5254,2,potato,3,Urea,0.5,17.9
5255,2,potato,1,Urea,0.001,8.5
5255,2,potato,1,P,0.001,20.62
5255,2,potato,1,K,0.001,26.49
5255,2,potato,2,Urea,0.3,12.7
5255,2,potato,3,Urea,0.5,17.9
5256,2,potato,1,Urea,0.001,8.5
5256,2,potato,1,P,0.001,20.62
5256,2,potato,1,K,0.001,26.49
5256,2,potato,2,Urea,0.3,12.7
5256,2,potato,3,Urea,0.5,17.9
5257,2,potato,1,Urea,0.001,8.5
5257,2,potato,1,P,0.001,20.62
5257,2,potato,1,K,0.001,26.49
5257,2,potato,2,Urea,0.3,12.7
5257,2,potato,3,Urea,0.5,17.9
5259,2,potato,1,Urea,0.001,8.5
5259,2,potato,1,P,0.001,20.62
5259,2,potato,1,K,0.001,26.49
5259,2,potato,2,Urea,0.3,12.7
5259,2,potato,3,Urea,0.5,17.9
5260,2,potato,1,Urea,0.001,8.5
5260,2,potato,1,P,0.001,20.62
5260,2,potato,1,K,0.001,26.49
5260,2,potato,2,Urea,0.3,12.7
5260,2,potato,3,Urea,0.5,17.9
5261,2,potato,1,Urea,0.001,8.5
5261,2,potato,1,P,0.001,20.62
5261,2,potato,1,K,0.001,26.49
5261,2,potato,2,Urea,0.3,12.7
5261,2,potato,3,Urea,0.5,17.9
5262,2,potato,1,Urea,0.001,8.5
5262,2,potato,1,P,0.001,20.62
5262,2,potato,1,K,0.001,26.49
5262,2,potato,2,Urea,0.3,12.7
5262,2,potato,3,Urea,0.5,17.9
5265,2,potato,1,Urea,0.001,8.5
5265,2,potato,1,P,0.001,20.62
5265,2,potato,1,K,0.001,26.49
5265,2,potato,2,Urea,0.3,12.7
5265,2,potato,3,Urea,0.5,17.9
5267,2,potato,1,Urea,0.001,8.5
5267,2,potato,1,P,0.001,20.62
5267,2,potato,1,K,0.001,26.49
5267,2,potato,2,Urea,0.3,12.7
5267,2,potato,3,Urea,0.5,17.9
5271,2,potato,1,Urea,0.001,8.5
5271,2,potato,1,P,0.001,20.62
5271,2,potato,1,K,0.001,26.49
5271,2,potato,2,Urea,0.3,12.7
5271,2,potato,3,Urea,0.5,17.9
5274,2,potato,1,Urea,0.001,8.5
5274,2,potato,1,P,0.001,20.62
5274,2,potato,1,K,0.001,26.49
5274,2,potato,2,Urea,0.3,12.7
5274,2,potato,3,Urea,0.5,17.9
5277,2,potato,1,Urea,0.001,8.5
5277,2,potato,1,P,0.001,20.62
5277,2,potato,1,K,0.001,26.49
5277,2,potato,2,Urea,0.3,12.7
5277,2,potato,3,Urea,0.5,17.9
5278,2,potato,1,Urea,0.001,8.5
5278,2,potato,1,P,0.001,20.62
5278,2,potato,1,K,0.001,26.49
5278,2,potato,2,Urea,0.3,12.7
5278,2,potato,3,Urea,0.5,17.9
5279,2,potato,1,Urea,0.001,8.5
5279,2,potato,1,P,0.001,20.62
5279,2,potato,1,K,0.001,26.49
5279,2,potato,2,Urea,0.3,12.7
5279,2,potato,3,Urea,0.5,17.9
5280,2,potato,1,Urea,0.001,8.5
5280,2,potato,1,P,0.001,20.62
5280,2,potato,1,K,0.001,26.49
5280,2,potato,2,Urea,0.3,12.7
5280,2,potato,3,Urea,0.5,17.9
5281,2,potato,1,Urea,0.001,8.5
5281,2,potato,1,P,0.001,20.62
5281,2,potato,1,K,0.001,26.49
5281,2,potato,2,Urea,0.3,12.7
5281,2,potato,3,Urea,0.5,17.9
5282,2,potato,1,Urea,0.001,8.5
5282,2,potato,1,P,0.001,20.62
5282,2,potato,1,K,0.001,26.49
5282,2,potato,2,Urea,0.3,12.7
5282,2,potato,3,Urea,0.5,17.9
5283,2,potato,1,Urea,0.001,8.5
5283,2,potato,1,P,0.001,20.62
5283,2,potato,1,K,0.001,26.49
5283,2,potato,2,Urea,0.3,12.7
5283,2,potato,3,Urea,0.5,17.9
5284,2,potato,1,Urea,0.001,8.5
5284,2,potato,1,P,0.001,20.62
5284,2,potato,1,K,0.001,26.49
5284,2,potato,2,Urea,0.3,12.7
5284,2,potato,3,Urea,0.5,17.9
5285,2,potato,1,Urea,0.001,8.5
5285,2,potato,1,P,0.001,20.62
5285,2,potato,1,K,0.001,26.49
5285,2,potato,2,Urea,0.3,12.7
5285,2,potato,3,Urea,0.5,17.9
5286,2,potato,1,Urea,0.001,8.5
5286,2,potato,1,P,0.001,20.62
5286,2,potato,1,K,0.001,26.49
5286,2,potato,2,Urea,0.3,12.7
5286,2,potato,3,Urea,0.5,17.9
5288,2,potato,1,Urea,0.001,8.5
5288,2,potato,1,P,0.001,20.62
5288,2,potato,1,K,0.001,26.49
5288,2,potato,2,Urea,0.3,12.7
5288,2,potato,3,Urea,0.5,17.9
5290,2,potato,1,Urea,0.001,8.5
5290,2,potato,1,P,0.001,20.62
5290,2,potato,1,K,0.001,26.49
5290,2,potato,2,Urea,0.3,12.7
5290,2,potato,3,Urea,0.5,17.9
5300,2,potato,1,Urea,0.001,8.5
5300,2,potato,1,P,0.001,20.62
5300,2,potato,1,K,0.001,26.49
5300,2,potato,2,Urea,0.3,12.7
5300,2,potato,3,Urea,0.5,17.9
5304,2,potato,1,Urea,0.001,8.5
5304,2,potato,1,P,0.001,20.62
5304,2,potato,1,K,0.001,26.49
5304,2,potato,2,Urea,0.3,12.7
5304,2,potato,3,Urea,0.5,17.9
5308,2,potato,1,Urea,0.001,8.5
5308,2,potato,1,P,0.001,20.62
5308,2,potato,1,K,0.001,26.49
5308,2,potato,2,Urea,0.3,12.7
5308,2,potato,3,Urea,0.5,17.9
5311,2,potato,1,Urea,0.001,8.5
5311,2,potato,1,P,0.001,20.62
5311,2,potato,1,K,0.001,26.49
5311,2,potato,2,Urea,0.3,12.7
5311,2,potato,3,Urea,0.5,17.9
5315,2,potato,1,Urea,0.001,8.5
5315,2,potato,1,P,0.001,20.62
5315,2,potato,1,K,0.001,26.49
5315,2,potato,2,Urea,0.3,12.7
5315,2,potato,3,Urea,0.5,17.9
5317,2,potato,1,Urea,0.001,8.5
5317,2,potato,1,P,0.001,20.62
5317,2,potato,1,K,0.001,26.49
5317,2,potato,2,Urea,0.3,12.7
5317,2,potato,3,Urea,0.5,17.9
5318,2,potato,1,Urea,0.001,8.5
5318,2,potato,1,P,0.001,20.62
5318,2,potato,1,K,0.001,26.49
5318,2,potato,2,Urea,0.3,12.7
5318,2,potato,3,Urea,0.5,17.9
5319,2,potato,1,Urea,0.001,8.5
5319,2,potato,1,P,0.001,20.62
5319,2,potato,1,K,0.001,26.49
5319,2,potato,2,Urea,0.3,12.7
5319,2,potato,3,Urea,0.5,17.9
5321,2,potato,1,Urea,0.001,8.5
5321,2,potato,1,P,0.001,20.62
5321,2,potato,1,K,0.001,26.49
5321,2,potato,2,Urea,0.3,12.7
5321,2,potato,3,Urea,0.5,17.9
5323,2,potato,1,Urea,0.001,8.5
5323,2,potato,1,P,0.001,20.62
5323,2,potato,1,K,0.001,26.49
5323,2,potato,2,Urea,0.3,12.7
5323,2,potato,3,Urea,0.5,17.9
5324,2,potato,1,Urea,0.001,8.5
5324,2,potato,1,P,0.001,20.62
5324,2,potato,1,K,0.001,26.49
5324,2,potato,2,Urea,0.3,12.7
5324,2,potato,3,Urea,0.5,17.9
5327,2,potato,1,Urea,0.001,8.5
5327,2,potato,1,P,0.001,20.62
5327,2,potato,1,K,0.001,26.49
5327,2,potato,2,Urea,0.3,12.7
5327,2,potato,3,Urea,0.5,17.9
5328,2,potato,1,Urea,0.001,8.5
5328,2,potato,1,P,0.001,20.62
5328,2,potato,1,K,0.001,26.49
5328,2,potato,2,Urea,0.3,12.7
5328,2,potato,3,Urea,0.5,17.9
5329,2,potato,1,Urea,0.001,8.5
5329,2,potato,1,P,0.001,20.62
5329,2,potato,1,K,0.001,26.49
5329,2,potato,2,Urea,0.3,12.7
5329,2,potato,3,Urea,0.5,17.9
5331,2,potato,1,Urea,0.001,8.5
5331,2,potato,1,P,0.001,20.62
5331,2,potato,1,K,0.001,26.49
5331,2,potato,2,Urea,0.3,12.7
5331,2,potato,3,Urea,0.5,17.9
5334,2,potato,1,Urea,0.001,8.5
5334,2,potato,1,P,0.001,20.62
5334,2,potato,1,K,0.001,26.49
5334,2,potato,2,Urea,0.3,12.7
5334,2,potato,3,Urea,0.5,17.9
5335,2,potato,1,Urea,0.001,8.5
5335,2,potato,1,P,0.001,20.62
5335,2,potato,1,K,0.001,26.49
5335,2,potato,2,Urea,0.3,12.7
5335,2,potato,3,Urea,0.5,17.9
5336,2,potato,1,Urea,0.001,8.5
5336,2,potato,1,P,0.001,20.62
5336,2,potato,1,K,0.001,26.49
5336,2,potato,2,Urea,0.3,12.7
5336,2,potato,3,Urea,0.5,17.9
5337,2,potato,1,Urea,0.001,8.5
5337,2,potato,1,P,0.001,20.62
5337,2,potato,1,K,0.001,26.49
5337,2,potato,2,Urea,0.3,12.7
5337,2,potato,3,Urea,0.5,17.9
5338,2,potato,1,Urea,0.001,8.5
5338,2,potato,1,P,0.001,20.62
5338,2,potato,1,K,0.001,26.49
5338,2,potato,2,Urea,0.3,12.7
5338,2,potato,3,Urea,0.5,17.9
5339,2,potato,1,Urea,0.001,8.5
5339,2,potato,1,P,0.001,20.62
5339,2,potato,1,K,0.001,26.49
5339,2,potato,2,Urea,0.3,12.7
5339,2,potato,3,Urea,0.5,17.9
5343,2,potato,1,Urea,0.001,8.5
5343,2,potato,1,P,0.001,20.62
5343,2,potato,1,K,0.001,26.49
5343,2,potato,2,Urea,0.3,12.7
5343,2,potato,3,Urea,0.5,17.9
5344,2,potato,1,Urea,0.001,8.5
5344,2,potato,1,P,0.001,20.62
5344,2,potato,1,K,0.001,26.49
5344,2,potato,2,Urea,0.3,12.7
5344,2,potato,3,Urea,0.5,17.9
5347,2,potato,1,Urea,0.001,8.5
5347,2,potato,1,P,0.001,20.62
5347,2,potato,1,K,0.001,26.49
5347,2,potato,2,Urea,0.3,12.7
5347,2,potato,3,Urea,0.5,17.9
5348,2,potato,1,Urea,0.001,8.5
5348,2,potato,1,P,0.001,20.62
5348,2,potato,1,K,0.001,26.49
5348,2,potato,2,Urea,0.3,12.7
5348,2,potato,3,Urea,0.5,17.9
5349,2,potato,1,Urea,0.001,8.5
5349,2,potato,1,P,0.001,20.62
5349,2,potato,1,K,0.001,26.49
5349,2,potato,2,Urea,0.3,12.7
5349,2,potato,3,Urea,0.5,17.9
5350,2,potato,1,Urea,0.001,8.5
5350,2,potato,1,P,0.001,20.62
5350,2,potato,1,K,0.001,26.49
5350,2,potato,2,Urea,0.3,12.7
5350,2,potato,3,Urea,0.5,17.9
5351,2,potato,1,Urea,0.001,8.5
5351,2,potato,1,P,0.001,20.62
5351,2,potato,1,K,0.001,26.49
5351,2,potato,2,Urea,0.3,12.7
5351,2,potato,3,Urea,0.5,17.9
5352,2,potato,1,Urea,0.001,8.5
5352,2,potato,1,P,0.001,20.62
5352,2,potato,1,K,0.001,26.49
5352,2,potato,2,Urea,0.3,12.7
5352,2,potato,3,Urea,0.5,17.9
5353,2,potato,1,Urea,0.001,8.5
5353,2,potato,1,P,0.001,20.62
5353,2,potato,1,K,0.001,26.49
5353,2,potato,2,Urea,0.3,12.7
5353,2,potato,3,Urea,0.5,17.9
5354,2,potato,1,Urea,0.001,8.5
5354,2,potato,1,P,0.001,20.62
5354,2,potato,1,K,0.001,26.49
5354,2,potato,2,Urea,0.3,12.7
5354,2,potato,3,Urea,0.5,17.9
5358,2,potato,1,Urea,0.001,8.5
5358,2,potato,1,P,0.001,20.62
5358,2,potato,1,K,0.001,26.49
5358,2,potato,2,Urea,0.3,12.7
5358,2,potato,3,Urea,0.5,17.9
5359,2,potato,1,Urea,0.001,8.5
5359,2,potato,1,P,0.001,20.62
5359,2,potato,1,K,0.001,26.49
5359,2,potato,2,Urea,0.3,12.7
5359,2,potato,3,Urea,0.5,17.9
5360,2,potato,1,Urea,0.001,8.5
5360,2,potato,1,P,0.001,20.62
5360,2,potato,1,K,0.001,26.49
5360,2,potato,2,Urea,0.3,12.7
5360,2,potato,3,Urea,0.5,17.9
5363,2,potato,1,Urea,0.001,8.5
5363,2,potato,1,P,0.001,20.62
5363,2,potato,1,K,0.001,26.49
5363,2,potato,2,Urea,0.3,12.7
5363,2,potato,3,Urea,0.5,17.9
5364,2,potato,1,Urea,0.001,8.5
5364,2,potato,1,P,0.001,20.62
5364,2,potato,1,K,0.001,26.49
5364,2,potato,2,Urea,0.3,12.7
5364,2,potato,3,Urea,0.5,17.9
5366,2,potato,1,Urea,0.001,8.5
5366,2,potato,1,P,0.001,20.62
5366,2,potato,1,K,0.001,26.49
5366,2,potato,2,Urea,0.3,12.7
5366,2,potato,3,Urea,0.5,17.9
5370,2,potato,1,Urea,0.001,8.5
5370,2,potato,1,P,0.001,20.62
5370,2,potato,1,K,0.001,26.49
5370,2,potato,2,Urea,0.3,12.7
5370,2,potato,3,Urea,0.5,17.9
5371,2,potato,1,Urea,0.001,8.5
5371,2,potato,1,P,0.001,20.62
5371,2,potato,1,K,0.001,26.49
5371,2,potato,2,Urea,0.3,12.7
5371,2,potato,3,Urea,0.5,17.9
5372,2,potato,1,Urea,0.001,8.5
5372,2,potato,1,P,0.001,20.62
5372,2,potato,1,K,0.001,26.49
5372,2,potato,2,Urea,0.3,12.7
5372,2,potato,3,Urea,0.5,17.9
5374,2,potato,1,Urea,0.001,8.5
5374,2,potato,1,P,0.001,20.62
5374,2,potato,1,K,0.001,26.49
5374,2,potato,2,Urea,0.3,12.7
5374,2,potato,3,Urea,0.5,17.9
5375,2,potato,1,Urea,0.001,8.5
5375,2,potato,1,P,0.001,20.62
5375,2,potato,1,K,0.001,26.49
5375,2,potato,2,Urea,0.3,12.7
5375,2,potato,3,Urea,0.5,17.9
5378,2,potato,1,Urea,0.001,8.5
5378,2,potato,1,P,0.001,20.62
5378,2,potato,1,K,0.001,26.49
5378,2,potato,2,Urea,0.3,12.7
5378,2,potato,3,Urea,0.5,17.9
5379,2,potato,1,Urea,0.001,8.5
5379,2,potato,1,P,0.001,20.62
5379,2,potato,1,K,0.001,26.49
5379,2,potato,2,Urea,0.3,12.7
5379,2,potato,3,Urea,0.5,17.9
5380,2,potato,1,Urea,0.001,8.5
5380,2,potato,1,P,0.001,20.62
5380,2,potato,1,K,0.001,26.49
5380,2,potato,2,Urea,0.3,12.7
5380,2,potato,3,Urea,0.5,17.9
5382,2,potato,1,Urea,0.001,8.5
5382,2,potato,1,P,0.001,20.62
5382,2,potato,1,K,0.001,26.49
5382,2,potato,2,Urea,0.3,12.7
5382,2,potato,3,Urea,0.5,17.9
5383,2,potato,1,Urea,0.001,8.5
5383,2,potato,1,P,0.001,20.62
5383,2,potato,1,K,0.001,26.49
5383,2,potato,2,Urea,0.3,12.7
5383,2,potato,3,Urea,0.5,17.9
5385,2,potato,1,Urea,0.001,8.5
5385,2,potato,1,P,0.001,20.62
5385,2,potato,1,K,0.001,26.49
5385,2,potato,2,Urea,0.3,12.7
5385,2,potato,3,Urea,0.5,17.9
5386,2,potato,1,Urea,0.001,8.5
5386,2,potato,1,P,0.001,20.62
5386,2,potato,1,K,0.001,26.49
5386,2,potato,2,Urea,0.3,12.7
5386,2,potato,3,Urea,0.5,17.9
5388,2,potato,1,Urea,0.001,8.5
5388,2,potato,1,P,0.001,20.62
5388,2,potato,1,K,0.001,26.49
5388,2,potato,2,Urea,0.3,12.7
5388,2,potato,3,Urea,0.5,17.9
5389,2,potato,1,Urea,0.001,8.5
5389,2,potato,1,P,0.001,20.62
5389,2,potato,1,K,0.001,26.49
5389,2,potato,2,Urea,0.3,12.7
5389,2,potato,3,Urea,0.5,17.9
5390,2,potato,1,Urea,0.001,8.5
5390,2,potato,1,P,0.001,20.62
5390,2,potato,1,K,0.001,26.49
5390,2,potato,2,Urea,0.3,12.7
5390,2,potato,3,Urea,0.5,17.9
5391,2,potato,1,Urea,0.001,8.5
5391,2,potato,1,P,0.001,20.62
5391,2,potato,1,K,0.001,26.49
5391,2,potato,2,Urea,0.3,12.7
5391,2,potato,3,Urea,0.5,17.9
5392,2,potato,1,Urea,0.001,8.5
5392,2,potato,1,P,0.001,20.62
5392,2,potato,1,K,0.001,26.49
5392,2,potato,2,Urea,0.3,12.7
5392,2,potato,3,Urea,0.5,17.9
5394,2,potato,1,Urea,0.001,8.5
5394,2,potato,1,P,0.001,20.62
5394,2,potato,1,K,0.001,26.49
5394,2,potato,2,Urea,0.3,12.7
5394,2,potato,3,Urea,0.5,17.9
5399,2,potato,1,Urea,0.001,8.5
5399,2,potato,1,P,0.001,20.62
5399,2,potato,1,K,0.001,26.49
5399,2,potato,2,Urea,0.3,12.7
5399,2,potato,3,Urea,0.5,17.9
5400,2,potato,1,Urea,0.001,8.5
5400,2,potato,1,P,0.001,20.62
5400,2,potato,1,K,0.001,26.49
5400,2,potato,2,Urea,0.3,12.7
5400,2,potato,3,Urea,0.5,17.9
5401,2,potato,1,Urea,0.001,8.5
5401,2,potato,1,P,0.001,20.62
5401,2,potato,1,K,0.001,26.49
5401,2,potato,2,Urea,0.3,12.7
5401,2,potato,3,Urea,0.5,17.9
5402,2,potato,1,Urea,0.001,8.5
5402,2,potato,1,P,0.001,20.62
5402,2,potato,1,K,0.001,26.49
5402,2,potato,2,Urea,0.3,12.7
5402,2,potato,3,Urea,0.5,17.9
5405,2,potato,1,Urea,0.001,8.5
5405,2,potato,1,P,0.001,20.62
5405,2,potato,1,K,0.001,26.49
5405,2,potato,2,Urea,0.3,12.7
5405,2,potato,3,Urea,0.5,17.9
5406,2,potato,1,Urea,0.001,8.5
5406,2,potato,1,P,0.001,20.62
5406,2,potato,1,K,0.001,26.49
5406,2,potato,2,Urea,0.3,12.7
5406,2,potato,3,Urea,0.5,17.9
5407,2,potato,1,Urea,0.001,8.5
5407,2,potato,1,P,0.001,20.62
5407,2,potato,1,K,0.001,26.49
5407,2,potato,2,Urea,0.3,12.7
5407,2,potato,3,Urea,0.5,17.9
5411,2,potato,1,Urea,0.001,8.5
5411,2,potato,1,P,0.001,20.62
5411,2,potato,1,K,0.001,26.49
5411,2,potato,2,Urea,0.3,12.7
5411,2,potato,3,Urea,0.5,17.9
5412,2,potato,1,Urea,0.001,8.5
5412,2,potato,1,P,0.001,20.62
5412,2,potato,1,K,0.001,26.49
5412,2,potato,2,Urea,0.3,12.7
5412,2,potato,3,Urea,0.5,17.9
5415,2,potato,1,Urea,0.001,8.5
5415,2,potato,1,P,0.001,20.62
5415,2,potato,1,K,0.001,26.49
5415,2,potato,2,Urea,0.3,12.7
5415,2,potato,3,Urea,0.5,17.9
5420,2,potato,1,Urea,0.001,8.5
5420,2,potato,1,P,0.001,20.62
5420,2,potato,1,K,0.001,26.49
5420,2,potato,2,Urea,0.3,12.7
5420,2,potato,3,Urea,0.5,17.9
5422,2,potato,1,Urea,0.001,8.5
5422,2,potato,1,P,0.001,20.62
5422,2,potato,1,K,0.001,26.49
5422,2,potato,2,Urea,0.3,12.7
5422,2,potato,3,Urea,0.5,17.9
5424,2,potato,1,Urea,0.001,8.5
5424,2,potato,1,P,0.001,20.62
5424,2,potato,1,K,0.001,26.49
5424,2,potato,2,Urea,0.3,12.7
5424,2,potato,3,Urea,0.5,17.9
5426,2,potato,1,Urea,0.001,8.5
5426,2,potato,1,P,0.001,20.62
5426,2,potato,1,K,0.001,26.49
5426,2,potato,2,Urea,0.3,12.7
5426,2,potato,3,Urea,0.5,17.9
5427,2,potato,1,Urea,0.001,8.5
5427,2,potato,1,P,0.001,20.62
5427,2,potato,1,K,0.001,26.49
5427,2,potato,2,Urea,0.3,12.7
5427,2,potato,3,Urea,0.5,17.9
5431,2,potato,1,Urea,0.001,8.5
5431,2,potato,1,P,0.001,20.62
5431,2,potato,1,K,0.001,26.49
5431,2,potato,2,Urea,0.3,12.7
5431,2,potato,3,Urea,0.5,17.9
5432,2,potato,1,Urea,0.001,8.5
5432,2,potato,1,P,0.001,20.62
5432,2,potato,1,K,0.001,26.49
5432,2,potato,2,Urea,0.3,12.7
5432,2,potato,3,Urea,0.5,17.9
5435,2,potato,1,Urea,0.001,8.5
5435,2,potato,1,P,0.001,20.62
5435,2,potato,1,K,0.001,26.49
5435,2,potato,2,Urea,0.3,12.7
5435,2,potato,3,Urea,0.5,17.9
5438,2,potato,1,Urea,0.001,8.5
5438,2,potato,1,P,0.001,20.62
5438,2,potato,1,K,0.001,26.49
5438,2,potato,2,Urea,0.3,12.7
5438,2,potato,3,Urea,0.5,17.9
5439,2,potato,1,Urea,0.001,8.5
5439,2,potato,1,P,0.001,20.62
5439,2,potato,1,K,0.001,26.49
5439,2,potato,2,Urea,0.3,12.7
5439,2,potato,3,Urea,0.5,17.9
5441,2,potato,1,Urea,0.001,8.5
5441,2,potato,1,P,0.001,20.62
5441,2,potato,1,K,0.001,26.49
5441,2,potato,2,Urea,0.3,12.7
5441,2,potato,3,Urea,0.5,17.9
5444,2,potato,1,Urea,0.001,8.5
5444,2,potato,1,P,0.001,20.62
5444,2,potato,1,K,0.001,26.49
5444,2,potato,2,Urea,0.3,12.7
5444,2,potato,3,Urea,0.5,17.9
5445,2,potato,1,Urea,0.001,8.5
5445,2,potato,1,P,0.001,20.62
5445,2,potato,1,K,0.001,26.49
5445,2,potato,2,Urea,0.3,12.7
5445,2,potato,3,Urea,0.5,17.9
5446,2,potato,1,Urea,0.001,8.5
5446,2,potato,1,P,0.001,20.62
5446,2,potato,1,K,0.001,26.49
5446,2,potato,2,Urea,0.3,12.7
5446,2,potato,3,Urea,0.5,17.9
5447,2,potato,1,Urea,0.001,8.5
5447,2,potato,1,P,0.001,20.62
5447,2,potato,1,K,0.001,26.49
5447,2,potato,2,Urea,0.3,12.7
5447,2,potato,3,Urea,0.5,17.9
5450,2,potato,1,Urea,0.001,8.5
5450,2,potato,1,P,0.001,20.62
5450,2,potato,1,K,0.001,26.49
5450,2,potato,2,Urea,0.3,12.7
5450,2,potato,3,Urea,0.5,17.9
5451,2,potato,1,Urea,0.001,8.5
5451,2,potato,1,P,0.001,20.62
5451,2,potato,1,K,0.001,26.49
5451,2,potato,2,Urea,0.3,12.7
5451,2,potato,3,Urea,0.5,17.9
5462,2,potato,1,Urea,0.001,8.5
5462,2,potato,1,P,0.001,20.62
5462,2,potato,1,K,0.001,26.49
5462,2,potato,2,Urea,0.3,12.7
5462,2,potato,3,Urea,0.5,17.9
5463,2,potato,1,Urea,0.001,8.5
5463,2,potato,1,P,0.001,20.62
5463,2,potato,1,K,0.001,26.49
5463,2,potato,2,Urea,0.3,12.7
5463,2,potato,3,Urea,0.5,17.9
5468,2,potato,1,Urea,0.001,8.5
5468,2,potato,1,P,0.001,20.62
5468,2,potato,1,K,0.001,26.49
5468,2,potato,2,Urea,0.3,12.7
5468,2,potato,3,Urea,0.5,17.9
5469,2,potato,1,Urea,0.001,8.5
5469,2,potato,1,P,0.001,20.62
5469,2,potato,1,K,0.001,26.49
5469,2,potato,2,Urea,0.3,12.7
5469,2,potato,3,Urea,0.5,17.9
5471,2,potato,1,Urea,0.001,8.5
5471,2,potato,1,P,0.001,20.62
5471,2,potato,1,K,0.001,26.49
5471,2,potato,2,Urea,0.3,12.7
5471,2,potato,3,Urea,0.5,17.9
5475,2,potato,1,Urea,0.001,8.5
5475,2,potato,1,P,0.001,20.62
5475,2,potato,1,K,0.001,26.49
5475,2,potato,2,Urea,0.3,12.7
5475,2,potato,3,Urea,0.5,17.9
5477,2,potato,1,Urea,0.001,8.5
5477,2,potato,1,P,0.001,20.62
5477,2,potato,1,K,0.001,26.49
5477,2,potato,2,Urea,0.3,12.7
5477,2,potato,3,Urea,0.5,17.9
5480,2,potato,1,Urea,0.001,8.5
5480,2,potato,1,P,0.001,20.62
5480,2,potato,1,K,0.001,26.49
5480,2,potato,2,Urea,0.3,12.7
5480,2,potato,3,Urea,0.5,17.9
5482,2,potato,1,Urea,0.001,8.5
5482,2,potato,1,P,0.001,20.62
5482,2,potato,1,K,0.001,26.49
5482,2,potato,2,Urea,0.3,12.7
5482,2,potato,3,Urea,0.5,17.9
5483,2,potato,1,Urea,0.001,8.5
5483,2,potato,1,P,0.001,20.62
5483,2,potato,1,K,0.001,26.49
5483,2,potato,2,Urea,0.3,12.7
5483,2,potato,3,Urea,0.5,17.9
5484,2,potato,1,Urea,0.001,8.5
5484,2,potato,1,P,0.001,20.62
5484,2,potato,1,K,0.001,26.49
5484,2,potato,2,Urea,0.3,12.7
5484,2,potato,3,Urea,0.5,17.9
5493,2,potato,1,Urea,0.001,8.5
5493,2,potato,1,P,0.001,20.62
5493,2,potato,1,K,0.001,26.49
5493,2,potato,2,Urea,0.3,12.7
5493,2,potato,3,Urea,0.5,17.9
5497,2,potato,1,Urea,0.001,8.5
5497,2,potato,1,P,0.001,20.62
5497,2,potato,1,K,0.001,26.49
5497,2,potato,2,Urea,0.3,12.7
5497,2,potato,3,Urea,0.5,17.9
5498,2,potato,1,Urea,0.001,8.5
5498,2,potato,1,P,0.001,20.62
5498,2,potato,1,K,0.001,26.49
5498,2,potato,2,Urea,0.3,12.7
5498,2,potato,3,Urea,0.5,17.9
5506,2,potato,1,Urea,0.001,8.5
5506,2,potato,1,P,0.001,20.62
5506,2,potato,1,K,0.001,26.49
5506,2,potato,2,Urea,0.3,12.7
5506,2,potato,3,Urea,0.5,17.9
5507,2,potato,1,Urea,0.001,8.5
5507,2,potato,1,P,0.001,20.62
5507,2,potato,1,K,0.001,26.49
5507,2,potato,2,Urea,0.3,12.7
5507,2,potato,3,Urea,0.5,17.9
5509,2,potato,1,Urea,0.001,8.5
5509,2,potato,1,P,0.001,20.62
5509,2,potato,1,K,0.001,26.49
5509,2,potato,2,Urea,0.3,12.7
5509,2,potato,3,Urea,0.5,17.9
5517,2,potato,1,Urea,0.001,8.5
5517,2,potato,1,P,0.001,20.62
5517,2,potato,1,K,0.001,26.49
5517,2,potato,2,Urea,0.3,12.7
5517,2,potato,3,Urea,0.5,17.9
5518,2,potato,1,Urea,0.001,8.5
5518,2,potato,1,P,0.001,20.62
5518,2,potato,1,K,0.001,26.49
5518,2,potato,2,Urea,0.3,12.7
5518,2,potato,3,Urea,0.5,17.9
5520,2,potato,1,Urea,0.001,8.5
5520,2,potato,1,P,0.001,20.62
5520,2,potato,1,K,0.001,26.49
5520,2,potato,2,Urea,0.3,12.7
5520,2,potato,3,Urea,0.5,17.9
5524,2,potato,1,Urea,0.001,8.5
5524,2,potato,1,P,0.001,20.62
5524,2,potato,1,K,0.001,26.49
5524,2,potato,2,Urea,0.3,12.7
5524,2,potato,3,Urea,0.5,17.9
5539,2,potato,1,Urea,0.001,8.5
5539,2,potato,1,P,0.001,20.62
5539,2,potato,1,K,0.001,26.49
5539,2,potato,2,Urea,0.3,12.7
5539,2,potato,3,Urea,0.5,17.9
5543,2,potato,1,Urea,0.001,8.5
5543,2,potato,1,P,0.001,20.62
5543,2,potato,1,K,0.001,26.49
5543,2,potato,2,Urea,0.3,12.7
5543,2,potato,3,Urea,0.5,17.9
5555,2,potato,1,Urea,0.001,8.5
5555,2,potato,1,P,0.001,20.62
5555,2,potato,1,K,0.001,26.49
5555,2,potato,2,Urea,0.3,12.7
5555,2,potato,3,Urea,0.5,17.9
5556,2,potato,1,Urea,0.001,8.5
5556,2,potato,1,P,0.001,20.62
5556,2,potato,1,K,0.001,26.49
5556,2,potato,2,Urea,0.3,12.7
5556,2,potato,3,Urea,0.5,17.9
6000,2,potato,1,Urea,0.001,8.5
6000,2,potato,1,P,0.001,20.62
6000,2,potato,1,K,0.001,26.49
6000,2,potato,2,Urea,0.3,12.7
6000,2,potato,3,Urea,0.5,17.9
6001,2,potato,1,Urea,0.001,8.5
6001,2,potato,1,P,0.001,20.62
6001,2,potato,1,K,0.001,26.49
6001,2,potato,2,Urea,0.3,12.7
6001,2,potato,3,Urea,0.5,17.9
6002,2,potato,1,Urea,0.001,8.5
6002,2,potato,1,P,0.001,20.62
6002,2,potato,1,K,0.001,26.49
6002,2,potato,2,Urea,0.3,12.7
6002,2,potato,3,Urea,0.5,17.9
6004,2,potato,1,Urea,0.001,8.5
6004,2,potato,1,P,0.001,20.62
6004,2,potato,1,K,0.001,26.49
6004,2,potato,2,Urea,0.3,12.7
6004,2,potato,3,Urea,0.5,17.9
6005,2,potato,1,Urea,0.001,8.5
6005,2,potato,1,P,0.001,20.62
6005,2,potato,1,K,0.001,26.49
6005,2,potato,2,Urea,0.3,12.7
6005,2,potato,3,Urea,0.5,17.9
6006,2,potato,1,Urea,0.001,8.5
6006,2,potato,1,P,0.001,20.62
6006,2,potato,1,K,0.001,26.49
6006,2,potato,2,Urea,0.3,12.7
6006,2,potato,3,Urea,0.5,17.9
6007,2,potato,1,Urea,0.001,8.5
6007,2,potato,1,P,0.001,20.62
6007,2,potato,1,K,0.001,26.49
6007,2,potato,2,Urea,0.3,12.7
6007,2,potato,3,Urea,0.5,17.9
6008,2,potato,1,Urea,0.001,8.5
6008,2,potato,1,P,0.001,20.62
6008,2,potato,1,K,0.001,26.49
6008,2,potato,2,Urea,0.3,12.7
6008,2,potato,3,Urea,0.5,17.9
6009,2,potato,1,Urea,0.001,8.5
6009,2,potato,1,P,0.001,20.62
6009,2,potato,1,K,0.001,26.49
6009,2,potato,2,Urea,0.3,12.7
6009,2,potato,3,Urea,0.5,17.9
6010,2,potato,1,Urea,0.001,8.5
6010,2,potato,1,P,0.001,20.62
6010,2,potato,1,K,0.001,26.49
6010,2,potato,2,Urea,0.3,12.7
6010,2,potato,3,Urea,0.5,17.9
6011,2,potato,1,Urea,0.001,8.5
6011,2,potato,1,P,0.001,20.62
6011,2,potato,1,K,0.001,26.49
6011,2,potato,2,Urea,0.3,12.7
6011,2,potato,3,Urea,0.5,17.9
6012,2,potato,1,Urea,0.001,8.5
6012,2,potato,1,P,0.001,20.62
6012,2,potato,1,K,0.001,26.49
6012,2,potato,2,Urea,0.3,12.7
6012,2,potato,3,Urea,0.5,17.9
6013,2,potato,1,Urea,0.001,8.5
6013,2,potato,1,P,0.001,20.62
6013,2,potato,1,K,0.001,26.49
6013,2,potato,2,Urea,0.3,12.7
6013,2,potato,3,Urea,0.5,17.9
6014,2,potato,1,Urea,0.001,8.5
6014,2,potato,1,P,0.001,20.62
6014,2,potato,1,K,0.001,26.49
6014,2,potato,2,Urea,0.3,12.7
6014,2,potato,3,Urea,0.5,17.9
6015,2,potato,1,Urea,0.001,8.5
6015,2,potato,1,P,0.001,20.62
6015,2,potato,1,K,0.001,26.49
6015,2,potato,2,Urea,0.3,12.7
6015,2,potato,3,Urea,0.5,17.9
6016,2,potato,1,Urea,0.001,8.5
6016,2,potato,1,P,0.001,20.62
6016,2,potato,1,K,0.001,26.49
6016,2,potato,2,Urea,0.3,12.7
6016,2,potato,3,Urea,0.5,17.9
6017,2,potato,1,Urea,0.001,8.5
6017,2,potato,1,P,0.001,20.62
6017,2,potato,1,K,0.001,26.49
6017,2,potato,2,Urea,0.3,12.7
6017,2,potato,3,Urea,0.5,17.9
6018,2,potato,1,Urea,0.001,8.5
6018,2,potato,1,P,0.001,20.62
6018,2,potato,1,K,0.001,26.49
6018,2,potato,2,Urea,0.3,12.7
6018,2,potato,3,Urea,0.5,17.9
6019,2,potato,1,Urea,0.001,8.5
6019,2,potato,1,P,0.001,20.62
6019,2,potato,1,K,0.001,26.49
6019,2,potato,2,Urea,0.3,12.7
6019,2,potato,3,Urea,0.5,17.9
6020,2,potato,1,Urea,0.001,8.5
6020,2,potato,1,P,0.001,20.62
6020,2,potato,1,K,0.001,26.49
6020,2,potato,2,Urea,0.3,12.7
6020,2,potato,3,Urea,0.5,17.9
6021,2,potato,1,Urea,0.001,8.5
6021,2,potato,1,P,0.001,20.62
6021,2,potato,1,K,0.001,26.49
6021,2,potato,2,Urea,0.3,12.7
6021,2,potato,3,Urea,0.5,17.9
6023,2,potato,1,Urea,0.001,8.5
6023,2,potato,1,P,0.001,20.62
6023,2,potato,1,K,0.001,26.49
6023,2,potato,2,Urea,0.3,12.7
6023,2,potato,3,Urea,0.5,17.9
6024,2,potato,1,Urea,0.001,8.5
6024,2,potato,1,P,0.001,20.62
6024,2,potato,1,K,0.001,26.49
6024,2,potato,2,Urea,0.3,12.7
6024,2,potato,3,Urea,0.5,17.9
6025,2,potato,1,Urea,0.001,8.5
6025,2,potato,1,P,0.001,20.62
6025,2,potato,1,K,0.001,26.49
6025,2,potato,2,Urea,0.3,12.7
6025,2,potato,3,Urea,0.5,17.9
6026,2,potato,1,Urea,0.001,8.5
6026,2,potato,1,P,0.001,20.62
6026,2,potato,1,K,0.001,26.49
6026,2,potato,2,Urea,0.3,12.7
6026,2,potato,3,Urea,0.5,17.9
6027,2,potato,1,Urea,0.001,8.5
6027,2,potato,1,P,0.001,20.62
6027,2,potato,1,K,0.001,26.49
6027,2,potato,2,Urea,0.3,12.7
6027,2,potato,3,Urea,0.5,17.9
6028,2,potato,1,Urea,0.001,8.5
6028,2,potato,1,P,0.001,20.62
6028,2,potato,1,K,0.001,26.49
6028,2,potato,2,Urea,0.3,12.7
6028,2,potato,3,Urea,0.5,17.9
6029,2,potato,1,Urea,0.001,8.5
6029,2,potato,1,P,0.001,20.62
6029,2,potato,1,K,0.001,26.49
6029,2,potato,2,Urea,0.3,12.7
6029,2,potato,3,Urea,0.5,17.9
6030,2,potato,1,Urea,0.001,8.5
6030,2,potato,1,P,0.001,20.62
6030,2,potato,1,K,0.001,26.49
6030,2,potato,2,Urea,0.3,12.7
6030,2,potato,3,Urea,0.5,17.9
6031,2,potato,1,Urea,0.001,8.5
6031,2,potato,1,P,0.001,20.62
6031,2,potato,1,K,0.001,26.49
6031,2,potato,2,Urea,0.3,12.7
6031,2,potato,3,Urea,0.5,17.9
6032,2,potato,1,Urea,0.001,8.5
6032,2,potato,1,P,0.001,20.62
6032,2,potato,1,K,0.001,26.49
6032,2,potato,2,Urea,0.3,12.7
6032,2,potato,3,Urea,0.5,17.9
6033,2,potato,1,Urea,0.001,8.5
6033,2,potato,1,P,0.001,20.62
6033,2,potato,1,K,0.001,26.49
6033,2,potato,2,Urea,0.3,12.7
6033,2,potato,3,Urea,0.5,17.9
6034,2,potato,1,Urea,0.001,8.5
6034,2,potato,1,P,0.001,20.62
6034,2,potato,1,K,0.001,26.49
6034,2,potato,2,Urea,0.3,12.7
6034,2,potato,3,Urea,0.5,17.9
6035,2,potato,1,Urea,0.001,8.5
6035,2,potato,1,P,0.001,20.62
6035,2,potato,1,K,0.001,26.49
6035,2,potato,2,Urea,0.3,12.7
6035,2,potato,3,Urea,0.5,17.9
6036,2,potato,1,Urea,0.001,8.5
6036,2,potato,1,P,0.001,20.62
6036,2,potato,1,K,0.001,26.49
6036,2,potato,2,Urea,0.3,12.7
6036,2,potato,3,Urea,0.5,17.9
6037,2,potato,1,Urea,0.001,8.5
6037,2,potato,1,P,0.001,20.62
6037,2,potato,1,K,0.001,26.49
6037,2,potato,2,Urea,0.3,12.7
6037,2,potato,3,Urea,0.5,17.9
6038,2,potato,1,Urea,0.001,8.5
6038,2,potato,1,P,0.001,20.62
6038,2,potato,1,K,0.001,26.49
6038,2,potato,2,Urea,0.3,12.7
6038,2,potato,3,Urea,0.5,17.9
6039,2,potato,1,Urea,0.001,8.5
6039,2,potato,1,P,0.001,20.62
6039,2,potato,1,K,0.001,26.49
6039,2,potato,2,Urea,0.3,12.7
6039,2,potato,3,Urea,0.5,17.9
6040,2,potato,1,Urea,0.001,8.5
6040,2,potato,1,P,0.001,20.62
6040,2,potato,1,K,0.001,26.49
6040,2,potato,2,Urea,0.3,12.7
6040,2,potato,3,Urea,0.5,17.9
6041,2,potato,1,Urea,0.001,8.5
6041,2,potato,1,P,0.001,20.62
6041,2,potato,1,K,0.001,26.49
6041,2,potato,2,Urea,0.3,12.7
6041,2,potato,3,Urea,0.5,17.9
6042,2,potato,1,Urea,0.001,8.5
6042,2,potato,1,P,0.001,20.62
6042,2,potato,1,K,0.001,26.49
6042,2,potato,2,Urea,0.3,12.7
6042,2,potato,3,Urea,0.5,17.9
6043,2,potato,1,Urea,0.001,8.5
6043,2,potato,1,P,0.001,20.62
6043,2,potato,1,K,0.001,26.49
6043,2,potato,2,Urea,0.3,12.7
6043,2,potato,3,Urea,0.5,17.9
6044,2,potato,1,Urea,0.001,8.5
6044,2,potato,1,P,0.001,20.62
6044,2,potato,1,K,0.001,26.49
6044,2,potato,2,Urea,0.3,12.7
6044,2,potato,3,Urea,0.5,17.9
6045,2,potato,1,Urea,0.001,8.5
6045,2,potato,1,P,0.001,20.62
6045,2,potato,1,K,0.001,26.49
6045,2,potato,2,Urea,0.3,12.7
6045,2,potato,3,Urea,0.5,17.9
6046,2,potato,1,Urea,0.001,8.5
6046,2,potato,1,P,0.001,20.62
6046,2,potato,1,K,0.001,26.49
6046,2,potato,2,Urea,0.3,12.7
6046,2,potato,3,Urea,0.5,17.9
6047,2,potato,1,Urea,0.001,8.5
6047,2,potato,1,P,0.001,20.62
6047,2,potato,1,K,0.001,26.49
6047,2,potato,2,Urea,0.3,12.7
6047,2,potato,3,Urea,0.5,17.9
6048,2,potato,1,Urea,0.001,8.5
6048,2,potato,1,P,0.001,20.62
6048,2,potato,1,K,0.001,26.49
6048,2,potato,2,Urea,0.3,12.7
6048,2,potato,3,Urea,0.5,17.9
6049,2,potato,1,Urea,0.001,8.5
6049,2,potato,1,P,0.001,20.62
6049,2,potato,1,K,0.001,26.49
6049,2,potato,2,Urea,0.3,12.7
6049,2,potato,3,Urea,0.5,17.9
6050,2,potato,1,Urea,0.001,8.5
6050,2,potato,1,P,0.001,20.62
6050,2,potato,1,K,0.001,26.49
6050,2,potato,2,Urea,0.3,12.7
6050,2,potato,3,Urea,0.5,17.9
6051,2,potato,1,Urea,0.001,8.5
6051,2,potato,1,P,0.001,20.62
6051,2,potato,1,K,0.001,26.49
6051,2,potato,2,Urea,0.3,12.7
6051,2,potato,3,Urea,0.5,17.9
6052,2,potato,1,Urea,0.001,8.5
6052,2,potato,1,P,0.001,20.62
6052,2,potato,1,K,0.001,26.49
6052,2,potato,2,Urea,0.3,12.7
6052,2,potato,3,Urea,0.5,17.9
6055,2,potato,1,Urea,0.001,8.5
6055,2,potato,1,P,0.001,20.62
6055,2,potato,1,K,0.001,26.49
6055,2,potato,2,Urea,0.3,12.7
6055,2,potato,3,Urea,0.5,17.9
6056,2,potato,1,Urea,0.001,8.5
6056,2,potato,1,P,0.001,20.62
6056,2,potato,1,K,0.001,26.49
6056,2,potato,2,Urea,0.3,12.7
6056,2,potato,3,Urea,0.5,17.9
6057,2,potato,1,Urea,0.001,8.5
6057,2,potato,1,P,0.001,20.62
6057,2,potato,1,K,0.001,26.49
6057,2,potato,2,Urea,0.3,12.7
6057,2,potato,3,Urea,0.5,17.9
6058,2,potato,1,Urea,0.001,8.5
6058,2,potato,1,P,0.001,20.62
6058,2,potato,1,K,0.001,26.49
6058,2,potato,2,Urea,0.3,12.7
6058,2,potato,3,Urea,0.5,17.9
6059,2,potato,1,Urea,0.001,8.5
6059,2,potato,1,P,0.001,20.62
6059,2,potato,1,K,0.001,26.49
6059,2,potato,2,Urea,0.3,12.7
6059,2,potato,3,Urea,0.5,17.9
6060,2,potato,1,Urea,0.001,8.5
6060,2,potato,1,P,0.001,20.62
6060,2,potato,1,K,0.001,26.49
6060,2,potato,2,Urea,0.3,12.7
6060,2,potato,3,Urea,0.5,17.9
6061,2,potato,1,Urea,0.001,8.5
6061,2,potato,1,P,0.001,20.62
6061,2,potato,1,K,0.001,26.49
6061,2,potato,2,Urea,0.3,12.7
6061,2,potato,3,Urea,0.5,17.9
6062,2,potato,1,Urea,0.001,8.5
6062,2,potato,1,P,0.001,20.62
6062,2,potato,1,K,0.001,26.49
6062,2,potato,2,Urea,0.3,12.7
6062,2,potato,3,Urea,0.5,17.9
6063,2,potato,1,Urea,0.001,8.5
6063,2,potato,1,P,0.001,20.62
6063,2,potato,1,K,0.001,26.49
6063,2,potato,2,Urea,0.3,12.7
6063,2,potato,3,Urea,0.5,17.9
6064,2,potato,1,Urea,0.001,8.5
6064,2,potato,1,P,0.001,20.62
6064,2,potato,1,K,0.001,26.49
6064,2,potato,2,Urea,0.3,12.7
6064,2,potato,3,Urea,0.5,17.9
6065,2,potato,1,Urea,0.001,8.5
6065,2,potato,1,P,0.001,20.62
6065,2,potato,1,K,0.001,26.49
6065,2,potato,2,Urea,0.3,12.7
6065,2,potato,3,Urea,0.5,17.9
6066,2,potato,1,Urea,0.001,8.5
6066,2,potato,1,P,0.001,20.62
6066,2,potato,1,K,0.001,26.49
6066,2,potato,2,Urea,0.3,12.7
6066,2,potato,3,Urea,0.5,17.9
6067,2,potato,1,Urea,0.001,8.5
6067,2,potato,1,P,0.001,20.62
6067,2,potato,1,K,0.001,26.49
6067,2,potato,2,Urea,0.3,12.7
6067,2,potato,3,Urea,0.5,17.9
6068,2,potato,1,Urea,0.001,8.5
6068,2,potato,1,P,0.001,20.62
6068,2,potato,1,K,0.001,26.49
6068,2,potato,2,Urea,0.3,12.7
6068,2,potato,3,Urea,0.5,17.9
6069,2,potato,1,Urea,0.001,8.5
6069,2,potato,1,P,0.001,20.62
6069,2,potato,1,K,0.001,26.49
6069,2,potato,2,Urea,0.3,12.7
6069,2,potato,3,Urea,0.5,17.9
6070,2,potato,1,Urea,0.001,8.5
6070,2,potato,1,P,0.001,20.62
6070,2,potato,1,K,0.001,26.49
6070,2,potato,2,Urea,0.3,12.7
6070,2,potato,3,Urea,0.5,17.9
6071,2,potato,1,Urea,0.001,8.5
6071,2,potato,1,P,0.001,20.62
6071,2,potato,1,K,0.001,26.49
6071,2,potato,2,Urea,0.3,12.7
6071,2,potato,3,Urea,0.5,17.9
6072,2,potato,1,Urea,0.001,8.5
6072,2,potato,1,P,0.001,20.62
6072,2,potato,1,K,0.001,26.49
6072,2,potato,2,Urea,0.3,12.7
6072,2,potato,3,Urea,0.5,17.9
6073,2,potato,1,Urea,0.001,8.5
6073,2,potato,1,P,0.001,20.62
6073,2,potato,1,K,0.001,26.49
6073,2,potato,2,Urea,0.3,12.7
6073,2,potato,3,Urea,0.5,17.9
6075,2,potato,1,Urea,0.001,8.5
6075,2,potato,1,P,0.001,20.62
6075,2,potato,1,K,0.001,26.49
6075,2,potato,2,Urea,0.3,12.7
6075,2,potato,3,Urea,0.5,17.9
6077,2,potato,1,Urea,0.001,8.5
6077,2,potato,1,P,0.001,20.62
6077,2,potato,1,K,0.001,26.49
6077,2,potato,2,Urea,0.3,12.7
6077,2,potato,3,Urea,0.5,17.9
6078,2,potato,1,Urea,0.001,8.5
6078,2,potato,1,P,0.001,20.62
6078,2,potato,1,K,0.001,26.49
6078,2,potato,2,Urea,0.3,12.7
6078,2,potato,3,Urea,0.5,17.9
6079,2,potato,1,Urea,0.001,8.5
6079,2,potato,1,P,0.001,20.62
6079,2,potato,1,K,0.001,26.49
6079,2,potato,2,Urea,0.3,12.7
6079,2,potato,3,Urea,0.5,17.9
6080,2,potato,1,Urea,0.001,8.5
6080,2,potato,1,P,0.001,20.62
6080,2,potato,1,K,0.001,26.49
6080,2,potato,2,Urea,0.3,12.7
6080,2,potato,3,Urea,0.5,17.9
6081,2,potato,1,Urea,0.001,8.5
6081,2,potato,1,P,0.001,20.62
6081,2,potato,1,K,0.001,26.49
6081,2,potato,2,Urea,0.3,12.7
6081,2,potato,3,Urea,0.5,17.9
6082,2,potato,1,Urea,0.001,8.5
6082,2,potato,1,P,0.001,20.62
6082,2,potato,1,K,0.001,26.49
6082,2,potato,2,Urea,0.3,12.7
6082,2,potato,3,Urea,0.5,17.9
6083,2,potato,1,Urea,0.001,8.5
6083,2,potato,1,P,0.001,20.62
6083,2,potato,1,K,0.001,26.49
6083,2,potato,2,Urea,0.3,12.7
6083,2,potato,3,Urea,0.5,17.9
6084,2,potato,1,Urea,0.001,8.5
6084,2,potato,1,P,0.001,20.62
6084,2,potato,1,K,0.001,26.49
6084,2,potato,2,Urea,0.3,12.7
6084,2,potato,3,Urea,0.5,17.9
6085,2,potato,1,Urea,0.001,8.5
6085,2,potato,1,P,0.001,20.62
6085,2,potato,1,K,0.001,26.49
6085,2,potato,2,Urea,0.3,12.7
6085,2,potato,3,Urea,0.5,17.9
6086,2,potato,1,Urea,0.001,8.5
6086,2,potato,1,P,0.001,20.62
6086,2,potato,1,K,0.001,26.49
6086,2,potato,2,Urea,0.3,12.7
6086,2,potato,3,Urea,0.5,17.9
6087,2,potato,1,Urea,0.001,8.5
6087,2,potato,1,P,0.001,20.62
6087,2,potato,1,K,0.001,26.49
6087,2,potato,2,Urea,0.3,12.7
6087,2,potato,3,Urea,0.5,17.9
6088,2,potato,1,Urea,0.001,8.5
6088,2,potato,1,P,0.001,20.62
6088,2,potato,1,K,0.001,26.49
6088,2,potato,2,Urea,0.3,12.7
6088,2,potato,3,Urea,0.5,17.9
6089,2,potato,1,Urea,0.001,8.5
6089,2,potato,1,P,0.001,20.62
6089,2,potato,1,K,0.001,26.49
6089,2,potato,2,Urea,0.3,12.7
6089,2,potato,3,Urea,0.5,17.9
6090,2,potato,1,Urea,0.001,8.5
6090,2,potato,1,P,0.001,20.62
6090,2,potato,1,K,0.001,26.49
6090,2,potato,2,Urea,0.3,12.7
6090,2,potato,3,Urea,0.5,17.9
6091,2,potato,1,Urea,0.001,8.5
6091,2,potato,1,P,0.001,20.62
6091,2,potato,1,K,0.001,26.49
6091,2,potato,2,Urea,0.3,12.7
6091,2,potato,3,Urea,0.5,17.9
6092,2,potato,1,Urea,0.001,8.5
6092,2,potato,1,P,0.001,20.62
6092,2,potato,1,K,0.001,26.49
6092,2,potato,2,Urea,0.3,12.7
6092,2,potato,3,Urea,0.5,17.9
6093,2,potato,1,Urea,0.001,8.5
6093,2,potato,1,P,0.001,20.62
6093,2,potato,1,K,0.001,26.49
6093,2,potato,2,Urea,0.3,12.7
6093,2,potato,3,Urea,0.5,17.9
6094,2,potato,1,Urea,0.001,8.5
6094,2,potato,1,P,0.001,20.62
6094,2,potato,1,K,0.001,26.49
6094,2,potato,2,Urea,0.3,12.7
6094,2,potato,3,Urea,0.5,17.9
6095,2,potato,1,Urea,0.001,8.5
6095,2,potato,1,P,0.001,20.62
6095,2,potato,1,K,0.001,26.49
6095,2,potato,2,Urea,0.3,12.7
6095,2,potato,3,Urea,0.5,17.9
6096,2,potato,1,Urea,0.001,8.5
6096,2,potato,1,P,0.001,20.62
6096,2,potato,1,K,0.001,26.49
6096,2,potato,2,Urea,0.3,12.7
6096,2,potato,3,Urea,0.5,17.9
6097,2,potato,1,Urea,0.001,8.5
6097,2,potato,1,P,0.001,20.62
6097,2,potato,1,K,0.001,26.49
6097,2,potato,2,Urea,0.3,12.7
6097,2,potato,3,Urea,0.5,17.9
6098,2,potato,1,Urea,0.001,8.5
6098,2,potato,1,P,0.001,20.62
6098,2,potato,1,K,0.001,26.49
6098,2,potato,2,Urea,0.3,12.7
6098,2,potato,3,Urea,0.5,17.9
6099,2,potato,1,Urea,0.001,8.5
6099,2,potato,1,P,0.001,20.62
6099,2,potato,1,K,0.001,26.49
6099,2,potato,2,Urea,0.3,12.7
6099,2,potato,3,Urea,0.5,17.9
6100,2,potato,1,Urea,0.001,8.5
6100,2,potato,1,P,0.001,20.62
6100,2,potato,1,K,0.001,26.49
6100,2,potato,2,Urea,0.3,12.7
6100,2,potato,3,Urea,0.5,17.9
6101,2,potato,1,Urea,0.001,8.5
6101,2,potato,1,P,0.001,20.62
6101,2,potato,1,K,0.001,26.49
6101,2,potato,2,Urea,0.3,12.7
6101,2,potato,3,Urea,0.5,17.9
6102,2,potato,1,Urea,0.001,8.5
6102,2,potato,1,P,0.001,20.62
6102,2,potato,1,K,0.001,26.49
6102,2,potato,2,Urea,0.3,12.7
6102,2,potato,3,Urea,0.5,17.9
6103,2,potato,1,Urea,0.001,8.5
6103,2,potato,1,P,0.001,20.62
6103,2,potato,1,K,0.001,26.49
6103,2,potato,2,Urea,0.3,12.7
6103,2,potato,3,Urea,0.5,17.9
6104,2,potato,1,Urea,0.001,8.5
6104,2,potato,1,P,0.001,20.62
6104,2,potato,1,K,0.001,26.49
6104,2,potato,2,Urea,0.3,12.7
6104,2,potato,3,Urea,0.5,17.9
6105,2,potato,1,Urea,0.001,8.5
6105,2,potato,1,P,0.001,20.62
6105,2,potato,1,K,0.001,26.49
6105,2,potato,2,Urea,0.3,12.7
6105,2,potato,3,Urea,0.5,17.9
6106,2,potato,1,Urea,0.001,8.5
6106,2,potato,1,P,0.001,20.62
6106,2,potato,1,K,0.001,26.49
6106,2,potato,2,Urea,0.3,12.7
6106,2,potato,3,Urea,0.5,17.9
6107,2,potato,1,Urea,0.001,8.5
6107,2,potato,1,P,0.001,20.62
6107,2,potato,1,K,0.001,26.49
6107,2,potato,2,Urea,0.3,12.7
6107,2,potato,3,Urea,0.5,17.9
6108,2,potato,1,Urea,0.001,8.5
6108,2,potato,1,P,0.001,20.62
6108,2,potato,1,K,0.001,26.49
6108,2,potato,2,Urea,0.3,12.7
6108,2,potato,3,Urea,0.5,17.9
6109,2,potato,1,Urea,0.001,8.5
6109,2,potato,1,P,0.001,20.62
6109,2,potato,1,K,0.001,26.49
6109,2,potato,2,Urea,0.3,12.7
6109,2,potato,3,Urea,0.5,17.9
6111,2,potato,1,Urea,0.001,8.5
6111,2,potato,1,P,0.001,20.62
6111,2,potato,1,K,0.001,26.49
6111,2,potato,2,Urea,0.3,12.7
6111,2,potato,3,Urea,0.5,17.9
6112,2,potato,1,Urea,0.001,8.5
6112,2,potato,1,P,0.001,20.62
6112,2,potato,1,K,0.001,26.49
6112,2,potato,2,Urea,0.3,12.7
6112,2,potato,3,Urea,0.5,17.9
6113,2,potato,1,Urea,0.001,8.5
6113,2,potato,1,P,0.001,20.62
6113,2,potato,1,K,0.001,26.49
6113,2,potato,2,Urea,0.3,12.7
6113,2,potato,3,Urea,0.5,17.9
6114,2,potato,1,Urea,0.001,8.5
6114,2,potato,1,P,0.001,20.62
6114,2,potato,1,K,0.001,26.49
6114,2,potato,2,Urea,0.3,12.7
6114,2,potato,3,Urea,0.5,17.9
6115,2,potato,1,Urea,0.001,8.5
6115,2,potato,1,P,0.001,20.62
6115,2,potato,1,K,0.001,26.49
6115,2,potato,2,Urea,0.3,12.7
6115,2,potato,3,Urea,0.5,17.9
6116,2,potato,1,Urea,0.001,8.5
6116,2,potato,1,P,0.001,20.62
6116,2,potato,1,K,0.001,26.49
6116,2,potato,2,Urea,0.3,12.7
6116,2,potato,3,Urea,0.5,17.9
6117,2,potato,1,Urea,0.001,8.5
6117,2,potato,1,P,0.001,20.62
6117,2,potato,1,K,0.001,26.49
6117,2,potato,2,Urea,0.3,12.7
6117,2,potato,3,Urea,0.5,17.9
6119,2,potato,1,Urea,0.001,8.5
6119,2,potato,1,P,0.001,20.62
6119,2,potato,1,K,0.001,26.49
6119,2,potato,2,Urea,0.3,12.7
6119,2,potato,3,Urea,0.5,17.9
6120,2,potato,1,Urea,0.001,8.5
6120,2,potato,1,P,0.001,20.62
6120,2,potato,1,K,0.001,26.49
6120,2,potato,2,Urea,0.3,12.7
6120,2,potato,3,Urea,0.5,17.9
6121,2,potato,1,Urea,0.001,8.5
6121,2,potato,1,P,0.001,20.62
6121,2,potato,1,K,0.001,26.49
6121,2,potato,2,Urea,0.3,12.7
6121,2,potato,3,Urea,0.5,17.9
6122,2,potato,1,Urea,0.001,8.5
6122,2,potato,1,P,0.001,20.62
6122,2,potato,1,K,0.001,26.49
6122,2,potato,2,Urea,0.3,12.7
6122,2,potato,3,Urea,0.5,17.9
6123,2,potato,1,Urea,0.001,8.5
6123,2,potato,1,P,0.001,20.62
6123,2,potato,1,K,0.001,26.49
6123,2,potato,2,Urea,0.3,12.7
6123,2,potato,3,Urea,0.5,17.9
6124,2,potato,1,Urea,0.001,8.5
6124,2,potato,1,P,0.001,20.62
6124,2,potato,1,K,0.001,26.49
6124,2,potato,2,Urea,0.3,12.7
6124,2,potato,3,Urea,0.5,17.9
6125,2,potato,1,Urea,0.001,8.5
6125,2,potato,1,P,0.001,20.62
6125,2,potato,1,K,0.001,26.49
6125,2,potato,2,Urea,0.3,12.7
6125,2,potato,3,Urea,0.5,17.9
6126,2,potato,1,Urea,0.001,8.5
6126,2,potato,1,P,0.001,20.62
6126,2,potato,1,K,0.001,26.49
6126,2,potato,2,Urea,0.3,12.7
6126,2,potato,3,Urea,0.5,17.9
6127,2,potato,1,Urea,0.001,8.5
6127,2,potato,1,P,0.001,20.62
6127,2,potato,1,K,0.001,26.49
6127,2,potato,2,Urea,0.3,12.7
6127,2,potato,3,Urea,0.5,17.9
6130,2,potato,1,Urea,0.001,8.5
6130,2,potato,1,P,0.001,20.62
6130,2,potato,1,K,0.001,26.49
6130,2,potato,2,Urea,0.3,12.7
6130,2,potato,3,Urea,0.5,17.9
6131,2,potato,1,Urea,0.001,8.5
6131,2,potato,1,P,0.001,20.62
6131,2,potato,1,K,0.001,26.49
6131,2,potato,2,Urea,0.3,12.7
6131,2,potato,3,Urea,0.5,17.9
6132,2,potato,1,Urea,0.001,8.5
6132,2,potato,1,P,0.001,20.62
6132,2,potato,1,K,0.001,26.49
6132,2,potato,2,Urea,0.3,12.7
6132,2,potato,3,Urea,0.5,17.9
6133,2,potato,1,Urea,0.001,8.5
6133,2,potato,1,P,0.001,20.62
6133,2,potato,1,K,0.001,26.49
6133,2,potato,2,Urea,0.3,12.7
6133,2,potato,3,Urea,0.5,17.9
6134,2,potato,1,Urea,0.001,8.5
6134,2,potato,1,P,0.001,20.62
6134,2,potato,1,K,0.001,26.49
6134,2,potato,2,Urea,0.3,12.7
6134,2,potato,3,Urea,0.5,17.9
6135,2,potato,1,Urea,0.001,8.5
6135,2,potato,1,P,0.001,20.62
6135,2,potato,1,K,0.001,26.49
6135,2,potato,2,Urea,0.3,12.7
6135,2,potato,3,Urea,0.5,17.9
6136,2,potato,1,Urea,0.001,8.5
6136,2,potato,1,P,0.001,20.62
6136,2,potato,1,K,0.001,26.49
6136,2,potato,2,Urea,0.3,12.7
6136,2,potato,3,Urea,0.5,17.9
6137,2,potato,1,Urea,0.001,8.5
6137,2,potato,1,P,0.001,20.62
6137,2,potato,1,K,0.001,26.49
6137,2,potato,2,Urea,0.3,12.7
6137,2,potato,3,Urea,0.5,17.9
6138,2,potato,1,Urea,0.001,8.5
6138,2,potato,1,P,0.001,20.62
6138,2,potato,1,K,0.001,26.49
6138,2,potato,2,Urea,0.3,12.7
6138,2,potato,3,Urea,0.5,17.9
6139,2,potato,1,Urea,0.001,8.5
6139,2,potato,1,P,0.001,20.62
6139,2,potato,1,K,0.001,26.49
6139,2,potato,2,Urea,0.3,12.7
6139,2,potato,3,Urea,0.5,17.9
6140,2,potato,1,Urea,0.001,8.5
6140,2,potato,1,P,0.001,20.62
6140,2,potato,1,K,0.001,26.49
6140,2,potato,2,Urea,0.3,12.7
6140,2,potato,3,Urea,0.5,17.9
6141,2,potato,1,Urea,0.001,8.5
6141,2,potato,1,P,0.001,20.62
6141,2,potato,1,K,0.001,26.49
6141,2,potato,2,Urea,0.3,12.7
6141,2,potato,3,Urea,0.5,17.9
6142,2,potato,1,Urea,0.001,8.5
6142,2,potato,1,P,0.001,20.62
6142,2,potato,1,K,0.001,26.49
6142,2,potato,2,Urea,0.3,12.7
6142,2,potato,3,Urea,0.5,17.9
6143,2,potato,1,Urea,0.001,8.5
6143,2,potato,1,P,0.001,20.62
6143,2,potato,1,K,0.001,26.49
6143,2,potato,2,Urea,0.3,12.7
6143,2,potato,3,Urea,0.5,17.9
6144,2,potato,1,Urea,0.001,8.5
6144,2,potato,1,P,0.001,20.62
6144,2,potato,1,K,0.001,26.49
6144,2,potato,2,Urea,0.3,12.7
6144,2,potato,3,Urea,0.5,17.9
6145,2,potato,1,Urea,0.001,8.5
6145,2,potato,1,P,0.001,20.62
6145,2,potato,1,K,0.001,26.49
6145,2,potato,2,Urea,0.3,12.7
6145,2,potato,3,Urea,0.5,17.9
6146,2,potato,1,Urea,0.001,8.5
6146,2,potato,1,P,0.001,20.62
6146,2,potato,1,K,0.001,26.49
6146,2,potato,2,Urea,0.3,12.7
6146,2,potato,3,Urea,0.5,17.9
6147,2,potato,1,Urea,0.001,8.5
6147,2,potato,1,P,0.001,20.62
6147,2,potato,1,K,0.001,26.49
6147,2,potato,2,Urea,0.3,12.7
6147,2,potato,3,Urea,0.5,17.9
6148,2,potato,1,Urea,0.001,8.5
6148,2,potato,1,P,0.001,20.62
6148,2,potato,1,K,0.001,26.49
6148,2,potato,2,Urea,0.3,12.7
6148,2,potato,3,Urea,0.5,17.9
6149,2,potato,1,Urea,0.001,8.5
6149,2,potato,1,P,0.001,20.62
6149,2,potato,1,K,0.001,26.49
6149,2,potato,2,Urea,0.3,12.7
6149,2,potato,3,Urea,0.5,17.9
6150,2,potato,1,Urea,0.001,8.5
6150,2,potato,1,P,0.001,20.62
6150,2,potato,1,K,0.001,26.49
6150,2,potato,2,Urea,0.3,12.7
6150,2,potato,3,Urea,0.5,17.9
6151,2,potato,1,Urea,0.001,8.5
6151,2,potato,1,P,0.001,20.62
6151,2,potato,1,K,0.001,26.49
6151,2,potato,2,Urea,0.3,12.7
6151,2,potato,3,Urea,0.5,17.9
6152,2,potato,1,Urea,0.001,8.5
6152,2,potato,1,P,0.001,20.62
6152,2,potato,1,K,0.001,26.49
6152,2,potato,2,Urea,0.3,12.7
6152,2,potato,3,Urea,0.5,17.9
6153,2,potato,1,Urea,0.001,8.5
6153,2,potato,1,P,0.001,20.62
6153,2,potato,1,K,0.001,26.49
6153,2,potato,2,Urea,0.3,12.7
6153,2,potato,3,Urea,0.5,17.9
6154,2,potato,1,Urea,0.001,8.5
6154,2,potato,1,P,0.001,20.62
6154,2,potato,1,K,0.001,26.49
6154,2,potato,2,Urea,0.3,12.7
6154,2,potato,3,Urea,0.5,17.9
6155,2,potato,1,Urea,0.001,8.5
6155,2,potato,1,P,0.001,20.62
6155,2,potato,1,K,0.001,26.49
6155,2,potato,2,Urea,0.3,12.7
6155,2,potato,3,Urea,0.5,17.9
6156,2,potato,1,Urea,0.001,8.5
6156,2,potato,1,P,0.001,20.62
6156,2,potato,1,K,0.001,26.49
6156,2,potato,2,Urea,0.3,12.7
6156,2,potato,3,Urea,0.5,17.9
6157,2,potato,1,Urea,0.001,8.5
6157,2,potato,1,P,0.001,20.62
6157,2,potato,1,K,0.001,26.49
6157,2,potato,2,Urea,0.3,12.7
6157,2,potato,3,Urea,0.5,17.9
6158,2,potato,1,Urea,0.001,8.5
6158,2,potato,1,P,0.001,20.62
6158,2,potato,1,K,0.001,26.49
6158,2,potato,2,Urea,0.3,12.7
6158,2,potato,3,Urea,0.5,17.9
6160,2,potato,1,Urea,0.001,8.5
6160,2,potato,1,P,0.001,20.62
6160,2,potato,1,K,0.001,26.49
6160,2,potato,2,Urea,0.3,12.7
6160,2,potato,3,Urea,0.5,17.9
6161,2,potato,1,Urea,0.001,8.5
6161,2,potato,1,P,0.001,20.62
6161,2,potato,1,K,0.001,26.49
6161,2,potato,2,Urea,0.3,12.7
6161,2,potato,3,Urea,0.5,17.9
6162,2,potato,1,Urea,0.001,8.5
6162,2,potato,1,P,0.001,20.62
6162,2,potato,1,K,0.001,26.49
6162,2,potato,2,Urea,0.3,12.7
6162,2,potato,3,Urea,0.5,17.9
6163,2,potato,1,Urea,0.001,8.5
6163,2,potato,1,P,0.001,20.62
6163,2,potato,1,K,0.001,26.49
6163,2,potato,2,Urea,0.3,12.7
6163,2,potato,3,Urea,0.5,17.9
6164,2,potato,1,Urea,0.001,8.5
6164,2,potato,1,P,0.001,20.62
6164,2,potato,1,K,0.001,26.49
6164,2,potato,2,Urea,0.3,12.7
6164,2,potato,3,Urea,0.5,17.9
6165,2,potato,1,Urea,0.001,8.5
6165,2,potato,1,P,0.001,20.62
6165,2,potato,1,K,0.001,26.49
6165,2,potato,2,Urea,0.3,12.7
6165,2,potato,3,Urea,0.5,17.9
6166,2,potato,1,Urea,0.001,8.5
6166,2,potato,1,P,0.001,20.62
6166,2,potato,1,K,0.001,26.49
6166,2,potato,2,Urea,0.3,12.7
6166,2,potato,3,Urea,0.5,17.9
6167,2,potato,1,Urea,0.001,8.5
6167,2,potato,1,P,0.001,20.62
6167,2,potato,1,K,0.001,26.49
6167,2,potato,2,Urea,0.3,12.7
6167,2,potato,3,Urea,0.5,17.9
6168,2,potato,1,Urea,0.001,8.5
6168,2,potato,1,P,0.001,20.62
6168,2,potato,1,K,0.001,26.49
6168,2,potato,2,Urea,0.3,12.7
6168,2,potato,3,Urea,0.5,17.9
6169,2,potato,1,Urea,0.001,8.5
6169,2,potato,1,P,0.001,20.62
6169,2,potato,1,K,0.001,26.49
6169,2,potato,2,Urea,0.3,12.7
6169,2,potato,3,Urea,0.5,17.9
6171,2,potato,1,Urea,0.001,8.5
6171,2,potato,1,P,0.001,20.62
6171,2,potato,1,K,0.001,26.49
6171,2,potato,2,Urea,0.3,12.7
6171,2,potato,3,Urea,0.5,17.9
6172,2,potato,1,Urea,0.001,8.5
6172,2,potato,1,P,0.001,20.62
6172,2,potato,1,K,0.001,26.49
6172,2,potato,2,Urea,0.3,12.7
6172,2,potato,3,Urea,0.5,17.9
6173,2,potato,1,Urea,0.001,8.5
6173,2,potato,1,P,0.001,20.62
6173,2,potato,1,K,0.001,26.49
6173,2,potato,2,Urea,0.3,12.7
6173,2,potato,3,Urea,0.5,17.9
6174,2,potato,1,Urea,0.001,8.5
6174,2,potato,1,P,0.001,20.62
6174,2,potato,1,K,0.001,26.49
6174,2,potato,2,Urea,0.3,12.7
6174,2,potato,3,Urea,0.5,17.9
6175,2,potato,1,Urea,0.001,8.5
6175,2,potato,1,P,0.001,20.62
6175,2,potato,1,K,0.001,26.49
6175,2,potato,2,Urea,0.3,12.7
6175,2,potato,3,Urea,0.5,17.9
6176,2,potato,1,Urea,0.001,8.5
6176,2,potato,1,P,0.001,20.62
6176,2,potato,1,K,0.001,26.49
6176,2,potato,2,Urea,0.3,12.7
6176,2,potato,3,Urea,0.5,17.9
6177,2,potato,1,Urea,0.001,8.5
6177,2,potato,1,P,0.001,20.62
6177,2,potato,1,K,0.001,26.49
6177,2,potato,2,Urea,0.3,12.7
6177,2,potato,3,Urea,0.5,17.9
6178,2,potato,1,Urea,0.001,8.5
6178,2,potato,1,P,0.001,20.62
6178,2,potato,1,K,0.001,26.49
6178,2,potato,2,Urea,0.3,12.7
6178,2,potato,3,Urea,0.5,17.9
6179,2,potato,1,Urea,0.001,8.5
6179,2,potato,1,P,0.001,20.62
6179,2,potato,1,K,0.001,26.49
6179,2,potato,2,Urea,0.3,12.7
6179,2,potato,3,Urea,0.5,17.9
6180,2,potato,1,Urea,0.001,8.5
6180,2,potato,1,P,0.001,20.62
6180,2,potato,1,K,0.001,26.49
6180,2,potato,2,Urea,0.3,12.7
6180,2,potato,3,Urea,0.5,17.9
6181,2,potato,1,Urea,0.001,8.5
6181,2,potato,1,P,0.001,20.62
6181,2,potato,1,K,0.001,26.49
6181,2,potato,2,Urea,0.3,12.7
6181,2,potato,3,Urea,0.5,17.9
6182,2,potato,1,Urea,0.001,8.5
6182,2,potato,1,P,0.001,20.62
6182,2,potato,1,K,0.001,26.49
6182,2,potato,2,Urea,0.3,12.7
6182,2,potato,3,Urea,0.5,17.9
6183,2,potato,1,Urea,0.001,8.5
6183,2,potato,1,P,0.001,20.62
6183,2,potato,1,K,0.001,26.49
6183,2,potato,2,Urea,0.3,12.7
6183,2,potato,3,Urea,0.5,17.9
6184,2,potato,1,Urea,0.001,8.5
6184,2,potato,1,P,0.001,20.62
6184,2,potato,1,K,0.001,26.49
6184,2,potato,2,Urea,0.3,12.7
6184,2,potato,3,Urea,0.5,17.9
6185,2,potato,1,Urea,0.001,8.5
6185,2,potato,1,P,0.001,20.62
6185,2,potato,1,K,0.001,26.49
6185,2,potato,2,Urea,0.3,12.7
6185,2,potato,3,Urea,0.5,17.9
6186,2,potato,1,Urea,0.001,8.5
6186,2,potato,1,P,0.001,20.62
6186,2,potato,1,K,0.001,26.49
6186,2,potato,2,Urea,0.3,12.7
6186,2,potato,3,Urea,0.5,17.9
6187,2,potato,1,Urea,0.001,8.5
6187,2,potato,1,P,0.001,20.62
6187,2,potato,1,K,0.001,26.49
6187,2,potato,2,Urea,0.3,12.7
6187,2,potato,3,Urea,0.5,17.9
6188,2,potato,1,Urea,0.001,8.5
6188,2,potato,1,P,0.001,20.62
6188,2,potato,1,K,0.001,26.49
6188,2,potato,2,Urea,0.3,12.7
6188,2,potato,3,Urea,0.5,17.9
6189,2,potato,1,Urea,0.001,8.5
6189,2,potato,1,P,0.001,20.62
6189,2,potato,1,K,0.001,26.49
6189,2,potato,2,Urea,0.3,12.7
6189,2,potato,3,Urea,0.5,17.9
6190,2,potato,1,Urea,0.001,8.5
6190,2,potato,1,P,0.001,20.62
6190,2,potato,1,K,0.001,26.49
6190,2,potato,2,Urea,0.3,12.7
6190,2,potato,3,Urea,0.5,17.9
6191,2,potato,1,Urea,0.001,8.5
6191,2,potato,1,P,0.001,20.62
6191,2,potato,1,K,0.001,26.49
6191,2,potato,2,Urea,0.3,12.7
6191,2,potato,3,Urea,0.5,17.9
6192,2,potato,1,Urea,0.001,8.5
6192,2,potato,1,P,0.001,20.62
6192,2,potato,1,K,0.001,26.49
6192,2,potato,2,Urea,0.3,12.7
6192,2,potato,3,Urea,0.5,17.9
6193,2,potato,1,Urea,0.001,8.5
6193,2,potato,1,P,0.001,20.62
6193,2,potato,1,K,0.001,26.49
6193,2,potato,2,Urea,0.3,12.7
6193,2,potato,3,Urea,0.5,17.9
6194,2,potato,1,Urea,0.001,8.5
6194,2,potato,1,P,0.001,20.62
6194,2,potato,1,K,0.001,26.49
6194,2,potato,2,Urea,0.3,12.7
6194,2,potato,3,Urea,0.5,17.9
6195,2,potato,1,Urea,0.001,8.5
6195,2,potato,1,P,0.001,20.62
6195,2,potato,1,K,0.001,26.49
6195,2,potato,2,Urea,0.3,12.7
6195,2,potato,3,Urea,0.5,17.9
6196,2,potato,1,Urea,0.001,8.5
6196,2,potato,1,P,0.001,20.62
6196,2,potato,1,K,0.001,26.49
6196,2,potato,2,Urea,0.3,12.7
6196,2,potato,3,Urea,0.5,17.9
6197,2,potato,1,Urea,0.001,8.5
6197,2,potato,1,P,0.001,20.62
6197,2,potato,1,K,0.001,26.49
6197,2,potato,2,Urea,0.3,12.7
6197,2,potato,3,Urea,0.5,17.9
6198,2,potato,1,Urea,0.001,8.5
6198,2,potato,1,P,0.001,20.62
6198,2,potato,1,K,0.001,26.49
6198,2,potato,2,Urea,0.3,12.7
6198,2,potato,3,Urea,0.5,17.9
6199,2,potato,1,Urea,0.001,8.5
6199,2,potato,1,P,0.001,20.62
6199,2,potato,1,K,0.001,26.49
6199,2,potato,2,Urea,0.3,12.7
6199,2,potato,3,Urea,0.5,17.9
6200,2,potato,1,Urea,0.001,8.5
6200,2,potato,1,P,0.001,20.62
6200,2,potato,1,K,0.001,26.49
6200,2,potato,2,Urea,0.3,12.7
6200,2,potato,3,Urea,0.5,17.9
6201,2,potato,1,Urea,0.001,8.5
6201,2,potato,1,P,0.001,20.62
6201,2,potato,1,K,0.001,26.49
6201,2,potato,2,Urea,0.3,12.7
6201,2,potato,3,Urea,0.5,17.9
6202,2,potato,1,Urea,0.001,8.5
6202,2,potato,1,P,0.001,20.62
6202,2,potato,1,K,0.001,26.49
6202,2,potato,2,Urea,0.3,12.7
6202,2,potato,3,Urea,0.5,17.9
6203,2,potato,1,Urea,0.001,8.5
6203,2,potato,1,P,0.001,20.62
6203,2,potato,1,K,0.001,26.49
6203,2,potato,2,Urea,0.3,12.7
6203,2,potato,3,Urea,0.5,17.9
6204,2,potato,1,Urea,0.001,8.5
6204,2,potato,1,P,0.001,20.62
6204,2,potato,1,K,0.001,26.49
6204,2,potato,2,Urea,0.3,12.7
6204,2,potato,3,Urea,0.5,17.9
6205,2,potato,1,Urea,0.001,8.5
6205,2,potato,1,P,0.001,20.62
6205,2,potato,1,K,0.001,26.49
6205,2,potato,2,Urea,0.3,12.7
6205,2,potato,3,Urea,0.5,17.9
6207,2,potato,1,Urea,0.001,8.5
6207,2,potato,1,P,0.001,20.62
6207,2,potato,1,K,0.001,26.49
6207,2,potato,2,Urea,0.3,12.7
6207,2,potato,3,Urea,0.5,17.9
6208,2,potato,1,Urea,0.001,8.5
6208,2,potato,1,P,0.001,20.62
6208,2,potato,1,K,0.001,26.49
6208,2,potato,2,Urea,0.3,12.7
6208,2,potato,3,Urea,0.5,17.9
6210,2,potato,1,Urea,0.001,8.5
6210,2,potato,1,P,0.001,20.62
6210,2,potato,1,K,0.001,26.49
6210,2,potato,2,Urea,0.3,12.7
6210,2,potato,3,Urea,0.5,17.9
6211,2,potato,1,Urea,0.001,8.5
6211,2,potato,1,P,0.001,20.62
6211,2,potato,1,K,0.001,26.49
6211,2,potato,2,Urea,0.3,12.7
6211,2,potato,3,Urea,0.5,17.9
