year,month,average
2015,1,403.3649123
2015,2,404.0679957
2015,3,404.5877086
2015,4,404.8267373
2015,5,403.9192811
2015,6,401.1857513
2015,7,397.6172072
2015,8,395.5743421
2015,9,396.7273101
2015,10,400.0629707
2015,11,403.0929007
2015,12,405.10152
2016,1,406.4437543
2016,2,407.3208407
2016,3,407.9920234
2016,4,408.3574086
2016,5,407.5465967
2016,6,404.8846511
2016,7,401.3036041
2016,8,399.1737211
2016,9,400.2317487
2016,10,403.4698825
2016,11,406.3997333
2016,12,408.3037383
2017,1,409.5413039
2017,2,410.3063677
2017,3,410.872975
2017,4,411.1442171
2017,5,410.2426386
2017,6,407.4935419
2017,7,403.8886825
2017,8,401.8054871
2017,9,402.9185144
2017,10,406.2209808
2017,11,409.2178306
2017,12,411.1819108
2018,1,412.4723717
2018,2,413.2837731
2018,3,413.889074
2018,4,414.1892849
2018,5,413.2987237
2018,6,410.5452451
2018,7,406.9485885
2018,8,404.8956158
2018,9,406.0355183
2018,10,409.365002
2018,11,412.3850569
2018,12,414.361746
2019,1,415.6583517
2019,2,416.4686532
2019,3,417.0688338
2019,4,417.3603396
2019,5,416.4501974
2019,6,413.6682131
2019,7,410.0646779
2019,8,408.0353363
2019,9,409.1999485
2019,10,412.5580145
2019,11,415.6056962
2019,12,417.6013297
2020,1,418.9113095
2020,2,419.7285398
2020,3,420.3314046
2020,4,420.621025
2020,5,419.6966026
2020,6,416.8900036
2020,7,413.2821226
2020,8,411.2778376
2020,9,412.4676934
2020,10,415.8541493
2020,11,418.9285959
2020,12,420.9416589
2021,1,422.2629576
2021,2,423.0847516
2021,3,423.6877287
2021,4,423.9728058
2021,5,423.0313407
2021,6,420.1972782
2021,7,416.5835013
2021,8,414.6041184
2021,9,415.8190544
2021,10,419.233747
2021,11,422.3347374
2021,12,424.3648262
2022,1,425.6961018
2022,2,426.5217607
2022,3,427.1240711
2022,4,427.4037294
2022,5,426.4443174
2022,6,423.5818715
2022,7,419.9605024
2022,8,418.0035032
2022,9,419.2410107
2022,10,422.6814539
2022,11,425.8066123
2022,12,427.8515762
2023,1,429.1916072
2023,2,430.0194544
2023,3,430.6196401
2023,4,430.8926802
2023,5,429.9143293
2023,6,427.022712
2023,7,423.3934435
2023,8,421.4590561
2023,9,422.7195583
2023,10,426.1863623
2023,11,429.336399
2023,12,431.3969315
2024,1,432.7461468
2024,2,433.5768024
2024,3,434.1754311
2024,4,434.4423288
2024,5,433.4453666
2024,6,430.5247673
2024,7,426.8877684
2024,8,424.9761857
2024,9,426.2598127
2024,10,429.7530684
2024,11,432.9280319
2024,12,435.0041274
2025,1,436.3624989
2025,2,437.1959071
2025,3,437.7929238
2025,4,438.0536379
2025,5,437.0380203
2025,6,434.0883999
2025,7,430.4437467
2025,8,428.5551897
2025,9,429.8621964
2025,10,433.3821999
2025,11,436.5824075
2025,12,438.6743727
2026,1,440.0421999
2026,2,440.8786588
2026,3,441.4743603
2026,4,441.7291821
2026,5,440.6951647
2026,6,437.7167463
2026,7,434.0647331
2026,8,432.199594
2026,9,433.5303606
2026,10,437.0774853
2026,11,440.303281
2026,12,442.4113982
2027,1,443.7889151
2027,2,444.6285868
2027,3,445.2230733
2027,4,445.4720349
2027,5,444.4195472
2027,6,441.41217
2027,7,437.7526735
2027,8,435.9109117
2027,9,437.2653788
2027,10,440.8395682
2027,11,444.0908913
2027,12,446.2150769
2028,1,447.6021982
2028,2,448.4450081
2028,3,449.0382327
2028,4,449.2813252
2028,5,448.2103775
2028,6,445.1740768
2028,7,441.5072636
2028,8,439.6891993
2028,9,441.0677168
2028,10,444.6693493
2028,11,447.9465772
2028,12,450.0871664
2029,1,451.4841767
2029,2,452.3303618
2029,3,452.9225032
2029,4,453.159834
2029,5,452.0704229
2029,6,449.0050928
2029,7,445.3308789
2029,8,443.5364976
2029,9,444.9390286
2029,10,448.5680707
2029,11,451.87117
2029,12,454.0281173
2030,1,455.4349428
2030,2,456.2845004
2030,3,456.8756098
2030,4,457.1072981
2030,5,455.999607
2030,6,452.9054991
2030,7,449.2237091
2030,8,447.4524061
2030,9,448.8783698
2030,10,452.5342473
2030,11,455.8626154
2030,12,458.0352464
2031,1,459.4510814
2031,2,460.3031388
2031,3,460.8922171
2031,4,461.1171133
2031,5,459.9898082
2031,6,456.8653967
2031,7,453.1754605
2031,8,451.4276472
2031,9,452.8773172
2031,10,456.5601844
2031,11,459.9138649
2031,12,462.102118
2032,1,463.5262971
2032,2,464.3806679
2032,3,464.9675366
2032,4,465.1854876
2032,5,464.0385606
2032,6,460.8839672
2032,7,457.1851779
2032,8,455.4592083
2032,9,456.930964
2032,10,460.6391985
2032,11,464.0166449
2032,12,466.2191673
2033,1,467.6509676
2033,2,468.5066148
2033,3,469.0903461
2033,4,469.300546
2033,5,468.1333289
2033,6,464.9480304
2033,7,461.239991
2033,8,459.5355807
2033,9,461.0292519
2033,10,464.7627869
2033,11,468.1640276
2033,12,470.3809356
2034,1,471.8204242
2034,2,472.6776176
2034,3,473.2585534
2034,4,473.4614075
2034,5,472.2743902
2034,6,469.058944
2034,7,465.3421482
2034,8,463.6596836
2034,9,465.1756605
2034,10,468.9348706
2034,11,472.3602766
2034,12,474.5919611
2035,1,476.039549
2035,2,476.8986719
2035,3,477.4771714
2035,4,477.6730077
2035,5,476.4665065
2035,6,473.2212045
2035,7,469.4958181
2035,8,467.8353165
2035,9,469.3735796
2035,10,473.1584077
2035,11,476.6079096
2035,12,478.8543249
2036,1,480.3099943
2036,2,481.1710555
2036,3,481.7471607
2036,4,481.9360647
2036,5,480.7102431
2036,6,477.4353278
2036,7,473.7015656
2036,8,472.0631754
2036,9,473.6238972
2036,10,477.4345216
2036,11,480.9083113
2036,12,483.1696799
2037,1,484.6336712
2037,2,485.4969103
2037,3,486.0708501
2037,4,486.2530321
2037,5,485.0080984
2037,6,481.7037624
2037,7,477.9617057
2037,8,476.3453781
2037,9,477.9284844
2037,10,481.7648061
2037,11,485.2627849
2037,12,487.5390433
2038,1,489.0113308
2038,2,489.876766
2038,3,490.4486079
2038,4,490.6241953
2038,5,489.3603714
2038,6,486.0269333
2038,7,482.2768954
2038,8,480.6828944
2038,9,482.288678
2038,10,486.1509942
2038,11,489.6734637
2038,12,491.9649266
2039,1,493.4458148
2039,2,494.3137232
2039,3,494.8836961
2039,4,495.0528555
2039,5,493.7702541
2039,6,490.4077525
2039,7,486.6496061
2039,8,485.0776343
2039,9,486.7057457
2039,10,490.5936704
2039,11,494.1402482
2039,12,496.4465859
2040,1,497.9358377
2040,2,498.8060503
2040,3,499.3740949
2040,4,499.5369019
2040,5,498.2357779
2040,6,494.8446658
2040,7,491.0786763
2040,8,489.5287522
2040,9,491.1793015
2040,10,495.09299
2040,11,498.6638486
2040,12,500.9852307
2041,1,502.4829653
2041,2,503.3555134
2041,3,503.9215279
2041,4,504.0777087
2041,5,502.7575964
2041,6,499.3371721
2041,7,495.5629276
2041,8,494.0349419
2041,9,495.7076253
2041,10,499.6466116
2041,11,503.241174
2041,12,505.576971
2042,1,507.08228
2042,2,507.9565505
2042,3,508.5200072
2042,4,508.6691614
2042,5,507.3299031
2042,6,503.880271
2042,7,500.0975424
2042,8,498.5908244
2042,9,500.285107
2042,10,504.2489403
2042,11,507.8668657
2042,12,510.2169008
2043,1,511.7299146
2043,2,512.6059229
2043,3,513.1668637
2043,4,513.3090381
2043,5,511.9506982
2043,6,508.4719088
2043,7,504.6805859
2043,8,503.1948372
2043,9,504.9103795
2043,10,508.8986835
2043,11,512.5395958
2043,12,514.903544
2044,1,516.4239331
2044,2,517.3014846
2044,3,517.8598013
2044,4,517.9949924
2044,5,516.6177356
2044,6,513.1101265
2044,7,509.3105379
2044,8,507.846007
2044,9,509.5831375
2044,10,513.5962816
2044,11,517.2605993
2044,12,519.6389544
2045,1,521.167257
2045,2,522.0468967
2045,3,522.6031154
2045,4,522.7318108
2045,5,521.3361109
2045,6,517.8001084
2045,7,513.992436
2045,8,512.5490183
2045,9,514.3075392
2045,10,518.3452331
2045,11,522.0326201
2045,12,524.4250637
2046,1,525.9609838
2046,2,526.8424492
2046,3,527.3963512
2046,4,527.5183946
2046,5,526.1042216
2046,6,522.5399283
2046,7,518.7242404
2046,8,517.3019104
2046,9,519.0818634
2046,10,523.1441864
2046,11,526.8547747
2046,12,529.2615241
2047,1,530.8053374
2047,2,531.6889453
2047,3,532.2408662
2047,4,532.3566016
2047,5,530.9243394
2047,6,527.3321552
2047,7,523.5086778
2047,8,522.1074388
2047,9,523.9087844
2047,10,527.9956463
2047,11,531.7293319
2047,12,534.1503224
2048,1,535.7019989
2048,2,536.5877572
2048,3,537.1377429
2048,4,537.2472643
2048,5,535.7971087
2048,6,532.1773279
2048,7,528.3462845
2048,8,526.966233
2048,9,528.789101
2048,10,532.9006378
2048,11,536.6575801
2048,12,539.0930288
2049,1,540.652818
2049,2,541.5409954
2049,3,542.089314
2049,4,542.19288
2049,5,540.7251138
2049,6,537.0780223
2049,7,533.2395156
2049,8,531.8805231
2049,9,533.7247355
2049,10,537.8607162
2049,11,541.6406713
2049,12,544.0903785
2050,1,545.658098
2050,2,546.548591
2050,3,547.0951975
2050,4,547.1928359
2050,5,545.7076225
2050,6,542.0335189
2050,7,538.1875051
2050,8,536.849124
2050,9,538.7142923
2050,10,542.8743499
2050,11,546.676984
2050,12,549.1406796
2051,1,550.7160631
2051,2,551.6086372
2051,3,552.153276
2051,4,552.244693
2051,5,550.7417363
2051,6,547.0402886
2051,7,543.1867466
2051,8,541.8692005
2051,9,543.7554359
2051,10,547.9395663
2051,11,551.7648118
2051,12,554.2424368
2052,1,555.8253515
2052,2,556.7199835
2052,3,557.2626695
2052,4,557.3479377
2052,5,555.8274584
2052,6,552.0990344
2052,7,548.237914
2052,8,546.9406564
2052,9,548.8474802
2052,10,553.0552381
2052,11,556.9027207
2052,12,559.3940374
2053,1,560.9844571
2053,2,561.8811001
2053,3,562.421843
2053,4,562.5010234
2053,5,560.9631753
2053,6,557.2080021
2053,7,553.3394014
2053,8,552.0623415
2053,9,553.9896622
2053,10,558.2209402
2053,11,562.0905695
2053,12,564.5955556
2054,1,566.1934814
2054,2,567.0922242
2054,3,567.6311625
2054,4,567.7044481
2054,5,566.149537
2054,6,562.3680212
2054,7,558.4922286
2054,8,557.2354714
2054,9,559.1834157
2054,10,563.4383318
2054,11,567.3302427
2054,12,569.8490962
2055,1,571.4547669
2055,2,572.3558653
2055,3,572.8932559
2055,4,572.960897
2055,5,571.3892118
2055,6,567.5816578
2055,7,563.6987681
2055,8,562.4621305
2055,9,564.4304546
2055,10,568.7086972
2055,11,572.6225563
2055,12,575.1549892
2056,1,576.7681588
2056,2,577.6714136
2056,3,578.2071072
2056,4,578.2690186
2056,5,576.6806049
2056,6,572.8471877
2056,7,568.9573048
2056,8,567.7407662
2056,9,569.7295222
2056,10,574.0311846
2056,11,577.9671487
2056,12,580.513423
2057,1,582.1344327
2057,2,583.0402443
2057,3,583.5746798
2057,4,583.6313301
2057,5,582.026727
2057,6,578.1680319
2057,7,574.2715657
2057,8,573.0752898
2057,9,575.0845954
2057,10,579.4097307
2057,11,583.3678215
2057,12,585.9279812
2058,1,587.5568809
2058,2,588.4653013
2058,3,588.9985227
2058,4,589.04995
2058,5,587.4292435
2058,6,583.5453914
2058,7,579.6422897
2058,8,578.4659916
2058,9,580.4955358
2058,10,584.8437966
2058,11,588.8236726
2058,12,591.3974435
2059,1,593.0340203
2059,2,593.9449002
2059,3,594.4768218
2059,4,594.5230151
2059,5,592.8863302
2059,6,588.9775782
2059,7,585.0680334
2059,8,583.9117882
2059,9,585.9617198
2059,10,590.3332936
2059,11,594.3351969
2059,12,596.9229115
2060,1,598.567548
2060,2,599.4813157
2060,3,600.0123773
2060,4,600.053774
2060,5,598.4015828
2060,6,594.468408
2060,7,590.5527113
2060,8,589.4165479
2060,9,591.4868019
2060,10,595.8815245
2060,11,599.9052391
2060,12,602.5066971
2061,1,604.1591922
2061,2,605.0756846
2061,3,605.6057513
2061,4,605.6422611
2061,5,603.9745882
2061,6,600.0171305
2061,7,596.0952546
2061,8,594.9789274
2061,9,597.0693276
2061,10,601.4870599
2061,11,605.5325065
2061,12,608.1477326
2062,1,609.8081629
2062,2,610.7275379
2062,3,611.2568046
2062,4,611.2886495
2062,5,609.6057929
2062,6,605.6243985
2062,7,601.6965223
2062,8,600.5999604
2062,9,602.7103776
2062,10,607.1509155
2062,11,611.2178588
2062,12,613.8466532
2063,1,615.5148673
2063,2,616.4369688
2063,3,616.9652932
2063,4,616.9923526
2063,5,615.2942745
2063,6,611.2889804
2063,7,607.3550057
2063,8,606.2779186
2063,9,608.4080819
2063,10,612.8711558
2063,11,616.9593641
2063,12,619.601589
2064,1,621.2775235
2064,2,622.2023702
2064,3,622.7298396
2064,4,622.7522738
2064,5,621.0392646
2064,6,617.0104801
2064,7,613.0707174
2064,8,612.0132556
2064,9,614.1633633
2064,10,618.6491864
2064,11,622.7589077
2064,12,625.4148873
2065,1,627.0989105
2065,2,628.0268965
2065,3,628.5539054
2065,4,628.5720972
2065,5,626.8445687
2065,6,622.7927064
2065,7,618.847338
2065,8,617.8093754
2065,9,619.9791963
2065,10,624.4874268
2065,11,628.61826
2065,12,631.2876059
2066,1,632.979342
2066,2,633.9101174
2066,3,634.4363476
2066,4,634.4500301
2066,5,632.7078387
2066,6,628.6328819
2066,7,624.6818184
2066,8,623.6631475
2066,9,625.8525743
2066,10,630.3831741
2066,11,634.5351703
2066,12,637.2180623
2067,1,638.9177875
2067,2,639.8517077
2067,3,640.3775676
2067,4,640.3871894
2067,5,638.6308644
2067,6,634.5333946
2067,7,630.5770393
2067,8,629.5778077
2067,9,631.7869292
2067,10,636.3399107
2067,11,640.5130446
2067,12,643.2094797
2068,1,644.9172003
2068,2,645.8542832
2068,3,646.3797959
2068,4,646.3853927
2068,5,644.6150415
2068,6,640.4952295
2068,7,636.5336069
2068,8,635.553635
2068,9,637.7822787
2068,10,642.3574572
2068,11,646.551565
2068,12,649.261454
2069,1,650.9771365
2069,2,651.9174026
2069,3,652.4426295
2069,4,652.4443053
2069,5,650.6601286
2069,6,646.5182578
2069,7,642.5515178
2069,8,641.5907595
2069,9,643.838889
2069,10,648.4362157
2069,11,652.6512669
2069,12,655.3746483
2070,1,657.0983785
2070,2,658.0419556
2070,3,658.5670512
2070,4,658.5649858
2070,5,656.7672398
2070,6,652.6036255
2070,7,648.6319249
2070,8,647.690312
2070,9,649.9578383
2070,10,654.5771833
2070,11,658.8130426
2070,12,661.5498317
2071,1,663.2815533
2071,2,664.2284255
2071,3,664.7533987
2071,4,664.7476295
2071,5,662.9364376
2071,6,658.751277
2071,7,654.7746694
2071,8,653.8520499
2071,9,656.1388275
2071,10,660.7800314
2071,11,665.0365581
2071,12,667.7866864
2072,1,669.5263698
2072,2,670.4765691
2072,3,671.0014871
2072,4,670.9921174
2072,5,669.167675
2072,6,664.9612395
2072,7,660.9798393
2072,8,660.0761018
2072,9,662.3820136
2072,10,667.0449311
2072,11,671.3219875
2072,12,674.0853822
2073,1,675.8330095
2073,2,676.7865494
2073,3,677.3114531
2073,4,677.2985526
2073,5,675.4610137
2073,6,671.2335268
2073,7,667.2474054
2073,8,666.3624041
2073,9,668.6872994
2073,10,673.3717545
2073,11,677.6691752
2073,12,680.4457386
2074,1,682.2012587
2074,2,683.1581413
2074,3,683.6830717
2074,4,683.6667237
2074,5,681.8162718
2074,6,677.5680042
2074,7,673.5772969
2074,8,672.7109673
2074,9,675.0547986
2074,10,679.7607393
2074,11,684.0784978
2074,12,686.8682799
2075,1,688.631795
2075,2,689.5921676
2075,3,690.1172989
2075,4,690.0977015
2075,5,688.2346098
2075,6,683.9658902
2075,7,679.9707521
2075,8,679.1230053
2075,9,681.4856495
2075,10,686.2128964
2075,11,690.5507989
2075,12,693.3536555
2076,1,695.1250587
2076,2,696.0888583
2076,3,696.6141661
2076,4,696.5913427
2076,5,694.7157469
2076,6,690.4268166
2076,7,686.4273776
2076,8,685.5981748
2076,9,687.9796472
2076,10,692.7282507
2076,11,697.0864055
2076,12,699.9025444
2077,1,701.6821091
2077,2,702.6496588
2077,3,703.175488
2077,4,703.1497933
2077,5,701.2620993
2077,6,696.9533869
2077,7,692.9498599
2077,8,692.1391181
2077,9,694.5392404
2077,10,699.3088988
2077,11,703.68693
2077,12,706.5159761
2078,1,708.3033273
2078,2,709.2742697
2078,3,709.8002865
2078,4,709.7714307
2078,5,707.8714685
2078,6,703.5429277
2078,7,699.5351851
2078,8,698.7426485
2078,9,701.1612711
2078,10,705.9519321
2078,11,710.3499049
2078,12,713.1920757
2079,1,714.9875413
2079,2,715.9622929
2079,3,716.4889668
2079,4,716.4574532
2079,5,714.5457945
2079,6,710.1980295
2079,7,706.1864617
2079,8,705.4122201
2079,9,707.8493257
2079,10,712.6608278
2079,11,717.0784835
2079,12,719.9334999
2080,1,721.7367747
2080,2,722.7150385
2080,3,723.2420819
2080,4,723.2076549
2080,5,721.2841553
2080,6,716.9171389
2080,7,712.9018793
2080,8,712.1461799
2080,9,714.6021189
2080,10,719.4349115
2080,11,723.8728265
2080,12,726.7414323
2081,1,728.5534048
2081,2,729.536162
2081,3,730.0646323
2081,4,730.0284094
2081,5,728.0942832
2081,6,723.7092945
2081,7,719.6909449
2081,8,718.9536311
2081,9,721.4281856
2081,10,726.2819537
2081,11,730.7397552
2081,12,733.6215911
2082,1,735.4420115
2082,2,736.4289349
2082,3,736.958524
2082,4,736.920235
2082,5,734.9752994
2082,6,730.5722522
2082,7,726.5509634
2082,8,725.8324021
2082,9,728.326044
2082,10,733.2013674
2082,11,737.679754
2082,12,740.5756417
2083,1,742.405331
2083,2,743.3973847
2083,3,743.9290848
2083,4,743.8897224
2083,5,741.9349938
2083,6,737.5148859
2083,7,733.4914041
2083,8,732.7920013
2083,9,735.3049638
2083,10,740.2018568
2083,11,744.7006586
2083,12,747.6103243
2084,1,749.4489439
2084,2,750.4456992
2084,3,750.9790342
2084,4,750.9381075
2084,5,748.9731559
2084,6,744.5356372
2084,7,740.5095413
2084,8,739.8287826
2084,9,742.3606623
2084,10,747.2788452
2084,11,751.7979396
2084,12,754.7214442
2085,1,756.5691985
2085,2,757.5709872
2085,3,758.1063824
2085,4,758.0643905
2085,5,756.0898143
2085,6,751.6355493
2085,7,747.6073658
2085,8,746.9455648
2085,9,749.4966178
2085,10,754.4362513
2085,11,758.9757239
2085,12,761.9131292
2086,1,763.7700441
2086,2,764.7768684
2086,3,765.3142953
2086,4,765.2711876
2086,5,763.2869677
2086,6,758.815964
2086,7,754.7855473
2086,8,754.142358
2086,9,756.7122233
2086,10,761.6729211
2086,11,766.2323947
2086,12,769.1833852
2087,1,771.0491938
2087,2,772.0608451
2087,3,772.6001463
2087,4,772.5558237
2087,5,770.5619728
2087,6,766.0743486
2087,7,762.0417392
2087,8,761.4170752
2087,9,764.0057264
2087,10,768.9875105
2087,11,773.5670852
2087,12,776.5318718
2088,1,778.4068595
2088,2,779.4236863
2088,3,779.9652421
2088,4,779.920102
2088,5,777.9170658
2088,6,773.4132858
2088,7,769.3787596
2088,8,768.7726348
2088,9,771.3799913
2088,10,776.3826515
2088,11,780.982009
2088,12,783.9602328
2089,1,785.8440047
2089,2,786.8656048
2089,3,787.4090167
2089,4,787.3626903
2089,5,785.350203
2089,6,780.8301165
2089,7,776.7934684
2089,8,776.2055919
2089,9,778.8314866
2089,10,783.8549864
2089,11,788.4742662
2089,12,791.4662668
2090,1,793.3592964
2090,2,794.386274
2090,3,794.9322166
2090,4,794.8854167
2090,5,792.8642473
2090,6,788.3286318
2090,7,784.2904442
2090,8,783.7211079
2090,9,786.3656701
2090,10,791.4099226
2090,11,796.048829
2090,12,799.0541801
2091,1,800.9559266
2091,2,801.9876871
2091,3,802.5355349
2091,4,802.4876499
2091,5,800.4572985
2091,6,795.9057952
2091,7,791.8656028
2091,8,791.3142153
2091,9,793.9770529
2091,10,799.0418887
2091,11,803.7005439
2091,12,806.7196921
2092,1,808.6309212
2092,2,809.6683818
2092,3,810.2192007
2092,4,810.1714019
2092,5,808.133141
2092,6,803.5670682
2092,7,799.5260638
2092,8,798.9935997
2092,9,801.6755435
2092,10,806.7615888
2092,11,811.4404004
2092,12,814.4735807
2093,1,816.3943321
2093,2,817.4374408
2093,3,817.9910716
2093,4,817.9431228
2093,5,815.8967172
2093,6,811.3158568
2093,7,807.2736716
2093,8,806.7595829
2093,9,809.4601223
2093,10,814.5669149
2093,11,819.2655254
2093,12,822.3125374
2094,1,824.2427472
2094,2,825.291544
2094,3,825.8481151
2094,4,825.8002222
2094,5,823.7459902
2094,6,819.1507478
2094,7,815.1076742
2094,8,814.6120726
2094,9,817.3313066
2094,10,822.4589024
2094,11,827.1773424
2094,12,830.238235
2095,1,832.1779546
2095,2,833.2325028
2095,3,833.792079
2095,4,833.7443141
2095,5,831.6823869
2095,6,827.0729448
2095,7,823.0290289
2095,8,822.5517723
2095,9,825.289558
2095,10,830.4377994
2095,11,835.1759302
2095,12,838.2506324
2096,1,840.1998381
2096,2,841.2601619
2096,3,841.8228007
2096,4,841.7752539
2096,5,839.705801
2096,6,835.0823934
2096,7,831.0377398
2096,8,830.578745
2096,9,833.3349941
2096,10,838.503768
2096,11,843.2614796
2096,12,846.3499319
2097,1,848.3085955
2097,2,849.3747024
2097,3,849.9404336
2097,4,849.8931592
2097,5,847.8163085
2097,6,843.1791249
2097,7,839.1337901
2097,8,838.692924
2097,9,841.4675015
2097,10,846.6566527
2097,11,851.4338005
2097,12,854.5359183
2098,1,856.5039972
2098,2,857.575891
2098,3,858.1447525
2098,4,858.0978256
2098,5,856.01374
2098,6,851.3630198
2098,7,847.3171241
2098,8,846.8943316
2098,9,849.6871968
2098,10,854.8966824
2098,11,859.6932531
2098,12,862.8091011
2099,1,864.7867117
2099,2,865.8645554
2099,3,866.4367357
2099,4,866.3903636
2099,5,864.2993116
2099,6,859.6353635
2099,7,855.5890494
2099,8,855.1842408
2099,9,857.9952546
2099,10,863.2248593
2099,11,868.0405847
2099,12,871.1698891
2100,1,873.155524
2100,2,874.2391615
2100,3,874.8146264
2100,4,874.768899
2100,5,872.6711395
2100,6,867.9943735
2100,7,863.9456607
2100,8,863.5544028
2100,9,866.3792026
2100,10,871.6246113
2100,11,876.4552495
2100,12,879.5938795
2101,1,881.585886
2101,2,882.6710414
2101,3,883.2452736
2101,4,883.1953808
2101,5,881.0858103
2101,6,876.3907568
2101,7,872.3382013
2101,8,871.9629502
2101,9,874.8033751
2101,10,880.0657301
2101,11,884.9117043
2101,12,888.0593664
2102,1,890.0546577
2102,2,891.1395916
2102,3,891.7101907
2102,4,891.6531896
2102,5,889.5287162
2102,6,884.8122354
2102,7,880.7495401
2102,8,880.3807326
2102,9,883.2273469
2102,10,888.4974151
2102,11,893.3499999
2102,12,896.4988686
2103,1,898.4912936
2103,2,899.5702491
2103,3,900.1325882
2103,4,900.0649478
2103,5,897.9231073
2103,6,893.1836754
2103,7,889.1098496
2103,8,888.7468312
2103,9,891.5994975
2103,10,896.877523
2103,11,901.737285
2103,12,904.8882201
2104,1,906.8786394
2104,2,907.9526967
2104,3,908.5078108
2104,4,908.4305025
2104,5,906.2723257
2104,6,901.5110145
2104,7,897.4267293
2104,8,897.0696498
2104,9,899.9284416
2104,10,905.2143901
2104,11,910.0812681
2104,12,913.2343043
2105,1,915.2228542
2105,2,916.292188
2105,3,916.8403063
2105,4,916.7536182
2105,5,914.5795547
2105,6,909.7969445
2105,7,905.7024871
2105,8,905.3512148
2105,9,908.2159813
2105,10,913.5096404
2105,11,918.3834218
2105,12,921.5384481
2106,1,923.5251019
2106,2,924.5897157
2106,3,925.1308657
2106,4,925.0348545
2106,5,922.8450955
2106,6,918.0414925
2106,7,913.9368953
2106,8,913.5910784
2106,9,916.461468
2106,10,921.7624551
2106,11,926.6427945
2106,12,929.7996079
2107,1,931.7842971
2107,2,932.8442171
2107,3,933.3785219
2107,4,933.2734105
2107,5,931.0683679
2107,6,926.2443416
2107,7,922.1299431
2107,8,921.7895712
2107,9,924.6655847
2107,10,929.9738697
2107,11,934.8607581
2107,12,938.0194592
2108,1,940.0023721
2108,2,941.0578277
2108,3,941.5855458
2108,4,941.4716215
2108,5,939.2517028
2108,6,934.4077579
2108,7,930.2837949
2108,8,929.9487311
2108,9,932.8302088
2108,10,938.1455756
2108,11,943.0387975
2108,12,946.1992628
2109,1,948.18035
2109,2,949.2313355
2109,3,949.7524971
2109,4,949.629829
2109,5,947.3952317
2109,6,942.5316717
2109,7,938.3982109
2109,8,938.0681833
2109,9,940.9548448
2109,10,946.2769727
2109,11,951.1762227
2109,12,954.3382507
2110,1,956.3173978
2110,2,957.3638574
2110,3,957.8784573
2110,4,957.7470945
2110,5,955.4980052
2110,6,950.6151313
2110,7,946.4722382
2110,8,946.146976
2110,9,949.0385467
2110,10,954.3671238
2110,11,959.2721039
2110,12,962.4354942
2111,1,964.4125809
2111,2,965.454441
2111,3,965.9624445
2111,4,965.8223929
2111,5,963.5589446
2111,6,958.6569999
2111,7,954.5047108
2111,8,954.1839523
2111,9,957.0801861
2111,10,962.4149559
2111,11,967.325455
2111,12,970.4901279
2112,1,972.4651922
2112,2,973.5025905
2112,3,974.0042297
2112,4,973.8558204
2112,5,971.5785122
2112,6,966.6581287
2112,7,962.4968712
2112,8,962.1807321
2112,9,965.0817276
2112,10,970.4227272
2112,11,975.3387558
2112,12,978.5047605
2113,1,980.4778578
2113,2,981.5108181
2113,3,982.0060614
2113,4,981.8491998
2113,5,979.5579637
2113,6,974.6191002
2113,7,970.4485759
2113,8,970.1364301
2113,9,973.0415452
2113,10,978.3881082
2113,11,983.3090433
2113,12,986.475898
2114,1,988.4466888
2114,2,989.4750149
2114,3,989.963819
2114,4,989.7986333
2114,5,987.4938325
2114,6,982.5370426
2114,7,978.357666
2114,8,978.049676
2114,9,980.9590878
2114,10,986.3113526
2114,11,991.2373162
2114,12,994.4051765
2115,1,996.3738084
2115,2,997.3975927
2115,3,997.8799614
2115,4,997.7063475
2115,5,995.3878556
2115,6,990.4130024
2115,7,986.2243614
2115,8,985.9197848
2115,9,988.8327362
2115,10,994.1899342
2115,11,999.1202228
2115,12,1002.288555
2116,1,1004.254678
2116,2,1005.273766
2116,3,1005.749761
2116,4,1005.568028
2116,5,1003.236462
2116,6,998.2444129
2116,7,994.0473066
2116,8,993.7467507
2116,9,996.6638855
2116,10,1002.026631
2116,11,1006.961833
2116,12,1010.131233
2117,1,1012.095391
2117,2,1013.11022
2117,3,1013.580122
2117,4,1013.390359
2117,5,1011.045688
2117,6,1006.036312
2117,7,1001.830258
2117,8,1001.532848
2117,9,1004.453209
2117,10,1009.820474
2117,11,1014.759576
2117,12,1017.929147
2118,1,1019.890585
2118,2,1020.900559
2118,3,1021.363961
2118,4,1021.165988
2118,5,1018.80833
2118,6,1013.781983
2118,7,1009.567267
2118,8,1009.273094
2118,9,1012.196797
2118,10,1017.568654
2118,11,1022.511682
2118,12,1025.681436
2119,1,1027.640089
2119,2,1028.645009
2119,3,1029.101528
2119,4,1028.894738
2119,5,1026.523329
2119,6,1021.479139
2119,7,1017.254586
2119,8,1016.962163
2119,9,1019.887735
2119,10,1025.262773
2119,11,1030.208488
2119,12,1033.377496
2120,1,1035.332799
2120,2,1036.332519
2120,3,1036.782488
2120,4,1036.567766
2120,5,1034.184121
2120,6,1029.124123
2120,7,1024.891912
2120,8,1024.60338
2120,9,1027.533067
2120,10,1032.913501
2120,11,1037.864023
2120,12,1041.034263
2121,1,1042.987929
2121,2,1043.983773
2121,3,1044.428008
2121,4,1044.205555
2121,5,1041.809281
2121,6,1036.732567
2121,7,1032.491148
2121,8,1032.204361
2121,9,1035.135788
2121,10,1040.519112
2121,11,1045.471965
2121,12,1048.641178
2122,1,1050.59127
2122,2,1051.581731
2122,3,1052.019269
2122,4,1051.788793
2122,5,1049.380397
2122,6,1044.28817
2122,7,1040.039078
2122,8,1039.755713
2122,9,1042.690813
2122,10,1048.079075
2122,11,1053.036344
2122,12,1056.206595
2123,1,1058.155022
2123,2,1059.141724
2123,3,1059.573773
2123,4,1059.33595
2123,5,1056.915554
2123,6,1051.807419
2123,7,1047.549571
2123,8,1047.267868
2123,9,1050.204528
2123,10,1055.595325
2123,11,1060.554435
2123,12,1063.723119
2124,1,1065.66732
2124,2,1066.647806
2124,3,1067.072093
2124,4,1066.824915
2124,5,1064.390909
2124,6,1059.265652
2124,7,1054.998006
2124,8,1054.717028
2124,9,1057.654645
2124,10,1063.047688
2124,11,1068.008706
2124,12,1071.176314
2125,1,1073.117185
2125,2,1074.092756
2125,3,1074.51098
2125,4,1074.256551
2125,5,1071.811499
2125,6,1066.672061
2125,7,1062.397584
2125,8,1062.120152
2125,9,1065.06152
2125,10,1070.459448
2125,11,1075.424784
2125,12,1078.593449
2126,1,1080.532727
2126,2,1081.504598
2126,3,1081.917336
2126,4,1081.655491
2126,5,1079.198451
2126,6,1074.043162
2126,7,1069.759388
2126,8,1069.482329
2126,9,1072.423941
2126,10,1077.823048
2126,11,1082.788992
2126,12,1085.955211
2127,1,1087.889744
2127,2,1088.855257
2127,3,1089.260494
2127,4,1088.99002
2127,5,1086.520779
2127,6,1081.350381
2127,7,1077.058631
2127,8,1076.78362
2127,9,1079.727565
2127,10,1085.130172
2127,11,1090.099158
2127,12,1093.265376
2128,1,1095.197446
2128,2,1096.158555
2128,3,1096.557751
2128,4,1096.279457
2128,5,1093.798082
2128,6,1088.611894
2128,7,1084.310668
2128,8,1084.03548
2128,9,1086.979173
2128,10,1092.382475
2128,11,1097.351665
2128,12,1100.515223
2129,1,1102.442492
2129,2,1103.397323
2129,3,1103.789215
2129,4,1103.502609
2129,5,1101.009582
2129,6,1095.809057
2129,7,1091.500418
2129,8,1091.227504
2129,9,1094.173836
2129,10,1099.580984
2129,11,1104.553667
2129,12,1107.717887
2130,1,1109.643542
2130,2,1110.594977
2130,3,1110.981979
2130,4,1110.68885
2130,5,1108.185233
2130,6,1102.97065
2130,7,1098.653981
2130,8,1098.381884
2130,9,1101.328868
2130,10,1106.737443
2130,11,1111.71091
2130,12,1114.872964
2131,1,1116.794153
2131,2,1117.739419
2131,3,1118.118941
2131,4,1117.816998
2131,5,1115.300966
2131,6,1110.071004
2131,7,1105.745253
2131,8,1105.473086
2131,9,1108.420158
2131,10,1113.829853
2131,11,1118.804048
2131,12,1121.964137
2132,1,1123.881266
2132,2,1124.820919
2132,3,1125.193619
2132,4,1124.883581
2132,5,1122.355922
2132,6,1117.1114
2132,7,1112.777225
2132,8,1112.505438
2132,9,1115.45305
2132,10,1120.864317
2132,11,1125.839735
2132,12,1128.998461
2133,1,1130.912241
2133,2,1131.847105
2133,3,1132.213926
2133,4,1131.89687
2133,5,1129.358858
2133,6,1124.101238
2133,7,1119.760041
2133,8,1119.489862
2133,9,1122.439195
2133,10,1127.853091
2133,11,1132.83064
2133,12,1135.988754
2134,1,1137.899702
2134,2,1138.829995
2134,3,1139.190787
2134,4,1138.86614
2134,5,1136.31677
2134,6,1131.044566
2134,7,1126.694267
2134,8,1126.42307
2134,9,1129.371243
2134,10,1134.784717
2134,11,1139.761308
2134,12,1142.915838
2135,1,1144.821194
2135,2,1145.744461
2135,3,1146.097172
2135,4,1145.763392
2135,5,1143.201784
2135,6,1137.914848
2135,7,1133.555801
2135,8,1133.284309
2135,9,1136.232523
2135,10,1141.647163
2135,11,1146.624727
2135,12,1149.777917
2136,1,1151.680154
2136,2,1152.599005
2136,3,1152.946305
2136,4,1152.606047
2136,5,1150.034811
2136,6,1144.735631
2136,7,1140.369977
2136,8,1140.099909
2136,9,1143.049611
2136,10,1148.466549
2136,11,1153.445903
2136,12,1156.598277
2137,1,1158.497585
2137,2,1159.411843
2137,3,1159.753153
2137,4,1159.40541
2137,5,1156.823132
2137,6,1151.509854
2137,7,1147.135183
2137,8,1146.863627
2137,9,1149.811685
2137,10,1155.227661
2137,11,1160.205559
2137,12,1163.354038
2138,1,1165.247602
2138,2,1166.154822
2138,3,1166.488166
2138,4,1166.131546
2138,5,1163.537571
2138,6,1158.210366
2138,7,1153.827474
2138,8,1153.555682
2138,9,1156.503872
2138,10,1161.921055
2138,11,1166.899974
2138,12,1170.047276
2139,1,1171.937935
2139,2,1172.840949
2139,3,1173.169038
2139,4,1172.806018
2139,5,1170.202523
2139,6,1164.863149
2139,7,1160.473167
2139,8,1160.201634
2139,9,1163.15001
2139,10,1168.568034
2139,11,1173.547249
2139,12,1176.692371
2140,1,1178.578864
2140,2,1179.476181
2140,3,1179.79732
2140,4,1179.426038
2140,5,1176.811071
2140,6,1171.45751
2140,7,1167.05823
2140,8,1166.784564
2140,9,1169.730775
2140,10,1175.147376
2140,11,1180.1248
2140,12,1183.265934
2141,1,1185.146786
2141,2,1186.037316
2141,3,1186.350857
2141,4,1185.971171
2141,5,1183.345199
2141,6,1177.97858
2141,7,1173.571608
2141,8,1173.297743
2141,9,1176.244106
2141,10,1181.661857
2141,11,1186.640231
2141,12,1189.780218
2142,1,1191.658244
2142,2,1192.544656
2142,3,1192.853003
2142,4,1192.466938
2142,5,1189.831541
2142,6,1184.452871
2142,7,1180.03845
2142,8,1179.763897
2142,9,1182.709438
2142,10,1188.12696
2142,11,1193.104624
2142,12,1196.241662
2143,1,1198.115003
2143,2,1198.99547
2143,3,1199.296917
2143,4,1198.902991
2143,5,1196.257044
2143,6,1190.865644
2143,7,1186.443422
2143,8,1186.168048
2143,9,1189.112941
2143,10,1194.530626
2143,11,1199.508142
2143,12,1202.642923
2144,1,1204.512323
2144,2,1205.387555
2144,3,1205.682699
2144,4,1205.281321
2144,5,1202.625011
2144,6,1197.220762
2144,7,1192.790113
2144,8,1192.512797
2144,9,1195.455651
2144,10,1200.871899
2144,11,1205.847553
2144,12,1208.978373
2145,1,1210.842193
2145,2,1211.710687
2145,3,1211.998229
2145,4,1211.588381
2145,5,1208.921084
2145,6,1203.503822
2145,7,1199.06494
2145,8,1198.786143
2145,9,1201.727761
2145,10,1207.143632
2145,11,1212.118699
2145,12,1215.247009
2146,1,1217.106803
2146,2,1217.970136
2146,3,1218.2516
2146,4,1217.834683
2146,5,1215.157647
2146,6,1209.728387
2146,7,1205.281847
2146,8,1205.001688
2146,9,1207.941931
2146,10,1213.357068
2146,11,1218.331047
2146,12,1221.456298
2147,1,1223.311509
2147,2,1224.169159
2147,3,1224.444109
2147,4,1224.019827
2147,5,1221.332986
2147,6,1215.891934
2147,7,1211.438103
2147,8,1211.15703
2147,9,1214.096512
2147,10,1219.511609
2147,11,1224.485233
2147,12,1227.608162
2148,1,1229.459457
2148,2,1230.311944
2148,3,1230.580678
2148,4,1230.14904
2148,5,1227.452085
2148,6,1221.998533
2148,7,1217.536112
2148,8,1217.252248
2148,9,1220.188769
2148,10,1225.601419
2148,11,1230.57222
2148,12,1233.690462
2149,1,1235.53569
2149,2,1236.381201
2149,3,1236.642361
2149,4,1236.202591
2149,5,1233.495487
2149,6,1228.030264
2149,7,1223.560904
2149,8,1223.276617
2149,9,1226.213209
2149,10,1231.626891
2149,11,1236.598617
2149,12,1239.716026
2150,1,1241.558937
2150,2,1242.40091
2150,3,1242.657415
2150,4,1242.211716
2150,5,1239.495785
2150,6,1234.019118
2150,7,1229.541626
2150,8,1229.254303
2150,9,1232.18731
2150,10,1237.597568
2150,11,1242.56524
2150,12,1245.676602
2151,1,1247.511997
2151,2,1248.345486
2151,3,1248.5929
2151,4,1248.137597
2151,5,1245.410217
2151,6,1239.920782
2151,7,1235.435249
2151,8,1235.146367
2151,9,1238.07853
2151,10,1243.489097
2151,11,1248.457196
2151,12,1251.567514
2152,1,1253.400668
2152,2,1254.230908
2152,3,1254.474174
2152,4,1254.013661
2152,5,1251.278442
2152,6,1245.778796
2152,7,1241.286344
2152,8,1240.995494
2152,9,1243.925202
2152,10,1249.333476
2152,11,1254.298662
2152,12,1257.404112
2153,1,1259.230922
2153,2,1260.053786
2153,3,1260.288964
2153,4,1259.819719
2153,5,1257.073811
2153,6,1251.562003
2153,7,1247.061687
2153,8,1246.768982
2153,9,1249.697365
2153,10,1255.105311
2153,11,1260.07022
2153,12,1263.173965
2154,1,1264.997942
2154,2,1265.817096
2154,3,1266.04783
2154,4,1265.573295
2154,5,1262.819799
2154,6,1257.298397
2154,7,1252.791953
2154,8,1252.498167
2154,9,1255.425238
2154,10,1260.832198
2154,11,1265.795626
2154,12,1268.896051
2155,1,1270.715262
2155,2,1271.528555
2155,3,1271.752575
2155,4,1271.270468
2155,5,1268.50722
2155,6,1262.974277
2155,7,1258.459967
2155,8,1258.163612
2155,9,1261.08823
2155,10,1266.493386
2155,11,1271.454839
2155,12,1274.551783
2156,1,1276.366379
2156,2,1277.174249
2156,3,1277.392258
2156,4,1276.903533
2156,5,1274.131748
2156,6,1268.588718
2156,7,1264.068093
2156,8,1263.770761
2156,9,1266.694629
2156,10,1272.099711
2156,11,1277.0609
2156,12,1280.156021
2157,1,1281.96753
2157,2,1282.771304
2157,3,1282.98436
2157,4,1282.489737
2157,5,1279.709762
2157,6,1274.156543
2157,7,1269.628884
2157,8,1269.329159
2157,9,1272.250332
2157,10,1277.652976
2157,11,1282.611242
2157,12,1285.701726
2158,1,1287.507284
2158,2,1288.304157
2158,3,1288.509619
2158,4,1288.006734
2158,5,1285.216623
2158,6,1279.651792
2158,7,1275.116194
2158,8,1274.813749
2158,9,1277.732545
2158,10,1283.133593
2158,11,1288.090221
2158,12,1291.177718
2159,1,1292.979226
2159,2,1293.77124
2159,3,1293.971182
2159,4,1293.462038
2159,5,1290.663647
2159,6,1285.088799
2159,7,1280.546385
2159,8,1280.241747
2159,9,1283.158225
2159,10,1288.557344
2159,11,1293.511711
2159,12,1296.595421
2160,1,1298.391986
2160,2,1299.178233
2160,3,1299.371815
2160,4,1298.855731
2160,5,1296.048645
2160,6,1290.463717
2160,7,1285.914751
2160,8,1285.608558
2160,9,1288.523806
2160,10,1293.922424
2160,11,1298.876206
2160,12,1301.957979
2161,1,1303.751508
2161,2,1304.533845
2161,3,1304.722762
2161,4,1304.201164
2161,5,1301.386468
2161,6,1295.792085
2161,7,1291.236529
2161,8,1290.927952
2161,9,1293.840461
2161,10,1299.236496
2161,11,1304.187183
2161,12,1307.264226
2162,1,1309.051763
2162,2,1309.827186
2162,3,1310.00851
2162,4,1309.478671
2162,5,1306.653984
2162,6,1301.048233
2162,7,1296.484652
2162,8,1296.17282
2162,9,1299.082416
2162,10,1304.476293
2162,11,1309.424829
2162,12,1312.498541
2163,1,1314.281836
2163,2,1315.052352
2163,3,1315.228246
2163,4,1314.692391
2163,5,1311.859937
2163,6,1306.244936
2163,7,1301.675158
2163,8,1301.36149
2163,9,1304.269223
2163,10,1309.661634
2163,11,1314.608388
2163,12,1317.67886
2164,1,1319.45774
2164,2,1320.222928
2164,3,1320.392737
2164,4,1319.850003
2164,5,1317.00875
2164,6,1311.383317
2164,7,1306.805929
2164,8,1306.48877
2164,9,1309.392872
2164,10,1314.781983
2164,11,1319.725137
2164,12,1322.790657
2165,1,1324.563575
2165,2,1325.322111
2165,3,1325.484799
2165,4,1324.934498
2165,5,1322.084201
2165,6,1316.448592
2165,7,1311.864304
2165,8,1311.544858
2165,9,1314.447143
2165,10,1319.835256
2165,11,1324.777483
2165,12,1327.84098
2166,1,1329.610983
2166,2,1330.365891
2166,3,1330.524319
2166,4,1329.969017
2166,5,1327.111835
2166,6,1321.467659
2166,7,1316.877314
2166,8,1316.555491
2166,9,1319.454948
2166,10,1324.84024
2166,11,1329.779071
2166,12,1332.837616
2167,1,1334.60146
2167,2,1335.349334
2167,3,1335.500087
2167,4,1334.936516
2167,5,1332.069507
2167,6,1326.414298
2167,7,1321.81596
2167,8,1321.490488
2167,9,1324.386705
2167,10,1329.769539
2167,11,1334.706004
2167,12,1337.761191
2168,1,1339.520906
2168,2,1340.26408
2168,3,1340.409668
2168,4,1339.840392
2168,5,1336.966072
2168,6,1331.302169
2168,7,1326.697781
2168,8,1326.37005
2168,9,1329.263865
2168,10,1334.64455
2168,11,1339.578522
2168,12,1342.629889
2169,1,1344.384745
2169,2,1345.122297
2169,3,1345.261678
2169,4,1344.685611
2169,5,1341.802952
2169,6,1336.129453
2169,7,1331.518233
2169,8,1331.187629
2169,9,1334.078743
2169,10,1339.457263
2169,11,1344.388963
2169,12,1347.436931
2170,1,1349.187484
2170,2,1349.920042
2170,3,1350.053851
2170,4,1349.471578
2170,5,1346.581077
2170,6,1340.898327
2170,7,1336.280312
2170,8,1335.946483
2170,9,1338.834189
2170,10,1344.209501
2170,11,1349.137636
2170,12,1352.180755
2171,1,1353.925462
2171,2,1354.651458
2171,3,1354.778171
2171,4,1354.18828
2171,5,1351.288734
2171,6,1345.595803
2171,7,1340.970314
2171,8,1340.632879
2171,9,1343.517246
2171,10,1348.889851
2171,11,1353.815298
2171,12,1356.854776
2172,1,1358.595104
2172,2,1359.316189
2172,3,1359.437568
2172,4,1358.84187
2172,5,1355.935086
2172,6,1350.233708
2172,7,1345.60226
2172,8,1345.262416
2172,9,1348.144339
2172,10,1353.514803
2172,11,1358.437837
2172,12,1361.473705
2173,1,1363.209458
2173,2,1363.925233
2173,3,1364.040697
2173,4,1363.438452
2173,5,1360.523582
2173,6,1354.812816
2173,7,1350.174307
2173,8,1349.830794
2173,9,1352.708966
2173,10,1358.075952
2173,11,1362.995247
2173,12,1366.026239
2174,1,1367.756237
2174,2,1368.465628
2174,3,1368.57424
2174,4,1367.964674
2174,5,1365.041157
2174,6,1359.320681
2174,7,1354.674974
2174,8,1354.327843
2174,9,1357.20261
2174,10,1362.56675
2174,11,1367.483194
2174,12,1370.510429
2175,1,1372.235964
2175,2,1372.94039
2175,3,1373.043635
2175,4,1372.42826
2175,5,1369.497605
2175,6,1363.76887
2175,7,1359.117233
2175,8,1358.767497
2175,9,1361.639645
2175,10,1367.001463
2175,11,1371.915345
2175,12,1374.93891
2176,1,1376.65988
2176,2,1377.359057
2176,3,1377.456488
2176,4,1376.834704
2176,5,1373.896196
2176,6,1368.158382
2176,7,1363.499815
2176,8,1363.146284
2176,9,1366.014536
2176,10,1371.372683
2176,11,1376.282625
2176,12,1379.301174
2177,1,1381.0163
2177,2,1381.709052
2177,3,1381.799629
2177,4,1381.170573
2177,5,1378.223586
2177,6,1372.476338
2177,7,1367.810723
2177,8,1367.453531
2177,9,1370.318383
2177,10,1375.673722
2177,11,1380.580906
2177,12,1383.595879
2178,1,1385.306769
2178,2,1385.99479
2178,3,1386.080209
2178,4,1385.445501
2178,5,1382.491514
2178,6,1376.736085
2178,7,1372.064284
2178,8,1371.703802
2178,9,1374.565129
2178,10,1379.916983
2178,11,1384.820259
2178,12,1387.830155
2179,1,1389.53505
2179,2,1390.21642
2179,3,1390.294696
2179,4,1389.652385
2179,5,1386.689603
2179,6,1380.92445
2179,7,1376.245199
2179,8,1375.880516
2179,9,1378.737933
2179,10,1384.086508
2179,11,1388.986636
2179,12,1391.992695
2180,1,1393.693219
2180,2,1394.369848
2180,3,1394.443086
2180,4,1393.795377
2180,5,1390.826036
2180,6,1385.053323
2180,7,1380.36854
2180,8,1380.001214
2180,9,1382.85591
2180,10,1388.201939
2180,11,1393.099222
2180,12,1396.101385
2181,1,1397.797162
2181,2,1398.468404
2181,3,1398.535729
2181,4,1397.881572
2181,5,1394.904511
2181,6,1389.123017
2181,7,1384.431398
2181,8,1384.060071
2181,9,1386.910743
2181,10,1392.253023
2181,11,1397.146373
2181,12,1400.143681
2182,1,1401.833866
2182,2,1402.498981
2182,3,1402.55975
2182,4,1401.89859
2182,5,1398.913355
2182,6,1393.122712
2182,7,1388.423893
2182,8,1388.048175
2182,9,1390.894477
2182,10,1396.232685
2182,11,1401.121827
2182,12,1404.114078
2183,1,1405.798552
2183,2,1406.457513
2183,3,1406.511797
2183,4,1405.843819
2183,5,1402.850738
2183,6,1397.051426
2183,7,1392.345974
2183,8,1391.966511
2183,9,1394.809251
2183,10,1400.144367
2183,11,1405.030436
2183,12,1408.018892
2184,1,1409.698984
2184,2,1410.353128
2184,3,1410.402221
2184,4,1409.728619
2184,5,1406.728754
2184,6,1400.921642
2184,7,1396.210112
2184,8,1395.827068
2184,9,1398.666036
2184,10,1403.997415
2184,11,1408.879354
2184,12,1411.862646
2185,1,1413.536755
2185,2,1414.184337
2185,3,1414.226428
2185,4,1413.545416
2185,5,1410.537108
2185,6,1404.720748
2185,7,1400.001921
2185,8,1399.614373
2185,9,1402.449091
2185,10,1407.77678
2185,11,1412.655191
2185,12,1415.634415
2186,1,1417.304041
2186,2,1417.946877
2186,3,1417.984009
2186,4,1417.297774
2186,5,1414.283285
2186,6,1408.459925
2186,7,1403.735871
2186,8,1403.345604
2186,9,1406.177565
2186,10,1411.502672
2186,11,1416.378245
2186,12,1419.353704
2187,1,1421.018786
2187,2,1421.656462
2187,3,1421.687895
2187,4,1420.995387
2187,5,1417.973399
2187,6,1412.141472
2187,7,1407.410332
2187,8,1407.015199
2187,9,1409.842047
2187,10,1415.162024
2187,11,1420.032065
2187,12,1423.001028
2188,1,1424.658886
2188,2,1425.288878
2188,3,1425.312334
2188,4,1424.611626
2188,5,1421.58068
2188,6,1415.739286
2188,7,1411.000757
2188,8,1410.60113
2188,9,1413.424076
2188,10,1418.741065
2188,11,1423.608692
2188,12,1426.575086
2189,1,1428.230219
2189,2,1428.857364
2189,3,1428.877783
2189,4,1428.173685
2189,5,1425.138247
2189,6,1419.291273
2189,7,1414.54835
2189,8,1414.146082
2189,9,1416.965682
2189,10,1422.278703
2189,11,1427.141269
2189,12,1430.101029
2190,1,1431.748286
2190,2,1432.366673
2190,3,1432.377717
2190,4,1431.663799
2190,5,1428.617693
2190,6,1422.759549
2190,7,1418.007503
2190,8,1417.599042
2190,9,1420.413304
2190,10,1425.722255
2190,11,1430.581801
2190,12,1433.538889
2191,1,1435.183746
2191,2,1435.799964
2191,3,1435.808929
2191,4,1435.092793
2191,5,1432.043546
2191,6,1426.181275
2191,7,1421.426196
2191,8,1421.016255
2191,9,1423.828185
2191,10,1429.133957
2191,11,1433.988943
2191,12,1436.93961
2192,1,1438.57653
2192,2,1439.183686
2192,3,1439.18275
2192,4,1438.456076
2192,5,1435.395317
2192,6,1429.520925
2192,7,1424.755564
2192,8,1424.338051
2192,9,1427.143207
2192,10,1432.44343
2192,11,1437.293946
2192,12,1440.240623
2193,1,1441.873969
2193,2,1442.477937
2193,3,1442.474071
2193,4,1441.744516
2193,5,1438.680189
2193,6,1432.801491
2193,7,1428.033057
2193,8,1427.614146
2193,9,1430.41731
2193,10,1435.714958
2193,11,1440.561801
2193,12,1443.503182
2194,1,1445.129895
2194,2,1445.726227
2194,3,1445.713955
2194,4,1444.975377
2194,5,1441.901056
2194,6,1436.0117
2194,7,1431.234217
2194,8,1430.808649
2194,9,1433.605707
2194,10,1438.89817
2194,11,1443.740588
2194,12,1446.677789
2195,1,1448.300546
2195,2,1448.89316
2195,3,1448.87732
2195,4,1448.135164
2195,5,1445.056597
2195,6,1439.162317
2195,7,1434.381118
2195,8,1433.953494
2195,9,1436.748063
2195,10,1442.037646
2195,11,1446.876337
2195,12,1449.808427
2196,1,1451.424909
2196,2,1452.010366
2196,3,1451.986663
2196,4,1451.236043
2196,5,1448.148038
2196,6,1442.243594
2196,7,1437.453606
2196,8,1437.019268
2196,9,1439.807421
2196,10,1445.091195
2196,11,1449.924496
2196,12,1452.851173
2197,1,1454.462266
2197,2,1455.042444
2197,3,1455.013554
2197,4,1454.257758
2197,5,1451.164037
2197,6,1445.253394
2197,7,1440.458566
2197,8,1440.021237
2197,9,1442.806349
2197,10,1448.087142
2197,11,1452.917157
2197,12,1455.839726
2198,1,1457.446008
2198,2,1458.020853
2198,3,1457.986184
2198,4,1457.224172
2198,5,1454.12336
2198,6,1448.204898
2198,7,1443.403404
2198,8,1442.96113
2198,9,1445.741266
2198,10,1451.017252
2198,11,1455.842366
2198,12,1458.759499
2199,1,1460.359925
2199,2,1460.928659
2199,3,1460.887687
2199,4,1460.11918
2199,5,1457.011247
2199,6,1451.085169
2199,7,1446.277374
2199,8,1445.830651
2199,9,1448.60649
2199,10,1453.878514
2199,11,1458.699739
2199,12,1461.612614
2200,1,1463.21201
2200,2,1463.775797
2200,3,1463.729439
2200,4,1462.955101
2200,5,1459.840477
2200,6,1453.90698
2200,7,1449.092794
2200,8,1448.641236
2200,9,1451.412151
2200,10,1456.679342
2200,11,1461.495577
2200,12,1464.402898
2201,1,1465.992779
2201,2,1466.550557
2201,3,1466.498315
2201,4,1465.718164
2201,5,1462.597309
2201,6,1456.657208
2201,7,1451.83765
2201,8,1451.382378
2201,9,1454.149561
2201,10,1459.413093
2201,11,1464.225414
2201,12,1467.128081
2202,1,1468.712582
2202,2,1469.264332
2202,3,1469.205403
2202,4,1468.417943
2202,5,1465.288842
2202,6,1459.339749
2202,7,1454.512165
2202,8,1454.050392
2202,9,1456.811141
2202,10,1462.068548
2202,11,1466.874889
2202,12,1469.771408
2203,1,1471.34976
2203,2,1471.895596
2203,3,1471.831096
2203,4,1471.038359
2203,5,1467.903785
2203,6,1461.949033
2203,7,1457.11707
2203,8,1456.652561
2203,9,1459.410622
2203,10,1464.665439
2203,11,1469.468952
2203,12,1472.361918
2204,1,1473.935972
2204,2,1474.476812
2204,3,1474.406564
2204,4,1473.607342
2204,5,1470.465264
2204,6,1464.502181
2204,7,1459.662658
2204,8,1459.191895
2204,9,1461.943665
2204,10,1467.192393
2204,11,1471.98988
2204,12,1474.876603
2205,1,1476.444363
2205,2,1476.979093
2205,3,1476.903041
2205,4,1476.098299
2205,5,1472.950543
2205,6,1466.981632
2205,7,1462.137498
2205,8,1461.663682
2205,9,1464.412481
2205,10,1469.658371
2205,11,1474.452845
2205,12,1477.335934
2206,1,1478.899418
2206,2,1479.429288
2206,3,1479.347736
2206,4,1478.536832
2206,5,1475.38196
2206,6,1469.405131
2206,7,1464.553732
2206,8,1464.073772
2206,9,1466.816271
2206,10,1472.055897
2206,11,1476.843986
2206,12,1479.720283
2207,1,1481.276688
2207,2,1481.799391
2207,3,1481.710667
2207,4,1480.892609
2207,5,1477.730265
2207,6,1471.745734
2207,7,1466.887737
2207,8,1466.402675
2207,9,1469.140289
2207,10,1474.375368
2207,11,1479.159044
2207,12,1482.030724
2208,1,1483.582367
2208,2,1484.100297
2208,3,1484.006809
2208,4,1483.183974
2208,5,1480.016479
2208,6,1474.026463
2208,7,1469.163891
2208,8,1468.675496
2208,9,1471.409749
2208,10,1476.641521
2208,11,1481.4217
2208,12,1484.289333
2209,1,1485.836389
2209,2,1486.349286
2209,3,1486.250298
2209,4,1485.421466
2209,5,1482.247196
2209,6,1476.249742
2209,7,1471.380335
2209,8,1470.886103
2209,9,1473.614365
2209,10,1478.840142
2209,11,1483.614165
2209,12,1486.475207
2210,1,1488.015319
2210,2,1488.521086
2210,3,1488.41483
2210,4,1487.578615
2210,5,1484.396585
2210,6,1478.391102
2210,7,1473.514599
2210,8,1473.014583
2210,9,1475.737284
2210,10,1480.957865
2210,11,1485.726908
2210,12,1488.582925
2211,1,1490.118045
2211,2,1490.619015
2211,3,1490.508206
2211,4,1489.667681
2211,5,1486.481229
2211,6,1480.471192
2211,7,1475.591036
2211,8,1475.088501
2211,9,1477.808645
2211,10,1483.026643
2211,11,1487.792809
2211,12,1490.645281
2212,1,1492.176132
2212,2,1492.67215
2212,3,1492.55562
2212,4,1491.708533
2212,5,1488.514486
2212,6,1482.496007
2212,7,1477.607745
2212,8,1477.09787
2212,9,1479.810531
2212,10,1485.02112
2212,11,1489.779901
2212,12,1492.624861
2213,1,1494.148223
2213,2,1494.637021
2213,3,1494.513664
2213,4,1493.660228
2213,5,1490.46001
2213,6,1484.43551
2213,7,1479.542299
2213,8,1479.028749
2213,9,1481.73794
2213,10,1486.945265
2213,11,1491.700735
2213,12,1494.541989
2214,1,1496.061186
2214,2,1496.545394
2214,3,1496.416932
2214,4,1495.557786
2214,5,1492.35104
2214,6,1486.319336
2214,7,1481.419294
2214,8,1480.899646
2214,9,1483.602628
2214,10,1488.803802
2214,11,1493.553111
2214,12,1496.388032
2215,1,1497.900831
2215,2,1498.378785
2215,3,1498.244293
2215,4,1497.379409
2215,5,1494.166969
2215,6,1488.129606
2215,7,1483.224778
2215,8,1482.701415
2215,9,1485.400807
2215,10,1490.59853
2215,11,1495.344314
2215,12,1498.175337
2216,1,1499.683818
2216,2,1500.157085
2216,3,1500.017469
2216,4,1499.146946
2216,5,1495.928137
2216,6,1489.883776
2216,7,1484.972231
2216,8,1484.442731
2216,9,1487.135791
2216,10,1492.327116
2216,11,1497.066352
2216,12,1499.890508
2217,1,1501.39187
2217,2,1501.857942
2217,3,1501.711097
2217,4,1500.833355
2217,5,1497.607161
2217,6,1491.555318
2217,7,1486.637025
2217,8,1486.101764
2217,9,1488.789284
2217,10,1493.975384
2217,11,1498.709597
2217,12,1501.528748
2218,1,1503.025151
2218,2,1503.486451
2218,3,1503.335031
2218,4,1502.452919
2218,5,1499.222346
2218,6,1493.16609
2218,7,1488.244026
2218,8,1487.705778
2218,9,1490.390291
2218,10,1495.573353
2218,11,1500.304302
2218,12,1503.119692
2219,1,1504.611769
2219,2,1505.068217
2219,3,1504.911334
2219,4,1504.023061
2219,5,1500.785443
2219,6,1494.721398
2219,7,1489.791618
2219,8,1489.246043
2219,9,1491.923048
2219,10,1497.098595
2219,11,1501.822018
2219,12,1504.629805
2220,1,1506.114314
2220,2,1506.563461
2220,3,1506.399638
2220,4,1505.50489
2220,5,1502.261141
2220,6,1496.191274
2220,7,1491.256543
2220,8,1490.706987
2220,9,1493.380249
2220,10,1498.552261
2220,11,1503.272158
2220,12,1506.076165
2221,1,1507.556548
2221,2,1508.001248
2221,3,1507.832547
2221,4,1506.93239
2221,5,1503.682497
2221,6,1497.605859
2221,7,1492.664432
2221,8,1492.10852
2221,9,1494.775274
2221,10,1499.940772
2221,11,1504.654144
2221,12,1507.451555
2222,1,1508.925357
2222,2,1509.3637
2222,3,1509.18894
2222,4,1508.283107
2222,5,1505.027835
2222,6,1498.946083
2222,7,1494.000267
2222,8,1493.440757
2222,9,1496.104074
2222,10,1501.266247
2222,11,1505.976224
2222,12,1508.769932
2223,1,1510.23962
2223,2,1510.673461
2223,3,1510.493692
2223,4,1509.582242
2223,5,1506.32055
2223,6,1500.231669
2223,7,1495.278621
2223,8,1494.712026
2223,9,1497.368019
2223,10,1502.522778
2223,11,1507.225272
2223,12,1510.0114
2224,1,1511.4735
2224,2,1511.899963
2224,3,1511.713106
2224,4,1510.794954
2224,5,1507.526908
2224,6,1501.432018
2224,7,1496.473691
2224,8,1495.902605
2224,9,1498.554368
2224,10,1503.705126
2224,11,1508.403696
2224,12,1511.185785
2225,1,1512.643637
2225,2,1513.065683
2225,3,1512.874136
2225,4,1511.950939
2225,5,1508.677323
2225,6,1502.576384
2225,7,1497.611996
2225,8,1497.035016
2225,9,1499.68072
2225,10,1504.82535
2225,11,1509.517719
2225,12,1512.293492
2226,1,1513.744951
2226,2,1514.160706
2226,3,1513.962998
2226,4,1513.033828
2226,5,1509.754391
2226,6,1503.647795
2226,7,1498.678234
2226,8,1498.096621
2226,9,1500.737845
2226,10,1505.878134
2226,11,1510.566202
2226,12,1513.337577
2227,1,1514.784473
2227,2,1515.195569
2227,3,1514.993033
2227,4,1514.058816
2227,5,1510.773992
2227,6,1504.661688
2227,7,1499.68644
2227,8,1499.099283
2227,9,1501.73483
2227,10,1506.869371
2227,11,1511.551597
2227,12,1514.316987
2228,1,1515.757758
2228,2,1516.162734
2228,3,1515.954077
2228,4,1515.013766
2228,5,1511.722835
2228,6,1505.604434
2228,7,1500.62334
2228,8,1500.030648
2228,9,1502.660703
2228,10,1507.7898
2228,11,1512.466574
2228,12,1515.226416
2229,1,1516.661496
2229,2,1517.060731
2229,3,1516.84623
2229,4,1515.899952
2229,5,1512.602859
2229,6,1506.478117
2229,7,1501.490748
2229,8,1500.89194
2229,9,1503.515855
2229,10,1508.638835
2229,11,1513.309509
2229,12,1516.063244
2230,1,1517.4922
2230,2,1517.88544
2230,3,1517.665061
2230,4,1516.713047
2230,5,1513.410349
2230,6,1507.280147
2230,7,1502.287605
2230,8,1501.683927
2230,9,1504.303089
2230,10,1509.421419
2230,11,1514.08749
2230,12,1516.836598
2231,1,1518.260833
2231,2,1518.649342
2231,3,1518.424151
2231,4,1517.467214
2231,5,1514.15942
2231,6,1508.023941
2231,7,1503.026065
2231,8,1502.417038
2231,9,1505.030731
2231,10,1510.143492
2231,11,1514.803883
2231,12,1517.54718
2232,1,1518.965437
2232,2,1519.347921
2232,3,1519.116623
2232,4,1518.153505
2232,5,1514.839446
2232,6,1508.697634
2232,7,1503.693445
2232,8,1503.078166
2232,9,1505.68562
2232,10,1510.792182
2232,11,1515.446424
2232,12,1518.183624
2233,1,1519.595807
2233,2,1519.972376
2233,3,1519.735293
2233,4,1518.766539
2233,5,1515.44701
2233,6,1509.299905
2233,7,1504.290602
2233,8,1503.670368
2233,9,1506.272975
2233,10,1511.374773
2233,11,1516.024303
2233,12,1518.75681
2234,1,1520.164238
2234,2,1520.536074
2234,3,1520.294203
2234,4,1519.32058
2234,5,1515.996077
2234,6,1509.843871
2234,7,1504.82931
2234,8,1504.203661
2234,9,1506.800733
2234,10,1511.89688
2234,11,1516.540652
2234,12,1519.267309
2235,1,1520.668747
2235,2,1521.034571
2235,3,1520.786621
2235,4,1519.806858
2235,5,1516.476182
2235,6,1510.317773
2235,7,1505.296927
2235,8,1504.664913
2235,9,1507.255628
2235,10,1512.345441
2235,11,1516.982938
2235,12,1519.70342
2236,1,1521.098745
2236,2,1521.458651
2236,3,1521.204947
2236,4,1520.219617
2236,5,1516.883614
2236,6,1510.720128
2236,7,1505.694311
2236,8,1505.057359
2236,9,1507.643254
2236,10,1512.728319
2236,11,1517.361123
2236,12,1520.07696
2237,1,1521.467585
2237,2,1521.822815
2237,3,1521.564362
2237,4,1520.574175
2237,5,1517.233213
2237,6,1511.064623
2237,7,1506.033389
2237,8,1505.390686
2237,9,1507.970684
2237,10,1513.049716
2237,11,1517.676404
2237,12,1520.386111
2238,1,1521.770551
2238,2,1522.119676
2238,3,1521.855165
2238,4,1520.858994
2238,5,1517.512204
2238,6,1511.337953
2238,7,1506.301008
2238,8,1505.652458
2238,9,1508.226664
2238,10,1513.299918
2238,11,1517.920854
2238,12,1520.624872
2239,1,1522.003591
2239,2,1522.347055
2239,3,1522.076857
2239,4,1521.074957
2239,5,1517.722443
2239,6,1511.542435
2239,7,1506.499437
2239,8,1505.844491
2239,9,1508.412249
2239,10,1513.47901
2239,11,1518.093483
2239,12,1520.791166
2240,1,1522.163632
2240,2,1522.50107
2240,3,1522.225037
2240,4,1521.217528
2240,5,1517.859743
2240,6,1511.674811
2240,7,1506.626923
2240,8,1505.966984
2240,9,1508.529897
2240,10,1513.591887
2240,11,1518.201665
2240,12,1520.89476
2241,1,1522.262616
2241,2,1522.595485
2241,3,1522.314807
2241,4,1521.302533
2241,5,1517.939906
2241,6,1511.749987
2241,7,1506.696585
2241,8,1506.030541
2241,9,1508.587161
2241,10,1513.642682
2241,11,1518.245919
2241,12,1520.932541
2242,1,1522.293955
2242,2,1522.620569
2242,3,1522.333798
2242,4,1521.315646
2242,5,1517.947506
2242,6,1511.75246
2242,7,1506.69393
2242,8,1506.022598
2242,9,1508.574117
2242,10,1513.624641
2242,11,1518.223006
2242,12,1520.904939
2243,1,1522.261711
2243,2,1522.583797
2243,3,1522.292492
2243,4,1521.269758
2243,5,1517.897061
2243,6,1511.697408
2243,7,1506.633731
2243,8,1505.956598
2243,9,1508.502135
2243,10,1513.546481
2243,11,1518.138572
2243,12,1520.814277
2244,1,1522.164802
2244,2,1522.480759
2244,3,1522.183393
2244,4,1521.154697
2244,5,1517.776294
2244,6,1511.571186
2244,7,1506.501813
2244,8,1505.818581
2244,9,1508.358087
2244,10,1513.396399
2244,11,1517.982515
2244,12,1520.652412
2245,1,1521.997175
2245,2,1522.307506
2245,3,1522.004548
2245,4,1520.970281
2245,5,1517.586446
2245,6,1511.375991
2245,7,1506.300783
2245,8,1505.611088
2245,9,1508.144063
2245,10,1513.175757
2245,11,1517.755282
2245,12,1520.418785
2246,1,1521.757275
2246,2,1522.061597
2246,3,1521.752838
2246,4,1520.71301
2246,5,1517.324038
2246,6,1511.108859
2246,7,1506.028755
2246,8,1505.333787
2246,9,1507.86165
2246,10,1512.888292
2246,11,1517.462873
2246,12,1520.121648
2247,1,1521.455473
2247,2,1521.755256
2247,3,1521.441951
2247,4,1520.397532
2247,5,1517.004043
2247,6,1510.784332
2247,7,1505.698986
2247,8,1504.997888
2247,9,1507.519413
2247,10,1512.53949
2247,11,1517.107427
2247,12,1519.759687
2248,1,1521.087056
2248,2,1521.380598
2248,3,1521.06122
2248,4,1520.010947
2248,5,1516.612043
2248,6,1510.387357
2248,7,1505.296814
2248,8,1504.590085
2248,9,1507.106174
2248,10,1512.120908
2248,11,1516.683664
2248,12,1519.331044
2249,1,1520.653677
2249,2,1520.942699
2249,3,1520.618886
2249,4,1519.564226
2249,5,1516.161139
2249,6,1509.932382
2249,7,1504.837085
2249,8,1504.124686
2249,9,1506.634931
2249,10,1511.643585
2249,11,1516.200154
2249,12,1518.841438
2250,1,1520.158067
2250,2,1520.441067
2250,3,1520.111231
2250,4,1519.050567
2250,5,1515.641678
2250,6,1509.407289
2250,7,1504.307063
2250,8,1503.590249
2250,9,1506.09607
2250,10,1511.100254
2250,11,1515.652446
2250,12,1518.289652
2251,1,1519.60259
2251,2,1519.882059
2251,3,1519.548954
2251,4,1518.485316
2251,5,1515.07393
2251,6,1508.837511
2251,7,1503.733924
2251,8,1503.012267
2251,9,1505.513577
2251,10,1510.513541
2251,11,1515.061912
2251,12,1517.695858
2252,1,1519.006201
2252,2,1519.283462
2252,3,1518.948647
2252,4,1517.883816
2252,5,1514.471888
2252,6,1508.235562
2252,7,1503.132241
2252,8,1502.410868
2252,9,1504.912857
2252,10,1509.913767
2252,11,1514.463343
2252,12,1517.098789
2253,1,1518.410772
2253,2,1518.689787
2253,3,1518.356702
2253,4,1517.293498
2253,5,1513.883136
2253,6,1507.648199
2253,7,1502.54551
2253,8,1501.823824
2253,9,1504.325085
2253,10,1509.324865
2253,11,1513.873045
2253,12,1516.507018
2254,1,1517.817463
2254,2,1518.094935
2254,3,1517.760332
2254,4,1516.695699
2254,5,1513.284183
2254,6,1507.048395
2254,7,1501.944715
2254,8,1501.221793
2254,9,1503.722048
2254,10,1508.720994
2254,11,1513.268579
2254,12,1515.902305
2255,1,1517.21279
2255,2,1517.490589
2255,3,1517.156549
2255,4,1516.092707
2255,5,1512.682327
2255,6,1506.447973
2255,7,1501.345505
2255,8,1500.623409
2255,9,1503.124563
2255,10,1508.124402
2255,11,1512.672918
2255,12,1515.30771
2256,1,1516.619307
2256,2,1516.898251
2256,3,1516.565317
2256,4,1515.502512
2256,5,1512.093199
2256,6,1505.859875
2256,7,1500.757851
2256,8,1500.035437
2256,9,1502.536018
2256,10,1507.534999
2256,11,1512.082477
2256,12,1514.716198
2257,1,1516.026656
2257,2,1516.304433
2257,3,1515.970284
2257,4,1514.906242
2257,5,1511.495821
2257,6,1505.261506
2257,7,1500.158099
2257,8,1499.433777
2257,9,1501.93246
2257,10,1506.929536
2257,11,1511.475216
2257,12,1514.107413
2258,1,1515.41659
2258,2,1515.693391
2258,3,1515.358555
2258,4,1514.294155
2258,5,1510.883872
2258,6,1504.650189
2258,7,1499.5474
2258,8,1498.823548
2258,9,1501.323028
2258,10,1506.3211
2258,11,1510.867979
2258,12,1513.501634
2259,1,1514.81239
2259,2,1515.090836
2259,3,1514.757588
2259,4,1513.694644
2259,5,1510.285745
2259,6,1504.053261
2259,7,1498.950853
2259,8,1498.226332
2259,9,1500.724655
2259,10,1505.721123
2259,11,1510.266131
2259,12,1512.897882
2260,1,1514.206732
2260,2,1514.483388
2260,3,1514.148518
2260,4,1513.084216
2260,5,1509.674461
2260,6,1503.44168
2260,7,1498.339062
2260,8,1497.614341
2260,9,1500.113
2260,10,1505.11019
2260,11,1509.656295
2260,12,1512.28956
2261,1,1513.600175
2261,2,1513.878777
2261,3,1513.545883
2261,4,1512.483496
2261,5,1509.075639
2261,6,1502.844601
2261,7,1497.742894
2261,8,1497.017985
2261,9,1499.515908
2261,10,1504.511841
2261,11,1509.056346
2261,12,1511.687897
2262,1,1512.996707
2262,2,1513.273524
2262,3,1512.938904
2262,4,1511.874941
2262,5,1508.465893
2262,6,1502.234099
2262,7,1497.131562
2262,8,1496.405664
2262,9,1498.903021
2262,10,1503.898685
2262,11,1508.443232
2262,12,1511.075209
2263,1,1512.384688
2263,2,1512.662364
2263,3,1512.328669
2263,4,1511.265625
2263,5,1507.857568
2263,6,1501.626717
2263,7,1496.5244
2263,8,1495.797745
2263,9,1498.293927
2263,10,1503.288017
2263,11,1507.830766
2263,12,1510.460955
2264,1,1511.76867
2264,2,1512.044711
2264,3,1511.709546
2264,4,1510.645282
2264,5,1507.236492
2264,6,1501.005439
2264,7,1495.902915
2264,8,1495.175952
2264,9,1497.672342
2264,10,1502.66702
2264,11,1507.210737
2264,12,1509.842335
2265,1,1511.151739
2265,2,1511.429677
2265,3,1511.096474
2265,4,1510.03415
2265,5,1506.627339
2265,6,1500.398171
2265,7,1495.296717
2265,8,1494.569732
2265,9,1497.065558
2265,10,1502.05913
2265,11,1506.601378
2265,12,1509.231378
2266,1,1510.539067
2266,2,1510.815272
2266,3,1510.48035
2266,4,1509.416405
2266,5,1506.00831
2266,6,1499.778231
2266,7,1494.675684
2266,8,1493.947315
2266,9,1496.442131
2266,10,1501.434975
2266,11,1505.976827
2266,12,1508.606872
2267,1,1509.91493
2267,2,1510.191798
2267,3,1509.857735
2267,4,1508.794799
2267,5,1505.387976
2267,6,1499.159343
2267,7,1494.057716
2267,8,1493.329504
2267,9,1495.824296
2267,10,1500.816881
2267,11,1505.358361
2267,12,1507.988101
2268,1,1509.295878
2268,2,1509.572525
2268,3,1509.238273
2268,4,1508.175208
2268,5,1504.7685
2268,6,1498.540203
2268,7,1493.438501
2268,8,1492.709629
2268,9,1495.203824
2268,10,1500.195813
2268,11,1504.736794
2268,12,1507.366293
2269,1,1508.67401
2269,2,1508.95079
2269,3,1508.616811
2269,4,1507.554157
2269,5,1504.148161
2269,6,1497.920828
2269,7,1492.81967
2269,8,1492.090724
2269,9,1494.584855
2269,10,1499.576716
2269,11,1504.117585
2269,12,1506.747133
2270,1,1508.054973
2270,2,1508.331944
2270,3,1507.998152
2270,4,1506.935669
2270,5,1503.529974
2270,6,1497.303008
2270,7,1492.20159
2270,8,1491.471538
2270,9,1493.964347
2270,10,1498.954628
2270,11,1503.493816
2270,12,1506.121801
2271,1,1507.42818
2271,2,1507.703855
2271,3,1507.368938
2271,4,1506.305555
2271,5,1502.899409
2271,6,1496.672446
2271,7,1491.570858
2271,8,1490.840315
2271,9,1493.333011
2271,10,1498.323481
2271,11,1502.863207
2271,12,1505.492187
2272,1,1506.799889
2272,2,1507.077166
2272,3,1506.744022
2272,4,1505.682528
2272,5,1502.278497
2272,6,1496.05377
2272,7,1490.953791
2272,8,1490.223967
2272,9,1492.717093
2272,10,1497.707623
2272,11,1502.247169
2272,12,1504.875926
2273,1,1506.183322
2273,2,1506.460244
2273,3,1506.126674
2273,4,1505.064714
2273,5,1501.660378
2273,6,1495.435487
2273,7,1490.334816
2273,8,1489.603596
2273,9,1492.09531
2273,10,1497.084366
2273,11,1501.622486
2273,12,1504.250049
2274,1,1505.556416
2274,2,1505.832491
2274,3,1505.498214
2274,4,1504.435699
2274,5,1501.031139
2274,6,1494.806318
2274,7,1489.705315
2274,8,1488.973162
2274,9,1491.464019
2274,10,1496.452232
2274,11,1500.98964
2274,12,1503.616796
2275,1,1504.923003
2275,2,1505.199176
2275,3,1504.865212
2275,4,1503.803237
2275,5,1500.399625
2275,6,1494.176118
2275,7,1489.076095
2275,8,1488.344387
2275,9,1490.835834
2275,10,1495.824708
2275,11,1500.362913
2275,12,1502.991133
2276,1,1504.298554
2276,2,1504.576051
2276,3,1504.243429
2276,4,1503.182769
2276,5,1499.780578
2276,6,1493.558506
2276,7,1488.459172
2276,8,1487.727153
2276,9,1490.217923
2276,10,1495.205666
2276,11,1499.742448
2276,12,1502.369193
2277,1,1503.675083
2277,2,1503.951063
2277,3,1503.616951
2277,4,1502.554901
2277,5,1499.151661
2277,6,1492.928896
2277,7,1487.828575
2277,8,1487.095129
2277,9,1489.58478
2277,10,1494.571686
2277,11,1499.107986
2277,12,1501.73473
2278,1,1503.040979
2278,2,1503.317629
2278,3,1502.984397
2278,4,1501.923389
2278,5,1498.52148
2278,6,1492.300236
2278,7,1487.200851
2278,8,1486.467491
2278,9,1488.957017
2278,10,1493.943479
2278,11,1498.479158
2278,12,1501.105334
2279,1,1502.411049
2279,2,1502.687252
2279,3,1502.353665
2279,4,1501.292448
2279,5,1497.890707
2279,6,1491.670011
2279,7,1486.57088
2279,8,1485.83732
2279,9,1488.326931
2279,10,1493.313735
2279,11,1497.850082
2279,12,1500.47736
2280,1,1501.784469
2280,2,1502.062291
2280,3,1501.730427
2280,4,1500.670969
2280,5,1497.271135
2280,6,1491.052371
2280,7,1485.9544
2280,8,1485.22094
2280,9,1487.710216
2280,10,1492.69612
2280,11,1497.231149
2280,12,1499.856951
2281,1,1501.162436
2281,2,1501.438569
2281,3,1501.104983
2281,4,1500.043855
2281,5,1496.642665
2281,6,1490.422892
2281,7,1485.323605
2281,8,1484.58839
2281,9,1487.076252
2281,10,1492.061083
2281,11,1496.595484
2281,12,1499.221225
2282,1,1500.527088
2282,2,1500.803977
2282,3,1500.471419
2282,4,1499.411535
2282,5,1496.011928
2282,6,1489.793966
2282,7,1484.695929
2282,8,1483.961122
2282,9,1486.449194
2282,10,1491.43391
2282,11,1495.967981
2282,12,1498.593393
2283,1,1499.898898
2283,2,1500.175436
2283,3,1499.842524
2283,4,1498.782326
2283,5,1495.382664
2283,6,1489.164896
2283,7,1484.066599
2283,8,1483.330903
2283,9,1485.818195
2283,10,1490.802208
2283,11,1495.335769
2283,12,1497.961023
2284,1,1499.266627
2284,2,1499.543495
2284,3,1499.211068
2284,4,1498.151491
2284,5,1494.752744
2284,6,1488.536108
2284,7,1483.438397
2284,8,1482.702495
2284,9,1485.189471
2284,10,1490.172963
2284,11,1494.705909
2284,12,1497.330673
2285,1,1498.63588
2285,2,1498.912476
2285,3,1498.579895
2285,4,1497.52032
2285,5,1494.121951
2285,6,1487.906059
2285,7,1482.808749
2285,8,1482.072726
2285,9,1484.559802
2285,10,1489.54358
2285,11,1494.077113
2285,12,1496.70289
2286,1,1498.009399
2286,2,1498.287525
2286,3,1497.956585
2286,4,1496.898705
2286,5,1493.502205
2286,6,1487.28824
2286,7,1482.192109
2286,8,1481.456234
2286,9,1483.943073
2286,10,1488.92609
2286,11,1493.458434
2286,12,1496.082841
2287,1,1497.387811
2287,2,1497.6643
2287,3,1497.331658
2287,4,1496.272091
2287,5,1492.874183
2287,6,1486.659116
2287,7,1481.56152
2287,8,1480.823677
2287,9,1483.308832
2287,10,1488.290457
2287,11,1492.821861
2287,12,1495.445934
2288,1,1496.751063
2288,2,1497.02816
2288,3,1496.696483
2288,4,1495.6382
2288,5,1492.242037
2288,6,1486.029083
2288,7,1480.93318
2288,8,1480.196345
2288,9,1482.682494
2288,10,1487.664985
2288,11,1492.197203
2288,12,1494.822209
2289,1,1496.128307
2289,2,1496.406391
2289,3,1496.07566
2289,4,1495.018273
2289,5,1491.623129
2289,6,1485.411253
2289,7,1480.315726
2289,8,1479.578332
2289,9,1482.063687
2289,10,1487.045066
2289,11,1491.575963
2289,12,1494.199655
2290,1,1495.504426
2290,2,1495.781212
2290,3,1495.44921
2290,4,1494.390631
2290,5,1490.994605
2290,6,1484.782153
2290,7,1479.685654
2290,8,1478.946718
2290,9,1481.430721
2290,10,1486.410913
2290,11,1490.94094
2290,12,1493.564257
2291,1,1494.869057
2291,2,1495.146244
2291,3,1494.814947
2291,4,1493.757354
2291,5,1490.362759
2291,6,1484.152109
2291,7,1479.057008
2291,8,1478.31882
2291,9,1480.803615
2291,10,1485.784544
2291,11,1490.315347
2291,12,1492.939637
2292,1,1494.24551
2292,2,1494.523836
2292,3,1494.19367
2292,4,1493.137176
2292,5,1489.743804
2292,6,1483.534422
2292,7,1478.439855
2292,8,1477.70122
2292,9,1480.185272
2292,10,1485.165063
2292,11,1489.694423
2292,12,1492.317191
2293,1,1493.621474
2293,2,1493.89822
2293,3,1493.566516
2293,4,1492.508612
2293,5,1489.114226
2293,6,1482.904258
2293,7,1477.80886
2293,8,1477.06901
2293,9,1479.552262
2293,10,1484.531678
2293,11,1489.061275
2293,12,1491.685049
2294,1,1492.990923
2294,2,1493.269722
2294,3,1492.94037
2294,4,1491.885004
2294,5,1488.49341
2294,6,1482.286322
2294,7,1477.193022
2294,8,1476.45415
2294,9,1478.93786
2294,10,1483.917024
2294,11,1488.445663
2294,12,1491.067972
2295,1,1492.371945
2295,2,1492.64855
2295,3,1492.316808
2295,4,1491.259008
2295,5,1487.865269
2295,6,1481.656418
2295,7,1476.561135
2295,8,1475.819981
2295,9,1478.301976
2295,10,1483.280065
2295,11,1487.808528
2295,12,1490.431757
2296,1,1491.737523
2296,2,1492.016621
2296,3,1491.68786
2296,4,1490.633367
2296,5,1487.243282
2296,6,1481.038215
2296,7,1475.945927
2296,8,1475.206592
2296,9,1477.689783
2296,10,1482.668205
2296,11,1487.19609
2296,12,1489.817976
2297,1,1491.12173
2297,2,1491.398323
2297,3,1491.0667
2297,4,1490.009174
2297,5,1486.616255
2297,6,1480.408685
2297,7,1475.313653
2297,8,1474.571296
2297,9,1477.052085
2297,10,1482.028839
2297,11,1486.556083
2297,12,1489.178616
2298,1,1490.484086
2298,2,1490.763279
2298,3,1490.434915
2298,4,1489.381134
2298,5,1485.992453
2298,6,1479.789387
2298,7,1474.698193
2298,8,1473.958607
2298,9,1476.441641
2298,10,1481.419863
2298,11,1485.947736
2298,12,1488.570147
2299,1,1489.874797
2299,2,1490.152617
2299,3,1489.822437
2299,4,1488.766555
2299,5,1485.375831
2299,6,1479.170881
2299,7,1474.077364
2299,8,1473.33495
2299,9,1475.815523
2299,10,1480.791734
2299,11,1485.318315
2299,12,1487.940438
2300,1,1489.253254
2300,2,1489.531718
2300,3,1489.202211
2300,4,1488.146997
2300,5,1484.7571
2300,6,1478.553064
2300,7,1473.459773
2300,8,1472.716654
2300,9,1475.196286
2300,10,1480.171226
2300,11,1484.696298
2300,12,1487.316861
2301,1,1488.620478
2301,2,1488.898044
2301,3,1488.568267
2301,4,1487.513378
2301,5,1484.124518
2301,6,1477.922113
2301,7,1472.830225
2301,8,1472.087992
2301,9,1474.568642
2301,10,1479.544592
2301,11,1484.070712
2301,12,1486.69248
2302,1,1487.99732
2302,2,1488.276054
2302,3,1487.947286
2302,4,1486.89326
2302,5,1483.505338
2302,6,1477.303929
2302,7,1472.212376
2302,8,1471.469626
2302,9,1473.949661
2302,10,1478.924859
2302,11,1483.450237
2302,12,1486.071493
2303,1,1487.376017
2303,2,1487.654655
2303,3,1487.325995
2303,4,1486.272284
2303,5,1482.885052
2303,6,1476.68464
2303,7,1471.59362
2303,8,1470.850701
2303,9,1473.330565
2303,10,1478.3055
2303,11,1482.830621
2303,12,1485.451792
2304,1,1486.75632
2304,2,1487.035025
2304,3,1486.706434
2304,4,1485.652805
2304,5,1482.265876
2304,6,1476.065959
2304,7,1470.974895
2304,8,1470.231196
2304,9,1472.710281
2304,10,1477.684388
2304,11,1482.208768
2304,12,1484.829494
2305,1,1486.133826
2305,2,1486.412599
2305,3,1486.084313
2305,4,1485.031225
2305,5,1481.645232
2305,6,1475.446567
2305,7,1470.356295
2305,8,1469.612674
2305,9,1472.091817
2305,10,1477.065859
2305,11,1481.590142
2305,12,1484.210893
2306,1,1485.515278
2306,2,1485.794098
2306,3,1485.465779
2306,4,1484.412589
2306,5,1481.026649
2306,6,1474.82818
2306,7,1469.737534
2306,8,1468.99279
2306,9,1471.470813
2306,10,1476.443709
2306,11,1480.96697
2306,12,1483.587051
2307,1,1484.891088
2307,2,1485.169913
2307,3,1484.841946
2307,4,1483.789465
2307,5,1480.404747
2307,6,1474.207931
2307,7,1469.118581
2307,8,1468.374524
2307,9,1470.853309
2307,10,1475.826933
2307,11,1480.350972
2307,12,1482.972032
2308,1,1484.277148
2308,2,1484.557111
2308,3,1484.230263
2308,4,1483.178861
2308,5,1479.795361
2308,6,1473.59984
2308,7,1468.511107
2308,8,1467.766757
2308,9,1470.245046
2308,10,1475.217892
2308,11,1479.740975
2308,12,1482.361079
2309,1,1483.665164
2309,2,1483.944003
2309,3,1483.615882
2309,4,1482.563082
2309,5,1479.178311
2309,6,1472.981675
2309,7,1467.891308
2309,8,1467.144662
2309,9,1469.620786
2309,10,1474.591604
2309,11,1479.112986
2309,12,1481.731978
2310,1,1483.035551
2310,2,1483.314546
2310,3,1482.987282
2310,4,1481.936072
2310,5,1478.553713
2310,6,1472.360139
2310,7,1467.272614
2310,8,1466.528249
2310,9,1469.006686
2310,10,1473.979658
2310,11,1478.503027
2310,12,1481.123904
2311,1,1482.429071
2311,2,1482.709241
2311,3,1482.382566
2311,4,1481.331291
2311,5,1477.948489
2311,6,1471.754172
2311,7,1466.664983
2311,8,1465.91794
2311,9,1468.39353
2311,10,1473.363537
2311,11,1477.884071
2311,12,1480.502551
2312,1,1481.805822
2312,2,1482.084717
2312,3,1481.75747
2312,4,1480.706422
2312,5,1477.32477
2312,6,1471.132368
2312,7,1466.045004
2312,8,1465.299367
2312,9,1467.776549
2312,10,1472.748157
2312,11,1477.270304
2312,12,1479.89049
2313,1,1481.195384
2313,2,1481.475702
2313,3,1481.149525
2313,4,1480.099113
2313,5,1476.717879
2313,6,1470.525702
2313,7,1465.437701
2313,8,1464.690421
2313,9,1467.165743
2313,10,1472.135278
2313,11,1476.655332
2313,12,1479.273662
2314,1,1480.576949
2314,2,1480.855975
2314,3,1480.528855
2314,4,1479.477919
2314,5,1476.096769
2314,6,1469.905213
2314,7,1464.817595
2314,8,1464.070218
2314,9,1466.545651
2314,10,1471.515409
2314,11,1476.035887
2314,12,1478.655002
2315,1,1479.959345
2315,2,1480.239664
2315,3,1479.914005
2315,4,1478.864678
2315,5,1475.485442
2315,6,1469.29602
2315,7,1464.209979
2315,8,1463.463367
2315,9,1465.939431
2315,10,1470.909582
2315,11,1475.430293
2315,12,1478.049635
2316,1,1479.354096
2316,2,1479.634383
2316,3,1479.308462
2316,4,1478.258619
2316,5,1474.87882
2316,6,1468.688805
2316,7,1463.601463
2316,8,1462.852695
2316,9,1465.326526
2316,10,1470.294363
2316,11,1474.812863
2316,12,1477.430347
2317,1,1478.733307
2317,2,1479.012511
2317,3,1478.685948
2317,4,1477.635972
2317,5,1474.256743
2317,6,1468.067899
2317,7,1462.981532
2317,8,1462.233267
2317,9,1464.707787
2317,10,1469.676375
2317,11,1474.195746
2317,12,1476.814353
2318,1,1478.118565
2318,2,1478.399089
2318,3,1478.073815
2318,4,1477.025049
2318,5,1473.647115
2318,6,1467.459619
2318,7,1462.373931
2318,8,1461.62548
2318,9,1464.099678
2318,10,1469.067758
2318,11,1473.58657
2318,12,1476.204771
2319,1,1477.508687
2319,2,1477.789036
2319,3,1477.463685
2319,4,1476.414965
2319,5,1473.037397
2319,6,1466.850538
2319,7,1461.765016
2319,8,1461.016041
2319,9,1463.489733
2319,10,1468.457255
2319,11,1472.975569
2319,12,1475.593517
2320,1,1476.897359
2320,2,1477.177802
2320,3,1476.852671
2320,4,1475.8043
2320,5,1472.427392
2320,6,1466.241451
2320,7,1461.156356
2320,8,1460.407093
2320,9,1462.880486
2320,10,1467.84762
2320,11,1472.365566
2320,12,1474.983343
2321,1,1476.287137
2321,2,1476.567645
2321,3,1476.242639
2321,4,1475.194453
2321,5,1471.817972
2321,6,1465.632661
2321,7,1460.547671
2321,8,1459.797785
2321,9,1462.270545
2321,10,1467.236978
2321,11,1471.754282
2321,12,1474.371672
2322,1,1475.675282
2322,2,1475.955812
2322,3,1475.631002
2322,4,1474.583205
2322,5,1471.207496
2322,6,1465.023273
2322,7,1459.938925
2322,8,1459.188995
2322,9,1461.66171
2322,10,1466.628004
2322,11,1471.145166
2322,12,1473.762571
2323,1,1475.066267
2323,2,1475.346921
2323,3,1475.02221
2323,4,1473.974465
2323,5,1470.598935
2323,6,1464.414994
2323,7,1459.330335
2323,8,1458.579322
2323,9,1461.050931
2323,10,1466.016064
2323,11,1470.532165
2323,12,1473.148832
2324,1,1474.452088
2324,2,1474.732634
2324,3,1474.40814
2324,4,1473.360986
2324,5,1469.986632
2324,6,1463.804377
2324,7,1458.721124
2324,8,1457.970971
2324,9,1460.443545
2324,10,1465.409632
2324,11,1469.926733
2324,12,1472.54458
2325,1,1473.849081
2325,2,1474.130877
2325,3,1473.807543
2325,4,1472.761413
2325,5,1469.388085
2325,6,1463.206814
2325,7,1458.123787
2325,8,1457.372912
2325,9,1459.844544
2325,10,1464.809422
2325,11,1469.325187
2325,12,1471.941776
2326,1,1473.245056
2326,2,1473.525684
2326,3,1473.201218
2326,4,1472.154019
2326,5,1468.779893
2326,6,1462.598075
2326,7,1457.514053
2326,8,1456.761552
2326,9,1459.231669
2326,10,1464.195105
2326,11,1468.709652
2326,12,1471.325465
2327,1,1472.628381
2327,2,1472.909086
2327,3,1472.585127
2327,4,1471.538907
2327,5,1468.166448
2327,6,1461.986902
2327,7,1456.904938
2327,8,1456.15398
2327,9,1458.625739
2327,10,1463.590762
2327,11,1468.106867
2327,12,1470.724304
2328,1,1472.028761
2328,2,1472.310826
2328,3,1471.98792
2328,4,1470.942362
2328,5,1467.570276
2328,6,1461.390773
2328,7,1456.307888
2328,8,1455.554935
2328,9,1458.024432
2328,10,1462.98696
2328,11,1467.500554
2328,12,1470.115753
2329,1,1471.418282
2329,2,1471.69883
2329,3,1471.374874
2329,4,1470.328847
2329,5,1466.957155
2329,6,1460.778877
2329,7,1455.697224
2329,8,1454.945191
2329,9,1457.415898
2329,10,1462.379757
2329,11,1466.894815
2329,12,1469.511691
2330,1,1470.815947
2330,2,1471.098162
2330,3,1470.775671
2330,4,1469.730811
2330,5,1466.36007
2330,6,1460.182448
2330,7,1455.100493
2330,8,1454.34707
2330,9,1456.816077
2330,10,1461.777942
2330,11,1466.290903
2330,12,1468.905846
2331,1,1470.208348
2331,2,1470.489062
2331,3,1470.165362
2331,4,1469.119672
2331,5,1465.748743
2331,6,1459.57157
2331,7,1454.489934
2331,8,1453.736445
2331,9,1456.205657
2331,10,1461.167883
2331,11,1465.681434
2331,12,1468.297331
2332,1,1469.601047
2332,2,1469.883183
2332,3,1469.561026
2332,4,1468.516961
2332,5,1465.147881
2332,6,1458.972695
2332,7,1453.892442
2332,8,1453.139499
2332,9,1455.609107
2332,10,1460.571496
2332,11,1465.085074
2332,12,1467.701032
2333,1,1469.004762
2333,2,1469.286844
2333,3,1468.964509
2333,4,1467.920132
2333,5,1464.550775
2333,6,1458.375296
2333,7,1453.294049
2333,8,1452.539253
2333,9,1455.006901
2333,10,1459.967209
2333,11,1464.478753
2333,12,1467.092958
2334,1,1468.39521
2334,2,1468.676135
2334,3,1468.352976
2334,4,1467.308169
2334,5,1463.939011
2334,6,1457.764353
2334,7,1452.683787
2334,8,1451.929266
2334,9,1454.397428
2334,10,1459.358365
2334,11,1463.870713
2334,12,1466.486027
2335,1,1467.789573
2335,2,1468.071919
2335,3,1467.75021
2335,4,1466.706835
2335,5,1463.33922
2335,6,1457.166124
2335,7,1452.086416
2335,8,1451.331858
2335,9,1453.799806
2335,10,1458.760308
2335,11,1463.272133
2335,12,1465.887039
2336,1,1467.190252
2336,2,1467.472353
2336,3,1467.15047
2336,4,1466.107017
2336,5,1462.739624
2336,6,1456.567023
2336,7,1451.487364
2336,8,1450.732194
2336,9,1453.199566
2336,10,1458.159456
2336,11,1462.670746
2336,12,1465.285376
2337,1,1466.588507
2337,2,1466.870712
2337,3,1466.549075
2337,4,1465.506017
2337,5,1462.139348
2337,6,1455.967753
2337,7,1450.888644
2337,8,1450.133342
2337,9,1452.600577
2337,10,1457.560243
2337,11,1462.071318
2337,12,1464.685905
2338,1,1465.989087
2338,2,1466.271414
2338,3,1465.949912
2338,4,1464.906991
2338,5,1461.540627
2338,6,1455.369441
2338,7,1450.290138
2338,8,1449.533864
2338,9,1452.000079
2338,10,1456.958647
2338,11,1461.468695
2338,12,1464.082546
2339,1,1465.385259
2339,2,1465.667412
2339,3,1465.346028
2339,4,1464.30356
2339,5,1460.938203
2339,6,1454.768568
2339,7,1449.690622
2339,8,1448.935238
2339,9,1451.402503
2339,10,1456.36215
2339,11,1460.873352
2339,12,1463.488547
2340,1,1464.792666
2340,2,1465.076217
2340,3,1464.756113
2340,4,1463.71475
2340,5,1460.350438
2340,6,1454.181678
2340,7,1449.103705
2340,8,1448.347239
2340,9,1450.813123
2340,10,1455.771083
2340,11,1460.280468
2340,12,1462.89396
2341,1,1464.19649
2341,2,1464.47862
2341,3,1464.157286
2341,4,1463.114951
2341,5,1459.750171
2341,6,1453.58146
2341,7,1448.503355
2341,8,1447.746324
2341,9,1450.211853
2341,10,1455.169555
2341,11,1459.678844
2341,12,1462.292532
2342,1,1463.595443
2342,2,1463.878085
2342,3,1463.557304
2342,4,1462.515523
2342,5,1459.15143
2342,6,1452.983446
2342,7,1447.905371
2342,8,1447.147505
2342,9,1449.612072
2342,10,1454.568669
2342,11,1459.076871
2342,12,1461.689721
2343,1,1462.99203
2343,2,1463.274347
2343,3,1462.953529
2343,4,1461.912053
2343,5,1458.548839
2343,6,1452.38231
2343,7,1447.305566
2343,8,1446.548631
2343,9,1449.014341
2343,10,1453.972145
2343,11,1458.48165
2343,12,1461.096001
2344,1,1462.399865
2344,2,1462.683707
2344,3,1462.364262
2344,4,1461.323934
2344,5,1457.961743
2344,6,1451.795986
2344,7,1446.718999
2344,8,1445.960667
2344,9,1448.424609
2344,10,1453.380302
2344,11,1457.887561
2344,12,1460.499806
2345,1,1461.801737
2345,2,1462.083909
2345,3,1461.76311
2345,4,1460.721846
2345,5,1457.359412
2345,6,1451.194156
2345,7,1446.117762
2345,8,1445.359842
2345,9,1447.824603
2345,10,1452.781353
2345,11,1457.289917
2345,12,1459.903793
2346,1,1461.207519
2346,2,1461.491539
2346,3,1461.172501
2346,4,1460.132814
2346,5,1456.771853
2346,6,1450.607818
2346,7,1445.531598
2346,8,1444.772639
2346,9,1447.235929
2346,10,1452.1908
2346,11,1456.697284
2346,12,1459.309148
2347,1,1460.610963
2347,2,1460.893259
2347,3,1460.572733
2347,4,1459.531897
2347,5,1456.170394
2347,6,1450.006473
2347,7,1444.930387
2347,8,1444.171349
2347,9,1446.634956
2347,10,1451.590402
2347,11,1456.097751
2347,12,1458.710877
2348,1,1460.014214
2348,2,1460.298209
2348,3,1459.979445
2348,4,1458.940362
2348,5,1455.580711
2348,6,1449.418618
2348,7,1444.343553
2348,8,1443.584525
2348,9,1446.047861
2348,10,1451.002732
2348,11,1455.509363
2348,12,1458.12185
2349,1,1459.424611
2349,2,1459.708134
2349,3,1459.389006
2349,4,1458.349719
2349,5,1454.99025
2349,6,1448.828724
2349,7,1443.753942
2349,8,1442.994696
2349,9,1445.457953
2349,10,1450.412773
2349,11,1454.919442
2349,12,1457.532191
2350,1,1458.835329
2350,2,1459.119291
2350,3,1458.800578
2350,4,1457.76164
2350,5,1454.402588
2350,6,1448.241453
2350,7,1443.166281
2350,8,1442.405665
2350,9,1444.867311
2350,10,1449.820276
2350,11,1454.325018
2350,12,1456.93601
2351,1,1458.237559
2351,2,1458.520156
2351,3,1458.200323
2351,4,1457.160578
2351,5,1453.801272
2351,6,1447.640452
2351,7,1442.565514
2351,8,1441.804849
2351,9,1444.26679
2351,10,1449.220262
2351,11,1453.725774
2351,12,1456.33791
2352,1,1457.640857
2352,2,1457.925034
2352,3,1457.60686
2352,4,1456.568797
2352,5,1453.21131
2352,6,1447.05234
2352,7,1441.978508
2352,8,1441.217974
2352,9,1443.679782
2352,10,1448.632826
2352,11,1453.137762
2352,12,1455.749388
2353,1,1457.051865
2353,2,1457.335641
2353,3,1457.017131
2353,4,1455.978837
2353,5,1452.62144
2353,6,1446.46287
2353,7,1441.389076
2353,8,1440.628026
2353,9,1443.089425
2353,10,1448.042079
2353,11,1452.546727
2353,12,1455.158323
2354,1,1456.460942
2354,2,1456.745002
2354,3,1456.42685
2354,4,1455.388975
2354,5,1452.032208
2354,6,1445.874411
2354,7,1440.800799
2354,8,1440.039125
2354,9,1442.499798
2354,10,1447.451592
2354,11,1451.955389
2354,12,1454.566352
2355,1,1455.868528
2355,2,1456.152362
2355,3,1455.834193
2355,4,1454.796548
2355,5,1451.44047
2355,6,1445.283806
2355,7,1440.2111
2355,8,1439.449911
2355,9,1441.911285
2355,10,1446.86387
2355,11,1451.368603
2355,12,1453.980765
2356,1,1455.284286
2356,2,1455.569546
2356,3,1455.252785
2356,4,1454.216479
2356,5,1450.861791
2356,6,1444.706466
2356,7,1439.634282
2356,8,1438.872552
2356,9,1441.333028
2356,10,1446.284343
2356,11,1450.787593
2356,12,1453.398289
2357,1,1454.700347
2357,2,1454.984191
2357,3,1454.666073
2357,4,1453.628523
2357,5,1450.272932
2357,6,1444.11705
2357,7,1439.044
2357,8,1438.280931
2357,9,1440.740278
2357,10,1445.690598
2357,11,1450.19309
2357,12,1452.803429
2358,1,1454.105464
2358,2,1454.389604
2358,3,1454.07205
2358,4,1453.035331
2358,5,1449.681005
2358,6,1443.526768
2358,7,1438.45503
2358,8,1437.692725
2358,9,1440.152931
2358,10,1445.1041
2358,11,1449.607497
2358,12,1452.218934
2359,1,1453.522157
2359,2,1453.807527
2359,3,1453.491163
2359,4,1452.455557
2359,5,1449.102406
2359,6,1442.949315
2359,7,1437.877952
2359,8,1437.115007
2359,9,1439.574248
2359,10,1444.524108
2359,11,1449.026011
2359,12,1451.63599
2360,1,1452.93778
2360,2,1453.221781
2360,3,1452.90412
2360,4,1451.867344
2360,5,1448.513371
2360,6,1442.359811
2360,7,1437.287675
2360,8,1436.523494
2360,9,1438.98172
2360,10,1443.930703
2360,11,1448.43196
2360,12,1451.041684
2361,1,1452.343531
2361,2,1452.627878
2361,3,1452.310796
2361,4,1451.274819
2361,5,1447.922026
2361,6,1441.769965
2361,7,1436.698928
2361,8,1435.935224
2361,9,1438.393965
2361,10,1443.343422
2361,11,1447.845207
2361,12,1450.455677
2362,1,1451.758414
2362,2,1452.043776
2362,3,1451.727778
2362,4,1450.692949
2362,5,1447.341531
2362,6,1441.191012
2362,7,1436.120971
2362,8,1435.357501
2362,9,1437.816373
2362,10,1442.765786
2362,11,1447.267452
2362,12,1449.877895
2363,1,1451.180628
2363,2,1451.465992
2363,3,1451.149956
2363,4,1450.115046
2363,5,1446.763669
2363,6,1440.613262
2363,7,1435.542695
2363,8,1434.777848
2363,9,1437.235174
2363,10,1442.182848
2363,11,1446.682737
2363,12,1449.291587
2364,1,1450.592896
2364,2,1450.877044
2364,3,1450.560007
2364,4,1449.524361
2364,5,1446.172736
2364,6,1440.022569
2364,7,1434.952077
2364,8,1434.186981
2364,9,1436.644421
2364,10,1441.592453
2364,11,1446.092994
2364,12,1448.702903
2365,1,1450.005561
2365,2,1450.29128
2365,3,1449.975935
2365,4,1448.942048
2365,5,1445.592366
2365,6,1439.444221
2365,7,1434.375072
2365,8,1433.610376
2365,9,1436.067906
2365,10,1441.015682
2365,11,1445.515765
2365,12,1448.125229
2366,1,1449.427428
2366,2,1449.712709
2366,3,1449.396941
2366,4,1448.362693
2366,5,1445.012921
2366,6,1438.86495
2366,7,1433.795581
2366,8,1433.030105
2366,9,1435.486988
2366,10,1440.434174
2366,11,1444.933814
2366,12,1447.543135
2367,1,1448.845414
2367,2,1449.130968
2367,3,1448.815611
2367,4,1447.781894
2367,5,1444.432932
2367,6,1438.285985
2367,7,1433.217137
2367,8,1432.451457
2367,9,1434.908063
2367,10,1439.854837
2367,11,1444.354046
2367,12,1446.963097
2368,1,1448.265214
2368,2,1448.550717
2368,3,1448.235386
2368,4,1447.201785
2368,5,1443.853211
2368,6,1437.706886
2368,7,1432.638207
2368,8,1431.872047
2368,9,1434.328198
2368,10,1439.274472
2368,11,1443.77324
2368,12,1446.382078
2369,1,1447.684146
2369,2,1447.96975
2369,3,1447.654625
2369,4,1446.621337
2369,5,1443.273351
2369,6,1437.12784
2369,7,1432.059501
2369,8,1431.292998
2369,9,1433.748785
2369,10,1438.694609
2369,11,1443.192948
2369,12,1445.801552
2370,1,1447.103521
2370,2,1447.389157
2370,3,1447.074153
2370,4,1446.041083
2370,5,1442.693586
2370,6,1436.548788
2370,7,1431.480698
2370,8,1430.713775
2370,9,1433.169138
2370,10,1438.11447
2370,11,1442.612355
2370,12,1445.220717
2371,1,1446.522595
2371,2,1446.808282
2371,3,1446.493433
2371,4,1445.460626
2371,5,1442.113673
2371,6,1435.969656
2371,7,1430.901887
2371,8,1430.134628
2371,9,1432.589657
2371,10,1437.534588
2371,11,1442.032108
2371,12,1444.640308
2372,1,1445.942158
2372,2,1446.22794
2372,3,1445.913261
2372,4,1444.880697
2372,5,1441.53423
2372,6,1435.390888
2372,7,1430.323287
2372,8,1429.555477
2372,9,1432.009896
2372,10,1436.954101
2372,11,1441.450907
2372,12,1444.0586
2373,1,1445.360117
2373,2,1445.645755
2373,3,1445.331103
2373,4,1444.298768
2373,5,1440.952925
2373,6,1434.810585
2373,7,1429.743694
2373,8,1428.976125
2373,9,1431.430998
2373,10,1436.375796
2373,11,1440.873391
2373,12,1443.482184
2374,1,1444.784997
2374,2,1445.072063
2374,3,1444.758878
2374,4,1443.727997
2374,5,1440.383713
2374,6,1434.242936
2374,7,1429.176868
2374,8,1428.409123
2374,9,1430.863429
2374,10,1435.80719
2374,11,1440.303438
2374,12,1442.91081
2375,1,1444.212125
2375,2,1444.497673
2375,3,1444.182969
2375,4,1443.150635
2375,5,1439.805198
2375,6,1433.663582
2375,7,1428.596362
2375,8,1427.827011
2375,9,1430.279977
2375,10,1435.222635
2375,11,1439.718104
2375,12,1442.325169
2376,1,1443.626566
2376,2,1443.912552
2376,3,1443.598579
2376,4,1442.56725
2376,5,1439.22324
2376,6,1433.083405
2376,7,1428.017607
2376,8,1427.249094
2376,9,1429.702949
2376,10,1434.646457
2376,11,1439.14281
2376,12,1441.750931
2377,1,1443.053461
2377,2,1443.340615
2377,3,1443.027771
2377,4,1441.997503
2377,5,1438.654622
2377,6,1432.515904
2377,7,1427.45049
2377,8,1426.681392
2377,9,1429.134317
2377,10,1434.076469
2377,11,1438.571205
2377,12,1441.177691
2378,1,1442.478585
2378,2,1442.764166
2378,3,1442.449846
2378,4,1441.418278
2378,5,1438.074519
2378,6,1431.935373
2378,7,1426.86937
2378,8,1426.099394
2378,9,1428.551882
2378,10,1433.494025
2378,11,1437.989236
2378,12,1440.596767
2379,1,1441.899136
2379,2,1442.186532
2379,3,1441.874246
2379,4,1440.844854
2379,5,1437.503502
2379,6,1431.366867
2379,7,1426.302712
2379,8,1425.533639
2379,9,1427.986658
2379,10,1432.928831
2379,11,1437.423702
2379,12,1440.030761
2380,1,1441.332524
2380,2,1441.619241
2380,3,1441.306221
2380,4,1440.27611
2380,5,1436.934289
2380,6,1430.797453
2380,7,1425.732741
2380,8,1424.962619
2380,9,1427.414816
2380,10,1432.35638
2380,11,1436.850943
2380,12,1439.458104
2381,1,1440.760264
2381,2,1441.047606
2381,3,1440.735342
2381,4,1439.706065
2381,5,1436.365267
2381,6,1430.229542
2381,7,1425.165288
2381,8,1424.394711
2381,9,1426.846136
2381,10,1431.786498
2381,11,1436.279558
2381,12,1438.885163
2382,1,1440.18573
2382,2,1440.471509
2382,3,1440.157752
2382,4,1439.127131
2382,5,1435.785385
2382,6,1429.64914
2382,7,1424.584187
2382,8,1423.812609
2382,9,1426.263461
2382,10,1431.203682
2382,11,1435.697127
2382,12,1438.303727
2383,1,1439.605755
2383,2,1439.89337
2383,3,1439.581698
2383,4,1438.55333
2383,5,1435.214093
2383,6,1429.080481
2383,7,1424.01752
2383,8,1423.247005
2383,9,1425.698562
2383,10,1430.638983
2383,11,1435.132217
2383,12,1437.738426
2384,1,1439.039888
2384,2,1439.326819
2384,3,1439.014366
2384,4,1437.985191
2384,5,1434.645354
2384,6,1428.511369
2384,7,1423.447642
2384,8,1422.675837
2384,9,1425.12629
2384,10,1430.065795
2384,11,1434.558422
2384,12,1437.164468
2385,1,1438.466111
2385,2,1438.75352
2385,3,1438.441762
2385,4,1437.413466
2385,5,1434.074821
2385,6,1427.942257
2385,7,1422.87946
2385,8,1422.107855
2385,9,1424.55839
2385,10,1429.497755
2385,11,1433.990109
2385,12,1436.595934
2386,1,1437.897369
2386,2,1438.184596
2386,3,1437.872664
2386,4,1436.844225
2386,5,1433.505659
2386,6,1427.373372
2386,7,1422.310391
2386,8,1421.537962
2386,9,1423.987704
2386,10,1428.926262
2386,11,1433.417915
2386,12,1436.023322
2387,1,1437.324567
2387,2,1437.611833
2387,3,1437.300134
2387,4,1436.272133
2387,5,1432.934387
2387,6,1426.803261
2387,7,1421.741113
2387,8,1420.968993
2387,9,1423.419177
2387,10,1428.358252
2387,11,1432.850595
2387,12,1435.456994
2388,1,1436.759428
2388,2,1437.048022
2388,3,1436.737705
2388,4,1435.711097
2388,5,1432.374877
2388,6,1426.24532
2388,7,1421.184057
2388,8,1420.411893
2388,9,1422.861705
2388,10,1427.799969
2388,11,1432.291141
2388,12,1434.896227
2389,1,1436.197211
2389,2,1436.484279
2389,3,1436.172387
2389,4,1435.144227
2389,5,1431.806711
2389,6,1425.676138
2389,7,1420.613527
2389,8,1419.839554
2389,9,1422.287807
2389,10,1427.224767
2389,11,1431.715043
2389,12,1434.31979
2390,1,1435.620896
2390,2,1435.908501
2390,3,1435.597481
2390,4,1434.570496
2390,5,1431.234589
2390,6,1425.105973
2390,7,1420.044957
2390,8,1419.271977
2390,9,1421.721231
2390,10,1426.659096
2390,11,1431.150251
2390,12,1433.755995
2391,1,1435.058136
2391,2,1435.346786
2391,3,1435.036762
2391,4,1434.010705
2391,5,1430.675808
2391,6,1424.548218
2391,7,1419.487548
2391,8,1418.714016
2391,9,1421.162444
2391,10,1426.099125
2391,11,1430.588828
2391,12,1433.193064
2392,1,1434.493654
2392,2,1434.780776
2392,3,1434.469283
2392,4,1433.441894
2392,5,1430.106043
2392,6,1423.977907
2392,7,1418.916499
2392,8,1418.141914
2392,9,1420.589691
2392,10,1425.526135
2392,11,1430.016181
2392,12,1432.621465
2393,1,1433.923639
2393,2,1434.212762
2393,3,1433.903532
2393,4,1432.878564
2393,5,1429.545346
2393,6,1423.4199
2393,7,1418.360452
2393,8,1417.586787
2393,9,1420.034978
2393,10,1424.971151
2393,11,1429.460244
2393,12,1432.064086
2394,1,1433.364406
2394,2,1433.651391
2394,3,1433.339837
2394,4,1432.312499
2394,5,1428.977171
2394,6,1422.849966
2394,7,1417.788575
2394,8,1417.012723
2394,9,1419.459262
2394,10,1424.394392
2394,11,1428.883285
2394,12,1431.487935
2395,1,1432.789878
2395,2,1433.079152
2395,3,1432.770375
2395,4,1431.746165
2395,5,1428.414343
2395,6,1422.290839
2395,7,1417.232529
2395,8,1416.458804
2395,9,1418.907016
2395,10,1423.843162
2395,11,1428.332378
2395,12,1430.9368
2396,1,1432.238014
2396,2,1432.52617
2396,3,1432.215964
2396,4,1431.19014
2396,5,1427.856805
2396,6,1421.731962
2396,7,1416.671938
2396,8,1415.896044
2396,9,1418.342395
2396,10,1423.27704
2396,11,1427.765339
2396,12,1430.36963
2397,1,1431.671342
2397,2,1431.960513
2397,3,1431.65169
2397,4,1430.627513
2397,5,1427.296149
2397,6,1421.173449
2397,7,1416.114962
2397,8,1415.339695
2397,9,1417.786295
2397,10,1422.720642
2397,11,1427.208089
2397,12,1429.811103
2398,1,1431.111161
2398,2,1431.398418
2398,3,1431.087505
2398,4,1430.061193
2398,5,1426.727939
2398,6,1420.603674
2398,7,1415.543404
2398,8,1414.766064
2398,9,1417.211063
2398,10,1422.144344
2398,11,1426.631488
2398,12,1429.235187
2399,1,1430.536753
2399,2,1430.826196
2399,3,1430.517973
2399,4,1429.49472
2399,5,1426.164927
2399,6,1420.044344
2399,7,1414.987172
2399,8,1414.212012
2399,9,1416.658778
2399,10,1421.593211
2399,11,1426.08086
2399,12,1428.684495
2400,1,1429.985417
2400,2,1430.274162
2400,3,1429.964767
2400,4,1428.939981
2400,5,1425.608589
2400,6,1419.486428
2400,7,1414.427164
2400,8,1413.649334
2400,9,1416.093618
2400,10,1421.025827
2400,11,1425.511742
2400,12,1428.11441
2401,1,1429.415141
2401,2,1429.704058
2401,3,1429.395661
2401,4,1428.372629
2401,5,1425.043784
2401,6,1418.924788
2401,7,1413.86851
2401,8,1413.09316
2401,9,1415.539926
2401,10,1420.474424
2401,11,1424.962406
2401,12,1427.566955
2402,1,1428.869191
2402,2,1429.1591
2402,3,1428.85103
2402,4,1427.827711
2402,5,1424.498247
2402,6,1418.378376
2402,7,1413.320421
2402,8,1412.542515
2402,9,1414.986603
2402,10,1419.918355
2402,11,1424.403747
2402,12,1427.006146
2403,1,1428.306731
2403,2,1428.595602
2403,3,1428.287174
2403,4,1427.264159
2403,5,1423.935729
2403,6,1417.817475
2403,7,1412.760949
2403,8,1411.983991
2403,9,1414.429076
2403,10,1419.36171
2403,11,1423.847867
2403,12,1426.450977
2404,1,1427.75206
2404,2,1428.041103
2404,3,1427.732387
2404,4,1426.708648
2404,5,1423.379333
2404,6,1417.260102
2404,7,1412.201961
2404,8,1411.422666
2404,9,1413.865442
2404,10,1418.795847
2404,11,1423.280071
2404,12,1425.881822
2405,1,1427.182175
2405,2,1427.471226
2405,3,1427.163326
2405,4,1426.141209
2405,5,1422.814357
2405,6,1416.698251
2405,7,1411.643097
2405,8,1410.86632
2405,9,1413.311645
2405,10,1418.244429
2405,11,1422.730827
2405,12,1425.334578
2406,1,1426.636562
2406,2,1426.926731
2406,3,1426.619263
2406,4,1425.596872
2406,5,1422.269327
2406,6,1416.152202
2406,7,1411.095173
2406,8,1410.315606
2406,9,1412.757992
2406,10,1417.687759
2406,11,1422.171301
2406,12,1424.772653
2407,1,1426.072772
2407,2,1426.361736
2407,3,1426.053817
2407,4,1425.031785
2407,5,1421.705477
2407,6,1415.590311
2407,7,1410.535192
2407,8,1409.757181
2407,9,1412.201289
2407,10,1417.132772
2407,11,1421.618012
2407,12,1424.221099
2408,1,1425.522819
2408,2,1425.813133
2408,3,1425.506164
2408,4,1424.484625
2408,5,1421.158578
2408,6,1415.04347
2408,7,1409.987622
2408,8,1409.207976
2408,9,1411.650248
2408,10,1416.579707
2408,11,1421.062911
2408,12,1423.664188
2409,1,1424.964343
2409,2,1425.253402
2409,3,1424.945525
2409,4,1423.923481
2409,5,1420.597486
2409,6,1414.482923
2409,7,1409.427427
2409,8,1408.647725
2409,9,1411.090144
2409,10,1416.019864
2409,11,1420.503525
2409,12,1423.105595
2410,1,1424.406798
2410,2,1424.697132
2410,3,1424.390693
2410,4,1423.370233
2410,5,1420.046099
2410,6,1413.933594
2410,7,1408.879659
2410,8,1408.100791
2410,9,1410.543908
2410,10,1415.474096
2410,11,1419.958055
2410,12,1422.560384
2411,1,1423.86171
2411,2,1424.151988
2411,3,1423.84524
2411,4,1422.824198
2411,5,1419.499413
2411,6,1413.386211
2411,7,1408.330942
2411,8,1407.549975
2411,9,1409.990927
2411,10,1414.918882
2411,11,1419.400712
2411,12,1422.001243
2412,1,1423.301113
2412,2,1423.590334
2412,3,1423.282956
2412,4,1422.26177
2412,5,1418.937479
2412,6,1412.825314
2412,7,1407.770922
2412,8,1406.990431
2412,9,1409.432036
2412,10,1414.360712
2412,11,1418.843384
2412,12,1421.444991
2413,1,1422.746066
2413,2,1423.036567
2413,3,1422.730455
2413,4,1421.710483
2413,5,1418.387505
2413,6,1412.276719
2413,7,1407.223123
2413,8,1406.442663
2413,9,1408.88417
2413,10,1413.812566
2413,11,1418.294885
2413,12,1420.896239
2414,1,1422.197111
2414,2,1422.487462
2414,3,1422.181222
2414,4,1421.161158
2414,5,1417.8383
2414,6,1411.727822
2414,7,1406.674081
2414,8,1405.892849
2414,9,1408.333601
2414,10,1413.261215
2414,11,1417.742843
2414,12,1420.343776
2415,1,1421.644459
2415,2,1421.934861
2415,3,1421.628893
2415,4,1420.60934
2415,5,1417.287389
2415,6,1411.178135
2415,7,1406.125246
2415,8,1405.344267
2415,9,1407.785262
2415,10,1412.713012
2415,11,1417.194733
2415,12,1419.795844
2416,1,1421.096697
2416,2,1421.387218
2416,3,1421.081243
2416,4,1420.061529
2416,5,1416.739428
2416,6,1410.630048
2416,7,1405.576465
2416,8,1404.79409
2416,9,1407.233674
2416,10,1412.159995
2416,11,1416.640431
2416,12,1419.240623
2417,1,1420.540924
2417,2,1420.831314
2417,3,1420.52565
2417,4,1419.506754
2417,5,1416.186151
2417,6,1410.078833
2417,7,1405.027142
2417,8,1404.246217
2417,9,1406.68735
2417,10,1411.615179
2417,11,1416.097098
2417,12,1418.69883
2418,1,1420.000591
2418,2,1420.292271
2418,3,1419.987609
2418,4,1418.969347
2418,5,1415.649139
2418,6,1409.541994
2418,7,1404.489676
2418,8,1403.707206
2418,9,1406.146574
2418,10,1411.072428
2418,11,1415.55234
2418,12,1418.152267
2419,1,1419.45244
2419,2,1419.742819
2419,3,1419.437176
2419,4,1418.418333
2419,5,1415.09815
2419,6,1408.991554
2419,7,1403.939601
2419,8,1403.157067
2419,9,1405.596509
2419,10,1410.52246
2419,11,1415.002534
2419,12,1417.602797
2420,1,1418.903368
2420,2,1419.194142
2420,3,1418.8888
2420,4,1417.870113
2420,5,1414.550066
2420,6,1408.443586
2420,7,1403.391138
2420,8,1402.607369
2420,9,1405.045519
2420,10,1409.970118
2420,11,1414.448942
2420,12,1417.048279
2421,1,1418.348252
2421,2,1418.638809
2421,3,1418.333653
2421,4,1417.315621
2421,5,1413.996903
2421,6,1407.892334
2421,7,1402.841651
2421,8,1402.059229
2421,9,1404.498849
2421,10,1409.424901
2421,11,1413.905181
2421,12,1416.506057
2422,1,1417.807515
2422,2,1418.099418
2422,3,1417.79535
2422,4,1416.778071
2422,5,1413.459869
2422,6,1407.355566
2422,7,1402.304326
2422,8,1401.520407
2422,9,1403.958286
2422,10,1408.882367
2422,11,1413.360619
2422,12,1415.959647
2423,1,1417.259455
2423,2,1417.549973
2423,3,1417.244821
2423,4,1416.226839
2423,5,1412.908544
2423,6,1406.804716
2423,7,1401.753833
2423,8,1400.969929
2423,9,1403.408062
2423,10,1408.332537
2423,11,1412.811388
2423,12,1415.411344
2424,1,1416.712313
2424,2,1417.004184
2424,3,1416.7005
2424,4,1415.68407
2424,5,1412.367537
2424,6,1406.265611
2424,7,1401.216105
2424,8,1400.432841
2424,9,1402.871478
2424,10,1407.796237
2424,11,1412.275232
2424,12,1414.875332
2425,1,1416.17637
2425,2,1416.468205
2425,3,1416.164324
2425,4,1415.147518
2425,5,1411.830573
2425,6,1405.728177
2425,7,1400.677552
2425,8,1399.892391
2425,9,1402.329029
2425,10,1407.251688
2425,11,1411.728639
2425,12,1414.326972
2426,1,1415.626522
2426,2,1415.917201
2426,3,1415.612516
2426,4,1414.595324
2426,5,1411.278628
2426,6,1405.177083
2426,7,1400.127217
2426,8,1399.342475
2426,9,1401.779758
2426,10,1406.703169
2426,11,1411.181026
2426,12,1413.780522
2427,1,1415.081383
2427,2,1415.373456
2427,3,1415.070159
2427,4,1414.054296
2427,5,1410.738977
2427,6,1404.63879
2427,7,1399.589639
2427,8,1398.804807
2427,9,1401.241834
2427,10,1406.164791
2427,11,1410.642116
2427,12,1413.241192
2428,1,1414.541711
2428,2,1414.833539
2428,3,1414.530081
2428,4,1413.514171
2428,5,1410.199106
2428,6,1404.099446
2428,7,1399.050443
2428,8,1398.265187
2428,9,1400.701826
2428,10,1405.62436
2428,11,1410.101323
2428,12,1412.700247
2429,1,1414.00076
2429,2,1414.292716
2429,3,1413.989472
2429,4,1412.973861
2429,5,1409.659332
2429,6,1403.560396
2429,7,1398.511668
2429,8,1397.726049
2429,9,1400.162306
2429,10,1405.084381
2429,11,1409.56091
2429,12,1412.159589
2430,1,1413.459992
2430,2,1413.751969
2430,3,1413.448843
2430,4,1412.433452
2430,5,1409.119411
2430,6,1403.02119
2430,7,1397.972758
2430,8,1397.186823
2430,9,1399.622764
2430,10,1404.544458
2430,11,1409.020634
2430,12,1411.619145
2431,1,1412.919505
2431,2,1413.211552
2431,3,1412.908567
2431,4,1411.89339
2431,5,1408.57979
2431,6,1402.482194
2431,7,1397.433932
2431,8,1396.647534
2431,9,1399.082996
2431,10,1404.004144
2431,11,1408.479814
2431,12,1411.078023
2432,1,1412.378236
2432,2,1412.670294
2432,3,1412.367444
2432,4,1411.352541
2432,5,1408.039518
2432,6,1401.942767
2432,7,1396.894967
2432,8,1396.108442
2432,9,1398.543788
2432,10,1403.46475
2432,11,1407.940249
2432,12,1410.538444
2433,1,1411.838728
2433,2,1412.130917
2433,3,1411.828207
2433,4,1410.813438
2433,5,1407.500689
2433,6,1401.404294
2433,7,1396.356311
2433,8,1395.568911
2433,9,1398.003337
2433,10,1402.923311
2433,11,1407.397884
2433,12,1409.995413
2434,1,1411.295269
2434,2,1411.587296
2434,3,1411.284688
2434,4,1410.270324
2434,5,1406.95848
2434,6,1400.863478
2434,7,1395.816719
2434,8,1395.030133
2434,9,1397.465521
2434,10,1402.386489
2434,11,1406.862133
2434,12,1409.460913
2435,1,1410.76209
2435,2,1411.055447
2435,3,1410.754086
2435,4,1409.740836
2435,5,1406.430077
2435,6,1400.336037
2435,7,1395.289475
2435,8,1394.50217
2435,9,1396.936572
2435,10,1401.856268
2435,11,1406.330489
2435,12,1408.927893
2436,1,1410.227726
2436,2,1410.519802
2436,3,1410.217224
2436,4,1409.202865
2436,5,1405.891302
2436,6,1399.796762
2436,7,1394.749388
2436,8,1393.960787
2436,9,1396.39403
2436,10,1401.312653
2436,11,1405.786001
2436,12,1408.3829
2437,1,1409.682551
2437,2,1409.974775
2437,3,1409.672647
2437,4,1408.659058
2437,5,1405.348756
2437,6,1399.255935
2437,7,1394.21009
2437,8,1393.422583
2437,9,1395.857035
2437,10,1400.776861
2437,11,1405.251443
2437,12,1407.849707
2438,1,1409.150736
2438,2,1409.444284
2438,3,1409.14333
2438,4,1408.130706
2438,5,1404.82126
2438,6,1398.729084
2438,7,1393.683018
2438,8,1392.894301
2438,9,1395.327235
2438,10,1400.24525
2438,11,1404.717899
2438,12,1407.314339
2439,1,1408.613673
2439,2,1408.905721
2439,3,1408.603498
2439,4,1407.589916
2439,5,1404.280053
2439,6,1398.188035
2439,7,1393.142107
2439,8,1392.353286
2439,9,1394.786433
2439,10,1399.704867
2439,11,1404.178189
2439,12,1406.775664
2440,1,1408.07629
2440,2,1408.36983
2440,3,1408.069212
2440,4,1407.057303
2440,5,1403.749289
2440,6,1397.659204
2440,7,1392.61462
2440,8,1391.826359
2440,9,1394.259884
2440,10,1399.178454
2440,11,1403.651763
2440,12,1406.249232
2441,1,1407.549799
2441,2,1407.843219
2441,3,1407.542377
2441,4,1406.530144
2441,5,1403.221861
2441,6,1397.131516
2441,7,1392.086052
2441,8,1391.29614
2441,9,1393.727901
2441,10,1398.644578
2441,11,1403.116015
2441,12,1405.711837
2442,1,1407.010976
2442,2,1407.303226
2442,3,1407.001487
2442,4,1405.988679
2442,5,1402.680352
2442,6,1396.590501
2442,7,1391.545471
2442,8,1390.755723
2442,9,1393.187926
2442,10,1398.105213
2442,11,1402.577467
2442,12,1405.17442
2443,1,1406.474891
2443,2,1406.768615
2443,3,1406.4684
2443,4,1405.457116
2443,5,1402.150417
2443,6,1396.062201
2443,7,1391.018134
2443,8,1390.228494
2443,9,1392.660585
2443,10,1397.577508
2443,11,1402.049276
2443,12,1404.645803
2444,1,1405.945885
2444,2,1406.23928
2444,3,1405.938786
2444,4,1404.92731
2444,5,1401.620689
2444,6,1395.532813
2444,7,1390.488741
2444,8,1389.698572
2444,9,1392.130202
2444,10,1397.046664
2444,11,1401.518056
2444,12,1404.114441
2445,1,1405.414549
2445,2,1405.708118
2445,3,1405.407902
2445,4,1404.3968
2445,5,1401.090797
2445,6,1395.00373
2445,7,1389.960019
2445,8,1389.169573
2445,9,1391.600896
2445,10,1396.51696
2445,11,1400.987965
2445,12,1403.584132
2446,1,1404.884137
2446,2,1405.177717
2446,3,1404.877587
2446,4,1403.866654
2446,5,1400.561064
2446,6,1394.474613
2446,7,1389.431093
2446,8,1388.640231
2446,9,1391.071134
2446,10,1395.98672
2446,11,1400.457284
2446,12,1403.053208
2447,1,1404.353114
2447,2,1404.646733
2447,3,1404.346747
2447,4,1403.336068
2447,5,1400.031001
2447,6,1393.945303
2447,7,1388.902139
2447,8,1388.111048
2447,9,1390.541731
2447,10,1395.457034
2447,11,1399.927342
2447,12,1402.52318
2448,1,1403.823108
2448,2,1404.11684
2448,3,1403.817009
2448,4,1402.806522
2448,5,1399.501833
2448,6,1393.416645
2448,7,1388.373486
2448,8,1387.581712
2448,9,1390.011651
2448,10,1394.92612
2448,11,1399.395628
2448,12,1401.990887
2449,1,1403.29043
2449,2,1403.583993
2449,3,1403.284203
2449,4,1402.273999
2449,5,1398.97002
2449,6,1392.885958
2449,7,1387.843742
2449,8,1387.052551
2449,9,1389.483271
2449,10,1394.398602
2449,11,1398.869098
2449,12,1401.465573
2450,1,1402.766449
2450,2,1403.061401
2450,3,1402.762966
2450,4,1401.754033
2450,5,1398.451343
2450,6,1392.368493
2450,7,1387.326729
2450,8,1386.535015
2450,9,1388.964869
2450,10,1393.878983
2450,11,1398.348056
2450,12,1400.943105
2451,1,1402.242548
2451,2,1402.536102
2451,3,1402.236316
2451,4,1401.226133
2451,5,1397.922498
2451,6,1391.839017
2451,7,1386.796358
2451,8,1386.003343
2451,9,1388.432091
2451,10,1393.345234
2451,11,1397.81356
2451,12,1400.408241
2452,1,1401.707635
2452,2,1402.001449
2452,3,1401.702189
2452,4,1400.6928
2452,5,1397.390379
2452,6,1391.308487
2452,7,1386.267162
2452,8,1385.475035
2452,9,1387.904787
2452,10,1392.818941
2452,11,1397.288334
2452,12,1399.884243
2453,1,1401.184923
2453,2,1401.480024
2453,3,1401.181968
2453,4,1400.173654
2453,5,1396.872287
2453,6,1390.791336
2453,7,1385.750167
2453,8,1384.957186
2453,9,1387.385708
2453,10,1392.298269
2453,11,1396.765878
2453,12,1399.360039
2454,1,1400.659027
2454,2,1400.95256
2454,3,1400.653094
2454,4,1399.64361
2454,5,1396.34154
2454,6,1390.260387
2454,7,1385.218966
2454,8,1384.425567
2454,9,1386.854092
2454,10,1391.766957
2454,11,1396.235205
2454,12,1398.830437
2455,1,1400.130808
2455,2,1400.425972
2455,3,1400.128286
2455,4,1399.120673
2455,5,1395.820661
2455,6,1389.74165
2455,7,1384.70177
2455,8,1383.90907
2455,9,1386.33803
2455,10,1391.25102
2455,11,1395.71919
2455,12,1398.314309
2456,1,1399.614493
2456,2,1399.909398
2456,3,1399.61136
2456,4,1398.603318
2456,5,1395.302969
2456,6,1389.223685
2456,7,1384.182985
2456,8,1383.38875
2456,9,1385.816077
2456,10,1390.727315
2456,11,1395.193749
2456,12,1397.787341
2457,1,1399.086189
2457,2,1399.379983
2457,3,1399.081059
2457,4,1398.0724
2457,5,1394.771895
2457,6,1388.692913
2457,7,1383.652392
2457,8,1382.858065
2457,9,1385.285629
2457,10,1390.19732
2457,11,1394.664466
2457,12,1397.259129
2458,1,1398.559298
2458,2,1398.854602
2458,3,1398.557286
2458,4,1397.550282
2458,5,1394.251581
2458,6,1388.174456
2458,7,1383.135169
2458,8,1382.341216
2458,9,1384.768865
2458,10,1389.680325
2458,11,1394.147054
2458,12,1396.741304
2459,1,1398.041046
2459,2,1398.335937
2459,3,1398.038222
2459,4,1397.030873
2459,5,1393.732071
2459,6,1387.655085
2459,7,1382.615592
2459,8,1381.820941
2459,9,1384.248015
2459,10,1389.158952
2459,11,1393.625289
2459,12,1396.219416
2460,1,1397.519233
2460,2,1397.814372
2460,3,1397.517027
2460,4,1396.510156
2460,5,1393.212079
2460,6,1387.136007
2460,7,1382.096979
2460,8,1381.302149
2460,9,1383.728979
2460,10,1388.639552
2460,11,1393.105509
2460,12,1395.699399
2461,1,1396.999075
2461,2,1397.294172
2461,3,1396.996851
2461,4,1395.990084
2461,5,1392.692351
2461,6,1386.616828
2461,7,1381.577944
2461,8,1380.782677
2461,9,1383.209087
2461,10,1388.119199
2461,11,1392.584745
2461,12,1395.178427
2462,1,1396.478042
2462,2,1396.773216
2462,3,1396.47607
2462,4,1395.46958
2462,5,1392.172377
2462,6,1386.097596
2462,7,1381.059044
2462,8,1380.263516
2462,9,1382.68966
2462,10,1387.59944
2462,11,1392.064677
2462,12,1394.658223
2463,1,1395.957814
2463,2,1396.253065
2463,3,1395.956057
2463,4,1394.949763
2463,5,1391.652964
2463,6,1385.578749
2463,7,1380.540302
2463,8,1379.744233
2463,9,1382.169777
2463,10,1387.078854
2463,11,1391.543405
2463,12,1394.136458
2464,1,1395.435721
2464,2,1395.730825
2464,3,1395.433839
2464,4,1394.427764
2464,5,1391.131561
2464,6,1385.0583
2464,7,1380.020574
2464,8,1379.224834
2464,9,1381.650928
2464,10,1386.56069
2464,11,1391.026104
2464,12,1393.620298
2465,1,1394.92087
2465,2,1395.21739
2465,3,1394.921837
2465,4,1393.917162
2465,5,1390.622425
2465,6,1384.550602
2465,7,1379.513614
2465,8,1378.717678
2465,9,1381.14318
2465,10,1386.051907
2465,11,1390.515994
2465,12,1393.108781
2466,1,1394.407872
2466,2,1394.702888
2466,3,1394.405833
2466,4,1393.399719
2466,5,1390.103819
2466,6,1384.031129
2466,7,1378.993013
2466,8,1378.195565
2466,9,1380.619819
2466,10,1385.527521
2466,11,1389.990883
2466,12,1392.583379
2467,1,1393.882537
2467,2,1394.177955
2467,3,1393.881577
2467,4,1392.876401
2467,5,1389.581835
2467,6,1383.510812
2467,7,1378.474062
2467,8,1377.677481
2467,9,1380.102668
2467,10,1385.011286
2467,11,1389.475608
2467,12,1392.069218
2468,1,1393.369555
2468,2,1393.666171
2468,3,1393.370936
2468,4,1392.366816
2468,5,1389.07333
2468,6,1383.003336
2468,7,1377.96691
2468,8,1377.16973
2468,9,1379.593945
2468,10,1384.501162
2468,11,1388.963818
2468,12,1391.555733
2469,1,1392.85437
2469,2,1393.149356
2469,3,1392.852604
2469,4,1391.847163
2469,5,1388.552788
2469,6,1382.482374
2469,7,1377.445465
2469,8,1376.647638
2469,9,1379.071709
2469,10,1383.979258
2469,11,1388.442728
2469,12,1391.035989
2470,1,1392.336349
2470,2,1392.633322
2470,3,1392.338684
2470,4,1391.335386
2470,5,1388.043231
2470,6,1381.974972
2470,7,1376.939437
2470,8,1376.14192
2470,9,1378.565721
2470,10,1383.472304
2470,11,1387.934293
2470,12,1390.525821
2471,1,1391.824254
2471,2,1392.119212
2471,3,1391.822547
2471,4,1390.817326
2471,5,1387.523616
2471,6,1381.454242
2471,7,1376.417531
2471,8,1375.618711
2471,9,1378.041778
2471,10,1382.948214
2471,11,1387.410672
2471,12,1390.003336
2472,1,1391.303414
2472,2,1391.600419
2472,3,1391.306063
2472,4,1390.303316
2472,5,1387.012297
2472,6,1380.945687
2472,7,1375.911099
2472,8,1375.11348
2472,9,1377.537308
2472,10,1382.443929
2472,11,1386.906124
2472,12,1389.498304
2473,1,1390.797698
2473,2,1391.093887
2473,3,1390.798623
2473,4,1389.794952
2473,5,1386.503221
2473,6,1380.436144
2473,7,1375.400802
2473,8,1374.602033
2473,9,1377.024976
2473,10,1381.930981
2473,11,1386.392898
2473,12,1388.985226
2474,1,1390.285076
2474,2,1390.581958
2474,3,1390.287523
2474,4,1389.284759
2474,5,1385.9941
2474,6,1379.928157
2474,7,1374.893333
2474,8,1374.094226
2474,9,1376.516494
2474,10,1381.421371
2474,11,1385.881834
2474,12,1388.47261
2475,1,1389.770839
2475,2,1390.066106
2475,3,1389.770107
2475,4,1388.765915
2475,5,1385.474197
2475,6,1379.407604
2475,7,1374.372012
2475,8,1373.571921
2475,9,1375.993653
2475,10,1380.898459
2475,11,1385.359389
2475,12,1387.951237
2476,1,1389.250995
2476,2,1389.548151
2476,3,1389.254275
2476,4,1388.25235
2476,5,1384.963106
2476,6,1378.899063
2476,7,1373.865395
2476,8,1373.066334
2476,9,1375.488692
2476,10,1380.393575
2476,11,1384.854128
2476,12,1387.445376
2477,1,1388.74435
2477,2,1389.040617
2477,3,1388.7458
2477,4,1387.742974
2477,5,1384.45311
2477,6,1378.388773
2477,7,1373.35462
2477,8,1372.554791
2477,9,1374.976767
2477,10,1379.881685
2477,11,1384.342789
2477,12,1386.935166
2478,1,1388.235694
2478,2,1388.533837
2478,3,1388.241082
2478,4,1387.240414
2478,5,1383.952854
2478,6,1377.89083
2478,7,1372.858295
2478,8,1372.059111
2478,9,1374.481244
2478,10,1379.385675
2478,11,1383.845714
2478,12,1386.43669
2479,1,1387.735526
2479,2,1388.03178
2479,3,1387.737003
2479,4,1386.734283
2479,5,1383.444894
2479,6,1377.381325
2479,7,1372.347019
2479,8,1371.545764
2479,9,1373.966202
2479,10,1378.869359
2479,11,1383.328687
2479,12,1385.9196
2480,1,1387.218893
2480,2,1387.516041
2480,3,1387.222484
2480,4,1386.221235
2480,5,1382.933644
2480,6,1376.872083
2480,7,1371.839312
2480,8,1371.038865
2480,9,1373.459888
2480,10,1378.363271
2480,11,1382.822513
2480,12,1385.413211
2481,1,1386.712152
2481,2,1387.008851
2481,3,1386.714758
2481,4,1385.712938
2481,5,1382.424935
2481,6,1376.363129
2481,7,1371.329721
2481,8,1370.528113
2481,9,1372.948077
2481,10,1377.850491
2481,11,1382.308981
2481,12,1384.899295
2482,1,1386.198154
2482,2,1386.495058
2482,3,1386.201409
2482,4,1385.200267
2482,5,1381.913317
2482,6,1375.852887
2482,7,1370.820564
2482,8,1370.019562
2482,9,1372.440219
2482,10,1377.343348
2482,11,1381.802654
2482,12,1384.394002
2483,1,1385.694021
2483,2,1385.992164
2483,3,1385.699757
2483,4,1384.699823
2483,5,1381.414159
2483,6,1375.355013
2483,7,1370.323328
2483,8,1369.5221
2483,9,1371.942205
2483,10,1376.844358
2483,11,1381.302329
2483,12,1383.892182
2484,1,1385.190582
2484,2,1385.48706
2484,3,1385.192994
2484,4,1384.1915
2484,5,1380.904609
2484,6,1374.844619
2484,7,1369.811955
2484,8,1369.009524
2484,9,1371.428866
2484,10,1376.330724
2484,11,1380.789037
2484,12,1383.37997
2485,1,1384.680013
2485,2,1384.978573
2485,3,1384.686871
2485,4,1383.687905
2485,5,1380.403739
2485,6,1374.346507
2485,7,1369.315913
2485,8,1368.514567
2485,9,1370.934463
2485,10,1375.836169
2485,11,1380.293604
2485,12,1382.883117
2486,1,1384.181286
2486,2,1384.47765
2486,3,1384.183537
2486,4,1383.182092
2486,5,1379.895669
2486,6,1373.836506
2486,7,1368.803845
2486,8,1368.000261
2486,9,1370.418467
2486,10,1375.319114
2486,11,1379.776348
2486,12,1382.366665
2487,1,1383.666454
2487,2,1383.965109
2487,3,1383.673783
2487,4,1382.675484
2487,5,1379.392576
2487,6,1373.337118
2487,7,1368.307611
2487,8,1367.506313
2487,9,1369.926374
2487,10,1374.828245
2487,11,1379.286031
2487,12,1381.876342
2488,1,1383.175605
2488,2,1383.473302
2488,3,1383.180649
2488,4,1382.180753
2488,5,1378.896227
2488,6,1372.839185
2488,7,1367.807624
2488,8,1367.003723
2488,9,1369.421301
2488,10,1374.320852
2488,11,1378.776667
2488,12,1381.365553
2489,1,1382.663862
2489,2,1382.961043
2489,3,1382.668245
2489,4,1381.668554
2489,5,1378.384702
2489,6,1372.328736
2489,7,1367.298027
2489,8,1366.494547
2489,9,1368.912662
2489,10,1373.81278
2489,11,1378.269258
2489,12,1380.859026
2490,1,1382.158362
2490,2,1382.456688
2490,3,1382.165099
2490,4,1381.166662
2490,5,1377.884238
2490,6,1371.829814
2490,7,1366.80014
2490,8,1365.996991
2490,9,1368.415287
2490,10,1373.315357
2490,11,1377.771629
2490,12,1380.361173
2491,1,1381.660241
2491,2,1381.958278
2491,3,1381.666373
2491,4,1380.667631
2491,5,1377.38509
2491,6,1371.33073
2491,7,1366.300731
2491,8,1365.496727
2491,9,1367.914237
2491,10,1372.813566
2491,11,1377.269264
2491,12,1379.858573
2492,1,1381.157671
2492,2,1381.455975
2492,3,1381.164512
2492,4,1380.166366
2492,5,1376.884702
2492,6,1370.831431
2492,7,1365.802113
2492,8,1364.998179
2492,9,1367.415698
2492,10,1372.314892
2492,11,1376.770377
2492,12,1379.359525
2493,1,1380.658473
2493,2,1380.956651
2493,3,1380.665071
2493,4,1379.666839
2493,5,1376.385291
2493,6,1370.332317
2493,7,1365.302901
2493,8,1364.498318
2493,9,1366.915226
2493,10,1371.813812
2493,11,1376.268805
2493,12,1378.857738
2494,1,1380.15669
2494,2,1380.455064
2494,3,1380.16382
2494,4,1379.166049
2494,5,1375.885214
2494,6,1369.833153
2494,7,1364.804229
2494,8,1363.999527
2494,9,1366.416256
2494,10,1371.314527
2494,11,1375.769143
2494,12,1378.35777
2495,1,1379.65645
2495,2,1379.954614
2495,3,1379.663219
2495,4,1378.665394
2495,5,1375.384786
2495,6,1369.333223
2495,7,1364.30451
2495,8,1363.499588
2495,9,1365.916271
2495,10,1370.814646
2495,11,1375.269641
2495,12,1377.8591
2496,1,1379.158984
2496,2,1379.458643
2496,3,1379.168926
2496,4,1378.172893
2496,5,1374.894265
2496,6,1368.844758
2496,7,1363.817507
2496,8,1363.013205
2496,9,1365.430162
2496,10,1370.328336
2496,11,1374.782671
2496,12,1377.371092
2497,1,1378.669527
2497,2,1378.967429
2497,3,1378.675719
2497,4,1377.677571
2497,5,1374.396964
2497,6,1368.345684
2497,7,1363.316382
2497,8,1362.509684
2497,9,1364.924579
2497,10,1369.821077
2497,11,1374.274325
2497,12,1376.8625
2498,1,1378.161474
2498,2,1378.460557
2498,3,1378.170494
2498,4,1377.174319
2498,5,1373.896016
2498,6,1367.84719
2498,7,1362.819753
2498,8,1362.014015
2498,9,1364.429391
2498,10,1369.32569
2498,11,1373.778009
2498,12,1376.364533
2499,1,1377.661173
2499,2,1377.957705
2499,3,1377.665341
2499,4,1376.667625
2499,5,1373.389193
2499,6,1367.342115
2499,7,1362.318214
2499,8,1361.51813
2499,9,1363.94235
2499,10,1368.851133
2499,11,1373.320169
2499,12,1375.928292
2500,1,1377.267024
2500,2,1377.593142
2500,3,1377.331609
2500,4,1376.364964
2500,5,1373.11684
2500,6,1367.098302
2500,7,1362.100171
2500,8,1361.322083
2500,9,1363.763521
2500,10,1368.68374
2500,11,1373.157427
2500,12,1375.762617
