PointID,NUTS_ID,NUTS_NAME,STATE_NAME,Latitude,Longitude,nearest_grid_id,nearest_latitude,nearest_longitude,distance_deg
2,DEF07,Nordfriesland,Schleswig-Holstein,54.859923,8.411608,C325R23,54.86,8.71,0.2983920099349192
3,DEF07,Nordfriesland,Schleswig-Holstein,54.864382,8.697143,C325R23,54.86,8.71,0.013583238678607022
4,DEF07,Nordfriesland,Schleswig-Holstein,54.866979,8.765298,C331R23,54.86,8.77,0.008415179439561363
5,DEF07,Nordfriesland,Schleswig-Holstein,54.86392,8.959032,C347R23,54.86,8.93,0.029295450568305906
6,DEF07,Nordfriesland,Schleswig-Holstein,54.870685,9.078456,C362R27,54.81999999999999,9.08,0.05070851172141485
7,DEF07,Nordfriesland,Schleswig-Holstein,54.812111,8.656231,C325R27,54.81999999999999,8.71,0.05434465642544774
8,DEF07,Nordfriesland,Schleswig-Holstein,54.784146,8.781083,C333R31,54.779999999999994,8.79,0.009833727929936904
10,DEF07,Nordfriesland,Schleswig-Holstein,54.803011,9.023029,C356R29,54.8,9.02,0.004270943923771762
11,DEF0C,Schleswig-Flensburg,Schleswig-Holstein,54.798704,9.131924,C367R29,54.8,9.129999999999999,0.002319782748447234
12,DEF0C,Schleswig-Flensburg,Schleswig-Holstein,54.808544,9.273158,C381R32,54.769999999999996,9.27,0.038673154771755244
14,DEF0C,Schleswig-Flensburg,Schleswig-Holstein,54.824502,9.553714,C409R27,54.81999999999999,9.55,0.005836248795251458
15,DEF0C,Schleswig-Flensburg,Schleswig-Holstein,54.81654,9.680758,C422R31,54.779999999999994,9.68,0.03654786127806502
16,DEF07,Nordfriesland,Schleswig-Holstein,54.74231,8.781004,C333R35,54.739999999999995,8.79,0.009287847759305447
17,DEF07,Nordfriesland,Schleswig-Holstein,54.720941,8.944454,C348R37,54.72,8.94,0.004552317761318519
18,DEF07,Nordfriesland,Schleswig-Holstein,54.749338,9.028602,C357R34,54.75,9.030000000000001,0.0015468186706924826
19,DEF0C,Schleswig-Flensburg,Schleswig-Holstein,54.752138,9.186687,C373R34,54.75,9.19,0.00394297007343597
20,DEF0C,Schleswig-Flensburg,Schleswig-Holstein,54.748731,9.326536,C387R34,54.75,9.33,0.0036891268614668666
21,DEF0C,Schleswig-Flensburg,Schleswig-Holstein,54.751597,9.43357,C397R34,54.75,9.43,0.003910921758356785
22,DEF0C,Schleswig-Flensburg,Schleswig-Holstein,54.733011,9.518467,C406R36,54.73,9.52,0.0033787882443274387
23,DEF0C,Schleswig-Flensburg,Schleswig-Holstein,54.721614,9.640255,C418R37,54.72,9.64,0.0016340198897232213
24,DEF0C,Schleswig-Flensburg,Schleswig-Holstein,54.735342,9.787672,C433R36,54.73,9.79,0.0058272247253780135
25,DEF0C,Schleswig-Flensburg,Schleswig-Holstein,54.741264,9.947288,C448R36,54.73,9.940000000000001,0.013416133571192566
27,DEF07,Nordfriesland,Schleswig-Holstein,54.657675,9.100537,C364R43,54.66,9.1,0.00238620912746452
28,DEF07,Nordfriesland,Schleswig-Holstein,54.639415,9.19323,C373R45,54.64,9.19,0.0032825485525735895
29,DEF0C,Schleswig-Flensburg,Schleswig-Holstein,54.677056,9.32988,C387R41,54.68,9.33,0.002946444637185061
30,DEF0C,Schleswig-Flensburg,Schleswig-Holstein,54.673389,9.389749,C393R42,54.669999999999995,9.39,0.0033982822131245123
31,DEF0C,Schleswig-Flensburg,Schleswig-Holstein,54.661728,9.525341,C407R43,54.66,9.530000000000001,0.004969131211793282
32,DEF0C,Schleswig-Flensburg,Schleswig-Holstein,54.655959,9.712057,C425R43,54.66,9.71,0.00453441616968985
33,DEF0C,Schleswig-Flensburg,Schleswig-Holstein,54.650243,9.779615,C432R44,54.65,9.780000000000001,0.00045527354415049215
35,DEF07,Nordfriesland,Schleswig-Holstein,54.580002,8.962885,C350R51,54.58,8.96,0.0028850006932399576
36,DEF07,Nordfriesland,Schleswig-Holstein,54.607705,9.067267,C361R48,54.61,9.07,0.0035687972763929587
37,DEF07,Nordfriesland,Schleswig-Holstein,54.569688,9.207132,C375R52,54.56999999999999,9.21,0.002884920796140351
38,DEF0C,Schleswig-Flensburg,Schleswig-Holstein,54.602842,9.277642,C382R49,54.599999999999994,9.280000000000001,0.003692848223262275
41,DEF0C,Schleswig-Flensburg,Schleswig-Holstein,54.596727,9.710273,C425R49,54.599999999999994,9.71,0.0032843656921777153
42,DEF0C,Schleswig-Flensburg,Schleswig-Holstein,54.612309,9.808044,C435R48,54.61,9.81,0.003026122436389078
43,DEF0B,Rendsburg-Eckernförde,Schleswig-Holstein,54.576428,9.93833,C448R51,54.58,9.940000000000001,0.003943105882421961
44,DE80L,Vorpommern-Rügen,Mecklenburg-Vorpommern,54.567789,13.279875,C784R54,54.55,13.3,0.026860084623843324
46,DEF07,Nordfriesland,Schleswig-Holstein,54.510717,8.926005,C349R53,54.559999999999995,8.95,0.054813995603308525
48,DEF07,Nordfriesland,Schleswig-Holstein,54.49096,9.16235,C370R60,54.489999999999995,9.16,0.0025385231927267044
49,DEF0C,Schleswig-Flensburg,Schleswig-Holstein,54.499306,9.301223,C384R59,54.5,9.3,0.0014061881097501923
50,DEF0C,Schleswig-Flensburg,Schleswig-Holstein,54.516585,9.411863,C395R57,54.519999999999996,9.41,0.0038901149083258495
52,DEF0B,Rendsburg-Eckernförde,Schleswig-Holstein,54.490912,9.808265,C435R60,54.489999999999995,9.81,0.0019600941303958693
55,DEF08,Ostholstein,Schleswig-Holstein,54.521518,11.165529,C556R72,54.37,11.02,0.21008663490331989
57,DE80L,Vorpommern-Rügen,Mecklenburg-Vorpommern,54.467157,13.350576,C789R63,54.459999999999994,13.350000000000001,0.0071801410153347215
58,DEF07,Nordfriesland,Schleswig-Holstein,54.429407,9.040146,C358R66,54.43,9.04,0.0006107086048212367
59,DEF07,Nordfriesland,Schleswig-Holstein,54.433894,9.220954,C376R66,54.43,9.22,0.00400915851520238
60,DEF07,Nordfriesland,Schleswig-Holstein,54.434732,9.276638,C382R66,54.43,9.280000000000001,0.005804728072871187
62,DEF0C,Schleswig-Flensburg,Schleswig-Holstein,54.461026,9.578262,C412R63,54.459999999999994,9.58,0.0020182467639029765
63,DEF0B,Rendsburg-Eckernförde,Schleswig-Holstein,54.448351,9.638348,C418R64,54.449999999999996,9.64,0.0023341604486363026
64,DEF0B,Rendsburg-Eckernförde,Schleswig-Holstein,54.450193,9.822557,C436R64,54.449999999999996,9.82,0.0025642733863608376
65,DEF0B,Rendsburg-Eckernförde,Schleswig-Holstein,54.429198,9.943065,C448R66,54.43,9.940000000000001,0.0031681901773720606
66,DEF0B,Rendsburg-Eckernförde,Schleswig-Holstein,54.45932,10.073867,C461R63,54.459999999999994,10.07,0.00392633276735315
67,DEF0B,Rendsburg-Eckernförde,Schleswig-Holstein,54.44832,10.18562,C474R72,54.37,10.2,0.07962918309263739
68,DEF08,Ostholstein,Schleswig-Holstein,54.431522,11.149924,C556R72,54.37,11.02,0.143753964327947
71,DE80L,Vorpommern-Rügen,Mecklenburg-Vorpommern,54.409864,12.958093,C748R72,54.37,12.940000000000001,0.04377779282924237
73,DE80L,Vorpommern-Rügen,Mecklenburg-Vorpommern,54.396936,13.378893,C792R69,54.4,13.379999999999999,0.0032578436119633535
74,DE80L,Vorpommern-Rügen,Mecklenburg-Vorpommern,54.390791,13.47801,C802R70,54.39,13.48,0.002141443671919353
75,DE80L,Vorpommern-Rügen,Mecklenburg-Vorpommern,54.371529,13.623464,C810R71,54.379999999999995,13.559999999999999,0.0640268470018638
76,DEF07,Nordfriesland,Schleswig-Holstein,54.384386,8.818257,C333R72,54.37,8.79,0.03170828038541431
77,DEF07,Nordfriesland,Schleswig-Holstein,54.373065,8.980082,C352R71,54.379999999999995,8.98,0.006935484770366103
78,DEF05,Dithmarschen,Schleswig-Holstein,54.358906,9.028942,C357R73,54.36,9.030000000000001,0.0015219066988502161
80,DEF0C,Schleswig-Flensburg,Schleswig-Holstein,54.396643,9.314812,C385R69,54.4,9.31,0.0058672645244612735
81,DEF0C,Schleswig-Flensburg,Schleswig-Holstein,54.37991,9.404547,C394R71,54.379999999999995,9.4,0.004547890609942537
82,DEF0B,Rendsburg-Eckernförde,Schleswig-Holstein,54.361408,9.581214,C412R73,54.36,9.58,0.0018591019337281971
83,DEF0B,Rendsburg-Eckernförde,Schleswig-Holstein,54.372827,9.636256,C418R72,54.37,9.64,0.004691424623718011
84,DEF0B,Rendsburg-Eckernförde,Schleswig-Holstein,54.393189,9.802282,C434R70,54.39,9.8,0.003921383046833106
85,DEF0B,Rendsburg-Eckernförde,Schleswig-Holstein,54.377871,9.920393,C446R71,54.379999999999995,9.92,0.0021649688219430936
86,DEF0B,Rendsburg-Eckernförde,Schleswig-Holstein,54.37514,10.037334,C458R71,54.379999999999995,10.04,0.005543208096394739
87,DEF0A,Plön,Schleswig-Holstein,54.394091,10.316302,C486R72,54.37,10.32,0.024373171418596132
88,DEF0A,Plön,Schleswig-Holstein,54.355046,10.420463,C496R73,54.36,10.42,0.004975588909865759
89,DEF0A,Plön,Schleswig-Holstein,54.366726,10.581616,C512R76,54.33,10.58,0.0367615360397266
91,DE80L,Vorpommern-Rügen,Mecklenburg-Vorpommern,54.356289,12.779384,C732R75,54.339999999999996,12.780000000000001,0.01630064345355776
92,DE80L,Vorpommern-Rügen,Mecklenburg-Vorpommern,54.321723,12.883567,C742R77,54.31999999999999,12.879999999999999,0.003961340429705724
93,DE80L,Vorpommern-Rügen,Mecklenburg-Vorpommern,54.327045,13.012618,C755R76,54.33,13.01,0.003947904380807657
95,DE80L,Vorpommern-Rügen,Mecklenburg-Vorpommern,54.34088,13.257902,C780R75,54.339999999999996,13.26,0.0022750832951794414
96,DE80L,Vorpommern-Rügen,Mecklenburg-Vorpommern,54.306334,13.337009,C788R75,54.339999999999996,13.34,0.03379860406880397
98,DEF07,Nordfriesland,Schleswig-Holstein,54.300791,8.776883,C332R76,54.33,8.780000000000001,0.02937484246766443
100,DEF05,Dithmarschen,Schleswig-Holstein,54.291085,9.052803,C359R80,54.29,9.05,0.003005666980889243
101,DEF05,Dithmarschen,Schleswig-Holstein,54.307946,9.168467,C371R78,54.309999999999995,9.17,0.0025630070230056087
102,DEF05,Dithmarschen,Schleswig-Holstein,54.291932,9.272269,C381R80,54.29,9.27,0.00298009815274837
104,DEF0B,Rendsburg-Eckernförde,Schleswig-Holstein,54.316287,9.552039,C409R77,54.31999999999999,9.55,0.004236022898891042
106,DEF0B,Rendsburg-Eckernförde,Schleswig-Holstein,54.30721,9.832422,C437R78,54.309999999999995,9.83,0.003694615541566122
107,DEF0B,Rendsburg-Eckernförde,Schleswig-Holstein,54.298129,9.940492,C448R79,54.3,9.940000000000001,0.0019346071952667117
112,DEF0A,Plön,Schleswig-Holstein,54.304471,10.534711,C507R79,54.3,10.530000000000001,0.006494871977183805
113,DEF0A,Plön,Schleswig-Holstein,54.308182,10.662123,C520R81,54.279999999999994,10.66,0.028261851549402344
114,DEF08,Ostholstein,Schleswig-Holstein,54.2943,10.802587,C534R81,54.279999999999994,10.8,0.014532121971693093
116,DEF08,Ostholstein,Schleswig-Holstein,54.305254,11.052563,C556R78,54.309999999999995,11.02,0.032907043091106696
119,DE80L,Vorpommern-Rügen,Mecklenburg-Vorpommern,54.264379,12.584252,C712R83,54.26,12.58,0.0061036992881362395
120,DE80L,Vorpommern-Rügen,Mecklenburg-Vorpommern,54.257052,12.771537,C731R83,54.26,12.77,0.003324616218450061
121,DE80L,Vorpommern-Rügen,Mecklenburg-Vorpommern,54.273505,12.901607,C744R82,54.269999999999996,12.9,0.0038558363554523916
123,DE80L,Vorpommern-Rügen,Mecklenburg-Vorpommern,54.240237,13.126317,C767R85,54.239999999999995,13.129999999999999,0.0036906175634971437
124,DEF05,Dithmarschen,Schleswig-Holstein,54.234951,8.952408,C349R86,54.23,8.95,0.0055055304013381275
125,DEF05,Dithmarschen,Schleswig-Holstein,54.23014,9.069681,C361R86,54.23,9.07,0.00034836905718101194
126,DEF05,Dithmarschen,Schleswig-Holstein,54.212894,9.224529,C376R88,54.209999999999994,9.22,0.005374669943357084
127,DEF05,Dithmarschen,Schleswig-Holstein,54.242336,9.325352,C387R85,54.239999999999995,9.33,0.005201999615535107
128,DEF05,Dithmarschen,Schleswig-Holstein,54.221206,9.395286,C394R87,54.22,9.4,0.004865822849221604
129,DEF0B,Rendsburg-Eckernförde,Schleswig-Holstein,54.210269,9.559228,C410R88,54.209999999999994,9.559999999999999,0.0008175236999628205
131,DEF0B,Rendsburg-Eckernförde,Schleswig-Holstein,54.211149,9.798791,C434R88,54.209999999999994,9.8,0.0016678974788681142
132,DEF0B,Rendsburg-Eckernförde,Schleswig-Holstein,54.214354,9.931803,C447R88,54.209999999999994,9.93,0.004712549734491743
134,DEF0A,Plön,Schleswig-Holstein,54.239864,10.173296,C471R85,54.239999999999995,10.17,0.0032988046319846736
136,DEF0A,Plön,Schleswig-Holstein,54.254299,10.413307,C495R84,54.25,10.41,0.005423804015635512
137,DEF08,Ostholstein,Schleswig-Holstein,54.225662,10.552044,C509R86,54.23,10.55,0.004795433244241168
138,DEF08,Ostholstein,Schleswig-Holstein,54.224849,10.704047,C524R87,54.22,10.7,0.006315933026877366
140,DEF08,Ostholstein,Schleswig-Holstein,54.244708,10.920638,C546R85,54.239999999999995,10.92,0.004751032308885629
141,DEF08,Ostholstein,Schleswig-Holstein,54.219498,11.044848,C555R87,54.22,11.01,0.034851615572309015
144,DE80L,Vorpommern-Rügen,Mecklenburg-Vorpommern,54.203509,12.497281,C704R89,54.199999999999996,12.5,0.004439148792281247
145,DE80L,Vorpommern-Rügen,Mecklenburg-Vorpommern,54.221989,12.612601,C715R87,54.22,12.61,0.0032743429875333294
146,DE80L,Vorpommern-Rügen,Mecklenburg-Vorpommern,54.201988,12.78918,C733R89,54.199999999999996,12.79,0.0021504752963044677
147,DE80L,Vorpommern-Rügen,Mecklenburg-Vorpommern,54.184837,12.823799,C736R91,54.18,12.82,0.0061505259937676485
148,DE80L,Vorpommern-Rügen,Mecklenburg-Vorpommern,54.194392,13.023565,C756R90,54.19,13.02,0.005656756049188017
149,DE80L,Vorpommern-Rügen,Mecklenburg-Vorpommern,54.189792,13.107598,C765R90,54.19,13.11,0.0024109890086850966
150,DE80L,Vorpommern-Rügen,Mecklenburg-Vorpommern,54.165115,13.231011,C777R92,54.169999999999995,13.23,0.0049885214242244395
151,DEF05,Dithmarschen,Schleswig-Holstein,54.156877,8.906728,C345R89,54.199999999999996,8.91,0.04324695495638403
152,DEF05,Dithmarschen,Schleswig-Holstein,54.14441,9.104766,C365R95,54.14,9.11,0.006844184100387531
153,DEF05,Dithmarschen,Schleswig-Holstein,54.157869,9.159255,C370R93,54.16,9.16,0.002257473366397519
155,DEF0B,Rendsburg-Eckernförde,Schleswig-Holstein,54.166361,9.460998,C400R92,54.169999999999995,9.46,0.0037733705092323796
156,DEF0B,Rendsburg-Eckernförde,Schleswig-Holstein,54.1726,9.533787,C407R92,54.169999999999995,9.530000000000001,0.0045936226444969926
158,DEF0B,Rendsburg-Eckernförde,Schleswig-Holstein,54.153589,9.842693,C438R94,54.15,9.84,0.004487000111431914
160,DEF0B,Rendsburg-Eckernförde,Schleswig-Holstein,54.146746,10.011629,C455R94,54.15,10.01,0.003638977466265378
161,DEF0A,Plön,Schleswig-Holstein,54.173492,10.14019,C468R92,54.169999999999995,10.14,0.003497165137659251
162,DEF0A,Plön,Schleswig-Holstein,54.150725,10.263031,C480R94,54.15,10.26,0.003116502206000186
166,DEF08,Ostholstein,Schleswig-Holstein,54.173964,10.811197,C535R92,54.169999999999995,10.81,0.004140785553494133
167,DEF08,Ostholstein,Schleswig-Holstein,54.146479,10.906813,C540R94,54.15,10.86,0.04694522776598293
170,DE80K,Landkreis Rostock,Mecklenburg-Vorpommern,54.156629,11.978856,C652R97,54.12,11.98,0.036646860397588764
171,DE803,"Rostock, Kreisfreie Stadt",Mecklenburg-Vorpommern,54.123657,12.124794,C666R97,54.12,12.120000000000001,0.00602960073305159
172,DE80K,Landkreis Rostock,Mecklenburg-Vorpommern,54.121321,12.246916,C679R97,54.12,12.25,0.003355010730237373
175,DE80L,Vorpommern-Rügen,Mecklenburg-Vorpommern,54.119167,12.654535,C719R97,54.12,12.65,0.004610869115469411
176,DE80L,Vorpommern-Rügen,Mecklenburg-Vorpommern,54.139066,12.767809,C731R95,54.14,12.77,0.00238177181946569
177,DE80L,Vorpommern-Rügen,Mecklenburg-Vorpommern,54.11029,12.876196,C742R98,54.11,12.879999999999999,0.0038150381387334446
179,DE80L,Vorpommern-Rügen,Mecklenburg-Vorpommern,54.121211,13.132532,C767R97,54.12,13.129999999999999,0.002806696456693197
181,DE80N,Vorpommern-Greifswald,Mecklenburg-Vorpommern,54.105706,13.326774,C787R98,54.11,13.33,0.005370801802339365
182,DE80N,Vorpommern-Greifswald,Mecklenburg-Vorpommern,54.106941,13.601396,C814R100,54.089999999999996,13.600000000000001,0.016998420426618695
183,DE80N,Vorpommern-Greifswald,Mecklenburg-Vorpommern,54.122035,13.683583,C824R97,54.12,13.7,0.016542645314457954
184,DE80N,Vorpommern-Greifswald,Mecklenburg-Vorpommern,54.111531,13.848791,C831R98,54.11,13.77,0.07880587314407546
185,DEF05,Dithmarschen,Schleswig-Holstein,54.082606,9.083964,C365R101,54.08,9.11,0.026166095085051855
186,DEF05,Dithmarschen,Schleswig-Holstein,54.073301,9.185467,C373R102,54.06999999999999,9.19,0.005607556508859535
187,DEF05,Dithmarschen,Schleswig-Holstein,54.06448,9.288557,C383R103,54.059999999999995,9.29,0.0047066600684633145
188,DEF0B,Rendsburg-Eckernförde,Schleswig-Holstein,54.098926,9.427593,C397R99,54.099999999999994,9.43,0.0026357399340583023
190,DEF0B,Rendsburg-Eckernförde,Schleswig-Holstein,54.088815,9.654062,C419R100,54.089999999999996,9.65,0.00423132000680563
191,DEF0B,Rendsburg-Eckernförde,Schleswig-Holstein,54.099609,9.810736,C435R99,54.099999999999994,9.81,0.0008334128628684528
192,DEF0B,Rendsburg-Eckernförde,Schleswig-Holstein,54.08196,9.911647,C445R101,54.08,9.91,0.0025601189425524936
193,DEF0A,Plön,Schleswig-Holstein,54.090896,10.045689,C459R100,54.089999999999996,10.05,0.004403128092619957
194,DEF0A,Plön,Schleswig-Holstein,54.084273,10.127265,C467R101,54.08,10.129999999999999,0.005073337560229824
195,DEF0D,Segeberg,Schleswig-Holstein,54.075565,10.267719,C481R101,54.08,10.27,0.0049872022216877745
197,DEF0D,Segeberg,Schleswig-Holstein,54.060357,10.540889,C508R103,54.059999999999995,10.54,0.0009580031315226774
198,DEF08,Ostholstein,Schleswig-Holstein,54.069081,10.62175,C516R102,54.06999999999999,10.620000000000001,0.001976628695529594
200,DE80K,Landkreis Rostock,Mecklenburg-Vorpommern,54.072847,11.682662,C622R102,54.06999999999999,11.68,0.003897647110765712
201,DE80K,Landkreis Rostock,Mecklenburg-Vorpommern,54.084248,11.744728,C628R101,54.08,11.74,0.006356059156429778
202,DE80K,Landkreis Rostock,Mecklenburg-Vorpommern,54.070612,11.867088,C641R102,54.06999999999999,11.870000000000001,0.002975615566568728
203,DE80K,Landkreis Rostock,Mecklenburg-Vorpommern,54.088459,11.998926,C654R100,54.089999999999996,12.0,0.0018783388938064028
205,DE80K,Landkreis Rostock,Mecklenburg-Vorpommern,54.082585,12.225994,C677R101,54.08,12.23,0.004767626348616334
206,DE80K,Landkreis Rostock,Mecklenburg-Vorpommern,54.069498,12.323575,C686R102,54.06999999999999,12.32,0.0036100732679528505
207,DE80K,Landkreis Rostock,Mecklenburg-Vorpommern,54.043712,12.466134,C701R105,54.04,12.469999999999999,0.0053595615492305244
208,DE80K,Landkreis Rostock,Mecklenburg-Vorpommern,54.059111,12.616327,C716R103,54.059999999999995,12.620000000000001,0.003779054114457161
210,DE80L,Vorpommern-Rügen,Mecklenburg-Vorpommern,54.038126,12.841978,C738R105,54.04,12.84,0.002724767880022182
211,DE80L,Vorpommern-Rügen,Mecklenburg-Vorpommern,54.059557,12.967748,C751R103,54.059999999999995,12.969999999999999,0.002295158600182362
212,DE80L,Vorpommern-Rügen,Mecklenburg-Vorpommern,54.057623,13.134853,C767R103,54.059999999999995,13.129999999999999,0.00540386324771322
213,DE80N,Vorpommern-Greifswald,Mecklenburg-Vorpommern,54.049753,13.224292,C776R104,54.05,13.219999999999999,0.004299101417739343
214,DE80N,Vorpommern-Greifswald,Mecklenburg-Vorpommern,54.015076,13.34756,C789R107,54.019999999999996,13.350000000000001,0.005495395891104136
215,DE80N,Vorpommern-Greifswald,Mecklenburg-Vorpommern,54.040144,13.500874,C804R105,54.04,13.5,0.0008857832692024353
218,DEF05,Dithmarschen,Schleswig-Holstein,54.022188,8.961167,C350R107,54.019999999999996,8.96,0.002479764706582881
219,DEF05,Dithmarschen,Schleswig-Holstein,54.020335,9.088216,C363R107,54.019999999999996,9.09,0.0018151807072594726
220,DEF05,Dithmarschen,Schleswig-Holstein,54.000776,9.230286,C377R109,54.0,9.23,0.0008270259971744688
221,DEF0E,Steinburg,Schleswig-Holstein,53.996442,9.336465,C388R109,54.0,9.34,0.005015534767099392
222,DEF0E,Steinburg,Schleswig-Holstein,54.01065,9.403716,C394R108,54.01,9.4,0.003772420443162782
225,DEF0B,Rendsburg-Eckernförde,Schleswig-Holstein,54.02678,9.820952,C436R106,54.029999999999994,9.82,0.003357782601650499
229,DEF0D,Segeberg,Schleswig-Holstein,54.02433,10.282536,C482R107,54.019999999999996,10.280000000000001,0.005017987245900732
230,DEF0D,Segeberg,Schleswig-Holstein,54.017689,10.446368,C499R107,54.019999999999996,10.45,0.004304897792049423
232,DEF08,Ostholstein,Schleswig-Holstein,53.997588,10.670263,C521R109,54.0,10.67,0.002426296148453117
233,DE80M,Nordwestmecklenburg,Mecklenburg-Vorpommern,53.99473,11.118462,C566R113,53.959999999999994,11.120000000000001,0.03476403808535815
234,DE80M,Nordwestmecklenburg,Mecklenburg-Vorpommern,53.980218,11.525144,C607R111,53.98,11.530000000000001,0.004860890864853972
236,DE80K,Landkreis Rostock,Mecklenburg-Vorpommern,53.990122,11.775549,C632R110,53.989999999999995,11.780000000000001,0.004452671669909296
237,DE80K,Landkreis Rostock,Mecklenburg-Vorpommern,54.002707,11.919296,C646R109,54.0,11.92,0.0027970457629445176
238,DE80K,Landkreis Rostock,Mecklenburg-Vorpommern,53.989874,12.001562,C654R110,53.989999999999995,12.0,0.0015670737059877316
240,DE80K,Landkreis Rostock,Mecklenburg-Vorpommern,53.981224,12.270876,C681R111,53.98,12.27,0.0015051750728739665
241,DE80K,Landkreis Rostock,Mecklenburg-Vorpommern,53.972445,12.33772,C688R112,53.97,12.34,0.003343116061403053
242,DE80K,Landkreis Rostock,Mecklenburg-Vorpommern,53.992882,12.512634,C705R110,53.989999999999995,12.51,0.0039043411736221466
243,DE80K,Landkreis Rostock,Mecklenburg-Vorpommern,53.996391,12.644253,C718R109,54.0,12.64,0.005577892971363201
244,DE80K,Landkreis Rostock,Mecklenburg-Vorpommern,53.980665,12.713639,C725R111,53.98,12.71,0.00369926289955238
245,DE80L,Vorpommern-Rügen,Mecklenburg-Vorpommern,53.986615,12.886429,C743R110,53.989999999999995,12.89,0.004920392870489967
246,DE80J,Mecklenburgische Seenplatte,Mecklenburg-Vorpommern,53.956734,12.982144,C752R113,53.959999999999994,12.98,0.003906851929619871
247,DE80N,Vorpommern-Greifswald,Mecklenburg-Vorpommern,53.990469,13.083696,C762R110,53.989999999999995,13.08,0.0037256377977468664
249,DE80N,Vorpommern-Greifswald,Mecklenburg-Vorpommern,53.95257,13.363441,C790R114,53.949999999999996,13.36,0.00429480861040777
250,DE80N,Vorpommern-Greifswald,Mecklenburg-Vorpommern,53.956883,13.467259,C801R113,53.959999999999994,13.469999999999999,0.0041507553529408795
251,DE80N,Vorpommern-Greifswald,Mecklenburg-Vorpommern,53.968996,13.569925,C811R112,53.97,13.57,0.0010067973976941357
252,DE80N,Vorpommern-Greifswald,Mecklenburg-Vorpommern,53.941969,13.694317,C823R115,53.94,13.690000000000001,0.00474483403292441
253,DE80N,Vorpommern-Greifswald,Mecklenburg-Vorpommern,53.933186,13.820604,C836R116,53.93,13.82,0.0032427476004147455
254,DE80N,Vorpommern-Greifswald,Mecklenburg-Vorpommern,53.947327,13.983226,C852R114,53.949999999999996,13.98,0.004189511308012926
255,DE80N,Vorpommern-Greifswald,Mecklenburg-Vorpommern,53.962504,14.074683,C860R113,53.959999999999994,14.059999999999999,0.014894982544470822
257,DEF05,Dithmarschen,Schleswig-Holstein,53.941714,8.988194,C353R115,53.94,8.99,0.002489865859840631
258,DEF05,Dithmarschen,Schleswig-Holstein,53.921435,9.084697,C362R116,53.93,9.08,0.009768369055269914
259,DEF05,Dithmarschen,Schleswig-Holstein,53.928071,9.163114,C370R116,53.93,9.16,0.0036630638815052974
260,DEF0E,Steinburg,Schleswig-Holstein,53.919061,9.326619,C387R116,53.93,9.33,0.011449579992296878
261,DEF0E,Steinburg,Schleswig-Holstein,53.953859,9.420039,C396R114,53.949999999999996,9.42,0.0038591970667540706
262,DEF0E,Steinburg,Schleswig-Holstein,53.921789,9.559009,C410R117,53.919999999999995,9.559999999999999,0.0020451410709303795
263,DEF0E,Steinburg,Schleswig-Holstein,53.931699,9.71344,C425R116,53.93,9.71,0.0038366914131844586
264,DEF0D,Segeberg,Schleswig-Holstein,53.929376,9.838123,C438R116,53.93,9.84,0.0019780053083861423
265,DEF0D,Segeberg,Schleswig-Holstein,53.944063,9.925845,C447R115,53.94,9.93,0.005811367653144078
266,DEF0D,Segeberg,Schleswig-Holstein,53.945859,10.015133,C456R114,53.949999999999996,10.02,0.006390271512225955
269,DEF0D,Segeberg,Schleswig-Holstein,53.951397,10.402294,C494R114,53.949999999999996,10.4,0.0026858974291674013
270,DEF08,Ostholstein,Schleswig-Holstein,53.941464,10.556424,C510R115,53.94,10.56,0.003864074533445437
271,DEF08,Ostholstein,Schleswig-Holstein,53.932438,10.621407,C516R116,53.93,10.620000000000001,0.002814869979232795
272,DEF08,Ostholstein,Schleswig-Holstein,53.935337,10.787496,C533R115,53.94,10.79,0.005292786128306944
273,DE80M,Nordwestmecklenburg,Mecklenburg-Vorpommern,53.914519,11.034781,C557R118,53.91,11.030000000000001,0.006578702151641504
274,DE80M,Nordwestmecklenburg,Mecklenburg-Vorpommern,53.911961,11.140718,C568R118,53.91,11.14,0.0020883115189081207
276,DE80M,Nordwestmecklenburg,Mecklenburg-Vorpommern,53.918044,11.499879,C604R122,53.87,11.5,0.048044152370506285
277,DE80M,Nordwestmecklenburg,Mecklenburg-Vorpommern,53.920464,11.665263,C621R117,53.919999999999995,11.67,0.004759670681886674
278,DE80M,Nordwestmecklenburg,Mecklenburg-Vorpommern,53.904197,11.754978,C629R119,53.9,11.75,0.006511166792521591
279,DE80K,Landkreis Rostock,Mecklenburg-Vorpommern,53.920233,11.894806,C643R117,53.919999999999995,11.89,0.004811644729196762
280,DE80K,Landkreis Rostock,Mecklenburg-Vorpommern,53.914856,11.989143,C653R118,53.91,11.99,0.004931042993123888
281,DE80K,Landkreis Rostock,Mecklenburg-Vorpommern,53.925449,12.13102,C667R116,53.93,12.129999999999999,0.004663904051328096
283,DE80K,Landkreis Rostock,Mecklenburg-Vorpommern,53.929106,12.390196,C693R116,53.93,12.39,0.0009152333035919731
284,DE80K,Landkreis Rostock,Mecklenburg-Vorpommern,53.903706,12.473938,C701R119,53.9,12.469999999999999,0.005407613151846233
285,DE80K,Landkreis Rostock,Mecklenburg-Vorpommern,53.888225,12.607255,C715R120,53.89,12.61,0.0032688912493386035
286,DE80K,Landkreis Rostock,Mecklenburg-Vorpommern,53.908413,12.743391,C728R118,53.91,12.74,0.0037439885149374544
287,DE80J,Mecklenburgische Seenplatte,Mecklenburg-Vorpommern,53.890793,12.822827,C736R120,53.89,12.82,0.002936116142117345
288,DE80J,Mecklenburgische Seenplatte,Mecklenburg-Vorpommern,53.905326,12.9722,C751R118,53.91,12.969999999999999,0.005165876111557009
289,DE80J,Mecklenburgische Seenplatte,Mecklenburg-Vorpommern,53.906541,13.074873,C761R118,53.91,13.07,0.005975852240475425
290,DE80N,Vorpommern-Greifswald,Mecklenburg-Vorpommern,53.888705,13.248251,C779R120,53.89,13.25,0.0021762412550078223
291,DE80N,Vorpommern-Greifswald,Mecklenburg-Vorpommern,53.876678,13.334722,C787R121,53.879999999999995,13.33,0.00577347105301255
292,DE80N,Vorpommern-Greifswald,Mecklenburg-Vorpommern,53.8729,13.446486,C799R122,53.87,13.45,0.004556116328630832
293,DE80N,Vorpommern-Greifswald,Mecklenburg-Vorpommern,53.90603,13.547664,C809R118,53.91,13.55,0.004606277890007286
294,DE80N,Vorpommern-Greifswald,Mecklenburg-Vorpommern,53.899,13.71651,C826R119,53.9,13.719999999999999,0.0036304407445915767
295,DE80N,Vorpommern-Greifswald,Mecklenburg-Vorpommern,53.914492,13.820771,C836R118,53.91,13.82,0.0045576863648188635
297,DE80N,Vorpommern-Greifswald,Mecklenburg-Vorpommern,53.89056,14.047706,C859R118,53.91,14.05,0.019574882783808565
300,DEF0E,Steinburg,Schleswig-Holstein,53.881224,9.469865,C401R121,53.879999999999995,9.469999999999999,0.0012314223483510193
301,DEF0E,Steinburg,Schleswig-Holstein,53.878416,9.571263,C411R121,53.879999999999995,9.57,0.0020258886938774737
304,DEF0D,Segeberg,Schleswig-Holstein,53.850554,9.906724,C445R124,53.849999999999994,9.91,0.0033225129044153466
305,DEF0D,Segeberg,Schleswig-Holstein,53.857628,10.057154,C460R123,53.86,10.06,0.0037048751665886013
306,DEF0D,Segeberg,Schleswig-Holstein,53.85715,10.146028,C469R123,53.86,10.15,0.004888689394921763
308,DEF0F,Stormarn,Schleswig-Holstein,53.853254,10.431417,C497R124,53.849999999999994,10.43,0.0035491414454816073
309,DEF0F,Stormarn,Schleswig-Holstein,53.849912,10.54579,C509R124,53.849999999999994,10.55,0.004210919614526327
313,DE80M,Nordwestmecklenburg,Mecklenburg-Vorpommern,53.85084,11.035963,C558R124,53.849999999999994,11.04,0.0041234656540335415
316,DE80M,Nordwestmecklenburg,Mecklenburg-Vorpommern,53.853201,11.401977,C594R124,53.849999999999994,11.4,0.003762303815486933
317,DE80M,Nordwestmecklenburg,Mecklenburg-Vorpommern,53.873038,11.54019,C608R122,53.87,11.54,0.003043935610360839
318,DE80M,Nordwestmecklenburg,Mecklenburg-Vorpommern,53.869889,11.658533,C620R122,53.87,11.66,0.001471193393133264
320,DE80K,Landkreis Rostock,Mecklenburg-Vorpommern,53.873098,11.887612,C643R122,53.87,11.89,0.003911540361546554
322,DE80K,Landkreis Rostock,Mecklenburg-Vorpommern,53.854798,12.097119,C664R124,53.849999999999994,12.100000000000001,0.0055965136469135635
323,DE80K,Landkreis Rostock,Mecklenburg-Vorpommern,53.838268,12.260999,C680R125,53.839999999999996,12.26,0.0019994561760613436
324,DE80K,Landkreis Rostock,Mecklenburg-Vorpommern,53.837341,12.328747,C687R125,53.839999999999996,12.33,0.0029394370209224674
325,DE80K,Landkreis Rostock,Mecklenburg-Vorpommern,53.836751,12.493331,C703R125,53.839999999999996,12.49,0.004653123896907765
326,DE80K,Landkreis Rostock,Mecklenburg-Vorpommern,53.865313,12.58211,C712R122,53.87,12.58,0.00514004562236291
328,DE80J,Mecklenburgische Seenplatte,Mecklenburg-Vorpommern,53.853092,12.800933,C734R124,53.849999999999994,12.8,0.0032296985927504195
329,DE80J,Mecklenburgische Seenplatte,Mecklenburg-Vorpommern,53.844116,12.932944,C747R125,53.839999999999996,12.93,0.0050604932565941
330,DE80J,Mecklenburgische Seenplatte,Mecklenburg-Vorpommern,53.85079,13.111561,C765R124,53.849999999999994,13.11,0.0017495202199506964
331,DE80N,Vorpommern-Greifswald,Mecklenburg-Vorpommern,53.826957,13.248725,C779R126,53.83,13.25,0.003299314171155551
332,DE80J,Mecklenburgische Seenplatte,Mecklenburg-Vorpommern,53.806305,13.360073,C790R128,53.809999999999995,13.36,0.003695721039249427
333,DE80N,Vorpommern-Greifswald,Mecklenburg-Vorpommern,53.818474,13.456773,C800R127,53.81999999999999,13.46,0.003569622529060769
334,DE80N,Vorpommern-Greifswald,Mecklenburg-Vorpommern,53.799794,13.560526,C810R129,53.8,13.559999999999999,0.0005648999911490088
335,DE80N,Vorpommern-Greifswald,Mecklenburg-Vorpommern,53.808781,13.663932,C820R128,53.809999999999995,13.66,0.004116623009213471
336,DE80N,Vorpommern-Greifswald,Mecklenburg-Vorpommern,53.799119,13.80395,C834R129,53.8,13.8,0.004047055843449271
338,DE932,Cuxhaven,Niedersachsen,53.779834,8.715941,C326R131,53.779999999999994,8.72,0.0040623930139754025
339,DE932,Cuxhaven,Niedersachsen,53.803229,8.819293,C336R131,53.779999999999994,8.82,0.023239756668269114
341,DE932,Cuxhaven,Niedersachsen,53.772042,9.081813,C362R132,53.769999999999996,9.08,0.00273070192441673
344,DEF0E,Steinburg,Schleswig-Holstein,53.811234,9.431155,C397R125,53.839999999999996,9.43,0.028789178192505812
345,DEF0E,Steinburg,Schleswig-Holstein,53.803154,9.547591,C409R129,53.8,9.55,0.003968752574804047
346,DEF09,Pinneberg,Schleswig-Holstein,53.817497,9.680409,C422R127,53.81999999999999,9.68,0.0025361959703363306
347,DEF09,Pinneberg,Schleswig-Holstein,53.792428,9.773682,C431R130,53.79,9.77,0.0044104770717030865
348,DEF0D,Segeberg,Schleswig-Holstein,53.815744,9.898425,C444R127,53.81999999999999,9.9,0.0045380789988634235
349,DEF0D,Segeberg,Schleswig-Holstein,53.782866,10.079047,C462R131,53.779999999999994,10.08,0.0030202922044112413
350,DEF0D,Segeberg,Schleswig-Holstein,53.818059,10.181092,C472R127,53.81999999999999,10.18,0.002227093397228917
351,DEF0F,Stormarn,Schleswig-Holstein,53.788562,10.303314,C484R130,53.79,10.3,0.00361253927314266
353,DEF0F,Stormarn,Schleswig-Holstein,53.805824,10.501158,C504R128,53.809999999999995,10.5,0.00433358281332549
354,DEF03,"Lübeck, Kreisfreie Stadt",Schleswig-Holstein,53.808754,10.689688,C523R128,53.809999999999995,10.690000000000001,0.0012844687617795656
356,DE80M,Nordwestmecklenburg,Mecklenburg-Vorpommern,53.814564,10.886491,C543R128,53.809999999999995,10.89,0.005757011116892692
357,DE80M,Nordwestmecklenburg,Mecklenburg-Vorpommern,53.788061,11.001653,C554R130,53.79,11.0,0.002547965855343828
358,DE80M,Nordwestmecklenburg,Mecklenburg-Vorpommern,53.766085,11.122092,C566R132,53.769999999999996,11.120000000000001,0.00443888375608002
361,DE80M,Nordwestmecklenburg,Mecklenburg-Vorpommern,53.776156,11.484397,C602R131,53.779999999999994,11.48,0.005840371991572449
364,DE80K,Landkreis Rostock,Mecklenburg-Vorpommern,53.770253,11.847896,C639R132,53.769999999999996,11.850000000000001,0.002119156671887322
365,DE80K,Landkreis Rostock,Mecklenburg-Vorpommern,53.764859,11.989482,C653R133,53.76,11.99,0.004886533024551396
366,DE80K,Landkreis Rostock,Mecklenburg-Vorpommern,53.762531,12.137173,C668R133,53.76,12.14,0.0037944551651091386
368,DE80K,Landkreis Rostock,Mecklenburg-Vorpommern,53.767211,12.369538,C691R132,53.769999999999996,12.370000000000001,0.0028270063671595362
371,DE80J,Mecklenburgische Seenplatte,Mecklenburg-Vorpommern,53.793381,12.726535,C727R130,53.79,12.73,0.004841217408873971
372,DE80J,Mecklenburgische Seenplatte,Mecklenburg-Vorpommern,53.761423,12.871749,C741R133,53.76,12.870000000000001,0.0022547571931367714
373,DE80J,Mecklenburgische Seenplatte,Mecklenburg-Vorpommern,53.756598,12.967223,C751R133,53.76,12.969999999999999,0.004391506916765442
374,DE80J,Mecklenburgische Seenplatte,Mecklenburg-Vorpommern,53.777052,13.04736,C759R131,53.779999999999994,13.05,0.003957310197594531
375,DE80J,Mecklenburgische Seenplatte,Mecklenburg-Vorpommern,53.750963,13.169138,C771R134,53.75,13.17,0.0012924445829500782
377,DE80J,Mecklenburgische Seenplatte,Mecklenburg-Vorpommern,53.723733,13.422602,C796R137,53.72,13.42,0.004550350865595684
379,DE80N,Vorpommern-Greifswald,Mecklenburg-Vorpommern,53.756051,13.696577,C824R133,53.76,13.7,0.005226043436481129
380,DE80N,Vorpommern-Greifswald,Mecklenburg-Vorpommern,53.723866,13.820071,C836R137,53.72,13.82,0.003866651910893533
382,DE80N,Vorpommern-Greifswald,Mecklenburg-Vorpommern,53.750061,14.064758,C860R141,53.68,14.059999999999999,0.0702223773807208
383,DE80N,Vorpommern-Greifswald,Mecklenburg-Vorpommern,53.710405,14.128854,C867R142,53.669999999999995,14.129999999999999,0.04042124863237843
384,DE94A,Friesland (DE),Niedersachsen,53.684031,7.880453,C241R146,53.629999999999995,7.87,0.055032846282926436
385,DE94A,Friesland (DE),Niedersachsen,53.684462,7.973227,C251R147,53.62,7.970000000000001,0.06454272207616261
386,DE932,Cuxhaven,Niedersachsen,53.735051,8.560638,C313R135,53.739999999999995,8.59,0.029776159003469617
387,DE932,Cuxhaven,Niedersachsen,53.71189,8.673346,C321R138,53.709999999999994,8.67,0.003842891619603004
388,DE932,Cuxhaven,Niedersachsen,53.739057,8.837157,C338R135,53.739999999999995,8.84,0.0029953126714898602
390,DE932,Cuxhaven,Niedersachsen,53.70417,9.070511,C361R139,53.699999999999996,9.07,0.004201192806812869
391,DE932,Cuxhaven,Niedersachsen,53.724648,9.158349,C370R137,53.72,9.16,0.004932515078540682
393,DEF09,Pinneberg,Schleswig-Holstein,53.747628,9.578995,C412R134,53.75,9.58,0.002576122861977659
394,DEF09,Pinneberg,Schleswig-Holstein,53.723819,9.702658,C424R137,53.72,9.7,0.004652926498452514
395,DEF09,Pinneberg,Schleswig-Holstein,53.719837,9.824587,C436R137,53.72,9.82,0.00458989520577443
399,DEF0F,Stormarn,Schleswig-Holstein,53.720897,10.252357,C479R137,53.72,10.25,0.002521915541806105
400,DEF0F,Stormarn,Schleswig-Holstein,53.739159,10.391984,C493R135,53.739999999999995,10.39,0.002154886771965268
401,DEF06,Herzogtum Lauenburg,Schleswig-Holstein,53.740759,10.504572,C504R135,53.739999999999995,10.5,0.0046345727958463905
402,DEF06,Herzogtum Lauenburg,Schleswig-Holstein,53.713124,10.655177,C520R138,53.709999999999994,10.66,0.0057463645028872495
406,DE80M,Nordwestmecklenburg,Mecklenburg-Vorpommern,53.736354,11.129454,C567R135,53.739999999999995,11.129999999999999,0.003686655937292052
408,DE80M,Nordwestmecklenburg,Mecklenburg-Vorpommern,53.706759,11.367176,C591R138,53.709999999999994,11.370000000000001,0.004298727369812337
409,DE80M,Nordwestmecklenburg,Mecklenburg-Vorpommern,53.726091,11.493284,C603R136,53.73,11.49,0.005105383139392615
410,DE80O,Ludwigslust-Parchim,Mecklenburg-Vorpommern,53.72198,11.621504,C616R137,53.72,11.620000000000001,0.0024864464603142344
411,DE80O,Ludwigslust-Parchim,Mecklenburg-Vorpommern,53.726947,11.754682,C629R136,53.73,11.75,0.005589448362760991
412,DE80O,Ludwigslust-Parchim,Mecklenburg-Vorpommern,53.703165,11.860148,C640R139,53.699999999999996,11.86,0.0031684584579914792
413,DE80O,Ludwigslust-Parchim,Mecklenburg-Vorpommern,53.696552,12.003211,C654R139,53.699999999999996,12.0,0.004711605352742686
414,DE80K,Landkreis Rostock,Mecklenburg-Vorpommern,53.711232,12.081661,C662R138,53.709999999999994,12.08,0.002068029255117737
416,DE80K,Landkreis Rostock,Mecklenburg-Vorpommern,53.70877,12.378657,C692R138,53.709999999999994,12.379999999999999,0.001821139478452341
417,DE80K,Landkreis Rostock,Mecklenburg-Vorpommern,53.698216,12.461039,C700R139,53.699999999999996,12.46,0.0020645040566621103
418,DE80K,Landkreis Rostock,Mecklenburg-Vorpommern,53.672859,12.589065,C713R142,53.669999999999995,12.59,0.003008006981382463
419,DE80J,Mecklenburgische Seenplatte,Mecklenburg-Vorpommern,53.716497,12.731106,C727R137,53.72,12.73,0.0036734513743908945
421,DE80J,Mecklenburgische Seenplatte,Mecklenburg-Vorpommern,53.681447,12.943994,C748R141,53.68,12.940000000000001,0.004248040136343641
422,DE80J,Mecklenburgische Seenplatte,Mecklenburg-Vorpommern,53.710904,13.071282,C761R138,53.709999999999994,13.07,0.001568674599784643
423,DE80J,Mecklenburgische Seenplatte,Mecklenburg-Vorpommern,53.678636,13.179055,C772R141,53.68,13.18,0.0016593736770257558
426,DE80J,Mecklenburgische Seenplatte,Mecklenburg-Vorpommern,53.655602,13.56545,C811R143,53.66,13.57,0.006328104297493422
427,DE80J,Mecklenburgische Seenplatte,Mecklenburg-Vorpommern,53.654738,13.654995,C819R144,53.65,13.649999999999999,0.006884669127855048
428,DE80N,Vorpommern-Greifswald,Mecklenburg-Vorpommern,53.644551,13.79462,C833R145,53.64,13.79,0.0064850598301019954
429,DE80N,Vorpommern-Greifswald,Mecklenburg-Vorpommern,53.67638,13.890848,C843R141,53.68,13.89,0.0037179973103788544
430,DE80N,Vorpommern-Greifswald,Mecklenburg-Vorpommern,53.650155,14.017199,C856R144,53.65,14.02,0.0028052853687279104
434,DE947,Aurich,Niedersachsen,53.646681,7.388101,C193R144,53.65,7.39,0.003823867414017356
435,DE94H,Wittmund,Niedersachsen,53.650334,7.522543,C206R144,53.65,7.52,0.002564840150965057
436,DE94H,Wittmund,Niedersachsen,53.643579,7.593149,C213R146,53.629999999999995,7.59,0.013939348693543628
437,DE94H,Wittmund,Niedersachsen,53.639561,7.705286,C225R146,53.629999999999995,7.71,0.010659949202510078
438,DE94H,Wittmund,Niedersachsen,53.619519,7.834822,C237R147,53.62,7.83,0.00484593076714881
439,DE94A,Friesland (DE),Niedersachsen,53.63823,8.016989,C252R147,53.62,7.98,0.041237349829979474
440,DE932,Cuxhaven,Niedersachsen,53.636242,8.624286,C316R145,53.64,8.620000000000001,0.005700207013782171
441,DE932,Cuxhaven,Niedersachsen,53.6704,8.72886,C327R142,53.669999999999995,8.73,0.001208139064846341
442,DE932,Cuxhaven,Niedersachsen,53.641054,8.854892,C339R145,53.64,8.85,0.005004256188485084
443,DE932,Cuxhaven,Niedersachsen,53.671177,8.978655,C352R142,53.669999999999995,8.98,0.001787275580321801
445,DE932,Cuxhaven,Niedersachsen,53.644069,9.163069,C370R145,53.64,9.16,0.005096618683010313
446,DE939,Stade,Niedersachsen,53.628585,9.339073,C388R146,53.629999999999995,9.34,0.0016916128398609123
447,DE939,Stade,Niedersachsen,53.639632,9.411836,C395R145,53.64,9.41,0.0018725170226189672
449,DEF09,Pinneberg,Schleswig-Holstein,53.639413,9.706163,C425R145,53.64,9.71,0.003881641147763318
450,DEF09,Pinneberg,Schleswig-Holstein,53.639428,9.826064,C437R145,53.64,9.83,0.003977345848677735
455,DEF0F,Stormarn,Schleswig-Holstein,53.642124,10.440501,C498R145,53.64,10.440000000000001,0.002182287103019819
456,DEF06,Herzogtum Lauenburg,Schleswig-Holstein,53.640896,10.49379,C503R145,53.64,10.49,0.003894472493162367
458,DEF06,Herzogtum Lauenburg,Schleswig-Holstein,53.667545,10.786787,C533R142,53.669999999999995,10.79,0.004043562043542892
461,DE80M,Nordwestmecklenburg,Mecklenburg-Vorpommern,53.664988,11.106482,C565R143,53.66,11.11,0.006103807664076747
462,DE80M,Nordwestmecklenburg,Mecklenburg-Vorpommern,53.638947,11.253252,C579R145,53.64,11.25,0.0034182324379708833
464,DE80O,Ludwigslust-Parchim,Mecklenburg-Vorpommern,53.622012,11.506217,C605R147,53.62,11.51,0.004284767554956122
469,DE80K,Landkreis Rostock,Mecklenburg-Vorpommern,53.652736,12.088849,C663R144,53.65,12.09,0.0029682481365265584
471,DE80K,Landkreis Rostock,Mecklenburg-Vorpommern,53.630768,12.303845,C684R146,53.629999999999995,12.3,0.00392095001243485
473,DE80J,Mecklenburgische Seenplatte,Mecklenburg-Vorpommern,53.615184,12.558155,C710R147,53.62,12.56,0.005157313350959653
474,DE80J,Mecklenburgische Seenplatte,Mecklenburg-Vorpommern,53.63812,12.678013,C722R145,53.64,12.68,0.0027354284856304536
476,DE80J,Mecklenburgische Seenplatte,Mecklenburg-Vorpommern,53.599573,12.970093,C751R149,53.599999999999994,12.969999999999999,0.00043701029735679066
477,DE80J,Mecklenburgische Seenplatte,Mecklenburg-Vorpommern,53.60796,13.067585,C761R148,53.61,13.07,0.00316130115617104
478,DE80J,Mecklenburgische Seenplatte,Mecklenburg-Vorpommern,53.601636,13.203669,C774R149,53.599999999999994,13.2,0.00401722005869962
479,DE80J,Mecklenburgische Seenplatte,Mecklenburg-Vorpommern,53.615953,13.304377,C784R147,53.62,13.3,0.005961236281175072
480,DE80J,Mecklenburgische Seenplatte,Mecklenburg-Vorpommern,53.598523,13.399349,C794R149,53.599999999999994,13.4,0.0016141034663187382
483,DE80N,Vorpommern-Greifswald,Mecklenburg-Vorpommern,53.580204,13.821045,C836R151,53.58,13.82,0.0010647257862945187
486,DE80N,Vorpommern-Greifswald,Mecklenburg-Vorpommern,53.559887,14.168867,C871R153,53.559999999999995,14.170000000000002,0.00113862109588782
488,DE947,Aurich,Niedersachsen,53.523993,7.139292,C170R157,53.519999999999996,7.16,0.021089459760743227
489,DE947,Aurich,Niedersachsen,53.544222,7.292,C183R155,53.54,7.29,0.004671753846253827
490,DE947,Aurich,Niedersachsen,53.539687,7.368176,C191R155,53.54,7.37,0.0018506606928335638
493,DE94H,Wittmund,Niedersachsen,53.578873,7.783493,C232R151,53.58,7.779999999999999,0.0036703103411015736
497,DE94G,Wesermarsch,Niedersachsen,53.560189,8.369867,C291R158,53.51,8.370000000000001,0.05018917622356753
499,DE932,Cuxhaven,Niedersachsen,53.574518,8.748119,C329R152,53.56999999999999,8.75,0.004893923272798324
500,DE932,Cuxhaven,Niedersachsen,53.553001,8.859111,C340R154,53.55,8.86,0.0031299076663739538
501,DE932,Cuxhaven,Niedersachsen,53.592875,8.970127,C351R150,53.589999999999996,8.97,0.0028778036764201655
502,DE932,Cuxhaven,Niedersachsen,53.567939,9.090317,C363R152,53.56999999999999,9.09,0.002085236197643211
504,DE939,Stade,Niedersachsen,53.561318,9.291974,C383R153,53.559999999999995,9.29,0.002373562722999965
506,DE939,Stade,Niedersachsen,53.586954,9.586014,C413R153,53.559999999999995,9.59,0.027247134014427687
507,DEF09,Pinneberg,Schleswig-Holstein,53.578515,9.705957,C425R147,53.62,9.71,0.0416815435654625
511,DEF0F,Stormarn,Schleswig-Holstein,53.588603,10.205121,C475R150,53.589999999999996,10.21,0.005075061575981069
512,DEF0F,Stormarn,Schleswig-Holstein,53.580353,10.264917,C480R151,53.58,10.26,0.004929654957500576
513,DEF0F,Stormarn,Schleswig-Holstein,53.580533,10.372407,C491R151,53.58,10.370000000000001,0.0024653068774503073
514,DEF06,Herzogtum Lauenburg,Schleswig-Holstein,53.565949,10.547391,C509R152,53.56999999999999,10.55,0.004818452241116939
515,DEF06,Herzogtum Lauenburg,Schleswig-Holstein,53.581838,10.636723,C518R151,53.58,10.64,0.003757256046638527
517,DE80O,Ludwigslust-Parchim,Mecklenburg-Vorpommern,53.570425,10.905691,C545R152,53.56999999999999,10.91,0.004329908313118723
518,DE80O,Ludwigslust-Parchim,Mecklenburg-Vorpommern,53.588672,11.024764,C556R150,53.589999999999996,11.02,0.004945632416585494
519,DE80O,Ludwigslust-Parchim,Mecklenburg-Vorpommern,53.564067,11.165022,C571R153,53.559999999999995,11.17,0.006428139155311261
520,DE80O,Ludwigslust-Parchim,Mecklenburg-Vorpommern,53.579436,11.267083,C581R151,53.58,11.27,0.0029710242341652307
521,DE80O,Ludwigslust-Parchim,Mecklenburg-Vorpommern,53.578356,11.349798,C589R151,53.58,11.35,0.0016563634866768237
522,DE80O,Ludwigslust-Parchim,Mecklenburg-Vorpommern,53.573932,11.474573,C601R152,53.56999999999999,11.469999999999999,0.006030999336764434
523,DE80O,Ludwigslust-Parchim,Mecklenburg-Vorpommern,53.573866,11.610972,C615R152,53.56999999999999,11.61,0.003986319104145227
524,DE80O,Ludwigslust-Parchim,Mecklenburg-Vorpommern,53.552389,11.717902,C626R154,53.55,11.719999999999999,0.003179453569404233
526,DE80O,Ludwigslust-Parchim,Mecklenburg-Vorpommern,53.554277,11.966533,C651R154,53.55,11.969999999999999,0.00550570776558359
527,DE80O,Ludwigslust-Parchim,Mecklenburg-Vorpommern,53.544638,12.077028,C662R155,53.54,12.08,0.005508523214074511
532,DE80J,Mecklenburgische Seenplatte,Mecklenburg-Vorpommern,53.569711,12.73211,C727R152,53.56999999999999,12.73,0.0021296997440947876
533,DE80J,Mecklenburgische Seenplatte,Mecklenburg-Vorpommern,53.570451,12.839016,C738R152,53.56999999999999,12.84,0.0010824310601617046
534,DE80J,Mecklenburgische Seenplatte,Mecklenburg-Vorpommern,53.551296,12.924444,C746R154,53.55,12.92,0.004629120002765559
536,DE80J,Mecklenburgische Seenplatte,Mecklenburg-Vorpommern,53.549635,13.214686,C775R154,53.55,13.21,0.004700193719411141
539,DE80J,Mecklenburgische Seenplatte,Mecklenburg-Vorpommern,53.51167,13.571912,C811R158,53.51,13.57,0.002538630339378021
540,DE80J,Mecklenburgische Seenplatte,Mecklenburg-Vorpommern,53.544088,13.641314,C818R155,53.54,13.64,0.0042939888215995075
541,DE40I,Uckermark,Brandenburg,53.527145,13.814396,C835R156,53.529999999999994,13.809999999999999,0.005241740264453737
542,DE80N,Vorpommern-Greifswald,Mecklenburg-Vorpommern,53.520348,13.911873,C845R157,53.519999999999996,13.91,0.0019050545923938584
543,DE80N,Vorpommern-Greifswald,Mecklenburg-Vorpommern,53.503909,13.999084,C854R159,53.5,14.0,0.004014889413172114
544,DE80N,Vorpommern-Greifswald,Mecklenburg-Vorpommern,53.496662,14.140249,C868R159,53.5,14.14,0.003347274264232923
546,DE947,Aurich,Niedersachsen,53.459699,7.035855,C163R163,53.459999999999994,7.09,0.054145836645119884
547,DE947,Aurich,Niedersachsen,53.472625,7.144331,C168R162,53.47,7.14,0.005064403814864533
548,DE947,Aurich,Niedersachsen,53.484541,7.234095,C177R161,53.48,7.23,0.0061147122581545425
551,DE947,Aurich,Niedersachsen,53.511061,7.618147,C216R158,53.51,7.62,0.0021352587665203456
553,DE94H,Wittmund,Niedersachsen,53.513278,7.886007,C243R158,53.51,7.8900000000000015,0.0051661719870733
554,DE94A,Friesland (DE),Niedersachsen,53.487298,7.995376,C252R160,53.489999999999995,7.98,0.0156116040175234
561,DE937,Rotenburg (Wümme),Niedersachsen,53.517181,9.095128,C364R157,53.519999999999996,9.1,0.005628778286623327
562,DE937,Rotenburg (Wümme),Niedersachsen,53.486335,9.196884,C374R160,53.489999999999995,9.2,0.004810580110545569
564,DE939,Stade,Niedersachsen,53.529454,9.467478,C401R156,53.529999999999994,9.469999999999999,0.002580426321363827
566,DE939,Stade,Niedersachsen,53.495973,9.705866,C425R159,53.5,9.71,0.005771194417103771
567,DE600,Hamburg,Hamburg,53.516637,9.792503,C433R157,53.519999999999996,9.79,0.004192228285763764
569,DE600,Hamburg,Hamburg,53.529477,10.052237,C459R156,53.529999999999994,10.05,0.0022973240955489953
573,DEF06,Herzogtum Lauenburg,Schleswig-Holstein,53.51117,10.483169,C502R158,53.51,10.48,0.003378085404486227
574,DEF06,Herzogtum Lauenburg,Schleswig-Holstein,53.500808,10.633987,C517R159,53.5,10.629999999999999,0.004068050270092792
576,DE80O,Ludwigslust-Parchim,Mecklenburg-Vorpommern,53.492846,10.922422,C546R160,53.489999999999995,10.92,0.003737084425060022
577,DE80O,Ludwigslust-Parchim,Mecklenburg-Vorpommern,53.490452,11.019782,C556R160,53.489999999999995,11.02,0.0005018246705799104
578,DE80O,Ludwigslust-Parchim,Mecklenburg-Vorpommern,53.52743,11.154784,C569R156,53.529999999999994,11.15,0.0054306128567544725
579,DE80O,Ludwigslust-Parchim,Mecklenburg-Vorpommern,53.526178,11.258834,C580R156,53.529999999999994,11.26,0.003995902901715856
580,DE80O,Ludwigslust-Parchim,Mecklenburg-Vorpommern,53.518831,11.372626,C591R157,53.519999999999996,11.370000000000001,0.0028744455117448837
581,DE80O,Ludwigslust-Parchim,Mecklenburg-Vorpommern,53.499361,11.449865,C599R159,53.5,11.45,0.0006531048920342609
582,DE80O,Ludwigslust-Parchim,Mecklenburg-Vorpommern,53.501378,11.611659,C615R159,53.5,11.61,0.0021566559762760647
583,DE80O,Ludwigslust-Parchim,Mecklenburg-Vorpommern,53.477033,11.710315,C625R161,53.48,11.71,0.0029836745801089496
584,DE80O,Ludwigslust-Parchim,Mecklenburg-Vorpommern,53.484621,11.842311,C638R161,53.48,11.84,0.005166658688166345
585,DE80O,Ludwigslust-Parchim,Mecklenburg-Vorpommern,53.504665,12.002283,C654R159,53.5,12.0,0.005193680198089535
587,DE80O,Ludwigslust-Parchim,Mecklenburg-Vorpommern,53.492448,12.234545,C677R160,53.489999999999995,12.23,0.00516233755192766
590,DE80J,Mecklenburgische Seenplatte,Mecklenburg-Vorpommern,53.500426,12.558966,C710R159,53.5,12.56,0.0011183165920253069
596,DE80J,Mecklenburgische Seenplatte,Mecklenburg-Vorpommern,53.48815,13.281824,C782R160,53.489999999999995,13.280000000000001,0.0025979753655467086
597,DE80J,Mecklenburgische Seenplatte,Mecklenburg-Vorpommern,53.48087,13.407434,C795R161,53.48,13.41,0.0027094752259450355
600,DE40I,Uckermark,Brandenburg,53.468612,13.812063,C835R162,53.47,13.809999999999999,0.002486465965985108
601,DE80N,Vorpommern-Greifswald,Mecklenburg-Vorpommern,53.437896,13.915835,C846R165,53.44,13.920000000000002,0.004666266280443074
602,DE80N,Vorpommern-Greifswald,Mecklenburg-Vorpommern,53.457741,14.041497,C858R163,53.459999999999994,14.04,0.002709998154977149
603,DE80N,Vorpommern-Greifswald,Mecklenburg-Vorpommern,53.43791,14.179401,C872R165,53.44,14.18,0.00217414373949386
604,DE80N,Vorpommern-Greifswald,Mecklenburg-Vorpommern,53.434812,14.25548,C880R166,53.43,14.260000000000002,0.006601950014959354
605,DE947,Aurich,Niedersachsen,53.413416,7.022619,C163R168,53.41,7.09,0.06746753454069615
606,DE947,Aurich,Niedersachsen,53.388748,7.156296,C169R169,53.4,7.15,0.012893685276133202
607,DE942,"Emden, Kreisfreie Stadt",Niedersachsen,53.407192,7.265476,C181R168,53.41,7.27,0.00532460702775044
608,DE947,Aurich,Niedersachsen,53.435072,7.404265,C194R165,53.44,7.4,0.0065173160886971
609,DE947,Aurich,Niedersachsen,53.433643,7.523957,C206R166,53.43,7.52,0.005378596285275682
611,DE947,Aurich,Niedersachsen,53.39395,7.766612,C231R170,53.39,7.77,0.005203945041981564
612,DE94H,Wittmund,Niedersachsen,53.43909,7.871685,C241R165,53.44,7.87,0.0019150261094815465
614,DE94A,Friesland (DE),Niedersachsen,53.41396,8.16061,C268R168,53.41,8.14,0.020986988826414168
615,DE94G,Wesermarsch,Niedersachsen,53.449185,8.369392,C291R164,53.449999999999996,8.370000000000001,0.0010168033241462968
617,DE932,Cuxhaven,Niedersachsen,53.435518,8.564611,C310R165,53.44,8.56,0.0064303689629718825
618,DE932,Cuxhaven,Niedersachsen,53.428045,8.763079,C330R166,53.43,8.76,0.0036472271659449555
619,DE932,Cuxhaven,Niedersachsen,53.435719,8.885531,C343R165,53.44,8.89,0.006188612283864033
620,DE937,Rotenburg (Wümme),Niedersachsen,53.440862,8.979706,C352R165,53.44,8.98,0.0009107579261301019
622,DE937,Rotenburg (Wümme),Niedersachsen,53.42707,9.161501,C370R166,53.43,9.16,0.003292096748273553
624,DE939,Stade,Niedersachsen,53.431354,9.478852,C402R166,53.43,9.48,0.0017751675977211747
625,DE939,Stade,Niedersachsen,53.418555,9.533875,C407R167,53.419999999999995,9.530000000000001,0.004135655933462398
626,DE939,Stade,Niedersachsen,53.459472,9.667689,C421R163,53.459999999999994,9.67,0.0023705495143527917
629,DE933,Harburg,Niedersachsen,53.423923,10.020535,C456R167,53.419999999999995,10.02,0.003959312314033786
630,DE600,Hamburg,Hamburg,53.442841,10.17881,C472R165,53.44,10.18,0.0030801592491329394
631,DE600,Hamburg,Hamburg,53.447747,10.321119,C486R164,53.449999999999996,10.32,0.002515585418939393
634,DE80O,Ludwigslust-Parchim,Mecklenburg-Vorpommern,53.44638,10.63779,C518R164,53.449999999999996,10.64,0.0042412851825813875
635,DE80O,Ludwigslust-Parchim,Mecklenburg-Vorpommern,53.448586,10.765991,C531R164,53.449999999999996,10.77,0.004251055986456862
637,DE80O,Ludwigslust-Parchim,Mecklenburg-Vorpommern,53.451927,11.034998,C557R164,53.449999999999996,11.030000000000001,0.005356615815978873
638,DE80O,Ludwigslust-Parchim,Mecklenburg-Vorpommern,53.427268,11.156108,C570R166,53.43,11.16,0.004755153835578085
639,DE80O,Ludwigslust-Parchim,Mecklenburg-Vorpommern,53.424657,11.272413,C581R167,53.419999999999995,11.27,0.005245018398450582
641,DE80O,Ludwigslust-Parchim,Mecklenburg-Vorpommern,53.415397,11.504404,C604R167,53.419999999999995,11.5,0.006370465053664076
642,DE80O,Ludwigslust-Parchim,Mecklenburg-Vorpommern,53.4411,11.605662,C615R165,53.44,11.61,0.004475292616130495
645,DE80O,Ludwigslust-Parchim,Mecklenburg-Vorpommern,53.417073,11.962283,C650R167,53.419999999999995,11.96,0.0037120638464268898
647,DE80O,Ludwigslust-Parchim,Mecklenburg-Vorpommern,53.438855,12.235571,C678R165,53.44,12.24,0.00457461102171568
649,DE80J,Mecklenburgische Seenplatte,Mecklenburg-Vorpommern,53.42175,12.455036,C700R167,53.419999999999995,12.46,0.00526343955983537
656,DE80J,Mecklenburgische Seenplatte,Mecklenburg-Vorpommern,53.400734,13.321288,C786R169,53.4,13.32,0.0014824641648279395
658,DE40I,Uckermark,Brandenburg,53.370697,13.549392,C809R172,53.37,13.55,0.0009249178341913142
659,DE40I,Uckermark,Brandenburg,53.398093,13.627363,C817R169,53.4,13.629999999999999,0.0032542922425581404
660,DE40I,Uckermark,Brandenburg,53.378268,13.791335,C833R171,53.379999999999995,13.79,0.002186789656092251
661,DE40I,Uckermark,Brandenburg,53.352985,13.906849,C845R174,53.349999999999994,13.91,0.004340394682516749
662,DE40I,Uckermark,Brandenburg,53.391945,13.99572,C854R170,53.39,14.0,0.004701215268416626
663,DE40I,Uckermark,Brandenburg,53.371207,14.165634,C871R172,53.37,14.170000000000002,0.0045297687578959925
664,DE40I,Uckermark,Brandenburg,53.381154,14.228567,C877R171,53.379999999999995,14.23,0.0018398926599171286
667,DE94C,Leer,Niedersachsen,53.349182,7.391711,C193R174,53.349999999999994,7.39,0.00189648226988632
668,DE947,Aurich,Niedersachsen,53.354637,7.527994,C207R174,53.349999999999994,7.529999999999999,0.005052306898835579
669,DE94C,Leer,Niedersachsen,53.322314,7.642939,C218R177,53.31999999999999,7.640000000000001,0.0037406305618201447
670,DE94C,Leer,Niedersachsen,53.339491,7.761108,C230R175,53.339999999999996,7.76,0.0012193215326543275
673,DE946,Ammerland,Niedersachsen,53.33865,8.15553,C270R175,53.339999999999996,8.16,0.004669411097770522
677,DE932,Cuxhaven,Niedersachsen,53.368421,8.574735,C311R172,53.37,8.57,0.0049913390988791835
678,DE932,Cuxhaven,Niedersachsen,53.337196,8.735255,C328R175,53.339999999999996,8.74,0.005511573368828936
680,DE937,Rotenburg (Wümme),Niedersachsen,53.378198,8.93012,C347R171,53.379999999999995,8.93,0.0018059911406184913
681,DE937,Rotenburg (Wümme),Niedersachsen,53.344211,9.068833,C361R175,53.339999999999996,9.07,0.004369715093692503
683,DE937,Rotenburg (Wümme),Niedersachsen,53.374795,9.28141,C382R172,53.37,9.280000000000001,0.004998012104828131
684,DE937,Rotenburg (Wümme),Niedersachsen,53.34342,9.422293,C396R175,53.339999999999996,9.42,0.004117553764073672
685,DE939,Stade,Niedersachsen,53.372364,9.555342,C410R172,53.37,9.559999999999999,0.005223548602242766
686,DE933,Harburg,Niedersachsen,53.36661,9.652122,C419R172,53.37,9.65,0.0039993729508477635
689,DE933,Harburg,Niedersachsen,53.356437,10.082221,C462R173,53.36,10.08,0.004198548558728408
690,DE933,Harburg,Niedersachsen,53.362646,10.14716,C469R173,53.36,10.15,0.0038816125515045083
691,DE933,Harburg,Niedersachsen,53.344923,10.269232,C481R175,53.339999999999996,10.27,0.0049825448317148986
692,DE933,Harburg,Niedersachsen,53.368877,10.408066,C495R172,53.37,10.41,0.0022364000089431057
695,DE80O,Ludwigslust-Parchim,Mecklenburg-Vorpommern,53.365111,10.806726,C535R172,53.37,10.81,0.005883994986401115
696,DE80O,Ludwigslust-Parchim,Mecklenburg-Vorpommern,53.337046,10.89521,C544R175,53.339999999999996,10.9,0.005627629696414978
697,DE80O,Ludwigslust-Parchim,Mecklenburg-Vorpommern,53.358078,10.967145,C551R173,53.36,10.969999999999999,0.0034416724132306734
699,DE80O,Ludwigslust-Parchim,Mecklenburg-Vorpommern,53.357328,11.257561,C580R173,53.36,11.26,0.0036177762506791936
702,DE80O,Ludwigslust-Parchim,Mecklenburg-Vorpommern,53.360461,11.580496,C612R173,53.36,11.58,0.0006771536014829435
703,DE80O,Ludwigslust-Parchim,Mecklenburg-Vorpommern,53.336782,11.696516,C624R175,53.339999999999996,11.7,0.004742760799362445
705,DE80O,Ludwigslust-Parchim,Mecklenburg-Vorpommern,53.356128,11.969471,C651R173,53.36,11.969999999999999,0.003907969421580434
708,DE80J,Mecklenburgische Seenplatte,Mecklenburg-Vorpommern,53.355317,12.327963,C687R173,53.36,12.33,0.005106844231029413
709,DE80J,Mecklenburgische Seenplatte,Mecklenburg-Vorpommern,53.339756,12.413018,C695R175,53.339999999999996,12.41,0.0030278474201967313
711,DE80J,Mecklenburgische Seenplatte,Mecklenburg-Vorpommern,53.349517,12.693538,C723R174,53.349999999999994,12.690000000000001,0.003570816853324762
717,DE80J,Mecklenburgische Seenplatte,Mecklenburg-Vorpommern,53.293821,13.407888,C795R180,53.29,13.41,0.004365842988475107
718,DE40I,Uckermark,Brandenburg,53.317607,13.546124,C809R177,53.31999999999999,13.55,0.004555197580781291
720,DE40I,Uckermark,Brandenburg,53.308336,13.772066,C831R178,53.309999999999995,13.77,0.0026527819360056518
721,DE40I,Uckermark,Brandenburg,53.313594,13.916395,C846R178,53.309999999999995,13.920000000000002,0.005090467660251224
722,DE40I,Uckermark,Brandenburg,53.293186,14.028221,C857R180,53.29,14.030000000000001,0.003649032337483415
723,DE80N,Vorpommern-Greifswald,Mecklenburg-Vorpommern,53.281554,14.140821,C868R181,53.279999999999994,14.14,0.0017575428871064328
724,DE80N,Vorpommern-Greifswald,Mecklenburg-Vorpommern,53.314399,14.238667,C878R178,53.309999999999995,14.239999999999998,0.004596530213112292
725,DE40I,Uckermark,Brandenburg,53.283183,14.355508,C890R181,53.279999999999994,14.36,0.0055054112471309815
726,DE94C,Leer,Niedersachsen,53.257267,7.276159,C182R183,53.26,7.28,0.004714082095169637
728,DE94C,Leer,Niedersachsen,53.281795,7.559999,C210R181,53.279999999999994,7.5600000000000005,0.0017950002785599392
731,DE946,Ammerland,Niedersachsen,53.278563,7.893213,C243R181,53.279999999999994,7.8900000000000015,0.0035197070900829103
733,DE946,Ammerland,Niedersachsen,53.290648,8.120162,C266R180,53.29,8.120000000000001,0.0006679431113482113
734,DE94G,Wesermarsch,Niedersachsen,53.292346,8.276968,C282R180,53.29,8.28,0.0038336327419314503
738,DE936,Osterholz,Niedersachsen,53.27244,8.712051,C325R182,53.269999999999996,8.71,0.0031875070196054245
742,DE937,Rotenburg (Wümme),Niedersachsen,53.291531,9.218132,C376R180,53.29,9.22,0.0024152401536906786
745,DE937,Rotenburg (Wümme),Niedersachsen,53.292761,9.571473,C411R180,53.29,9.57,0.0031293529682658873
750,DE933,Harburg,Niedersachsen,53.282967,10.149178,C469R181,53.279999999999994,10.15,0.003078761601688781
751,DE935,"Lüneburg, Landkreis",Niedersachsen,53.31024,10.268572,C481R178,53.309999999999995,10.27,0.0014480276240456346
752,DE935,"Lüneburg, Landkreis",Niedersachsen,53.294518,10.370228,C491R180,53.29,10.370000000000001,0.00452374932992261
753,DE935,"Lüneburg, Landkreis",Niedersachsen,53.282953,10.506904,C505R181,53.279999999999994,10.51,0.004278483960473133
756,DE935,"Lüneburg, Landkreis",Niedersachsen,53.290037,10.889546,C543R180,53.29,10.89,0.0004555052140218496
757,DE80O,Ludwigslust-Parchim,Mecklenburg-Vorpommern,53.305106,11.028296,C557R178,53.309999999999995,11.030000000000001,0.005182166728303783
758,DE80O,Ludwigslust-Parchim,Mecklenburg-Vorpommern,53.293541,11.10918,C565R180,53.29,11.11,0.003634705077442697
760,DE80O,Ludwigslust-Parchim,Mecklenburg-Vorpommern,53.273184,11.396856,C594R182,53.269999999999996,11.4,0.004474661104489722
761,DE80O,Ludwigslust-Parchim,Mecklenburg-Vorpommern,53.272103,11.50033,C604R182,53.269999999999996,11.5,0.0021287341308914628
762,DE80O,Ludwigslust-Parchim,Mecklenburg-Vorpommern,53.289809,11.64421,C618R180,53.29,11.64,0.00421433043317554
763,DE80O,Ludwigslust-Parchim,Mecklenburg-Vorpommern,53.264035,11.746061,C629R183,53.26,11.75,0.005638878079903905
764,DE80O,Ludwigslust-Parchim,Mecklenburg-Vorpommern,53.29576,11.835005,C638R179,53.3,11.84,0.006551917658209417
769,DE80J,Mecklenburgische Seenplatte,Mecklenburg-Vorpommern,53.283074,12.457012,C700R181,53.279999999999994,12.46,0.004286912641987564
781,DE40I,Uckermark,Brandenburg,53.251006,13.910424,C845R184,53.25,13.91,0.0010917014243802983
782,DE40I,Uckermark,Brandenburg,53.238193,14.024679,C856R185,53.239999999999995,14.02,0.005015804023283172
784,DE40I,Uckermark,Brandenburg,53.23596,14.231764,C877R185,53.239999999999995,14.23,0.0044083212224120686
786,DE94C,Leer,Niedersachsen,53.201767,7.254754,C180R189,53.199999999999996,7.26,0.005535594367364685
787,DE94C,Leer,Niedersachsen,53.217774,7.431052,C197R187,53.22,7.43,0.002462068236260382
789,DE94C,Leer,Niedersachsen,53.205622,7.630329,C217R188,53.209999999999994,7.63,0.0043903445195065186
790,DE946,Ammerland,Niedersachsen,53.204863,7.813607,C235R189,53.199999999999996,7.8100000000000005,0.006054685623553849
796,DE936,Osterholz,Niedersachsen,53.238983,8.486166,C303R185,53.239999999999995,8.49,0.003966591105721694
798,DE936,Osterholz,Niedersachsen,53.207823,8.741666,C328R188,53.209999999999994,8.74,0.0027413290572245374
799,DE936,Osterholz,Niedersachsen,53.206766,8.861652,C340R188,53.209999999999994,8.86,0.003631509328082194
800,DE936,Osterholz,Niedersachsen,53.215729,8.998943,C354R187,53.22,9.0,0.0043998511338410075
801,DE937,Rotenburg (Wümme),Niedersachsen,53.224722,9.070851,C361R187,53.22,9.07,0.004798070966545603
804,DE937,Rotenburg (Wümme),Niedersachsen,53.213055,9.445993,C399R188,53.209999999999994,9.45,0.005038757188039302
805,DE937,Rotenburg (Wümme),Niedersachsen,53.200028,9.553901,C409R189,53.199999999999996,9.55,0.003901100485759494
806,DE933,Harburg,Niedersachsen,53.222638,9.729705,C427R187,53.22,9.73,0.0026544432561320494
808,DE933,Harburg,Niedersachsen,53.240301,9.907584,C445R185,53.239999999999995,9.91,0.002434678007459184
809,DE933,Harburg,Niedersachsen,53.205321,10.019041,C456R188,53.209999999999994,10.02,0.004776266533597274
811,DE935,"Lüneburg, Landkreis",Niedersachsen,53.223206,10.327583,C487R187,53.22,10.33,0.004015012453279449
813,DE935,"Lüneburg, Landkreis",Niedersachsen,53.213331,10.5341,C507R188,53.209999999999994,10.530000000000001,0.005282571438230961
814,DE935,"Lüneburg, Landkreis",Niedersachsen,53.218591,10.641018,C518R187,53.22,10.64,0.0017382764452144024
815,DE935,"Lüneburg, Landkreis",Niedersachsen,53.225721,10.806694,C535R186,53.23,10.81,0.00540735397398528
816,DE935,"Lüneburg, Landkreis",Niedersachsen,53.218527,10.8502,C539R187,53.22,10.85,0.0014865157247710096
818,DE80O,Ludwigslust-Parchim,Mecklenburg-Vorpommern,53.214736,11.123394,C566R188,53.209999999999994,11.120000000000001,0.005826571204410641
819,DE80O,Ludwigslust-Parchim,Mecklenburg-Vorpommern,53.197228,11.236357,C578R189,53.199999999999996,11.24,0.004577710453923871
820,DE80O,Ludwigslust-Parchim,Mecklenburg-Vorpommern,53.198135,11.377001,C592R189,53.199999999999996,11.379999999999999,0.0035316038849191904
822,DE40F,Prignitz,Brandenburg,53.208533,11.638773,C618R188,53.209999999999994,11.64,0.001912489999967012
823,DE40F,Prignitz,Brandenburg,53.219927,11.684572,C622R187,53.22,11.68,0.004572582749387505
824,DE40F,Prignitz,Brandenburg,53.193975,11.85853,C640R190,53.19,11.86,0.0042381039392670105
825,DE40F,Prignitz,Brandenburg,53.226298,11.944949,C648R186,53.23,11.940000000000001,0.006180404922006229
826,DE40F,Prignitz,Brandenburg,53.199546,12.078815,C662R189,53.199999999999996,12.08,0.0012689921197536532
827,DE40F,Prignitz,Brandenburg,53.203028,12.201329,C674R189,53.199999999999996,12.2,0.003306814932838889
828,DE40D,Ostprignitz-Ruppin,Brandenburg,53.214792,12.33401,C687R188,53.209999999999994,12.33,0.006248468932472962
829,DE40D,Ostprignitz-Ruppin,Brandenburg,53.2134,12.407754,C695R188,53.209999999999994,12.41,0.004074863924113371
833,DE40D,Ostprignitz-Ruppin,Brandenburg,53.180469,12.897711,C744R191,53.18,12.9,0.0023365534447145346
839,DE40I,Uckermark,Brandenburg,53.164138,13.650818,C819R193,53.16,13.649999999999999,0.004218076338811266
840,DE40I,Uckermark,Brandenburg,53.144452,13.744007,C828R195,53.14,13.739999999999998,0.005989687220549707
841,DE40I,Uckermark,Brandenburg,53.151206,13.840173,C838R194,53.15,13.84,0.0012183451891841657
847,DE94C,Leer,Niedersachsen,53.105834,7.404349,C194R198,53.11,7.4,0.006022404586207907
849,DE948,Cloppenburg,Niedersachsen,53.121102,7.646571,C219R197,53.12,7.65,0.0036017280574761087
853,DE943,"Oldenburg (Oldenburg), Kreisfreie Stadt",Niedersachsen,53.132577,8.156999,C270R196,53.129999999999995,8.16,0.0039556200525338505
855,DE94D,"Oldenburg, Landkreis",Niedersachsen,53.146566,8.349443,C289R194,53.15,8.35,0.003478879848455404
857,DE94G,Wesermarsch,Niedersachsen,53.143884,8.627626,C317R195,53.14,8.629999999999999,0.004552068980144432
858,DE501,"Bremen, Kreisfreie Stadt",Bremen,53.142307,8.709251,C325R195,53.14,8.71,0.0024255411767293567
859,DE501,"Bremen, Kreisfreie Stadt",Bremen,53.141354,8.852943,C339R195,53.14,8.85,0.003239531601944736
860,DE501,"Bremen, Kreisfreie Stadt",Bremen,53.124878,8.944943,C348R197,53.12,8.94,0.006944647795249029
861,DE93B,Verden,Niedersachsen,53.145432,9.12513,C367R194,53.15,9.129999999999999,0.006677089485694898
863,DE937,Rotenburg (Wümme),Niedersachsen,53.147678,9.315364,C386R194,53.15,9.32,0.00518499566055694
864,DE937,Rotenburg (Wümme),Niedersachsen,53.160221,9.486194,C403R193,53.16,9.49,0.003812410916993086
865,DE937,Rotenburg (Wümme),Niedersachsen,53.140976,9.526859,C407R195,53.14,9.530000000000001,0.0032891422894137804
866,DE938,Heidekreis,Niedersachsen,53.141349,9.673137,C421R195,53.14,9.67,0.00341475767807869
868,DE938,Heidekreis,Niedersachsen,53.138296,9.963493,C450R195,53.14,9.96,0.003886472050588379
869,DE933,Harburg,Niedersachsen,53.173276,10.056705,C460R192,53.169999999999995,10.06,0.004646418082787333
870,DE935,"Lüneburg, Landkreis",Niedersachsen,53.138852,10.191083,C473R195,53.14,10.190000000000001,0.0015782246354686905
874,DE935,"Lüneburg, Landkreis",Niedersachsen,53.173126,10.640935,C518R192,53.169999999999995,10.64,0.003262836342824374
879,DE80O,Ludwigslust-Parchim,Mecklenburg-Vorpommern,53.168978,11.228869,C577R192,53.169999999999995,11.23,0.001524350681433036
880,DE80O,Ludwigslust-Parchim,Mecklenburg-Vorpommern,53.128415,11.373837,C591R196,53.129999999999995,11.370000000000001,0.00415148094057865
883,DE40F,Prignitz,Brandenburg,53.124052,11.721684,C626R197,53.12,11.719999999999999,0.00438800182315541
884,DE40F,Prignitz,Brandenburg,53.115591,11.817772,C636R197,53.12,11.82,0.004939966092997232
887,DE40F,Prignitz,Brandenburg,53.127406,12.222409,C676R196,53.129999999999995,12.219999999999999,0.0035400730218432637
889,DE40D,Ostprignitz-Ruppin,Brandenburg,53.120979,12.404264,C694R197,53.12,12.4,0.004374944228215336
892,DE40D,Ostprignitz-Ruppin,Brandenburg,53.118594,12.761896,C730R197,53.12,12.76,0.0023604347057246647
896,DE40A,Oberhavel,Brandenburg,53.09058,13.260314,C780R200,53.089999999999996,13.26,0.0006595422655199383
899,DE40I,Uckermark,Brandenburg,53.119291,13.635714,C818R197,53.12,13.64,0.004344246424871021
900,DE40I,Uckermark,Brandenburg,53.06965,13.747586,C829R202,53.06999999999999,13.75,0.0024392408655138603
901,DE40I,Uckermark,Brandenburg,53.09191,13.824011,C836R200,53.089999999999996,13.82,0.004442546679553345
902,DE40I,Uckermark,Brandenburg,53.066247,14.000954,C854R202,53.06999999999999,14.0,0.003872353935266134
903,DE40I,Uckermark,Brandenburg,53.083998,14.08305,C862R201,53.08,14.080000000000002,0.005028568782468009
905,DE40I,Uckermark,Brandenburg,53.056894,14.34702,C881R203,53.059999999999995,14.27,0.07708260268050192
911,DE948,Cloppenburg,Niedersachsen,53.068735,7.892672,C243R202,53.06999999999999,7.8900000000000015,0.002956316796282853
915,DE94D,"Oldenburg, Landkreis",Niedersachsen,53.085327,8.370819,C291R200,53.089999999999996,8.370000000000001,0.004744227018173477
918,DE501,"Bremen, Kreisfreie Stadt",Bremen,53.067613,8.745333,C329R202,53.06999999999999,8.75,0.005242008966031632
922,DE937,Rotenburg (Wümme),Niedersachsen,53.082465,9.193885,C373R201,53.08,9.19,0.004601027059256105
924,DE937,Rotenburg (Wümme),Niedersachsen,53.053779,9.460974,C400R204,53.05,9.46,0.0039025013773233102
938,DE934,Lüchow-Dannenberg,Niedersachsen,53.074762,11.119259,C566R202,53.06999999999999,11.120000000000001,0.004819307522877631
940,DE40F,Prignitz,Brandenburg,53.062216,11.341978,C588R203,53.059999999999995,11.34,0.002970377080442176
942,DE40F,Prignitz,Brandenburg,53.045462,11.607669,C615R204,53.05,11.61,0.005101666884457324
944,DE40F,Prignitz,Brandenburg,53.061524,11.809774,C635R203,53.059999999999995,11.81,0.001540666089719062
945,DE40F,Prignitz,Brandenburg,53.072305,11.950404,C649R202,53.06999999999999,11.95,0.0023401369618107556
946,DE40F,Prignitz,Brandenburg,53.055863,12.03624,C658R203,53.059999999999995,12.04,0.005590381829530064
947,DE40F,Prignitz,Brandenburg,53.055147,12.218953,C676R203,53.059999999999995,12.219999999999999,0.004964656886429092
950,DE40D,Ostprignitz-Ruppin,Brandenburg,53.051135,12.579897,C712R204,53.05,12.58,0.0011396639855725853
954,DE40A,Oberhavel,Brandenburg,53.031941,13.038175,C758R206,53.029999999999994,13.04,0.002664227092428551
955,DE40A,Oberhavel,Brandenburg,53.012803,13.150556,C769R208,53.01,13.15,0.002857611765093385
956,DE40A,Oberhavel,Brandenburg,53.048048,13.300525,C784R204,53.05,13.3,0.0020213681010600214
960,DE405,Barnim,Brandenburg,53.012803,13.708952,C825R208,53.01,13.71,0.0029925094820238
962,DE40I,Uckermark,Brandenburg,53.030035,13.994657,C853R206,53.029999999999994,13.989999999999998,0.004657131520583888
963,DE40I,Uckermark,Brandenburg,52.99301,14.064169,C860R210,52.989999999999995,14.059999999999999,0.005142048327274642
964,DE40I,Uckermark,Brandenburg,53.008285,14.179764,C872R204,53.05,14.18,0.04171566757226473
965,DE949,Emsland,Niedersachsen,52.97752,7.310467,C185R211,52.98,7.31,0.0025235865350712442
966,DE949,Emsland,Niedersachsen,52.990927,7.451523,C199R210,52.989999999999995,7.45,0.0017829352203619718
967,DE949,Emsland,Niedersachsen,52.986377,7.570906,C211R210,52.989999999999995,7.57,0.0037345635621824857
968,DE949,Emsland,Niedersachsen,53.000944,7.679267,C222R209,53.0,7.68,0.0011951673522956519
969,DE948,Cloppenburg,Niedersachsen,52.995074,7.774763,C231R209,53.0,7.77,0.006852127042019924
970,DE948,Cloppenburg,Niedersachsen,52.983847,7.862805,C240R211,52.98,7.859999999999999,0.004761032871132597
971,DE948,Cloppenburg,Niedersachsen,52.997353,8.033557,C257R209,53.0,8.03,0.004433831074818003
972,DE94D,"Oldenburg, Landkreis",Niedersachsen,53.005001,8.175966,C272R208,53.01,8.18,0.006423640478729453
974,DE94D,"Oldenburg, Landkreis",Niedersachsen,52.992068,8.341927,C288R210,52.989999999999995,8.34,0.0028266504913122227
975,DE94D,"Oldenburg, Landkreis",Niedersachsen,53.01358,8.510622,C305R208,53.01,8.51,0.0036336323424358856
979,DE93B,Verden,Niedersachsen,52.984183,8.983785,C352R211,52.98,8.98,0.00564125110237352
981,DE93B,Verden,Niedersachsen,52.991474,9.246248,C379R210,52.989999999999995,9.25,0.004031151200340708
986,DE938,Heidekreis,Niedersachsen,53.009164,9.800652,C434R208,53.01,9.8,0.0010601886624548222
988,DE938,Heidekreis,Niedersachsen,52.999903,10.026656,C457R209,53.0,10.030000000000001,0.003345406552276242
992,DE93A,Uelzen,Niedersachsen,53.000967,10.517937,C506R209,53.0,10.52,0.0022783893433748863
993,DE93A,Uelzen,Niedersachsen,53.011164,10.677361,C522R208,53.01,10.68,0.0028843052889748104
994,DE93A,Uelzen,Niedersachsen,53.013216,10.748723,C529R208,53.01,10.75,0.00346025793836414
995,DE934,Lüchow-Dannenberg,Niedersachsen,52.988115,10.906113,C545R210,52.989999999999995,10.91,0.004319953009001802
997,DE934,Lüchow-Dannenberg,Niedersachsen,53.006787,11.115112,C566R208,53.01,11.120000000000001,0.005849436981452177
999,DE934,Lüchow-Dannenberg,Niedersachsen,53.00772,11.317783,C586R208,53.01,11.32,0.0031801712218047047
1001,DEE0D,Stendal,Sachsen-Anhalt,52.996471,11.60416,C614R209,53.0,11.600000000000001,0.005455221443717263
1002,DE40F,Prignitz,Brandenburg,52.991847,11.72088,C626R210,52.989999999999995,11.719999999999999,0.002045924974191229
1003,DE40F,Prignitz,Brandenburg,52.990054,11.87338,C641R210,52.989999999999995,11.870000000000001,0.0033804313334230294
1005,DE40F,Prignitz,Brandenburg,52.976621,12.040293,C658R211,52.98,12.04,0.003391679524950612
1007,DE40F,Prignitz,Brandenburg,52.981145,12.314214,C685R211,52.98,12.31,0.004366786117958643
1009,DE40D,Ostprignitz-Ruppin,Brandenburg,52.971833,12.582765,C712R212,52.97,12.58,0.0033173956652760724
1010,DE40D,Ostprignitz-Ruppin,Brandenburg,52.990081,12.63899,C718R210,52.989999999999995,12.64,0.0010132428139410152
1014,DE40A,Oberhavel,Brandenburg,52.978049,13.134733,C767R211,52.98,13.129999999999999,0.005119344684626036
1015,DE40A,Oberhavel,Brandenburg,52.969164,13.276849,C782R212,52.97,13.280000000000001,0.0032600148772673337
1016,DE40A,Oberhavel,Brandenburg,52.93896,13.378252,C792R215,52.94,13.379999999999999,0.002033987217262977
1022,DE405,Barnim,Brandenburg,52.927889,14.088369,C863R216,52.93,14.09,0.0026676735182544643
1023,DE949,Emsland,Niedersachsen,52.877435,7.173239,C171R221,52.879999999999995,7.17,0.004131627524352036
1024,DE949,Emsland,Niedersachsen,52.882544,7.308124,C185R221,52.879999999999995,7.31,0.003160903668262489
1025,DE949,Emsland,Niedersachsen,52.910977,7.457497,C200R218,52.91,7.46,0.0026869197978375415
1030,DE948,Cloppenburg,Niedersachsen,52.939342,8.021967,C256R215,52.94,8.02,0.0020741390985163977
1033,DE94D,"Oldenburg, Landkreis",Niedersachsen,52.939559,8.37027,C291R215,52.94,8.370000000000001,0.0005170889671950968
1037,DE922,Diepholz,Niedersachsen,52.915959,8.83307,C337R217,52.919999999999995,8.83,0.005074897141809356
1055,DE934,Lüchow-Dannenberg,Niedersachsen,52.907544,10.989225,C553R218,52.91,10.99,0.0025753758948894047
1059,DEE04,Altmarkkreis Salzwedel,Sachsen-Anhalt,52.906822,11.441689,C598R218,52.91,11.440000000000001,0.003598944984295527
1060,DEE0D,Stendal,Sachsen-Anhalt,52.93627,11.617913,C616R215,52.94,11.620000000000001,0.004274162958988059
1061,DEE0D,Stendal,Sachsen-Anhalt,52.930881,11.722706,C626R216,52.93,11.719999999999999,0.0028458034015034117
1062,DEE0D,Stendal,Sachsen-Anhalt,52.907198,11.790983,C633R218,52.91,11.79,0.0029694263755779366
1063,DE40F,Prignitz,Brandenburg,52.941183,11.948496,C649R215,52.94,11.95,0.0019135059445968246
1064,DE40F,Prignitz,Brandenburg,52.921978,12.063361,C660R217,52.919999999999995,12.06,0.0038998467918666094
1065,DE40F,Prignitz,Brandenburg,52.911219,12.166327,C671R218,52.91,12.17,0.003869998708011227
1066,DE40D,Ostprignitz-Ruppin,Brandenburg,52.918252,12.281351,C682R217,52.919999999999995,12.280000000000001,0.0022092317669206688
1067,DE40D,Ostprignitz-Ruppin,Brandenburg,52.900923,12.458304,C700R219,52.9,12.46,0.0019308922807870883
1068,DE40D,Ostprignitz-Ruppin,Brandenburg,52.925942,12.572855,C711R216,52.93,12.57,0.004961692150870116
1069,DE40D,Ostprignitz-Ruppin,Brandenburg,52.899621,12.634968,C717R219,52.9,12.629999999999999,0.0049824356493599255
1070,DE40D,Ostprignitz-Ruppin,Brandenburg,52.893142,12.751013,C729R220,52.89,12.75,0.0033012623343171453
1071,DE40D,Ostprignitz-Ruppin,Brandenburg,52.897318,12.925822,C747R219,52.9,12.93,0.004964756590206292
1072,DE40A,Oberhavel,Brandenburg,52.891237,13.049662,C759R220,52.89,13.05,0.0012823466769915268
1073,DE40A,Oberhavel,Brandenburg,52.89036,13.105408,C765R220,52.89,13.11,0.004606089881883502
1074,DE40A,Oberhavel,Brandenburg,52.873237,13.260314,C780R222,52.87,13.26,0.0032521938749153047
1075,DE40A,Oberhavel,Brandenburg,52.909806,13.397322,C794R218,52.91,13.4,0.0026850176908159887
1076,DE40A,Oberhavel,Brandenburg,52.871673,13.457532,C800R222,52.87,13.46,0.0029816024215200995
1078,DE405,Barnim,Brandenburg,52.883381,13.691872,C823R221,52.879999999999995,13.690000000000001,0.0038646532832876395
1080,DE405,Barnim,Brandenburg,52.883547,13.984084,C852R221,52.879999999999995,13.98,0.00540927582953796
1081,DE409,Märkisch-Oderland,Brandenburg,52.857733,14.104011,C864R223,52.86,14.100000000000001,0.0046073213475912875
1082,DE949,Emsland,Niedersachsen,52.837077,7.177958,C172R225,52.839999999999996,7.18,0.0035656265928966503
1086,DE949,Emsland,Niedersachsen,52.834776,7.66224,C220R226,52.83,7.66,0.00527520388231535
1090,DE948,Cloppenburg,Niedersachsen,52.85229,8.185162,C273R224,52.849999999999994,8.19,0.005352601610435526
1091,DE94F,Vechta,Niedersachsen,52.835751,8.272234,C281R225,52.839999999999996,8.27,0.004800495495253662
1092,DE94F,Vechta,Niedersachsen,52.836237,8.396675,C294R225,52.839999999999996,8.4,0.005021533032849263
1096,DE922,Diepholz,Niedersachsen,52.857788,8.847047,C339R223,52.86,8.85,0.0036896006558974704
1101,DE938,Heidekreis,Niedersachsen,52.847757,9.42228,C396R224,52.849999999999994,9.42,0.0031983509813607717
1102,DE938,Heidekreis,Niedersachsen,52.859158,9.612435,C415R223,52.86,9.61,0.0025764683192305475
1106,DE931,Celle,Niedersachsen,52.855916,10.031866,C457R223,52.86,10.030000000000001,0.0044901015578703365
1113,DE934,Lüchow-Dannenberg,Niedersachsen,52.87047,10.841199,C538R222,52.87,10.84,0.0012878280164677735
1115,DEE04,Altmarkkreis Salzwedel,Sachsen-Anhalt,52.851312,11.115204,C566R224,52.849999999999994,11.120000000000001,0.004972218820609336
1118,DEE04,Altmarkkreis Salzwedel,Sachsen-Anhalt,52.868753,11.505425,C605R222,52.87,11.51,0.00474190193909471
1119,DEE04,Altmarkkreis Salzwedel,Sachsen-Anhalt,52.86684,11.576145,C612R222,52.87,11.58,0.004984638903667975
1121,DEE0D,Stendal,Sachsen-Anhalt,52.856316,11.846795,C639R223,52.86,11.850000000000001,0.0048830196600061345
1122,DEE0D,Stendal,Sachsen-Anhalt,52.846904,11.975979,C652R224,52.849999999999994,11.98,0.005074806104665521
1123,DEE0D,Stendal,Sachsen-Anhalt,52.846462,12.062615,C660R224,52.849999999999994,12.06,0.0043995078133736015
1125,DE40D,Ostprignitz-Ruppin,Brandenburg,52.856678,12.270248,C681R223,52.86,12.27,0.0033312442119997126
1127,DE40D,Ostprignitz-Ruppin,Brandenburg,52.828084,12.510116,C705R226,52.83,12.51,0.0019195082703664676
1128,DE40D,Ostprignitz-Ruppin,Brandenburg,52.84017,12.637757,C718R225,52.839999999999996,12.64,0.002249433039679424
1129,DE40D,Ostprignitz-Ruppin,Brandenburg,52.812271,12.75275,C729R228,52.809999999999995,12.75,0.003566502628631825
1133,DE40A,Oberhavel,Brandenburg,52.80009,13.261189,C780R229,52.8,13.26,0.0011924013586038385
1140,DE409,Märkisch-Oderland,Brandenburg,52.780787,14.049872,C859R231,52.779999999999994,14.05,0.0007973412067640953
1141,DE409,Märkisch-Oderland,Brandenburg,52.776152,14.234008,C877R232,52.769999999999996,14.23,0.007342422488530645
1142,DE949,Emsland,Niedersachsen,52.771172,7.087263,C168R232,52.769999999999996,7.14,0.05275002135544559
1143,DE949,Emsland,Niedersachsen,52.744438,7.2044,C174R235,52.739999999999995,7.2,0.00624946749732025
1145,DE949,Emsland,Niedersachsen,52.786627,7.422627,C196R230,52.79,7.42,0.004275307942122649
1147,DE949,Emsland,Niedersachsen,52.775846,7.654551,C219R231,52.779999999999994,7.65,0.006161762491360141
1150,DE948,Cloppenburg,Niedersachsen,52.76327,8.025242,C257R233,52.76,8.03,0.005773340800610459
1151,DE94F,Vechta,Niedersachsen,52.768907,8.11777,C266R232,52.769999999999996,8.120000000000001,0.0024834550529449803
1155,DE922,Diepholz,Niedersachsen,52.778724,8.581814,C312R231,52.779999999999994,8.58,0.002217830471427223
1157,DE922,Diepholz,Niedersachsen,52.786375,8.831477,C337R230,52.79,8.83,0.003914352309130496
1158,DE922,Diepholz,Niedersachsen,52.766285,8.991466,C353R232,52.769999999999996,8.99,0.003993792808840584
1160,DE927,Nienburg (Weser),Niedersachsen,52.787729,9.239228,C378R230,52.79,9.24,0.002398629817208342
1162,DE938,Heidekreis,Niedersachsen,52.809211,9.461971,C400R228,52.809999999999995,9.46,0.002123054874465846
1163,DE938,Heidekreis,Niedersachsen,52.789302,9.60317,C414R230,52.79,9.6,0.0032459365366569906
1167,DE931,Celle,Niedersachsen,52.794684,10.041083,C458R230,52.79,10.04,0.00480757163232947
1169,DE931,Celle,Niedersachsen,52.801079,10.281614,C482R229,52.8,10.280000000000001,0.0019414522914569642
1171,DE914,Gifhorn,Niedersachsen,52.809435,10.52907,C507R228,52.809999999999995,10.530000000000001,0.0010881750778227231
1173,DE93A,Uelzen,Niedersachsen,52.793262,10.731501,C527R230,52.79,10.73,0.0035907722010723848
1174,DEE04,Altmarkkreis Salzwedel,Sachsen-Anhalt,52.790687,10.863373,C540R230,52.79,10.86,0.0034422518792206216
1175,DEE04,Altmarkkreis Salzwedel,Sachsen-Anhalt,52.797104,11.030475,C557R229,52.8,11.030000000000001,0.002934696066034245
1176,DEE04,Altmarkkreis Salzwedel,Sachsen-Anhalt,52.7772,11.147392,C569R231,52.779999999999994,11.15,0.0038264427344421974
1177,DEE04,Altmarkkreis Salzwedel,Sachsen-Anhalt,52.773688,11.195394,C574R232,52.769999999999996,11.2,0.005900557600771272
1178,DEE04,Altmarkkreis Salzwedel,Sachsen-Anhalt,52.767302,11.369688,C591R232,52.769999999999996,11.370000000000001,0.002715980117742899
1180,DEE0D,Stendal,Sachsen-Anhalt,52.787687,11.608089,C615R230,52.79,11.61,0.003000314983464784
1181,DEE0D,Stendal,Sachsen-Anhalt,52.778934,11.686725,C623R231,52.779999999999994,11.690000000000001,0.0034441226749351117
1182,DEE0D,Stendal,Sachsen-Anhalt,52.757669,11.814007,C635R233,52.76,11.81,0.004635688729842445
1183,DEE0D,Stendal,Sachsen-Anhalt,52.776397,11.960931,C650R231,52.779999999999994,11.96,0.0037213398124782107
1185,DEE0D,Stendal,Sachsen-Anhalt,52.7845,12.195658,C674R231,52.779999999999994,12.2,0.006253236282123064
1186,DE408,Havelland,Brandenburg,52.778607,12.33613,C688R231,52.779999999999994,12.34,0.004113070507537429
1187,DE408,Havelland,Brandenburg,52.755574,12.38103,C692R233,52.76,12.379999999999999,0.004544268477979812
1188,DE408,Havelland,Brandenburg,52.739335,12.51868,C706R235,52.739999999999995,12.52,0.0014780476988232186
1189,DE408,Havelland,Brandenburg,52.777175,12.640356,C718R231,52.779999999999994,12.64,0.002847342796357305
1190,DE40D,Ostprignitz-Ruppin,Brandenburg,52.73578,12.757878,C730R235,52.739999999999995,12.76,0.004723482190076594
1198,DE405,Barnim,Brandenburg,52.707135,13.721192,C826R238,52.709999999999994,13.719999999999999,0.003103077343535294
1199,DE409,Märkisch-Oderland,Brandenburg,52.742899,13.803059,C834R235,52.739999999999995,13.8,0.004214461056888368
1200,DE409,Märkisch-Oderland,Brandenburg,52.744274,13.927774,C847R235,52.739999999999995,13.93,0.004818936812204658
1201,DE409,Märkisch-Oderland,Brandenburg,52.718547,14.053905,C859R237,52.72,14.05,0.004166561412002814
1202,DE409,Märkisch-Oderland,Brandenburg,52.718052,14.230268,C877R237,52.72,14.23,0.0019663489008808002
1203,DE409,Märkisch-Oderland,Brandenburg,52.713467,14.32838,C885R238,52.709999999999994,14.309999999999999,0.0187041302658015
1204,DE949,Emsland,Niedersachsen,52.676391,7.100846,C164R242,52.669999999999995,7.1,0.006446750887082578
1205,DE949,Emsland,Niedersachsen,52.674797,7.208416,C175R242,52.669999999999995,7.21,0.005051758604687511
1207,DE949,Emsland,Niedersachsen,52.685399,7.469834,C201R240,52.69,7.470000000000001,0.004603993592524778
1209,DE949,Emsland,Niedersachsen,52.682147,7.666466,C221R241,52.68,7.67,0.004135065295736505
1210,DE948,Cloppenburg,Niedersachsen,52.722472,7.810842,C235R237,52.72,7.8100000000000005,0.0026114647231049036
1211,DE948,Cloppenburg,Niedersachsen,52.723902,7.914751,C245R237,52.72,7.91,0.006147975683102992
1212,DE94F,Vechta,Niedersachsen,52.683461,8.028481,C257R241,52.68,8.03,0.0037796669165431054
1218,DE922,Diepholz,Niedersachsen,52.718041,8.762671,C330R237,52.72,8.76,0.0033123891679563383
1221,DE927,Nienburg (Weser),Niedersachsen,52.734348,9.127246,C367R236,52.73,9.129999999999999,0.005146806777021964
1222,DE927,Nienburg (Weser),Niedersachsen,52.717659,9.259424,C380R237,52.72,9.26,0.0024108208145788347
1224,DE938,Heidekreis,Niedersachsen,52.74251,9.457214,C400R235,52.739999999999995,9.46,0.0037499194658075544
1225,DE938,Heidekreis,Niedersachsen,52.715442,9.582928,C412R237,52.72,9.58,0.005417430018003579
1226,DE938,Heidekreis,Niedersachsen,52.706264,9.710905,C425R238,52.709999999999994,9.71,0.0038440500777139003
1231,DE931,Celle,Niedersachsen,52.708408,10.247878,C479R238,52.709999999999994,10.25,0.0026528000301538723
1236,DEE04,Altmarkkreis Salzwedel,Sachsen-Anhalt,52.707944,10.880475,C542R238,52.709999999999994,10.879999999999999,0.002110156629254161
1237,DEE04,Altmarkkreis Salzwedel,Sachsen-Anhalt,52.696171,10.984547,C552R239,52.699999999999996,10.98,0.005944446988573338
1238,DEE04,Altmarkkreis Salzwedel,Sachsen-Anhalt,52.725409,11.148272,C569R236,52.73,11.15,0.0049054321929856036
1239,DEE04,Altmarkkreis Salzwedel,Sachsen-Anhalt,52.713014,11.257464,C580R238,52.709999999999994,11.26,0.003938970931606449
1240,DEE04,Altmarkkreis Salzwedel,Sachsen-Anhalt,52.690968,11.34455,C588R240,52.69,11.34,0.004651830177467904
1241,DEE04,Altmarkkreis Salzwedel,Sachsen-Anhalt,52.714817,11.475338,C602R238,52.709999999999994,11.48,0.006703561217742683
1242,DEE0D,Stendal,Sachsen-Anhalt,52.734483,11.583958,C612R236,52.73,11.58,0.00598022181862934
1243,DEE0D,Stendal,Sachsen-Anhalt,52.685048,11.707709,C625R240,52.69,11.71,0.005456279409997731
1244,DEE0D,Stendal,Sachsen-Anhalt,52.716643,11.820918,C636R237,52.72,11.82,0.0034802547320574953
1245,DEE0D,Stendal,Sachsen-Anhalt,52.69109,11.960403,C650R240,52.69,11.96,0.0011621140219486197
1246,DEE0D,Stendal,Sachsen-Anhalt,52.714466,12.056621,C660R238,52.709999999999994,12.06,0.0056002497265813765
1247,DEE0D,Stendal,Sachsen-Anhalt,52.697104,12.150804,C669R239,52.699999999999996,12.15,0.0030055335632726467
1248,DE408,Havelland,Brandenburg,52.68325,12.27145,C681R241,52.68,12.27,0.0035587919298561135
1249,DE408,Havelland,Brandenburg,52.682009,12.422315,C696R241,52.68,12.42,0.0030651763407675905
1252,DE40D,Ostprignitz-Ruppin,Brandenburg,52.704959,12.74402,C728R239,52.699999999999996,12.74,0.006383735661826082
1254,DE408,Havelland,Brandenburg,52.681873,13.000934,C754R241,52.68,13.0,0.0020929608214236045
1255,DE40A,Oberhavel,Brandenburg,52.682913,13.123849,C766R241,52.68,13.120000000000001,0.004827045680329581
1256,DE40A,Oberhavel,Brandenburg,52.675258,13.214274,C775R241,52.68,13.21,0.006383857767838495
1257,DE40A,Oberhavel,Brandenburg,52.696432,13.360007,C790R239,52.699999999999996,13.36,0.0035680068665795636
1258,DE300,Berlin,Berlin,52.648348,13.499166,C804R244,52.65,13.5,0.001850583691703471
1259,DE405,Barnim,Brandenburg,52.649303,13.622168,C816R244,52.65,13.620000000000001,0.0022772863236734885
1260,DE405,Barnim,Brandenburg,52.66086,13.746591,C829R243,52.66,13.75,0.0035158044598643493
1263,DE409,Märkisch-Oderland,Brandenburg,52.674954,14.060903,C860R242,52.669999999999995,14.059999999999999,0.005035625581797302
1264,DE409,Märkisch-Oderland,Brandenburg,52.636746,14.180903,C872R245,52.64,14.18,0.003376969795540198
1265,DE409,Märkisch-Oderland,Brandenburg,52.634101,14.303363,C884R246,52.629999999999995,14.3,0.005303580865795882
1266,DE409,Märkisch-Oderland,Brandenburg,52.63472,14.416578,C896R246,52.629999999999995,14.420000000000002,0.00582996432236704
1267,DE409,Märkisch-Oderland,Brandenburg,52.625147,14.51832,C906R251,52.58,14.52,0.04517824707754835
1268,DE94B,Grafschaft Bentheim,Niedersachsen,52.587406,6.726969,C132R250,52.589999999999996,6.78,0.05309440457336305
1272,DE949,Emsland,Niedersachsen,52.60193,7.181271,C172R249,52.599999999999994,7.18,0.0023109177830536146
1273,DE949,Emsland,Niedersachsen,52.625293,7.336605,C188R246,52.629999999999995,7.34,0.005803608704932336
1275,DE949,Emsland,Niedersachsen,52.628881,7.582762,C212R246,52.629999999999995,7.58,0.0029800679522434823
1277,DE94E,"Osnabrück, Landkreis",Niedersachsen,52.638996,7.76632,C231R245,52.64,7.77,0.003814500753702636
1284,DE922,Diepholz,Niedersachsen,52.636103,8.631512,C317R245,52.64,8.629999999999999,0.0041800422246696415
1285,DE922,Diepholz,Niedersachsen,52.624576,8.768904,C331R247,52.62,8.77,0.004705421553910147
1286,DE922,Diepholz,Niedersachsen,52.636981,8.892747,C343R245,52.64,8.89,0.004081711650767115
1287,DE927,Nienburg (Weser),Niedersachsen,52.64312,8.975226,C352R245,52.64,8.98,0.005703111080807372
1288,DE927,Nienburg (Weser),Niedersachsen,52.637609,9.075058,C362R245,52.64,9.08,0.005490013205813969
1290,DE927,Nienburg (Weser),Niedersachsen,52.630517,9.328042,C387R246,52.629999999999995,9.33,0.0020251056762556037
1291,DE927,Nienburg (Weser),Niedersachsen,52.636345,9.486502,C403R245,52.64,9.49,0.005059152992351334
1293,DE938,Heidekreis,Niedersachsen,52.655483,9.717313,C426R243,52.66,9.719999999999999,0.005255783290812966
1296,DE931,Celle,Niedersachsen,52.634583,10.03747,C458R246,52.629999999999995,10.04,0.005234958357047969
1297,DE931,Celle,Niedersachsen,52.65657,10.131668,C467R243,52.66,10.129999999999999,0.0038140692180352095
1298,DE931,Celle,Niedersachsen,52.668912,10.271786,C481R242,52.669999999999995,10.27,0.002091301030457877
1299,DE914,Gifhorn,Niedersachsen,52.650255,10.40129,C494R244,52.65,10.4,0.001314961976636268
1300,DE914,Gifhorn,Niedersachsen,52.651,10.523916,C506R244,52.65,10.52,0.00404166500343751
1304,DEE04,Altmarkkreis Salzwedel,Sachsen-Anhalt,52.631595,10.971255,C551R246,52.629999999999995,10.969999999999999,0.0020295442838250263
1305,DEE04,Altmarkkreis Salzwedel,Sachsen-Anhalt,52.657541,11.134559,C567R243,52.66,11.129999999999999,0.00517988050054995
1307,DEE04,Altmarkkreis Salzwedel,Sachsen-Anhalt,52.624582,11.332464,C587R247,52.62,11.33,0.005202501321479088
1308,DEE0D,Stendal,Sachsen-Anhalt,52.634463,11.468213,C601R246,52.629999999999995,11.469999999999999,0.004807466900562628
1310,DEE0D,Stendal,Sachsen-Anhalt,52.630455,11.700564,C624R246,52.629999999999995,11.7,0.0007246523304336141
1317,DE408,Havelland,Brandenburg,52.627875,12.488519,C703R246,52.629999999999995,12.49,0.002590171036817419
1318,DE408,Havelland,Brandenburg,52.641534,12.632744,C717R245,52.64,12.629999999999999,0.0031436749195817583
1319,DE408,Havelland,Brandenburg,52.609552,12.737612,C728R248,52.61,12.74,0.0024296600585262994
1323,DE300,Berlin,Berlin,52.608807,13.264447,C780R248,52.61,13.26,0.004604243477489903
1325,DE300,Berlin,Berlin,52.573541,13.458586,C800R252,52.56999999999999,13.46,0.0038128830299447632
1327,DE409,Märkisch-Oderland,Brandenburg,52.564103,13.697582,C824R253,52.559999999999995,13.7,0.004762492309711084
1329,DE409,Märkisch-Oderland,Brandenburg,52.603719,13.936675,C848R249,52.599999999999994,13.940000000000001,0.004988645708009512
1331,DE409,Märkisch-Oderland,Brandenburg,52.576805,14.159329,C870R251,52.58,14.16,0.0032646999862144025
1333,DE409,Märkisch-Oderland,Brandenburg,52.558492,14.423564,C896R253,52.559999999999995,14.420000000000002,0.0038699043915806338
1334,DE409,Märkisch-Oderland,Brandenburg,52.567622,14.513129,C905R252,52.56999999999999,14.510000000000002,0.003930079515729031
1335,DE94B,Grafschaft Bentheim,Niedersachsen,52.538742,6.708969,C132R255,52.54,6.78,0.07104213907956371
1336,DE94B,Grafschaft Bentheim,Niedersachsen,52.546443,6.8237,C136R254,52.55,6.82,0.005132470068105639
1337,DE94B,Grafschaft Bentheim,Niedersachsen,52.555045,6.950323,C149R253,52.559999999999995,6.95,0.004965516488740533
1338,DE94B,Grafschaft Bentheim,Niedersachsen,52.540874,7.063377,C160R255,52.54,7.06,0.0034882667615892364
1340,DE949,Emsland,Niedersachsen,52.549171,7.326781,C187R254,52.55,7.33,0.003324033995011332
1342,DE949,Emsland,Niedersachsen,52.559708,7.608631,C215R253,52.559999999999995,7.609999999999999,0.0013997946277920631
1344,DE94E,"Osnabrück, Landkreis",Niedersachsen,52.537637,7.814171,C235R255,52.54,7.8100000000000005,0.004793851270117561
1345,DE94E,"Osnabrück, Landkreis",Niedersachsen,52.559221,7.901307,C244R253,52.559999999999995,7.9,0.0015215419810147926
1348,DE94F,Vechta,Niedersachsen,52.563162,8.24996,C279R253,52.559999999999995,8.25,0.0031622529943096537
1349,DE922,Diepholz,Niedersachsen,52.571434,8.430341,C297R252,52.56999999999999,8.43,0.0014739867706428536
1351,DE922,Diepholz,Niedersachsen,52.54985,8.634744,C317R254,52.55,8.629999999999999,0.004746370824114394
1354,DE927,Nienburg (Weser),Niedersachsen,52.574078,8.977304,C352R252,52.56999999999999,8.98,0.004888609209177772
1358,DE929,Region Hannover,Niedersachsen,52.572542,9.465192,C401R252,52.56999999999999,9.469999999999999,0.005438623722966676
1363,DE931,Celle,Niedersachsen,52.573203,10.059319,C460R252,52.56999999999999,10.06,0.00327459463140714
1369,DE914,Gifhorn,Niedersachsen,52.57168,10.729387,C527R252,52.56999999999999,10.73,0.0017883425287194413
1371,DEE04,Altmarkkreis Salzwedel,Sachsen-Anhalt,52.559668,10.988906,C553R253,52.559999999999995,10.99,0.0011432672478452963
1372,DEE04,Altmarkkreis Salzwedel,Sachsen-Anhalt,52.595514,11.108,C565R249,52.599999999999994,11.11,0.004911638830363214
1375,DEE04,Altmarkkreis Salzwedel,Sachsen-Anhalt,52.56962,11.465143,C601R252,52.56999999999999,11.469999999999999,0.0048718424646112144
1377,DEE0D,Stendal,Sachsen-Anhalt,52.578575,11.670155,C621R251,52.58,11.67,0.0014334050369636975
1378,DEE0D,Stendal,Sachsen-Anhalt,52.547588,11.843197,C638R254,52.55,11.84,0.00400481622549637
1379,DEE0D,Stendal,Sachsen-Anhalt,52.570477,11.907503,C645R252,52.56999999999999,11.91,0.002542152237770843
1380,DEE0D,Stendal,Sachsen-Anhalt,52.546692,12.011544,C655R254,52.55,12.01,0.0036505889935711374
1382,DE408,Havelland,Brandenburg,52.550038,12.287702,C683R254,52.55,12.29,0.0022983141647735716
1387,DE408,Havelland,Brandenburg,52.554891,12.844529,C738R254,52.55,12.84,0.006665862434824495
1389,DE408,Havelland,Brandenburg,52.545722,13.095325,C764R254,52.55,13.100000000000001,0.006336947924671657
1392,DE300,Berlin,Berlin,52.504909,13.447367,C799R259,52.5,13.45,0.005570544856652334
1398,DE409,Märkisch-Oderland,Brandenburg,52.483013,14.172945,C871R261,52.48,14.170000000000002,0.004213216585936331
1400,DE409,Märkisch-Oderland,Brandenburg,52.513465,14.425391,C897R258,52.51,14.43,0.005766203777182386
1401,DE409,Märkisch-Oderland,Brandenburg,52.504298,14.557433,C905R259,52.5,14.510000000000002,0.047627327166237285
1402,DE94B,Grafschaft Bentheim,Niedersachsen,52.459786,6.907205,C145R259,52.5,6.91,0.04031101364391508
1406,DE949,Emsland,Niedersachsen,52.492569,7.454536,C199R260,52.489999999999995,7.45,0.005212970074731035
1408,DE94E,"Osnabrück, Landkreis",Niedersachsen,52.463953,7.693683,C223R263,52.459999999999994,7.6899999999999995,0.005402841659721841
1412,DE94F,Vechta,Niedersachsen,52.500367,8.128991,C267R259,52.5,8.129999999999999,0.0010736712718507064
1414,DE922,Diepholz,Niedersachsen,52.515564,8.377517,C292R257,52.519999999999996,8.379999999999999,0.005083638952559883
1415,DE922,Diepholz,Niedersachsen,52.514435,8.54049,C308R258,52.51,8.54,0.004461986665153601
1416,DEA46,Minden-Lübbecke,Nordrhein-Westfalen,52.499948,8.658938,C320R259,52.5,8.66,0.001063272307549569
1418,DE927,Nienburg (Weser),Niedersachsen,52.49219,8.867541,C341R260,52.489999999999995,8.870000000000001,0.0032928378338500917
1419,DE927,Nienburg (Weser),Niedersachsen,52.510107,8.993236,C353R258,52.51,8.99,0.0032377685216821426
1428,DE929,Region Hannover,Niedersachsen,52.495975,10.055277,C460R259,52.5,10.06,0.00620542939690649
1430,DE914,Gifhorn,Niedersachsen,52.516826,10.279067,C482R257,52.519999999999996,10.280000000000001,0.0033082873212534687
1431,DE914,Gifhorn,Niedersachsen,52.505577,10.364081,C490R258,52.51,10.36,0.00601809687525636
1433,DE914,Gifhorn,Niedersachsen,52.523985,10.651136,C519R257,52.519999999999996,10.65,0.004143756870287539
1434,DE913,"Wolfsburg, Kreisfreie Stadt",Niedersachsen,52.490221,10.776876,C532R260,52.489999999999995,10.780000000000001,0.003131807305695962
1438,DEE04,Altmarkkreis Salzwedel,Sachsen-Anhalt,52.52158,11.228174,C577R257,52.519999999999996,11.23,0.002414679274772843
1441,DEE04,Altmarkkreis Salzwedel,Sachsen-Anhalt,52.49657,11.584041,C612R259,52.5,11.58,0.005300432152193203
1443,DEE0D,Stendal,Sachsen-Anhalt,52.495836,11.77941,C632R259,52.5,11.780000000000001,0.004205591040510882
1444,DEE0D,Stendal,Sachsen-Anhalt,52.511295,11.93928,C648R258,52.51,11.940000000000001,0.001481696662613141
1447,DEE06,Jerichower Land,Sachsen-Anhalt,52.469477,12.31555,C686R262,52.47,12.32,0.004480628192564494
1448,DE408,Havelland,Brandenburg,52.461019,12.4179,C696R263,52.459999999999994,12.42,0.0023341724443612043
1450,DE40E,Potsdam-Mittelmark,Brandenburg,52.460124,12.66052,C720R263,52.459999999999994,12.66,0.0005345802091375094
1451,DE40E,Potsdam-Mittelmark,Brandenburg,52.459041,12.756726,C730R263,52.459999999999994,12.76,0.0034115622521046396
1452,DE408,Havelland,Brandenburg,52.472346,12.841117,C738R262,52.47,12.84,0.002598346589663303
1453,DE404,"Potsdam, Kreisfreie Stadt",Brandenburg,52.463172,12.963753,C750R263,52.459999999999994,12.96,0.004913918293992901
1457,DE300,Berlin,Berlin,52.435871,13.442372,C798R265,52.44,13.440000000000001,0.004761830005364353
1464,DE40C,Oder-Spree,Brandenburg,52.427538,14.280745,C882R266,52.43,14.280000000000001,0.002572249793469534
1466,DE409,Märkisch-Oderland,Brandenburg,52.423509,14.478065,C902R267,52.419999999999995,14.48,0.004007156847448813
1467,DE94B,Grafschaft Bentheim,Niedersachsen,52.389145,7.110447,C165R268,52.41,7.11,0.020859789883886443
1468,DE94B,Grafschaft Bentheim,Niedersachsen,52.386841,7.228442,C177R270,52.39,7.23,0.0035223067725602525
1471,DE949,Emsland,Niedersachsen,52.402518,7.552597,C209R269,52.4,7.55,0.0036172825435689714
1472,DEA37,Steinfurt,Nordrhein-Westfalen,52.389408,7.691942,C223R270,52.39,7.6899999999999995,0.002030228558561615
1474,DE94E,"Osnabrück, Landkreis",Niedersachsen,52.421772,7.936731,C248R267,52.419999999999995,7.9399999999999995,0.0037183793512773696
1477,DE94E,"Osnabrück, Landkreis",Niedersachsen,52.418161,8.301784,C284R267,52.419999999999995,8.3,0.0025621430483063106
1478,DEA46,Minden-Lübbecke,Nordrhein-Westfalen,52.436024,8.419345,C296R265,52.44,8.42,0.004029590673996031
1480,DEA46,Minden-Lübbecke,Nordrhein-Westfalen,52.427533,8.665857,C321R266,52.43,8.67,0.004821881168175646
1484,DEA46,Minden-Lübbecke,Nordrhein-Westfalen,52.428464,9.07765,C362R266,52.43,9.08,0.002807453650553117
1486,DE928,Schaumburg,Niedersachsen,52.41073,9.317446,C386R268,52.41,9.32,0.002656278599847172
1488,DE929,Region Hannover,Niedersachsen,52.419434,9.604314,C414R267,52.419999999999995,9.6,0.00435097138579399
1490,DE929,Region Hannover,Niedersachsen,52.452317,9.79396,C433R264,52.449999999999996,9.79,0.004588037597931355
1493,DE929,Region Hannover,Niedersachsen,52.454362,10.152925,C469R264,52.449999999999996,10.15,0.005251920505878031
1495,DE914,Gifhorn,Niedersachsen,52.448654,10.369087,C491R264,52.449999999999996,10.370000000000001,0.0016264332141209847
1496,DE914,Gifhorn,Niedersachsen,52.429906,10.5176,C506R266,52.43,10.52,0.0024018401279015627
1497,DE914,Gifhorn,Niedersachsen,52.444234,10.642069,C518R265,52.44,10.64,0.0047124852254439445
1503,DEE07,Börde,Sachsen-Anhalt,52.421934,11.346555,C589R267,52.419999999999995,11.35,0.003950744360246146
1504,DEE04,Altmarkkreis Salzwedel,Sachsen-Anhalt,52.420471,11.4712,C601R267,52.419999999999995,11.469999999999999,0.001289124121256794
1505,DEE07,Börde,Sachsen-Anhalt,52.441651,11.592042,C613R265,52.44,11.59,0.0026259407837965383
1507,DEE07,Börde,Sachsen-Anhalt,52.407082,11.827952,C637R268,52.41,11.83,0.003564972370154639
1508,DEE0D,Stendal,Sachsen-Anhalt,52.439619,11.935075,C648R265,52.44,11.940000000000001,0.004939715173976746
1517,DE404,"Potsdam, Kreisfreie Stadt",Brandenburg,52.400386,13.020977,C756R269,52.4,13.02,0.001050487981844844
1520,DE40H,Teltow-Fläming,Brandenburg,52.374986,13.313536,C785R272,52.37,13.31,0.006112568363627041
1521,DE406,Dahme-Spreewald,Brandenburg,52.399727,13.442124,C798R269,52.4,13.440000000000001,0.002141472624152231
1522,DE300,Berlin,Berlin,52.399509,13.575023,C812R269,52.4,13.580000000000002,0.005001160865240863
1524,DE40C,Oder-Spree,Brandenburg,52.360386,13.787808,C833R273,52.36,13.79,0.002225726847570277
1527,DE40C,Oder-Spree,Brandenburg,52.362149,14.143602,C868R273,52.36,14.14,0.00419435394310077
1529,DE40C,Oder-Spree,Brandenburg,52.372479,14.412143,C895R272,52.37,14.41,0.0032768719840735277
1530,DE403,"Frankfurt (Oder), Kreisfreie Stadt",Brandenburg,52.350037,14.50205,C904R274,52.349999999999994,14.5,0.0020503338752512258
1531,DE94B,Grafschaft Bentheim,Niedersachsen,52.319821,7.070083,C163R278,52.309999999999995,7.09,0.022206731637051544
1537,DEA37,Steinfurt,Nordrhein-Westfalen,52.350781,7.831618,C237R274,52.349999999999994,7.83,0.001796631570468574
1540,DE94E,"Osnabrück, Landkreis",Niedersachsen,52.343686,8.139869,C268R275,52.339999999999996,8.14,0.0036883271275761384
1543,DEA46,Minden-Lübbecke,Nordrhein-Westfalen,52.328073,8.529338,C307R276,52.33,8.530000000000001,0.0020375409198303066
1545,DEA46,Minden-Lübbecke,Nordrhein-Westfalen,52.360308,8.723341,C326R273,52.36,8.72,0.003355166910899558
1546,DEA46,Minden-Lübbecke,Nordrhein-Westfalen,52.376536,8.863464,C340R271,52.379999999999995,8.86,0.004898835780056822
1547,DEA46,Minden-Lübbecke,Nordrhein-Westfalen,52.363214,8.949542,C349R273,52.36,8.95,0.0032464688509207906
1551,DE929,Region Hannover,Niedersachsen,52.371125,9.482611,C402R272,52.37,9.48,0.0028430522330769215
1555,DE929,Region Hannover,Niedersachsen,52.352555,9.960233,C450R274,52.349999999999994,9.96,0.002565602073596205
1557,DE91A,Peine,Niedersachsen,52.357151,10.165546,C471R273,52.36,10.17,0.005287240962919921
1559,DE914,Gifhorn,Niedersachsen,52.372705,10.427843,C497R272,52.37,10.43,0.003459721665110355
1561,DE917,Helmstedt,Niedersachsen,52.358346,10.619892,C516R273,52.36,10.620000000000001,0.001657522247213276
1563,DE913,"Wolfsburg, Kreisfreie Stadt",Niedersachsen,52.36875,10.855299,C540R272,52.37,10.86,0.00486435000796482
1565,DEE07,Börde,Sachsen-Anhalt,52.343839,11.091118,C563R275,52.339999999999996,11.09,0.003998480336333888
1566,DEE07,Börde,Sachsen-Anhalt,52.333003,11.237907,C578R276,52.33,11.24,0.003660417735723521
1567,DEE07,Börde,Sachsen-Anhalt,52.335872,11.361503,C590R275,52.339999999999996,11.36,0.004393107442341642
1572,DEE06,Jerichower Land,Sachsen-Anhalt,52.34716,11.918685,C646R274,52.349999999999994,11.92,0.003129668512790806
1574,DEE06,Jerichower Land,Sachsen-Anhalt,52.325812,12.194261,C673R276,52.33,12.190000000000001,0.005974568185231039
1575,DEE06,Jerichower Land,Sachsen-Anhalt,52.315212,12.263776,C680R277,52.31999999999999,12.26,0.0060977963232558465
1576,DE40E,Potsdam-Mittelmark,Brandenburg,52.323391,12.377594,C692R277,52.31999999999999,12.379999999999999,0.004157850045401637
1577,DE401,"Brandenburg an der Havel, Kreisfreie Stadt",Brandenburg,52.352651,12.531917,C707R274,52.349999999999994,12.530000000000001,0.0032714965994226817
1578,DE40E,Potsdam-Mittelmark,Brandenburg,52.336496,12.586085,C713R275,52.339999999999996,12.59,0.005254068994597471
1582,DE40E,Potsdam-Mittelmark,Brandenburg,52.316723,13.134109,C767R277,52.31999999999999,13.129999999999999,0.005255721644070056
1583,DE40H,Teltow-Fläming,Brandenburg,52.310755,13.200048,C774R278,52.309999999999995,13.2,0.0007565242891063951
1586,DE406,Dahme-Spreewald,Brandenburg,52.282836,13.545606,C809R281,52.279999999999994,13.55,0.005229735366159913
1588,DE406,Dahme-Spreewald,Brandenburg,52.310065,13.762589,C830R278,52.309999999999995,13.760000000000002,0.0025898158235661646
1593,DE403,"Frankfurt (Oder), Kreisfreie Stadt",Brandenburg,52.277034,14.407445,C895R281,52.279999999999994,14.41,0.003914738944037893
1596,DEA37,Steinfurt,Nordrhein-Westfalen,52.246984,7.146806,C169R284,52.25,7.15,0.004392936603232274
1597,DEA37,Steinfurt,Nordrhein-Westfalen,52.240968,7.235165,C178R285,52.239999999999995,7.24,0.004930948083281104
1598,DEA37,Steinfurt,Nordrhein-Westfalen,52.233319,7.35899,C190R286,52.23,7.36,0.003469273843332541
1599,DEA37,Steinfurt,Nordrhein-Westfalen,52.268403,7.464732,C200R282,52.269999999999996,7.46,0.0049942199591114424
1600,DEA37,Steinfurt,Nordrhein-Westfalen,52.247906,7.574797,C211R284,52.25,7.57,0.0052341231357313075
1601,DEA37,Steinfurt,Nordrhein-Westfalen,52.269652,7.702967,C224R282,52.269999999999996,7.7,0.0029873387822602947
1602,DEA37,Steinfurt,Nordrhein-Westfalen,52.28009,7.807254,C235R281,52.279999999999994,7.8100000000000005,0.0027474744766789114
1606,DE94E,"Osnabrück, Landkreis",Niedersachsen,52.249319,8.289726,C283R284,52.25,8.29,0.0007340551750378043
1607,DE94E,"Osnabrück, Landkreis",Niedersachsen,52.273409,8.444577,C298R282,52.269999999999996,8.44,0.005707031627741686
1608,DEA46,Minden-Lübbecke,Nordrhein-Westfalen,52.290273,8.49004,C303R280,52.29,8.49,0.000275914841934977
1609,DEA46,Minden-Lübbecke,Nordrhein-Westfalen,52.281653,8.651001,C319R281,52.279999999999994,8.65,0.0019324621600476548
1612,DEA46,Minden-Lübbecke,Nordrhein-Westfalen,52.30517,8.975876,C352R278,52.309999999999995,8.98,0.006351084631776795
1613,DE928,Schaumburg,Niedersachsen,52.274831,9.111433,C365R282,52.269999999999996,9.11,0.005039052490303063
1615,DE928,Schaumburg,Niedersachsen,52.269769,9.328826,C387R282,52.269999999999996,9.33,0.0011965103426219593
1618,DE929,Region Hannover,Niedersachsen,52.303006,9.665876,C421R279,52.3,9.67,0.005103274634980032
1619,DE929,Region Hannover,Niedersachsen,52.305206,9.833735,C437R278,52.309999999999995,9.83,0.006077224777805669
1620,DE929,Region Hannover,Niedersachsen,52.294105,9.897666,C444R280,52.29,9.9,0.004722137333880447
1622,DE91A,Peine,Niedersachsen,52.281235,10.189454,C473R281,52.279999999999994,10.190000000000001,0.0013503114455644676
1627,DE917,Helmstedt,Niedersachsen,52.280443,10.769632,C531R281,52.279999999999994,10.77,0.0005759105833405533
1629,DE917,Helmstedt,Niedersachsen,52.263383,10.973098,C551R283,52.26,10.969999999999999,0.004587187918540611
1630,DEE07,Börde,Sachsen-Anhalt,52.28321,11.093002,C563R281,52.279999999999994,11.09,0.0043950089874789195
1633,DEE07,Börde,Sachsen-Anhalt,52.286807,11.459819,C600R280,52.29,11.46,0.0031981260137735287
1635,DEE07,Börde,Sachsen-Anhalt,52.267406,11.712674,C625R282,52.269999999999996,11.71,0.0037254680242847127
1636,DEE06,Jerichower Land,Sachsen-Anhalt,52.267378,11.838609,C638R282,52.269999999999996,11.84,0.0029681248289071017
1638,DEE06,Jerichower Land,Sachsen-Anhalt,52.257575,12.030323,C657R283,52.26,12.030000000000001,0.002446416563052101
1643,DE40E,Potsdam-Mittelmark,Brandenburg,52.264066,12.59146,C713R283,52.26,12.59,0.004320180088840402
1647,DE40E,Potsdam-Mittelmark,Brandenburg,52.232442,13.063015,C760R286,52.23,13.06,0.0038798954882840967
1648,DE40H,Teltow-Fläming,Brandenburg,52.248703,13.164977,C770R284,52.25,13.16,0.005143222530671298
1649,DE40H,Teltow-Fläming,Brandenburg,52.230578,13.350759,C789R286,52.23,13.350000000000001,0.0009540256809976365
1651,DE40H,Teltow-Fläming,Brandenburg,52.224263,13.55046,C809R287,52.22,13.55,0.0042877463777622185
1654,DE40C,Oder-Spree,Brandenburg,52.21017,13.922606,C846R288,52.209999999999994,13.920000000000002,0.002611539009854676
1656,DE40C,Oder-Spree,Brandenburg,52.214766,14.158237,C870R288,52.209999999999994,14.16,0.005081626216088285
1658,DE40C,Oder-Spree,Brandenburg,52.21169,14.40251,C894R288,52.209999999999994,14.399999999999999,0.0030259213472951384
1661,DEA34,Borken,Nordrhein-Westfalen,52.154673,6.980895,C152R294,52.15,6.98,0.004757935897007907
1662,DEA37,Steinfurt,Nordrhein-Westfalen,52.171797,7.149656,C169R292,52.169999999999995,7.15,0.0018296297439679508
1663,DEA37,Steinfurt,Nordrhein-Westfalen,52.199028,7.239713,C178R289,52.199999999999996,7.24,0.0010134855697023282
1664,DEA37,Steinfurt,Nordrhein-Westfalen,52.185378,7.392873,C193R290,52.19,7.39,0.0054421515046881325
1665,DEA37,Steinfurt,Nordrhein-Westfalen,52.197872,7.487952,C203R289,52.199999999999996,7.49,0.002953419712806993
1666,DEA37,Steinfurt,Nordrhein-Westfalen,52.185039,7.608092,C215R290,52.19,7.609999999999999,0.0053152596361741725
1667,DEA37,Steinfurt,Nordrhein-Westfalen,52.20813,7.681818,C222R288,52.209999999999994,7.68,0.002608069017489384
1668,DEA37,Steinfurt,Nordrhein-Westfalen,52.193002,7.819301,C236R290,52.19,7.82,0.003082305143883881
1671,DE94E,"Osnabrück, Landkreis",Niedersachsen,52.218094,8.168785,C271R287,52.22,8.17,0.00226032320697584
1672,DE94E,"Osnabrück, Landkreis",Niedersachsen,52.214232,8.256139,C280R288,52.209999999999994,8.26,0.005728625053193794
1673,DE94E,"Osnabrück, Landkreis",Niedersachsen,52.196608,8.426645,C297R289,52.199999999999996,8.43,0.004770921189873176
1676,DEA43,Herford,Nordrhein-Westfalen,52.193917,8.754869,C329R290,52.19,8.75,0.006249003920626364
1677,DEA46,Minden-Lübbecke,Nordrhein-Westfalen,52.222129,8.90847,C345R287,52.22,8.91,0.0026217438852827453
1678,DEA46,Minden-Lübbecke,Nordrhein-Westfalen,52.205077,9.031501,C357R288,52.209999999999994,9.030000000000001,0.005146739744722711
1683,DE929,Region Hannover,Niedersachsen,52.207636,9.574557,C411R288,52.209999999999994,9.57,0.005133687271344826
1687,DE925,Hildesheim,Niedersachsen,52.192793,10.03933,C458R290,52.19,10.04,0.0028722376294488443
1688,DE925,Hildesheim,Niedersachsen,52.215077,10.16918,C471R287,52.22,10.17,0.004990824480982981
1689,DE91A,Peine,Niedersachsen,52.23691,10.277311,C482R285,52.239999999999995,10.280000000000001,0.0040961959181621335
1690,DE91A,Peine,Niedersachsen,52.232741,10.407451,C495R286,52.23,10.41,0.0037430578408571883
1694,DE917,Helmstedt,Niedersachsen,52.212724,10.850255,C539R288,52.209999999999994,10.85,0.0027359095379859643
1697,DEE07,Börde,Sachsen-Anhalt,52.220808,11.203574,C574R287,52.22,11.2,0.0036641970471034614
1698,DEE07,Börde,Sachsen-Anhalt,52.21211,11.357478,C590R288,52.209999999999994,11.36,0.003288249382275134
1699,DEE07,Börde,Sachsen-Anhalt,52.22794,11.442748,C598R286,52.23,11.440000000000001,0.0034344000931739505
1700,DEE07,Börde,Sachsen-Anhalt,52.185306,11.580226,C612R290,52.19,11.58,0.004699437413138497
1702,DEE06,Jerichower Land,Sachsen-Anhalt,52.222977,11.812229,C635R287,52.22,11.81,0.0037190012100034534
1703,DEE06,Jerichower Land,Sachsen-Anhalt,52.194253,11.893538,C643R290,52.19,11.89,0.005532219536500715
1705,DEE06,Jerichower Land,Sachsen-Anhalt,52.183507,12.156464,C670R291,52.18,12.16,0.0049801952772954875
1707,DE40E,Potsdam-Mittelmark,Brandenburg,52.1886,12.385665,C693R290,52.19,12.39,0.0045554610085040016
1711,DE40E,Potsdam-Mittelmark,Brandenburg,52.176673,12.856625,C740R291,52.18,12.86,0.0047391511898221324
1716,DE40H,Teltow-Fläming,Brandenburg,52.180808,13.424966,C796R291,52.18,13.42,0.0050313040059207954
1722,DE40C,Oder-Spree,Brandenburg,52.125356,14.155379,C870R296,52.129999999999995,14.16,0.0065513645143582475
1723,DE40C,Oder-Spree,Brandenburg,52.125096,14.226088,C877R296,52.129999999999995,14.23,0.006273193763941998
1725,DE40C,Oder-Spree,Brandenburg,52.112386,14.503648,C904R298,52.11,14.5,0.004359002179399209
1726,DE40C,Oder-Spree,Brandenburg,52.136181,14.598033,C914R295,52.14,14.600000000000001,0.0042957944550465945
1727,DEA34,Borken,Nordrhein-Westfalen,52.09242,6.747415,C135R298,52.11,6.8100000000000005,0.06500721979134415
1731,DEA34,Borken,Nordrhein-Westfalen,52.102398,7.240555,C178R299,52.099999999999994,7.24,0.0024613876167785564
1732,DEA37,Steinfurt,Nordrhein-Westfalen,52.09758,7.377178,C192R299,52.099999999999994,7.38,0.003717537356903067
1733,DEA37,Steinfurt,Nordrhein-Westfalen,52.118003,7.511969,C205R297,52.12,7.51,0.0028044553838459997
1734,DEA37,Steinfurt,Nordrhein-Westfalen,52.096914,7.596314,C214R299,52.099999999999994,7.6,0.004807285304615984
1735,DEA37,Steinfurt,Nordrhein-Westfalen,52.143094,7.686282,C223R295,52.14,7.6899999999999995,0.00483697839564922
1737,DEA37,Steinfurt,Nordrhein-Westfalen,52.135517,7.914472,C245R295,52.14,7.91,0.006332146002738914
1738,DE94E,"Osnabrück, Landkreis",Niedersachsen,52.123085,8.09672,C264R297,52.12,8.1,0.004502846322054171
1741,DE94E,"Osnabrück, Landkreis",Niedersachsen,52.132355,8.377046,C292R296,52.129999999999995,8.379999999999999,0.0037778487264580815
1742,DEA43,Herford,Nordrhein-Westfalen,52.135215,8.538518,C308R295,52.14,8.54,0.005009246350498381
1743,DEA43,Herford,Nordrhein-Westfalen,52.119264,8.616829,C316R297,52.12,8.620000000000001,0.0032552936887485333
1744,DEA43,Herford,Nordrhein-Westfalen,52.122904,8.769008,C331R297,52.12,8.77,0.003068758706709517
1746,DEA45,Lippe,Nordrhein-Westfalen,52.128535,8.995175,C354R296,52.129999999999995,9.0,0.005042504338123205
1747,DEA45,Lippe,Nordrhein-Westfalen,52.127595,9.084109,C362R296,52.129999999999995,9.08,0.004761082439947688
1752,DE929,Region Hannover,Niedersachsen,52.135051,9.68653,C423R295,52.14,9.690000000000001,0.006044294913391205
1753,DE925,Hildesheim,Niedersachsen,52.126173,9.843039,C438R296,52.129999999999995,9.84,0.004886865048264617
1757,DE912,"Salzgitter, Kreisfreie Stadt",Niedersachsen,52.140353,10.312231,C485R295,52.14,10.31,0.0022587540813462314
1758,DE912,"Salzgitter, Kreisfreie Stadt",Niedersachsen,52.138003,10.400342,C494R295,52.14,10.4,0.002026073295814228
1759,DE91B,Wolfenbüttel,Niedersachsen,52.147442,10.473525,C501R294,52.15,10.469999999999999,0.00435534028521464
1761,DE91B,Wolfenbüttel,Niedersachsen,52.165822,10.744593,C528R292,52.169999999999995,10.74,0.006208971976097599
1764,DEE07,Börde,Sachsen-Anhalt,52.116924,11.090638,C563R297,52.12,11.09,0.0031414678097986207
1765,DEE07,Börde,Sachsen-Anhalt,52.146737,11.187966,C573R294,52.15,11.190000000000001,0.0038450390115039685
1766,DEE07,Börde,Sachsen-Anhalt,52.12025,11.36427,C590R297,52.12,11.36,0.0042773122401808085
1767,DEE07,Börde,Sachsen-Anhalt,52.138664,11.446381,C599R295,52.14,11.45,0.003857726921387255
1769,DEE03,"Magdeburg, Kreisfreie Stadt",Sachsen-Anhalt,52.13376,11.666769,C621R296,52.129999999999995,11.67,0.004957515607645495
1770,DEE06,Jerichower Land,Sachsen-Anhalt,52.151428,11.786492,C633R294,52.15,11.79,0.0037875121121918555
1771,DEE06,Jerichower Land,Sachsen-Anhalt,52.150739,11.902527,C644R294,52.15,11.9,0.0026328406712139737
1772,DEE06,Jerichower Land,Sachsen-Anhalt,52.125821,12.008381,C655R296,52.129999999999995,12.01,0.004481651704443912
1773,DEE06,Jerichower Land,Sachsen-Anhalt,52.115845,12.167368,C671R297,52.12,12.17,0.004918480354741503
1775,DE40E,Potsdam-Mittelmark,Brandenburg,52.133453,12.374404,C691R296,52.129999999999995,12.370000000000001,0.005596286715317977
1777,DE40E,Potsdam-Mittelmark,Brandenburg,52.090012,12.622769,C716R300,52.089999999999996,12.620000000000001,0.0027690260020436963
1780,DE40E,Potsdam-Mittelmark,Brandenburg,52.096616,12.954239,C749R299,52.099999999999994,12.95,0.005424073837991165
1781,DE40H,Teltow-Fläming,Brandenburg,52.104134,13.112965,C765R299,52.099999999999994,13.11,0.005087355010226004
1789,DE406,Dahme-Spreewald,Brandenburg,52.058944,14.024756,C856R303,52.059999999999995,14.02,0.004871824298966524
1790,DE406,Dahme-Spreewald,Brandenburg,52.073528,14.104813,C864R302,52.06999999999999,14.100000000000001,0.005967558378437289
1791,DE40C,Oder-Spree,Brandenburg,52.070334,14.280406,C882R302,52.06999999999999,14.280000000000001,0.0005257299687146901
1795,DE40C,Oder-Spree,Brandenburg,52.037357,14.67869,C915R305,52.04,14.61,0.06874082883556187
1797,DEA34,Borken,Nordrhein-Westfalen,52.03928,6.905814,C145R305,52.04,6.91,0.004247469364221478
1798,DEA34,Borken,Nordrhein-Westfalen,52.0323,7.0177,C156R306,52.029999999999994,7.02,0.0032526911934618427
1799,DEA34,Borken,Nordrhein-Westfalen,52.029992,7.110482,C165R306,52.029999999999994,7.11,0.00048206638546965735
1800,DEA35,Coesfeld,Nordrhein-Westfalen,52.029995,7.240146,C178R306,52.029999999999994,7.24,0.00014608559134951957
1801,DEA37,Steinfurt,Nordrhein-Westfalen,52.039198,7.354608,C189R305,52.04,7.35,0.004677271426804505
1802,DEA37,Steinfurt,Nordrhein-Westfalen,52.061312,7.498796,C204R303,52.059999999999995,7.5,0.0017807189559321606
1803,DEA37,Steinfurt,Nordrhein-Westfalen,52.070833,7.593738,C213R302,52.06999999999999,7.59,0.0038296909797023806
1805,DEA38,Warendorf,Nordrhein-Westfalen,52.040424,7.812056,C235R305,52.04,7.8100000000000005,0.002099264633151444
1806,DEA38,Warendorf,Nordrhein-Westfalen,52.042076,7.913865,C245R305,52.04,7.91,0.004387254380590642
1807,DEA38,Warendorf,Nordrhein-Westfalen,52.050782,8.04373,C258R304,52.05,8.04,0.0038110922318947086
1808,DEA42,Gütersloh,Nordrhein-Westfalen,52.068738,8.158973,C270R302,52.06999999999999,8.16,0.0016270749828989454
1810,DEA42,Gütersloh,Nordrhein-Westfalen,52.075804,8.381995,C292R301,52.08,8.379999999999999,0.004646121070312958
1811,DEA41,"Bielefeld, Kreisfreie Stadt",Nordrhein-Westfalen,52.078755,8.547057,C309R301,52.08,8.55,0.0031955084102524346
1812,DEA43,Herford,Nordrhein-Westfalen,52.074119,8.639966,C318R302,52.06999999999999,8.64,0.004119140322941458
1815,DEA45,Lippe,Nordrhein-Westfalen,52.057059,9.000794,C354R303,52.059999999999995,9.0,0.00304629561926592
1818,DE923,Hameln-Pyrmont,Niedersachsen,52.064298,9.384313,C392R303,52.059999999999995,9.379999999999999,0.006088905730922625
1819,DE923,Hameln-Pyrmont,Niedersachsen,52.0726,9.463877,C400R302,52.06999999999999,9.46,0.004668096935586976
1821,DE925,Hildesheim,Niedersachsen,52.094791,9.680877,C422R300,52.089999999999996,9.68,0.0048706067383893804
1822,DE925,Hildesheim,Niedersachsen,52.052956,9.819078,C436R304,52.05,9.82,0.003096452809268878
1824,DE925,Hildesheim,Niedersachsen,52.06125,10.078809,C462R303,52.059999999999995,10.08,0.0017265517658083239
1825,DE925,Hildesheim,Niedersachsen,52.086798,10.131519,C467R300,52.089999999999996,10.129999999999999,0.0035440323079750486
1826,DE91B,Wolfenbüttel,Niedersachsen,52.055174,10.276106,C482R303,52.059999999999995,10.280000000000001,0.006201089581674332
1828,DE91B,Wolfenbüttel,Niedersachsen,52.092766,10.489355,C503R300,52.089999999999996,10.49,0.0028402079149257684
1831,DE917,Helmstedt,Niedersachsen,52.077438,10.871404,C541R301,52.08,10.870000000000001,0.002921482500372823
1832,DE917,Helmstedt,Niedersachsen,52.0668,10.94056,C548R302,52.06999999999999,10.940000000000001,0.00324863048067188
1833,DEE07,Börde,Sachsen-Anhalt,52.088171,11.091561,C563R300,52.089999999999996,11.09,0.0024045710636158334
1834,DEE07,Börde,Sachsen-Anhalt,52.066865,11.196476,C574R302,52.06999999999999,11.2,0.004716651460511866
1835,DEE07,Börde,Sachsen-Anhalt,52.072861,11.344401,C588R302,52.06999999999999,11.34,0.005249202034600511
1837,DEE07,Börde,Sachsen-Anhalt,52.063867,11.582973,C612R303,52.059999999999995,11.58,0.004877747225928857
1842,DEE05,Anhalt-Bitterfeld,Sachsen-Anhalt,52.041331,12.176363,C672R305,52.04,12.18,0.0038728968486130737
1847,DE40E,Potsdam-Mittelmark,Brandenburg,52.051371,12.72561,C727R304,52.05,12.73,0.004599102194996686
1850,DE40H,Teltow-Fläming,Brandenburg,52.036158,13.113067,C765R305,52.04,13.11,0.0049160403781894355
1854,DE40H,Teltow-Fläming,Brandenburg,52.020945,13.508252,C805R307,52.019999999999996,13.510000000000002,0.0019870905867640466
1864,DE40G,Spree-Neiße,Brandenburg,51.972805,14.704605,C915R310,51.989999999999995,14.61,0.09615494813060871
1865,DEA34,Borken,Nordrhein-Westfalen,51.975869,6.867853,C141R314,51.949999999999996,6.87,0.025957942329860713
1866,DEA34,Borken,Nordrhein-Westfalen,51.956489,7.029472,C157R313,51.959999999999994,7.03,0.003550479545071668
1868,DEA35,Coesfeld,Nordrhein-Westfalen,51.96894,7.273048,C181R312,51.97,7.27,0.003227058102977685
1869,DEA35,Coesfeld,Nordrhein-Westfalen,51.962167,7.395055,C194R313,51.959999999999994,7.4,0.005398973420941512
1870,DEA35,Coesfeld,Nordrhein-Westfalen,51.961883,7.487655,C203R313,51.959999999999994,7.49,0.003007443100047737
1872,DEA33,"Münster, Kreisfreie Stadt",Nordrhein-Westfalen,51.988888,7.731271,C227R310,51.989999999999995,7.73,0.0016887821055364203
1874,DEA38,Warendorf,Nordrhein-Westfalen,51.988624,7.930624,C247R310,51.989999999999995,7.93,0.001510877890493475
1876,DEA42,Gütersloh,Nordrhein-Westfalen,51.979363,8.161571,C270R311,51.98,8.16,0.0016952315476056802
1877,DEA42,Gütersloh,Nordrhein-Westfalen,51.989297,8.285017,C283R310,51.989999999999995,8.29,0.005032345178938445
1878,DEA42,Gütersloh,Nordrhein-Westfalen,51.978279,8.388746,C293R311,51.98,8.39,0.002129402967967853
1881,DEA45,Lippe,Nordrhein-Westfalen,51.994311,8.739344,C328R310,51.989999999999995,8.74,0.004360625757855608
1882,DEA45,Lippe,Nordrhein-Westfalen,51.977393,8.856714,C340R311,51.98,8.86,0.004194549439449053
1886,DE923,Hameln-Pyrmont,Niedersachsen,51.985691,9.32912,C387R310,51.989999999999995,9.33,0.004397940540745509
1887,DE926,Holzminden,Niedersachsen,51.991428,9.48431,C402R310,51.989999999999995,9.48,0.004540405708746106
1888,DE926,Holzminden,Niedersachsen,51.978942,9.556526,C410R311,51.98,9.559999999999999,0.003631534111085567
1889,DE925,Hildesheim,Niedersachsen,52.013794,9.720497,C426R308,52.01,9.719999999999999,0.0038264141176818415
1890,DE925,Hildesheim,Niedersachsen,52.000939,9.830026,C437R309,52.0,9.83,0.0009393598884371392
1891,DE925,Hildesheim,Niedersachsen,51.985953,9.923367,C446R310,51.989999999999995,9.92,0.005264494087749275
1893,DE925,Hildesheim,Niedersachsen,51.997274,10.161862,C470R309,52.0,10.16,0.0033012300737772526
1894,DE916,Goslar,Niedersachsen,52.006218,10.258015,C480R308,52.01,10.26,0.004271270185788519
1895,DE916,Goslar,Niedersachsen,51.998784,10.358301,C490R309,52.0,10.36,0.002089319745753089
1896,DE91B,Wolfenbüttel,Niedersachsen,52.000572,10.519593,C506R309,52.0,10.52,0.0007020206549648677
1897,DEE09,Harz,Sachsen-Anhalt,51.984719,10.627256,C517R311,51.98,10.629999999999999,0.005458799959699303
1899,DEE09,Harz,Sachsen-Anhalt,51.989495,10.874778,C541R310,51.989999999999995,10.870000000000001,0.004804613303896514
1900,DEE09,Harz,Sachsen-Anhalt,52.015271,10.9631,C550R307,52.019999999999996,10.96,0.005654506256073646
1901,DEE09,Harz,Sachsen-Anhalt,51.987133,11.127801,C567R310,51.989999999999995,11.129999999999999,0.0036132104837618873
1902,DEE07,Börde,Sachsen-Anhalt,51.985754,11.167948,C571R310,51.989999999999995,11.17,0.004715847749869849
1903,DEE07,Börde,Sachsen-Anhalt,51.987645,11.343328,C588R310,51.989999999999995,11.34,0.004076960755265106
1904,DEE07,Börde,Sachsen-Anhalt,52.003508,11.468211,C601R309,52.0,11.469999999999999,0.003937840144034661
1905,DEE07,Börde,Sachsen-Anhalt,52.002504,11.540819,C608R309,52.0,11.54,0.0026345354429219503
1907,DEE0C,Salzlandkreis,Sachsen-Anhalt,51.966832,11.798812,C634R312,51.97,11.8,0.0033834254831481775
1908,DEE05,Anhalt-Bitterfeld,Sachsen-Anhalt,51.9746,11.915516,C646R312,51.97,11.92,0.006423881692561711
1909,DEE05,Anhalt-Bitterfeld,Sachsen-Anhalt,51.985163,12.055716,C660R310,51.989999999999995,12.06,0.006461364020077488
1912,DEE0E,Wittenberg,Sachsen-Anhalt,51.979241,12.372221,C691R311,51.98,12.370000000000001,0.0023471092859061174
1914,DEE0E,Wittenberg,Sachsen-Anhalt,51.948673,12.600931,C714R314,51.949999999999996,12.600000000000001,0.0016210151140523283
1916,DE40H,Teltow-Fläming,Brandenburg,51.965169,12.806517,C735R312,51.97,12.81,0.005955656974672616
1917,DE40H,Teltow-Fläming,Brandenburg,51.968842,12.958855,C750R312,51.97,12.96,0.0016284928615117416
1918,DE40H,Teltow-Fläming,Brandenburg,51.940963,13.062407,C760R315,51.94,13.06,0.002592492622942324
1923,DE406,Dahme-Spreewald,Brandenburg,51.926788,13.648828,C819R316,51.93,13.649999999999999,0.003419141412691562
1924,DE406,Dahme-Spreewald,Brandenburg,51.946463,13.766938,C831R314,51.949999999999996,13.77,0.004678270300010401
1926,DE406,Dahme-Spreewald,Brandenburg,51.941378,13.97229,C851R315,51.94,13.969999999999999,0.0026726361518187624
1927,DE406,Dahme-Spreewald,Brandenburg,51.92868,14.145735,C869R316,51.93,14.149999999999999,0.0044645968462993174
1930,DE40G,Spree-Neiße,Brandenburg,51.906881,14.451707,C899R318,51.91,14.45,0.00355556043402346
1931,DE40G,Spree-Neiße,Brandenburg,51.905677,14.568769,C911R318,51.91,14.57,0.0044948514992151295
1933,DEA1B,Kleve,Nordrhein-Westfalen,51.879646,6.173827,C72R321,51.879999999999995,6.18,0.006183142000632879
1934,DEA34,Borken,Nordrhein-Westfalen,51.885297,6.580072,C115R320,51.89,6.61,0.030295270142383448
1936,DEA34,Borken,Nordrhein-Westfalen,51.886464,6.819535,C136R320,51.89,6.82,0.0035664437469317104
1937,DEA34,Borken,Nordrhein-Westfalen,51.885788,6.901164,C144R320,51.89,6.9,0.004369878716854711
1938,DEA34,Borken,Nordrhein-Westfalen,51.883126,6.992195,C153R321,51.879999999999995,6.99,0.0038196728917550896
1941,DEA35,Coesfeld,Nordrhein-Westfalen,51.876721,7.379039,C192R321,51.879999999999995,7.38,0.0034169228846943843
1942,DEA35,Coesfeld,Nordrhein-Westfalen,51.914536,7.482836,C202R318,51.91,7.48,0.005349597368027947
1943,DEA33,"Münster, Kreisfreie Stadt",Nordrhein-Westfalen,51.897048,7.632072,C217R319,51.9,7.63,0.0036065895247454093
1944,DEA33,"Münster, Kreisfreie Stadt",Nordrhein-Westfalen,51.917717,7.742534,C228R317,51.919999999999995,7.74,0.0034107543153911977
1945,DEA38,Warendorf,Nordrhein-Westfalen,51.896248,7.863616,C240R319,51.9,7.859999999999999,0.0052108502185340844
1946,DEA38,Warendorf,Nordrhein-Westfalen,51.928578,7.980119,C252R316,51.93,7.98,0.0014269705673188768
1947,DEA38,Warendorf,Nordrhein-Westfalen,51.908644,8.10818,C265R318,51.91,8.11,0.002269611420481271
1948,DEA42,Gütersloh,Nordrhein-Westfalen,51.910294,8.214851,C275R318,51.91,8.21,0.0048599009249149
1949,DEA42,Gütersloh,Nordrhein-Westfalen,51.911162,8.314261,C285R318,51.91,8.31,0.0044166010686950904
1951,DEA41,"Bielefeld, Kreisfreie Stadt",Nordrhein-Westfalen,51.930813,8.499155,C304R316,51.93,8.5,0.001172601381545042
1952,DEA42,Gütersloh,Nordrhein-Westfalen,51.906851,8.667841,C321R318,51.91,8.67,0.003818046882892017
1955,DEA45,Lippe,Nordrhein-Westfalen,51.916698,9.010929,C355R317,51.919999999999995,9.01,0.003430196058534881
1957,DEA45,Lippe,Nordrhein-Westfalen,51.912665,9.254705,C379R318,51.91,9.25,0.005407332984013225
1962,DE926,Holzminden,Niedersachsen,51.927481,9.83517,C438R316,51.93,9.84,0.0054474086499911615
1967,DE916,Goslar,Niedersachsen,51.937396,10.408212,C495R315,51.94,10.41,0.0031587592500834745
1969,DE916,Goslar,Niedersachsen,51.91618,10.629055,C517R317,51.919999999999995,10.629999999999999,0.00393515247480709
1970,DEE09,Harz,Sachsen-Anhalt,51.905543,10.755839,C530R318,51.91,10.76,0.006097439626593665
1971,DEE09,Harz,Sachsen-Anhalt,51.913539,10.834226,C537R318,51.91,10.83,0.005512131801763985
1972,DEE09,Harz,Sachsen-Anhalt,51.947756,10.979699,C552R314,51.949999999999996,10.98,0.0022640973918956852
1973,DEE09,Harz,Sachsen-Anhalt,51.93078,11.067782,C561R316,51.93,11.07,0.0023511537593280557
1974,DEE07,Börde,Sachsen-Anhalt,51.946859,11.216423,C576R314,51.949999999999996,11.219999999999999,0.00476033717292572
1975,DEE07,Börde,Sachsen-Anhalt,51.922032,11.296863,C584R317,51.919999999999995,11.3,0.003737618626884229
1976,DEE0C,Salzlandkreis,Sachsen-Anhalt,51.896232,11.460443,C600R319,51.9,11.46,0.003793952161006466
1978,DEE0C,Salzlandkreis,Sachsen-Anhalt,51.928516,11.661247,C620R316,51.93,11.66,0.001938366580394912
1980,DEE0C,Salzlandkreis,Sachsen-Anhalt,51.899864,11.935392,C648R319,51.9,11.940000000000001,0.004610006507588585
1982,DEE01,"Dessau-Roßlau, Kreisfreie Stadt",Sachsen-Anhalt,51.890221,12.15523,C670R320,51.89,12.16,0.00477511685720927
1983,DEE01,"Dessau-Roßlau, Kreisfreie Stadt",Sachsen-Anhalt,51.930262,12.242477,C678R316,51.93,12.24,0.0024908177372088974
1984,DEE0E,Wittenberg,Sachsen-Anhalt,51.913717,12.35861,C690R318,51.91,12.36,0.003968398795485392
1986,DEE0E,Wittenberg,Sachsen-Anhalt,51.875864,12.591958,C713R321,51.879999999999995,12.59,0.004576052884305762
1988,DEE0E,Wittenberg,Sachsen-Anhalt,51.885489,12.847918,C739R320,51.89,12.850000000000001,0.0049682839089582554
1990,DE40H,Teltow-Fläming,Brandenburg,51.899745,13.07551,C762R319,51.9,13.08,0.004497235261802825
1992,DE40H,Teltow-Fläming,Brandenburg,51.88895,13.257528,C780R320,51.89,13.26,0.0026857557595571396
1993,DE40H,Teltow-Fläming,Brandenburg,51.872574,13.431796,C797R322,51.87,13.43,0.003138644930541869
1994,DE406,Dahme-Spreewald,Brandenburg,51.861875,13.557188,C810R323,51.86,13.559999999999999,0.0033797883069781633
1997,DE40B,Oberspreewald-Lausitz,Brandenburg,51.85266,13.893572,C843R324,51.849999999999994,13.89,0.0044536259384946346
2001,DE402,"Cottbus, Kreisfreie Stadt",Brandenburg,51.845069,14.361498,C890R324,51.849999999999994,14.36,0.005153519671052075
2004,DEA1B,Kleve,Nordrhein-Westfalen,51.765348,5.991324,C58R332,51.769999999999996,6.04,0.04889779217919734
2005,DEA1B,Kleve,Nordrhein-Westfalen,51.807687,6.099533,C64R328,51.809999999999995,6.1,0.0023596732824632447
2006,DEA1B,Kleve,Nordrhein-Westfalen,51.782302,6.195134,C74R331,51.779999999999994,6.2,0.005383043748664138
2007,DEA1B,Kleve,Nordrhein-Westfalen,51.794502,6.342525,C88R330,51.79,6.34,0.005161746700490225
2008,DEA1B,Kleve,Nordrhein-Westfalen,51.789087,6.470174,C101R330,51.79,6.47,0.0009294326226223937
2009,DEA34,Borken,Nordrhein-Westfalen,51.805307,6.54213,C108R328,51.809999999999995,6.54,0.005153750964100208
2010,DEA34,Borken,Nordrhein-Westfalen,51.802279,6.699869,C124R329,51.8,6.7,0.0022827619236369927
2011,DEA34,Borken,Nordrhein-Westfalen,51.798452,6.799698,C134R329,51.8,6.8,0.0015771835657267977
2012,DEA34,Borken,Nordrhein-Westfalen,51.836528,6.898058,C144R325,51.839999999999996,6.9,0.0039782091448248005
2013,DEA34,Borken,Nordrhein-Westfalen,51.796406,7.04664,C159R329,51.8,7.05,0.00492000365853484
2014,DEA34,Borken,Nordrhein-Westfalen,51.814065,7.153521,C169R328,51.809999999999995,7.15,0.00537788675968811
2015,DEA35,Coesfeld,Nordrhein-Westfalen,51.838983,7.224011,C176R325,51.839999999999996,7.22,0.004137923392233881
2016,DEA35,Coesfeld,Nordrhein-Westfalen,51.82445,7.335108,C188R327,51.81999999999999,7.34,0.0066131810802403535
2017,DEA35,Coesfeld,Nordrhein-Westfalen,51.825185,7.469414,C201R326,51.83,7.470000000000001,0.004850527909414271
2018,DEA35,Coesfeld,Nordrhein-Westfalen,51.816618,7.636061,C218R327,51.81999999999999,7.640000000000001,0.005191689994594415
2020,DEA38,Warendorf,Nordrhein-Westfalen,51.828648,7.860429,C240R326,51.83,7.859999999999999,0.0014184304706233014
2022,DEA38,Warendorf,Nordrhein-Westfalen,51.834342,8.046512,C259R326,51.83,8.05,0.005569480047546268
2023,DEA38,Warendorf,Nordrhein-Westfalen,51.857019,8.184856,C272R323,51.86,8.18,0.005697990610732174
2026,DEA42,Gütersloh,Nordrhein-Westfalen,51.87103,8.526483,C307R322,51.87,8.530000000000001,0.0036647222268547516
2027,DEA47,Paderborn,Nordrhein-Westfalen,51.865659,8.632155,C317R322,51.87,8.629999999999999,0.004846473563321171
2030,DEA44,Höxter,Nordrhein-Westfalen,51.827794,9.006883,C355R326,51.83,9.01,0.003818654867882413
2031,DEA44,Höxter,Nordrhein-Westfalen,51.84853,9.114754,C365R324,51.849999999999994,9.11,0.004976084404428291
2032,DEA44,Höxter,Nordrhein-Westfalen,51.829963,9.25025,C379R326,51.83,9.25,0.0002527231687036852
2034,DE926,Holzminden,Niedersachsen,51.879309,9.466145,C401R321,51.879999999999995,9.469999999999999,0.003916440475737199
2037,DE918,Northeim,Niedersachsen,51.868772,9.796125,C434R322,51.87,9.8,0.004064924230536129
2046,DEE09,Harz,Sachsen-Anhalt,51.845482,10.838548,C538R324,51.849999999999994,10.84,0.004745590374229263
2047,DEE09,Harz,Sachsen-Anhalt,51.839701,10.997553,C554R325,51.839999999999996,11.0,0.0024651997890636364
2048,DEE09,Harz,Sachsen-Anhalt,51.870638,11.064975,C560R322,51.87,11.06,0.0050157421185705155
2049,DEE09,Harz,Sachsen-Anhalt,51.841316,11.240496,C578R325,51.839999999999996,11.24,0.0014063683727982917
2050,DEE09,Harz,Sachsen-Anhalt,51.848964,11.281748,C582R324,51.849999999999994,11.280000000000001,0.002031944881137453
2051,DEE0C,Salzlandkreis,Sachsen-Anhalt,51.859988,11.415238,C596R323,51.86,11.42,0.004762015119673087
2052,DEE0C,Salzlandkreis,Sachsen-Anhalt,51.865834,11.533045,C607R322,51.87,11.530000000000001,0.005160191953791329
2053,DEE0C,Salzlandkreis,Sachsen-Anhalt,51.831092,11.693343,C623R326,51.83,11.690000000000001,0.003516832808080933
2054,DEE0C,Salzlandkreis,Sachsen-Anhalt,51.833847,11.812436,C635R326,51.83,11.81,0.004553405868138725
2055,DEE05,Anhalt-Bitterfeld,Sachsen-Anhalt,51.820534,11.912912,C645R327,51.81999999999999,11.91,0.0029605573799558363
2056,DEE05,Anhalt-Bitterfeld,Sachsen-Anhalt,51.849738,12.004253,C654R324,51.849999999999994,12.0,0.004261062426202922
2060,DEE0E,Wittenberg,Sachsen-Anhalt,51.826979,12.48744,C703R326,51.83,12.49,0.003959803151671162
2062,DEE0E,Wittenberg,Sachsen-Anhalt,51.839728,12.736624,C728R325,51.839999999999996,12.74,0.0033869396215452825
2063,DEE0E,Wittenberg,Sachsen-Anhalt,51.843115,12.843349,C738R325,51.839999999999996,12.84,0.004573732174057319
2064,DEE0E,Wittenberg,Sachsen-Anhalt,51.797317,12.969566,C751R329,51.8,12.969999999999999,0.0027178750891064763
2065,DEE0E,Wittenberg,Sachsen-Anhalt,51.80079,13.063074,C760R329,51.8,13.06,0.0031738897271332586
2066,DE407,Elbe-Elster,Brandenburg,51.824604,13.192984,C773R327,51.81999999999999,13.190000000000001,0.005486444385944081
2071,DE406,Dahme-Spreewald,Brandenburg,51.808802,13.784271,C832R328,51.809999999999995,13.780000000000001,0.0044358364487413135
2072,DE40B,Oberspreewald-Lausitz,Brandenburg,51.807397,13.901534,C844R328,51.809999999999995,13.899999999999999,0.0030213846163588422
2075,DE40G,Spree-Neiße,Brandenburg,51.786724,14.21495,C875R330,51.79,14.21,0.00593588038962956
2077,DE402,"Cottbus, Kreisfreie Stadt",Brandenburg,51.784219,14.447456,C899R331,51.779999999999994,14.45,0.0049266517027332915
2078,DE40G,Spree-Neiße,Brandenburg,51.757657,14.586213,C912R333,51.76,14.580000000000002,0.006640106776247558
2079,DEA1B,Kleve,Nordrhein-Westfalen,51.742671,6.120542,C66R335,51.739999999999995,6.12,0.0027254366622681153
2080,DEA1B,Kleve,Nordrhein-Westfalen,51.728094,6.252649,C79R336,51.73,6.25,0.003263439443285652
2081,DEA1B,Kleve,Nordrhein-Westfalen,51.720383,6.375863,C92R337,51.72,6.38,0.004154691083582507
2082,DEA1B,Kleve,Nordrhein-Westfalen,51.73594,6.438619,C98R335,51.739999999999995,6.4399999999999995,0.0042884450561901715
2083,DEA1F,Wesel,Nordrhein-Westfalen,51.723669,6.596957,C114R337,51.72,6.6,0.004766698018546503
2084,DEA1F,Wesel,Nordrhein-Westfalen,51.732397,6.709137,C125R336,51.73,6.71,0.0025476220284824853
2085,DEA34,Borken,Nordrhein-Westfalen,51.739766,6.828375,C137R335,51.739999999999995,6.83,0.001641761553939982
2086,DEA36,Recklinghausen,Nordrhein-Westfalen,51.745403,6.930358,C147R334,51.75,6.93,0.004610918888895281
2087,DEA36,Recklinghausen,Nordrhein-Westfalen,51.741615,7.066058,C161R335,51.739999999999995,7.07,0.004259998708923386
2092,DEA35,Coesfeld,Nordrhein-Westfalen,51.748642,7.632613,C217R334,51.75,7.63,0.00294481459518422
2093,DEA38,Warendorf,Nordrhein-Westfalen,51.755426,7.716016,C226R333,51.76,7.720000000000001,0.006065783708638926
2094,DEA38,Warendorf,Nordrhein-Westfalen,51.778822,7.82842,C237R331,51.779999999999994,7.83,0.001970807956141181
2095,DEA38,Warendorf,Nordrhein-Westfalen,51.76604,7.995659,C254R332,51.769999999999996,8.0,0.005875872786233186
2096,DEA38,Warendorf,Nordrhein-Westfalen,51.76026,8.049833,C259R333,51.76,8.05,0.00030901294471696736
2097,DEA38,Warendorf,Nordrhein-Westfalen,51.788656,8.172571,C271R330,51.79,8.17,0.0029010992744109127
2098,DEA38,Warendorf,Nordrhein-Westfalen,51.755429,8.273455,C281R333,51.76,8.27,0.0057298399628603275
2099,DEA42,Gütersloh,Nordrhein-Westfalen,51.783374,8.397453,C294R331,51.779999999999994,8.4,0.0042274206083678404
2100,DEA47,Paderborn,Nordrhein-Westfalen,51.78881,8.564517,C310R330,51.79,8.56,0.004671122884275432
2101,DEA47,Paderborn,Nordrhein-Westfalen,51.753446,8.673308,C321R334,51.75,8.67,0.004776795997316715
2107,DEA44,Höxter,Nordrhein-Westfalen,51.773635,9.329107,C387R332,51.769999999999996,9.33,0.0037430834882512354
2110,DE918,Northeim,Niedersachsen,51.797847,9.683044,C422R329,51.8,9.68,0.0037284507506476525
2111,DE918,Northeim,Niedersachsen,51.789896,9.827967,C437R330,51.79,9.83,0.0020356583701602493
2112,DE918,Northeim,Niedersachsen,51.778914,9.921,C446R331,51.779999999999994,9.92,0.0014762777516393094
2113,DE918,Northeim,Niedersachsen,51.780588,10.05692,C460R331,51.779999999999994,10.06,0.0031356249775782888
2114,DE91C,Göttingen,Niedersachsen,51.762389,10.14901,C469R333,51.76,10.15,0.002586004833716243
2120,DEE09,Harz,Sachsen-Anhalt,51.763524,10.863483,C540R333,51.76,10.86,0.004954782033550845
2122,DEE09,Harz,Sachsen-Anhalt,51.762888,11.080645,C562R333,51.76,11.08,0.0029591500468872643
2123,DEE09,Harz,Sachsen-Anhalt,51.800688,11.19945,C574R329,51.8,11.2,0.0008808200724346682
2124,DEE09,Harz,Sachsen-Anhalt,51.76432,11.343603,C588R333,51.76,11.34,0.0056253007919576286
2125,DEE0C,Salzlandkreis,Sachsen-Anhalt,51.791375,11.411599,C595R330,51.79,11.41,0.0021088921262146423
2126,DEE0C,Salzlandkreis,Sachsen-Anhalt,51.78005,11.582384,C612R331,51.779999999999994,11.58,0.002384524271211644
2127,DEE0C,Salzlandkreis,Sachsen-Anhalt,51.757797,11.681395,C622R333,51.76,11.68,0.0026075340841507683
2128,DEE0C,Salzlandkreis,Sachsen-Anhalt,51.775761,11.811125,C635R331,51.779999999999994,11.81,0.004385743494542935
2129,DEE05,Anhalt-Bitterfeld,Sachsen-Anhalt,51.783647,11.879508,C642R331,51.779999999999994,11.879999999999999,0.003680037092212181
2130,DEE05,Anhalt-Bitterfeld,Sachsen-Anhalt,51.754955,11.988703,C653R334,51.75,11.99,0.0051219365478329774
2131,DEE01,"Dessau-Roßlau, Kreisfreie Stadt",Sachsen-Anhalt,51.789347,12.125313,C667R330,51.79,12.129999999999999,0.004732269857054673
2134,DEE0E,Wittenberg,Sachsen-Anhalt,51.756546,12.456226,C700R333,51.76,12.46,0.005115974198527404
2136,DEE0E,Wittenberg,Sachsen-Anhalt,51.747567,12.727097,C727R334,51.75,12.73,0.0037877299270164615
2138,DEE0E,Wittenberg,Sachsen-Anhalt,51.726235,12.950992,C749R336,51.73,12.95,0.003893493161668179
2139,DEE0E,Wittenberg,Sachsen-Anhalt,51.737307,13.090711,C763R335,51.739999999999995,13.09,0.002785277364997381
2142,DE407,Elbe-Elster,Brandenburg,51.733464,13.381189,C792R336,51.73,13.379999999999999,0.0036623785986715424
2144,DE407,Elbe-Elster,Brandenburg,51.715152,13.626357,C817R337,51.72,13.629999999999999,0.006064202585661673
2146,DE40B,Oberspreewald-Lausitz,Brandenburg,51.725006,13.825423,C837R336,51.73,13.830000000000002,0.006774139428737395
2148,DE40G,Spree-Neiße,Brandenburg,51.700598,14.123693,C866R339,51.699999999999996,14.120000000000001,0.003741103179543768
2152,DE40G,Spree-Neiße,Brandenburg,51.67256,14.547146,C909R342,51.669999999999995,14.55,0.003833916535348539
2153,DE40G,Spree-Neiße,Brandenburg,51.69917,14.707152,C919R342,51.669999999999995,14.649999999999999,0.06416572296795764
2155,DEA1B,Kleve,Nordrhein-Westfalen,51.656711,6.304625,C84R343,51.66,6.3,0.005675222110188058
2157,DEA1F,Wesel,Nordrhein-Westfalen,51.652649,6.543254,C108R344,51.65,6.54,0.004195916705559187
2158,DEA1F,Wesel,Nordrhein-Westfalen,51.653291,6.716374,C126R344,51.65,6.72,0.004896790479490266
2159,DEA1F,Wesel,Nordrhein-Westfalen,51.673149,6.828484,C137R342,51.669999999999995,6.83,0.0034949187401206987
2164,DEA35,Coesfeld,Nordrhein-Westfalen,51.695262,7.351901,C189R339,51.699999999999996,7.35,0.005105139077435986
2165,DEA5C,Unna,Nordrhein-Westfalen,51.686779,7.488235,C203R340,51.69,7.49,0.003672882519217823
2166,DEA5C,Unna,Nordrhein-Westfalen,51.665918,7.603458,C214R342,51.669999999999995,7.6,0.0053498119593099
2169,DEA5B,Soest,Nordrhein-Westfalen,51.682568,7.997264,C254R341,51.68,8.0,0.00375237524776199
2170,DEA38,Warendorf,Nordrhein-Westfalen,51.712289,8.104416,C264R338,51.709999999999994,8.1,0.004973990048243855
2171,DEA38,Warendorf,Nordrhein-Westfalen,51.71359,8.215547,C276R338,51.709999999999994,8.22,0.005719904632078091
2172,DEA38,Warendorf,Nordrhein-Westfalen,51.707856,8.284981,C282R338,51.709999999999994,8.28,0.0054228310871705
2173,DEA5B,Soest,Nordrhein-Westfalen,51.713399,8.425038,C297R338,51.709999999999994,8.43,0.006014536141719509
2174,DEA47,Paderborn,Nordrhein-Westfalen,51.716152,8.530553,C307R337,51.72,8.530000000000001,0.00388753302236541
2175,DEA47,Paderborn,Nordrhein-Westfalen,51.685239,8.683955,C322R340,51.69,8.68,0.006189438262067686
2179,DEA44,Höxter,Nordrhein-Westfalen,51.730978,9.109549,C365R336,51.73,9.11,0.001076979572697078
2181,DEA44,Höxter,Nordrhein-Westfalen,51.690761,9.329607,C387R340,51.69,9.33,0.0008564870109972663
2182,DE926,Holzminden,Niedersachsen,51.707653,9.4573,C400R338,51.709999999999994,9.46,0.003577486408076562
2185,DE918,Northeim,Niedersachsen,51.720404,9.800282,C434R337,51.72,9.8,0.0004926865129083174
2186,DE918,Northeim,Niedersachsen,51.699403,9.971203,C451R339,51.699999999999996,9.969999999999999,0.0013429884586248614
2188,DE91C,Göttingen,Niedersachsen,51.701278,10.165792,C471R339,51.699999999999996,10.17,0.00439778898993778
2193,DEE09,Harz,Sachsen-Anhalt,51.725719,10.733018,C527R336,51.73,10.73,0.0052378702733061975
2199,DEE0C,Salzlandkreis,Sachsen-Anhalt,51.719493,11.440775,C598R337,51.72,11.440000000000001,0.0009261069052747026
2201,DEE0C,Salzlandkreis,Sachsen-Anhalt,51.707372,11.690664,C623R338,51.709999999999994,11.690000000000001,0.002710586652362967
2202,DEE0C,Salzlandkreis,Sachsen-Anhalt,51.725236,11.78017,C632R336,51.73,11.780000000000001,0.004767032200431065
2203,DEE05,Anhalt-Bitterfeld,Sachsen-Anhalt,51.690975,11.878126,C642R340,51.69,11.879999999999999,0.0021124632541192536
2204,DEE05,Anhalt-Bitterfeld,Sachsen-Anhalt,51.674795,11.990137,C653R342,51.669999999999995,11.99,0.004796956743611731
2205,DEE05,Anhalt-Bitterfeld,Sachsen-Anhalt,51.688057,12.163492,C670R340,51.69,12.16,0.003996162283990246
2206,DEE05,Anhalt-Bitterfeld,Sachsen-Anhalt,51.681133,12.23747,C678R341,51.68,12.24,0.002772109124837509
2210,DEE0E,Wittenberg,Sachsen-Anhalt,51.698987,12.733308,C727R339,51.699999999999996,12.73,0.0034596290263521224
2211,DEE0E,Wittenberg,Sachsen-Anhalt,51.694237,12.787423,C733R340,51.69,12.79,0.0049591428694908575
2212,DEE0E,Wittenberg,Sachsen-Anhalt,51.658293,12.926905,C747R343,51.66,12.93,0.0035345259936782492
2214,DE407,Elbe-Elster,Brandenburg,51.648671,13.154137,C769R344,51.65,13.15,0.004345228417470837
2215,DE407,Elbe-Elster,Brandenburg,51.672605,13.307764,C785R342,51.669999999999995,13.31,0.0034330337895239673
2217,DE407,Elbe-Elster,Brandenburg,51.655679,13.47861,C802R343,51.66,13.48,0.004539068296465586
2219,DE407,Elbe-Elster,Brandenburg,51.656942,13.749341,C829R343,51.66,13.75,0.003128201559998182
2220,DE407,Elbe-Elster,Brandenburg,51.632299,13.886265,C843R346,51.629999999999995,13.89,0.004385843818473393
2222,DE40B,Oberspreewald-Lausitz,Brandenburg,51.627995,14.097624,C864R346,51.629999999999995,14.100000000000001,0.00310892280380131
2223,DE40G,Spree-Neiße,Brandenburg,51.647178,14.238289,C878R344,51.65,14.239999999999998,0.003300182570708073
2224,DE40G,Spree-Neiße,Brandenburg,51.63408,14.283219,C882R346,51.629999999999995,14.280000000000001,0.0051969568980330064
2229,DEA1B,Kleve,Nordrhein-Westfalen,51.579674,6.308637,C85R351,51.58,6.31,0.0014014438982704778
2230,DEA1F,Wesel,Nordrhein-Westfalen,51.579199,6.4386,C98R351,51.58,6.4399999999999995,0.0016129479222812165
2233,DEA1F,Wesel,Nordrhein-Westfalen,51.582906,6.801636,C134R351,51.58,6.8,0.0033348661142568485
2234,DEA31,"Bottrop, Kreisfreie Stadt",Nordrhein-Westfalen,51.605615,6.940993,C148R348,51.61,6.9399999999999995,0.004496028692078535
2235,DEA32,"Gelsenkirchen, Kreisfreie Stadt",Nordrhein-Westfalen,51.607342,7.005132,C155R348,51.61,7.01,0.00554638512907132
2238,DEA52,"Dortmund, Kreisfreie Stadt",Nordrhein-Westfalen,51.587031,7.382203,C192R350,51.589999999999996,7.38,0.0036970488230422312
2241,DEA5C,Unna,Nordrhein-Westfalen,51.620852,7.756761,C230R347,51.62,7.76,0.003349182736131557
2242,DEA54,"Hamm, Kreisfreie Stadt",Nordrhein-Westfalen,51.616602,7.881661,C242R347,51.62,7.88,0.0037822380940366047
2244,DEA5B,Soest,Nordrhein-Westfalen,51.645516,8.10413,C264R344,51.65,8.1,0.006096159118656698
2245,DEA5B,Soest,Nordrhein-Westfalen,51.641014,8.21215,C275R345,51.64,8.21,0.0023771192649905833
2246,DEA5B,Soest,Nordrhein-Westfalen,51.622156,8.310087,C285R347,51.62,8.31,0.0021577546199688987
2247,DEA5B,Soest,Nordrhein-Westfalen,51.630705,8.432734,C297R346,51.629999999999995,8.43,0.0028234342563633807
2250,DEA47,Paderborn,Nordrhein-Westfalen,51.620966,8.798119,C334R347,51.62,8.8,0.0021145488880642514
2251,DEA47,Paderborn,Nordrhein-Westfalen,51.623811,8.892906,C343R347,51.62,8.89,0.004792552242807827
2252,DEA44,Höxter,Nordrhein-Westfalen,51.648117,9.01055,C355R344,51.65,9.01,0.001961680147220319
2253,DEA44,Höxter,Nordrhein-Westfalen,51.650306,9.120252,C366R344,51.65,9.120000000000001,0.0003964088798211005
2254,DEA44,Höxter,Nordrhein-Westfalen,51.644758,9.22181,C376R345,51.64,9.22,0.005090644752879534
2259,DE918,Northeim,Niedersachsen,51.629205,9.803452,C434R346,51.629999999999995,9.8,0.003542362065061953
2260,DE918,Northeim,Niedersachsen,51.650818,9.955802,C450R344,51.65,9.96,0.004276953121090869
2262,DE91C,Göttingen,Niedersachsen,51.660912,10.160117,C470R343,51.66,10.16,0.0009194743063360019
2273,DEE0A,Mansfeld-Südharz,Sachsen-Anhalt,51.615245,11.445352,C599R347,51.62,11.45,0.006649355532678053
2274,DEE0A,Mansfeld-Südharz,Sachsen-Anhalt,51.63544,11.57584,C612R345,51.64,11.58,0.0061724549411061634
2275,DEE0A,Mansfeld-Südharz,Sachsen-Anhalt,51.647831,11.682944,C622R344,51.65,11.68,0.0036567331048376946
2276,DEE0A,Mansfeld-Südharz,Sachsen-Anhalt,51.628835,11.734812,C627R346,51.629999999999995,11.73,0.00495101696623816
2277,DEE0B,Saalekreis,Sachsen-Anhalt,51.630715,11.925775,C647R346,51.629999999999995,11.93,0.004285072928201912
2282,DED53,Nordsachsen,Sachsen,51.601485,12.454355,C699R349,51.599999999999994,12.45,0.004601222663598232
2284,DED53,Nordsachsen,Sachsen,51.624207,12.679554,C722R347,51.62,12.68,0.0042305750200189365
2285,DED53,Nordsachsen,Sachsen,51.617608,12.840526,C738R347,51.62,12.84,0.0024491508732625298
2287,DED53,Nordsachsen,Sachsen,51.595078,13.017214,C756R349,51.599999999999994,13.02,0.005655782881258576
2289,DE407,Elbe-Elster,Brandenburg,51.579217,13.262234,C780R351,51.58,13.26,0.0023672441783634947
2290,DE407,Elbe-Elster,Brandenburg,51.572536,13.367831,C791R352,51.56999999999999,13.370000000000001,0.003337043152258201
2291,DE407,Elbe-Elster,Brandenburg,51.589912,13.532475,C807R350,51.589999999999996,13.530000000000001,0.0024765639503136383
2300,DED2D,Görlitz,Sachsen,51.528361,14.559974,C910R356,51.529999999999994,14.559999999999999,0.0016392062103320012
2301,DED2D,Görlitz,Sachsen,51.531948,14.640735,C917R356,51.529999999999994,14.629999999999999,0.010910312965265064
2302,DEA1B,Kleve,Nordrhein-Westfalen,51.525111,6.2244,C76R356,51.529999999999994,6.22,0.006577409900555102
2303,DEA1B,Kleve,Nordrhein-Westfalen,51.501552,6.317138,C86R359,51.5,6.32,0.0032557254183962965
2304,DEA1F,Wesel,Nordrhein-Westfalen,51.516264,6.510733,C105R357,51.519999999999996,6.51,0.003807227994220156
2306,DEA12,"Duisburg, Kreisfreie Stadt",Nordrhein-Westfalen,51.541681,6.701352,C124R355,51.54,6.7,0.0021572354994279447
2311,DEA55,"Herne, Kreisfreie Stadt",Nordrhein-Westfalen,51.544956,7.271019,C181R355,51.54,7.27,0.005059673606073842
2318,DEA5B,Soest,Nordrhein-Westfalen,51.53076,8.0871,C263R356,51.529999999999994,8.09,0.00299793262099272
2319,DEA5B,Soest,Nordrhein-Westfalen,51.549915,8.23458,C277R354,51.55,8.23,0.004580788687550414
2320,DEA5B,Soest,Nordrhein-Westfalen,51.559725,8.343398,C288R353,51.559999999999995,8.34,0.003409109707827223
2321,DEA5B,Soest,Nordrhein-Westfalen,51.569384,8.455934,C300R352,51.56999999999999,8.46,0.004112397354342834
2322,DEA47,Paderborn,Nordrhein-Westfalen,51.544728,8.545348,C309R355,51.54,8.55,0.006632879314445692
2324,DEA47,Paderborn,Nordrhein-Westfalen,51.539331,8.784023,C332R355,51.54,8.780000000000001,0.0040782459464810735
2327,DEA44,Höxter,Nordrhein-Westfalen,51.559043,9.152133,C369R353,51.559999999999995,9.15,0.0023378490113736485
2330,DE734,"Kassel, Landkreis",Hessen,51.583156,9.470351,C401R351,51.58,9.469999999999999,0.0031754585495684913
2338,DEG06,Eichsfeld,Thüringen,51.562109,10.429501,C497R353,51.559999999999995,10.43,0.00216722910649012
2340,DE91C,Göttingen,Niedersachsen,51.579276,10.59241,C513R351,51.58,10.59,0.0025164013988221855
2347,DEE0A,Mansfeld-Südharz,Sachsen-Anhalt,51.563814,11.404784,C594R353,51.559999999999995,11.4,0.0061182719782658206
2348,DEE0A,Mansfeld-Südharz,Sachsen-Anhalt,51.550671,11.549922,C609R354,51.55,11.55,0.0006755183195188123
2349,DEE0A,Mansfeld-Südharz,Sachsen-Anhalt,51.556393,11.62515,C617R353,51.559999999999995,11.629999999999999,0.006044249250317156
2350,DEE0B,Saalekreis,Sachsen-Anhalt,51.538469,11.750244,C629R355,51.54,11.75,0.001550321579544069
2351,DEE0B,Saalekreis,Sachsen-Anhalt,51.559403,11.86336,C640R353,51.559999999999995,11.86,0.003412624942766943
2353,DEE0B,Saalekreis,Sachsen-Anhalt,51.5257,12.13579,C668R356,51.529999999999994,12.14,0.006017815218162527
2354,DED53,Nordsachsen,Sachsen,51.551239,12.242002,C678R354,51.55,12.24,0.002354384208239994
2355,DED53,Nordsachsen,Sachsen,51.534128,12.356619,C690R356,51.529999999999994,12.36,0.005335873405550892
2357,DED53,Nordsachsen,Sachsen,51.554581,12.593992,C713R354,51.55,12.59,0.006076316729731715
2358,DED53,Nordsachsen,Sachsen,51.524824,12.723888,C726R357,51.519999999999996,12.719999999999999,0.0061957662964377954
2359,DED53,Nordsachsen,Sachsen,51.513878,12.790768,C733R358,51.51,12.79,0.003953316076410192
2360,DED53,Nordsachsen,Sachsen,51.52207,12.947979,C749R357,51.519999999999996,12.95,0.0028929813341966914
2361,DED53,Nordsachsen,Sachsen,51.522296,13.06433,C760R357,51.519999999999996,13.06,0.00490107294375437
2362,DED53,Nordsachsen,Sachsen,51.514778,13.191271,C773R358,51.51,13.190000000000001,0.004944160697228022
2363,DE407,Elbe-Elster,Brandenburg,51.50341,13.271477,C781R359,51.5,13.27,0.0037161309180409473
2369,DE40B,Oberspreewald-Lausitz,Brandenburg,51.478975,13.956024,C850R361,51.48,13.96,0.004105995737943371
2370,DED2C,Bautzen,Sachsen,51.491831,14.086855,C863R360,51.489999999999995,14.09,0.0036391738073373154
2378,DEA1B,Kleve,Nordrhein-Westfalen,51.418575,6.246175,C79R367,51.419999999999995,6.25,0.004081819447255454
2379,DEA1B,Kleve,Nordrhein-Westfalen,51.429928,6.369864,C91R366,51.43,6.37,0.0001538830724950715
2380,DEA1B,Kleve,Nordrhein-Westfalen,51.455625,6.468092,C101R363,51.459999999999994,6.47,0.004772953907169304
2381,DEA1F,Wesel,Nordrhein-Westfalen,51.457,6.597402,C114R363,51.459999999999994,6.6,0.003968577074967478
2387,DEA51,"Bochum, Kreisfreie Stadt",Nordrhein-Westfalen,51.459484,7.294813,C183R363,51.459999999999994,7.29,0.004840581060161472
2388,DEA56,Ennepe-Ruhr-Kreis,Nordrhein-Westfalen,51.453935,7.375147,C192R364,51.449999999999996,7.38,0.006247866355808331
2389,DEA52,"Dortmund, Kreisfreie Stadt",Nordrhein-Westfalen,51.470001,7.495604,C204R362,51.47,7.5,0.004396000113739608
2390,DEA5C,Unna,Nordrhein-Westfalen,51.455934,7.621391,C216R363,51.459999999999994,7.62,0.004297352324391805
2393,DEA57,Hochsauerlandkreis,Nordrhein-Westfalen,51.46331,7.941217,C248R363,51.459999999999994,7.9399999999999995,0.003526639902235809
2394,DEA5B,Soest,Nordrhein-Westfalen,51.498538,8.116688,C266R359,51.5,8.120000000000001,0.003620329819228776
2397,DEA5B,Soest,Nordrhein-Westfalen,51.500716,8.429049,C297R359,51.5,8.43,0.0011904020329270703
2402,DE736,Waldeck-Frankenberg,Hessen,51.498716,9.006288,C355R359,51.5,9.01,0.003927798365496476
2403,DEA44,Höxter,Nordrhein-Westfalen,51.510717,9.095606,C364R358,51.51,9.1,0.004452114666088298
2404,DEA44,Höxter,Nordrhein-Westfalen,51.505661,9.261188,C380R358,51.51,9.26,0.004498695922148402
2405,DE734,"Kassel, Landkreis",Hessen,51.490129,9.353061,C389R360,51.489999999999995,9.35,0.0030637170234873337
2406,DE734,"Kassel, Landkreis",Hessen,51.51259,9.487554,C403R358,51.51,9.49,0.003562445227653314
2407,DE734,"Kassel, Landkreis",Hessen,51.491632,9.549097,C409R360,51.489999999999995,9.55,0.0018651629955656426
2408,DE91C,Göttingen,Niedersachsen,51.501368,9.695471,C424R359,51.5,9.7,0.004731095539089895
2409,DE91C,Göttingen,Niedersachsen,51.478505,9.814419,C435R361,51.48,9.81,0.004665038692227881
2410,DE91C,Göttingen,Niedersachsen,51.521563,9.93131,C447R357,51.519999999999996,9.93,0.002039379562517532
2411,DE91C,Göttingen,Niedersachsen,51.475701,10.050459,C459R361,51.48,10.05,0.004323434051765502
2414,DEG06,Eichsfeld,Thüringen,51.514569,10.359882,C490R358,51.51,10.36,0.004570523492996462
2417,DEG07,Nordhausen,Thüringen,51.485229,10.750941,C529R360,51.489999999999995,10.75,0.004862912913057377
2418,DEG07,Nordhausen,Thüringen,51.478872,10.844624,C538R361,51.48,10.84,0.004759596621562021
2422,DEE0A,Mansfeld-Südharz,Sachsen-Anhalt,51.499622,11.319384,C586R359,51.5,11.32,0.0007227309319514046
2423,DEE0A,Mansfeld-Südharz,Sachsen-Anhalt,51.476328,11.389917,C593R361,51.48,11.39,0.0036729379248716036
2424,DEE0A,Mansfeld-Südharz,Sachsen-Anhalt,51.478271,11.560788,C610R361,51.48,11.56,0.0019001013130859944
2425,DEE0A,Mansfeld-Südharz,Sachsen-Anhalt,51.481043,11.63343,C617R361,51.48,11.629999999999999,0.0035850730815447525
2427,DEE02,"Halle (Saale), Kreisfreie Stadt",Sachsen-Anhalt,51.471498,11.902803,C644R362,51.47,11.9,0.0031781776224740228
2430,DED53,Nordsachsen,Sachsen,51.493918,12.259841,C680R360,51.489999999999995,12.26,0.003921224936170575
2431,DED53,Nordsachsen,Sachsen,51.475419,12.371239,C691R361,51.48,12.370000000000001,0.00474559606371489
2432,DED53,Nordsachsen,Sachsen,51.455627,12.475356,C702R363,51.459999999999994,12.48,0.006378860791705229
2433,DED53,Nordsachsen,Sachsen,51.452692,12.588217,C713R364,51.449999999999996,12.59,0.00322892443392784
2435,DED52,Leipzig,Sachsen,51.464837,12.793257,C733R363,51.459999999999994,12.79,0.0058313478716414254
2436,DED53,Nordsachsen,Sachsen,51.466425,12.889988,C743R362,51.47,12.89,0.003575020139801296
2438,DED53,Nordsachsen,Sachsen,51.433922,13.12545,C767R366,51.43,13.129999999999999,0.006007044531215564
2439,DE407,Elbe-Elster,Brandenburg,51.460582,13.288652,C783R363,51.459999999999994,13.29,0.0014682738164271234
2440,DE407,Elbe-Elster,Brandenburg,51.448961,13.37923,C792R364,51.449999999999996,13.379999999999999,0.0012932211721109945
2441,DE407,Elbe-Elster,Brandenburg,51.452514,13.517669,C806R364,51.449999999999996,13.52,0.0034283752711779603
2442,DE407,Elbe-Elster,Brandenburg,51.424783,13.607242,C815R367,51.419999999999995,13.61,0.005521200322396562
2443,DE40B,Oberspreewald-Lausitz,Brandenburg,51.437132,13.761944,C830R365,51.44,13.760000000000002,0.003464759731927972
2444,DE40B,Oberspreewald-Lausitz,Brandenburg,51.442953,13.855058,C840R365,51.44,13.86,0.005757045509636682
2452,DED2D,Görlitz,Sachsen,51.398097,14.725236,C927R369,51.4,14.73,0.005130019980467198
2455,DEA1E,Viersen,Nordrhein-Westfalen,51.369606,6.392381,C93R372,51.37,6.39,0.002413378751875266
2456,DEA1E,Viersen,Nordrhein-Westfalen,51.371005,6.476635,C102R372,51.37,6.48,0.0035118727197895306
2458,DEA12,"Duisburg, Kreisfreie Stadt",Nordrhein-Westfalen,51.393573,6.690476,C123R370,51.39,6.6899999999999995,0.0036045672417117903
2460,DEA13,"Essen, Kreisfreie Stadt",Nordrhein-Westfalen,51.400131,6.961122,C150R369,51.4,6.96,0.0011296216180650919
2463,DEA56,Ennepe-Ruhr-Kreis,Nordrhein-Westfalen,51.382227,7.3176,C186R371,51.379999999999995,7.32,0.0032740691807023044
2465,DEA53,"Hagen, Kreisfreie Stadt",Nordrhein-Westfalen,51.415336,7.504667,C204R367,51.419999999999995,7.5,0.006598013716257424
2468,DEA58,Märkischer Kreis,Nordrhein-Westfalen,51.418269,7.856046,C240R367,51.419999999999995,7.859999999999999,0.004316303626943828
2475,DEA57,Hochsauerlandkreis,Nordrhein-Westfalen,51.406882,8.650767,C319R368,51.41,8.65,0.0032109520394984353
2479,DE736,Waldeck-Frankenberg,Hessen,51.421831,9.116441,C366R367,51.419999999999995,9.120000000000001,0.0040023795422245035
2481,DE734,"Kassel, Landkreis",Hessen,51.447105,9.356108,C390R364,51.449999999999996,9.36,0.004850637999269986
2482,DE734,"Kassel, Landkreis",Hessen,51.445562,9.461587,C400R364,51.449999999999996,9.46,0.004713216842023805
2485,DE91C,Göttingen,Niedersachsen,51.443337,9.80091,C434R365,51.44,9.8,0.003458853711854775
2486,DE91C,Göttingen,Niedersachsen,51.419501,9.926383,C447R367,51.419999999999995,9.93,0.0036512586870830286
2487,DE91C,Göttingen,Niedersachsen,51.420729,10.029029,C457R367,51.419999999999995,10.030000000000001,0.0012142001482511571
2488,DEG06,Eichsfeld,Thüringen,51.4258,10.134309,C467R366,51.43,10.129999999999999,0.006017265242615298
2489,DEG06,Eichsfeld,Thüringen,51.422518,10.287033,C483R367,51.419999999999995,10.29,0.0038914538414337924
2491,DEG07,Nordhausen,Thüringen,51.41852,10.495162,C504R367,51.419999999999995,10.5,0.005059312601527612
2492,DEG07,Nordhausen,Thüringen,51.410536,10.588437,C513R368,51.41,10.59,0.001652351354888333
2493,DEG07,Nordhausen,Thüringen,51.413939,10.694884,C523R368,51.41,10.690000000000001,0.006274486194104533
2495,DEG07,Nordhausen,Thüringen,51.422888,10.967369,C551R367,51.419999999999995,10.969999999999999,0.003906751207848913
2497,DEG0A,Kyffhäuserkreis,Thüringen,51.40837,11.226324,C577R368,51.41,11.23,0.004021178434240277
2498,DEE0A,Mansfeld-Südharz,Sachsen-Anhalt,51.41028,11.277451,C582R368,51.41,11.280000000000001,0.002564332466746807
2499,DEE0A,Mansfeld-Südharz,Sachsen-Anhalt,51.435827,11.439774,C598R365,51.44,11.440000000000001,0.0041791153370006615
2500,DEE0B,Saalekreis,Sachsen-Anhalt,51.431199,11.543,C608R366,51.43,11.54,0.003230727627021509
2501,DEE0B,Saalekreis,Sachsen-Anhalt,51.426638,11.673486,C621R366,51.43,11.67,0.00484306101551718
2502,DEE0B,Saalekreis,Sachsen-Anhalt,51.413763,11.730647,C627R368,51.41,11.73,0.003818216599414812
2503,DEE0B,Saalekreis,Sachsen-Anhalt,51.397532,11.914437,C645R369,51.4,11.91,0.005077203265578017
2504,DEE02,"Halle (Saale), Kreisfreie Stadt",Sachsen-Anhalt,51.410224,11.989256,C653R368,51.41,11.99,0.0007769890604138076
2505,DEE0B,Saalekreis,Sachsen-Anhalt,51.395578,12.077682,C662R369,51.4,12.08,0.004992715493595336
2507,DED51,"Leipzig, Kreisfreie Stadt",Sachsen,51.387829,12.333417,C687R370,51.39,12.33,0.004048349046215223
2508,DED51,"Leipzig, Kreisfreie Stadt",Sachsen,51.422295,12.47239,C701R367,51.419999999999995,12.469999999999999,0.0033134762712332903
2509,DED53,Nordsachsen,Sachsen,51.384186,12.566504,C711R371,51.379999999999995,12.57,0.005453862117805755
2510,DED52,Leipzig,Sachsen,51.412393,12.663612,C720R368,51.41,12.66,0.00433278120841875
2512,DED52,Leipzig,Sachsen,51.382884,12.881348,C742R371,51.379999999999995,12.879999999999999,0.0031834823699857257
2513,DED53,Nordsachsen,Sachsen,51.389246,13.016836,C756R370,51.39,13.02,0.0032526008055094213
2514,DED53,Nordsachsen,Sachsen,51.399494,13.176746,C772R369,51.4,13.18,0.0032931067398434045
2515,DED2E,Meißen,Sachsen,51.357253,13.265315,C781R373,51.36,13.27,0.005430951482014841
2516,DED2E,Meißen,Sachsen,51.380132,13.391076,C793R371,51.379999999999995,13.39,0.0010840664186297763
2517,DED2E,Meißen,Sachsen,51.357664,13.48613,C803R373,51.36,13.489999999999998,0.004520375648106239
2518,DED2E,Meißen,Sachsen,51.359817,13.641381,C818R373,51.36,13.64,0.0013930721445785785
2519,DED2E,Meißen,Sachsen,51.361192,13.73632,C828R373,51.36,13.739999999999998,0.0038682378417054463
2520,DED2C,Bautzen,Sachsen,51.375822,13.847645,C839R371,51.379999999999995,13.850000000000001,0.004796009695567088
2524,DED2C,Bautzen,Sachsen,51.367311,14.307856,C885R372,51.37,14.309999999999999,0.00343910700618337
2525,DED2C,Bautzen,Sachsen,51.36065,14.393584,C893R373,51.36,14.39,0.0036424656484310963
2528,DED2D,Görlitz,Sachsen,51.314992,14.745213,C929R378,51.309999999999995,14.75,0.006916316432901073
2530,DED2D,Görlitz,Sachsen,51.303119,14.968903,C944R379,51.3,14.899999999999999,0.06897355703456301
2531,DEA1E,Viersen,Nordrhein-Westfalen,51.315749,6.260493,C80R377,51.31999999999999,6.26,0.004279491792254116
2532,DEA1E,Viersen,Nordrhein-Westfalen,51.281814,6.388008,C93R381,51.279999999999994,6.39,0.0026941900452658162
2533,DEA1E,Viersen,Nordrhein-Westfalen,51.315424,6.511007,C105R377,51.31999999999999,6.51,0.004685490902769641
2535,DEA1D,Rhein-Kreis Neuss,Nordrhein-Westfalen,51.321471,6.715497,C126R377,51.31999999999999,6.72,0.0047371774296541555
2537,DEA1C,Mettmann,Nordrhein-Westfalen,51.323106,6.926336,C147R377,51.31999999999999,6.93,0.0048033459171766095
2541,DEA56,Ennepe-Ruhr-Kreis,Nordrhein-Westfalen,51.33056,7.394067,C193R376,51.33,7.39,0.004105373186447302
2542,DEA53,"Hagen, Kreisfreie Stadt",Nordrhein-Westfalen,51.342331,7.508207,C205R375,51.339999999999996,7.51,0.0029408179134425773
2547,DEA57,Hochsauerlandkreis,Nordrhein-Westfalen,51.331701,8.074796,C261R376,51.33,8.07,0.005088714670720275
2548,DEA57,Hochsauerlandkreis,Nordrhein-Westfalen,51.328138,8.190544,C273R376,51.33,8.19,0.0019398401995997508
2552,DEA57,Hochsauerlandkreis,Nordrhein-Westfalen,51.359835,8.664109,C320R373,51.36,8.66,0.004112311515437318
2553,DE736,Waldeck-Frankenberg,Hessen,51.371947,8.767725,C331R372,51.37,8.77,0.0029944004408229974
2554,DE736,Waldeck-Frankenberg,Hessen,51.348162,8.918302,C346R374,51.349999999999994,8.92,0.0025022885524993146
2557,DE734,"Kassel, Landkreis",Hessen,51.367527,9.223161,C376R372,51.37,9.22,0.004013433691985687
2558,DE731,"Kassel, Kreisfreie Stadt",Hessen,51.338468,9.386929,C393R375,51.339999999999996,9.39,0.0034319185596388725
2560,DE731,"Kassel, Kreisfreie Stadt",Hessen,51.3496,9.55169,C409R374,51.349999999999994,9.55,0.0017366922582868463
2564,DEG06,Eichsfeld,Thüringen,51.332862,10.038346,C458R376,51.33,10.04,0.0033055650046545887
2567,DEG06,Eichsfeld,Thüringen,51.345342,10.422207,C496R374,51.349999999999994,10.42,0.005154397442953667
2569,DEG0A,Kyffhäuserkreis,Thüringen,51.358422,10.595808,C514R373,51.36,10.6,0.004479168226356817
2570,DEG0A,Kyffhäuserkreis,Thüringen,51.372276,10.737651,C528R372,51.37,10.74,0.0032707762075708676
2572,DEG0A,Kyffhäuserkreis,Thüringen,51.347588,10.964706,C550R374,51.349999999999994,10.96,0.00528811686708533
2573,DEG0A,Kyffhäuserkreis,Thüringen,51.358722,11.072194,C561R373,51.36,11.07,0.002539078573025109
2574,DEG0A,Kyffhäuserkreis,Thüringen,51.338869,11.167636,C571R375,51.339999999999996,11.17,0.0026206214911707634
2575,DEG0A,Kyffhäuserkreis,Thüringen,51.327146,11.298788,C584R376,51.33,11.3,0.0031006870206451488
2577,DEE0B,Saalekreis,Sachsen-Anhalt,51.331424,11.516777,C606R376,51.33,11.52,0.003523564246611879
2578,DEE0B,Saalekreis,Sachsen-Anhalt,51.359673,11.634877,C617R373,51.36,11.629999999999999,0.004887950286163274
2579,DEE0B,Saalekreis,Sachsen-Anhalt,51.355791,11.769486,C631R373,51.36,11.77,0.004240268505644963
2580,DEE0B,Saalekreis,Sachsen-Anhalt,51.339346,11.862889,C640R375,51.339999999999996,11.86,0.002962100099590606
2582,DEE0B,Saalekreis,Sachsen-Anhalt,51.340891,12.1341,C667R375,51.339999999999996,12.129999999999999,0.004195697915724408
2583,DED52,Leipzig,Sachsen,51.317394,12.2149,C675R377,51.31999999999999,12.21,0.005549886124953923
2588,DED52,Leipzig,Sachsen,51.314563,12.792122,C733R378,51.309999999999995,12.79,0.005032281093107652
2590,DED53,Nordsachsen,Sachsen,51.322686,13.055518,C760R377,51.31999999999999,13.06,0.005225219612612785
2591,DED53,Nordsachsen,Sachsen,51.319019,13.137373,C768R377,51.31999999999999,13.14,0.0028041915055848007
2592,DED2E,Meißen,Sachsen,51.293483,13.285716,C783R380,51.29,13.29,0.005521226765856092
2593,DED2E,Meißen,Sachsen,51.311607,13.331121,C787R378,51.309999999999995,13.33,0.0019593595892590525
2595,DED2E,Meißen,Sachsen,51.321697,13.598318,C814R377,51.31999999999999,13.600000000000001,0.002389337355842918
2596,DED2E,Meißen,Sachsen,51.276409,13.689584,C823R381,51.279999999999994,13.690000000000001,0.0036150154909697038
2598,DED2C,Bautzen,Sachsen,51.269115,13.975742,C852R382,51.269999999999996,13.98,0.004348998620371701
2601,DED2C,Bautzen,Sachsen,51.272003,14.258452,C880R382,51.269999999999996,14.260000000000002,0.0025314645958441455
2602,DED2C,Bautzen,Sachsen,51.270086,14.420408,C896R382,51.269999999999996,14.420000000000002,0.0004169652263669504
2603,DED2C,Bautzen,Sachsen,51.257181,14.556843,C910R383,51.26,14.559999999999999,0.004232423655538401
2604,DED2D,Görlitz,Sachsen,51.278745,14.633086,C917R381,51.279999999999994,14.629999999999999,0.0033314292728485783
2609,DEA1E,Viersen,Nordrhein-Westfalen,51.223945,6.276483,C82R387,51.22,6.28,0.005285103026433451
2610,DEA1E,Viersen,Nordrhein-Westfalen,51.230323,6.416424,C96R386,51.23,6.42,0.0035905577561152853
2615,DEA1C,Mettmann,Nordrhein-Westfalen,51.232288,6.979957,C152R386,51.23,6.98,0.00228840402901244
2616,DEA1A,"Wuppertal, Kreisfreie Stadt",Nordrhein-Westfalen,51.254159,7.072246,C161R384,51.25,7.07,0.004726711012957017
2623,DEA58,Märkischer Kreis,Nordrhein-Westfalen,51.275466,7.867948,C241R381,51.279999999999994,7.87,0.004976731859356263
2628,DEA57,Hochsauerlandkreis,Nordrhein-Westfalen,51.249567,8.415516,C296R384,51.25,8.42,0.004504857933386832
2632,DE736,Waldeck-Frankenberg,Hessen,51.28761,8.912164,C345R380,51.29,8.91,0.0032241271687069376
2633,DE736,Waldeck-Frankenberg,Hessen,51.292062,8.987345,C353R380,51.29,8.99,0.003361676516265823
2634,DE736,Waldeck-Frankenberg,Hessen,51.272719,9.094186,C363R382,51.269999999999996,9.09,0.004991548557315567
2635,DE734,"Kassel, Landkreis",Hessen,51.26048,9.267899,C381R383,51.26,9.27,0.00215513363854813
2636,DE734,"Kassel, Landkreis",Hessen,51.285246,9.373737,C391R380,51.29,9.370000000000001,0.00604695667257329
2638,DE734,"Kassel, Landkreis",Hessen,51.2557,9.59499,C413R383,51.26,9.59,0.006587116212729158
2643,DEG06,Eichsfeld,Thüringen,51.284731,10.166812,C471R381,51.279999999999994,10.17,0.005704884310839423
2644,DEG06,Eichsfeld,Thüringen,51.299792,10.293081,C483R379,51.3,10.29,0.0030880131152588287
2646,DEG09,Unstrut-Hainich-Kreis,Thüringen,51.277342,10.526675,C507R381,51.279999999999994,10.530000000000001,0.004256828514281025
2647,DEG09,Unstrut-Hainich-Kreis,Thüringen,51.257543,10.635169,C518R383,51.26,10.64,0.005419908670818133
2648,DEG0A,Kyffhäuserkreis,Thüringen,51.261457,10.710988,C525R383,51.26,10.71,0.0017603956941565852
2649,DEG0A,Kyffhäuserkreis,Thüringen,51.289262,10.832899,C537R380,51.29,10.83,0.002991462017140384
2650,DEG0A,Kyffhäuserkreis,Thüringen,51.284451,10.996638,C554R381,51.279999999999994,11.0,0.005578032359176677
2651,DEG0D,Sömmerda,Thüringen,51.290066,11.042393,C558R380,51.29,11.04,0.0023939099816006697
2652,DEG0A,Kyffhäuserkreis,Thüringen,51.268886,11.185418,C573R382,51.269999999999996,11.190000000000001,0.00471547664610861
2654,DEG0A,Kyffhäuserkreis,Thüringen,51.264849,11.388832,C593R383,51.26,11.39,0.00498768733984004
2655,DEE08,Burgenlandkreis,Sachsen-Anhalt,51.263705,11.502148,C604R383,51.26,11.5,0.0042826310838113306
2656,DEE08,Burgenlandkreis,Sachsen-Anhalt,51.268416,11.685509,C623R382,51.269999999999996,11.690000000000001,0.004762156759284103
2657,DEE08,Burgenlandkreis,Sachsen-Anhalt,51.252903,11.735805,C628R384,51.25,11.74,0.005101512912855244
2659,DEE08,Burgenlandkreis,Sachsen-Anhalt,51.264952,12.015047,C656R383,51.26,12.02,0.007003892703349581
2660,DEE08,Burgenlandkreis,Sachsen-Anhalt,51.239934,12.088704,C663R385,51.239999999999995,12.09,0.001297679467356821
2661,DED52,Leipzig,Sachsen,51.260991,12.247023,C679R383,51.26,12.25,0.003137612149389336
2663,DED52,Leipzig,Sachsen,51.269655,12.429305,C697R382,51.269999999999996,12.43,0.0007759188101841461
2664,DED52,Leipzig,Sachsen,51.240195,12.595589,C714R385,51.239999999999995,12.600000000000001,0.004415308143268288
2665,DED52,Leipzig,Sachsen,51.229493,12.70541,C725R386,51.23,12.71,0.004617916088453948
2666,DED52,Leipzig,Sachsen,51.254229,12.760178,C730R384,51.25,12.76,0.00423274438160623
2667,DED53,Nordsachsen,Sachsen,51.240281,12.920344,C746R385,51.239999999999995,12.92,0.00044418126930869956
2668,DED53,Nordsachsen,Sachsen,51.239907,12.988484,C753R385,51.239999999999995,12.99,0.001518849893834208
2669,DED43,Mittelsachsen,Sachsen,51.220457,13.130439,C767R387,51.22,13.129999999999999,0.000633695510482458
2670,DED2E,Meißen,Sachsen,51.251888,13.268405,C781R384,51.25,13.27,0.002471551941595365
2671,DED2E,Meißen,Sachsen,51.230516,13.332768,C787R386,51.23,13.33,0.002815684641433214
2672,DED2E,Meißen,Sachsen,51.219363,13.502694,C804R387,51.22,13.5,0.00276828557052858
2673,DED2E,Meißen,Sachsen,51.239318,13.608782,C815R385,51.239999999999995,13.61,0.0013959398267819722
2674,DED2E,Meißen,Sachsen,51.214305,13.681532,C822R388,51.209999999999994,13.68,0.004569469225203658
2677,DED2C,Bautzen,Sachsen,51.224541,14.063666,C860R387,51.22,14.059999999999999,0.005836114889208018
2679,DED2C,Bautzen,Sachsen,51.2089,14.275383,C882R388,51.209999999999994,14.280000000000001,0.00474622892410382
2681,DED2C,Bautzen,Sachsen,51.175218,14.51758,C906R391,51.18,14.52,0.005359470496232153
2682,DED2C,Bautzen,Sachsen,51.184214,14.606495,C915R391,51.18,14.61,0.005481133185753674
2683,DED2D,Görlitz,Sachsen,51.175468,14.738976,C928R391,51.18,14.739999999999998,0.004646245796336666
2684,DED2D,Görlitz,Sachsen,51.196431,14.840592,C938R389,51.199999999999996,14.84,0.0036177651941482775
2687,DEA29,Heinsberg,Nordrhein-Westfalen,51.151621,6.296177,C84R394,51.15,6.3,0.004152465532668263
2690,DEA1D,Rhein-Kreis Neuss,Nordrhein-Westfalen,51.159757,6.650973,C119R393,51.16,6.65,0.0010028848388510519
2691,DEA1D,Rhein-Kreis Neuss,Nordrhein-Westfalen,51.155291,6.72219,C126R393,51.16,6.72,0.005193340062039699
2697,DEA2A,Oberbergischer Kreis,Nordrhein-Westfalen,51.153807,7.412888,C195R394,51.15,7.41,0.004778471826851326
2698,DEA58,Märkischer Kreis,Nordrhein-Westfalen,51.182977,7.498496,C204R391,51.18,7.5,0.0033353478079515423
2700,DEA58,Märkischer Kreis,Nordrhein-Westfalen,51.204332,7.766098,C231R389,51.199999999999996,7.77,0.005830251109518174
2702,DEA59,Olpe,Nordrhein-Westfalen,51.190904,8.020716,C256R390,51.19,8.02,0.0011532007630984866
2704,DEA57,Hochsauerlandkreis,Nordrhein-Westfalen,51.183262,8.21699,C276R391,51.18,8.22,0.004438552016142809
2708,DEA57,Hochsauerlandkreis,Nordrhein-Westfalen,51.216419,8.685717,C323R387,51.22,8.69,0.005582799476962328
2712,DE736,Waldeck-Frankenberg,Hessen,51.196492,9.111955,C365R389,51.199999999999996,9.11,0.004015979208110753
2716,DE734,"Kassel, Landkreis",Hessen,51.216165,9.618872,C416R387,51.22,9.620000000000001,0.003997450312389177
2717,DE737,Werra-Meißner-Kreis,Hessen,51.215495,9.702394,C424R387,51.22,9.7,0.005101593966597015
2718,DE737,Werra-Meißner-Kreis,Hessen,51.188477,9.801916,C434R390,51.19,9.8,0.002447567159445241
2719,DE737,Werra-Meißner-Kreis,Hessen,51.221544,9.912116,C445R387,51.22,9.91,0.0026194258912984095
2721,DE737,Werra-Meißner-Kreis,Hessen,51.205217,10.16961,C471R388,51.209999999999994,10.17,0.004798873722027209
2724,DEG09,Unstrut-Hainich-Kreis,Thüringen,51.225721,10.517393,C506R386,51.23,10.52,0.005010617726385579
2725,DEG09,Unstrut-Hainich-Kreis,Thüringen,51.182495,10.613355,C515R391,51.18,10.61,0.004181034560969585
2726,DEG09,Unstrut-Hainich-Kreis,Thüringen,51.192957,10.72901,C527R390,51.19,10.73,0.003118324710483508
2727,DEG09,Unstrut-Hainich-Kreis,Thüringen,51.201531,10.822728,C536R389,51.199999999999996,10.82,0.003128249510511959
2728,DEG0D,Sömmerda,Thüringen,51.199015,10.926878,C547R389,51.199999999999996,10.93,0.0032736995891471626
2729,DEG0D,Sömmerda,Thüringen,51.190102,11.074421,C561R390,51.19,11.07,0.004422176500321008
2730,DEG0D,Sömmerda,Thüringen,51.198417,11.210748,C575R389,51.199999999999996,11.21,0.0017508263763116923
2731,DEG0D,Sömmerda,Thüringen,51.186367,11.278262,C582R390,51.19,11.280000000000001,0.004027323304629207
2732,DEE08,Burgenlandkreis,Sachsen-Anhalt,51.205336,11.401456,C594R388,51.209999999999994,11.4,0.0048859832173181825
2733,DEE08,Burgenlandkreis,Sachsen-Anhalt,51.178033,11.537821,C608R391,51.18,11.54,0.0029354948475515423
2734,DEE08,Burgenlandkreis,Sachsen-Anhalt,51.188465,11.617705,C616R390,51.19,11.620000000000001,0.0027610233610006595
2738,DEE08,Burgenlandkreis,Sachsen-Anhalt,51.189908,12.122069,C666R390,51.19,12.120000000000001,0.0020710444225061886
2739,DED52,Leipzig,Sachsen,51.177506,12.256764,C680R391,51.18,12.26,0.004085551615141967
2741,DED52,Leipzig,Sachsen,51.19384,12.467788,C701R390,51.19,12.469999999999999,0.0044315396872895195
2742,DED52,Leipzig,Sachsen,51.181684,12.599229,C714R391,51.18,12.600000000000001,0.0018521060984712213
2744,DED52,Leipzig,Sachsen,51.174174,12.754512,C729R392,51.169999999999995,12.75,0.006146577909703229
2745,DED43,Mittelsachsen,Sachsen,51.187727,12.898974,C744R390,51.19,12.9,0.002493833394591085
2746,DED43,Mittelsachsen,Sachsen,51.152785,13.019614,C756R394,51.15,13.02,0.002811622485330388
2747,DED43,Mittelsachsen,Sachsen,51.159936,13.151822,C769R393,51.16,13.15,0.0018231236930047411
2749,DED2E,Meißen,Sachsen,51.15962,13.34023,C788R393,51.16,13.34,0.0004441846462901968
2751,DED2E,Meißen,Sachsen,51.139236,13.578621,C812R395,51.13999999999999,13.580000000000002,0.0015764951633290356
2753,DED2C,Bautzen,Sachsen,51.160279,13.817853,C836R393,51.16,13.82,0.002165051962426492
2755,DED2C,Bautzen,Sachsen,51.118625,14.072469,C861R397,51.12,14.07,0.0028260548473068993
2760,DED2C,Bautzen,Sachsen,51.131194,14.624082,C916R396,51.129999999999995,14.620000000000001,0.004253041264789349
2761,DED2D,Görlitz,Sachsen,51.109601,14.695653,C924R398,51.11,14.7,0.004365273187326817
2762,DED2D,Görlitz,Sachsen,51.08334,14.847709,C939R401,51.08,14.850000000000001,0.004050219870576906
2764,DEA29,Heinsberg,Nordrhein-Westfalen,51.054107,6.072953,C61R404,51.05,6.07,0.005058424458271328
2765,DEA29,Heinsberg,Nordrhein-Westfalen,51.057132,6.161894,C70R403,51.059999999999995,6.16,0.0034369550477066457
2766,DEA29,Heinsberg,Nordrhein-Westfalen,51.094821,6.257174,C80R400,51.089999999999996,6.26,0.005588230220746524
2767,DEA29,Heinsberg,Nordrhein-Westfalen,51.087421,6.407584,C95R400,51.089999999999996,6.41,0.0035338784642353818
2770,DEA1D,Rhein-Kreis Neuss,Nordrhein-Westfalen,51.083155,6.759713,C130R401,51.08,6.76,0.003168026830694052
2773,DEA2B,Rheinisch-Bergischer Kreis,Nordrhein-Westfalen,51.076673,7.083503,C162R401,51.08,7.08,0.00483114251497443
2776,DEA2A,Oberbergischer Kreis,Nordrhein-Westfalen,51.104959,7.376011,C192R399,51.099999999999994,7.38,0.006364259737005069
2777,DEA58,Märkischer Kreis,Nordrhein-Westfalen,51.120764,7.53717,C208R397,51.12,7.54,0.0029313130163815034
2779,DEA58,Märkischer Kreis,Nordrhein-Westfalen,51.131359,7.775716,C232R396,51.129999999999995,7.779999999999999,0.0044943895024814355
2781,DEA59,Olpe,Nordrhein-Westfalen,51.100083,7.960783,C250R399,51.099999999999994,7.96,0.0007873868172638608
2787,DE736,Waldeck-Frankenberg,Hessen,51.142963,8.706336,C325R395,51.13999999999999,8.71,0.00471214017194449
2788,DE736,Waldeck-Frankenberg,Hessen,51.132681,8.789071,C333R396,51.129999999999995,8.79,0.0028373935222334975
2790,DE736,Waldeck-Frankenberg,Hessen,51.139679,8.996464,C354R395,51.13999999999999,9.0,0.0035505403814064963
2791,DE736,Waldeck-Frankenberg,Hessen,51.147251,9.110268,C365R394,51.15,9.11,0.002762032765918614
2792,DE735,Schwalm-Eder-Kreis,Hessen,51.116346,9.271993,C381R397,51.12,9.27,0.004162182720638676
2793,DE735,Schwalm-Eder-Kreis,Hessen,51.123748,9.373082,C391R397,51.12,9.370000000000001,0.00485244556898962
2794,DE735,Schwalm-Eder-Kreis,Hessen,51.123039,9.501662,C404R397,51.12,9.5,0.0034637790056534397
2795,DE735,Schwalm-Eder-Kreis,Hessen,51.136443,9.584252,C412R395,51.13999999999999,9.58,0.005543622732469093
2798,DE737,Werra-Meißner-Kreis,Hessen,51.145006,9.911933,C445R394,51.15,9.91,0.005355046685133681
2799,DE737,Werra-Meißner-Kreis,Hessen,51.11391,10.060866,C460R398,51.11,10.06,0.0040047541747255805
2803,DEG09,Unstrut-Hainich-Kreis,Thüringen,51.113742,10.520793,C506R398,51.11,10.52,0.0038251030051514954
2804,DEG09,Unstrut-Hainich-Kreis,Thüringen,51.156549,10.594037,C513R393,51.16,10.59,0.005311004613064343
2805,DEG09,Unstrut-Hainich-Kreis,Thüringen,51.15174,10.720307,C526R394,51.15,10.719999999999999,0.0017668754908012117
2806,DEG09,Unstrut-Hainich-Kreis,Thüringen,51.145001,10.877576,C542R394,51.15,10.879999999999999,0.00555569770595715
2807,DEG0D,Sömmerda,Thüringen,51.144761,10.923327,C546R395,51.13999999999999,10.92,0.005808274270391363
2808,DEG0D,Sömmerda,Thüringen,51.122626,11.078135,C562R397,51.12,11.08,0.0032208851267932965
2809,DEG0D,Sömmerda,Thüringen,51.145188,11.188902,C573R394,51.15,11.190000000000001,0.004935681108014639
2810,DEG0D,Sömmerda,Thüringen,51.139146,11.322131,C586R395,51.13999999999999,11.32,0.002295751946529923
2811,DEG0D,Sömmerda,Thüringen,51.129754,11.380936,C592R396,51.129999999999995,11.379999999999999,0.0009677871666852854
2812,DEE08,Burgenlandkreis,Sachsen-Anhalt,51.141468,11.502138,C604R395,51.13999999999999,11.5,0.002593466406188933
2813,DEE08,Burgenlandkreis,Sachsen-Anhalt,51.126193,11.605285,C615R396,51.129999999999995,11.61,0.006060072111778223
2814,DEE08,Burgenlandkreis,Sachsen-Anhalt,51.12272,11.796605,C634R397,51.12,11.8,0.004350221258743907
2815,DEE08,Burgenlandkreis,Sachsen-Anhalt,51.115125,11.870773,C641R397,51.12,11.870000000000001,0.004935904577682051
2816,DEE08,Burgenlandkreis,Sachsen-Anhalt,51.101748,11.958827,C650R399,51.099999999999994,11.96,0.0021050969098892723
2817,DEE08,Burgenlandkreis,Sachsen-Anhalt,51.118617,12.062907,C660R397,51.12,12.06,0.0032192138791922458
2818,DEE08,Burgenlandkreis,Sachsen-Anhalt,51.131299,12.201776,C674R396,51.129999999999995,12.2,0.0022003583799037486
2822,DED52,Leipzig,Sachsen,51.101623,12.682154,C722R399,51.099999999999994,12.68,0.0026970066740760507
2823,DED43,Mittelsachsen,Sachsen,51.082665,12.799504,C734R401,51.08,12.8,0.002710763914471708
2825,DED43,Mittelsachsen,Sachsen,51.087151,12.985581,C753R400,51.089999999999996,12.99,0.005257790600622104
2826,DED43,Mittelsachsen,Sachsen,51.094384,13.130095,C767R400,51.089999999999996,13.129999999999999,0.004385029190326492
2827,DED43,Mittelsachsen,Sachsen,51.103505,13.228068,C777R399,51.099999999999994,13.23,0.004002205516965468
2828,DED2E,Meißen,Sachsen,51.099118,13.353407,C789R399,51.099999999999994,13.350000000000001,0.003519314279797988
2829,DED2E,Meißen,Sachsen,51.089788,13.460305,C800R400,51.089999999999996,13.46,0.0003714417854771663
2830,DED2E,Meißen,Sachsen,51.088508,13.57465,C811R400,51.089999999999996,13.57,0.0048834991553183636
2833,DED21,"Dresden, Kreisfreie Stadt",Sachsen,51.065625,13.941494,C848R402,51.06999999999999,13.940000000000001,0.004623057538032903
2839,DED2D,Görlitz,Sachsen,51.065321,14.6342,C917R402,51.06999999999999,14.629999999999999,0.006287530596344543
2840,DED2D,Görlitz,Sachsen,51.043663,14.757656,C930R405,51.04,14.760000000000002,0.004348782013394816
2841,DED2D,Görlitz,Sachsen,51.051108,14.803273,C934R404,51.05,14.8,0.003455458435577717
2844,DEA29,Heinsberg,Nordrhein-Westfalen,50.981178,6.04534,C59R411,50.98,6.05,0.004806587562918405
2845,DEA29,Heinsberg,Nordrhein-Westfalen,50.987151,6.143088,C68R410,50.989999999999995,6.14,0.004201493186949913
2847,DEA26,Düren,Nordrhein-Westfalen,51.01612,6.401292,C94R407,51.019999999999996,6.4,0.004089457665749992
2848,DEA27,Rhein-Erft-Kreis,Nordrhein-Westfalen,51.001508,6.48546,C103R409,51.0,6.49,0.004783896319947525
2849,DEA1D,Rhein-Kreis Neuss,Nordrhein-Westfalen,51.04014,6.607675,C115R405,51.04,6.61,0.002329211239883598
2850,DEA27,Rhein-Erft-Kreis,Nordrhein-Westfalen,51.00758,6.74154,C128R408,51.01,6.74,0.002868449058289497
2851,DEA23,"Köln, Kreisfreie Stadt",Nordrhein-Westfalen,51.026339,6.845932,C139R406,51.029999999999994,6.85,0.005472800471417694
2855,DEA2A,Oberbergischer Kreis,Nordrhein-Westfalen,51.01528,7.321651,C186R407,51.019999999999996,7.32,0.005000420082352038
2857,DEA2A,Oberbergischer Kreis,Nordrhein-Westfalen,51.03058,7.50381,C204R406,51.029999999999994,7.5,0.003853894134509251
2860,DEA59,Olpe,Nordrhein-Westfalen,51.030315,7.848422,C239R406,51.029999999999994,7.85,0.0016091329963688352
2869,DE736,Waldeck-Frankenberg,Hessen,51.066745,8.884825,C342R402,51.06999999999999,8.879999999999999,0.005820279202922786
2873,DE735,Schwalm-Eder-Kreis,Hessen,51.040206,9.376551,C392R405,51.04,9.379999999999999,0.0034551464513097175
2874,DE735,Schwalm-Eder-Kreis,Hessen,51.05734,9.448918,C399R403,51.059999999999995,9.45,0.002871641342499508
2875,DE735,Schwalm-Eder-Kreis,Hessen,51.044857,9.57893,C412R405,51.04,9.58,0.00497346448665441
2880,DEG0R,Wartburgkreis,Thüringen,51.062909,10.180716,C472R403,51.059999999999995,10.18,0.002995819921159376
2881,DEG0R,Wartburgkreis,Thüringen,51.084781,10.266519,C481R401,51.08,10.27,0.005913993743656206
2883,DEG09,Unstrut-Hainich-Kreis,Thüringen,51.078009,10.492188,C503R401,51.08,10.49,0.002958280750704428
2884,DEG09,Unstrut-Hainich-Kreis,Thüringen,51.053202,10.648907,C519R404,51.05,10.65,0.0033834084884939437
2885,DEG09,Unstrut-Hainich-Kreis,Thüringen,51.064723,10.698728,C524R403,51.059999999999995,10.7,0.004891289502784839
2886,DEG0C,Gotha,Thüringen,51.047106,10.832408,C537R404,51.05,10.83,0.0037647974713100343
2887,DEG0D,Sömmerda,Thüringen,51.050125,10.921259,C546R404,51.05,10.92,0.0012651901042922782
2888,DEG0D,Sömmerda,Thüringen,51.078891,11.07469,C561R401,51.08,11.07,0.0048193340826300736
2889,DEG0D,Sömmerda,Thüringen,51.060562,11.164244,C570R403,51.059999999999995,11.16,0.004281048936884711
2890,DEG0G,Weimarer Land,Thüringen,51.041069,11.320094,C586R405,51.04,11.32,0.0010731248762386155
2891,DEG0G,Weimarer Land,Thüringen,51.07176,11.41797,C596R402,51.06999999999999,11.42,0.0026867266329147956
2892,DEG0G,Weimarer Land,Thüringen,51.048895,11.499529,C604R404,51.05,11.5,0.001201193573071908
2893,DEG0G,Weimarer Land,Thüringen,51.056385,11.624653,C616R403,51.059999999999995,11.620000000000001,0.0058922520312668005
2894,DEE08,Burgenlandkreis,Sachsen-Anhalt,51.068419,11.764892,C630R402,51.06999999999999,11.76,0.0051411307122054
2895,DEG0J,Saale-Holzland-Kreis,Thüringen,51.036013,11.898588,C644R405,51.04,11.9,0.004229646911979527
2897,DEE08,Burgenlandkreis,Sachsen-Anhalt,51.021678,12.087174,C663R407,51.019999999999996,12.09,0.00328663353600943
2898,DEE08,Burgenlandkreis,Sachsen-Anhalt,51.031708,12.190842,C673R406,51.029999999999994,12.190000000000001,0.0019042657377646814
2899,DEG0M,Altenburger Land,Thüringen,51.060579,12.340566,C688R403,51.059999999999995,12.34,0.0008096894466418972
2900,DEG0M,Altenburger Land,Thüringen,51.036196,12.453533,C699R405,51.04,12.45,0.005191580202599619
2901,DED52,Leipzig,Sachsen,51.060821,12.548462,C709R403,51.059999999999995,12.55,0.0017434118847832081
2902,DED52,Leipzig,Sachsen,51.034247,12.648582,C719R406,51.029999999999994,12.65,0.004477469486223057
2904,DED43,Mittelsachsen,Sachsen,51.033205,12.855614,C740R406,51.029999999999994,12.86,0.005432220632490494
2905,DED43,Mittelsachsen,Sachsen,51.032163,12.996386,C754R406,51.029999999999994,13.0,0.004211836297865569
2906,DED43,Mittelsachsen,Sachsen,51.022887,13.129516,C767R407,51.019999999999996,13.129999999999999,0.002927289702097372
2907,DED43,Mittelsachsen,Sachsen,50.995854,13.231815,C777R409,51.0,13.23,0.004525874611606515
2908,DED43,Mittelsachsen,Sachsen,51.01602,13.361421,C790R407,51.019999999999996,13.36,0.004226066847553405
2909,DED2F,Sächsische Schweiz-Osterzgebirge,Sachsen,51.03328,13.451868,C799R406,51.029999999999994,13.45,0.0037746289883940063
2910,DED2F,Sächsische Schweiz-Osterzgebirge,Sachsen,51.027015,13.566969,C811R406,51.029999999999994,13.57,0.004254078748680176
2912,DED2F,Sächsische Schweiz-Osterzgebirge,Sachsen,50.998275,13.76477,C830R409,51.0,13.760000000000002,0.005072329346561626
2914,DED2F,Sächsische Schweiz-Osterzgebirge,Sachsen,51.001352,14.073012,C861R409,51.0,14.07,0.0033015220732250656
2915,DED2F,Sächsische Schweiz-Osterzgebirge,Sachsen,50.980457,14.163871,C870R411,50.98,14.16,0.0038978827586274817
2919,DEA29,Heinsberg,Nordrhein-Westfalen,50.94391,6.141704,C68R415,50.94,6.14,0.004265174791264433
2920,DEA26,Düren,Nordrhein-Westfalen,50.921308,6.317827,C86R417,50.919999999999995,6.32,0.0025362951326734036
2921,DEA26,Düren,Nordrhein-Westfalen,50.93847,6.37552,C92R415,50.94,6.38,0.0047340574563461075
2922,DEA27,Rhein-Erft-Kreis,Nordrhein-Westfalen,50.943895,6.525969,C107R415,50.94,6.53,0.005605353334090778
2929,DEA2B,Rheinisch-Bergischer Kreis,Nordrhein-Westfalen,50.938854,7.292761,C183R415,50.94,7.29,0.0029893873954364414
2931,DEA2A,Oberbergischer Kreis,Nordrhein-Westfalen,50.954033,7.505756,C205R414,50.949999999999996,7.51,0.0058546242407224065
2932,DEA2A,Oberbergischer Kreis,Nordrhein-Westfalen,50.981405,7.680138,C222R411,50.98,7.68,0.0014117609571083318
2936,DEA5A,Siegen-Wittgenstein,Nordrhein-Westfalen,50.973786,8.06526,C261R412,50.97,8.07,0.006066415416041425
2939,DEA5A,Siegen-Wittgenstein,Nordrhein-Westfalen,50.963627,8.454561,C299R413,50.959999999999994,8.45,0.005827336441297137
2942,DE736,Waldeck-Frankenberg,Hessen,50.973035,8.788345,C333R412,50.97,8.79,0.0034569133631063708
2945,DE735,Schwalm-Eder-Kreis,Hessen,50.988626,9.102341,C364R410,50.989999999999995,9.1,0.0027144349319873683
2946,DE735,Schwalm-Eder-Kreis,Hessen,51.0078,9.242187,C378R408,51.01,9.24,0.0031020910689362846
2947,DE735,Schwalm-Eder-Kreis,Hessen,50.996196,9.363371,C390R409,51.0,9.36,0.005082721416724217
2948,DE735,Schwalm-Eder-Kreis,Hessen,51.007543,9.47523,C402R408,51.01,9.48,0.0053656079804626396
2950,DE733,Hersfeld-Rotenburg,Hessen,50.978307,9.690124,C423R411,50.98,9.690000000000001,0.0016975349775442542
2956,DEG0R,Wartburgkreis,Thüringen,50.980991,10.383909,C492R411,50.98,10.379999999999999,0.004032661900037433
2957,DEG0R,Wartburgkreis,Thüringen,51.004475,10.496239,C504R409,51.0,10.5,0.005845574907568977
2958,DEG0C,Gotha,Thüringen,51.000867,10.648715,C519R409,51.0,10.65,0.0015501335426349398
2959,DEG0C,Gotha,Thüringen,51.001923,10.753357,C529R409,51.0,10.75,0.0038687695718390637
2960,DEG0C,Gotha,Thüringen,50.97903,10.811858,C535R411,50.98,10.81,0.002095963740142497
2961,DEG01,"Erfurt, Kreisfreie Stadt",Thüringen,50.969145,10.947374,C549R412,50.97,10.95,0.0027616844497514474
2962,DEG01,"Erfurt, Kreisfreie Stadt",Thüringen,50.994422,11.073683,C561R410,50.989999999999995,11.07,0.0057548738474488305
2963,DEG0G,Weimarer Land,Thüringen,51.002858,11.21319,C575R409,51.0,11.21,0.004283020429558954
2965,DEG0G,Weimarer Land,Thüringen,50.993822,11.397984,C594R410,50.989999999999995,11.4,0.00432110402559987
2966,DEG0G,Weimarer Land,Thüringen,50.974896,11.516238,C606R412,50.97,11.52,0.006174419810801836
2967,DEG0J,Saale-Holzland-Kreis,Thüringen,50.982423,11.671343,C621R411,50.98,11.67,0.0027703028715290743
2969,DEG0J,Saale-Holzland-Kreis,Thüringen,50.982917,11.870324,C641R411,50.98,11.870000000000001,0.0029349386705722637
2971,DEE08,Burgenlandkreis,Sachsen-Anhalt,50.996554,12.088809,C663R409,51.0,12.09,0.003646011108043745
2972,DEG0L,Greiz,Thüringen,50.953247,12.201653,C674R414,50.949999999999996,12.2,0.0036435447026233795
2973,DEG0M,Altenburger Land,Thüringen,50.961861,12.348985,C689R413,50.959999999999994,12.350000000000001,0.0021197985753417126
2974,DEG0M,Altenburger Land,Thüringen,50.967707,12.403914,C694R412,50.97,12.4,0.0045362148317741055
2976,DED43,Mittelsachsen,Sachsen,50.96669,12.642365,C718R412,50.97,12.64,0.0040680861593617
2977,DED43,Mittelsachsen,Sachsen,50.95475,12.804473,C734R414,50.949999999999996,12.8,0.0065245865003082425
2978,DED43,Mittelsachsen,Sachsen,50.966611,12.918064,C746R412,50.97,12.92,0.003903001024851568
2979,DED43,Mittelsachsen,Sachsen,50.943869,12.967091,C751R415,50.94,12.969999999999999,0.00484060347477531
2980,DED43,Mittelsachsen,Sachsen,50.926311,13.105577,C765R416,50.93,13.11,0.0057594834837859325
2981,DED43,Mittelsachsen,Sachsen,50.932387,13.231517,C777R416,50.93,13.23,0.0028282605961957607
2982,DED43,Mittelsachsen,Sachsen,50.94872,13.372612,C791R414,50.949999999999996,13.370000000000001,0.002908770186862612
2986,DED2F,Sächsische Schweiz-Osterzgebirge,Sachsen,50.912234,13.793223,C833R418,50.91,13.79,0.003921541151130195
2987,DED2F,Sächsische Schweiz-Osterzgebirge,Sachsen,50.933998,13.918337,C846R416,50.93,13.920000000000002,0.004330077712932029
2988,DED2F,Sächsische Schweiz-Osterzgebirge,Sachsen,50.912572,14.015803,C856R418,50.91,14.02,0.004922397078659934
2992,DED2D,Görlitz,Sachsen,50.90354,14.725748,C927R419,50.9,14.73,0.005532730248260416
2994,DEA2D,Städteregion Aachen,Nordrhein-Westfalen,50.853784,6.186262,C73R424,50.849999999999994,6.189999999999999,0.005318956664611221
2996,DEA26,Düren,Nordrhein-Westfalen,50.873568,6.429121,C97R422,50.87,6.43,0.0036746788975376577
2998,DEA27,Rhein-Erft-Kreis,Nordrhein-Westfalen,50.861022,6.603761,C114R423,50.86,6.6,0.003897384379298999
2999,DEA27,Rhein-Erft-Kreis,Nordrhein-Westfalen,50.865427,6.710807,C125R422,50.87,6.71,0.004643659978939622
3000,DEA27,Rhein-Erft-Kreis,Nordrhein-Westfalen,50.895253,6.859181,C140R419,50.9,6.86,0.004817132964743369
3005,DEA2C,Rhein-Sieg-Kreis,Nordrhein-Westfalen,50.879701,7.442819,C198R421,50.879999999999995,7.4399999999999995,0.0028348125158468925
3007,DEA2A,Oberbergischer Kreis,Nordrhein-Westfalen,50.886593,7.652581,C219R420,50.88999999999999,7.65,0.004274249641746151
3008,DEB13,Altenkirchen (Westerwald),Rheinland-Pfalz,50.893834,7.774913,C231R420,50.88999999999999,7.77,0.006231943918235969
3013,DEA5A,Siegen-Wittgenstein,Nordrhein-Westfalen,50.90312,8.338129,C288R419,50.9,8.34,0.0036379995876875625
3014,DEA5A,Siegen-Wittgenstein,Nordrhein-Westfalen,50.919892,8.412513,C295R417,50.919999999999995,8.41,0.002515319661594047
3016,DE724,Marburg-Biedenkopf,Hessen,50.899707,8.696644,C324R419,50.9,8.7,0.0033687660945812864
3018,DE724,Marburg-Biedenkopf,Hessen,50.913611,8.90445,C344R418,50.91,8.9,0.005730778393905079
3019,DE735,Schwalm-Eder-Kreis,Hessen,50.92792,9.011387,C355R416,50.93,9.01,0.002500033799770674
3022,DE735,Schwalm-Eder-Kreis,Hessen,50.935138,9.367207,C391R415,50.94,9.370000000000001,0.005607128766129859
3023,DE733,Hersfeld-Rotenburg,Hessen,50.908332,9.503352,C404R418,50.91,9.5,0.0037440790589917945
3029,DEG0R,Wartburgkreis,Thüringen,50.919246,10.125415,C467R417,50.919999999999995,10.129999999999999,0.004646583798876172
3030,DEG0R,Wartburgkreis,Thüringen,50.912818,10.29022,C483R418,50.91,10.29,0.0028265746054239754
3033,DEG0C,Gotha,Thüringen,50.898478,10.598946,C514R419,50.9,10.6,0.001851323850654955
3034,DEG0C,Gotha,Thüringen,50.923109,10.704255,C524R417,50.919999999999995,10.7,0.005269810812545114
3035,DEG0C,Gotha,Thüringen,50.930588,10.834702,C537R416,50.93,10.83,0.004738623006739448
3036,DEG0C,Gotha,Thüringen,50.919722,10.956804,C550R417,50.919999999999995,10.96,0.003208067954392868
3037,DEG01,"Erfurt, Kreisfreie Stadt",Thüringen,50.926605,11.067984,C561R416,50.93,11.07,0.003948452988195277
3038,DEG0G,Weimarer Land,Thüringen,50.937583,11.183112,C572R415,50.94,11.18,0.003940359501365904
3039,DEG0G,Weimarer Land,Thüringen,50.911356,11.323665,C586R418,50.91,11.32,0.0039078076974183315
3040,DEG0G,Weimarer Land,Thüringen,50.90736,11.428573,C597R418,50.91,11.43,0.0030009880039740997
3043,DEG0J,Saale-Holzland-Kreis,Thüringen,50.923195,11.734475,C627R417,50.919999999999995,11.73,0.005498513435468455
3045,DEG0L,Greiz,Thüringen,50.914632,12.014387,C655R418,50.91,12.01,0.006379748662761201
3047,DEG0L,Greiz,Thüringen,50.923454,12.188881,C673R417,50.919999999999995,12.190000000000001,0.0036307405580730235
3048,DEG0M,Altenburger Land,Thüringen,50.909271,12.33803,C688R418,50.91,12.34,0.0021005573070020617
3050,DED45,Zwickau,Sachsen,50.88243,12.574236,C711R421,50.879999999999995,12.57,0.004883502431659469
3051,DED45,Zwickau,Sachsen,50.880812,12.684076,C722R421,50.879999999999995,12.68,0.0041560943203928355
3052,DED43,Mittelsachsen,Sachsen,50.888873,12.780552,C732R420,50.88999999999999,12.780000000000001,0.001254923503641402
3053,DED41,"Chemnitz, Kreisfreie Stadt",Sachsen,50.866854,12.902138,C744R422,50.87,12.9,0.0038037297485504877
3055,DED43,Mittelsachsen,Sachsen,50.892888,13.137704,C768R420,50.88999999999999,13.14,0.00368946608603993
3056,DED43,Mittelsachsen,Sachsen,50.8613,13.212006,C775R423,50.86,13.21,0.002390404986607976
3058,DED43,Mittelsachsen,Sachsen,50.880562,13.439656,C798R421,50.879999999999995,13.440000000000001,0.0006589233642873405
3059,DED2F,Sächsische Schweiz-Osterzgebirge,Sachsen,50.861298,13.587934,C813R423,50.86,13.59,0.002439909834398161
3060,DED2F,Sächsische Schweiz-Osterzgebirge,Sachsen,50.84516,13.654965,C819R424,50.849999999999994,13.649999999999999,0.006933745380381858
3062,DED2F,Sächsische Schweiz-Osterzgebirge,Sachsen,50.847856,13.925379,C846R424,50.849999999999994,13.920000000000002,0.005790542029892476
3066,DEA2D,Städteregion Aachen,Nordrhein-Westfalen,50.784726,6.173036,C71R431,50.779999999999994,6.17,0.005617149811073872
3067,DEA2D,Städteregion Aachen,Nordrhein-Westfalen,50.797962,6.31599,C86R429,50.8,6.32,0.004498171183936419
3068,DEA26,Düren,Nordrhein-Westfalen,50.809921,6.411562,C95R428,50.809999999999995,6.41,0.0015639964833714627
3069,DEA26,Düren,Nordrhein-Westfalen,50.788221,6.54134,C108R430,50.79,6.54,0.002227204750353338
3070,DEA26,Düren,Nordrhein-Westfalen,50.798586,6.643761,C118R429,50.8,6.64,0.00401802401685089
3071,DEA27,Rhein-Erft-Kreis,Nordrhein-Westfalen,50.786203,6.772865,C131R430,50.79,6.77,0.004756620018457934
3074,DEA2C,Rhein-Sieg-Kreis,Nordrhein-Westfalen,50.809285,7.086894,C163R428,50.809999999999995,7.09,0.003187234067336157
3076,DEA2C,Rhein-Sieg-Kreis,Nordrhein-Westfalen,50.793703,7.302364,C184R430,50.79,7.3,0.004393256764635064
3090,DE724,Marburg-Biedenkopf,Hessen,50.865476,8.910119,C345R422,50.87,8.91,0.0045255648266230315
3091,DE724,Marburg-Biedenkopf,Hessen,50.860903,9.028145,C357R423,50.86,9.030000000000001,0.0020631126968745197
3092,DE724,Marburg-Biedenkopf,Hessen,50.841995,9.118573,C366R425,50.839999999999996,9.120000000000001,0.002452825717413982
3093,DE735,Schwalm-Eder-Kreis,Hessen,50.835182,9.211808,C375R425,50.839999999999996,9.21,0.005146065293010657
3094,DE735,Schwalm-Eder-Kreis,Hessen,50.852382,9.337032,C388R424,50.849999999999994,9.34,0.0038056468569765923
3096,DE733,Hersfeld-Rotenburg,Hessen,50.856109,9.599381,C414R423,50.86,9.6,0.003939929187183903
3097,DE733,Hersfeld-Rotenburg,Hessen,50.855851,9.703302,C424R423,50.86,9.7,0.005302584747082749
3098,DE733,Hersfeld-Rotenburg,Hessen,50.840799,9.777499,C432R425,50.839999999999996,9.780000000000001,0.0026255288990989435
3099,DE733,Hersfeld-Rotenburg,Hessen,50.858215,9.930748,C447R423,50.86,9.93,0.001935388591470203
3100,DE733,Hersfeld-Rotenburg,Hessen,50.868044,10.027335,C457R422,50.87,10.030000000000001,0.003305776913223475
3101,DEG0R,Wartburgkreis,Thüringen,50.854474,10.12637,C467R424,50.849999999999994,10.129999999999999,0.00576138663865528
3102,DEG0R,Wartburgkreis,Thüringen,50.826769,10.275635,C482R426,50.83,10.280000000000001,0.0054307076886914215
3106,DEG0C,Gotha,Thüringen,50.841827,10.683819,C522R425,50.839999999999996,10.68,0.004233519812168275
3107,DEG0C,Gotha,Thüringen,50.836771,10.800639,C534R425,50.839999999999996,10.8,0.0032916199659108972
3110,DEG0G,Weimarer Land,Thüringen,50.823491,11.178728,C572R427,50.81999999999999,11.18,0.003715516787746719
3112,DEG0G,Weimarer Land,Thüringen,50.814602,11.404947,C594R428,50.809999999999995,11.4,0.006756568137749148
3113,DEG0J,Saale-Holzland-Kreis,Thüringen,50.827427,11.506948,C605R426,50.83,11.51,0.0039918708646438225
3116,DEG0J,Saale-Holzland-Kreis,Thüringen,50.832175,11.862517,C640R426,50.83,11.86,0.0033265468582315176
3117,DEG0L,Greiz,Thüringen,50.813546,11.963053,C650R428,50.809999999999995,11.96,0.004679201320743516
3118,DEG02,"Gera, Kreisfreie Stadt",Thüringen,50.832039,12.055609,C660R426,50.83,12.06,0.004841322340023889
3119,DEG0L,Greiz,Thüringen,50.818944,12.235334,C678R427,50.81999999999999,12.24,0.004784003762538677
3120,DEG0M,Altenburger Land,Thüringen,50.845686,12.333838,C687R424,50.849999999999994,12.33,0.005774152751698366
3121,DED45,Zwickau,Sachsen,50.81414,12.423545,C696R428,50.809999999999995,12.42,0.005450378427234304
3126,DED41,"Chemnitz, Kreisfreie Stadt",Sachsen,50.802234,13.001919,C754R429,50.8,13.0,0.0029450495751350042
3129,DED43,Mittelsachsen,Sachsen,50.812715,13.368481,C791R428,50.809999999999995,13.370000000000001,0.003111042590517931
3131,DED43,Mittelsachsen,Sachsen,50.794223,13.525539,C807R430,50.79,13.530000000000001,0.006142821013185664
3133,DED2F,Sächsische Schweiz-Osterzgebirge,Sachsen,50.787494,13.792596,C833R430,50.79,13.79,0.0036082200598060023
3134,DEA2D,Städteregion Aachen,Nordrhein-Westfalen,50.712003,6.195831,C74R438,50.709999999999994,6.2,0.004625210265494653
3138,DEA28,Euskirchen,Nordrhein-Westfalen,50.716069,6.636454,C118R437,50.72,6.64,0.005294041650762849
3139,DEA27,Rhein-Erft-Kreis,Nordrhein-Westfalen,50.720882,6.776687,C132R437,50.72,6.78,0.003428395105586549
3140,DEA28,Euskirchen,Nordrhein-Westfalen,50.71133,6.857373,C140R438,50.709999999999994,6.86,0.002944491297322818
3143,DEA2C,Rhein-Sieg-Kreis,Nordrhein-Westfalen,50.743768,7.229043,C177R435,50.739999999999995,7.23,0.003887630769512612
3145,DEA2C,Rhein-Sieg-Kreis,Nordrhein-Westfalen,50.746892,7.461933,C200R434,50.75,7.46,0.003660075545666351
3154,DE722,Lahn-Dill-Kreis,Hessen,50.771976,8.437773,C298R432,50.769999999999996,8.44,0.0029772646842399506
3155,DE724,Marburg-Biedenkopf,Hessen,50.764995,8.582524,C312R433,50.76,8.58,0.005596481126565709
3158,DE724,Marburg-Biedenkopf,Hessen,50.753623,8.882587,C342R434,50.75,8.879999999999999,0.004451819627970389
3161,DE725,Vogelsbergkreis,Hessen,50.765927,9.252479,C379R432,50.769999999999996,9.25,0.004768099201986224
3162,DE725,Vogelsbergkreis,Hessen,50.796674,9.358541,C390R429,50.8,9.36,0.0036319357097775837
3163,DE725,Vogelsbergkreis,Hessen,50.780334,9.434827,C397R431,50.779999999999994,9.43,0.004838541619125733
3164,DE725,Vogelsbergkreis,Hessen,50.755181,9.567219,C411R433,50.76,9.57,0.005563876526306184
3165,DE733,Hersfeld-Rotenburg,Hessen,50.782449,9.665556,C421R431,50.779999999999994,9.67,0.005074124259418861
3166,DE732,Fulda,Hessen,50.781898,9.785499,C433R431,50.779999999999994,9.79,0.004884813711904543
3167,DE733,Hersfeld-Rotenburg,Hessen,50.80143,9.936696,C448R429,50.8,9.940000000000001,0.003600182773142145
3169,DEG0R,Wartburgkreis,Thüringen,50.787819,10.136391,C468R430,50.79,10.14,0.004216828429045595
3170,DEG0Q,Schmalkalden-Meiningen,Thüringen,50.764011,10.235481,C478R433,50.76,10.24,0.00604230767174644
3171,DEG0R,Wartburgkreis,Thüringen,50.784608,10.372981,C491R431,50.779999999999994,10.370000000000001,0.0054881713712340114
3175,DEG0C,Gotha,Thüringen,50.795059,10.814949,C535R429,50.8,10.81,0.006993288353839792
3176,DEG0T,Ilm-Kreis,Thüringen,50.772786,10.962921,C550R432,50.769999999999996,10.96,0.00403658729622376
3177,DEG0T,Ilm-Kreis,Thüringen,50.781059,11.033685,C557R431,50.779999999999994,11.030000000000001,0.003834149970984918
3179,DEG0U,Saalfeld-Rudolstadt,Thüringen,50.752626,11.291655,C583R434,50.75,11.29,0.0031040136919802523
3180,DEG0U,Saalfeld-Rudolstadt,Thüringen,50.755358,11.423079,C596R433,50.76,11.42,0.005570314623068347
3181,DEG0U,Saalfeld-Rudolstadt,Thüringen,50.746584,11.531787,C607R434,50.75,11.530000000000001,0.0038551815780847563
3182,DEG0J,Saale-Holzland-Kreis,Thüringen,50.764754,11.635703,C618R433,50.76,11.64,0.0064081764176762155
3184,DEG0K,Saale-Orla-Kreis,Thüringen,50.748315,11.847911,C639R434,50.75,11.850000000000001,0.002683867731467601
3185,DEG0L,Greiz,Thüringen,50.739133,11.980172,C652R435,50.739999999999995,11.98,0.0008838964871445864
3186,DEG0L,Greiz,Thüringen,50.741462,12.05564,C660R435,50.739999999999995,12.06,0.00459859152350063
3187,DED45,Zwickau,Sachsen,50.74985,12.232032,C677R434,50.75,12.23,0.0020375288955002814
3188,DED45,Zwickau,Sachsen,50.743257,12.326621,C687R435,50.739999999999995,12.33,0.004693153524021656
3189,DED45,Zwickau,Sachsen,50.754388,12.405085,C695R434,50.75,12.41,0.006588760809134993
3193,DED42,Erzgebirgskreis,Sachsen,50.742454,12.878048,C742R435,50.739999999999995,12.879999999999999,0.0031356689876377206
3197,DED42,Erzgebirgskreis,Sachsen,50.728211,13.343655,C788R436,50.73,13.34,0.004069342207284124
3198,DED43,Mittelsachsen,Sachsen,50.712252,13.412808,C795R438,50.709999999999994,13.41,0.0035994955202118544
3200,DEA2D,Städteregion Aachen,Nordrhein-Westfalen,50.665491,6.184482,C74R441,50.68,6.2,0.021244279347624642
3203,DEA26,Düren,Nordrhein-Westfalen,50.658292,6.520606,C106R443,50.66,6.52,0.0018123189564694588
3204,DEA28,Euskirchen,Nordrhein-Westfalen,50.638892,6.64048,C118R445,50.63999999999999,6.64,0.001207503209101071
3205,DEA28,Euskirchen,Nordrhein-Westfalen,50.679553,6.767629,C131R441,50.68,6.77,0.0024127681198153794
3206,DEA2C,Rhein-Sieg-Kreis,Nordrhein-Westfalen,50.654498,6.892437,C143R444,50.65,6.89,0.0051157573241882096
3207,DEA2C,Rhein-Sieg-Kreis,Nordrhein-Westfalen,50.670365,6.989362,C153R442,50.669999999999995,6.99,0.0007350299313647326
3209,DEA2C,Rhein-Sieg-Kreis,Nordrhein-Westfalen,50.670366,7.227751,C177R442,50.669999999999995,7.23,0.002278586623327867
3210,DEA2C,Rhein-Sieg-Kreis,Nordrhein-Westfalen,50.698992,7.318818,C186R439,50.699999999999996,7.32,0.0015534439159485592
3217,DEB1B,Westerwaldkreis,Rheinland-Pfalz,50.672784,8.099049,C264R442,50.669999999999995,8.1,0.0029419478241512176
3218,DE722,Lahn-Dill-Kreis,Hessen,50.70269,8.238523,C278R439,50.699999999999996,8.24,0.0030688155695650647
3221,DE722,Lahn-Dill-Kreis,Hessen,50.71032,8.541978,C308R438,50.709999999999994,8.54,0.002003717544967459
3223,DE724,Marburg-Biedenkopf,Hessen,50.712219,8.788688,C333R438,50.709999999999994,8.79,0.0025778489094617388
3224,DE724,Marburg-Biedenkopf,Hessen,50.701562,8.869506,C341R439,50.699999999999996,8.870000000000001,0.001638255169387001
3228,DE725,Vogelsbergkreis,Hessen,50.716114,9.395212,C394R437,50.72,9.4,0.006166517655857857
3230,DE725,Vogelsbergkreis,Hessen,50.698925,9.566281,C411R439,50.699999999999996,9.57,0.0038712512189196563
3232,DE732,Fulda,Hessen,50.714372,9.843062,C438R438,50.709999999999994,9.84,0.005337623815896996
3235,DEG0R,Wartburgkreis,Thüringen,50.719249,10.14385,C468R437,50.72,10.14,0.0039225630651400474
3238,DEG0Q,Schmalkalden-Meiningen,Thüringen,50.706644,10.533714,C507R438,50.709999999999994,10.530000000000001,0.0050056500077379695
3242,DEG0T,Ilm-Kreis,Thüringen,50.711479,10.979272,C552R438,50.709999999999994,10.98,0.0016484614038583412
3244,DEG0U,Saalfeld-Rudolstadt,Thüringen,50.708824,11.174846,C571R438,50.709999999999994,11.17,0.004986651381437355
3245,DEG0U,Saalfeld-Rudolstadt,Thüringen,50.718193,11.261869,C580R437,50.72,11.26,0.002599694212787684
3248,DEG0K,Saale-Orla-Kreis,Thüringen,50.707464,11.663531,C620R438,50.709999999999994,11.66,0.004347327569894439
3251,DEG0L,Greiz,Thüringen,50.696864,11.959701,C650R439,50.699999999999996,11.96,0.0031502217382251485
3252,DEG0L,Greiz,Thüringen,50.674758,12.04624,C659R442,50.669999999999995,12.05,0.006064335412890287
3254,DED44,Vogtlandkreis,Sachsen,50.669861,12.321842,C686R442,50.669999999999995,12.32,0.0018472371260882716
3255,DED45,Zwickau,Sachsen,50.681409,12.457194,C700R441,50.68,12.46,0.003139891240157026
3256,DED45,Zwickau,Sachsen,50.689774,12.52843,C707R440,50.69,12.530000000000001,0.0015861828393984208
3257,DED45,Zwickau,Sachsen,50.672364,12.630332,C717R442,50.669999999999995,12.629999999999999,0.0023871991957174197
3258,DED42,Erzgebirgskreis,Sachsen,50.667858,12.775677,C732R442,50.669999999999995,12.780000000000001,0.004824571794468023
3260,DED42,Erzgebirgskreis,Sachsen,50.672244,12.995663,C754R442,50.669999999999995,13.0,0.004883144990681414
3263,DED42,Erzgebirgskreis,Sachsen,50.649671,13.305892,C785R444,50.65,13.31,0.004121153357981732
3269,DEA28,Euskirchen,Nordrhein-Westfalen,50.603435,6.796081,C134R449,50.599999999999994,6.8,0.005211313270186335
3271,DEA2C,Rhein-Sieg-Kreis,Nordrhein-Westfalen,50.572263,6.973902,C151R452,50.56999999999999,6.97,0.0045107397397798595
3272,DEA2C,Rhein-Sieg-Kreis,Nordrhein-Westfalen,50.594423,7.080758,C162R450,50.589999999999996,7.08,0.0044874818105508285
3275,DEB18,Neuwied,Rheinland-Pfalz,50.58728,7.417181,C196R450,50.589999999999996,7.42,0.003917290007132378
3276,DEB18,Neuwied,Rheinland-Pfalz,50.586523,7.570158,C211R450,50.589999999999996,7.57,0.0034805880250291716
3280,DEB1B,Westerwaldkreis,Rheinland-Pfalz,50.642946,8.011817,C255R445,50.63999999999999,8.01,0.0034612721649782854
3282,DE722,Lahn-Dill-Kreis,Hessen,50.612561,8.214617,C275R448,50.61,8.21,0.005279716848468007
3285,DE721,"Gießen, Landkreis",Hessen,50.631497,8.595457,C314R446,50.629999999999995,8.6,0.004783289453924205
3286,DE721,"Gießen, Landkreis",Hessen,50.625985,8.696162,C324R446,50.629999999999995,8.7,0.005554319850347425
3288,DE721,"Gießen, Landkreis",Hessen,50.646293,8.929525,C347R444,50.65,8.93,0.003737308389735748
3289,DE725,Vogelsbergkreis,Hessen,50.633694,9.000185,C354R446,50.629999999999995,9.0,0.00369862961108868
3290,DE725,Vogelsbergkreis,Hessen,50.649476,9.160325,C370R444,50.65,9.16,0.0006166044112708376
3291,DE725,Vogelsbergkreis,Hessen,50.613535,9.260602,C380R448,50.61,9.26,0.0035858930547349776
3292,DE725,Vogelsbergkreis,Hessen,50.6169,9.336966,C388R447,50.62,9.34,0.004337644061005285
3293,DE732,Fulda,Hessen,50.614407,9.508003,C405R448,50.61,9.51,0.004838352818883901
3294,DE725,Vogelsbergkreis,Hessen,50.639003,9.553356,C409R445,50.63999999999999,9.55,0.0035009634388240953
3296,DE732,Fulda,Hessen,50.648691,9.833735,C437R444,50.65,9.83,0.003957740011673707
3301,DEG0Q,Schmalkalden-Meiningen,Thüringen,50.643586,10.382712,C492R445,50.63999999999999,10.379999999999999,0.004496036031889015
3307,DEG0U,Saalfeld-Rudolstadt,Thüringen,50.646383,11.075976,C562R444,50.65,11.08,0.005410662159106174
3309,DEG0U,Saalfeld-Rudolstadt,Thüringen,50.613425,11.26064,C580R448,50.61,11.26,0.003484282566038652
3310,DEG0U,Saalfeld-Rudolstadt,Thüringen,50.636017,11.425672,C597R445,50.63999999999999,11.43,0.005881825651948662
3311,DEG0K,Saale-Orla-Kreis,Thüringen,50.642642,11.541929,C608R445,50.63999999999999,11.54,0.0032712696312055837
3313,DEG0K,Saale-Orla-Kreis,Thüringen,50.616086,11.74117,C628R447,50.62,11.74,0.004085131087242898
3314,DEG0K,Saale-Orla-Kreis,Thüringen,50.602544,11.863806,C640R449,50.599999999999994,11.86,0.004577944080047765
3316,DEG0L,Greiz,Thüringen,50.5991,12.052052,C659R449,50.599999999999994,12.05,0.0022406927500186074
3317,DED44,Vogtlandkreis,Sachsen,50.610983,12.172355,C671R448,50.61,12.17,0.002551923588196637
3318,DED44,Vogtlandkreis,Sachsen,50.602459,12.295297,C684R449,50.599999999999994,12.3,0.005307060391596571
3319,DED45,Zwickau,Sachsen,50.624844,12.436511,C698R447,50.62,12.440000000000001,0.005969711634582309
3320,DED45,Zwickau,Sachsen,50.626408,12.512264,C705R446,50.629999999999995,12.51,0.004245958077982393
3325,DED42,Erzgebirgskreis,Sachsen,50.586682,13.115165,C766R450,50.589999999999996,13.120000000000001,0.0058639874658776596
3327,DED42,Erzgebirgskreis,Sachsen,50.579663,13.300234,C784R444,50.65,13.3,0.07033738923929643
3329,DEA28,Euskirchen,Nordrhein-Westfalen,50.498022,6.401033,C94R459,50.5,6.4,0.002231495686754456
3330,DEA28,Euskirchen,Nordrhein-Westfalen,50.519184,6.557694,C110R457,50.519999999999996,6.5600000000000005,0.0024461177404190367
3332,DEA28,Euskirchen,Nordrhein-Westfalen,50.506649,6.740323,C128R458,50.51,6.74,0.0033665308553415003
3335,DEB12,Ahrweiler,Rheinland-Pfalz,50.540691,7.128153,C167R455,50.54,7.13,0.001972026876085498
3337,DEB18,Neuwied,Rheinland-Pfalz,50.522158,7.32963,C187R457,50.519999999999996,7.33,0.002189489438203882
3338,DEB18,Neuwied,Rheinland-Pfalz,50.533005,7.421103,C196R456,50.529999999999994,7.42,0.0032010363946778416
3340,DEB18,Neuwied,Rheinland-Pfalz,50.535305,7.651061,C219R455,50.54,7.65,0.004813392358823689
3343,DEB1B,Westerwaldkreis,Rheinland-Pfalz,50.566263,8.003982,C254R452,50.56999999999999,8.0,0.0054609058772294395
3346,DE722,Lahn-Dill-Kreis,Hessen,50.53769,8.312827,C285R455,50.54,8.31,0.003650757318695098
3347,DE722,Lahn-Dill-Kreis,Hessen,50.559992,8.446042,C299R453,50.559999999999995,8.45,0.003958008084882107
3351,DE721,"Gießen, Landkreis",Hessen,50.531661,8.92055,C346R456,50.529999999999994,8.92,0.0017496916871321735
3353,DE725,Vogelsbergkreis,Hessen,50.542395,9.159196,C370R455,50.54,9.16,0.0025263493424307728
3355,DE725,Vogelsbergkreis,Hessen,50.564385,9.377626,C392R453,50.559999999999995,9.379999999999999,0.004986391581098862
3357,DE732,Fulda,Hessen,50.562994,9.576713,C412R453,50.559999999999995,9.58,0.0044461674507434564
3360,DE732,Fulda,Hessen,50.551941,9.934482,C447R454,50.55,9.93,0.004884240473195746
3363,DEG0Q,Schmalkalden-Meiningen,Thüringen,50.54707,10.293142,C483R454,50.55,10.29,0.004296168525558329
3364,DEG0Q,Schmalkalden-Meiningen,Thüringen,50.564051,10.41216,C495R453,50.559999999999995,10.41,0.004590882377063514
3365,DEG0Q,Schmalkalden-Meiningen,Thüringen,50.581688,10.515814,C506R451,50.58,10.52,0.004513528553138426
3367,DEG0E,Hildburghausen,Thüringen,50.552451,10.690392,C523R454,50.55,10.690000000000001,0.0024821492702900775
3370,DEG0T,Ilm-Kreis,Thüringen,50.581358,11.066455,C561R451,50.58,11.07,0.0037962071861286258
3374,DEG0U,Saalfeld-Rudolstadt,Thüringen,50.575822,11.507849,C605R451,50.58,11.51,0.0046992004639049905
3382,DED44,Vogtlandkreis,Sachsen,50.537827,12.438312,C698R455,50.54,12.440000000000001,0.0027515946285746754
3386,DED42,Erzgebirgskreis,Sachsen,50.542958,12.877324,C742R455,50.54,12.879999999999999,0.003988826895215356
3387,DED42,Erzgebirgskreis,Sachsen,50.528004,12.95121,C749R456,50.529999999999994,12.95,0.0023341199626338597
3388,DED42,Erzgebirgskreis,Sachsen,50.511895,13.097453,C759R457,50.519999999999996,13.05,0.04814019353928487
3400,DEB1B,Westerwaldkreis,Rheinland-Pfalz,50.465941,7.685158,C223R462,50.47,7.6899999999999995,0.006318262815044622
3402,DEB1B,Westerwaldkreis,Rheinland-Pfalz,50.476723,7.917777,C246R461,50.48,7.92,0.00395985580545306
3404,DE723,Limburg-Weilburg,Hessen,50.451088,8.110135,C265R464,50.449999999999996,8.11,0.0010963434680821024
3406,DE723,Limburg-Weilburg,Hessen,50.477732,8.333446,C287R461,50.48,8.33,0.004125377558475521
3407,DE722,Lahn-Dill-Kreis,Hessen,50.482067,8.481693,C302R461,50.48,8.48,0.0026718416869294637
3410,DE721,"Gießen, Landkreis",Hessen,50.489572,8.827785,C337R460,50.489999999999995,8.83,0.002255971852659471
3411,DE721,"Gießen, Landkreis",Hessen,50.476858,8.937798,C348R461,50.48,8.94,0.003836791367793488
3414,DE725,Vogelsbergkreis,Hessen,50.497586,9.280198,C382R459,50.5,9.280000000000001,0.0024221065211934584
3415,DE725,Vogelsbergkreis,Hessen,50.486498,9.328388,C387R460,50.489999999999995,9.33,0.003855197530604789
3416,DE732,Fulda,Hessen,50.505164,9.483403,C402R458,50.51,9.48,0.005913315905646008
3418,DE732,Fulda,Hessen,50.491511,9.740706,C428R460,50.489999999999995,9.74,0.0016678000479741233
3419,DE732,Fulda,Hessen,50.483959,9.808172,C435R461,50.48,9.81,0.004360649607571491
3425,DEG0Q,Schmalkalden-Meiningen,Thüringen,50.476061,10.515014,C506R461,50.48,10.52,0.006354204670920871
3428,DEG0E,Hildburghausen,Thüringen,50.473939,10.85946,C540R462,50.47,10.86,0.003975842174938455
3433,DE24A,Kronach,Bayern,50.48853,11.374996,C591R460,50.489999999999995,11.370000000000001,0.005207774572692018
3435,DEG0K,Saale-Orla-Kreis,Thüringen,50.48212,11.597796,C614R461,50.48,11.600000000000001,0.003058106603770474
3438,DEG0K,Saale-Orla-Kreis,Thüringen,50.469736,11.924682,C646R462,50.47,11.92,0.004689437066430007
3439,DED44,Vogtlandkreis,Sachsen,50.482287,12.103232,C664R461,50.48,12.100000000000001,0.0039593172391214175
3440,DED44,Vogtlandkreis,Sachsen,50.452998,12.191155,C673R464,50.449999999999996,12.190000000000001,0.0032127914653815354
3448,DEB24,Vulkaneifel,Rheinland-Pfalz,50.376651,6.410688,C98R471,50.379999999999995,6.4399999999999995,0.02950269724957196
3455,DEB17,Mayen-Koblenz,Rheinland-Pfalz,50.389008,7.188898,C173R470,50.38999999999999,7.189999999999999,0.00148272317038282
3459,DEB11,"Koblenz, Kreisfreie Stadt",Rheinland-Pfalz,50.375822,7.656079,C220R471,50.379999999999995,7.66,0.005729740395512455
3462,DE723,Limburg-Weilburg,Hessen,50.413937,8.038832,C258R468,50.41,8.04,0.004106603584472665
3463,DE723,Limburg-Weilburg,Hessen,50.387686,8.145891,C269R470,50.38999999999999,8.15,0.0047157689722840635
3465,DE723,Limburg-Weilburg,Hessen,50.393624,8.370728,C291R470,50.38999999999999,8.370000000000001,0.0036963982469513015
3468,DE71E,Wetteraukreis,Hessen,50.427808,8.704222,C324R466,50.43,8.7,0.004757115512577667
3469,DE71E,Wetteraukreis,Hessen,50.407773,8.776819,C332R468,50.41,8.780000000000001,0.0038830773878457702
3470,DE71E,Wetteraukreis,Hessen,50.426126,8.934882,C347R466,50.43,8.93,0.006232318990554637
3471,DE71E,Wetteraukreis,Hessen,50.417057,9.02361,C356R467,50.419999999999995,9.02,0.004657611941754086
3472,DE71E,Wetteraukreis,Hessen,50.422695,9.174952,C371R467,50.419999999999995,9.17,0.005637847905008528
3473,DE71E,Wetteraukreis,Hessen,50.428249,9.256168,C380R466,50.43,9.26,0.004213101589089583
3474,DE725,Vogelsbergkreis,Hessen,50.415701,9.394239,C393R467,50.419999999999995,9.39,0.006037426769739486
3475,DE719,Main-Kinzig-Kreis,Hessen,50.427272,9.460541,C400R466,50.43,9.46,0.0027811265702921964
3476,DE732,Fulda,Hessen,50.415857,9.628314,C417R467,50.419999999999995,9.629999999999999,0.004472923540586385
3478,DE732,Fulda,Hessen,50.413585,9.841235,C438R468,50.41,9.84,0.003791760804693011
3479,DE732,Fulda,Hessen,50.421284,9.903574,C444R467,50.419999999999995,9.9,0.0037976482196244534
3482,DE266,Rhön-Grabfeld,Bayern,50.430173,10.2586,C480R466,50.43,10.26,0.0014106484324600903
3483,DE266,Rhön-Grabfeld,Bayern,50.405436,10.346017,C489R468,50.41,10.35,0.006057589041850915
3486,DEG0E,Hildburghausen,Thüringen,50.411006,10.725793,C527R468,50.41,10.73,0.00432560804974466
3487,DEG0E,Hildburghausen,Thüringen,50.401987,10.831478,C537R469,50.4,10.83,0.002476419390975717
3489,DEG0V,Sonneberg,Thüringen,50.426356,11.08939,C563R466,50.43,11.09,0.0036947037770313287
3492,DE24A,Kronach,Bayern,50.434147,11.408254,C595R466,50.43,11.41,0.004499569423848155
3494,DEG0K,Saale-Orla-Kreis,Thüringen,50.421827,11.649918,C619R467,50.419999999999995,11.65,0.0018288392493659225
3496,DEG0K,Saale-Orla-Kreis,Thüringen,50.408726,11.836895,C638R468,50.41,11.84,0.003356203360940101
3498,DED44,Vogtlandkreis,Sachsen,50.394005,12.100607,C664R470,50.38999999999999,12.100000000000001,0.00405073746372809
3499,DED44,Vogtlandkreis,Sachsen,50.400411,12.212494,C675R469,50.4,12.21,0.002527638621320916
3500,DED44,Vogtlandkreis,Sachsen,50.384512,12.299132,C684R471,50.379999999999995,12.3,0.004594732636405481
3502,DEB23,Eifelkreis Bitburg-Prüm,Rheinland-Pfalz,50.302612,6.348294,C89R479,50.3,6.35,0.0031197724276028887
3503,DEB23,Eifelkreis Bitburg-Prüm,Rheinland-Pfalz,50.282399,6.409618,C95R481,50.279999999999994,6.41,0.0024292231268492914
3504,DEB24,Vulkaneifel,Rheinland-Pfalz,50.284202,6.58669,C113R481,50.279999999999994,6.59,0.005349103102395199
3507,DEB24,Vulkaneifel,Rheinland-Pfalz,50.279237,6.889789,C143R481,50.279999999999994,6.89,0.0007916375433161377
3511,DEB17,Mayen-Koblenz,Rheinland-Pfalz,50.316598,7.318604,C186R477,50.31999999999999,7.32,0.0036772843240578776
3512,DEB17,Mayen-Koblenz,Rheinland-Pfalz,50.331469,7.428977,C197R476,50.33,7.43,0.0017901089352328466
3514,DEB1A,Rhein-Lahn-Kreis,Rheinland-Pfalz,50.321322,7.694347,C223R477,50.31999999999999,7.6899999999999995,0.004543577115008007
3518,DE723,Limburg-Weilburg,Hessen,50.340883,8.095347,C264R475,50.339999999999996,8.1,0.004736042440687905
3520,DE718,Hochtaunuskreis,Hessen,50.348815,8.36019,C290R474,50.349999999999994,8.36,0.001200135409019355
3525,DE71E,Wetteraukreis,Hessen,50.338508,8.911476,C345R475,50.339999999999996,8.91,0.0020987234215107016
3526,DE71E,Wetteraukreis,Hessen,50.349264,9.011697,C355R474,50.349999999999994,9.01,0.0018497310615315807
3529,DE719,Main-Kinzig-Kreis,Hessen,50.359665,9.353707,C389R473,50.36,9.35,0.003722106124226232
3531,DE719,Main-Kinzig-Kreis,Hessen,50.360733,9.568832,C411R473,50.36,9.57,0.001378953588778567
3532,DE719,Main-Kinzig-Kreis,Hessen,50.336443,9.690217,C423R475,50.339999999999996,9.690000000000001,0.003563613054184488
3537,DE266,Rhön-Grabfeld,Bayern,50.36971,10.279659,C482R472,50.37,10.280000000000001,0.0004476393637742519
3538,DE266,Rhön-Grabfeld,Bayern,50.324407,10.389255,C493R477,50.31999999999999,10.39,0.004469527268075149
3539,DEG0E,Hildburghausen,Thüringen,50.356757,10.502477,C504R473,50.36,10.5,0.004080757037608152
3542,DE247,"Coburg, Landkreis",Bayern,50.366146,10.840959,C538R472,50.37,10.84,0.003971523259402631
3544,DE247,"Coburg, Landkreis",Bayern,50.325228,11.075993,C562R476,50.33,11.08,0.006231214408119399
3545,DEG0V,Sonneberg,Thüringen,50.364229,11.159188,C570R473,50.36,11.16,0.004306249528304044
3546,DE24A,Kronach,Bayern,50.352556,11.303813,C584R474,50.349999999999994,11.3,0.004590436253780475
3549,DE249,"Hof, Landkreis",Bayern,50.359352,11.600398,C614R473,50.36,11.600000000000001,0.0007604656468222019
3551,DE249,"Hof, Landkreis",Bayern,50.354046,11.836932,C638R474,50.349999999999994,11.84,0.005077670725837216
3552,DE249,"Hof, Landkreis",Bayern,50.30961,11.964304,C650R478,50.309999999999995,11.96,0.004321633487466493
3553,DE249,"Hof, Landkreis",Bayern,50.31931,12.09596,C664R473,50.36,12.100000000000001,0.04089006847634082
3559,DEB24,Vulkaneifel,Rheinland-Pfalz,50.238761,6.592174,C113R485,50.239999999999995,6.59,0.0025022783618127093
3562,DEB24,Vulkaneifel,Rheinland-Pfalz,50.212592,6.879943,C142R488,50.209999999999994,6.88,0.002592626660365209
3563,DEB1C,Cochem-Zell,Rheinland-Pfalz,50.214084,7.0114,C155R488,50.209999999999994,7.01,0.004317297302717244
3564,DEB1C,Cochem-Zell,Rheinland-Pfalz,50.218609,7.128146,C167R487,50.22,7.13,0.002317800034514215
3565,DEB1C,Cochem-Zell,Rheinland-Pfalz,50.244263,7.203398,C174R485,50.239999999999995,7.2,0.005451566105259379
3570,DEB1A,Rhein-Lahn-Kreis,Rheinland-Pfalz,50.236728,7.812841,C235R485,50.239999999999995,7.8100000000000005,0.004333274166258816
3574,DE71D,Rheingau-Taunus-Kreis,Hessen,50.258511,8.208221,C275R483,50.26,8.21,0.002319905601528068
3575,DE71D,Rheingau-Taunus-Kreis,Hessen,50.25035,8.36872,C291R484,50.25,8.370000000000001,0.0013269890730527748
3579,DE71E,Wetteraukreis,Hessen,50.282084,8.801941,C334R481,50.279999999999994,8.8,0.0028479004547226393
3580,DE719,Main-Kinzig-Kreis,Hessen,50.267052,8.912425,C345R482,50.269999999999996,8.91,0.0038172410193726965
3581,DE71E,Wetteraukreis,Hessen,50.280252,9.002856,C354R481,50.279999999999994,9.0,0.002867096091866983
3586,DE719,Main-Kinzig-Kreis,Hessen,50.272755,9.605288,C415R482,50.269999999999996,9.61,0.005458293597819659
3588,DE265,Bad Kissingen,Bayern,50.284249,9.817247,C436R481,50.279999999999994,9.82,0.005062905292425921
3589,DE265,Bad Kissingen,Bayern,50.282094,9.911225,C445R481,50.279999999999994,9.91,0.0024259969084950623
3591,DE265,Bad Kissingen,Bayern,50.261603,10.155555,C470R483,50.26,10.16,0.004725212587811638
3593,DE266,Rhön-Grabfeld,Bayern,50.26877,10.374845,C491R482,50.269999999999996,10.370000000000001,0.004998692328997372
3594,DE266,Rhön-Grabfeld,Bayern,50.273792,10.497966,C504R482,50.269999999999996,10.5,0.004303070996396934
3596,DEG0E,Hildburghausen,Thüringen,50.262509,10.689545,C523R483,50.26,10.690000000000001,0.0025499227439312114
3599,DE247,"Coburg, Landkreis",Bayern,50.278106,11.081872,C562R481,50.279999999999994,11.08,0.0026630095756446956
3602,DE24A,Kronach,Bayern,50.272789,11.419662,C596R482,50.269999999999996,11.42,0.002809406520964661
3606,DE249,"Hof, Landkreis",Bayern,50.280128,11.859245,C640R481,50.279999999999994,11.86,0.0007657734651975736
3607,DE249,"Hof, Landkreis",Bayern,50.257926,11.909972,C645R483,50.26,11.91,0.002074188998139149
3609,DED44,Vogtlandkreis,Sachsen,50.237002,12.307109,C685R478,50.309999999999995,12.31,0.07305522489870082
3610,DEB23,Eifelkreis Bitburg-Prüm,Rheinland-Pfalz,50.130222,6.223928,C76R496,50.129999999999995,6.22,0.003934268419923167
3612,DEB23,Eifelkreis Bitburg-Prüm,Rheinland-Pfalz,50.14315,6.488461,C103R495,50.13999999999999,6.49,0.0035058552451623895
3615,DEB24,Vulkaneifel,Rheinland-Pfalz,50.1617,6.83151,C137R493,50.16,6.83,0.0022737853900537306
3617,DEB1C,Cochem-Zell,Rheinland-Pfalz,50.15293,7.019416,C156R494,50.15,7.02,0.0029876338463732935
3622,DEB1D,Rhein-Hunsrück-Kreis,Rheinland-Pfalz,50.182164,7.548253,C209R491,50.18,7.55,0.002781169717942787
3624,DEB1A,Rhein-Lahn-Kreis,Rheinland-Pfalz,50.159817,7.801917,C234R493,50.16,7.8,0.0019257149321751346
3625,DE71D,Rheingau-Taunus-Kreis,Hessen,50.160101,7.899168,C244R493,50.16,7.9,0.000838107988268855
3627,DE71D,Rheingau-Taunus-Kreis,Hessen,50.201682,8.151581,C269R489,50.199999999999996,8.15,0.0023083944636927973
3632,DE712,"Frankfurt am Main, Kreisfreie Stadt",Hessen,50.198229,8.676022,C322R489,50.199999999999996,8.68,0.004354414426762007
3634,DE719,Main-Kinzig-Kreis,Hessen,50.199459,8.962681,C350R489,50.199999999999996,8.96,0.0027350396706433884
3635,DE719,Main-Kinzig-Kreis,Hessen,50.213697,9.056137,C360R488,50.209999999999994,9.06,0.005347015803238057
3636,DE719,Main-Kinzig-Kreis,Hessen,50.189462,9.18576,C373R490,50.19,9.19,0.004273996256431826
3646,DE265,Bad Kissingen,Bayern,50.199678,10.272228,C481R489,50.199999999999996,10.27,0.00225114815149972
3647,DE26B,"Schweinfurt, Landkreis",Bayern,50.208461,10.396142,C494R488,50.209999999999994,10.4,0.0041536351548961715
3649,DE267,Haßberge,Bayern,50.215135,10.592186,C513R487,50.22,10.59,0.005333556130765182
3651,DE247,"Coburg, Landkreis",Bayern,50.204459,10.847843,C539R489,50.199999999999996,10.85,0.004953315051562873
3652,DE247,"Coburg, Landkreis",Bayern,50.20328,10.922483,C546R489,50.199999999999996,10.92,0.004113841149099391
3654,DE24C,Lichtenfels,Bayern,50.191453,11.136338,C568R490,50.19,11.14,0.003939727528651778
3658,DE24B,Kulmbach,Bayern,50.192089,11.586906,C613R490,50.19,11.59,0.0037331966195226635
3659,DE249,"Hof, Landkreis",Bayern,50.192018,11.710733,C625R490,50.19,11.71,0.002147000931531324
3660,DE249,"Hof, Landkreis",Bayern,50.194432,11.8069,C635R490,50.19,11.81,0.005408569496642434
3663,DE24D,Wunsiedel i. Fichtelgebirge,Bayern,50.18218,12.15175,C666R491,50.18,12.120000000000001,0.031824752944837414
3664,DEB23,Eifelkreis Bitburg-Prüm,Rheinland-Pfalz,50.089145,6.124045,C72R500,50.089999999999996,6.18,0.05596153187681684
3666,DEB23,Eifelkreis Bitburg-Prüm,Rheinland-Pfalz,50.061739,6.379919,C92R503,50.059999999999995,6.38,0.0017408854069199291
3671,DEB24,Vulkaneifel,Rheinland-Pfalz,50.092949,6.914062,C145R500,50.089999999999996,6.91,0.005019606060240949
3673,DEB1C,Cochem-Zell,Rheinland-Pfalz,50.086176,7.125782,C167R500,50.089999999999996,7.13,0.005693373340995346
3676,DEB1D,Rhein-Hunsrück-Kreis,Rheinland-Pfalz,50.093112,7.459709,C200R500,50.089999999999996,7.46,0.0031255759469271567
3685,DE71A,Main-Taunus-Kreis,Hessen,50.122977,8.452814,C299R497,50.12,8.45,0.004096477145061626
3686,DE712,"Frankfurt am Main, Kreisfreie Stadt",Hessen,50.107508,8.612282,C315R498,50.11,8.61,0.0033789921574321068
3688,DE719,Main-Kinzig-Kreis,Hessen,50.142698,8.791044,C333R495,50.13999999999999,8.79,0.0028929465947458073
3689,DE719,Main-Kinzig-Kreis,Hessen,50.105415,8.932707,C347R498,50.11,8.93,0.005324478753830578
3691,DE264,"Aschaffenburg, Landkreis",Bayern,50.113969,9.120436,C366R498,50.11,9.120000000000001,0.0039928757806851675
3696,DE26A,Main-Spessart,Bayern,50.140867,9.669494,C421R495,50.13999999999999,9.67,0.0010038550692261985
3697,DE265,Bad Kissingen,Bayern,50.11266,9.820442,C436R498,50.11,9.82,0.0026964725105205756
3698,DE265,Bad Kissingen,Bayern,50.127359,9.949484,C449R496,50.129999999999995,9.95,0.0026909360824782635
3699,DE265,Bad Kissingen,Bayern,50.133183,10.034763,C457R496,50.129999999999995,10.030000000000001,0.005728669828156692
3700,DE265,Bad Kissingen,Bayern,50.150767,10.166086,C471R494,50.15,10.17,0.003988443932162623
3702,DE267,Haßberge,Bayern,50.144582,10.405172,C495R495,50.13999999999999,10.41,0.006656148135375004
3704,DE267,Haßberge,Bayern,50.143025,10.617626,C516R495,50.13999999999999,10.620000000000001,0.003845321963120317
3705,DE267,Haßberge,Bayern,50.118206,10.73759,C528R497,50.12,10.74,0.0030044194114645867
3706,DE267,Haßberge,Bayern,50.102602,10.815357,C536R499,50.099999999999994,10.82,0.005322391661651145
3707,DE24C,Lichtenfels,Bayern,50.122349,10.955893,C550R497,50.12,10.96,0.004731305316719792
3708,DE24C,Lichtenfels,Bayern,50.116894,11.048661,C559R497,50.12,11.05,0.0033823301139858405
3709,DE24C,Lichtenfels,Bayern,50.098648,11.168199,C571R499,50.099999999999994,11.17,0.002252000222023443
3710,DE24C,Lichtenfels,Bayern,50.137928,11.268653,C581R495,50.13999999999999,11.27,0.0024713544869081555
3711,DE24B,Kulmbach,Bayern,50.113436,11.417294,C596R498,50.11,11.42,0.004373617724493519
3712,DE24B,Kulmbach,Bayern,50.125363,11.533222,C607R496,50.129999999999995,11.530000000000001,0.005646508035941454
3714,DE246,"Bayreuth, Landkreis",Bayern,50.111411,11.711788,C625R498,50.11,11.71,0.0022776885212843923
3718,DE24D,Wunsiedel i. Fichtelgebirge,Bayern,50.106167,12.180609,C672R498,50.11,12.18,0.0038810784583672648
3722,DEB23,Eifelkreis Bitburg-Prüm,Rheinland-Pfalz,50.013325,6.554206,C109R508,50.01,6.55,0.005361535321157987
3723,DEB23,Eifelkreis Bitburg-Prüm,Rheinland-Pfalz,49.9947,6.66972,C121R510,49.989999999999995,6.67,0.004708333038354874
3724,DEB22,Bernkastel-Wittlich,Rheinland-Pfalz,50.009919,6.785177,C133R508,50.01,6.79,0.004823680130356952
3726,DEB22,Bernkastel-Wittlich,Rheinland-Pfalz,50.012668,6.989595,C153R508,50.01,6.99,0.0026985642478918226
3727,DEB1C,Cochem-Zell,Rheinland-Pfalz,50.038372,7.127242,C167R505,50.04,7.13,0.00320264703019069
3728,DEB1C,Cochem-Zell,Rheinland-Pfalz,50.022065,7.212423,C175R507,50.019999999999996,7.21,0.00318357566268004
3729,DEB1C,Cochem-Zell,Rheinland-Pfalz,50.013042,7.34062,C188R508,50.01,7.34,0.003104539257281927
3737,DE714,"Wiesbaden, Kreisfreie Stadt",Hessen,50.034949,8.295565,C284R506,50.029999999999994,8.3,0.006645436479272183
3739,DE71A,Main-Taunus-Kreis,Hessen,50.040965,8.471451,C301R505,50.04,8.47,0.0017425917479432236
3748,DE26A,Main-Spessart,Bayern,50.060627,9.507975,C405R503,50.059999999999995,9.51,0.002119847636034424
3751,DE265,Bad Kissingen,Bayern,50.05373,9.830704,C437R504,50.05,9.83,0.003795855107882044
3752,DE265,Bad Kissingen,Bayern,50.0581,9.941394,C448R503,50.059999999999995,9.940000000000001,0.002356530500538481
3753,DE26B,"Schweinfurt, Landkreis",Bayern,50.066137,10.024889,C456R502,50.06999999999999,10.02,0.006230978253851386
3754,DE26B,"Schweinfurt, Landkreis",Bayern,50.070109,10.133672,C467R502,50.06999999999999,10.129999999999999,0.0036736174270076433
3756,DE26B,"Schweinfurt, Landkreis",Bayern,50.061448,10.36333,C490R503,50.059999999999995,10.36,0.0036311987001554115
3760,DE267,Haßberge,Bayern,50.064274,10.799723,C534R503,50.059999999999995,10.8,0.004282966845542961
3761,DE245,"Bamberg, Landkreis",Bayern,50.042414,10.937812,C548R505,50.04,10.940000000000001,0.003258027010326535
3763,DE24C,Lichtenfels,Bayern,50.063185,11.18436,C572R503,50.059999999999995,11.18,0.005399428210469505
3766,DE24B,Kulmbach,Bayern,50.065459,11.524334,C606R502,50.06999999999999,11.52,0.006277279426627859
3767,DE24B,Kulmbach,Bayern,50.062853,11.580766,C612R503,50.059999999999995,11.58,0.0029540421459435633
3771,DE24D,Wunsiedel i. Fichtelgebirge,Bayern,50.056571,12.04687,C659R503,50.059999999999995,12.05,0.004642729908144864
3773,DE23A,Tirschenreuth,Bayern,50.044378,12.295799,C684R506,50.029999999999994,12.3,0.014979161692171714
3774,DEB23,Eifelkreis Bitburg-Prüm,Rheinland-Pfalz,49.932393,6.267114,C81R516,49.93,6.27,0.0037490592153213097
3776,DEB23,Eifelkreis Bitburg-Prüm,Rheinland-Pfalz,49.946076,6.445616,C99R514,49.949999999999996,6.45,0.0058836410495527675
3784,DEB1D,Rhein-Hunsrück-Kreis,Rheinland-Pfalz,49.937154,7.383288,C192R515,49.94,7.38,0.004348638867506934
3785,DEB1D,Rhein-Hunsrück-Kreis,Rheinland-Pfalz,49.974038,7.507656,C205R512,49.97,7.51,0.004669023452501624
3790,DEB3J,Mainz-Bingen,Rheinland-Pfalz,49.985656,8.014485,C255R510,49.989999999999995,8.01,0.006243841846169151
3792,DEB35,"Mainz, Kreisfreie Stadt",Rheinland-Pfalz,49.955735,8.259025,C280R513,49.959999999999994,8.26,0.004375025714206951
3793,DE717,Groß-Gerau,Hessen,49.950211,8.370466,C291R514,49.949999999999996,8.370000000000001,0.0005115437420226418
3795,DE717,Groß-Gerau,Hessen,49.963153,8.590523,C313R513,49.959999999999994,8.59,0.0031960816635418624
3801,DE264,"Aschaffenburg, Landkreis",Bayern,50.000176,9.271969,C381R509,50.0,9.27,0.001976850272530576
3805,DE26A,Main-Spessart,Bayern,49.971263,9.723657,C426R512,49.97,9.719999999999999,0.0038689556730476206
3806,DE26A,Main-Spessart,Bayern,49.971006,9.790423,C433R512,49.97,9.79,0.001091313428859418
3808,DE26B,"Schweinfurt, Landkreis",Bayern,50.003038,10.068627,C461R509,50.0,10.07,0.003333852576221934
3809,DE26B,"Schweinfurt, Landkreis",Bayern,49.997523,10.133062,C467R509,50.0,10.129999999999999,0.003938448044598921
3810,DE26B,"Schweinfurt, Landkreis",Bayern,49.9992,10.239238,C478R509,50.0,10.24,0.0011048275883579796
3811,DE26B,"Schweinfurt, Landkreis",Bayern,49.977237,10.367431,C491R511,49.98,10.370000000000001,0.0037727880937014797
3812,DE267,Haßberge,Bayern,50.002107,10.47186,C501R509,50.0,10.469999999999999,0.00281052468411364
3813,DE267,Haßberge,Bayern,49.998516,10.59119,C513R509,50.0,10.59,0.001902197676371203
3816,DE245,"Bamberg, Landkreis",Bayern,49.987817,10.93749,C548R510,49.989999999999995,10.940000000000001,0.003326498008414163
3819,DE246,"Bayreuth, Landkreis",Bayern,49.958477,11.262416,C580R513,49.959999999999994,11.26,0.0028559735642991763
3820,DE24B,Kulmbach,Bayern,49.954957,11.391022,C593R514,49.949999999999996,11.39,0.0050612580451941894
3822,DE246,"Bayreuth, Landkreis",Bayern,49.980507,11.622619,C616R511,49.98,11.620000000000001,0.0026676225370172303
3826,DE23A,Tirschenreuth,Bayern,49.982164,12.079261,C662R511,49.98,12.08,0.002286704397162266
3828,DE23A,Tirschenreuth,Bayern,49.976733,12.297079,C684R511,49.98,12.3,0.004382411436636665
3831,DEB23,Eifelkreis Bitburg-Prüm,Rheinland-Pfalz,49.843187,6.486063,C103R525,49.839999999999996,6.49,0.005065267811284011
3832,DEB25,Trier-Saarburg,Rheinland-Pfalz,49.866096,6.567639,C111R522,49.87,6.57,0.004562404738730579
3834,DEB22,Bernkastel-Wittlich,Rheinland-Pfalz,49.867353,6.842791,C138R522,49.87,6.84,0.003846594597820306
3835,DEB22,Bernkastel-Wittlich,Rheinland-Pfalz,49.859081,6.946847,C149R523,49.86,6.95,0.003284200054806957
3836,DEB22,Bernkastel-Wittlich,Rheinland-Pfalz,49.850081,7.0331,C157R524,49.849999999999994,7.03,0.0031010580452485344
3840,DEB1D,Rhein-Hunsrück-Kreis,Rheinland-Pfalz,49.909439,7.478154,C202R518,49.91,7.48,0.0019293618115840765
3842,DEB14,Bad Kreuznach,Rheinland-Pfalz,49.87186,7.712283,C225R522,49.87,7.71,0.0029447731661375125
3843,DEB14,Bad Kreuznach,Rheinland-Pfalz,49.876869,7.812662,C235R521,49.879999999999995,7.8100000000000005,0.004109672128038443
3845,DEB3J,Mainz-Bingen,Rheinland-Pfalz,49.905338,8.009043,C255R518,49.91,8.01,0.004759211384248825
3848,DE717,Groß-Gerau,Hessen,49.893769,8.347871,C289R520,49.88999999999999,8.35,0.004328741387521479
3854,DE264,"Aschaffenburg, Landkreis",Bayern,49.897833,9.04748,C359R519,49.9,9.05,0.0033235957937154093
3855,DE269,Miltenberg,Bayern,49.891872,9.169965,C371R520,49.88999999999999,9.17,0.0018723271615884883
3860,DE26A,Main-Spessart,Bayern,49.914568,9.73988,C428R518,49.91,9.74,0.004569575910306789
3861,DE26A,Main-Spessart,Bayern,49.931306,9.793832,C433R516,49.93,9.79,0.004048439205423019
3863,DE26C,"Würzburg, Landkreis",Bayern,49.900855,10.075053,C462R519,49.9,10.08,0.005020342020221164
3864,DE26B,"Schweinfurt, Landkreis",Bayern,49.931666,10.135964,C468R516,49.93,10.14,0.004366331641092892
3865,DE26B,"Schweinfurt, Landkreis",Bayern,49.922816,10.272887,C481R517,49.919999999999995,10.27,0.00403294247417723
3866,DE26B,"Schweinfurt, Landkreis",Bayern,49.913484,10.359146,C490R518,49.91,10.36,0.003587139807701871
3869,DE245,"Bamberg, Landkreis",Bayern,49.898289,10.705502,C525R519,49.9,10.71,0.0048124344151391635
3870,DE241,"Bamberg, Kreisfreie Stadt",Bayern,49.913334,10.849905,C539R518,49.91,10.85,0.0033353532046870135
3873,DE245,"Bamberg, Landkreis",Bayern,49.927333,11.152269,C569R516,49.93,11.15,0.003501606774041489
3874,DE246,"Bayreuth, Landkreis",Bayern,49.896714,11.295704,C584R519,49.9,11.3,0.005408642343506574
3876,DE246,"Bayreuth, Landkreis",Bayern,49.915702,11.463423,C600R517,49.919999999999995,11.46,0.005494518450230638
3880,DE23A,Tirschenreuth,Bayern,49.914593,11.959444,C650R518,49.91,11.96,0.0046265305575631235
3885,DE23A,Tirschenreuth,Bayern,49.892967,12.467947,C699R520,49.88999999999999,12.45,0.018190599165505153
3892,DEB15,Birkenfeld,Rheinland-Pfalz,49.793311,7.279839,C182R530,49.79,7.28,0.00331491206520234
3893,DEB15,Birkenfeld,Rheinland-Pfalz,49.827454,7.376235,C192R526,49.83,7.38,0.0045450347633404
3896,DEB14,Bad Kreuznach,Rheinland-Pfalz,49.831541,7.708445,C225R526,49.83,7.71,0.0021892249770201445
3898,DEB14,Bad Kreuznach,Rheinland-Pfalz,49.845215,7.914402,C245R524,49.849999999999994,7.91,0.006501832741613212
3899,DEB3B,Alzey-Worms,Rheinland-Pfalz,49.819828,8.022049,C256R527,49.81999999999999,8.02,0.002056206458506197
3900,DEB3B,Alzey-Worms,Rheinland-Pfalz,49.823296,8.139537,C268R527,49.81999999999999,8.14,0.0033283607076215736
3901,DEB3J,Mainz-Bingen,Rheinland-Pfalz,49.811485,8.28971,C283R528,49.809999999999995,8.29,0.001513051552329578
3902,DEB3J,Mainz-Bingen,Rheinland-Pfalz,49.840497,8.364655,C290R525,49.839999999999996,8.36,0.004681456397320811
3905,DE716,Darmstadt-Dieburg,Hessen,49.819903,8.691405,C323R527,49.81999999999999,8.69,0.0014083444181022054
3906,DE716,Darmstadt-Dieburg,Hessen,49.83163,8.821838,C336R526,49.83,8.82,0.0024566530076494926
3907,DE716,Darmstadt-Dieburg,Hessen,49.817698,8.914888,C345R527,49.81999999999999,8.91,0.005402938829929684
3908,DE269,Miltenberg,Bayern,49.853407,9.073881,C361R524,49.849999999999994,9.07,0.005164282137917883
3909,DE269,Miltenberg,Bayern,49.825695,9.141363,C368R526,49.83,9.14,0.004515616679918344
3914,DE26A,Main-Spessart,Bayern,49.839103,9.698459,C424R525,49.839999999999996,9.7,0.0017830563647819383
3915,DE26C,"Würzburg, Landkreis",Bayern,49.863476,9.813393,C435R523,49.86,9.81,0.004857471049835285
3916,DE26C,"Würzburg, Landkreis",Bayern,49.839985,9.90423,C444R525,49.839999999999996,9.9,0.004230026595660798
3918,DE268,Kitzingen,Bayern,49.84413,10.14156,C468R525,49.839999999999996,10.14,0.004414804638942442
3919,DE268,Kitzingen,Bayern,49.855982,10.26138,C480R523,49.86,10.26,0.004248378984979985
3921,DE245,"Bamberg, Landkreis",Bayern,49.830523,10.478016,C502R526,49.83,10.48,0.002051776059905671
3924,DE245,"Bamberg, Landkreis",Bayern,49.855889,10.851641,C539R523,49.86,10.85,0.004426420901814248
3925,DE245,"Bamberg, Landkreis",Bayern,49.847634,10.938361,C548R524,49.849999999999994,10.940000000000001,0.002878241998161203
3927,DE245,"Bamberg, Landkreis",Bayern,49.845592,11.160273,C570R524,49.849999999999994,11.16,0.004416445742893196
3931,DE246,"Bayreuth, Landkreis",Bayern,49.831927,11.635865,C618R526,49.83,11.64,0.0045619682155847935
3932,DE246,"Bayreuth, Landkreis",Bayern,49.848692,11.696972,C624R524,49.849999999999994,11.7,0.003298431142221681
3933,DE237,Neustadt a. d. Waldnaab,Bayern,49.842905,11.828713,C637R525,49.839999999999996,11.83,0.0031773249755149115
3934,DE23A,Tirschenreuth,Bayern,49.842443,11.940543,C648R525,49.839999999999996,11.940000000000001,0.002502618228981585
3935,DE23A,Tirschenreuth,Bayern,49.845447,12.065697,C661R524,49.849999999999994,12.07,0.006264632311632434
3936,DE237,Neustadt a. d. Waldnaab,Bayern,49.815841,12.130539,C667R527,49.81999999999999,12.129999999999999,0.004193781348610574
3937,DE23A,Tirschenreuth,Bayern,49.802651,12.259943,C680R529,49.8,12.26,0.0026516127168198897
3938,DE23A,Tirschenreuth,Bayern,49.81124,12.353575,C689R527,49.81999999999999,12.350000000000001,0.009461407136356677
3939,DEB21,"Trier, Kreisfreie Stadt",Rheinland-Pfalz,49.709627,6.636538,C118R538,49.709999999999994,6.64,0.0034820357551289074
3940,DEB21,"Trier, Kreisfreie Stadt",Rheinland-Pfalz,49.716824,6.675877,C122R537,49.72,6.68,0.005204431284970092
3941,DEB25,Trier-Saarburg,Rheinland-Pfalz,49.74021,6.849087,C139R535,49.739999999999995,6.85,0.0009368399009439262
3946,DEB15,Birkenfeld,Rheinland-Pfalz,49.744827,7.362783,C190R535,49.739999999999995,7.36,0.0055718056319344934
3947,DEB14,Bad Kreuznach,Rheinland-Pfalz,49.726585,7.507401,C205R536,49.73,7.51,0.0042915062623720465
3948,DEB14,Bad Kreuznach,Rheinland-Pfalz,49.722239,7.600563,C214R537,49.72,7.6,0.002308698767707469
3950,DEB3D,Donnersbergkreis,Rheinland-Pfalz,49.748448,7.869285,C241R534,49.75,7.87,0.0017087799741307597
3952,DEB3B,Alzey-Worms,Rheinland-Pfalz,49.755843,8.034525,C257R533,49.76,8.03,0.006144613413389262
3953,DEB3B,Alzey-Worms,Rheinland-Pfalz,49.772536,8.158577,C270R532,49.769999999999996,8.16,0.0029079589061804844
3954,DEB3B,Alzey-Worms,Rheinland-Pfalz,49.745884,8.242351,C278R534,49.75,8.24,0.004740111496581412
3958,DE715,Bergstraße,Hessen,49.743596,8.70016,C324R535,49.739999999999995,8.7,0.0035995577506150148
3959,DE71B,Odenwaldkreis,Hessen,49.741958,8.82423,C336R535,49.739999999999995,8.82,0.004661186973293948
3961,DE71B,Odenwaldkreis,Hessen,49.752932,9.03755,C358R534,49.75,9.04,0.0038208800033507416
3963,DE269,Miltenberg,Bayern,49.777376,9.270232,C381R531,49.779999999999994,9.27,0.0026342361321616587
3965,DE11B,Main-Tauber-Kreis,Baden-Württemberg,49.751534,9.513242,C405R534,49.75,9.51,0.0035866028494941607
3966,DE11B,Main-Tauber-Kreis,Baden-Württemberg,49.770644,9.576015,C412R532,49.769999999999996,9.58,0.004036701747714656
3968,DE26C,"Würzburg, Landkreis",Bayern,49.747944,9.839538,C438R534,49.75,9.84,0.0021072683739888475
3970,DE26C,"Würzburg, Landkreis",Bayern,49.791891,10.018581,C456R530,49.79,10.02,0.002364200076136283
3972,DE268,Kitzingen,Bayern,49.779501,10.254424,C479R531,49.779999999999994,10.25,0.004452053121874506
3974,DE25A,Neustadt a. d. Aisch-Bad Windsheim,Bayern,49.752755,10.514032,C505R534,49.75,10.51,0.004883344038669266
3975,DE245,"Bamberg, Landkreis",Bayern,49.747752,10.610831,C515R534,49.75,10.61,0.002396677909108103
3978,DE257,Erlangen-Höchstadt,Bayern,49.769152,10.920858,C546R532,49.769999999999996,10.92,0.0012063448926396356
3979,DE248,Forchheim,Bayern,49.775614,11.069384,C561R531,49.779999999999994,11.07,0.004429046398489389
3984,DE246,"Bayreuth, Landkreis",Bayern,49.767425,11.626164,C617R532,49.769999999999996,11.629999999999999,0.004620121318749372
3985,DE237,Neustadt a. d. Waldnaab,Bayern,49.751192,11.709709,C625R534,49.75,11.71,0.0012270065199533448
3986,DE237,Neustadt a. d. Waldnaab,Bayern,49.758108,11.810751,C635R533,49.76,11.81,0.0020355994203161325
3987,DE237,Neustadt a. d. Waldnaab,Bayern,49.771534,11.910023,C645R532,49.769999999999996,11.91,0.0015341724153497972
3988,DE237,Neustadt a. d. Waldnaab,Bayern,49.749868,12.04218,C658R534,49.75,12.04,0.0021839926739813855
3990,DE237,Neustadt a. d. Waldnaab,Bayern,49.734368,12.270469,C681R536,49.73,12.27,0.0043931065318357845
3998,DEB15,Birkenfeld,Rheinland-Pfalz,49.680054,7.15651,C170R541,49.68,7.16,0.0034904177400422085
4002,DEB3G,Kusel,Rheinland-Pfalz,49.652368,7.601066,C214R544,49.65,7.6,0.002596878895909679
4003,DEB3D,Donnersbergkreis,Rheinland-Pfalz,49.674997,7.723308,C226R542,49.669999999999995,7.720000000000001,0.005992735018339114
4006,DEB3D,Donnersbergkreis,Rheinland-Pfalz,49.661861,8.073094,C261R543,49.66,8.07,0.003610561867634108
4008,DEB3B,Alzey-Worms,Rheinland-Pfalz,49.699818,8.281394,C282R539,49.699999999999996,8.28,0.0014058307152718247
4009,DEB39,"Worms, Kreisfreie Stadt",Rheinland-Pfalz,49.69394,8.35455,C289R540,49.69,8.35,0.006018812175172184
4010,DE715,Bergstraße,Hessen,49.694647,8.46288,C300R540,49.69,8.46,0.005467084140567836
4011,DE715,Bergstraße,Hessen,49.686343,8.562274,C310R540,49.69,8.56,0.004306358670614526
4013,DE71B,Odenwaldkreis,Hessen,49.707364,8.805391,C335R538,49.709999999999994,8.81,0.005309555254442568
4015,DE71B,Odenwaldkreis,Hessen,49.678388,9.071167,C361R541,49.68,9.07,0.001990083666584449
4018,DE269,Miltenberg,Bayern,49.673109,9.377263,C392R542,49.669999999999995,9.379999999999999,0.004142106951783274
4019,DE11B,Main-Tauber-Kreis,Baden-Württemberg,49.693806,9.475473,C402R540,49.69,9.48,0.0059143355501734265
4020,DE11B,Main-Tauber-Kreis,Baden-Württemberg,49.685242,9.591868,C413R540,49.69,9.59,0.005111554362418141
4021,DE11B,Main-Tauber-Kreis,Baden-Württemberg,49.685806,9.69605,C424R540,49.69,9.7,0.005761261667376583
4023,DE26C,"Würzburg, Landkreis",Bayern,49.697949,9.957758,C450R539,49.699999999999996,9.96,0.003038612347763476
4025,DE268,Kitzingen,Bayern,49.716914,10.142643,C468R537,49.72,10.14,0.0040631078006830275
4026,DE268,Kitzingen,Bayern,49.687065,10.300466,C484R540,49.69,10.3,0.002971763954287779
4027,DE25A,Neustadt a. d. Aisch-Bad Windsheim,Bayern,49.672939,10.382862,C492R542,49.669999999999995,10.379999999999999,0.004102287776354915
4034,DE248,Forchheim,Bayern,49.684065,11.175222,C572R541,49.68,11.18,0.006273237521405987
4036,DE248,Forchheim,Bayern,49.692788,11.333398,C587R540,49.69,11.33,0.004395378026975416
4039,DE237,Neustadt a. d. Waldnaab,Bayern,49.711118,11.708842,C625R538,49.709999999999994,11.71,0.0016096235584795303
4047,DEB25,Trier-Saarburg,Rheinland-Pfalz,49.570177,6.369098,C91R552,49.56999999999999,6.37,0.0009192023716259164
4048,DEB25,Trier-Saarburg,Rheinland-Pfalz,49.586423,6.518245,C106R550,49.589999999999996,6.52,0.003984338590022971
4053,DEC06,St. Wendel,Saarland,49.579423,7.07829,C162R551,49.58,7.08,0.0018047240786336688
4062,DEB3D,Donnersbergkreis,Rheinland-Pfalz,49.604207,8.067359,C261R549,49.599999999999994,8.07,0.00496726584753331
4064,DEB39,"Worms, Kreisfreie Stadt",Rheinland-Pfalz,49.617005,8.292277,C283R547,49.62,8.29,0.003762280425486199
4067,DE715,Bergstraße,Hessen,49.624997,8.580022,C312R547,49.62,8.58,0.0049970484288257835
4068,DE715,Bergstraße,Hessen,49.604949,8.715546,C326R549,49.599999999999994,8.72,0.006658131644841623
4069,DE715,Bergstraße,Hessen,49.622612,8.852715,C339R547,49.62,8.85,0.003767461877709846
4071,DE71B,Odenwaldkreis,Hessen,49.597726,9.04619,C359R549,49.599999999999994,9.05,0.004437023326508214
4073,DE127,Neckar-Odenwald-Kreis,Baden-Württemberg,49.604371,9.275214,C382R549,49.599999999999994,9.280000000000001,0.006481623022057339
4074,DE127,Neckar-Odenwald-Kreis,Baden-Württemberg,49.60844,9.367467,C391R548,49.61,9.370000000000001,0.0029748426849163703
4078,DE11B,Main-Tauber-Kreis,Baden-Württemberg,49.638925,9.813723,C435R545,49.63999999999999,9.81,0.003875094063371606
4079,DE26C,"Würzburg, Landkreis",Bayern,49.619404,9.928263,C447R547,49.62,9.93,0.0018364054563180074
4080,DE26C,"Würzburg, Landkreis",Bayern,49.628713,10.029207,C457R546,49.629999999999995,10.030000000000001,0.0015116937520532779
4084,DE25A,Neustadt a. d. Aisch-Bad Windsheim,Bayern,49.648413,10.485645,C503R544,49.65,10.49,0.004635147678338308
4086,DE25A,Neustadt a. d. Aisch-Bad Windsheim,Bayern,49.602026,10.694725,C523R549,49.599999999999994,10.690000000000001,0.005141040847923706
4089,DE257,Erlangen-Höchstadt,Bayern,49.616202,11.010381,C555R547,49.62,11.01,0.003817062352119983
4090,DE248,Forchheim,Bayern,49.646332,11.157819,C570R544,49.65,11.16,0.004267433069186093
4091,DE248,Forchheim,Bayern,49.61217,11.250772,C579R548,49.61,11.25,0.002303233379403269
4093,DE259,Nürnberger Land,Bayern,49.61703,11.50755,C605R547,49.62,11.51,0.003850116881340676
4094,DE234,Amberg-Sulzbach,Bayern,49.605075,11.598671,C614R548,49.61,11.600000000000001,0.0051011632006833256
4095,DE234,Amberg-Sulzbach,Bayern,49.601655,11.716224,C626R549,49.599999999999994,11.719999999999999,0.0041227661830390274
4099,DE237,Neustadt a. d. Waldnaab,Bayern,49.601856,12.139377,C668R549,49.599999999999994,12.14,0.001957770415553019
4102,DE237,Neustadt a. d. Waldnaab,Bayern,49.591666,12.515776,C705R550,49.589999999999996,12.51,0.006011466709548582
4103,DEC02,Merzig-Wadern,Saarland,49.50782,6.380447,C91R558,49.51,6.37,0.010672029282192911
4104,DEC02,Merzig-Wadern,Saarland,49.478786,6.529027,C107R561,49.48,6.53,0.001555803650848611
4105,DEC02,Merzig-Wadern,Saarland,49.478326,6.605511,C115R561,49.48,6.61,0.004790970361000388
4107,DEC02,Merzig-Wadern,Saarland,49.528447,6.861158,C140R556,49.529999999999994,6.86,0.001937207526306938
4110,DEC06,St. Wendel,Saarland,49.515759,7.152233,C169R557,49.519999999999996,7.15,0.004792950031028979
4111,DEC06,St. Wendel,Saarland,49.500703,7.258313,C180R559,49.5,7.26,0.0018276153862343476
4114,DEB3G,Kusel,Rheinland-Pfalz,49.527604,7.576335,C212R556,49.529999999999994,7.58,0.004378703118502798
4120,DEB3I,Rhein-Pfalz-Kreis,Rheinland-Pfalz,49.51869,8.278881,C282R557,49.519999999999996,8.28,0.0017228641850097438
4123,DE128,Rhein-Neckar-Kreis,Baden-Württemberg,49.565791,8.620579,C316R552,49.56999999999999,8.620000000000001,0.004248637664000502
4131,DE127,Neckar-Odenwald-Kreis,Baden-Württemberg,49.569506,9.484945,C402R552,49.56999999999999,9.48,0.00496961376768753
4133,DE11B,Main-Tauber-Kreis,Baden-Württemberg,49.531559,9.714338,C425R556,49.529999999999994,9.71,0.004609633933406543
4134,DE11B,Main-Tauber-Kreis,Baden-Württemberg,49.54733,9.835153,C438R554,49.55,9.84,0.0055337427659741065
4135,DE26C,"Würzburg, Landkreis",Bayern,49.558042,9.958637,C450R553,49.559999999999995,9.96,0.002385693400247246
4137,DE25A,Neustadt a. d. Aisch-Bad Windsheim,Bayern,49.548506,10.150247,C469R554,49.55,10.15,0.0015142803571273334
4138,DE25A,Neustadt a. d. Aisch-Bad Windsheim,Bayern,49.533613,10.260435,C480R556,49.529999999999994,10.26,0.0036390924692924734
4140,DE25A,Neustadt a. d. Aisch-Bad Windsheim,Bayern,49.570204,10.473965,C501R552,49.56999999999999,10.469999999999999,0.003970244450913382
4144,DE257,Erlangen-Höchstadt,Bayern,49.557005,10.923154,C546R553,49.559999999999995,10.92,0.004349452954107357
4147,DE259,Nürnberger Land,Bayern,49.558989,11.269019,C581R553,49.559999999999995,11.27,0.001408716437043144
4148,DE259,Nürnberger Land,Bayern,49.535317,11.365949,C591R555,49.54,11.370000000000001,0.006192018249327415
4149,DE259,Nürnberger Land,Bayern,49.553941,11.508654,C605R554,49.55,11.51,0.0041645164185096116
4150,DE234,Amberg-Sulzbach,Bayern,49.545311,11.568596,C611R554,49.55,11.57,0.004894684565934103
4153,DE234,Amberg-Sulzbach,Bayern,49.546681,11.919916,C646R554,49.55,11.92,0.0033200628006084683
4155,DE239,Schwandorf,Bayern,49.519965,12.127801,C667R557,49.519999999999996,12.129999999999999,0.0021992785180590816
4156,DE239,Schwandorf,Bayern,49.517098,12.253947,C679R557,49.519999999999996,12.25,0.004899021637020443
4159,DE239,Schwandorf,Bayern,49.504052,12.606592,C715R559,49.5,12.61,0.005294635775954205
4163,DEC04,Saarlouis,Saarland,49.436475,6.963964,C150R565,49.44,6.96,0.0053046131809937145
4165,DEC03,Neunkirchen,Saarland,49.422896,7.179038,C172R567,49.419999999999995,7.18,0.003051599580554253
4168,DEB3F,"Kaiserslautern, Landkreis",Rheinland-Pfalz,49.471395,7.517934,C206R562,49.47,7.52,0.002492866021270123
4174,DEB3C,Bad Dürkheim,Rheinland-Pfalz,49.469729,8.164603,C270R562,49.47,8.16,0.004610970613655435
4180,DE128,Rhein-Neckar-Kreis,Baden-Württemberg,49.475727,8.838085,C338R561,49.48,8.84,0.0046824944207101895
4186,DE127,Neckar-Odenwald-Kreis,Baden-Württemberg,49.465452,9.475142,C402R562,49.47,9.48,0.0066546576170380504
4187,DE11B,Main-Tauber-Kreis,Baden-Württemberg,49.481992,9.57845,C412R561,49.48,9.58,0.0025239976228208097
4189,DE11B,Main-Tauber-Kreis,Baden-Württemberg,49.4897,9.784289,C432R560,49.489999999999995,9.780000000000001,0.004299479154500241
4191,DE11B,Main-Tauber-Kreis,Baden-Württemberg,49.506085,10.053205,C459R558,49.51,10.05,0.005059570139842955
4192,DE25A,Neustadt a. d. Aisch-Bad Windsheim,Bayern,49.498767,10.170485,C471R559,49.5,10.17,0.0013249581125444412
4193,DE25A,Neustadt a. d. Aisch-Bad Windsheim,Bayern,49.469214,10.273651,C481R562,49.47,10.27,0.0037346481762000096
4194,DE25A,Neustadt a. d. Aisch-Bad Windsheim,Bayern,49.471482,10.40228,C494R562,49.47,10.4,0.00271932418074854
4199,DE258,"Fürth, Landkreis",Bayern,49.493914,10.890732,C543R560,49.489999999999995,10.89,0.003981861373781445
4201,DE259,Nürnberger Land,Bayern,49.458225,11.171794,C571R563,49.459999999999994,11.17,0.0025236998632926265
4204,DE259,Nürnberger Land,Bayern,49.495406,11.493193,C603R559,49.5,11.49,0.005594647888828444
4206,DE234,Amberg-Sulzbach,Bayern,49.493305,11.696594,C624R560,49.489999999999995,11.7,0.004745930994023221
4207,DE231,"Amberg, Kreisfreie Stadt",Bayern,49.456239,11.813182,C635R563,49.459999999999994,11.81,0.0049264840403651245
4208,DE234,Amberg-Sulzbach,Bayern,49.470398,11.941112,C648R562,49.47,11.940000000000001,0.0011810791675418318
4210,DE239,Schwandorf,Bayern,49.460746,12.139156,C668R563,49.459999999999994,12.14,0.001126433309171496
4211,DE239,Schwandorf,Bayern,49.475423,12.217993,C676R561,49.48,12.219999999999999,0.00499769726974074
4212,DE239,Schwandorf,Bayern,49.433061,12.344772,C688R566,49.43,12.34,0.005669365484780752
4214,DE235,Cham,Bayern,49.447349,12.608967,C715R564,49.449999999999996,12.61,0.0028451520170216732
4215,DEC04,Saarlouis,Saarland,49.351704,6.641507,C119R574,49.349999999999994,6.65,0.008662255191347204
4217,DEC04,Saarlouis,Saarland,49.365061,6.877849,C142R572,49.37,6.88,0.00538706989002376
4219,DEC03,Neunkirchen,Saarland,49.358922,7.0775,C162R573,49.36,7.08,0.002722514279117979
4224,DEB3K,Südwestpfalz,Rheinland-Pfalz,49.364854,7.59264,C213R573,49.36,7.59,0.0055254788027843
4229,DEB36,"Neustadt an der Weinstraße, Kreisfreie Stadt",Rheinland-Pfalz,49.374613,8.149387,C269R572,49.37,8.15,0.004653551117156771
4233,DE125,"Heidelberg, Stadtkreis",Baden-Württemberg,49.410848,8.622161,C316R568,49.41,8.620000000000001,0.002321427362638065
4235,DE128,Rhein-Neckar-Kreis,Baden-Württemberg,49.388876,8.827579,C337R570,49.38999999999999,8.83,0.0026691978195663674
4236,DE128,Rhein-Neckar-Kreis,Baden-Württemberg,49.411917,8.902509,C344R568,49.41,8.9,0.003157525930221657
4238,DE127,Neckar-Odenwald-Kreis,Baden-Württemberg,49.407672,9.147489,C369R568,49.41,9.15,0.0034241356573585144
4239,DE127,Neckar-Odenwald-Kreis,Baden-Württemberg,49.418851,9.258311,C380R567,49.419999999999995,9.26,0.002042773115153023
4240,DE127,Neckar-Odenwald-Kreis,Baden-Württemberg,49.400808,9.3683,C391R569,49.4,9.370000000000001,0.0018822497177588954
4241,DE127,Neckar-Odenwald-Kreis,Baden-Württemberg,49.428044,9.470453,C401R566,49.43,9.469999999999999,0.0020077711522978993
4242,DE119,Hohenlohekreis,Baden-Württemberg,49.416939,9.581099,C412R567,49.419999999999995,9.58,0.0032523102557983686
4243,DE119,Hohenlohekreis,Baden-Württemberg,49.397434,9.699851,C424R569,49.4,9.7,0.0025703223533261187
4246,DE11B,Main-Tauber-Kreis,Baden-Württemberg,49.39169,10.066285,C461R570,49.38999999999999,10.07,0.0040813386284416055
4248,DE256,"Ansbach, Landkreis",Bayern,49.398363,10.259607,C480R569,49.4,10.26,0.0016835135877038727
4249,DE256,"Ansbach, Landkreis",Bayern,49.390939,10.354711,C489R570,49.38999999999999,10.35,0.004803669638934521
4250,DE256,"Ansbach, Landkreis",Bayern,49.39938,10.481062,C502R569,49.4,10.48,0.0012297333044183573
4251,DE256,"Ansbach, Landkreis",Bayern,49.422008,10.591675,C513R567,49.419999999999995,10.59,0.002614897512335064
4252,DE256,"Ansbach, Landkreis",Bayern,49.405194,10.664966,C520R568,49.41,10.66,0.006910773618050847
4254,DE258,"Fürth, Landkreis",Bayern,49.417296,10.927668,C547R567,49.419999999999995,10.93,0.00357069180971487
4258,DE259,Nürnberger Land,Bayern,49.40619,11.396361,C594R568,49.41,11.4,0.005268626101741772
4259,DE236,Neumarkt i. d. OPf.,Bayern,49.424161,11.47351,C601R567,49.419999999999995,11.469999999999999,0.005443713897701717
4263,DE234,Amberg-Sulzbach,Bayern,49.402393,11.921793,C646R569,49.4,11.92,0.0029902003277351126
4266,DE239,Schwandorf,Bayern,49.385549,12.223301,C676R570,49.38999999999999,12.219999999999999,0.005541480127183277
4267,DE239,Schwandorf,Bayern,49.386403,12.34258,C688R570,49.38999999999999,12.34,0.004426602421716135
4268,DE239,Schwandorf,Bayern,49.401223,12.470433,C701R569,49.4,12.469999999999999,0.0012973889162500273
4269,DE235,Cham,Bayern,49.376,12.563158,C710R571,49.379999999999995,12.56,0.0050963677261336455
4270,DE235,Cham,Bayern,49.397041,12.700672,C724R569,49.4,12.7,0.003034347541067869
4271,DEC04,Saarlouis,Saarland,49.270926,6.728185,C127R582,49.269999999999996,6.73,0.0020375723300081324
4272,DEC04,Saarlouis,Saarland,49.31034,6.85057,C139R578,49.309999999999995,6.85,0.0006637017402430281
4277,DEB3A,"Zweibrücken, Kreisfreie Stadt",Rheinland-Pfalz,49.295865,7.386658,C193R579,49.3,7.39,0.005316689665570408
4278,DEB3K,Südwestpfalz,Rheinland-Pfalz,49.300121,7.531588,C207R579,49.3,7.529999999999999,0.0015926032148663347
4287,DE128,Rhein-Neckar-Kreis,Baden-Württemberg,49.313996,8.499148,C304R578,49.309999999999995,8.5,0.004085819379275486
4290,DE128,Rhein-Neckar-Kreis,Baden-Württemberg,49.330874,8.850117,C339R576,49.33,8.85,0.0008817964617786716
4291,DE128,Rhein-Neckar-Kreis,Baden-Württemberg,49.327077,8.940123,C348R576,49.33,8.94,0.002925586778746132
4294,DE127,Neckar-Odenwald-Kreis,Baden-Württemberg,49.330665,9.278566,C382R576,49.33,9.280000000000001,0.0015806900391952094
4295,DE118,"Heilbronn, Landkreis",Baden-Württemberg,49.336273,9.389253,C393R575,49.339999999999996,9.39,0.0038011232550371815
4297,DE119,Hohenlohekreis,Baden-Württemberg,49.322995,9.625137,C417R577,49.31999999999999,9.629999999999999,0.005711286545080646
4298,DE119,Hohenlohekreis,Baden-Württemberg,49.320733,9.689002,C423R577,49.31999999999999,9.690000000000001,0.0012382620885771937
4300,DE11A,Schwäbisch Hall,Baden-Württemberg,49.329915,9.91172,C445R576,49.33,9.91,0.0017220990099299904
4301,DE11A,Schwäbisch Hall,Baden-Württemberg,49.334346,10.019273,C456R576,49.33,10.02,0.004406386841844853
4302,DE256,"Ansbach, Landkreis",Bayern,49.327369,10.144714,C468R576,49.33,10.14,0.0053985143326663355
4304,DE256,"Ansbach, Landkreis",Bayern,49.363543,10.375536,C492R573,49.36,10.379999999999999,0.005699135460751217
4305,DE256,"Ansbach, Landkreis",Bayern,49.359824,10.495537,C504R573,49.36,10.5,0.004466468963285612
4308,DE256,"Ansbach, Landkreis",Bayern,49.344105,10.811332,C535R575,49.339999999999996,10.81,0.004315697973679483
4311,DE25B,Roth,Bayern,49.336107,11.153818,C569R575,49.339999999999996,11.15,0.005452758292825396
4314,DE236,Neumarkt i. d. OPf.,Bayern,49.320105,11.443812,C598R577,49.31999999999999,11.440000000000001,0.00381344581710386
4327,DE235,Cham,Bayern,49.30391,12.905049,C745R579,49.3,12.91,0.00630876382503249
4332,DEC01,Regionalverband Saarbrücken,Saarland,49.232878,7.100079,C164R586,49.23,7.1,0.002879084055739782
4333,DEC05,Saarpfalz-Kreis,Saarland,49.242042,7.181132,C172R585,49.239999999999995,7.18,0.0023347779337685405
4334,DEC05,Saarpfalz-Kreis,Saarland,49.213455,7.273086,C181R588,49.209999999999994,7.27,0.004632539368431693
4336,DEB3K,Südwestpfalz,Rheinland-Pfalz,49.231836,7.515852,C206R586,49.23,7.52,0.004536165781804564
4338,DEB3K,Südwestpfalz,Rheinland-Pfalz,49.218627,7.72679,C227R587,49.22,7.73,0.0034913076346841216
4344,DEB3E,Germersheim,Rheinland-Pfalz,49.254982,8.357452,C290R584,49.25,8.36,0.00559576875862273
4345,DE123,"Karlsruhe, Landkreis",Baden-Württemberg,49.254638,8.510823,C305R584,49.25,8.51,0.0047104535875008915
4346,DE128,Rhein-Neckar-Kreis,Baden-Württemberg,49.283173,8.613894,C315R581,49.279999999999994,8.61,0.005023063308383663
4348,DE128,Rhein-Neckar-Kreis,Baden-Württemberg,49.25258,8.832552,C337R584,49.25,8.83,0.00362892601192248
4351,DE118,"Heilbronn, Landkreis",Baden-Württemberg,49.243446,9.158919,C370R585,49.239999999999995,9.16,0.0036115754180175426
4352,DE118,"Heilbronn, Landkreis",Baden-Württemberg,49.273054,9.278919,C382R582,49.269999999999996,9.280000000000001,0.0032396723599830437
4353,DE118,"Heilbronn, Landkreis",Baden-Württemberg,49.253748,9.401511,C394R584,49.25,9.4,0.004041116801084701
4357,DE119,Hohenlohekreis,Baden-Württemberg,49.274726,9.808361,C435R582,49.269999999999996,9.81,0.0050021392423693165
4358,DE11A,Schwäbisch Hall,Baden-Württemberg,49.279005,9.89837,C444R581,49.279999999999994,9.9,0.001909692383603631
4360,DE256,"Ansbach, Landkreis",Bayern,49.273192,10.183896,C472R582,49.269999999999996,10.18,0.005036633796499785
4362,DE256,"Ansbach, Landkreis",Bayern,49.280822,10.359594,C490R581,49.279999999999994,10.36,0.0009167987783645195
4363,DE251,"Ansbach, Kreisfreie Stadt",Bayern,49.260003,10.512316,C505R583,49.26,10.51,0.0023160019430047943
4365,DE256,"Ansbach, Landkreis",Bayern,49.265948,10.680713,C522R582,49.269999999999996,10.68,0.004114252422975053
4367,DE256,"Ansbach, Landkreis",Bayern,49.248467,10.886675,C543R584,49.25,10.89,0.0036613814332854986
4371,DE236,Neumarkt i. d. OPf.,Bayern,49.26878,11.357344,C590R582,49.269999999999996,11.36,0.0029227959217145633
4373,DE236,Neumarkt i. d. OPf.,Bayern,49.273886,11.576161,C612R582,49.269999999999996,11.58,0.005462500983982072
4377,DE239,Schwandorf,Bayern,49.252069,12.013316,C655R584,49.25,12.01,0.003908531309839294
4378,DE239,Schwandorf,Bayern,49.225272,12.119929,C666R586,49.23,12.120000000000001,0.004728533070625672
4382,DE235,Cham,Bayern,49.256827,12.54689,C709R583,49.26,12.55,0.004442975241883236
4383,DE235,Cham,Bayern,49.256761,12.676923,C722R583,49.26,12.68,0.0044675552598709
4385,DE235,Cham,Bayern,49.208477,12.892674,C743R588,49.209999999999994,12.89,0.0030773048272748683
4387,DEC01,Regionalverband Saarbrücken,Saarland,49.167725,7.05321,C162R591,49.18,7.08,0.02946828337382525
4389,DEC05,Saarpfalz-Kreis,Saarland,49.17993,7.285148,C183R591,49.18,7.29,0.004852504920141409
4390,DEB3K,Südwestpfalz,Rheinland-Pfalz,49.174264,7.507974,C210R592,49.169999999999995,7.5600000000000005,0.052200444174356535
4395,DEB3H,Südliche Weinstraße,Rheinland-Pfalz,49.168146,8.054935,C259R592,49.169999999999995,8.05,0.00527176829915508
4396,DEB33,"Landau in der Pfalz, Kreisfreie Stadt",Rheinland-Pfalz,49.194025,8.163588,C270R590,49.19,8.16,0.005392065374237433
4398,DE123,"Karlsruhe, Landkreis",Baden-Württemberg,49.208571,8.399111,C294R588,49.209999999999994,8.4,0.0016829622693292693
4400,DE123,"Karlsruhe, Landkreis",Baden-Württemberg,49.193456,8.582043,C312R590,49.19,8.58,0.004014696127977959
4401,DE123,"Karlsruhe, Landkreis",Baden-Württemberg,49.192162,8.752001,C329R590,49.19,8.75,0.0029458861145712453
4402,DE123,"Karlsruhe, Landkreis",Baden-Württemberg,49.18255,8.820441,C336R591,49.18,8.82,0.002587852584672702
4403,DE118,"Heilbronn, Landkreis",Baden-Württemberg,49.208191,8.938452,C348R588,49.209999999999994,8.94,0.002380921040265444
4405,DE118,"Heilbronn, Landkreis",Baden-Württemberg,49.204749,9.188001,C373R589,49.199999999999996,9.19,0.005152572367277872
4407,DE118,"Heilbronn, Landkreis",Baden-Württemberg,49.190426,9.359886,C390R590,49.19,9.36,0.00044098979580462356
4408,DE119,Hohenlohekreis,Baden-Württemberg,49.195864,9.480551,C402R589,49.199999999999996,9.48,0.004172540832629718
4409,DE119,Hohenlohekreis,Baden-Württemberg,49.171021,9.61702,C416R592,49.169999999999995,9.620000000000001,0.003150054126522709
4411,DE11A,Schwäbisch Hall,Baden-Württemberg,49.212422,9.851749,C439R588,49.209999999999994,9.85,0.0029874880752924176
4412,DE11A,Schwäbisch Hall,Baden-Württemberg,49.18431,9.895627,C444R591,49.18,9.9,0.006139969788202725
4413,DE11A,Schwäbisch Hall,Baden-Württemberg,49.170236,10.053337,C459R592,49.169999999999995,10.05,0.0033453348113462126
4415,DE256,"Ansbach, Landkreis",Bayern,49.212949,10.247253,C479R588,49.209999999999994,10.25,0.00403021215323019
4417,DE256,"Ansbach, Landkreis",Bayern,49.170438,10.488848,C503R592,49.169999999999995,10.49,0.0012324560844106543
4418,DE256,"Ansbach, Landkreis",Bayern,49.18533,10.614143,C515R590,49.19,10.61,0.006242863846023081
4419,DE256,"Ansbach, Landkreis",Bayern,49.205629,10.676242,C522R588,49.209999999999994,10.68,0.005764391121352314
4425,DE236,Neumarkt i. d. OPf.,Bayern,49.201533,11.357289,C590R589,49.199999999999996,11.36,0.0031144196891241946
4427,DE236,Neumarkt i. d. OPf.,Bayern,49.18036,11.589024,C613R591,49.18,11.59,0.0010402768862181472
4428,DE236,Neumarkt i. d. OPf.,Bayern,49.172378,11.658963,C620R592,49.169999999999995,11.66,0.002594273115929619
4429,DE236,Neumarkt i. d. OPf.,Bayern,49.17438,11.810705,C635R592,49.169999999999995,11.81,0.004436375209564812
4430,DE238,"Regensburg, Landkreis",Bayern,49.167148,11.901441,C644R592,49.169999999999995,11.9,0.003195369305727181
4433,DE239,Schwandorf,Bayern,49.18638,12.251636,C679R590,49.19,12.25,0.003972517589638046
4436,DE235,Cham,Bayern,49.146532,12.580738,C712R594,49.15,12.58,0.0035456548055312026
4437,DE235,Cham,Bayern,49.154759,12.684474,C722R594,49.15,12.68,0.006531826467382641
4439,DE235,Cham,Bayern,49.168505,12.890781,C743R592,49.169999999999995,12.89,0.0016867086292463365
4446,DEB3H,Südliche Weinstraße,Rheinland-Pfalz,49.109132,8.109466,C265R598,49.11,8.11,0.0010191074526245004
4447,DEB3E,Germersheim,Rheinland-Pfalz,49.112423,8.146027,C269R598,49.11,8.15,0.004653564010519592
4448,DEB3E,Germersheim,Rheinland-Pfalz,49.099869,8.272763,C281R599,49.099999999999994,8.27,0.0027661037579957384
4451,DE123,"Karlsruhe, Landkreis",Baden-Württemberg,49.091022,8.603161,C314R600,49.089999999999996,8.6,0.0033221085171943176
4452,DE123,"Karlsruhe, Landkreis",Baden-Württemberg,49.114159,8.747818,C329R598,49.11,8.75,0.004696637627069916
4453,DE118,"Heilbronn, Landkreis",Baden-Württemberg,49.134027,8.845464,C339R596,49.129999999999995,8.85,0.006065642999720761
4456,DE118,"Heilbronn, Landkreis",Baden-Württemberg,49.096801,9.149057,C369R599,49.099999999999994,9.15,0.003335093701827198
4461,DE11A,Schwäbisch Hall,Baden-Württemberg,49.129113,9.682435,C422R596,49.129999999999995,9.68,0.002591523490149895
4462,DE11A,Schwäbisch Hall,Baden-Württemberg,49.107356,9.802817,C434R598,49.11,9.8,0.0038634472948357052
4466,DE256,"Ansbach, Landkreis",Bayern,49.118003,10.237521,C478R597,49.12,10.24,0.003183308027820785
4471,DE25C,Weißenburg-Gunzenhausen,Bayern,49.128346,10.846719,C539R596,49.129999999999995,10.85,0.003674326741047871
4474,DE25B,Roth,Bayern,49.123928,11.166158,C571R597,49.12,11.17,0.00549455621502042
4475,DE25B,Roth,Bayern,49.100767,11.24028,C578R599,49.099999999999994,11.24,0.0008165102571340324
4476,DE236,Neumarkt i. d. OPf.,Bayern,49.090914,11.362743,C590R600,49.089999999999996,11.36,0.0028912704819864772
4477,DE236,Neumarkt i. d. OPf.,Bayern,49.102991,11.469215,C601R599,49.099999999999994,11.469999999999999,0.003092297851121325
4479,DE236,Neumarkt i. d. OPf.,Bayern,49.117935,11.718009,C626R597,49.12,11.719999999999999,0.0028685023967171502
4483,DE238,"Regensburg, Landkreis",Bayern,49.123294,12.144746,C668R597,49.12,12.14,0.0057771058498193115
4484,DE238,"Regensburg, Landkreis",Bayern,49.082239,12.219349,C676R601,49.08,12.219999999999999,0.002331720823772166
4488,DE235,Cham,Bayern,49.110202,12.682948,C722R598,49.11,12.68,0.0029549125198557657
4498,DE122,"Karlsruhe, Stadtkreis",Baden-Württemberg,49.02197,8.424194,C296R607,49.019999999999996,8.42,0.004633630973656444
4501,DE123,"Karlsruhe, Landkreis",Baden-Württemberg,49.065023,8.750506,C329R602,49.06999999999999,8.75,0.005002655794672127
4505,DE118,"Heilbronn, Landkreis",Baden-Württemberg,49.067594,9.183921,C372R602,49.06999999999999,9.18,0.004600334444360439
4506,DE118,"Heilbronn, Landkreis",Baden-Württemberg,49.045561,9.252427,C379R604,49.05,9.25,0.005059155067793941
4507,DE118,"Heilbronn, Landkreis",Baden-Württemberg,49.054283,9.361441,C390R604,49.05,9.36,0.004518912479790614
4513,DE11D,Ostalbkreis,Baden-Württemberg,49.03426,10.071918,C461R606,49.029999999999994,10.07,0.004671865152171919
4514,DE11A,Schwäbisch Hall,Baden-Württemberg,49.06705,10.17482,C471R602,49.06999999999999,10.17,0.005651097238585944
4517,DE256,"Ansbach, Landkreis",Bayern,49.049282,10.493117,C503R604,49.05,10.49,0.003198626736584964
4518,DE256,"Ansbach, Landkreis",Bayern,49.061321,10.606339,C515R603,49.059999999999995,10.61,0.0038920382834712686
4519,DE25C,Weißenburg-Gunzenhausen,Bayern,49.05522,10.701608,C524R603,49.059999999999995,10.7,0.0050432196065580215
4520,DE25C,Weißenburg-Gunzenhausen,Bayern,49.052259,10.839713,C538R604,49.05,10.84,0.0022771583168524246
4521,DE25C,Weißenburg-Gunzenhausen,Bayern,49.060137,10.893018,C543R603,49.059999999999995,10.89,0.0030211079093595866
4522,DE25C,Weißenburg-Gunzenhausen,Bayern,49.031807,11.055784,C560R606,49.029999999999994,11.06,0.004586927620971896
4523,DE25C,Weißenburg-Gunzenhausen,Bayern,49.042132,11.154137,C569R605,49.04,11.15,0.00465405124595914
4524,DE219,Eichstätt,Bayern,49.0448,11.22017,C576R605,49.04,11.219999999999999,0.004803009473239591
4527,DE236,Neumarkt i. d. OPf.,Bayern,49.060633,11.575243,C612R603,49.059999999999995,11.58,0.0047989309226125175
4528,DE238,"Regensburg, Landkreis",Bayern,49.022034,11.713538,C625R607,49.019999999999996,11.71,0.004081004778237834
4531,DE238,"Regensburg, Landkreis",Bayern,49.023684,12.040657,C658R607,49.019999999999996,12.04,0.0037421257327956434
4533,DE238,"Regensburg, Landkreis",Bayern,49.007915,12.205231,C675R608,49.01,12.21,0.005204861765697251
4539,DE229,Regen,Bayern,49.021742,12.848802,C739R607,49.019999999999996,12.850000000000001,0.002114182584364608
4540,DE229,Regen,Bayern,49.016959,13.014412,C755R607,49.019999999999996,13.01,0.005358490925622513
4543,DE229,Regen,Bayern,49.021438,13.335033,C788R607,49.019999999999996,13.34,0.0051709702184432734
4547,DE12B,Enzkreis,Baden-Württemberg,48.986762,8.631077,C317R610,48.989999999999995,8.629999999999999,0.003412414541050888
4550,DE115,Ludwigsburg,Baden-Württemberg,48.973836,8.965031,C351R612,48.97,8.97,0.006277408462096979
4551,DE115,Ludwigsburg,Baden-Württemberg,48.978407,9.084601,C362R611,48.98,9.08,0.004868968063151749
4552,DE115,Ludwigsburg,Baden-Württemberg,48.986216,9.150849,C369R610,48.989999999999995,9.15,0.003878073877579917
4553,DE115,Ludwigsburg,Baden-Württemberg,48.995252,9.281314,C382R609,49.0,9.280000000000001,0.0049264693239672785
4554,DE116,Rems-Murr-Kreis,Baden-Württemberg,48.990215,9.379334,C392R610,48.989999999999995,9.379999999999999,0.0006998435539464816
4559,DE11A,Schwäbisch Hall,Baden-Württemberg,48.988759,9.895469,C444R610,48.989999999999995,9.9,0.00469787632872382
4560,DE11D,Ostalbkreis,Baden-Württemberg,48.975316,10.010553,C455R611,48.98,10.01,0.0047165310345609205
4561,DE11D,Ostalbkreis,Baden-Württemberg,48.959951,10.175238,C472R613,48.959999999999994,10.18,0.004762252093284736
4562,DE11D,Ostalbkreis,Baden-Württemberg,48.960641,10.285542,C483R613,48.959999999999994,10.29,0.004503847799383094
4564,DE27D,Donau-Ries,Bayern,48.979657,10.458373,C500R611,48.98,10.46,0.0016627621597807545
4565,DE27D,Donau-Ries,Bayern,48.980151,10.62619,C517R611,48.98,10.629999999999999,0.0038129910831259557
4566,DE25C,Weißenburg-Gunzenhausen,Bayern,48.963838,10.704306,C524R613,48.959999999999994,10.7,0.005768178221941564
4568,DE25C,Weißenburg-Gunzenhausen,Bayern,48.960935,10.9253,C547R613,48.959999999999994,10.93,0.004792100270237199
4569,DE25C,Weißenburg-Gunzenhausen,Bayern,48.954957,11.025333,C557R614,48.949999999999996,11.030000000000001,0.006808284512273061
4574,DE219,Eichstätt,Bayern,48.960252,11.534736,C607R613,48.959999999999994,11.530000000000001,0.004742699653150727
4578,DE238,"Regensburg, Landkreis",Bayern,48.964088,11.987706,C653R613,48.959999999999994,11.99,0.004687662530518649
4579,DE238,"Regensburg, Landkreis",Bayern,48.95433,12.155389,C670R614,48.949999999999996,12.16,0.006325363309726315
4580,DE238,"Regensburg, Landkreis",Bayern,48.935247,12.231297,C677R615,48.94,12.23,0.0049267857676183234
4582,DE22B,Straubing-Bogen,Bayern,48.935783,12.451003,C699R615,48.94,12.45,0.00433463931601886
4583,DE22B,Straubing-Bogen,Bayern,48.953835,12.543752,C708R614,48.949999999999996,12.54,0.00536514016592488
4585,DE22B,Straubing-Bogen,Bayern,48.959302,12.794013,C733R613,48.959999999999994,12.79,0.004073250912967898
4588,DE229,Regen,Bayern,48.931644,13.087206,C763R616,48.93,13.09,0.0032417853105958195
4593,DE124,Rastatt,Baden-Württemberg,48.8676,8.185372,C273R622,48.87,8.19,0.005213289172871184
4599,DE12B,Enzkreis,Baden-Württemberg,48.908219,8.838259,C338R618,48.91,8.84,0.002490590692983422
4600,DE115,Ludwigsburg,Baden-Württemberg,48.885253,8.932463,C347R620,48.88999999999999,8.93,0.005347932123723397
4601,DE115,Ludwigsburg,Baden-Württemberg,48.919434,9.073348,C361R617,48.919999999999995,9.07,0.003395505853327962
4603,DE115,Ludwigsburg,Baden-Württemberg,48.879817,9.268411,C381R621,48.879999999999995,9.27,0.0015995030478228888
4604,DE116,Rems-Murr-Kreis,Baden-Württemberg,48.928694,9.394878,C393R616,48.93,9.39,0.005049803956590409
4610,DE11D,Ostalbkreis,Baden-Württemberg,48.901084,10.039278,C458R619,48.9,10.04,0.0013024361788574576
4611,DE11D,Ostalbkreis,Baden-Württemberg,48.891426,10.181001,C472R620,48.88999999999999,10.18,0.0017422620354089504
4612,DE11D,Ostalbkreis,Baden-Württemberg,48.928708,10.242775,C478R616,48.93,10.24,0.003061027441888928
4613,DE11D,Ostalbkreis,Baden-Württemberg,48.902851,10.335847,C488R619,48.9,10.34,0.005037420967122231
4614,DE27D,Donau-Ries,Bayern,48.884808,10.476203,C502R621,48.879999999999995,10.48,0.006126505774096976
4615,DE27D,Donau-Ries,Bayern,48.905038,10.584517,C512R618,48.91,10.58,0.006710047168238777
4616,DE27D,Donau-Ries,Bayern,48.910836,10.676721,C522R618,48.91,10.68,0.0033838937631086503
4617,DE27D,Donau-Ries,Bayern,48.927034,10.79336,C533R616,48.93,10.79,0.004481825074677588
4618,DE25C,Weißenburg-Gunzenhausen,Bayern,48.924744,10.912919,C545R617,48.919999999999995,10.91,0.005570107449594111
4619,DE25C,Weißenburg-Gunzenhausen,Bayern,48.905975,11.046033,C559R618,48.91,11.05,0.005651346211302053
4620,DE219,Eichstätt,Bayern,48.916417,11.123351,C566R617,48.919999999999995,11.120000000000001,0.004905822051392837
4625,DE219,Eichstätt,Bayern,48.889183,11.664105,C620R620,48.88999999999999,11.66,0.00418551239395821
4626,DE226,Kelheim,Bayern,48.910519,11.795912,C634R618,48.91,11.8,0.0041208136332542555
4627,DE226,Kelheim,Bayern,48.889097,11.907384,C645R620,48.88999999999999,11.91,0.0027674654469365166
4628,DE226,Kelheim,Bayern,48.884378,11.976122,C652R621,48.879999999999995,11.98,0.005848569739690668
4630,DE238,"Regensburg, Landkreis",Bayern,48.900676,12.246124,C679R619,48.9,12.25,0.0039345078472406165
4631,DE238,"Regensburg, Landkreis",Bayern,48.873668,12.326131,C687R622,48.87,12.33,0.005331358644851561
4632,DE22B,Straubing-Bogen,Bayern,48.857711,12.44016,C698R623,48.86,12.440000000000001,0.0022945851476875987
4633,DE223,"Straubing, Kreisfreie Stadt",Bayern,48.864783,12.518805,C706R623,48.86,12.52,0.004930021703809193
4634,DE22B,Straubing-Bogen,Bayern,48.871464,12.695672,C724R622,48.87,12.7,0.004568903588390753
4636,DE224,Deggendorf,Bayern,48.858139,12.879457,C742R623,48.86,12.879999999999999,0.0019386000103145287
4637,DE224,Deggendorf,Bayern,48.869104,12.962884,C750R622,48.87,12.96,0.003019978807871768
4638,DE224,Deggendorf,Bayern,48.873997,13.078358,C762R622,48.87,13.08,0.004321130986216922
4639,DE224,Deggendorf,Bayern,48.841904,13.191261,C773R625,48.839999999999996,13.190000000000001,0.0022837112339372276
4641,DE225,Freyung-Grafenau,Bayern,48.878544,13.436354,C798R621,48.879999999999995,13.440000000000001,0.0039259714721332625
4645,DE121,"Baden-Baden, Stadtkreis",Baden-Württemberg,48.823684,8.196574,C274R627,48.81999999999999,8.2,0.005030838101156289
4651,DE12B,Enzkreis,Baden-Württemberg,48.821136,8.829165,C337R627,48.81999999999999,8.83,0.0014098655964390216
4653,DE115,Ludwigsburg,Baden-Württemberg,48.82853,9.031826,C357R626,48.83,9.030000000000001,0.0023441791740374737
4655,DE116,Rems-Murr-Kreis,Baden-Württemberg,48.820297,9.280566,C382R627,48.81999999999999,9.280000000000001,0.0006391908948045516
4656,DE116,Rems-Murr-Kreis,Baden-Württemberg,48.840298,9.412777,C395R625,48.839999999999996,9.41,0.002792943429430793
4657,DE116,Rems-Murr-Kreis,Baden-Württemberg,48.844175,9.509851,C405R625,48.839999999999996,9.51,0.00417765795632315
4661,DE11D,Ostalbkreis,Baden-Württemberg,48.84309,9.968928,C451R625,48.839999999999996,9.969999999999999,0.0032706702676973017
4662,DE11D,Ostalbkreis,Baden-Württemberg,48.836559,10.051715,C459R625,48.839999999999996,10.05,0.003844698427700568
4664,DE11D,Ostalbkreis,Baden-Württemberg,48.838839,10.28998,C483R625,48.839999999999996,10.29,0.0011611722525065476
4666,DE27D,Donau-Ries,Bayern,48.848887,10.4808,C502R624,48.849999999999994,10.48,0.0013706819470585677
4667,DE27D,Donau-Ries,Bayern,48.815285,10.571259,C511R627,48.81999999999999,10.57,0.004880195282968313
4668,DE27D,Donau-Ries,Bayern,48.839851,10.659139,C520R625,48.839999999999996,10.66,0.0008737974593684553
4669,DE27D,Donau-Ries,Bayern,48.834392,10.79928,C534R626,48.83,10.8,0.004450625124634359
4672,DE219,Eichstätt,Bayern,48.829934,11.123194,C566R626,48.83,11.120000000000001,0.0031946818307919127
4673,DE219,Eichstätt,Bayern,48.835425,11.25295,C579R625,48.839999999999996,11.25,0.0054436316003161605
4674,DE219,Eichstätt,Bayern,48.804487,11.355116,C590R629,48.8,11.36,0.006632241325527071
4675,DE219,Eichstätt,Bayern,48.802002,11.458383,C600R629,48.8,11.46,0.0025734593449328593
4676,DE219,Eichstätt,Bayern,48.834588,11.576477,C612R626,48.83,11.58,0.005784571980707
4677,DE219,Eichstätt,Bayern,48.813466,11.670317,C621R628,48.809999999999995,11.67,0.0034804662044073684
4683,DE22B,Straubing-Bogen,Bayern,48.800789,12.305645,C685R629,48.8,12.31,0.004425894937751022
4684,DE22B,Straubing-Bogen,Bayern,48.810157,12.437489,C698R628,48.809999999999995,12.440000000000001,0.0025159034162722067
4685,DE22B,Straubing-Bogen,Bayern,48.785942,12.563631,C710R630,48.79,12.56,0.005445321386291845
4686,DE22B,Straubing-Bogen,Bayern,48.821544,12.642845,C718R627,48.81999999999999,12.64,0.003236967871330166
4687,DE224,Deggendorf,Bayern,48.809135,12.77682,C732R628,48.809999999999995,12.780000000000001,0.00329554623696864
4690,DE224,Deggendorf,Bayern,48.810616,13.066563,C761R628,48.809999999999995,13.07,0.0034917653128480994
4691,DE224,Deggendorf,Bayern,48.774649,13.223077,C776R632,48.769999999999996,13.219999999999999,0.0055750452912969335
4693,DE225,Freyung-Grafenau,Bayern,48.790176,13.398411,C794R630,48.79,13.4,0.0015987172983376948
4694,DE225,Freyung-Grafenau,Bayern,48.771053,13.555253,C810R632,48.769999999999996,13.559999999999999,0.004862388096398337
4695,DE225,Freyung-Grafenau,Bayern,48.777605,13.664985,C820R631,48.779999999999994,13.66,0.0055304837039775595
4698,DE124,Rastatt,Baden-Württemberg,48.746906,8.088535,C263R634,48.75,8.09,0.003423311408560712
4704,DE12A,Calw,Baden-Württemberg,48.781081,8.732241,C327R631,48.779999999999994,8.73,0.002488100078375547
4706,DE112,Böblingen,Baden-Württemberg,48.782945,8.967809,C351R631,48.779999999999994,8.97,0.0036706274667994655
4709,DE113,Esslingen,Baden-Württemberg,48.743277,9.293107,C383R635,48.739999999999995,9.29,0.0045157699232829945
4710,DE113,Esslingen,Baden-Württemberg,48.761497,9.360935,C390R633,48.76,9.36,0.0017650025495737443
4712,DE114,Göppingen,Baden-Württemberg,48.756435,9.598223,C414R633,48.76,9.6,0.003983334532770007
4713,DE114,Göppingen,Baden-Württemberg,48.753993,9.722913,C426R634,48.75,9.719999999999999,0.004942632699282578
4717,DE11D,Ostalbkreis,Baden-Württemberg,48.762194,10.166875,C471R633,48.76,10.17,0.0038182798483109162
4720,DE27D,Donau-Ries,Bayern,48.748967,10.503751,C504R634,48.75,10.5,0.003890641335306386
4724,DE27D,Donau-Ries,Bayern,48.74532,10.930211,C547R634,48.75,10.93,0.0046847541024054185
4725,DE21I,Neuburg-Schrobenhausen,Bayern,48.742095,11.047861,C559R635,48.739999999999995,11.05,0.0029940517697634563
4729,DE219,Eichstätt,Bayern,48.74733,11.493698,C603R634,48.75,11.49,0.004561151608970069
4730,DE219,Eichstätt,Bayern,48.763652,11.552658,C609R633,48.76,11.55,0.004516864841901931
4733,DE226,Kelheim,Bayern,48.762683,11.898647,C644R633,48.76,11.9,0.0030048457531169225
4734,DE227,"Landshut, Landkreis",Bayern,48.747524,12.002312,C654R634,48.75,12.0,0.003387612728752611
4739,DE22C,Dingolfing-Landau,Bayern,48.723841,12.568147,C711R637,48.72,12.57,0.004264609009043166
4740,DE22B,Straubing-Bogen,Bayern,48.746318,12.642436,C718R634,48.75,12.64,0.004414886181996161
4741,DE22C,Dingolfing-Landau,Bayern,48.712996,12.790782,C733R638,48.709999999999994,12.79,0.003096375300253524
4743,DE224,Deggendorf,Bayern,48.744321,12.971315,C751R635,48.739999999999995,12.969999999999999,0.004516665362858211
4745,DE228,"Passau, Landkreis",Bayern,48.703508,13.212947,C775R639,48.699999999999996,13.21,0.004581579749389837
4746,DE228,"Passau, Landkreis",Bayern,48.712992,13.263977,C780R638,48.709999999999994,13.26,0.0049768055015283405
4750,DE225,Freyung-Grafenau,Bayern,48.716528,13.724234,C826R637,48.72,13.719999999999999,0.0054755401560044594
4752,DE124,Rastatt,Baden-Württemberg,48.68072,8.075262,C262R641,48.68,8.08,0.004792394391115855
4756,DE12A,Calw,Baden-Württemberg,48.67768,8.486027,C303R641,48.68,8.49,0.004600774826047227
4757,DE12A,Calw,Baden-Württemberg,48.676415,8.595147,C314R641,48.68,8.6,0.0060335589828886885
4759,DE112,Böblingen,Baden-Württemberg,48.700104,8.872259,C341R639,48.699999999999996,8.870000000000001,0.002261392712466275
4760,DE112,Böblingen,Baden-Württemberg,48.692526,8.939839,C348R640,48.69,8.94,0.0025311256389235095
4764,DE113,Esslingen,Baden-Württemberg,48.687556,9.366022,C391R640,48.69,9.370000000000001,0.004668792135017342
4765,DE114,Göppingen,Baden-Württemberg,48.687247,9.527,C407R640,48.69,9.530000000000001,0.004071732923461804
4766,DE114,Göppingen,Baden-Württemberg,48.708116,9.624838,C416R638,48.709999999999994,9.620000000000001,0.005191887903256674
4770,DE11C,Heidenheim,Baden-Württemberg,48.667911,10.032461,C457R642,48.669999999999995,10.030000000000001,0.003228070940977639
4773,DE11C,Heidenheim,Baden-Württemberg,48.675757,10.383428,C492R641,48.68,10.379999999999999,0.005454744081992274
4776,DE27D,Donau-Ries,Bayern,48.67795,10.686284,C523R641,48.68,10.690000000000001,0.004243955230677279
4777,DE27D,Donau-Ries,Bayern,48.681753,10.803202,C534R641,48.68,10.8,0.0036504538074056316
4779,DE21I,Neuburg-Schrobenhausen,Bayern,48.690067,11.046041,C559R640,48.69,11.05,0.003959566895507707
4781,DE21I,Neuburg-Schrobenhausen,Bayern,48.700581,11.206944,C575R639,48.699999999999996,11.21,0.0031107389797296854
4782,DE21I,Neuburg-Schrobenhausen,Bayern,48.692368,11.310447,C585R640,48.69,11.31,0.002409820117772094
4783,DE21J,Pfaffenhofen a. d. Ilm,Bayern,48.702991,11.455705,C600R639,48.699999999999996,11.46,0.005233842374395334
4786,DE226,Kelheim,Bayern,48.658005,11.805432,C635R643,48.66,11.81,0.004984641311065654
4787,DE227,"Landshut, Landkreis",Bayern,48.672774,11.910482,C645R642,48.669999999999995,11.91,0.0028155638866863768
4788,DE227,"Landshut, Landkreis",Bayern,48.687238,12.021437,C656R640,48.69,12.02,0.0031134567605776396
4789,DE227,"Landshut, Landkreis",Bayern,48.658558,12.073906,C661R643,48.66,12.07,0.004163676260227638
4790,DE227,"Landshut, Landkreis",Bayern,48.678709,12.19959,C674R641,48.68,12.2,0.0013545408816288667
4792,DE22C,Dingolfing-Landau,Bayern,48.677755,12.45275,C699R641,48.68,12.45,0.003550003521126851
4793,DE22C,Dingolfing-Landau,Bayern,48.654771,12.551337,C709R644,48.65,12.55,0.004954796665856259
4794,DE22C,Dingolfing-Landau,Bayern,48.681729,12.656752,C720R641,48.68,12.66,0.003679530540707303
4795,DE22C,Dingolfing-Landau,Bayern,48.666287,12.732246,C727R642,48.669999999999995,12.73,0.004339456763234347
4798,DE224,Deggendorf,Bayern,48.660013,13.06847,C761R643,48.66,13.07,0.0015300552277621238
4800,DE228,"Passau, Landkreis",Bayern,48.634089,13.265485,C781R646,48.629999999999995,13.27,0.006091399346624569
4801,DE228,"Passau, Landkreis",Bayern,48.660166,13.381261,C792R643,48.66,13.379999999999999,0.00127187931817578
4802,DE228,"Passau, Landkreis",Bayern,48.637473,13.479016,C802R645,48.63999999999999,13.48,0.002711823187445797
4803,DE228,"Passau, Landkreis",Bayern,48.655941,13.608505,C815R643,48.66,13.61,0.004325564240649397
4804,DE228,"Passau, Landkreis",Bayern,48.648768,13.71055,C825R644,48.65,13.71,0.0013491938333696609
4807,DE134,Ortenaukreis,Baden-Württemberg,48.587509,8.068503,C261R650,48.589999999999996,8.07,0.0029062157524859114
4824,DE11C,Heidenheim,Baden-Württemberg,48.623519,9.958592,C450R647,48.62,9.96,0.003790227565731906
4825,DE11C,Heidenheim,Baden-Württemberg,48.624715,10.036341,C458R647,48.62,10.04,0.005968207938739615
4826,DE11C,Heidenheim,Baden-Württemberg,48.629934,10.165888,C471R646,48.629999999999995,10.17,0.004112529635150758
4828,DE277,Dillingen a.d. Donau,Bayern,48.64542,10.366417,C491R644,48.65,10.370000000000001,0.005815005503005084
4829,DE277,Dillingen a.d. Donau,Bayern,48.615219,10.460513,C500R647,48.62,10.46,0.004808443615136174
4830,DE277,Dillingen a.d. Donau,Bayern,48.604226,10.612179,C515R649,48.599999999999994,10.61,0.004754694206783729
4831,DE277,Dillingen a.d. Donau,Bayern,48.643604,10.688263,C523R645,48.63999999999999,10.690000000000001,0.004000748055061563
4832,DE276,"Augsburg, Landkreis",Bayern,48.62578,10.837284,C538R646,48.629999999999995,10.84,0.005018471480437867
4833,DE27D,Donau-Ries,Bayern,48.638428,10.892808,C543R645,48.63999999999999,10.89,0.0032180814159972243
4834,DE27D,Donau-Ries,Bayern,48.622478,11.007994,C555R647,48.62,11.01,0.0031881844363236623
4835,DE21I,Neuburg-Schrobenhausen,Bayern,48.632148,11.106988,C565R646,48.629999999999995,11.11,0.003699465907401114
4836,DE21I,Neuburg-Schrobenhausen,Bayern,48.603848,11.199106,C574R649,48.599999999999994,11.2,0.003950486046050041
4839,DE21J,Pfaffenhofen a. d. Ilm,Bayern,48.614069,11.575348,C612R648,48.61,11.58,0.006180442136288535
4841,DE226,Kelheim,Bayern,48.619103,11.761541,C630R647,48.62,11.76,0.0017830563647819383
4842,DE227,"Landshut, Landkreis",Bayern,48.599411,11.900599,C644R649,48.599999999999994,11.9,0.0008400726159020058
4843,DE227,"Landshut, Landkreis",Bayern,48.623361,11.997726,C654R647,48.62,12.0,0.0040580040660446555
4844,DE227,"Landshut, Landkreis",Bayern,48.577649,12.121202,C666R651,48.58,12.120000000000001,0.002640455453134109
4846,DE227,"Landshut, Landkreis",Bayern,48.576402,12.293719,C683R651,48.58,12.29,0.005174607714598066
4848,DE22C,Dingolfing-Landau,Bayern,48.585176,12.499718,C704R650,48.589999999999996,12.5,0.0048322355075051115
4849,DE22C,Dingolfing-Landau,Bayern,48.602265,12.65861,C720R649,48.599999999999994,12.66,0.0026575035277568134
4850,DE22C,Dingolfing-Landau,Bayern,48.564073,12.743353,C728R653,48.559999999999995,12.74,0.005275598354693751
4851,DE22C,Dingolfing-Landau,Bayern,48.595203,12.832063,C737R649,48.599999999999994,12.83,0.005221798349224539
4854,DE228,"Passau, Landkreis",Bayern,48.584,13.203211,C774R651,48.58,13.2,0.005129378227430788
4855,DE228,"Passau, Landkreis",Bayern,48.557114,13.316914,C786R653,48.559999999999995,13.32,0.0042252091072488476
4858,DE228,"Passau, Landkreis",Bayern,48.562892,13.689204,C821R652,48.56999999999999,13.670000000000002,0.02047723809501351
4859,DE134,Ortenaukreis,Baden-Württemberg,48.524104,7.883976,C242R657,48.519999999999996,7.88,0.005714139655279776
4860,DE134,Ortenaukreis,Baden-Württemberg,48.52492,7.946254,C249R657,48.519999999999996,7.95,0.006183762285215894
4863,DE12C,Freudenstadt,Baden-Württemberg,48.537869,8.313308,C285R655,48.54,8.31,0.003934974586955498
4868,DE112,Böblingen,Baden-Württemberg,48.555287,8.818577,C336R653,48.559999999999995,8.82,0.0049231390392673385
4869,DE142,"Tübingen, Landkreis",Baden-Württemberg,48.52119,8.945362,C349R657,48.519999999999996,8.95,0.00478822973550789
4871,DE141,Reutlingen,Baden-Württemberg,48.549782,9.178016,C372R654,48.55,9.18,0.001995940880887857
4873,DE113,Esslingen,Baden-Württemberg,48.544375,9.402696,C394R655,48.54,9.4,0.005138972757276373
4876,DE145,Alb-Donau-Kreis,Baden-Württemberg,48.540472,9.711762,C425R655,48.54,9.71,0.0018241238993006233
4877,DE145,Alb-Donau-Kreis,Baden-Württemberg,48.544951,9.847946,C439R655,48.54,9.85,0.005360160165515687
4880,DE11C,Heidenheim,Baden-Württemberg,48.56388,10.167383,C471R653,48.559999999999995,10.17,0.004680073610534563
4883,DE277,Dillingen a.d. Donau,Bayern,48.555189,10.501938,C504R653,48.559999999999995,10.5,0.005186671861605514
4884,DE277,Dillingen a.d. Donau,Bayern,48.563777,10.575037,C512R653,48.559999999999995,10.58,0.006236753803065358
4886,DE276,"Augsburg, Landkreis",Bayern,48.538433,10.778713,C532R655,48.54,10.780000000000001,0.002027771683402252
4887,DE276,"Augsburg, Landkreis",Bayern,48.547608,10.873473,C541R654,48.55,10.870000000000001,0.004217036044427319
4889,DE21I,Neuburg-Schrobenhausen,Bayern,48.559929,11.13969,C568R653,48.559999999999995,11.14,0.00031802672843678215
4890,DE21I,Neuburg-Schrobenhausen,Bayern,48.560818,11.227591,C577R653,48.559999999999995,11.23,0.0025440921760039436
4891,DE21J,Pfaffenhofen a. d. Ilm,Bayern,48.519588,11.327421,C587R657,48.519999999999996,11.33,0.002611701552628417
4892,DE21J,Pfaffenhofen a. d. Ilm,Bayern,48.524756,11.475997,C602R657,48.519999999999996,11.48,0.006216393246892525
4894,DE21B,Freising,Bayern,48.543457,11.684927,C622R655,48.54,11.68,0.006018818654851241
4895,DE21B,Freising,Bayern,48.519567,11.772314,C631R657,48.519999999999996,11.77,0.00235416333333
4896,DE21B,Freising,Bayern,48.533526,11.867971,C641R656,48.529999999999994,11.870000000000001,0.004068109757621705
4897,DE227,"Landshut, Landkreis",Bayern,48.515536,11.989216,C653R657,48.519999999999996,11.99,0.004532323024673711
4898,DE221,"Landshut, Kreisfreie Stadt",Bayern,48.533259,12.078566,C662R656,48.529999999999994,12.08,0.0035605388637178002
4899,DE227,"Landshut, Landkreis",Bayern,48.510828,12.185562,C673R658,48.51,12.190000000000001,0.004514579493155116
4900,DE227,"Landshut, Landkreis",Bayern,48.524343,12.288728,C683R657,48.519999999999996,12.29,0.004525442851262837
4901,DE227,"Landshut, Landkreis",Bayern,48.536021,12.412935,C695R655,48.54,12.41,0.004944356985493941
4902,DE22C,Dingolfing-Landau,Bayern,48.496607,12.551752,C709R659,48.5,12.55,0.0038186323467986646
4904,DE22A,Rottal-Inn,Bayern,48.504452,12.780893,C732R659,48.5,12.780000000000001,0.004540677592607112
4907,DE22A,Rottal-Inn,Bayern,48.485577,13.096122,C764R660,48.489999999999995,13.100000000000001,0.005882330575543776
4909,DE228,"Passau, Landkreis",Bayern,48.510885,13.273276,C781R658,48.51,13.27,0.0033934349853804754
4910,DE228,"Passau, Landkreis",Bayern,48.471908,13.410275,C794R662,48.47,13.4,0.01045065017116168
4912,DE134,Ortenaukreis,Baden-Württemberg,48.442944,7.843404,C238R665,48.44,7.84,0.004500483529577088
4918,DE12C,Freudenstadt,Baden-Württemberg,48.487946,8.531564,C307R660,48.489999999999995,8.530000000000001,0.0025816684527588344
4920,DE12C,Freudenstadt,Baden-Württemberg,48.442739,8.744407,C328R665,48.44,8.74,0.005188812002764583
4922,DE142,"Tübingen, Landkreis",Baden-Württemberg,48.46035,8.954686,C349R663,48.459999999999994,8.95,0.004699052670487462
4925,DE141,Reutlingen,Baden-Württemberg,48.487835,9.259349,C380R660,48.489999999999995,9.26,0.002260757837538243
4928,DE141,Reutlingen,Baden-Württemberg,48.464782,9.584292,C412R663,48.459999999999994,9.58,0.006425635221521036
4929,DE145,Alb-Donau-Kreis,Baden-Württemberg,48.484841,9.717153,C426R661,48.48,9.719999999999999,0.005616109863602578
4930,DE145,Alb-Donau-Kreis,Baden-Württemberg,48.478442,9.803611,C434R661,48.48,9.8,0.003932770651841028
4931,DE145,Alb-Donau-Kreis,Baden-Württemberg,48.49632,9.907942,C445R659,48.5,9.91,0.00421636857971645
4932,DE145,Alb-Donau-Kreis,Baden-Württemberg,48.478762,10.022088,C456R661,48.48,10.02,0.0024274241491726296
4933,DE278,Günzburg,Bayern,48.454038,10.136836,C468R664,48.449999999999996,10.14,0.005129945418813956
4934,DE278,Günzburg,Bayern,48.481309,10.226844,C477R661,48.48,10.23,0.0034166967966180574
4935,DE278,Günzburg,Bayern,48.478149,10.349628,C489R661,48.48,10.35,0.0018880108580147591
4937,DE277,Dillingen a.d. Donau,Bayern,48.493139,10.607267,C515R660,48.489999999999995,10.61,0.004162043969016134
4942,DE275,Aichach-Friedberg,Bayern,48.45533,11.100086,C564R663,48.459999999999994,11.1,0.004670791795828047
4943,DE275,Aichach-Friedberg,Bayern,48.473613,11.213861,C575R662,48.47,11.21,0.005287824694522395
4945,DE21J,Pfaffenhofen a. d. Ilm,Bayern,48.486994,11.434227,C597R660,48.489999999999995,11.43,0.005186864659884046
4946,DE21J,Pfaffenhofen a. d. Ilm,Bayern,48.487127,11.546389,C609R660,48.489999999999995,11.55,0.004614482636219714
4947,DE21B,Freising,Bayern,48.462208,11.681384,C622R663,48.459999999999994,11.68,0.002605900995819527
4948,DE21B,Freising,Bayern,48.463835,11.774491,C631R663,48.459999999999994,11.77,0.005905616479256843
4949,DE21B,Freising,Bayern,48.453139,11.886293,C643R664,48.449999999999996,11.89,0.0048574859752788255
4951,DE227,"Landshut, Landkreis",Bayern,48.441938,12.127402,C667R665,48.44,12.129999999999999,0.003241210884839964
4952,DE227,"Landshut, Landkreis",Bayern,48.457996,12.1774,C672R663,48.459999999999994,12.18,0.003282684267480734
4953,DE227,"Landshut, Landkreis",Bayern,48.463357,12.30332,C684R663,48.459999999999994,12.3,0.004721424467260554
4954,DE227,"Landshut, Landkreis",Bayern,48.463938,12.404781,C694R663,48.459999999999994,12.4,0.0061940136422222415
4955,DE22A,Rottal-Inn,Bayern,48.454238,12.490746,C703R664,48.449999999999996,12.49,0.004303156980637173
4957,DE22A,Rottal-Inn,Bayern,48.452135,12.718767,C726R664,48.449999999999996,12.719999999999999,0.00246546425648584
4958,DE22A,Rottal-Inn,Bayern,48.421216,12.824515,C736R667,48.419999999999995,12.82,0.004675882911281283
4960,DE22A,Rottal-Inn,Bayern,48.428768,13.059279,C760R666,48.43,13.06,0.0014274680381727394
4961,DE228,"Passau, Landkreis",Bayern,48.416341,13.202327,C774R667,48.419999999999995,13.2,0.004336266827577089
4962,DE228,"Passau, Landkreis",Bayern,48.429947,13.249671,C779R666,48.43,13.25,0.00033324165405990315
4963,DE228,"Passau, Landkreis",Bayern,48.421206,13.356205,C790R667,48.419999999999995,13.36,0.003982017202374917
4964,DE134,Ortenaukreis,Baden-Württemberg,48.397446,7.788755,C234R669,48.4,7.8,0.011531389378560393
4965,DE134,Ortenaukreis,Baden-Württemberg,48.373711,7.849409,C239R672,48.37,7.85,0.0037577655594807843
4966,DE134,Ortenaukreis,Baden-Württemberg,48.404402,8.007849,C255R669,48.4,8.01,0.004899429048367629
4969,DE12C,Freudenstadt,Baden-Württemberg,48.410065,8.33457,C287R668,48.41,8.33,0.004570462230452672
4973,DE12C,Freudenstadt,Baden-Württemberg,48.421081,8.741725,C328R667,48.419999999999995,8.74,0.0020357273884327267
4975,DE142,"Tübingen, Landkreis",Baden-Württemberg,48.39523,8.993475,C353R669,48.4,8.99,0.005901569706442944
4976,DE142,"Tübingen, Landkreis",Baden-Württemberg,48.425041,9.062893,C360R666,48.43,9.06,0.005741178450457401
4977,DE141,Reutlingen,Baden-Württemberg,48.39027,9.189541,C373R670,48.38999999999999,9.19,0.0005325232389327713
4978,DE141,Reutlingen,Baden-Württemberg,48.399844,9.308107,C385R669,48.4,9.31,0.0018994170158240958
4979,DE141,Reutlingen,Baden-Württemberg,48.417262,9.398079,C394R667,48.419999999999995,9.4,0.0033446801042805196
4981,DE141,Reutlingen,Baden-Württemberg,48.423391,9.609581,C415R667,48.419999999999995,9.61,0.0034167882580065432
4982,DE145,Alb-Donau-Kreis,Baden-Württemberg,48.417526,9.744984,C428R667,48.419999999999995,9.74,0.005564254846784534
4983,DE145,Alb-Donau-Kreis,Baden-Württemberg,48.381745,9.812692,C435R671,48.379999999999995,9.81,0.0032080974112426793
4987,DE278,Günzburg,Bayern,48.39476,10.274039,C481R670,48.38999999999999,10.27,0.00624268539973366
4988,DE278,Günzburg,Bayern,48.405403,10.399851,C494R668,48.41,10.4,0.00459941409311786
4990,DE276,"Augsburg, Landkreis",Bayern,48.406245,10.593094,C513R668,48.41,10.59,0.004865476441212244
4991,DE276,"Augsburg, Landkreis",Bayern,48.416204,10.678308,C522R667,48.419999999999995,10.68,0.004156017324308975
4992,DE276,"Augsburg, Landkreis",Bayern,48.387454,10.824622,C536R670,48.38999999999999,10.82,0.005276836173311708
4993,DE271,"Augsburg, Kreisfreie Stadt",Bayern,48.391806,10.912422,C545R670,48.38999999999999,10.91,0.0030212116774614114
4995,DE275,Aichach-Friedberg,Bayern,48.391516,11.137378,C568R670,48.38999999999999,11.14,0.0030287192012518225
4996,DE217,Dachau,Bayern,48.376676,11.24354,C578R671,48.379999999999995,11.24,0.004855983525501499
4997,DE217,Dachau,Bayern,48.391451,11.327377,C587R670,48.38999999999999,11.33,0.0029975873632019996
4998,DE217,Dachau,Bayern,48.390915,11.457485,C600R670,48.38999999999999,11.46,0.0026762753968930316
5002,DE21A,Erding,Bayern,48.412787,11.873587,C641R668,48.41,11.870000000000001,0.0045424594659748616
5003,DE21A,Erding,Bayern,48.391972,12.002649,C654R670,48.38999999999999,12.0,0.003302421081575715
5004,DE21A,Erding,Bayern,48.370419,12.107168,C665R672,48.37,12.11,0.002862828147129886
5005,DE227,"Landshut, Landkreis",Bayern,48.395359,12.191903,C673R669,48.4,12.190000000000001,0.0050160033891525424
5007,DE227,"Landshut, Landkreis",Bayern,48.391738,12.390746,C693R670,48.38999999999999,12.39,0.0018913381506251265
5008,DE21G,Mühldorf a. Inn,Bayern,48.367994,12.533565,C707R672,48.37,12.530000000000001,0.004090630880434602
5010,DE22A,Rottal-Inn,Bayern,48.344998,12.747221,C729R675,48.339999999999996,12.75,0.0057186401355572925
5011,DE22A,Rottal-Inn,Bayern,48.361895,12.839522,C738R673,48.36,12.84,0.0019543564158029133
5012,DE22A,Rottal-Inn,Bayern,48.367649,12.967687,C751R672,48.37,12.969999999999999,0.003298055487705349
5013,DE22A,Rottal-Inn,Bayern,48.340045,13.067771,C761R675,48.339999999999996,13.07,0.0022294541932948112
5014,DE228,"Passau, Landkreis",Bayern,48.34132,13.201255,C774R675,48.339999999999996,13.2,0.001821379971345702
5015,DE228,"Passau, Landkreis",Bayern,48.36214,13.2589,C780R673,48.36,13.26,0.0024061587645012217
5022,DE135,Rottweil,Baden-Württemberg,48.30248,8.401719,C294R679,48.3,8.4,0.0030175090720702537
5023,DE135,Rottweil,Baden-Württemberg,48.329544,8.525193,C307R676,48.33,8.530000000000001,0.004828580019013113
5024,DE135,Rottweil,Baden-Württemberg,48.304113,8.633424,C317R679,48.3,8.629999999999999,0.005351686182880731
5026,DE143,Zollernalbkreis,Baden-Württemberg,48.336085,8.865439,C341R675,48.339999999999996,8.870000000000001,0.006010819078960898
5030,DE141,Reutlingen,Baden-Württemberg,48.328053,9.260696,C380R676,48.33,9.26,0.0020676617228174207
5031,DE141,Reutlingen,Baden-Württemberg,48.314753,9.418516,C396R678,48.309999999999995,9.42,0.0049792835830142134
5033,DE145,Alb-Donau-Kreis,Baden-Württemberg,48.347825,9.627391,C417R674,48.349999999999994,9.629999999999999,0.0033966904480644397
5038,DE279,Neu-Ulm,Bayern,48.337702,10.142353,C468R675,48.339999999999996,10.14,0.003288983581591635
5040,DE278,Günzburg,Bayern,48.313747,10.336589,C488R678,48.309999999999995,10.34,0.005067043516689989
5042,DE276,"Augsburg, Landkreis",Bayern,48.335639,10.579149,C512R675,48.339999999999996,10.58,0.0044432557882666535
5043,DE276,"Augsburg, Landkreis",Bayern,48.354198,10.684171,C522R674,48.349999999999994,10.68,0.005917807448710674
5046,DE275,Aichach-Friedberg,Bayern,48.345865,11.024344,C556R674,48.349999999999994,11.02,0.00599737951107998
5047,DE217,Dachau,Bayern,48.302009,11.130532,C567R679,48.3,11.129999999999999,0.00207824565439358
5048,DE217,Dachau,Bayern,48.303663,11.203889,C574R679,48.3,11.2,0.005342461043379701
5049,DE217,Dachau,Bayern,48.337257,11.334987,C587R675,48.339999999999996,11.33,0.0056915918687106
5051,DE217,Dachau,Bayern,48.315003,11.573736,C611R677,48.31999999999999,11.57,0.006239207081028723
5054,DE21A,Erding,Bayern,48.331732,11.843212,C638R676,48.33,11.84,0.0036492147100453238
5055,DE21A,Erding,Bayern,48.312859,11.990397,C653R678,48.309999999999995,11.99,0.0028864320535992223
5056,DE21A,Erding,Bayern,48.323384,12.08026,C662R677,48.31999999999999,12.08,0.0033939734825168917
5057,DE21A,Erding,Bayern,48.309583,12.160038,C670R678,48.309999999999995,12.16,0.0004187278352260031
5059,DE21G,Mühldorf a. Inn,Bayern,48.28134,12.409428,C695R681,48.279999999999994,12.41,0.0014569776937264362
5060,DE21G,Mühldorf a. Inn,Bayern,48.298907,12.539785,C708R679,48.3,12.54,0.0011139452410211886
5061,DE214,Altötting,Bayern,48.282463,12.653634,C719R681,48.279999999999994,12.65,0.004390025626352122
5065,DE22A,Rottal-Inn,Bayern,48.266495,13.052778,C759R677,48.31999999999999,13.05,0.05357706887278706
5066,DE133,Emmendingen,Baden-Württemberg,48.221878,7.811983,C235R687,48.22,7.8100000000000005,0.002731148659445066
5067,DE134,Ortenaukreis,Baden-Württemberg,48.255922,7.913544,C245R683,48.26,7.91,0.005402778914595411
5070,DE134,Ortenaukreis,Baden-Württemberg,48.237038,8.17711,C272R685,48.239999999999995,8.18,0.004138302067270302
5071,DE135,Rottweil,Baden-Württemberg,48.247216,8.337046,C288R684,48.25,8.34,0.004059159026200495
5072,DE135,Rottweil,Baden-Württemberg,48.253435,8.393833,C293R684,48.25,8.39,0.005146951913513803
5073,DE135,Rottweil,Baden-Württemberg,48.275177,8.52957,C307R681,48.279999999999994,8.530000000000001,0.0048421306260725844
5074,DE135,Rottweil,Baden-Württemberg,48.272234,8.627126,C317R682,48.269999999999996,8.629999999999999,0.003640141755481176
5076,DE143,Zollernalbkreis,Baden-Württemberg,48.269319,8.849421,C339R682,48.269999999999996,8.85,0.0008938691179309507
5080,DE149,Sigmaringen,Baden-Württemberg,48.236834,9.266665,C381R685,48.239999999999995,9.27,0.004598454196787822
5081,DE141,Reutlingen,Baden-Württemberg,48.255726,9.404932,C394R683,48.26,9.4,0.006526231684514484
5084,DE145,Alb-Donau-Kreis,Baden-Württemberg,48.263545,9.701277,C424R683,48.26,9.7,0.003767990711243617
5088,DE279,Neu-Ulm,Bayern,48.246265,10.158066,C470R684,48.25,10.16,0.004206017237243957
5090,DE278,Günzburg,Bayern,48.238915,10.366856,C491R685,48.239999999999995,10.370000000000001,0.0033259526454831293
5091,DE278,Günzburg,Bayern,48.267692,10.442236,C498R682,48.269999999999996,10.440000000000001,0.0032134965380389703
5096,DE275,Aichach-Friedberg,Bayern,48.264601,11.026251,C557R683,48.26,11.030000000000001,0.005934998062343034
5097,DE21C,Fürstenfeldbruck,Bayern,48.244873,11.153219,C569R685,48.239999999999995,11.15,0.0058402131810432545
5098,DE21C,Fürstenfeldbruck,Bayern,48.249703,11.198101,C574R684,48.25,11.2,0.0019220848056216175
5102,DE21H,"München, Landkreis",Bayern,48.229426,11.663739,C620R686,48.23,11.66,0.003782802796868553
5103,DE21A,Erding,Bayern,48.24124,11.777346,C632R685,48.239999999999995,11.780000000000001,0.0029293883320609493
5104,DE21A,Erding,Bayern,48.268509,11.879515,C642R682,48.269999999999996,11.879999999999999,0.0015678985936541292
5108,DE21G,Mühldorf a. Inn,Bayern,48.227075,12.324076,C686R686,48.23,12.32,0.005016911500114609
5109,DE21G,Mühldorf a. Inn,Bayern,48.234353,12.393979,C693R686,48.23,12.39,0.005897546099863082
5110,DE21G,Mühldorf a. Inn,Bayern,48.220146,12.517115,C706R687,48.22,12.52,0.0028886919184979354
5111,DE214,Altötting,Bayern,48.223635,12.650247,C719R687,48.22,12.65,0.003643382219863806
5114,DE22A,Rottal-Inn,Bayern,48.231396,12.975721,C752R686,48.23,12.98,0.004500961786107763
5115,DE133,Emmendingen,Baden-Württemberg,48.175385,7.664596,C221R691,48.18,7.67,0.0071064365894592625
5116,DE133,Emmendingen,Baden-Württemberg,48.171178,7.791703,C233R692,48.169999999999995,7.79,0.002070722820661212
5117,DE133,Emmendingen,Baden-Württemberg,48.165084,7.929115,C247R692,48.169999999999995,7.93,0.004995025625554238
5121,DE136,Schwarzwald-Baar-Kreis,Baden-Württemberg,48.162091,8.319622,C286R693,48.16,8.32,0.002124891761949283
5122,DE136,Schwarzwald-Baar-Kreis,Baden-Württemberg,48.165157,8.416254,C296R692,48.169999999999995,8.42,0.006122676293904335
5123,DE135,Rottweil,Baden-Württemberg,48.183349,8.549156,C309R691,48.18,8.55,0.003453713508674619
5124,DE135,Rottweil,Baden-Württemberg,48.200785,8.64612,C319R689,48.199999999999996,8.65,0.003958614025137608
5128,DE143,Zollernalbkreis,Baden-Württemberg,48.192069,9.050204,C359R690,48.19,9.05,0.0020790327077742027
5130,DE149,Sigmaringen,Baden-Württemberg,48.187875,9.303283,C384R690,48.19,9.3,0.00391071783691893
5131,DE146,Biberach,Baden-Württemberg,48.181005,9.370161,C391R691,48.18,9.370000000000001,0.0010178143249129628
5132,DE146,Biberach,Baden-Württemberg,48.171124,9.529994,C407R692,48.169999999999995,9.530000000000001,0.0011240160141251436
5133,DE146,Biberach,Baden-Württemberg,48.181512,9.588585,C413R691,48.18,9.59,0.002070837753179547
5134,DE145,Alb-Donau-Kreis,Baden-Württemberg,48.179144,9.690018,C423R691,48.18,9.690000000000001,0.0008561892314190871
5135,DE146,Biberach,Baden-Württemberg,48.186076,9.805524,C435R690,48.19,9.81,0.005952508042832549
5136,DE146,Biberach,Baden-Württemberg,48.20523,9.945542,C449R688,48.209999999999994,9.95,0.006528909863057898
5137,DE146,Biberach,Baden-Württemberg,48.202177,10.030652,C457R689,48.199999999999996,10.030000000000001,0.0022725388885588603
5138,DE279,Neu-Ulm,Bayern,48.202635,10.168826,C471R689,48.199999999999996,10.17,0.0028847011977028397
5139,DE27C,Unterallgäu,Bayern,48.171319,10.252036,C479R692,48.169999999999995,10.25,0.0024259136423227337
5140,DE27C,Unterallgäu,Bayern,48.175499,10.342766,C488R691,48.18,10.34,0.005282968578363435
5141,DE27C,Unterallgäu,Bayern,48.17923,10.505093,C505R691,48.18,10.51,0.004967046305401003
5144,DE276,"Augsburg, Landkreis",Bayern,48.200772,10.815466,C536R689,48.199999999999996,10.82,0.004599254287382233
5145,DE21E,Landsberg am Lech,Bayern,48.173316,10.926584,C547R692,48.169999999999995,10.93,0.004760768005273105
5146,DE21E,Landsberg am Lech,Bayern,48.196628,11.013706,C555R689,48.199999999999996,11.01,0.005010471035741069
5148,DE21C,Fürstenfeldbruck,Bayern,48.162451,11.242644,C578R693,48.16,11.24,0.0036052929145914967
5150,DE212,"München, Kreisfreie Stadt",Bayern,48.167873,11.418475,C596R692,48.169999999999995,11.42,0.002617203469349227
5152,DE21H,"München, Landkreis",Bayern,48.18247,11.630624,C617R691,48.18,11.629999999999999,0.0025476020097362447
5153,DE21H,"München, Landkreis",Bayern,48.175602,11.743893,C628R691,48.18,11.74,0.0058734872946158995
5154,DE218,Ebersberg,Bayern,48.170628,11.859324,C640R692,48.169999999999995,11.86,0.000922691714499314
5155,DE218,Ebersberg,Bayern,48.159571,11.939561,C648R693,48.16,11.940000000000001,0.0006138094166750556
5157,DE21G,Mühldorf a. Inn,Bayern,48.154697,12.222388,C676R694,48.15,12.219999999999999,0.005269189026786695
5159,DE21G,Mühldorf a. Inn,Bayern,48.173041,12.377122,C692R692,48.169999999999995,12.379999999999999,0.004186951755157188
5162,DE214,Altötting,Bayern,48.170672,12.726025,C727R692,48.169999999999995,12.73,0.004031402857569021
5163,DE132,Breisgau-Hochschwarzwald,Baden-Württemberg,48.103918,7.681764,C222R699,48.099999999999994,7.68,0.00429679182647331
5164,DE132,Breisgau-Hochschwarzwald,Baden-Württemberg,48.07366,7.810648,C235R702,48.06999999999999,7.8100000000000005,0.0037169213066763746
5165,DE133,Emmendingen,Baden-Württemberg,48.108379,7.863115,C240R698,48.11,7.859999999999999,0.003511533283339567
5166,DE133,Emmendingen,Baden-Württemberg,48.082354,7.977757,C252R701,48.08,7.98,0.003251517338108262
5168,DE136,Schwarzwald-Baar-Kreis,Baden-Württemberg,48.092018,8.192953,C273R700,48.089999999999996,8.19,0.003576665066794175
5176,DE149,Sigmaringen,Baden-Württemberg,48.092335,9.052508,C359R700,48.089999999999996,9.05,0.003426702350657912
5178,DE149,Sigmaringen,Baden-Württemberg,48.117287,9.298555,C384R697,48.12,9.3,0.003073824002769329
5180,DE146,Biberach,Baden-Württemberg,48.133359,9.494623,C403R696,48.129999999999995,9.49,0.005714456229601041
5181,DE146,Biberach,Baden-Württemberg,48.111458,9.57641,C412R698,48.11,9.58,0.003874772767531644
5182,DE146,Biberach,Baden-Württemberg,48.105956,9.716103,C426R698,48.11,9.719999999999999,0.005616096954290521
5183,DE146,Biberach,Baden-Württemberg,48.103701,9.820079,C436R699,48.099999999999994,9.82,0.003701843054486358
5184,DE146,Biberach,Baden-Württemberg,48.105008,9.949208,C449R698,48.11,9.95,0.005054436467106146
5186,DE279,Neu-Ulm,Bayern,48.123664,10.162357,C470R697,48.12,10.16,0.0043566437770379855
5187,DE27C,Unterallgäu,Bayern,48.116852,10.222272,C476R697,48.12,10.219999999999999,0.0038822529541466867
5189,DE27C,Unterallgäu,Bayern,48.133296,10.484094,C502R696,48.129999999999995,10.48,0.005255896878748808
5191,DE276,"Augsburg, Landkreis",Bayern,48.128052,10.717497,C526R696,48.129999999999995,10.719999999999999,0.0031717050619485742
5192,DE276,"Augsburg, Landkreis",Bayern,48.118531,10.765893,C531R697,48.12,10.77,0.0043618126965741764
5193,DE21E,Landsberg am Lech,Bayern,48.108836,10.887305,C543R698,48.11,10.89,0.0029356295747270276
5203,DE218,Ebersberg,Bayern,48.102744,11.994871,C653R699,48.099999999999994,11.99,0.005590722404129413
5204,DE21K,"Rosenheim, Landkreis",Bayern,48.10386,12.080585,C662R699,48.099999999999994,12.08,0.0039040779961500294
5207,DE21M,Traunstein,Bayern,48.110978,12.416683,C696R698,48.11,12.42,0.0034581748076118134
5208,DE21M,Traunstein,Bayern,48.100235,12.537889,C708R699,48.099999999999994,12.54,0.0021240400184550996
5209,DE214,Altötting,Bayern,48.093926,12.611047,C715R700,48.089999999999996,12.61,0.004063211168528456
5211,DE132,Breisgau-Hochschwarzwald,Baden-Württemberg,47.997812,7.659138,C222R709,48.0,7.68,0.020976424576175805
5214,DE132,Breisgau-Hochschwarzwald,Baden-Württemberg,48.006712,7.984029,C252R708,48.01,7.98,0.00520036392957055
5216,DE136,Schwarzwald-Baar-Kreis,Baden-Württemberg,48.017293,8.216451,C276R707,48.019999999999996,8.22,0.004463546795988147
5218,DE136,Schwarzwald-Baar-Kreis,Baden-Württemberg,48.023752,8.415743,C296R707,48.019999999999996,8.42,0.0056744649968111715
5219,DE136,Schwarzwald-Baar-Kreis,Baden-Württemberg,48.040955,8.502193,C304R705,48.04,8.5,0.002391918476870794
5223,DE149,Sigmaringen,Baden-Württemberg,48.043719,8.988227,C353R705,48.04,8.99,0.004120010922319063
5227,DE149,Sigmaringen,Baden-Württemberg,48.031336,9.389791,C393R706,48.029999999999994,9.39,0.0013522488676365365
5228,DE149,Sigmaringen,Baden-Württemberg,48.063655,9.513139,C405R703,48.059999999999995,9.51,0.0048179192604297484
5229,DE146,Biberach,Baden-Württemberg,48.06524,9.632742,C417R702,48.06999999999999,9.629999999999999,0.005493283535365287
5230,DE146,Biberach,Baden-Württemberg,48.03915,9.711933,C425R705,48.04,9.71,0.002111631833439942
5231,DE146,Biberach,Baden-Württemberg,48.040239,9.788499,C433R705,48.04,9.79,0.0015199085498799538
5233,DE146,Biberach,Baden-Württemberg,48.065558,10.051407,C459R702,48.06999999999999,10.05,0.004659507806615392
5236,DE27C,Unterallgäu,Bayern,48.048846,10.380552,C492R704,48.05,10.379999999999999,0.0012792263286846698
5237,DE27C,Unterallgäu,Bayern,48.032571,10.444046,C498R706,48.029999999999994,10.440000000000001,0.0047937623011583995
5238,DE27C,Unterallgäu,Bayern,48.035704,10.604319,C514R705,48.04,10.6,0.006091746629660131
5239,DE27C,Unterallgäu,Bayern,48.046511,10.675115,C522R704,48.05,10.68,0.006003028069229849
5240,DE27B,Ostallgäu,Bayern,48.01989,10.799063,C534R707,48.019999999999996,10.8,0.0009434346824240846
5241,DE21E,Landsberg am Lech,Bayern,48.058676,10.913339,C545R703,48.059999999999995,10.91,0.0035919210737423352
5251,DE218,Ebersberg,Bayern,48.034405,11.96364,C650R706,48.029999999999994,11.96,0.005714335044433551
5252,DE218,Ebersberg,Bayern,48.014502,12.067356,C661R708,48.01,12.07,0.005220990327516469
5254,DE21K,"Rosenheim, Landkreis",Bayern,48.033576,12.262367,C680R706,48.029999999999994,12.26,0.004288410544714157
5255,DE21M,Traunstein,Bayern,47.996753,12.409489,C695R709,48.0,12.41,0.0032869636444614056
5256,DE21M,Traunstein,Bayern,48.036527,12.489643,C703R705,48.04,12.49,0.003491300330822039
5257,DE21M,Traunstein,Bayern,47.994922,12.616284,C716R710,47.989999999999995,12.620000000000001,0.0061672311453423384
5259,DE21M,Traunstein,Bayern,48.005699,12.850611,C737R708,48.01,12.83,0.021054973806680657
5260,DE132,Breisgau-Hochschwarzwald,Baden-Württemberg,47.948442,7.698399,C224R714,47.949999999999996,7.7,0.0022339572511546803
5261,DE132,Breisgau-Hochschwarzwald,Baden-Württemberg,47.946958,7.766345,C231R714,47.949999999999996,7.77,0.004755290632543464
5262,DE131,"Freiburg im Breisgau, Stadtkreis",Baden-Württemberg,47.952881,7.890659,C243R714,47.949999999999996,7.8900000000000015,0.0029554089395565507
5265,DE132,Breisgau-Hochschwarzwald,Baden-Württemberg,47.934994,8.20097,C274R716,47.93,8.2,0.0050873309308552
5267,DE136,Schwarzwald-Baar-Kreis,Baden-Württemberg,47.950916,8.405277,C295R714,47.949999999999996,8.41,0.004811006651420175
5271,DE137,Tuttlingen,Baden-Württemberg,47.968566,8.900202,C344R712,47.97,8.9,0.0014481574499994514
5274,DE149,Sigmaringen,Baden-Württemberg,47.966417,9.163551,C370R712,47.97,9.16,0.005044550525070779
5277,DE148,Ravensburg,Baden-Württemberg,47.959408,9.498804,C404R713,47.959999999999994,9.5,0.0013344961596007232
5278,DE146,Biberach,Baden-Württemberg,47.987513,9.626429,C417R710,47.989999999999995,9.629999999999999,0.004351690476121759
5279,DE146,Biberach,Baden-Württemberg,47.982573,9.714407,C425R711,47.98,9.71,0.005103134135020927
5280,DE146,Biberach,Baden-Württemberg,47.964998,9.797428,C434R713,47.959999999999994,9.8,0.005620959704541527
5281,DE148,Ravensburg,Baden-Württemberg,47.951467,9.925148,C447R714,47.949999999999996,9.93,0.005068924244848384
5282,DE146,Biberach,Baden-Württemberg,47.997081,10.032931,C457R709,48.0,10.030000000000001,0.004136583372782735
5283,DE274,"Memmingen, Kreisfreie Stadt",Bayern,47.970552,10.111556,C465R712,47.97,10.11,0.0016510118109817741
5284,DE27C,Unterallgäu,Bayern,47.969699,10.282681,C482R712,47.97,10.280000000000001,0.0026978439539741875
5285,DE27C,Unterallgäu,Bayern,47.94481,10.365623,C491R715,47.94,10.370000000000001,0.006503401340837388
5286,DE27C,Unterallgäu,Bayern,47.979162,10.442078,C498R711,47.98,10.440000000000001,0.0022406088458245673
5288,DE27B,Ostallgäu,Bayern,47.979536,10.693926,C523R711,47.98,10.690000000000001,0.003953324170869284
5290,DE21E,Landsberg am Lech,Bayern,47.961861,10.868201,C541R713,47.959999999999994,10.870000000000001,0.0025883821201720197
5300,DE21K,"Rosenheim, Landkreis",Bayern,47.943409,11.987775,C653R715,47.94,11.99,0.004070860596979202
5304,DE21K,"Rosenheim, Landkreis",Bayern,47.921214,12.388668,C693R717,47.919999999999995,12.39,0.0018022264008760787
5308,DE21M,Traunstein,Bayern,47.927946,12.843693,C738R716,47.93,12.84,0.0042257738936206475
5311,DE132,Breisgau-Hochschwarzwald,Baden-Württemberg,47.89132,7.688542,C223R720,47.88999999999999,7.6899999999999995,0.0019667648563101606
5315,DE132,Breisgau-Hochschwarzwald,Baden-Württemberg,47.883746,8.114551,C265R721,47.879999999999995,8.11,0.0058944140506126605
5317,DE132,Breisgau-Hochschwarzwald,Baden-Württemberg,47.867444,8.321899,C286R722,47.87,8.32,0.0031842325606009974
5318,DE132,Breisgau-Hochschwarzwald,Baden-Württemberg,47.877947,8.404294,C294R721,47.879999999999995,8.4,0.004759542520031103
5319,DE136,Schwarzwald-Baar-Kreis,Baden-Württemberg,47.886251,8.528875,C307R720,47.88999999999999,8.530000000000001,0.003914157125096561
5321,DE138,Konstanz,Baden-Württemberg,47.872633,8.745873,C329R722,47.87,8.75,0.004895387420829874
5323,DE138,Konstanz,Baden-Württemberg,47.88205,8.978136,C352R721,47.879999999999995,8.98,0.002770739251539432
5324,DE138,Konstanz,Baden-Württemberg,47.911612,9.050253,C359R718,47.91,9.05,0.0016317331276910166
5327,DE148,Ravensburg,Baden-Württemberg,47.903413,9.426588,C397R719,47.9,9.43,0.004826003833401567
5328,DE148,Ravensburg,Baden-Württemberg,47.891401,9.502537,C404R720,47.88999999999999,9.5,0.0028981321571013266
5329,DE148,Ravensburg,Baden-Württemberg,47.9009,9.60698,C415R719,47.9,9.61,0.003151253718760001
5331,DE148,Ravensburg,Baden-Württemberg,47.893471,9.790723,C433R720,47.88999999999999,9.79,0.00354549996474875
5334,DE27C,Unterallgäu,Bayern,47.903169,10.1739,C471R719,47.9,10.17,0.0050251926331233146
5335,DE27C,Unterallgäu,Bayern,47.880497,10.228334,C477R721,47.879999999999995,10.23,0.0017385525588843717
5336,DE27C,Unterallgäu,Bayern,47.877592,10.348143,C489R721,47.879999999999995,10.35,0.003040873723122347
5337,DE27B,Ostallgäu,Bayern,47.885345,10.495248,C504R720,47.88999999999999,10.5,0.006652107109775756
5338,DE272,"Kaufbeuren, Kreisfreie Stadt",Bayern,47.884773,10.590642,C513R721,47.879999999999995,10.59,0.004815983077220094
5339,DE272,"Kaufbeuren, Kreisfreie Stadt",Bayern,47.900434,10.651658,C519R719,47.9,10.65,0.0017138611378975652
5343,DE21N,Weilheim-Schongau,Bayern,47.883269,11.10035,C564R721,47.879999999999995,11.1,0.0032876832268363045
5344,DE21N,Weilheim-Schongau,Bayern,47.873213,11.24057,C578R722,47.87,11.24,0.003263168552191998
5347,DE216,Bad Tölz-Wolfratshausen,Bayern,47.871961,11.507426,C605R722,47.87,11.51,0.0032358919944895322
5348,DE216,Bad Tölz-Wolfratshausen,Bayern,47.903202,11.619677,C616R719,47.9,11.620000000000001,0.003218249990291612
5349,DE21F,Miesbach,Bayern,47.89606,11.74213,C628R719,47.9,11.74,0.004478894952998724
5350,DE21F,Miesbach,Bayern,47.875912,11.834855,C637R721,47.879999999999995,11.83,0.006346870803786552
5351,DE21K,"Rosenheim, Landkreis",Bayern,47.898642,11.941574,C648R719,47.9,11.940000000000001,0.0020788554543265544
5352,DE21K,"Rosenheim, Landkreis",Bayern,47.870009,12.050175,C659R722,47.87,12.05,0.00017523127574622338
5353,DE21K,"Rosenheim, Landkreis",Bayern,47.893151,12.153174,C669R720,47.88999999999999,12.15,0.00447247996083361
5354,DE21K,"Rosenheim, Landkreis",Bayern,47.878268,12.262231,C680R721,47.879999999999995,12.26,0.0028243910848163153
5358,DE21M,Traunstein,Bayern,47.840795,12.719711,C726R725,47.839999999999996,12.719999999999999,0.0008458995212228402
5359,DE215,Berchtesgadener Land,Bayern,47.850011,12.815479,C736R724,47.849999999999994,12.82,0.004521013381975789
5360,DE215,Berchtesgadener Land,Bayern,47.868342,12.900438,C744R722,47.87,12.9,0.0017148784213453778
5361,DE132,Breisgau-Hochschwarzwald,Baden-Württemberg,47.811701,7.558711,C210R728,47.809999999999995,7.5600000000000005,0.0021342263235224505
5363,DE139,Lörrach,Baden-Württemberg,47.792689,7.814922,C235R730,47.79,7.8100000000000005,0.005608636643607476
5364,DE139,Lörrach,Baden-Württemberg,47.823792,7.91481,C245R727,47.81999999999999,7.91,0.006124978693843102
5366,DE13A,Waldshut,Baden-Württemberg,47.814025,8.090289,C263R728,47.809999999999995,8.09,0.004035361941641206
5370,DE136,Schwarzwald-Baar-Kreis,Baden-Württemberg,47.812576,8.548351,C309R724,47.849999999999994,8.55,0.037460312024856106
5371,DE138,Konstanz,Baden-Württemberg,47.810597,8.656243,C320R723,47.86,8.66,0.0495456502429811
5372,DE138,Konstanz,Baden-Württemberg,47.830394,8.774035,C331R726,47.83,8.77,0.004054190548062595
5374,DE138,Konstanz,Baden-Württemberg,47.830085,9.009314,C355R726,47.83,9.01,0.0006912459764799403
5375,DE138,Konstanz,Baden-Württemberg,47.826926,9.073686,C361R726,47.83,9.07,0.004799590815891332
5378,DE147,Bodenseekreis,Baden-Württemberg,47.815119,9.379518,C392R727,47.81999999999999,9.379999999999999,0.004904741073686339
5379,DE148,Ravensburg,Baden-Württemberg,47.846828,9.503778,C404R724,47.849999999999994,9.5,0.004933038414603539
5380,DE148,Ravensburg,Baden-Württemberg,47.84744,9.636975,C418R724,47.849999999999994,9.64,0.003962855662269627
5382,DE148,Ravensburg,Baden-Württemberg,47.818872,9.848478,C439R727,47.81999999999999,9.85,0.001894430785219068
5383,DE148,Ravensburg,Baden-Württemberg,47.843217,9.964316,C450R725,47.839999999999996,9.96,0.00538302377851294
5385,DE27E,Oberallgäu,Bayern,47.829488,10.172805,C471R726,47.83,10.17,0.0028513451211669757
5386,DE27E,Oberallgäu,Bayern,47.845906,10.256329,C480R724,47.849999999999994,10.26,0.00549882505631551
5388,DE27B,Ostallgäu,Bayern,47.81055,10.439867,C498R728,47.809999999999995,10.440000000000001,0.0005658524542713481
5389,DE27B,Ostallgäu,Bayern,47.833934,10.555228,C510R726,47.83,10.56,0.006184524233925862
5390,DE27B,Ostallgäu,Bayern,47.827525,10.651447,C519R726,47.83,10.65,0.0028669555280787587
5391,DE21N,Weilheim-Schongau,Bayern,47.810689,10.774445,C531R728,47.809999999999995,10.77,0.00449808248034824
5392,DE21N,Weilheim-Schongau,Bayern,47.814288,10.931456,C547R728,47.809999999999995,10.93,0.004528452274235038
5394,DE21N,Weilheim-Schongau,Bayern,47.816252,11.1267,C567R727,47.81999999999999,11.129999999999999,0.004993746489355979
5399,DE216,Bad Tölz-Wolfratshausen,Bayern,47.82162,11.612695,C615R727,47.81999999999999,11.61,0.0031444276108756122
5400,DE21F,Miesbach,Bayern,47.833982,11.756351,C630R726,47.83,11.76,0.005401067024209196
5401,DE21F,Miesbach,Bayern,47.811225,11.873953,C641R728,47.809999999999995,11.870000000000001,0.004138457925363785
5402,DE21K,"Rosenheim, Landkreis",Bayern,47.816731,11.94262,C648R727,47.81999999999999,11.940000000000001,0.0041893628393785435
5405,DE21K,"Rosenheim, Landkreis",Bayern,47.801473,12.289617,C683R729,47.8,12.29,0.0015219783178521647
5406,DE21K,"Rosenheim, Landkreis",Bayern,47.806112,12.374265,C691R728,47.809999999999995,12.370000000000001,0.005771201694617678
5407,DE21M,Traunstein,Bayern,47.804073,12.504553,C704R729,47.8,12.5,0.006108939187783716
5411,DE215,Berchtesgadener Land,Bayern,47.804288,12.900607,C744R729,47.8,12.9,0.004330749704153094
5412,DE139,Lörrach,Baden-Württemberg,47.726807,7.612452,C215R736,47.73,7.609999999999999,0.004025860529126455
5415,DE139,Lörrach,Baden-Württemberg,47.721428,7.897231,C244R737,47.72,7.9,0.003115532859723327
5420,DE13A,Waldshut,Baden-Württemberg,47.731827,8.44902,C296R733,47.76,8.42,0.040445992743407745
5422,DE138,Konstanz,Baden-Württemberg,47.769252,8.882858,C342R732,47.769999999999996,8.879999999999999,0.0029542626829719616
5424,DE138,Konstanz,Baden-Württemberg,47.775823,9.069309,C361R731,47.779999999999994,9.07,0.004233770187424934
5426,DE147,Bodenseekreis,Baden-Württemberg,47.769527,9.297579,C384R732,47.769999999999996,9.3,0.0024667731958977423
5427,DE147,Bodenseekreis,Baden-Württemberg,47.770669,9.41454,C395R732,47.769999999999996,9.41,0.004589026149414126
5431,DE148,Ravensburg,Baden-Württemberg,47.762798,9.858063,C440R733,47.76,9.86,0.0034030534818000114
5432,DE148,Ravensburg,Baden-Württemberg,47.768197,9.95112,C449R732,47.769999999999996,9.95,0.002122547761531811
5435,DE27E,Oberallgäu,Bayern,47.74735,10.230051,C477R734,47.75,10.23,0.0026504907092865376
5438,DE27B,Ostallgäu,Bayern,47.750959,10.596835,C514R734,47.75,10.6,0.0033070993332523575
5439,DE27B,Ostallgäu,Bayern,47.729093,10.666815,C521R736,47.73,10.67,0.003311627092532873
5441,DE21N,Weilheim-Schongau,Bayern,47.737189,10.916912,C546R735,47.739999999999995,10.92,0.004175819081326062
5444,DE21N,Weilheim-Schongau,Bayern,47.741983,11.206434,C575R735,47.739999999999995,11.21,0.004080275113275875
5445,DE21N,Weilheim-Schongau,Bayern,47.768424,11.307548,C585R732,47.769999999999996,11.31,0.0029148035954378085
5446,DE216,Bad Tölz-Wolfratshausen,Bayern,47.726413,11.409849,C595R736,47.73,11.41,0.003590176875861631
5447,DE216,Bad Tölz-Wolfratshausen,Bayern,47.752676,11.516965,C606R734,47.75,11.52,0.004046257653684211
5450,DE21F,Miesbach,Bayern,47.76433,11.844645,C638R733,47.76,11.84,0.006350190942013204
5451,DE21F,Miesbach,Bayern,47.740562,11.961631,C650R735,47.739999999999995,11.96,0.0017251101414117057
5462,DE139,Lörrach,Baden-Württemberg,47.651324,7.617349,C217R743,47.66,7.63,0.015340168740919945
5463,DE139,Lörrach,Baden-Württemberg,47.647592,7.687652,C224R744,47.65,7.7,0.012580602847240054
5468,DE13A,Waldshut,Baden-Württemberg,47.666091,8.265648,C281R742,47.669999999999995,8.27,0.005849802133400515
5469,DE13A,Waldshut,Baden-Württemberg,47.655517,8.323336,C286R742,47.669999999999995,8.32,0.01486224024162387
5471,DE138,Konstanz,Baden-Württemberg,47.685554,9.010775,C355R737,47.72,9.01,0.034454717253225194
5475,DE147,Bodenseekreis,Baden-Württemberg,47.685104,9.391641,C393R740,47.69,9.39,0.005163690250194148
5477,DE147,Bodenseekreis,Baden-Württemberg,47.695676,9.583409,C412R739,47.699999999999996,9.58,0.005506201685369871
5480,DE148,Ravensburg,Baden-Württemberg,47.688481,9.914131,C445R740,47.69,9.91,0.004401422724526411
5482,DE27E,Oberallgäu,Bayern,47.668775,10.121146,C466R742,47.669999999999995,10.120000000000001,0.001677480551300619
5483,DE27E,Oberallgäu,Bayern,47.681028,10.272419,C481R741,47.68,10.27,0.0026283730709308808
5484,DE27E,Oberallgäu,Bayern,47.673317,10.329717,C487R742,47.669999999999995,10.33,0.003329050615418387
5493,DE21D,Garmisch-Partenkirchen,Bayern,47.682328,11.286356,C583R741,47.68,11.29,0.00432415540886193
5497,DE21F,Miesbach,Bayern,47.661228,11.747701,C629R742,47.669999999999995,11.75,0.009068262512735637
5498,DE21F,Miesbach,Bayern,47.672505,11.84744,C639R742,47.669999999999995,11.850000000000001,0.0035817069952797887
5506,DE139,Lörrach,Baden-Württemberg,47.604859,7.688356,C224R748,47.61,7.7,0.012728417694278772
5507,DE139,Lörrach,Baden-Württemberg,47.602826,7.813352,C235R743,47.66,7.8100000000000005,0.05727217631624952
5509,DE13A,Waldshut,Baden-Württemberg,47.586167,8.004233,C254R747,47.62,8.0,0.03409677665116753
5517,DE27A,Lindau (Bodensee),Bayern,47.605478,9.817296,C437R748,47.61,9.83,0.013484809972706237
5518,DE27A,Lindau (Bodensee),Bayern,47.632042,9.918758,C446R746,47.629999999999995,9.92,0.0023900476982711047
5520,DE27E,Oberallgäu,Bayern,47.617001,10.119034,C466R747,47.62,10.120000000000001,0.003150739119631564
5524,DE27B,Ostallgäu,Bayern,47.628493,10.578728,C512R745,47.63999999999999,10.58,0.01157709086946614
5539,DE215,Berchtesgadener Land,Bayern,47.584574,12.987003,C753R751,47.58,12.99,0.005468407903590489
5543,DE27E,Oberallgäu,Bayern,47.562963,10.032451,C457R753,47.559999999999995,10.030000000000001,0.0038453569405249547
5555,DE27E,Oberallgäu,Bayern,47.474815,10.112338,C465R762,47.47,10.11,0.005352613286984809
5556,DE27E,Oberallgäu,Bayern,47.472652,10.217123,C476R762,47.47,10.219999999999999,0.003912829283265011
6000,DE932,Cuxhaven,Niedersachsen,53.814175,8.607451,C315R131,53.779999999999994,8.61,0.03426992888817139
6001,DE939,Stade,Niedersachsen,53.780569,9.222919,C376R131,53.779999999999994,9.22,0.002973940483600541
6002,DE939,Stade,Niedersachsen,53.772522,9.325751,C387R132,53.769999999999996,9.33,0.004941101597824981
6004,DE947,Aurich,Niedersachsen,53.548336,7.548067,C209R154,53.55,7.55,0.0025505656235420464
6005,DE94A,Friesland (DE),Niedersachsen,53.538228,7.891908,C243R155,53.54,7.8900000000000015,0.0026039293385196117
6006,DE939,Stade,Niedersachsen,53.604055,9.422758,C396R149,53.599999999999994,9.42,0.004904038030038734
6007,DE947,Aurich,Niedersachsen,53.477072,7.510263,C205R161,53.48,7.51,0.0029397879175177793
6008,DE94H,Wittmund,Niedersachsen,53.500831,7.746533,C229R159,53.5,7.75,0.0035651998541448415
6009,DE932,Cuxhaven,Niedersachsen,53.506865,8.757707,C330R158,53.51,8.76,0.0038840795563429855
6010,DE937,Rotenburg (Wümme),Niedersachsen,53.490509,8.978292,C352R160,53.489999999999995,8.98,0.001782230344262675
6011,DE939,Stade,Niedersachsen,53.53027,9.34762,C389R156,53.529999999999994,9.35,0.002395266164752138
6012,DE939,Stade,Niedersachsen,53.534647,9.563853,C410R156,53.529999999999994,9.559999999999999,0.006036573365748287
6013,DE947,Aurich,Niedersachsen,53.425669,7.646926,C219R166,53.43,7.65,0.0053110297494938594
6014,DE94A,Friesland (DE),Niedersachsen,53.416272,7.994293,C253R167,53.419999999999995,7.99,0.005685757029627801
6015,DE937,Rotenburg (Wümme),Niedersachsen,53.456236,9.093635,C363R163,53.459999999999994,9.09,0.005232678186166482
6016,DE94C,Leer,Niedersachsen,53.349747,7.308615,C185R174,53.349999999999994,7.31,0.0014079183214933625
6017,DE94A,Friesland (DE),Niedersachsen,53.34111,8.037165,C258R175,53.339999999999996,8.04,0.0030445566179667307
6018,DE94G,Wesermarsch,Niedersachsen,53.348606,8.204676,C274R174,53.349999999999994,8.2,0.004879365942414302
6019,DE94G,Wesermarsch,Niedersachsen,53.349619,8.323742,C286R174,53.349999999999994,8.32,0.003761346168593186
6020,DE94G,Wesermarsch,Niedersachsen,53.356545,8.479464,C302R173,53.36,8.48,0.0034963296469322103
6021,DE937,Rotenburg (Wümme),Niedersachsen,53.372239,9.230712,C377R172,53.37,9.23,0.002349481857774911
6023,DE933,Harburg,Niedersachsen,53.349679,9.90584,C445R174,53.349999999999994,9.91,0.004172366354959762
6024,DEF06,Herzogtum Lauenburg,Schleswig-Holstein,53.385629,10.512084,C505R170,53.39,10.51,0.004842385465861973
6025,DE80O,Ludwigslust-Parchim,Mecklenburg-Vorpommern,53.379778,10.665075,C521R171,53.379999999999995,10.67,0.004930000912778606
6026,DE94C,Leer,Niedersachsen,53.27431,7.670928,C221R182,53.269999999999996,7.67,0.004408773525600166
6027,DE932,Cuxhaven,Niedersachsen,53.301464,8.641632,C318R179,53.3,8.64,0.002192423316792008
6028,DE936,Osterholz,Niedersachsen,53.274894,8.947733,C349R182,53.269999999999996,8.95,0.005393563293414693
6029,DE937,Rotenburg (Wümme),Niedersachsen,53.301219,9.337106,C388R179,53.3,9.34,0.0031402542890683178
6030,DE937,Rotenburg (Wümme),Niedersachsen,53.270346,9.425072,C397R182,53.269999999999996,9.43,0.004940131577195211
6031,DE933,Harburg,Niedersachsen,53.298425,9.916181,C446R179,53.3,9.92,0.004131027233023981
6032,DE933,Harburg,Niedersachsen,53.306764,10.060116,C460R178,53.309999999999995,10.06,0.003238078442527506
6033,DE935,"Lüneburg, Landkreis",Niedersachsen,53.283478,10.755361,C530R181,53.279999999999994,10.76,0.005798000086240954
6034,DE94C,Leer,Niedersachsen,53.212655,7.563068,C210R188,53.209999999999994,7.5600000000000005,0.004057295774283884
6035,DE946,Ammerland,Niedersachsen,53.226166,8.146841,C269R186,53.23,8.15,0.004967779886426431
6036,DE94G,Wesermarsch,Niedersachsen,53.215302,8.333736,C287R187,53.22,8.33,0.006002407850186259
6037,DE937,Rotenburg (Wümme),Niedersachsen,53.238982,9.312519,C385R185,53.239999999999995,9.31,0.002716925652274456
6038,DE933,Harburg,Niedersachsen,53.240733,10.168138,C471R185,53.239999999999995,10.17,0.002001082956801761
6039,DE935,"Lüneburg, Landkreis",Niedersachsen,53.241352,11.020083,C556R185,53.239999999999995,11.02,0.0013545453111695712
6040,DE94C,Leer,Niedersachsen,53.130459,7.274537,C181R196,53.129999999999995,7.27,0.004560158988457093
6041,DE948,Cloppenburg,Niedersachsen,53.127011,7.740199,C228R196,53.129999999999995,7.74,0.0029956171317366445
6042,DE946,Ammerland,Niedersachsen,53.124939,8.038834,C258R197,53.12,8.04,0.005074768664678364
6043,DE935,"Lüneburg, Landkreis",Niedersachsen,53.128129,10.763905,C530R196,53.129999999999995,10.76,0.004330088451749587
6044,DE949,Emsland,Niedersachsen,53.053866,7.295599,C184R204,53.05,7.3,0.005857879906588522
6045,DE949,Emsland,Niedersachsen,53.047679,7.378883,C192R204,53.05,7.38,0.0025757969640435472
6046,DE94C,Leer,Niedersachsen,53.065591,7.570863,C211R202,53.06999999999999,7.57,0.0044926662462239
6047,DE948,Cloppenburg,Niedersachsen,53.074127,7.746672,C229R202,53.06999999999999,7.75,0.005301670774390977
6048,DE94D,"Oldenburg, Landkreis",Niedersachsen,53.063611,8.155489,C270R203,53.059999999999995,8.16,0.0057782732714933204
6049,DE93B,Verden,Niedersachsen,53.085673,9.053952,C359R200,53.089999999999996,9.05,0.005860139332811861
6050,DE937,Rotenburg (Wümme),Niedersachsen,53.067635,9.311415,C385R202,53.06999999999999,9.31,0.002755984397625251
6051,DE93A,Uelzen,Niedersachsen,53.097394,10.531975,C507R199,53.099999999999994,10.530000000000001,0.0032698411276323312
6052,DE93A,Uelzen,Niedersachsen,53.06535,10.791663,C533R202,53.06999999999999,10.79,0.0049384277862410675
6055,DE922,Diepholz,Niedersachsen,52.984837,8.712866,C325R211,52.98,8.71,0.005622323807823083
6056,DE922,Diepholz,Niedersachsen,52.993216,8.835249,C338R210,52.989999999999995,8.84,0.00573712968303994
6057,DE93A,Uelzen,Niedersachsen,52.987033,10.29514,C484R210,52.989999999999995,10.3,0.00569409246500234
6058,DE93A,Uelzen,Niedersachsen,53.014097,10.411979,C495R208,53.01,10.41,0.004549928570869487
6059,DE934,Lüchow-Dannenberg,Niedersachsen,52.99362,11.275294,C582R210,52.989999999999995,11.280000000000001,0.005937241447005652
6060,DE949,Emsland,Niedersachsen,52.893463,7.582744,C212R220,52.89,7.58,0.004418359989857614
6061,DE949,Emsland,Niedersachsen,52.905593,7.648081,C219R218,52.91,7.65,0.004806683888081443
6062,DE94D,"Oldenburg, Landkreis",Niedersachsen,52.935711,8.538914,C308R215,52.94,8.54,0.004424354981237128
6063,DE937,Rotenburg (Wümme),Niedersachsen,52.954623,9.46339,C400R214,52.949999999999996,9.46,0.005732733117808464
6064,DE938,Heidekreis,Niedersachsen,52.934596,9.552114,C409R216,52.93,9.55,0.0050588745784007514
6065,DE938,Heidekreis,Niedersachsen,52.942757,9.700491,C424R215,52.94,9.7,0.002800380331314725
6066,DE93A,Uelzen,Niedersachsen,52.960879,10.404952,C494R213,52.959999999999994,10.4,0.005029408016854707
6067,DE93A,Uelzen,Niedersachsen,52.926884,10.502597,C504R216,52.93,10.5,0.004056336401235688
6068,DE93A,Uelzen,Niedersachsen,52.922869,10.615633,C516R217,52.919999999999995,10.620000000000001,0.005225117223567814
6069,DE93A,Uelzen,Niedersachsen,52.944946,10.77597,C532R215,52.94,10.780000000000001,0.006379954231815023
6070,DE934,Lüchow-Dannenberg,Niedersachsen,52.939336,11.146325,C569R215,52.94,11.15,0.0037345041170159985
6071,DE934,Lüchow-Dannenberg,Niedersachsen,52.918444,11.193847,C573R217,52.919999999999995,11.190000000000001,0.004149764451142926
6072,DE934,Lüchow-Dannenberg,Niedersachsen,52.926065,11.345289,C589R216,52.93,11.35,0.006138220100321531
6073,DE949,Emsland,Niedersachsen,52.854075,7.547327,C209R224,52.849999999999994,7.55,0.004873454011279736
6075,DE948,Cloppenburg,Niedersachsen,52.831642,7.773498,C231R226,52.83,7.77,0.0038642163500528775
6077,DE922,Diepholz,Niedersachsen,52.838672,8.993187,C353R225,52.839999999999996,8.99,0.0034526153854703583
6078,DE922,Diepholz,Niedersachsen,52.867305,9.064639,C360R222,52.87,9.06,0.005365011276779294
6079,DE927,Nienburg (Weser),Niedersachsen,52.873332,9.199466,C374R222,52.87,9.2,0.003374519225015953
6080,DE931,Celle,Niedersachsen,52.859661,9.949833,C449R223,52.86,9.95,0.00037790210372210057
6081,DE93A,Uelzen,Niedersachsen,52.845309,10.749883,C529R224,52.849999999999994,10.75,0.004692458843713351
6082,DE94F,Vechta,Niedersachsen,52.760801,8.227855,C277R233,52.76,8.23,0.0022896781433220104
6083,DE94F,Vechta,Niedersachsen,52.760399,8.370821,C291R233,52.76,8.370000000000001,0.0009128209024768518
6084,DE931,Celle,Niedersachsen,52.778905,9.986713,C453R231,52.779999999999994,9.99,0.0034645914622051547
6085,DE949,Emsland,Niedersachsen,52.686642,7.309171,C185R240,52.69,7.31,0.0034588155487088462
6086,DE949,Emsland,Niedersachsen,52.679306,7.592788,C213R241,52.68,7.59,0.0028730784883122845
6087,DE94F,Vechta,Niedersachsen,52.686986,8.181661,C272R240,52.69,8.18,0.003441383006874265
6088,DE94F,Vechta,Niedersachsen,52.714932,8.258926,C280R238,52.709999999999994,8.26,0.0050475835802921325
6089,DE922,Diepholz,Niedersachsen,52.725731,8.869043,C341R236,52.73,8.870000000000001,0.004374952571165592
6090,DE914,Gifhorn,Niedersachsen,52.702102,10.618687,C516R239,52.699999999999996,10.620000000000001,0.0024783811248488027
6091,DE94B,Grafschaft Bentheim,Niedersachsen,52.617174,6.935032,C148R247,52.62,6.9399999999999995,0.005715531471350002
6092,DE949,Emsland,Niedersachsen,52.631943,7.124558,C166R246,52.629999999999995,7.12,0.0049548575156122395
6093,DE949,Emsland,Niedersachsen,52.610977,7.417556,C196R248,52.61,7.42,0.0026320457822758747
6094,DE94E,"Osnabrück, Landkreis",Niedersachsen,52.640998,7.698307,C224R245,52.64,7.7,0.001965261560201782
6095,DE94F,Vechta,Niedersachsen,52.626916,8.116309,C266R246,52.629999999999995,8.120000000000001,0.004809837523240868
6096,DE94F,Vechta,Niedersachsen,52.628442,8.298291,C284R246,52.629999999999995,8.3,0.0023125840525236177
6097,DE929,Region Hannover,Niedersachsen,52.656136,9.5864,C413R243,52.66,9.59,0.005281145330324117
6098,DE931,Celle,Niedersachsen,52.62133,9.927255,C447R247,52.62,9.93,0.003050233597612309
6099,DE914,Gifhorn,Niedersachsen,52.64838,10.669903,C521R244,52.65,10.67,0.00162290141413011
6100,DE914,Gifhorn,Niedersachsen,52.623542,10.867591,C541R247,52.62,10.870000000000001,0.0042835785273566095
6101,DE949,Emsland,Niedersachsen,52.543136,7.409475,C195R255,52.54,7.41,0.003179641646473204
6102,DE94F,Vechta,Niedersachsen,52.57184,8.043283,C258R252,52.56999999999999,8.04,0.0037634676828745316
6103,DE927,Nienburg (Weser),Niedersachsen,52.567514,9.103866,C364R252,52.56999999999999,9.1,0.004596319397077984
6104,DE927,Nienburg (Weser),Niedersachsen,52.582513,9.248115,C379R251,52.58,9.25,0.0031414000063667486
6105,DE929,Region Hannover,Niedersachsen,52.560962,9.532192,C407R253,52.559999999999995,9.530000000000001,0.0023938061742781176
6106,DE931,Celle,Niedersachsen,52.5885,10.162731,C470R250,52.589999999999996,10.16,0.0031158242890096844
6107,DE914,Gifhorn,Niedersachsen,52.555522,10.650454,C519R253,52.559999999999995,10.65,0.004500955454114805
6108,DE914,Gifhorn,Niedersachsen,52.583743,10.850156,C539R251,52.58,10.85,0.0037462494577911575
6109,DE94B,Grafschaft Bentheim,Niedersachsen,52.465036,7.080789,C162R262,52.47,7.08,0.0050263124654174604
6111,DE94E,"Osnabrück, Landkreis",Niedersachsen,52.466992,7.923368,C246R262,52.47,7.92,0.004515693523702386
6112,DE927,Nienburg (Weser),Niedersachsen,52.505277,9.098006,C364R258,52.51,9.1,0.005126671922405894
6113,DE929,Region Hannover,Niedersachsen,52.524872,9.924718,C446R257,52.519999999999996,9.92,0.006782028310178489
6114,DE929,Region Hannover,Niedersachsen,52.491523,10.150294,C469R260,52.489999999999995,10.15,0.0015511173392165475
6115,DE914,Gifhorn,Niedersachsen,52.516504,10.491307,C503R257,52.519999999999996,10.49,0.00373232702211239
6116,DE914,Gifhorn,Niedersachsen,52.511864,10.889064,C543R258,52.51,10.89,0.0020858072777751734
6117,DE949,Emsland,Niedersachsen,52.426794,7.463231,C200R266,52.43,7.46,0.004551680678605925
6119,DE94F,Vechta,Niedersachsen,52.437993,8.153408,C269R265,52.44,8.15,0.0039550616935767205
6120,DE927,Nienburg (Weser),Niedersachsen,52.450747,8.869042,C341R264,52.449999999999996,8.870000000000001,0.001214813977532097
6121,DE929,Region Hannover,Niedersachsen,52.454134,9.715928,C426R264,52.449999999999996,9.719999999999999,0.0058026838618052134
6122,DE91A,Peine,Niedersachsen,52.43173,10.309413,C485R266,52.43,10.31,0.001826874106228556
6123,DE949,Emsland,Niedersachsen,52.32612,7.338144,C188R276,52.33,7.34,0.0043010621943844534
6124,DE94E,"Osnabrück, Landkreis",Niedersachsen,52.335599,8.028501,C257R275,52.339999999999996,8.03,0.0046492797291566735
6125,DE94E,"Osnabrück, Landkreis",Niedersachsen,52.345503,8.263633,C280R274,52.349999999999994,8.26,0.005781150231566955
6126,DE94E,"Osnabrück, Landkreis",Niedersachsen,52.34591,8.428527,C297R274,52.349999999999994,8.43,0.00434716332795558
6127,DE928,Schaumburg,Niedersachsen,52.363653,9.230359,C377R273,52.36,9.23,0.0036705980439158676
6130,DE91A,Peine,Niedersachsen,52.344525,10.273583,C481R275,52.339999999999996,10.27,0.005771786032071411
6131,DE913,"Wolfsburg, Kreisfreie Stadt",Niedersachsen,52.36369,10.785314,C533R273,52.36,10.79,0.00596445269911558
6132,DEE07,Börde,Sachsen-Anhalt,52.344435,11.003132,C554R275,52.339999999999996,11.0,0.005429424370963518
6133,DE94E,"Osnabrück, Landkreis",Niedersachsen,52.265916,8.156304,C270R282,52.269999999999996,8.16,0.005508127812604617
6134,DE91A,Peine,Niedersachsen,52.28546,10.083764,C462R280,52.29,10.08,0.005897397392069677
6135,DE91A,Peine,Niedersachsen,52.288801,10.237002,C478R280,52.29,10.24,0.0032288705455620786
6136,DE94E,"Osnabrück, Landkreis",Niedersachsen,52.18792,7.966603,C251R290,52.19,7.970000000000001,0.003983215911798057
6137,DE923,Hameln-Pyrmont,Niedersachsen,52.23709,9.46105,C400R285,52.239999999999995,9.46,0.0030936386343522818
6138,DE929,Region Hannover,Niedersachsen,52.217393,9.695991,C424R287,52.22,9.7,0.004782105184956395
6139,DE911,"Braunschweig, Kreisfreie Stadt",Niedersachsen,52.192434,10.511017,C505R290,52.19,10.51,0.002637924373443343
6140,DE917,Helmstedt,Niedersachsen,52.187987,10.995966,C554R290,52.19,11.0,0.004508361675819527
6141,DE94E,"Osnabrück, Landkreis",Niedersachsen,52.137383,8.144652,C268R295,52.14,8.14,0.0053375830672697635
6142,DE923,Hameln-Pyrmont,Niedersachsen,52.155553,9.250512,C379R293,52.16,9.25,0.004476377218241493
6143,DE923,Hameln-Pyrmont,Niedersachsen,52.146369,9.446751,C399R294,52.15,9.45,0.004872387710351072
6144,DE925,Hildesheim,Niedersachsen,52.1428,10.035112,C458R295,52.14,10.04,0.005633164652306621
6145,DE91B,Wolfenbüttel,Niedersachsen,52.148059,10.864268,C540R294,52.15,10.86,0.004688635729077116
6146,DE923,Hameln-Pyrmont,Niedersachsen,52.055261,9.250107,C379R303,52.059999999999995,9.25,0.00474020780134578
6147,DE923,Hameln-Pyrmont,Niedersachsen,52.077801,9.543519,C408R301,52.08,9.54,0.004149573713044943
6148,DE912,"Salzgitter, Kreisfreie Stadt",Niedersachsen,52.065008,10.426004,C497R302,52.06999999999999,10.43,0.006394378781393502
6149,DE91B,Wolfenbüttel,Niedersachsen,52.075244,10.591188,C513R301,52.08,10.59,0.004902130149231667
6150,DE923,Hameln-Pyrmont,Niedersachsen,51.998024,9.220477,C376R309,52.0,9.22,0.0020327579787068747
6151,DE926,Holzminden,Niedersachsen,51.944915,9.375185,C392R315,51.94,9.379999999999999,0.006880512335577109
6152,DE926,Holzminden,Niedersachsen,51.935774,9.492932,C403R315,51.94,9.49,0.005143510474370594
6153,DE925,Hildesheim,Niedersachsen,51.943324,10.064205,C460R315,51.94,10.06,0.005360130688703921
6154,DE916,Goslar,Niedersachsen,51.936766,10.471284,C501R315,51.94,10.469999999999999,0.003479570663170776
6155,DE918,Northeim,Niedersachsen,51.841622,9.724308,C426R325,51.839999999999996,9.719999999999999,0.004603232342607778
6156,DE918,Northeim,Niedersachsen,51.86292,10.043282,C458R323,51.86,10.04,0.004392940245441692
6157,DE916,Goslar,Niedersachsen,51.832396,10.272365,C481R326,51.83,10.27,0.0033666067486456757
6158,DE91C,Göttingen,Niedersachsen,51.706755,10.308709,C485R338,51.709999999999994,10.31,0.0034923782727465913
6160,DE916,Goslar,Niedersachsen,51.700036,10.633425,C517R339,51.699999999999996,10.629999999999999,0.0034251891918567583
6161,DE91C,Göttingen,Niedersachsen,51.645289,10.290125,C483R344,51.65,10.29,0.0047126580610101
6162,DE91C,Göttingen,Niedersachsen,51.568756,10.1858,C473R352,51.56999999999999,10.190000000000001,0.0043803579762376876
6163,DE91C,Göttingen,Niedersachsen,51.588571,10.262638,C480R350,51.589999999999996,10.26,0.003000180827881866
6164,DE91C,Göttingen,Niedersachsen,51.497296,10.268574,C481R359,51.5,10.27,0.003056974321123499
6165,DEB13,Altenkirchen (Westerwald),Rheinland-Pfalz,50.665337,7.562221,C210R442,50.669999999999995,7.5600000000000005,0.005164921102973295
6166,DEB12,Ahrweiler,Rheinland-Pfalz,50.531612,7.208002,C175R456,50.529999999999994,7.21,0.002567206263631596
6167,DEB18,Neuwied,Rheinland-Pfalz,50.438399,7.457011,C200R465,50.44,7.46,0.003390770119014976
6168,DEA28,Euskirchen,Nordrhein-Westfalen,50.367235,6.686173,C123R472,50.37,6.6899999999999995,0.004721350866010295
6169,DEB17,Mayen-Koblenz,Rheinland-Pfalz,50.400964,7.470331,C201R469,50.4,7.470000000000001,0.0010192433468047852
6171,DEB24,Vulkaneifel,Rheinland-Pfalz,50.285435,6.702995,C124R480,50.29,6.7,0.0054597847942928854
6172,DEB17,Mayen-Koblenz,Rheinland-Pfalz,50.304793,7.218817,C176R479,50.3,7.22,0.00493683481595186
6173,DEB23,Eifelkreis Bitburg-Prüm,Rheinland-Pfalz,50.235832,6.229151,C77R485,50.239999999999995,6.23,0.0042535896605033815
6174,DEB24,Vulkaneifel,Rheinland-Pfalz,50.231958,6.768327,C131R486,50.23,6.77,0.0025754015220942426
6175,DEB17,Mayen-Koblenz,Rheinland-Pfalz,50.235001,7.340125,C188R485,50.239999999999995,7.34,0.005000562568349656
6176,DEB1A,Rhein-Lahn-Kreis,Rheinland-Pfalz,50.271048,8.006028,C255R482,50.269999999999996,8.01,0.004107929892294027
6177,DEB1D,Rhein-Hunsrück-Kreis,Rheinland-Pfalz,50.180345,7.464548,C200R491,50.18,7.46,0.004561066651562983
6178,DEB23,Eifelkreis Bitburg-Prüm,Rheinland-Pfalz,49.929892,6.387898,C93R516,49.93,6.39,0.0021047726718101158
6179,DEB23,Eifelkreis Bitburg-Prüm,Rheinland-Pfalz,49.933775,6.590588,C113R516,49.93,6.59,0.0038205194672951315
6180,DEB22,Bernkastel-Wittlich,Rheinland-Pfalz,49.931175,6.951775,C149R516,49.93,6.95,0.0021286732957422334
6181,DEB22,Bernkastel-Wittlich,Rheinland-Pfalz,49.967309,7.028371,C157R512,49.97,7.03,0.0031456512839146493
6182,DEB22,Bernkastel-Wittlich,Rheinland-Pfalz,49.947776,7.10212,C164R514,49.949999999999996,7.1,0.003072552033732629
6183,DEB3J,Mainz-Bingen,Rheinland-Pfalz,49.953651,8.122838,C266R514,49.949999999999996,8.120000000000001,0.004624288593938455
6184,DEB3B,Alzey-Worms,Rheinland-Pfalz,49.876573,8.121561,C266R521,49.879999999999995,8.120000000000001,0.003765773492917725
6185,DEB3J,Mainz-Bingen,Rheinland-Pfalz,49.886271,8.23223,C277R520,49.88999999999999,8.23,0.004344921288118104
6186,DEB25,Trier-Saarburg,Rheinland-Pfalz,49.811249,6.808994,C135R528,49.809999999999995,6.8100000000000005,0.0016037571511934216
6187,DEB22,Bernkastel-Wittlich,Rheinland-Pfalz,49.79851,6.918308,C146R529,49.8,6.92,0.0022545429692049676
6188,DEB14,Bad Kreuznach,Rheinland-Pfalz,49.82572,7.471525,C201R526,49.83,7.470000000000001,0.0045435696319093884
6189,DEB25,Trier-Saarburg,Rheinland-Pfalz,49.709484,6.950086,C149R538,49.709999999999994,6.95,0.0005231175775961223
6190,DEB25,Trier-Saarburg,Rheinland-Pfalz,49.62915,6.508871,C105R546,49.629999999999995,6.51,0.0014132023917284198
6191,DEB15,Birkenfeld,Rheinland-Pfalz,49.685036,7.238421,C178R540,49.69,7.24,0.005209082164835961
6192,DEB3B,Alzey-Worms,Rheinland-Pfalz,49.692397,8.176341,C272R540,49.69,8.18,0.004374230217992869
6193,DEB15,Birkenfeld,Rheinland-Pfalz,49.619376,7.276142,C182R547,49.62,7.28,0.003908137663900115
6194,DEB3G,Kusel,Rheinland-Pfalz,49.580665,7.517261,C206R551,49.58,7.52,0.002818571624068133
6195,DEB3G,Kusel,Rheinland-Pfalz,49.508564,7.372246,C191R558,49.51,7.37,0.002665822949858589
6196,DEB3G,Kusel,Rheinland-Pfalz,49.524498,7.469561,C201R557,49.519999999999996,7.470000000000001,0.004519372190918536
6197,DEB3D,Donnersbergkreis,Rheinland-Pfalz,49.556585,7.837249,C238R553,49.559999999999995,7.84,0.004385228158257916
6198,DEB3C,Bad Dürkheim,Rheinland-Pfalz,49.5642,8.16899,C271R553,49.559999999999995,8.17,0.004319733788097973
6199,DEB31,"Frankenthal (Pfalz), Kreisfreie Stadt",Rheinland-Pfalz,49.557826,8.404808,C294R553,49.559999999999995,8.4,0.005276659928399183
6200,DEB3G,Kusel,Rheinland-Pfalz,49.44911,7.383742,C192R564,49.449999999999996,7.38,0.0038463832362358643
6201,DEB3C,Bad Dürkheim,Rheinland-Pfalz,49.461319,8.265255,C281R563,49.459999999999994,8.27,0.004924914821600742
6202,DEB34,"Ludwigshafen am Rhein, Kreisfreie Stadt",Rheinland-Pfalz,49.471779,8.372117,C291R562,49.47,8.370000000000001,0.0027652359754621035
6203,DEB3C,Bad Dürkheim,Rheinland-Pfalz,49.402537,8.264072,C280R569,49.4,8.26,0.004797661201046324
6204,DEB36,"Neustadt an der Weinstraße, Kreisfreie Stadt",Rheinland-Pfalz,49.323384,8.163876,C270R577,49.31999999999999,8.16,0.0051453699575470125
6205,DEB3A,"Zweibrücken, Kreisfreie Stadt",Rheinland-Pfalz,49.251206,7.41185,C195R584,49.25,7.41,0.0022083785907331672
6207,DEB3H,Südliche Weinstraße,Rheinland-Pfalz,49.236101,8.14616,C269R585,49.239999999999995,8.15,0.005472458405504671
6208,DEB3E,Germersheim,Rheinland-Pfalz,49.240987,8.289078,C283R585,49.239999999999995,8.29,0.0013506491032102353
6210,DEB3E,Germersheim,Rheinland-Pfalz,49.186116,8.317715,C286R590,49.19,8.32,0.004506293488000673
6211,DE939,Stade,Niedersachsen,53.522595,9.333226,C387R157,53.519999999999996,9.33,0.004140181276228411
