location,FertilizerScenario,crop,Event,vType,DVS,Amount
2,2,winter_wheat,1,PK,0.001,40
2,2,winter_wheat,2,KAS,0.25,32
2,2,winter_wheat,3,KAS,0.4,16
2,2,winter_wheat,4,KAS,0.9,16
3,2,winter_wheat,1,PK,0.001,40
3,2,winter_wheat,2,KAS,0.25,32
3,2,winter_wheat,3,KAS,0.4,16
3,2,winter_wheat,4,KAS,0.9,16
4,2,winter_wheat,1,PK,0.001,40
4,2,winter_wheat,2,KAS,0.25,32
4,2,winter_wheat,3,KAS,0.4,16
4,2,winter_wheat,4,KAS,0.9,16
5,2,winter_wheat,1,PK,0.001,40
5,2,winter_wheat,2,KAS,0.25,32
5,2,winter_wheat,3,KAS,0.4,16
5,2,winter_wheat,4,KAS,0.9,16
6,2,winter_wheat,1,PK,0.001,40
6,2,winter_wheat,2,KAS,0.25,32
6,2,winter_wheat,3,KAS,0.4,16
6,2,winter_wheat,4,KAS,0.9,16
7,2,winter_wheat,1,PK,0.001,40
7,2,winter_wheat,2,KAS,0.25,32
7,2,winter_wheat,3,KAS,0.4,16
7,2,winter_wheat,4,KAS,0.9,16
8,2,winter_wheat,1,PK,0.001,40
8,2,winter_wheat,2,KAS,0.25,32
8,2,winter_wheat,3,KAS,0.4,16
8,2,winter_wheat,4,KAS,0.9,16
10,2,winter_wheat,1,PK,0.001,40
10,2,winter_wheat,2,KAS,0.25,32
10,2,winter_wheat,3,KAS,0.4,16
10,2,winter_wheat,4,KAS,0.9,16
11,2,winter_wheat,1,PK,0.001,40
11,2,winter_wheat,2,KAS,0.25,32
11,2,winter_wheat,3,KAS,0.4,16
11,2,winter_wheat,4,KAS,0.9,16
14,2,winter_wheat,1,PK,0.001,40
14,2,winter_wheat,2,KAS,0.25,32
14,2,winter_wheat,3,KAS,0.4,16
14,2,winter_wheat,4,KAS,0.9,16
16,2,winter_wheat,1,PK,0.001,40
16,2,winter_wheat,2,KAS,0.25,32
16,2,winter_wheat,3,KAS,0.4,16
16,2,winter_wheat,4,KAS,0.9,16
17,2,winter_wheat,1,PK,0.001,40
17,2,winter_wheat,2,KAS,0.25,32
17,2,winter_wheat,3,KAS,0.4,16
17,2,winter_wheat,4,KAS,0.9,16
18,2,winter_wheat,1,PK,0.001,40
18,2,winter_wheat,2,KAS,0.25,32
18,2,winter_wheat,3,KAS,0.4,16
18,2,winter_wheat,4,KAS,0.9,16
19,2,winter_wheat,1,PK,0.001,40
19,2,winter_wheat,2,KAS,0.25,32
19,2,winter_wheat,3,KAS,0.4,16
19,2,winter_wheat,4,KAS,0.9,16
20,2,winter_wheat,1,PK,0.001,40
20,2,winter_wheat,2,KAS,0.25,32
20,2,winter_wheat,3,KAS,0.4,16
20,2,winter_wheat,4,KAS,0.9,16
21,2,winter_wheat,1,PK,0.001,40
21,2,winter_wheat,2,KAS,0.25,32
21,2,winter_wheat,3,KAS,0.4,16
21,2,winter_wheat,4,KAS,0.9,16
22,2,winter_wheat,1,PK,0.001,40
22,2,winter_wheat,2,KAS,0.25,32
22,2,winter_wheat,3,KAS,0.4,16
22,2,winter_wheat,4,KAS,0.9,16
23,2,winter_wheat,1,PK,0.001,40
23,2,winter_wheat,2,KAS,0.25,32
23,2,winter_wheat,3,KAS,0.4,16
23,2,winter_wheat,4,KAS,0.9,16
24,2,winter_wheat,1,PK,0.001,40
24,2,winter_wheat,2,KAS,0.25,32
24,2,winter_wheat,3,KAS,0.4,16
24,2,winter_wheat,4,KAS,0.9,16
25,2,winter_wheat,1,PK,0.001,40
25,2,winter_wheat,2,KAS,0.25,32
25,2,winter_wheat,3,KAS,0.4,16
25,2,winter_wheat,4,KAS,0.9,16
27,2,winter_wheat,1,PK,0.001,40
27,2,winter_wheat,2,KAS,0.25,32
27,2,winter_wheat,3,KAS,0.4,16
27,2,winter_wheat,4,KAS,0.9,16
28,2,winter_wheat,1,PK,0.001,40
28,2,winter_wheat,2,KAS,0.25,32
28,2,winter_wheat,3,KAS,0.4,16
28,2,winter_wheat,4,KAS,0.9,16
29,2,winter_wheat,1,PK,0.001,40
29,2,winter_wheat,2,KAS,0.25,32
29,2,winter_wheat,3,KAS,0.4,16
29,2,winter_wheat,4,KAS,0.9,16
30,2,winter_wheat,1,PK,0.001,40
30,2,winter_wheat,2,KAS,0.25,32
30,2,winter_wheat,3,KAS,0.4,16
30,2,winter_wheat,4,KAS,0.9,16
31,2,winter_wheat,1,PK,0.001,40
31,2,winter_wheat,2,KAS,0.25,32
31,2,winter_wheat,3,KAS,0.4,16
31,2,winter_wheat,4,KAS,0.9,16
32,2,winter_wheat,1,PK,0.001,40
32,2,winter_wheat,2,KAS,0.25,32
32,2,winter_wheat,3,KAS,0.4,16
32,2,winter_wheat,4,KAS,0.9,16
33,2,winter_wheat,1,PK,0.001,40
33,2,winter_wheat,2,KAS,0.25,32
33,2,winter_wheat,3,KAS,0.4,16
33,2,winter_wheat,4,KAS,0.9,16
35,2,winter_wheat,1,PK,0.001,40
35,2,winter_wheat,2,KAS,0.25,32
35,2,winter_wheat,3,KAS,0.4,16
35,2,winter_wheat,4,KAS,0.9,16
36,2,winter_wheat,1,PK,0.001,40
36,2,winter_wheat,2,KAS,0.25,32
36,2,winter_wheat,3,KAS,0.4,16
36,2,winter_wheat,4,KAS,0.9,16
37,2,winter_wheat,1,PK,0.001,40
37,2,winter_wheat,2,KAS,0.25,32
37,2,winter_wheat,3,KAS,0.4,16
37,2,winter_wheat,4,KAS,0.9,16
38,2,winter_wheat,1,PK,0.001,40
38,2,winter_wheat,2,KAS,0.25,32
38,2,winter_wheat,3,KAS,0.4,16
38,2,winter_wheat,4,KAS,0.9,16
41,2,winter_wheat,1,PK,0.001,40
41,2,winter_wheat,2,KAS,0.25,32
41,2,winter_wheat,3,KAS,0.4,16
41,2,winter_wheat,4,KAS,0.9,16
42,2,winter_wheat,1,PK,0.001,40
42,2,winter_wheat,2,KAS,0.25,32
42,2,winter_wheat,3,KAS,0.4,16
42,2,winter_wheat,4,KAS,0.9,16
43,2,winter_wheat,1,PK,0.001,40
43,2,winter_wheat,2,KAS,0.25,32
43,2,winter_wheat,3,KAS,0.4,16
43,2,winter_wheat,4,KAS,0.9,16
46,2,winter_wheat,1,PK,0.001,40
46,2,winter_wheat,2,KAS,0.25,32
46,2,winter_wheat,3,KAS,0.4,16
46,2,winter_wheat,4,KAS,0.9,16
48,2,winter_wheat,1,PK,0.001,40
48,2,winter_wheat,2,KAS,0.25,32
48,2,winter_wheat,3,KAS,0.4,16
48,2,winter_wheat,4,KAS,0.9,16
49,2,winter_wheat,1,PK,0.001,40
49,2,winter_wheat,2,KAS,0.25,32
49,2,winter_wheat,3,KAS,0.4,16
49,2,winter_wheat,4,KAS,0.9,16
50,2,winter_wheat,1,PK,0.001,40
50,2,winter_wheat,2,KAS,0.25,32
50,2,winter_wheat,3,KAS,0.4,16
50,2,winter_wheat,4,KAS,0.9,16
52,2,winter_wheat,1,PK,0.001,40
52,2,winter_wheat,2,KAS,0.25,32
52,2,winter_wheat,3,KAS,0.4,16
52,2,winter_wheat,4,KAS,0.9,16
57,2,winter_wheat,1,PK,0.001,40
57,2,winter_wheat,2,KAS,0.25,32
57,2,winter_wheat,3,KAS,0.4,16
57,2,winter_wheat,4,KAS,0.9,16
58,2,winter_wheat,1,PK,0.001,40
58,2,winter_wheat,2,KAS,0.25,32
58,2,winter_wheat,3,KAS,0.4,16
58,2,winter_wheat,4,KAS,0.9,16
59,2,winter_wheat,1,PK,0.001,40
59,2,winter_wheat,2,KAS,0.25,32
59,2,winter_wheat,3,KAS,0.4,16
59,2,winter_wheat,4,KAS,0.9,16
60,2,winter_wheat,1,PK,0.001,40
60,2,winter_wheat,2,KAS,0.25,32
60,2,winter_wheat,3,KAS,0.4,16
60,2,winter_wheat,4,KAS,0.9,16
62,2,winter_wheat,1,PK,0.001,40
62,2,winter_wheat,2,KAS,0.25,32
62,2,winter_wheat,3,KAS,0.4,16
62,2,winter_wheat,4,KAS,0.9,16
63,2,winter_wheat,1,PK,0.001,40
63,2,winter_wheat,2,KAS,0.25,32
63,2,winter_wheat,3,KAS,0.4,16
63,2,winter_wheat,4,KAS,0.9,16
64,2,winter_wheat,1,PK,0.001,40
64,2,winter_wheat,2,KAS,0.25,32
64,2,winter_wheat,3,KAS,0.4,16
64,2,winter_wheat,4,KAS,0.9,16
65,2,winter_wheat,1,PK,0.001,40
65,2,winter_wheat,2,KAS,0.25,32
65,2,winter_wheat,3,KAS,0.4,16
65,2,winter_wheat,4,KAS,0.9,16
66,2,winter_wheat,1,PK,0.001,40
66,2,winter_wheat,2,KAS,0.25,32
66,2,winter_wheat,3,KAS,0.4,16
66,2,winter_wheat,4,KAS,0.9,16
67,2,winter_wheat,1,PK,0.001,40
67,2,winter_wheat,2,KAS,0.25,32
67,2,winter_wheat,3,KAS,0.4,16
67,2,winter_wheat,4,KAS,0.9,16
68,2,winter_wheat,1,PK,0.001,40
68,2,winter_wheat,2,KAS,0.25,32
68,2,winter_wheat,3,KAS,0.4,16
68,2,winter_wheat,4,KAS,0.9,16
71,2,winter_wheat,1,PK,0.001,40
71,2,winter_wheat,2,KAS,0.25,32
71,2,winter_wheat,3,KAS,0.4,16
71,2,winter_wheat,4,KAS,0.9,16
73,2,winter_wheat,1,PK,0.001,40
73,2,winter_wheat,2,KAS,0.25,32
73,2,winter_wheat,3,KAS,0.4,16
73,2,winter_wheat,4,KAS,0.9,16
74,2,winter_wheat,1,PK,0.001,40
74,2,winter_wheat,2,KAS,0.25,32
74,2,winter_wheat,3,KAS,0.4,16
74,2,winter_wheat,4,KAS,0.9,16
75,2,winter_wheat,1,PK,0.001,40
75,2,winter_wheat,2,KAS,0.25,32
75,2,winter_wheat,3,KAS,0.4,16
75,2,winter_wheat,4,KAS,0.9,16
76,2,winter_wheat,1,PK,0.001,40
76,2,winter_wheat,2,KAS,0.25,32
76,2,winter_wheat,3,KAS,0.4,16
76,2,winter_wheat,4,KAS,0.9,16
77,2,winter_wheat,1,PK,0.001,40
77,2,winter_wheat,2,KAS,0.25,32
77,2,winter_wheat,3,KAS,0.4,16
77,2,winter_wheat,4,KAS,0.9,16
78,2,winter_wheat,1,PK,0.001,40
78,2,winter_wheat,2,KAS,0.25,32
78,2,winter_wheat,3,KAS,0.4,16
78,2,winter_wheat,4,KAS,0.9,16
80,2,winter_wheat,1,PK,0.001,40
80,2,winter_wheat,2,KAS,0.25,32
80,2,winter_wheat,3,KAS,0.4,16
80,2,winter_wheat,4,KAS,0.9,16
81,2,winter_wheat,1,PK,0.001,40
81,2,winter_wheat,2,KAS,0.25,32
81,2,winter_wheat,3,KAS,0.4,16
81,2,winter_wheat,4,KAS,0.9,16
82,2,winter_wheat,1,PK,0.001,40
82,2,winter_wheat,2,KAS,0.25,32
82,2,winter_wheat,3,KAS,0.4,16
82,2,winter_wheat,4,KAS,0.9,16
83,2,winter_wheat,1,PK,0.001,40
83,2,winter_wheat,2,KAS,0.25,32
83,2,winter_wheat,3,KAS,0.4,16
83,2,winter_wheat,4,KAS,0.9,16
84,2,winter_wheat,1,PK,0.001,40
84,2,winter_wheat,2,KAS,0.25,32
84,2,winter_wheat,3,KAS,0.4,16
84,2,winter_wheat,4,KAS,0.9,16
85,2,winter_wheat,1,PK,0.001,40
85,2,winter_wheat,2,KAS,0.25,32
85,2,winter_wheat,3,KAS,0.4,16
85,2,winter_wheat,4,KAS,0.9,16
86,2,winter_wheat,1,PK,0.001,40
86,2,winter_wheat,2,KAS,0.25,32
86,2,winter_wheat,3,KAS,0.4,16
86,2,winter_wheat,4,KAS,0.9,16
87,2,winter_wheat,1,PK,0.001,40
87,2,winter_wheat,2,KAS,0.25,32
87,2,winter_wheat,3,KAS,0.4,16
87,2,winter_wheat,4,KAS,0.9,16
88,2,winter_wheat,1,PK,0.001,40
88,2,winter_wheat,2,KAS,0.25,32
88,2,winter_wheat,3,KAS,0.4,16
88,2,winter_wheat,4,KAS,0.9,16
89,2,winter_wheat,1,PK,0.001,40
89,2,winter_wheat,2,KAS,0.25,32
89,2,winter_wheat,3,KAS,0.4,16
89,2,winter_wheat,4,KAS,0.9,16
91,2,winter_wheat,1,PK,0.001,40
91,2,winter_wheat,2,KAS,0.25,32
91,2,winter_wheat,3,KAS,0.4,16
91,2,winter_wheat,4,KAS,0.9,16
92,2,winter_wheat,1,PK,0.001,40
92,2,winter_wheat,2,KAS,0.25,32
92,2,winter_wheat,3,KAS,0.4,16
92,2,winter_wheat,4,KAS,0.9,16
93,2,winter_wheat,1,PK,0.001,40
93,2,winter_wheat,2,KAS,0.25,32
93,2,winter_wheat,3,KAS,0.4,16
93,2,winter_wheat,4,KAS,0.9,16
95,2,winter_wheat,1,PK,0.001,40
95,2,winter_wheat,2,KAS,0.25,32
95,2,winter_wheat,3,KAS,0.4,16
95,2,winter_wheat,4,KAS,0.9,16
96,2,winter_wheat,1,PK,0.001,40
96,2,winter_wheat,2,KAS,0.25,32
96,2,winter_wheat,3,KAS,0.4,16
96,2,winter_wheat,4,KAS,0.9,16
98,2,winter_wheat,1,PK,0.001,40
98,2,winter_wheat,2,KAS,0.25,32
98,2,winter_wheat,3,KAS,0.4,16
98,2,winter_wheat,4,KAS,0.9,16
100,2,winter_wheat,1,PK,0.001,40
100,2,winter_wheat,2,KAS,0.25,32
100,2,winter_wheat,3,KAS,0.4,16
100,2,winter_wheat,4,KAS,0.9,16
101,2,winter_wheat,1,PK,0.001,40
101,2,winter_wheat,2,KAS,0.25,32
101,2,winter_wheat,3,KAS,0.4,16
101,2,winter_wheat,4,KAS,0.9,16
102,2,winter_wheat,1,PK,0.001,40
102,2,winter_wheat,2,KAS,0.25,32
102,2,winter_wheat,3,KAS,0.4,16
102,2,winter_wheat,4,KAS,0.9,16
104,2,winter_wheat,1,PK,0.001,40
104,2,winter_wheat,2,KAS,0.25,32
104,2,winter_wheat,3,KAS,0.4,16
104,2,winter_wheat,4,KAS,0.9,16
106,2,winter_wheat,1,PK,0.001,40
106,2,winter_wheat,2,KAS,0.25,32
106,2,winter_wheat,3,KAS,0.4,16
106,2,winter_wheat,4,KAS,0.9,16
107,2,winter_wheat,1,PK,0.001,40
107,2,winter_wheat,2,KAS,0.25,32
107,2,winter_wheat,3,KAS,0.4,16
107,2,winter_wheat,4,KAS,0.9,16
112,2,winter_wheat,1,PK,0.001,40
112,2,winter_wheat,2,KAS,0.25,32
112,2,winter_wheat,3,KAS,0.4,16
112,2,winter_wheat,4,KAS,0.9,16
113,2,winter_wheat,1,PK,0.001,40
113,2,winter_wheat,2,KAS,0.25,32
113,2,winter_wheat,3,KAS,0.4,16
113,2,winter_wheat,4,KAS,0.9,16
114,2,winter_wheat,1,PK,0.001,40
114,2,winter_wheat,2,KAS,0.25,32
114,2,winter_wheat,3,KAS,0.4,16
114,2,winter_wheat,4,KAS,0.9,16
116,2,winter_wheat,1,PK,0.001,40
116,2,winter_wheat,2,KAS,0.25,32
116,2,winter_wheat,3,KAS,0.4,16
116,2,winter_wheat,4,KAS,0.9,16
119,2,winter_wheat,1,PK,0.001,40
119,2,winter_wheat,2,KAS,0.25,32
119,2,winter_wheat,3,KAS,0.4,16
119,2,winter_wheat,4,KAS,0.9,16
120,2,winter_wheat,1,PK,0.001,40
120,2,winter_wheat,2,KAS,0.25,32
120,2,winter_wheat,3,KAS,0.4,16
120,2,winter_wheat,4,KAS,0.9,16
121,2,winter_wheat,1,PK,0.001,40
121,2,winter_wheat,2,KAS,0.25,32
121,2,winter_wheat,3,KAS,0.4,16
121,2,winter_wheat,4,KAS,0.9,16
123,2,winter_wheat,1,PK,0.001,40
123,2,winter_wheat,2,KAS,0.25,32
123,2,winter_wheat,3,KAS,0.4,16
123,2,winter_wheat,4,KAS,0.9,16
124,2,winter_wheat,1,PK,0.001,40
124,2,winter_wheat,2,KAS,0.25,32
124,2,winter_wheat,3,KAS,0.4,16
124,2,winter_wheat,4,KAS,0.9,16
125,2,winter_wheat,1,PK,0.001,40
125,2,winter_wheat,2,KAS,0.25,32
125,2,winter_wheat,3,KAS,0.4,16
125,2,winter_wheat,4,KAS,0.9,16
126,2,winter_wheat,1,PK,0.001,40
126,2,winter_wheat,2,KAS,0.25,32
126,2,winter_wheat,3,KAS,0.4,16
126,2,winter_wheat,4,KAS,0.9,16
127,2,winter_wheat,1,PK,0.001,40
127,2,winter_wheat,2,KAS,0.25,32
127,2,winter_wheat,3,KAS,0.4,16
127,2,winter_wheat,4,KAS,0.9,16
128,2,winter_wheat,1,PK,0.001,40
128,2,winter_wheat,2,KAS,0.25,32
128,2,winter_wheat,3,KAS,0.4,16
128,2,winter_wheat,4,KAS,0.9,16
129,2,winter_wheat,1,PK,0.001,40
129,2,winter_wheat,2,KAS,0.25,32
129,2,winter_wheat,3,KAS,0.4,16
129,2,winter_wheat,4,KAS,0.9,16
131,2,winter_wheat,1,PK,0.001,40
131,2,winter_wheat,2,KAS,0.25,32
131,2,winter_wheat,3,KAS,0.4,16
131,2,winter_wheat,4,KAS,0.9,16
132,2,winter_wheat,1,PK,0.001,40
132,2,winter_wheat,2,KAS,0.25,32
132,2,winter_wheat,3,KAS,0.4,16
132,2,winter_wheat,4,KAS,0.9,16
134,2,winter_wheat,1,PK,0.001,40
134,2,winter_wheat,2,KAS,0.25,32
134,2,winter_wheat,3,KAS,0.4,16
134,2,winter_wheat,4,KAS,0.9,16
136,2,winter_wheat,1,PK,0.001,40
136,2,winter_wheat,2,KAS,0.25,32
136,2,winter_wheat,3,KAS,0.4,16
136,2,winter_wheat,4,KAS,0.9,16
137,2,winter_wheat,1,PK,0.001,40
137,2,winter_wheat,2,KAS,0.25,32
137,2,winter_wheat,3,KAS,0.4,16
137,2,winter_wheat,4,KAS,0.9,16
138,2,winter_wheat,1,PK,0.001,40
138,2,winter_wheat,2,KAS,0.25,32
138,2,winter_wheat,3,KAS,0.4,16
138,2,winter_wheat,4,KAS,0.9,16
140,2,winter_wheat,1,PK,0.001,40
140,2,winter_wheat,2,KAS,0.25,32
140,2,winter_wheat,3,KAS,0.4,16
140,2,winter_wheat,4,KAS,0.9,16
141,2,winter_wheat,1,PK,0.001,40
141,2,winter_wheat,2,KAS,0.25,32
141,2,winter_wheat,3,KAS,0.4,16
141,2,winter_wheat,4,KAS,0.9,16
144,2,winter_wheat,1,PK,0.001,40
144,2,winter_wheat,2,KAS,0.25,32
144,2,winter_wheat,3,KAS,0.4,16
144,2,winter_wheat,4,KAS,0.9,16
145,2,winter_wheat,1,PK,0.001,40
145,2,winter_wheat,2,KAS,0.25,32
145,2,winter_wheat,3,KAS,0.4,16
145,2,winter_wheat,4,KAS,0.9,16
146,2,winter_wheat,1,PK,0.001,40
146,2,winter_wheat,2,KAS,0.25,32
146,2,winter_wheat,3,KAS,0.4,16
146,2,winter_wheat,4,KAS,0.9,16
147,2,winter_wheat,1,PK,0.001,40
147,2,winter_wheat,2,KAS,0.25,32
147,2,winter_wheat,3,KAS,0.4,16
147,2,winter_wheat,4,KAS,0.9,16
148,2,winter_wheat,1,PK,0.001,40
148,2,winter_wheat,2,KAS,0.25,32
148,2,winter_wheat,3,KAS,0.4,16
148,2,winter_wheat,4,KAS,0.9,16
149,2,winter_wheat,1,PK,0.001,40
149,2,winter_wheat,2,KAS,0.25,32
149,2,winter_wheat,3,KAS,0.4,16
149,2,winter_wheat,4,KAS,0.9,16
150,2,winter_wheat,1,PK,0.001,40
150,2,winter_wheat,2,KAS,0.25,32
150,2,winter_wheat,3,KAS,0.4,16
150,2,winter_wheat,4,KAS,0.9,16
151,2,winter_wheat,1,PK,0.001,40
151,2,winter_wheat,2,KAS,0.25,32
151,2,winter_wheat,3,KAS,0.4,16
151,2,winter_wheat,4,KAS,0.9,16
152,2,winter_wheat,1,PK,0.001,40
152,2,winter_wheat,2,KAS,0.25,32
152,2,winter_wheat,3,KAS,0.4,16
152,2,winter_wheat,4,KAS,0.9,16
153,2,winter_wheat,1,PK,0.001,40
153,2,winter_wheat,2,KAS,0.25,32
153,2,winter_wheat,3,KAS,0.4,16
153,2,winter_wheat,4,KAS,0.9,16
155,2,winter_wheat,1,PK,0.001,40
155,2,winter_wheat,2,KAS,0.25,32
155,2,winter_wheat,3,KAS,0.4,16
155,2,winter_wheat,4,KAS,0.9,16
156,2,winter_wheat,1,PK,0.001,40
156,2,winter_wheat,2,KAS,0.25,32
156,2,winter_wheat,3,KAS,0.4,16
156,2,winter_wheat,4,KAS,0.9,16
158,2,winter_wheat,1,PK,0.001,40
158,2,winter_wheat,2,KAS,0.25,32
158,2,winter_wheat,3,KAS,0.4,16
158,2,winter_wheat,4,KAS,0.9,16
160,2,winter_wheat,1,PK,0.001,40
160,2,winter_wheat,2,KAS,0.25,32
160,2,winter_wheat,3,KAS,0.4,16
160,2,winter_wheat,4,KAS,0.9,16
161,2,winter_wheat,1,PK,0.001,40
161,2,winter_wheat,2,KAS,0.25,32
161,2,winter_wheat,3,KAS,0.4,16
161,2,winter_wheat,4,KAS,0.9,16
162,2,winter_wheat,1,PK,0.001,40
162,2,winter_wheat,2,KAS,0.25,32
162,2,winter_wheat,3,KAS,0.4,16
162,2,winter_wheat,4,KAS,0.9,16
166,2,winter_wheat,1,PK,0.001,40
166,2,winter_wheat,2,KAS,0.25,32
166,2,winter_wheat,3,KAS,0.4,16
166,2,winter_wheat,4,KAS,0.9,16
167,2,winter_wheat,1,PK,0.001,40
167,2,winter_wheat,2,KAS,0.25,32
167,2,winter_wheat,3,KAS,0.4,16
167,2,winter_wheat,4,KAS,0.9,16
170,2,winter_wheat,1,PK,0.001,40
170,2,winter_wheat,2,KAS,0.25,32
170,2,winter_wheat,3,KAS,0.4,16
170,2,winter_wheat,4,KAS,0.9,16
171,2,winter_wheat,1,PK,0.001,40
171,2,winter_wheat,2,KAS,0.25,32
171,2,winter_wheat,3,KAS,0.4,16
171,2,winter_wheat,4,KAS,0.9,16
172,2,winter_wheat,1,PK,0.001,40
172,2,winter_wheat,2,KAS,0.25,32
172,2,winter_wheat,3,KAS,0.4,16
172,2,winter_wheat,4,KAS,0.9,16
175,2,winter_wheat,1,PK,0.001,40
175,2,winter_wheat,2,KAS,0.25,32
175,2,winter_wheat,3,KAS,0.4,16
175,2,winter_wheat,4,KAS,0.9,16
176,2,winter_wheat,1,PK,0.001,40
176,2,winter_wheat,2,KAS,0.25,32
176,2,winter_wheat,3,KAS,0.4,16
176,2,winter_wheat,4,KAS,0.9,16
177,2,winter_wheat,1,PK,0.001,40
177,2,winter_wheat,2,KAS,0.25,32
177,2,winter_wheat,3,KAS,0.4,16
177,2,winter_wheat,4,KAS,0.9,16
179,2,winter_wheat,1,PK,0.001,40
179,2,winter_wheat,2,KAS,0.25,32
179,2,winter_wheat,3,KAS,0.4,16
179,2,winter_wheat,4,KAS,0.9,16
181,2,winter_wheat,1,PK,0.001,40
181,2,winter_wheat,2,KAS,0.25,32
181,2,winter_wheat,3,KAS,0.4,16
181,2,winter_wheat,4,KAS,0.9,16
182,2,winter_wheat,1,PK,0.001,40
182,2,winter_wheat,2,KAS,0.25,32
182,2,winter_wheat,3,KAS,0.4,16
182,2,winter_wheat,4,KAS,0.9,16
183,2,winter_wheat,1,PK,0.001,40
183,2,winter_wheat,2,KAS,0.25,32
183,2,winter_wheat,3,KAS,0.4,16
183,2,winter_wheat,4,KAS,0.9,16
185,2,winter_wheat,1,PK,0.001,40
185,2,winter_wheat,2,KAS,0.25,32
185,2,winter_wheat,3,KAS,0.4,16
185,2,winter_wheat,4,KAS,0.9,16
186,2,winter_wheat,1,PK,0.001,40
186,2,winter_wheat,2,KAS,0.25,32
186,2,winter_wheat,3,KAS,0.4,16
186,2,winter_wheat,4,KAS,0.9,16
187,2,winter_wheat,1,PK,0.001,40
187,2,winter_wheat,2,KAS,0.25,32
187,2,winter_wheat,3,KAS,0.4,16
187,2,winter_wheat,4,KAS,0.9,16
188,2,winter_wheat,1,PK,0.001,40
188,2,winter_wheat,2,KAS,0.25,32
188,2,winter_wheat,3,KAS,0.4,16
188,2,winter_wheat,4,KAS,0.9,16
190,2,winter_wheat,1,PK,0.001,40
190,2,winter_wheat,2,KAS,0.25,32
190,2,winter_wheat,3,KAS,0.4,16
190,2,winter_wheat,4,KAS,0.9,16
191,2,winter_wheat,1,PK,0.001,40
191,2,winter_wheat,2,KAS,0.25,32
191,2,winter_wheat,3,KAS,0.4,16
191,2,winter_wheat,4,KAS,0.9,16
192,2,winter_wheat,1,PK,0.001,40
192,2,winter_wheat,2,KAS,0.25,32
192,2,winter_wheat,3,KAS,0.4,16
192,2,winter_wheat,4,KAS,0.9,16
193,2,winter_wheat,1,PK,0.001,40
193,2,winter_wheat,2,KAS,0.25,32
193,2,winter_wheat,3,KAS,0.4,16
193,2,winter_wheat,4,KAS,0.9,16
194,2,winter_wheat,1,PK,0.001,40
194,2,winter_wheat,2,KAS,0.25,32
194,2,winter_wheat,3,KAS,0.4,16
194,2,winter_wheat,4,KAS,0.9,16
195,2,winter_wheat,1,PK,0.001,40
195,2,winter_wheat,2,KAS,0.25,32
195,2,winter_wheat,3,KAS,0.4,16
195,2,winter_wheat,4,KAS,0.9,16
197,2,winter_wheat,1,PK,0.001,40
197,2,winter_wheat,2,KAS,0.25,32
197,2,winter_wheat,3,KAS,0.4,16
197,2,winter_wheat,4,KAS,0.9,16
198,2,winter_wheat,1,PK,0.001,40
198,2,winter_wheat,2,KAS,0.25,32
198,2,winter_wheat,3,KAS,0.4,16
198,2,winter_wheat,4,KAS,0.9,16
200,2,winter_wheat,1,PK,0.001,40
200,2,winter_wheat,2,KAS,0.25,32
200,2,winter_wheat,3,KAS,0.4,16
200,2,winter_wheat,4,KAS,0.9,16
201,2,winter_wheat,1,PK,0.001,40
201,2,winter_wheat,2,KAS,0.25,32
201,2,winter_wheat,3,KAS,0.4,16
201,2,winter_wheat,4,KAS,0.9,16
202,2,winter_wheat,1,PK,0.001,40
202,2,winter_wheat,2,KAS,0.25,32
202,2,winter_wheat,3,KAS,0.4,16
202,2,winter_wheat,4,KAS,0.9,16
203,2,winter_wheat,1,PK,0.001,40
203,2,winter_wheat,2,KAS,0.25,32
203,2,winter_wheat,3,KAS,0.4,16
203,2,winter_wheat,4,KAS,0.9,16
205,2,winter_wheat,1,PK,0.001,40
205,2,winter_wheat,2,KAS,0.25,32
205,2,winter_wheat,3,KAS,0.4,16
205,2,winter_wheat,4,KAS,0.9,16
206,2,winter_wheat,1,PK,0.001,40
206,2,winter_wheat,2,KAS,0.25,32
206,2,winter_wheat,3,KAS,0.4,16
206,2,winter_wheat,4,KAS,0.9,16
207,2,winter_wheat,1,PK,0.001,40
207,2,winter_wheat,2,KAS,0.25,32
207,2,winter_wheat,3,KAS,0.4,16
207,2,winter_wheat,4,KAS,0.9,16
208,2,winter_wheat,1,PK,0.001,40
208,2,winter_wheat,2,KAS,0.25,32
208,2,winter_wheat,3,KAS,0.4,16
208,2,winter_wheat,4,KAS,0.9,16
210,2,winter_wheat,1,PK,0.001,40
210,2,winter_wheat,2,KAS,0.25,32
210,2,winter_wheat,3,KAS,0.4,16
210,2,winter_wheat,4,KAS,0.9,16
211,2,winter_wheat,1,PK,0.001,40
211,2,winter_wheat,2,KAS,0.25,32
211,2,winter_wheat,3,KAS,0.4,16
211,2,winter_wheat,4,KAS,0.9,16
212,2,winter_wheat,1,PK,0.001,40
212,2,winter_wheat,2,KAS,0.25,32
212,2,winter_wheat,3,KAS,0.4,16
212,2,winter_wheat,4,KAS,0.9,16
213,2,winter_wheat,1,PK,0.001,40
213,2,winter_wheat,2,KAS,0.25,32
213,2,winter_wheat,3,KAS,0.4,16
213,2,winter_wheat,4,KAS,0.9,16
214,2,winter_wheat,1,PK,0.001,40
214,2,winter_wheat,2,KAS,0.25,32
214,2,winter_wheat,3,KAS,0.4,16
214,2,winter_wheat,4,KAS,0.9,16
215,2,winter_wheat,1,PK,0.001,40
215,2,winter_wheat,2,KAS,0.25,32
215,2,winter_wheat,3,KAS,0.4,16
215,2,winter_wheat,4,KAS,0.9,16
219,2,winter_wheat,1,PK,0.001,40
219,2,winter_wheat,2,KAS,0.25,32
219,2,winter_wheat,3,KAS,0.4,16
219,2,winter_wheat,4,KAS,0.9,16
220,2,winter_wheat,1,PK,0.001,40
220,2,winter_wheat,2,KAS,0.25,32
220,2,winter_wheat,3,KAS,0.4,16
220,2,winter_wheat,4,KAS,0.9,16
221,2,winter_wheat,1,PK,0.001,40
221,2,winter_wheat,2,KAS,0.25,32
221,2,winter_wheat,3,KAS,0.4,16
221,2,winter_wheat,4,KAS,0.9,16
222,2,winter_wheat,1,PK,0.001,40
222,2,winter_wheat,2,KAS,0.25,32
222,2,winter_wheat,3,KAS,0.4,16
222,2,winter_wheat,4,KAS,0.9,16
225,2,winter_wheat,1,PK,0.001,40
225,2,winter_wheat,2,KAS,0.25,32
225,2,winter_wheat,3,KAS,0.4,16
225,2,winter_wheat,4,KAS,0.9,16
229,2,winter_wheat,1,PK,0.001,40
229,2,winter_wheat,2,KAS,0.25,32
229,2,winter_wheat,3,KAS,0.4,16
229,2,winter_wheat,4,KAS,0.9,16
230,2,winter_wheat,1,PK,0.001,40
230,2,winter_wheat,2,KAS,0.25,32
230,2,winter_wheat,3,KAS,0.4,16
230,2,winter_wheat,4,KAS,0.9,16
232,2,winter_wheat,1,PK,0.001,40
232,2,winter_wheat,2,KAS,0.25,32
232,2,winter_wheat,3,KAS,0.4,16
232,2,winter_wheat,4,KAS,0.9,16
233,2,winter_wheat,1,PK,0.001,40
233,2,winter_wheat,2,KAS,0.25,32
233,2,winter_wheat,3,KAS,0.4,16
233,2,winter_wheat,4,KAS,0.9,16
234,2,winter_wheat,1,PK,0.001,40
234,2,winter_wheat,2,KAS,0.25,32
234,2,winter_wheat,3,KAS,0.4,16
234,2,winter_wheat,4,KAS,0.9,16
236,2,winter_wheat,1,PK,0.001,40
236,2,winter_wheat,2,KAS,0.25,32
236,2,winter_wheat,3,KAS,0.4,16
236,2,winter_wheat,4,KAS,0.9,16
237,2,winter_wheat,1,PK,0.001,40
237,2,winter_wheat,2,KAS,0.25,32
237,2,winter_wheat,3,KAS,0.4,16
237,2,winter_wheat,4,KAS,0.9,16
238,2,winter_wheat,1,PK,0.001,40
238,2,winter_wheat,2,KAS,0.25,32
238,2,winter_wheat,3,KAS,0.4,16
238,2,winter_wheat,4,KAS,0.9,16
240,2,winter_wheat,1,PK,0.001,40
240,2,winter_wheat,2,KAS,0.25,32
240,2,winter_wheat,3,KAS,0.4,16
240,2,winter_wheat,4,KAS,0.9,16
241,2,winter_wheat,1,PK,0.001,40
241,2,winter_wheat,2,KAS,0.25,32
241,2,winter_wheat,3,KAS,0.4,16
241,2,winter_wheat,4,KAS,0.9,16
242,2,winter_wheat,1,PK,0.001,40
242,2,winter_wheat,2,KAS,0.25,32
242,2,winter_wheat,3,KAS,0.4,16
242,2,winter_wheat,4,KAS,0.9,16
243,2,winter_wheat,1,PK,0.001,40
243,2,winter_wheat,2,KAS,0.25,32
243,2,winter_wheat,3,KAS,0.4,16
243,2,winter_wheat,4,KAS,0.9,16
244,2,winter_wheat,1,PK,0.001,40
244,2,winter_wheat,2,KAS,0.25,32
244,2,winter_wheat,3,KAS,0.4,16
244,2,winter_wheat,4,KAS,0.9,16
245,2,winter_wheat,1,PK,0.001,40
245,2,winter_wheat,2,KAS,0.25,32
245,2,winter_wheat,3,KAS,0.4,16
245,2,winter_wheat,4,KAS,0.9,16
246,2,winter_wheat,1,PK,0.001,40
246,2,winter_wheat,2,KAS,0.25,32
246,2,winter_wheat,3,KAS,0.4,16
246,2,winter_wheat,4,KAS,0.9,16
247,2,winter_wheat,1,PK,0.001,40
247,2,winter_wheat,2,KAS,0.25,32
247,2,winter_wheat,3,KAS,0.4,16
247,2,winter_wheat,4,KAS,0.9,16
249,2,winter_wheat,1,PK,0.001,40
249,2,winter_wheat,2,KAS,0.25,32
249,2,winter_wheat,3,KAS,0.4,16
249,2,winter_wheat,4,KAS,0.9,16
250,2,winter_wheat,1,PK,0.001,40
250,2,winter_wheat,2,KAS,0.25,32
250,2,winter_wheat,3,KAS,0.4,16
250,2,winter_wheat,4,KAS,0.9,16
251,2,winter_wheat,1,PK,0.001,40
251,2,winter_wheat,2,KAS,0.25,32
251,2,winter_wheat,3,KAS,0.4,16
251,2,winter_wheat,4,KAS,0.9,16
252,2,winter_wheat,1,PK,0.001,40
252,2,winter_wheat,2,KAS,0.25,32
252,2,winter_wheat,3,KAS,0.4,16
252,2,winter_wheat,4,KAS,0.9,16
253,2,winter_wheat,1,PK,0.001,40
253,2,winter_wheat,2,KAS,0.25,32
253,2,winter_wheat,3,KAS,0.4,16
253,2,winter_wheat,4,KAS,0.9,16
254,2,winter_wheat,1,PK,0.001,40
254,2,winter_wheat,2,KAS,0.25,32
254,2,winter_wheat,3,KAS,0.4,16
254,2,winter_wheat,4,KAS,0.9,16
255,2,winter_wheat,1,PK,0.001,40
255,2,winter_wheat,2,KAS,0.25,32
255,2,winter_wheat,3,KAS,0.4,16
255,2,winter_wheat,4,KAS,0.9,16
257,2,winter_wheat,1,PK,0.001,40
257,2,winter_wheat,2,KAS,0.25,32
257,2,winter_wheat,3,KAS,0.4,16
257,2,winter_wheat,4,KAS,0.9,16
258,2,winter_wheat,1,PK,0.001,40
258,2,winter_wheat,2,KAS,0.25,32
258,2,winter_wheat,3,KAS,0.4,16
258,2,winter_wheat,4,KAS,0.9,16
259,2,winter_wheat,1,PK,0.001,40
259,2,winter_wheat,2,KAS,0.25,32
259,2,winter_wheat,3,KAS,0.4,16
259,2,winter_wheat,4,KAS,0.9,16
260,2,winter_wheat,1,PK,0.001,40
260,2,winter_wheat,2,KAS,0.25,32
260,2,winter_wheat,3,KAS,0.4,16
260,2,winter_wheat,4,KAS,0.9,16
261,2,winter_wheat,1,PK,0.001,40
261,2,winter_wheat,2,KAS,0.25,32
261,2,winter_wheat,3,KAS,0.4,16
261,2,winter_wheat,4,KAS,0.9,16
262,2,winter_wheat,1,PK,0.001,40
262,2,winter_wheat,2,KAS,0.25,32
262,2,winter_wheat,3,KAS,0.4,16
262,2,winter_wheat,4,KAS,0.9,16
263,2,winter_wheat,1,PK,0.001,40
263,2,winter_wheat,2,KAS,0.25,32
263,2,winter_wheat,3,KAS,0.4,16
263,2,winter_wheat,4,KAS,0.9,16
264,2,winter_wheat,1,PK,0.001,40
264,2,winter_wheat,2,KAS,0.25,32
264,2,winter_wheat,3,KAS,0.4,16
264,2,winter_wheat,4,KAS,0.9,16
265,2,winter_wheat,1,PK,0.001,40
265,2,winter_wheat,2,KAS,0.25,32
265,2,winter_wheat,3,KAS,0.4,16
265,2,winter_wheat,4,KAS,0.9,16
266,2,winter_wheat,1,PK,0.001,40
266,2,winter_wheat,2,KAS,0.25,32
266,2,winter_wheat,3,KAS,0.4,16
266,2,winter_wheat,4,KAS,0.9,16
269,2,winter_wheat,1,PK,0.001,40
269,2,winter_wheat,2,KAS,0.25,32
269,2,winter_wheat,3,KAS,0.4,16
269,2,winter_wheat,4,KAS,0.9,16
270,2,winter_wheat,1,PK,0.001,40
270,2,winter_wheat,2,KAS,0.25,32
270,2,winter_wheat,3,KAS,0.4,16
270,2,winter_wheat,4,KAS,0.9,16
271,2,winter_wheat,1,PK,0.001,40
271,2,winter_wheat,2,KAS,0.25,32
271,2,winter_wheat,3,KAS,0.4,16
271,2,winter_wheat,4,KAS,0.9,16
272,2,winter_wheat,1,PK,0.001,40
272,2,winter_wheat,2,KAS,0.25,32
272,2,winter_wheat,3,KAS,0.4,16
272,2,winter_wheat,4,KAS,0.9,16
273,2,winter_wheat,1,PK,0.001,40
273,2,winter_wheat,2,KAS,0.25,32
273,2,winter_wheat,3,KAS,0.4,16
273,2,winter_wheat,4,KAS,0.9,16
274,2,winter_wheat,1,PK,0.001,40
274,2,winter_wheat,2,KAS,0.25,32
274,2,winter_wheat,3,KAS,0.4,16
274,2,winter_wheat,4,KAS,0.9,16
276,2,winter_wheat,1,PK,0.001,40
276,2,winter_wheat,2,KAS,0.25,32
276,2,winter_wheat,3,KAS,0.4,16
276,2,winter_wheat,4,KAS,0.9,16
277,2,winter_wheat,1,PK,0.001,40
277,2,winter_wheat,2,KAS,0.25,32
277,2,winter_wheat,3,KAS,0.4,16
277,2,winter_wheat,4,KAS,0.9,16
278,2,winter_wheat,1,PK,0.001,40
278,2,winter_wheat,2,KAS,0.25,32
278,2,winter_wheat,3,KAS,0.4,16
278,2,winter_wheat,4,KAS,0.9,16
279,2,winter_wheat,1,PK,0.001,40
279,2,winter_wheat,2,KAS,0.25,32
279,2,winter_wheat,3,KAS,0.4,16
279,2,winter_wheat,4,KAS,0.9,16
280,2,winter_wheat,1,PK,0.001,40
280,2,winter_wheat,2,KAS,0.25,32
280,2,winter_wheat,3,KAS,0.4,16
280,2,winter_wheat,4,KAS,0.9,16
281,2,winter_wheat,1,PK,0.001,40
281,2,winter_wheat,2,KAS,0.25,32
281,2,winter_wheat,3,KAS,0.4,16
281,2,winter_wheat,4,KAS,0.9,16
283,2,winter_wheat,1,PK,0.001,40
283,2,winter_wheat,2,KAS,0.25,32
283,2,winter_wheat,3,KAS,0.4,16
283,2,winter_wheat,4,KAS,0.9,16
284,2,winter_wheat,1,PK,0.001,40
284,2,winter_wheat,2,KAS,0.25,32
284,2,winter_wheat,3,KAS,0.4,16
284,2,winter_wheat,4,KAS,0.9,16
285,2,winter_wheat,1,PK,0.001,40
285,2,winter_wheat,2,KAS,0.25,32
285,2,winter_wheat,3,KAS,0.4,16
285,2,winter_wheat,4,KAS,0.9,16
286,2,winter_wheat,1,PK,0.001,40
286,2,winter_wheat,2,KAS,0.25,32
286,2,winter_wheat,3,KAS,0.4,16
286,2,winter_wheat,4,KAS,0.9,16
287,2,winter_wheat,1,PK,0.001,40
287,2,winter_wheat,2,KAS,0.25,32
287,2,winter_wheat,3,KAS,0.4,16
287,2,winter_wheat,4,KAS,0.9,16
288,2,winter_wheat,1,PK,0.001,40
288,2,winter_wheat,2,KAS,0.25,32
288,2,winter_wheat,3,KAS,0.4,16
288,2,winter_wheat,4,KAS,0.9,16
289,2,winter_wheat,1,PK,0.001,40
289,2,winter_wheat,2,KAS,0.25,32
289,2,winter_wheat,3,KAS,0.4,16
289,2,winter_wheat,4,KAS,0.9,16
290,2,winter_wheat,1,PK,0.001,40
290,2,winter_wheat,2,KAS,0.25,32
290,2,winter_wheat,3,KAS,0.4,16
290,2,winter_wheat,4,KAS,0.9,16
291,2,winter_wheat,1,PK,0.001,40
291,2,winter_wheat,2,KAS,0.25,32
291,2,winter_wheat,3,KAS,0.4,16
291,2,winter_wheat,4,KAS,0.9,16
292,2,winter_wheat,1,PK,0.001,40
292,2,winter_wheat,2,KAS,0.25,32
292,2,winter_wheat,3,KAS,0.4,16
292,2,winter_wheat,4,KAS,0.9,16
293,2,winter_wheat,1,PK,0.001,40
293,2,winter_wheat,2,KAS,0.25,32
293,2,winter_wheat,3,KAS,0.4,16
293,2,winter_wheat,4,KAS,0.9,16
294,2,winter_wheat,1,PK,0.001,40
294,2,winter_wheat,2,KAS,0.25,32
294,2,winter_wheat,3,KAS,0.4,16
294,2,winter_wheat,4,KAS,0.9,16
295,2,winter_wheat,1,PK,0.001,40
295,2,winter_wheat,2,KAS,0.25,32
295,2,winter_wheat,3,KAS,0.4,16
295,2,winter_wheat,4,KAS,0.9,16
297,2,winter_wheat,1,PK,0.001,40
297,2,winter_wheat,2,KAS,0.25,32
297,2,winter_wheat,3,KAS,0.4,16
297,2,winter_wheat,4,KAS,0.9,16
300,2,winter_wheat,1,PK,0.001,40
300,2,winter_wheat,2,KAS,0.25,32
300,2,winter_wheat,3,KAS,0.4,16
300,2,winter_wheat,4,KAS,0.9,16
301,2,winter_wheat,1,PK,0.001,40
301,2,winter_wheat,2,KAS,0.25,32
301,2,winter_wheat,3,KAS,0.4,16
301,2,winter_wheat,4,KAS,0.9,16
304,2,winter_wheat,1,PK,0.001,40
304,2,winter_wheat,2,KAS,0.25,32
304,2,winter_wheat,3,KAS,0.4,16
304,2,winter_wheat,4,KAS,0.9,16
305,2,winter_wheat,1,PK,0.001,40
305,2,winter_wheat,2,KAS,0.25,32
305,2,winter_wheat,3,KAS,0.4,16
305,2,winter_wheat,4,KAS,0.9,16
306,2,winter_wheat,1,PK,0.001,40
306,2,winter_wheat,2,KAS,0.25,32
306,2,winter_wheat,3,KAS,0.4,16
306,2,winter_wheat,4,KAS,0.9,16
308,2,winter_wheat,1,PK,0.001,40
308,2,winter_wheat,2,KAS,0.25,32
308,2,winter_wheat,3,KAS,0.4,16
308,2,winter_wheat,4,KAS,0.9,16
309,2,winter_wheat,1,PK,0.001,40
309,2,winter_wheat,2,KAS,0.25,32
309,2,winter_wheat,3,KAS,0.4,16
309,2,winter_wheat,4,KAS,0.9,16
313,2,winter_wheat,1,PK,0.001,40
313,2,winter_wheat,2,KAS,0.25,32
313,2,winter_wheat,3,KAS,0.4,16
313,2,winter_wheat,4,KAS,0.9,16
316,2,winter_wheat,1,PK,0.001,40
316,2,winter_wheat,2,KAS,0.25,32
316,2,winter_wheat,3,KAS,0.4,16
316,2,winter_wheat,4,KAS,0.9,16
317,2,winter_wheat,1,PK,0.001,40
317,2,winter_wheat,2,KAS,0.25,32
317,2,winter_wheat,3,KAS,0.4,16
317,2,winter_wheat,4,KAS,0.9,16
318,2,winter_wheat,1,PK,0.001,40
318,2,winter_wheat,2,KAS,0.25,32
318,2,winter_wheat,3,KAS,0.4,16
318,2,winter_wheat,4,KAS,0.9,16
320,2,winter_wheat,1,PK,0.001,40
320,2,winter_wheat,2,KAS,0.25,32
320,2,winter_wheat,3,KAS,0.4,16
320,2,winter_wheat,4,KAS,0.9,16
322,2,winter_wheat,1,PK,0.001,40
322,2,winter_wheat,2,KAS,0.25,32
322,2,winter_wheat,3,KAS,0.4,16
322,2,winter_wheat,4,KAS,0.9,16
323,2,winter_wheat,1,PK,0.001,40
323,2,winter_wheat,2,KAS,0.25,32
323,2,winter_wheat,3,KAS,0.4,16
323,2,winter_wheat,4,KAS,0.9,16
324,2,winter_wheat,1,PK,0.001,40
324,2,winter_wheat,2,KAS,0.25,32
324,2,winter_wheat,3,KAS,0.4,16
324,2,winter_wheat,4,KAS,0.9,16
325,2,winter_wheat,1,PK,0.001,40
325,2,winter_wheat,2,KAS,0.25,32
325,2,winter_wheat,3,KAS,0.4,16
325,2,winter_wheat,4,KAS,0.9,16
326,2,winter_wheat,1,PK,0.001,40
326,2,winter_wheat,2,KAS,0.25,32
326,2,winter_wheat,3,KAS,0.4,16
326,2,winter_wheat,4,KAS,0.9,16
328,2,winter_wheat,1,PK,0.001,40
328,2,winter_wheat,2,KAS,0.25,32
328,2,winter_wheat,3,KAS,0.4,16
328,2,winter_wheat,4,KAS,0.9,16
329,2,winter_wheat,1,PK,0.001,40
329,2,winter_wheat,2,KAS,0.25,32
329,2,winter_wheat,3,KAS,0.4,16
329,2,winter_wheat,4,KAS,0.9,16
330,2,winter_wheat,1,PK,0.001,40
330,2,winter_wheat,2,KAS,0.25,32
330,2,winter_wheat,3,KAS,0.4,16
330,2,winter_wheat,4,KAS,0.9,16
331,2,winter_wheat,1,PK,0.001,40
331,2,winter_wheat,2,KAS,0.25,32
331,2,winter_wheat,3,KAS,0.4,16
331,2,winter_wheat,4,KAS,0.9,16
332,2,winter_wheat,1,PK,0.001,40
332,2,winter_wheat,2,KAS,0.25,32
332,2,winter_wheat,3,KAS,0.4,16
332,2,winter_wheat,4,KAS,0.9,16
333,2,winter_wheat,1,PK,0.001,40
333,2,winter_wheat,2,KAS,0.25,32
333,2,winter_wheat,3,KAS,0.4,16
333,2,winter_wheat,4,KAS,0.9,16
334,2,winter_wheat,1,PK,0.001,40
334,2,winter_wheat,2,KAS,0.25,32
334,2,winter_wheat,3,KAS,0.4,16
334,2,winter_wheat,4,KAS,0.9,16
335,2,winter_wheat,1,PK,0.001,40
335,2,winter_wheat,2,KAS,0.25,32
335,2,winter_wheat,3,KAS,0.4,16
335,2,winter_wheat,4,KAS,0.9,16
336,2,winter_wheat,1,PK,0.001,40
336,2,winter_wheat,2,KAS,0.25,32
336,2,winter_wheat,3,KAS,0.4,16
336,2,winter_wheat,4,KAS,0.9,16
338,2,winter_wheat,1,PK,0.001,40
338,2,winter_wheat,2,KAS,0.25,32
338,2,winter_wheat,3,KAS,0.4,16
338,2,winter_wheat,4,KAS,0.9,16
339,2,winter_wheat,1,PK,0.001,40
339,2,winter_wheat,2,KAS,0.25,32
339,2,winter_wheat,3,KAS,0.4,16
339,2,winter_wheat,4,KAS,0.9,16
341,2,winter_wheat,1,PK,0.001,40
341,2,winter_wheat,2,KAS,0.25,32
341,2,winter_wheat,3,KAS,0.4,16
341,2,winter_wheat,4,KAS,0.9,16
344,2,winter_wheat,1,PK,0.001,40
344,2,winter_wheat,2,KAS,0.25,32
344,2,winter_wheat,3,KAS,0.4,16
344,2,winter_wheat,4,KAS,0.9,16
345,2,winter_wheat,1,PK,0.001,40
345,2,winter_wheat,2,KAS,0.25,32
345,2,winter_wheat,3,KAS,0.4,16
345,2,winter_wheat,4,KAS,0.9,16
346,2,winter_wheat,1,PK,0.001,40
346,2,winter_wheat,2,KAS,0.25,32
346,2,winter_wheat,3,KAS,0.4,16
346,2,winter_wheat,4,KAS,0.9,16
347,2,winter_wheat,1,PK,0.001,40
347,2,winter_wheat,2,KAS,0.25,32
347,2,winter_wheat,3,KAS,0.4,16
347,2,winter_wheat,4,KAS,0.9,16
348,2,winter_wheat,1,PK,0.001,40
348,2,winter_wheat,2,KAS,0.25,32
348,2,winter_wheat,3,KAS,0.4,16
348,2,winter_wheat,4,KAS,0.9,16
349,2,winter_wheat,1,PK,0.001,40
349,2,winter_wheat,2,KAS,0.25,32
349,2,winter_wheat,3,KAS,0.4,16
349,2,winter_wheat,4,KAS,0.9,16
350,2,winter_wheat,1,PK,0.001,40
350,2,winter_wheat,2,KAS,0.25,32
350,2,winter_wheat,3,KAS,0.4,16
350,2,winter_wheat,4,KAS,0.9,16
351,2,winter_wheat,1,PK,0.001,40
351,2,winter_wheat,2,KAS,0.25,32
351,2,winter_wheat,3,KAS,0.4,16
351,2,winter_wheat,4,KAS,0.9,16
353,2,winter_wheat,1,PK,0.001,40
353,2,winter_wheat,2,KAS,0.25,32
353,2,winter_wheat,3,KAS,0.4,16
353,2,winter_wheat,4,KAS,0.9,16
354,2,winter_wheat,1,PK,0.001,40
354,2,winter_wheat,2,KAS,0.25,32
354,2,winter_wheat,3,KAS,0.4,16
354,2,winter_wheat,4,KAS,0.9,16
356,2,winter_wheat,1,PK,0.001,40
356,2,winter_wheat,2,KAS,0.25,32
356,2,winter_wheat,3,KAS,0.4,16
356,2,winter_wheat,4,KAS,0.9,16
357,2,winter_wheat,1,PK,0.001,40
357,2,winter_wheat,2,KAS,0.25,32
357,2,winter_wheat,3,KAS,0.4,16
357,2,winter_wheat,4,KAS,0.9,16
358,2,winter_wheat,1,PK,0.001,40
358,2,winter_wheat,2,KAS,0.25,32
358,2,winter_wheat,3,KAS,0.4,16
358,2,winter_wheat,4,KAS,0.9,16
361,2,winter_wheat,1,PK,0.001,40
361,2,winter_wheat,2,KAS,0.25,32
361,2,winter_wheat,3,KAS,0.4,16
361,2,winter_wheat,4,KAS,0.9,16
364,2,winter_wheat,1,PK,0.001,40
364,2,winter_wheat,2,KAS,0.25,32
364,2,winter_wheat,3,KAS,0.4,16
364,2,winter_wheat,4,KAS,0.9,16
365,2,winter_wheat,1,PK,0.001,40
365,2,winter_wheat,2,KAS,0.25,32
365,2,winter_wheat,3,KAS,0.4,16
365,2,winter_wheat,4,KAS,0.9,16
366,2,winter_wheat,1,PK,0.001,40
366,2,winter_wheat,2,KAS,0.25,32
366,2,winter_wheat,3,KAS,0.4,16
366,2,winter_wheat,4,KAS,0.9,16
368,2,winter_wheat,1,PK,0.001,40
368,2,winter_wheat,2,KAS,0.25,32
368,2,winter_wheat,3,KAS,0.4,16
368,2,winter_wheat,4,KAS,0.9,16
371,2,winter_wheat,1,PK,0.001,40
371,2,winter_wheat,2,KAS,0.25,32
371,2,winter_wheat,3,KAS,0.4,16
371,2,winter_wheat,4,KAS,0.9,16
372,2,winter_wheat,1,PK,0.001,40
372,2,winter_wheat,2,KAS,0.25,32
372,2,winter_wheat,3,KAS,0.4,16
372,2,winter_wheat,4,KAS,0.9,16
373,2,winter_wheat,1,PK,0.001,40
373,2,winter_wheat,2,KAS,0.25,32
373,2,winter_wheat,3,KAS,0.4,16
373,2,winter_wheat,4,KAS,0.9,16
374,2,winter_wheat,1,PK,0.001,40
374,2,winter_wheat,2,KAS,0.25,32
374,2,winter_wheat,3,KAS,0.4,16
374,2,winter_wheat,4,KAS,0.9,16
375,2,winter_wheat,1,PK,0.001,40
375,2,winter_wheat,2,KAS,0.25,32
375,2,winter_wheat,3,KAS,0.4,16
375,2,winter_wheat,4,KAS,0.9,16
377,2,winter_wheat,1,PK,0.001,40
377,2,winter_wheat,2,KAS,0.25,32
377,2,winter_wheat,3,KAS,0.4,16
377,2,winter_wheat,4,KAS,0.9,16
379,2,winter_wheat,1,PK,0.001,40
379,2,winter_wheat,2,KAS,0.25,32
379,2,winter_wheat,3,KAS,0.4,16
379,2,winter_wheat,4,KAS,0.9,16
380,2,winter_wheat,1,PK,0.001,40
380,2,winter_wheat,2,KAS,0.25,32
380,2,winter_wheat,3,KAS,0.4,16
380,2,winter_wheat,4,KAS,0.9,16
383,2,winter_wheat,1,PK,0.001,40
383,2,winter_wheat,2,KAS,0.25,32
383,2,winter_wheat,3,KAS,0.4,16
383,2,winter_wheat,4,KAS,0.9,16
384,2,winter_wheat,1,PK,0.001,40
384,2,winter_wheat,2,KAS,0.25,32
384,2,winter_wheat,3,KAS,0.4,16
384,2,winter_wheat,4,KAS,0.9,16
385,2,winter_wheat,1,PK,0.001,40
385,2,winter_wheat,2,KAS,0.25,32
385,2,winter_wheat,3,KAS,0.4,16
385,2,winter_wheat,4,KAS,0.9,16
386,2,winter_wheat,1,PK,0.001,40
386,2,winter_wheat,2,KAS,0.25,32
386,2,winter_wheat,3,KAS,0.4,16
386,2,winter_wheat,4,KAS,0.9,16
387,2,winter_wheat,1,PK,0.001,40
387,2,winter_wheat,2,KAS,0.25,32
387,2,winter_wheat,3,KAS,0.4,16
387,2,winter_wheat,4,KAS,0.9,16
388,2,winter_wheat,1,PK,0.001,40
388,2,winter_wheat,2,KAS,0.25,32
388,2,winter_wheat,3,KAS,0.4,16
388,2,winter_wheat,4,KAS,0.9,16
390,2,winter_wheat,1,PK,0.001,40
390,2,winter_wheat,2,KAS,0.25,32
390,2,winter_wheat,3,KAS,0.4,16
390,2,winter_wheat,4,KAS,0.9,16
391,2,winter_wheat,1,PK,0.001,40
391,2,winter_wheat,2,KAS,0.25,32
391,2,winter_wheat,3,KAS,0.4,16
391,2,winter_wheat,4,KAS,0.9,16
393,2,winter_wheat,1,PK,0.001,40
393,2,winter_wheat,2,KAS,0.25,32
393,2,winter_wheat,3,KAS,0.4,16
393,2,winter_wheat,4,KAS,0.9,16
394,2,winter_wheat,1,PK,0.001,40
394,2,winter_wheat,2,KAS,0.25,32
394,2,winter_wheat,3,KAS,0.4,16
394,2,winter_wheat,4,KAS,0.9,16
395,2,winter_wheat,1,PK,0.001,40
395,2,winter_wheat,2,KAS,0.25,32
395,2,winter_wheat,3,KAS,0.4,16
395,2,winter_wheat,4,KAS,0.9,16
399,2,winter_wheat,1,PK,0.001,40
399,2,winter_wheat,2,KAS,0.25,32
399,2,winter_wheat,3,KAS,0.4,16
399,2,winter_wheat,4,KAS,0.9,16
400,2,winter_wheat,1,PK,0.001,40
400,2,winter_wheat,2,KAS,0.25,32
400,2,winter_wheat,3,KAS,0.4,16
400,2,winter_wheat,4,KAS,0.9,16
401,2,winter_wheat,1,PK,0.001,40
401,2,winter_wheat,2,KAS,0.25,32
401,2,winter_wheat,3,KAS,0.4,16
401,2,winter_wheat,4,KAS,0.9,16
402,2,winter_wheat,1,PK,0.001,40
402,2,winter_wheat,2,KAS,0.25,32
402,2,winter_wheat,3,KAS,0.4,16
402,2,winter_wheat,4,KAS,0.9,16
406,2,winter_wheat,1,PK,0.001,40
406,2,winter_wheat,2,KAS,0.25,32
406,2,winter_wheat,3,KAS,0.4,16
406,2,winter_wheat,4,KAS,0.9,16
408,2,winter_wheat,1,PK,0.001,40
408,2,winter_wheat,2,KAS,0.25,32
408,2,winter_wheat,3,KAS,0.4,16
408,2,winter_wheat,4,KAS,0.9,16
409,2,winter_wheat,1,PK,0.001,40
409,2,winter_wheat,2,KAS,0.25,32
409,2,winter_wheat,3,KAS,0.4,16
409,2,winter_wheat,4,KAS,0.9,16
410,2,winter_wheat,1,PK,0.001,40
410,2,winter_wheat,2,KAS,0.25,32
410,2,winter_wheat,3,KAS,0.4,16
410,2,winter_wheat,4,KAS,0.9,16
411,2,winter_wheat,1,PK,0.001,40
411,2,winter_wheat,2,KAS,0.25,32
411,2,winter_wheat,3,KAS,0.4,16
411,2,winter_wheat,4,KAS,0.9,16
412,2,winter_wheat,1,PK,0.001,40
412,2,winter_wheat,2,KAS,0.25,32
412,2,winter_wheat,3,KAS,0.4,16
412,2,winter_wheat,4,KAS,0.9,16
413,2,winter_wheat,1,PK,0.001,40
413,2,winter_wheat,2,KAS,0.25,32
413,2,winter_wheat,3,KAS,0.4,16
413,2,winter_wheat,4,KAS,0.9,16
414,2,winter_wheat,1,PK,0.001,40
414,2,winter_wheat,2,KAS,0.25,32
414,2,winter_wheat,3,KAS,0.4,16
414,2,winter_wheat,4,KAS,0.9,16
416,2,winter_wheat,1,PK,0.001,40
416,2,winter_wheat,2,KAS,0.25,32
416,2,winter_wheat,3,KAS,0.4,16
416,2,winter_wheat,4,KAS,0.9,16
417,2,winter_wheat,1,PK,0.001,40
417,2,winter_wheat,2,KAS,0.25,32
417,2,winter_wheat,3,KAS,0.4,16
417,2,winter_wheat,4,KAS,0.9,16
418,2,winter_wheat,1,PK,0.001,40
418,2,winter_wheat,2,KAS,0.25,32
418,2,winter_wheat,3,KAS,0.4,16
418,2,winter_wheat,4,KAS,0.9,16
419,2,winter_wheat,1,PK,0.001,40
419,2,winter_wheat,2,KAS,0.25,32
419,2,winter_wheat,3,KAS,0.4,16
419,2,winter_wheat,4,KAS,0.9,16
421,2,winter_wheat,1,PK,0.001,40
421,2,winter_wheat,2,KAS,0.25,32
421,2,winter_wheat,3,KAS,0.4,16
421,2,winter_wheat,4,KAS,0.9,16
422,2,winter_wheat,1,PK,0.001,40
422,2,winter_wheat,2,KAS,0.25,32
422,2,winter_wheat,3,KAS,0.4,16
422,2,winter_wheat,4,KAS,0.9,16
423,2,winter_wheat,1,PK,0.001,40
423,2,winter_wheat,2,KAS,0.25,32
423,2,winter_wheat,3,KAS,0.4,16
423,2,winter_wheat,4,KAS,0.9,16
426,2,winter_wheat,1,PK,0.001,40
426,2,winter_wheat,2,KAS,0.25,32
426,2,winter_wheat,3,KAS,0.4,16
426,2,winter_wheat,4,KAS,0.9,16
427,2,winter_wheat,1,PK,0.001,40
427,2,winter_wheat,2,KAS,0.25,32
427,2,winter_wheat,3,KAS,0.4,16
427,2,winter_wheat,4,KAS,0.9,16
428,2,winter_wheat,1,PK,0.001,40
428,2,winter_wheat,2,KAS,0.25,32
428,2,winter_wheat,3,KAS,0.4,16
428,2,winter_wheat,4,KAS,0.9,16
429,2,winter_wheat,1,PK,0.001,40
429,2,winter_wheat,2,KAS,0.25,32
429,2,winter_wheat,3,KAS,0.4,16
429,2,winter_wheat,4,KAS,0.9,16
430,2,winter_wheat,1,PK,0.001,40
430,2,winter_wheat,2,KAS,0.25,32
430,2,winter_wheat,3,KAS,0.4,16
430,2,winter_wheat,4,KAS,0.9,16
434,2,winter_wheat,1,PK,0.001,40
434,2,winter_wheat,2,KAS,0.25,32
434,2,winter_wheat,3,KAS,0.4,16
434,2,winter_wheat,4,KAS,0.9,16
435,2,winter_wheat,1,PK,0.001,40
435,2,winter_wheat,2,KAS,0.25,32
435,2,winter_wheat,3,KAS,0.4,16
435,2,winter_wheat,4,KAS,0.9,16
436,2,winter_wheat,1,PK,0.001,40
436,2,winter_wheat,2,KAS,0.25,32
436,2,winter_wheat,3,KAS,0.4,16
436,2,winter_wheat,4,KAS,0.9,16
437,2,winter_wheat,1,PK,0.001,40
437,2,winter_wheat,2,KAS,0.25,32
437,2,winter_wheat,3,KAS,0.4,16
437,2,winter_wheat,4,KAS,0.9,16
438,2,winter_wheat,1,PK,0.001,40
438,2,winter_wheat,2,KAS,0.25,32
438,2,winter_wheat,3,KAS,0.4,16
438,2,winter_wheat,4,KAS,0.9,16
439,2,winter_wheat,1,PK,0.001,40
439,2,winter_wheat,2,KAS,0.25,32
439,2,winter_wheat,3,KAS,0.4,16
439,2,winter_wheat,4,KAS,0.9,16
440,2,winter_wheat,1,PK,0.001,40
440,2,winter_wheat,2,KAS,0.25,32
440,2,winter_wheat,3,KAS,0.4,16
440,2,winter_wheat,4,KAS,0.9,16
441,2,winter_wheat,1,PK,0.001,40
441,2,winter_wheat,2,KAS,0.25,32
441,2,winter_wheat,3,KAS,0.4,16
441,2,winter_wheat,4,KAS,0.9,16
442,2,winter_wheat,1,PK,0.001,40
442,2,winter_wheat,2,KAS,0.25,32
442,2,winter_wheat,3,KAS,0.4,16
442,2,winter_wheat,4,KAS,0.9,16
443,2,winter_wheat,1,PK,0.001,40
443,2,winter_wheat,2,KAS,0.25,32
443,2,winter_wheat,3,KAS,0.4,16
443,2,winter_wheat,4,KAS,0.9,16
445,2,winter_wheat,1,PK,0.001,40
445,2,winter_wheat,2,KAS,0.25,32
445,2,winter_wheat,3,KAS,0.4,16
445,2,winter_wheat,4,KAS,0.9,16
446,2,winter_wheat,1,PK,0.001,40
446,2,winter_wheat,2,KAS,0.25,32
446,2,winter_wheat,3,KAS,0.4,16
446,2,winter_wheat,4,KAS,0.9,16
447,2,winter_wheat,1,PK,0.001,40
447,2,winter_wheat,2,KAS,0.25,32
447,2,winter_wheat,3,KAS,0.4,16
447,2,winter_wheat,4,KAS,0.9,16
449,2,winter_wheat,1,PK,0.001,40
449,2,winter_wheat,2,KAS,0.25,32
449,2,winter_wheat,3,KAS,0.4,16
449,2,winter_wheat,4,KAS,0.9,16
450,2,winter_wheat,1,PK,0.001,40
450,2,winter_wheat,2,KAS,0.25,32
450,2,winter_wheat,3,KAS,0.4,16
450,2,winter_wheat,4,KAS,0.9,16
455,2,winter_wheat,1,PK,0.001,40
455,2,winter_wheat,2,KAS,0.25,32
455,2,winter_wheat,3,KAS,0.4,16
455,2,winter_wheat,4,KAS,0.9,16
456,2,winter_wheat,1,PK,0.001,40
456,2,winter_wheat,2,KAS,0.25,32
456,2,winter_wheat,3,KAS,0.4,16
456,2,winter_wheat,4,KAS,0.9,16
458,2,winter_wheat,1,PK,0.001,40
458,2,winter_wheat,2,KAS,0.25,32
458,2,winter_wheat,3,KAS,0.4,16
458,2,winter_wheat,4,KAS,0.9,16
461,2,winter_wheat,1,PK,0.001,40
461,2,winter_wheat,2,KAS,0.25,32
461,2,winter_wheat,3,KAS,0.4,16
461,2,winter_wheat,4,KAS,0.9,16
462,2,winter_wheat,1,PK,0.001,40
462,2,winter_wheat,2,KAS,0.25,32
462,2,winter_wheat,3,KAS,0.4,16
462,2,winter_wheat,4,KAS,0.9,16
464,2,winter_wheat,1,PK,0.001,40
464,2,winter_wheat,2,KAS,0.25,32
464,2,winter_wheat,3,KAS,0.4,16
464,2,winter_wheat,4,KAS,0.9,16
469,2,winter_wheat,1,PK,0.001,40
469,2,winter_wheat,2,KAS,0.25,32
469,2,winter_wheat,3,KAS,0.4,16
469,2,winter_wheat,4,KAS,0.9,16
471,2,winter_wheat,1,PK,0.001,40
471,2,winter_wheat,2,KAS,0.25,32
471,2,winter_wheat,3,KAS,0.4,16
471,2,winter_wheat,4,KAS,0.9,16
473,2,winter_wheat,1,PK,0.001,40
473,2,winter_wheat,2,KAS,0.25,32
473,2,winter_wheat,3,KAS,0.4,16
473,2,winter_wheat,4,KAS,0.9,16
474,2,winter_wheat,1,PK,0.001,40
474,2,winter_wheat,2,KAS,0.25,32
474,2,winter_wheat,3,KAS,0.4,16
474,2,winter_wheat,4,KAS,0.9,16
476,2,winter_wheat,1,PK,0.001,40
476,2,winter_wheat,2,KAS,0.25,32
476,2,winter_wheat,3,KAS,0.4,16
476,2,winter_wheat,4,KAS,0.9,16
477,2,winter_wheat,1,PK,0.001,40
477,2,winter_wheat,2,KAS,0.25,32
477,2,winter_wheat,3,KAS,0.4,16
477,2,winter_wheat,4,KAS,0.9,16
478,2,winter_wheat,1,PK,0.001,40
478,2,winter_wheat,2,KAS,0.25,32
478,2,winter_wheat,3,KAS,0.4,16
478,2,winter_wheat,4,KAS,0.9,16
479,2,winter_wheat,1,PK,0.001,40
479,2,winter_wheat,2,KAS,0.25,32
479,2,winter_wheat,3,KAS,0.4,16
479,2,winter_wheat,4,KAS,0.9,16
480,2,winter_wheat,1,PK,0.001,40
480,2,winter_wheat,2,KAS,0.25,32
480,2,winter_wheat,3,KAS,0.4,16
480,2,winter_wheat,4,KAS,0.9,16
483,2,winter_wheat,1,PK,0.001,40
483,2,winter_wheat,2,KAS,0.25,32
483,2,winter_wheat,3,KAS,0.4,16
483,2,winter_wheat,4,KAS,0.9,16
486,2,winter_wheat,1,PK,0.001,40
486,2,winter_wheat,2,KAS,0.25,32
486,2,winter_wheat,3,KAS,0.4,16
486,2,winter_wheat,4,KAS,0.9,16
488,2,winter_wheat,1,PK,0.001,40
488,2,winter_wheat,2,KAS,0.25,32
488,2,winter_wheat,3,KAS,0.4,16
488,2,winter_wheat,4,KAS,0.9,16
489,2,winter_wheat,1,PK,0.001,40
489,2,winter_wheat,2,KAS,0.25,32
489,2,winter_wheat,3,KAS,0.4,16
489,2,winter_wheat,4,KAS,0.9,16
490,2,winter_wheat,1,PK,0.001,40
490,2,winter_wheat,2,KAS,0.25,32
490,2,winter_wheat,3,KAS,0.4,16
490,2,winter_wheat,4,KAS,0.9,16
493,2,winter_wheat,1,PK,0.001,40
493,2,winter_wheat,2,KAS,0.25,32
493,2,winter_wheat,3,KAS,0.4,16
493,2,winter_wheat,4,KAS,0.9,16
497,2,winter_wheat,1,PK,0.001,40
497,2,winter_wheat,2,KAS,0.25,32
497,2,winter_wheat,3,KAS,0.4,16
497,2,winter_wheat,4,KAS,0.9,16
499,2,winter_wheat,1,PK,0.001,40
499,2,winter_wheat,2,KAS,0.25,32
499,2,winter_wheat,3,KAS,0.4,16
499,2,winter_wheat,4,KAS,0.9,16
500,2,winter_wheat,1,PK,0.001,40
500,2,winter_wheat,2,KAS,0.25,32
500,2,winter_wheat,3,KAS,0.4,16
500,2,winter_wheat,4,KAS,0.9,16
501,2,winter_wheat,1,PK,0.001,40
501,2,winter_wheat,2,KAS,0.25,32
501,2,winter_wheat,3,KAS,0.4,16
501,2,winter_wheat,4,KAS,0.9,16
502,2,winter_wheat,1,PK,0.001,40
502,2,winter_wheat,2,KAS,0.25,32
502,2,winter_wheat,3,KAS,0.4,16
502,2,winter_wheat,4,KAS,0.9,16
504,2,winter_wheat,1,PK,0.001,40
504,2,winter_wheat,2,KAS,0.25,32
504,2,winter_wheat,3,KAS,0.4,16
504,2,winter_wheat,4,KAS,0.9,16
507,2,winter_wheat,1,PK,0.001,40
507,2,winter_wheat,2,KAS,0.25,32
507,2,winter_wheat,3,KAS,0.4,16
507,2,winter_wheat,4,KAS,0.9,16
511,2,winter_wheat,1,PK,0.001,40
511,2,winter_wheat,2,KAS,0.25,32
511,2,winter_wheat,3,KAS,0.4,16
511,2,winter_wheat,4,KAS,0.9,16
512,2,winter_wheat,1,PK,0.001,40
512,2,winter_wheat,2,KAS,0.25,32
512,2,winter_wheat,3,KAS,0.4,16
512,2,winter_wheat,4,KAS,0.9,16
513,2,winter_wheat,1,PK,0.001,40
513,2,winter_wheat,2,KAS,0.25,32
513,2,winter_wheat,3,KAS,0.4,16
513,2,winter_wheat,4,KAS,0.9,16
514,2,winter_wheat,1,PK,0.001,40
514,2,winter_wheat,2,KAS,0.25,32
514,2,winter_wheat,3,KAS,0.4,16
514,2,winter_wheat,4,KAS,0.9,16
515,2,winter_wheat,1,PK,0.001,40
515,2,winter_wheat,2,KAS,0.25,32
515,2,winter_wheat,3,KAS,0.4,16
515,2,winter_wheat,4,KAS,0.9,16
517,2,winter_wheat,1,PK,0.001,40
517,2,winter_wheat,2,KAS,0.25,32
517,2,winter_wheat,3,KAS,0.4,16
517,2,winter_wheat,4,KAS,0.9,16
518,2,winter_wheat,1,PK,0.001,40
518,2,winter_wheat,2,KAS,0.25,32
518,2,winter_wheat,3,KAS,0.4,16
518,2,winter_wheat,4,KAS,0.9,16
519,2,winter_wheat,1,PK,0.001,40
519,2,winter_wheat,2,KAS,0.25,32
519,2,winter_wheat,3,KAS,0.4,16
519,2,winter_wheat,4,KAS,0.9,16
520,2,winter_wheat,1,PK,0.001,40
520,2,winter_wheat,2,KAS,0.25,32
520,2,winter_wheat,3,KAS,0.4,16
520,2,winter_wheat,4,KAS,0.9,16
521,2,winter_wheat,1,PK,0.001,40
521,2,winter_wheat,2,KAS,0.25,32
521,2,winter_wheat,3,KAS,0.4,16
521,2,winter_wheat,4,KAS,0.9,16
522,2,winter_wheat,1,PK,0.001,40
522,2,winter_wheat,2,KAS,0.25,32
522,2,winter_wheat,3,KAS,0.4,16
522,2,winter_wheat,4,KAS,0.9,16
523,2,winter_wheat,1,PK,0.001,40
523,2,winter_wheat,2,KAS,0.25,32
523,2,winter_wheat,3,KAS,0.4,16
523,2,winter_wheat,4,KAS,0.9,16
524,2,winter_wheat,1,PK,0.001,40
524,2,winter_wheat,2,KAS,0.25,32
524,2,winter_wheat,3,KAS,0.4,16
524,2,winter_wheat,4,KAS,0.9,16
526,2,winter_wheat,1,PK,0.001,40
526,2,winter_wheat,2,KAS,0.25,32
526,2,winter_wheat,3,KAS,0.4,16
526,2,winter_wheat,4,KAS,0.9,16
527,2,winter_wheat,1,PK,0.001,40
527,2,winter_wheat,2,KAS,0.25,32
527,2,winter_wheat,3,KAS,0.4,16
527,2,winter_wheat,4,KAS,0.9,16
532,2,winter_wheat,1,PK,0.001,40
532,2,winter_wheat,2,KAS,0.25,32
532,2,winter_wheat,3,KAS,0.4,16
532,2,winter_wheat,4,KAS,0.9,16
533,2,winter_wheat,1,PK,0.001,40
533,2,winter_wheat,2,KAS,0.25,32
533,2,winter_wheat,3,KAS,0.4,16
533,2,winter_wheat,4,KAS,0.9,16
534,2,winter_wheat,1,PK,0.001,40
534,2,winter_wheat,2,KAS,0.25,32
534,2,winter_wheat,3,KAS,0.4,16
534,2,winter_wheat,4,KAS,0.9,16
536,2,winter_wheat,1,PK,0.001,40
536,2,winter_wheat,2,KAS,0.25,32
536,2,winter_wheat,3,KAS,0.4,16
536,2,winter_wheat,4,KAS,0.9,16
539,2,winter_wheat,1,PK,0.001,40
539,2,winter_wheat,2,KAS,0.25,32
539,2,winter_wheat,3,KAS,0.4,16
539,2,winter_wheat,4,KAS,0.9,16
540,2,winter_wheat,1,PK,0.001,40
540,2,winter_wheat,2,KAS,0.25,32
540,2,winter_wheat,3,KAS,0.4,16
540,2,winter_wheat,4,KAS,0.9,16
541,2,winter_wheat,1,PK,0.001,40
541,2,winter_wheat,2,KAS,0.25,32
541,2,winter_wheat,3,KAS,0.4,16
541,2,winter_wheat,4,KAS,0.9,16
542,2,winter_wheat,1,PK,0.001,40
542,2,winter_wheat,2,KAS,0.25,32
542,2,winter_wheat,3,KAS,0.4,16
542,2,winter_wheat,4,KAS,0.9,16
543,2,winter_wheat,1,PK,0.001,40
543,2,winter_wheat,2,KAS,0.25,32
543,2,winter_wheat,3,KAS,0.4,16
543,2,winter_wheat,4,KAS,0.9,16
544,2,winter_wheat,1,PK,0.001,40
544,2,winter_wheat,2,KAS,0.25,32
544,2,winter_wheat,3,KAS,0.4,16
544,2,winter_wheat,4,KAS,0.9,16
546,2,winter_wheat,1,PK,0.001,40
546,2,winter_wheat,2,KAS,0.25,32
546,2,winter_wheat,3,KAS,0.4,16
546,2,winter_wheat,4,KAS,0.9,16
547,2,winter_wheat,1,PK,0.001,40
547,2,winter_wheat,2,KAS,0.25,32
547,2,winter_wheat,3,KAS,0.4,16
547,2,winter_wheat,4,KAS,0.9,16
548,2,winter_wheat,1,PK,0.001,40
548,2,winter_wheat,2,KAS,0.25,32
548,2,winter_wheat,3,KAS,0.4,16
548,2,winter_wheat,4,KAS,0.9,16
551,2,winter_wheat,1,PK,0.001,40
551,2,winter_wheat,2,KAS,0.25,32
551,2,winter_wheat,3,KAS,0.4,16
551,2,winter_wheat,4,KAS,0.9,16
553,2,winter_wheat,1,PK,0.001,40
553,2,winter_wheat,2,KAS,0.25,32
553,2,winter_wheat,3,KAS,0.4,16
553,2,winter_wheat,4,KAS,0.9,16
554,2,winter_wheat,1,PK,0.001,40
554,2,winter_wheat,2,KAS,0.25,32
554,2,winter_wheat,3,KAS,0.4,16
554,2,winter_wheat,4,KAS,0.9,16
561,2,winter_wheat,1,PK,0.001,40
561,2,winter_wheat,2,KAS,0.25,32
561,2,winter_wheat,3,KAS,0.4,16
561,2,winter_wheat,4,KAS,0.9,16
562,2,winter_wheat,1,PK,0.001,40
562,2,winter_wheat,2,KAS,0.25,32
562,2,winter_wheat,3,KAS,0.4,16
562,2,winter_wheat,4,KAS,0.9,16
564,2,winter_wheat,1,PK,0.001,40
564,2,winter_wheat,2,KAS,0.25,32
564,2,winter_wheat,3,KAS,0.4,16
564,2,winter_wheat,4,KAS,0.9,16
566,2,winter_wheat,1,PK,0.001,40
566,2,winter_wheat,2,KAS,0.25,32
566,2,winter_wheat,3,KAS,0.4,16
566,2,winter_wheat,4,KAS,0.9,16
567,2,winter_wheat,1,PK,0.001,40
567,2,winter_wheat,2,KAS,0.25,32
567,2,winter_wheat,3,KAS,0.4,16
567,2,winter_wheat,4,KAS,0.9,16
569,2,winter_wheat,1,PK,0.001,40
569,2,winter_wheat,2,KAS,0.25,32
569,2,winter_wheat,3,KAS,0.4,16
569,2,winter_wheat,4,KAS,0.9,16
573,2,winter_wheat,1,PK,0.001,40
573,2,winter_wheat,2,KAS,0.25,32
573,2,winter_wheat,3,KAS,0.4,16
573,2,winter_wheat,4,KAS,0.9,16
574,2,winter_wheat,1,PK,0.001,40
574,2,winter_wheat,2,KAS,0.25,32
574,2,winter_wheat,3,KAS,0.4,16
574,2,winter_wheat,4,KAS,0.9,16
576,2,winter_wheat,1,PK,0.001,40
576,2,winter_wheat,2,KAS,0.25,32
576,2,winter_wheat,3,KAS,0.4,16
576,2,winter_wheat,4,KAS,0.9,16
577,2,winter_wheat,1,PK,0.001,40
577,2,winter_wheat,2,KAS,0.25,32
577,2,winter_wheat,3,KAS,0.4,16
577,2,winter_wheat,4,KAS,0.9,16
578,2,winter_wheat,1,PK,0.001,40
578,2,winter_wheat,2,KAS,0.25,32
578,2,winter_wheat,3,KAS,0.4,16
578,2,winter_wheat,4,KAS,0.9,16
579,2,winter_wheat,1,PK,0.001,40
579,2,winter_wheat,2,KAS,0.25,32
579,2,winter_wheat,3,KAS,0.4,16
579,2,winter_wheat,4,KAS,0.9,16
580,2,winter_wheat,1,PK,0.001,40
580,2,winter_wheat,2,KAS,0.25,32
580,2,winter_wheat,3,KAS,0.4,16
580,2,winter_wheat,4,KAS,0.9,16
581,2,winter_wheat,1,PK,0.001,40
581,2,winter_wheat,2,KAS,0.25,32
581,2,winter_wheat,3,KAS,0.4,16
581,2,winter_wheat,4,KAS,0.9,16
582,2,winter_wheat,1,PK,0.001,40
582,2,winter_wheat,2,KAS,0.25,32
582,2,winter_wheat,3,KAS,0.4,16
582,2,winter_wheat,4,KAS,0.9,16
583,2,winter_wheat,1,PK,0.001,40
583,2,winter_wheat,2,KAS,0.25,32
583,2,winter_wheat,3,KAS,0.4,16
583,2,winter_wheat,4,KAS,0.9,16
584,2,winter_wheat,1,PK,0.001,40
584,2,winter_wheat,2,KAS,0.25,32
584,2,winter_wheat,3,KAS,0.4,16
584,2,winter_wheat,4,KAS,0.9,16
585,2,winter_wheat,1,PK,0.001,40
585,2,winter_wheat,2,KAS,0.25,32
585,2,winter_wheat,3,KAS,0.4,16
585,2,winter_wheat,4,KAS,0.9,16
587,2,winter_wheat,1,PK,0.001,40
587,2,winter_wheat,2,KAS,0.25,32
587,2,winter_wheat,3,KAS,0.4,16
587,2,winter_wheat,4,KAS,0.9,16
590,2,winter_wheat,1,PK,0.001,40
590,2,winter_wheat,2,KAS,0.25,32
590,2,winter_wheat,3,KAS,0.4,16
590,2,winter_wheat,4,KAS,0.9,16
596,2,winter_wheat,1,PK,0.001,40
596,2,winter_wheat,2,KAS,0.25,32
596,2,winter_wheat,3,KAS,0.4,16
596,2,winter_wheat,4,KAS,0.9,16
597,2,winter_wheat,1,PK,0.001,40
597,2,winter_wheat,2,KAS,0.25,32
597,2,winter_wheat,3,KAS,0.4,16
597,2,winter_wheat,4,KAS,0.9,16
600,2,winter_wheat,1,PK,0.001,40
600,2,winter_wheat,2,KAS,0.25,32
600,2,winter_wheat,3,KAS,0.4,16
600,2,winter_wheat,4,KAS,0.9,16
601,2,winter_wheat,1,PK,0.001,40
601,2,winter_wheat,2,KAS,0.25,32
601,2,winter_wheat,3,KAS,0.4,16
601,2,winter_wheat,4,KAS,0.9,16
602,2,winter_wheat,1,PK,0.001,40
602,2,winter_wheat,2,KAS,0.25,32
602,2,winter_wheat,3,KAS,0.4,16
602,2,winter_wheat,4,KAS,0.9,16
603,2,winter_wheat,1,PK,0.001,40
603,2,winter_wheat,2,KAS,0.25,32
603,2,winter_wheat,3,KAS,0.4,16
603,2,winter_wheat,4,KAS,0.9,16
604,2,winter_wheat,1,PK,0.001,40
604,2,winter_wheat,2,KAS,0.25,32
604,2,winter_wheat,3,KAS,0.4,16
604,2,winter_wheat,4,KAS,0.9,16
605,2,winter_wheat,1,PK,0.001,40
605,2,winter_wheat,2,KAS,0.25,32
605,2,winter_wheat,3,KAS,0.4,16
605,2,winter_wheat,4,KAS,0.9,16
606,2,winter_wheat,1,PK,0.001,40
606,2,winter_wheat,2,KAS,0.25,32
606,2,winter_wheat,3,KAS,0.4,16
606,2,winter_wheat,4,KAS,0.9,16
607,2,winter_wheat,1,PK,0.001,40
607,2,winter_wheat,2,KAS,0.25,32
607,2,winter_wheat,3,KAS,0.4,16
607,2,winter_wheat,4,KAS,0.9,16
608,2,winter_wheat,1,PK,0.001,40
608,2,winter_wheat,2,KAS,0.25,32
608,2,winter_wheat,3,KAS,0.4,16
608,2,winter_wheat,4,KAS,0.9,16
609,2,winter_wheat,1,PK,0.001,40
609,2,winter_wheat,2,KAS,0.25,32
609,2,winter_wheat,3,KAS,0.4,16
609,2,winter_wheat,4,KAS,0.9,16
611,2,winter_wheat,1,PK,0.001,40
611,2,winter_wheat,2,KAS,0.25,32
611,2,winter_wheat,3,KAS,0.4,16
611,2,winter_wheat,4,KAS,0.9,16
612,2,winter_wheat,1,PK,0.001,40
612,2,winter_wheat,2,KAS,0.25,32
612,2,winter_wheat,3,KAS,0.4,16
612,2,winter_wheat,4,KAS,0.9,16
614,2,winter_wheat,1,PK,0.001,40
614,2,winter_wheat,2,KAS,0.25,32
614,2,winter_wheat,3,KAS,0.4,16
614,2,winter_wheat,4,KAS,0.9,16
615,2,winter_wheat,1,PK,0.001,40
615,2,winter_wheat,2,KAS,0.25,32
615,2,winter_wheat,3,KAS,0.4,16
615,2,winter_wheat,4,KAS,0.9,16
617,2,winter_wheat,1,PK,0.001,40
617,2,winter_wheat,2,KAS,0.25,32
617,2,winter_wheat,3,KAS,0.4,16
617,2,winter_wheat,4,KAS,0.9,16
618,2,winter_wheat,1,PK,0.001,40
618,2,winter_wheat,2,KAS,0.25,32
618,2,winter_wheat,3,KAS,0.4,16
618,2,winter_wheat,4,KAS,0.9,16
619,2,winter_wheat,1,PK,0.001,40
619,2,winter_wheat,2,KAS,0.25,32
619,2,winter_wheat,3,KAS,0.4,16
619,2,winter_wheat,4,KAS,0.9,16
620,2,winter_wheat,1,PK,0.001,40
620,2,winter_wheat,2,KAS,0.25,32
620,2,winter_wheat,3,KAS,0.4,16
620,2,winter_wheat,4,KAS,0.9,16
622,2,winter_wheat,1,PK,0.001,40
622,2,winter_wheat,2,KAS,0.25,32
622,2,winter_wheat,3,KAS,0.4,16
622,2,winter_wheat,4,KAS,0.9,16
624,2,winter_wheat,1,PK,0.001,40
624,2,winter_wheat,2,KAS,0.25,32
624,2,winter_wheat,3,KAS,0.4,16
624,2,winter_wheat,4,KAS,0.9,16
625,2,winter_wheat,1,PK,0.001,40
625,2,winter_wheat,2,KAS,0.25,32
625,2,winter_wheat,3,KAS,0.4,16
625,2,winter_wheat,4,KAS,0.9,16
626,2,winter_wheat,1,PK,0.001,40
626,2,winter_wheat,2,KAS,0.25,32
626,2,winter_wheat,3,KAS,0.4,16
626,2,winter_wheat,4,KAS,0.9,16
629,2,winter_wheat,1,PK,0.001,40
629,2,winter_wheat,2,KAS,0.25,32
629,2,winter_wheat,3,KAS,0.4,16
629,2,winter_wheat,4,KAS,0.9,16
630,2,winter_wheat,1,PK,0.001,40
630,2,winter_wheat,2,KAS,0.25,32
630,2,winter_wheat,3,KAS,0.4,16
630,2,winter_wheat,4,KAS,0.9,16
631,2,winter_wheat,1,PK,0.001,40
631,2,winter_wheat,2,KAS,0.25,32
631,2,winter_wheat,3,KAS,0.4,16
631,2,winter_wheat,4,KAS,0.9,16
634,2,winter_wheat,1,PK,0.001,40
634,2,winter_wheat,2,KAS,0.25,32
634,2,winter_wheat,3,KAS,0.4,16
634,2,winter_wheat,4,KAS,0.9,16
635,2,winter_wheat,1,PK,0.001,40
635,2,winter_wheat,2,KAS,0.25,32
635,2,winter_wheat,3,KAS,0.4,16
635,2,winter_wheat,4,KAS,0.9,16
637,2,winter_wheat,1,PK,0.001,40
637,2,winter_wheat,2,KAS,0.25,32
637,2,winter_wheat,3,KAS,0.4,16
637,2,winter_wheat,4,KAS,0.9,16
638,2,winter_wheat,1,PK,0.001,40
638,2,winter_wheat,2,KAS,0.25,32
638,2,winter_wheat,3,KAS,0.4,16
638,2,winter_wheat,4,KAS,0.9,16
639,2,winter_wheat,1,PK,0.001,40
639,2,winter_wheat,2,KAS,0.25,32
639,2,winter_wheat,3,KAS,0.4,16
639,2,winter_wheat,4,KAS,0.9,16
641,2,winter_wheat,1,PK,0.001,40
641,2,winter_wheat,2,KAS,0.25,32
641,2,winter_wheat,3,KAS,0.4,16
641,2,winter_wheat,4,KAS,0.9,16
642,2,winter_wheat,1,PK,0.001,40
642,2,winter_wheat,2,KAS,0.25,32
642,2,winter_wheat,3,KAS,0.4,16
642,2,winter_wheat,4,KAS,0.9,16
645,2,winter_wheat,1,PK,0.001,40
645,2,winter_wheat,2,KAS,0.25,32
645,2,winter_wheat,3,KAS,0.4,16
645,2,winter_wheat,4,KAS,0.9,16
647,2,winter_wheat,1,PK,0.001,40
647,2,winter_wheat,2,KAS,0.25,32
647,2,winter_wheat,3,KAS,0.4,16
647,2,winter_wheat,4,KAS,0.9,16
649,2,winter_wheat,1,PK,0.001,40
649,2,winter_wheat,2,KAS,0.25,32
649,2,winter_wheat,3,KAS,0.4,16
649,2,winter_wheat,4,KAS,0.9,16
656,2,winter_wheat,1,PK,0.001,40
656,2,winter_wheat,2,KAS,0.25,32
656,2,winter_wheat,3,KAS,0.4,16
656,2,winter_wheat,4,KAS,0.9,16
658,2,winter_wheat,1,PK,0.001,40
658,2,winter_wheat,2,KAS,0.25,32
658,2,winter_wheat,3,KAS,0.4,16
658,2,winter_wheat,4,KAS,0.9,16
659,2,winter_wheat,1,PK,0.001,40
659,2,winter_wheat,2,KAS,0.25,32
659,2,winter_wheat,3,KAS,0.4,16
659,2,winter_wheat,4,KAS,0.9,16
660,2,winter_wheat,1,PK,0.001,40
660,2,winter_wheat,2,KAS,0.25,32
660,2,winter_wheat,3,KAS,0.4,16
660,2,winter_wheat,4,KAS,0.9,16
661,2,winter_wheat,1,PK,0.001,40
661,2,winter_wheat,2,KAS,0.25,32
661,2,winter_wheat,3,KAS,0.4,16
661,2,winter_wheat,4,KAS,0.9,16
662,2,winter_wheat,1,PK,0.001,40
662,2,winter_wheat,2,KAS,0.25,32
662,2,winter_wheat,3,KAS,0.4,16
662,2,winter_wheat,4,KAS,0.9,16
663,2,winter_wheat,1,PK,0.001,40
663,2,winter_wheat,2,KAS,0.25,32
663,2,winter_wheat,3,KAS,0.4,16
663,2,winter_wheat,4,KAS,0.9,16
664,2,winter_wheat,1,PK,0.001,40
664,2,winter_wheat,2,KAS,0.25,32
664,2,winter_wheat,3,KAS,0.4,16
664,2,winter_wheat,4,KAS,0.9,16
667,2,winter_wheat,1,PK,0.001,40
667,2,winter_wheat,2,KAS,0.25,32
667,2,winter_wheat,3,KAS,0.4,16
667,2,winter_wheat,4,KAS,0.9,16
668,2,winter_wheat,1,PK,0.001,40
668,2,winter_wheat,2,KAS,0.25,32
668,2,winter_wheat,3,KAS,0.4,16
668,2,winter_wheat,4,KAS,0.9,16
669,2,winter_wheat,1,PK,0.001,40
669,2,winter_wheat,2,KAS,0.25,32
669,2,winter_wheat,3,KAS,0.4,16
669,2,winter_wheat,4,KAS,0.9,16
670,2,winter_wheat,1,PK,0.001,40
670,2,winter_wheat,2,KAS,0.25,32
670,2,winter_wheat,3,KAS,0.4,16
670,2,winter_wheat,4,KAS,0.9,16
673,2,winter_wheat,1,PK,0.001,40
673,2,winter_wheat,2,KAS,0.25,32
673,2,winter_wheat,3,KAS,0.4,16
673,2,winter_wheat,4,KAS,0.9,16
677,2,winter_wheat,1,PK,0.001,40
677,2,winter_wheat,2,KAS,0.25,32
677,2,winter_wheat,3,KAS,0.4,16
677,2,winter_wheat,4,KAS,0.9,16
678,2,winter_wheat,1,PK,0.001,40
678,2,winter_wheat,2,KAS,0.25,32
678,2,winter_wheat,3,KAS,0.4,16
678,2,winter_wheat,4,KAS,0.9,16
680,2,winter_wheat,1,PK,0.001,40
680,2,winter_wheat,2,KAS,0.25,32
680,2,winter_wheat,3,KAS,0.4,16
680,2,winter_wheat,4,KAS,0.9,16
681,2,winter_wheat,1,PK,0.001,40
681,2,winter_wheat,2,KAS,0.25,32
681,2,winter_wheat,3,KAS,0.4,16
681,2,winter_wheat,4,KAS,0.9,16
683,2,winter_wheat,1,PK,0.001,40
683,2,winter_wheat,2,KAS,0.25,32
683,2,winter_wheat,3,KAS,0.4,16
683,2,winter_wheat,4,KAS,0.9,16
684,2,winter_wheat,1,PK,0.001,40
684,2,winter_wheat,2,KAS,0.25,32
684,2,winter_wheat,3,KAS,0.4,16
684,2,winter_wheat,4,KAS,0.9,16
685,2,winter_wheat,1,PK,0.001,40
685,2,winter_wheat,2,KAS,0.25,32
685,2,winter_wheat,3,KAS,0.4,16
685,2,winter_wheat,4,KAS,0.9,16
686,2,winter_wheat,1,PK,0.001,40
686,2,winter_wheat,2,KAS,0.25,32
686,2,winter_wheat,3,KAS,0.4,16
686,2,winter_wheat,4,KAS,0.9,16
689,2,winter_wheat,1,PK,0.001,40
689,2,winter_wheat,2,KAS,0.25,32
689,2,winter_wheat,3,KAS,0.4,16
689,2,winter_wheat,4,KAS,0.9,16
690,2,winter_wheat,1,PK,0.001,40
690,2,winter_wheat,2,KAS,0.25,32
690,2,winter_wheat,3,KAS,0.4,16
690,2,winter_wheat,4,KAS,0.9,16
691,2,winter_wheat,1,PK,0.001,40
691,2,winter_wheat,2,KAS,0.25,32
691,2,winter_wheat,3,KAS,0.4,16
691,2,winter_wheat,4,KAS,0.9,16
692,2,winter_wheat,1,PK,0.001,40
692,2,winter_wheat,2,KAS,0.25,32
692,2,winter_wheat,3,KAS,0.4,16
692,2,winter_wheat,4,KAS,0.9,16
695,2,winter_wheat,1,PK,0.001,40
695,2,winter_wheat,2,KAS,0.25,32
695,2,winter_wheat,3,KAS,0.4,16
695,2,winter_wheat,4,KAS,0.9,16
696,2,winter_wheat,1,PK,0.001,40
696,2,winter_wheat,2,KAS,0.25,32
696,2,winter_wheat,3,KAS,0.4,16
696,2,winter_wheat,4,KAS,0.9,16
697,2,winter_wheat,1,PK,0.001,40
697,2,winter_wheat,2,KAS,0.25,32
697,2,winter_wheat,3,KAS,0.4,16
697,2,winter_wheat,4,KAS,0.9,16
699,2,winter_wheat,1,PK,0.001,40
699,2,winter_wheat,2,KAS,0.25,32
699,2,winter_wheat,3,KAS,0.4,16
699,2,winter_wheat,4,KAS,0.9,16
702,2,winter_wheat,1,PK,0.001,40
702,2,winter_wheat,2,KAS,0.25,32
702,2,winter_wheat,3,KAS,0.4,16
702,2,winter_wheat,4,KAS,0.9,16
703,2,winter_wheat,1,PK,0.001,40
703,2,winter_wheat,2,KAS,0.25,32
703,2,winter_wheat,3,KAS,0.4,16
703,2,winter_wheat,4,KAS,0.9,16
705,2,winter_wheat,1,PK,0.001,40
705,2,winter_wheat,2,KAS,0.25,32
705,2,winter_wheat,3,KAS,0.4,16
705,2,winter_wheat,4,KAS,0.9,16
708,2,winter_wheat,1,PK,0.001,40
708,2,winter_wheat,2,KAS,0.25,32
708,2,winter_wheat,3,KAS,0.4,16
708,2,winter_wheat,4,KAS,0.9,16
709,2,winter_wheat,1,PK,0.001,40
709,2,winter_wheat,2,KAS,0.25,32
709,2,winter_wheat,3,KAS,0.4,16
709,2,winter_wheat,4,KAS,0.9,16
711,2,winter_wheat,1,PK,0.001,40
711,2,winter_wheat,2,KAS,0.25,32
711,2,winter_wheat,3,KAS,0.4,16
711,2,winter_wheat,4,KAS,0.9,16
717,2,winter_wheat,1,PK,0.001,40
717,2,winter_wheat,2,KAS,0.25,32
717,2,winter_wheat,3,KAS,0.4,16
717,2,winter_wheat,4,KAS,0.9,16
718,2,winter_wheat,1,PK,0.001,40
718,2,winter_wheat,2,KAS,0.25,32
718,2,winter_wheat,3,KAS,0.4,16
718,2,winter_wheat,4,KAS,0.9,16
720,2,winter_wheat,1,PK,0.001,40
720,2,winter_wheat,2,KAS,0.25,32
720,2,winter_wheat,3,KAS,0.4,16
720,2,winter_wheat,4,KAS,0.9,16
721,2,winter_wheat,1,PK,0.001,40
721,2,winter_wheat,2,KAS,0.25,32
721,2,winter_wheat,3,KAS,0.4,16
721,2,winter_wheat,4,KAS,0.9,16
722,2,winter_wheat,1,PK,0.001,40
722,2,winter_wheat,2,KAS,0.25,32
722,2,winter_wheat,3,KAS,0.4,16
722,2,winter_wheat,4,KAS,0.9,16
723,2,winter_wheat,1,PK,0.001,40
723,2,winter_wheat,2,KAS,0.25,32
723,2,winter_wheat,3,KAS,0.4,16
723,2,winter_wheat,4,KAS,0.9,16
724,2,winter_wheat,1,PK,0.001,40
724,2,winter_wheat,2,KAS,0.25,32
724,2,winter_wheat,3,KAS,0.4,16
724,2,winter_wheat,4,KAS,0.9,16
725,2,winter_wheat,1,PK,0.001,40
725,2,winter_wheat,2,KAS,0.25,32
725,2,winter_wheat,3,KAS,0.4,16
725,2,winter_wheat,4,KAS,0.9,16
726,2,winter_wheat,1,PK,0.001,40
726,2,winter_wheat,2,KAS,0.25,32
726,2,winter_wheat,3,KAS,0.4,16
726,2,winter_wheat,4,KAS,0.9,16
728,2,winter_wheat,1,PK,0.001,40
728,2,winter_wheat,2,KAS,0.25,32
728,2,winter_wheat,3,KAS,0.4,16
728,2,winter_wheat,4,KAS,0.9,16
731,2,winter_wheat,1,PK,0.001,40
731,2,winter_wheat,2,KAS,0.25,32
731,2,winter_wheat,3,KAS,0.4,16
731,2,winter_wheat,4,KAS,0.9,16
733,2,winter_wheat,1,PK,0.001,40
733,2,winter_wheat,2,KAS,0.25,32
733,2,winter_wheat,3,KAS,0.4,16
733,2,winter_wheat,4,KAS,0.9,16
734,2,winter_wheat,1,PK,0.001,40
734,2,winter_wheat,2,KAS,0.25,32
734,2,winter_wheat,3,KAS,0.4,16
734,2,winter_wheat,4,KAS,0.9,16
738,2,winter_wheat,1,PK,0.001,40
738,2,winter_wheat,2,KAS,0.25,32
738,2,winter_wheat,3,KAS,0.4,16
738,2,winter_wheat,4,KAS,0.9,16
742,2,winter_wheat,1,PK,0.001,40
742,2,winter_wheat,2,KAS,0.25,32
742,2,winter_wheat,3,KAS,0.4,16
742,2,winter_wheat,4,KAS,0.9,16
745,2,winter_wheat,1,PK,0.001,40
745,2,winter_wheat,2,KAS,0.25,32
745,2,winter_wheat,3,KAS,0.4,16
745,2,winter_wheat,4,KAS,0.9,16
750,2,winter_wheat,1,PK,0.001,40
750,2,winter_wheat,2,KAS,0.25,32
750,2,winter_wheat,3,KAS,0.4,16
750,2,winter_wheat,4,KAS,0.9,16
751,2,winter_wheat,1,PK,0.001,40
751,2,winter_wheat,2,KAS,0.25,32
751,2,winter_wheat,3,KAS,0.4,16
751,2,winter_wheat,4,KAS,0.9,16
752,2,winter_wheat,1,PK,0.001,40
752,2,winter_wheat,2,KAS,0.25,32
752,2,winter_wheat,3,KAS,0.4,16
752,2,winter_wheat,4,KAS,0.9,16
753,2,winter_wheat,1,PK,0.001,40
753,2,winter_wheat,2,KAS,0.25,32
753,2,winter_wheat,3,KAS,0.4,16
753,2,winter_wheat,4,KAS,0.9,16
756,2,winter_wheat,1,PK,0.001,40
756,2,winter_wheat,2,KAS,0.25,32
756,2,winter_wheat,3,KAS,0.4,16
756,2,winter_wheat,4,KAS,0.9,16
757,2,winter_wheat,1,PK,0.001,40
757,2,winter_wheat,2,KAS,0.25,32
757,2,winter_wheat,3,KAS,0.4,16
757,2,winter_wheat,4,KAS,0.9,16
758,2,winter_wheat,1,PK,0.001,40
758,2,winter_wheat,2,KAS,0.25,32
758,2,winter_wheat,3,KAS,0.4,16
758,2,winter_wheat,4,KAS,0.9,16
760,2,winter_wheat,1,PK,0.001,40
760,2,winter_wheat,2,KAS,0.25,32
760,2,winter_wheat,3,KAS,0.4,16
760,2,winter_wheat,4,KAS,0.9,16
761,2,winter_wheat,1,PK,0.001,40
761,2,winter_wheat,2,KAS,0.25,32
761,2,winter_wheat,3,KAS,0.4,16
761,2,winter_wheat,4,KAS,0.9,16
762,2,winter_wheat,1,PK,0.001,40
762,2,winter_wheat,2,KAS,0.25,32
762,2,winter_wheat,3,KAS,0.4,16
762,2,winter_wheat,4,KAS,0.9,16
763,2,winter_wheat,1,PK,0.001,40
763,2,winter_wheat,2,KAS,0.25,32
763,2,winter_wheat,3,KAS,0.4,16
763,2,winter_wheat,4,KAS,0.9,16
764,2,winter_wheat,1,PK,0.001,40
764,2,winter_wheat,2,KAS,0.25,32
764,2,winter_wheat,3,KAS,0.4,16
764,2,winter_wheat,4,KAS,0.9,16
769,2,winter_wheat,1,PK,0.001,40
769,2,winter_wheat,2,KAS,0.25,32
769,2,winter_wheat,3,KAS,0.4,16
769,2,winter_wheat,4,KAS,0.9,16
781,2,winter_wheat,1,PK,0.001,40
781,2,winter_wheat,2,KAS,0.25,32
781,2,winter_wheat,3,KAS,0.4,16
781,2,winter_wheat,4,KAS,0.9,16
782,2,winter_wheat,1,PK,0.001,40
782,2,winter_wheat,2,KAS,0.25,32
782,2,winter_wheat,3,KAS,0.4,16
782,2,winter_wheat,4,KAS,0.9,16
784,2,winter_wheat,1,PK,0.001,40
784,2,winter_wheat,2,KAS,0.25,32
784,2,winter_wheat,3,KAS,0.4,16
784,2,winter_wheat,4,KAS,0.9,16
786,2,winter_wheat,1,PK,0.001,40
786,2,winter_wheat,2,KAS,0.25,32
786,2,winter_wheat,3,KAS,0.4,16
786,2,winter_wheat,4,KAS,0.9,16
787,2,winter_wheat,1,PK,0.001,40
787,2,winter_wheat,2,KAS,0.25,32
787,2,winter_wheat,3,KAS,0.4,16
787,2,winter_wheat,4,KAS,0.9,16
789,2,winter_wheat,1,PK,0.001,40
789,2,winter_wheat,2,KAS,0.25,32
789,2,winter_wheat,3,KAS,0.4,16
789,2,winter_wheat,4,KAS,0.9,16
790,2,winter_wheat,1,PK,0.001,40
790,2,winter_wheat,2,KAS,0.25,32
790,2,winter_wheat,3,KAS,0.4,16
790,2,winter_wheat,4,KAS,0.9,16
796,2,winter_wheat,1,PK,0.001,40
796,2,winter_wheat,2,KAS,0.25,32
796,2,winter_wheat,3,KAS,0.4,16
796,2,winter_wheat,4,KAS,0.9,16
798,2,winter_wheat,1,PK,0.001,40
798,2,winter_wheat,2,KAS,0.25,32
798,2,winter_wheat,3,KAS,0.4,16
798,2,winter_wheat,4,KAS,0.9,16
799,2,winter_wheat,1,PK,0.001,40
799,2,winter_wheat,2,KAS,0.25,32
799,2,winter_wheat,3,KAS,0.4,16
799,2,winter_wheat,4,KAS,0.9,16
800,2,winter_wheat,1,PK,0.001,40
800,2,winter_wheat,2,KAS,0.25,32
800,2,winter_wheat,3,KAS,0.4,16
800,2,winter_wheat,4,KAS,0.9,16
801,2,winter_wheat,1,PK,0.001,40
801,2,winter_wheat,2,KAS,0.25,32
801,2,winter_wheat,3,KAS,0.4,16
801,2,winter_wheat,4,KAS,0.9,16
804,2,winter_wheat,1,PK,0.001,40
804,2,winter_wheat,2,KAS,0.25,32
804,2,winter_wheat,3,KAS,0.4,16
804,2,winter_wheat,4,KAS,0.9,16
805,2,winter_wheat,1,PK,0.001,40
805,2,winter_wheat,2,KAS,0.25,32
805,2,winter_wheat,3,KAS,0.4,16
805,2,winter_wheat,4,KAS,0.9,16
806,2,winter_wheat,1,PK,0.001,40
806,2,winter_wheat,2,KAS,0.25,32
806,2,winter_wheat,3,KAS,0.4,16
806,2,winter_wheat,4,KAS,0.9,16
808,2,winter_wheat,1,PK,0.001,40
808,2,winter_wheat,2,KAS,0.25,32
808,2,winter_wheat,3,KAS,0.4,16
808,2,winter_wheat,4,KAS,0.9,16
809,2,winter_wheat,1,PK,0.001,40
809,2,winter_wheat,2,KAS,0.25,32
809,2,winter_wheat,3,KAS,0.4,16
809,2,winter_wheat,4,KAS,0.9,16
811,2,winter_wheat,1,PK,0.001,40
811,2,winter_wheat,2,KAS,0.25,32
811,2,winter_wheat,3,KAS,0.4,16
811,2,winter_wheat,4,KAS,0.9,16
813,2,winter_wheat,1,PK,0.001,40
813,2,winter_wheat,2,KAS,0.25,32
813,2,winter_wheat,3,KAS,0.4,16
813,2,winter_wheat,4,KAS,0.9,16
814,2,winter_wheat,1,PK,0.001,40
814,2,winter_wheat,2,KAS,0.25,32
814,2,winter_wheat,3,KAS,0.4,16
814,2,winter_wheat,4,KAS,0.9,16
815,2,winter_wheat,1,PK,0.001,40
815,2,winter_wheat,2,KAS,0.25,32
815,2,winter_wheat,3,KAS,0.4,16
815,2,winter_wheat,4,KAS,0.9,16
816,2,winter_wheat,1,PK,0.001,40
816,2,winter_wheat,2,KAS,0.25,32
816,2,winter_wheat,3,KAS,0.4,16
816,2,winter_wheat,4,KAS,0.9,16
818,2,winter_wheat,1,PK,0.001,40
818,2,winter_wheat,2,KAS,0.25,32
818,2,winter_wheat,3,KAS,0.4,16
818,2,winter_wheat,4,KAS,0.9,16
819,2,winter_wheat,1,PK,0.001,40
819,2,winter_wheat,2,KAS,0.25,32
819,2,winter_wheat,3,KAS,0.4,16
819,2,winter_wheat,4,KAS,0.9,16
820,2,winter_wheat,1,PK,0.001,40
820,2,winter_wheat,2,KAS,0.25,32
820,2,winter_wheat,3,KAS,0.4,16
820,2,winter_wheat,4,KAS,0.9,16
822,2,winter_wheat,1,PK,0.001,40
822,2,winter_wheat,2,KAS,0.25,32
822,2,winter_wheat,3,KAS,0.4,16
822,2,winter_wheat,4,KAS,0.9,16
823,2,winter_wheat,1,PK,0.001,40
823,2,winter_wheat,2,KAS,0.25,32
823,2,winter_wheat,3,KAS,0.4,16
823,2,winter_wheat,4,KAS,0.9,16
824,2,winter_wheat,1,PK,0.001,40
824,2,winter_wheat,2,KAS,0.25,32
824,2,winter_wheat,3,KAS,0.4,16
824,2,winter_wheat,4,KAS,0.9,16
825,2,winter_wheat,1,PK,0.001,40
825,2,winter_wheat,2,KAS,0.25,32
825,2,winter_wheat,3,KAS,0.4,16
825,2,winter_wheat,4,KAS,0.9,16
826,2,winter_wheat,1,PK,0.001,40
826,2,winter_wheat,2,KAS,0.25,32
826,2,winter_wheat,3,KAS,0.4,16
826,2,winter_wheat,4,KAS,0.9,16
827,2,winter_wheat,1,PK,0.001,40
827,2,winter_wheat,2,KAS,0.25,32
827,2,winter_wheat,3,KAS,0.4,16
827,2,winter_wheat,4,KAS,0.9,16
828,2,winter_wheat,1,PK,0.001,40
828,2,winter_wheat,2,KAS,0.25,32
828,2,winter_wheat,3,KAS,0.4,16
828,2,winter_wheat,4,KAS,0.9,16
829,2,winter_wheat,1,PK,0.001,40
829,2,winter_wheat,2,KAS,0.25,32
829,2,winter_wheat,3,KAS,0.4,16
829,2,winter_wheat,4,KAS,0.9,16
833,2,winter_wheat,1,PK,0.001,40
833,2,winter_wheat,2,KAS,0.25,32
833,2,winter_wheat,3,KAS,0.4,16
833,2,winter_wheat,4,KAS,0.9,16
839,2,winter_wheat,1,PK,0.001,40
839,2,winter_wheat,2,KAS,0.25,32
839,2,winter_wheat,3,KAS,0.4,16
839,2,winter_wheat,4,KAS,0.9,16
840,2,winter_wheat,1,PK,0.001,40
840,2,winter_wheat,2,KAS,0.25,32
840,2,winter_wheat,3,KAS,0.4,16
840,2,winter_wheat,4,KAS,0.9,16
841,2,winter_wheat,1,PK,0.001,40
841,2,winter_wheat,2,KAS,0.25,32
841,2,winter_wheat,3,KAS,0.4,16
841,2,winter_wheat,4,KAS,0.9,16
847,2,winter_wheat,1,PK,0.001,40
847,2,winter_wheat,2,KAS,0.25,32
847,2,winter_wheat,3,KAS,0.4,16
847,2,winter_wheat,4,KAS,0.9,16
849,2,winter_wheat,1,PK,0.001,40
849,2,winter_wheat,2,KAS,0.25,32
849,2,winter_wheat,3,KAS,0.4,16
849,2,winter_wheat,4,KAS,0.9,16
853,2,winter_wheat,1,PK,0.001,40
853,2,winter_wheat,2,KAS,0.25,32
853,2,winter_wheat,3,KAS,0.4,16
853,2,winter_wheat,4,KAS,0.9,16
855,2,winter_wheat,1,PK,0.001,40
855,2,winter_wheat,2,KAS,0.25,32
855,2,winter_wheat,3,KAS,0.4,16
855,2,winter_wheat,4,KAS,0.9,16
857,2,winter_wheat,1,PK,0.001,40
857,2,winter_wheat,2,KAS,0.25,32
857,2,winter_wheat,3,KAS,0.4,16
857,2,winter_wheat,4,KAS,0.9,16
858,2,winter_wheat,1,PK,0.001,40
858,2,winter_wheat,2,KAS,0.25,32
858,2,winter_wheat,3,KAS,0.4,16
858,2,winter_wheat,4,KAS,0.9,16
859,2,winter_wheat,1,PK,0.001,40
859,2,winter_wheat,2,KAS,0.25,32
859,2,winter_wheat,3,KAS,0.4,16
859,2,winter_wheat,4,KAS,0.9,16
860,2,winter_wheat,1,PK,0.001,40
860,2,winter_wheat,2,KAS,0.25,32
860,2,winter_wheat,3,KAS,0.4,16
860,2,winter_wheat,4,KAS,0.9,16
861,2,winter_wheat,1,PK,0.001,40
861,2,winter_wheat,2,KAS,0.25,32
861,2,winter_wheat,3,KAS,0.4,16
861,2,winter_wheat,4,KAS,0.9,16
863,2,winter_wheat,1,PK,0.001,40
863,2,winter_wheat,2,KAS,0.25,32
863,2,winter_wheat,3,KAS,0.4,16
863,2,winter_wheat,4,KAS,0.9,16
864,2,winter_wheat,1,PK,0.001,40
864,2,winter_wheat,2,KAS,0.25,32
864,2,winter_wheat,3,KAS,0.4,16
864,2,winter_wheat,4,KAS,0.9,16
865,2,winter_wheat,1,PK,0.001,40
865,2,winter_wheat,2,KAS,0.25,32
865,2,winter_wheat,3,KAS,0.4,16
865,2,winter_wheat,4,KAS,0.9,16
866,2,winter_wheat,1,PK,0.001,40
866,2,winter_wheat,2,KAS,0.25,32
866,2,winter_wheat,3,KAS,0.4,16
866,2,winter_wheat,4,KAS,0.9,16
868,2,winter_wheat,1,PK,0.001,40
868,2,winter_wheat,2,KAS,0.25,32
868,2,winter_wheat,3,KAS,0.4,16
868,2,winter_wheat,4,KAS,0.9,16
869,2,winter_wheat,1,PK,0.001,40
869,2,winter_wheat,2,KAS,0.25,32
869,2,winter_wheat,3,KAS,0.4,16
869,2,winter_wheat,4,KAS,0.9,16
870,2,winter_wheat,1,PK,0.001,40
870,2,winter_wheat,2,KAS,0.25,32
870,2,winter_wheat,3,KAS,0.4,16
870,2,winter_wheat,4,KAS,0.9,16
874,2,winter_wheat,1,PK,0.001,40
874,2,winter_wheat,2,KAS,0.25,32
874,2,winter_wheat,3,KAS,0.4,16
874,2,winter_wheat,4,KAS,0.9,16
879,2,winter_wheat,1,PK,0.001,40
879,2,winter_wheat,2,KAS,0.25,32
879,2,winter_wheat,3,KAS,0.4,16
879,2,winter_wheat,4,KAS,0.9,16
880,2,winter_wheat,1,PK,0.001,40
880,2,winter_wheat,2,KAS,0.25,32
880,2,winter_wheat,3,KAS,0.4,16
880,2,winter_wheat,4,KAS,0.9,16
883,2,winter_wheat,1,PK,0.001,40
883,2,winter_wheat,2,KAS,0.25,32
883,2,winter_wheat,3,KAS,0.4,16
883,2,winter_wheat,4,KAS,0.9,16
884,2,winter_wheat,1,PK,0.001,40
884,2,winter_wheat,2,KAS,0.25,32
884,2,winter_wheat,3,KAS,0.4,16
884,2,winter_wheat,4,KAS,0.9,16
887,2,winter_wheat,1,PK,0.001,40
887,2,winter_wheat,2,KAS,0.25,32
887,2,winter_wheat,3,KAS,0.4,16
887,2,winter_wheat,4,KAS,0.9,16
889,2,winter_wheat,1,PK,0.001,40
889,2,winter_wheat,2,KAS,0.25,32
889,2,winter_wheat,3,KAS,0.4,16
889,2,winter_wheat,4,KAS,0.9,16
892,2,winter_wheat,1,PK,0.001,40
892,2,winter_wheat,2,KAS,0.25,32
892,2,winter_wheat,3,KAS,0.4,16
892,2,winter_wheat,4,KAS,0.9,16
896,2,winter_wheat,1,PK,0.001,40
896,2,winter_wheat,2,KAS,0.25,32
896,2,winter_wheat,3,KAS,0.4,16
896,2,winter_wheat,4,KAS,0.9,16
899,2,winter_wheat,1,PK,0.001,40
899,2,winter_wheat,2,KAS,0.25,32
899,2,winter_wheat,3,KAS,0.4,16
899,2,winter_wheat,4,KAS,0.9,16
900,2,winter_wheat,1,PK,0.001,40
900,2,winter_wheat,2,KAS,0.25,32
900,2,winter_wheat,3,KAS,0.4,16
900,2,winter_wheat,4,KAS,0.9,16
901,2,winter_wheat,1,PK,0.001,40
901,2,winter_wheat,2,KAS,0.25,32
901,2,winter_wheat,3,KAS,0.4,16
901,2,winter_wheat,4,KAS,0.9,16
902,2,winter_wheat,1,PK,0.001,40
902,2,winter_wheat,2,KAS,0.25,32
902,2,winter_wheat,3,KAS,0.4,16
902,2,winter_wheat,4,KAS,0.9,16
903,2,winter_wheat,1,PK,0.001,40
903,2,winter_wheat,2,KAS,0.25,32
903,2,winter_wheat,3,KAS,0.4,16
903,2,winter_wheat,4,KAS,0.9,16
911,2,winter_wheat,1,PK,0.001,40
911,2,winter_wheat,2,KAS,0.25,32
911,2,winter_wheat,3,KAS,0.4,16
911,2,winter_wheat,4,KAS,0.9,16
915,2,winter_wheat,1,PK,0.001,40
915,2,winter_wheat,2,KAS,0.25,32
915,2,winter_wheat,3,KAS,0.4,16
915,2,winter_wheat,4,KAS,0.9,16
918,2,winter_wheat,1,PK,0.001,40
918,2,winter_wheat,2,KAS,0.25,32
918,2,winter_wheat,3,KAS,0.4,16
918,2,winter_wheat,4,KAS,0.9,16
922,2,winter_wheat,1,PK,0.001,40
922,2,winter_wheat,2,KAS,0.25,32
922,2,winter_wheat,3,KAS,0.4,16
922,2,winter_wheat,4,KAS,0.9,16
924,2,winter_wheat,1,PK,0.001,40
924,2,winter_wheat,2,KAS,0.25,32
924,2,winter_wheat,3,KAS,0.4,16
924,2,winter_wheat,4,KAS,0.9,16
938,2,winter_wheat,1,PK,0.001,40
938,2,winter_wheat,2,KAS,0.25,32
938,2,winter_wheat,3,KAS,0.4,16
938,2,winter_wheat,4,KAS,0.9,16
940,2,winter_wheat,1,PK,0.001,40
940,2,winter_wheat,2,KAS,0.25,32
940,2,winter_wheat,3,KAS,0.4,16
940,2,winter_wheat,4,KAS,0.9,16
942,2,winter_wheat,1,PK,0.001,40
942,2,winter_wheat,2,KAS,0.25,32
942,2,winter_wheat,3,KAS,0.4,16
942,2,winter_wheat,4,KAS,0.9,16
944,2,winter_wheat,1,PK,0.001,40
944,2,winter_wheat,2,KAS,0.25,32
944,2,winter_wheat,3,KAS,0.4,16
944,2,winter_wheat,4,KAS,0.9,16
945,2,winter_wheat,1,PK,0.001,40
945,2,winter_wheat,2,KAS,0.25,32
945,2,winter_wheat,3,KAS,0.4,16
945,2,winter_wheat,4,KAS,0.9,16
946,2,winter_wheat,1,PK,0.001,40
946,2,winter_wheat,2,KAS,0.25,32
946,2,winter_wheat,3,KAS,0.4,16
946,2,winter_wheat,4,KAS,0.9,16
947,2,winter_wheat,1,PK,0.001,40
947,2,winter_wheat,2,KAS,0.25,32
947,2,winter_wheat,3,KAS,0.4,16
947,2,winter_wheat,4,KAS,0.9,16
950,2,winter_wheat,1,PK,0.001,40
950,2,winter_wheat,2,KAS,0.25,32
950,2,winter_wheat,3,KAS,0.4,16
950,2,winter_wheat,4,KAS,0.9,16
954,2,winter_wheat,1,PK,0.001,40
954,2,winter_wheat,2,KAS,0.25,32
954,2,winter_wheat,3,KAS,0.4,16
954,2,winter_wheat,4,KAS,0.9,16
955,2,winter_wheat,1,PK,0.001,40
955,2,winter_wheat,2,KAS,0.25,32
955,2,winter_wheat,3,KAS,0.4,16
955,2,winter_wheat,4,KAS,0.9,16
956,2,winter_wheat,1,PK,0.001,40
956,2,winter_wheat,2,KAS,0.25,32
956,2,winter_wheat,3,KAS,0.4,16
956,2,winter_wheat,4,KAS,0.9,16
960,2,winter_wheat,1,PK,0.001,40
960,2,winter_wheat,2,KAS,0.25,32
960,2,winter_wheat,3,KAS,0.4,16
960,2,winter_wheat,4,KAS,0.9,16
962,2,winter_wheat,1,PK,0.001,40
962,2,winter_wheat,2,KAS,0.25,32
962,2,winter_wheat,3,KAS,0.4,16
962,2,winter_wheat,4,KAS,0.9,16
963,2,winter_wheat,1,PK,0.001,40
963,2,winter_wheat,2,KAS,0.25,32
963,2,winter_wheat,3,KAS,0.4,16
963,2,winter_wheat,4,KAS,0.9,16
964,2,winter_wheat,1,PK,0.001,40
964,2,winter_wheat,2,KAS,0.25,32
964,2,winter_wheat,3,KAS,0.4,16
964,2,winter_wheat,4,KAS,0.9,16
965,2,winter_wheat,1,PK,0.001,40
965,2,winter_wheat,2,KAS,0.25,32
965,2,winter_wheat,3,KAS,0.4,16
965,2,winter_wheat,4,KAS,0.9,16
966,2,winter_wheat,1,PK,0.001,40
966,2,winter_wheat,2,KAS,0.25,32
966,2,winter_wheat,3,KAS,0.4,16
966,2,winter_wheat,4,KAS,0.9,16
967,2,winter_wheat,1,PK,0.001,40
967,2,winter_wheat,2,KAS,0.25,32
967,2,winter_wheat,3,KAS,0.4,16
967,2,winter_wheat,4,KAS,0.9,16
968,2,winter_wheat,1,PK,0.001,40
968,2,winter_wheat,2,KAS,0.25,32
968,2,winter_wheat,3,KAS,0.4,16
968,2,winter_wheat,4,KAS,0.9,16
969,2,winter_wheat,1,PK,0.001,40
969,2,winter_wheat,2,KAS,0.25,32
969,2,winter_wheat,3,KAS,0.4,16
969,2,winter_wheat,4,KAS,0.9,16
970,2,winter_wheat,1,PK,0.001,40
970,2,winter_wheat,2,KAS,0.25,32
970,2,winter_wheat,3,KAS,0.4,16
970,2,winter_wheat,4,KAS,0.9,16
971,2,winter_wheat,1,PK,0.001,40
971,2,winter_wheat,2,KAS,0.25,32
971,2,winter_wheat,3,KAS,0.4,16
971,2,winter_wheat,4,KAS,0.9,16
972,2,winter_wheat,1,PK,0.001,40
972,2,winter_wheat,2,KAS,0.25,32
972,2,winter_wheat,3,KAS,0.4,16
972,2,winter_wheat,4,KAS,0.9,16
974,2,winter_wheat,1,PK,0.001,40
974,2,winter_wheat,2,KAS,0.25,32
974,2,winter_wheat,3,KAS,0.4,16
974,2,winter_wheat,4,KAS,0.9,16
975,2,winter_wheat,1,PK,0.001,40
975,2,winter_wheat,2,KAS,0.25,32
975,2,winter_wheat,3,KAS,0.4,16
975,2,winter_wheat,4,KAS,0.9,16
979,2,winter_wheat,1,PK,0.001,40
979,2,winter_wheat,2,KAS,0.25,32
979,2,winter_wheat,3,KAS,0.4,16
979,2,winter_wheat,4,KAS,0.9,16
981,2,winter_wheat,1,PK,0.001,40
981,2,winter_wheat,2,KAS,0.25,32
981,2,winter_wheat,3,KAS,0.4,16
981,2,winter_wheat,4,KAS,0.9,16
986,2,winter_wheat,1,PK,0.001,40
986,2,winter_wheat,2,KAS,0.25,32
986,2,winter_wheat,3,KAS,0.4,16
986,2,winter_wheat,4,KAS,0.9,16
988,2,winter_wheat,1,PK,0.001,40
988,2,winter_wheat,2,KAS,0.25,32
988,2,winter_wheat,3,KAS,0.4,16
988,2,winter_wheat,4,KAS,0.9,16
992,2,winter_wheat,1,PK,0.001,40
992,2,winter_wheat,2,KAS,0.25,32
992,2,winter_wheat,3,KAS,0.4,16
992,2,winter_wheat,4,KAS,0.9,16
993,2,winter_wheat,1,PK,0.001,40
993,2,winter_wheat,2,KAS,0.25,32
993,2,winter_wheat,3,KAS,0.4,16
993,2,winter_wheat,4,KAS,0.9,16
994,2,winter_wheat,1,PK,0.001,40
994,2,winter_wheat,2,KAS,0.25,32
994,2,winter_wheat,3,KAS,0.4,16
994,2,winter_wheat,4,KAS,0.9,16
995,2,winter_wheat,1,PK,0.001,40
995,2,winter_wheat,2,KAS,0.25,32
995,2,winter_wheat,3,KAS,0.4,16
995,2,winter_wheat,4,KAS,0.9,16
997,2,winter_wheat,1,PK,0.001,40
997,2,winter_wheat,2,KAS,0.25,32
997,2,winter_wheat,3,KAS,0.4,16
997,2,winter_wheat,4,KAS,0.9,16
999,2,winter_wheat,1,PK,0.001,40
999,2,winter_wheat,2,KAS,0.25,32
999,2,winter_wheat,3,KAS,0.4,16
999,2,winter_wheat,4,KAS,0.9,16
1001,2,winter_wheat,1,PK,0.001,40
1001,2,winter_wheat,2,KAS,0.25,32
1001,2,winter_wheat,3,KAS,0.4,16
1001,2,winter_wheat,4,KAS,0.9,16
1002,2,winter_wheat,1,PK,0.001,40
1002,2,winter_wheat,2,KAS,0.25,32
1002,2,winter_wheat,3,KAS,0.4,16
1002,2,winter_wheat,4,KAS,0.9,16
1003,2,winter_wheat,1,PK,0.001,40
1003,2,winter_wheat,2,KAS,0.25,32
1003,2,winter_wheat,3,KAS,0.4,16
1003,2,winter_wheat,4,KAS,0.9,16
1005,2,winter_wheat,1,PK,0.001,40
1005,2,winter_wheat,2,KAS,0.25,32
1005,2,winter_wheat,3,KAS,0.4,16
1005,2,winter_wheat,4,KAS,0.9,16
1007,2,winter_wheat,1,PK,0.001,40
1007,2,winter_wheat,2,KAS,0.25,32
1007,2,winter_wheat,3,KAS,0.4,16
1007,2,winter_wheat,4,KAS,0.9,16
1009,2,winter_wheat,1,PK,0.001,40
1009,2,winter_wheat,2,KAS,0.25,32
1009,2,winter_wheat,3,KAS,0.4,16
1009,2,winter_wheat,4,KAS,0.9,16
1010,2,winter_wheat,1,PK,0.001,40
1010,2,winter_wheat,2,KAS,0.25,32
1010,2,winter_wheat,3,KAS,0.4,16
1010,2,winter_wheat,4,KAS,0.9,16
1014,2,winter_wheat,1,PK,0.001,40
1014,2,winter_wheat,2,KAS,0.25,32
1014,2,winter_wheat,3,KAS,0.4,16
1014,2,winter_wheat,4,KAS,0.9,16
1015,2,winter_wheat,1,PK,0.001,40
1015,2,winter_wheat,2,KAS,0.25,32
1015,2,winter_wheat,3,KAS,0.4,16
1015,2,winter_wheat,4,KAS,0.9,16
1016,2,winter_wheat,1,PK,0.001,40
1016,2,winter_wheat,2,KAS,0.25,32
1016,2,winter_wheat,3,KAS,0.4,16
1016,2,winter_wheat,4,KAS,0.9,16
1022,2,winter_wheat,1,PK,0.001,40
1022,2,winter_wheat,2,KAS,0.25,32
1022,2,winter_wheat,3,KAS,0.4,16
1022,2,winter_wheat,4,KAS,0.9,16
1023,2,winter_wheat,1,PK,0.001,40
1023,2,winter_wheat,2,KAS,0.25,32
1023,2,winter_wheat,3,KAS,0.4,16
1023,2,winter_wheat,4,KAS,0.9,16
1024,2,winter_wheat,1,PK,0.001,40
1024,2,winter_wheat,2,KAS,0.25,32
1024,2,winter_wheat,3,KAS,0.4,16
1024,2,winter_wheat,4,KAS,0.9,16
1025,2,winter_wheat,1,PK,0.001,40
1025,2,winter_wheat,2,KAS,0.25,32
1025,2,winter_wheat,3,KAS,0.4,16
1025,2,winter_wheat,4,KAS,0.9,16
1030,2,winter_wheat,1,PK,0.001,40
1030,2,winter_wheat,2,KAS,0.25,32
1030,2,winter_wheat,3,KAS,0.4,16
1030,2,winter_wheat,4,KAS,0.9,16
1033,2,winter_wheat,1,PK,0.001,40
1033,2,winter_wheat,2,KAS,0.25,32
1033,2,winter_wheat,3,KAS,0.4,16
1033,2,winter_wheat,4,KAS,0.9,16
1037,2,winter_wheat,1,PK,0.001,40
1037,2,winter_wheat,2,KAS,0.25,32
1037,2,winter_wheat,3,KAS,0.4,16
1037,2,winter_wheat,4,KAS,0.9,16
1055,2,winter_wheat,1,PK,0.001,40
1055,2,winter_wheat,2,KAS,0.25,32
1055,2,winter_wheat,3,KAS,0.4,16
1055,2,winter_wheat,4,KAS,0.9,16
1059,2,winter_wheat,1,PK,0.001,40
1059,2,winter_wheat,2,KAS,0.25,32
1059,2,winter_wheat,3,KAS,0.4,16
1059,2,winter_wheat,4,KAS,0.9,16
1060,2,winter_wheat,1,PK,0.001,40
1060,2,winter_wheat,2,KAS,0.25,32
1060,2,winter_wheat,3,KAS,0.4,16
1060,2,winter_wheat,4,KAS,0.9,16
1061,2,winter_wheat,1,PK,0.001,40
1061,2,winter_wheat,2,KAS,0.25,32
1061,2,winter_wheat,3,KAS,0.4,16
1061,2,winter_wheat,4,KAS,0.9,16
1062,2,winter_wheat,1,PK,0.001,40
1062,2,winter_wheat,2,KAS,0.25,32
1062,2,winter_wheat,3,KAS,0.4,16
1062,2,winter_wheat,4,KAS,0.9,16
1063,2,winter_wheat,1,PK,0.001,40
1063,2,winter_wheat,2,KAS,0.25,32
1063,2,winter_wheat,3,KAS,0.4,16
1063,2,winter_wheat,4,KAS,0.9,16
1064,2,winter_wheat,1,PK,0.001,40
1064,2,winter_wheat,2,KAS,0.25,32
1064,2,winter_wheat,3,KAS,0.4,16
1064,2,winter_wheat,4,KAS,0.9,16
1065,2,winter_wheat,1,PK,0.001,40
1065,2,winter_wheat,2,KAS,0.25,32
1065,2,winter_wheat,3,KAS,0.4,16
1065,2,winter_wheat,4,KAS,0.9,16
1066,2,winter_wheat,1,PK,0.001,40
1066,2,winter_wheat,2,KAS,0.25,32
1066,2,winter_wheat,3,KAS,0.4,16
1066,2,winter_wheat,4,KAS,0.9,16
1067,2,winter_wheat,1,PK,0.001,40
1067,2,winter_wheat,2,KAS,0.25,32
1067,2,winter_wheat,3,KAS,0.4,16
1067,2,winter_wheat,4,KAS,0.9,16
1068,2,winter_wheat,1,PK,0.001,40
1068,2,winter_wheat,2,KAS,0.25,32
1068,2,winter_wheat,3,KAS,0.4,16
1068,2,winter_wheat,4,KAS,0.9,16
1069,2,winter_wheat,1,PK,0.001,40
1069,2,winter_wheat,2,KAS,0.25,32
1069,2,winter_wheat,3,KAS,0.4,16
1069,2,winter_wheat,4,KAS,0.9,16
1070,2,winter_wheat,1,PK,0.001,40
1070,2,winter_wheat,2,KAS,0.25,32
1070,2,winter_wheat,3,KAS,0.4,16
1070,2,winter_wheat,4,KAS,0.9,16
1071,2,winter_wheat,1,PK,0.001,40
1071,2,winter_wheat,2,KAS,0.25,32
1071,2,winter_wheat,3,KAS,0.4,16
1071,2,winter_wheat,4,KAS,0.9,16
1072,2,winter_wheat,1,PK,0.001,40
1072,2,winter_wheat,2,KAS,0.25,32
1072,2,winter_wheat,3,KAS,0.4,16
1072,2,winter_wheat,4,KAS,0.9,16
1073,2,winter_wheat,1,PK,0.001,40
1073,2,winter_wheat,2,KAS,0.25,32
1073,2,winter_wheat,3,KAS,0.4,16
1073,2,winter_wheat,4,KAS,0.9,16
1074,2,winter_wheat,1,PK,0.001,40
1074,2,winter_wheat,2,KAS,0.25,32
1074,2,winter_wheat,3,KAS,0.4,16
1074,2,winter_wheat,4,KAS,0.9,16
1075,2,winter_wheat,1,PK,0.001,40
1075,2,winter_wheat,2,KAS,0.25,32
1075,2,winter_wheat,3,KAS,0.4,16
1075,2,winter_wheat,4,KAS,0.9,16
1076,2,winter_wheat,1,PK,0.001,40
1076,2,winter_wheat,2,KAS,0.25,32
1076,2,winter_wheat,3,KAS,0.4,16
1076,2,winter_wheat,4,KAS,0.9,16
1078,2,winter_wheat,1,PK,0.001,40
1078,2,winter_wheat,2,KAS,0.25,32
1078,2,winter_wheat,3,KAS,0.4,16
1078,2,winter_wheat,4,KAS,0.9,16
1080,2,winter_wheat,1,PK,0.001,40
1080,2,winter_wheat,2,KAS,0.25,32
1080,2,winter_wheat,3,KAS,0.4,16
1080,2,winter_wheat,4,KAS,0.9,16
1081,2,winter_wheat,1,PK,0.001,40
1081,2,winter_wheat,2,KAS,0.25,32
1081,2,winter_wheat,3,KAS,0.4,16
1081,2,winter_wheat,4,KAS,0.9,16
1082,2,winter_wheat,1,PK,0.001,40
1082,2,winter_wheat,2,KAS,0.25,32
1082,2,winter_wheat,3,KAS,0.4,16
1082,2,winter_wheat,4,KAS,0.9,16
1086,2,winter_wheat,1,PK,0.001,40
1086,2,winter_wheat,2,KAS,0.25,32
1086,2,winter_wheat,3,KAS,0.4,16
1086,2,winter_wheat,4,KAS,0.9,16
1090,2,winter_wheat,1,PK,0.001,40
1090,2,winter_wheat,2,KAS,0.25,32
1090,2,winter_wheat,3,KAS,0.4,16
1090,2,winter_wheat,4,KAS,0.9,16
1091,2,winter_wheat,1,PK,0.001,40
1091,2,winter_wheat,2,KAS,0.25,32
1091,2,winter_wheat,3,KAS,0.4,16
1091,2,winter_wheat,4,KAS,0.9,16
1092,2,winter_wheat,1,PK,0.001,40
1092,2,winter_wheat,2,KAS,0.25,32
1092,2,winter_wheat,3,KAS,0.4,16
1092,2,winter_wheat,4,KAS,0.9,16
1096,2,winter_wheat,1,PK,0.001,40
1096,2,winter_wheat,2,KAS,0.25,32
1096,2,winter_wheat,3,KAS,0.4,16
1096,2,winter_wheat,4,KAS,0.9,16
1101,2,winter_wheat,1,PK,0.001,40
1101,2,winter_wheat,2,KAS,0.25,32
1101,2,winter_wheat,3,KAS,0.4,16
1101,2,winter_wheat,4,KAS,0.9,16
1102,2,winter_wheat,1,PK,0.001,40
1102,2,winter_wheat,2,KAS,0.25,32
1102,2,winter_wheat,3,KAS,0.4,16
1102,2,winter_wheat,4,KAS,0.9,16
1106,2,winter_wheat,1,PK,0.001,40
1106,2,winter_wheat,2,KAS,0.25,32
1106,2,winter_wheat,3,KAS,0.4,16
1106,2,winter_wheat,4,KAS,0.9,16
1113,2,winter_wheat,1,PK,0.001,40
1113,2,winter_wheat,2,KAS,0.25,32
1113,2,winter_wheat,3,KAS,0.4,16
1113,2,winter_wheat,4,KAS,0.9,16
1115,2,winter_wheat,1,PK,0.001,40
1115,2,winter_wheat,2,KAS,0.25,32
1115,2,winter_wheat,3,KAS,0.4,16
1115,2,winter_wheat,4,KAS,0.9,16
1118,2,winter_wheat,1,PK,0.001,40
1118,2,winter_wheat,2,KAS,0.25,32
1118,2,winter_wheat,3,KAS,0.4,16
1118,2,winter_wheat,4,KAS,0.9,16
1119,2,winter_wheat,1,PK,0.001,40
1119,2,winter_wheat,2,KAS,0.25,32
1119,2,winter_wheat,3,KAS,0.4,16
1119,2,winter_wheat,4,KAS,0.9,16
1121,2,winter_wheat,1,PK,0.001,40
1121,2,winter_wheat,2,KAS,0.25,32
1121,2,winter_wheat,3,KAS,0.4,16
1121,2,winter_wheat,4,KAS,0.9,16
1122,2,winter_wheat,1,PK,0.001,40
1122,2,winter_wheat,2,KAS,0.25,32
1122,2,winter_wheat,3,KAS,0.4,16
1122,2,winter_wheat,4,KAS,0.9,16
1123,2,winter_wheat,1,PK,0.001,40
1123,2,winter_wheat,2,KAS,0.25,32
1123,2,winter_wheat,3,KAS,0.4,16
1123,2,winter_wheat,4,KAS,0.9,16
1125,2,winter_wheat,1,PK,0.001,40
1125,2,winter_wheat,2,KAS,0.25,32
1125,2,winter_wheat,3,KAS,0.4,16
1125,2,winter_wheat,4,KAS,0.9,16
1127,2,winter_wheat,1,PK,0.001,40
1127,2,winter_wheat,2,KAS,0.25,32
1127,2,winter_wheat,3,KAS,0.4,16
1127,2,winter_wheat,4,KAS,0.9,16
1128,2,winter_wheat,1,PK,0.001,40
1128,2,winter_wheat,2,KAS,0.25,32
1128,2,winter_wheat,3,KAS,0.4,16
1128,2,winter_wheat,4,KAS,0.9,16
1129,2,winter_wheat,1,PK,0.001,40
1129,2,winter_wheat,2,KAS,0.25,32
1129,2,winter_wheat,3,KAS,0.4,16
1129,2,winter_wheat,4,KAS,0.9,16
1133,2,winter_wheat,1,PK,0.001,40
1133,2,winter_wheat,2,KAS,0.25,32
1133,2,winter_wheat,3,KAS,0.4,16
1133,2,winter_wheat,4,KAS,0.9,16
1140,2,winter_wheat,1,PK,0.001,40
1140,2,winter_wheat,2,KAS,0.25,32
1140,2,winter_wheat,3,KAS,0.4,16
1140,2,winter_wheat,4,KAS,0.9,16
1141,2,winter_wheat,1,PK,0.001,40
1141,2,winter_wheat,2,KAS,0.25,32
1141,2,winter_wheat,3,KAS,0.4,16
1141,2,winter_wheat,4,KAS,0.9,16
1142,2,winter_wheat,1,PK,0.001,40
1142,2,winter_wheat,2,KAS,0.25,32
1142,2,winter_wheat,3,KAS,0.4,16
1142,2,winter_wheat,4,KAS,0.9,16
1143,2,winter_wheat,1,PK,0.001,40
1143,2,winter_wheat,2,KAS,0.25,32
1143,2,winter_wheat,3,KAS,0.4,16
1143,2,winter_wheat,4,KAS,0.9,16
1145,2,winter_wheat,1,PK,0.001,40
1145,2,winter_wheat,2,KAS,0.25,32
1145,2,winter_wheat,3,KAS,0.4,16
1145,2,winter_wheat,4,KAS,0.9,16
1147,2,winter_wheat,1,PK,0.001,40
1147,2,winter_wheat,2,KAS,0.25,32
1147,2,winter_wheat,3,KAS,0.4,16
1147,2,winter_wheat,4,KAS,0.9,16
1150,2,winter_wheat,1,PK,0.001,40
1150,2,winter_wheat,2,KAS,0.25,32
1150,2,winter_wheat,3,KAS,0.4,16
1150,2,winter_wheat,4,KAS,0.9,16
1151,2,winter_wheat,1,PK,0.001,40
1151,2,winter_wheat,2,KAS,0.25,32
1151,2,winter_wheat,3,KAS,0.4,16
1151,2,winter_wheat,4,KAS,0.9,16
1155,2,winter_wheat,1,PK,0.001,40
1155,2,winter_wheat,2,KAS,0.25,32
1155,2,winter_wheat,3,KAS,0.4,16
1155,2,winter_wheat,4,KAS,0.9,16
1157,2,winter_wheat,1,PK,0.001,40
1157,2,winter_wheat,2,KAS,0.25,32
1157,2,winter_wheat,3,KAS,0.4,16
1157,2,winter_wheat,4,KAS,0.9,16
1158,2,winter_wheat,1,PK,0.001,40
1158,2,winter_wheat,2,KAS,0.25,32
1158,2,winter_wheat,3,KAS,0.4,16
1158,2,winter_wheat,4,KAS,0.9,16
1160,2,winter_wheat,1,PK,0.001,40
1160,2,winter_wheat,2,KAS,0.25,32
1160,2,winter_wheat,3,KAS,0.4,16
1160,2,winter_wheat,4,KAS,0.9,16
1162,2,winter_wheat,1,PK,0.001,40
1162,2,winter_wheat,2,KAS,0.25,32
1162,2,winter_wheat,3,KAS,0.4,16
1162,2,winter_wheat,4,KAS,0.9,16
1163,2,winter_wheat,1,PK,0.001,40
1163,2,winter_wheat,2,KAS,0.25,32
1163,2,winter_wheat,3,KAS,0.4,16
1163,2,winter_wheat,4,KAS,0.9,16
1167,2,winter_wheat,1,PK,0.001,40
1167,2,winter_wheat,2,KAS,0.25,32
1167,2,winter_wheat,3,KAS,0.4,16
1167,2,winter_wheat,4,KAS,0.9,16
1169,2,winter_wheat,1,PK,0.001,40
1169,2,winter_wheat,2,KAS,0.25,32
1169,2,winter_wheat,3,KAS,0.4,16
1169,2,winter_wheat,4,KAS,0.9,16
1171,2,winter_wheat,1,PK,0.001,40
1171,2,winter_wheat,2,KAS,0.25,32
1171,2,winter_wheat,3,KAS,0.4,16
1171,2,winter_wheat,4,KAS,0.9,16
1173,2,winter_wheat,1,PK,0.001,40
1173,2,winter_wheat,2,KAS,0.25,32
1173,2,winter_wheat,3,KAS,0.4,16
1173,2,winter_wheat,4,KAS,0.9,16
1174,2,winter_wheat,1,PK,0.001,40
1174,2,winter_wheat,2,KAS,0.25,32
1174,2,winter_wheat,3,KAS,0.4,16
1174,2,winter_wheat,4,KAS,0.9,16
1175,2,winter_wheat,1,PK,0.001,40
1175,2,winter_wheat,2,KAS,0.25,32
1175,2,winter_wheat,3,KAS,0.4,16
1175,2,winter_wheat,4,KAS,0.9,16
1176,2,winter_wheat,1,PK,0.001,40
1176,2,winter_wheat,2,KAS,0.25,32
1176,2,winter_wheat,3,KAS,0.4,16
1176,2,winter_wheat,4,KAS,0.9,16
1177,2,winter_wheat,1,PK,0.001,40
1177,2,winter_wheat,2,KAS,0.25,32
1177,2,winter_wheat,3,KAS,0.4,16
1177,2,winter_wheat,4,KAS,0.9,16
1178,2,winter_wheat,1,PK,0.001,40
1178,2,winter_wheat,2,KAS,0.25,32
1178,2,winter_wheat,3,KAS,0.4,16
1178,2,winter_wheat,4,KAS,0.9,16
1180,2,winter_wheat,1,PK,0.001,40
1180,2,winter_wheat,2,KAS,0.25,32
1180,2,winter_wheat,3,KAS,0.4,16
1180,2,winter_wheat,4,KAS,0.9,16
1181,2,winter_wheat,1,PK,0.001,40
1181,2,winter_wheat,2,KAS,0.25,32
1181,2,winter_wheat,3,KAS,0.4,16
1181,2,winter_wheat,4,KAS,0.9,16
1182,2,winter_wheat,1,PK,0.001,40
1182,2,winter_wheat,2,KAS,0.25,32
1182,2,winter_wheat,3,KAS,0.4,16
1182,2,winter_wheat,4,KAS,0.9,16
1183,2,winter_wheat,1,PK,0.001,40
1183,2,winter_wheat,2,KAS,0.25,32
1183,2,winter_wheat,3,KAS,0.4,16
1183,2,winter_wheat,4,KAS,0.9,16
1185,2,winter_wheat,1,PK,0.001,40
1185,2,winter_wheat,2,KAS,0.25,32
1185,2,winter_wheat,3,KAS,0.4,16
1185,2,winter_wheat,4,KAS,0.9,16
1186,2,winter_wheat,1,PK,0.001,40
1186,2,winter_wheat,2,KAS,0.25,32
1186,2,winter_wheat,3,KAS,0.4,16
1186,2,winter_wheat,4,KAS,0.9,16
1187,2,winter_wheat,1,PK,0.001,40
1187,2,winter_wheat,2,KAS,0.25,32
1187,2,winter_wheat,3,KAS,0.4,16
1187,2,winter_wheat,4,KAS,0.9,16
1188,2,winter_wheat,1,PK,0.001,40
1188,2,winter_wheat,2,KAS,0.25,32
1188,2,winter_wheat,3,KAS,0.4,16
1188,2,winter_wheat,4,KAS,0.9,16
1189,2,winter_wheat,1,PK,0.001,40
1189,2,winter_wheat,2,KAS,0.25,32
1189,2,winter_wheat,3,KAS,0.4,16
1189,2,winter_wheat,4,KAS,0.9,16
1190,2,winter_wheat,1,PK,0.001,40
1190,2,winter_wheat,2,KAS,0.25,32
1190,2,winter_wheat,3,KAS,0.4,16
1190,2,winter_wheat,4,KAS,0.9,16
1198,2,winter_wheat,1,PK,0.001,40
1198,2,winter_wheat,2,KAS,0.25,32
1198,2,winter_wheat,3,KAS,0.4,16
1198,2,winter_wheat,4,KAS,0.9,16
1199,2,winter_wheat,1,PK,0.001,40
1199,2,winter_wheat,2,KAS,0.25,32
1199,2,winter_wheat,3,KAS,0.4,16
1199,2,winter_wheat,4,KAS,0.9,16
1200,2,winter_wheat,1,PK,0.001,40
1200,2,winter_wheat,2,KAS,0.25,32
1200,2,winter_wheat,3,KAS,0.4,16
1200,2,winter_wheat,4,KAS,0.9,16
1201,2,winter_wheat,1,PK,0.001,40
1201,2,winter_wheat,2,KAS,0.25,32
1201,2,winter_wheat,3,KAS,0.4,16
1201,2,winter_wheat,4,KAS,0.9,16
1202,2,winter_wheat,1,PK,0.001,40
1202,2,winter_wheat,2,KAS,0.25,32
1202,2,winter_wheat,3,KAS,0.4,16
1202,2,winter_wheat,4,KAS,0.9,16
1203,2,winter_wheat,1,PK,0.001,40
1203,2,winter_wheat,2,KAS,0.25,32
1203,2,winter_wheat,3,KAS,0.4,16
1203,2,winter_wheat,4,KAS,0.9,16
1204,2,winter_wheat,1,PK,0.001,40
1204,2,winter_wheat,2,KAS,0.25,32
1204,2,winter_wheat,3,KAS,0.4,16
1204,2,winter_wheat,4,KAS,0.9,16
1205,2,winter_wheat,1,PK,0.001,40
1205,2,winter_wheat,2,KAS,0.25,32
1205,2,winter_wheat,3,KAS,0.4,16
1205,2,winter_wheat,4,KAS,0.9,16
1207,2,winter_wheat,1,PK,0.001,40
1207,2,winter_wheat,2,KAS,0.25,32
1207,2,winter_wheat,3,KAS,0.4,16
1207,2,winter_wheat,4,KAS,0.9,16
1209,2,winter_wheat,1,PK,0.001,40
1209,2,winter_wheat,2,KAS,0.25,32
1209,2,winter_wheat,3,KAS,0.4,16
1209,2,winter_wheat,4,KAS,0.9,16
1210,2,winter_wheat,1,PK,0.001,40
1210,2,winter_wheat,2,KAS,0.25,32
1210,2,winter_wheat,3,KAS,0.4,16
1210,2,winter_wheat,4,KAS,0.9,16
1211,2,winter_wheat,1,PK,0.001,40
1211,2,winter_wheat,2,KAS,0.25,32
1211,2,winter_wheat,3,KAS,0.4,16
1211,2,winter_wheat,4,KAS,0.9,16
1212,2,winter_wheat,1,PK,0.001,40
1212,2,winter_wheat,2,KAS,0.25,32
1212,2,winter_wheat,3,KAS,0.4,16
1212,2,winter_wheat,4,KAS,0.9,16
1218,2,winter_wheat,1,PK,0.001,40
1218,2,winter_wheat,2,KAS,0.25,32
1218,2,winter_wheat,3,KAS,0.4,16
1218,2,winter_wheat,4,KAS,0.9,16
1221,2,winter_wheat,1,PK,0.001,40
1221,2,winter_wheat,2,KAS,0.25,32
1221,2,winter_wheat,3,KAS,0.4,16
1221,2,winter_wheat,4,KAS,0.9,16
1222,2,winter_wheat,1,PK,0.001,40
1222,2,winter_wheat,2,KAS,0.25,32
1222,2,winter_wheat,3,KAS,0.4,16
1222,2,winter_wheat,4,KAS,0.9,16
1224,2,winter_wheat,1,PK,0.001,40
1224,2,winter_wheat,2,KAS,0.25,32
1224,2,winter_wheat,3,KAS,0.4,16
1224,2,winter_wheat,4,KAS,0.9,16
1225,2,winter_wheat,1,PK,0.001,40
1225,2,winter_wheat,2,KAS,0.25,32
1225,2,winter_wheat,3,KAS,0.4,16
1225,2,winter_wheat,4,KAS,0.9,16
1226,2,winter_wheat,1,PK,0.001,40
1226,2,winter_wheat,2,KAS,0.25,32
1226,2,winter_wheat,3,KAS,0.4,16
1226,2,winter_wheat,4,KAS,0.9,16
1231,2,winter_wheat,1,PK,0.001,40
1231,2,winter_wheat,2,KAS,0.25,32
1231,2,winter_wheat,3,KAS,0.4,16
1231,2,winter_wheat,4,KAS,0.9,16
1236,2,winter_wheat,1,PK,0.001,40
1236,2,winter_wheat,2,KAS,0.25,32
1236,2,winter_wheat,3,KAS,0.4,16
1236,2,winter_wheat,4,KAS,0.9,16
1237,2,winter_wheat,1,PK,0.001,40
1237,2,winter_wheat,2,KAS,0.25,32
1237,2,winter_wheat,3,KAS,0.4,16
1237,2,winter_wheat,4,KAS,0.9,16
1238,2,winter_wheat,1,PK,0.001,40
1238,2,winter_wheat,2,KAS,0.25,32
1238,2,winter_wheat,3,KAS,0.4,16
1238,2,winter_wheat,4,KAS,0.9,16
1239,2,winter_wheat,1,PK,0.001,40
1239,2,winter_wheat,2,KAS,0.25,32
1239,2,winter_wheat,3,KAS,0.4,16
1239,2,winter_wheat,4,KAS,0.9,16
1240,2,winter_wheat,1,PK,0.001,40
1240,2,winter_wheat,2,KAS,0.25,32
1240,2,winter_wheat,3,KAS,0.4,16
1240,2,winter_wheat,4,KAS,0.9,16
1241,2,winter_wheat,1,PK,0.001,40
1241,2,winter_wheat,2,KAS,0.25,32
1241,2,winter_wheat,3,KAS,0.4,16
1241,2,winter_wheat,4,KAS,0.9,16
1242,2,winter_wheat,1,PK,0.001,40
1242,2,winter_wheat,2,KAS,0.25,32
1242,2,winter_wheat,3,KAS,0.4,16
1242,2,winter_wheat,4,KAS,0.9,16
1243,2,winter_wheat,1,PK,0.001,40
1243,2,winter_wheat,2,KAS,0.25,32
1243,2,winter_wheat,3,KAS,0.4,16
1243,2,winter_wheat,4,KAS,0.9,16
1244,2,winter_wheat,1,PK,0.001,40
1244,2,winter_wheat,2,KAS,0.25,32
1244,2,winter_wheat,3,KAS,0.4,16
1244,2,winter_wheat,4,KAS,0.9,16
1245,2,winter_wheat,1,PK,0.001,40
1245,2,winter_wheat,2,KAS,0.25,32
1245,2,winter_wheat,3,KAS,0.4,16
1245,2,winter_wheat,4,KAS,0.9,16
1246,2,winter_wheat,1,PK,0.001,40
1246,2,winter_wheat,2,KAS,0.25,32
1246,2,winter_wheat,3,KAS,0.4,16
1246,2,winter_wheat,4,KAS,0.9,16
1247,2,winter_wheat,1,PK,0.001,40
1247,2,winter_wheat,2,KAS,0.25,32
1247,2,winter_wheat,3,KAS,0.4,16
1247,2,winter_wheat,4,KAS,0.9,16
1248,2,winter_wheat,1,PK,0.001,40
1248,2,winter_wheat,2,KAS,0.25,32
1248,2,winter_wheat,3,KAS,0.4,16
1248,2,winter_wheat,4,KAS,0.9,16
1249,2,winter_wheat,1,PK,0.001,40
1249,2,winter_wheat,2,KAS,0.25,32
1249,2,winter_wheat,3,KAS,0.4,16
1249,2,winter_wheat,4,KAS,0.9,16
1252,2,winter_wheat,1,PK,0.001,40
1252,2,winter_wheat,2,KAS,0.25,32
1252,2,winter_wheat,3,KAS,0.4,16
1252,2,winter_wheat,4,KAS,0.9,16
1254,2,winter_wheat,1,PK,0.001,40
1254,2,winter_wheat,2,KAS,0.25,32
1254,2,winter_wheat,3,KAS,0.4,16
1254,2,winter_wheat,4,KAS,0.9,16
1255,2,winter_wheat,1,PK,0.001,40
1255,2,winter_wheat,2,KAS,0.25,32
1255,2,winter_wheat,3,KAS,0.4,16
1255,2,winter_wheat,4,KAS,0.9,16
1256,2,winter_wheat,1,PK,0.001,40
1256,2,winter_wheat,2,KAS,0.25,32
1256,2,winter_wheat,3,KAS,0.4,16
1256,2,winter_wheat,4,KAS,0.9,16
1257,2,winter_wheat,1,PK,0.001,40
1257,2,winter_wheat,2,KAS,0.25,32
1257,2,winter_wheat,3,KAS,0.4,16
1257,2,winter_wheat,4,KAS,0.9,16
1258,2,winter_wheat,1,PK,0.001,40
1258,2,winter_wheat,2,KAS,0.25,32
1258,2,winter_wheat,3,KAS,0.4,16
1258,2,winter_wheat,4,KAS,0.9,16
1259,2,winter_wheat,1,PK,0.001,40
1259,2,winter_wheat,2,KAS,0.25,32
1259,2,winter_wheat,3,KAS,0.4,16
1259,2,winter_wheat,4,KAS,0.9,16
1260,2,winter_wheat,1,PK,0.001,40
1260,2,winter_wheat,2,KAS,0.25,32
1260,2,winter_wheat,3,KAS,0.4,16
1260,2,winter_wheat,4,KAS,0.9,16
1263,2,winter_wheat,1,PK,0.001,40
1263,2,winter_wheat,2,KAS,0.25,32
1263,2,winter_wheat,3,KAS,0.4,16
1263,2,winter_wheat,4,KAS,0.9,16
1264,2,winter_wheat,1,PK,0.001,40
1264,2,winter_wheat,2,KAS,0.25,32
1264,2,winter_wheat,3,KAS,0.4,16
1264,2,winter_wheat,4,KAS,0.9,16
1265,2,winter_wheat,1,PK,0.001,40
1265,2,winter_wheat,2,KAS,0.25,32
1265,2,winter_wheat,3,KAS,0.4,16
1265,2,winter_wheat,4,KAS,0.9,16
1266,2,winter_wheat,1,PK,0.001,40
1266,2,winter_wheat,2,KAS,0.25,32
1266,2,winter_wheat,3,KAS,0.4,16
1266,2,winter_wheat,4,KAS,0.9,16
1267,2,winter_wheat,1,PK,0.001,40
1267,2,winter_wheat,2,KAS,0.25,32
1267,2,winter_wheat,3,KAS,0.4,16
1267,2,winter_wheat,4,KAS,0.9,16
1272,2,winter_wheat,1,PK,0.001,40
1272,2,winter_wheat,2,KAS,0.25,32
1272,2,winter_wheat,3,KAS,0.4,16
1272,2,winter_wheat,4,KAS,0.9,16
1273,2,winter_wheat,1,PK,0.001,40
1273,2,winter_wheat,2,KAS,0.25,32
1273,2,winter_wheat,3,KAS,0.4,16
1273,2,winter_wheat,4,KAS,0.9,16
1275,2,winter_wheat,1,PK,0.001,40
1275,2,winter_wheat,2,KAS,0.25,32
1275,2,winter_wheat,3,KAS,0.4,16
1275,2,winter_wheat,4,KAS,0.9,16
1277,2,winter_wheat,1,PK,0.001,40
1277,2,winter_wheat,2,KAS,0.25,32
1277,2,winter_wheat,3,KAS,0.4,16
1277,2,winter_wheat,4,KAS,0.9,16
1284,2,winter_wheat,1,PK,0.001,40
1284,2,winter_wheat,2,KAS,0.25,32
1284,2,winter_wheat,3,KAS,0.4,16
1284,2,winter_wheat,4,KAS,0.9,16
1285,2,winter_wheat,1,PK,0.001,40
1285,2,winter_wheat,2,KAS,0.25,32
1285,2,winter_wheat,3,KAS,0.4,16
1285,2,winter_wheat,4,KAS,0.9,16
1286,2,winter_wheat,1,PK,0.001,40
1286,2,winter_wheat,2,KAS,0.25,32
1286,2,winter_wheat,3,KAS,0.4,16
1286,2,winter_wheat,4,KAS,0.9,16
1287,2,winter_wheat,1,PK,0.001,40
1287,2,winter_wheat,2,KAS,0.25,32
1287,2,winter_wheat,3,KAS,0.4,16
1287,2,winter_wheat,4,KAS,0.9,16
1288,2,winter_wheat,1,PK,0.001,40
1288,2,winter_wheat,2,KAS,0.25,32
1288,2,winter_wheat,3,KAS,0.4,16
1288,2,winter_wheat,4,KAS,0.9,16
1290,2,winter_wheat,1,PK,0.001,40
1290,2,winter_wheat,2,KAS,0.25,32
1290,2,winter_wheat,3,KAS,0.4,16
1290,2,winter_wheat,4,KAS,0.9,16
1291,2,winter_wheat,1,PK,0.001,40
1291,2,winter_wheat,2,KAS,0.25,32
1291,2,winter_wheat,3,KAS,0.4,16
1291,2,winter_wheat,4,KAS,0.9,16
1293,2,winter_wheat,1,PK,0.001,40
1293,2,winter_wheat,2,KAS,0.25,32
1293,2,winter_wheat,3,KAS,0.4,16
1293,2,winter_wheat,4,KAS,0.9,16
1296,2,winter_wheat,1,PK,0.001,40
1296,2,winter_wheat,2,KAS,0.25,32
1296,2,winter_wheat,3,KAS,0.4,16
1296,2,winter_wheat,4,KAS,0.9,16
1297,2,winter_wheat,1,PK,0.001,40
1297,2,winter_wheat,2,KAS,0.25,32
1297,2,winter_wheat,3,KAS,0.4,16
1297,2,winter_wheat,4,KAS,0.9,16
1298,2,winter_wheat,1,PK,0.001,40
1298,2,winter_wheat,2,KAS,0.25,32
1298,2,winter_wheat,3,KAS,0.4,16
1298,2,winter_wheat,4,KAS,0.9,16
1299,2,winter_wheat,1,PK,0.001,40
1299,2,winter_wheat,2,KAS,0.25,32
1299,2,winter_wheat,3,KAS,0.4,16
1299,2,winter_wheat,4,KAS,0.9,16
1300,2,winter_wheat,1,PK,0.001,40
1300,2,winter_wheat,2,KAS,0.25,32
1300,2,winter_wheat,3,KAS,0.4,16
1300,2,winter_wheat,4,KAS,0.9,16
1304,2,winter_wheat,1,PK,0.001,40
1304,2,winter_wheat,2,KAS,0.25,32
1304,2,winter_wheat,3,KAS,0.4,16
1304,2,winter_wheat,4,KAS,0.9,16
1305,2,winter_wheat,1,PK,0.001,40
1305,2,winter_wheat,2,KAS,0.25,32
1305,2,winter_wheat,3,KAS,0.4,16
1305,2,winter_wheat,4,KAS,0.9,16
1307,2,winter_wheat,1,PK,0.001,40
1307,2,winter_wheat,2,KAS,0.25,32
1307,2,winter_wheat,3,KAS,0.4,16
1307,2,winter_wheat,4,KAS,0.9,16
1308,2,winter_wheat,1,PK,0.001,40
1308,2,winter_wheat,2,KAS,0.25,32
1308,2,winter_wheat,3,KAS,0.4,16
1308,2,winter_wheat,4,KAS,0.9,16
1310,2,winter_wheat,1,PK,0.001,40
1310,2,winter_wheat,2,KAS,0.25,32
1310,2,winter_wheat,3,KAS,0.4,16
1310,2,winter_wheat,4,KAS,0.9,16
1317,2,winter_wheat,1,PK,0.001,40
1317,2,winter_wheat,2,KAS,0.25,32
1317,2,winter_wheat,3,KAS,0.4,16
1317,2,winter_wheat,4,KAS,0.9,16
1318,2,winter_wheat,1,PK,0.001,40
1318,2,winter_wheat,2,KAS,0.25,32
1318,2,winter_wheat,3,KAS,0.4,16
1318,2,winter_wheat,4,KAS,0.9,16
1319,2,winter_wheat,1,PK,0.001,40
1319,2,winter_wheat,2,KAS,0.25,32
1319,2,winter_wheat,3,KAS,0.4,16
1319,2,winter_wheat,4,KAS,0.9,16
1323,2,winter_wheat,1,PK,0.001,40
1323,2,winter_wheat,2,KAS,0.25,32
1323,2,winter_wheat,3,KAS,0.4,16
1323,2,winter_wheat,4,KAS,0.9,16
1325,2,winter_wheat,1,PK,0.001,40
1325,2,winter_wheat,2,KAS,0.25,32
1325,2,winter_wheat,3,KAS,0.4,16
1325,2,winter_wheat,4,KAS,0.9,16
1327,2,winter_wheat,1,PK,0.001,40
1327,2,winter_wheat,2,KAS,0.25,32
1327,2,winter_wheat,3,KAS,0.4,16
1327,2,winter_wheat,4,KAS,0.9,16
1329,2,winter_wheat,1,PK,0.001,40
1329,2,winter_wheat,2,KAS,0.25,32
1329,2,winter_wheat,3,KAS,0.4,16
1329,2,winter_wheat,4,KAS,0.9,16
1331,2,winter_wheat,1,PK,0.001,40
1331,2,winter_wheat,2,KAS,0.25,32
1331,2,winter_wheat,3,KAS,0.4,16
1331,2,winter_wheat,4,KAS,0.9,16
1333,2,winter_wheat,1,PK,0.001,40
1333,2,winter_wheat,2,KAS,0.25,32
1333,2,winter_wheat,3,KAS,0.4,16
1333,2,winter_wheat,4,KAS,0.9,16
1334,2,winter_wheat,1,PK,0.001,40
1334,2,winter_wheat,2,KAS,0.25,32
1334,2,winter_wheat,3,KAS,0.4,16
1334,2,winter_wheat,4,KAS,0.9,16
1336,2,winter_wheat,1,PK,0.001,40
1336,2,winter_wheat,2,KAS,0.25,32
1336,2,winter_wheat,3,KAS,0.4,16
1336,2,winter_wheat,4,KAS,0.9,16
1337,2,winter_wheat,1,PK,0.001,40
1337,2,winter_wheat,2,KAS,0.25,32
1337,2,winter_wheat,3,KAS,0.4,16
1337,2,winter_wheat,4,KAS,0.9,16
1338,2,winter_wheat,1,PK,0.001,40
1338,2,winter_wheat,2,KAS,0.25,32
1338,2,winter_wheat,3,KAS,0.4,16
1338,2,winter_wheat,4,KAS,0.9,16
1340,2,winter_wheat,1,PK,0.001,40
1340,2,winter_wheat,2,KAS,0.25,32
1340,2,winter_wheat,3,KAS,0.4,16
1340,2,winter_wheat,4,KAS,0.9,16
1342,2,winter_wheat,1,PK,0.001,40
1342,2,winter_wheat,2,KAS,0.25,32
1342,2,winter_wheat,3,KAS,0.4,16
1342,2,winter_wheat,4,KAS,0.9,16
1344,2,winter_wheat,1,PK,0.001,40
1344,2,winter_wheat,2,KAS,0.25,32
1344,2,winter_wheat,3,KAS,0.4,16
1344,2,winter_wheat,4,KAS,0.9,16
1345,2,winter_wheat,1,PK,0.001,40
1345,2,winter_wheat,2,KAS,0.25,32
1345,2,winter_wheat,3,KAS,0.4,16
1345,2,winter_wheat,4,KAS,0.9,16
1348,2,winter_wheat,1,PK,0.001,40
1348,2,winter_wheat,2,KAS,0.25,32
1348,2,winter_wheat,3,KAS,0.4,16
1348,2,winter_wheat,4,KAS,0.9,16
1349,2,winter_wheat,1,PK,0.001,40
1349,2,winter_wheat,2,KAS,0.25,32
1349,2,winter_wheat,3,KAS,0.4,16
1349,2,winter_wheat,4,KAS,0.9,16
1351,2,winter_wheat,1,PK,0.001,40
1351,2,winter_wheat,2,KAS,0.25,32
1351,2,winter_wheat,3,KAS,0.4,16
1351,2,winter_wheat,4,KAS,0.9,16
1354,2,winter_wheat,1,PK,0.001,40
1354,2,winter_wheat,2,KAS,0.25,32
1354,2,winter_wheat,3,KAS,0.4,16
1354,2,winter_wheat,4,KAS,0.9,16
1358,2,winter_wheat,1,PK,0.001,40
1358,2,winter_wheat,2,KAS,0.25,32
1358,2,winter_wheat,3,KAS,0.4,16
1358,2,winter_wheat,4,KAS,0.9,16
1363,2,winter_wheat,1,PK,0.001,40
1363,2,winter_wheat,2,KAS,0.25,32
1363,2,winter_wheat,3,KAS,0.4,16
1363,2,winter_wheat,4,KAS,0.9,16
1369,2,winter_wheat,1,PK,0.001,40
1369,2,winter_wheat,2,KAS,0.25,32
1369,2,winter_wheat,3,KAS,0.4,16
1369,2,winter_wheat,4,KAS,0.9,16
1371,2,winter_wheat,1,PK,0.001,40
1371,2,winter_wheat,2,KAS,0.25,32
1371,2,winter_wheat,3,KAS,0.4,16
1371,2,winter_wheat,4,KAS,0.9,16
1372,2,winter_wheat,1,PK,0.001,40
1372,2,winter_wheat,2,KAS,0.25,32
1372,2,winter_wheat,3,KAS,0.4,16
1372,2,winter_wheat,4,KAS,0.9,16
1375,2,winter_wheat,1,PK,0.001,40
1375,2,winter_wheat,2,KAS,0.25,32
1375,2,winter_wheat,3,KAS,0.4,16
1375,2,winter_wheat,4,KAS,0.9,16
1377,2,winter_wheat,1,PK,0.001,40
1377,2,winter_wheat,2,KAS,0.25,32
1377,2,winter_wheat,3,KAS,0.4,16
1377,2,winter_wheat,4,KAS,0.9,16
1378,2,winter_wheat,1,PK,0.001,40
1378,2,winter_wheat,2,KAS,0.25,32
1378,2,winter_wheat,3,KAS,0.4,16
1378,2,winter_wheat,4,KAS,0.9,16
1379,2,winter_wheat,1,PK,0.001,40
1379,2,winter_wheat,2,KAS,0.25,32
1379,2,winter_wheat,3,KAS,0.4,16
1379,2,winter_wheat,4,KAS,0.9,16
1380,2,winter_wheat,1,PK,0.001,40
1380,2,winter_wheat,2,KAS,0.25,32
1380,2,winter_wheat,3,KAS,0.4,16
1380,2,winter_wheat,4,KAS,0.9,16
1382,2,winter_wheat,1,PK,0.001,40
1382,2,winter_wheat,2,KAS,0.25,32
1382,2,winter_wheat,3,KAS,0.4,16
1382,2,winter_wheat,4,KAS,0.9,16
1387,2,winter_wheat,1,PK,0.001,40
1387,2,winter_wheat,2,KAS,0.25,32
1387,2,winter_wheat,3,KAS,0.4,16
1387,2,winter_wheat,4,KAS,0.9,16
1389,2,winter_wheat,1,PK,0.001,40
1389,2,winter_wheat,2,KAS,0.25,32
1389,2,winter_wheat,3,KAS,0.4,16
1389,2,winter_wheat,4,KAS,0.9,16
1392,2,winter_wheat,1,PK,0.001,40
1392,2,winter_wheat,2,KAS,0.25,32
1392,2,winter_wheat,3,KAS,0.4,16
1392,2,winter_wheat,4,KAS,0.9,16
1398,2,winter_wheat,1,PK,0.001,40
1398,2,winter_wheat,2,KAS,0.25,32
1398,2,winter_wheat,3,KAS,0.4,16
1398,2,winter_wheat,4,KAS,0.9,16
1400,2,winter_wheat,1,PK,0.001,40
1400,2,winter_wheat,2,KAS,0.25,32
1400,2,winter_wheat,3,KAS,0.4,16
1400,2,winter_wheat,4,KAS,0.9,16
1401,2,winter_wheat,1,PK,0.001,40
1401,2,winter_wheat,2,KAS,0.25,32
1401,2,winter_wheat,3,KAS,0.4,16
1401,2,winter_wheat,4,KAS,0.9,16
1402,2,winter_wheat,1,PK,0.001,40
1402,2,winter_wheat,2,KAS,0.25,32
1402,2,winter_wheat,3,KAS,0.4,16
1402,2,winter_wheat,4,KAS,0.9,16
1406,2,winter_wheat,1,PK,0.001,40
1406,2,winter_wheat,2,KAS,0.25,32
1406,2,winter_wheat,3,KAS,0.4,16
1406,2,winter_wheat,4,KAS,0.9,16
1408,2,winter_wheat,1,PK,0.001,40
1408,2,winter_wheat,2,KAS,0.25,32
1408,2,winter_wheat,3,KAS,0.4,16
1408,2,winter_wheat,4,KAS,0.9,16
1412,2,winter_wheat,1,PK,0.001,40
1412,2,winter_wheat,2,KAS,0.25,32
1412,2,winter_wheat,3,KAS,0.4,16
1412,2,winter_wheat,4,KAS,0.9,16
1414,2,winter_wheat,1,PK,0.001,40
1414,2,winter_wheat,2,KAS,0.25,32
1414,2,winter_wheat,3,KAS,0.4,16
1414,2,winter_wheat,4,KAS,0.9,16
1415,2,winter_wheat,1,PK,0.001,40
1415,2,winter_wheat,2,KAS,0.25,32
1415,2,winter_wheat,3,KAS,0.4,16
1415,2,winter_wheat,4,KAS,0.9,16
1416,2,winter_wheat,1,PK,0.001,40
1416,2,winter_wheat,2,KAS,0.25,32
1416,2,winter_wheat,3,KAS,0.4,16
1416,2,winter_wheat,4,KAS,0.9,16
1418,2,winter_wheat,1,PK,0.001,40
1418,2,winter_wheat,2,KAS,0.25,32
1418,2,winter_wheat,3,KAS,0.4,16
1418,2,winter_wheat,4,KAS,0.9,16
1419,2,winter_wheat,1,PK,0.001,40
1419,2,winter_wheat,2,KAS,0.25,32
1419,2,winter_wheat,3,KAS,0.4,16
1419,2,winter_wheat,4,KAS,0.9,16
1428,2,winter_wheat,1,PK,0.001,40
1428,2,winter_wheat,2,KAS,0.25,32
1428,2,winter_wheat,3,KAS,0.4,16
1428,2,winter_wheat,4,KAS,0.9,16
1430,2,winter_wheat,1,PK,0.001,40
1430,2,winter_wheat,2,KAS,0.25,32
1430,2,winter_wheat,3,KAS,0.4,16
1430,2,winter_wheat,4,KAS,0.9,16
1431,2,winter_wheat,1,PK,0.001,40
1431,2,winter_wheat,2,KAS,0.25,32
1431,2,winter_wheat,3,KAS,0.4,16
1431,2,winter_wheat,4,KAS,0.9,16
1433,2,winter_wheat,1,PK,0.001,40
1433,2,winter_wheat,2,KAS,0.25,32
1433,2,winter_wheat,3,KAS,0.4,16
1433,2,winter_wheat,4,KAS,0.9,16
1434,2,winter_wheat,1,PK,0.001,40
1434,2,winter_wheat,2,KAS,0.25,32
1434,2,winter_wheat,3,KAS,0.4,16
1434,2,winter_wheat,4,KAS,0.9,16
1438,2,winter_wheat,1,PK,0.001,40
1438,2,winter_wheat,2,KAS,0.25,32
1438,2,winter_wheat,3,KAS,0.4,16
1438,2,winter_wheat,4,KAS,0.9,16
1441,2,winter_wheat,1,PK,0.001,40
1441,2,winter_wheat,2,KAS,0.25,32
1441,2,winter_wheat,3,KAS,0.4,16
1441,2,winter_wheat,4,KAS,0.9,16
1443,2,winter_wheat,1,PK,0.001,40
1443,2,winter_wheat,2,KAS,0.25,32
1443,2,winter_wheat,3,KAS,0.4,16
1443,2,winter_wheat,4,KAS,0.9,16
1444,2,winter_wheat,1,PK,0.001,40
1444,2,winter_wheat,2,KAS,0.25,32
1444,2,winter_wheat,3,KAS,0.4,16
1444,2,winter_wheat,4,KAS,0.9,16
1447,2,winter_wheat,1,PK,0.001,40
1447,2,winter_wheat,2,KAS,0.25,32
1447,2,winter_wheat,3,KAS,0.4,16
1447,2,winter_wheat,4,KAS,0.9,16
1448,2,winter_wheat,1,PK,0.001,40
1448,2,winter_wheat,2,KAS,0.25,32
1448,2,winter_wheat,3,KAS,0.4,16
1448,2,winter_wheat,4,KAS,0.9,16
1450,2,winter_wheat,1,PK,0.001,40
1450,2,winter_wheat,2,KAS,0.25,32
1450,2,winter_wheat,3,KAS,0.4,16
1450,2,winter_wheat,4,KAS,0.9,16
1451,2,winter_wheat,1,PK,0.001,40
1451,2,winter_wheat,2,KAS,0.25,32
1451,2,winter_wheat,3,KAS,0.4,16
1451,2,winter_wheat,4,KAS,0.9,16
1452,2,winter_wheat,1,PK,0.001,40
1452,2,winter_wheat,2,KAS,0.25,32
1452,2,winter_wheat,3,KAS,0.4,16
1452,2,winter_wheat,4,KAS,0.9,16
1453,2,winter_wheat,1,PK,0.001,40
1453,2,winter_wheat,2,KAS,0.25,32
1453,2,winter_wheat,3,KAS,0.4,16
1453,2,winter_wheat,4,KAS,0.9,16
1457,2,winter_wheat,1,PK,0.001,40
1457,2,winter_wheat,2,KAS,0.25,32
1457,2,winter_wheat,3,KAS,0.4,16
1457,2,winter_wheat,4,KAS,0.9,16
1464,2,winter_wheat,1,PK,0.001,40
1464,2,winter_wheat,2,KAS,0.25,32
1464,2,winter_wheat,3,KAS,0.4,16
1464,2,winter_wheat,4,KAS,0.9,16
1466,2,winter_wheat,1,PK,0.001,40
1466,2,winter_wheat,2,KAS,0.25,32
1466,2,winter_wheat,3,KAS,0.4,16
1466,2,winter_wheat,4,KAS,0.9,16
1467,2,winter_wheat,1,PK,0.001,40
1467,2,winter_wheat,2,KAS,0.25,32
1467,2,winter_wheat,3,KAS,0.4,16
1467,2,winter_wheat,4,KAS,0.9,16
1468,2,winter_wheat,1,PK,0.001,40
1468,2,winter_wheat,2,KAS,0.25,32
1468,2,winter_wheat,3,KAS,0.4,16
1468,2,winter_wheat,4,KAS,0.9,16
1471,2,winter_wheat,1,PK,0.001,40
1471,2,winter_wheat,2,KAS,0.25,32
1471,2,winter_wheat,3,KAS,0.4,16
1471,2,winter_wheat,4,KAS,0.9,16
1472,2,winter_wheat,1,PK,0.001,40
1472,2,winter_wheat,2,KAS,0.25,32
1472,2,winter_wheat,3,KAS,0.4,16
1472,2,winter_wheat,4,KAS,0.9,16
1474,2,winter_wheat,1,PK,0.001,40
1474,2,winter_wheat,2,KAS,0.25,32
1474,2,winter_wheat,3,KAS,0.4,16
1474,2,winter_wheat,4,KAS,0.9,16
1477,2,winter_wheat,1,PK,0.001,40
1477,2,winter_wheat,2,KAS,0.25,32
1477,2,winter_wheat,3,KAS,0.4,16
1477,2,winter_wheat,4,KAS,0.9,16
1478,2,winter_wheat,1,PK,0.001,40
1478,2,winter_wheat,2,KAS,0.25,32
1478,2,winter_wheat,3,KAS,0.4,16
1478,2,winter_wheat,4,KAS,0.9,16
1480,2,winter_wheat,1,PK,0.001,40
1480,2,winter_wheat,2,KAS,0.25,32
1480,2,winter_wheat,3,KAS,0.4,16
1480,2,winter_wheat,4,KAS,0.9,16
1484,2,winter_wheat,1,PK,0.001,40
1484,2,winter_wheat,2,KAS,0.25,32
1484,2,winter_wheat,3,KAS,0.4,16
1484,2,winter_wheat,4,KAS,0.9,16
1486,2,winter_wheat,1,PK,0.001,40
1486,2,winter_wheat,2,KAS,0.25,32
1486,2,winter_wheat,3,KAS,0.4,16
1486,2,winter_wheat,4,KAS,0.9,16
1488,2,winter_wheat,1,PK,0.001,40
1488,2,winter_wheat,2,KAS,0.25,32
1488,2,winter_wheat,3,KAS,0.4,16
1488,2,winter_wheat,4,KAS,0.9,16
1490,2,winter_wheat,1,PK,0.001,40
1490,2,winter_wheat,2,KAS,0.25,32
1490,2,winter_wheat,3,KAS,0.4,16
1490,2,winter_wheat,4,KAS,0.9,16
1493,2,winter_wheat,1,PK,0.001,40
1493,2,winter_wheat,2,KAS,0.25,32
1493,2,winter_wheat,3,KAS,0.4,16
1493,2,winter_wheat,4,KAS,0.9,16
1495,2,winter_wheat,1,PK,0.001,40
1495,2,winter_wheat,2,KAS,0.25,32
1495,2,winter_wheat,3,KAS,0.4,16
1495,2,winter_wheat,4,KAS,0.9,16
1496,2,winter_wheat,1,PK,0.001,40
1496,2,winter_wheat,2,KAS,0.25,32
1496,2,winter_wheat,3,KAS,0.4,16
1496,2,winter_wheat,4,KAS,0.9,16
1497,2,winter_wheat,1,PK,0.001,40
1497,2,winter_wheat,2,KAS,0.25,32
1497,2,winter_wheat,3,KAS,0.4,16
1497,2,winter_wheat,4,KAS,0.9,16
1503,2,winter_wheat,1,PK,0.001,40
1503,2,winter_wheat,2,KAS,0.25,32
1503,2,winter_wheat,3,KAS,0.4,16
1503,2,winter_wheat,4,KAS,0.9,16
1504,2,winter_wheat,1,PK,0.001,40
1504,2,winter_wheat,2,KAS,0.25,32
1504,2,winter_wheat,3,KAS,0.4,16
1504,2,winter_wheat,4,KAS,0.9,16
1505,2,winter_wheat,1,PK,0.001,40
1505,2,winter_wheat,2,KAS,0.25,32
1505,2,winter_wheat,3,KAS,0.4,16
1505,2,winter_wheat,4,KAS,0.9,16
1507,2,winter_wheat,1,PK,0.001,40
1507,2,winter_wheat,2,KAS,0.25,32
1507,2,winter_wheat,3,KAS,0.4,16
1507,2,winter_wheat,4,KAS,0.9,16
1508,2,winter_wheat,1,PK,0.001,40
1508,2,winter_wheat,2,KAS,0.25,32
1508,2,winter_wheat,3,KAS,0.4,16
1508,2,winter_wheat,4,KAS,0.9,16
1517,2,winter_wheat,1,PK,0.001,40
1517,2,winter_wheat,2,KAS,0.25,32
1517,2,winter_wheat,3,KAS,0.4,16
1517,2,winter_wheat,4,KAS,0.9,16
1520,2,winter_wheat,1,PK,0.001,40
1520,2,winter_wheat,2,KAS,0.25,32
1520,2,winter_wheat,3,KAS,0.4,16
1520,2,winter_wheat,4,KAS,0.9,16
1521,2,winter_wheat,1,PK,0.001,40
1521,2,winter_wheat,2,KAS,0.25,32
1521,2,winter_wheat,3,KAS,0.4,16
1521,2,winter_wheat,4,KAS,0.9,16
1522,2,winter_wheat,1,PK,0.001,40
1522,2,winter_wheat,2,KAS,0.25,32
1522,2,winter_wheat,3,KAS,0.4,16
1522,2,winter_wheat,4,KAS,0.9,16
1524,2,winter_wheat,1,PK,0.001,40
1524,2,winter_wheat,2,KAS,0.25,32
1524,2,winter_wheat,3,KAS,0.4,16
1524,2,winter_wheat,4,KAS,0.9,16
1527,2,winter_wheat,1,PK,0.001,40
1527,2,winter_wheat,2,KAS,0.25,32
1527,2,winter_wheat,3,KAS,0.4,16
1527,2,winter_wheat,4,KAS,0.9,16
1529,2,winter_wheat,1,PK,0.001,40
1529,2,winter_wheat,2,KAS,0.25,32
1529,2,winter_wheat,3,KAS,0.4,16
1529,2,winter_wheat,4,KAS,0.9,16
1530,2,winter_wheat,1,PK,0.001,40
1530,2,winter_wheat,2,KAS,0.25,32
1530,2,winter_wheat,3,KAS,0.4,16
1530,2,winter_wheat,4,KAS,0.9,16
1531,2,winter_wheat,1,PK,0.001,40
1531,2,winter_wheat,2,KAS,0.25,32
1531,2,winter_wheat,3,KAS,0.4,16
1531,2,winter_wheat,4,KAS,0.9,16
1537,2,winter_wheat,1,PK,0.001,40
1537,2,winter_wheat,2,KAS,0.25,32
1537,2,winter_wheat,3,KAS,0.4,16
1537,2,winter_wheat,4,KAS,0.9,16
1540,2,winter_wheat,1,PK,0.001,40
1540,2,winter_wheat,2,KAS,0.25,32
1540,2,winter_wheat,3,KAS,0.4,16
1540,2,winter_wheat,4,KAS,0.9,16
1543,2,winter_wheat,1,PK,0.001,40
1543,2,winter_wheat,2,KAS,0.25,32
1543,2,winter_wheat,3,KAS,0.4,16
1543,2,winter_wheat,4,KAS,0.9,16
1545,2,winter_wheat,1,PK,0.001,40
1545,2,winter_wheat,2,KAS,0.25,32
1545,2,winter_wheat,3,KAS,0.4,16
1545,2,winter_wheat,4,KAS,0.9,16
1546,2,winter_wheat,1,PK,0.001,40
1546,2,winter_wheat,2,KAS,0.25,32
1546,2,winter_wheat,3,KAS,0.4,16
1546,2,winter_wheat,4,KAS,0.9,16
1547,2,winter_wheat,1,PK,0.001,40
1547,2,winter_wheat,2,KAS,0.25,32
1547,2,winter_wheat,3,KAS,0.4,16
1547,2,winter_wheat,4,KAS,0.9,16
1551,2,winter_wheat,1,PK,0.001,40
1551,2,winter_wheat,2,KAS,0.25,32
1551,2,winter_wheat,3,KAS,0.4,16
1551,2,winter_wheat,4,KAS,0.9,16
1555,2,winter_wheat,1,PK,0.001,40
1555,2,winter_wheat,2,KAS,0.25,32
1555,2,winter_wheat,3,KAS,0.4,16
1555,2,winter_wheat,4,KAS,0.9,16
1557,2,winter_wheat,1,PK,0.001,40
1557,2,winter_wheat,2,KAS,0.25,32
1557,2,winter_wheat,3,KAS,0.4,16
1557,2,winter_wheat,4,KAS,0.9,16
1559,2,winter_wheat,1,PK,0.001,40
1559,2,winter_wheat,2,KAS,0.25,32
1559,2,winter_wheat,3,KAS,0.4,16
1559,2,winter_wheat,4,KAS,0.9,16
1561,2,winter_wheat,1,PK,0.001,40
1561,2,winter_wheat,2,KAS,0.25,32
1561,2,winter_wheat,3,KAS,0.4,16
1561,2,winter_wheat,4,KAS,0.9,16
1563,2,winter_wheat,1,PK,0.001,40
1563,2,winter_wheat,2,KAS,0.25,32
1563,2,winter_wheat,3,KAS,0.4,16
1563,2,winter_wheat,4,KAS,0.9,16
1565,2,winter_wheat,1,PK,0.001,40
1565,2,winter_wheat,2,KAS,0.25,32
1565,2,winter_wheat,3,KAS,0.4,16
1565,2,winter_wheat,4,KAS,0.9,16
1566,2,winter_wheat,1,PK,0.001,40
1566,2,winter_wheat,2,KAS,0.25,32
1566,2,winter_wheat,3,KAS,0.4,16
1566,2,winter_wheat,4,KAS,0.9,16
1567,2,winter_wheat,1,PK,0.001,40
1567,2,winter_wheat,2,KAS,0.25,32
1567,2,winter_wheat,3,KAS,0.4,16
1567,2,winter_wheat,4,KAS,0.9,16
1572,2,winter_wheat,1,PK,0.001,40
1572,2,winter_wheat,2,KAS,0.25,32
1572,2,winter_wheat,3,KAS,0.4,16
1572,2,winter_wheat,4,KAS,0.9,16
1574,2,winter_wheat,1,PK,0.001,40
1574,2,winter_wheat,2,KAS,0.25,32
1574,2,winter_wheat,3,KAS,0.4,16
1574,2,winter_wheat,4,KAS,0.9,16
1575,2,winter_wheat,1,PK,0.001,40
1575,2,winter_wheat,2,KAS,0.25,32
1575,2,winter_wheat,3,KAS,0.4,16
1575,2,winter_wheat,4,KAS,0.9,16
1576,2,winter_wheat,1,PK,0.001,40
1576,2,winter_wheat,2,KAS,0.25,32
1576,2,winter_wheat,3,KAS,0.4,16
1576,2,winter_wheat,4,KAS,0.9,16
1577,2,winter_wheat,1,PK,0.001,40
1577,2,winter_wheat,2,KAS,0.25,32
1577,2,winter_wheat,3,KAS,0.4,16
1577,2,winter_wheat,4,KAS,0.9,16
1578,2,winter_wheat,1,PK,0.001,40
1578,2,winter_wheat,2,KAS,0.25,32
1578,2,winter_wheat,3,KAS,0.4,16
1578,2,winter_wheat,4,KAS,0.9,16
1582,2,winter_wheat,1,PK,0.001,40
1582,2,winter_wheat,2,KAS,0.25,32
1582,2,winter_wheat,3,KAS,0.4,16
1582,2,winter_wheat,4,KAS,0.9,16
1583,2,winter_wheat,1,PK,0.001,40
1583,2,winter_wheat,2,KAS,0.25,32
1583,2,winter_wheat,3,KAS,0.4,16
1583,2,winter_wheat,4,KAS,0.9,16
1586,2,winter_wheat,1,PK,0.001,40
1586,2,winter_wheat,2,KAS,0.25,32
1586,2,winter_wheat,3,KAS,0.4,16
1586,2,winter_wheat,4,KAS,0.9,16
1588,2,winter_wheat,1,PK,0.001,40
1588,2,winter_wheat,2,KAS,0.25,32
1588,2,winter_wheat,3,KAS,0.4,16
1588,2,winter_wheat,4,KAS,0.9,16
1593,2,winter_wheat,1,PK,0.001,40
1593,2,winter_wheat,2,KAS,0.25,32
1593,2,winter_wheat,3,KAS,0.4,16
1593,2,winter_wheat,4,KAS,0.9,16
1596,2,winter_wheat,1,PK,0.001,40
1596,2,winter_wheat,2,KAS,0.25,32
1596,2,winter_wheat,3,KAS,0.4,16
1596,2,winter_wheat,4,KAS,0.9,16
1597,2,winter_wheat,1,PK,0.001,40
1597,2,winter_wheat,2,KAS,0.25,32
1597,2,winter_wheat,3,KAS,0.4,16
1597,2,winter_wheat,4,KAS,0.9,16
1598,2,winter_wheat,1,PK,0.001,40
1598,2,winter_wheat,2,KAS,0.25,32
1598,2,winter_wheat,3,KAS,0.4,16
1598,2,winter_wheat,4,KAS,0.9,16
1599,2,winter_wheat,1,PK,0.001,40
1599,2,winter_wheat,2,KAS,0.25,32
1599,2,winter_wheat,3,KAS,0.4,16
1599,2,winter_wheat,4,KAS,0.9,16
1600,2,winter_wheat,1,PK,0.001,40
1600,2,winter_wheat,2,KAS,0.25,32
1600,2,winter_wheat,3,KAS,0.4,16
1600,2,winter_wheat,4,KAS,0.9,16
1601,2,winter_wheat,1,PK,0.001,40
1601,2,winter_wheat,2,KAS,0.25,32
1601,2,winter_wheat,3,KAS,0.4,16
1601,2,winter_wheat,4,KAS,0.9,16
1602,2,winter_wheat,1,PK,0.001,40
1602,2,winter_wheat,2,KAS,0.25,32
1602,2,winter_wheat,3,KAS,0.4,16
1602,2,winter_wheat,4,KAS,0.9,16
1606,2,winter_wheat,1,PK,0.001,40
1606,2,winter_wheat,2,KAS,0.25,32
1606,2,winter_wheat,3,KAS,0.4,16
1606,2,winter_wheat,4,KAS,0.9,16
1607,2,winter_wheat,1,PK,0.001,40
1607,2,winter_wheat,2,KAS,0.25,32
1607,2,winter_wheat,3,KAS,0.4,16
1607,2,winter_wheat,4,KAS,0.9,16
1608,2,winter_wheat,1,PK,0.001,40
1608,2,winter_wheat,2,KAS,0.25,32
1608,2,winter_wheat,3,KAS,0.4,16
1608,2,winter_wheat,4,KAS,0.9,16
1609,2,winter_wheat,1,PK,0.001,40
1609,2,winter_wheat,2,KAS,0.25,32
1609,2,winter_wheat,3,KAS,0.4,16
1609,2,winter_wheat,4,KAS,0.9,16
1612,2,winter_wheat,1,PK,0.001,40
1612,2,winter_wheat,2,KAS,0.25,32
1612,2,winter_wheat,3,KAS,0.4,16
1612,2,winter_wheat,4,KAS,0.9,16
1613,2,winter_wheat,1,PK,0.001,40
1613,2,winter_wheat,2,KAS,0.25,32
1613,2,winter_wheat,3,KAS,0.4,16
1613,2,winter_wheat,4,KAS,0.9,16
1615,2,winter_wheat,1,PK,0.001,40
1615,2,winter_wheat,2,KAS,0.25,32
1615,2,winter_wheat,3,KAS,0.4,16
1615,2,winter_wheat,4,KAS,0.9,16
1618,2,winter_wheat,1,PK,0.001,40
1618,2,winter_wheat,2,KAS,0.25,32
1618,2,winter_wheat,3,KAS,0.4,16
1618,2,winter_wheat,4,KAS,0.9,16
1619,2,winter_wheat,1,PK,0.001,40
1619,2,winter_wheat,2,KAS,0.25,32
1619,2,winter_wheat,3,KAS,0.4,16
1619,2,winter_wheat,4,KAS,0.9,16
1620,2,winter_wheat,1,PK,0.001,40
1620,2,winter_wheat,2,KAS,0.25,32
1620,2,winter_wheat,3,KAS,0.4,16
1620,2,winter_wheat,4,KAS,0.9,16
1622,2,winter_wheat,1,PK,0.001,40
1622,2,winter_wheat,2,KAS,0.25,32
1622,2,winter_wheat,3,KAS,0.4,16
1622,2,winter_wheat,4,KAS,0.9,16
1627,2,winter_wheat,1,PK,0.001,40
1627,2,winter_wheat,2,KAS,0.25,32
1627,2,winter_wheat,3,KAS,0.4,16
1627,2,winter_wheat,4,KAS,0.9,16
1629,2,winter_wheat,1,PK,0.001,40
1629,2,winter_wheat,2,KAS,0.25,32
1629,2,winter_wheat,3,KAS,0.4,16
1629,2,winter_wheat,4,KAS,0.9,16
1630,2,winter_wheat,1,PK,0.001,40
1630,2,winter_wheat,2,KAS,0.25,32
1630,2,winter_wheat,3,KAS,0.4,16
1630,2,winter_wheat,4,KAS,0.9,16
1633,2,winter_wheat,1,PK,0.001,40
1633,2,winter_wheat,2,KAS,0.25,32
1633,2,winter_wheat,3,KAS,0.4,16
1633,2,winter_wheat,4,KAS,0.9,16
1635,2,winter_wheat,1,PK,0.001,40
1635,2,winter_wheat,2,KAS,0.25,32
1635,2,winter_wheat,3,KAS,0.4,16
1635,2,winter_wheat,4,KAS,0.9,16
1636,2,winter_wheat,1,PK,0.001,40
1636,2,winter_wheat,2,KAS,0.25,32
1636,2,winter_wheat,3,KAS,0.4,16
1636,2,winter_wheat,4,KAS,0.9,16
1638,2,winter_wheat,1,PK,0.001,40
1638,2,winter_wheat,2,KAS,0.25,32
1638,2,winter_wheat,3,KAS,0.4,16
1638,2,winter_wheat,4,KAS,0.9,16
1643,2,winter_wheat,1,PK,0.001,40
1643,2,winter_wheat,2,KAS,0.25,32
1643,2,winter_wheat,3,KAS,0.4,16
1643,2,winter_wheat,4,KAS,0.9,16
1647,2,winter_wheat,1,PK,0.001,40
1647,2,winter_wheat,2,KAS,0.25,32
1647,2,winter_wheat,3,KAS,0.4,16
1647,2,winter_wheat,4,KAS,0.9,16
1648,2,winter_wheat,1,PK,0.001,40
1648,2,winter_wheat,2,KAS,0.25,32
1648,2,winter_wheat,3,KAS,0.4,16
1648,2,winter_wheat,4,KAS,0.9,16
1649,2,winter_wheat,1,PK,0.001,40
1649,2,winter_wheat,2,KAS,0.25,32
1649,2,winter_wheat,3,KAS,0.4,16
1649,2,winter_wheat,4,KAS,0.9,16
1651,2,winter_wheat,1,PK,0.001,40
1651,2,winter_wheat,2,KAS,0.25,32
1651,2,winter_wheat,3,KAS,0.4,16
1651,2,winter_wheat,4,KAS,0.9,16
1654,2,winter_wheat,1,PK,0.001,40
1654,2,winter_wheat,2,KAS,0.25,32
1654,2,winter_wheat,3,KAS,0.4,16
1654,2,winter_wheat,4,KAS,0.9,16
1656,2,winter_wheat,1,PK,0.001,40
1656,2,winter_wheat,2,KAS,0.25,32
1656,2,winter_wheat,3,KAS,0.4,16
1656,2,winter_wheat,4,KAS,0.9,16
1658,2,winter_wheat,1,PK,0.001,40
1658,2,winter_wheat,2,KAS,0.25,32
1658,2,winter_wheat,3,KAS,0.4,16
1658,2,winter_wheat,4,KAS,0.9,16
1661,2,winter_wheat,1,PK,0.001,40
1661,2,winter_wheat,2,KAS,0.25,32
1661,2,winter_wheat,3,KAS,0.4,16
1661,2,winter_wheat,4,KAS,0.9,16
1662,2,winter_wheat,1,PK,0.001,40
1662,2,winter_wheat,2,KAS,0.25,32
1662,2,winter_wheat,3,KAS,0.4,16
1662,2,winter_wheat,4,KAS,0.9,16
1663,2,winter_wheat,1,PK,0.001,40
1663,2,winter_wheat,2,KAS,0.25,32
1663,2,winter_wheat,3,KAS,0.4,16
1663,2,winter_wheat,4,KAS,0.9,16
1664,2,winter_wheat,1,PK,0.001,40
1664,2,winter_wheat,2,KAS,0.25,32
1664,2,winter_wheat,3,KAS,0.4,16
1664,2,winter_wheat,4,KAS,0.9,16
1665,2,winter_wheat,1,PK,0.001,40
1665,2,winter_wheat,2,KAS,0.25,32
1665,2,winter_wheat,3,KAS,0.4,16
1665,2,winter_wheat,4,KAS,0.9,16
1666,2,winter_wheat,1,PK,0.001,40
1666,2,winter_wheat,2,KAS,0.25,32
1666,2,winter_wheat,3,KAS,0.4,16
1666,2,winter_wheat,4,KAS,0.9,16
1667,2,winter_wheat,1,PK,0.001,40
1667,2,winter_wheat,2,KAS,0.25,32
1667,2,winter_wheat,3,KAS,0.4,16
1667,2,winter_wheat,4,KAS,0.9,16
1668,2,winter_wheat,1,PK,0.001,40
1668,2,winter_wheat,2,KAS,0.25,32
1668,2,winter_wheat,3,KAS,0.4,16
1668,2,winter_wheat,4,KAS,0.9,16
1671,2,winter_wheat,1,PK,0.001,40
1671,2,winter_wheat,2,KAS,0.25,32
1671,2,winter_wheat,3,KAS,0.4,16
1671,2,winter_wheat,4,KAS,0.9,16
1672,2,winter_wheat,1,PK,0.001,40
1672,2,winter_wheat,2,KAS,0.25,32
1672,2,winter_wheat,3,KAS,0.4,16
1672,2,winter_wheat,4,KAS,0.9,16
1673,2,winter_wheat,1,PK,0.001,40
1673,2,winter_wheat,2,KAS,0.25,32
1673,2,winter_wheat,3,KAS,0.4,16
1673,2,winter_wheat,4,KAS,0.9,16
1676,2,winter_wheat,1,PK,0.001,40
1676,2,winter_wheat,2,KAS,0.25,32
1676,2,winter_wheat,3,KAS,0.4,16
1676,2,winter_wheat,4,KAS,0.9,16
1677,2,winter_wheat,1,PK,0.001,40
1677,2,winter_wheat,2,KAS,0.25,32
1677,2,winter_wheat,3,KAS,0.4,16
1677,2,winter_wheat,4,KAS,0.9,16
1678,2,winter_wheat,1,PK,0.001,40
1678,2,winter_wheat,2,KAS,0.25,32
1678,2,winter_wheat,3,KAS,0.4,16
1678,2,winter_wheat,4,KAS,0.9,16
1683,2,winter_wheat,1,PK,0.001,40
1683,2,winter_wheat,2,KAS,0.25,32
1683,2,winter_wheat,3,KAS,0.4,16
1683,2,winter_wheat,4,KAS,0.9,16
1687,2,winter_wheat,1,PK,0.001,40
1687,2,winter_wheat,2,KAS,0.25,32
1687,2,winter_wheat,3,KAS,0.4,16
1687,2,winter_wheat,4,KAS,0.9,16
1688,2,winter_wheat,1,PK,0.001,40
1688,2,winter_wheat,2,KAS,0.25,32
1688,2,winter_wheat,3,KAS,0.4,16
1688,2,winter_wheat,4,KAS,0.9,16
1689,2,winter_wheat,1,PK,0.001,40
1689,2,winter_wheat,2,KAS,0.25,32
1689,2,winter_wheat,3,KAS,0.4,16
1689,2,winter_wheat,4,KAS,0.9,16
1690,2,winter_wheat,1,PK,0.001,40
1690,2,winter_wheat,2,KAS,0.25,32
1690,2,winter_wheat,3,KAS,0.4,16
1690,2,winter_wheat,4,KAS,0.9,16
1694,2,winter_wheat,1,PK,0.001,40
1694,2,winter_wheat,2,KAS,0.25,32
1694,2,winter_wheat,3,KAS,0.4,16
1694,2,winter_wheat,4,KAS,0.9,16
1697,2,winter_wheat,1,PK,0.001,40
1697,2,winter_wheat,2,KAS,0.25,32
1697,2,winter_wheat,3,KAS,0.4,16
1697,2,winter_wheat,4,KAS,0.9,16
1698,2,winter_wheat,1,PK,0.001,40
1698,2,winter_wheat,2,KAS,0.25,32
1698,2,winter_wheat,3,KAS,0.4,16
1698,2,winter_wheat,4,KAS,0.9,16
1699,2,winter_wheat,1,PK,0.001,40
1699,2,winter_wheat,2,KAS,0.25,32
1699,2,winter_wheat,3,KAS,0.4,16
1699,2,winter_wheat,4,KAS,0.9,16
1700,2,winter_wheat,1,PK,0.001,40
1700,2,winter_wheat,2,KAS,0.25,32
1700,2,winter_wheat,3,KAS,0.4,16
1700,2,winter_wheat,4,KAS,0.9,16
1702,2,winter_wheat,1,PK,0.001,40
1702,2,winter_wheat,2,KAS,0.25,32
1702,2,winter_wheat,3,KAS,0.4,16
1702,2,winter_wheat,4,KAS,0.9,16
1703,2,winter_wheat,1,PK,0.001,40
1703,2,winter_wheat,2,KAS,0.25,32
1703,2,winter_wheat,3,KAS,0.4,16
1703,2,winter_wheat,4,KAS,0.9,16
1705,2,winter_wheat,1,PK,0.001,40
1705,2,winter_wheat,2,KAS,0.25,32
1705,2,winter_wheat,3,KAS,0.4,16
1705,2,winter_wheat,4,KAS,0.9,16
1707,2,winter_wheat,1,PK,0.001,40
1707,2,winter_wheat,2,KAS,0.25,32
1707,2,winter_wheat,3,KAS,0.4,16
1707,2,winter_wheat,4,KAS,0.9,16
1711,2,winter_wheat,1,PK,0.001,40
1711,2,winter_wheat,2,KAS,0.25,32
1711,2,winter_wheat,3,KAS,0.4,16
1711,2,winter_wheat,4,KAS,0.9,16
1716,2,winter_wheat,1,PK,0.001,40
1716,2,winter_wheat,2,KAS,0.25,32
1716,2,winter_wheat,3,KAS,0.4,16
1716,2,winter_wheat,4,KAS,0.9,16
1722,2,winter_wheat,1,PK,0.001,40
1722,2,winter_wheat,2,KAS,0.25,32
1722,2,winter_wheat,3,KAS,0.4,16
1722,2,winter_wheat,4,KAS,0.9,16
1723,2,winter_wheat,1,PK,0.001,40
1723,2,winter_wheat,2,KAS,0.25,32
1723,2,winter_wheat,3,KAS,0.4,16
1723,2,winter_wheat,4,KAS,0.9,16
1725,2,winter_wheat,1,PK,0.001,40
1725,2,winter_wheat,2,KAS,0.25,32
1725,2,winter_wheat,3,KAS,0.4,16
1725,2,winter_wheat,4,KAS,0.9,16
1726,2,winter_wheat,1,PK,0.001,40
1726,2,winter_wheat,2,KAS,0.25,32
1726,2,winter_wheat,3,KAS,0.4,16
1726,2,winter_wheat,4,KAS,0.9,16
1727,2,winter_wheat,1,PK,0.001,40
1727,2,winter_wheat,2,KAS,0.25,32
1727,2,winter_wheat,3,KAS,0.4,16
1727,2,winter_wheat,4,KAS,0.9,16
1731,2,winter_wheat,1,PK,0.001,40
1731,2,winter_wheat,2,KAS,0.25,32
1731,2,winter_wheat,3,KAS,0.4,16
1731,2,winter_wheat,4,KAS,0.9,16
1732,2,winter_wheat,1,PK,0.001,40
1732,2,winter_wheat,2,KAS,0.25,32
1732,2,winter_wheat,3,KAS,0.4,16
1732,2,winter_wheat,4,KAS,0.9,16
1733,2,winter_wheat,1,PK,0.001,40
1733,2,winter_wheat,2,KAS,0.25,32
1733,2,winter_wheat,3,KAS,0.4,16
1733,2,winter_wheat,4,KAS,0.9,16
1734,2,winter_wheat,1,PK,0.001,40
1734,2,winter_wheat,2,KAS,0.25,32
1734,2,winter_wheat,3,KAS,0.4,16
1734,2,winter_wheat,4,KAS,0.9,16
1735,2,winter_wheat,1,PK,0.001,40
1735,2,winter_wheat,2,KAS,0.25,32
1735,2,winter_wheat,3,KAS,0.4,16
1735,2,winter_wheat,4,KAS,0.9,16
1737,2,winter_wheat,1,PK,0.001,40
1737,2,winter_wheat,2,KAS,0.25,32
1737,2,winter_wheat,3,KAS,0.4,16
1737,2,winter_wheat,4,KAS,0.9,16
1738,2,winter_wheat,1,PK,0.001,40
1738,2,winter_wheat,2,KAS,0.25,32
1738,2,winter_wheat,3,KAS,0.4,16
1738,2,winter_wheat,4,KAS,0.9,16
1741,2,winter_wheat,1,PK,0.001,40
1741,2,winter_wheat,2,KAS,0.25,32
1741,2,winter_wheat,3,KAS,0.4,16
1741,2,winter_wheat,4,KAS,0.9,16
1742,2,winter_wheat,1,PK,0.001,40
1742,2,winter_wheat,2,KAS,0.25,32
1742,2,winter_wheat,3,KAS,0.4,16
1742,2,winter_wheat,4,KAS,0.9,16
1743,2,winter_wheat,1,PK,0.001,40
1743,2,winter_wheat,2,KAS,0.25,32
1743,2,winter_wheat,3,KAS,0.4,16
1743,2,winter_wheat,4,KAS,0.9,16
1744,2,winter_wheat,1,PK,0.001,40
1744,2,winter_wheat,2,KAS,0.25,32
1744,2,winter_wheat,3,KAS,0.4,16
1744,2,winter_wheat,4,KAS,0.9,16
1746,2,winter_wheat,1,PK,0.001,40
1746,2,winter_wheat,2,KAS,0.25,32
1746,2,winter_wheat,3,KAS,0.4,16
1746,2,winter_wheat,4,KAS,0.9,16
1747,2,winter_wheat,1,PK,0.001,40
1747,2,winter_wheat,2,KAS,0.25,32
1747,2,winter_wheat,3,KAS,0.4,16
1747,2,winter_wheat,4,KAS,0.9,16
1752,2,winter_wheat,1,PK,0.001,40
1752,2,winter_wheat,2,KAS,0.25,32
1752,2,winter_wheat,3,KAS,0.4,16
1752,2,winter_wheat,4,KAS,0.9,16
1753,2,winter_wheat,1,PK,0.001,40
1753,2,winter_wheat,2,KAS,0.25,32
1753,2,winter_wheat,3,KAS,0.4,16
1753,2,winter_wheat,4,KAS,0.9,16
1757,2,winter_wheat,1,PK,0.001,40
1757,2,winter_wheat,2,KAS,0.25,32
1757,2,winter_wheat,3,KAS,0.4,16
1757,2,winter_wheat,4,KAS,0.9,16
1758,2,winter_wheat,1,PK,0.001,40
1758,2,winter_wheat,2,KAS,0.25,32
1758,2,winter_wheat,3,KAS,0.4,16
1758,2,winter_wheat,4,KAS,0.9,16
1759,2,winter_wheat,1,PK,0.001,40
1759,2,winter_wheat,2,KAS,0.25,32
1759,2,winter_wheat,3,KAS,0.4,16
1759,2,winter_wheat,4,KAS,0.9,16
1761,2,winter_wheat,1,PK,0.001,40
1761,2,winter_wheat,2,KAS,0.25,32
1761,2,winter_wheat,3,KAS,0.4,16
1761,2,winter_wheat,4,KAS,0.9,16
1764,2,winter_wheat,1,PK,0.001,40
1764,2,winter_wheat,2,KAS,0.25,32
1764,2,winter_wheat,3,KAS,0.4,16
1764,2,winter_wheat,4,KAS,0.9,16
1765,2,winter_wheat,1,PK,0.001,40
1765,2,winter_wheat,2,KAS,0.25,32
1765,2,winter_wheat,3,KAS,0.4,16
1765,2,winter_wheat,4,KAS,0.9,16
1766,2,winter_wheat,1,PK,0.001,40
1766,2,winter_wheat,2,KAS,0.25,32
1766,2,winter_wheat,3,KAS,0.4,16
1766,2,winter_wheat,4,KAS,0.9,16
1767,2,winter_wheat,1,PK,0.001,40
1767,2,winter_wheat,2,KAS,0.25,32
1767,2,winter_wheat,3,KAS,0.4,16
1767,2,winter_wheat,4,KAS,0.9,16
1769,2,winter_wheat,1,PK,0.001,40
1769,2,winter_wheat,2,KAS,0.25,32
1769,2,winter_wheat,3,KAS,0.4,16
1769,2,winter_wheat,4,KAS,0.9,16
1770,2,winter_wheat,1,PK,0.001,40
1770,2,winter_wheat,2,KAS,0.25,32
1770,2,winter_wheat,3,KAS,0.4,16
1770,2,winter_wheat,4,KAS,0.9,16
1771,2,winter_wheat,1,PK,0.001,40
1771,2,winter_wheat,2,KAS,0.25,32
1771,2,winter_wheat,3,KAS,0.4,16
1771,2,winter_wheat,4,KAS,0.9,16
1772,2,winter_wheat,1,PK,0.001,40
1772,2,winter_wheat,2,KAS,0.25,32
1772,2,winter_wheat,3,KAS,0.4,16
1772,2,winter_wheat,4,KAS,0.9,16
1773,2,winter_wheat,1,PK,0.001,40
1773,2,winter_wheat,2,KAS,0.25,32
1773,2,winter_wheat,3,KAS,0.4,16
1773,2,winter_wheat,4,KAS,0.9,16
1775,2,winter_wheat,1,PK,0.001,40
1775,2,winter_wheat,2,KAS,0.25,32
1775,2,winter_wheat,3,KAS,0.4,16
1775,2,winter_wheat,4,KAS,0.9,16
1777,2,winter_wheat,1,PK,0.001,40
1777,2,winter_wheat,2,KAS,0.25,32
1777,2,winter_wheat,3,KAS,0.4,16
1777,2,winter_wheat,4,KAS,0.9,16
1780,2,winter_wheat,1,PK,0.001,40
1780,2,winter_wheat,2,KAS,0.25,32
1780,2,winter_wheat,3,KAS,0.4,16
1780,2,winter_wheat,4,KAS,0.9,16
1781,2,winter_wheat,1,PK,0.001,40
1781,2,winter_wheat,2,KAS,0.25,32
1781,2,winter_wheat,3,KAS,0.4,16
1781,2,winter_wheat,4,KAS,0.9,16
1789,2,winter_wheat,1,PK,0.001,40
1789,2,winter_wheat,2,KAS,0.25,32
1789,2,winter_wheat,3,KAS,0.4,16
1789,2,winter_wheat,4,KAS,0.9,16
1790,2,winter_wheat,1,PK,0.001,40
1790,2,winter_wheat,2,KAS,0.25,32
1790,2,winter_wheat,3,KAS,0.4,16
1790,2,winter_wheat,4,KAS,0.9,16
1791,2,winter_wheat,1,PK,0.001,40
1791,2,winter_wheat,2,KAS,0.25,32
1791,2,winter_wheat,3,KAS,0.4,16
1791,2,winter_wheat,4,KAS,0.9,16
1795,2,winter_wheat,1,PK,0.001,40
1795,2,winter_wheat,2,KAS,0.25,32
1795,2,winter_wheat,3,KAS,0.4,16
1795,2,winter_wheat,4,KAS,0.9,16
1797,2,winter_wheat,1,PK,0.001,40
1797,2,winter_wheat,2,KAS,0.25,32
1797,2,winter_wheat,3,KAS,0.4,16
1797,2,winter_wheat,4,KAS,0.9,16
1798,2,winter_wheat,1,PK,0.001,40
1798,2,winter_wheat,2,KAS,0.25,32
1798,2,winter_wheat,3,KAS,0.4,16
1798,2,winter_wheat,4,KAS,0.9,16
1799,2,winter_wheat,1,PK,0.001,40
1799,2,winter_wheat,2,KAS,0.25,32
1799,2,winter_wheat,3,KAS,0.4,16
1799,2,winter_wheat,4,KAS,0.9,16
1800,2,winter_wheat,1,PK,0.001,40
1800,2,winter_wheat,2,KAS,0.25,32
1800,2,winter_wheat,3,KAS,0.4,16
1800,2,winter_wheat,4,KAS,0.9,16
1801,2,winter_wheat,1,PK,0.001,40
1801,2,winter_wheat,2,KAS,0.25,32
1801,2,winter_wheat,3,KAS,0.4,16
1801,2,winter_wheat,4,KAS,0.9,16
1802,2,winter_wheat,1,PK,0.001,40
1802,2,winter_wheat,2,KAS,0.25,32
1802,2,winter_wheat,3,KAS,0.4,16
1802,2,winter_wheat,4,KAS,0.9,16
1803,2,winter_wheat,1,PK,0.001,40
1803,2,winter_wheat,2,KAS,0.25,32
1803,2,winter_wheat,3,KAS,0.4,16
1803,2,winter_wheat,4,KAS,0.9,16
1805,2,winter_wheat,1,PK,0.001,40
1805,2,winter_wheat,2,KAS,0.25,32
1805,2,winter_wheat,3,KAS,0.4,16
1805,2,winter_wheat,4,KAS,0.9,16
1806,2,winter_wheat,1,PK,0.001,40
1806,2,winter_wheat,2,KAS,0.25,32
1806,2,winter_wheat,3,KAS,0.4,16
1806,2,winter_wheat,4,KAS,0.9,16
1807,2,winter_wheat,1,PK,0.001,40
1807,2,winter_wheat,2,KAS,0.25,32
1807,2,winter_wheat,3,KAS,0.4,16
1807,2,winter_wheat,4,KAS,0.9,16
1808,2,winter_wheat,1,PK,0.001,40
1808,2,winter_wheat,2,KAS,0.25,32
1808,2,winter_wheat,3,KAS,0.4,16
1808,2,winter_wheat,4,KAS,0.9,16
1810,2,winter_wheat,1,PK,0.001,40
1810,2,winter_wheat,2,KAS,0.25,32
1810,2,winter_wheat,3,KAS,0.4,16
1810,2,winter_wheat,4,KAS,0.9,16
1811,2,winter_wheat,1,PK,0.001,40
1811,2,winter_wheat,2,KAS,0.25,32
1811,2,winter_wheat,3,KAS,0.4,16
1811,2,winter_wheat,4,KAS,0.9,16
1812,2,winter_wheat,1,PK,0.001,40
1812,2,winter_wheat,2,KAS,0.25,32
1812,2,winter_wheat,3,KAS,0.4,16
1812,2,winter_wheat,4,KAS,0.9,16
1815,2,winter_wheat,1,PK,0.001,40
1815,2,winter_wheat,2,KAS,0.25,32
1815,2,winter_wheat,3,KAS,0.4,16
1815,2,winter_wheat,4,KAS,0.9,16
1818,2,winter_wheat,1,PK,0.001,40
1818,2,winter_wheat,2,KAS,0.25,32
1818,2,winter_wheat,3,KAS,0.4,16
1818,2,winter_wheat,4,KAS,0.9,16
1819,2,winter_wheat,1,PK,0.001,40
1819,2,winter_wheat,2,KAS,0.25,32
1819,2,winter_wheat,3,KAS,0.4,16
1819,2,winter_wheat,4,KAS,0.9,16
1821,2,winter_wheat,1,PK,0.001,40
1821,2,winter_wheat,2,KAS,0.25,32
1821,2,winter_wheat,3,KAS,0.4,16
1821,2,winter_wheat,4,KAS,0.9,16
1822,2,winter_wheat,1,PK,0.001,40
1822,2,winter_wheat,2,KAS,0.25,32
1822,2,winter_wheat,3,KAS,0.4,16
1822,2,winter_wheat,4,KAS,0.9,16
1824,2,winter_wheat,1,PK,0.001,40
1824,2,winter_wheat,2,KAS,0.25,32
1824,2,winter_wheat,3,KAS,0.4,16
1824,2,winter_wheat,4,KAS,0.9,16
1825,2,winter_wheat,1,PK,0.001,40
1825,2,winter_wheat,2,KAS,0.25,32
1825,2,winter_wheat,3,KAS,0.4,16
1825,2,winter_wheat,4,KAS,0.9,16
1826,2,winter_wheat,1,PK,0.001,40
1826,2,winter_wheat,2,KAS,0.25,32
1826,2,winter_wheat,3,KAS,0.4,16
1826,2,winter_wheat,4,KAS,0.9,16
1828,2,winter_wheat,1,PK,0.001,40
1828,2,winter_wheat,2,KAS,0.25,32
1828,2,winter_wheat,3,KAS,0.4,16
1828,2,winter_wheat,4,KAS,0.9,16
1831,2,winter_wheat,1,PK,0.001,40
1831,2,winter_wheat,2,KAS,0.25,32
1831,2,winter_wheat,3,KAS,0.4,16
1831,2,winter_wheat,4,KAS,0.9,16
1832,2,winter_wheat,1,PK,0.001,40
1832,2,winter_wheat,2,KAS,0.25,32
1832,2,winter_wheat,3,KAS,0.4,16
1832,2,winter_wheat,4,KAS,0.9,16
1833,2,winter_wheat,1,PK,0.001,40
1833,2,winter_wheat,2,KAS,0.25,32
1833,2,winter_wheat,3,KAS,0.4,16
1833,2,winter_wheat,4,KAS,0.9,16
1834,2,winter_wheat,1,PK,0.001,40
1834,2,winter_wheat,2,KAS,0.25,32
1834,2,winter_wheat,3,KAS,0.4,16
1834,2,winter_wheat,4,KAS,0.9,16
1835,2,winter_wheat,1,PK,0.001,40
1835,2,winter_wheat,2,KAS,0.25,32
1835,2,winter_wheat,3,KAS,0.4,16
1835,2,winter_wheat,4,KAS,0.9,16
1837,2,winter_wheat,1,PK,0.001,40
1837,2,winter_wheat,2,KAS,0.25,32
1837,2,winter_wheat,3,KAS,0.4,16
1837,2,winter_wheat,4,KAS,0.9,16
1842,2,winter_wheat,1,PK,0.001,40
1842,2,winter_wheat,2,KAS,0.25,32
1842,2,winter_wheat,3,KAS,0.4,16
1842,2,winter_wheat,4,KAS,0.9,16
1847,2,winter_wheat,1,PK,0.001,40
1847,2,winter_wheat,2,KAS,0.25,32
1847,2,winter_wheat,3,KAS,0.4,16
1847,2,winter_wheat,4,KAS,0.9,16
1850,2,winter_wheat,1,PK,0.001,40
1850,2,winter_wheat,2,KAS,0.25,32
1850,2,winter_wheat,3,KAS,0.4,16
1850,2,winter_wheat,4,KAS,0.9,16
1854,2,winter_wheat,1,PK,0.001,40
1854,2,winter_wheat,2,KAS,0.25,32
1854,2,winter_wheat,3,KAS,0.4,16
1854,2,winter_wheat,4,KAS,0.9,16
1864,2,winter_wheat,1,PK,0.001,40
1864,2,winter_wheat,2,KAS,0.25,32
1864,2,winter_wheat,3,KAS,0.4,16
1864,2,winter_wheat,4,KAS,0.9,16
1865,2,winter_wheat,1,PK,0.001,40
1865,2,winter_wheat,2,KAS,0.25,32
1865,2,winter_wheat,3,KAS,0.4,16
1865,2,winter_wheat,4,KAS,0.9,16
1866,2,winter_wheat,1,PK,0.001,40
1866,2,winter_wheat,2,KAS,0.25,32
1866,2,winter_wheat,3,KAS,0.4,16
1866,2,winter_wheat,4,KAS,0.9,16
1868,2,winter_wheat,1,PK,0.001,40
1868,2,winter_wheat,2,KAS,0.25,32
1868,2,winter_wheat,3,KAS,0.4,16
1868,2,winter_wheat,4,KAS,0.9,16
1869,2,winter_wheat,1,PK,0.001,40
1869,2,winter_wheat,2,KAS,0.25,32
1869,2,winter_wheat,3,KAS,0.4,16
1869,2,winter_wheat,4,KAS,0.9,16
1870,2,winter_wheat,1,PK,0.001,40
1870,2,winter_wheat,2,KAS,0.25,32
1870,2,winter_wheat,3,KAS,0.4,16
1870,2,winter_wheat,4,KAS,0.9,16
1872,2,winter_wheat,1,PK,0.001,40
1872,2,winter_wheat,2,KAS,0.25,32
1872,2,winter_wheat,3,KAS,0.4,16
1872,2,winter_wheat,4,KAS,0.9,16
1874,2,winter_wheat,1,PK,0.001,40
1874,2,winter_wheat,2,KAS,0.25,32
1874,2,winter_wheat,3,KAS,0.4,16
1874,2,winter_wheat,4,KAS,0.9,16
1876,2,winter_wheat,1,PK,0.001,40
1876,2,winter_wheat,2,KAS,0.25,32
1876,2,winter_wheat,3,KAS,0.4,16
1876,2,winter_wheat,4,KAS,0.9,16
1877,2,winter_wheat,1,PK,0.001,40
1877,2,winter_wheat,2,KAS,0.25,32
1877,2,winter_wheat,3,KAS,0.4,16
1877,2,winter_wheat,4,KAS,0.9,16
1878,2,winter_wheat,1,PK,0.001,40
1878,2,winter_wheat,2,KAS,0.25,32
1878,2,winter_wheat,3,KAS,0.4,16
1878,2,winter_wheat,4,KAS,0.9,16
1881,2,winter_wheat,1,PK,0.001,40
1881,2,winter_wheat,2,KAS,0.25,32
1881,2,winter_wheat,3,KAS,0.4,16
1881,2,winter_wheat,4,KAS,0.9,16
1882,2,winter_wheat,1,PK,0.001,40
1882,2,winter_wheat,2,KAS,0.25,32
1882,2,winter_wheat,3,KAS,0.4,16
1882,2,winter_wheat,4,KAS,0.9,16
1886,2,winter_wheat,1,PK,0.001,40
1886,2,winter_wheat,2,KAS,0.25,32
1886,2,winter_wheat,3,KAS,0.4,16
1886,2,winter_wheat,4,KAS,0.9,16
1887,2,winter_wheat,1,PK,0.001,40
1887,2,winter_wheat,2,KAS,0.25,32
1887,2,winter_wheat,3,KAS,0.4,16
1887,2,winter_wheat,4,KAS,0.9,16
1888,2,winter_wheat,1,PK,0.001,40
1888,2,winter_wheat,2,KAS,0.25,32
1888,2,winter_wheat,3,KAS,0.4,16
1888,2,winter_wheat,4,KAS,0.9,16
1889,2,winter_wheat,1,PK,0.001,40
1889,2,winter_wheat,2,KAS,0.25,32
1889,2,winter_wheat,3,KAS,0.4,16
1889,2,winter_wheat,4,KAS,0.9,16
1890,2,winter_wheat,1,PK,0.001,40
1890,2,winter_wheat,2,KAS,0.25,32
1890,2,winter_wheat,3,KAS,0.4,16
1890,2,winter_wheat,4,KAS,0.9,16
1891,2,winter_wheat,1,PK,0.001,40
1891,2,winter_wheat,2,KAS,0.25,32
1891,2,winter_wheat,3,KAS,0.4,16
1891,2,winter_wheat,4,KAS,0.9,16
1893,2,winter_wheat,1,PK,0.001,40
1893,2,winter_wheat,2,KAS,0.25,32
1893,2,winter_wheat,3,KAS,0.4,16
1893,2,winter_wheat,4,KAS,0.9,16
1894,2,winter_wheat,1,PK,0.001,40
1894,2,winter_wheat,2,KAS,0.25,32
1894,2,winter_wheat,3,KAS,0.4,16
1894,2,winter_wheat,4,KAS,0.9,16
1895,2,winter_wheat,1,PK,0.001,40
1895,2,winter_wheat,2,KAS,0.25,32
1895,2,winter_wheat,3,KAS,0.4,16
1895,2,winter_wheat,4,KAS,0.9,16
1896,2,winter_wheat,1,PK,0.001,40
1896,2,winter_wheat,2,KAS,0.25,32
1896,2,winter_wheat,3,KAS,0.4,16
1896,2,winter_wheat,4,KAS,0.9,16
1897,2,winter_wheat,1,PK,0.001,40
1897,2,winter_wheat,2,KAS,0.25,32
1897,2,winter_wheat,3,KAS,0.4,16
1897,2,winter_wheat,4,KAS,0.9,16
1899,2,winter_wheat,1,PK,0.001,40
1899,2,winter_wheat,2,KAS,0.25,32
1899,2,winter_wheat,3,KAS,0.4,16
1899,2,winter_wheat,4,KAS,0.9,16
1900,2,winter_wheat,1,PK,0.001,40
1900,2,winter_wheat,2,KAS,0.25,32
1900,2,winter_wheat,3,KAS,0.4,16
1900,2,winter_wheat,4,KAS,0.9,16
1901,2,winter_wheat,1,PK,0.001,40
1901,2,winter_wheat,2,KAS,0.25,32
1901,2,winter_wheat,3,KAS,0.4,16
1901,2,winter_wheat,4,KAS,0.9,16
1902,2,winter_wheat,1,PK,0.001,40
1902,2,winter_wheat,2,KAS,0.25,32
1902,2,winter_wheat,3,KAS,0.4,16
1902,2,winter_wheat,4,KAS,0.9,16
1903,2,winter_wheat,1,PK,0.001,40
1903,2,winter_wheat,2,KAS,0.25,32
1903,2,winter_wheat,3,KAS,0.4,16
1903,2,winter_wheat,4,KAS,0.9,16
1904,2,winter_wheat,1,PK,0.001,40
1904,2,winter_wheat,2,KAS,0.25,32
1904,2,winter_wheat,3,KAS,0.4,16
1904,2,winter_wheat,4,KAS,0.9,16
1905,2,winter_wheat,1,PK,0.001,40
1905,2,winter_wheat,2,KAS,0.25,32
1905,2,winter_wheat,3,KAS,0.4,16
1905,2,winter_wheat,4,KAS,0.9,16
1907,2,winter_wheat,1,PK,0.001,40
1907,2,winter_wheat,2,KAS,0.25,32
1907,2,winter_wheat,3,KAS,0.4,16
1907,2,winter_wheat,4,KAS,0.9,16
1908,2,winter_wheat,1,PK,0.001,40
1908,2,winter_wheat,2,KAS,0.25,32
1908,2,winter_wheat,3,KAS,0.4,16
1908,2,winter_wheat,4,KAS,0.9,16
1909,2,winter_wheat,1,PK,0.001,40
1909,2,winter_wheat,2,KAS,0.25,32
1909,2,winter_wheat,3,KAS,0.4,16
1909,2,winter_wheat,4,KAS,0.9,16
1912,2,winter_wheat,1,PK,0.001,40
1912,2,winter_wheat,2,KAS,0.25,32
1912,2,winter_wheat,3,KAS,0.4,16
1912,2,winter_wheat,4,KAS,0.9,16
1914,2,winter_wheat,1,PK,0.001,40
1914,2,winter_wheat,2,KAS,0.25,32
1914,2,winter_wheat,3,KAS,0.4,16
1914,2,winter_wheat,4,KAS,0.9,16
1916,2,winter_wheat,1,PK,0.001,40
1916,2,winter_wheat,2,KAS,0.25,32
1916,2,winter_wheat,3,KAS,0.4,16
1916,2,winter_wheat,4,KAS,0.9,16
1917,2,winter_wheat,1,PK,0.001,40
1917,2,winter_wheat,2,KAS,0.25,32
1917,2,winter_wheat,3,KAS,0.4,16
1917,2,winter_wheat,4,KAS,0.9,16
1918,2,winter_wheat,1,PK,0.001,40
1918,2,winter_wheat,2,KAS,0.25,32
1918,2,winter_wheat,3,KAS,0.4,16
1918,2,winter_wheat,4,KAS,0.9,16
1923,2,winter_wheat,1,PK,0.001,40
1923,2,winter_wheat,2,KAS,0.25,32
1923,2,winter_wheat,3,KAS,0.4,16
1923,2,winter_wheat,4,KAS,0.9,16
1924,2,winter_wheat,1,PK,0.001,40
1924,2,winter_wheat,2,KAS,0.25,32
1924,2,winter_wheat,3,KAS,0.4,16
1924,2,winter_wheat,4,KAS,0.9,16
1926,2,winter_wheat,1,PK,0.001,40
1926,2,winter_wheat,2,KAS,0.25,32
1926,2,winter_wheat,3,KAS,0.4,16
1926,2,winter_wheat,4,KAS,0.9,16
1927,2,winter_wheat,1,PK,0.001,40
1927,2,winter_wheat,2,KAS,0.25,32
1927,2,winter_wheat,3,KAS,0.4,16
1927,2,winter_wheat,4,KAS,0.9,16
1930,2,winter_wheat,1,PK,0.001,40
1930,2,winter_wheat,2,KAS,0.25,32
1930,2,winter_wheat,3,KAS,0.4,16
1930,2,winter_wheat,4,KAS,0.9,16
1931,2,winter_wheat,1,PK,0.001,40
1931,2,winter_wheat,2,KAS,0.25,32
1931,2,winter_wheat,3,KAS,0.4,16
1931,2,winter_wheat,4,KAS,0.9,16
1933,2,winter_wheat,1,PK,0.001,40
1933,2,winter_wheat,2,KAS,0.25,32
1933,2,winter_wheat,3,KAS,0.4,16
1933,2,winter_wheat,4,KAS,0.9,16
1934,2,winter_wheat,1,PK,0.001,40
1934,2,winter_wheat,2,KAS,0.25,32
1934,2,winter_wheat,3,KAS,0.4,16
1934,2,winter_wheat,4,KAS,0.9,16
1936,2,winter_wheat,1,PK,0.001,40
1936,2,winter_wheat,2,KAS,0.25,32
1936,2,winter_wheat,3,KAS,0.4,16
1936,2,winter_wheat,4,KAS,0.9,16
1937,2,winter_wheat,1,PK,0.001,40
1937,2,winter_wheat,2,KAS,0.25,32
1937,2,winter_wheat,3,KAS,0.4,16
1937,2,winter_wheat,4,KAS,0.9,16
1938,2,winter_wheat,1,PK,0.001,40
1938,2,winter_wheat,2,KAS,0.25,32
1938,2,winter_wheat,3,KAS,0.4,16
1938,2,winter_wheat,4,KAS,0.9,16
1941,2,winter_wheat,1,PK,0.001,40
1941,2,winter_wheat,2,KAS,0.25,32
1941,2,winter_wheat,3,KAS,0.4,16
1941,2,winter_wheat,4,KAS,0.9,16
1942,2,winter_wheat,1,PK,0.001,40
1942,2,winter_wheat,2,KAS,0.25,32
1942,2,winter_wheat,3,KAS,0.4,16
1942,2,winter_wheat,4,KAS,0.9,16
1943,2,winter_wheat,1,PK,0.001,40
1943,2,winter_wheat,2,KAS,0.25,32
1943,2,winter_wheat,3,KAS,0.4,16
1943,2,winter_wheat,4,KAS,0.9,16
1944,2,winter_wheat,1,PK,0.001,40
1944,2,winter_wheat,2,KAS,0.25,32
1944,2,winter_wheat,3,KAS,0.4,16
1944,2,winter_wheat,4,KAS,0.9,16
1945,2,winter_wheat,1,PK,0.001,40
1945,2,winter_wheat,2,KAS,0.25,32
1945,2,winter_wheat,3,KAS,0.4,16
1945,2,winter_wheat,4,KAS,0.9,16
1946,2,winter_wheat,1,PK,0.001,40
1946,2,winter_wheat,2,KAS,0.25,32
1946,2,winter_wheat,3,KAS,0.4,16
1946,2,winter_wheat,4,KAS,0.9,16
1947,2,winter_wheat,1,PK,0.001,40
1947,2,winter_wheat,2,KAS,0.25,32
1947,2,winter_wheat,3,KAS,0.4,16
1947,2,winter_wheat,4,KAS,0.9,16
1948,2,winter_wheat,1,PK,0.001,40
1948,2,winter_wheat,2,KAS,0.25,32
1948,2,winter_wheat,3,KAS,0.4,16
1948,2,winter_wheat,4,KAS,0.9,16
1949,2,winter_wheat,1,PK,0.001,40
1949,2,winter_wheat,2,KAS,0.25,32
1949,2,winter_wheat,3,KAS,0.4,16
1949,2,winter_wheat,4,KAS,0.9,16
1951,2,winter_wheat,1,PK,0.001,40
1951,2,winter_wheat,2,KAS,0.25,32
1951,2,winter_wheat,3,KAS,0.4,16
1951,2,winter_wheat,4,KAS,0.9,16
1952,2,winter_wheat,1,PK,0.001,40
1952,2,winter_wheat,2,KAS,0.25,32
1952,2,winter_wheat,3,KAS,0.4,16
1952,2,winter_wheat,4,KAS,0.9,16
1955,2,winter_wheat,1,PK,0.001,40
1955,2,winter_wheat,2,KAS,0.25,32
1955,2,winter_wheat,3,KAS,0.4,16
1955,2,winter_wheat,4,KAS,0.9,16
1957,2,winter_wheat,1,PK,0.001,40
1957,2,winter_wheat,2,KAS,0.25,32
1957,2,winter_wheat,3,KAS,0.4,16
1957,2,winter_wheat,4,KAS,0.9,16
1962,2,winter_wheat,1,PK,0.001,40
1962,2,winter_wheat,2,KAS,0.25,32
1962,2,winter_wheat,3,KAS,0.4,16
1962,2,winter_wheat,4,KAS,0.9,16
1967,2,winter_wheat,1,PK,0.001,40
1967,2,winter_wheat,2,KAS,0.25,32
1967,2,winter_wheat,3,KAS,0.4,16
1967,2,winter_wheat,4,KAS,0.9,16
1969,2,winter_wheat,1,PK,0.001,40
1969,2,winter_wheat,2,KAS,0.25,32
1969,2,winter_wheat,3,KAS,0.4,16
1969,2,winter_wheat,4,KAS,0.9,16
1970,2,winter_wheat,1,PK,0.001,40
1970,2,winter_wheat,2,KAS,0.25,32
1970,2,winter_wheat,3,KAS,0.4,16
1970,2,winter_wheat,4,KAS,0.9,16
1971,2,winter_wheat,1,PK,0.001,40
1971,2,winter_wheat,2,KAS,0.25,32
1971,2,winter_wheat,3,KAS,0.4,16
1971,2,winter_wheat,4,KAS,0.9,16
1972,2,winter_wheat,1,PK,0.001,40
1972,2,winter_wheat,2,KAS,0.25,32
1972,2,winter_wheat,3,KAS,0.4,16
1972,2,winter_wheat,4,KAS,0.9,16
1973,2,winter_wheat,1,PK,0.001,40
1973,2,winter_wheat,2,KAS,0.25,32
1973,2,winter_wheat,3,KAS,0.4,16
1973,2,winter_wheat,4,KAS,0.9,16
1974,2,winter_wheat,1,PK,0.001,40
1974,2,winter_wheat,2,KAS,0.25,32
1974,2,winter_wheat,3,KAS,0.4,16
1974,2,winter_wheat,4,KAS,0.9,16
1975,2,winter_wheat,1,PK,0.001,40
1975,2,winter_wheat,2,KAS,0.25,32
1975,2,winter_wheat,3,KAS,0.4,16
1975,2,winter_wheat,4,KAS,0.9,16
1976,2,winter_wheat,1,PK,0.001,40
1976,2,winter_wheat,2,KAS,0.25,32
1976,2,winter_wheat,3,KAS,0.4,16
1976,2,winter_wheat,4,KAS,0.9,16
1978,2,winter_wheat,1,PK,0.001,40
1978,2,winter_wheat,2,KAS,0.25,32
1978,2,winter_wheat,3,KAS,0.4,16
1978,2,winter_wheat,4,KAS,0.9,16
1980,2,winter_wheat,1,PK,0.001,40
1980,2,winter_wheat,2,KAS,0.25,32
1980,2,winter_wheat,3,KAS,0.4,16
1980,2,winter_wheat,4,KAS,0.9,16
1982,2,winter_wheat,1,PK,0.001,40
1982,2,winter_wheat,2,KAS,0.25,32
1982,2,winter_wheat,3,KAS,0.4,16
1982,2,winter_wheat,4,KAS,0.9,16
1983,2,winter_wheat,1,PK,0.001,40
1983,2,winter_wheat,2,KAS,0.25,32
1983,2,winter_wheat,3,KAS,0.4,16
1983,2,winter_wheat,4,KAS,0.9,16
1984,2,winter_wheat,1,PK,0.001,40
1984,2,winter_wheat,2,KAS,0.25,32
1984,2,winter_wheat,3,KAS,0.4,16
1984,2,winter_wheat,4,KAS,0.9,16
1986,2,winter_wheat,1,PK,0.001,40
1986,2,winter_wheat,2,KAS,0.25,32
1986,2,winter_wheat,3,KAS,0.4,16
1986,2,winter_wheat,4,KAS,0.9,16
1988,2,winter_wheat,1,PK,0.001,40
1988,2,winter_wheat,2,KAS,0.25,32
1988,2,winter_wheat,3,KAS,0.4,16
1988,2,winter_wheat,4,KAS,0.9,16
1990,2,winter_wheat,1,PK,0.001,40
1990,2,winter_wheat,2,KAS,0.25,32
1990,2,winter_wheat,3,KAS,0.4,16
1990,2,winter_wheat,4,KAS,0.9,16
1992,2,winter_wheat,1,PK,0.001,40
1992,2,winter_wheat,2,KAS,0.25,32
1992,2,winter_wheat,3,KAS,0.4,16
1992,2,winter_wheat,4,KAS,0.9,16
1993,2,winter_wheat,1,PK,0.001,40
1993,2,winter_wheat,2,KAS,0.25,32
1993,2,winter_wheat,3,KAS,0.4,16
1993,2,winter_wheat,4,KAS,0.9,16
1994,2,winter_wheat,1,PK,0.001,40
1994,2,winter_wheat,2,KAS,0.25,32
1994,2,winter_wheat,3,KAS,0.4,16
1994,2,winter_wheat,4,KAS,0.9,16
1997,2,winter_wheat,1,PK,0.001,40
1997,2,winter_wheat,2,KAS,0.25,32
1997,2,winter_wheat,3,KAS,0.4,16
1997,2,winter_wheat,4,KAS,0.9,16
2001,2,winter_wheat,1,PK,0.001,40
2001,2,winter_wheat,2,KAS,0.25,32
2001,2,winter_wheat,3,KAS,0.4,16
2001,2,winter_wheat,4,KAS,0.9,16
2004,2,winter_wheat,1,PK,0.001,40
2004,2,winter_wheat,2,KAS,0.25,32
2004,2,winter_wheat,3,KAS,0.4,16
2004,2,winter_wheat,4,KAS,0.9,16
2005,2,winter_wheat,1,PK,0.001,40
2005,2,winter_wheat,2,KAS,0.25,32
2005,2,winter_wheat,3,KAS,0.4,16
2005,2,winter_wheat,4,KAS,0.9,16
2006,2,winter_wheat,1,PK,0.001,40
2006,2,winter_wheat,2,KAS,0.25,32
2006,2,winter_wheat,3,KAS,0.4,16
2006,2,winter_wheat,4,KAS,0.9,16
2007,2,winter_wheat,1,PK,0.001,40
2007,2,winter_wheat,2,KAS,0.25,32
2007,2,winter_wheat,3,KAS,0.4,16
2007,2,winter_wheat,4,KAS,0.9,16
2008,2,winter_wheat,1,PK,0.001,40
2008,2,winter_wheat,2,KAS,0.25,32
2008,2,winter_wheat,3,KAS,0.4,16
2008,2,winter_wheat,4,KAS,0.9,16
2009,2,winter_wheat,1,PK,0.001,40
2009,2,winter_wheat,2,KAS,0.25,32
2009,2,winter_wheat,3,KAS,0.4,16
2009,2,winter_wheat,4,KAS,0.9,16
2010,2,winter_wheat,1,PK,0.001,40
2010,2,winter_wheat,2,KAS,0.25,32
2010,2,winter_wheat,3,KAS,0.4,16
2010,2,winter_wheat,4,KAS,0.9,16
2011,2,winter_wheat,1,PK,0.001,40
2011,2,winter_wheat,2,KAS,0.25,32
2011,2,winter_wheat,3,KAS,0.4,16
2011,2,winter_wheat,4,KAS,0.9,16
2012,2,winter_wheat,1,PK,0.001,40
2012,2,winter_wheat,2,KAS,0.25,32
2012,2,winter_wheat,3,KAS,0.4,16
2012,2,winter_wheat,4,KAS,0.9,16
2013,2,winter_wheat,1,PK,0.001,40
2013,2,winter_wheat,2,KAS,0.25,32
2013,2,winter_wheat,3,KAS,0.4,16
2013,2,winter_wheat,4,KAS,0.9,16
2014,2,winter_wheat,1,PK,0.001,40
2014,2,winter_wheat,2,KAS,0.25,32
2014,2,winter_wheat,3,KAS,0.4,16
2014,2,winter_wheat,4,KAS,0.9,16
2015,2,winter_wheat,1,PK,0.001,40
2015,2,winter_wheat,2,KAS,0.25,32
2015,2,winter_wheat,3,KAS,0.4,16
2015,2,winter_wheat,4,KAS,0.9,16
2016,2,winter_wheat,1,PK,0.001,40
2016,2,winter_wheat,2,KAS,0.25,32
2016,2,winter_wheat,3,KAS,0.4,16
2016,2,winter_wheat,4,KAS,0.9,16
2017,2,winter_wheat,1,PK,0.001,40
2017,2,winter_wheat,2,KAS,0.25,32
2017,2,winter_wheat,3,KAS,0.4,16
2017,2,winter_wheat,4,KAS,0.9,16
2018,2,winter_wheat,1,PK,0.001,40
2018,2,winter_wheat,2,KAS,0.25,32
2018,2,winter_wheat,3,KAS,0.4,16
2018,2,winter_wheat,4,KAS,0.9,16
2020,2,winter_wheat,1,PK,0.001,40
2020,2,winter_wheat,2,KAS,0.25,32
2020,2,winter_wheat,3,KAS,0.4,16
2020,2,winter_wheat,4,KAS,0.9,16
2022,2,winter_wheat,1,PK,0.001,40
2022,2,winter_wheat,2,KAS,0.25,32
2022,2,winter_wheat,3,KAS,0.4,16
2022,2,winter_wheat,4,KAS,0.9,16
2023,2,winter_wheat,1,PK,0.001,40
2023,2,winter_wheat,2,KAS,0.25,32
2023,2,winter_wheat,3,KAS,0.4,16
2023,2,winter_wheat,4,KAS,0.9,16
2026,2,winter_wheat,1,PK,0.001,40
2026,2,winter_wheat,2,KAS,0.25,32
2026,2,winter_wheat,3,KAS,0.4,16
2026,2,winter_wheat,4,KAS,0.9,16
2027,2,winter_wheat,1,PK,0.001,40
2027,2,winter_wheat,2,KAS,0.25,32
2027,2,winter_wheat,3,KAS,0.4,16
2027,2,winter_wheat,4,KAS,0.9,16
2030,2,winter_wheat,1,PK,0.001,40
2030,2,winter_wheat,2,KAS,0.25,32
2030,2,winter_wheat,3,KAS,0.4,16
2030,2,winter_wheat,4,KAS,0.9,16
2031,2,winter_wheat,1,PK,0.001,40
2031,2,winter_wheat,2,KAS,0.25,32
2031,2,winter_wheat,3,KAS,0.4,16
2031,2,winter_wheat,4,KAS,0.9,16
2032,2,winter_wheat,1,PK,0.001,40
2032,2,winter_wheat,2,KAS,0.25,32
2032,2,winter_wheat,3,KAS,0.4,16
2032,2,winter_wheat,4,KAS,0.9,16
2034,2,winter_wheat,1,PK,0.001,40
2034,2,winter_wheat,2,KAS,0.25,32
2034,2,winter_wheat,3,KAS,0.4,16
2034,2,winter_wheat,4,KAS,0.9,16
2037,2,winter_wheat,1,PK,0.001,40
2037,2,winter_wheat,2,KAS,0.25,32
2037,2,winter_wheat,3,KAS,0.4,16
2037,2,winter_wheat,4,KAS,0.9,16
2046,2,winter_wheat,1,PK,0.001,40
2046,2,winter_wheat,2,KAS,0.25,32
2046,2,winter_wheat,3,KAS,0.4,16
2046,2,winter_wheat,4,KAS,0.9,16
2047,2,winter_wheat,1,PK,0.001,40
2047,2,winter_wheat,2,KAS,0.25,32
2047,2,winter_wheat,3,KAS,0.4,16
2047,2,winter_wheat,4,KAS,0.9,16
2048,2,winter_wheat,1,PK,0.001,40
2048,2,winter_wheat,2,KAS,0.25,32
2048,2,winter_wheat,3,KAS,0.4,16
2048,2,winter_wheat,4,KAS,0.9,16
2049,2,winter_wheat,1,PK,0.001,40
2049,2,winter_wheat,2,KAS,0.25,32
2049,2,winter_wheat,3,KAS,0.4,16
2049,2,winter_wheat,4,KAS,0.9,16
2050,2,winter_wheat,1,PK,0.001,40
2050,2,winter_wheat,2,KAS,0.25,32
2050,2,winter_wheat,3,KAS,0.4,16
2050,2,winter_wheat,4,KAS,0.9,16
2051,2,winter_wheat,1,PK,0.001,40
2051,2,winter_wheat,2,KAS,0.25,32
2051,2,winter_wheat,3,KAS,0.4,16
2051,2,winter_wheat,4,KAS,0.9,16
2052,2,winter_wheat,1,PK,0.001,40
2052,2,winter_wheat,2,KAS,0.25,32
2052,2,winter_wheat,3,KAS,0.4,16
2052,2,winter_wheat,4,KAS,0.9,16
2053,2,winter_wheat,1,PK,0.001,40
2053,2,winter_wheat,2,KAS,0.25,32
2053,2,winter_wheat,3,KAS,0.4,16
2053,2,winter_wheat,4,KAS,0.9,16
2054,2,winter_wheat,1,PK,0.001,40
2054,2,winter_wheat,2,KAS,0.25,32
2054,2,winter_wheat,3,KAS,0.4,16
2054,2,winter_wheat,4,KAS,0.9,16
2055,2,winter_wheat,1,PK,0.001,40
2055,2,winter_wheat,2,KAS,0.25,32
2055,2,winter_wheat,3,KAS,0.4,16
2055,2,winter_wheat,4,KAS,0.9,16
2056,2,winter_wheat,1,PK,0.001,40
2056,2,winter_wheat,2,KAS,0.25,32
2056,2,winter_wheat,3,KAS,0.4,16
2056,2,winter_wheat,4,KAS,0.9,16
2060,2,winter_wheat,1,PK,0.001,40
2060,2,winter_wheat,2,KAS,0.25,32
2060,2,winter_wheat,3,KAS,0.4,16
2060,2,winter_wheat,4,KAS,0.9,16
2062,2,winter_wheat,1,PK,0.001,40
2062,2,winter_wheat,2,KAS,0.25,32
2062,2,winter_wheat,3,KAS,0.4,16
2062,2,winter_wheat,4,KAS,0.9,16
2063,2,winter_wheat,1,PK,0.001,40
2063,2,winter_wheat,2,KAS,0.25,32
2063,2,winter_wheat,3,KAS,0.4,16
2063,2,winter_wheat,4,KAS,0.9,16
2064,2,winter_wheat,1,PK,0.001,40
2064,2,winter_wheat,2,KAS,0.25,32
2064,2,winter_wheat,3,KAS,0.4,16
2064,2,winter_wheat,4,KAS,0.9,16
2065,2,winter_wheat,1,PK,0.001,40
2065,2,winter_wheat,2,KAS,0.25,32
2065,2,winter_wheat,3,KAS,0.4,16
2065,2,winter_wheat,4,KAS,0.9,16
2066,2,winter_wheat,1,PK,0.001,40
2066,2,winter_wheat,2,KAS,0.25,32
2066,2,winter_wheat,3,KAS,0.4,16
2066,2,winter_wheat,4,KAS,0.9,16
2071,2,winter_wheat,1,PK,0.001,40
2071,2,winter_wheat,2,KAS,0.25,32
2071,2,winter_wheat,3,KAS,0.4,16
2071,2,winter_wheat,4,KAS,0.9,16
2072,2,winter_wheat,1,PK,0.001,40
2072,2,winter_wheat,2,KAS,0.25,32
2072,2,winter_wheat,3,KAS,0.4,16
2072,2,winter_wheat,4,KAS,0.9,16
2075,2,winter_wheat,1,PK,0.001,40
2075,2,winter_wheat,2,KAS,0.25,32
2075,2,winter_wheat,3,KAS,0.4,16
2075,2,winter_wheat,4,KAS,0.9,16
2077,2,winter_wheat,1,PK,0.001,40
2077,2,winter_wheat,2,KAS,0.25,32
2077,2,winter_wheat,3,KAS,0.4,16
2077,2,winter_wheat,4,KAS,0.9,16
2078,2,winter_wheat,1,PK,0.001,40
2078,2,winter_wheat,2,KAS,0.25,32
2078,2,winter_wheat,3,KAS,0.4,16
2078,2,winter_wheat,4,KAS,0.9,16
2079,2,winter_wheat,1,PK,0.001,40
2079,2,winter_wheat,2,KAS,0.25,32
2079,2,winter_wheat,3,KAS,0.4,16
2079,2,winter_wheat,4,KAS,0.9,16
2080,2,winter_wheat,1,PK,0.001,40
2080,2,winter_wheat,2,KAS,0.25,32
2080,2,winter_wheat,3,KAS,0.4,16
2080,2,winter_wheat,4,KAS,0.9,16
2081,2,winter_wheat,1,PK,0.001,40
2081,2,winter_wheat,2,KAS,0.25,32
2081,2,winter_wheat,3,KAS,0.4,16
2081,2,winter_wheat,4,KAS,0.9,16
2082,2,winter_wheat,1,PK,0.001,40
2082,2,winter_wheat,2,KAS,0.25,32
2082,2,winter_wheat,3,KAS,0.4,16
2082,2,winter_wheat,4,KAS,0.9,16
2083,2,winter_wheat,1,PK,0.001,40
2083,2,winter_wheat,2,KAS,0.25,32
2083,2,winter_wheat,3,KAS,0.4,16
2083,2,winter_wheat,4,KAS,0.9,16
2084,2,winter_wheat,1,PK,0.001,40
2084,2,winter_wheat,2,KAS,0.25,32
2084,2,winter_wheat,3,KAS,0.4,16
2084,2,winter_wheat,4,KAS,0.9,16
2085,2,winter_wheat,1,PK,0.001,40
2085,2,winter_wheat,2,KAS,0.25,32
2085,2,winter_wheat,3,KAS,0.4,16
2085,2,winter_wheat,4,KAS,0.9,16
2086,2,winter_wheat,1,PK,0.001,40
2086,2,winter_wheat,2,KAS,0.25,32
2086,2,winter_wheat,3,KAS,0.4,16
2086,2,winter_wheat,4,KAS,0.9,16
2087,2,winter_wheat,1,PK,0.001,40
2087,2,winter_wheat,2,KAS,0.25,32
2087,2,winter_wheat,3,KAS,0.4,16
2087,2,winter_wheat,4,KAS,0.9,16
2092,2,winter_wheat,1,PK,0.001,40
2092,2,winter_wheat,2,KAS,0.25,32
2092,2,winter_wheat,3,KAS,0.4,16
2092,2,winter_wheat,4,KAS,0.9,16
2093,2,winter_wheat,1,PK,0.001,40
2093,2,winter_wheat,2,KAS,0.25,32
2093,2,winter_wheat,3,KAS,0.4,16
2093,2,winter_wheat,4,KAS,0.9,16
2094,2,winter_wheat,1,PK,0.001,40
2094,2,winter_wheat,2,KAS,0.25,32
2094,2,winter_wheat,3,KAS,0.4,16
2094,2,winter_wheat,4,KAS,0.9,16
2095,2,winter_wheat,1,PK,0.001,40
2095,2,winter_wheat,2,KAS,0.25,32
2095,2,winter_wheat,3,KAS,0.4,16
2095,2,winter_wheat,4,KAS,0.9,16
2096,2,winter_wheat,1,PK,0.001,40
2096,2,winter_wheat,2,KAS,0.25,32
2096,2,winter_wheat,3,KAS,0.4,16
2096,2,winter_wheat,4,KAS,0.9,16
2097,2,winter_wheat,1,PK,0.001,40
2097,2,winter_wheat,2,KAS,0.25,32
2097,2,winter_wheat,3,KAS,0.4,16
2097,2,winter_wheat,4,KAS,0.9,16
2098,2,winter_wheat,1,PK,0.001,40
2098,2,winter_wheat,2,KAS,0.25,32
2098,2,winter_wheat,3,KAS,0.4,16
2098,2,winter_wheat,4,KAS,0.9,16
2099,2,winter_wheat,1,PK,0.001,40
2099,2,winter_wheat,2,KAS,0.25,32
2099,2,winter_wheat,3,KAS,0.4,16
2099,2,winter_wheat,4,KAS,0.9,16
2100,2,winter_wheat,1,PK,0.001,40
2100,2,winter_wheat,2,KAS,0.25,32
2100,2,winter_wheat,3,KAS,0.4,16
2100,2,winter_wheat,4,KAS,0.9,16
2101,2,winter_wheat,1,PK,0.001,40
2101,2,winter_wheat,2,KAS,0.25,32
2101,2,winter_wheat,3,KAS,0.4,16
2101,2,winter_wheat,4,KAS,0.9,16
2107,2,winter_wheat,1,PK,0.001,40
2107,2,winter_wheat,2,KAS,0.25,32
2107,2,winter_wheat,3,KAS,0.4,16
2107,2,winter_wheat,4,KAS,0.9,16
2110,2,winter_wheat,1,PK,0.001,40
2110,2,winter_wheat,2,KAS,0.25,32
2110,2,winter_wheat,3,KAS,0.4,16
2110,2,winter_wheat,4,KAS,0.9,16
2111,2,winter_wheat,1,PK,0.001,40
2111,2,winter_wheat,2,KAS,0.25,32
2111,2,winter_wheat,3,KAS,0.4,16
2111,2,winter_wheat,4,KAS,0.9,16
2112,2,winter_wheat,1,PK,0.001,40
2112,2,winter_wheat,2,KAS,0.25,32
2112,2,winter_wheat,3,KAS,0.4,16
2112,2,winter_wheat,4,KAS,0.9,16
2113,2,winter_wheat,1,PK,0.001,40
2113,2,winter_wheat,2,KAS,0.25,32
2113,2,winter_wheat,3,KAS,0.4,16
2113,2,winter_wheat,4,KAS,0.9,16
2114,2,winter_wheat,1,PK,0.001,40
2114,2,winter_wheat,2,KAS,0.25,32
2114,2,winter_wheat,3,KAS,0.4,16
2114,2,winter_wheat,4,KAS,0.9,16
2120,2,winter_wheat,1,PK,0.001,40
2120,2,winter_wheat,2,KAS,0.25,32
2120,2,winter_wheat,3,KAS,0.4,16
2120,2,winter_wheat,4,KAS,0.9,16
2122,2,winter_wheat,1,PK,0.001,40
2122,2,winter_wheat,2,KAS,0.25,32
2122,2,winter_wheat,3,KAS,0.4,16
2122,2,winter_wheat,4,KAS,0.9,16
2123,2,winter_wheat,1,PK,0.001,40
2123,2,winter_wheat,2,KAS,0.25,32
2123,2,winter_wheat,3,KAS,0.4,16
2123,2,winter_wheat,4,KAS,0.9,16
2124,2,winter_wheat,1,PK,0.001,40
2124,2,winter_wheat,2,KAS,0.25,32
2124,2,winter_wheat,3,KAS,0.4,16
2124,2,winter_wheat,4,KAS,0.9,16
2125,2,winter_wheat,1,PK,0.001,40
2125,2,winter_wheat,2,KAS,0.25,32
2125,2,winter_wheat,3,KAS,0.4,16
2125,2,winter_wheat,4,KAS,0.9,16
2126,2,winter_wheat,1,PK,0.001,40
2126,2,winter_wheat,2,KAS,0.25,32
2126,2,winter_wheat,3,KAS,0.4,16
2126,2,winter_wheat,4,KAS,0.9,16
2127,2,winter_wheat,1,PK,0.001,40
2127,2,winter_wheat,2,KAS,0.25,32
2127,2,winter_wheat,3,KAS,0.4,16
2127,2,winter_wheat,4,KAS,0.9,16
2128,2,winter_wheat,1,PK,0.001,40
2128,2,winter_wheat,2,KAS,0.25,32
2128,2,winter_wheat,3,KAS,0.4,16
2128,2,winter_wheat,4,KAS,0.9,16
2129,2,winter_wheat,1,PK,0.001,40
2129,2,winter_wheat,2,KAS,0.25,32
2129,2,winter_wheat,3,KAS,0.4,16
2129,2,winter_wheat,4,KAS,0.9,16
2130,2,winter_wheat,1,PK,0.001,40
2130,2,winter_wheat,2,KAS,0.25,32
2130,2,winter_wheat,3,KAS,0.4,16
2130,2,winter_wheat,4,KAS,0.9,16
2131,2,winter_wheat,1,PK,0.001,40
2131,2,winter_wheat,2,KAS,0.25,32
2131,2,winter_wheat,3,KAS,0.4,16
2131,2,winter_wheat,4,KAS,0.9,16
2134,2,winter_wheat,1,PK,0.001,40
2134,2,winter_wheat,2,KAS,0.25,32
2134,2,winter_wheat,3,KAS,0.4,16
2134,2,winter_wheat,4,KAS,0.9,16
2136,2,winter_wheat,1,PK,0.001,40
2136,2,winter_wheat,2,KAS,0.25,32
2136,2,winter_wheat,3,KAS,0.4,16
2136,2,winter_wheat,4,KAS,0.9,16
2138,2,winter_wheat,1,PK,0.001,40
2138,2,winter_wheat,2,KAS,0.25,32
2138,2,winter_wheat,3,KAS,0.4,16
2138,2,winter_wheat,4,KAS,0.9,16
2139,2,winter_wheat,1,PK,0.001,40
2139,2,winter_wheat,2,KAS,0.25,32
2139,2,winter_wheat,3,KAS,0.4,16
2139,2,winter_wheat,4,KAS,0.9,16
2142,2,winter_wheat,1,PK,0.001,40
2142,2,winter_wheat,2,KAS,0.25,32
2142,2,winter_wheat,3,KAS,0.4,16
2142,2,winter_wheat,4,KAS,0.9,16
2144,2,winter_wheat,1,PK,0.001,40
2144,2,winter_wheat,2,KAS,0.25,32
2144,2,winter_wheat,3,KAS,0.4,16
2144,2,winter_wheat,4,KAS,0.9,16
2146,2,winter_wheat,1,PK,0.001,40
2146,2,winter_wheat,2,KAS,0.25,32
2146,2,winter_wheat,3,KAS,0.4,16
2146,2,winter_wheat,4,KAS,0.9,16
2148,2,winter_wheat,1,PK,0.001,40
2148,2,winter_wheat,2,KAS,0.25,32
2148,2,winter_wheat,3,KAS,0.4,16
2148,2,winter_wheat,4,KAS,0.9,16
2152,2,winter_wheat,1,PK,0.001,40
2152,2,winter_wheat,2,KAS,0.25,32
2152,2,winter_wheat,3,KAS,0.4,16
2152,2,winter_wheat,4,KAS,0.9,16
2155,2,winter_wheat,1,PK,0.001,40
2155,2,winter_wheat,2,KAS,0.25,32
2155,2,winter_wheat,3,KAS,0.4,16
2155,2,winter_wheat,4,KAS,0.9,16
2157,2,winter_wheat,1,PK,0.001,40
2157,2,winter_wheat,2,KAS,0.25,32
2157,2,winter_wheat,3,KAS,0.4,16
2157,2,winter_wheat,4,KAS,0.9,16
2158,2,winter_wheat,1,PK,0.001,40
2158,2,winter_wheat,2,KAS,0.25,32
2158,2,winter_wheat,3,KAS,0.4,16
2158,2,winter_wheat,4,KAS,0.9,16
2159,2,winter_wheat,1,PK,0.001,40
2159,2,winter_wheat,2,KAS,0.25,32
2159,2,winter_wheat,3,KAS,0.4,16
2159,2,winter_wheat,4,KAS,0.9,16
2164,2,winter_wheat,1,PK,0.001,40
2164,2,winter_wheat,2,KAS,0.25,32
2164,2,winter_wheat,3,KAS,0.4,16
2164,2,winter_wheat,4,KAS,0.9,16
2165,2,winter_wheat,1,PK,0.001,40
2165,2,winter_wheat,2,KAS,0.25,32
2165,2,winter_wheat,3,KAS,0.4,16
2165,2,winter_wheat,4,KAS,0.9,16
2166,2,winter_wheat,1,PK,0.001,40
2166,2,winter_wheat,2,KAS,0.25,32
2166,2,winter_wheat,3,KAS,0.4,16
2166,2,winter_wheat,4,KAS,0.9,16
2169,2,winter_wheat,1,PK,0.001,40
2169,2,winter_wheat,2,KAS,0.25,32
2169,2,winter_wheat,3,KAS,0.4,16
2169,2,winter_wheat,4,KAS,0.9,16
2170,2,winter_wheat,1,PK,0.001,40
2170,2,winter_wheat,2,KAS,0.25,32
2170,2,winter_wheat,3,KAS,0.4,16
2170,2,winter_wheat,4,KAS,0.9,16
2171,2,winter_wheat,1,PK,0.001,40
2171,2,winter_wheat,2,KAS,0.25,32
2171,2,winter_wheat,3,KAS,0.4,16
2171,2,winter_wheat,4,KAS,0.9,16
2172,2,winter_wheat,1,PK,0.001,40
2172,2,winter_wheat,2,KAS,0.25,32
2172,2,winter_wheat,3,KAS,0.4,16
2172,2,winter_wheat,4,KAS,0.9,16
2173,2,winter_wheat,1,PK,0.001,40
2173,2,winter_wheat,2,KAS,0.25,32
2173,2,winter_wheat,3,KAS,0.4,16
2173,2,winter_wheat,4,KAS,0.9,16
2174,2,winter_wheat,1,PK,0.001,40
2174,2,winter_wheat,2,KAS,0.25,32
2174,2,winter_wheat,3,KAS,0.4,16
2174,2,winter_wheat,4,KAS,0.9,16
2175,2,winter_wheat,1,PK,0.001,40
2175,2,winter_wheat,2,KAS,0.25,32
2175,2,winter_wheat,3,KAS,0.4,16
2175,2,winter_wheat,4,KAS,0.9,16
2179,2,winter_wheat,1,PK,0.001,40
2179,2,winter_wheat,2,KAS,0.25,32
2179,2,winter_wheat,3,KAS,0.4,16
2179,2,winter_wheat,4,KAS,0.9,16
2181,2,winter_wheat,1,PK,0.001,40
2181,2,winter_wheat,2,KAS,0.25,32
2181,2,winter_wheat,3,KAS,0.4,16
2181,2,winter_wheat,4,KAS,0.9,16
2182,2,winter_wheat,1,PK,0.001,40
2182,2,winter_wheat,2,KAS,0.25,32
2182,2,winter_wheat,3,KAS,0.4,16
2182,2,winter_wheat,4,KAS,0.9,16
2185,2,winter_wheat,1,PK,0.001,40
2185,2,winter_wheat,2,KAS,0.25,32
2185,2,winter_wheat,3,KAS,0.4,16
2185,2,winter_wheat,4,KAS,0.9,16
2186,2,winter_wheat,1,PK,0.001,40
2186,2,winter_wheat,2,KAS,0.25,32
2186,2,winter_wheat,3,KAS,0.4,16
2186,2,winter_wheat,4,KAS,0.9,16
2188,2,winter_wheat,1,PK,0.001,40
2188,2,winter_wheat,2,KAS,0.25,32
2188,2,winter_wheat,3,KAS,0.4,16
2188,2,winter_wheat,4,KAS,0.9,16
2193,2,winter_wheat,1,PK,0.001,40
2193,2,winter_wheat,2,KAS,0.25,32
2193,2,winter_wheat,3,KAS,0.4,16
2193,2,winter_wheat,4,KAS,0.9,16
2199,2,winter_wheat,1,PK,0.001,40
2199,2,winter_wheat,2,KAS,0.25,32
2199,2,winter_wheat,3,KAS,0.4,16
2199,2,winter_wheat,4,KAS,0.9,16
2201,2,winter_wheat,1,PK,0.001,40
2201,2,winter_wheat,2,KAS,0.25,32
2201,2,winter_wheat,3,KAS,0.4,16
2201,2,winter_wheat,4,KAS,0.9,16
2202,2,winter_wheat,1,PK,0.001,40
2202,2,winter_wheat,2,KAS,0.25,32
2202,2,winter_wheat,3,KAS,0.4,16
2202,2,winter_wheat,4,KAS,0.9,16
2203,2,winter_wheat,1,PK,0.001,40
2203,2,winter_wheat,2,KAS,0.25,32
2203,2,winter_wheat,3,KAS,0.4,16
2203,2,winter_wheat,4,KAS,0.9,16
2204,2,winter_wheat,1,PK,0.001,40
2204,2,winter_wheat,2,KAS,0.25,32
2204,2,winter_wheat,3,KAS,0.4,16
2204,2,winter_wheat,4,KAS,0.9,16
2205,2,winter_wheat,1,PK,0.001,40
2205,2,winter_wheat,2,KAS,0.25,32
2205,2,winter_wheat,3,KAS,0.4,16
2205,2,winter_wheat,4,KAS,0.9,16
2206,2,winter_wheat,1,PK,0.001,40
2206,2,winter_wheat,2,KAS,0.25,32
2206,2,winter_wheat,3,KAS,0.4,16
2206,2,winter_wheat,4,KAS,0.9,16
2210,2,winter_wheat,1,PK,0.001,40
2210,2,winter_wheat,2,KAS,0.25,32
2210,2,winter_wheat,3,KAS,0.4,16
2210,2,winter_wheat,4,KAS,0.9,16
2211,2,winter_wheat,1,PK,0.001,40
2211,2,winter_wheat,2,KAS,0.25,32
2211,2,winter_wheat,3,KAS,0.4,16
2211,2,winter_wheat,4,KAS,0.9,16
2212,2,winter_wheat,1,PK,0.001,40
2212,2,winter_wheat,2,KAS,0.25,32
2212,2,winter_wheat,3,KAS,0.4,16
2212,2,winter_wheat,4,KAS,0.9,16
2214,2,winter_wheat,1,PK,0.001,40
2214,2,winter_wheat,2,KAS,0.25,32
2214,2,winter_wheat,3,KAS,0.4,16
2214,2,winter_wheat,4,KAS,0.9,16
2215,2,winter_wheat,1,PK,0.001,40
2215,2,winter_wheat,2,KAS,0.25,32
2215,2,winter_wheat,3,KAS,0.4,16
2215,2,winter_wheat,4,KAS,0.9,16
2217,2,winter_wheat,1,PK,0.001,40
2217,2,winter_wheat,2,KAS,0.25,32
2217,2,winter_wheat,3,KAS,0.4,16
2217,2,winter_wheat,4,KAS,0.9,16
2219,2,winter_wheat,1,PK,0.001,40
2219,2,winter_wheat,2,KAS,0.25,32
2219,2,winter_wheat,3,KAS,0.4,16
2219,2,winter_wheat,4,KAS,0.9,16
2220,2,winter_wheat,1,PK,0.001,40
2220,2,winter_wheat,2,KAS,0.25,32
2220,2,winter_wheat,3,KAS,0.4,16
2220,2,winter_wheat,4,KAS,0.9,16
2222,2,winter_wheat,1,PK,0.001,40
2222,2,winter_wheat,2,KAS,0.25,32
2222,2,winter_wheat,3,KAS,0.4,16
2222,2,winter_wheat,4,KAS,0.9,16
2223,2,winter_wheat,1,PK,0.001,40
2223,2,winter_wheat,2,KAS,0.25,32
2223,2,winter_wheat,3,KAS,0.4,16
2223,2,winter_wheat,4,KAS,0.9,16
2224,2,winter_wheat,1,PK,0.001,40
2224,2,winter_wheat,2,KAS,0.25,32
2224,2,winter_wheat,3,KAS,0.4,16
2224,2,winter_wheat,4,KAS,0.9,16
2229,2,winter_wheat,1,PK,0.001,40
2229,2,winter_wheat,2,KAS,0.25,32
2229,2,winter_wheat,3,KAS,0.4,16
2229,2,winter_wheat,4,KAS,0.9,16
2230,2,winter_wheat,1,PK,0.001,40
2230,2,winter_wheat,2,KAS,0.25,32
2230,2,winter_wheat,3,KAS,0.4,16
2230,2,winter_wheat,4,KAS,0.9,16
2233,2,winter_wheat,1,PK,0.001,40
2233,2,winter_wheat,2,KAS,0.25,32
2233,2,winter_wheat,3,KAS,0.4,16
2233,2,winter_wheat,4,KAS,0.9,16
2234,2,winter_wheat,1,PK,0.001,40
2234,2,winter_wheat,2,KAS,0.25,32
2234,2,winter_wheat,3,KAS,0.4,16
2234,2,winter_wheat,4,KAS,0.9,16
2235,2,winter_wheat,1,PK,0.001,40
2235,2,winter_wheat,2,KAS,0.25,32
2235,2,winter_wheat,3,KAS,0.4,16
2235,2,winter_wheat,4,KAS,0.9,16
2238,2,winter_wheat,1,PK,0.001,40
2238,2,winter_wheat,2,KAS,0.25,32
2238,2,winter_wheat,3,KAS,0.4,16
2238,2,winter_wheat,4,KAS,0.9,16
2241,2,winter_wheat,1,PK,0.001,40
2241,2,winter_wheat,2,KAS,0.25,32
2241,2,winter_wheat,3,KAS,0.4,16
2241,2,winter_wheat,4,KAS,0.9,16
2242,2,winter_wheat,1,PK,0.001,40
2242,2,winter_wheat,2,KAS,0.25,32
2242,2,winter_wheat,3,KAS,0.4,16
2242,2,winter_wheat,4,KAS,0.9,16
2244,2,winter_wheat,1,PK,0.001,40
2244,2,winter_wheat,2,KAS,0.25,32
2244,2,winter_wheat,3,KAS,0.4,16
2244,2,winter_wheat,4,KAS,0.9,16
2245,2,winter_wheat,1,PK,0.001,40
2245,2,winter_wheat,2,KAS,0.25,32
2245,2,winter_wheat,3,KAS,0.4,16
2245,2,winter_wheat,4,KAS,0.9,16
2246,2,winter_wheat,1,PK,0.001,40
2246,2,winter_wheat,2,KAS,0.25,32
2246,2,winter_wheat,3,KAS,0.4,16
2246,2,winter_wheat,4,KAS,0.9,16
2247,2,winter_wheat,1,PK,0.001,40
2247,2,winter_wheat,2,KAS,0.25,32
2247,2,winter_wheat,3,KAS,0.4,16
2247,2,winter_wheat,4,KAS,0.9,16
2250,2,winter_wheat,1,PK,0.001,40
2250,2,winter_wheat,2,KAS,0.25,32
2250,2,winter_wheat,3,KAS,0.4,16
2250,2,winter_wheat,4,KAS,0.9,16
2251,2,winter_wheat,1,PK,0.001,40
2251,2,winter_wheat,2,KAS,0.25,32
2251,2,winter_wheat,3,KAS,0.4,16
2251,2,winter_wheat,4,KAS,0.9,16
2252,2,winter_wheat,1,PK,0.001,40
2252,2,winter_wheat,2,KAS,0.25,32
2252,2,winter_wheat,3,KAS,0.4,16
2252,2,winter_wheat,4,KAS,0.9,16
2253,2,winter_wheat,1,PK,0.001,40
2253,2,winter_wheat,2,KAS,0.25,32
2253,2,winter_wheat,3,KAS,0.4,16
2253,2,winter_wheat,4,KAS,0.9,16
2254,2,winter_wheat,1,PK,0.001,40
2254,2,winter_wheat,2,KAS,0.25,32
2254,2,winter_wheat,3,KAS,0.4,16
2254,2,winter_wheat,4,KAS,0.9,16
2259,2,winter_wheat,1,PK,0.001,40
2259,2,winter_wheat,2,KAS,0.25,32
2259,2,winter_wheat,3,KAS,0.4,16
2259,2,winter_wheat,4,KAS,0.9,16
2260,2,winter_wheat,1,PK,0.001,40
2260,2,winter_wheat,2,KAS,0.25,32
2260,2,winter_wheat,3,KAS,0.4,16
2260,2,winter_wheat,4,KAS,0.9,16
2262,2,winter_wheat,1,PK,0.001,40
2262,2,winter_wheat,2,KAS,0.25,32
2262,2,winter_wheat,3,KAS,0.4,16
2262,2,winter_wheat,4,KAS,0.9,16
2273,2,winter_wheat,1,PK,0.001,40
2273,2,winter_wheat,2,KAS,0.25,32
2273,2,winter_wheat,3,KAS,0.4,16
2273,2,winter_wheat,4,KAS,0.9,16
2274,2,winter_wheat,1,PK,0.001,40
2274,2,winter_wheat,2,KAS,0.25,32
2274,2,winter_wheat,3,KAS,0.4,16
2274,2,winter_wheat,4,KAS,0.9,16
2275,2,winter_wheat,1,PK,0.001,40
2275,2,winter_wheat,2,KAS,0.25,32
2275,2,winter_wheat,3,KAS,0.4,16
2275,2,winter_wheat,4,KAS,0.9,16
2276,2,winter_wheat,1,PK,0.001,40
2276,2,winter_wheat,2,KAS,0.25,32
2276,2,winter_wheat,3,KAS,0.4,16
2276,2,winter_wheat,4,KAS,0.9,16
2277,2,winter_wheat,1,PK,0.001,40
2277,2,winter_wheat,2,KAS,0.25,32
2277,2,winter_wheat,3,KAS,0.4,16
2277,2,winter_wheat,4,KAS,0.9,16
2282,2,winter_wheat,1,PK,0.001,40
2282,2,winter_wheat,2,KAS,0.25,32
2282,2,winter_wheat,3,KAS,0.4,16
2282,2,winter_wheat,4,KAS,0.9,16
2284,2,winter_wheat,1,PK,0.001,40
2284,2,winter_wheat,2,KAS,0.25,32
2284,2,winter_wheat,3,KAS,0.4,16
2284,2,winter_wheat,4,KAS,0.9,16
2285,2,winter_wheat,1,PK,0.001,40
2285,2,winter_wheat,2,KAS,0.25,32
2285,2,winter_wheat,3,KAS,0.4,16
2285,2,winter_wheat,4,KAS,0.9,16
2287,2,winter_wheat,1,PK,0.001,40
2287,2,winter_wheat,2,KAS,0.25,32
2287,2,winter_wheat,3,KAS,0.4,16
2287,2,winter_wheat,4,KAS,0.9,16
2289,2,winter_wheat,1,PK,0.001,40
2289,2,winter_wheat,2,KAS,0.25,32
2289,2,winter_wheat,3,KAS,0.4,16
2289,2,winter_wheat,4,KAS,0.9,16
2290,2,winter_wheat,1,PK,0.001,40
2290,2,winter_wheat,2,KAS,0.25,32
2290,2,winter_wheat,3,KAS,0.4,16
2290,2,winter_wheat,4,KAS,0.9,16
2291,2,winter_wheat,1,PK,0.001,40
2291,2,winter_wheat,2,KAS,0.25,32
2291,2,winter_wheat,3,KAS,0.4,16
2291,2,winter_wheat,4,KAS,0.9,16
2300,2,winter_wheat,1,PK,0.001,40
2300,2,winter_wheat,2,KAS,0.25,32
2300,2,winter_wheat,3,KAS,0.4,16
2300,2,winter_wheat,4,KAS,0.9,16
2301,2,winter_wheat,1,PK,0.001,40
2301,2,winter_wheat,2,KAS,0.25,32
2301,2,winter_wheat,3,KAS,0.4,16
2301,2,winter_wheat,4,KAS,0.9,16
2302,2,winter_wheat,1,PK,0.001,40
2302,2,winter_wheat,2,KAS,0.25,32
2302,2,winter_wheat,3,KAS,0.4,16
2302,2,winter_wheat,4,KAS,0.9,16
2303,2,winter_wheat,1,PK,0.001,40
2303,2,winter_wheat,2,KAS,0.25,32
2303,2,winter_wheat,3,KAS,0.4,16
2303,2,winter_wheat,4,KAS,0.9,16
2304,2,winter_wheat,1,PK,0.001,40
2304,2,winter_wheat,2,KAS,0.25,32
2304,2,winter_wheat,3,KAS,0.4,16
2304,2,winter_wheat,4,KAS,0.9,16
2306,2,winter_wheat,1,PK,0.001,40
2306,2,winter_wheat,2,KAS,0.25,32
2306,2,winter_wheat,3,KAS,0.4,16
2306,2,winter_wheat,4,KAS,0.9,16
2311,2,winter_wheat,1,PK,0.001,40
2311,2,winter_wheat,2,KAS,0.25,32
2311,2,winter_wheat,3,KAS,0.4,16
2311,2,winter_wheat,4,KAS,0.9,16
2318,2,winter_wheat,1,PK,0.001,40
2318,2,winter_wheat,2,KAS,0.25,32
2318,2,winter_wheat,3,KAS,0.4,16
2318,2,winter_wheat,4,KAS,0.9,16
2319,2,winter_wheat,1,PK,0.001,40
2319,2,winter_wheat,2,KAS,0.25,32
2319,2,winter_wheat,3,KAS,0.4,16
2319,2,winter_wheat,4,KAS,0.9,16
2320,2,winter_wheat,1,PK,0.001,40
2320,2,winter_wheat,2,KAS,0.25,32
2320,2,winter_wheat,3,KAS,0.4,16
2320,2,winter_wheat,4,KAS,0.9,16
2321,2,winter_wheat,1,PK,0.001,40
2321,2,winter_wheat,2,KAS,0.25,32
2321,2,winter_wheat,3,KAS,0.4,16
2321,2,winter_wheat,4,KAS,0.9,16
2322,2,winter_wheat,1,PK,0.001,40
2322,2,winter_wheat,2,KAS,0.25,32
2322,2,winter_wheat,3,KAS,0.4,16
2322,2,winter_wheat,4,KAS,0.9,16
2324,2,winter_wheat,1,PK,0.001,40
2324,2,winter_wheat,2,KAS,0.25,32
2324,2,winter_wheat,3,KAS,0.4,16
2324,2,winter_wheat,4,KAS,0.9,16
2327,2,winter_wheat,1,PK,0.001,40
2327,2,winter_wheat,2,KAS,0.25,32
2327,2,winter_wheat,3,KAS,0.4,16
2327,2,winter_wheat,4,KAS,0.9,16
2330,2,winter_wheat,1,PK,0.001,40
2330,2,winter_wheat,2,KAS,0.25,32
2330,2,winter_wheat,3,KAS,0.4,16
2330,2,winter_wheat,4,KAS,0.9,16
2338,2,winter_wheat,1,PK,0.001,40
2338,2,winter_wheat,2,KAS,0.25,32
2338,2,winter_wheat,3,KAS,0.4,16
2338,2,winter_wheat,4,KAS,0.9,16
2340,2,winter_wheat,1,PK,0.001,40
2340,2,winter_wheat,2,KAS,0.25,32
2340,2,winter_wheat,3,KAS,0.4,16
2340,2,winter_wheat,4,KAS,0.9,16
2347,2,winter_wheat,1,PK,0.001,40
2347,2,winter_wheat,2,KAS,0.25,32
2347,2,winter_wheat,3,KAS,0.4,16
2347,2,winter_wheat,4,KAS,0.9,16
2348,2,winter_wheat,1,PK,0.001,40
2348,2,winter_wheat,2,KAS,0.25,32
2348,2,winter_wheat,3,KAS,0.4,16
2348,2,winter_wheat,4,KAS,0.9,16
2349,2,winter_wheat,1,PK,0.001,40
2349,2,winter_wheat,2,KAS,0.25,32
2349,2,winter_wheat,3,KAS,0.4,16
2349,2,winter_wheat,4,KAS,0.9,16
2350,2,winter_wheat,1,PK,0.001,40
2350,2,winter_wheat,2,KAS,0.25,32
2350,2,winter_wheat,3,KAS,0.4,16
2350,2,winter_wheat,4,KAS,0.9,16
2351,2,winter_wheat,1,PK,0.001,40
2351,2,winter_wheat,2,KAS,0.25,32
2351,2,winter_wheat,3,KAS,0.4,16
2351,2,winter_wheat,4,KAS,0.9,16
2353,2,winter_wheat,1,PK,0.001,40
2353,2,winter_wheat,2,KAS,0.25,32
2353,2,winter_wheat,3,KAS,0.4,16
2353,2,winter_wheat,4,KAS,0.9,16
2354,2,winter_wheat,1,PK,0.001,40
2354,2,winter_wheat,2,KAS,0.25,32
2354,2,winter_wheat,3,KAS,0.4,16
2354,2,winter_wheat,4,KAS,0.9,16
2355,2,winter_wheat,1,PK,0.001,40
2355,2,winter_wheat,2,KAS,0.25,32
2355,2,winter_wheat,3,KAS,0.4,16
2355,2,winter_wheat,4,KAS,0.9,16
2357,2,winter_wheat,1,PK,0.001,40
2357,2,winter_wheat,2,KAS,0.25,32
2357,2,winter_wheat,3,KAS,0.4,16
2357,2,winter_wheat,4,KAS,0.9,16
2358,2,winter_wheat,1,PK,0.001,40
2358,2,winter_wheat,2,KAS,0.25,32
2358,2,winter_wheat,3,KAS,0.4,16
2358,2,winter_wheat,4,KAS,0.9,16
2359,2,winter_wheat,1,PK,0.001,40
2359,2,winter_wheat,2,KAS,0.25,32
2359,2,winter_wheat,3,KAS,0.4,16
2359,2,winter_wheat,4,KAS,0.9,16
2360,2,winter_wheat,1,PK,0.001,40
2360,2,winter_wheat,2,KAS,0.25,32
2360,2,winter_wheat,3,KAS,0.4,16
2360,2,winter_wheat,4,KAS,0.9,16
2361,2,winter_wheat,1,PK,0.001,40
2361,2,winter_wheat,2,KAS,0.25,32
2361,2,winter_wheat,3,KAS,0.4,16
2361,2,winter_wheat,4,KAS,0.9,16
2362,2,winter_wheat,1,PK,0.001,40
2362,2,winter_wheat,2,KAS,0.25,32
2362,2,winter_wheat,3,KAS,0.4,16
2362,2,winter_wheat,4,KAS,0.9,16
2363,2,winter_wheat,1,PK,0.001,40
2363,2,winter_wheat,2,KAS,0.25,32
2363,2,winter_wheat,3,KAS,0.4,16
2363,2,winter_wheat,4,KAS,0.9,16
2369,2,winter_wheat,1,PK,0.001,40
2369,2,winter_wheat,2,KAS,0.25,32
2369,2,winter_wheat,3,KAS,0.4,16
2369,2,winter_wheat,4,KAS,0.9,16
2370,2,winter_wheat,1,PK,0.001,40
2370,2,winter_wheat,2,KAS,0.25,32
2370,2,winter_wheat,3,KAS,0.4,16
2370,2,winter_wheat,4,KAS,0.9,16
2378,2,winter_wheat,1,PK,0.001,40
2378,2,winter_wheat,2,KAS,0.25,32
2378,2,winter_wheat,3,KAS,0.4,16
2378,2,winter_wheat,4,KAS,0.9,16
2379,2,winter_wheat,1,PK,0.001,40
2379,2,winter_wheat,2,KAS,0.25,32
2379,2,winter_wheat,3,KAS,0.4,16
2379,2,winter_wheat,4,KAS,0.9,16
2380,2,winter_wheat,1,PK,0.001,40
2380,2,winter_wheat,2,KAS,0.25,32
2380,2,winter_wheat,3,KAS,0.4,16
2380,2,winter_wheat,4,KAS,0.9,16
2381,2,winter_wheat,1,PK,0.001,40
2381,2,winter_wheat,2,KAS,0.25,32
2381,2,winter_wheat,3,KAS,0.4,16
2381,2,winter_wheat,4,KAS,0.9,16
2387,2,winter_wheat,1,PK,0.001,40
2387,2,winter_wheat,2,KAS,0.25,32
2387,2,winter_wheat,3,KAS,0.4,16
2387,2,winter_wheat,4,KAS,0.9,16
2388,2,winter_wheat,1,PK,0.001,40
2388,2,winter_wheat,2,KAS,0.25,32
2388,2,winter_wheat,3,KAS,0.4,16
2388,2,winter_wheat,4,KAS,0.9,16
2389,2,winter_wheat,1,PK,0.001,40
2389,2,winter_wheat,2,KAS,0.25,32
2389,2,winter_wheat,3,KAS,0.4,16
2389,2,winter_wheat,4,KAS,0.9,16
2390,2,winter_wheat,1,PK,0.001,40
2390,2,winter_wheat,2,KAS,0.25,32
2390,2,winter_wheat,3,KAS,0.4,16
2390,2,winter_wheat,4,KAS,0.9,16
2393,2,winter_wheat,1,PK,0.001,40
2393,2,winter_wheat,2,KAS,0.25,32
2393,2,winter_wheat,3,KAS,0.4,16
2393,2,winter_wheat,4,KAS,0.9,16
2394,2,winter_wheat,1,PK,0.001,40
2394,2,winter_wheat,2,KAS,0.25,32
2394,2,winter_wheat,3,KAS,0.4,16
2394,2,winter_wheat,4,KAS,0.9,16
2397,2,winter_wheat,1,PK,0.001,40
2397,2,winter_wheat,2,KAS,0.25,32
2397,2,winter_wheat,3,KAS,0.4,16
2397,2,winter_wheat,4,KAS,0.9,16
2402,2,winter_wheat,1,PK,0.001,40
2402,2,winter_wheat,2,KAS,0.25,32
2402,2,winter_wheat,3,KAS,0.4,16
2402,2,winter_wheat,4,KAS,0.9,16
2403,2,winter_wheat,1,PK,0.001,40
2403,2,winter_wheat,2,KAS,0.25,32
2403,2,winter_wheat,3,KAS,0.4,16
2403,2,winter_wheat,4,KAS,0.9,16
2404,2,winter_wheat,1,PK,0.001,40
2404,2,winter_wheat,2,KAS,0.25,32
2404,2,winter_wheat,3,KAS,0.4,16
2404,2,winter_wheat,4,KAS,0.9,16
2405,2,winter_wheat,1,PK,0.001,40
2405,2,winter_wheat,2,KAS,0.25,32
2405,2,winter_wheat,3,KAS,0.4,16
2405,2,winter_wheat,4,KAS,0.9,16
2406,2,winter_wheat,1,PK,0.001,40
2406,2,winter_wheat,2,KAS,0.25,32
2406,2,winter_wheat,3,KAS,0.4,16
2406,2,winter_wheat,4,KAS,0.9,16
2407,2,winter_wheat,1,PK,0.001,40
2407,2,winter_wheat,2,KAS,0.25,32
2407,2,winter_wheat,3,KAS,0.4,16
2407,2,winter_wheat,4,KAS,0.9,16
2408,2,winter_wheat,1,PK,0.001,40
2408,2,winter_wheat,2,KAS,0.25,32
2408,2,winter_wheat,3,KAS,0.4,16
2408,2,winter_wheat,4,KAS,0.9,16
2409,2,winter_wheat,1,PK,0.001,40
2409,2,winter_wheat,2,KAS,0.25,32
2409,2,winter_wheat,3,KAS,0.4,16
2409,2,winter_wheat,4,KAS,0.9,16
2410,2,winter_wheat,1,PK,0.001,40
2410,2,winter_wheat,2,KAS,0.25,32
2410,2,winter_wheat,3,KAS,0.4,16
2410,2,winter_wheat,4,KAS,0.9,16
2411,2,winter_wheat,1,PK,0.001,40
2411,2,winter_wheat,2,KAS,0.25,32
2411,2,winter_wheat,3,KAS,0.4,16
2411,2,winter_wheat,4,KAS,0.9,16
2414,2,winter_wheat,1,PK,0.001,40
2414,2,winter_wheat,2,KAS,0.25,32
2414,2,winter_wheat,3,KAS,0.4,16
2414,2,winter_wheat,4,KAS,0.9,16
2417,2,winter_wheat,1,PK,0.001,40
2417,2,winter_wheat,2,KAS,0.25,32
2417,2,winter_wheat,3,KAS,0.4,16
2417,2,winter_wheat,4,KAS,0.9,16
2418,2,winter_wheat,1,PK,0.001,40
2418,2,winter_wheat,2,KAS,0.25,32
2418,2,winter_wheat,3,KAS,0.4,16
2418,2,winter_wheat,4,KAS,0.9,16
2422,2,winter_wheat,1,PK,0.001,40
2422,2,winter_wheat,2,KAS,0.25,32
2422,2,winter_wheat,3,KAS,0.4,16
2422,2,winter_wheat,4,KAS,0.9,16
2423,2,winter_wheat,1,PK,0.001,40
2423,2,winter_wheat,2,KAS,0.25,32
2423,2,winter_wheat,3,KAS,0.4,16
2423,2,winter_wheat,4,KAS,0.9,16
2424,2,winter_wheat,1,PK,0.001,40
2424,2,winter_wheat,2,KAS,0.25,32
2424,2,winter_wheat,3,KAS,0.4,16
2424,2,winter_wheat,4,KAS,0.9,16
2425,2,winter_wheat,1,PK,0.001,40
2425,2,winter_wheat,2,KAS,0.25,32
2425,2,winter_wheat,3,KAS,0.4,16
2425,2,winter_wheat,4,KAS,0.9,16
2427,2,winter_wheat,1,PK,0.001,40
2427,2,winter_wheat,2,KAS,0.25,32
2427,2,winter_wheat,3,KAS,0.4,16
2427,2,winter_wheat,4,KAS,0.9,16
2430,2,winter_wheat,1,PK,0.001,40
2430,2,winter_wheat,2,KAS,0.25,32
2430,2,winter_wheat,3,KAS,0.4,16
2430,2,winter_wheat,4,KAS,0.9,16
2431,2,winter_wheat,1,PK,0.001,40
2431,2,winter_wheat,2,KAS,0.25,32
2431,2,winter_wheat,3,KAS,0.4,16
2431,2,winter_wheat,4,KAS,0.9,16
2432,2,winter_wheat,1,PK,0.001,40
2432,2,winter_wheat,2,KAS,0.25,32
2432,2,winter_wheat,3,KAS,0.4,16
2432,2,winter_wheat,4,KAS,0.9,16
2433,2,winter_wheat,1,PK,0.001,40
2433,2,winter_wheat,2,KAS,0.25,32
2433,2,winter_wheat,3,KAS,0.4,16
2433,2,winter_wheat,4,KAS,0.9,16
2435,2,winter_wheat,1,PK,0.001,40
2435,2,winter_wheat,2,KAS,0.25,32
2435,2,winter_wheat,3,KAS,0.4,16
2435,2,winter_wheat,4,KAS,0.9,16
2436,2,winter_wheat,1,PK,0.001,40
2436,2,winter_wheat,2,KAS,0.25,32
2436,2,winter_wheat,3,KAS,0.4,16
2436,2,winter_wheat,4,KAS,0.9,16
2438,2,winter_wheat,1,PK,0.001,40
2438,2,winter_wheat,2,KAS,0.25,32
2438,2,winter_wheat,3,KAS,0.4,16
2438,2,winter_wheat,4,KAS,0.9,16
2439,2,winter_wheat,1,PK,0.001,40
2439,2,winter_wheat,2,KAS,0.25,32
2439,2,winter_wheat,3,KAS,0.4,16
2439,2,winter_wheat,4,KAS,0.9,16
2440,2,winter_wheat,1,PK,0.001,40
2440,2,winter_wheat,2,KAS,0.25,32
2440,2,winter_wheat,3,KAS,0.4,16
2440,2,winter_wheat,4,KAS,0.9,16
2441,2,winter_wheat,1,PK,0.001,40
2441,2,winter_wheat,2,KAS,0.25,32
2441,2,winter_wheat,3,KAS,0.4,16
2441,2,winter_wheat,4,KAS,0.9,16
2442,2,winter_wheat,1,PK,0.001,40
2442,2,winter_wheat,2,KAS,0.25,32
2442,2,winter_wheat,3,KAS,0.4,16
2442,2,winter_wheat,4,KAS,0.9,16
2443,2,winter_wheat,1,PK,0.001,40
2443,2,winter_wheat,2,KAS,0.25,32
2443,2,winter_wheat,3,KAS,0.4,16
2443,2,winter_wheat,4,KAS,0.9,16
2444,2,winter_wheat,1,PK,0.001,40
2444,2,winter_wheat,2,KAS,0.25,32
2444,2,winter_wheat,3,KAS,0.4,16
2444,2,winter_wheat,4,KAS,0.9,16
2452,2,winter_wheat,1,PK,0.001,40
2452,2,winter_wheat,2,KAS,0.25,32
2452,2,winter_wheat,3,KAS,0.4,16
2452,2,winter_wheat,4,KAS,0.9,16
2455,2,winter_wheat,1,PK,0.001,40
2455,2,winter_wheat,2,KAS,0.25,32
2455,2,winter_wheat,3,KAS,0.4,16
2455,2,winter_wheat,4,KAS,0.9,16
2456,2,winter_wheat,1,PK,0.001,40
2456,2,winter_wheat,2,KAS,0.25,32
2456,2,winter_wheat,3,KAS,0.4,16
2456,2,winter_wheat,4,KAS,0.9,16
2458,2,winter_wheat,1,PK,0.001,40
2458,2,winter_wheat,2,KAS,0.25,32
2458,2,winter_wheat,3,KAS,0.4,16
2458,2,winter_wheat,4,KAS,0.9,16
2460,2,winter_wheat,1,PK,0.001,40
2460,2,winter_wheat,2,KAS,0.25,32
2460,2,winter_wheat,3,KAS,0.4,16
2460,2,winter_wheat,4,KAS,0.9,16
2463,2,winter_wheat,1,PK,0.001,40
2463,2,winter_wheat,2,KAS,0.25,32
2463,2,winter_wheat,3,KAS,0.4,16
2463,2,winter_wheat,4,KAS,0.9,16
2465,2,winter_wheat,1,PK,0.001,40
2465,2,winter_wheat,2,KAS,0.25,32
2465,2,winter_wheat,3,KAS,0.4,16
2465,2,winter_wheat,4,KAS,0.9,16
2468,2,winter_wheat,1,PK,0.001,40
2468,2,winter_wheat,2,KAS,0.25,32
2468,2,winter_wheat,3,KAS,0.4,16
2468,2,winter_wheat,4,KAS,0.9,16
2475,2,winter_wheat,1,PK,0.001,40
2475,2,winter_wheat,2,KAS,0.25,32
2475,2,winter_wheat,3,KAS,0.4,16
2475,2,winter_wheat,4,KAS,0.9,16
2479,2,winter_wheat,1,PK,0.001,40
2479,2,winter_wheat,2,KAS,0.25,32
2479,2,winter_wheat,3,KAS,0.4,16
2479,2,winter_wheat,4,KAS,0.9,16
2481,2,winter_wheat,1,PK,0.001,40
2481,2,winter_wheat,2,KAS,0.25,32
2481,2,winter_wheat,3,KAS,0.4,16
2481,2,winter_wheat,4,KAS,0.9,16
2482,2,winter_wheat,1,PK,0.001,40
2482,2,winter_wheat,2,KAS,0.25,32
2482,2,winter_wheat,3,KAS,0.4,16
2482,2,winter_wheat,4,KAS,0.9,16
2485,2,winter_wheat,1,PK,0.001,40
2485,2,winter_wheat,2,KAS,0.25,32
2485,2,winter_wheat,3,KAS,0.4,16
2485,2,winter_wheat,4,KAS,0.9,16
2486,2,winter_wheat,1,PK,0.001,40
2486,2,winter_wheat,2,KAS,0.25,32
2486,2,winter_wheat,3,KAS,0.4,16
2486,2,winter_wheat,4,KAS,0.9,16
2487,2,winter_wheat,1,PK,0.001,40
2487,2,winter_wheat,2,KAS,0.25,32
2487,2,winter_wheat,3,KAS,0.4,16
2487,2,winter_wheat,4,KAS,0.9,16
2488,2,winter_wheat,1,PK,0.001,40
2488,2,winter_wheat,2,KAS,0.25,32
2488,2,winter_wheat,3,KAS,0.4,16
2488,2,winter_wheat,4,KAS,0.9,16
2489,2,winter_wheat,1,PK,0.001,40
2489,2,winter_wheat,2,KAS,0.25,32
2489,2,winter_wheat,3,KAS,0.4,16
2489,2,winter_wheat,4,KAS,0.9,16
2491,2,winter_wheat,1,PK,0.001,40
2491,2,winter_wheat,2,KAS,0.25,32
2491,2,winter_wheat,3,KAS,0.4,16
2491,2,winter_wheat,4,KAS,0.9,16
2492,2,winter_wheat,1,PK,0.001,40
2492,2,winter_wheat,2,KAS,0.25,32
2492,2,winter_wheat,3,KAS,0.4,16
2492,2,winter_wheat,4,KAS,0.9,16
2493,2,winter_wheat,1,PK,0.001,40
2493,2,winter_wheat,2,KAS,0.25,32
2493,2,winter_wheat,3,KAS,0.4,16
2493,2,winter_wheat,4,KAS,0.9,16
2495,2,winter_wheat,1,PK,0.001,40
2495,2,winter_wheat,2,KAS,0.25,32
2495,2,winter_wheat,3,KAS,0.4,16
2495,2,winter_wheat,4,KAS,0.9,16
2497,2,winter_wheat,1,PK,0.001,40
2497,2,winter_wheat,2,KAS,0.25,32
2497,2,winter_wheat,3,KAS,0.4,16
2497,2,winter_wheat,4,KAS,0.9,16
2498,2,winter_wheat,1,PK,0.001,40
2498,2,winter_wheat,2,KAS,0.25,32
2498,2,winter_wheat,3,KAS,0.4,16
2498,2,winter_wheat,4,KAS,0.9,16
2499,2,winter_wheat,1,PK,0.001,40
2499,2,winter_wheat,2,KAS,0.25,32
2499,2,winter_wheat,3,KAS,0.4,16
2499,2,winter_wheat,4,KAS,0.9,16
2500,2,winter_wheat,1,PK,0.001,40
2500,2,winter_wheat,2,KAS,0.25,32
2500,2,winter_wheat,3,KAS,0.4,16
2500,2,winter_wheat,4,KAS,0.9,16
2501,2,winter_wheat,1,PK,0.001,40
2501,2,winter_wheat,2,KAS,0.25,32
2501,2,winter_wheat,3,KAS,0.4,16
2501,2,winter_wheat,4,KAS,0.9,16
2502,2,winter_wheat,1,PK,0.001,40
2502,2,winter_wheat,2,KAS,0.25,32
2502,2,winter_wheat,3,KAS,0.4,16
2502,2,winter_wheat,4,KAS,0.9,16
2503,2,winter_wheat,1,PK,0.001,40
2503,2,winter_wheat,2,KAS,0.25,32
2503,2,winter_wheat,3,KAS,0.4,16
2503,2,winter_wheat,4,KAS,0.9,16
2504,2,winter_wheat,1,PK,0.001,40
2504,2,winter_wheat,2,KAS,0.25,32
2504,2,winter_wheat,3,KAS,0.4,16
2504,2,winter_wheat,4,KAS,0.9,16
2505,2,winter_wheat,1,PK,0.001,40
2505,2,winter_wheat,2,KAS,0.25,32
2505,2,winter_wheat,3,KAS,0.4,16
2505,2,winter_wheat,4,KAS,0.9,16
2507,2,winter_wheat,1,PK,0.001,40
2507,2,winter_wheat,2,KAS,0.25,32
2507,2,winter_wheat,3,KAS,0.4,16
2507,2,winter_wheat,4,KAS,0.9,16
2508,2,winter_wheat,1,PK,0.001,40
2508,2,winter_wheat,2,KAS,0.25,32
2508,2,winter_wheat,3,KAS,0.4,16
2508,2,winter_wheat,4,KAS,0.9,16
2509,2,winter_wheat,1,PK,0.001,40
2509,2,winter_wheat,2,KAS,0.25,32
2509,2,winter_wheat,3,KAS,0.4,16
2509,2,winter_wheat,4,KAS,0.9,16
2510,2,winter_wheat,1,PK,0.001,40
2510,2,winter_wheat,2,KAS,0.25,32
2510,2,winter_wheat,3,KAS,0.4,16
2510,2,winter_wheat,4,KAS,0.9,16
2512,2,winter_wheat,1,PK,0.001,40
2512,2,winter_wheat,2,KAS,0.25,32
2512,2,winter_wheat,3,KAS,0.4,16
2512,2,winter_wheat,4,KAS,0.9,16
2513,2,winter_wheat,1,PK,0.001,40
2513,2,winter_wheat,2,KAS,0.25,32
2513,2,winter_wheat,3,KAS,0.4,16
2513,2,winter_wheat,4,KAS,0.9,16
2514,2,winter_wheat,1,PK,0.001,40
2514,2,winter_wheat,2,KAS,0.25,32
2514,2,winter_wheat,3,KAS,0.4,16
2514,2,winter_wheat,4,KAS,0.9,16
2515,2,winter_wheat,1,PK,0.001,40
2515,2,winter_wheat,2,KAS,0.25,32
2515,2,winter_wheat,3,KAS,0.4,16
2515,2,winter_wheat,4,KAS,0.9,16
2516,2,winter_wheat,1,PK,0.001,40
2516,2,winter_wheat,2,KAS,0.25,32
2516,2,winter_wheat,3,KAS,0.4,16
2516,2,winter_wheat,4,KAS,0.9,16
2517,2,winter_wheat,1,PK,0.001,40
2517,2,winter_wheat,2,KAS,0.25,32
2517,2,winter_wheat,3,KAS,0.4,16
2517,2,winter_wheat,4,KAS,0.9,16
2518,2,winter_wheat,1,PK,0.001,40
2518,2,winter_wheat,2,KAS,0.25,32
2518,2,winter_wheat,3,KAS,0.4,16
2518,2,winter_wheat,4,KAS,0.9,16
2519,2,winter_wheat,1,PK,0.001,40
2519,2,winter_wheat,2,KAS,0.25,32
2519,2,winter_wheat,3,KAS,0.4,16
2519,2,winter_wheat,4,KAS,0.9,16
2520,2,winter_wheat,1,PK,0.001,40
2520,2,winter_wheat,2,KAS,0.25,32
2520,2,winter_wheat,3,KAS,0.4,16
2520,2,winter_wheat,4,KAS,0.9,16
2524,2,winter_wheat,1,PK,0.001,40
2524,2,winter_wheat,2,KAS,0.25,32
2524,2,winter_wheat,3,KAS,0.4,16
2524,2,winter_wheat,4,KAS,0.9,16
2525,2,winter_wheat,1,PK,0.001,40
2525,2,winter_wheat,2,KAS,0.25,32
2525,2,winter_wheat,3,KAS,0.4,16
2525,2,winter_wheat,4,KAS,0.9,16
2528,2,winter_wheat,1,PK,0.001,40
2528,2,winter_wheat,2,KAS,0.25,32
2528,2,winter_wheat,3,KAS,0.4,16
2528,2,winter_wheat,4,KAS,0.9,16
2530,2,winter_wheat,1,PK,0.001,40
2530,2,winter_wheat,2,KAS,0.25,32
2530,2,winter_wheat,3,KAS,0.4,16
2530,2,winter_wheat,4,KAS,0.9,16
2531,2,winter_wheat,1,PK,0.001,40
2531,2,winter_wheat,2,KAS,0.25,32
2531,2,winter_wheat,3,KAS,0.4,16
2531,2,winter_wheat,4,KAS,0.9,16
2532,2,winter_wheat,1,PK,0.001,40
2532,2,winter_wheat,2,KAS,0.25,32
2532,2,winter_wheat,3,KAS,0.4,16
2532,2,winter_wheat,4,KAS,0.9,16
2533,2,winter_wheat,1,PK,0.001,40
2533,2,winter_wheat,2,KAS,0.25,32
2533,2,winter_wheat,3,KAS,0.4,16
2533,2,winter_wheat,4,KAS,0.9,16
2535,2,winter_wheat,1,PK,0.001,40
2535,2,winter_wheat,2,KAS,0.25,32
2535,2,winter_wheat,3,KAS,0.4,16
2535,2,winter_wheat,4,KAS,0.9,16
2537,2,winter_wheat,1,PK,0.001,40
2537,2,winter_wheat,2,KAS,0.25,32
2537,2,winter_wheat,3,KAS,0.4,16
2537,2,winter_wheat,4,KAS,0.9,16
2541,2,winter_wheat,1,PK,0.001,40
2541,2,winter_wheat,2,KAS,0.25,32
2541,2,winter_wheat,3,KAS,0.4,16
2541,2,winter_wheat,4,KAS,0.9,16
2542,2,winter_wheat,1,PK,0.001,40
2542,2,winter_wheat,2,KAS,0.25,32
2542,2,winter_wheat,3,KAS,0.4,16
2542,2,winter_wheat,4,KAS,0.9,16
2547,2,winter_wheat,1,PK,0.001,40
2547,2,winter_wheat,2,KAS,0.25,32
2547,2,winter_wheat,3,KAS,0.4,16
2547,2,winter_wheat,4,KAS,0.9,16
2548,2,winter_wheat,1,PK,0.001,40
2548,2,winter_wheat,2,KAS,0.25,32
2548,2,winter_wheat,3,KAS,0.4,16
2548,2,winter_wheat,4,KAS,0.9,16
2552,2,winter_wheat,1,PK,0.001,40
2552,2,winter_wheat,2,KAS,0.25,32
2552,2,winter_wheat,3,KAS,0.4,16
2552,2,winter_wheat,4,KAS,0.9,16
2553,2,winter_wheat,1,PK,0.001,40
2553,2,winter_wheat,2,KAS,0.25,32
2553,2,winter_wheat,3,KAS,0.4,16
2553,2,winter_wheat,4,KAS,0.9,16
2554,2,winter_wheat,1,PK,0.001,40
2554,2,winter_wheat,2,KAS,0.25,32
2554,2,winter_wheat,3,KAS,0.4,16
2554,2,winter_wheat,4,KAS,0.9,16
2557,2,winter_wheat,1,PK,0.001,40
2557,2,winter_wheat,2,KAS,0.25,32
2557,2,winter_wheat,3,KAS,0.4,16
2557,2,winter_wheat,4,KAS,0.9,16
2558,2,winter_wheat,1,PK,0.001,40
2558,2,winter_wheat,2,KAS,0.25,32
2558,2,winter_wheat,3,KAS,0.4,16
2558,2,winter_wheat,4,KAS,0.9,16
2560,2,winter_wheat,1,PK,0.001,40
2560,2,winter_wheat,2,KAS,0.25,32
2560,2,winter_wheat,3,KAS,0.4,16
2560,2,winter_wheat,4,KAS,0.9,16
2564,2,winter_wheat,1,PK,0.001,40
2564,2,winter_wheat,2,KAS,0.25,32
2564,2,winter_wheat,3,KAS,0.4,16
2564,2,winter_wheat,4,KAS,0.9,16
2567,2,winter_wheat,1,PK,0.001,40
2567,2,winter_wheat,2,KAS,0.25,32
2567,2,winter_wheat,3,KAS,0.4,16
2567,2,winter_wheat,4,KAS,0.9,16
2569,2,winter_wheat,1,PK,0.001,40
2569,2,winter_wheat,2,KAS,0.25,32
2569,2,winter_wheat,3,KAS,0.4,16
2569,2,winter_wheat,4,KAS,0.9,16
2570,2,winter_wheat,1,PK,0.001,40
2570,2,winter_wheat,2,KAS,0.25,32
2570,2,winter_wheat,3,KAS,0.4,16
2570,2,winter_wheat,4,KAS,0.9,16
2572,2,winter_wheat,1,PK,0.001,40
2572,2,winter_wheat,2,KAS,0.25,32
2572,2,winter_wheat,3,KAS,0.4,16
2572,2,winter_wheat,4,KAS,0.9,16
2573,2,winter_wheat,1,PK,0.001,40
2573,2,winter_wheat,2,KAS,0.25,32
2573,2,winter_wheat,3,KAS,0.4,16
2573,2,winter_wheat,4,KAS,0.9,16
2574,2,winter_wheat,1,PK,0.001,40
2574,2,winter_wheat,2,KAS,0.25,32
2574,2,winter_wheat,3,KAS,0.4,16
2574,2,winter_wheat,4,KAS,0.9,16
2575,2,winter_wheat,1,PK,0.001,40
2575,2,winter_wheat,2,KAS,0.25,32
2575,2,winter_wheat,3,KAS,0.4,16
2575,2,winter_wheat,4,KAS,0.9,16
2577,2,winter_wheat,1,PK,0.001,40
2577,2,winter_wheat,2,KAS,0.25,32
2577,2,winter_wheat,3,KAS,0.4,16
2577,2,winter_wheat,4,KAS,0.9,16
2578,2,winter_wheat,1,PK,0.001,40
2578,2,winter_wheat,2,KAS,0.25,32
2578,2,winter_wheat,3,KAS,0.4,16
2578,2,winter_wheat,4,KAS,0.9,16
2579,2,winter_wheat,1,PK,0.001,40
2579,2,winter_wheat,2,KAS,0.25,32
2579,2,winter_wheat,3,KAS,0.4,16
2579,2,winter_wheat,4,KAS,0.9,16
2580,2,winter_wheat,1,PK,0.001,40
2580,2,winter_wheat,2,KAS,0.25,32
2580,2,winter_wheat,3,KAS,0.4,16
2580,2,winter_wheat,4,KAS,0.9,16
2582,2,winter_wheat,1,PK,0.001,40
2582,2,winter_wheat,2,KAS,0.25,32
2582,2,winter_wheat,3,KAS,0.4,16
2582,2,winter_wheat,4,KAS,0.9,16
2583,2,winter_wheat,1,PK,0.001,40
2583,2,winter_wheat,2,KAS,0.25,32
2583,2,winter_wheat,3,KAS,0.4,16
2583,2,winter_wheat,4,KAS,0.9,16
2588,2,winter_wheat,1,PK,0.001,40
2588,2,winter_wheat,2,KAS,0.25,32
2588,2,winter_wheat,3,KAS,0.4,16
2588,2,winter_wheat,4,KAS,0.9,16
2590,2,winter_wheat,1,PK,0.001,40
2590,2,winter_wheat,2,KAS,0.25,32
2590,2,winter_wheat,3,KAS,0.4,16
2590,2,winter_wheat,4,KAS,0.9,16
2591,2,winter_wheat,1,PK,0.001,40
2591,2,winter_wheat,2,KAS,0.25,32
2591,2,winter_wheat,3,KAS,0.4,16
2591,2,winter_wheat,4,KAS,0.9,16
2592,2,winter_wheat,1,PK,0.001,40
2592,2,winter_wheat,2,KAS,0.25,32
2592,2,winter_wheat,3,KAS,0.4,16
2592,2,winter_wheat,4,KAS,0.9,16
2593,2,winter_wheat,1,PK,0.001,40
2593,2,winter_wheat,2,KAS,0.25,32
2593,2,winter_wheat,3,KAS,0.4,16
2593,2,winter_wheat,4,KAS,0.9,16
2595,2,winter_wheat,1,PK,0.001,40
2595,2,winter_wheat,2,KAS,0.25,32
2595,2,winter_wheat,3,KAS,0.4,16
2595,2,winter_wheat,4,KAS,0.9,16
2596,2,winter_wheat,1,PK,0.001,40
2596,2,winter_wheat,2,KAS,0.25,32
2596,2,winter_wheat,3,KAS,0.4,16
2596,2,winter_wheat,4,KAS,0.9,16
2598,2,winter_wheat,1,PK,0.001,40
2598,2,winter_wheat,2,KAS,0.25,32
2598,2,winter_wheat,3,KAS,0.4,16
2598,2,winter_wheat,4,KAS,0.9,16
2601,2,winter_wheat,1,PK,0.001,40
2601,2,winter_wheat,2,KAS,0.25,32
2601,2,winter_wheat,3,KAS,0.4,16
2601,2,winter_wheat,4,KAS,0.9,16
2602,2,winter_wheat,1,PK,0.001,40
2602,2,winter_wheat,2,KAS,0.25,32
2602,2,winter_wheat,3,KAS,0.4,16
2602,2,winter_wheat,4,KAS,0.9,16
2603,2,winter_wheat,1,PK,0.001,40
2603,2,winter_wheat,2,KAS,0.25,32
2603,2,winter_wheat,3,KAS,0.4,16
2603,2,winter_wheat,4,KAS,0.9,16
2604,2,winter_wheat,1,PK,0.001,40
2604,2,winter_wheat,2,KAS,0.25,32
2604,2,winter_wheat,3,KAS,0.4,16
2604,2,winter_wheat,4,KAS,0.9,16
2609,2,winter_wheat,1,PK,0.001,40
2609,2,winter_wheat,2,KAS,0.25,32
2609,2,winter_wheat,3,KAS,0.4,16
2609,2,winter_wheat,4,KAS,0.9,16
2610,2,winter_wheat,1,PK,0.001,40
2610,2,winter_wheat,2,KAS,0.25,32
2610,2,winter_wheat,3,KAS,0.4,16
2610,2,winter_wheat,4,KAS,0.9,16
2615,2,winter_wheat,1,PK,0.001,40
2615,2,winter_wheat,2,KAS,0.25,32
2615,2,winter_wheat,3,KAS,0.4,16
2615,2,winter_wheat,4,KAS,0.9,16
2616,2,winter_wheat,1,PK,0.001,40
2616,2,winter_wheat,2,KAS,0.25,32
2616,2,winter_wheat,3,KAS,0.4,16
2616,2,winter_wheat,4,KAS,0.9,16
2623,2,winter_wheat,1,PK,0.001,40
2623,2,winter_wheat,2,KAS,0.25,32
2623,2,winter_wheat,3,KAS,0.4,16
2623,2,winter_wheat,4,KAS,0.9,16
2628,2,winter_wheat,1,PK,0.001,40
2628,2,winter_wheat,2,KAS,0.25,32
2628,2,winter_wheat,3,KAS,0.4,16
2628,2,winter_wheat,4,KAS,0.9,16
2632,2,winter_wheat,1,PK,0.001,40
2632,2,winter_wheat,2,KAS,0.25,32
2632,2,winter_wheat,3,KAS,0.4,16
2632,2,winter_wheat,4,KAS,0.9,16
2633,2,winter_wheat,1,PK,0.001,40
2633,2,winter_wheat,2,KAS,0.25,32
2633,2,winter_wheat,3,KAS,0.4,16
2633,2,winter_wheat,4,KAS,0.9,16
2634,2,winter_wheat,1,PK,0.001,40
2634,2,winter_wheat,2,KAS,0.25,32
2634,2,winter_wheat,3,KAS,0.4,16
2634,2,winter_wheat,4,KAS,0.9,16
2635,2,winter_wheat,1,PK,0.001,40
2635,2,winter_wheat,2,KAS,0.25,32
2635,2,winter_wheat,3,KAS,0.4,16
2635,2,winter_wheat,4,KAS,0.9,16
2636,2,winter_wheat,1,PK,0.001,40
2636,2,winter_wheat,2,KAS,0.25,32
2636,2,winter_wheat,3,KAS,0.4,16
2636,2,winter_wheat,4,KAS,0.9,16
2638,2,winter_wheat,1,PK,0.001,40
2638,2,winter_wheat,2,KAS,0.25,32
2638,2,winter_wheat,3,KAS,0.4,16
2638,2,winter_wheat,4,KAS,0.9,16
2643,2,winter_wheat,1,PK,0.001,40
2643,2,winter_wheat,2,KAS,0.25,32
2643,2,winter_wheat,3,KAS,0.4,16
2643,2,winter_wheat,4,KAS,0.9,16
2644,2,winter_wheat,1,PK,0.001,40
2644,2,winter_wheat,2,KAS,0.25,32
2644,2,winter_wheat,3,KAS,0.4,16
2644,2,winter_wheat,4,KAS,0.9,16
2646,2,winter_wheat,1,PK,0.001,40
2646,2,winter_wheat,2,KAS,0.25,32
2646,2,winter_wheat,3,KAS,0.4,16
2646,2,winter_wheat,4,KAS,0.9,16
2647,2,winter_wheat,1,PK,0.001,40
2647,2,winter_wheat,2,KAS,0.25,32
2647,2,winter_wheat,3,KAS,0.4,16
2647,2,winter_wheat,4,KAS,0.9,16
2648,2,winter_wheat,1,PK,0.001,40
2648,2,winter_wheat,2,KAS,0.25,32
2648,2,winter_wheat,3,KAS,0.4,16
2648,2,winter_wheat,4,KAS,0.9,16
2649,2,winter_wheat,1,PK,0.001,40
2649,2,winter_wheat,2,KAS,0.25,32
2649,2,winter_wheat,3,KAS,0.4,16
2649,2,winter_wheat,4,KAS,0.9,16
2650,2,winter_wheat,1,PK,0.001,40
2650,2,winter_wheat,2,KAS,0.25,32
2650,2,winter_wheat,3,KAS,0.4,16
2650,2,winter_wheat,4,KAS,0.9,16
2651,2,winter_wheat,1,PK,0.001,40
2651,2,winter_wheat,2,KAS,0.25,32
2651,2,winter_wheat,3,KAS,0.4,16
2651,2,winter_wheat,4,KAS,0.9,16
2652,2,winter_wheat,1,PK,0.001,40
2652,2,winter_wheat,2,KAS,0.25,32
2652,2,winter_wheat,3,KAS,0.4,16
2652,2,winter_wheat,4,KAS,0.9,16
2654,2,winter_wheat,1,PK,0.001,40
2654,2,winter_wheat,2,KAS,0.25,32
2654,2,winter_wheat,3,KAS,0.4,16
2654,2,winter_wheat,4,KAS,0.9,16
2655,2,winter_wheat,1,PK,0.001,40
2655,2,winter_wheat,2,KAS,0.25,32
2655,2,winter_wheat,3,KAS,0.4,16
2655,2,winter_wheat,4,KAS,0.9,16
2656,2,winter_wheat,1,PK,0.001,40
2656,2,winter_wheat,2,KAS,0.25,32
2656,2,winter_wheat,3,KAS,0.4,16
2656,2,winter_wheat,4,KAS,0.9,16
2657,2,winter_wheat,1,PK,0.001,40
2657,2,winter_wheat,2,KAS,0.25,32
2657,2,winter_wheat,3,KAS,0.4,16
2657,2,winter_wheat,4,KAS,0.9,16
2659,2,winter_wheat,1,PK,0.001,40
2659,2,winter_wheat,2,KAS,0.25,32
2659,2,winter_wheat,3,KAS,0.4,16
2659,2,winter_wheat,4,KAS,0.9,16
2660,2,winter_wheat,1,PK,0.001,40
2660,2,winter_wheat,2,KAS,0.25,32
2660,2,winter_wheat,3,KAS,0.4,16
2660,2,winter_wheat,4,KAS,0.9,16
2661,2,winter_wheat,1,PK,0.001,40
2661,2,winter_wheat,2,KAS,0.25,32
2661,2,winter_wheat,3,KAS,0.4,16
2661,2,winter_wheat,4,KAS,0.9,16
2663,2,winter_wheat,1,PK,0.001,40
2663,2,winter_wheat,2,KAS,0.25,32
2663,2,winter_wheat,3,KAS,0.4,16
2663,2,winter_wheat,4,KAS,0.9,16
2664,2,winter_wheat,1,PK,0.001,40
2664,2,winter_wheat,2,KAS,0.25,32
2664,2,winter_wheat,3,KAS,0.4,16
2664,2,winter_wheat,4,KAS,0.9,16
2665,2,winter_wheat,1,PK,0.001,40
2665,2,winter_wheat,2,KAS,0.25,32
2665,2,winter_wheat,3,KAS,0.4,16
2665,2,winter_wheat,4,KAS,0.9,16
2666,2,winter_wheat,1,PK,0.001,40
2666,2,winter_wheat,2,KAS,0.25,32
2666,2,winter_wheat,3,KAS,0.4,16
2666,2,winter_wheat,4,KAS,0.9,16
2667,2,winter_wheat,1,PK,0.001,40
2667,2,winter_wheat,2,KAS,0.25,32
2667,2,winter_wheat,3,KAS,0.4,16
2667,2,winter_wheat,4,KAS,0.9,16
2668,2,winter_wheat,1,PK,0.001,40
2668,2,winter_wheat,2,KAS,0.25,32
2668,2,winter_wheat,3,KAS,0.4,16
2668,2,winter_wheat,4,KAS,0.9,16
2669,2,winter_wheat,1,PK,0.001,40
2669,2,winter_wheat,2,KAS,0.25,32
2669,2,winter_wheat,3,KAS,0.4,16
2669,2,winter_wheat,4,KAS,0.9,16
2670,2,winter_wheat,1,PK,0.001,40
2670,2,winter_wheat,2,KAS,0.25,32
2670,2,winter_wheat,3,KAS,0.4,16
2670,2,winter_wheat,4,KAS,0.9,16
2671,2,winter_wheat,1,PK,0.001,40
2671,2,winter_wheat,2,KAS,0.25,32
2671,2,winter_wheat,3,KAS,0.4,16
2671,2,winter_wheat,4,KAS,0.9,16
2672,2,winter_wheat,1,PK,0.001,40
2672,2,winter_wheat,2,KAS,0.25,32
2672,2,winter_wheat,3,KAS,0.4,16
2672,2,winter_wheat,4,KAS,0.9,16
2673,2,winter_wheat,1,PK,0.001,40
2673,2,winter_wheat,2,KAS,0.25,32
2673,2,winter_wheat,3,KAS,0.4,16
2673,2,winter_wheat,4,KAS,0.9,16
2674,2,winter_wheat,1,PK,0.001,40
2674,2,winter_wheat,2,KAS,0.25,32
2674,2,winter_wheat,3,KAS,0.4,16
2674,2,winter_wheat,4,KAS,0.9,16
2677,2,winter_wheat,1,PK,0.001,40
2677,2,winter_wheat,2,KAS,0.25,32
2677,2,winter_wheat,3,KAS,0.4,16
2677,2,winter_wheat,4,KAS,0.9,16
2679,2,winter_wheat,1,PK,0.001,40
2679,2,winter_wheat,2,KAS,0.25,32
2679,2,winter_wheat,3,KAS,0.4,16
2679,2,winter_wheat,4,KAS,0.9,16
2681,2,winter_wheat,1,PK,0.001,40
2681,2,winter_wheat,2,KAS,0.25,32
2681,2,winter_wheat,3,KAS,0.4,16
2681,2,winter_wheat,4,KAS,0.9,16
2682,2,winter_wheat,1,PK,0.001,40
2682,2,winter_wheat,2,KAS,0.25,32
2682,2,winter_wheat,3,KAS,0.4,16
2682,2,winter_wheat,4,KAS,0.9,16
2683,2,winter_wheat,1,PK,0.001,40
2683,2,winter_wheat,2,KAS,0.25,32
2683,2,winter_wheat,3,KAS,0.4,16
2683,2,winter_wheat,4,KAS,0.9,16
2684,2,winter_wheat,1,PK,0.001,40
2684,2,winter_wheat,2,KAS,0.25,32
2684,2,winter_wheat,3,KAS,0.4,16
2684,2,winter_wheat,4,KAS,0.9,16
2687,2,winter_wheat,1,PK,0.001,40
2687,2,winter_wheat,2,KAS,0.25,32
2687,2,winter_wheat,3,KAS,0.4,16
2687,2,winter_wheat,4,KAS,0.9,16
2690,2,winter_wheat,1,PK,0.001,40
2690,2,winter_wheat,2,KAS,0.25,32
2690,2,winter_wheat,3,KAS,0.4,16
2690,2,winter_wheat,4,KAS,0.9,16
2691,2,winter_wheat,1,PK,0.001,40
2691,2,winter_wheat,2,KAS,0.25,32
2691,2,winter_wheat,3,KAS,0.4,16
2691,2,winter_wheat,4,KAS,0.9,16
2697,2,winter_wheat,1,PK,0.001,40
2697,2,winter_wheat,2,KAS,0.25,32
2697,2,winter_wheat,3,KAS,0.4,16
2697,2,winter_wheat,4,KAS,0.9,16
2698,2,winter_wheat,1,PK,0.001,40
2698,2,winter_wheat,2,KAS,0.25,32
2698,2,winter_wheat,3,KAS,0.4,16
2698,2,winter_wheat,4,KAS,0.9,16
2700,2,winter_wheat,1,PK,0.001,40
2700,2,winter_wheat,2,KAS,0.25,32
2700,2,winter_wheat,3,KAS,0.4,16
2700,2,winter_wheat,4,KAS,0.9,16
2702,2,winter_wheat,1,PK,0.001,40
2702,2,winter_wheat,2,KAS,0.25,32
2702,2,winter_wheat,3,KAS,0.4,16
2702,2,winter_wheat,4,KAS,0.9,16
2704,2,winter_wheat,1,PK,0.001,40
2704,2,winter_wheat,2,KAS,0.25,32
2704,2,winter_wheat,3,KAS,0.4,16
2704,2,winter_wheat,4,KAS,0.9,16
2708,2,winter_wheat,1,PK,0.001,40
2708,2,winter_wheat,2,KAS,0.25,32
2708,2,winter_wheat,3,KAS,0.4,16
2708,2,winter_wheat,4,KAS,0.9,16
2712,2,winter_wheat,1,PK,0.001,40
2712,2,winter_wheat,2,KAS,0.25,32
2712,2,winter_wheat,3,KAS,0.4,16
2712,2,winter_wheat,4,KAS,0.9,16
2716,2,winter_wheat,1,PK,0.001,40
2716,2,winter_wheat,2,KAS,0.25,32
2716,2,winter_wheat,3,KAS,0.4,16
2716,2,winter_wheat,4,KAS,0.9,16
2717,2,winter_wheat,1,PK,0.001,40
2717,2,winter_wheat,2,KAS,0.25,32
2717,2,winter_wheat,3,KAS,0.4,16
2717,2,winter_wheat,4,KAS,0.9,16
2718,2,winter_wheat,1,PK,0.001,40
2718,2,winter_wheat,2,KAS,0.25,32
2718,2,winter_wheat,3,KAS,0.4,16
2718,2,winter_wheat,4,KAS,0.9,16
2719,2,winter_wheat,1,PK,0.001,40
2719,2,winter_wheat,2,KAS,0.25,32
2719,2,winter_wheat,3,KAS,0.4,16
2719,2,winter_wheat,4,KAS,0.9,16
2721,2,winter_wheat,1,PK,0.001,40
2721,2,winter_wheat,2,KAS,0.25,32
2721,2,winter_wheat,3,KAS,0.4,16
2721,2,winter_wheat,4,KAS,0.9,16
2724,2,winter_wheat,1,PK,0.001,40
2724,2,winter_wheat,2,KAS,0.25,32
2724,2,winter_wheat,3,KAS,0.4,16
2724,2,winter_wheat,4,KAS,0.9,16
2725,2,winter_wheat,1,PK,0.001,40
2725,2,winter_wheat,2,KAS,0.25,32
2725,2,winter_wheat,3,KAS,0.4,16
2725,2,winter_wheat,4,KAS,0.9,16
2726,2,winter_wheat,1,PK,0.001,40
2726,2,winter_wheat,2,KAS,0.25,32
2726,2,winter_wheat,3,KAS,0.4,16
2726,2,winter_wheat,4,KAS,0.9,16
2727,2,winter_wheat,1,PK,0.001,40
2727,2,winter_wheat,2,KAS,0.25,32
2727,2,winter_wheat,3,KAS,0.4,16
2727,2,winter_wheat,4,KAS,0.9,16
2728,2,winter_wheat,1,PK,0.001,40
2728,2,winter_wheat,2,KAS,0.25,32
2728,2,winter_wheat,3,KAS,0.4,16
2728,2,winter_wheat,4,KAS,0.9,16
2729,2,winter_wheat,1,PK,0.001,40
2729,2,winter_wheat,2,KAS,0.25,32
2729,2,winter_wheat,3,KAS,0.4,16
2729,2,winter_wheat,4,KAS,0.9,16
2730,2,winter_wheat,1,PK,0.001,40
2730,2,winter_wheat,2,KAS,0.25,32
2730,2,winter_wheat,3,KAS,0.4,16
2730,2,winter_wheat,4,KAS,0.9,16
2731,2,winter_wheat,1,PK,0.001,40
2731,2,winter_wheat,2,KAS,0.25,32
2731,2,winter_wheat,3,KAS,0.4,16
2731,2,winter_wheat,4,KAS,0.9,16
2732,2,winter_wheat,1,PK,0.001,40
2732,2,winter_wheat,2,KAS,0.25,32
2732,2,winter_wheat,3,KAS,0.4,16
2732,2,winter_wheat,4,KAS,0.9,16
2733,2,winter_wheat,1,PK,0.001,40
2733,2,winter_wheat,2,KAS,0.25,32
2733,2,winter_wheat,3,KAS,0.4,16
2733,2,winter_wheat,4,KAS,0.9,16
2734,2,winter_wheat,1,PK,0.001,40
2734,2,winter_wheat,2,KAS,0.25,32
2734,2,winter_wheat,3,KAS,0.4,16
2734,2,winter_wheat,4,KAS,0.9,16
2738,2,winter_wheat,1,PK,0.001,40
2738,2,winter_wheat,2,KAS,0.25,32
2738,2,winter_wheat,3,KAS,0.4,16
2738,2,winter_wheat,4,KAS,0.9,16
2739,2,winter_wheat,1,PK,0.001,40
2739,2,winter_wheat,2,KAS,0.25,32
2739,2,winter_wheat,3,KAS,0.4,16
2739,2,winter_wheat,4,KAS,0.9,16
2741,2,winter_wheat,1,PK,0.001,40
2741,2,winter_wheat,2,KAS,0.25,32
2741,2,winter_wheat,3,KAS,0.4,16
2741,2,winter_wheat,4,KAS,0.9,16
2742,2,winter_wheat,1,PK,0.001,40
2742,2,winter_wheat,2,KAS,0.25,32
2742,2,winter_wheat,3,KAS,0.4,16
2742,2,winter_wheat,4,KAS,0.9,16
2744,2,winter_wheat,1,PK,0.001,40
2744,2,winter_wheat,2,KAS,0.25,32
2744,2,winter_wheat,3,KAS,0.4,16
2744,2,winter_wheat,4,KAS,0.9,16
2745,2,winter_wheat,1,PK,0.001,40
2745,2,winter_wheat,2,KAS,0.25,32
2745,2,winter_wheat,3,KAS,0.4,16
2745,2,winter_wheat,4,KAS,0.9,16
2746,2,winter_wheat,1,PK,0.001,40
2746,2,winter_wheat,2,KAS,0.25,32
2746,2,winter_wheat,3,KAS,0.4,16
2746,2,winter_wheat,4,KAS,0.9,16
2747,2,winter_wheat,1,PK,0.001,40
2747,2,winter_wheat,2,KAS,0.25,32
2747,2,winter_wheat,3,KAS,0.4,16
2747,2,winter_wheat,4,KAS,0.9,16
2749,2,winter_wheat,1,PK,0.001,40
2749,2,winter_wheat,2,KAS,0.25,32
2749,2,winter_wheat,3,KAS,0.4,16
2749,2,winter_wheat,4,KAS,0.9,16
2751,2,winter_wheat,1,PK,0.001,40
2751,2,winter_wheat,2,KAS,0.25,32
2751,2,winter_wheat,3,KAS,0.4,16
2751,2,winter_wheat,4,KAS,0.9,16
2753,2,winter_wheat,1,PK,0.001,40
2753,2,winter_wheat,2,KAS,0.25,32
2753,2,winter_wheat,3,KAS,0.4,16
2753,2,winter_wheat,4,KAS,0.9,16
2755,2,winter_wheat,1,PK,0.001,40
2755,2,winter_wheat,2,KAS,0.25,32
2755,2,winter_wheat,3,KAS,0.4,16
2755,2,winter_wheat,4,KAS,0.9,16
2760,2,winter_wheat,1,PK,0.001,40
2760,2,winter_wheat,2,KAS,0.25,32
2760,2,winter_wheat,3,KAS,0.4,16
2760,2,winter_wheat,4,KAS,0.9,16
2761,2,winter_wheat,1,PK,0.001,40
2761,2,winter_wheat,2,KAS,0.25,32
2761,2,winter_wheat,3,KAS,0.4,16
2761,2,winter_wheat,4,KAS,0.9,16
2762,2,winter_wheat,1,PK,0.001,40
2762,2,winter_wheat,2,KAS,0.25,32
2762,2,winter_wheat,3,KAS,0.4,16
2762,2,winter_wheat,4,KAS,0.9,16
2764,2,winter_wheat,1,PK,0.001,40
2764,2,winter_wheat,2,KAS,0.25,32
2764,2,winter_wheat,3,KAS,0.4,16
2764,2,winter_wheat,4,KAS,0.9,16
2765,2,winter_wheat,1,PK,0.001,40
2765,2,winter_wheat,2,KAS,0.25,32
2765,2,winter_wheat,3,KAS,0.4,16
2765,2,winter_wheat,4,KAS,0.9,16
2766,2,winter_wheat,1,PK,0.001,40
2766,2,winter_wheat,2,KAS,0.25,32
2766,2,winter_wheat,3,KAS,0.4,16
2766,2,winter_wheat,4,KAS,0.9,16
2767,2,winter_wheat,1,PK,0.001,40
2767,2,winter_wheat,2,KAS,0.25,32
2767,2,winter_wheat,3,KAS,0.4,16
2767,2,winter_wheat,4,KAS,0.9,16
2770,2,winter_wheat,1,PK,0.001,40
2770,2,winter_wheat,2,KAS,0.25,32
2770,2,winter_wheat,3,KAS,0.4,16
2770,2,winter_wheat,4,KAS,0.9,16
2773,2,winter_wheat,1,PK,0.001,40
2773,2,winter_wheat,2,KAS,0.25,32
2773,2,winter_wheat,3,KAS,0.4,16
2773,2,winter_wheat,4,KAS,0.9,16
2776,2,winter_wheat,1,PK,0.001,40
2776,2,winter_wheat,2,KAS,0.25,32
2776,2,winter_wheat,3,KAS,0.4,16
2776,2,winter_wheat,4,KAS,0.9,16
2777,2,winter_wheat,1,PK,0.001,40
2777,2,winter_wheat,2,KAS,0.25,32
2777,2,winter_wheat,3,KAS,0.4,16
2777,2,winter_wheat,4,KAS,0.9,16
2779,2,winter_wheat,1,PK,0.001,40
2779,2,winter_wheat,2,KAS,0.25,32
2779,2,winter_wheat,3,KAS,0.4,16
2779,2,winter_wheat,4,KAS,0.9,16
2781,2,winter_wheat,1,PK,0.001,40
2781,2,winter_wheat,2,KAS,0.25,32
2781,2,winter_wheat,3,KAS,0.4,16
2781,2,winter_wheat,4,KAS,0.9,16
2787,2,winter_wheat,1,PK,0.001,40
2787,2,winter_wheat,2,KAS,0.25,32
2787,2,winter_wheat,3,KAS,0.4,16
2787,2,winter_wheat,4,KAS,0.9,16
2788,2,winter_wheat,1,PK,0.001,40
2788,2,winter_wheat,2,KAS,0.25,32
2788,2,winter_wheat,3,KAS,0.4,16
2788,2,winter_wheat,4,KAS,0.9,16
2790,2,winter_wheat,1,PK,0.001,40
2790,2,winter_wheat,2,KAS,0.25,32
2790,2,winter_wheat,3,KAS,0.4,16
2790,2,winter_wheat,4,KAS,0.9,16
2791,2,winter_wheat,1,PK,0.001,40
2791,2,winter_wheat,2,KAS,0.25,32
2791,2,winter_wheat,3,KAS,0.4,16
2791,2,winter_wheat,4,KAS,0.9,16
2792,2,winter_wheat,1,PK,0.001,40
2792,2,winter_wheat,2,KAS,0.25,32
2792,2,winter_wheat,3,KAS,0.4,16
2792,2,winter_wheat,4,KAS,0.9,16
2793,2,winter_wheat,1,PK,0.001,40
2793,2,winter_wheat,2,KAS,0.25,32
2793,2,winter_wheat,3,KAS,0.4,16
2793,2,winter_wheat,4,KAS,0.9,16
2794,2,winter_wheat,1,PK,0.001,40
2794,2,winter_wheat,2,KAS,0.25,32
2794,2,winter_wheat,3,KAS,0.4,16
2794,2,winter_wheat,4,KAS,0.9,16
2795,2,winter_wheat,1,PK,0.001,40
2795,2,winter_wheat,2,KAS,0.25,32
2795,2,winter_wheat,3,KAS,0.4,16
2795,2,winter_wheat,4,KAS,0.9,16
2798,2,winter_wheat,1,PK,0.001,40
2798,2,winter_wheat,2,KAS,0.25,32
2798,2,winter_wheat,3,KAS,0.4,16
2798,2,winter_wheat,4,KAS,0.9,16
2799,2,winter_wheat,1,PK,0.001,40
2799,2,winter_wheat,2,KAS,0.25,32
2799,2,winter_wheat,3,KAS,0.4,16
2799,2,winter_wheat,4,KAS,0.9,16
2803,2,winter_wheat,1,PK,0.001,40
2803,2,winter_wheat,2,KAS,0.25,32
2803,2,winter_wheat,3,KAS,0.4,16
2803,2,winter_wheat,4,KAS,0.9,16
2804,2,winter_wheat,1,PK,0.001,40
2804,2,winter_wheat,2,KAS,0.25,32
2804,2,winter_wheat,3,KAS,0.4,16
2804,2,winter_wheat,4,KAS,0.9,16
2805,2,winter_wheat,1,PK,0.001,40
2805,2,winter_wheat,2,KAS,0.25,32
2805,2,winter_wheat,3,KAS,0.4,16
2805,2,winter_wheat,4,KAS,0.9,16
2806,2,winter_wheat,1,PK,0.001,40
2806,2,winter_wheat,2,KAS,0.25,32
2806,2,winter_wheat,3,KAS,0.4,16
2806,2,winter_wheat,4,KAS,0.9,16
2807,2,winter_wheat,1,PK,0.001,40
2807,2,winter_wheat,2,KAS,0.25,32
2807,2,winter_wheat,3,KAS,0.4,16
2807,2,winter_wheat,4,KAS,0.9,16
2808,2,winter_wheat,1,PK,0.001,40
2808,2,winter_wheat,2,KAS,0.25,32
2808,2,winter_wheat,3,KAS,0.4,16
2808,2,winter_wheat,4,KAS,0.9,16
2809,2,winter_wheat,1,PK,0.001,40
2809,2,winter_wheat,2,KAS,0.25,32
2809,2,winter_wheat,3,KAS,0.4,16
2809,2,winter_wheat,4,KAS,0.9,16
2810,2,winter_wheat,1,PK,0.001,40
2810,2,winter_wheat,2,KAS,0.25,32
2810,2,winter_wheat,3,KAS,0.4,16
2810,2,winter_wheat,4,KAS,0.9,16
2811,2,winter_wheat,1,PK,0.001,40
2811,2,winter_wheat,2,KAS,0.25,32
2811,2,winter_wheat,3,KAS,0.4,16
2811,2,winter_wheat,4,KAS,0.9,16
2812,2,winter_wheat,1,PK,0.001,40
2812,2,winter_wheat,2,KAS,0.25,32
2812,2,winter_wheat,3,KAS,0.4,16
2812,2,winter_wheat,4,KAS,0.9,16
2813,2,winter_wheat,1,PK,0.001,40
2813,2,winter_wheat,2,KAS,0.25,32
2813,2,winter_wheat,3,KAS,0.4,16
2813,2,winter_wheat,4,KAS,0.9,16
2814,2,winter_wheat,1,PK,0.001,40
2814,2,winter_wheat,2,KAS,0.25,32
2814,2,winter_wheat,3,KAS,0.4,16
2814,2,winter_wheat,4,KAS,0.9,16
2815,2,winter_wheat,1,PK,0.001,40
2815,2,winter_wheat,2,KAS,0.25,32
2815,2,winter_wheat,3,KAS,0.4,16
2815,2,winter_wheat,4,KAS,0.9,16
2816,2,winter_wheat,1,PK,0.001,40
2816,2,winter_wheat,2,KAS,0.25,32
2816,2,winter_wheat,3,KAS,0.4,16
2816,2,winter_wheat,4,KAS,0.9,16
2817,2,winter_wheat,1,PK,0.001,40
2817,2,winter_wheat,2,KAS,0.25,32
2817,2,winter_wheat,3,KAS,0.4,16
2817,2,winter_wheat,4,KAS,0.9,16
2818,2,winter_wheat,1,PK,0.001,40
2818,2,winter_wheat,2,KAS,0.25,32
2818,2,winter_wheat,3,KAS,0.4,16
2818,2,winter_wheat,4,KAS,0.9,16
2822,2,winter_wheat,1,PK,0.001,40
2822,2,winter_wheat,2,KAS,0.25,32
2822,2,winter_wheat,3,KAS,0.4,16
2822,2,winter_wheat,4,KAS,0.9,16
2823,2,winter_wheat,1,PK,0.001,40
2823,2,winter_wheat,2,KAS,0.25,32
2823,2,winter_wheat,3,KAS,0.4,16
2823,2,winter_wheat,4,KAS,0.9,16
2825,2,winter_wheat,1,PK,0.001,40
2825,2,winter_wheat,2,KAS,0.25,32
2825,2,winter_wheat,3,KAS,0.4,16
2825,2,winter_wheat,4,KAS,0.9,16
2826,2,winter_wheat,1,PK,0.001,40
2826,2,winter_wheat,2,KAS,0.25,32
2826,2,winter_wheat,3,KAS,0.4,16
2826,2,winter_wheat,4,KAS,0.9,16
2827,2,winter_wheat,1,PK,0.001,40
2827,2,winter_wheat,2,KAS,0.25,32
2827,2,winter_wheat,3,KAS,0.4,16
2827,2,winter_wheat,4,KAS,0.9,16
2828,2,winter_wheat,1,PK,0.001,40
2828,2,winter_wheat,2,KAS,0.25,32
2828,2,winter_wheat,3,KAS,0.4,16
2828,2,winter_wheat,4,KAS,0.9,16
2829,2,winter_wheat,1,PK,0.001,40
2829,2,winter_wheat,2,KAS,0.25,32
2829,2,winter_wheat,3,KAS,0.4,16
2829,2,winter_wheat,4,KAS,0.9,16
2830,2,winter_wheat,1,PK,0.001,40
2830,2,winter_wheat,2,KAS,0.25,32
2830,2,winter_wheat,3,KAS,0.4,16
2830,2,winter_wheat,4,KAS,0.9,16
2833,2,winter_wheat,1,PK,0.001,40
2833,2,winter_wheat,2,KAS,0.25,32
2833,2,winter_wheat,3,KAS,0.4,16
2833,2,winter_wheat,4,KAS,0.9,16
2839,2,winter_wheat,1,PK,0.001,40
2839,2,winter_wheat,2,KAS,0.25,32
2839,2,winter_wheat,3,KAS,0.4,16
2839,2,winter_wheat,4,KAS,0.9,16
2840,2,winter_wheat,1,PK,0.001,40
2840,2,winter_wheat,2,KAS,0.25,32
2840,2,winter_wheat,3,KAS,0.4,16
2840,2,winter_wheat,4,KAS,0.9,16
2841,2,winter_wheat,1,PK,0.001,40
2841,2,winter_wheat,2,KAS,0.25,32
2841,2,winter_wheat,3,KAS,0.4,16
2841,2,winter_wheat,4,KAS,0.9,16
2844,2,winter_wheat,1,PK,0.001,40
2844,2,winter_wheat,2,KAS,0.25,32
2844,2,winter_wheat,3,KAS,0.4,16
2844,2,winter_wheat,4,KAS,0.9,16
2845,2,winter_wheat,1,PK,0.001,40
2845,2,winter_wheat,2,KAS,0.25,32
2845,2,winter_wheat,3,KAS,0.4,16
2845,2,winter_wheat,4,KAS,0.9,16
2847,2,winter_wheat,1,PK,0.001,40
2847,2,winter_wheat,2,KAS,0.25,32
2847,2,winter_wheat,3,KAS,0.4,16
2847,2,winter_wheat,4,KAS,0.9,16
2848,2,winter_wheat,1,PK,0.001,40
2848,2,winter_wheat,2,KAS,0.25,32
2848,2,winter_wheat,3,KAS,0.4,16
2848,2,winter_wheat,4,KAS,0.9,16
2849,2,winter_wheat,1,PK,0.001,40
2849,2,winter_wheat,2,KAS,0.25,32
2849,2,winter_wheat,3,KAS,0.4,16
2849,2,winter_wheat,4,KAS,0.9,16
2850,2,winter_wheat,1,PK,0.001,40
2850,2,winter_wheat,2,KAS,0.25,32
2850,2,winter_wheat,3,KAS,0.4,16
2850,2,winter_wheat,4,KAS,0.9,16
2851,2,winter_wheat,1,PK,0.001,40
2851,2,winter_wheat,2,KAS,0.25,32
2851,2,winter_wheat,3,KAS,0.4,16
2851,2,winter_wheat,4,KAS,0.9,16
2855,2,winter_wheat,1,PK,0.001,40
2855,2,winter_wheat,2,KAS,0.25,32
2855,2,winter_wheat,3,KAS,0.4,16
2855,2,winter_wheat,4,KAS,0.9,16
2857,2,winter_wheat,1,PK,0.001,40
2857,2,winter_wheat,2,KAS,0.25,32
2857,2,winter_wheat,3,KAS,0.4,16
2857,2,winter_wheat,4,KAS,0.9,16
2860,2,winter_wheat,1,PK,0.001,40
2860,2,winter_wheat,2,KAS,0.25,32
2860,2,winter_wheat,3,KAS,0.4,16
2860,2,winter_wheat,4,KAS,0.9,16
2869,2,winter_wheat,1,PK,0.001,40
2869,2,winter_wheat,2,KAS,0.25,32
2869,2,winter_wheat,3,KAS,0.4,16
2869,2,winter_wheat,4,KAS,0.9,16
2873,2,winter_wheat,1,PK,0.001,40
2873,2,winter_wheat,2,KAS,0.25,32
2873,2,winter_wheat,3,KAS,0.4,16
2873,2,winter_wheat,4,KAS,0.9,16
2874,2,winter_wheat,1,PK,0.001,40
2874,2,winter_wheat,2,KAS,0.25,32
2874,2,winter_wheat,3,KAS,0.4,16
2874,2,winter_wheat,4,KAS,0.9,16
2875,2,winter_wheat,1,PK,0.001,40
2875,2,winter_wheat,2,KAS,0.25,32
2875,2,winter_wheat,3,KAS,0.4,16
2875,2,winter_wheat,4,KAS,0.9,16
2880,2,winter_wheat,1,PK,0.001,40
2880,2,winter_wheat,2,KAS,0.25,32
2880,2,winter_wheat,3,KAS,0.4,16
2880,2,winter_wheat,4,KAS,0.9,16
2881,2,winter_wheat,1,PK,0.001,40
2881,2,winter_wheat,2,KAS,0.25,32
2881,2,winter_wheat,3,KAS,0.4,16
2881,2,winter_wheat,4,KAS,0.9,16
2883,2,winter_wheat,1,PK,0.001,40
2883,2,winter_wheat,2,KAS,0.25,32
2883,2,winter_wheat,3,KAS,0.4,16
2883,2,winter_wheat,4,KAS,0.9,16
2884,2,winter_wheat,1,PK,0.001,40
2884,2,winter_wheat,2,KAS,0.25,32
2884,2,winter_wheat,3,KAS,0.4,16
2884,2,winter_wheat,4,KAS,0.9,16
2885,2,winter_wheat,1,PK,0.001,40
2885,2,winter_wheat,2,KAS,0.25,32
2885,2,winter_wheat,3,KAS,0.4,16
2885,2,winter_wheat,4,KAS,0.9,16
2886,2,winter_wheat,1,PK,0.001,40
2886,2,winter_wheat,2,KAS,0.25,32
2886,2,winter_wheat,3,KAS,0.4,16
2886,2,winter_wheat,4,KAS,0.9,16
2887,2,winter_wheat,1,PK,0.001,40
2887,2,winter_wheat,2,KAS,0.25,32
2887,2,winter_wheat,3,KAS,0.4,16
2887,2,winter_wheat,4,KAS,0.9,16
2888,2,winter_wheat,1,PK,0.001,40
2888,2,winter_wheat,2,KAS,0.25,32
2888,2,winter_wheat,3,KAS,0.4,16
2888,2,winter_wheat,4,KAS,0.9,16
2889,2,winter_wheat,1,PK,0.001,40
2889,2,winter_wheat,2,KAS,0.25,32
2889,2,winter_wheat,3,KAS,0.4,16
2889,2,winter_wheat,4,KAS,0.9,16
2890,2,winter_wheat,1,PK,0.001,40
2890,2,winter_wheat,2,KAS,0.25,32
2890,2,winter_wheat,3,KAS,0.4,16
2890,2,winter_wheat,4,KAS,0.9,16
2891,2,winter_wheat,1,PK,0.001,40
2891,2,winter_wheat,2,KAS,0.25,32
2891,2,winter_wheat,3,KAS,0.4,16
2891,2,winter_wheat,4,KAS,0.9,16
2892,2,winter_wheat,1,PK,0.001,40
2892,2,winter_wheat,2,KAS,0.25,32
2892,2,winter_wheat,3,KAS,0.4,16
2892,2,winter_wheat,4,KAS,0.9,16
2893,2,winter_wheat,1,PK,0.001,40
2893,2,winter_wheat,2,KAS,0.25,32
2893,2,winter_wheat,3,KAS,0.4,16
2893,2,winter_wheat,4,KAS,0.9,16
2894,2,winter_wheat,1,PK,0.001,40
2894,2,winter_wheat,2,KAS,0.25,32
2894,2,winter_wheat,3,KAS,0.4,16
2894,2,winter_wheat,4,KAS,0.9,16
2895,2,winter_wheat,1,PK,0.001,40
2895,2,winter_wheat,2,KAS,0.25,32
2895,2,winter_wheat,3,KAS,0.4,16
2895,2,winter_wheat,4,KAS,0.9,16
2897,2,winter_wheat,1,PK,0.001,40
2897,2,winter_wheat,2,KAS,0.25,32
2897,2,winter_wheat,3,KAS,0.4,16
2897,2,winter_wheat,4,KAS,0.9,16
2898,2,winter_wheat,1,PK,0.001,40
2898,2,winter_wheat,2,KAS,0.25,32
2898,2,winter_wheat,3,KAS,0.4,16
2898,2,winter_wheat,4,KAS,0.9,16
2899,2,winter_wheat,1,PK,0.001,40
2899,2,winter_wheat,2,KAS,0.25,32
2899,2,winter_wheat,3,KAS,0.4,16
2899,2,winter_wheat,4,KAS,0.9,16
2900,2,winter_wheat,1,PK,0.001,40
2900,2,winter_wheat,2,KAS,0.25,32
2900,2,winter_wheat,3,KAS,0.4,16
2900,2,winter_wheat,4,KAS,0.9,16
2901,2,winter_wheat,1,PK,0.001,40
2901,2,winter_wheat,2,KAS,0.25,32
2901,2,winter_wheat,3,KAS,0.4,16
2901,2,winter_wheat,4,KAS,0.9,16
2902,2,winter_wheat,1,PK,0.001,40
2902,2,winter_wheat,2,KAS,0.25,32
2902,2,winter_wheat,3,KAS,0.4,16
2902,2,winter_wheat,4,KAS,0.9,16
2904,2,winter_wheat,1,PK,0.001,40
2904,2,winter_wheat,2,KAS,0.25,32
2904,2,winter_wheat,3,KAS,0.4,16
2904,2,winter_wheat,4,KAS,0.9,16
2905,2,winter_wheat,1,PK,0.001,40
2905,2,winter_wheat,2,KAS,0.25,32
2905,2,winter_wheat,3,KAS,0.4,16
2905,2,winter_wheat,4,KAS,0.9,16
2906,2,winter_wheat,1,PK,0.001,40
2906,2,winter_wheat,2,KAS,0.25,32
2906,2,winter_wheat,3,KAS,0.4,16
2906,2,winter_wheat,4,KAS,0.9,16
2907,2,winter_wheat,1,PK,0.001,40
2907,2,winter_wheat,2,KAS,0.25,32
2907,2,winter_wheat,3,KAS,0.4,16
2907,2,winter_wheat,4,KAS,0.9,16
2908,2,winter_wheat,1,PK,0.001,40
2908,2,winter_wheat,2,KAS,0.25,32
2908,2,winter_wheat,3,KAS,0.4,16
2908,2,winter_wheat,4,KAS,0.9,16
2909,2,winter_wheat,1,PK,0.001,40
2909,2,winter_wheat,2,KAS,0.25,32
2909,2,winter_wheat,3,KAS,0.4,16
2909,2,winter_wheat,4,KAS,0.9,16
2910,2,winter_wheat,1,PK,0.001,40
2910,2,winter_wheat,2,KAS,0.25,32
2910,2,winter_wheat,3,KAS,0.4,16
2910,2,winter_wheat,4,KAS,0.9,16
2912,2,winter_wheat,1,PK,0.001,40
2912,2,winter_wheat,2,KAS,0.25,32
2912,2,winter_wheat,3,KAS,0.4,16
2912,2,winter_wheat,4,KAS,0.9,16
2914,2,winter_wheat,1,PK,0.001,40
2914,2,winter_wheat,2,KAS,0.25,32
2914,2,winter_wheat,3,KAS,0.4,16
2914,2,winter_wheat,4,KAS,0.9,16
2915,2,winter_wheat,1,PK,0.001,40
2915,2,winter_wheat,2,KAS,0.25,32
2915,2,winter_wheat,3,KAS,0.4,16
2915,2,winter_wheat,4,KAS,0.9,16
2919,2,winter_wheat,1,PK,0.001,40
2919,2,winter_wheat,2,KAS,0.25,32
2919,2,winter_wheat,3,KAS,0.4,16
2919,2,winter_wheat,4,KAS,0.9,16
2920,2,winter_wheat,1,PK,0.001,40
2920,2,winter_wheat,2,KAS,0.25,32
2920,2,winter_wheat,3,KAS,0.4,16
2920,2,winter_wheat,4,KAS,0.9,16
2921,2,winter_wheat,1,PK,0.001,40
2921,2,winter_wheat,2,KAS,0.25,32
2921,2,winter_wheat,3,KAS,0.4,16
2921,2,winter_wheat,4,KAS,0.9,16
2922,2,winter_wheat,1,PK,0.001,40
2922,2,winter_wheat,2,KAS,0.25,32
2922,2,winter_wheat,3,KAS,0.4,16
2922,2,winter_wheat,4,KAS,0.9,16
2929,2,winter_wheat,1,PK,0.001,40
2929,2,winter_wheat,2,KAS,0.25,32
2929,2,winter_wheat,3,KAS,0.4,16
2929,2,winter_wheat,4,KAS,0.9,16
2931,2,winter_wheat,1,PK,0.001,40
2931,2,winter_wheat,2,KAS,0.25,32
2931,2,winter_wheat,3,KAS,0.4,16
2931,2,winter_wheat,4,KAS,0.9,16
2932,2,winter_wheat,1,PK,0.001,40
2932,2,winter_wheat,2,KAS,0.25,32
2932,2,winter_wheat,3,KAS,0.4,16
2932,2,winter_wheat,4,KAS,0.9,16
2936,2,winter_wheat,1,PK,0.001,40
2936,2,winter_wheat,2,KAS,0.25,32
2936,2,winter_wheat,3,KAS,0.4,16
2936,2,winter_wheat,4,KAS,0.9,16
2939,2,winter_wheat,1,PK,0.001,40
2939,2,winter_wheat,2,KAS,0.25,32
2939,2,winter_wheat,3,KAS,0.4,16
2939,2,winter_wheat,4,KAS,0.9,16
2942,2,winter_wheat,1,PK,0.001,40
2942,2,winter_wheat,2,KAS,0.25,32
2942,2,winter_wheat,3,KAS,0.4,16
2942,2,winter_wheat,4,KAS,0.9,16
2945,2,winter_wheat,1,PK,0.001,40
2945,2,winter_wheat,2,KAS,0.25,32
2945,2,winter_wheat,3,KAS,0.4,16
2945,2,winter_wheat,4,KAS,0.9,16
2946,2,winter_wheat,1,PK,0.001,40
2946,2,winter_wheat,2,KAS,0.25,32
2946,2,winter_wheat,3,KAS,0.4,16
2946,2,winter_wheat,4,KAS,0.9,16
2947,2,winter_wheat,1,PK,0.001,40
2947,2,winter_wheat,2,KAS,0.25,32
2947,2,winter_wheat,3,KAS,0.4,16
2947,2,winter_wheat,4,KAS,0.9,16
2948,2,winter_wheat,1,PK,0.001,40
2948,2,winter_wheat,2,KAS,0.25,32
2948,2,winter_wheat,3,KAS,0.4,16
2948,2,winter_wheat,4,KAS,0.9,16
2950,2,winter_wheat,1,PK,0.001,40
2950,2,winter_wheat,2,KAS,0.25,32
2950,2,winter_wheat,3,KAS,0.4,16
2950,2,winter_wheat,4,KAS,0.9,16
2956,2,winter_wheat,1,PK,0.001,40
2956,2,winter_wheat,2,KAS,0.25,32
2956,2,winter_wheat,3,KAS,0.4,16
2956,2,winter_wheat,4,KAS,0.9,16
2957,2,winter_wheat,1,PK,0.001,40
2957,2,winter_wheat,2,KAS,0.25,32
2957,2,winter_wheat,3,KAS,0.4,16
2957,2,winter_wheat,4,KAS,0.9,16
2958,2,winter_wheat,1,PK,0.001,40
2958,2,winter_wheat,2,KAS,0.25,32
2958,2,winter_wheat,3,KAS,0.4,16
2958,2,winter_wheat,4,KAS,0.9,16
2959,2,winter_wheat,1,PK,0.001,40
2959,2,winter_wheat,2,KAS,0.25,32
2959,2,winter_wheat,3,KAS,0.4,16
2959,2,winter_wheat,4,KAS,0.9,16
2960,2,winter_wheat,1,PK,0.001,40
2960,2,winter_wheat,2,KAS,0.25,32
2960,2,winter_wheat,3,KAS,0.4,16
2960,2,winter_wheat,4,KAS,0.9,16
2961,2,winter_wheat,1,PK,0.001,40
2961,2,winter_wheat,2,KAS,0.25,32
2961,2,winter_wheat,3,KAS,0.4,16
2961,2,winter_wheat,4,KAS,0.9,16
2962,2,winter_wheat,1,PK,0.001,40
2962,2,winter_wheat,2,KAS,0.25,32
2962,2,winter_wheat,3,KAS,0.4,16
2962,2,winter_wheat,4,KAS,0.9,16
2963,2,winter_wheat,1,PK,0.001,40
2963,2,winter_wheat,2,KAS,0.25,32
2963,2,winter_wheat,3,KAS,0.4,16
2963,2,winter_wheat,4,KAS,0.9,16
2965,2,winter_wheat,1,PK,0.001,40
2965,2,winter_wheat,2,KAS,0.25,32
2965,2,winter_wheat,3,KAS,0.4,16
2965,2,winter_wheat,4,KAS,0.9,16
2966,2,winter_wheat,1,PK,0.001,40
2966,2,winter_wheat,2,KAS,0.25,32
2966,2,winter_wheat,3,KAS,0.4,16
2966,2,winter_wheat,4,KAS,0.9,16
2967,2,winter_wheat,1,PK,0.001,40
2967,2,winter_wheat,2,KAS,0.25,32
2967,2,winter_wheat,3,KAS,0.4,16
2967,2,winter_wheat,4,KAS,0.9,16
2969,2,winter_wheat,1,PK,0.001,40
2969,2,winter_wheat,2,KAS,0.25,32
2969,2,winter_wheat,3,KAS,0.4,16
2969,2,winter_wheat,4,KAS,0.9,16
2971,2,winter_wheat,1,PK,0.001,40
2971,2,winter_wheat,2,KAS,0.25,32
2971,2,winter_wheat,3,KAS,0.4,16
2971,2,winter_wheat,4,KAS,0.9,16
2972,2,winter_wheat,1,PK,0.001,40
2972,2,winter_wheat,2,KAS,0.25,32
2972,2,winter_wheat,3,KAS,0.4,16
2972,2,winter_wheat,4,KAS,0.9,16
2973,2,winter_wheat,1,PK,0.001,40
2973,2,winter_wheat,2,KAS,0.25,32
2973,2,winter_wheat,3,KAS,0.4,16
2973,2,winter_wheat,4,KAS,0.9,16
2974,2,winter_wheat,1,PK,0.001,40
2974,2,winter_wheat,2,KAS,0.25,32
2974,2,winter_wheat,3,KAS,0.4,16
2974,2,winter_wheat,4,KAS,0.9,16
2976,2,winter_wheat,1,PK,0.001,40
2976,2,winter_wheat,2,KAS,0.25,32
2976,2,winter_wheat,3,KAS,0.4,16
2976,2,winter_wheat,4,KAS,0.9,16
2977,2,winter_wheat,1,PK,0.001,40
2977,2,winter_wheat,2,KAS,0.25,32
2977,2,winter_wheat,3,KAS,0.4,16
2977,2,winter_wheat,4,KAS,0.9,16
2978,2,winter_wheat,1,PK,0.001,40
2978,2,winter_wheat,2,KAS,0.25,32
2978,2,winter_wheat,3,KAS,0.4,16
2978,2,winter_wheat,4,KAS,0.9,16
2979,2,winter_wheat,1,PK,0.001,40
2979,2,winter_wheat,2,KAS,0.25,32
2979,2,winter_wheat,3,KAS,0.4,16
2979,2,winter_wheat,4,KAS,0.9,16
2980,2,winter_wheat,1,PK,0.001,40
2980,2,winter_wheat,2,KAS,0.25,32
2980,2,winter_wheat,3,KAS,0.4,16
2980,2,winter_wheat,4,KAS,0.9,16
2981,2,winter_wheat,1,PK,0.001,40
2981,2,winter_wheat,2,KAS,0.25,32
2981,2,winter_wheat,3,KAS,0.4,16
2981,2,winter_wheat,4,KAS,0.9,16
2982,2,winter_wheat,1,PK,0.001,40
2982,2,winter_wheat,2,KAS,0.25,32
2982,2,winter_wheat,3,KAS,0.4,16
2982,2,winter_wheat,4,KAS,0.9,16
2986,2,winter_wheat,1,PK,0.001,40
2986,2,winter_wheat,2,KAS,0.25,32
2986,2,winter_wheat,3,KAS,0.4,16
2986,2,winter_wheat,4,KAS,0.9,16
2987,2,winter_wheat,1,PK,0.001,40
2987,2,winter_wheat,2,KAS,0.25,32
2987,2,winter_wheat,3,KAS,0.4,16
2987,2,winter_wheat,4,KAS,0.9,16
2988,2,winter_wheat,1,PK,0.001,40
2988,2,winter_wheat,2,KAS,0.25,32
2988,2,winter_wheat,3,KAS,0.4,16
2988,2,winter_wheat,4,KAS,0.9,16
2992,2,winter_wheat,1,PK,0.001,40
2992,2,winter_wheat,2,KAS,0.25,32
2992,2,winter_wheat,3,KAS,0.4,16
2992,2,winter_wheat,4,KAS,0.9,16
2994,2,winter_wheat,1,PK,0.001,40
2994,2,winter_wheat,2,KAS,0.25,32
2994,2,winter_wheat,3,KAS,0.4,16
2994,2,winter_wheat,4,KAS,0.9,16
2996,2,winter_wheat,1,PK,0.001,40
2996,2,winter_wheat,2,KAS,0.25,32
2996,2,winter_wheat,3,KAS,0.4,16
2996,2,winter_wheat,4,KAS,0.9,16
2998,2,winter_wheat,1,PK,0.001,40
2998,2,winter_wheat,2,KAS,0.25,32
2998,2,winter_wheat,3,KAS,0.4,16
2998,2,winter_wheat,4,KAS,0.9,16
2999,2,winter_wheat,1,PK,0.001,40
2999,2,winter_wheat,2,KAS,0.25,32
2999,2,winter_wheat,3,KAS,0.4,16
2999,2,winter_wheat,4,KAS,0.9,16
3000,2,winter_wheat,1,PK,0.001,40
3000,2,winter_wheat,2,KAS,0.25,32
3000,2,winter_wheat,3,KAS,0.4,16
3000,2,winter_wheat,4,KAS,0.9,16
3005,2,winter_wheat,1,PK,0.001,40
3005,2,winter_wheat,2,KAS,0.25,32
3005,2,winter_wheat,3,KAS,0.4,16
3005,2,winter_wheat,4,KAS,0.9,16
3007,2,winter_wheat,1,PK,0.001,40
3007,2,winter_wheat,2,KAS,0.25,32
3007,2,winter_wheat,3,KAS,0.4,16
3007,2,winter_wheat,4,KAS,0.9,16
3008,2,winter_wheat,1,PK,0.001,40
3008,2,winter_wheat,2,KAS,0.25,32
3008,2,winter_wheat,3,KAS,0.4,16
3008,2,winter_wheat,4,KAS,0.9,16
3013,2,winter_wheat,1,PK,0.001,40
3013,2,winter_wheat,2,KAS,0.25,32
3013,2,winter_wheat,3,KAS,0.4,16
3013,2,winter_wheat,4,KAS,0.9,16
3014,2,winter_wheat,1,PK,0.001,40
3014,2,winter_wheat,2,KAS,0.25,32
3014,2,winter_wheat,3,KAS,0.4,16
3014,2,winter_wheat,4,KAS,0.9,16
3016,2,winter_wheat,1,PK,0.001,40
3016,2,winter_wheat,2,KAS,0.25,32
3016,2,winter_wheat,3,KAS,0.4,16
3016,2,winter_wheat,4,KAS,0.9,16
3018,2,winter_wheat,1,PK,0.001,40
3018,2,winter_wheat,2,KAS,0.25,32
3018,2,winter_wheat,3,KAS,0.4,16
3018,2,winter_wheat,4,KAS,0.9,16
3019,2,winter_wheat,1,PK,0.001,40
3019,2,winter_wheat,2,KAS,0.25,32
3019,2,winter_wheat,3,KAS,0.4,16
3019,2,winter_wheat,4,KAS,0.9,16
3022,2,winter_wheat,1,PK,0.001,40
3022,2,winter_wheat,2,KAS,0.25,32
3022,2,winter_wheat,3,KAS,0.4,16
3022,2,winter_wheat,4,KAS,0.9,16
3023,2,winter_wheat,1,PK,0.001,40
3023,2,winter_wheat,2,KAS,0.25,32
3023,2,winter_wheat,3,KAS,0.4,16
3023,2,winter_wheat,4,KAS,0.9,16
3029,2,winter_wheat,1,PK,0.001,40
3029,2,winter_wheat,2,KAS,0.25,32
3029,2,winter_wheat,3,KAS,0.4,16
3029,2,winter_wheat,4,KAS,0.9,16
3030,2,winter_wheat,1,PK,0.001,40
3030,2,winter_wheat,2,KAS,0.25,32
3030,2,winter_wheat,3,KAS,0.4,16
3030,2,winter_wheat,4,KAS,0.9,16
3033,2,winter_wheat,1,PK,0.001,40
3033,2,winter_wheat,2,KAS,0.25,32
3033,2,winter_wheat,3,KAS,0.4,16
3033,2,winter_wheat,4,KAS,0.9,16
3034,2,winter_wheat,1,PK,0.001,40
3034,2,winter_wheat,2,KAS,0.25,32
3034,2,winter_wheat,3,KAS,0.4,16
3034,2,winter_wheat,4,KAS,0.9,16
3035,2,winter_wheat,1,PK,0.001,40
3035,2,winter_wheat,2,KAS,0.25,32
3035,2,winter_wheat,3,KAS,0.4,16
3035,2,winter_wheat,4,KAS,0.9,16
3036,2,winter_wheat,1,PK,0.001,40
3036,2,winter_wheat,2,KAS,0.25,32
3036,2,winter_wheat,3,KAS,0.4,16
3036,2,winter_wheat,4,KAS,0.9,16
3037,2,winter_wheat,1,PK,0.001,40
3037,2,winter_wheat,2,KAS,0.25,32
3037,2,winter_wheat,3,KAS,0.4,16
3037,2,winter_wheat,4,KAS,0.9,16
3038,2,winter_wheat,1,PK,0.001,40
3038,2,winter_wheat,2,KAS,0.25,32
3038,2,winter_wheat,3,KAS,0.4,16
3038,2,winter_wheat,4,KAS,0.9,16
3039,2,winter_wheat,1,PK,0.001,40
3039,2,winter_wheat,2,KAS,0.25,32
3039,2,winter_wheat,3,KAS,0.4,16
3039,2,winter_wheat,4,KAS,0.9,16
3040,2,winter_wheat,1,PK,0.001,40
3040,2,winter_wheat,2,KAS,0.25,32
3040,2,winter_wheat,3,KAS,0.4,16
3040,2,winter_wheat,4,KAS,0.9,16
3043,2,winter_wheat,1,PK,0.001,40
3043,2,winter_wheat,2,KAS,0.25,32
3043,2,winter_wheat,3,KAS,0.4,16
3043,2,winter_wheat,4,KAS,0.9,16
3045,2,winter_wheat,1,PK,0.001,40
3045,2,winter_wheat,2,KAS,0.25,32
3045,2,winter_wheat,3,KAS,0.4,16
3045,2,winter_wheat,4,KAS,0.9,16
3047,2,winter_wheat,1,PK,0.001,40
3047,2,winter_wheat,2,KAS,0.25,32
3047,2,winter_wheat,3,KAS,0.4,16
3047,2,winter_wheat,4,KAS,0.9,16
3048,2,winter_wheat,1,PK,0.001,40
3048,2,winter_wheat,2,KAS,0.25,32
3048,2,winter_wheat,3,KAS,0.4,16
3048,2,winter_wheat,4,KAS,0.9,16
3050,2,winter_wheat,1,PK,0.001,40
3050,2,winter_wheat,2,KAS,0.25,32
3050,2,winter_wheat,3,KAS,0.4,16
3050,2,winter_wheat,4,KAS,0.9,16
3051,2,winter_wheat,1,PK,0.001,40
3051,2,winter_wheat,2,KAS,0.25,32
3051,2,winter_wheat,3,KAS,0.4,16
3051,2,winter_wheat,4,KAS,0.9,16
3052,2,winter_wheat,1,PK,0.001,40
3052,2,winter_wheat,2,KAS,0.25,32
3052,2,winter_wheat,3,KAS,0.4,16
3052,2,winter_wheat,4,KAS,0.9,16
3053,2,winter_wheat,1,PK,0.001,40
3053,2,winter_wheat,2,KAS,0.25,32
3053,2,winter_wheat,3,KAS,0.4,16
3053,2,winter_wheat,4,KAS,0.9,16
3055,2,winter_wheat,1,PK,0.001,40
3055,2,winter_wheat,2,KAS,0.25,32
3055,2,winter_wheat,3,KAS,0.4,16
3055,2,winter_wheat,4,KAS,0.9,16
3056,2,winter_wheat,1,PK,0.001,40
3056,2,winter_wheat,2,KAS,0.25,32
3056,2,winter_wheat,3,KAS,0.4,16
3056,2,winter_wheat,4,KAS,0.9,16
3058,2,winter_wheat,1,PK,0.001,40
3058,2,winter_wheat,2,KAS,0.25,32
3058,2,winter_wheat,3,KAS,0.4,16
3058,2,winter_wheat,4,KAS,0.9,16
3059,2,winter_wheat,1,PK,0.001,40
3059,2,winter_wheat,2,KAS,0.25,32
3059,2,winter_wheat,3,KAS,0.4,16
3059,2,winter_wheat,4,KAS,0.9,16
3060,2,winter_wheat,1,PK,0.001,40
3060,2,winter_wheat,2,KAS,0.25,32
3060,2,winter_wheat,3,KAS,0.4,16
3060,2,winter_wheat,4,KAS,0.9,16
3062,2,winter_wheat,1,PK,0.001,40
3062,2,winter_wheat,2,KAS,0.25,32
3062,2,winter_wheat,3,KAS,0.4,16
3062,2,winter_wheat,4,KAS,0.9,16
3066,2,winter_wheat,1,PK,0.001,40
3066,2,winter_wheat,2,KAS,0.25,32
3066,2,winter_wheat,3,KAS,0.4,16
3066,2,winter_wheat,4,KAS,0.9,16
3067,2,winter_wheat,1,PK,0.001,40
3067,2,winter_wheat,2,KAS,0.25,32
3067,2,winter_wheat,3,KAS,0.4,16
3067,2,winter_wheat,4,KAS,0.9,16
3068,2,winter_wheat,1,PK,0.001,40
3068,2,winter_wheat,2,KAS,0.25,32
3068,2,winter_wheat,3,KAS,0.4,16
3068,2,winter_wheat,4,KAS,0.9,16
3069,2,winter_wheat,1,PK,0.001,40
3069,2,winter_wheat,2,KAS,0.25,32
3069,2,winter_wheat,3,KAS,0.4,16
3069,2,winter_wheat,4,KAS,0.9,16
3070,2,winter_wheat,1,PK,0.001,40
3070,2,winter_wheat,2,KAS,0.25,32
3070,2,winter_wheat,3,KAS,0.4,16
3070,2,winter_wheat,4,KAS,0.9,16
3071,2,winter_wheat,1,PK,0.001,40
3071,2,winter_wheat,2,KAS,0.25,32
3071,2,winter_wheat,3,KAS,0.4,16
3071,2,winter_wheat,4,KAS,0.9,16
3074,2,winter_wheat,1,PK,0.001,40
3074,2,winter_wheat,2,KAS,0.25,32
3074,2,winter_wheat,3,KAS,0.4,16
3074,2,winter_wheat,4,KAS,0.9,16
3076,2,winter_wheat,1,PK,0.001,40
3076,2,winter_wheat,2,KAS,0.25,32
3076,2,winter_wheat,3,KAS,0.4,16
3076,2,winter_wheat,4,KAS,0.9,16
3090,2,winter_wheat,1,PK,0.001,40
3090,2,winter_wheat,2,KAS,0.25,32
3090,2,winter_wheat,3,KAS,0.4,16
3090,2,winter_wheat,4,KAS,0.9,16
3091,2,winter_wheat,1,PK,0.001,40
3091,2,winter_wheat,2,KAS,0.25,32
3091,2,winter_wheat,3,KAS,0.4,16
3091,2,winter_wheat,4,KAS,0.9,16
3092,2,winter_wheat,1,PK,0.001,40
3092,2,winter_wheat,2,KAS,0.25,32
3092,2,winter_wheat,3,KAS,0.4,16
3092,2,winter_wheat,4,KAS,0.9,16
3093,2,winter_wheat,1,PK,0.001,40
3093,2,winter_wheat,2,KAS,0.25,32
3093,2,winter_wheat,3,KAS,0.4,16
3093,2,winter_wheat,4,KAS,0.9,16
3094,2,winter_wheat,1,PK,0.001,40
3094,2,winter_wheat,2,KAS,0.25,32
3094,2,winter_wheat,3,KAS,0.4,16
3094,2,winter_wheat,4,KAS,0.9,16
3096,2,winter_wheat,1,PK,0.001,40
3096,2,winter_wheat,2,KAS,0.25,32
3096,2,winter_wheat,3,KAS,0.4,16
3096,2,winter_wheat,4,KAS,0.9,16
3097,2,winter_wheat,1,PK,0.001,40
3097,2,winter_wheat,2,KAS,0.25,32
3097,2,winter_wheat,3,KAS,0.4,16
3097,2,winter_wheat,4,KAS,0.9,16
3098,2,winter_wheat,1,PK,0.001,40
3098,2,winter_wheat,2,KAS,0.25,32
3098,2,winter_wheat,3,KAS,0.4,16
3098,2,winter_wheat,4,KAS,0.9,16
3099,2,winter_wheat,1,PK,0.001,40
3099,2,winter_wheat,2,KAS,0.25,32
3099,2,winter_wheat,3,KAS,0.4,16
3099,2,winter_wheat,4,KAS,0.9,16
3100,2,winter_wheat,1,PK,0.001,40
3100,2,winter_wheat,2,KAS,0.25,32
3100,2,winter_wheat,3,KAS,0.4,16
3100,2,winter_wheat,4,KAS,0.9,16
3101,2,winter_wheat,1,PK,0.001,40
3101,2,winter_wheat,2,KAS,0.25,32
3101,2,winter_wheat,3,KAS,0.4,16
3101,2,winter_wheat,4,KAS,0.9,16
3102,2,winter_wheat,1,PK,0.001,40
3102,2,winter_wheat,2,KAS,0.25,32
3102,2,winter_wheat,3,KAS,0.4,16
3102,2,winter_wheat,4,KAS,0.9,16
3106,2,winter_wheat,1,PK,0.001,40
3106,2,winter_wheat,2,KAS,0.25,32
3106,2,winter_wheat,3,KAS,0.4,16
3106,2,winter_wheat,4,KAS,0.9,16
3107,2,winter_wheat,1,PK,0.001,40
3107,2,winter_wheat,2,KAS,0.25,32
3107,2,winter_wheat,3,KAS,0.4,16
3107,2,winter_wheat,4,KAS,0.9,16
3110,2,winter_wheat,1,PK,0.001,40
3110,2,winter_wheat,2,KAS,0.25,32
3110,2,winter_wheat,3,KAS,0.4,16
3110,2,winter_wheat,4,KAS,0.9,16
3112,2,winter_wheat,1,PK,0.001,40
3112,2,winter_wheat,2,KAS,0.25,32
3112,2,winter_wheat,3,KAS,0.4,16
3112,2,winter_wheat,4,KAS,0.9,16
3113,2,winter_wheat,1,PK,0.001,40
3113,2,winter_wheat,2,KAS,0.25,32
3113,2,winter_wheat,3,KAS,0.4,16
3113,2,winter_wheat,4,KAS,0.9,16
3116,2,winter_wheat,1,PK,0.001,40
3116,2,winter_wheat,2,KAS,0.25,32
3116,2,winter_wheat,3,KAS,0.4,16
3116,2,winter_wheat,4,KAS,0.9,16
3117,2,winter_wheat,1,PK,0.001,40
3117,2,winter_wheat,2,KAS,0.25,32
3117,2,winter_wheat,3,KAS,0.4,16
3117,2,winter_wheat,4,KAS,0.9,16
3118,2,winter_wheat,1,PK,0.001,40
3118,2,winter_wheat,2,KAS,0.25,32
3118,2,winter_wheat,3,KAS,0.4,16
3118,2,winter_wheat,4,KAS,0.9,16
3119,2,winter_wheat,1,PK,0.001,40
3119,2,winter_wheat,2,KAS,0.25,32
3119,2,winter_wheat,3,KAS,0.4,16
3119,2,winter_wheat,4,KAS,0.9,16
3120,2,winter_wheat,1,PK,0.001,40
3120,2,winter_wheat,2,KAS,0.25,32
3120,2,winter_wheat,3,KAS,0.4,16
3120,2,winter_wheat,4,KAS,0.9,16
3121,2,winter_wheat,1,PK,0.001,40
3121,2,winter_wheat,2,KAS,0.25,32
3121,2,winter_wheat,3,KAS,0.4,16
3121,2,winter_wheat,4,KAS,0.9,16
3126,2,winter_wheat,1,PK,0.001,40
3126,2,winter_wheat,2,KAS,0.25,32
3126,2,winter_wheat,3,KAS,0.4,16
3126,2,winter_wheat,4,KAS,0.9,16
3129,2,winter_wheat,1,PK,0.001,40
3129,2,winter_wheat,2,KAS,0.25,32
3129,2,winter_wheat,3,KAS,0.4,16
3129,2,winter_wheat,4,KAS,0.9,16
3131,2,winter_wheat,1,PK,0.001,40
3131,2,winter_wheat,2,KAS,0.25,32
3131,2,winter_wheat,3,KAS,0.4,16
3131,2,winter_wheat,4,KAS,0.9,16
3133,2,winter_wheat,1,PK,0.001,40
3133,2,winter_wheat,2,KAS,0.25,32
3133,2,winter_wheat,3,KAS,0.4,16
3133,2,winter_wheat,4,KAS,0.9,16
3134,2,winter_wheat,1,PK,0.001,40
3134,2,winter_wheat,2,KAS,0.25,32
3134,2,winter_wheat,3,KAS,0.4,16
3134,2,winter_wheat,4,KAS,0.9,16
3138,2,winter_wheat,1,PK,0.001,40
3138,2,winter_wheat,2,KAS,0.25,32
3138,2,winter_wheat,3,KAS,0.4,16
3138,2,winter_wheat,4,KAS,0.9,16
3139,2,winter_wheat,1,PK,0.001,40
3139,2,winter_wheat,2,KAS,0.25,32
3139,2,winter_wheat,3,KAS,0.4,16
3139,2,winter_wheat,4,KAS,0.9,16
3140,2,winter_wheat,1,PK,0.001,40
3140,2,winter_wheat,2,KAS,0.25,32
3140,2,winter_wheat,3,KAS,0.4,16
3140,2,winter_wheat,4,KAS,0.9,16
3143,2,winter_wheat,1,PK,0.001,40
3143,2,winter_wheat,2,KAS,0.25,32
3143,2,winter_wheat,3,KAS,0.4,16
3143,2,winter_wheat,4,KAS,0.9,16
3145,2,winter_wheat,1,PK,0.001,40
3145,2,winter_wheat,2,KAS,0.25,32
3145,2,winter_wheat,3,KAS,0.4,16
3145,2,winter_wheat,4,KAS,0.9,16
3154,2,winter_wheat,1,PK,0.001,40
3154,2,winter_wheat,2,KAS,0.25,32
3154,2,winter_wheat,3,KAS,0.4,16
3154,2,winter_wheat,4,KAS,0.9,16
3155,2,winter_wheat,1,PK,0.001,40
3155,2,winter_wheat,2,KAS,0.25,32
3155,2,winter_wheat,3,KAS,0.4,16
3155,2,winter_wheat,4,KAS,0.9,16
3158,2,winter_wheat,1,PK,0.001,40
3158,2,winter_wheat,2,KAS,0.25,32
3158,2,winter_wheat,3,KAS,0.4,16
3158,2,winter_wheat,4,KAS,0.9,16
3161,2,winter_wheat,1,PK,0.001,40
3161,2,winter_wheat,2,KAS,0.25,32
3161,2,winter_wheat,3,KAS,0.4,16
3161,2,winter_wheat,4,KAS,0.9,16
3162,2,winter_wheat,1,PK,0.001,40
3162,2,winter_wheat,2,KAS,0.25,32
3162,2,winter_wheat,3,KAS,0.4,16
3162,2,winter_wheat,4,KAS,0.9,16
3163,2,winter_wheat,1,PK,0.001,40
3163,2,winter_wheat,2,KAS,0.25,32
3163,2,winter_wheat,3,KAS,0.4,16
3163,2,winter_wheat,4,KAS,0.9,16
3164,2,winter_wheat,1,PK,0.001,40
3164,2,winter_wheat,2,KAS,0.25,32
3164,2,winter_wheat,3,KAS,0.4,16
3164,2,winter_wheat,4,KAS,0.9,16
3165,2,winter_wheat,1,PK,0.001,40
3165,2,winter_wheat,2,KAS,0.25,32
3165,2,winter_wheat,3,KAS,0.4,16
3165,2,winter_wheat,4,KAS,0.9,16
3166,2,winter_wheat,1,PK,0.001,40
3166,2,winter_wheat,2,KAS,0.25,32
3166,2,winter_wheat,3,KAS,0.4,16
3166,2,winter_wheat,4,KAS,0.9,16
3167,2,winter_wheat,1,PK,0.001,40
3167,2,winter_wheat,2,KAS,0.25,32
3167,2,winter_wheat,3,KAS,0.4,16
3167,2,winter_wheat,4,KAS,0.9,16
3169,2,winter_wheat,1,PK,0.001,40
3169,2,winter_wheat,2,KAS,0.25,32
3169,2,winter_wheat,3,KAS,0.4,16
3169,2,winter_wheat,4,KAS,0.9,16
3170,2,winter_wheat,1,PK,0.001,40
3170,2,winter_wheat,2,KAS,0.25,32
3170,2,winter_wheat,3,KAS,0.4,16
3170,2,winter_wheat,4,KAS,0.9,16
3171,2,winter_wheat,1,PK,0.001,40
3171,2,winter_wheat,2,KAS,0.25,32
3171,2,winter_wheat,3,KAS,0.4,16
3171,2,winter_wheat,4,KAS,0.9,16
3175,2,winter_wheat,1,PK,0.001,40
3175,2,winter_wheat,2,KAS,0.25,32
3175,2,winter_wheat,3,KAS,0.4,16
3175,2,winter_wheat,4,KAS,0.9,16
3176,2,winter_wheat,1,PK,0.001,40
3176,2,winter_wheat,2,KAS,0.25,32
3176,2,winter_wheat,3,KAS,0.4,16
3176,2,winter_wheat,4,KAS,0.9,16
3177,2,winter_wheat,1,PK,0.001,40
3177,2,winter_wheat,2,KAS,0.25,32
3177,2,winter_wheat,3,KAS,0.4,16
3177,2,winter_wheat,4,KAS,0.9,16
3179,2,winter_wheat,1,PK,0.001,40
3179,2,winter_wheat,2,KAS,0.25,32
3179,2,winter_wheat,3,KAS,0.4,16
3179,2,winter_wheat,4,KAS,0.9,16
3180,2,winter_wheat,1,PK,0.001,40
3180,2,winter_wheat,2,KAS,0.25,32
3180,2,winter_wheat,3,KAS,0.4,16
3180,2,winter_wheat,4,KAS,0.9,16
3181,2,winter_wheat,1,PK,0.001,40
3181,2,winter_wheat,2,KAS,0.25,32
3181,2,winter_wheat,3,KAS,0.4,16
3181,2,winter_wheat,4,KAS,0.9,16
3182,2,winter_wheat,1,PK,0.001,40
3182,2,winter_wheat,2,KAS,0.25,32
3182,2,winter_wheat,3,KAS,0.4,16
3182,2,winter_wheat,4,KAS,0.9,16
3184,2,winter_wheat,1,PK,0.001,40
3184,2,winter_wheat,2,KAS,0.25,32
3184,2,winter_wheat,3,KAS,0.4,16
3184,2,winter_wheat,4,KAS,0.9,16
3185,2,winter_wheat,1,PK,0.001,40
3185,2,winter_wheat,2,KAS,0.25,32
3185,2,winter_wheat,3,KAS,0.4,16
3185,2,winter_wheat,4,KAS,0.9,16
3186,2,winter_wheat,1,PK,0.001,40
3186,2,winter_wheat,2,KAS,0.25,32
3186,2,winter_wheat,3,KAS,0.4,16
3186,2,winter_wheat,4,KAS,0.9,16
3187,2,winter_wheat,1,PK,0.001,40
3187,2,winter_wheat,2,KAS,0.25,32
3187,2,winter_wheat,3,KAS,0.4,16
3187,2,winter_wheat,4,KAS,0.9,16
3188,2,winter_wheat,1,PK,0.001,40
3188,2,winter_wheat,2,KAS,0.25,32
3188,2,winter_wheat,3,KAS,0.4,16
3188,2,winter_wheat,4,KAS,0.9,16
3189,2,winter_wheat,1,PK,0.001,40
3189,2,winter_wheat,2,KAS,0.25,32
3189,2,winter_wheat,3,KAS,0.4,16
3189,2,winter_wheat,4,KAS,0.9,16
3193,2,winter_wheat,1,PK,0.001,40
3193,2,winter_wheat,2,KAS,0.25,32
3193,2,winter_wheat,3,KAS,0.4,16
3193,2,winter_wheat,4,KAS,0.9,16
3197,2,winter_wheat,1,PK,0.001,40
3197,2,winter_wheat,2,KAS,0.25,32
3197,2,winter_wheat,3,KAS,0.4,16
3197,2,winter_wheat,4,KAS,0.9,16
3198,2,winter_wheat,1,PK,0.001,40
3198,2,winter_wheat,2,KAS,0.25,32
3198,2,winter_wheat,3,KAS,0.4,16
3198,2,winter_wheat,4,KAS,0.9,16
3200,2,winter_wheat,1,PK,0.001,40
3200,2,winter_wheat,2,KAS,0.25,32
3200,2,winter_wheat,3,KAS,0.4,16
3200,2,winter_wheat,4,KAS,0.9,16
3203,2,winter_wheat,1,PK,0.001,40
3203,2,winter_wheat,2,KAS,0.25,32
3203,2,winter_wheat,3,KAS,0.4,16
3203,2,winter_wheat,4,KAS,0.9,16
3204,2,winter_wheat,1,PK,0.001,40
3204,2,winter_wheat,2,KAS,0.25,32
3204,2,winter_wheat,3,KAS,0.4,16
3204,2,winter_wheat,4,KAS,0.9,16
3205,2,winter_wheat,1,PK,0.001,40
3205,2,winter_wheat,2,KAS,0.25,32
3205,2,winter_wheat,3,KAS,0.4,16
3205,2,winter_wheat,4,KAS,0.9,16
3206,2,winter_wheat,1,PK,0.001,40
3206,2,winter_wheat,2,KAS,0.25,32
3206,2,winter_wheat,3,KAS,0.4,16
3206,2,winter_wheat,4,KAS,0.9,16
3207,2,winter_wheat,1,PK,0.001,40
3207,2,winter_wheat,2,KAS,0.25,32
3207,2,winter_wheat,3,KAS,0.4,16
3207,2,winter_wheat,4,KAS,0.9,16
3209,2,winter_wheat,1,PK,0.001,40
3209,2,winter_wheat,2,KAS,0.25,32
3209,2,winter_wheat,3,KAS,0.4,16
3209,2,winter_wheat,4,KAS,0.9,16
3210,2,winter_wheat,1,PK,0.001,40
3210,2,winter_wheat,2,KAS,0.25,32
3210,2,winter_wheat,3,KAS,0.4,16
3210,2,winter_wheat,4,KAS,0.9,16
3217,2,winter_wheat,1,PK,0.001,40
3217,2,winter_wheat,2,KAS,0.25,32
3217,2,winter_wheat,3,KAS,0.4,16
3217,2,winter_wheat,4,KAS,0.9,16
3218,2,winter_wheat,1,PK,0.001,40
3218,2,winter_wheat,2,KAS,0.25,32
3218,2,winter_wheat,3,KAS,0.4,16
3218,2,winter_wheat,4,KAS,0.9,16
3221,2,winter_wheat,1,PK,0.001,40
3221,2,winter_wheat,2,KAS,0.25,32
3221,2,winter_wheat,3,KAS,0.4,16
3221,2,winter_wheat,4,KAS,0.9,16
3223,2,winter_wheat,1,PK,0.001,40
3223,2,winter_wheat,2,KAS,0.25,32
3223,2,winter_wheat,3,KAS,0.4,16
3223,2,winter_wheat,4,KAS,0.9,16
3224,2,winter_wheat,1,PK,0.001,40
3224,2,winter_wheat,2,KAS,0.25,32
3224,2,winter_wheat,3,KAS,0.4,16
3224,2,winter_wheat,4,KAS,0.9,16
3228,2,winter_wheat,1,PK,0.001,40
3228,2,winter_wheat,2,KAS,0.25,32
3228,2,winter_wheat,3,KAS,0.4,16
3228,2,winter_wheat,4,KAS,0.9,16
3230,2,winter_wheat,1,PK,0.001,40
3230,2,winter_wheat,2,KAS,0.25,32
3230,2,winter_wheat,3,KAS,0.4,16
3230,2,winter_wheat,4,KAS,0.9,16
3232,2,winter_wheat,1,PK,0.001,40
3232,2,winter_wheat,2,KAS,0.25,32
3232,2,winter_wheat,3,KAS,0.4,16
3232,2,winter_wheat,4,KAS,0.9,16
3235,2,winter_wheat,1,PK,0.001,40
3235,2,winter_wheat,2,KAS,0.25,32
3235,2,winter_wheat,3,KAS,0.4,16
3235,2,winter_wheat,4,KAS,0.9,16
3238,2,winter_wheat,1,PK,0.001,40
3238,2,winter_wheat,2,KAS,0.25,32
3238,2,winter_wheat,3,KAS,0.4,16
3238,2,winter_wheat,4,KAS,0.9,16
3242,2,winter_wheat,1,PK,0.001,40
3242,2,winter_wheat,2,KAS,0.25,32
3242,2,winter_wheat,3,KAS,0.4,16
3242,2,winter_wheat,4,KAS,0.9,16
3244,2,winter_wheat,1,PK,0.001,40
3244,2,winter_wheat,2,KAS,0.25,32
3244,2,winter_wheat,3,KAS,0.4,16
3244,2,winter_wheat,4,KAS,0.9,16
3245,2,winter_wheat,1,PK,0.001,40
3245,2,winter_wheat,2,KAS,0.25,32
3245,2,winter_wheat,3,KAS,0.4,16
3245,2,winter_wheat,4,KAS,0.9,16
3248,2,winter_wheat,1,PK,0.001,40
3248,2,winter_wheat,2,KAS,0.25,32
3248,2,winter_wheat,3,KAS,0.4,16
3248,2,winter_wheat,4,KAS,0.9,16
3251,2,winter_wheat,1,PK,0.001,40
3251,2,winter_wheat,2,KAS,0.25,32
3251,2,winter_wheat,3,KAS,0.4,16
3251,2,winter_wheat,4,KAS,0.9,16
3252,2,winter_wheat,1,PK,0.001,40
3252,2,winter_wheat,2,KAS,0.25,32
3252,2,winter_wheat,3,KAS,0.4,16
3252,2,winter_wheat,4,KAS,0.9,16
3254,2,winter_wheat,1,PK,0.001,40
3254,2,winter_wheat,2,KAS,0.25,32
3254,2,winter_wheat,3,KAS,0.4,16
3254,2,winter_wheat,4,KAS,0.9,16
3255,2,winter_wheat,1,PK,0.001,40
3255,2,winter_wheat,2,KAS,0.25,32
3255,2,winter_wheat,3,KAS,0.4,16
3255,2,winter_wheat,4,KAS,0.9,16
3256,2,winter_wheat,1,PK,0.001,40
3256,2,winter_wheat,2,KAS,0.25,32
3256,2,winter_wheat,3,KAS,0.4,16
3256,2,winter_wheat,4,KAS,0.9,16
3257,2,winter_wheat,1,PK,0.001,40
3257,2,winter_wheat,2,KAS,0.25,32
3257,2,winter_wheat,3,KAS,0.4,16
3257,2,winter_wheat,4,KAS,0.9,16
3258,2,winter_wheat,1,PK,0.001,40
3258,2,winter_wheat,2,KAS,0.25,32
3258,2,winter_wheat,3,KAS,0.4,16
3258,2,winter_wheat,4,KAS,0.9,16
3260,2,winter_wheat,1,PK,0.001,40
3260,2,winter_wheat,2,KAS,0.25,32
3260,2,winter_wheat,3,KAS,0.4,16
3260,2,winter_wheat,4,KAS,0.9,16
3263,2,winter_wheat,1,PK,0.001,40
3263,2,winter_wheat,2,KAS,0.25,32
3263,2,winter_wheat,3,KAS,0.4,16
3263,2,winter_wheat,4,KAS,0.9,16
3269,2,winter_wheat,1,PK,0.001,40
3269,2,winter_wheat,2,KAS,0.25,32
3269,2,winter_wheat,3,KAS,0.4,16
3269,2,winter_wheat,4,KAS,0.9,16
3271,2,winter_wheat,1,PK,0.001,40
3271,2,winter_wheat,2,KAS,0.25,32
3271,2,winter_wheat,3,KAS,0.4,16
3271,2,winter_wheat,4,KAS,0.9,16
3272,2,winter_wheat,1,PK,0.001,40
3272,2,winter_wheat,2,KAS,0.25,32
3272,2,winter_wheat,3,KAS,0.4,16
3272,2,winter_wheat,4,KAS,0.9,16
3275,2,winter_wheat,1,PK,0.001,40
3275,2,winter_wheat,2,KAS,0.25,32
3275,2,winter_wheat,3,KAS,0.4,16
3275,2,winter_wheat,4,KAS,0.9,16
3276,2,winter_wheat,1,PK,0.001,40
3276,2,winter_wheat,2,KAS,0.25,32
3276,2,winter_wheat,3,KAS,0.4,16
3276,2,winter_wheat,4,KAS,0.9,16
3280,2,winter_wheat,1,PK,0.001,40
3280,2,winter_wheat,2,KAS,0.25,32
3280,2,winter_wheat,3,KAS,0.4,16
3280,2,winter_wheat,4,KAS,0.9,16
3282,2,winter_wheat,1,PK,0.001,40
3282,2,winter_wheat,2,KAS,0.25,32
3282,2,winter_wheat,3,KAS,0.4,16
3282,2,winter_wheat,4,KAS,0.9,16
3285,2,winter_wheat,1,PK,0.001,40
3285,2,winter_wheat,2,KAS,0.25,32
3285,2,winter_wheat,3,KAS,0.4,16
3285,2,winter_wheat,4,KAS,0.9,16
3286,2,winter_wheat,1,PK,0.001,40
3286,2,winter_wheat,2,KAS,0.25,32
3286,2,winter_wheat,3,KAS,0.4,16
3286,2,winter_wheat,4,KAS,0.9,16
3288,2,winter_wheat,1,PK,0.001,40
3288,2,winter_wheat,2,KAS,0.25,32
3288,2,winter_wheat,3,KAS,0.4,16
3288,2,winter_wheat,4,KAS,0.9,16
3289,2,winter_wheat,1,PK,0.001,40
3289,2,winter_wheat,2,KAS,0.25,32
3289,2,winter_wheat,3,KAS,0.4,16
3289,2,winter_wheat,4,KAS,0.9,16
3290,2,winter_wheat,1,PK,0.001,40
3290,2,winter_wheat,2,KAS,0.25,32
3290,2,winter_wheat,3,KAS,0.4,16
3290,2,winter_wheat,4,KAS,0.9,16
3291,2,winter_wheat,1,PK,0.001,40
3291,2,winter_wheat,2,KAS,0.25,32
3291,2,winter_wheat,3,KAS,0.4,16
3291,2,winter_wheat,4,KAS,0.9,16
3292,2,winter_wheat,1,PK,0.001,40
3292,2,winter_wheat,2,KAS,0.25,32
3292,2,winter_wheat,3,KAS,0.4,16
3292,2,winter_wheat,4,KAS,0.9,16
3293,2,winter_wheat,1,PK,0.001,40
3293,2,winter_wheat,2,KAS,0.25,32
3293,2,winter_wheat,3,KAS,0.4,16
3293,2,winter_wheat,4,KAS,0.9,16
3294,2,winter_wheat,1,PK,0.001,40
3294,2,winter_wheat,2,KAS,0.25,32
3294,2,winter_wheat,3,KAS,0.4,16
3294,2,winter_wheat,4,KAS,0.9,16
3296,2,winter_wheat,1,PK,0.001,40
3296,2,winter_wheat,2,KAS,0.25,32
3296,2,winter_wheat,3,KAS,0.4,16
3296,2,winter_wheat,4,KAS,0.9,16
3301,2,winter_wheat,1,PK,0.001,40
3301,2,winter_wheat,2,KAS,0.25,32
3301,2,winter_wheat,3,KAS,0.4,16
3301,2,winter_wheat,4,KAS,0.9,16
3307,2,winter_wheat,1,PK,0.001,40
3307,2,winter_wheat,2,KAS,0.25,32
3307,2,winter_wheat,3,KAS,0.4,16
3307,2,winter_wheat,4,KAS,0.9,16
3309,2,winter_wheat,1,PK,0.001,40
3309,2,winter_wheat,2,KAS,0.25,32
3309,2,winter_wheat,3,KAS,0.4,16
3309,2,winter_wheat,4,KAS,0.9,16
3310,2,winter_wheat,1,PK,0.001,40
3310,2,winter_wheat,2,KAS,0.25,32
3310,2,winter_wheat,3,KAS,0.4,16
3310,2,winter_wheat,4,KAS,0.9,16
3311,2,winter_wheat,1,PK,0.001,40
3311,2,winter_wheat,2,KAS,0.25,32
3311,2,winter_wheat,3,KAS,0.4,16
3311,2,winter_wheat,4,KAS,0.9,16
3313,2,winter_wheat,1,PK,0.001,40
3313,2,winter_wheat,2,KAS,0.25,32
3313,2,winter_wheat,3,KAS,0.4,16
3313,2,winter_wheat,4,KAS,0.9,16
3314,2,winter_wheat,1,PK,0.001,40
3314,2,winter_wheat,2,KAS,0.25,32
3314,2,winter_wheat,3,KAS,0.4,16
3314,2,winter_wheat,4,KAS,0.9,16
3316,2,winter_wheat,1,PK,0.001,40
3316,2,winter_wheat,2,KAS,0.25,32
3316,2,winter_wheat,3,KAS,0.4,16
3316,2,winter_wheat,4,KAS,0.9,16
3317,2,winter_wheat,1,PK,0.001,40
3317,2,winter_wheat,2,KAS,0.25,32
3317,2,winter_wheat,3,KAS,0.4,16
3317,2,winter_wheat,4,KAS,0.9,16
3318,2,winter_wheat,1,PK,0.001,40
3318,2,winter_wheat,2,KAS,0.25,32
3318,2,winter_wheat,3,KAS,0.4,16
3318,2,winter_wheat,4,KAS,0.9,16
3319,2,winter_wheat,1,PK,0.001,40
3319,2,winter_wheat,2,KAS,0.25,32
3319,2,winter_wheat,3,KAS,0.4,16
3319,2,winter_wheat,4,KAS,0.9,16
3320,2,winter_wheat,1,PK,0.001,40
3320,2,winter_wheat,2,KAS,0.25,32
3320,2,winter_wheat,3,KAS,0.4,16
3320,2,winter_wheat,4,KAS,0.9,16
3325,2,winter_wheat,1,PK,0.001,40
3325,2,winter_wheat,2,KAS,0.25,32
3325,2,winter_wheat,3,KAS,0.4,16
3325,2,winter_wheat,4,KAS,0.9,16
3327,2,winter_wheat,1,PK,0.001,40
3327,2,winter_wheat,2,KAS,0.25,32
3327,2,winter_wheat,3,KAS,0.4,16
3327,2,winter_wheat,4,KAS,0.9,16
3329,2,winter_wheat,1,PK,0.001,40
3329,2,winter_wheat,2,KAS,0.25,32
3329,2,winter_wheat,3,KAS,0.4,16
3329,2,winter_wheat,4,KAS,0.9,16
3330,2,winter_wheat,1,PK,0.001,40
3330,2,winter_wheat,2,KAS,0.25,32
3330,2,winter_wheat,3,KAS,0.4,16
3330,2,winter_wheat,4,KAS,0.9,16
3332,2,winter_wheat,1,PK,0.001,40
3332,2,winter_wheat,2,KAS,0.25,32
3332,2,winter_wheat,3,KAS,0.4,16
3332,2,winter_wheat,4,KAS,0.9,16
3335,2,winter_wheat,1,PK,0.001,40
3335,2,winter_wheat,2,KAS,0.25,32
3335,2,winter_wheat,3,KAS,0.4,16
3335,2,winter_wheat,4,KAS,0.9,16
3337,2,winter_wheat,1,PK,0.001,40
3337,2,winter_wheat,2,KAS,0.25,32
3337,2,winter_wheat,3,KAS,0.4,16
3337,2,winter_wheat,4,KAS,0.9,16
3338,2,winter_wheat,1,PK,0.001,40
3338,2,winter_wheat,2,KAS,0.25,32
3338,2,winter_wheat,3,KAS,0.4,16
3338,2,winter_wheat,4,KAS,0.9,16
3340,2,winter_wheat,1,PK,0.001,40
3340,2,winter_wheat,2,KAS,0.25,32
3340,2,winter_wheat,3,KAS,0.4,16
3340,2,winter_wheat,4,KAS,0.9,16
3343,2,winter_wheat,1,PK,0.001,40
3343,2,winter_wheat,2,KAS,0.25,32
3343,2,winter_wheat,3,KAS,0.4,16
3343,2,winter_wheat,4,KAS,0.9,16
3346,2,winter_wheat,1,PK,0.001,40
3346,2,winter_wheat,2,KAS,0.25,32
3346,2,winter_wheat,3,KAS,0.4,16
3346,2,winter_wheat,4,KAS,0.9,16
3347,2,winter_wheat,1,PK,0.001,40
3347,2,winter_wheat,2,KAS,0.25,32
3347,2,winter_wheat,3,KAS,0.4,16
3347,2,winter_wheat,4,KAS,0.9,16
3351,2,winter_wheat,1,PK,0.001,40
3351,2,winter_wheat,2,KAS,0.25,32
3351,2,winter_wheat,3,KAS,0.4,16
3351,2,winter_wheat,4,KAS,0.9,16
3353,2,winter_wheat,1,PK,0.001,40
3353,2,winter_wheat,2,KAS,0.25,32
3353,2,winter_wheat,3,KAS,0.4,16
3353,2,winter_wheat,4,KAS,0.9,16
3355,2,winter_wheat,1,PK,0.001,40
3355,2,winter_wheat,2,KAS,0.25,32
3355,2,winter_wheat,3,KAS,0.4,16
3355,2,winter_wheat,4,KAS,0.9,16
3357,2,winter_wheat,1,PK,0.001,40
3357,2,winter_wheat,2,KAS,0.25,32
3357,2,winter_wheat,3,KAS,0.4,16
3357,2,winter_wheat,4,KAS,0.9,16
3360,2,winter_wheat,1,PK,0.001,40
3360,2,winter_wheat,2,KAS,0.25,32
3360,2,winter_wheat,3,KAS,0.4,16
3360,2,winter_wheat,4,KAS,0.9,16
3363,2,winter_wheat,1,PK,0.001,40
3363,2,winter_wheat,2,KAS,0.25,32
3363,2,winter_wheat,3,KAS,0.4,16
3363,2,winter_wheat,4,KAS,0.9,16
3364,2,winter_wheat,1,PK,0.001,40
3364,2,winter_wheat,2,KAS,0.25,32
3364,2,winter_wheat,3,KAS,0.4,16
3364,2,winter_wheat,4,KAS,0.9,16
3365,2,winter_wheat,1,PK,0.001,40
3365,2,winter_wheat,2,KAS,0.25,32
3365,2,winter_wheat,3,KAS,0.4,16
3365,2,winter_wheat,4,KAS,0.9,16
3367,2,winter_wheat,1,PK,0.001,40
3367,2,winter_wheat,2,KAS,0.25,32
3367,2,winter_wheat,3,KAS,0.4,16
3367,2,winter_wheat,4,KAS,0.9,16
3370,2,winter_wheat,1,PK,0.001,40
3370,2,winter_wheat,2,KAS,0.25,32
3370,2,winter_wheat,3,KAS,0.4,16
3370,2,winter_wheat,4,KAS,0.9,16
3374,2,winter_wheat,1,PK,0.001,40
3374,2,winter_wheat,2,KAS,0.25,32
3374,2,winter_wheat,3,KAS,0.4,16
3374,2,winter_wheat,4,KAS,0.9,16
3382,2,winter_wheat,1,PK,0.001,40
3382,2,winter_wheat,2,KAS,0.25,32
3382,2,winter_wheat,3,KAS,0.4,16
3382,2,winter_wheat,4,KAS,0.9,16
3386,2,winter_wheat,1,PK,0.001,40
3386,2,winter_wheat,2,KAS,0.25,32
3386,2,winter_wheat,3,KAS,0.4,16
3386,2,winter_wheat,4,KAS,0.9,16
3387,2,winter_wheat,1,PK,0.001,40
3387,2,winter_wheat,2,KAS,0.25,32
3387,2,winter_wheat,3,KAS,0.4,16
3387,2,winter_wheat,4,KAS,0.9,16
3388,2,winter_wheat,1,PK,0.001,40
3388,2,winter_wheat,2,KAS,0.25,32
3388,2,winter_wheat,3,KAS,0.4,16
3388,2,winter_wheat,4,KAS,0.9,16
3400,2,winter_wheat,1,PK,0.001,40
3400,2,winter_wheat,2,KAS,0.25,32
3400,2,winter_wheat,3,KAS,0.4,16
3400,2,winter_wheat,4,KAS,0.9,16
3402,2,winter_wheat,1,PK,0.001,40
3402,2,winter_wheat,2,KAS,0.25,32
3402,2,winter_wheat,3,KAS,0.4,16
3402,2,winter_wheat,4,KAS,0.9,16
3404,2,winter_wheat,1,PK,0.001,40
3404,2,winter_wheat,2,KAS,0.25,32
3404,2,winter_wheat,3,KAS,0.4,16
3404,2,winter_wheat,4,KAS,0.9,16
3406,2,winter_wheat,1,PK,0.001,40
3406,2,winter_wheat,2,KAS,0.25,32
3406,2,winter_wheat,3,KAS,0.4,16
3406,2,winter_wheat,4,KAS,0.9,16
3407,2,winter_wheat,1,PK,0.001,40
3407,2,winter_wheat,2,KAS,0.25,32
3407,2,winter_wheat,3,KAS,0.4,16
3407,2,winter_wheat,4,KAS,0.9,16
3410,2,winter_wheat,1,PK,0.001,40
3410,2,winter_wheat,2,KAS,0.25,32
3410,2,winter_wheat,3,KAS,0.4,16
3410,2,winter_wheat,4,KAS,0.9,16
3411,2,winter_wheat,1,PK,0.001,40
3411,2,winter_wheat,2,KAS,0.25,32
3411,2,winter_wheat,3,KAS,0.4,16
3411,2,winter_wheat,4,KAS,0.9,16
3414,2,winter_wheat,1,PK,0.001,40
3414,2,winter_wheat,2,KAS,0.25,32
3414,2,winter_wheat,3,KAS,0.4,16
3414,2,winter_wheat,4,KAS,0.9,16
3415,2,winter_wheat,1,PK,0.001,40
3415,2,winter_wheat,2,KAS,0.25,32
3415,2,winter_wheat,3,KAS,0.4,16
3415,2,winter_wheat,4,KAS,0.9,16
3416,2,winter_wheat,1,PK,0.001,40
3416,2,winter_wheat,2,KAS,0.25,32
3416,2,winter_wheat,3,KAS,0.4,16
3416,2,winter_wheat,4,KAS,0.9,16
3418,2,winter_wheat,1,PK,0.001,40
3418,2,winter_wheat,2,KAS,0.25,32
3418,2,winter_wheat,3,KAS,0.4,16
3418,2,winter_wheat,4,KAS,0.9,16
3419,2,winter_wheat,1,PK,0.001,40
3419,2,winter_wheat,2,KAS,0.25,32
3419,2,winter_wheat,3,KAS,0.4,16
3419,2,winter_wheat,4,KAS,0.9,16
3425,2,winter_wheat,1,PK,0.001,40
3425,2,winter_wheat,2,KAS,0.25,32
3425,2,winter_wheat,3,KAS,0.4,16
3425,2,winter_wheat,4,KAS,0.9,16
3428,2,winter_wheat,1,PK,0.001,40
3428,2,winter_wheat,2,KAS,0.25,32
3428,2,winter_wheat,3,KAS,0.4,16
3428,2,winter_wheat,4,KAS,0.9,16
3433,2,winter_wheat,1,PK,0.001,40
3433,2,winter_wheat,2,KAS,0.25,32
3433,2,winter_wheat,3,KAS,0.4,16
3433,2,winter_wheat,4,KAS,0.9,16
3435,2,winter_wheat,1,PK,0.001,40
3435,2,winter_wheat,2,KAS,0.25,32
3435,2,winter_wheat,3,KAS,0.4,16
3435,2,winter_wheat,4,KAS,0.9,16
3438,2,winter_wheat,1,PK,0.001,40
3438,2,winter_wheat,2,KAS,0.25,32
3438,2,winter_wheat,3,KAS,0.4,16
3438,2,winter_wheat,4,KAS,0.9,16
3439,2,winter_wheat,1,PK,0.001,40
3439,2,winter_wheat,2,KAS,0.25,32
3439,2,winter_wheat,3,KAS,0.4,16
3439,2,winter_wheat,4,KAS,0.9,16
3440,2,winter_wheat,1,PK,0.001,40
3440,2,winter_wheat,2,KAS,0.25,32
3440,2,winter_wheat,3,KAS,0.4,16
3440,2,winter_wheat,4,KAS,0.9,16
3448,2,winter_wheat,1,PK,0.001,40
3448,2,winter_wheat,2,KAS,0.25,32
3448,2,winter_wheat,3,KAS,0.4,16
3448,2,winter_wheat,4,KAS,0.9,16
3455,2,winter_wheat,1,PK,0.001,40
3455,2,winter_wheat,2,KAS,0.25,32
3455,2,winter_wheat,3,KAS,0.4,16
3455,2,winter_wheat,4,KAS,0.9,16
3459,2,winter_wheat,1,PK,0.001,40
3459,2,winter_wheat,2,KAS,0.25,32
3459,2,winter_wheat,3,KAS,0.4,16
3459,2,winter_wheat,4,KAS,0.9,16
3462,2,winter_wheat,1,PK,0.001,40
3462,2,winter_wheat,2,KAS,0.25,32
3462,2,winter_wheat,3,KAS,0.4,16
3462,2,winter_wheat,4,KAS,0.9,16
3463,2,winter_wheat,1,PK,0.001,40
3463,2,winter_wheat,2,KAS,0.25,32
3463,2,winter_wheat,3,KAS,0.4,16
3463,2,winter_wheat,4,KAS,0.9,16
3465,2,winter_wheat,1,PK,0.001,40
3465,2,winter_wheat,2,KAS,0.25,32
3465,2,winter_wheat,3,KAS,0.4,16
3465,2,winter_wheat,4,KAS,0.9,16
3468,2,winter_wheat,1,PK,0.001,40
3468,2,winter_wheat,2,KAS,0.25,32
3468,2,winter_wheat,3,KAS,0.4,16
3468,2,winter_wheat,4,KAS,0.9,16
3469,2,winter_wheat,1,PK,0.001,40
3469,2,winter_wheat,2,KAS,0.25,32
3469,2,winter_wheat,3,KAS,0.4,16
3469,2,winter_wheat,4,KAS,0.9,16
3470,2,winter_wheat,1,PK,0.001,40
3470,2,winter_wheat,2,KAS,0.25,32
3470,2,winter_wheat,3,KAS,0.4,16
3470,2,winter_wheat,4,KAS,0.9,16
3471,2,winter_wheat,1,PK,0.001,40
3471,2,winter_wheat,2,KAS,0.25,32
3471,2,winter_wheat,3,KAS,0.4,16
3471,2,winter_wheat,4,KAS,0.9,16
3472,2,winter_wheat,1,PK,0.001,40
3472,2,winter_wheat,2,KAS,0.25,32
3472,2,winter_wheat,3,KAS,0.4,16
3472,2,winter_wheat,4,KAS,0.9,16
3473,2,winter_wheat,1,PK,0.001,40
3473,2,winter_wheat,2,KAS,0.25,32
3473,2,winter_wheat,3,KAS,0.4,16
3473,2,winter_wheat,4,KAS,0.9,16
3474,2,winter_wheat,1,PK,0.001,40
3474,2,winter_wheat,2,KAS,0.25,32
3474,2,winter_wheat,3,KAS,0.4,16
3474,2,winter_wheat,4,KAS,0.9,16
3475,2,winter_wheat,1,PK,0.001,40
3475,2,winter_wheat,2,KAS,0.25,32
3475,2,winter_wheat,3,KAS,0.4,16
3475,2,winter_wheat,4,KAS,0.9,16
3476,2,winter_wheat,1,PK,0.001,40
3476,2,winter_wheat,2,KAS,0.25,32
3476,2,winter_wheat,3,KAS,0.4,16
3476,2,winter_wheat,4,KAS,0.9,16
3478,2,winter_wheat,1,PK,0.001,40
3478,2,winter_wheat,2,KAS,0.25,32
3478,2,winter_wheat,3,KAS,0.4,16
3478,2,winter_wheat,4,KAS,0.9,16
3479,2,winter_wheat,1,PK,0.001,40
3479,2,winter_wheat,2,KAS,0.25,32
3479,2,winter_wheat,3,KAS,0.4,16
3479,2,winter_wheat,4,KAS,0.9,16
3482,2,winter_wheat,1,PK,0.001,40
3482,2,winter_wheat,2,KAS,0.25,32
3482,2,winter_wheat,3,KAS,0.4,16
3482,2,winter_wheat,4,KAS,0.9,16
3483,2,winter_wheat,1,PK,0.001,40
3483,2,winter_wheat,2,KAS,0.25,32
3483,2,winter_wheat,3,KAS,0.4,16
3483,2,winter_wheat,4,KAS,0.9,16
3486,2,winter_wheat,1,PK,0.001,40
3486,2,winter_wheat,2,KAS,0.25,32
3486,2,winter_wheat,3,KAS,0.4,16
3486,2,winter_wheat,4,KAS,0.9,16
3487,2,winter_wheat,1,PK,0.001,40
3487,2,winter_wheat,2,KAS,0.25,32
3487,2,winter_wheat,3,KAS,0.4,16
3487,2,winter_wheat,4,KAS,0.9,16
3489,2,winter_wheat,1,PK,0.001,40
3489,2,winter_wheat,2,KAS,0.25,32
3489,2,winter_wheat,3,KAS,0.4,16
3489,2,winter_wheat,4,KAS,0.9,16
3492,2,winter_wheat,1,PK,0.001,40
3492,2,winter_wheat,2,KAS,0.25,32
3492,2,winter_wheat,3,KAS,0.4,16
3492,2,winter_wheat,4,KAS,0.9,16
3494,2,winter_wheat,1,PK,0.001,40
3494,2,winter_wheat,2,KAS,0.25,32
3494,2,winter_wheat,3,KAS,0.4,16
3494,2,winter_wheat,4,KAS,0.9,16
3496,2,winter_wheat,1,PK,0.001,40
3496,2,winter_wheat,2,KAS,0.25,32
3496,2,winter_wheat,3,KAS,0.4,16
3496,2,winter_wheat,4,KAS,0.9,16
3498,2,winter_wheat,1,PK,0.001,40
3498,2,winter_wheat,2,KAS,0.25,32
3498,2,winter_wheat,3,KAS,0.4,16
3498,2,winter_wheat,4,KAS,0.9,16
3499,2,winter_wheat,1,PK,0.001,40
3499,2,winter_wheat,2,KAS,0.25,32
3499,2,winter_wheat,3,KAS,0.4,16
3499,2,winter_wheat,4,KAS,0.9,16
3500,2,winter_wheat,1,PK,0.001,40
3500,2,winter_wheat,2,KAS,0.25,32
3500,2,winter_wheat,3,KAS,0.4,16
3500,2,winter_wheat,4,KAS,0.9,16
3502,2,winter_wheat,1,PK,0.001,40
3502,2,winter_wheat,2,KAS,0.25,32
3502,2,winter_wheat,3,KAS,0.4,16
3502,2,winter_wheat,4,KAS,0.9,16
3503,2,winter_wheat,1,PK,0.001,40
3503,2,winter_wheat,2,KAS,0.25,32
3503,2,winter_wheat,3,KAS,0.4,16
3503,2,winter_wheat,4,KAS,0.9,16
3504,2,winter_wheat,1,PK,0.001,40
3504,2,winter_wheat,2,KAS,0.25,32
3504,2,winter_wheat,3,KAS,0.4,16
3504,2,winter_wheat,4,KAS,0.9,16
3507,2,winter_wheat,1,PK,0.001,40
3507,2,winter_wheat,2,KAS,0.25,32
3507,2,winter_wheat,3,KAS,0.4,16
3507,2,winter_wheat,4,KAS,0.9,16
3511,2,winter_wheat,1,PK,0.001,40
3511,2,winter_wheat,2,KAS,0.25,32
3511,2,winter_wheat,3,KAS,0.4,16
3511,2,winter_wheat,4,KAS,0.9,16
3512,2,winter_wheat,1,PK,0.001,40
3512,2,winter_wheat,2,KAS,0.25,32
3512,2,winter_wheat,3,KAS,0.4,16
3512,2,winter_wheat,4,KAS,0.9,16
3514,2,winter_wheat,1,PK,0.001,40
3514,2,winter_wheat,2,KAS,0.25,32
3514,2,winter_wheat,3,KAS,0.4,16
3514,2,winter_wheat,4,KAS,0.9,16
3518,2,winter_wheat,1,PK,0.001,40
3518,2,winter_wheat,2,KAS,0.25,32
3518,2,winter_wheat,3,KAS,0.4,16
3518,2,winter_wheat,4,KAS,0.9,16
3520,2,winter_wheat,1,PK,0.001,40
3520,2,winter_wheat,2,KAS,0.25,32
3520,2,winter_wheat,3,KAS,0.4,16
3520,2,winter_wheat,4,KAS,0.9,16
3525,2,winter_wheat,1,PK,0.001,40
3525,2,winter_wheat,2,KAS,0.25,32
3525,2,winter_wheat,3,KAS,0.4,16
3525,2,winter_wheat,4,KAS,0.9,16
3526,2,winter_wheat,1,PK,0.001,40
3526,2,winter_wheat,2,KAS,0.25,32
3526,2,winter_wheat,3,KAS,0.4,16
3526,2,winter_wheat,4,KAS,0.9,16
3529,2,winter_wheat,1,PK,0.001,40
3529,2,winter_wheat,2,KAS,0.25,32
3529,2,winter_wheat,3,KAS,0.4,16
3529,2,winter_wheat,4,KAS,0.9,16
3531,2,winter_wheat,1,PK,0.001,40
3531,2,winter_wheat,2,KAS,0.25,32
3531,2,winter_wheat,3,KAS,0.4,16
3531,2,winter_wheat,4,KAS,0.9,16
3532,2,winter_wheat,1,PK,0.001,40
3532,2,winter_wheat,2,KAS,0.25,32
3532,2,winter_wheat,3,KAS,0.4,16
3532,2,winter_wheat,4,KAS,0.9,16
3537,2,winter_wheat,1,PK,0.001,40
3537,2,winter_wheat,2,KAS,0.25,32
3537,2,winter_wheat,3,KAS,0.4,16
3537,2,winter_wheat,4,KAS,0.9,16
3538,2,winter_wheat,1,PK,0.001,40
3538,2,winter_wheat,2,KAS,0.25,32
3538,2,winter_wheat,3,KAS,0.4,16
3538,2,winter_wheat,4,KAS,0.9,16
3539,2,winter_wheat,1,PK,0.001,40
3539,2,winter_wheat,2,KAS,0.25,32
3539,2,winter_wheat,3,KAS,0.4,16
3539,2,winter_wheat,4,KAS,0.9,16
3542,2,winter_wheat,1,PK,0.001,40
3542,2,winter_wheat,2,KAS,0.25,32
3542,2,winter_wheat,3,KAS,0.4,16
3542,2,winter_wheat,4,KAS,0.9,16
3544,2,winter_wheat,1,PK,0.001,40
3544,2,winter_wheat,2,KAS,0.25,32
3544,2,winter_wheat,3,KAS,0.4,16
3544,2,winter_wheat,4,KAS,0.9,16
3545,2,winter_wheat,1,PK,0.001,40
3545,2,winter_wheat,2,KAS,0.25,32
3545,2,winter_wheat,3,KAS,0.4,16
3545,2,winter_wheat,4,KAS,0.9,16
3546,2,winter_wheat,1,PK,0.001,40
3546,2,winter_wheat,2,KAS,0.25,32
3546,2,winter_wheat,3,KAS,0.4,16
3546,2,winter_wheat,4,KAS,0.9,16
3549,2,winter_wheat,1,PK,0.001,40
3549,2,winter_wheat,2,KAS,0.25,32
3549,2,winter_wheat,3,KAS,0.4,16
3549,2,winter_wheat,4,KAS,0.9,16
3551,2,winter_wheat,1,PK,0.001,40
3551,2,winter_wheat,2,KAS,0.25,32
3551,2,winter_wheat,3,KAS,0.4,16
3551,2,winter_wheat,4,KAS,0.9,16
3552,2,winter_wheat,1,PK,0.001,40
3552,2,winter_wheat,2,KAS,0.25,32
3552,2,winter_wheat,3,KAS,0.4,16
3552,2,winter_wheat,4,KAS,0.9,16
3553,2,winter_wheat,1,PK,0.001,40
3553,2,winter_wheat,2,KAS,0.25,32
3553,2,winter_wheat,3,KAS,0.4,16
3553,2,winter_wheat,4,KAS,0.9,16
3559,2,winter_wheat,1,PK,0.001,40
3559,2,winter_wheat,2,KAS,0.25,32
3559,2,winter_wheat,3,KAS,0.4,16
3559,2,winter_wheat,4,KAS,0.9,16
3562,2,winter_wheat,1,PK,0.001,40
3562,2,winter_wheat,2,KAS,0.25,32
3562,2,winter_wheat,3,KAS,0.4,16
3562,2,winter_wheat,4,KAS,0.9,16
3563,2,winter_wheat,1,PK,0.001,40
3563,2,winter_wheat,2,KAS,0.25,32
3563,2,winter_wheat,3,KAS,0.4,16
3563,2,winter_wheat,4,KAS,0.9,16
3564,2,winter_wheat,1,PK,0.001,40
3564,2,winter_wheat,2,KAS,0.25,32
3564,2,winter_wheat,3,KAS,0.4,16
3564,2,winter_wheat,4,KAS,0.9,16
3565,2,winter_wheat,1,PK,0.001,40
3565,2,winter_wheat,2,KAS,0.25,32
3565,2,winter_wheat,3,KAS,0.4,16
3565,2,winter_wheat,4,KAS,0.9,16
3570,2,winter_wheat,1,PK,0.001,40
3570,2,winter_wheat,2,KAS,0.25,32
3570,2,winter_wheat,3,KAS,0.4,16
3570,2,winter_wheat,4,KAS,0.9,16
3574,2,winter_wheat,1,PK,0.001,40
3574,2,winter_wheat,2,KAS,0.25,32
3574,2,winter_wheat,3,KAS,0.4,16
3574,2,winter_wheat,4,KAS,0.9,16
3575,2,winter_wheat,1,PK,0.001,40
3575,2,winter_wheat,2,KAS,0.25,32
3575,2,winter_wheat,3,KAS,0.4,16
3575,2,winter_wheat,4,KAS,0.9,16
3579,2,winter_wheat,1,PK,0.001,40
3579,2,winter_wheat,2,KAS,0.25,32
3579,2,winter_wheat,3,KAS,0.4,16
3579,2,winter_wheat,4,KAS,0.9,16
3580,2,winter_wheat,1,PK,0.001,40
3580,2,winter_wheat,2,KAS,0.25,32
3580,2,winter_wheat,3,KAS,0.4,16
3580,2,winter_wheat,4,KAS,0.9,16
3581,2,winter_wheat,1,PK,0.001,40
3581,2,winter_wheat,2,KAS,0.25,32
3581,2,winter_wheat,3,KAS,0.4,16
3581,2,winter_wheat,4,KAS,0.9,16
3586,2,winter_wheat,1,PK,0.001,40
3586,2,winter_wheat,2,KAS,0.25,32
3586,2,winter_wheat,3,KAS,0.4,16
3586,2,winter_wheat,4,KAS,0.9,16
3588,2,winter_wheat,1,PK,0.001,40
3588,2,winter_wheat,2,KAS,0.25,32
3588,2,winter_wheat,3,KAS,0.4,16
3588,2,winter_wheat,4,KAS,0.9,16
3589,2,winter_wheat,1,PK,0.001,40
3589,2,winter_wheat,2,KAS,0.25,32
3589,2,winter_wheat,3,KAS,0.4,16
3589,2,winter_wheat,4,KAS,0.9,16
3591,2,winter_wheat,1,PK,0.001,40
3591,2,winter_wheat,2,KAS,0.25,32
3591,2,winter_wheat,3,KAS,0.4,16
3591,2,winter_wheat,4,KAS,0.9,16
3593,2,winter_wheat,1,PK,0.001,40
3593,2,winter_wheat,2,KAS,0.25,32
3593,2,winter_wheat,3,KAS,0.4,16
3593,2,winter_wheat,4,KAS,0.9,16
3594,2,winter_wheat,1,PK,0.001,40
3594,2,winter_wheat,2,KAS,0.25,32
3594,2,winter_wheat,3,KAS,0.4,16
3594,2,winter_wheat,4,KAS,0.9,16
3596,2,winter_wheat,1,PK,0.001,40
3596,2,winter_wheat,2,KAS,0.25,32
3596,2,winter_wheat,3,KAS,0.4,16
3596,2,winter_wheat,4,KAS,0.9,16
3599,2,winter_wheat,1,PK,0.001,40
3599,2,winter_wheat,2,KAS,0.25,32
3599,2,winter_wheat,3,KAS,0.4,16
3599,2,winter_wheat,4,KAS,0.9,16
3602,2,winter_wheat,1,PK,0.001,40
3602,2,winter_wheat,2,KAS,0.25,32
3602,2,winter_wheat,3,KAS,0.4,16
3602,2,winter_wheat,4,KAS,0.9,16
3606,2,winter_wheat,1,PK,0.001,40
3606,2,winter_wheat,2,KAS,0.25,32
3606,2,winter_wheat,3,KAS,0.4,16
3606,2,winter_wheat,4,KAS,0.9,16
3607,2,winter_wheat,1,PK,0.001,40
3607,2,winter_wheat,2,KAS,0.25,32
3607,2,winter_wheat,3,KAS,0.4,16
3607,2,winter_wheat,4,KAS,0.9,16
3609,2,winter_wheat,1,PK,0.001,40
3609,2,winter_wheat,2,KAS,0.25,32
3609,2,winter_wheat,3,KAS,0.4,16
3609,2,winter_wheat,4,KAS,0.9,16
3610,2,winter_wheat,1,PK,0.001,40
3610,2,winter_wheat,2,KAS,0.25,32
3610,2,winter_wheat,3,KAS,0.4,16
3610,2,winter_wheat,4,KAS,0.9,16
3612,2,winter_wheat,1,PK,0.001,40
3612,2,winter_wheat,2,KAS,0.25,32
3612,2,winter_wheat,3,KAS,0.4,16
3612,2,winter_wheat,4,KAS,0.9,16
3615,2,winter_wheat,1,PK,0.001,40
3615,2,winter_wheat,2,KAS,0.25,32
3615,2,winter_wheat,3,KAS,0.4,16
3615,2,winter_wheat,4,KAS,0.9,16
3617,2,winter_wheat,1,PK,0.001,40
3617,2,winter_wheat,2,KAS,0.25,32
3617,2,winter_wheat,3,KAS,0.4,16
3617,2,winter_wheat,4,KAS,0.9,16
3622,2,winter_wheat,1,PK,0.001,40
3622,2,winter_wheat,2,KAS,0.25,32
3622,2,winter_wheat,3,KAS,0.4,16
3622,2,winter_wheat,4,KAS,0.9,16
3624,2,winter_wheat,1,PK,0.001,40
3624,2,winter_wheat,2,KAS,0.25,32
3624,2,winter_wheat,3,KAS,0.4,16
3624,2,winter_wheat,4,KAS,0.9,16
3625,2,winter_wheat,1,PK,0.001,40
3625,2,winter_wheat,2,KAS,0.25,32
3625,2,winter_wheat,3,KAS,0.4,16
3625,2,winter_wheat,4,KAS,0.9,16
3627,2,winter_wheat,1,PK,0.001,40
3627,2,winter_wheat,2,KAS,0.25,32
3627,2,winter_wheat,3,KAS,0.4,16
3627,2,winter_wheat,4,KAS,0.9,16
3632,2,winter_wheat,1,PK,0.001,40
3632,2,winter_wheat,2,KAS,0.25,32
3632,2,winter_wheat,3,KAS,0.4,16
3632,2,winter_wheat,4,KAS,0.9,16
3634,2,winter_wheat,1,PK,0.001,40
3634,2,winter_wheat,2,KAS,0.25,32
3634,2,winter_wheat,3,KAS,0.4,16
3634,2,winter_wheat,4,KAS,0.9,16
3635,2,winter_wheat,1,PK,0.001,40
3635,2,winter_wheat,2,KAS,0.25,32
3635,2,winter_wheat,3,KAS,0.4,16
3635,2,winter_wheat,4,KAS,0.9,16
3636,2,winter_wheat,1,PK,0.001,40
3636,2,winter_wheat,2,KAS,0.25,32
3636,2,winter_wheat,3,KAS,0.4,16
3636,2,winter_wheat,4,KAS,0.9,16
3646,2,winter_wheat,1,PK,0.001,40
3646,2,winter_wheat,2,KAS,0.25,32
3646,2,winter_wheat,3,KAS,0.4,16
3646,2,winter_wheat,4,KAS,0.9,16
3647,2,winter_wheat,1,PK,0.001,40
3647,2,winter_wheat,2,KAS,0.25,32
3647,2,winter_wheat,3,KAS,0.4,16
3647,2,winter_wheat,4,KAS,0.9,16
3649,2,winter_wheat,1,PK,0.001,40
3649,2,winter_wheat,2,KAS,0.25,32
3649,2,winter_wheat,3,KAS,0.4,16
3649,2,winter_wheat,4,KAS,0.9,16
3651,2,winter_wheat,1,PK,0.001,40
3651,2,winter_wheat,2,KAS,0.25,32
3651,2,winter_wheat,3,KAS,0.4,16
3651,2,winter_wheat,4,KAS,0.9,16
3652,2,winter_wheat,1,PK,0.001,40
3652,2,winter_wheat,2,KAS,0.25,32
3652,2,winter_wheat,3,KAS,0.4,16
3652,2,winter_wheat,4,KAS,0.9,16
3654,2,winter_wheat,1,PK,0.001,40
3654,2,winter_wheat,2,KAS,0.25,32
3654,2,winter_wheat,3,KAS,0.4,16
3654,2,winter_wheat,4,KAS,0.9,16
3658,2,winter_wheat,1,PK,0.001,40
3658,2,winter_wheat,2,KAS,0.25,32
3658,2,winter_wheat,3,KAS,0.4,16
3658,2,winter_wheat,4,KAS,0.9,16
3659,2,winter_wheat,1,PK,0.001,40
3659,2,winter_wheat,2,KAS,0.25,32
3659,2,winter_wheat,3,KAS,0.4,16
3659,2,winter_wheat,4,KAS,0.9,16
3660,2,winter_wheat,1,PK,0.001,40
3660,2,winter_wheat,2,KAS,0.25,32
3660,2,winter_wheat,3,KAS,0.4,16
3660,2,winter_wheat,4,KAS,0.9,16
3663,2,winter_wheat,1,PK,0.001,40
3663,2,winter_wheat,2,KAS,0.25,32
3663,2,winter_wheat,3,KAS,0.4,16
3663,2,winter_wheat,4,KAS,0.9,16
3664,2,winter_wheat,1,PK,0.001,40
3664,2,winter_wheat,2,KAS,0.25,32
3664,2,winter_wheat,3,KAS,0.4,16
3664,2,winter_wheat,4,KAS,0.9,16
3666,2,winter_wheat,1,PK,0.001,40
3666,2,winter_wheat,2,KAS,0.25,32
3666,2,winter_wheat,3,KAS,0.4,16
3666,2,winter_wheat,4,KAS,0.9,16
3671,2,winter_wheat,1,PK,0.001,40
3671,2,winter_wheat,2,KAS,0.25,32
3671,2,winter_wheat,3,KAS,0.4,16
3671,2,winter_wheat,4,KAS,0.9,16
3673,2,winter_wheat,1,PK,0.001,40
3673,2,winter_wheat,2,KAS,0.25,32
3673,2,winter_wheat,3,KAS,0.4,16
3673,2,winter_wheat,4,KAS,0.9,16
3676,2,winter_wheat,1,PK,0.001,40
3676,2,winter_wheat,2,KAS,0.25,32
3676,2,winter_wheat,3,KAS,0.4,16
3676,2,winter_wheat,4,KAS,0.9,16
3685,2,winter_wheat,1,PK,0.001,40
3685,2,winter_wheat,2,KAS,0.25,32
3685,2,winter_wheat,3,KAS,0.4,16
3685,2,winter_wheat,4,KAS,0.9,16
3686,2,winter_wheat,1,PK,0.001,40
3686,2,winter_wheat,2,KAS,0.25,32
3686,2,winter_wheat,3,KAS,0.4,16
3686,2,winter_wheat,4,KAS,0.9,16
3688,2,winter_wheat,1,PK,0.001,40
3688,2,winter_wheat,2,KAS,0.25,32
3688,2,winter_wheat,3,KAS,0.4,16
3688,2,winter_wheat,4,KAS,0.9,16
3689,2,winter_wheat,1,PK,0.001,40
3689,2,winter_wheat,2,KAS,0.25,32
3689,2,winter_wheat,3,KAS,0.4,16
3689,2,winter_wheat,4,KAS,0.9,16
3691,2,winter_wheat,1,PK,0.001,40
3691,2,winter_wheat,2,KAS,0.25,32
3691,2,winter_wheat,3,KAS,0.4,16
3691,2,winter_wheat,4,KAS,0.9,16
3696,2,winter_wheat,1,PK,0.001,40
3696,2,winter_wheat,2,KAS,0.25,32
3696,2,winter_wheat,3,KAS,0.4,16
3696,2,winter_wheat,4,KAS,0.9,16
3697,2,winter_wheat,1,PK,0.001,40
3697,2,winter_wheat,2,KAS,0.25,32
3697,2,winter_wheat,3,KAS,0.4,16
3697,2,winter_wheat,4,KAS,0.9,16
3698,2,winter_wheat,1,PK,0.001,40
3698,2,winter_wheat,2,KAS,0.25,32
3698,2,winter_wheat,3,KAS,0.4,16
3698,2,winter_wheat,4,KAS,0.9,16
3699,2,winter_wheat,1,PK,0.001,40
3699,2,winter_wheat,2,KAS,0.25,32
3699,2,winter_wheat,3,KAS,0.4,16
3699,2,winter_wheat,4,KAS,0.9,16
3700,2,winter_wheat,1,PK,0.001,40
3700,2,winter_wheat,2,KAS,0.25,32
3700,2,winter_wheat,3,KAS,0.4,16
3700,2,winter_wheat,4,KAS,0.9,16
3702,2,winter_wheat,1,PK,0.001,40
3702,2,winter_wheat,2,KAS,0.25,32
3702,2,winter_wheat,3,KAS,0.4,16
3702,2,winter_wheat,4,KAS,0.9,16
3704,2,winter_wheat,1,PK,0.001,40
3704,2,winter_wheat,2,KAS,0.25,32
3704,2,winter_wheat,3,KAS,0.4,16
3704,2,winter_wheat,4,KAS,0.9,16
3705,2,winter_wheat,1,PK,0.001,40
3705,2,winter_wheat,2,KAS,0.25,32
3705,2,winter_wheat,3,KAS,0.4,16
3705,2,winter_wheat,4,KAS,0.9,16
3706,2,winter_wheat,1,PK,0.001,40
3706,2,winter_wheat,2,KAS,0.25,32
3706,2,winter_wheat,3,KAS,0.4,16
3706,2,winter_wheat,4,KAS,0.9,16
3707,2,winter_wheat,1,PK,0.001,40
3707,2,winter_wheat,2,KAS,0.25,32
3707,2,winter_wheat,3,KAS,0.4,16
3707,2,winter_wheat,4,KAS,0.9,16
3708,2,winter_wheat,1,PK,0.001,40
3708,2,winter_wheat,2,KAS,0.25,32
3708,2,winter_wheat,3,KAS,0.4,16
3708,2,winter_wheat,4,KAS,0.9,16
3709,2,winter_wheat,1,PK,0.001,40
3709,2,winter_wheat,2,KAS,0.25,32
3709,2,winter_wheat,3,KAS,0.4,16
3709,2,winter_wheat,4,KAS,0.9,16
3710,2,winter_wheat,1,PK,0.001,40
3710,2,winter_wheat,2,KAS,0.25,32
3710,2,winter_wheat,3,KAS,0.4,16
3710,2,winter_wheat,4,KAS,0.9,16
3711,2,winter_wheat,1,PK,0.001,40
3711,2,winter_wheat,2,KAS,0.25,32
3711,2,winter_wheat,3,KAS,0.4,16
3711,2,winter_wheat,4,KAS,0.9,16
3712,2,winter_wheat,1,PK,0.001,40
3712,2,winter_wheat,2,KAS,0.25,32
3712,2,winter_wheat,3,KAS,0.4,16
3712,2,winter_wheat,4,KAS,0.9,16
3714,2,winter_wheat,1,PK,0.001,40
3714,2,winter_wheat,2,KAS,0.25,32
3714,2,winter_wheat,3,KAS,0.4,16
3714,2,winter_wheat,4,KAS,0.9,16
3718,2,winter_wheat,1,PK,0.001,40
3718,2,winter_wheat,2,KAS,0.25,32
3718,2,winter_wheat,3,KAS,0.4,16
3718,2,winter_wheat,4,KAS,0.9,16
3722,2,winter_wheat,1,PK,0.001,40
3722,2,winter_wheat,2,KAS,0.25,32
3722,2,winter_wheat,3,KAS,0.4,16
3722,2,winter_wheat,4,KAS,0.9,16
3723,2,winter_wheat,1,PK,0.001,40
3723,2,winter_wheat,2,KAS,0.25,32
3723,2,winter_wheat,3,KAS,0.4,16
3723,2,winter_wheat,4,KAS,0.9,16
3724,2,winter_wheat,1,PK,0.001,40
3724,2,winter_wheat,2,KAS,0.25,32
3724,2,winter_wheat,3,KAS,0.4,16
3724,2,winter_wheat,4,KAS,0.9,16
3726,2,winter_wheat,1,PK,0.001,40
3726,2,winter_wheat,2,KAS,0.25,32
3726,2,winter_wheat,3,KAS,0.4,16
3726,2,winter_wheat,4,KAS,0.9,16
3727,2,winter_wheat,1,PK,0.001,40
3727,2,winter_wheat,2,KAS,0.25,32
3727,2,winter_wheat,3,KAS,0.4,16
3727,2,winter_wheat,4,KAS,0.9,16
3728,2,winter_wheat,1,PK,0.001,40
3728,2,winter_wheat,2,KAS,0.25,32
3728,2,winter_wheat,3,KAS,0.4,16
3728,2,winter_wheat,4,KAS,0.9,16
3729,2,winter_wheat,1,PK,0.001,40
3729,2,winter_wheat,2,KAS,0.25,32
3729,2,winter_wheat,3,KAS,0.4,16
3729,2,winter_wheat,4,KAS,0.9,16
3737,2,winter_wheat,1,PK,0.001,40
3737,2,winter_wheat,2,KAS,0.25,32
3737,2,winter_wheat,3,KAS,0.4,16
3737,2,winter_wheat,4,KAS,0.9,16
3739,2,winter_wheat,1,PK,0.001,40
3739,2,winter_wheat,2,KAS,0.25,32
3739,2,winter_wheat,3,KAS,0.4,16
3739,2,winter_wheat,4,KAS,0.9,16
3748,2,winter_wheat,1,PK,0.001,40
3748,2,winter_wheat,2,KAS,0.25,32
3748,2,winter_wheat,3,KAS,0.4,16
3748,2,winter_wheat,4,KAS,0.9,16
3751,2,winter_wheat,1,PK,0.001,40
3751,2,winter_wheat,2,KAS,0.25,32
3751,2,winter_wheat,3,KAS,0.4,16
3751,2,winter_wheat,4,KAS,0.9,16
3752,2,winter_wheat,1,PK,0.001,40
3752,2,winter_wheat,2,KAS,0.25,32
3752,2,winter_wheat,3,KAS,0.4,16
3752,2,winter_wheat,4,KAS,0.9,16
3753,2,winter_wheat,1,PK,0.001,40
3753,2,winter_wheat,2,KAS,0.25,32
3753,2,winter_wheat,3,KAS,0.4,16
3753,2,winter_wheat,4,KAS,0.9,16
3754,2,winter_wheat,1,PK,0.001,40
3754,2,winter_wheat,2,KAS,0.25,32
3754,2,winter_wheat,3,KAS,0.4,16
3754,2,winter_wheat,4,KAS,0.9,16
3756,2,winter_wheat,1,PK,0.001,40
3756,2,winter_wheat,2,KAS,0.25,32
3756,2,winter_wheat,3,KAS,0.4,16
3756,2,winter_wheat,4,KAS,0.9,16
3760,2,winter_wheat,1,PK,0.001,40
3760,2,winter_wheat,2,KAS,0.25,32
3760,2,winter_wheat,3,KAS,0.4,16
3760,2,winter_wheat,4,KAS,0.9,16
3761,2,winter_wheat,1,PK,0.001,40
3761,2,winter_wheat,2,KAS,0.25,32
3761,2,winter_wheat,3,KAS,0.4,16
3761,2,winter_wheat,4,KAS,0.9,16
3763,2,winter_wheat,1,PK,0.001,40
3763,2,winter_wheat,2,KAS,0.25,32
3763,2,winter_wheat,3,KAS,0.4,16
3763,2,winter_wheat,4,KAS,0.9,16
3766,2,winter_wheat,1,PK,0.001,40
3766,2,winter_wheat,2,KAS,0.25,32
3766,2,winter_wheat,3,KAS,0.4,16
3766,2,winter_wheat,4,KAS,0.9,16
3767,2,winter_wheat,1,PK,0.001,40
3767,2,winter_wheat,2,KAS,0.25,32
3767,2,winter_wheat,3,KAS,0.4,16
3767,2,winter_wheat,4,KAS,0.9,16
3771,2,winter_wheat,1,PK,0.001,40
3771,2,winter_wheat,2,KAS,0.25,32
3771,2,winter_wheat,3,KAS,0.4,16
3771,2,winter_wheat,4,KAS,0.9,16
3773,2,winter_wheat,1,PK,0.001,40
3773,2,winter_wheat,2,KAS,0.25,32
3773,2,winter_wheat,3,KAS,0.4,16
3773,2,winter_wheat,4,KAS,0.9,16
3774,2,winter_wheat,1,PK,0.001,40
3774,2,winter_wheat,2,KAS,0.25,32
3774,2,winter_wheat,3,KAS,0.4,16
3774,2,winter_wheat,4,KAS,0.9,16
3776,2,winter_wheat,1,PK,0.001,40
3776,2,winter_wheat,2,KAS,0.25,32
3776,2,winter_wheat,3,KAS,0.4,16
3776,2,winter_wheat,4,KAS,0.9,16
3784,2,winter_wheat,1,PK,0.001,40
3784,2,winter_wheat,2,KAS,0.25,32
3784,2,winter_wheat,3,KAS,0.4,16
3784,2,winter_wheat,4,KAS,0.9,16
3785,2,winter_wheat,1,PK,0.001,40
3785,2,winter_wheat,2,KAS,0.25,32
3785,2,winter_wheat,3,KAS,0.4,16
3785,2,winter_wheat,4,KAS,0.9,16
3790,2,winter_wheat,1,PK,0.001,40
3790,2,winter_wheat,2,KAS,0.25,32
3790,2,winter_wheat,3,KAS,0.4,16
3790,2,winter_wheat,4,KAS,0.9,16
3792,2,winter_wheat,1,PK,0.001,40
3792,2,winter_wheat,2,KAS,0.25,32
3792,2,winter_wheat,3,KAS,0.4,16
3792,2,winter_wheat,4,KAS,0.9,16
3793,2,winter_wheat,1,PK,0.001,40
3793,2,winter_wheat,2,KAS,0.25,32
3793,2,winter_wheat,3,KAS,0.4,16
3793,2,winter_wheat,4,KAS,0.9,16
3795,2,winter_wheat,1,PK,0.001,40
3795,2,winter_wheat,2,KAS,0.25,32
3795,2,winter_wheat,3,KAS,0.4,16
3795,2,winter_wheat,4,KAS,0.9,16
3801,2,winter_wheat,1,PK,0.001,40
3801,2,winter_wheat,2,KAS,0.25,32
3801,2,winter_wheat,3,KAS,0.4,16
3801,2,winter_wheat,4,KAS,0.9,16
3805,2,winter_wheat,1,PK,0.001,40
3805,2,winter_wheat,2,KAS,0.25,32
3805,2,winter_wheat,3,KAS,0.4,16
3805,2,winter_wheat,4,KAS,0.9,16
3806,2,winter_wheat,1,PK,0.001,40
3806,2,winter_wheat,2,KAS,0.25,32
3806,2,winter_wheat,3,KAS,0.4,16
3806,2,winter_wheat,4,KAS,0.9,16
3808,2,winter_wheat,1,PK,0.001,40
3808,2,winter_wheat,2,KAS,0.25,32
3808,2,winter_wheat,3,KAS,0.4,16
3808,2,winter_wheat,4,KAS,0.9,16
3809,2,winter_wheat,1,PK,0.001,40
3809,2,winter_wheat,2,KAS,0.25,32
3809,2,winter_wheat,3,KAS,0.4,16
3809,2,winter_wheat,4,KAS,0.9,16
3810,2,winter_wheat,1,PK,0.001,40
3810,2,winter_wheat,2,KAS,0.25,32
3810,2,winter_wheat,3,KAS,0.4,16
3810,2,winter_wheat,4,KAS,0.9,16
3811,2,winter_wheat,1,PK,0.001,40
3811,2,winter_wheat,2,KAS,0.25,32
3811,2,winter_wheat,3,KAS,0.4,16
3811,2,winter_wheat,4,KAS,0.9,16
3812,2,winter_wheat,1,PK,0.001,40
3812,2,winter_wheat,2,KAS,0.25,32
3812,2,winter_wheat,3,KAS,0.4,16
3812,2,winter_wheat,4,KAS,0.9,16
3813,2,winter_wheat,1,PK,0.001,40
3813,2,winter_wheat,2,KAS,0.25,32
3813,2,winter_wheat,3,KAS,0.4,16
3813,2,winter_wheat,4,KAS,0.9,16
3816,2,winter_wheat,1,PK,0.001,40
3816,2,winter_wheat,2,KAS,0.25,32
3816,2,winter_wheat,3,KAS,0.4,16
3816,2,winter_wheat,4,KAS,0.9,16
3819,2,winter_wheat,1,PK,0.001,40
3819,2,winter_wheat,2,KAS,0.25,32
3819,2,winter_wheat,3,KAS,0.4,16
3819,2,winter_wheat,4,KAS,0.9,16
3820,2,winter_wheat,1,PK,0.001,40
3820,2,winter_wheat,2,KAS,0.25,32
3820,2,winter_wheat,3,KAS,0.4,16
3820,2,winter_wheat,4,KAS,0.9,16
3822,2,winter_wheat,1,PK,0.001,40
3822,2,winter_wheat,2,KAS,0.25,32
3822,2,winter_wheat,3,KAS,0.4,16
3822,2,winter_wheat,4,KAS,0.9,16
3826,2,winter_wheat,1,PK,0.001,40
3826,2,winter_wheat,2,KAS,0.25,32
3826,2,winter_wheat,3,KAS,0.4,16
3826,2,winter_wheat,4,KAS,0.9,16
3828,2,winter_wheat,1,PK,0.001,40
3828,2,winter_wheat,2,KAS,0.25,32
3828,2,winter_wheat,3,KAS,0.4,16
3828,2,winter_wheat,4,KAS,0.9,16
3831,2,winter_wheat,1,PK,0.001,40
3831,2,winter_wheat,2,KAS,0.25,32
3831,2,winter_wheat,3,KAS,0.4,16
3831,2,winter_wheat,4,KAS,0.9,16
3832,2,winter_wheat,1,PK,0.001,40
3832,2,winter_wheat,2,KAS,0.25,32
3832,2,winter_wheat,3,KAS,0.4,16
3832,2,winter_wheat,4,KAS,0.9,16
3834,2,winter_wheat,1,PK,0.001,40
3834,2,winter_wheat,2,KAS,0.25,32
3834,2,winter_wheat,3,KAS,0.4,16
3834,2,winter_wheat,4,KAS,0.9,16
3835,2,winter_wheat,1,PK,0.001,40
3835,2,winter_wheat,2,KAS,0.25,32
3835,2,winter_wheat,3,KAS,0.4,16
3835,2,winter_wheat,4,KAS,0.9,16
3836,2,winter_wheat,1,PK,0.001,40
3836,2,winter_wheat,2,KAS,0.25,32
3836,2,winter_wheat,3,KAS,0.4,16
3836,2,winter_wheat,4,KAS,0.9,16
3840,2,winter_wheat,1,PK,0.001,40
3840,2,winter_wheat,2,KAS,0.25,32
3840,2,winter_wheat,3,KAS,0.4,16
3840,2,winter_wheat,4,KAS,0.9,16
3842,2,winter_wheat,1,PK,0.001,40
3842,2,winter_wheat,2,KAS,0.25,32
3842,2,winter_wheat,3,KAS,0.4,16
3842,2,winter_wheat,4,KAS,0.9,16
3843,2,winter_wheat,1,PK,0.001,40
3843,2,winter_wheat,2,KAS,0.25,32
3843,2,winter_wheat,3,KAS,0.4,16
3843,2,winter_wheat,4,KAS,0.9,16
3845,2,winter_wheat,1,PK,0.001,40
3845,2,winter_wheat,2,KAS,0.25,32
3845,2,winter_wheat,3,KAS,0.4,16
3845,2,winter_wheat,4,KAS,0.9,16
3848,2,winter_wheat,1,PK,0.001,40
3848,2,winter_wheat,2,KAS,0.25,32
3848,2,winter_wheat,3,KAS,0.4,16
3848,2,winter_wheat,4,KAS,0.9,16
3854,2,winter_wheat,1,PK,0.001,40
3854,2,winter_wheat,2,KAS,0.25,32
3854,2,winter_wheat,3,KAS,0.4,16
3854,2,winter_wheat,4,KAS,0.9,16
3855,2,winter_wheat,1,PK,0.001,40
3855,2,winter_wheat,2,KAS,0.25,32
3855,2,winter_wheat,3,KAS,0.4,16
3855,2,winter_wheat,4,KAS,0.9,16
3860,2,winter_wheat,1,PK,0.001,40
3860,2,winter_wheat,2,KAS,0.25,32
3860,2,winter_wheat,3,KAS,0.4,16
3860,2,winter_wheat,4,KAS,0.9,16
3861,2,winter_wheat,1,PK,0.001,40
3861,2,winter_wheat,2,KAS,0.25,32
3861,2,winter_wheat,3,KAS,0.4,16
3861,2,winter_wheat,4,KAS,0.9,16
3863,2,winter_wheat,1,PK,0.001,40
3863,2,winter_wheat,2,KAS,0.25,32
3863,2,winter_wheat,3,KAS,0.4,16
3863,2,winter_wheat,4,KAS,0.9,16
3864,2,winter_wheat,1,PK,0.001,40
3864,2,winter_wheat,2,KAS,0.25,32
3864,2,winter_wheat,3,KAS,0.4,16
3864,2,winter_wheat,4,KAS,0.9,16
3865,2,winter_wheat,1,PK,0.001,40
3865,2,winter_wheat,2,KAS,0.25,32
3865,2,winter_wheat,3,KAS,0.4,16
3865,2,winter_wheat,4,KAS,0.9,16
3866,2,winter_wheat,1,PK,0.001,40
3866,2,winter_wheat,2,KAS,0.25,32
3866,2,winter_wheat,3,KAS,0.4,16
3866,2,winter_wheat,4,KAS,0.9,16
3869,2,winter_wheat,1,PK,0.001,40
3869,2,winter_wheat,2,KAS,0.25,32
3869,2,winter_wheat,3,KAS,0.4,16
3869,2,winter_wheat,4,KAS,0.9,16
3870,2,winter_wheat,1,PK,0.001,40
3870,2,winter_wheat,2,KAS,0.25,32
3870,2,winter_wheat,3,KAS,0.4,16
3870,2,winter_wheat,4,KAS,0.9,16
3873,2,winter_wheat,1,PK,0.001,40
3873,2,winter_wheat,2,KAS,0.25,32
3873,2,winter_wheat,3,KAS,0.4,16
3873,2,winter_wheat,4,KAS,0.9,16
3874,2,winter_wheat,1,PK,0.001,40
3874,2,winter_wheat,2,KAS,0.25,32
3874,2,winter_wheat,3,KAS,0.4,16
3874,2,winter_wheat,4,KAS,0.9,16
3876,2,winter_wheat,1,PK,0.001,40
3876,2,winter_wheat,2,KAS,0.25,32
3876,2,winter_wheat,3,KAS,0.4,16
3876,2,winter_wheat,4,KAS,0.9,16
3880,2,winter_wheat,1,PK,0.001,40
3880,2,winter_wheat,2,KAS,0.25,32
3880,2,winter_wheat,3,KAS,0.4,16
3880,2,winter_wheat,4,KAS,0.9,16
3885,2,winter_wheat,1,PK,0.001,40
3885,2,winter_wheat,2,KAS,0.25,32
3885,2,winter_wheat,3,KAS,0.4,16
3885,2,winter_wheat,4,KAS,0.9,16
3892,2,winter_wheat,1,PK,0.001,40
3892,2,winter_wheat,2,KAS,0.25,32
3892,2,winter_wheat,3,KAS,0.4,16
3892,2,winter_wheat,4,KAS,0.9,16
3893,2,winter_wheat,1,PK,0.001,40
3893,2,winter_wheat,2,KAS,0.25,32
3893,2,winter_wheat,3,KAS,0.4,16
3893,2,winter_wheat,4,KAS,0.9,16
3896,2,winter_wheat,1,PK,0.001,40
3896,2,winter_wheat,2,KAS,0.25,32
3896,2,winter_wheat,3,KAS,0.4,16
3896,2,winter_wheat,4,KAS,0.9,16
3898,2,winter_wheat,1,PK,0.001,40
3898,2,winter_wheat,2,KAS,0.25,32
3898,2,winter_wheat,3,KAS,0.4,16
3898,2,winter_wheat,4,KAS,0.9,16
3899,2,winter_wheat,1,PK,0.001,40
3899,2,winter_wheat,2,KAS,0.25,32
3899,2,winter_wheat,3,KAS,0.4,16
3899,2,winter_wheat,4,KAS,0.9,16
3900,2,winter_wheat,1,PK,0.001,40
3900,2,winter_wheat,2,KAS,0.25,32
3900,2,winter_wheat,3,KAS,0.4,16
3900,2,winter_wheat,4,KAS,0.9,16
3901,2,winter_wheat,1,PK,0.001,40
3901,2,winter_wheat,2,KAS,0.25,32
3901,2,winter_wheat,3,KAS,0.4,16
3901,2,winter_wheat,4,KAS,0.9,16
3902,2,winter_wheat,1,PK,0.001,40
3902,2,winter_wheat,2,KAS,0.25,32
3902,2,winter_wheat,3,KAS,0.4,16
3902,2,winter_wheat,4,KAS,0.9,16
3905,2,winter_wheat,1,PK,0.001,40
3905,2,winter_wheat,2,KAS,0.25,32
3905,2,winter_wheat,3,KAS,0.4,16
3905,2,winter_wheat,4,KAS,0.9,16
3906,2,winter_wheat,1,PK,0.001,40
3906,2,winter_wheat,2,KAS,0.25,32
3906,2,winter_wheat,3,KAS,0.4,16
3906,2,winter_wheat,4,KAS,0.9,16
3907,2,winter_wheat,1,PK,0.001,40
3907,2,winter_wheat,2,KAS,0.25,32
3907,2,winter_wheat,3,KAS,0.4,16
3907,2,winter_wheat,4,KAS,0.9,16
3908,2,winter_wheat,1,PK,0.001,40
3908,2,winter_wheat,2,KAS,0.25,32
3908,2,winter_wheat,3,KAS,0.4,16
3908,2,winter_wheat,4,KAS,0.9,16
3909,2,winter_wheat,1,PK,0.001,40
3909,2,winter_wheat,2,KAS,0.25,32
3909,2,winter_wheat,3,KAS,0.4,16
3909,2,winter_wheat,4,KAS,0.9,16
3914,2,winter_wheat,1,PK,0.001,40
3914,2,winter_wheat,2,KAS,0.25,32
3914,2,winter_wheat,3,KAS,0.4,16
3914,2,winter_wheat,4,KAS,0.9,16
3915,2,winter_wheat,1,PK,0.001,40
3915,2,winter_wheat,2,KAS,0.25,32
3915,2,winter_wheat,3,KAS,0.4,16
3915,2,winter_wheat,4,KAS,0.9,16
3916,2,winter_wheat,1,PK,0.001,40
3916,2,winter_wheat,2,KAS,0.25,32
3916,2,winter_wheat,3,KAS,0.4,16
3916,2,winter_wheat,4,KAS,0.9,16
3918,2,winter_wheat,1,PK,0.001,40
3918,2,winter_wheat,2,KAS,0.25,32
3918,2,winter_wheat,3,KAS,0.4,16
3918,2,winter_wheat,4,KAS,0.9,16
3919,2,winter_wheat,1,PK,0.001,40
3919,2,winter_wheat,2,KAS,0.25,32
3919,2,winter_wheat,3,KAS,0.4,16
3919,2,winter_wheat,4,KAS,0.9,16
3921,2,winter_wheat,1,PK,0.001,40
3921,2,winter_wheat,2,KAS,0.25,32
3921,2,winter_wheat,3,KAS,0.4,16
3921,2,winter_wheat,4,KAS,0.9,16
3924,2,winter_wheat,1,PK,0.001,40
3924,2,winter_wheat,2,KAS,0.25,32
3924,2,winter_wheat,3,KAS,0.4,16
3924,2,winter_wheat,4,KAS,0.9,16
3925,2,winter_wheat,1,PK,0.001,40
3925,2,winter_wheat,2,KAS,0.25,32
3925,2,winter_wheat,3,KAS,0.4,16
3925,2,winter_wheat,4,KAS,0.9,16
3927,2,winter_wheat,1,PK,0.001,40
3927,2,winter_wheat,2,KAS,0.25,32
3927,2,winter_wheat,3,KAS,0.4,16
3927,2,winter_wheat,4,KAS,0.9,16
3931,2,winter_wheat,1,PK,0.001,40
3931,2,winter_wheat,2,KAS,0.25,32
3931,2,winter_wheat,3,KAS,0.4,16
3931,2,winter_wheat,4,KAS,0.9,16
3932,2,winter_wheat,1,PK,0.001,40
3932,2,winter_wheat,2,KAS,0.25,32
3932,2,winter_wheat,3,KAS,0.4,16
3932,2,winter_wheat,4,KAS,0.9,16
3933,2,winter_wheat,1,PK,0.001,40
3933,2,winter_wheat,2,KAS,0.25,32
3933,2,winter_wheat,3,KAS,0.4,16
3933,2,winter_wheat,4,KAS,0.9,16
3934,2,winter_wheat,1,PK,0.001,40
3934,2,winter_wheat,2,KAS,0.25,32
3934,2,winter_wheat,3,KAS,0.4,16
3934,2,winter_wheat,4,KAS,0.9,16
3935,2,winter_wheat,1,PK,0.001,40
3935,2,winter_wheat,2,KAS,0.25,32
3935,2,winter_wheat,3,KAS,0.4,16
3935,2,winter_wheat,4,KAS,0.9,16
3936,2,winter_wheat,1,PK,0.001,40
3936,2,winter_wheat,2,KAS,0.25,32
3936,2,winter_wheat,3,KAS,0.4,16
3936,2,winter_wheat,4,KAS,0.9,16
3937,2,winter_wheat,1,PK,0.001,40
3937,2,winter_wheat,2,KAS,0.25,32
3937,2,winter_wheat,3,KAS,0.4,16
3937,2,winter_wheat,4,KAS,0.9,16
3938,2,winter_wheat,1,PK,0.001,40
3938,2,winter_wheat,2,KAS,0.25,32
3938,2,winter_wheat,3,KAS,0.4,16
3938,2,winter_wheat,4,KAS,0.9,16
3939,2,winter_wheat,1,PK,0.001,40
3939,2,winter_wheat,2,KAS,0.25,32
3939,2,winter_wheat,3,KAS,0.4,16
3939,2,winter_wheat,4,KAS,0.9,16
3940,2,winter_wheat,1,PK,0.001,40
3940,2,winter_wheat,2,KAS,0.25,32
3940,2,winter_wheat,3,KAS,0.4,16
3940,2,winter_wheat,4,KAS,0.9,16
3941,2,winter_wheat,1,PK,0.001,40
3941,2,winter_wheat,2,KAS,0.25,32
3941,2,winter_wheat,3,KAS,0.4,16
3941,2,winter_wheat,4,KAS,0.9,16
3946,2,winter_wheat,1,PK,0.001,40
3946,2,winter_wheat,2,KAS,0.25,32
3946,2,winter_wheat,3,KAS,0.4,16
3946,2,winter_wheat,4,KAS,0.9,16
3947,2,winter_wheat,1,PK,0.001,40
3947,2,winter_wheat,2,KAS,0.25,32
3947,2,winter_wheat,3,KAS,0.4,16
3947,2,winter_wheat,4,KAS,0.9,16
3948,2,winter_wheat,1,PK,0.001,40
3948,2,winter_wheat,2,KAS,0.25,32
3948,2,winter_wheat,3,KAS,0.4,16
3948,2,winter_wheat,4,KAS,0.9,16
3950,2,winter_wheat,1,PK,0.001,40
3950,2,winter_wheat,2,KAS,0.25,32
3950,2,winter_wheat,3,KAS,0.4,16
3950,2,winter_wheat,4,KAS,0.9,16
3952,2,winter_wheat,1,PK,0.001,40
3952,2,winter_wheat,2,KAS,0.25,32
3952,2,winter_wheat,3,KAS,0.4,16
3952,2,winter_wheat,4,KAS,0.9,16
3953,2,winter_wheat,1,PK,0.001,40
3953,2,winter_wheat,2,KAS,0.25,32
3953,2,winter_wheat,3,KAS,0.4,16
3953,2,winter_wheat,4,KAS,0.9,16
3954,2,winter_wheat,1,PK,0.001,40
3954,2,winter_wheat,2,KAS,0.25,32
3954,2,winter_wheat,3,KAS,0.4,16
3954,2,winter_wheat,4,KAS,0.9,16
3958,2,winter_wheat,1,PK,0.001,40
3958,2,winter_wheat,2,KAS,0.25,32
3958,2,winter_wheat,3,KAS,0.4,16
3958,2,winter_wheat,4,KAS,0.9,16
3959,2,winter_wheat,1,PK,0.001,40
3959,2,winter_wheat,2,KAS,0.25,32
3959,2,winter_wheat,3,KAS,0.4,16
3959,2,winter_wheat,4,KAS,0.9,16
3961,2,winter_wheat,1,PK,0.001,40
3961,2,winter_wheat,2,KAS,0.25,32
3961,2,winter_wheat,3,KAS,0.4,16
3961,2,winter_wheat,4,KAS,0.9,16
3963,2,winter_wheat,1,PK,0.001,40
3963,2,winter_wheat,2,KAS,0.25,32
3963,2,winter_wheat,3,KAS,0.4,16
3963,2,winter_wheat,4,KAS,0.9,16
3965,2,winter_wheat,1,PK,0.001,40
3965,2,winter_wheat,2,KAS,0.25,32
3965,2,winter_wheat,3,KAS,0.4,16
3965,2,winter_wheat,4,KAS,0.9,16
3966,2,winter_wheat,1,PK,0.001,40
3966,2,winter_wheat,2,KAS,0.25,32
3966,2,winter_wheat,3,KAS,0.4,16
3966,2,winter_wheat,4,KAS,0.9,16
3968,2,winter_wheat,1,PK,0.001,40
3968,2,winter_wheat,2,KAS,0.25,32
3968,2,winter_wheat,3,KAS,0.4,16
3968,2,winter_wheat,4,KAS,0.9,16
3970,2,winter_wheat,1,PK,0.001,40
3970,2,winter_wheat,2,KAS,0.25,32
3970,2,winter_wheat,3,KAS,0.4,16
3970,2,winter_wheat,4,KAS,0.9,16
3972,2,winter_wheat,1,PK,0.001,40
3972,2,winter_wheat,2,KAS,0.25,32
3972,2,winter_wheat,3,KAS,0.4,16
3972,2,winter_wheat,4,KAS,0.9,16
3974,2,winter_wheat,1,PK,0.001,40
3974,2,winter_wheat,2,KAS,0.25,32
3974,2,winter_wheat,3,KAS,0.4,16
3974,2,winter_wheat,4,KAS,0.9,16
3975,2,winter_wheat,1,PK,0.001,40
3975,2,winter_wheat,2,KAS,0.25,32
3975,2,winter_wheat,3,KAS,0.4,16
3975,2,winter_wheat,4,KAS,0.9,16
3978,2,winter_wheat,1,PK,0.001,40
3978,2,winter_wheat,2,KAS,0.25,32
3978,2,winter_wheat,3,KAS,0.4,16
3978,2,winter_wheat,4,KAS,0.9,16
3979,2,winter_wheat,1,PK,0.001,40
3979,2,winter_wheat,2,KAS,0.25,32
3979,2,winter_wheat,3,KAS,0.4,16
3979,2,winter_wheat,4,KAS,0.9,16
3984,2,winter_wheat,1,PK,0.001,40
3984,2,winter_wheat,2,KAS,0.25,32
3984,2,winter_wheat,3,KAS,0.4,16
3984,2,winter_wheat,4,KAS,0.9,16
3985,2,winter_wheat,1,PK,0.001,40
3985,2,winter_wheat,2,KAS,0.25,32
3985,2,winter_wheat,3,KAS,0.4,16
3985,2,winter_wheat,4,KAS,0.9,16
3986,2,winter_wheat,1,PK,0.001,40
3986,2,winter_wheat,2,KAS,0.25,32
3986,2,winter_wheat,3,KAS,0.4,16
3986,2,winter_wheat,4,KAS,0.9,16
3987,2,winter_wheat,1,PK,0.001,40
3987,2,winter_wheat,2,KAS,0.25,32
3987,2,winter_wheat,3,KAS,0.4,16
3987,2,winter_wheat,4,KAS,0.9,16
3988,2,winter_wheat,1,PK,0.001,40
3988,2,winter_wheat,2,KAS,0.25,32
3988,2,winter_wheat,3,KAS,0.4,16
3988,2,winter_wheat,4,KAS,0.9,16
3990,2,winter_wheat,1,PK,0.001,40
3990,2,winter_wheat,2,KAS,0.25,32
3990,2,winter_wheat,3,KAS,0.4,16
3990,2,winter_wheat,4,KAS,0.9,16
3998,2,winter_wheat,1,PK,0.001,40
3998,2,winter_wheat,2,KAS,0.25,32
3998,2,winter_wheat,3,KAS,0.4,16
3998,2,winter_wheat,4,KAS,0.9,16
4002,2,winter_wheat,1,PK,0.001,40
4002,2,winter_wheat,2,KAS,0.25,32
4002,2,winter_wheat,3,KAS,0.4,16
4002,2,winter_wheat,4,KAS,0.9,16
4003,2,winter_wheat,1,PK,0.001,40
4003,2,winter_wheat,2,KAS,0.25,32
4003,2,winter_wheat,3,KAS,0.4,16
4003,2,winter_wheat,4,KAS,0.9,16
4006,2,winter_wheat,1,PK,0.001,40
4006,2,winter_wheat,2,KAS,0.25,32
4006,2,winter_wheat,3,KAS,0.4,16
4006,2,winter_wheat,4,KAS,0.9,16
4008,2,winter_wheat,1,PK,0.001,40
4008,2,winter_wheat,2,KAS,0.25,32
4008,2,winter_wheat,3,KAS,0.4,16
4008,2,winter_wheat,4,KAS,0.9,16
4009,2,winter_wheat,1,PK,0.001,40
4009,2,winter_wheat,2,KAS,0.25,32
4009,2,winter_wheat,3,KAS,0.4,16
4009,2,winter_wheat,4,KAS,0.9,16
4010,2,winter_wheat,1,PK,0.001,40
4010,2,winter_wheat,2,KAS,0.25,32
4010,2,winter_wheat,3,KAS,0.4,16
4010,2,winter_wheat,4,KAS,0.9,16
4011,2,winter_wheat,1,PK,0.001,40
4011,2,winter_wheat,2,KAS,0.25,32
4011,2,winter_wheat,3,KAS,0.4,16
4011,2,winter_wheat,4,KAS,0.9,16
4013,2,winter_wheat,1,PK,0.001,40
4013,2,winter_wheat,2,KAS,0.25,32
4013,2,winter_wheat,3,KAS,0.4,16
4013,2,winter_wheat,4,KAS,0.9,16
4015,2,winter_wheat,1,PK,0.001,40
4015,2,winter_wheat,2,KAS,0.25,32
4015,2,winter_wheat,3,KAS,0.4,16
4015,2,winter_wheat,4,KAS,0.9,16
4018,2,winter_wheat,1,PK,0.001,40
4018,2,winter_wheat,2,KAS,0.25,32
4018,2,winter_wheat,3,KAS,0.4,16
4018,2,winter_wheat,4,KAS,0.9,16
4019,2,winter_wheat,1,PK,0.001,40
4019,2,winter_wheat,2,KAS,0.25,32
4019,2,winter_wheat,3,KAS,0.4,16
4019,2,winter_wheat,4,KAS,0.9,16
4020,2,winter_wheat,1,PK,0.001,40
4020,2,winter_wheat,2,KAS,0.25,32
4020,2,winter_wheat,3,KAS,0.4,16
4020,2,winter_wheat,4,KAS,0.9,16
4021,2,winter_wheat,1,PK,0.001,40
4021,2,winter_wheat,2,KAS,0.25,32
4021,2,winter_wheat,3,KAS,0.4,16
4021,2,winter_wheat,4,KAS,0.9,16
4023,2,winter_wheat,1,PK,0.001,40
4023,2,winter_wheat,2,KAS,0.25,32
4023,2,winter_wheat,3,KAS,0.4,16
4023,2,winter_wheat,4,KAS,0.9,16
4025,2,winter_wheat,1,PK,0.001,40
4025,2,winter_wheat,2,KAS,0.25,32
4025,2,winter_wheat,3,KAS,0.4,16
4025,2,winter_wheat,4,KAS,0.9,16
4026,2,winter_wheat,1,PK,0.001,40
4026,2,winter_wheat,2,KAS,0.25,32
4026,2,winter_wheat,3,KAS,0.4,16
4026,2,winter_wheat,4,KAS,0.9,16
4027,2,winter_wheat,1,PK,0.001,40
4027,2,winter_wheat,2,KAS,0.25,32
4027,2,winter_wheat,3,KAS,0.4,16
4027,2,winter_wheat,4,KAS,0.9,16
4034,2,winter_wheat,1,PK,0.001,40
4034,2,winter_wheat,2,KAS,0.25,32
4034,2,winter_wheat,3,KAS,0.4,16
4034,2,winter_wheat,4,KAS,0.9,16
4036,2,winter_wheat,1,PK,0.001,40
4036,2,winter_wheat,2,KAS,0.25,32
4036,2,winter_wheat,3,KAS,0.4,16
4036,2,winter_wheat,4,KAS,0.9,16
4039,2,winter_wheat,1,PK,0.001,40
4039,2,winter_wheat,2,KAS,0.25,32
4039,2,winter_wheat,3,KAS,0.4,16
4039,2,winter_wheat,4,KAS,0.9,16
4047,2,winter_wheat,1,PK,0.001,40
4047,2,winter_wheat,2,KAS,0.25,32
4047,2,winter_wheat,3,KAS,0.4,16
4047,2,winter_wheat,4,KAS,0.9,16
4048,2,winter_wheat,1,PK,0.001,40
4048,2,winter_wheat,2,KAS,0.25,32
4048,2,winter_wheat,3,KAS,0.4,16
4048,2,winter_wheat,4,KAS,0.9,16
4053,2,winter_wheat,1,PK,0.001,40
4053,2,winter_wheat,2,KAS,0.25,32
4053,2,winter_wheat,3,KAS,0.4,16
4053,2,winter_wheat,4,KAS,0.9,16
4062,2,winter_wheat,1,PK,0.001,40
4062,2,winter_wheat,2,KAS,0.25,32
4062,2,winter_wheat,3,KAS,0.4,16
4062,2,winter_wheat,4,KAS,0.9,16
4064,2,winter_wheat,1,PK,0.001,40
4064,2,winter_wheat,2,KAS,0.25,32
4064,2,winter_wheat,3,KAS,0.4,16
4064,2,winter_wheat,4,KAS,0.9,16
4067,2,winter_wheat,1,PK,0.001,40
4067,2,winter_wheat,2,KAS,0.25,32
4067,2,winter_wheat,3,KAS,0.4,16
4067,2,winter_wheat,4,KAS,0.9,16
4068,2,winter_wheat,1,PK,0.001,40
4068,2,winter_wheat,2,KAS,0.25,32
4068,2,winter_wheat,3,KAS,0.4,16
4068,2,winter_wheat,4,KAS,0.9,16
4069,2,winter_wheat,1,PK,0.001,40
4069,2,winter_wheat,2,KAS,0.25,32
4069,2,winter_wheat,3,KAS,0.4,16
4069,2,winter_wheat,4,KAS,0.9,16
4071,2,winter_wheat,1,PK,0.001,40
4071,2,winter_wheat,2,KAS,0.25,32
4071,2,winter_wheat,3,KAS,0.4,16
4071,2,winter_wheat,4,KAS,0.9,16
4073,2,winter_wheat,1,PK,0.001,40
4073,2,winter_wheat,2,KAS,0.25,32
4073,2,winter_wheat,3,KAS,0.4,16
4073,2,winter_wheat,4,KAS,0.9,16
4074,2,winter_wheat,1,PK,0.001,40
4074,2,winter_wheat,2,KAS,0.25,32
4074,2,winter_wheat,3,KAS,0.4,16
4074,2,winter_wheat,4,KAS,0.9,16
4078,2,winter_wheat,1,PK,0.001,40
4078,2,winter_wheat,2,KAS,0.25,32
4078,2,winter_wheat,3,KAS,0.4,16
4078,2,winter_wheat,4,KAS,0.9,16
4079,2,winter_wheat,1,PK,0.001,40
4079,2,winter_wheat,2,KAS,0.25,32
4079,2,winter_wheat,3,KAS,0.4,16
4079,2,winter_wheat,4,KAS,0.9,16
4080,2,winter_wheat,1,PK,0.001,40
4080,2,winter_wheat,2,KAS,0.25,32
4080,2,winter_wheat,3,KAS,0.4,16
4080,2,winter_wheat,4,KAS,0.9,16
4084,2,winter_wheat,1,PK,0.001,40
4084,2,winter_wheat,2,KAS,0.25,32
4084,2,winter_wheat,3,KAS,0.4,16
4084,2,winter_wheat,4,KAS,0.9,16
4086,2,winter_wheat,1,PK,0.001,40
4086,2,winter_wheat,2,KAS,0.25,32
4086,2,winter_wheat,3,KAS,0.4,16
4086,2,winter_wheat,4,KAS,0.9,16
4089,2,winter_wheat,1,PK,0.001,40
4089,2,winter_wheat,2,KAS,0.25,32
4089,2,winter_wheat,3,KAS,0.4,16
4089,2,winter_wheat,4,KAS,0.9,16
4090,2,winter_wheat,1,PK,0.001,40
4090,2,winter_wheat,2,KAS,0.25,32
4090,2,winter_wheat,3,KAS,0.4,16
4090,2,winter_wheat,4,KAS,0.9,16
4091,2,winter_wheat,1,PK,0.001,40
4091,2,winter_wheat,2,KAS,0.25,32
4091,2,winter_wheat,3,KAS,0.4,16
4091,2,winter_wheat,4,KAS,0.9,16
4093,2,winter_wheat,1,PK,0.001,40
4093,2,winter_wheat,2,KAS,0.25,32
4093,2,winter_wheat,3,KAS,0.4,16
4093,2,winter_wheat,4,KAS,0.9,16
4094,2,winter_wheat,1,PK,0.001,40
4094,2,winter_wheat,2,KAS,0.25,32
4094,2,winter_wheat,3,KAS,0.4,16
4094,2,winter_wheat,4,KAS,0.9,16
4095,2,winter_wheat,1,PK,0.001,40
4095,2,winter_wheat,2,KAS,0.25,32
4095,2,winter_wheat,3,KAS,0.4,16
4095,2,winter_wheat,4,KAS,0.9,16
4099,2,winter_wheat,1,PK,0.001,40
4099,2,winter_wheat,2,KAS,0.25,32
4099,2,winter_wheat,3,KAS,0.4,16
4099,2,winter_wheat,4,KAS,0.9,16
4102,2,winter_wheat,1,PK,0.001,40
4102,2,winter_wheat,2,KAS,0.25,32
4102,2,winter_wheat,3,KAS,0.4,16
4102,2,winter_wheat,4,KAS,0.9,16
4103,2,winter_wheat,1,PK,0.001,40
4103,2,winter_wheat,2,KAS,0.25,32
4103,2,winter_wheat,3,KAS,0.4,16
4103,2,winter_wheat,4,KAS,0.9,16
4104,2,winter_wheat,1,PK,0.001,40
4104,2,winter_wheat,2,KAS,0.25,32
4104,2,winter_wheat,3,KAS,0.4,16
4104,2,winter_wheat,4,KAS,0.9,16
4105,2,winter_wheat,1,PK,0.001,40
4105,2,winter_wheat,2,KAS,0.25,32
4105,2,winter_wheat,3,KAS,0.4,16
4105,2,winter_wheat,4,KAS,0.9,16
4107,2,winter_wheat,1,PK,0.001,40
4107,2,winter_wheat,2,KAS,0.25,32
4107,2,winter_wheat,3,KAS,0.4,16
4107,2,winter_wheat,4,KAS,0.9,16
4110,2,winter_wheat,1,PK,0.001,40
4110,2,winter_wheat,2,KAS,0.25,32
4110,2,winter_wheat,3,KAS,0.4,16
4110,2,winter_wheat,4,KAS,0.9,16
4111,2,winter_wheat,1,PK,0.001,40
4111,2,winter_wheat,2,KAS,0.25,32
4111,2,winter_wheat,3,KAS,0.4,16
4111,2,winter_wheat,4,KAS,0.9,16
4114,2,winter_wheat,1,PK,0.001,40
4114,2,winter_wheat,2,KAS,0.25,32
4114,2,winter_wheat,3,KAS,0.4,16
4114,2,winter_wheat,4,KAS,0.9,16
4120,2,winter_wheat,1,PK,0.001,40
4120,2,winter_wheat,2,KAS,0.25,32
4120,2,winter_wheat,3,KAS,0.4,16
4120,2,winter_wheat,4,KAS,0.9,16
4123,2,winter_wheat,1,PK,0.001,40
4123,2,winter_wheat,2,KAS,0.25,32
4123,2,winter_wheat,3,KAS,0.4,16
4123,2,winter_wheat,4,KAS,0.9,16
4131,2,winter_wheat,1,PK,0.001,40
4131,2,winter_wheat,2,KAS,0.25,32
4131,2,winter_wheat,3,KAS,0.4,16
4131,2,winter_wheat,4,KAS,0.9,16
4133,2,winter_wheat,1,PK,0.001,40
4133,2,winter_wheat,2,KAS,0.25,32
4133,2,winter_wheat,3,KAS,0.4,16
4133,2,winter_wheat,4,KAS,0.9,16
4134,2,winter_wheat,1,PK,0.001,40
4134,2,winter_wheat,2,KAS,0.25,32
4134,2,winter_wheat,3,KAS,0.4,16
4134,2,winter_wheat,4,KAS,0.9,16
4135,2,winter_wheat,1,PK,0.001,40
4135,2,winter_wheat,2,KAS,0.25,32
4135,2,winter_wheat,3,KAS,0.4,16
4135,2,winter_wheat,4,KAS,0.9,16
4137,2,winter_wheat,1,PK,0.001,40
4137,2,winter_wheat,2,KAS,0.25,32
4137,2,winter_wheat,3,KAS,0.4,16
4137,2,winter_wheat,4,KAS,0.9,16
4138,2,winter_wheat,1,PK,0.001,40
4138,2,winter_wheat,2,KAS,0.25,32
4138,2,winter_wheat,3,KAS,0.4,16
4138,2,winter_wheat,4,KAS,0.9,16
4140,2,winter_wheat,1,PK,0.001,40
4140,2,winter_wheat,2,KAS,0.25,32
4140,2,winter_wheat,3,KAS,0.4,16
4140,2,winter_wheat,4,KAS,0.9,16
4144,2,winter_wheat,1,PK,0.001,40
4144,2,winter_wheat,2,KAS,0.25,32
4144,2,winter_wheat,3,KAS,0.4,16
4144,2,winter_wheat,4,KAS,0.9,16
4147,2,winter_wheat,1,PK,0.001,40
4147,2,winter_wheat,2,KAS,0.25,32
4147,2,winter_wheat,3,KAS,0.4,16
4147,2,winter_wheat,4,KAS,0.9,16
4148,2,winter_wheat,1,PK,0.001,40
4148,2,winter_wheat,2,KAS,0.25,32
4148,2,winter_wheat,3,KAS,0.4,16
4148,2,winter_wheat,4,KAS,0.9,16
4149,2,winter_wheat,1,PK,0.001,40
4149,2,winter_wheat,2,KAS,0.25,32
4149,2,winter_wheat,3,KAS,0.4,16
4149,2,winter_wheat,4,KAS,0.9,16
4150,2,winter_wheat,1,PK,0.001,40
4150,2,winter_wheat,2,KAS,0.25,32
4150,2,winter_wheat,3,KAS,0.4,16
4150,2,winter_wheat,4,KAS,0.9,16
4153,2,winter_wheat,1,PK,0.001,40
4153,2,winter_wheat,2,KAS,0.25,32
4153,2,winter_wheat,3,KAS,0.4,16
4153,2,winter_wheat,4,KAS,0.9,16
4155,2,winter_wheat,1,PK,0.001,40
4155,2,winter_wheat,2,KAS,0.25,32
4155,2,winter_wheat,3,KAS,0.4,16
4155,2,winter_wheat,4,KAS,0.9,16
4156,2,winter_wheat,1,PK,0.001,40
4156,2,winter_wheat,2,KAS,0.25,32
4156,2,winter_wheat,3,KAS,0.4,16
4156,2,winter_wheat,4,KAS,0.9,16
4159,2,winter_wheat,1,PK,0.001,40
4159,2,winter_wheat,2,KAS,0.25,32
4159,2,winter_wheat,3,KAS,0.4,16
4159,2,winter_wheat,4,KAS,0.9,16
4163,2,winter_wheat,1,PK,0.001,40
4163,2,winter_wheat,2,KAS,0.25,32
4163,2,winter_wheat,3,KAS,0.4,16
4163,2,winter_wheat,4,KAS,0.9,16
4165,2,winter_wheat,1,PK,0.001,40
4165,2,winter_wheat,2,KAS,0.25,32
4165,2,winter_wheat,3,KAS,0.4,16
4165,2,winter_wheat,4,KAS,0.9,16
4168,2,winter_wheat,1,PK,0.001,40
4168,2,winter_wheat,2,KAS,0.25,32
4168,2,winter_wheat,3,KAS,0.4,16
4168,2,winter_wheat,4,KAS,0.9,16
4174,2,winter_wheat,1,PK,0.001,40
4174,2,winter_wheat,2,KAS,0.25,32
4174,2,winter_wheat,3,KAS,0.4,16
4174,2,winter_wheat,4,KAS,0.9,16
4180,2,winter_wheat,1,PK,0.001,40
4180,2,winter_wheat,2,KAS,0.25,32
4180,2,winter_wheat,3,KAS,0.4,16
4180,2,winter_wheat,4,KAS,0.9,16
4186,2,winter_wheat,1,PK,0.001,40
4186,2,winter_wheat,2,KAS,0.25,32
4186,2,winter_wheat,3,KAS,0.4,16
4186,2,winter_wheat,4,KAS,0.9,16
4187,2,winter_wheat,1,PK,0.001,40
4187,2,winter_wheat,2,KAS,0.25,32
4187,2,winter_wheat,3,KAS,0.4,16
4187,2,winter_wheat,4,KAS,0.9,16
4189,2,winter_wheat,1,PK,0.001,40
4189,2,winter_wheat,2,KAS,0.25,32
4189,2,winter_wheat,3,KAS,0.4,16
4189,2,winter_wheat,4,KAS,0.9,16
4191,2,winter_wheat,1,PK,0.001,40
4191,2,winter_wheat,2,KAS,0.25,32
4191,2,winter_wheat,3,KAS,0.4,16
4191,2,winter_wheat,4,KAS,0.9,16
4192,2,winter_wheat,1,PK,0.001,40
4192,2,winter_wheat,2,KAS,0.25,32
4192,2,winter_wheat,3,KAS,0.4,16
4192,2,winter_wheat,4,KAS,0.9,16
4193,2,winter_wheat,1,PK,0.001,40
4193,2,winter_wheat,2,KAS,0.25,32
4193,2,winter_wheat,3,KAS,0.4,16
4193,2,winter_wheat,4,KAS,0.9,16
4194,2,winter_wheat,1,PK,0.001,40
4194,2,winter_wheat,2,KAS,0.25,32
4194,2,winter_wheat,3,KAS,0.4,16
4194,2,winter_wheat,4,KAS,0.9,16
4199,2,winter_wheat,1,PK,0.001,40
4199,2,winter_wheat,2,KAS,0.25,32
4199,2,winter_wheat,3,KAS,0.4,16
4199,2,winter_wheat,4,KAS,0.9,16
4201,2,winter_wheat,1,PK,0.001,40
4201,2,winter_wheat,2,KAS,0.25,32
4201,2,winter_wheat,3,KAS,0.4,16
4201,2,winter_wheat,4,KAS,0.9,16
4204,2,winter_wheat,1,PK,0.001,40
4204,2,winter_wheat,2,KAS,0.25,32
4204,2,winter_wheat,3,KAS,0.4,16
4204,2,winter_wheat,4,KAS,0.9,16
4206,2,winter_wheat,1,PK,0.001,40
4206,2,winter_wheat,2,KAS,0.25,32
4206,2,winter_wheat,3,KAS,0.4,16
4206,2,winter_wheat,4,KAS,0.9,16
4207,2,winter_wheat,1,PK,0.001,40
4207,2,winter_wheat,2,KAS,0.25,32
4207,2,winter_wheat,3,KAS,0.4,16
4207,2,winter_wheat,4,KAS,0.9,16
4208,2,winter_wheat,1,PK,0.001,40
4208,2,winter_wheat,2,KAS,0.25,32
4208,2,winter_wheat,3,KAS,0.4,16
4208,2,winter_wheat,4,KAS,0.9,16
4210,2,winter_wheat,1,PK,0.001,40
4210,2,winter_wheat,2,KAS,0.25,32
4210,2,winter_wheat,3,KAS,0.4,16
4210,2,winter_wheat,4,KAS,0.9,16
4211,2,winter_wheat,1,PK,0.001,40
4211,2,winter_wheat,2,KAS,0.25,32
4211,2,winter_wheat,3,KAS,0.4,16
4211,2,winter_wheat,4,KAS,0.9,16
4212,2,winter_wheat,1,PK,0.001,40
4212,2,winter_wheat,2,KAS,0.25,32
4212,2,winter_wheat,3,KAS,0.4,16
4212,2,winter_wheat,4,KAS,0.9,16
4214,2,winter_wheat,1,PK,0.001,40
4214,2,winter_wheat,2,KAS,0.25,32
4214,2,winter_wheat,3,KAS,0.4,16
4214,2,winter_wheat,4,KAS,0.9,16
4215,2,winter_wheat,1,PK,0.001,40
4215,2,winter_wheat,2,KAS,0.25,32
4215,2,winter_wheat,3,KAS,0.4,16
4215,2,winter_wheat,4,KAS,0.9,16
4217,2,winter_wheat,1,PK,0.001,40
4217,2,winter_wheat,2,KAS,0.25,32
4217,2,winter_wheat,3,KAS,0.4,16
4217,2,winter_wheat,4,KAS,0.9,16
4219,2,winter_wheat,1,PK,0.001,40
4219,2,winter_wheat,2,KAS,0.25,32
4219,2,winter_wheat,3,KAS,0.4,16
4219,2,winter_wheat,4,KAS,0.9,16
4224,2,winter_wheat,1,PK,0.001,40
4224,2,winter_wheat,2,KAS,0.25,32
4224,2,winter_wheat,3,KAS,0.4,16
4224,2,winter_wheat,4,KAS,0.9,16
4229,2,winter_wheat,1,PK,0.001,40
4229,2,winter_wheat,2,KAS,0.25,32
4229,2,winter_wheat,3,KAS,0.4,16
4229,2,winter_wheat,4,KAS,0.9,16
4233,2,winter_wheat,1,PK,0.001,40
4233,2,winter_wheat,2,KAS,0.25,32
4233,2,winter_wheat,3,KAS,0.4,16
4233,2,winter_wheat,4,KAS,0.9,16
4235,2,winter_wheat,1,PK,0.001,40
4235,2,winter_wheat,2,KAS,0.25,32
4235,2,winter_wheat,3,KAS,0.4,16
4235,2,winter_wheat,4,KAS,0.9,16
4236,2,winter_wheat,1,PK,0.001,40
4236,2,winter_wheat,2,KAS,0.25,32
4236,2,winter_wheat,3,KAS,0.4,16
4236,2,winter_wheat,4,KAS,0.9,16
4238,2,winter_wheat,1,PK,0.001,40
4238,2,winter_wheat,2,KAS,0.25,32
4238,2,winter_wheat,3,KAS,0.4,16
4238,2,winter_wheat,4,KAS,0.9,16
4239,2,winter_wheat,1,PK,0.001,40
4239,2,winter_wheat,2,KAS,0.25,32
4239,2,winter_wheat,3,KAS,0.4,16
4239,2,winter_wheat,4,KAS,0.9,16
4240,2,winter_wheat,1,PK,0.001,40
4240,2,winter_wheat,2,KAS,0.25,32
4240,2,winter_wheat,3,KAS,0.4,16
4240,2,winter_wheat,4,KAS,0.9,16
4241,2,winter_wheat,1,PK,0.001,40
4241,2,winter_wheat,2,KAS,0.25,32
4241,2,winter_wheat,3,KAS,0.4,16
4241,2,winter_wheat,4,KAS,0.9,16
4242,2,winter_wheat,1,PK,0.001,40
4242,2,winter_wheat,2,KAS,0.25,32
4242,2,winter_wheat,3,KAS,0.4,16
4242,2,winter_wheat,4,KAS,0.9,16
4243,2,winter_wheat,1,PK,0.001,40
4243,2,winter_wheat,2,KAS,0.25,32
4243,2,winter_wheat,3,KAS,0.4,16
4243,2,winter_wheat,4,KAS,0.9,16
4246,2,winter_wheat,1,PK,0.001,40
4246,2,winter_wheat,2,KAS,0.25,32
4246,2,winter_wheat,3,KAS,0.4,16
4246,2,winter_wheat,4,KAS,0.9,16
4248,2,winter_wheat,1,PK,0.001,40
4248,2,winter_wheat,2,KAS,0.25,32
4248,2,winter_wheat,3,KAS,0.4,16
4248,2,winter_wheat,4,KAS,0.9,16
4249,2,winter_wheat,1,PK,0.001,40
4249,2,winter_wheat,2,KAS,0.25,32
4249,2,winter_wheat,3,KAS,0.4,16
4249,2,winter_wheat,4,KAS,0.9,16
4250,2,winter_wheat,1,PK,0.001,40
4250,2,winter_wheat,2,KAS,0.25,32
4250,2,winter_wheat,3,KAS,0.4,16
4250,2,winter_wheat,4,KAS,0.9,16
4251,2,winter_wheat,1,PK,0.001,40
4251,2,winter_wheat,2,KAS,0.25,32
4251,2,winter_wheat,3,KAS,0.4,16
4251,2,winter_wheat,4,KAS,0.9,16
4252,2,winter_wheat,1,PK,0.001,40
4252,2,winter_wheat,2,KAS,0.25,32
4252,2,winter_wheat,3,KAS,0.4,16
4252,2,winter_wheat,4,KAS,0.9,16
4254,2,winter_wheat,1,PK,0.001,40
4254,2,winter_wheat,2,KAS,0.25,32
4254,2,winter_wheat,3,KAS,0.4,16
4254,2,winter_wheat,4,KAS,0.9,16
4258,2,winter_wheat,1,PK,0.001,40
4258,2,winter_wheat,2,KAS,0.25,32
4258,2,winter_wheat,3,KAS,0.4,16
4258,2,winter_wheat,4,KAS,0.9,16
4259,2,winter_wheat,1,PK,0.001,40
4259,2,winter_wheat,2,KAS,0.25,32
4259,2,winter_wheat,3,KAS,0.4,16
4259,2,winter_wheat,4,KAS,0.9,16
4263,2,winter_wheat,1,PK,0.001,40
4263,2,winter_wheat,2,KAS,0.25,32
4263,2,winter_wheat,3,KAS,0.4,16
4263,2,winter_wheat,4,KAS,0.9,16
4266,2,winter_wheat,1,PK,0.001,40
4266,2,winter_wheat,2,KAS,0.25,32
4266,2,winter_wheat,3,KAS,0.4,16
4266,2,winter_wheat,4,KAS,0.9,16
4267,2,winter_wheat,1,PK,0.001,40
4267,2,winter_wheat,2,KAS,0.25,32
4267,2,winter_wheat,3,KAS,0.4,16
4267,2,winter_wheat,4,KAS,0.9,16
4268,2,winter_wheat,1,PK,0.001,40
4268,2,winter_wheat,2,KAS,0.25,32
4268,2,winter_wheat,3,KAS,0.4,16
4268,2,winter_wheat,4,KAS,0.9,16
4269,2,winter_wheat,1,PK,0.001,40
4269,2,winter_wheat,2,KAS,0.25,32
4269,2,winter_wheat,3,KAS,0.4,16
4269,2,winter_wheat,4,KAS,0.9,16
4270,2,winter_wheat,1,PK,0.001,40
4270,2,winter_wheat,2,KAS,0.25,32
4270,2,winter_wheat,3,KAS,0.4,16
4270,2,winter_wheat,4,KAS,0.9,16
4271,2,winter_wheat,1,PK,0.001,40
4271,2,winter_wheat,2,KAS,0.25,32
4271,2,winter_wheat,3,KAS,0.4,16
4271,2,winter_wheat,4,KAS,0.9,16
4272,2,winter_wheat,1,PK,0.001,40
4272,2,winter_wheat,2,KAS,0.25,32
4272,2,winter_wheat,3,KAS,0.4,16
4272,2,winter_wheat,4,KAS,0.9,16
4277,2,winter_wheat,1,PK,0.001,40
4277,2,winter_wheat,2,KAS,0.25,32
4277,2,winter_wheat,3,KAS,0.4,16
4277,2,winter_wheat,4,KAS,0.9,16
4278,2,winter_wheat,1,PK,0.001,40
4278,2,winter_wheat,2,KAS,0.25,32
4278,2,winter_wheat,3,KAS,0.4,16
4278,2,winter_wheat,4,KAS,0.9,16
4287,2,winter_wheat,1,PK,0.001,40
4287,2,winter_wheat,2,KAS,0.25,32
4287,2,winter_wheat,3,KAS,0.4,16
4287,2,winter_wheat,4,KAS,0.9,16
4290,2,winter_wheat,1,PK,0.001,40
4290,2,winter_wheat,2,KAS,0.25,32
4290,2,winter_wheat,3,KAS,0.4,16
4290,2,winter_wheat,4,KAS,0.9,16
4291,2,winter_wheat,1,PK,0.001,40
4291,2,winter_wheat,2,KAS,0.25,32
4291,2,winter_wheat,3,KAS,0.4,16
4291,2,winter_wheat,4,KAS,0.9,16
4294,2,winter_wheat,1,PK,0.001,40
4294,2,winter_wheat,2,KAS,0.25,32
4294,2,winter_wheat,3,KAS,0.4,16
4294,2,winter_wheat,4,KAS,0.9,16
4295,2,winter_wheat,1,PK,0.001,40
4295,2,winter_wheat,2,KAS,0.25,32
4295,2,winter_wheat,3,KAS,0.4,16
4295,2,winter_wheat,4,KAS,0.9,16
4297,2,winter_wheat,1,PK,0.001,40
4297,2,winter_wheat,2,KAS,0.25,32
4297,2,winter_wheat,3,KAS,0.4,16
4297,2,winter_wheat,4,KAS,0.9,16
4298,2,winter_wheat,1,PK,0.001,40
4298,2,winter_wheat,2,KAS,0.25,32
4298,2,winter_wheat,3,KAS,0.4,16
4298,2,winter_wheat,4,KAS,0.9,16
4300,2,winter_wheat,1,PK,0.001,40
4300,2,winter_wheat,2,KAS,0.25,32
4300,2,winter_wheat,3,KAS,0.4,16
4300,2,winter_wheat,4,KAS,0.9,16
4301,2,winter_wheat,1,PK,0.001,40
4301,2,winter_wheat,2,KAS,0.25,32
4301,2,winter_wheat,3,KAS,0.4,16
4301,2,winter_wheat,4,KAS,0.9,16
4302,2,winter_wheat,1,PK,0.001,40
4302,2,winter_wheat,2,KAS,0.25,32
4302,2,winter_wheat,3,KAS,0.4,16
4302,2,winter_wheat,4,KAS,0.9,16
4304,2,winter_wheat,1,PK,0.001,40
4304,2,winter_wheat,2,KAS,0.25,32
4304,2,winter_wheat,3,KAS,0.4,16
4304,2,winter_wheat,4,KAS,0.9,16
4305,2,winter_wheat,1,PK,0.001,40
4305,2,winter_wheat,2,KAS,0.25,32
4305,2,winter_wheat,3,KAS,0.4,16
4305,2,winter_wheat,4,KAS,0.9,16
4308,2,winter_wheat,1,PK,0.001,40
4308,2,winter_wheat,2,KAS,0.25,32
4308,2,winter_wheat,3,KAS,0.4,16
4308,2,winter_wheat,4,KAS,0.9,16
4311,2,winter_wheat,1,PK,0.001,40
4311,2,winter_wheat,2,KAS,0.25,32
4311,2,winter_wheat,3,KAS,0.4,16
4311,2,winter_wheat,4,KAS,0.9,16
4314,2,winter_wheat,1,PK,0.001,40
4314,2,winter_wheat,2,KAS,0.25,32
4314,2,winter_wheat,3,KAS,0.4,16
4314,2,winter_wheat,4,KAS,0.9,16
4327,2,winter_wheat,1,PK,0.001,40
4327,2,winter_wheat,2,KAS,0.25,32
4327,2,winter_wheat,3,KAS,0.4,16
4327,2,winter_wheat,4,KAS,0.9,16
4332,2,winter_wheat,1,PK,0.001,40
4332,2,winter_wheat,2,KAS,0.25,32
4332,2,winter_wheat,3,KAS,0.4,16
4332,2,winter_wheat,4,KAS,0.9,16
4333,2,winter_wheat,1,PK,0.001,40
4333,2,winter_wheat,2,KAS,0.25,32
4333,2,winter_wheat,3,KAS,0.4,16
4333,2,winter_wheat,4,KAS,0.9,16
4334,2,winter_wheat,1,PK,0.001,40
4334,2,winter_wheat,2,KAS,0.25,32
4334,2,winter_wheat,3,KAS,0.4,16
4334,2,winter_wheat,4,KAS,0.9,16
4336,2,winter_wheat,1,PK,0.001,40
4336,2,winter_wheat,2,KAS,0.25,32
4336,2,winter_wheat,3,KAS,0.4,16
4336,2,winter_wheat,4,KAS,0.9,16
4338,2,winter_wheat,1,PK,0.001,40
4338,2,winter_wheat,2,KAS,0.25,32
4338,2,winter_wheat,3,KAS,0.4,16
4338,2,winter_wheat,4,KAS,0.9,16
4344,2,winter_wheat,1,PK,0.001,40
4344,2,winter_wheat,2,KAS,0.25,32
4344,2,winter_wheat,3,KAS,0.4,16
4344,2,winter_wheat,4,KAS,0.9,16
4345,2,winter_wheat,1,PK,0.001,40
4345,2,winter_wheat,2,KAS,0.25,32
4345,2,winter_wheat,3,KAS,0.4,16
4345,2,winter_wheat,4,KAS,0.9,16
4346,2,winter_wheat,1,PK,0.001,40
4346,2,winter_wheat,2,KAS,0.25,32
4346,2,winter_wheat,3,KAS,0.4,16
4346,2,winter_wheat,4,KAS,0.9,16
4348,2,winter_wheat,1,PK,0.001,40
4348,2,winter_wheat,2,KAS,0.25,32
4348,2,winter_wheat,3,KAS,0.4,16
4348,2,winter_wheat,4,KAS,0.9,16
4351,2,winter_wheat,1,PK,0.001,40
4351,2,winter_wheat,2,KAS,0.25,32
4351,2,winter_wheat,3,KAS,0.4,16
4351,2,winter_wheat,4,KAS,0.9,16
4352,2,winter_wheat,1,PK,0.001,40
4352,2,winter_wheat,2,KAS,0.25,32
4352,2,winter_wheat,3,KAS,0.4,16
4352,2,winter_wheat,4,KAS,0.9,16
4353,2,winter_wheat,1,PK,0.001,40
4353,2,winter_wheat,2,KAS,0.25,32
4353,2,winter_wheat,3,KAS,0.4,16
4353,2,winter_wheat,4,KAS,0.9,16
4357,2,winter_wheat,1,PK,0.001,40
4357,2,winter_wheat,2,KAS,0.25,32
4357,2,winter_wheat,3,KAS,0.4,16
4357,2,winter_wheat,4,KAS,0.9,16
4358,2,winter_wheat,1,PK,0.001,40
4358,2,winter_wheat,2,KAS,0.25,32
4358,2,winter_wheat,3,KAS,0.4,16
4358,2,winter_wheat,4,KAS,0.9,16
4360,2,winter_wheat,1,PK,0.001,40
4360,2,winter_wheat,2,KAS,0.25,32
4360,2,winter_wheat,3,KAS,0.4,16
4360,2,winter_wheat,4,KAS,0.9,16
4362,2,winter_wheat,1,PK,0.001,40
4362,2,winter_wheat,2,KAS,0.25,32
4362,2,winter_wheat,3,KAS,0.4,16
4362,2,winter_wheat,4,KAS,0.9,16
4363,2,winter_wheat,1,PK,0.001,40
4363,2,winter_wheat,2,KAS,0.25,32
4363,2,winter_wheat,3,KAS,0.4,16
4363,2,winter_wheat,4,KAS,0.9,16
4365,2,winter_wheat,1,PK,0.001,40
4365,2,winter_wheat,2,KAS,0.25,32
4365,2,winter_wheat,3,KAS,0.4,16
4365,2,winter_wheat,4,KAS,0.9,16
4367,2,winter_wheat,1,PK,0.001,40
4367,2,winter_wheat,2,KAS,0.25,32
4367,2,winter_wheat,3,KAS,0.4,16
4367,2,winter_wheat,4,KAS,0.9,16
4371,2,winter_wheat,1,PK,0.001,40
4371,2,winter_wheat,2,KAS,0.25,32
4371,2,winter_wheat,3,KAS,0.4,16
4371,2,winter_wheat,4,KAS,0.9,16
4373,2,winter_wheat,1,PK,0.001,40
4373,2,winter_wheat,2,KAS,0.25,32
4373,2,winter_wheat,3,KAS,0.4,16
4373,2,winter_wheat,4,KAS,0.9,16
4377,2,winter_wheat,1,PK,0.001,40
4377,2,winter_wheat,2,KAS,0.25,32
4377,2,winter_wheat,3,KAS,0.4,16
4377,2,winter_wheat,4,KAS,0.9,16
4378,2,winter_wheat,1,PK,0.001,40
4378,2,winter_wheat,2,KAS,0.25,32
4378,2,winter_wheat,3,KAS,0.4,16
4378,2,winter_wheat,4,KAS,0.9,16
4382,2,winter_wheat,1,PK,0.001,40
4382,2,winter_wheat,2,KAS,0.25,32
4382,2,winter_wheat,3,KAS,0.4,16
4382,2,winter_wheat,4,KAS,0.9,16
4383,2,winter_wheat,1,PK,0.001,40
4383,2,winter_wheat,2,KAS,0.25,32
4383,2,winter_wheat,3,KAS,0.4,16
4383,2,winter_wheat,4,KAS,0.9,16
4385,2,winter_wheat,1,PK,0.001,40
4385,2,winter_wheat,2,KAS,0.25,32
4385,2,winter_wheat,3,KAS,0.4,16
4385,2,winter_wheat,4,KAS,0.9,16
4387,2,winter_wheat,1,PK,0.001,40
4387,2,winter_wheat,2,KAS,0.25,32
4387,2,winter_wheat,3,KAS,0.4,16
4387,2,winter_wheat,4,KAS,0.9,16
4389,2,winter_wheat,1,PK,0.001,40
4389,2,winter_wheat,2,KAS,0.25,32
4389,2,winter_wheat,3,KAS,0.4,16
4389,2,winter_wheat,4,KAS,0.9,16
4390,2,winter_wheat,1,PK,0.001,40
4390,2,winter_wheat,2,KAS,0.25,32
4390,2,winter_wheat,3,KAS,0.4,16
4390,2,winter_wheat,4,KAS,0.9,16
4395,2,winter_wheat,1,PK,0.001,40
4395,2,winter_wheat,2,KAS,0.25,32
4395,2,winter_wheat,3,KAS,0.4,16
4395,2,winter_wheat,4,KAS,0.9,16
4396,2,winter_wheat,1,PK,0.001,40
4396,2,winter_wheat,2,KAS,0.25,32
4396,2,winter_wheat,3,KAS,0.4,16
4396,2,winter_wheat,4,KAS,0.9,16
4398,2,winter_wheat,1,PK,0.001,40
4398,2,winter_wheat,2,KAS,0.25,32
4398,2,winter_wheat,3,KAS,0.4,16
4398,2,winter_wheat,4,KAS,0.9,16
4400,2,winter_wheat,1,PK,0.001,40
4400,2,winter_wheat,2,KAS,0.25,32
4400,2,winter_wheat,3,KAS,0.4,16
4400,2,winter_wheat,4,KAS,0.9,16
4401,2,winter_wheat,1,PK,0.001,40
4401,2,winter_wheat,2,KAS,0.25,32
4401,2,winter_wheat,3,KAS,0.4,16
4401,2,winter_wheat,4,KAS,0.9,16
4402,2,winter_wheat,1,PK,0.001,40
4402,2,winter_wheat,2,KAS,0.25,32
4402,2,winter_wheat,3,KAS,0.4,16
4402,2,winter_wheat,4,KAS,0.9,16
4403,2,winter_wheat,1,PK,0.001,40
4403,2,winter_wheat,2,KAS,0.25,32
4403,2,winter_wheat,3,KAS,0.4,16
4403,2,winter_wheat,4,KAS,0.9,16
4405,2,winter_wheat,1,PK,0.001,40
4405,2,winter_wheat,2,KAS,0.25,32
4405,2,winter_wheat,3,KAS,0.4,16
4405,2,winter_wheat,4,KAS,0.9,16
4407,2,winter_wheat,1,PK,0.001,40
4407,2,winter_wheat,2,KAS,0.25,32
4407,2,winter_wheat,3,KAS,0.4,16
4407,2,winter_wheat,4,KAS,0.9,16
4408,2,winter_wheat,1,PK,0.001,40
4408,2,winter_wheat,2,KAS,0.25,32
4408,2,winter_wheat,3,KAS,0.4,16
4408,2,winter_wheat,4,KAS,0.9,16
4409,2,winter_wheat,1,PK,0.001,40
4409,2,winter_wheat,2,KAS,0.25,32
4409,2,winter_wheat,3,KAS,0.4,16
4409,2,winter_wheat,4,KAS,0.9,16
4411,2,winter_wheat,1,PK,0.001,40
4411,2,winter_wheat,2,KAS,0.25,32
4411,2,winter_wheat,3,KAS,0.4,16
4411,2,winter_wheat,4,KAS,0.9,16
4412,2,winter_wheat,1,PK,0.001,40
4412,2,winter_wheat,2,KAS,0.25,32
4412,2,winter_wheat,3,KAS,0.4,16
4412,2,winter_wheat,4,KAS,0.9,16
4413,2,winter_wheat,1,PK,0.001,40
4413,2,winter_wheat,2,KAS,0.25,32
4413,2,winter_wheat,3,KAS,0.4,16
4413,2,winter_wheat,4,KAS,0.9,16
4415,2,winter_wheat,1,PK,0.001,40
4415,2,winter_wheat,2,KAS,0.25,32
4415,2,winter_wheat,3,KAS,0.4,16
4415,2,winter_wheat,4,KAS,0.9,16
4417,2,winter_wheat,1,PK,0.001,40
4417,2,winter_wheat,2,KAS,0.25,32
4417,2,winter_wheat,3,KAS,0.4,16
4417,2,winter_wheat,4,KAS,0.9,16
4418,2,winter_wheat,1,PK,0.001,40
4418,2,winter_wheat,2,KAS,0.25,32
4418,2,winter_wheat,3,KAS,0.4,16
4418,2,winter_wheat,4,KAS,0.9,16
4419,2,winter_wheat,1,PK,0.001,40
4419,2,winter_wheat,2,KAS,0.25,32
4419,2,winter_wheat,3,KAS,0.4,16
4419,2,winter_wheat,4,KAS,0.9,16
4425,2,winter_wheat,1,PK,0.001,40
4425,2,winter_wheat,2,KAS,0.25,32
4425,2,winter_wheat,3,KAS,0.4,16
4425,2,winter_wheat,4,KAS,0.9,16
4427,2,winter_wheat,1,PK,0.001,40
4427,2,winter_wheat,2,KAS,0.25,32
4427,2,winter_wheat,3,KAS,0.4,16
4427,2,winter_wheat,4,KAS,0.9,16
4428,2,winter_wheat,1,PK,0.001,40
4428,2,winter_wheat,2,KAS,0.25,32
4428,2,winter_wheat,3,KAS,0.4,16
4428,2,winter_wheat,4,KAS,0.9,16
4429,2,winter_wheat,1,PK,0.001,40
4429,2,winter_wheat,2,KAS,0.25,32
4429,2,winter_wheat,3,KAS,0.4,16
4429,2,winter_wheat,4,KAS,0.9,16
4430,2,winter_wheat,1,PK,0.001,40
4430,2,winter_wheat,2,KAS,0.25,32
4430,2,winter_wheat,3,KAS,0.4,16
4430,2,winter_wheat,4,KAS,0.9,16
4433,2,winter_wheat,1,PK,0.001,40
4433,2,winter_wheat,2,KAS,0.25,32
4433,2,winter_wheat,3,KAS,0.4,16
4433,2,winter_wheat,4,KAS,0.9,16
4436,2,winter_wheat,1,PK,0.001,40
4436,2,winter_wheat,2,KAS,0.25,32
4436,2,winter_wheat,3,KAS,0.4,16
4436,2,winter_wheat,4,KAS,0.9,16
4437,2,winter_wheat,1,PK,0.001,40
4437,2,winter_wheat,2,KAS,0.25,32
4437,2,winter_wheat,3,KAS,0.4,16
4437,2,winter_wheat,4,KAS,0.9,16
4439,2,winter_wheat,1,PK,0.001,40
4439,2,winter_wheat,2,KAS,0.25,32
4439,2,winter_wheat,3,KAS,0.4,16
4439,2,winter_wheat,4,KAS,0.9,16
4446,2,winter_wheat,1,PK,0.001,40
4446,2,winter_wheat,2,KAS,0.25,32
4446,2,winter_wheat,3,KAS,0.4,16
4446,2,winter_wheat,4,KAS,0.9,16
4447,2,winter_wheat,1,PK,0.001,40
4447,2,winter_wheat,2,KAS,0.25,32
4447,2,winter_wheat,3,KAS,0.4,16
4447,2,winter_wheat,4,KAS,0.9,16
4448,2,winter_wheat,1,PK,0.001,40
4448,2,winter_wheat,2,KAS,0.25,32
4448,2,winter_wheat,3,KAS,0.4,16
4448,2,winter_wheat,4,KAS,0.9,16
4451,2,winter_wheat,1,PK,0.001,40
4451,2,winter_wheat,2,KAS,0.25,32
4451,2,winter_wheat,3,KAS,0.4,16
4451,2,winter_wheat,4,KAS,0.9,16
4452,2,winter_wheat,1,PK,0.001,40
4452,2,winter_wheat,2,KAS,0.25,32
4452,2,winter_wheat,3,KAS,0.4,16
4452,2,winter_wheat,4,KAS,0.9,16
4453,2,winter_wheat,1,PK,0.001,40
4453,2,winter_wheat,2,KAS,0.25,32
4453,2,winter_wheat,3,KAS,0.4,16
4453,2,winter_wheat,4,KAS,0.9,16
4456,2,winter_wheat,1,PK,0.001,40
4456,2,winter_wheat,2,KAS,0.25,32
4456,2,winter_wheat,3,KAS,0.4,16
4456,2,winter_wheat,4,KAS,0.9,16
4461,2,winter_wheat,1,PK,0.001,40
4461,2,winter_wheat,2,KAS,0.25,32
4461,2,winter_wheat,3,KAS,0.4,16
4461,2,winter_wheat,4,KAS,0.9,16
4462,2,winter_wheat,1,PK,0.001,40
4462,2,winter_wheat,2,KAS,0.25,32
4462,2,winter_wheat,3,KAS,0.4,16
4462,2,winter_wheat,4,KAS,0.9,16
4466,2,winter_wheat,1,PK,0.001,40
4466,2,winter_wheat,2,KAS,0.25,32
4466,2,winter_wheat,3,KAS,0.4,16
4466,2,winter_wheat,4,KAS,0.9,16
4471,2,winter_wheat,1,PK,0.001,40
4471,2,winter_wheat,2,KAS,0.25,32
4471,2,winter_wheat,3,KAS,0.4,16
4471,2,winter_wheat,4,KAS,0.9,16
4474,2,winter_wheat,1,PK,0.001,40
4474,2,winter_wheat,2,KAS,0.25,32
4474,2,winter_wheat,3,KAS,0.4,16
4474,2,winter_wheat,4,KAS,0.9,16
4475,2,winter_wheat,1,PK,0.001,40
4475,2,winter_wheat,2,KAS,0.25,32
4475,2,winter_wheat,3,KAS,0.4,16
4475,2,winter_wheat,4,KAS,0.9,16
4476,2,winter_wheat,1,PK,0.001,40
4476,2,winter_wheat,2,KAS,0.25,32
4476,2,winter_wheat,3,KAS,0.4,16
4476,2,winter_wheat,4,KAS,0.9,16
4477,2,winter_wheat,1,PK,0.001,40
4477,2,winter_wheat,2,KAS,0.25,32
4477,2,winter_wheat,3,KAS,0.4,16
4477,2,winter_wheat,4,KAS,0.9,16
4479,2,winter_wheat,1,PK,0.001,40
4479,2,winter_wheat,2,KAS,0.25,32
4479,2,winter_wheat,3,KAS,0.4,16
4479,2,winter_wheat,4,KAS,0.9,16
4483,2,winter_wheat,1,PK,0.001,40
4483,2,winter_wheat,2,KAS,0.25,32
4483,2,winter_wheat,3,KAS,0.4,16
4483,2,winter_wheat,4,KAS,0.9,16
4484,2,winter_wheat,1,PK,0.001,40
4484,2,winter_wheat,2,KAS,0.25,32
4484,2,winter_wheat,3,KAS,0.4,16
4484,2,winter_wheat,4,KAS,0.9,16
4488,2,winter_wheat,1,PK,0.001,40
4488,2,winter_wheat,2,KAS,0.25,32
4488,2,winter_wheat,3,KAS,0.4,16
4488,2,winter_wheat,4,KAS,0.9,16
4498,2,winter_wheat,1,PK,0.001,40
4498,2,winter_wheat,2,KAS,0.25,32
4498,2,winter_wheat,3,KAS,0.4,16
4498,2,winter_wheat,4,KAS,0.9,16
4501,2,winter_wheat,1,PK,0.001,40
4501,2,winter_wheat,2,KAS,0.25,32
4501,2,winter_wheat,3,KAS,0.4,16
4501,2,winter_wheat,4,KAS,0.9,16
4505,2,winter_wheat,1,PK,0.001,40
4505,2,winter_wheat,2,KAS,0.25,32
4505,2,winter_wheat,3,KAS,0.4,16
4505,2,winter_wheat,4,KAS,0.9,16
4506,2,winter_wheat,1,PK,0.001,40
4506,2,winter_wheat,2,KAS,0.25,32
4506,2,winter_wheat,3,KAS,0.4,16
4506,2,winter_wheat,4,KAS,0.9,16
4507,2,winter_wheat,1,PK,0.001,40
4507,2,winter_wheat,2,KAS,0.25,32
4507,2,winter_wheat,3,KAS,0.4,16
4507,2,winter_wheat,4,KAS,0.9,16
4513,2,winter_wheat,1,PK,0.001,40
4513,2,winter_wheat,2,KAS,0.25,32
4513,2,winter_wheat,3,KAS,0.4,16
4513,2,winter_wheat,4,KAS,0.9,16
4514,2,winter_wheat,1,PK,0.001,40
4514,2,winter_wheat,2,KAS,0.25,32
4514,2,winter_wheat,3,KAS,0.4,16
4514,2,winter_wheat,4,KAS,0.9,16
4517,2,winter_wheat,1,PK,0.001,40
4517,2,winter_wheat,2,KAS,0.25,32
4517,2,winter_wheat,3,KAS,0.4,16
4517,2,winter_wheat,4,KAS,0.9,16
4518,2,winter_wheat,1,PK,0.001,40
4518,2,winter_wheat,2,KAS,0.25,32
4518,2,winter_wheat,3,KAS,0.4,16
4518,2,winter_wheat,4,KAS,0.9,16
4519,2,winter_wheat,1,PK,0.001,40
4519,2,winter_wheat,2,KAS,0.25,32
4519,2,winter_wheat,3,KAS,0.4,16
4519,2,winter_wheat,4,KAS,0.9,16
4520,2,winter_wheat,1,PK,0.001,40
4520,2,winter_wheat,2,KAS,0.25,32
4520,2,winter_wheat,3,KAS,0.4,16
4520,2,winter_wheat,4,KAS,0.9,16
4521,2,winter_wheat,1,PK,0.001,40
4521,2,winter_wheat,2,KAS,0.25,32
4521,2,winter_wheat,3,KAS,0.4,16
4521,2,winter_wheat,4,KAS,0.9,16
4522,2,winter_wheat,1,PK,0.001,40
4522,2,winter_wheat,2,KAS,0.25,32
4522,2,winter_wheat,3,KAS,0.4,16
4522,2,winter_wheat,4,KAS,0.9,16
4523,2,winter_wheat,1,PK,0.001,40
4523,2,winter_wheat,2,KAS,0.25,32
4523,2,winter_wheat,3,KAS,0.4,16
4523,2,winter_wheat,4,KAS,0.9,16
4524,2,winter_wheat,1,PK,0.001,40
4524,2,winter_wheat,2,KAS,0.25,32
4524,2,winter_wheat,3,KAS,0.4,16
4524,2,winter_wheat,4,KAS,0.9,16
4527,2,winter_wheat,1,PK,0.001,40
4527,2,winter_wheat,2,KAS,0.25,32
4527,2,winter_wheat,3,KAS,0.4,16
4527,2,winter_wheat,4,KAS,0.9,16
4528,2,winter_wheat,1,PK,0.001,40
4528,2,winter_wheat,2,KAS,0.25,32
4528,2,winter_wheat,3,KAS,0.4,16
4528,2,winter_wheat,4,KAS,0.9,16
4531,2,winter_wheat,1,PK,0.001,40
4531,2,winter_wheat,2,KAS,0.25,32
4531,2,winter_wheat,3,KAS,0.4,16
4531,2,winter_wheat,4,KAS,0.9,16
4533,2,winter_wheat,1,PK,0.001,40
4533,2,winter_wheat,2,KAS,0.25,32
4533,2,winter_wheat,3,KAS,0.4,16
4533,2,winter_wheat,4,KAS,0.9,16
4539,2,winter_wheat,1,PK,0.001,40
4539,2,winter_wheat,2,KAS,0.25,32
4539,2,winter_wheat,3,KAS,0.4,16
4539,2,winter_wheat,4,KAS,0.9,16
4540,2,winter_wheat,1,PK,0.001,40
4540,2,winter_wheat,2,KAS,0.25,32
4540,2,winter_wheat,3,KAS,0.4,16
4540,2,winter_wheat,4,KAS,0.9,16
4543,2,winter_wheat,1,PK,0.001,40
4543,2,winter_wheat,2,KAS,0.25,32
4543,2,winter_wheat,3,KAS,0.4,16
4543,2,winter_wheat,4,KAS,0.9,16
4547,2,winter_wheat,1,PK,0.001,40
4547,2,winter_wheat,2,KAS,0.25,32
4547,2,winter_wheat,3,KAS,0.4,16
4547,2,winter_wheat,4,KAS,0.9,16
4550,2,winter_wheat,1,PK,0.001,40
4550,2,winter_wheat,2,KAS,0.25,32
4550,2,winter_wheat,3,KAS,0.4,16
4550,2,winter_wheat,4,KAS,0.9,16
4551,2,winter_wheat,1,PK,0.001,40
4551,2,winter_wheat,2,KAS,0.25,32
4551,2,winter_wheat,3,KAS,0.4,16
4551,2,winter_wheat,4,KAS,0.9,16
4552,2,winter_wheat,1,PK,0.001,40
4552,2,winter_wheat,2,KAS,0.25,32
4552,2,winter_wheat,3,KAS,0.4,16
4552,2,winter_wheat,4,KAS,0.9,16
4553,2,winter_wheat,1,PK,0.001,40
4553,2,winter_wheat,2,KAS,0.25,32
4553,2,winter_wheat,3,KAS,0.4,16
4553,2,winter_wheat,4,KAS,0.9,16
4554,2,winter_wheat,1,PK,0.001,40
4554,2,winter_wheat,2,KAS,0.25,32
4554,2,winter_wheat,3,KAS,0.4,16
4554,2,winter_wheat,4,KAS,0.9,16
4559,2,winter_wheat,1,PK,0.001,40
4559,2,winter_wheat,2,KAS,0.25,32
4559,2,winter_wheat,3,KAS,0.4,16
4559,2,winter_wheat,4,KAS,0.9,16
4560,2,winter_wheat,1,PK,0.001,40
4560,2,winter_wheat,2,KAS,0.25,32
4560,2,winter_wheat,3,KAS,0.4,16
4560,2,winter_wheat,4,KAS,0.9,16
4561,2,winter_wheat,1,PK,0.001,40
4561,2,winter_wheat,2,KAS,0.25,32
4561,2,winter_wheat,3,KAS,0.4,16
4561,2,winter_wheat,4,KAS,0.9,16
4562,2,winter_wheat,1,PK,0.001,40
4562,2,winter_wheat,2,KAS,0.25,32
4562,2,winter_wheat,3,KAS,0.4,16
4562,2,winter_wheat,4,KAS,0.9,16
4564,2,winter_wheat,1,PK,0.001,40
4564,2,winter_wheat,2,KAS,0.25,32
4564,2,winter_wheat,3,KAS,0.4,16
4564,2,winter_wheat,4,KAS,0.9,16
4565,2,winter_wheat,1,PK,0.001,40
4565,2,winter_wheat,2,KAS,0.25,32
4565,2,winter_wheat,3,KAS,0.4,16
4565,2,winter_wheat,4,KAS,0.9,16
4566,2,winter_wheat,1,PK,0.001,40
4566,2,winter_wheat,2,KAS,0.25,32
4566,2,winter_wheat,3,KAS,0.4,16
4566,2,winter_wheat,4,KAS,0.9,16
4568,2,winter_wheat,1,PK,0.001,40
4568,2,winter_wheat,2,KAS,0.25,32
4568,2,winter_wheat,3,KAS,0.4,16
4568,2,winter_wheat,4,KAS,0.9,16
4569,2,winter_wheat,1,PK,0.001,40
4569,2,winter_wheat,2,KAS,0.25,32
4569,2,winter_wheat,3,KAS,0.4,16
4569,2,winter_wheat,4,KAS,0.9,16
4574,2,winter_wheat,1,PK,0.001,40
4574,2,winter_wheat,2,KAS,0.25,32
4574,2,winter_wheat,3,KAS,0.4,16
4574,2,winter_wheat,4,KAS,0.9,16
4578,2,winter_wheat,1,PK,0.001,40
4578,2,winter_wheat,2,KAS,0.25,32
4578,2,winter_wheat,3,KAS,0.4,16
4578,2,winter_wheat,4,KAS,0.9,16
4579,2,winter_wheat,1,PK,0.001,40
4579,2,winter_wheat,2,KAS,0.25,32
4579,2,winter_wheat,3,KAS,0.4,16
4579,2,winter_wheat,4,KAS,0.9,16
4580,2,winter_wheat,1,PK,0.001,40
4580,2,winter_wheat,2,KAS,0.25,32
4580,2,winter_wheat,3,KAS,0.4,16
4580,2,winter_wheat,4,KAS,0.9,16
4582,2,winter_wheat,1,PK,0.001,40
4582,2,winter_wheat,2,KAS,0.25,32
4582,2,winter_wheat,3,KAS,0.4,16
4582,2,winter_wheat,4,KAS,0.9,16
4583,2,winter_wheat,1,PK,0.001,40
4583,2,winter_wheat,2,KAS,0.25,32
4583,2,winter_wheat,3,KAS,0.4,16
4583,2,winter_wheat,4,KAS,0.9,16
4585,2,winter_wheat,1,PK,0.001,40
4585,2,winter_wheat,2,KAS,0.25,32
4585,2,winter_wheat,3,KAS,0.4,16
4585,2,winter_wheat,4,KAS,0.9,16
4588,2,winter_wheat,1,PK,0.001,40
4588,2,winter_wheat,2,KAS,0.25,32
4588,2,winter_wheat,3,KAS,0.4,16
4588,2,winter_wheat,4,KAS,0.9,16
4593,2,winter_wheat,1,PK,0.001,40
4593,2,winter_wheat,2,KAS,0.25,32
4593,2,winter_wheat,3,KAS,0.4,16
4593,2,winter_wheat,4,KAS,0.9,16
4599,2,winter_wheat,1,PK,0.001,40
4599,2,winter_wheat,2,KAS,0.25,32
4599,2,winter_wheat,3,KAS,0.4,16
4599,2,winter_wheat,4,KAS,0.9,16
4600,2,winter_wheat,1,PK,0.001,40
4600,2,winter_wheat,2,KAS,0.25,32
4600,2,winter_wheat,3,KAS,0.4,16
4600,2,winter_wheat,4,KAS,0.9,16
4601,2,winter_wheat,1,PK,0.001,40
4601,2,winter_wheat,2,KAS,0.25,32
4601,2,winter_wheat,3,KAS,0.4,16
4601,2,winter_wheat,4,KAS,0.9,16
4603,2,winter_wheat,1,PK,0.001,40
4603,2,winter_wheat,2,KAS,0.25,32
4603,2,winter_wheat,3,KAS,0.4,16
4603,2,winter_wheat,4,KAS,0.9,16
4604,2,winter_wheat,1,PK,0.001,40
4604,2,winter_wheat,2,KAS,0.25,32
4604,2,winter_wheat,3,KAS,0.4,16
4604,2,winter_wheat,4,KAS,0.9,16
4610,2,winter_wheat,1,PK,0.001,40
4610,2,winter_wheat,2,KAS,0.25,32
4610,2,winter_wheat,3,KAS,0.4,16
4610,2,winter_wheat,4,KAS,0.9,16
4611,2,winter_wheat,1,PK,0.001,40
4611,2,winter_wheat,2,KAS,0.25,32
4611,2,winter_wheat,3,KAS,0.4,16
4611,2,winter_wheat,4,KAS,0.9,16
4612,2,winter_wheat,1,PK,0.001,40
4612,2,winter_wheat,2,KAS,0.25,32
4612,2,winter_wheat,3,KAS,0.4,16
4612,2,winter_wheat,4,KAS,0.9,16
4613,2,winter_wheat,1,PK,0.001,40
4613,2,winter_wheat,2,KAS,0.25,32
4613,2,winter_wheat,3,KAS,0.4,16
4613,2,winter_wheat,4,KAS,0.9,16
4614,2,winter_wheat,1,PK,0.001,40
4614,2,winter_wheat,2,KAS,0.25,32
4614,2,winter_wheat,3,KAS,0.4,16
4614,2,winter_wheat,4,KAS,0.9,16
4615,2,winter_wheat,1,PK,0.001,40
4615,2,winter_wheat,2,KAS,0.25,32
4615,2,winter_wheat,3,KAS,0.4,16
4615,2,winter_wheat,4,KAS,0.9,16
4616,2,winter_wheat,1,PK,0.001,40
4616,2,winter_wheat,2,KAS,0.25,32
4616,2,winter_wheat,3,KAS,0.4,16
4616,2,winter_wheat,4,KAS,0.9,16
4617,2,winter_wheat,1,PK,0.001,40
4617,2,winter_wheat,2,KAS,0.25,32
4617,2,winter_wheat,3,KAS,0.4,16
4617,2,winter_wheat,4,KAS,0.9,16
4618,2,winter_wheat,1,PK,0.001,40
4618,2,winter_wheat,2,KAS,0.25,32
4618,2,winter_wheat,3,KAS,0.4,16
4618,2,winter_wheat,4,KAS,0.9,16
4619,2,winter_wheat,1,PK,0.001,40
4619,2,winter_wheat,2,KAS,0.25,32
4619,2,winter_wheat,3,KAS,0.4,16
4619,2,winter_wheat,4,KAS,0.9,16
4620,2,winter_wheat,1,PK,0.001,40
4620,2,winter_wheat,2,KAS,0.25,32
4620,2,winter_wheat,3,KAS,0.4,16
4620,2,winter_wheat,4,KAS,0.9,16
4625,2,winter_wheat,1,PK,0.001,40
4625,2,winter_wheat,2,KAS,0.25,32
4625,2,winter_wheat,3,KAS,0.4,16
4625,2,winter_wheat,4,KAS,0.9,16
4626,2,winter_wheat,1,PK,0.001,40
4626,2,winter_wheat,2,KAS,0.25,32
4626,2,winter_wheat,3,KAS,0.4,16
4626,2,winter_wheat,4,KAS,0.9,16
4627,2,winter_wheat,1,PK,0.001,40
4627,2,winter_wheat,2,KAS,0.25,32
4627,2,winter_wheat,3,KAS,0.4,16
4627,2,winter_wheat,4,KAS,0.9,16
4628,2,winter_wheat,1,PK,0.001,40
4628,2,winter_wheat,2,KAS,0.25,32
4628,2,winter_wheat,3,KAS,0.4,16
4628,2,winter_wheat,4,KAS,0.9,16
4630,2,winter_wheat,1,PK,0.001,40
4630,2,winter_wheat,2,KAS,0.25,32
4630,2,winter_wheat,3,KAS,0.4,16
4630,2,winter_wheat,4,KAS,0.9,16
4631,2,winter_wheat,1,PK,0.001,40
4631,2,winter_wheat,2,KAS,0.25,32
4631,2,winter_wheat,3,KAS,0.4,16
4631,2,winter_wheat,4,KAS,0.9,16
4632,2,winter_wheat,1,PK,0.001,40
4632,2,winter_wheat,2,KAS,0.25,32
4632,2,winter_wheat,3,KAS,0.4,16
4632,2,winter_wheat,4,KAS,0.9,16
4633,2,winter_wheat,1,PK,0.001,40
4633,2,winter_wheat,2,KAS,0.25,32
4633,2,winter_wheat,3,KAS,0.4,16
4633,2,winter_wheat,4,KAS,0.9,16
4634,2,winter_wheat,1,PK,0.001,40
4634,2,winter_wheat,2,KAS,0.25,32
4634,2,winter_wheat,3,KAS,0.4,16
4634,2,winter_wheat,4,KAS,0.9,16
4636,2,winter_wheat,1,PK,0.001,40
4636,2,winter_wheat,2,KAS,0.25,32
4636,2,winter_wheat,3,KAS,0.4,16
4636,2,winter_wheat,4,KAS,0.9,16
4637,2,winter_wheat,1,PK,0.001,40
4637,2,winter_wheat,2,KAS,0.25,32
4637,2,winter_wheat,3,KAS,0.4,16
4637,2,winter_wheat,4,KAS,0.9,16
4638,2,winter_wheat,1,PK,0.001,40
4638,2,winter_wheat,2,KAS,0.25,32
4638,2,winter_wheat,3,KAS,0.4,16
4638,2,winter_wheat,4,KAS,0.9,16
4639,2,winter_wheat,1,PK,0.001,40
4639,2,winter_wheat,2,KAS,0.25,32
4639,2,winter_wheat,3,KAS,0.4,16
4639,2,winter_wheat,4,KAS,0.9,16
4641,2,winter_wheat,1,PK,0.001,40
4641,2,winter_wheat,2,KAS,0.25,32
4641,2,winter_wheat,3,KAS,0.4,16
4641,2,winter_wheat,4,KAS,0.9,16
4645,2,winter_wheat,1,PK,0.001,40
4645,2,winter_wheat,2,KAS,0.25,32
4645,2,winter_wheat,3,KAS,0.4,16
4645,2,winter_wheat,4,KAS,0.9,16
4651,2,winter_wheat,1,PK,0.001,40
4651,2,winter_wheat,2,KAS,0.25,32
4651,2,winter_wheat,3,KAS,0.4,16
4651,2,winter_wheat,4,KAS,0.9,16
4653,2,winter_wheat,1,PK,0.001,40
4653,2,winter_wheat,2,KAS,0.25,32
4653,2,winter_wheat,3,KAS,0.4,16
4653,2,winter_wheat,4,KAS,0.9,16
4655,2,winter_wheat,1,PK,0.001,40
4655,2,winter_wheat,2,KAS,0.25,32
4655,2,winter_wheat,3,KAS,0.4,16
4655,2,winter_wheat,4,KAS,0.9,16
4656,2,winter_wheat,1,PK,0.001,40
4656,2,winter_wheat,2,KAS,0.25,32
4656,2,winter_wheat,3,KAS,0.4,16
4656,2,winter_wheat,4,KAS,0.9,16
4657,2,winter_wheat,1,PK,0.001,40
4657,2,winter_wheat,2,KAS,0.25,32
4657,2,winter_wheat,3,KAS,0.4,16
4657,2,winter_wheat,4,KAS,0.9,16
4661,2,winter_wheat,1,PK,0.001,40
4661,2,winter_wheat,2,KAS,0.25,32
4661,2,winter_wheat,3,KAS,0.4,16
4661,2,winter_wheat,4,KAS,0.9,16
4662,2,winter_wheat,1,PK,0.001,40
4662,2,winter_wheat,2,KAS,0.25,32
4662,2,winter_wheat,3,KAS,0.4,16
4662,2,winter_wheat,4,KAS,0.9,16
4664,2,winter_wheat,1,PK,0.001,40
4664,2,winter_wheat,2,KAS,0.25,32
4664,2,winter_wheat,3,KAS,0.4,16
4664,2,winter_wheat,4,KAS,0.9,16
4666,2,winter_wheat,1,PK,0.001,40
4666,2,winter_wheat,2,KAS,0.25,32
4666,2,winter_wheat,3,KAS,0.4,16
4666,2,winter_wheat,4,KAS,0.9,16
4667,2,winter_wheat,1,PK,0.001,40
4667,2,winter_wheat,2,KAS,0.25,32
4667,2,winter_wheat,3,KAS,0.4,16
4667,2,winter_wheat,4,KAS,0.9,16
4668,2,winter_wheat,1,PK,0.001,40
4668,2,winter_wheat,2,KAS,0.25,32
4668,2,winter_wheat,3,KAS,0.4,16
4668,2,winter_wheat,4,KAS,0.9,16
4669,2,winter_wheat,1,PK,0.001,40
4669,2,winter_wheat,2,KAS,0.25,32
4669,2,winter_wheat,3,KAS,0.4,16
4669,2,winter_wheat,4,KAS,0.9,16
4672,2,winter_wheat,1,PK,0.001,40
4672,2,winter_wheat,2,KAS,0.25,32
4672,2,winter_wheat,3,KAS,0.4,16
4672,2,winter_wheat,4,KAS,0.9,16
4673,2,winter_wheat,1,PK,0.001,40
4673,2,winter_wheat,2,KAS,0.25,32
4673,2,winter_wheat,3,KAS,0.4,16
4673,2,winter_wheat,4,KAS,0.9,16
4674,2,winter_wheat,1,PK,0.001,40
4674,2,winter_wheat,2,KAS,0.25,32
4674,2,winter_wheat,3,KAS,0.4,16
4674,2,winter_wheat,4,KAS,0.9,16
4675,2,winter_wheat,1,PK,0.001,40
4675,2,winter_wheat,2,KAS,0.25,32
4675,2,winter_wheat,3,KAS,0.4,16
4675,2,winter_wheat,4,KAS,0.9,16
4676,2,winter_wheat,1,PK,0.001,40
4676,2,winter_wheat,2,KAS,0.25,32
4676,2,winter_wheat,3,KAS,0.4,16
4676,2,winter_wheat,4,KAS,0.9,16
4677,2,winter_wheat,1,PK,0.001,40
4677,2,winter_wheat,2,KAS,0.25,32
4677,2,winter_wheat,3,KAS,0.4,16
4677,2,winter_wheat,4,KAS,0.9,16
4683,2,winter_wheat,1,PK,0.001,40
4683,2,winter_wheat,2,KAS,0.25,32
4683,2,winter_wheat,3,KAS,0.4,16
4683,2,winter_wheat,4,KAS,0.9,16
4684,2,winter_wheat,1,PK,0.001,40
4684,2,winter_wheat,2,KAS,0.25,32
4684,2,winter_wheat,3,KAS,0.4,16
4684,2,winter_wheat,4,KAS,0.9,16
4685,2,winter_wheat,1,PK,0.001,40
4685,2,winter_wheat,2,KAS,0.25,32
4685,2,winter_wheat,3,KAS,0.4,16
4685,2,winter_wheat,4,KAS,0.9,16
4686,2,winter_wheat,1,PK,0.001,40
4686,2,winter_wheat,2,KAS,0.25,32
4686,2,winter_wheat,3,KAS,0.4,16
4686,2,winter_wheat,4,KAS,0.9,16
4687,2,winter_wheat,1,PK,0.001,40
4687,2,winter_wheat,2,KAS,0.25,32
4687,2,winter_wheat,3,KAS,0.4,16
4687,2,winter_wheat,4,KAS,0.9,16
4690,2,winter_wheat,1,PK,0.001,40
4690,2,winter_wheat,2,KAS,0.25,32
4690,2,winter_wheat,3,KAS,0.4,16
4690,2,winter_wheat,4,KAS,0.9,16
4691,2,winter_wheat,1,PK,0.001,40
4691,2,winter_wheat,2,KAS,0.25,32
4691,2,winter_wheat,3,KAS,0.4,16
4691,2,winter_wheat,4,KAS,0.9,16
4693,2,winter_wheat,1,PK,0.001,40
4693,2,winter_wheat,2,KAS,0.25,32
4693,2,winter_wheat,3,KAS,0.4,16
4693,2,winter_wheat,4,KAS,0.9,16
4694,2,winter_wheat,1,PK,0.001,40
4694,2,winter_wheat,2,KAS,0.25,32
4694,2,winter_wheat,3,KAS,0.4,16
4694,2,winter_wheat,4,KAS,0.9,16
4695,2,winter_wheat,1,PK,0.001,40
4695,2,winter_wheat,2,KAS,0.25,32
4695,2,winter_wheat,3,KAS,0.4,16
4695,2,winter_wheat,4,KAS,0.9,16
4698,2,winter_wheat,1,PK,0.001,40
4698,2,winter_wheat,2,KAS,0.25,32
4698,2,winter_wheat,3,KAS,0.4,16
4698,2,winter_wheat,4,KAS,0.9,16
4704,2,winter_wheat,1,PK,0.001,40
4704,2,winter_wheat,2,KAS,0.25,32
4704,2,winter_wheat,3,KAS,0.4,16
4704,2,winter_wheat,4,KAS,0.9,16
4706,2,winter_wheat,1,PK,0.001,40
4706,2,winter_wheat,2,KAS,0.25,32
4706,2,winter_wheat,3,KAS,0.4,16
4706,2,winter_wheat,4,KAS,0.9,16
4709,2,winter_wheat,1,PK,0.001,40
4709,2,winter_wheat,2,KAS,0.25,32
4709,2,winter_wheat,3,KAS,0.4,16
4709,2,winter_wheat,4,KAS,0.9,16
4710,2,winter_wheat,1,PK,0.001,40
4710,2,winter_wheat,2,KAS,0.25,32
4710,2,winter_wheat,3,KAS,0.4,16
4710,2,winter_wheat,4,KAS,0.9,16
4712,2,winter_wheat,1,PK,0.001,40
4712,2,winter_wheat,2,KAS,0.25,32
4712,2,winter_wheat,3,KAS,0.4,16
4712,2,winter_wheat,4,KAS,0.9,16
4713,2,winter_wheat,1,PK,0.001,40
4713,2,winter_wheat,2,KAS,0.25,32
4713,2,winter_wheat,3,KAS,0.4,16
4713,2,winter_wheat,4,KAS,0.9,16
4717,2,winter_wheat,1,PK,0.001,40
4717,2,winter_wheat,2,KAS,0.25,32
4717,2,winter_wheat,3,KAS,0.4,16
4717,2,winter_wheat,4,KAS,0.9,16
4720,2,winter_wheat,1,PK,0.001,40
4720,2,winter_wheat,2,KAS,0.25,32
4720,2,winter_wheat,3,KAS,0.4,16
4720,2,winter_wheat,4,KAS,0.9,16
4724,2,winter_wheat,1,PK,0.001,40
4724,2,winter_wheat,2,KAS,0.25,32
4724,2,winter_wheat,3,KAS,0.4,16
4724,2,winter_wheat,4,KAS,0.9,16
4725,2,winter_wheat,1,PK,0.001,40
4725,2,winter_wheat,2,KAS,0.25,32
4725,2,winter_wheat,3,KAS,0.4,16
4725,2,winter_wheat,4,KAS,0.9,16
4729,2,winter_wheat,1,PK,0.001,40
4729,2,winter_wheat,2,KAS,0.25,32
4729,2,winter_wheat,3,KAS,0.4,16
4729,2,winter_wheat,4,KAS,0.9,16
4730,2,winter_wheat,1,PK,0.001,40
4730,2,winter_wheat,2,KAS,0.25,32
4730,2,winter_wheat,3,KAS,0.4,16
4730,2,winter_wheat,4,KAS,0.9,16
4733,2,winter_wheat,1,PK,0.001,40
4733,2,winter_wheat,2,KAS,0.25,32
4733,2,winter_wheat,3,KAS,0.4,16
4733,2,winter_wheat,4,KAS,0.9,16
4734,2,winter_wheat,1,PK,0.001,40
4734,2,winter_wheat,2,KAS,0.25,32
4734,2,winter_wheat,3,KAS,0.4,16
4734,2,winter_wheat,4,KAS,0.9,16
4739,2,winter_wheat,1,PK,0.001,40
4739,2,winter_wheat,2,KAS,0.25,32
4739,2,winter_wheat,3,KAS,0.4,16
4739,2,winter_wheat,4,KAS,0.9,16
4740,2,winter_wheat,1,PK,0.001,40
4740,2,winter_wheat,2,KAS,0.25,32
4740,2,winter_wheat,3,KAS,0.4,16
4740,2,winter_wheat,4,KAS,0.9,16
4741,2,winter_wheat,1,PK,0.001,40
4741,2,winter_wheat,2,KAS,0.25,32
4741,2,winter_wheat,3,KAS,0.4,16
4741,2,winter_wheat,4,KAS,0.9,16
4743,2,winter_wheat,1,PK,0.001,40
4743,2,winter_wheat,2,KAS,0.25,32
4743,2,winter_wheat,3,KAS,0.4,16
4743,2,winter_wheat,4,KAS,0.9,16
4745,2,winter_wheat,1,PK,0.001,40
4745,2,winter_wheat,2,KAS,0.25,32
4745,2,winter_wheat,3,KAS,0.4,16
4745,2,winter_wheat,4,KAS,0.9,16
4746,2,winter_wheat,1,PK,0.001,40
4746,2,winter_wheat,2,KAS,0.25,32
4746,2,winter_wheat,3,KAS,0.4,16
4746,2,winter_wheat,4,KAS,0.9,16
4750,2,winter_wheat,1,PK,0.001,40
4750,2,winter_wheat,2,KAS,0.25,32
4750,2,winter_wheat,3,KAS,0.4,16
4750,2,winter_wheat,4,KAS,0.9,16
4752,2,winter_wheat,1,PK,0.001,40
4752,2,winter_wheat,2,KAS,0.25,32
4752,2,winter_wheat,3,KAS,0.4,16
4752,2,winter_wheat,4,KAS,0.9,16
4756,2,winter_wheat,1,PK,0.001,40
4756,2,winter_wheat,2,KAS,0.25,32
4756,2,winter_wheat,3,KAS,0.4,16
4756,2,winter_wheat,4,KAS,0.9,16
4757,2,winter_wheat,1,PK,0.001,40
4757,2,winter_wheat,2,KAS,0.25,32
4757,2,winter_wheat,3,KAS,0.4,16
4757,2,winter_wheat,4,KAS,0.9,16
4759,2,winter_wheat,1,PK,0.001,40
4759,2,winter_wheat,2,KAS,0.25,32
4759,2,winter_wheat,3,KAS,0.4,16
4759,2,winter_wheat,4,KAS,0.9,16
4760,2,winter_wheat,1,PK,0.001,40
4760,2,winter_wheat,2,KAS,0.25,32
4760,2,winter_wheat,3,KAS,0.4,16
4760,2,winter_wheat,4,KAS,0.9,16
4764,2,winter_wheat,1,PK,0.001,40
4764,2,winter_wheat,2,KAS,0.25,32
4764,2,winter_wheat,3,KAS,0.4,16
4764,2,winter_wheat,4,KAS,0.9,16
4765,2,winter_wheat,1,PK,0.001,40
4765,2,winter_wheat,2,KAS,0.25,32
4765,2,winter_wheat,3,KAS,0.4,16
4765,2,winter_wheat,4,KAS,0.9,16
4766,2,winter_wheat,1,PK,0.001,40
4766,2,winter_wheat,2,KAS,0.25,32
4766,2,winter_wheat,3,KAS,0.4,16
4766,2,winter_wheat,4,KAS,0.9,16
4770,2,winter_wheat,1,PK,0.001,40
4770,2,winter_wheat,2,KAS,0.25,32
4770,2,winter_wheat,3,KAS,0.4,16
4770,2,winter_wheat,4,KAS,0.9,16
4773,2,winter_wheat,1,PK,0.001,40
4773,2,winter_wheat,2,KAS,0.25,32
4773,2,winter_wheat,3,KAS,0.4,16
4773,2,winter_wheat,4,KAS,0.9,16
4776,2,winter_wheat,1,PK,0.001,40
4776,2,winter_wheat,2,KAS,0.25,32
4776,2,winter_wheat,3,KAS,0.4,16
4776,2,winter_wheat,4,KAS,0.9,16
4777,2,winter_wheat,1,PK,0.001,40
4777,2,winter_wheat,2,KAS,0.25,32
4777,2,winter_wheat,3,KAS,0.4,16
4777,2,winter_wheat,4,KAS,0.9,16
4779,2,winter_wheat,1,PK,0.001,40
4779,2,winter_wheat,2,KAS,0.25,32
4779,2,winter_wheat,3,KAS,0.4,16
4779,2,winter_wheat,4,KAS,0.9,16
4781,2,winter_wheat,1,PK,0.001,40
4781,2,winter_wheat,2,KAS,0.25,32
4781,2,winter_wheat,3,KAS,0.4,16
4781,2,winter_wheat,4,KAS,0.9,16
4782,2,winter_wheat,1,PK,0.001,40
4782,2,winter_wheat,2,KAS,0.25,32
4782,2,winter_wheat,3,KAS,0.4,16
4782,2,winter_wheat,4,KAS,0.9,16
4783,2,winter_wheat,1,PK,0.001,40
4783,2,winter_wheat,2,KAS,0.25,32
4783,2,winter_wheat,3,KAS,0.4,16
4783,2,winter_wheat,4,KAS,0.9,16
4786,2,winter_wheat,1,PK,0.001,40
4786,2,winter_wheat,2,KAS,0.25,32
4786,2,winter_wheat,3,KAS,0.4,16
4786,2,winter_wheat,4,KAS,0.9,16
4787,2,winter_wheat,1,PK,0.001,40
4787,2,winter_wheat,2,KAS,0.25,32
4787,2,winter_wheat,3,KAS,0.4,16
4787,2,winter_wheat,4,KAS,0.9,16
4788,2,winter_wheat,1,PK,0.001,40
4788,2,winter_wheat,2,KAS,0.25,32
4788,2,winter_wheat,3,KAS,0.4,16
4788,2,winter_wheat,4,KAS,0.9,16
4789,2,winter_wheat,1,PK,0.001,40
4789,2,winter_wheat,2,KAS,0.25,32
4789,2,winter_wheat,3,KAS,0.4,16
4789,2,winter_wheat,4,KAS,0.9,16
4790,2,winter_wheat,1,PK,0.001,40
4790,2,winter_wheat,2,KAS,0.25,32
4790,2,winter_wheat,3,KAS,0.4,16
4790,2,winter_wheat,4,KAS,0.9,16
4792,2,winter_wheat,1,PK,0.001,40
4792,2,winter_wheat,2,KAS,0.25,32
4792,2,winter_wheat,3,KAS,0.4,16
4792,2,winter_wheat,4,KAS,0.9,16
4793,2,winter_wheat,1,PK,0.001,40
4793,2,winter_wheat,2,KAS,0.25,32
4793,2,winter_wheat,3,KAS,0.4,16
4793,2,winter_wheat,4,KAS,0.9,16
4794,2,winter_wheat,1,PK,0.001,40
4794,2,winter_wheat,2,KAS,0.25,32
4794,2,winter_wheat,3,KAS,0.4,16
4794,2,winter_wheat,4,KAS,0.9,16
4795,2,winter_wheat,1,PK,0.001,40
4795,2,winter_wheat,2,KAS,0.25,32
4795,2,winter_wheat,3,KAS,0.4,16
4795,2,winter_wheat,4,KAS,0.9,16
4798,2,winter_wheat,1,PK,0.001,40
4798,2,winter_wheat,2,KAS,0.25,32
4798,2,winter_wheat,3,KAS,0.4,16
4798,2,winter_wheat,4,KAS,0.9,16
4800,2,winter_wheat,1,PK,0.001,40
4800,2,winter_wheat,2,KAS,0.25,32
4800,2,winter_wheat,3,KAS,0.4,16
4800,2,winter_wheat,4,KAS,0.9,16
4801,2,winter_wheat,1,PK,0.001,40
4801,2,winter_wheat,2,KAS,0.25,32
4801,2,winter_wheat,3,KAS,0.4,16
4801,2,winter_wheat,4,KAS,0.9,16
4802,2,winter_wheat,1,PK,0.001,40
4802,2,winter_wheat,2,KAS,0.25,32
4802,2,winter_wheat,3,KAS,0.4,16
4802,2,winter_wheat,4,KAS,0.9,16
4803,2,winter_wheat,1,PK,0.001,40
4803,2,winter_wheat,2,KAS,0.25,32
4803,2,winter_wheat,3,KAS,0.4,16
4803,2,winter_wheat,4,KAS,0.9,16
4804,2,winter_wheat,1,PK,0.001,40
4804,2,winter_wheat,2,KAS,0.25,32
4804,2,winter_wheat,3,KAS,0.4,16
4804,2,winter_wheat,4,KAS,0.9,16
4807,2,winter_wheat,1,PK,0.001,40
4807,2,winter_wheat,2,KAS,0.25,32
4807,2,winter_wheat,3,KAS,0.4,16
4807,2,winter_wheat,4,KAS,0.9,16
4824,2,winter_wheat,1,PK,0.001,40
4824,2,winter_wheat,2,KAS,0.25,32
4824,2,winter_wheat,3,KAS,0.4,16
4824,2,winter_wheat,4,KAS,0.9,16
4825,2,winter_wheat,1,PK,0.001,40
4825,2,winter_wheat,2,KAS,0.25,32
4825,2,winter_wheat,3,KAS,0.4,16
4825,2,winter_wheat,4,KAS,0.9,16
4826,2,winter_wheat,1,PK,0.001,40
4826,2,winter_wheat,2,KAS,0.25,32
4826,2,winter_wheat,3,KAS,0.4,16
4826,2,winter_wheat,4,KAS,0.9,16
4828,2,winter_wheat,1,PK,0.001,40
4828,2,winter_wheat,2,KAS,0.25,32
4828,2,winter_wheat,3,KAS,0.4,16
4828,2,winter_wheat,4,KAS,0.9,16
4829,2,winter_wheat,1,PK,0.001,40
4829,2,winter_wheat,2,KAS,0.25,32
4829,2,winter_wheat,3,KAS,0.4,16
4829,2,winter_wheat,4,KAS,0.9,16
4830,2,winter_wheat,1,PK,0.001,40
4830,2,winter_wheat,2,KAS,0.25,32
4830,2,winter_wheat,3,KAS,0.4,16
4830,2,winter_wheat,4,KAS,0.9,16
4831,2,winter_wheat,1,PK,0.001,40
4831,2,winter_wheat,2,KAS,0.25,32
4831,2,winter_wheat,3,KAS,0.4,16
4831,2,winter_wheat,4,KAS,0.9,16
4832,2,winter_wheat,1,PK,0.001,40
4832,2,winter_wheat,2,KAS,0.25,32
4832,2,winter_wheat,3,KAS,0.4,16
4832,2,winter_wheat,4,KAS,0.9,16
4833,2,winter_wheat,1,PK,0.001,40
4833,2,winter_wheat,2,KAS,0.25,32
4833,2,winter_wheat,3,KAS,0.4,16
4833,2,winter_wheat,4,KAS,0.9,16
4834,2,winter_wheat,1,PK,0.001,40
4834,2,winter_wheat,2,KAS,0.25,32
4834,2,winter_wheat,3,KAS,0.4,16
4834,2,winter_wheat,4,KAS,0.9,16
4835,2,winter_wheat,1,PK,0.001,40
4835,2,winter_wheat,2,KAS,0.25,32
4835,2,winter_wheat,3,KAS,0.4,16
4835,2,winter_wheat,4,KAS,0.9,16
4836,2,winter_wheat,1,PK,0.001,40
4836,2,winter_wheat,2,KAS,0.25,32
4836,2,winter_wheat,3,KAS,0.4,16
4836,2,winter_wheat,4,KAS,0.9,16
4839,2,winter_wheat,1,PK,0.001,40
4839,2,winter_wheat,2,KAS,0.25,32
4839,2,winter_wheat,3,KAS,0.4,16
4839,2,winter_wheat,4,KAS,0.9,16
4841,2,winter_wheat,1,PK,0.001,40
4841,2,winter_wheat,2,KAS,0.25,32
4841,2,winter_wheat,3,KAS,0.4,16
4841,2,winter_wheat,4,KAS,0.9,16
4842,2,winter_wheat,1,PK,0.001,40
4842,2,winter_wheat,2,KAS,0.25,32
4842,2,winter_wheat,3,KAS,0.4,16
4842,2,winter_wheat,4,KAS,0.9,16
4843,2,winter_wheat,1,PK,0.001,40
4843,2,winter_wheat,2,KAS,0.25,32
4843,2,winter_wheat,3,KAS,0.4,16
4843,2,winter_wheat,4,KAS,0.9,16
4844,2,winter_wheat,1,PK,0.001,40
4844,2,winter_wheat,2,KAS,0.25,32
4844,2,winter_wheat,3,KAS,0.4,16
4844,2,winter_wheat,4,KAS,0.9,16
4846,2,winter_wheat,1,PK,0.001,40
4846,2,winter_wheat,2,KAS,0.25,32
4846,2,winter_wheat,3,KAS,0.4,16
4846,2,winter_wheat,4,KAS,0.9,16
4848,2,winter_wheat,1,PK,0.001,40
4848,2,winter_wheat,2,KAS,0.25,32
4848,2,winter_wheat,3,KAS,0.4,16
4848,2,winter_wheat,4,KAS,0.9,16
4849,2,winter_wheat,1,PK,0.001,40
4849,2,winter_wheat,2,KAS,0.25,32
4849,2,winter_wheat,3,KAS,0.4,16
4849,2,winter_wheat,4,KAS,0.9,16
4850,2,winter_wheat,1,PK,0.001,40
4850,2,winter_wheat,2,KAS,0.25,32
4850,2,winter_wheat,3,KAS,0.4,16
4850,2,winter_wheat,4,KAS,0.9,16
4851,2,winter_wheat,1,PK,0.001,40
4851,2,winter_wheat,2,KAS,0.25,32
4851,2,winter_wheat,3,KAS,0.4,16
4851,2,winter_wheat,4,KAS,0.9,16
4854,2,winter_wheat,1,PK,0.001,40
4854,2,winter_wheat,2,KAS,0.25,32
4854,2,winter_wheat,3,KAS,0.4,16
4854,2,winter_wheat,4,KAS,0.9,16
4855,2,winter_wheat,1,PK,0.001,40
4855,2,winter_wheat,2,KAS,0.25,32
4855,2,winter_wheat,3,KAS,0.4,16
4855,2,winter_wheat,4,KAS,0.9,16
4858,2,winter_wheat,1,PK,0.001,40
4858,2,winter_wheat,2,KAS,0.25,32
4858,2,winter_wheat,3,KAS,0.4,16
4858,2,winter_wheat,4,KAS,0.9,16
4859,2,winter_wheat,1,PK,0.001,40
4859,2,winter_wheat,2,KAS,0.25,32
4859,2,winter_wheat,3,KAS,0.4,16
4859,2,winter_wheat,4,KAS,0.9,16
4860,2,winter_wheat,1,PK,0.001,40
4860,2,winter_wheat,2,KAS,0.25,32
4860,2,winter_wheat,3,KAS,0.4,16
4860,2,winter_wheat,4,KAS,0.9,16
4863,2,winter_wheat,1,PK,0.001,40
4863,2,winter_wheat,2,KAS,0.25,32
4863,2,winter_wheat,3,KAS,0.4,16
4863,2,winter_wheat,4,KAS,0.9,16
4868,2,winter_wheat,1,PK,0.001,40
4868,2,winter_wheat,2,KAS,0.25,32
4868,2,winter_wheat,3,KAS,0.4,16
4868,2,winter_wheat,4,KAS,0.9,16
4869,2,winter_wheat,1,PK,0.001,40
4869,2,winter_wheat,2,KAS,0.25,32
4869,2,winter_wheat,3,KAS,0.4,16
4869,2,winter_wheat,4,KAS,0.9,16
4871,2,winter_wheat,1,PK,0.001,40
4871,2,winter_wheat,2,KAS,0.25,32
4871,2,winter_wheat,3,KAS,0.4,16
4871,2,winter_wheat,4,KAS,0.9,16
4873,2,winter_wheat,1,PK,0.001,40
4873,2,winter_wheat,2,KAS,0.25,32
4873,2,winter_wheat,3,KAS,0.4,16
4873,2,winter_wheat,4,KAS,0.9,16
4876,2,winter_wheat,1,PK,0.001,40
4876,2,winter_wheat,2,KAS,0.25,32
4876,2,winter_wheat,3,KAS,0.4,16
4876,2,winter_wheat,4,KAS,0.9,16
4877,2,winter_wheat,1,PK,0.001,40
4877,2,winter_wheat,2,KAS,0.25,32
4877,2,winter_wheat,3,KAS,0.4,16
4877,2,winter_wheat,4,KAS,0.9,16
4880,2,winter_wheat,1,PK,0.001,40
4880,2,winter_wheat,2,KAS,0.25,32
4880,2,winter_wheat,3,KAS,0.4,16
4880,2,winter_wheat,4,KAS,0.9,16
4883,2,winter_wheat,1,PK,0.001,40
4883,2,winter_wheat,2,KAS,0.25,32
4883,2,winter_wheat,3,KAS,0.4,16
4883,2,winter_wheat,4,KAS,0.9,16
4884,2,winter_wheat,1,PK,0.001,40
4884,2,winter_wheat,2,KAS,0.25,32
4884,2,winter_wheat,3,KAS,0.4,16
4884,2,winter_wheat,4,KAS,0.9,16
4886,2,winter_wheat,1,PK,0.001,40
4886,2,winter_wheat,2,KAS,0.25,32
4886,2,winter_wheat,3,KAS,0.4,16
4886,2,winter_wheat,4,KAS,0.9,16
4887,2,winter_wheat,1,PK,0.001,40
4887,2,winter_wheat,2,KAS,0.25,32
4887,2,winter_wheat,3,KAS,0.4,16
4887,2,winter_wheat,4,KAS,0.9,16
4889,2,winter_wheat,1,PK,0.001,40
4889,2,winter_wheat,2,KAS,0.25,32
4889,2,winter_wheat,3,KAS,0.4,16
4889,2,winter_wheat,4,KAS,0.9,16
4890,2,winter_wheat,1,PK,0.001,40
4890,2,winter_wheat,2,KAS,0.25,32
4890,2,winter_wheat,3,KAS,0.4,16
4890,2,winter_wheat,4,KAS,0.9,16
4891,2,winter_wheat,1,PK,0.001,40
4891,2,winter_wheat,2,KAS,0.25,32
4891,2,winter_wheat,3,KAS,0.4,16
4891,2,winter_wheat,4,KAS,0.9,16
4892,2,winter_wheat,1,PK,0.001,40
4892,2,winter_wheat,2,KAS,0.25,32
4892,2,winter_wheat,3,KAS,0.4,16
4892,2,winter_wheat,4,KAS,0.9,16
4894,2,winter_wheat,1,PK,0.001,40
4894,2,winter_wheat,2,KAS,0.25,32
4894,2,winter_wheat,3,KAS,0.4,16
4894,2,winter_wheat,4,KAS,0.9,16
4895,2,winter_wheat,1,PK,0.001,40
4895,2,winter_wheat,2,KAS,0.25,32
4895,2,winter_wheat,3,KAS,0.4,16
4895,2,winter_wheat,4,KAS,0.9,16
4896,2,winter_wheat,1,PK,0.001,40
4896,2,winter_wheat,2,KAS,0.25,32
4896,2,winter_wheat,3,KAS,0.4,16
4896,2,winter_wheat,4,KAS,0.9,16
4897,2,winter_wheat,1,PK,0.001,40
4897,2,winter_wheat,2,KAS,0.25,32
4897,2,winter_wheat,3,KAS,0.4,16
4897,2,winter_wheat,4,KAS,0.9,16
4898,2,winter_wheat,1,PK,0.001,40
4898,2,winter_wheat,2,KAS,0.25,32
4898,2,winter_wheat,3,KAS,0.4,16
4898,2,winter_wheat,4,KAS,0.9,16
4899,2,winter_wheat,1,PK,0.001,40
4899,2,winter_wheat,2,KAS,0.25,32
4899,2,winter_wheat,3,KAS,0.4,16
4899,2,winter_wheat,4,KAS,0.9,16
4900,2,winter_wheat,1,PK,0.001,40
4900,2,winter_wheat,2,KAS,0.25,32
4900,2,winter_wheat,3,KAS,0.4,16
4900,2,winter_wheat,4,KAS,0.9,16
4901,2,winter_wheat,1,PK,0.001,40
4901,2,winter_wheat,2,KAS,0.25,32
4901,2,winter_wheat,3,KAS,0.4,16
4901,2,winter_wheat,4,KAS,0.9,16
4902,2,winter_wheat,1,PK,0.001,40
4902,2,winter_wheat,2,KAS,0.25,32
4902,2,winter_wheat,3,KAS,0.4,16
4902,2,winter_wheat,4,KAS,0.9,16
4904,2,winter_wheat,1,PK,0.001,40
4904,2,winter_wheat,2,KAS,0.25,32
4904,2,winter_wheat,3,KAS,0.4,16
4904,2,winter_wheat,4,KAS,0.9,16
4907,2,winter_wheat,1,PK,0.001,40
4907,2,winter_wheat,2,KAS,0.25,32
4907,2,winter_wheat,3,KAS,0.4,16
4907,2,winter_wheat,4,KAS,0.9,16
4909,2,winter_wheat,1,PK,0.001,40
4909,2,winter_wheat,2,KAS,0.25,32
4909,2,winter_wheat,3,KAS,0.4,16
4909,2,winter_wheat,4,KAS,0.9,16
4910,2,winter_wheat,1,PK,0.001,40
4910,2,winter_wheat,2,KAS,0.25,32
4910,2,winter_wheat,3,KAS,0.4,16
4910,2,winter_wheat,4,KAS,0.9,16
4912,2,winter_wheat,1,PK,0.001,40
4912,2,winter_wheat,2,KAS,0.25,32
4912,2,winter_wheat,3,KAS,0.4,16
4912,2,winter_wheat,4,KAS,0.9,16
4918,2,winter_wheat,1,PK,0.001,40
4918,2,winter_wheat,2,KAS,0.25,32
4918,2,winter_wheat,3,KAS,0.4,16
4918,2,winter_wheat,4,KAS,0.9,16
4920,2,winter_wheat,1,PK,0.001,40
4920,2,winter_wheat,2,KAS,0.25,32
4920,2,winter_wheat,3,KAS,0.4,16
4920,2,winter_wheat,4,KAS,0.9,16
4922,2,winter_wheat,1,PK,0.001,40
4922,2,winter_wheat,2,KAS,0.25,32
4922,2,winter_wheat,3,KAS,0.4,16
4922,2,winter_wheat,4,KAS,0.9,16
4925,2,winter_wheat,1,PK,0.001,40
4925,2,winter_wheat,2,KAS,0.25,32
4925,2,winter_wheat,3,KAS,0.4,16
4925,2,winter_wheat,4,KAS,0.9,16
4928,2,winter_wheat,1,PK,0.001,40
4928,2,winter_wheat,2,KAS,0.25,32
4928,2,winter_wheat,3,KAS,0.4,16
4928,2,winter_wheat,4,KAS,0.9,16
4929,2,winter_wheat,1,PK,0.001,40
4929,2,winter_wheat,2,KAS,0.25,32
4929,2,winter_wheat,3,KAS,0.4,16
4929,2,winter_wheat,4,KAS,0.9,16
4930,2,winter_wheat,1,PK,0.001,40
4930,2,winter_wheat,2,KAS,0.25,32
4930,2,winter_wheat,3,KAS,0.4,16
4930,2,winter_wheat,4,KAS,0.9,16
4931,2,winter_wheat,1,PK,0.001,40
4931,2,winter_wheat,2,KAS,0.25,32
4931,2,winter_wheat,3,KAS,0.4,16
4931,2,winter_wheat,4,KAS,0.9,16
4932,2,winter_wheat,1,PK,0.001,40
4932,2,winter_wheat,2,KAS,0.25,32
4932,2,winter_wheat,3,KAS,0.4,16
4932,2,winter_wheat,4,KAS,0.9,16
4933,2,winter_wheat,1,PK,0.001,40
4933,2,winter_wheat,2,KAS,0.25,32
4933,2,winter_wheat,3,KAS,0.4,16
4933,2,winter_wheat,4,KAS,0.9,16
4934,2,winter_wheat,1,PK,0.001,40
4934,2,winter_wheat,2,KAS,0.25,32
4934,2,winter_wheat,3,KAS,0.4,16
4934,2,winter_wheat,4,KAS,0.9,16
4935,2,winter_wheat,1,PK,0.001,40
4935,2,winter_wheat,2,KAS,0.25,32
4935,2,winter_wheat,3,KAS,0.4,16
4935,2,winter_wheat,4,KAS,0.9,16
4937,2,winter_wheat,1,PK,0.001,40
4937,2,winter_wheat,2,KAS,0.25,32
4937,2,winter_wheat,3,KAS,0.4,16
4937,2,winter_wheat,4,KAS,0.9,16
4942,2,winter_wheat,1,PK,0.001,40
4942,2,winter_wheat,2,KAS,0.25,32
4942,2,winter_wheat,3,KAS,0.4,16
4942,2,winter_wheat,4,KAS,0.9,16
4943,2,winter_wheat,1,PK,0.001,40
4943,2,winter_wheat,2,KAS,0.25,32
4943,2,winter_wheat,3,KAS,0.4,16
4943,2,winter_wheat,4,KAS,0.9,16
4945,2,winter_wheat,1,PK,0.001,40
4945,2,winter_wheat,2,KAS,0.25,32
4945,2,winter_wheat,3,KAS,0.4,16
4945,2,winter_wheat,4,KAS,0.9,16
4946,2,winter_wheat,1,PK,0.001,40
4946,2,winter_wheat,2,KAS,0.25,32
4946,2,winter_wheat,3,KAS,0.4,16
4946,2,winter_wheat,4,KAS,0.9,16
4947,2,winter_wheat,1,PK,0.001,40
4947,2,winter_wheat,2,KAS,0.25,32
4947,2,winter_wheat,3,KAS,0.4,16
4947,2,winter_wheat,4,KAS,0.9,16
4948,2,winter_wheat,1,PK,0.001,40
4948,2,winter_wheat,2,KAS,0.25,32
4948,2,winter_wheat,3,KAS,0.4,16
4948,2,winter_wheat,4,KAS,0.9,16
4949,2,winter_wheat,1,PK,0.001,40
4949,2,winter_wheat,2,KAS,0.25,32
4949,2,winter_wheat,3,KAS,0.4,16
4949,2,winter_wheat,4,KAS,0.9,16
4951,2,winter_wheat,1,PK,0.001,40
4951,2,winter_wheat,2,KAS,0.25,32
4951,2,winter_wheat,3,KAS,0.4,16
4951,2,winter_wheat,4,KAS,0.9,16
4952,2,winter_wheat,1,PK,0.001,40
4952,2,winter_wheat,2,KAS,0.25,32
4952,2,winter_wheat,3,KAS,0.4,16
4952,2,winter_wheat,4,KAS,0.9,16
4953,2,winter_wheat,1,PK,0.001,40
4953,2,winter_wheat,2,KAS,0.25,32
4953,2,winter_wheat,3,KAS,0.4,16
4953,2,winter_wheat,4,KAS,0.9,16
4954,2,winter_wheat,1,PK,0.001,40
4954,2,winter_wheat,2,KAS,0.25,32
4954,2,winter_wheat,3,KAS,0.4,16
4954,2,winter_wheat,4,KAS,0.9,16
4955,2,winter_wheat,1,PK,0.001,40
4955,2,winter_wheat,2,KAS,0.25,32
4955,2,winter_wheat,3,KAS,0.4,16
4955,2,winter_wheat,4,KAS,0.9,16
4957,2,winter_wheat,1,PK,0.001,40
4957,2,winter_wheat,2,KAS,0.25,32
4957,2,winter_wheat,3,KAS,0.4,16
4957,2,winter_wheat,4,KAS,0.9,16
4958,2,winter_wheat,1,PK,0.001,40
4958,2,winter_wheat,2,KAS,0.25,32
4958,2,winter_wheat,3,KAS,0.4,16
4958,2,winter_wheat,4,KAS,0.9,16
4960,2,winter_wheat,1,PK,0.001,40
4960,2,winter_wheat,2,KAS,0.25,32
4960,2,winter_wheat,3,KAS,0.4,16
4960,2,winter_wheat,4,KAS,0.9,16
4961,2,winter_wheat,1,PK,0.001,40
4961,2,winter_wheat,2,KAS,0.25,32
4961,2,winter_wheat,3,KAS,0.4,16
4961,2,winter_wheat,4,KAS,0.9,16
4962,2,winter_wheat,1,PK,0.001,40
4962,2,winter_wheat,2,KAS,0.25,32
4962,2,winter_wheat,3,KAS,0.4,16
4962,2,winter_wheat,4,KAS,0.9,16
4963,2,winter_wheat,1,PK,0.001,40
4963,2,winter_wheat,2,KAS,0.25,32
4963,2,winter_wheat,3,KAS,0.4,16
4963,2,winter_wheat,4,KAS,0.9,16
4964,2,winter_wheat,1,PK,0.001,40
4964,2,winter_wheat,2,KAS,0.25,32
4964,2,winter_wheat,3,KAS,0.4,16
4964,2,winter_wheat,4,KAS,0.9,16
4965,2,winter_wheat,1,PK,0.001,40
4965,2,winter_wheat,2,KAS,0.25,32
4965,2,winter_wheat,3,KAS,0.4,16
4965,2,winter_wheat,4,KAS,0.9,16
4966,2,winter_wheat,1,PK,0.001,40
4966,2,winter_wheat,2,KAS,0.25,32
4966,2,winter_wheat,3,KAS,0.4,16
4966,2,winter_wheat,4,KAS,0.9,16
4969,2,winter_wheat,1,PK,0.001,40
4969,2,winter_wheat,2,KAS,0.25,32
4969,2,winter_wheat,3,KAS,0.4,16
4969,2,winter_wheat,4,KAS,0.9,16
4973,2,winter_wheat,1,PK,0.001,40
4973,2,winter_wheat,2,KAS,0.25,32
4973,2,winter_wheat,3,KAS,0.4,16
4973,2,winter_wheat,4,KAS,0.9,16
4975,2,winter_wheat,1,PK,0.001,40
4975,2,winter_wheat,2,KAS,0.25,32
4975,2,winter_wheat,3,KAS,0.4,16
4975,2,winter_wheat,4,KAS,0.9,16
4976,2,winter_wheat,1,PK,0.001,40
4976,2,winter_wheat,2,KAS,0.25,32
4976,2,winter_wheat,3,KAS,0.4,16
4976,2,winter_wheat,4,KAS,0.9,16
4977,2,winter_wheat,1,PK,0.001,40
4977,2,winter_wheat,2,KAS,0.25,32
4977,2,winter_wheat,3,KAS,0.4,16
4977,2,winter_wheat,4,KAS,0.9,16
4978,2,winter_wheat,1,PK,0.001,40
4978,2,winter_wheat,2,KAS,0.25,32
4978,2,winter_wheat,3,KAS,0.4,16
4978,2,winter_wheat,4,KAS,0.9,16
4979,2,winter_wheat,1,PK,0.001,40
4979,2,winter_wheat,2,KAS,0.25,32
4979,2,winter_wheat,3,KAS,0.4,16
4979,2,winter_wheat,4,KAS,0.9,16
4981,2,winter_wheat,1,PK,0.001,40
4981,2,winter_wheat,2,KAS,0.25,32
4981,2,winter_wheat,3,KAS,0.4,16
4981,2,winter_wheat,4,KAS,0.9,16
4982,2,winter_wheat,1,PK,0.001,40
4982,2,winter_wheat,2,KAS,0.25,32
4982,2,winter_wheat,3,KAS,0.4,16
4982,2,winter_wheat,4,KAS,0.9,16
4983,2,winter_wheat,1,PK,0.001,40
4983,2,winter_wheat,2,KAS,0.25,32
4983,2,winter_wheat,3,KAS,0.4,16
4983,2,winter_wheat,4,KAS,0.9,16
4987,2,winter_wheat,1,PK,0.001,40
4987,2,winter_wheat,2,KAS,0.25,32
4987,2,winter_wheat,3,KAS,0.4,16
4987,2,winter_wheat,4,KAS,0.9,16
4988,2,winter_wheat,1,PK,0.001,40
4988,2,winter_wheat,2,KAS,0.25,32
4988,2,winter_wheat,3,KAS,0.4,16
4988,2,winter_wheat,4,KAS,0.9,16
4990,2,winter_wheat,1,PK,0.001,40
4990,2,winter_wheat,2,KAS,0.25,32
4990,2,winter_wheat,3,KAS,0.4,16
4990,2,winter_wheat,4,KAS,0.9,16
4991,2,winter_wheat,1,PK,0.001,40
4991,2,winter_wheat,2,KAS,0.25,32
4991,2,winter_wheat,3,KAS,0.4,16
4991,2,winter_wheat,4,KAS,0.9,16
4992,2,winter_wheat,1,PK,0.001,40
4992,2,winter_wheat,2,KAS,0.25,32
4992,2,winter_wheat,3,KAS,0.4,16
4992,2,winter_wheat,4,KAS,0.9,16
4993,2,winter_wheat,1,PK,0.001,40
4993,2,winter_wheat,2,KAS,0.25,32
4993,2,winter_wheat,3,KAS,0.4,16
4993,2,winter_wheat,4,KAS,0.9,16
4995,2,winter_wheat,1,PK,0.001,40
4995,2,winter_wheat,2,KAS,0.25,32
4995,2,winter_wheat,3,KAS,0.4,16
4995,2,winter_wheat,4,KAS,0.9,16
4996,2,winter_wheat,1,PK,0.001,40
4996,2,winter_wheat,2,KAS,0.25,32
4996,2,winter_wheat,3,KAS,0.4,16
4996,2,winter_wheat,4,KAS,0.9,16
4997,2,winter_wheat,1,PK,0.001,40
4997,2,winter_wheat,2,KAS,0.25,32
4997,2,winter_wheat,3,KAS,0.4,16
4997,2,winter_wheat,4,KAS,0.9,16
4998,2,winter_wheat,1,PK,0.001,40
4998,2,winter_wheat,2,KAS,0.25,32
4998,2,winter_wheat,3,KAS,0.4,16
4998,2,winter_wheat,4,KAS,0.9,16
5002,2,winter_wheat,1,PK,0.001,40
5002,2,winter_wheat,2,KAS,0.25,32
5002,2,winter_wheat,3,KAS,0.4,16
5002,2,winter_wheat,4,KAS,0.9,16
5003,2,winter_wheat,1,PK,0.001,40
5003,2,winter_wheat,2,KAS,0.25,32
5003,2,winter_wheat,3,KAS,0.4,16
5003,2,winter_wheat,4,KAS,0.9,16
5004,2,winter_wheat,1,PK,0.001,40
5004,2,winter_wheat,2,KAS,0.25,32
5004,2,winter_wheat,3,KAS,0.4,16
5004,2,winter_wheat,4,KAS,0.9,16
5005,2,winter_wheat,1,PK,0.001,40
5005,2,winter_wheat,2,KAS,0.25,32
5005,2,winter_wheat,3,KAS,0.4,16
5005,2,winter_wheat,4,KAS,0.9,16
5007,2,winter_wheat,1,PK,0.001,40
5007,2,winter_wheat,2,KAS,0.25,32
5007,2,winter_wheat,3,KAS,0.4,16
5007,2,winter_wheat,4,KAS,0.9,16
5008,2,winter_wheat,1,PK,0.001,40
5008,2,winter_wheat,2,KAS,0.25,32
5008,2,winter_wheat,3,KAS,0.4,16
5008,2,winter_wheat,4,KAS,0.9,16
5010,2,winter_wheat,1,PK,0.001,40
5010,2,winter_wheat,2,KAS,0.25,32
5010,2,winter_wheat,3,KAS,0.4,16
5010,2,winter_wheat,4,KAS,0.9,16
5011,2,winter_wheat,1,PK,0.001,40
5011,2,winter_wheat,2,KAS,0.25,32
5011,2,winter_wheat,3,KAS,0.4,16
5011,2,winter_wheat,4,KAS,0.9,16
5012,2,winter_wheat,1,PK,0.001,40
5012,2,winter_wheat,2,KAS,0.25,32
5012,2,winter_wheat,3,KAS,0.4,16
5012,2,winter_wheat,4,KAS,0.9,16
5013,2,winter_wheat,1,PK,0.001,40
5013,2,winter_wheat,2,KAS,0.25,32
5013,2,winter_wheat,3,KAS,0.4,16
5013,2,winter_wheat,4,KAS,0.9,16
5014,2,winter_wheat,1,PK,0.001,40
5014,2,winter_wheat,2,KAS,0.25,32
5014,2,winter_wheat,3,KAS,0.4,16
5014,2,winter_wheat,4,KAS,0.9,16
5015,2,winter_wheat,1,PK,0.001,40
5015,2,winter_wheat,2,KAS,0.25,32
5015,2,winter_wheat,3,KAS,0.4,16
5015,2,winter_wheat,4,KAS,0.9,16
5022,2,winter_wheat,1,PK,0.001,40
5022,2,winter_wheat,2,KAS,0.25,32
5022,2,winter_wheat,3,KAS,0.4,16
5022,2,winter_wheat,4,KAS,0.9,16
5023,2,winter_wheat,1,PK,0.001,40
5023,2,winter_wheat,2,KAS,0.25,32
5023,2,winter_wheat,3,KAS,0.4,16
5023,2,winter_wheat,4,KAS,0.9,16
5024,2,winter_wheat,1,PK,0.001,40
5024,2,winter_wheat,2,KAS,0.25,32
5024,2,winter_wheat,3,KAS,0.4,16
5024,2,winter_wheat,4,KAS,0.9,16
5026,2,winter_wheat,1,PK,0.001,40
5026,2,winter_wheat,2,KAS,0.25,32
5026,2,winter_wheat,3,KAS,0.4,16
5026,2,winter_wheat,4,KAS,0.9,16
5030,2,winter_wheat,1,PK,0.001,40
5030,2,winter_wheat,2,KAS,0.25,32
5030,2,winter_wheat,3,KAS,0.4,16
5030,2,winter_wheat,4,KAS,0.9,16
5031,2,winter_wheat,1,PK,0.001,40
5031,2,winter_wheat,2,KAS,0.25,32
5031,2,winter_wheat,3,KAS,0.4,16
5031,2,winter_wheat,4,KAS,0.9,16
5033,2,winter_wheat,1,PK,0.001,40
5033,2,winter_wheat,2,KAS,0.25,32
5033,2,winter_wheat,3,KAS,0.4,16
5033,2,winter_wheat,4,KAS,0.9,16
5038,2,winter_wheat,1,PK,0.001,40
5038,2,winter_wheat,2,KAS,0.25,32
5038,2,winter_wheat,3,KAS,0.4,16
5038,2,winter_wheat,4,KAS,0.9,16
5040,2,winter_wheat,1,PK,0.001,40
5040,2,winter_wheat,2,KAS,0.25,32
5040,2,winter_wheat,3,KAS,0.4,16
5040,2,winter_wheat,4,KAS,0.9,16
5042,2,winter_wheat,1,PK,0.001,40
5042,2,winter_wheat,2,KAS,0.25,32
5042,2,winter_wheat,3,KAS,0.4,16
5042,2,winter_wheat,4,KAS,0.9,16
5043,2,winter_wheat,1,PK,0.001,40
5043,2,winter_wheat,2,KAS,0.25,32
5043,2,winter_wheat,3,KAS,0.4,16
5043,2,winter_wheat,4,KAS,0.9,16
5046,2,winter_wheat,1,PK,0.001,40
5046,2,winter_wheat,2,KAS,0.25,32
5046,2,winter_wheat,3,KAS,0.4,16
5046,2,winter_wheat,4,KAS,0.9,16
5047,2,winter_wheat,1,PK,0.001,40
5047,2,winter_wheat,2,KAS,0.25,32
5047,2,winter_wheat,3,KAS,0.4,16
5047,2,winter_wheat,4,KAS,0.9,16
5048,2,winter_wheat,1,PK,0.001,40
5048,2,winter_wheat,2,KAS,0.25,32
5048,2,winter_wheat,3,KAS,0.4,16
5048,2,winter_wheat,4,KAS,0.9,16
5049,2,winter_wheat,1,PK,0.001,40
5049,2,winter_wheat,2,KAS,0.25,32
5049,2,winter_wheat,3,KAS,0.4,16
5049,2,winter_wheat,4,KAS,0.9,16
5051,2,winter_wheat,1,PK,0.001,40
5051,2,winter_wheat,2,KAS,0.25,32
5051,2,winter_wheat,3,KAS,0.4,16
5051,2,winter_wheat,4,KAS,0.9,16
5054,2,winter_wheat,1,PK,0.001,40
5054,2,winter_wheat,2,KAS,0.25,32
5054,2,winter_wheat,3,KAS,0.4,16
5054,2,winter_wheat,4,KAS,0.9,16
5055,2,winter_wheat,1,PK,0.001,40
5055,2,winter_wheat,2,KAS,0.25,32
5055,2,winter_wheat,3,KAS,0.4,16
5055,2,winter_wheat,4,KAS,0.9,16
5056,2,winter_wheat,1,PK,0.001,40
5056,2,winter_wheat,2,KAS,0.25,32
5056,2,winter_wheat,3,KAS,0.4,16
5056,2,winter_wheat,4,KAS,0.9,16
5057,2,winter_wheat,1,PK,0.001,40
5057,2,winter_wheat,2,KAS,0.25,32
5057,2,winter_wheat,3,KAS,0.4,16
5057,2,winter_wheat,4,KAS,0.9,16
5059,2,winter_wheat,1,PK,0.001,40
5059,2,winter_wheat,2,KAS,0.25,32
5059,2,winter_wheat,3,KAS,0.4,16
5059,2,winter_wheat,4,KAS,0.9,16
5060,2,winter_wheat,1,PK,0.001,40
5060,2,winter_wheat,2,KAS,0.25,32
5060,2,winter_wheat,3,KAS,0.4,16
5060,2,winter_wheat,4,KAS,0.9,16
5061,2,winter_wheat,1,PK,0.001,40
5061,2,winter_wheat,2,KAS,0.25,32
5061,2,winter_wheat,3,KAS,0.4,16
5061,2,winter_wheat,4,KAS,0.9,16
5065,2,winter_wheat,1,PK,0.001,40
5065,2,winter_wheat,2,KAS,0.25,32
5065,2,winter_wheat,3,KAS,0.4,16
5065,2,winter_wheat,4,KAS,0.9,16
5066,2,winter_wheat,1,PK,0.001,40
5066,2,winter_wheat,2,KAS,0.25,32
5066,2,winter_wheat,3,KAS,0.4,16
5066,2,winter_wheat,4,KAS,0.9,16
5067,2,winter_wheat,1,PK,0.001,40
5067,2,winter_wheat,2,KAS,0.25,32
5067,2,winter_wheat,3,KAS,0.4,16
5067,2,winter_wheat,4,KAS,0.9,16
5070,2,winter_wheat,1,PK,0.001,40
5070,2,winter_wheat,2,KAS,0.25,32
5070,2,winter_wheat,3,KAS,0.4,16
5070,2,winter_wheat,4,KAS,0.9,16
5071,2,winter_wheat,1,PK,0.001,40
5071,2,winter_wheat,2,KAS,0.25,32
5071,2,winter_wheat,3,KAS,0.4,16
5071,2,winter_wheat,4,KAS,0.9,16
5072,2,winter_wheat,1,PK,0.001,40
5072,2,winter_wheat,2,KAS,0.25,32
5072,2,winter_wheat,3,KAS,0.4,16
5072,2,winter_wheat,4,KAS,0.9,16
5073,2,winter_wheat,1,PK,0.001,40
5073,2,winter_wheat,2,KAS,0.25,32
5073,2,winter_wheat,3,KAS,0.4,16
5073,2,winter_wheat,4,KAS,0.9,16
5074,2,winter_wheat,1,PK,0.001,40
5074,2,winter_wheat,2,KAS,0.25,32
5074,2,winter_wheat,3,KAS,0.4,16
5074,2,winter_wheat,4,KAS,0.9,16
5076,2,winter_wheat,1,PK,0.001,40
5076,2,winter_wheat,2,KAS,0.25,32
5076,2,winter_wheat,3,KAS,0.4,16
5076,2,winter_wheat,4,KAS,0.9,16
5080,2,winter_wheat,1,PK,0.001,40
5080,2,winter_wheat,2,KAS,0.25,32
5080,2,winter_wheat,3,KAS,0.4,16
5080,2,winter_wheat,4,KAS,0.9,16
5081,2,winter_wheat,1,PK,0.001,40
5081,2,winter_wheat,2,KAS,0.25,32
5081,2,winter_wheat,3,KAS,0.4,16
5081,2,winter_wheat,4,KAS,0.9,16
5084,2,winter_wheat,1,PK,0.001,40
5084,2,winter_wheat,2,KAS,0.25,32
5084,2,winter_wheat,3,KAS,0.4,16
5084,2,winter_wheat,4,KAS,0.9,16
5088,2,winter_wheat,1,PK,0.001,40
5088,2,winter_wheat,2,KAS,0.25,32
5088,2,winter_wheat,3,KAS,0.4,16
5088,2,winter_wheat,4,KAS,0.9,16
5090,2,winter_wheat,1,PK,0.001,40
5090,2,winter_wheat,2,KAS,0.25,32
5090,2,winter_wheat,3,KAS,0.4,16
5090,2,winter_wheat,4,KAS,0.9,16
5091,2,winter_wheat,1,PK,0.001,40
5091,2,winter_wheat,2,KAS,0.25,32
5091,2,winter_wheat,3,KAS,0.4,16
5091,2,winter_wheat,4,KAS,0.9,16
5096,2,winter_wheat,1,PK,0.001,40
5096,2,winter_wheat,2,KAS,0.25,32
5096,2,winter_wheat,3,KAS,0.4,16
5096,2,winter_wheat,4,KAS,0.9,16
5097,2,winter_wheat,1,PK,0.001,40
5097,2,winter_wheat,2,KAS,0.25,32
5097,2,winter_wheat,3,KAS,0.4,16
5097,2,winter_wheat,4,KAS,0.9,16
5098,2,winter_wheat,1,PK,0.001,40
5098,2,winter_wheat,2,KAS,0.25,32
5098,2,winter_wheat,3,KAS,0.4,16
5098,2,winter_wheat,4,KAS,0.9,16
5102,2,winter_wheat,1,PK,0.001,40
5102,2,winter_wheat,2,KAS,0.25,32
5102,2,winter_wheat,3,KAS,0.4,16
5102,2,winter_wheat,4,KAS,0.9,16
5103,2,winter_wheat,1,PK,0.001,40
5103,2,winter_wheat,2,KAS,0.25,32
5103,2,winter_wheat,3,KAS,0.4,16
5103,2,winter_wheat,4,KAS,0.9,16
5104,2,winter_wheat,1,PK,0.001,40
5104,2,winter_wheat,2,KAS,0.25,32
5104,2,winter_wheat,3,KAS,0.4,16
5104,2,winter_wheat,4,KAS,0.9,16
5108,2,winter_wheat,1,PK,0.001,40
5108,2,winter_wheat,2,KAS,0.25,32
5108,2,winter_wheat,3,KAS,0.4,16
5108,2,winter_wheat,4,KAS,0.9,16
5109,2,winter_wheat,1,PK,0.001,40
5109,2,winter_wheat,2,KAS,0.25,32
5109,2,winter_wheat,3,KAS,0.4,16
5109,2,winter_wheat,4,KAS,0.9,16
5110,2,winter_wheat,1,PK,0.001,40
5110,2,winter_wheat,2,KAS,0.25,32
5110,2,winter_wheat,3,KAS,0.4,16
5110,2,winter_wheat,4,KAS,0.9,16
5111,2,winter_wheat,1,PK,0.001,40
5111,2,winter_wheat,2,KAS,0.25,32
5111,2,winter_wheat,3,KAS,0.4,16
5111,2,winter_wheat,4,KAS,0.9,16
5114,2,winter_wheat,1,PK,0.001,40
5114,2,winter_wheat,2,KAS,0.25,32
5114,2,winter_wheat,3,KAS,0.4,16
5114,2,winter_wheat,4,KAS,0.9,16
5115,2,winter_wheat,1,PK,0.001,40
5115,2,winter_wheat,2,KAS,0.25,32
5115,2,winter_wheat,3,KAS,0.4,16
5115,2,winter_wheat,4,KAS,0.9,16
5116,2,winter_wheat,1,PK,0.001,40
5116,2,winter_wheat,2,KAS,0.25,32
5116,2,winter_wheat,3,KAS,0.4,16
5116,2,winter_wheat,4,KAS,0.9,16
5117,2,winter_wheat,1,PK,0.001,40
5117,2,winter_wheat,2,KAS,0.25,32
5117,2,winter_wheat,3,KAS,0.4,16
5117,2,winter_wheat,4,KAS,0.9,16
5121,2,winter_wheat,1,PK,0.001,40
5121,2,winter_wheat,2,KAS,0.25,32
5121,2,winter_wheat,3,KAS,0.4,16
5121,2,winter_wheat,4,KAS,0.9,16
5122,2,winter_wheat,1,PK,0.001,40
5122,2,winter_wheat,2,KAS,0.25,32
5122,2,winter_wheat,3,KAS,0.4,16
5122,2,winter_wheat,4,KAS,0.9,16
5123,2,winter_wheat,1,PK,0.001,40
5123,2,winter_wheat,2,KAS,0.25,32
5123,2,winter_wheat,3,KAS,0.4,16
5123,2,winter_wheat,4,KAS,0.9,16
5124,2,winter_wheat,1,PK,0.001,40
5124,2,winter_wheat,2,KAS,0.25,32
5124,2,winter_wheat,3,KAS,0.4,16
5124,2,winter_wheat,4,KAS,0.9,16
5128,2,winter_wheat,1,PK,0.001,40
5128,2,winter_wheat,2,KAS,0.25,32
5128,2,winter_wheat,3,KAS,0.4,16
5128,2,winter_wheat,4,KAS,0.9,16
5130,2,winter_wheat,1,PK,0.001,40
5130,2,winter_wheat,2,KAS,0.25,32
5130,2,winter_wheat,3,KAS,0.4,16
5130,2,winter_wheat,4,KAS,0.9,16
5131,2,winter_wheat,1,PK,0.001,40
5131,2,winter_wheat,2,KAS,0.25,32
5131,2,winter_wheat,3,KAS,0.4,16
5131,2,winter_wheat,4,KAS,0.9,16
5132,2,winter_wheat,1,PK,0.001,40
5132,2,winter_wheat,2,KAS,0.25,32
5132,2,winter_wheat,3,KAS,0.4,16
5132,2,winter_wheat,4,KAS,0.9,16
5133,2,winter_wheat,1,PK,0.001,40
5133,2,winter_wheat,2,KAS,0.25,32
5133,2,winter_wheat,3,KAS,0.4,16
5133,2,winter_wheat,4,KAS,0.9,16
5134,2,winter_wheat,1,PK,0.001,40
5134,2,winter_wheat,2,KAS,0.25,32
5134,2,winter_wheat,3,KAS,0.4,16
5134,2,winter_wheat,4,KAS,0.9,16
5135,2,winter_wheat,1,PK,0.001,40
5135,2,winter_wheat,2,KAS,0.25,32
5135,2,winter_wheat,3,KAS,0.4,16
5135,2,winter_wheat,4,KAS,0.9,16
5136,2,winter_wheat,1,PK,0.001,40
5136,2,winter_wheat,2,KAS,0.25,32
5136,2,winter_wheat,3,KAS,0.4,16
5136,2,winter_wheat,4,KAS,0.9,16
5137,2,winter_wheat,1,PK,0.001,40
5137,2,winter_wheat,2,KAS,0.25,32
5137,2,winter_wheat,3,KAS,0.4,16
5137,2,winter_wheat,4,KAS,0.9,16
5138,2,winter_wheat,1,PK,0.001,40
5138,2,winter_wheat,2,KAS,0.25,32
5138,2,winter_wheat,3,KAS,0.4,16
5138,2,winter_wheat,4,KAS,0.9,16
5139,2,winter_wheat,1,PK,0.001,40
5139,2,winter_wheat,2,KAS,0.25,32
5139,2,winter_wheat,3,KAS,0.4,16
5139,2,winter_wheat,4,KAS,0.9,16
5140,2,winter_wheat,1,PK,0.001,40
5140,2,winter_wheat,2,KAS,0.25,32
5140,2,winter_wheat,3,KAS,0.4,16
5140,2,winter_wheat,4,KAS,0.9,16
5141,2,winter_wheat,1,PK,0.001,40
5141,2,winter_wheat,2,KAS,0.25,32
5141,2,winter_wheat,3,KAS,0.4,16
5141,2,winter_wheat,4,KAS,0.9,16
5144,2,winter_wheat,1,PK,0.001,40
5144,2,winter_wheat,2,KAS,0.25,32
5144,2,winter_wheat,3,KAS,0.4,16
5144,2,winter_wheat,4,KAS,0.9,16
5145,2,winter_wheat,1,PK,0.001,40
5145,2,winter_wheat,2,KAS,0.25,32
5145,2,winter_wheat,3,KAS,0.4,16
5145,2,winter_wheat,4,KAS,0.9,16
5146,2,winter_wheat,1,PK,0.001,40
5146,2,winter_wheat,2,KAS,0.25,32
5146,2,winter_wheat,3,KAS,0.4,16
5146,2,winter_wheat,4,KAS,0.9,16
5148,2,winter_wheat,1,PK,0.001,40
5148,2,winter_wheat,2,KAS,0.25,32
5148,2,winter_wheat,3,KAS,0.4,16
5148,2,winter_wheat,4,KAS,0.9,16
5150,2,winter_wheat,1,PK,0.001,40
5150,2,winter_wheat,2,KAS,0.25,32
5150,2,winter_wheat,3,KAS,0.4,16
5150,2,winter_wheat,4,KAS,0.9,16
5152,2,winter_wheat,1,PK,0.001,40
5152,2,winter_wheat,2,KAS,0.25,32
5152,2,winter_wheat,3,KAS,0.4,16
5152,2,winter_wheat,4,KAS,0.9,16
5153,2,winter_wheat,1,PK,0.001,40
5153,2,winter_wheat,2,KAS,0.25,32
5153,2,winter_wheat,3,KAS,0.4,16
5153,2,winter_wheat,4,KAS,0.9,16
5154,2,winter_wheat,1,PK,0.001,40
5154,2,winter_wheat,2,KAS,0.25,32
5154,2,winter_wheat,3,KAS,0.4,16
5154,2,winter_wheat,4,KAS,0.9,16
5155,2,winter_wheat,1,PK,0.001,40
5155,2,winter_wheat,2,KAS,0.25,32
5155,2,winter_wheat,3,KAS,0.4,16
5155,2,winter_wheat,4,KAS,0.9,16
5157,2,winter_wheat,1,PK,0.001,40
5157,2,winter_wheat,2,KAS,0.25,32
5157,2,winter_wheat,3,KAS,0.4,16
5157,2,winter_wheat,4,KAS,0.9,16
5159,2,winter_wheat,1,PK,0.001,40
5159,2,winter_wheat,2,KAS,0.25,32
5159,2,winter_wheat,3,KAS,0.4,16
5159,2,winter_wheat,4,KAS,0.9,16
5162,2,winter_wheat,1,PK,0.001,40
5162,2,winter_wheat,2,KAS,0.25,32
5162,2,winter_wheat,3,KAS,0.4,16
5162,2,winter_wheat,4,KAS,0.9,16
5163,2,winter_wheat,1,PK,0.001,40
5163,2,winter_wheat,2,KAS,0.25,32
5163,2,winter_wheat,3,KAS,0.4,16
5163,2,winter_wheat,4,KAS,0.9,16
5164,2,winter_wheat,1,PK,0.001,40
5164,2,winter_wheat,2,KAS,0.25,32
5164,2,winter_wheat,3,KAS,0.4,16
5164,2,winter_wheat,4,KAS,0.9,16
5165,2,winter_wheat,1,PK,0.001,40
5165,2,winter_wheat,2,KAS,0.25,32
5165,2,winter_wheat,3,KAS,0.4,16
5165,2,winter_wheat,4,KAS,0.9,16
5166,2,winter_wheat,1,PK,0.001,40
5166,2,winter_wheat,2,KAS,0.25,32
5166,2,winter_wheat,3,KAS,0.4,16
5166,2,winter_wheat,4,KAS,0.9,16
5168,2,winter_wheat,1,PK,0.001,40
5168,2,winter_wheat,2,KAS,0.25,32
5168,2,winter_wheat,3,KAS,0.4,16
5168,2,winter_wheat,4,KAS,0.9,16
5176,2,winter_wheat,1,PK,0.001,40
5176,2,winter_wheat,2,KAS,0.25,32
5176,2,winter_wheat,3,KAS,0.4,16
5176,2,winter_wheat,4,KAS,0.9,16
5178,2,winter_wheat,1,PK,0.001,40
5178,2,winter_wheat,2,KAS,0.25,32
5178,2,winter_wheat,3,KAS,0.4,16
5178,2,winter_wheat,4,KAS,0.9,16
5180,2,winter_wheat,1,PK,0.001,40
5180,2,winter_wheat,2,KAS,0.25,32
5180,2,winter_wheat,3,KAS,0.4,16
5180,2,winter_wheat,4,KAS,0.9,16
5181,2,winter_wheat,1,PK,0.001,40
5181,2,winter_wheat,2,KAS,0.25,32
5181,2,winter_wheat,3,KAS,0.4,16
5181,2,winter_wheat,4,KAS,0.9,16
5182,2,winter_wheat,1,PK,0.001,40
5182,2,winter_wheat,2,KAS,0.25,32
5182,2,winter_wheat,3,KAS,0.4,16
5182,2,winter_wheat,4,KAS,0.9,16
5183,2,winter_wheat,1,PK,0.001,40
5183,2,winter_wheat,2,KAS,0.25,32
5183,2,winter_wheat,3,KAS,0.4,16
5183,2,winter_wheat,4,KAS,0.9,16
5184,2,winter_wheat,1,PK,0.001,40
5184,2,winter_wheat,2,KAS,0.25,32
5184,2,winter_wheat,3,KAS,0.4,16
5184,2,winter_wheat,4,KAS,0.9,16
5186,2,winter_wheat,1,PK,0.001,40
5186,2,winter_wheat,2,KAS,0.25,32
5186,2,winter_wheat,3,KAS,0.4,16
5186,2,winter_wheat,4,KAS,0.9,16
5187,2,winter_wheat,1,PK,0.001,40
5187,2,winter_wheat,2,KAS,0.25,32
5187,2,winter_wheat,3,KAS,0.4,16
5187,2,winter_wheat,4,KAS,0.9,16
5189,2,winter_wheat,1,PK,0.001,40
5189,2,winter_wheat,2,KAS,0.25,32
5189,2,winter_wheat,3,KAS,0.4,16
5189,2,winter_wheat,4,KAS,0.9,16
5191,2,winter_wheat,1,PK,0.001,40
5191,2,winter_wheat,2,KAS,0.25,32
5191,2,winter_wheat,3,KAS,0.4,16
5191,2,winter_wheat,4,KAS,0.9,16
5192,2,winter_wheat,1,PK,0.001,40
5192,2,winter_wheat,2,KAS,0.25,32
5192,2,winter_wheat,3,KAS,0.4,16
5192,2,winter_wheat,4,KAS,0.9,16
5193,2,winter_wheat,1,PK,0.001,40
5193,2,winter_wheat,2,KAS,0.25,32
5193,2,winter_wheat,3,KAS,0.4,16
5193,2,winter_wheat,4,KAS,0.9,16
5203,2,winter_wheat,1,PK,0.001,40
5203,2,winter_wheat,2,KAS,0.25,32
5203,2,winter_wheat,3,KAS,0.4,16
5203,2,winter_wheat,4,KAS,0.9,16
5204,2,winter_wheat,1,PK,0.001,40
5204,2,winter_wheat,2,KAS,0.25,32
5204,2,winter_wheat,3,KAS,0.4,16
5204,2,winter_wheat,4,KAS,0.9,16
5207,2,winter_wheat,1,PK,0.001,40
5207,2,winter_wheat,2,KAS,0.25,32
5207,2,winter_wheat,3,KAS,0.4,16
5207,2,winter_wheat,4,KAS,0.9,16
5208,2,winter_wheat,1,PK,0.001,40
5208,2,winter_wheat,2,KAS,0.25,32
5208,2,winter_wheat,3,KAS,0.4,16
5208,2,winter_wheat,4,KAS,0.9,16
5209,2,winter_wheat,1,PK,0.001,40
5209,2,winter_wheat,2,KAS,0.25,32
5209,2,winter_wheat,3,KAS,0.4,16
5209,2,winter_wheat,4,KAS,0.9,16
5211,2,winter_wheat,1,PK,0.001,40
5211,2,winter_wheat,2,KAS,0.25,32
5211,2,winter_wheat,3,KAS,0.4,16
5211,2,winter_wheat,4,KAS,0.9,16
5214,2,winter_wheat,1,PK,0.001,40
5214,2,winter_wheat,2,KAS,0.25,32
5214,2,winter_wheat,3,KAS,0.4,16
5214,2,winter_wheat,4,KAS,0.9,16
5216,2,winter_wheat,1,PK,0.001,40
5216,2,winter_wheat,2,KAS,0.25,32
5216,2,winter_wheat,3,KAS,0.4,16
5216,2,winter_wheat,4,KAS,0.9,16
5218,2,winter_wheat,1,PK,0.001,40
5218,2,winter_wheat,2,KAS,0.25,32
5218,2,winter_wheat,3,KAS,0.4,16
5218,2,winter_wheat,4,KAS,0.9,16
5219,2,winter_wheat,1,PK,0.001,40
5219,2,winter_wheat,2,KAS,0.25,32
5219,2,winter_wheat,3,KAS,0.4,16
5219,2,winter_wheat,4,KAS,0.9,16
5223,2,winter_wheat,1,PK,0.001,40
5223,2,winter_wheat,2,KAS,0.25,32
5223,2,winter_wheat,3,KAS,0.4,16
5223,2,winter_wheat,4,KAS,0.9,16
5227,2,winter_wheat,1,PK,0.001,40
5227,2,winter_wheat,2,KAS,0.25,32
5227,2,winter_wheat,3,KAS,0.4,16
5227,2,winter_wheat,4,KAS,0.9,16
5228,2,winter_wheat,1,PK,0.001,40
5228,2,winter_wheat,2,KAS,0.25,32
5228,2,winter_wheat,3,KAS,0.4,16
5228,2,winter_wheat,4,KAS,0.9,16
5229,2,winter_wheat,1,PK,0.001,40
5229,2,winter_wheat,2,KAS,0.25,32
5229,2,winter_wheat,3,KAS,0.4,16
5229,2,winter_wheat,4,KAS,0.9,16
5230,2,winter_wheat,1,PK,0.001,40
5230,2,winter_wheat,2,KAS,0.25,32
5230,2,winter_wheat,3,KAS,0.4,16
5230,2,winter_wheat,4,KAS,0.9,16
5231,2,winter_wheat,1,PK,0.001,40
5231,2,winter_wheat,2,KAS,0.25,32
5231,2,winter_wheat,3,KAS,0.4,16
5231,2,winter_wheat,4,KAS,0.9,16
5233,2,winter_wheat,1,PK,0.001,40
5233,2,winter_wheat,2,KAS,0.25,32
5233,2,winter_wheat,3,KAS,0.4,16
5233,2,winter_wheat,4,KAS,0.9,16
5236,2,winter_wheat,1,PK,0.001,40
5236,2,winter_wheat,2,KAS,0.25,32
5236,2,winter_wheat,3,KAS,0.4,16
5236,2,winter_wheat,4,KAS,0.9,16
5237,2,winter_wheat,1,PK,0.001,40
5237,2,winter_wheat,2,KAS,0.25,32
5237,2,winter_wheat,3,KAS,0.4,16
5237,2,winter_wheat,4,KAS,0.9,16
5238,2,winter_wheat,1,PK,0.001,40
5238,2,winter_wheat,2,KAS,0.25,32
5238,2,winter_wheat,3,KAS,0.4,16
5238,2,winter_wheat,4,KAS,0.9,16
5239,2,winter_wheat,1,PK,0.001,40
5239,2,winter_wheat,2,KAS,0.25,32
5239,2,winter_wheat,3,KAS,0.4,16
5239,2,winter_wheat,4,KAS,0.9,16
5240,2,winter_wheat,1,PK,0.001,40
5240,2,winter_wheat,2,KAS,0.25,32
5240,2,winter_wheat,3,KAS,0.4,16
5240,2,winter_wheat,4,KAS,0.9,16
5241,2,winter_wheat,1,PK,0.001,40
5241,2,winter_wheat,2,KAS,0.25,32
5241,2,winter_wheat,3,KAS,0.4,16
5241,2,winter_wheat,4,KAS,0.9,16
5251,2,winter_wheat,1,PK,0.001,40
5251,2,winter_wheat,2,KAS,0.25,32
5251,2,winter_wheat,3,KAS,0.4,16
5251,2,winter_wheat,4,KAS,0.9,16
5252,2,winter_wheat,1,PK,0.001,40
5252,2,winter_wheat,2,KAS,0.25,32
5252,2,winter_wheat,3,KAS,0.4,16
5252,2,winter_wheat,4,KAS,0.9,16
5254,2,winter_wheat,1,PK,0.001,40
5254,2,winter_wheat,2,KAS,0.25,32
5254,2,winter_wheat,3,KAS,0.4,16
5254,2,winter_wheat,4,KAS,0.9,16
5255,2,winter_wheat,1,PK,0.001,40
5255,2,winter_wheat,2,KAS,0.25,32
5255,2,winter_wheat,3,KAS,0.4,16
5255,2,winter_wheat,4,KAS,0.9,16
5256,2,winter_wheat,1,PK,0.001,40
5256,2,winter_wheat,2,KAS,0.25,32
5256,2,winter_wheat,3,KAS,0.4,16
5256,2,winter_wheat,4,KAS,0.9,16
5257,2,winter_wheat,1,PK,0.001,40
5257,2,winter_wheat,2,KAS,0.25,32
5257,2,winter_wheat,3,KAS,0.4,16
5257,2,winter_wheat,4,KAS,0.9,16
5259,2,winter_wheat,1,PK,0.001,40
5259,2,winter_wheat,2,KAS,0.25,32
5259,2,winter_wheat,3,KAS,0.4,16
5259,2,winter_wheat,4,KAS,0.9,16
5260,2,winter_wheat,1,PK,0.001,40
5260,2,winter_wheat,2,KAS,0.25,32
5260,2,winter_wheat,3,KAS,0.4,16
5260,2,winter_wheat,4,KAS,0.9,16
5261,2,winter_wheat,1,PK,0.001,40
5261,2,winter_wheat,2,KAS,0.25,32
5261,2,winter_wheat,3,KAS,0.4,16
5261,2,winter_wheat,4,KAS,0.9,16
5262,2,winter_wheat,1,PK,0.001,40
5262,2,winter_wheat,2,KAS,0.25,32
5262,2,winter_wheat,3,KAS,0.4,16
5262,2,winter_wheat,4,KAS,0.9,16
5265,2,winter_wheat,1,PK,0.001,40
5265,2,winter_wheat,2,KAS,0.25,32
5265,2,winter_wheat,3,KAS,0.4,16
5265,2,winter_wheat,4,KAS,0.9,16
5267,2,winter_wheat,1,PK,0.001,40
5267,2,winter_wheat,2,KAS,0.25,32
5267,2,winter_wheat,3,KAS,0.4,16
5267,2,winter_wheat,4,KAS,0.9,16
5271,2,winter_wheat,1,PK,0.001,40
5271,2,winter_wheat,2,KAS,0.25,32
5271,2,winter_wheat,3,KAS,0.4,16
5271,2,winter_wheat,4,KAS,0.9,16
5274,2,winter_wheat,1,PK,0.001,40
5274,2,winter_wheat,2,KAS,0.25,32
5274,2,winter_wheat,3,KAS,0.4,16
5274,2,winter_wheat,4,KAS,0.9,16
5277,2,winter_wheat,1,PK,0.001,40
5277,2,winter_wheat,2,KAS,0.25,32
5277,2,winter_wheat,3,KAS,0.4,16
5277,2,winter_wheat,4,KAS,0.9,16
5278,2,winter_wheat,1,PK,0.001,40
5278,2,winter_wheat,2,KAS,0.25,32
5278,2,winter_wheat,3,KAS,0.4,16
5278,2,winter_wheat,4,KAS,0.9,16
5279,2,winter_wheat,1,PK,0.001,40
5279,2,winter_wheat,2,KAS,0.25,32
5279,2,winter_wheat,3,KAS,0.4,16
5279,2,winter_wheat,4,KAS,0.9,16
5280,2,winter_wheat,1,PK,0.001,40
5280,2,winter_wheat,2,KAS,0.25,32
5280,2,winter_wheat,3,KAS,0.4,16
5280,2,winter_wheat,4,KAS,0.9,16
5281,2,winter_wheat,1,PK,0.001,40
5281,2,winter_wheat,2,KAS,0.25,32
5281,2,winter_wheat,3,KAS,0.4,16
5281,2,winter_wheat,4,KAS,0.9,16
5282,2,winter_wheat,1,PK,0.001,40
5282,2,winter_wheat,2,KAS,0.25,32
5282,2,winter_wheat,3,KAS,0.4,16
5282,2,winter_wheat,4,KAS,0.9,16
5283,2,winter_wheat,1,PK,0.001,40
5283,2,winter_wheat,2,KAS,0.25,32
5283,2,winter_wheat,3,KAS,0.4,16
5283,2,winter_wheat,4,KAS,0.9,16
5284,2,winter_wheat,1,PK,0.001,40
5284,2,winter_wheat,2,KAS,0.25,32
5284,2,winter_wheat,3,KAS,0.4,16
5284,2,winter_wheat,4,KAS,0.9,16
5285,2,winter_wheat,1,PK,0.001,40
5285,2,winter_wheat,2,KAS,0.25,32
5285,2,winter_wheat,3,KAS,0.4,16
5285,2,winter_wheat,4,KAS,0.9,16
5286,2,winter_wheat,1,PK,0.001,40
5286,2,winter_wheat,2,KAS,0.25,32
5286,2,winter_wheat,3,KAS,0.4,16
5286,2,winter_wheat,4,KAS,0.9,16
5288,2,winter_wheat,1,PK,0.001,40
5288,2,winter_wheat,2,KAS,0.25,32
5288,2,winter_wheat,3,KAS,0.4,16
5288,2,winter_wheat,4,KAS,0.9,16
5290,2,winter_wheat,1,PK,0.001,40
5290,2,winter_wheat,2,KAS,0.25,32
5290,2,winter_wheat,3,KAS,0.4,16
5290,2,winter_wheat,4,KAS,0.9,16
5300,2,winter_wheat,1,PK,0.001,40
5300,2,winter_wheat,2,KAS,0.25,32
5300,2,winter_wheat,3,KAS,0.4,16
5300,2,winter_wheat,4,KAS,0.9,16
5304,2,winter_wheat,1,PK,0.001,40
5304,2,winter_wheat,2,KAS,0.25,32
5304,2,winter_wheat,3,KAS,0.4,16
5304,2,winter_wheat,4,KAS,0.9,16
5308,2,winter_wheat,1,PK,0.001,40
5308,2,winter_wheat,2,KAS,0.25,32
5308,2,winter_wheat,3,KAS,0.4,16
5308,2,winter_wheat,4,KAS,0.9,16
5311,2,winter_wheat,1,PK,0.001,40
5311,2,winter_wheat,2,KAS,0.25,32
5311,2,winter_wheat,3,KAS,0.4,16
5311,2,winter_wheat,4,KAS,0.9,16
5315,2,winter_wheat,1,PK,0.001,40
5315,2,winter_wheat,2,KAS,0.25,32
5315,2,winter_wheat,3,KAS,0.4,16
5315,2,winter_wheat,4,KAS,0.9,16
5317,2,winter_wheat,1,PK,0.001,40
5317,2,winter_wheat,2,KAS,0.25,32
5317,2,winter_wheat,3,KAS,0.4,16
5317,2,winter_wheat,4,KAS,0.9,16
5318,2,winter_wheat,1,PK,0.001,40
5318,2,winter_wheat,2,KAS,0.25,32
5318,2,winter_wheat,3,KAS,0.4,16
5318,2,winter_wheat,4,KAS,0.9,16
5319,2,winter_wheat,1,PK,0.001,40
5319,2,winter_wheat,2,KAS,0.25,32
5319,2,winter_wheat,3,KAS,0.4,16
5319,2,winter_wheat,4,KAS,0.9,16
5321,2,winter_wheat,1,PK,0.001,40
5321,2,winter_wheat,2,KAS,0.25,32
5321,2,winter_wheat,3,KAS,0.4,16
5321,2,winter_wheat,4,KAS,0.9,16
5323,2,winter_wheat,1,PK,0.001,40
5323,2,winter_wheat,2,KAS,0.25,32
5323,2,winter_wheat,3,KAS,0.4,16
5323,2,winter_wheat,4,KAS,0.9,16
5324,2,winter_wheat,1,PK,0.001,40
5324,2,winter_wheat,2,KAS,0.25,32
5324,2,winter_wheat,3,KAS,0.4,16
5324,2,winter_wheat,4,KAS,0.9,16
5327,2,winter_wheat,1,PK,0.001,40
5327,2,winter_wheat,2,KAS,0.25,32
5327,2,winter_wheat,3,KAS,0.4,16
5327,2,winter_wheat,4,KAS,0.9,16
5328,2,winter_wheat,1,PK,0.001,40
5328,2,winter_wheat,2,KAS,0.25,32
5328,2,winter_wheat,3,KAS,0.4,16
5328,2,winter_wheat,4,KAS,0.9,16
5329,2,winter_wheat,1,PK,0.001,40
5329,2,winter_wheat,2,KAS,0.25,32
5329,2,winter_wheat,3,KAS,0.4,16
5329,2,winter_wheat,4,KAS,0.9,16
5331,2,winter_wheat,1,PK,0.001,40
5331,2,winter_wheat,2,KAS,0.25,32
5331,2,winter_wheat,3,KAS,0.4,16
5331,2,winter_wheat,4,KAS,0.9,16
5334,2,winter_wheat,1,PK,0.001,40
5334,2,winter_wheat,2,KAS,0.25,32
5334,2,winter_wheat,3,KAS,0.4,16
5334,2,winter_wheat,4,KAS,0.9,16
5335,2,winter_wheat,1,PK,0.001,40
5335,2,winter_wheat,2,KAS,0.25,32
5335,2,winter_wheat,3,KAS,0.4,16
5335,2,winter_wheat,4,KAS,0.9,16
5336,2,winter_wheat,1,PK,0.001,40
5336,2,winter_wheat,2,KAS,0.25,32
5336,2,winter_wheat,3,KAS,0.4,16
5336,2,winter_wheat,4,KAS,0.9,16
5337,2,winter_wheat,1,PK,0.001,40
5337,2,winter_wheat,2,KAS,0.25,32
5337,2,winter_wheat,3,KAS,0.4,16
5337,2,winter_wheat,4,KAS,0.9,16
5338,2,winter_wheat,1,PK,0.001,40
5338,2,winter_wheat,2,KAS,0.25,32
5338,2,winter_wheat,3,KAS,0.4,16
5338,2,winter_wheat,4,KAS,0.9,16
5339,2,winter_wheat,1,PK,0.001,40
5339,2,winter_wheat,2,KAS,0.25,32
5339,2,winter_wheat,3,KAS,0.4,16
5339,2,winter_wheat,4,KAS,0.9,16
5343,2,winter_wheat,1,PK,0.001,40
5343,2,winter_wheat,2,KAS,0.25,32
5343,2,winter_wheat,3,KAS,0.4,16
5343,2,winter_wheat,4,KAS,0.9,16
5344,2,winter_wheat,1,PK,0.001,40
5344,2,winter_wheat,2,KAS,0.25,32
5344,2,winter_wheat,3,KAS,0.4,16
5344,2,winter_wheat,4,KAS,0.9,16
5347,2,winter_wheat,1,PK,0.001,40
5347,2,winter_wheat,2,KAS,0.25,32
5347,2,winter_wheat,3,KAS,0.4,16
5347,2,winter_wheat,4,KAS,0.9,16
5348,2,winter_wheat,1,PK,0.001,40
5348,2,winter_wheat,2,KAS,0.25,32
5348,2,winter_wheat,3,KAS,0.4,16
5348,2,winter_wheat,4,KAS,0.9,16
5349,2,winter_wheat,1,PK,0.001,40
5349,2,winter_wheat,2,KAS,0.25,32
5349,2,winter_wheat,3,KAS,0.4,16
5349,2,winter_wheat,4,KAS,0.9,16
5350,2,winter_wheat,1,PK,0.001,40
5350,2,winter_wheat,2,KAS,0.25,32
5350,2,winter_wheat,3,KAS,0.4,16
5350,2,winter_wheat,4,KAS,0.9,16
5351,2,winter_wheat,1,PK,0.001,40
5351,2,winter_wheat,2,KAS,0.25,32
5351,2,winter_wheat,3,KAS,0.4,16
5351,2,winter_wheat,4,KAS,0.9,16
5352,2,winter_wheat,1,PK,0.001,40
5352,2,winter_wheat,2,KAS,0.25,32
5352,2,winter_wheat,3,KAS,0.4,16
5352,2,winter_wheat,4,KAS,0.9,16
5353,2,winter_wheat,1,PK,0.001,40
5353,2,winter_wheat,2,KAS,0.25,32
5353,2,winter_wheat,3,KAS,0.4,16
5353,2,winter_wheat,4,KAS,0.9,16
5354,2,winter_wheat,1,PK,0.001,40
5354,2,winter_wheat,2,KAS,0.25,32
5354,2,winter_wheat,3,KAS,0.4,16
5354,2,winter_wheat,4,KAS,0.9,16
5358,2,winter_wheat,1,PK,0.001,40
5358,2,winter_wheat,2,KAS,0.25,32
5358,2,winter_wheat,3,KAS,0.4,16
5358,2,winter_wheat,4,KAS,0.9,16
5359,2,winter_wheat,1,PK,0.001,40
5359,2,winter_wheat,2,KAS,0.25,32
5359,2,winter_wheat,3,KAS,0.4,16
5359,2,winter_wheat,4,KAS,0.9,16
5360,2,winter_wheat,1,PK,0.001,40
5360,2,winter_wheat,2,KAS,0.25,32
5360,2,winter_wheat,3,KAS,0.4,16
5360,2,winter_wheat,4,KAS,0.9,16
5363,2,winter_wheat,1,PK,0.001,40
5363,2,winter_wheat,2,KAS,0.25,32
5363,2,winter_wheat,3,KAS,0.4,16
5363,2,winter_wheat,4,KAS,0.9,16
5364,2,winter_wheat,1,PK,0.001,40
5364,2,winter_wheat,2,KAS,0.25,32
5364,2,winter_wheat,3,KAS,0.4,16
5364,2,winter_wheat,4,KAS,0.9,16
5366,2,winter_wheat,1,PK,0.001,40
5366,2,winter_wheat,2,KAS,0.25,32
5366,2,winter_wheat,3,KAS,0.4,16
5366,2,winter_wheat,4,KAS,0.9,16
5370,2,winter_wheat,1,PK,0.001,40
5370,2,winter_wheat,2,KAS,0.25,32
5370,2,winter_wheat,3,KAS,0.4,16
5370,2,winter_wheat,4,KAS,0.9,16
5371,2,winter_wheat,1,PK,0.001,40
5371,2,winter_wheat,2,KAS,0.25,32
5371,2,winter_wheat,3,KAS,0.4,16
5371,2,winter_wheat,4,KAS,0.9,16
5372,2,winter_wheat,1,PK,0.001,40
5372,2,winter_wheat,2,KAS,0.25,32
5372,2,winter_wheat,3,KAS,0.4,16
5372,2,winter_wheat,4,KAS,0.9,16
5374,2,winter_wheat,1,PK,0.001,40
5374,2,winter_wheat,2,KAS,0.25,32
5374,2,winter_wheat,3,KAS,0.4,16
5374,2,winter_wheat,4,KAS,0.9,16
5375,2,winter_wheat,1,PK,0.001,40
5375,2,winter_wheat,2,KAS,0.25,32
5375,2,winter_wheat,3,KAS,0.4,16
5375,2,winter_wheat,4,KAS,0.9,16
5378,2,winter_wheat,1,PK,0.001,40
5378,2,winter_wheat,2,KAS,0.25,32
5378,2,winter_wheat,3,KAS,0.4,16
5378,2,winter_wheat,4,KAS,0.9,16
5379,2,winter_wheat,1,PK,0.001,40
5379,2,winter_wheat,2,KAS,0.25,32
5379,2,winter_wheat,3,KAS,0.4,16
5379,2,winter_wheat,4,KAS,0.9,16
5380,2,winter_wheat,1,PK,0.001,40
5380,2,winter_wheat,2,KAS,0.25,32
5380,2,winter_wheat,3,KAS,0.4,16
5380,2,winter_wheat,4,KAS,0.9,16
5382,2,winter_wheat,1,PK,0.001,40
5382,2,winter_wheat,2,KAS,0.25,32
5382,2,winter_wheat,3,KAS,0.4,16
5382,2,winter_wheat,4,KAS,0.9,16
5383,2,winter_wheat,1,PK,0.001,40
5383,2,winter_wheat,2,KAS,0.25,32
5383,2,winter_wheat,3,KAS,0.4,16
5383,2,winter_wheat,4,KAS,0.9,16
5385,2,winter_wheat,1,PK,0.001,40
5385,2,winter_wheat,2,KAS,0.25,32
5385,2,winter_wheat,3,KAS,0.4,16
5385,2,winter_wheat,4,KAS,0.9,16
5386,2,winter_wheat,1,PK,0.001,40
5386,2,winter_wheat,2,KAS,0.25,32
5386,2,winter_wheat,3,KAS,0.4,16
5386,2,winter_wheat,4,KAS,0.9,16
5388,2,winter_wheat,1,PK,0.001,40
5388,2,winter_wheat,2,KAS,0.25,32
5388,2,winter_wheat,3,KAS,0.4,16
5388,2,winter_wheat,4,KAS,0.9,16
5389,2,winter_wheat,1,PK,0.001,40
5389,2,winter_wheat,2,KAS,0.25,32
5389,2,winter_wheat,3,KAS,0.4,16
5389,2,winter_wheat,4,KAS,0.9,16
5390,2,winter_wheat,1,PK,0.001,40
5390,2,winter_wheat,2,KAS,0.25,32
5390,2,winter_wheat,3,KAS,0.4,16
5390,2,winter_wheat,4,KAS,0.9,16
5391,2,winter_wheat,1,PK,0.001,40
5391,2,winter_wheat,2,KAS,0.25,32
5391,2,winter_wheat,3,KAS,0.4,16
5391,2,winter_wheat,4,KAS,0.9,16
5392,2,winter_wheat,1,PK,0.001,40
5392,2,winter_wheat,2,KAS,0.25,32
5392,2,winter_wheat,3,KAS,0.4,16
5392,2,winter_wheat,4,KAS,0.9,16
5394,2,winter_wheat,1,PK,0.001,40
5394,2,winter_wheat,2,KAS,0.25,32
5394,2,winter_wheat,3,KAS,0.4,16
5394,2,winter_wheat,4,KAS,0.9,16
5399,2,winter_wheat,1,PK,0.001,40
5399,2,winter_wheat,2,KAS,0.25,32
5399,2,winter_wheat,3,KAS,0.4,16
5399,2,winter_wheat,4,KAS,0.9,16
5400,2,winter_wheat,1,PK,0.001,40
5400,2,winter_wheat,2,KAS,0.25,32
5400,2,winter_wheat,3,KAS,0.4,16
5400,2,winter_wheat,4,KAS,0.9,16
5401,2,winter_wheat,1,PK,0.001,40
5401,2,winter_wheat,2,KAS,0.25,32
5401,2,winter_wheat,3,KAS,0.4,16
5401,2,winter_wheat,4,KAS,0.9,16
5402,2,winter_wheat,1,PK,0.001,40
5402,2,winter_wheat,2,KAS,0.25,32
5402,2,winter_wheat,3,KAS,0.4,16
5402,2,winter_wheat,4,KAS,0.9,16
5405,2,winter_wheat,1,PK,0.001,40
5405,2,winter_wheat,2,KAS,0.25,32
5405,2,winter_wheat,3,KAS,0.4,16
5405,2,winter_wheat,4,KAS,0.9,16
5406,2,winter_wheat,1,PK,0.001,40
5406,2,winter_wheat,2,KAS,0.25,32
5406,2,winter_wheat,3,KAS,0.4,16
5406,2,winter_wheat,4,KAS,0.9,16
5407,2,winter_wheat,1,PK,0.001,40
5407,2,winter_wheat,2,KAS,0.25,32
5407,2,winter_wheat,3,KAS,0.4,16
5407,2,winter_wheat,4,KAS,0.9,16
5411,2,winter_wheat,1,PK,0.001,40
5411,2,winter_wheat,2,KAS,0.25,32
5411,2,winter_wheat,3,KAS,0.4,16
5411,2,winter_wheat,4,KAS,0.9,16
5412,2,winter_wheat,1,PK,0.001,40
5412,2,winter_wheat,2,KAS,0.25,32
5412,2,winter_wheat,3,KAS,0.4,16
5412,2,winter_wheat,4,KAS,0.9,16
5415,2,winter_wheat,1,PK,0.001,40
5415,2,winter_wheat,2,KAS,0.25,32
5415,2,winter_wheat,3,KAS,0.4,16
5415,2,winter_wheat,4,KAS,0.9,16
5420,2,winter_wheat,1,PK,0.001,40
5420,2,winter_wheat,2,KAS,0.25,32
5420,2,winter_wheat,3,KAS,0.4,16
5420,2,winter_wheat,4,KAS,0.9,16
5422,2,winter_wheat,1,PK,0.001,40
5422,2,winter_wheat,2,KAS,0.25,32
5422,2,winter_wheat,3,KAS,0.4,16
5422,2,winter_wheat,4,KAS,0.9,16
5424,2,winter_wheat,1,PK,0.001,40
5424,2,winter_wheat,2,KAS,0.25,32
5424,2,winter_wheat,3,KAS,0.4,16
5424,2,winter_wheat,4,KAS,0.9,16
5426,2,winter_wheat,1,PK,0.001,40
5426,2,winter_wheat,2,KAS,0.25,32
5426,2,winter_wheat,3,KAS,0.4,16
5426,2,winter_wheat,4,KAS,0.9,16
5427,2,winter_wheat,1,PK,0.001,40
5427,2,winter_wheat,2,KAS,0.25,32
5427,2,winter_wheat,3,KAS,0.4,16
5427,2,winter_wheat,4,KAS,0.9,16
5431,2,winter_wheat,1,PK,0.001,40
5431,2,winter_wheat,2,KAS,0.25,32
5431,2,winter_wheat,3,KAS,0.4,16
5431,2,winter_wheat,4,KAS,0.9,16
5432,2,winter_wheat,1,PK,0.001,40
5432,2,winter_wheat,2,KAS,0.25,32
5432,2,winter_wheat,3,KAS,0.4,16
5432,2,winter_wheat,4,KAS,0.9,16
5435,2,winter_wheat,1,PK,0.001,40
5435,2,winter_wheat,2,KAS,0.25,32
5435,2,winter_wheat,3,KAS,0.4,16
5435,2,winter_wheat,4,KAS,0.9,16
5438,2,winter_wheat,1,PK,0.001,40
5438,2,winter_wheat,2,KAS,0.25,32
5438,2,winter_wheat,3,KAS,0.4,16
5438,2,winter_wheat,4,KAS,0.9,16
5439,2,winter_wheat,1,PK,0.001,40
5439,2,winter_wheat,2,KAS,0.25,32
5439,2,winter_wheat,3,KAS,0.4,16
5439,2,winter_wheat,4,KAS,0.9,16
5441,2,winter_wheat,1,PK,0.001,40
5441,2,winter_wheat,2,KAS,0.25,32
5441,2,winter_wheat,3,KAS,0.4,16
5441,2,winter_wheat,4,KAS,0.9,16
5444,2,winter_wheat,1,PK,0.001,40
5444,2,winter_wheat,2,KAS,0.25,32
5444,2,winter_wheat,3,KAS,0.4,16
5444,2,winter_wheat,4,KAS,0.9,16
5445,2,winter_wheat,1,PK,0.001,40
5445,2,winter_wheat,2,KAS,0.25,32
5445,2,winter_wheat,3,KAS,0.4,16
5445,2,winter_wheat,4,KAS,0.9,16
5446,2,winter_wheat,1,PK,0.001,40
5446,2,winter_wheat,2,KAS,0.25,32
5446,2,winter_wheat,3,KAS,0.4,16
5446,2,winter_wheat,4,KAS,0.9,16
5447,2,winter_wheat,1,PK,0.001,40
5447,2,winter_wheat,2,KAS,0.25,32
5447,2,winter_wheat,3,KAS,0.4,16
5447,2,winter_wheat,4,KAS,0.9,16
5450,2,winter_wheat,1,PK,0.001,40
5450,2,winter_wheat,2,KAS,0.25,32
5450,2,winter_wheat,3,KAS,0.4,16
5450,2,winter_wheat,4,KAS,0.9,16
5451,2,winter_wheat,1,PK,0.001,40
5451,2,winter_wheat,2,KAS,0.25,32
5451,2,winter_wheat,3,KAS,0.4,16
5451,2,winter_wheat,4,KAS,0.9,16
5462,2,winter_wheat,1,PK,0.001,40
5462,2,winter_wheat,2,KAS,0.25,32
5462,2,winter_wheat,3,KAS,0.4,16
5462,2,winter_wheat,4,KAS,0.9,16
5463,2,winter_wheat,1,PK,0.001,40
5463,2,winter_wheat,2,KAS,0.25,32
5463,2,winter_wheat,3,KAS,0.4,16
5463,2,winter_wheat,4,KAS,0.9,16
5468,2,winter_wheat,1,PK,0.001,40
5468,2,winter_wheat,2,KAS,0.25,32
5468,2,winter_wheat,3,KAS,0.4,16
5468,2,winter_wheat,4,KAS,0.9,16
5469,2,winter_wheat,1,PK,0.001,40
5469,2,winter_wheat,2,KAS,0.25,32
5469,2,winter_wheat,3,KAS,0.4,16
5469,2,winter_wheat,4,KAS,0.9,16
5471,2,winter_wheat,1,PK,0.001,40
5471,2,winter_wheat,2,KAS,0.25,32
5471,2,winter_wheat,3,KAS,0.4,16
5471,2,winter_wheat,4,KAS,0.9,16
5475,2,winter_wheat,1,PK,0.001,40
5475,2,winter_wheat,2,KAS,0.25,32
5475,2,winter_wheat,3,KAS,0.4,16
5475,2,winter_wheat,4,KAS,0.9,16
5477,2,winter_wheat,1,PK,0.001,40
5477,2,winter_wheat,2,KAS,0.25,32
5477,2,winter_wheat,3,KAS,0.4,16
5477,2,winter_wheat,4,KAS,0.9,16
5480,2,winter_wheat,1,PK,0.001,40
5480,2,winter_wheat,2,KAS,0.25,32
5480,2,winter_wheat,3,KAS,0.4,16
5480,2,winter_wheat,4,KAS,0.9,16
5482,2,winter_wheat,1,PK,0.001,40
5482,2,winter_wheat,2,KAS,0.25,32
5482,2,winter_wheat,3,KAS,0.4,16
5482,2,winter_wheat,4,KAS,0.9,16
5483,2,winter_wheat,1,PK,0.001,40
5483,2,winter_wheat,2,KAS,0.25,32
5483,2,winter_wheat,3,KAS,0.4,16
5483,2,winter_wheat,4,KAS,0.9,16
5484,2,winter_wheat,1,PK,0.001,40
5484,2,winter_wheat,2,KAS,0.25,32
5484,2,winter_wheat,3,KAS,0.4,16
5484,2,winter_wheat,4,KAS,0.9,16
5493,2,winter_wheat,1,PK,0.001,40
5493,2,winter_wheat,2,KAS,0.25,32
5493,2,winter_wheat,3,KAS,0.4,16
5493,2,winter_wheat,4,KAS,0.9,16
5497,2,winter_wheat,1,PK,0.001,40
5497,2,winter_wheat,2,KAS,0.25,32
5497,2,winter_wheat,3,KAS,0.4,16
5497,2,winter_wheat,4,KAS,0.9,16
5498,2,winter_wheat,1,PK,0.001,40
5498,2,winter_wheat,2,KAS,0.25,32
5498,2,winter_wheat,3,KAS,0.4,16
5498,2,winter_wheat,4,KAS,0.9,16
5506,2,winter_wheat,1,PK,0.001,40
5506,2,winter_wheat,2,KAS,0.25,32
5506,2,winter_wheat,3,KAS,0.4,16
5506,2,winter_wheat,4,KAS,0.9,16
5507,2,winter_wheat,1,PK,0.001,40
5507,2,winter_wheat,2,KAS,0.25,32
5507,2,winter_wheat,3,KAS,0.4,16
5507,2,winter_wheat,4,KAS,0.9,16
5509,2,winter_wheat,1,PK,0.001,40
5509,2,winter_wheat,2,KAS,0.25,32
5509,2,winter_wheat,3,KAS,0.4,16
5509,2,winter_wheat,4,KAS,0.9,16
5517,2,winter_wheat,1,PK,0.001,40
5517,2,winter_wheat,2,KAS,0.25,32
5517,2,winter_wheat,3,KAS,0.4,16
5517,2,winter_wheat,4,KAS,0.9,16
5518,2,winter_wheat,1,PK,0.001,40
5518,2,winter_wheat,2,KAS,0.25,32
5518,2,winter_wheat,3,KAS,0.4,16
5518,2,winter_wheat,4,KAS,0.9,16
5520,2,winter_wheat,1,PK,0.001,40
5520,2,winter_wheat,2,KAS,0.25,32
5520,2,winter_wheat,3,KAS,0.4,16
5520,2,winter_wheat,4,KAS,0.9,16
5524,2,winter_wheat,1,PK,0.001,40
5524,2,winter_wheat,2,KAS,0.25,32
5524,2,winter_wheat,3,KAS,0.4,16
5524,2,winter_wheat,4,KAS,0.9,16
5539,2,winter_wheat,1,PK,0.001,40
5539,2,winter_wheat,2,KAS,0.25,32
5539,2,winter_wheat,3,KAS,0.4,16
5539,2,winter_wheat,4,KAS,0.9,16
5543,2,winter_wheat,1,PK,0.001,40
5543,2,winter_wheat,2,KAS,0.25,32
5543,2,winter_wheat,3,KAS,0.4,16
5543,2,winter_wheat,4,KAS,0.9,16
5555,2,winter_wheat,1,PK,0.001,40
5555,2,winter_wheat,2,KAS,0.25,32
5555,2,winter_wheat,3,KAS,0.4,16
5555,2,winter_wheat,4,KAS,0.9,16
5556,2,winter_wheat,1,PK,0.001,40
5556,2,winter_wheat,2,KAS,0.25,32
5556,2,winter_wheat,3,KAS,0.4,16
5556,2,winter_wheat,4,KAS,0.9,16
6000,2,winter_wheat,1,PK,0.001,40
6000,2,winter_wheat,2,KAS,0.25,32
6000,2,winter_wheat,3,KAS,0.4,16
6000,2,winter_wheat,4,KAS,0.9,16
6001,2,winter_wheat,1,PK,0.001,40
6001,2,winter_wheat,2,KAS,0.25,32
6001,2,winter_wheat,3,KAS,0.4,16
6001,2,winter_wheat,4,KAS,0.9,16
6002,2,winter_wheat,1,PK,0.001,40
6002,2,winter_wheat,2,KAS,0.25,32
6002,2,winter_wheat,3,KAS,0.4,16
6002,2,winter_wheat,4,KAS,0.9,16
6004,2,winter_wheat,1,PK,0.001,40
6004,2,winter_wheat,2,KAS,0.25,32
6004,2,winter_wheat,3,KAS,0.4,16
6004,2,winter_wheat,4,KAS,0.9,16
6005,2,winter_wheat,1,PK,0.001,40
6005,2,winter_wheat,2,KAS,0.25,32
6005,2,winter_wheat,3,KAS,0.4,16
6005,2,winter_wheat,4,KAS,0.9,16
6006,2,winter_wheat,1,PK,0.001,40
6006,2,winter_wheat,2,KAS,0.25,32
6006,2,winter_wheat,3,KAS,0.4,16
6006,2,winter_wheat,4,KAS,0.9,16
6007,2,winter_wheat,1,PK,0.001,40
6007,2,winter_wheat,2,KAS,0.25,32
6007,2,winter_wheat,3,KAS,0.4,16
6007,2,winter_wheat,4,KAS,0.9,16
6008,2,winter_wheat,1,PK,0.001,40
6008,2,winter_wheat,2,KAS,0.25,32
6008,2,winter_wheat,3,KAS,0.4,16
6008,2,winter_wheat,4,KAS,0.9,16
6009,2,winter_wheat,1,PK,0.001,40
6009,2,winter_wheat,2,KAS,0.25,32
6009,2,winter_wheat,3,KAS,0.4,16
6009,2,winter_wheat,4,KAS,0.9,16
6010,2,winter_wheat,1,PK,0.001,40
6010,2,winter_wheat,2,KAS,0.25,32
6010,2,winter_wheat,3,KAS,0.4,16
6010,2,winter_wheat,4,KAS,0.9,16
6011,2,winter_wheat,1,PK,0.001,40
6011,2,winter_wheat,2,KAS,0.25,32
6011,2,winter_wheat,3,KAS,0.4,16
6011,2,winter_wheat,4,KAS,0.9,16
6012,2,winter_wheat,1,PK,0.001,40
6012,2,winter_wheat,2,KAS,0.25,32
6012,2,winter_wheat,3,KAS,0.4,16
6012,2,winter_wheat,4,KAS,0.9,16
6013,2,winter_wheat,1,PK,0.001,40
6013,2,winter_wheat,2,KAS,0.25,32
6013,2,winter_wheat,3,KAS,0.4,16
6013,2,winter_wheat,4,KAS,0.9,16
6014,2,winter_wheat,1,PK,0.001,40
6014,2,winter_wheat,2,KAS,0.25,32
6014,2,winter_wheat,3,KAS,0.4,16
6014,2,winter_wheat,4,KAS,0.9,16
6015,2,winter_wheat,1,PK,0.001,40
6015,2,winter_wheat,2,KAS,0.25,32
6015,2,winter_wheat,3,KAS,0.4,16
6015,2,winter_wheat,4,KAS,0.9,16
6016,2,winter_wheat,1,PK,0.001,40
6016,2,winter_wheat,2,KAS,0.25,32
6016,2,winter_wheat,3,KAS,0.4,16
6016,2,winter_wheat,4,KAS,0.9,16
6017,2,winter_wheat,1,PK,0.001,40
6017,2,winter_wheat,2,KAS,0.25,32
6017,2,winter_wheat,3,KAS,0.4,16
6017,2,winter_wheat,4,KAS,0.9,16
6018,2,winter_wheat,1,PK,0.001,40
6018,2,winter_wheat,2,KAS,0.25,32
6018,2,winter_wheat,3,KAS,0.4,16
6018,2,winter_wheat,4,KAS,0.9,16
6019,2,winter_wheat,1,PK,0.001,40
6019,2,winter_wheat,2,KAS,0.25,32
6019,2,winter_wheat,3,KAS,0.4,16
6019,2,winter_wheat,4,KAS,0.9,16
6020,2,winter_wheat,1,PK,0.001,40
6020,2,winter_wheat,2,KAS,0.25,32
6020,2,winter_wheat,3,KAS,0.4,16
6020,2,winter_wheat,4,KAS,0.9,16
6021,2,winter_wheat,1,PK,0.001,40
6021,2,winter_wheat,2,KAS,0.25,32
6021,2,winter_wheat,3,KAS,0.4,16
6021,2,winter_wheat,4,KAS,0.9,16
6023,2,winter_wheat,1,PK,0.001,40
6023,2,winter_wheat,2,KAS,0.25,32
6023,2,winter_wheat,3,KAS,0.4,16
6023,2,winter_wheat,4,KAS,0.9,16
6024,2,winter_wheat,1,PK,0.001,40
6024,2,winter_wheat,2,KAS,0.25,32
6024,2,winter_wheat,3,KAS,0.4,16
6024,2,winter_wheat,4,KAS,0.9,16
6025,2,winter_wheat,1,PK,0.001,40
6025,2,winter_wheat,2,KAS,0.25,32
6025,2,winter_wheat,3,KAS,0.4,16
6025,2,winter_wheat,4,KAS,0.9,16
6026,2,winter_wheat,1,PK,0.001,40
6026,2,winter_wheat,2,KAS,0.25,32
6026,2,winter_wheat,3,KAS,0.4,16
6026,2,winter_wheat,4,KAS,0.9,16
6027,2,winter_wheat,1,PK,0.001,40
6027,2,winter_wheat,2,KAS,0.25,32
6027,2,winter_wheat,3,KAS,0.4,16
6027,2,winter_wheat,4,KAS,0.9,16
6028,2,winter_wheat,1,PK,0.001,40
6028,2,winter_wheat,2,KAS,0.25,32
6028,2,winter_wheat,3,KAS,0.4,16
6028,2,winter_wheat,4,KAS,0.9,16
6029,2,winter_wheat,1,PK,0.001,40
6029,2,winter_wheat,2,KAS,0.25,32
6029,2,winter_wheat,3,KAS,0.4,16
6029,2,winter_wheat,4,KAS,0.9,16
6030,2,winter_wheat,1,PK,0.001,40
6030,2,winter_wheat,2,KAS,0.25,32
6030,2,winter_wheat,3,KAS,0.4,16
6030,2,winter_wheat,4,KAS,0.9,16
6031,2,winter_wheat,1,PK,0.001,40
6031,2,winter_wheat,2,KAS,0.25,32
6031,2,winter_wheat,3,KAS,0.4,16
6031,2,winter_wheat,4,KAS,0.9,16
6032,2,winter_wheat,1,PK,0.001,40
6032,2,winter_wheat,2,KAS,0.25,32
6032,2,winter_wheat,3,KAS,0.4,16
6032,2,winter_wheat,4,KAS,0.9,16
6033,2,winter_wheat,1,PK,0.001,40
6033,2,winter_wheat,2,KAS,0.25,32
6033,2,winter_wheat,3,KAS,0.4,16
6033,2,winter_wheat,4,KAS,0.9,16
6034,2,winter_wheat,1,PK,0.001,40
6034,2,winter_wheat,2,KAS,0.25,32
6034,2,winter_wheat,3,KAS,0.4,16
6034,2,winter_wheat,4,KAS,0.9,16
6035,2,winter_wheat,1,PK,0.001,40
6035,2,winter_wheat,2,KAS,0.25,32
6035,2,winter_wheat,3,KAS,0.4,16
6035,2,winter_wheat,4,KAS,0.9,16
6036,2,winter_wheat,1,PK,0.001,40
6036,2,winter_wheat,2,KAS,0.25,32
6036,2,winter_wheat,3,KAS,0.4,16
6036,2,winter_wheat,4,KAS,0.9,16
6037,2,winter_wheat,1,PK,0.001,40
6037,2,winter_wheat,2,KAS,0.25,32
6037,2,winter_wheat,3,KAS,0.4,16
6037,2,winter_wheat,4,KAS,0.9,16
6038,2,winter_wheat,1,PK,0.001,40
6038,2,winter_wheat,2,KAS,0.25,32
6038,2,winter_wheat,3,KAS,0.4,16
6038,2,winter_wheat,4,KAS,0.9,16
6039,2,winter_wheat,1,PK,0.001,40
6039,2,winter_wheat,2,KAS,0.25,32
6039,2,winter_wheat,3,KAS,0.4,16
6039,2,winter_wheat,4,KAS,0.9,16
6040,2,winter_wheat,1,PK,0.001,40
6040,2,winter_wheat,2,KAS,0.25,32
6040,2,winter_wheat,3,KAS,0.4,16
6040,2,winter_wheat,4,KAS,0.9,16
6041,2,winter_wheat,1,PK,0.001,40
6041,2,winter_wheat,2,KAS,0.25,32
6041,2,winter_wheat,3,KAS,0.4,16
6041,2,winter_wheat,4,KAS,0.9,16
6042,2,winter_wheat,1,PK,0.001,40
6042,2,winter_wheat,2,KAS,0.25,32
6042,2,winter_wheat,3,KAS,0.4,16
6042,2,winter_wheat,4,KAS,0.9,16
6043,2,winter_wheat,1,PK,0.001,40
6043,2,winter_wheat,2,KAS,0.25,32
6043,2,winter_wheat,3,KAS,0.4,16
6043,2,winter_wheat,4,KAS,0.9,16
6044,2,winter_wheat,1,PK,0.001,40
6044,2,winter_wheat,2,KAS,0.25,32
6044,2,winter_wheat,3,KAS,0.4,16
6044,2,winter_wheat,4,KAS,0.9,16
6045,2,winter_wheat,1,PK,0.001,40
6045,2,winter_wheat,2,KAS,0.25,32
6045,2,winter_wheat,3,KAS,0.4,16
6045,2,winter_wheat,4,KAS,0.9,16
6046,2,winter_wheat,1,PK,0.001,40
6046,2,winter_wheat,2,KAS,0.25,32
6046,2,winter_wheat,3,KAS,0.4,16
6046,2,winter_wheat,4,KAS,0.9,16
6047,2,winter_wheat,1,PK,0.001,40
6047,2,winter_wheat,2,KAS,0.25,32
6047,2,winter_wheat,3,KAS,0.4,16
6047,2,winter_wheat,4,KAS,0.9,16
6048,2,winter_wheat,1,PK,0.001,40
6048,2,winter_wheat,2,KAS,0.25,32
6048,2,winter_wheat,3,KAS,0.4,16
6048,2,winter_wheat,4,KAS,0.9,16
6049,2,winter_wheat,1,PK,0.001,40
6049,2,winter_wheat,2,KAS,0.25,32
6049,2,winter_wheat,3,KAS,0.4,16
6049,2,winter_wheat,4,KAS,0.9,16
6050,2,winter_wheat,1,PK,0.001,40
6050,2,winter_wheat,2,KAS,0.25,32
6050,2,winter_wheat,3,KAS,0.4,16
6050,2,winter_wheat,4,KAS,0.9,16
6051,2,winter_wheat,1,PK,0.001,40
6051,2,winter_wheat,2,KAS,0.25,32
6051,2,winter_wheat,3,KAS,0.4,16
6051,2,winter_wheat,4,KAS,0.9,16
6052,2,winter_wheat,1,PK,0.001,40
6052,2,winter_wheat,2,KAS,0.25,32
6052,2,winter_wheat,3,KAS,0.4,16
6052,2,winter_wheat,4,KAS,0.9,16
6055,2,winter_wheat,1,PK,0.001,40
6055,2,winter_wheat,2,KAS,0.25,32
6055,2,winter_wheat,3,KAS,0.4,16
6055,2,winter_wheat,4,KAS,0.9,16
6056,2,winter_wheat,1,PK,0.001,40
6056,2,winter_wheat,2,KAS,0.25,32
6056,2,winter_wheat,3,KAS,0.4,16
6056,2,winter_wheat,4,KAS,0.9,16
6057,2,winter_wheat,1,PK,0.001,40
6057,2,winter_wheat,2,KAS,0.25,32
6057,2,winter_wheat,3,KAS,0.4,16
6057,2,winter_wheat,4,KAS,0.9,16
6058,2,winter_wheat,1,PK,0.001,40
6058,2,winter_wheat,2,KAS,0.25,32
6058,2,winter_wheat,3,KAS,0.4,16
6058,2,winter_wheat,4,KAS,0.9,16
6059,2,winter_wheat,1,PK,0.001,40
6059,2,winter_wheat,2,KAS,0.25,32
6059,2,winter_wheat,3,KAS,0.4,16
6059,2,winter_wheat,4,KAS,0.9,16
6060,2,winter_wheat,1,PK,0.001,40
6060,2,winter_wheat,2,KAS,0.25,32
6060,2,winter_wheat,3,KAS,0.4,16
6060,2,winter_wheat,4,KAS,0.9,16
6061,2,winter_wheat,1,PK,0.001,40
6061,2,winter_wheat,2,KAS,0.25,32
6061,2,winter_wheat,3,KAS,0.4,16
6061,2,winter_wheat,4,KAS,0.9,16
6062,2,winter_wheat,1,PK,0.001,40
6062,2,winter_wheat,2,KAS,0.25,32
6062,2,winter_wheat,3,KAS,0.4,16
6062,2,winter_wheat,4,KAS,0.9,16
6063,2,winter_wheat,1,PK,0.001,40
6063,2,winter_wheat,2,KAS,0.25,32
6063,2,winter_wheat,3,KAS,0.4,16
6063,2,winter_wheat,4,KAS,0.9,16
6064,2,winter_wheat,1,PK,0.001,40
6064,2,winter_wheat,2,KAS,0.25,32
6064,2,winter_wheat,3,KAS,0.4,16
6064,2,winter_wheat,4,KAS,0.9,16
6065,2,winter_wheat,1,PK,0.001,40
6065,2,winter_wheat,2,KAS,0.25,32
6065,2,winter_wheat,3,KAS,0.4,16
6065,2,winter_wheat,4,KAS,0.9,16
6066,2,winter_wheat,1,PK,0.001,40
6066,2,winter_wheat,2,KAS,0.25,32
6066,2,winter_wheat,3,KAS,0.4,16
6066,2,winter_wheat,4,KAS,0.9,16
6067,2,winter_wheat,1,PK,0.001,40
6067,2,winter_wheat,2,KAS,0.25,32
6067,2,winter_wheat,3,KAS,0.4,16
6067,2,winter_wheat,4,KAS,0.9,16
6068,2,winter_wheat,1,PK,0.001,40
6068,2,winter_wheat,2,KAS,0.25,32
6068,2,winter_wheat,3,KAS,0.4,16
6068,2,winter_wheat,4,KAS,0.9,16
6069,2,winter_wheat,1,PK,0.001,40
6069,2,winter_wheat,2,KAS,0.25,32
6069,2,winter_wheat,3,KAS,0.4,16
6069,2,winter_wheat,4,KAS,0.9,16
6070,2,winter_wheat,1,PK,0.001,40
6070,2,winter_wheat,2,KAS,0.25,32
6070,2,winter_wheat,3,KAS,0.4,16
6070,2,winter_wheat,4,KAS,0.9,16
6071,2,winter_wheat,1,PK,0.001,40
6071,2,winter_wheat,2,KAS,0.25,32
6071,2,winter_wheat,3,KAS,0.4,16
6071,2,winter_wheat,4,KAS,0.9,16
6072,2,winter_wheat,1,PK,0.001,40
6072,2,winter_wheat,2,KAS,0.25,32
6072,2,winter_wheat,3,KAS,0.4,16
6072,2,winter_wheat,4,KAS,0.9,16
6073,2,winter_wheat,1,PK,0.001,40
6073,2,winter_wheat,2,KAS,0.25,32
6073,2,winter_wheat,3,KAS,0.4,16
6073,2,winter_wheat,4,KAS,0.9,16
6075,2,winter_wheat,1,PK,0.001,40
6075,2,winter_wheat,2,KAS,0.25,32
6075,2,winter_wheat,3,KAS,0.4,16
6075,2,winter_wheat,4,KAS,0.9,16
6077,2,winter_wheat,1,PK,0.001,40
6077,2,winter_wheat,2,KAS,0.25,32
6077,2,winter_wheat,3,KAS,0.4,16
6077,2,winter_wheat,4,KAS,0.9,16
6078,2,winter_wheat,1,PK,0.001,40
6078,2,winter_wheat,2,KAS,0.25,32
6078,2,winter_wheat,3,KAS,0.4,16
6078,2,winter_wheat,4,KAS,0.9,16
6079,2,winter_wheat,1,PK,0.001,40
6079,2,winter_wheat,2,KAS,0.25,32
6079,2,winter_wheat,3,KAS,0.4,16
6079,2,winter_wheat,4,KAS,0.9,16
6080,2,winter_wheat,1,PK,0.001,40
6080,2,winter_wheat,2,KAS,0.25,32
6080,2,winter_wheat,3,KAS,0.4,16
6080,2,winter_wheat,4,KAS,0.9,16
6081,2,winter_wheat,1,PK,0.001,40
6081,2,winter_wheat,2,KAS,0.25,32
6081,2,winter_wheat,3,KAS,0.4,16
6081,2,winter_wheat,4,KAS,0.9,16
6082,2,winter_wheat,1,PK,0.001,40
6082,2,winter_wheat,2,KAS,0.25,32
6082,2,winter_wheat,3,KAS,0.4,16
6082,2,winter_wheat,4,KAS,0.9,16
6083,2,winter_wheat,1,PK,0.001,40
6083,2,winter_wheat,2,KAS,0.25,32
6083,2,winter_wheat,3,KAS,0.4,16
6083,2,winter_wheat,4,KAS,0.9,16
6084,2,winter_wheat,1,PK,0.001,40
6084,2,winter_wheat,2,KAS,0.25,32
6084,2,winter_wheat,3,KAS,0.4,16
6084,2,winter_wheat,4,KAS,0.9,16
6085,2,winter_wheat,1,PK,0.001,40
6085,2,winter_wheat,2,KAS,0.25,32
6085,2,winter_wheat,3,KAS,0.4,16
6085,2,winter_wheat,4,KAS,0.9,16
6086,2,winter_wheat,1,PK,0.001,40
6086,2,winter_wheat,2,KAS,0.25,32
6086,2,winter_wheat,3,KAS,0.4,16
6086,2,winter_wheat,4,KAS,0.9,16
6087,2,winter_wheat,1,PK,0.001,40
6087,2,winter_wheat,2,KAS,0.25,32
6087,2,winter_wheat,3,KAS,0.4,16
6087,2,winter_wheat,4,KAS,0.9,16
6088,2,winter_wheat,1,PK,0.001,40
6088,2,winter_wheat,2,KAS,0.25,32
6088,2,winter_wheat,3,KAS,0.4,16
6088,2,winter_wheat,4,KAS,0.9,16
6089,2,winter_wheat,1,PK,0.001,40
6089,2,winter_wheat,2,KAS,0.25,32
6089,2,winter_wheat,3,KAS,0.4,16
6089,2,winter_wheat,4,KAS,0.9,16
6090,2,winter_wheat,1,PK,0.001,40
6090,2,winter_wheat,2,KAS,0.25,32
6090,2,winter_wheat,3,KAS,0.4,16
6090,2,winter_wheat,4,KAS,0.9,16
6091,2,winter_wheat,1,PK,0.001,40
6091,2,winter_wheat,2,KAS,0.25,32
6091,2,winter_wheat,3,KAS,0.4,16
6091,2,winter_wheat,4,KAS,0.9,16
6092,2,winter_wheat,1,PK,0.001,40
6092,2,winter_wheat,2,KAS,0.25,32
6092,2,winter_wheat,3,KAS,0.4,16
6092,2,winter_wheat,4,KAS,0.9,16
6093,2,winter_wheat,1,PK,0.001,40
6093,2,winter_wheat,2,KAS,0.25,32
6093,2,winter_wheat,3,KAS,0.4,16
6093,2,winter_wheat,4,KAS,0.9,16
6094,2,winter_wheat,1,PK,0.001,40
6094,2,winter_wheat,2,KAS,0.25,32
6094,2,winter_wheat,3,KAS,0.4,16
6094,2,winter_wheat,4,KAS,0.9,16
6095,2,winter_wheat,1,PK,0.001,40
6095,2,winter_wheat,2,KAS,0.25,32
6095,2,winter_wheat,3,KAS,0.4,16
6095,2,winter_wheat,4,KAS,0.9,16
6096,2,winter_wheat,1,PK,0.001,40
6096,2,winter_wheat,2,KAS,0.25,32
6096,2,winter_wheat,3,KAS,0.4,16
6096,2,winter_wheat,4,KAS,0.9,16
6097,2,winter_wheat,1,PK,0.001,40
6097,2,winter_wheat,2,KAS,0.25,32
6097,2,winter_wheat,3,KAS,0.4,16
6097,2,winter_wheat,4,KAS,0.9,16
6098,2,winter_wheat,1,PK,0.001,40
6098,2,winter_wheat,2,KAS,0.25,32
6098,2,winter_wheat,3,KAS,0.4,16
6098,2,winter_wheat,4,KAS,0.9,16
6099,2,winter_wheat,1,PK,0.001,40
6099,2,winter_wheat,2,KAS,0.25,32
6099,2,winter_wheat,3,KAS,0.4,16
6099,2,winter_wheat,4,KAS,0.9,16
6100,2,winter_wheat,1,PK,0.001,40
6100,2,winter_wheat,2,KAS,0.25,32
6100,2,winter_wheat,3,KAS,0.4,16
6100,2,winter_wheat,4,KAS,0.9,16
6101,2,winter_wheat,1,PK,0.001,40
6101,2,winter_wheat,2,KAS,0.25,32
6101,2,winter_wheat,3,KAS,0.4,16
6101,2,winter_wheat,4,KAS,0.9,16
6102,2,winter_wheat,1,PK,0.001,40
6102,2,winter_wheat,2,KAS,0.25,32
6102,2,winter_wheat,3,KAS,0.4,16
6102,2,winter_wheat,4,KAS,0.9,16
6103,2,winter_wheat,1,PK,0.001,40
6103,2,winter_wheat,2,KAS,0.25,32
6103,2,winter_wheat,3,KAS,0.4,16
6103,2,winter_wheat,4,KAS,0.9,16
6104,2,winter_wheat,1,PK,0.001,40
6104,2,winter_wheat,2,KAS,0.25,32
6104,2,winter_wheat,3,KAS,0.4,16
6104,2,winter_wheat,4,KAS,0.9,16
6105,2,winter_wheat,1,PK,0.001,40
6105,2,winter_wheat,2,KAS,0.25,32
6105,2,winter_wheat,3,KAS,0.4,16
6105,2,winter_wheat,4,KAS,0.9,16
6106,2,winter_wheat,1,PK,0.001,40
6106,2,winter_wheat,2,KAS,0.25,32
6106,2,winter_wheat,3,KAS,0.4,16
6106,2,winter_wheat,4,KAS,0.9,16
6107,2,winter_wheat,1,PK,0.001,40
6107,2,winter_wheat,2,KAS,0.25,32
6107,2,winter_wheat,3,KAS,0.4,16
6107,2,winter_wheat,4,KAS,0.9,16
6108,2,winter_wheat,1,PK,0.001,40
6108,2,winter_wheat,2,KAS,0.25,32
6108,2,winter_wheat,3,KAS,0.4,16
6108,2,winter_wheat,4,KAS,0.9,16
6109,2,winter_wheat,1,PK,0.001,40
6109,2,winter_wheat,2,KAS,0.25,32
6109,2,winter_wheat,3,KAS,0.4,16
6109,2,winter_wheat,4,KAS,0.9,16
6111,2,winter_wheat,1,PK,0.001,40
6111,2,winter_wheat,2,KAS,0.25,32
6111,2,winter_wheat,3,KAS,0.4,16
6111,2,winter_wheat,4,KAS,0.9,16
6112,2,winter_wheat,1,PK,0.001,40
6112,2,winter_wheat,2,KAS,0.25,32
6112,2,winter_wheat,3,KAS,0.4,16
6112,2,winter_wheat,4,KAS,0.9,16
6113,2,winter_wheat,1,PK,0.001,40
6113,2,winter_wheat,2,KAS,0.25,32
6113,2,winter_wheat,3,KAS,0.4,16
6113,2,winter_wheat,4,KAS,0.9,16
6114,2,winter_wheat,1,PK,0.001,40
6114,2,winter_wheat,2,KAS,0.25,32
6114,2,winter_wheat,3,KAS,0.4,16
6114,2,winter_wheat,4,KAS,0.9,16
6115,2,winter_wheat,1,PK,0.001,40
6115,2,winter_wheat,2,KAS,0.25,32
6115,2,winter_wheat,3,KAS,0.4,16
6115,2,winter_wheat,4,KAS,0.9,16
6116,2,winter_wheat,1,PK,0.001,40
6116,2,winter_wheat,2,KAS,0.25,32
6116,2,winter_wheat,3,KAS,0.4,16
6116,2,winter_wheat,4,KAS,0.9,16
6117,2,winter_wheat,1,PK,0.001,40
6117,2,winter_wheat,2,KAS,0.25,32
6117,2,winter_wheat,3,KAS,0.4,16
6117,2,winter_wheat,4,KAS,0.9,16
6119,2,winter_wheat,1,PK,0.001,40
6119,2,winter_wheat,2,KAS,0.25,32
6119,2,winter_wheat,3,KAS,0.4,16
6119,2,winter_wheat,4,KAS,0.9,16
6120,2,winter_wheat,1,PK,0.001,40
6120,2,winter_wheat,2,KAS,0.25,32
6120,2,winter_wheat,3,KAS,0.4,16
6120,2,winter_wheat,4,KAS,0.9,16
6121,2,winter_wheat,1,PK,0.001,40
6121,2,winter_wheat,2,KAS,0.25,32
6121,2,winter_wheat,3,KAS,0.4,16
6121,2,winter_wheat,4,KAS,0.9,16
6122,2,winter_wheat,1,PK,0.001,40
6122,2,winter_wheat,2,KAS,0.25,32
6122,2,winter_wheat,3,KAS,0.4,16
6122,2,winter_wheat,4,KAS,0.9,16
6123,2,winter_wheat,1,PK,0.001,40
6123,2,winter_wheat,2,KAS,0.25,32
6123,2,winter_wheat,3,KAS,0.4,16
6123,2,winter_wheat,4,KAS,0.9,16
6124,2,winter_wheat,1,PK,0.001,40
6124,2,winter_wheat,2,KAS,0.25,32
6124,2,winter_wheat,3,KAS,0.4,16
6124,2,winter_wheat,4,KAS,0.9,16
6125,2,winter_wheat,1,PK,0.001,40
6125,2,winter_wheat,2,KAS,0.25,32
6125,2,winter_wheat,3,KAS,0.4,16
6125,2,winter_wheat,4,KAS,0.9,16
6126,2,winter_wheat,1,PK,0.001,40
6126,2,winter_wheat,2,KAS,0.25,32
6126,2,winter_wheat,3,KAS,0.4,16
6126,2,winter_wheat,4,KAS,0.9,16
6127,2,winter_wheat,1,PK,0.001,40
6127,2,winter_wheat,2,KAS,0.25,32
6127,2,winter_wheat,3,KAS,0.4,16
6127,2,winter_wheat,4,KAS,0.9,16
6130,2,winter_wheat,1,PK,0.001,40
6130,2,winter_wheat,2,KAS,0.25,32
6130,2,winter_wheat,3,KAS,0.4,16
6130,2,winter_wheat,4,KAS,0.9,16
6131,2,winter_wheat,1,PK,0.001,40
6131,2,winter_wheat,2,KAS,0.25,32
6131,2,winter_wheat,3,KAS,0.4,16
6131,2,winter_wheat,4,KAS,0.9,16
6132,2,winter_wheat,1,PK,0.001,40
6132,2,winter_wheat,2,KAS,0.25,32
6132,2,winter_wheat,3,KAS,0.4,16
6132,2,winter_wheat,4,KAS,0.9,16
6133,2,winter_wheat,1,PK,0.001,40
6133,2,winter_wheat,2,KAS,0.25,32
6133,2,winter_wheat,3,KAS,0.4,16
6133,2,winter_wheat,4,KAS,0.9,16
6134,2,winter_wheat,1,PK,0.001,40
6134,2,winter_wheat,2,KAS,0.25,32
6134,2,winter_wheat,3,KAS,0.4,16
6134,2,winter_wheat,4,KAS,0.9,16
6135,2,winter_wheat,1,PK,0.001,40
6135,2,winter_wheat,2,KAS,0.25,32
6135,2,winter_wheat,3,KAS,0.4,16
6135,2,winter_wheat,4,KAS,0.9,16
6136,2,winter_wheat,1,PK,0.001,40
6136,2,winter_wheat,2,KAS,0.25,32
6136,2,winter_wheat,3,KAS,0.4,16
6136,2,winter_wheat,4,KAS,0.9,16
6137,2,winter_wheat,1,PK,0.001,40
6137,2,winter_wheat,2,KAS,0.25,32
6137,2,winter_wheat,3,KAS,0.4,16
6137,2,winter_wheat,4,KAS,0.9,16
6138,2,winter_wheat,1,PK,0.001,40
6138,2,winter_wheat,2,KAS,0.25,32
6138,2,winter_wheat,3,KAS,0.4,16
6138,2,winter_wheat,4,KAS,0.9,16
6139,2,winter_wheat,1,PK,0.001,40
6139,2,winter_wheat,2,KAS,0.25,32
6139,2,winter_wheat,3,KAS,0.4,16
6139,2,winter_wheat,4,KAS,0.9,16
6140,2,winter_wheat,1,PK,0.001,40
6140,2,winter_wheat,2,KAS,0.25,32
6140,2,winter_wheat,3,KAS,0.4,16
6140,2,winter_wheat,4,KAS,0.9,16
6141,2,winter_wheat,1,PK,0.001,40
6141,2,winter_wheat,2,KAS,0.25,32
6141,2,winter_wheat,3,KAS,0.4,16
6141,2,winter_wheat,4,KAS,0.9,16
6142,2,winter_wheat,1,PK,0.001,40
6142,2,winter_wheat,2,KAS,0.25,32
6142,2,winter_wheat,3,KAS,0.4,16
6142,2,winter_wheat,4,KAS,0.9,16
6143,2,winter_wheat,1,PK,0.001,40
6143,2,winter_wheat,2,KAS,0.25,32
6143,2,winter_wheat,3,KAS,0.4,16
6143,2,winter_wheat,4,KAS,0.9,16
6144,2,winter_wheat,1,PK,0.001,40
6144,2,winter_wheat,2,KAS,0.25,32
6144,2,winter_wheat,3,KAS,0.4,16
6144,2,winter_wheat,4,KAS,0.9,16
6145,2,winter_wheat,1,PK,0.001,40
6145,2,winter_wheat,2,KAS,0.25,32
6145,2,winter_wheat,3,KAS,0.4,16
6145,2,winter_wheat,4,KAS,0.9,16
6146,2,winter_wheat,1,PK,0.001,40
6146,2,winter_wheat,2,KAS,0.25,32
6146,2,winter_wheat,3,KAS,0.4,16
6146,2,winter_wheat,4,KAS,0.9,16
6147,2,winter_wheat,1,PK,0.001,40
6147,2,winter_wheat,2,KAS,0.25,32
6147,2,winter_wheat,3,KAS,0.4,16
6147,2,winter_wheat,4,KAS,0.9,16
6148,2,winter_wheat,1,PK,0.001,40
6148,2,winter_wheat,2,KAS,0.25,32
6148,2,winter_wheat,3,KAS,0.4,16
6148,2,winter_wheat,4,KAS,0.9,16
6149,2,winter_wheat,1,PK,0.001,40
6149,2,winter_wheat,2,KAS,0.25,32
6149,2,winter_wheat,3,KAS,0.4,16
6149,2,winter_wheat,4,KAS,0.9,16
6150,2,winter_wheat,1,PK,0.001,40
6150,2,winter_wheat,2,KAS,0.25,32
6150,2,winter_wheat,3,KAS,0.4,16
6150,2,winter_wheat,4,KAS,0.9,16
6151,2,winter_wheat,1,PK,0.001,40
6151,2,winter_wheat,2,KAS,0.25,32
6151,2,winter_wheat,3,KAS,0.4,16
6151,2,winter_wheat,4,KAS,0.9,16
6152,2,winter_wheat,1,PK,0.001,40
6152,2,winter_wheat,2,KAS,0.25,32
6152,2,winter_wheat,3,KAS,0.4,16
6152,2,winter_wheat,4,KAS,0.9,16
6153,2,winter_wheat,1,PK,0.001,40
6153,2,winter_wheat,2,KAS,0.25,32
6153,2,winter_wheat,3,KAS,0.4,16
6153,2,winter_wheat,4,KAS,0.9,16
6154,2,winter_wheat,1,PK,0.001,40
6154,2,winter_wheat,2,KAS,0.25,32
6154,2,winter_wheat,3,KAS,0.4,16
6154,2,winter_wheat,4,KAS,0.9,16
6155,2,winter_wheat,1,PK,0.001,40
6155,2,winter_wheat,2,KAS,0.25,32
6155,2,winter_wheat,3,KAS,0.4,16
6155,2,winter_wheat,4,KAS,0.9,16
6156,2,winter_wheat,1,PK,0.001,40
6156,2,winter_wheat,2,KAS,0.25,32
6156,2,winter_wheat,3,KAS,0.4,16
6156,2,winter_wheat,4,KAS,0.9,16
6157,2,winter_wheat,1,PK,0.001,40
6157,2,winter_wheat,2,KAS,0.25,32
6157,2,winter_wheat,3,KAS,0.4,16
6157,2,winter_wheat,4,KAS,0.9,16
6158,2,winter_wheat,1,PK,0.001,40
6158,2,winter_wheat,2,KAS,0.25,32
6158,2,winter_wheat,3,KAS,0.4,16
6158,2,winter_wheat,4,KAS,0.9,16
6160,2,winter_wheat,1,PK,0.001,40
6160,2,winter_wheat,2,KAS,0.25,32
6160,2,winter_wheat,3,KAS,0.4,16
6160,2,winter_wheat,4,KAS,0.9,16
6161,2,winter_wheat,1,PK,0.001,40
6161,2,winter_wheat,2,KAS,0.25,32
6161,2,winter_wheat,3,KAS,0.4,16
6161,2,winter_wheat,4,KAS,0.9,16
6162,2,winter_wheat,1,PK,0.001,40
6162,2,winter_wheat,2,KAS,0.25,32
6162,2,winter_wheat,3,KAS,0.4,16
6162,2,winter_wheat,4,KAS,0.9,16
6163,2,winter_wheat,1,PK,0.001,40
6163,2,winter_wheat,2,KAS,0.25,32
6163,2,winter_wheat,3,KAS,0.4,16
6163,2,winter_wheat,4,KAS,0.9,16
6164,2,winter_wheat,1,PK,0.001,40
6164,2,winter_wheat,2,KAS,0.25,32
6164,2,winter_wheat,3,KAS,0.4,16
6164,2,winter_wheat,4,KAS,0.9,16
6165,2,winter_wheat,1,PK,0.001,40
6165,2,winter_wheat,2,KAS,0.25,32
6165,2,winter_wheat,3,KAS,0.4,16
6165,2,winter_wheat,4,KAS,0.9,16
6166,2,winter_wheat,1,PK,0.001,40
6166,2,winter_wheat,2,KAS,0.25,32
6166,2,winter_wheat,3,KAS,0.4,16
6166,2,winter_wheat,4,KAS,0.9,16
6167,2,winter_wheat,1,PK,0.001,40
6167,2,winter_wheat,2,KAS,0.25,32
6167,2,winter_wheat,3,KAS,0.4,16
6167,2,winter_wheat,4,KAS,0.9,16
6168,2,winter_wheat,1,PK,0.001,40
6168,2,winter_wheat,2,KAS,0.25,32
6168,2,winter_wheat,3,KAS,0.4,16
6168,2,winter_wheat,4,KAS,0.9,16
6169,2,winter_wheat,1,PK,0.001,40
6169,2,winter_wheat,2,KAS,0.25,32
6169,2,winter_wheat,3,KAS,0.4,16
6169,2,winter_wheat,4,KAS,0.9,16
6171,2,winter_wheat,1,PK,0.001,40
6171,2,winter_wheat,2,KAS,0.25,32
6171,2,winter_wheat,3,KAS,0.4,16
6171,2,winter_wheat,4,KAS,0.9,16
6172,2,winter_wheat,1,PK,0.001,40
6172,2,winter_wheat,2,KAS,0.25,32
6172,2,winter_wheat,3,KAS,0.4,16
6172,2,winter_wheat,4,KAS,0.9,16
6173,2,winter_wheat,1,PK,0.001,40
6173,2,winter_wheat,2,KAS,0.25,32
6173,2,winter_wheat,3,KAS,0.4,16
6173,2,winter_wheat,4,KAS,0.9,16
6174,2,winter_wheat,1,PK,0.001,40
6174,2,winter_wheat,2,KAS,0.25,32
6174,2,winter_wheat,3,KAS,0.4,16
6174,2,winter_wheat,4,KAS,0.9,16
6175,2,winter_wheat,1,PK,0.001,40
6175,2,winter_wheat,2,KAS,0.25,32
6175,2,winter_wheat,3,KAS,0.4,16
6175,2,winter_wheat,4,KAS,0.9,16
6176,2,winter_wheat,1,PK,0.001,40
6176,2,winter_wheat,2,KAS,0.25,32
6176,2,winter_wheat,3,KAS,0.4,16
6176,2,winter_wheat,4,KAS,0.9,16
6177,2,winter_wheat,1,PK,0.001,40
6177,2,winter_wheat,2,KAS,0.25,32
6177,2,winter_wheat,3,KAS,0.4,16
6177,2,winter_wheat,4,KAS,0.9,16
6178,2,winter_wheat,1,PK,0.001,40
6178,2,winter_wheat,2,KAS,0.25,32
6178,2,winter_wheat,3,KAS,0.4,16
6178,2,winter_wheat,4,KAS,0.9,16
6179,2,winter_wheat,1,PK,0.001,40
6179,2,winter_wheat,2,KAS,0.25,32
6179,2,winter_wheat,3,KAS,0.4,16
6179,2,winter_wheat,4,KAS,0.9,16
6180,2,winter_wheat,1,PK,0.001,40
6180,2,winter_wheat,2,KAS,0.25,32
6180,2,winter_wheat,3,KAS,0.4,16
6180,2,winter_wheat,4,KAS,0.9,16
6181,2,winter_wheat,1,PK,0.001,40
6181,2,winter_wheat,2,KAS,0.25,32
6181,2,winter_wheat,3,KAS,0.4,16
6181,2,winter_wheat,4,KAS,0.9,16
6182,2,winter_wheat,1,PK,0.001,40
6182,2,winter_wheat,2,KAS,0.25,32
6182,2,winter_wheat,3,KAS,0.4,16
6182,2,winter_wheat,4,KAS,0.9,16
6183,2,winter_wheat,1,PK,0.001,40
6183,2,winter_wheat,2,KAS,0.25,32
6183,2,winter_wheat,3,KAS,0.4,16
6183,2,winter_wheat,4,KAS,0.9,16
6184,2,winter_wheat,1,PK,0.001,40
6184,2,winter_wheat,2,KAS,0.25,32
6184,2,winter_wheat,3,KAS,0.4,16
6184,2,winter_wheat,4,KAS,0.9,16
6185,2,winter_wheat,1,PK,0.001,40
6185,2,winter_wheat,2,KAS,0.25,32
6185,2,winter_wheat,3,KAS,0.4,16
6185,2,winter_wheat,4,KAS,0.9,16
6186,2,winter_wheat,1,PK,0.001,40
6186,2,winter_wheat,2,KAS,0.25,32
6186,2,winter_wheat,3,KAS,0.4,16
6186,2,winter_wheat,4,KAS,0.9,16
6187,2,winter_wheat,1,PK,0.001,40
6187,2,winter_wheat,2,KAS,0.25,32
6187,2,winter_wheat,3,KAS,0.4,16
6187,2,winter_wheat,4,KAS,0.9,16
6188,2,winter_wheat,1,PK,0.001,40
6188,2,winter_wheat,2,KAS,0.25,32
6188,2,winter_wheat,3,KAS,0.4,16
6188,2,winter_wheat,4,KAS,0.9,16
6189,2,winter_wheat,1,PK,0.001,40
6189,2,winter_wheat,2,KAS,0.25,32
6189,2,winter_wheat,3,KAS,0.4,16
6189,2,winter_wheat,4,KAS,0.9,16
6190,2,winter_wheat,1,PK,0.001,40
6190,2,winter_wheat,2,KAS,0.25,32
6190,2,winter_wheat,3,KAS,0.4,16
6190,2,winter_wheat,4,KAS,0.9,16
6191,2,winter_wheat,1,PK,0.001,40
6191,2,winter_wheat,2,KAS,0.25,32
6191,2,winter_wheat,3,KAS,0.4,16
6191,2,winter_wheat,4,KAS,0.9,16
6192,2,winter_wheat,1,PK,0.001,40
6192,2,winter_wheat,2,KAS,0.25,32
6192,2,winter_wheat,3,KAS,0.4,16
6192,2,winter_wheat,4,KAS,0.9,16
6193,2,winter_wheat,1,PK,0.001,40
6193,2,winter_wheat,2,KAS,0.25,32
6193,2,winter_wheat,3,KAS,0.4,16
6193,2,winter_wheat,4,KAS,0.9,16
6194,2,winter_wheat,1,PK,0.001,40
6194,2,winter_wheat,2,KAS,0.25,32
6194,2,winter_wheat,3,KAS,0.4,16
6194,2,winter_wheat,4,KAS,0.9,16
6195,2,winter_wheat,1,PK,0.001,40
6195,2,winter_wheat,2,KAS,0.25,32
6195,2,winter_wheat,3,KAS,0.4,16
6195,2,winter_wheat,4,KAS,0.9,16
6196,2,winter_wheat,1,PK,0.001,40
6196,2,winter_wheat,2,KAS,0.25,32
6196,2,winter_wheat,3,KAS,0.4,16
6196,2,winter_wheat,4,KAS,0.9,16
6197,2,winter_wheat,1,PK,0.001,40
6197,2,winter_wheat,2,KAS,0.25,32
6197,2,winter_wheat,3,KAS,0.4,16
6197,2,winter_wheat,4,KAS,0.9,16
6198,2,winter_wheat,1,PK,0.001,40
6198,2,winter_wheat,2,KAS,0.25,32
6198,2,winter_wheat,3,KAS,0.4,16
6198,2,winter_wheat,4,KAS,0.9,16
6199,2,winter_wheat,1,PK,0.001,40
6199,2,winter_wheat,2,KAS,0.25,32
6199,2,winter_wheat,3,KAS,0.4,16
6199,2,winter_wheat,4,KAS,0.9,16
6200,2,winter_wheat,1,PK,0.001,40
6200,2,winter_wheat,2,KAS,0.25,32
6200,2,winter_wheat,3,KAS,0.4,16
6200,2,winter_wheat,4,KAS,0.9,16
6201,2,winter_wheat,1,PK,0.001,40
6201,2,winter_wheat,2,KAS,0.25,32
6201,2,winter_wheat,3,KAS,0.4,16
6201,2,winter_wheat,4,KAS,0.9,16
6202,2,winter_wheat,1,PK,0.001,40
6202,2,winter_wheat,2,KAS,0.25,32
6202,2,winter_wheat,3,KAS,0.4,16
6202,2,winter_wheat,4,KAS,0.9,16
6203,2,winter_wheat,1,PK,0.001,40
6203,2,winter_wheat,2,KAS,0.25,32
6203,2,winter_wheat,3,KAS,0.4,16
6203,2,winter_wheat,4,KAS,0.9,16
6204,2,winter_wheat,1,PK,0.001,40
6204,2,winter_wheat,2,KAS,0.25,32
6204,2,winter_wheat,3,KAS,0.4,16
6204,2,winter_wheat,4,KAS,0.9,16
6205,2,winter_wheat,1,PK,0.001,40
6205,2,winter_wheat,2,KAS,0.25,32
6205,2,winter_wheat,3,KAS,0.4,16
6205,2,winter_wheat,4,KAS,0.9,16
6207,2,winter_wheat,1,PK,0.001,40
6207,2,winter_wheat,2,KAS,0.25,32
6207,2,winter_wheat,3,KAS,0.4,16
6207,2,winter_wheat,4,KAS,0.9,16
6208,2,winter_wheat,1,PK,0.001,40
6208,2,winter_wheat,2,KAS,0.25,32
6208,2,winter_wheat,3,KAS,0.4,16
6208,2,winter_wheat,4,KAS,0.9,16
6210,2,winter_wheat,1,PK,0.001,40
6210,2,winter_wheat,2,KAS,0.25,32
6210,2,winter_wheat,3,KAS,0.4,16
6210,2,winter_wheat,4,KAS,0.9,16
6211,2,winter_wheat,1,PK,0.001,40
6211,2,winter_wheat,2,KAS,0.25,32
6211,2,winter_wheat,3,KAS,0.4,16
6211,2,winter_wheat,4,KAS,0.9,16
