location,FertilizerScenario,crop,Event,vType,DVS,Amount
0,2,winter_wheat,1,PK,0.001,40
0,2,winter_wheat,2,KAS,0.25,32
0,2,winter_wheat,3,KAS,0.4,16
0,2,winter_wheat,4,KAS,0.9,16
2,2,winter_wheat,1,PK,0.001,40
2,2,winter_wheat,2,KAS,0.25,32
2,2,winter_wheat,3,KAS,0.4,16
2,2,winter_wheat,4,KAS,0.9,16
3,2,winter_wheat,1,PK,0.001,40
3,2,winter_wheat,2,KAS,0.25,32
3,2,winter_wheat,3,KAS,0.4,16
3,2,winter_wheat,4,KAS,0.9,16
4,2,winter_wheat,1,PK,0.001,40
4,2,winter_wheat,2,KAS,0.25,32
4,2,winter_wheat,3,KAS,0.4,16
4,2,winter_wheat,4,KAS,0.9,16
5,2,winter_wheat,1,PK,0.001,40
5,2,winter_wheat,2,KAS,0.25,32
5,2,winter_wheat,3,KAS,0.4,16
5,2,winter_wheat,4,KAS,0.9,16
6,2,winter_wheat,1,PK,0.001,40
6,2,winter_wheat,2,KAS,0.25,32
6,2,winter_wheat,3,KAS,0.4,16
6,2,winter_wheat,4,KAS,0.9,16
7,2,winter_wheat,1,PK,0.001,40
7,2,winter_wheat,2,KAS,0.25,32
7,2,winter_wheat,3,KAS,0.4,16
7,2,winter_wheat,4,KAS,0.9,16
8,2,winter_wheat,1,PK,0.001,40
8,2,winter_wheat,2,KAS,0.25,32
8,2,winter_wheat,3,KAS,0.4,16
8,2,winter_wheat,4,KAS,0.9,16
9,2,winter_wheat,1,PK,0.001,40
9,2,winter_wheat,2,KAS,0.25,32
9,2,winter_wheat,3,KAS,0.4,16
9,2,winter_wheat,4,KAS,0.9,16
10,2,winter_wheat,1,PK,0.001,40
10,2,winter_wheat,2,KAS,0.25,32
10,2,winter_wheat,3,KAS,0.4,16
10,2,winter_wheat,4,KAS,0.9,16
11,2,winter_wheat,1,PK,0.001,40
11,2,winter_wheat,2,KAS,0.25,32
11,2,winter_wheat,3,KAS,0.4,16
11,2,winter_wheat,4,KAS,0.9,16
12,2,winter_wheat,1,PK,0.001,40
12,2,winter_wheat,2,KAS,0.25,32
12,2,winter_wheat,3,KAS,0.4,16
12,2,winter_wheat,4,KAS,0.9,16
13,2,winter_wheat,1,PK,0.001,40
13,2,winter_wheat,2,KAS,0.25,32
13,2,winter_wheat,3,KAS,0.4,16
13,2,winter_wheat,4,KAS,0.9,16
14,2,winter_wheat,1,PK,0.001,40
14,2,winter_wheat,2,KAS,0.25,32
14,2,winter_wheat,3,KAS,0.4,16
14,2,winter_wheat,4,KAS,0.9,16
15,2,winter_wheat,1,PK,0.001,40
15,2,winter_wheat,2,KAS,0.25,32
15,2,winter_wheat,3,KAS,0.4,16
15,2,winter_wheat,4,KAS,0.9,16
16,2,winter_wheat,1,PK,0.001,40
16,2,winter_wheat,2,KAS,0.25,32
16,2,winter_wheat,3,KAS,0.4,16
16,2,winter_wheat,4,KAS,0.9,16
17,2,winter_wheat,1,PK,0.001,40
17,2,winter_wheat,2,KAS,0.25,32
17,2,winter_wheat,3,KAS,0.4,16
17,2,winter_wheat,4,KAS,0.9,16
18,2,winter_wheat,1,PK,0.001,40
18,2,winter_wheat,2,KAS,0.25,32
18,2,winter_wheat,3,KAS,0.4,16
18,2,winter_wheat,4,KAS,0.9,16
19,2,winter_wheat,1,PK,0.001,40
19,2,winter_wheat,2,KAS,0.25,32
19,2,winter_wheat,3,KAS,0.4,16
19,2,winter_wheat,4,KAS,0.9,16
20,2,winter_wheat,1,PK,0.001,40
20,2,winter_wheat,2,KAS,0.25,32
20,2,winter_wheat,3,KAS,0.4,16
20,2,winter_wheat,4,KAS,0.9,16
21,2,winter_wheat,1,PK,0.001,40
21,2,winter_wheat,2,KAS,0.25,32
21,2,winter_wheat,3,KAS,0.4,16
21,2,winter_wheat,4,KAS,0.9,16
22,2,winter_wheat,1,PK,0.001,40
22,2,winter_wheat,2,KAS,0.25,32
22,2,winter_wheat,3,KAS,0.4,16
22,2,winter_wheat,4,KAS,0.9,16
23,2,winter_wheat,1,PK,0.001,40
23,2,winter_wheat,2,KAS,0.25,32
23,2,winter_wheat,3,KAS,0.4,16
23,2,winter_wheat,4,KAS,0.9,16
24,2,winter_wheat,1,PK,0.001,40
24,2,winter_wheat,2,KAS,0.25,32
24,2,winter_wheat,3,KAS,0.4,16
24,2,winter_wheat,4,KAS,0.9,16
25,2,winter_wheat,1,PK,0.001,40
25,2,winter_wheat,2,KAS,0.25,32
25,2,winter_wheat,3,KAS,0.4,16
25,2,winter_wheat,4,KAS,0.9,16
26,2,winter_wheat,1,PK,0.001,40
26,2,winter_wheat,2,KAS,0.25,32
26,2,winter_wheat,3,KAS,0.4,16
26,2,winter_wheat,4,KAS,0.9,16
27,2,winter_wheat,1,PK,0.001,40
27,2,winter_wheat,2,KAS,0.25,32
27,2,winter_wheat,3,KAS,0.4,16
27,2,winter_wheat,4,KAS,0.9,16
28,2,winter_wheat,1,PK,0.001,40
28,2,winter_wheat,2,KAS,0.25,32
28,2,winter_wheat,3,KAS,0.4,16
28,2,winter_wheat,4,KAS,0.9,16
29,2,winter_wheat,1,PK,0.001,40
29,2,winter_wheat,2,KAS,0.25,32
29,2,winter_wheat,3,KAS,0.4,16
29,2,winter_wheat,4,KAS,0.9,16
30,2,winter_wheat,1,PK,0.001,40
30,2,winter_wheat,2,KAS,0.25,32
30,2,winter_wheat,3,KAS,0.4,16
30,2,winter_wheat,4,KAS,0.9,16
31,2,winter_wheat,1,PK,0.001,40
31,2,winter_wheat,2,KAS,0.25,32
31,2,winter_wheat,3,KAS,0.4,16
31,2,winter_wheat,4,KAS,0.9,16
32,2,winter_wheat,1,PK,0.001,40
32,2,winter_wheat,2,KAS,0.25,32
32,2,winter_wheat,3,KAS,0.4,16
32,2,winter_wheat,4,KAS,0.9,16
33,2,winter_wheat,1,PK,0.001,40
33,2,winter_wheat,2,KAS,0.25,32
33,2,winter_wheat,3,KAS,0.4,16
33,2,winter_wheat,4,KAS,0.9,16
34,2,winter_wheat,1,PK,0.001,40
34,2,winter_wheat,2,KAS,0.25,32
34,2,winter_wheat,3,KAS,0.4,16
34,2,winter_wheat,4,KAS,0.9,16
35,2,winter_wheat,1,PK,0.001,40
35,2,winter_wheat,2,KAS,0.25,32
35,2,winter_wheat,3,KAS,0.4,16
35,2,winter_wheat,4,KAS,0.9,16
36,2,winter_wheat,1,PK,0.001,40
36,2,winter_wheat,2,KAS,0.25,32
36,2,winter_wheat,3,KAS,0.4,16
36,2,winter_wheat,4,KAS,0.9,16
37,2,winter_wheat,1,PK,0.001,40
37,2,winter_wheat,2,KAS,0.25,32
37,2,winter_wheat,3,KAS,0.4,16
37,2,winter_wheat,4,KAS,0.9,16
38,2,winter_wheat,1,PK,0.001,40
38,2,winter_wheat,2,KAS,0.25,32
38,2,winter_wheat,3,KAS,0.4,16
38,2,winter_wheat,4,KAS,0.9,16
39,2,winter_wheat,1,PK,0.001,40
39,2,winter_wheat,2,KAS,0.25,32
39,2,winter_wheat,3,KAS,0.4,16
39,2,winter_wheat,4,KAS,0.9,16
40,2,winter_wheat,1,PK,0.001,40
40,2,winter_wheat,2,KAS,0.25,32
40,2,winter_wheat,3,KAS,0.4,16
40,2,winter_wheat,4,KAS,0.9,16
41,2,winter_wheat,1,PK,0.001,40
41,2,winter_wheat,2,KAS,0.25,32
41,2,winter_wheat,3,KAS,0.4,16
41,2,winter_wheat,4,KAS,0.9,16
42,2,winter_wheat,1,PK,0.001,40
42,2,winter_wheat,2,KAS,0.25,32
42,2,winter_wheat,3,KAS,0.4,16
42,2,winter_wheat,4,KAS,0.9,16
43,2,winter_wheat,1,PK,0.001,40
43,2,winter_wheat,2,KAS,0.25,32
43,2,winter_wheat,3,KAS,0.4,16
43,2,winter_wheat,4,KAS,0.9,16
44,2,winter_wheat,1,PK,0.001,40
44,2,winter_wheat,2,KAS,0.25,32
44,2,winter_wheat,3,KAS,0.4,16
44,2,winter_wheat,4,KAS,0.9,16
45,2,winter_wheat,1,PK,0.001,40
45,2,winter_wheat,2,KAS,0.25,32
45,2,winter_wheat,3,KAS,0.4,16
45,2,winter_wheat,4,KAS,0.9,16
46,2,winter_wheat,1,PK,0.001,40
46,2,winter_wheat,2,KAS,0.25,32
46,2,winter_wheat,3,KAS,0.4,16
46,2,winter_wheat,4,KAS,0.9,16
47,2,winter_wheat,1,PK,0.001,40
47,2,winter_wheat,2,KAS,0.25,32
47,2,winter_wheat,3,KAS,0.4,16
47,2,winter_wheat,4,KAS,0.9,16
48,2,winter_wheat,1,PK,0.001,40
48,2,winter_wheat,2,KAS,0.25,32
48,2,winter_wheat,3,KAS,0.4,16
48,2,winter_wheat,4,KAS,0.9,16
49,2,winter_wheat,1,PK,0.001,40
49,2,winter_wheat,2,KAS,0.25,32
49,2,winter_wheat,3,KAS,0.4,16
49,2,winter_wheat,4,KAS,0.9,16
50,2,winter_wheat,1,PK,0.001,40
50,2,winter_wheat,2,KAS,0.25,32
50,2,winter_wheat,3,KAS,0.4,16
50,2,winter_wheat,4,KAS,0.9,16
51,2,winter_wheat,1,PK,0.001,40
51,2,winter_wheat,2,KAS,0.25,32
51,2,winter_wheat,3,KAS,0.4,16
51,2,winter_wheat,4,KAS,0.9,16
52,2,winter_wheat,1,PK,0.001,40
52,2,winter_wheat,2,KAS,0.25,32
52,2,winter_wheat,3,KAS,0.4,16
52,2,winter_wheat,4,KAS,0.9,16
53,2,winter_wheat,1,PK,0.001,40
53,2,winter_wheat,2,KAS,0.25,32
53,2,winter_wheat,3,KAS,0.4,16
53,2,winter_wheat,4,KAS,0.9,16
54,2,winter_wheat,1,PK,0.001,40
54,2,winter_wheat,2,KAS,0.25,32
54,2,winter_wheat,3,KAS,0.4,16
54,2,winter_wheat,4,KAS,0.9,16
55,2,winter_wheat,1,PK,0.001,40
55,2,winter_wheat,2,KAS,0.25,32
55,2,winter_wheat,3,KAS,0.4,16
55,2,winter_wheat,4,KAS,0.9,16
56,2,winter_wheat,1,PK,0.001,40
56,2,winter_wheat,2,KAS,0.25,32
56,2,winter_wheat,3,KAS,0.4,16
56,2,winter_wheat,4,KAS,0.9,16
58,2,winter_wheat,1,PK,0.001,40
58,2,winter_wheat,2,KAS,0.25,32
58,2,winter_wheat,3,KAS,0.4,16
58,2,winter_wheat,4,KAS,0.9,16
59,2,winter_wheat,1,PK,0.001,40
59,2,winter_wheat,2,KAS,0.25,32
59,2,winter_wheat,3,KAS,0.4,16
59,2,winter_wheat,4,KAS,0.9,16
60,2,winter_wheat,1,PK,0.001,40
60,2,winter_wheat,2,KAS,0.25,32
60,2,winter_wheat,3,KAS,0.4,16
60,2,winter_wheat,4,KAS,0.9,16
61,2,winter_wheat,1,PK,0.001,40
61,2,winter_wheat,2,KAS,0.25,32
61,2,winter_wheat,3,KAS,0.4,16
61,2,winter_wheat,4,KAS,0.9,16
62,2,winter_wheat,1,PK,0.001,40
62,2,winter_wheat,2,KAS,0.25,32
62,2,winter_wheat,3,KAS,0.4,16
62,2,winter_wheat,4,KAS,0.9,16
63,2,winter_wheat,1,PK,0.001,40
63,2,winter_wheat,2,KAS,0.25,32
63,2,winter_wheat,3,KAS,0.4,16
63,2,winter_wheat,4,KAS,0.9,16
64,2,winter_wheat,1,PK,0.001,40
64,2,winter_wheat,2,KAS,0.25,32
64,2,winter_wheat,3,KAS,0.4,16
64,2,winter_wheat,4,KAS,0.9,16
65,2,winter_wheat,1,PK,0.001,40
65,2,winter_wheat,2,KAS,0.25,32
65,2,winter_wheat,3,KAS,0.4,16
65,2,winter_wheat,4,KAS,0.9,16
66,2,winter_wheat,1,PK,0.001,40
66,2,winter_wheat,2,KAS,0.25,32
66,2,winter_wheat,3,KAS,0.4,16
66,2,winter_wheat,4,KAS,0.9,16
67,2,winter_wheat,1,PK,0.001,40
67,2,winter_wheat,2,KAS,0.25,32
67,2,winter_wheat,3,KAS,0.4,16
67,2,winter_wheat,4,KAS,0.9,16
68,2,winter_wheat,1,PK,0.001,40
68,2,winter_wheat,2,KAS,0.25,32
68,2,winter_wheat,3,KAS,0.4,16
68,2,winter_wheat,4,KAS,0.9,16
69,2,winter_wheat,1,PK,0.001,40
69,2,winter_wheat,2,KAS,0.25,32
69,2,winter_wheat,3,KAS,0.4,16
69,2,winter_wheat,4,KAS,0.9,16
70,2,winter_wheat,1,PK,0.001,40
70,2,winter_wheat,2,KAS,0.25,32
70,2,winter_wheat,3,KAS,0.4,16
70,2,winter_wheat,4,KAS,0.9,16
71,2,winter_wheat,1,PK,0.001,40
71,2,winter_wheat,2,KAS,0.25,32
71,2,winter_wheat,3,KAS,0.4,16
71,2,winter_wheat,4,KAS,0.9,16
72,2,winter_wheat,1,PK,0.001,40
72,2,winter_wheat,2,KAS,0.25,32
72,2,winter_wheat,3,KAS,0.4,16
72,2,winter_wheat,4,KAS,0.9,16
73,2,winter_wheat,1,PK,0.001,40
73,2,winter_wheat,2,KAS,0.25,32
73,2,winter_wheat,3,KAS,0.4,16
73,2,winter_wheat,4,KAS,0.9,16
74,2,winter_wheat,1,PK,0.001,40
74,2,winter_wheat,2,KAS,0.25,32
74,2,winter_wheat,3,KAS,0.4,16
74,2,winter_wheat,4,KAS,0.9,16
75,2,winter_wheat,1,PK,0.001,40
75,2,winter_wheat,2,KAS,0.25,32
75,2,winter_wheat,3,KAS,0.4,16
75,2,winter_wheat,4,KAS,0.9,16
76,2,winter_wheat,1,PK,0.001,40
76,2,winter_wheat,2,KAS,0.25,32
76,2,winter_wheat,3,KAS,0.4,16
76,2,winter_wheat,4,KAS,0.9,16
77,2,winter_wheat,1,PK,0.001,40
77,2,winter_wheat,2,KAS,0.25,32
77,2,winter_wheat,3,KAS,0.4,16
77,2,winter_wheat,4,KAS,0.9,16
78,2,winter_wheat,1,PK,0.001,40
78,2,winter_wheat,2,KAS,0.25,32
78,2,winter_wheat,3,KAS,0.4,16
78,2,winter_wheat,4,KAS,0.9,16
79,2,winter_wheat,1,PK,0.001,40
79,2,winter_wheat,2,KAS,0.25,32
79,2,winter_wheat,3,KAS,0.4,16
79,2,winter_wheat,4,KAS,0.9,16
80,2,winter_wheat,1,PK,0.001,40
80,2,winter_wheat,2,KAS,0.25,32
80,2,winter_wheat,3,KAS,0.4,16
80,2,winter_wheat,4,KAS,0.9,16
81,2,winter_wheat,1,PK,0.001,40
81,2,winter_wheat,2,KAS,0.25,32
81,2,winter_wheat,3,KAS,0.4,16
81,2,winter_wheat,4,KAS,0.9,16
82,2,winter_wheat,1,PK,0.001,40
82,2,winter_wheat,2,KAS,0.25,32
82,2,winter_wheat,3,KAS,0.4,16
82,2,winter_wheat,4,KAS,0.9,16
83,2,winter_wheat,1,PK,0.001,40
83,2,winter_wheat,2,KAS,0.25,32
83,2,winter_wheat,3,KAS,0.4,16
83,2,winter_wheat,4,KAS,0.9,16
84,2,winter_wheat,1,PK,0.001,40
84,2,winter_wheat,2,KAS,0.25,32
84,2,winter_wheat,3,KAS,0.4,16
84,2,winter_wheat,4,KAS,0.9,16
85,2,winter_wheat,1,PK,0.001,40
85,2,winter_wheat,2,KAS,0.25,32
85,2,winter_wheat,3,KAS,0.4,16
85,2,winter_wheat,4,KAS,0.9,16
86,2,winter_wheat,1,PK,0.001,40
86,2,winter_wheat,2,KAS,0.25,32
86,2,winter_wheat,3,KAS,0.4,16
86,2,winter_wheat,4,KAS,0.9,16
87,2,winter_wheat,1,PK,0.001,40
87,2,winter_wheat,2,KAS,0.25,32
87,2,winter_wheat,3,KAS,0.4,16
87,2,winter_wheat,4,KAS,0.9,16
88,2,winter_wheat,1,PK,0.001,40
88,2,winter_wheat,2,KAS,0.25,32
88,2,winter_wheat,3,KAS,0.4,16
88,2,winter_wheat,4,KAS,0.9,16
89,2,winter_wheat,1,PK,0.001,40
89,2,winter_wheat,2,KAS,0.25,32
89,2,winter_wheat,3,KAS,0.4,16
89,2,winter_wheat,4,KAS,0.9,16
90,2,winter_wheat,1,PK,0.001,40
90,2,winter_wheat,2,KAS,0.25,32
90,2,winter_wheat,3,KAS,0.4,16
90,2,winter_wheat,4,KAS,0.9,16
91,2,winter_wheat,1,PK,0.001,40
91,2,winter_wheat,2,KAS,0.25,32
91,2,winter_wheat,3,KAS,0.4,16
91,2,winter_wheat,4,KAS,0.9,16
92,2,winter_wheat,1,PK,0.001,40
92,2,winter_wheat,2,KAS,0.25,32
92,2,winter_wheat,3,KAS,0.4,16
92,2,winter_wheat,4,KAS,0.9,16
93,2,winter_wheat,1,PK,0.001,40
93,2,winter_wheat,2,KAS,0.25,32
93,2,winter_wheat,3,KAS,0.4,16
93,2,winter_wheat,4,KAS,0.9,16
94,2,winter_wheat,1,PK,0.001,40
94,2,winter_wheat,2,KAS,0.25,32
94,2,winter_wheat,3,KAS,0.4,16
94,2,winter_wheat,4,KAS,0.9,16
95,2,winter_wheat,1,PK,0.001,40
95,2,winter_wheat,2,KAS,0.25,32
95,2,winter_wheat,3,KAS,0.4,16
95,2,winter_wheat,4,KAS,0.9,16
96,2,winter_wheat,1,PK,0.001,40
96,2,winter_wheat,2,KAS,0.25,32
96,2,winter_wheat,3,KAS,0.4,16
96,2,winter_wheat,4,KAS,0.9,16
97,2,winter_wheat,1,PK,0.001,40
97,2,winter_wheat,2,KAS,0.25,32
97,2,winter_wheat,3,KAS,0.4,16
97,2,winter_wheat,4,KAS,0.9,16
98,2,winter_wheat,1,PK,0.001,40
98,2,winter_wheat,2,KAS,0.25,32
98,2,winter_wheat,3,KAS,0.4,16
98,2,winter_wheat,4,KAS,0.9,16
99,2,winter_wheat,1,PK,0.001,40
99,2,winter_wheat,2,KAS,0.25,32
99,2,winter_wheat,3,KAS,0.4,16
99,2,winter_wheat,4,KAS,0.9,16
100,2,winter_wheat,1,PK,0.001,40
100,2,winter_wheat,2,KAS,0.25,32
100,2,winter_wheat,3,KAS,0.4,16
100,2,winter_wheat,4,KAS,0.9,16
101,2,winter_wheat,1,PK,0.001,40
101,2,winter_wheat,2,KAS,0.25,32
101,2,winter_wheat,3,KAS,0.4,16
101,2,winter_wheat,4,KAS,0.9,16
102,2,winter_wheat,1,PK,0.001,40
102,2,winter_wheat,2,KAS,0.25,32
102,2,winter_wheat,3,KAS,0.4,16
102,2,winter_wheat,4,KAS,0.9,16
103,2,winter_wheat,1,PK,0.001,40
103,2,winter_wheat,2,KAS,0.25,32
103,2,winter_wheat,3,KAS,0.4,16
103,2,winter_wheat,4,KAS,0.9,16
104,2,winter_wheat,1,PK,0.001,40
104,2,winter_wheat,2,KAS,0.25,32
104,2,winter_wheat,3,KAS,0.4,16
104,2,winter_wheat,4,KAS,0.9,16
105,2,winter_wheat,1,PK,0.001,40
105,2,winter_wheat,2,KAS,0.25,32
105,2,winter_wheat,3,KAS,0.4,16
105,2,winter_wheat,4,KAS,0.9,16
106,2,winter_wheat,1,PK,0.001,40
106,2,winter_wheat,2,KAS,0.25,32
106,2,winter_wheat,3,KAS,0.4,16
106,2,winter_wheat,4,KAS,0.9,16
107,2,winter_wheat,1,PK,0.001,40
107,2,winter_wheat,2,KAS,0.25,32
107,2,winter_wheat,3,KAS,0.4,16
107,2,winter_wheat,4,KAS,0.9,16
108,2,winter_wheat,1,PK,0.001,40
108,2,winter_wheat,2,KAS,0.25,32
108,2,winter_wheat,3,KAS,0.4,16
108,2,winter_wheat,4,KAS,0.9,16
109,2,winter_wheat,1,PK,0.001,40
109,2,winter_wheat,2,KAS,0.25,32
109,2,winter_wheat,3,KAS,0.4,16
109,2,winter_wheat,4,KAS,0.9,16
110,2,winter_wheat,1,PK,0.001,40
110,2,winter_wheat,2,KAS,0.25,32
110,2,winter_wheat,3,KAS,0.4,16
110,2,winter_wheat,4,KAS,0.9,16
111,2,winter_wheat,1,PK,0.001,40
111,2,winter_wheat,2,KAS,0.25,32
111,2,winter_wheat,3,KAS,0.4,16
111,2,winter_wheat,4,KAS,0.9,16
112,2,winter_wheat,1,PK,0.001,40
112,2,winter_wheat,2,KAS,0.25,32
112,2,winter_wheat,3,KAS,0.4,16
112,2,winter_wheat,4,KAS,0.9,16
113,2,winter_wheat,1,PK,0.001,40
113,2,winter_wheat,2,KAS,0.25,32
113,2,winter_wheat,3,KAS,0.4,16
113,2,winter_wheat,4,KAS,0.9,16
114,2,winter_wheat,1,PK,0.001,40
114,2,winter_wheat,2,KAS,0.25,32
114,2,winter_wheat,3,KAS,0.4,16
114,2,winter_wheat,4,KAS,0.9,16
115,2,winter_wheat,1,PK,0.001,40
115,2,winter_wheat,2,KAS,0.25,32
115,2,winter_wheat,3,KAS,0.4,16
115,2,winter_wheat,4,KAS,0.9,16
116,2,winter_wheat,1,PK,0.001,40
116,2,winter_wheat,2,KAS,0.25,32
116,2,winter_wheat,3,KAS,0.4,16
116,2,winter_wheat,4,KAS,0.9,16
117,2,winter_wheat,1,PK,0.001,40
117,2,winter_wheat,2,KAS,0.25,32
117,2,winter_wheat,3,KAS,0.4,16
117,2,winter_wheat,4,KAS,0.9,16
118,2,winter_wheat,1,PK,0.001,40
118,2,winter_wheat,2,KAS,0.25,32
118,2,winter_wheat,3,KAS,0.4,16
118,2,winter_wheat,4,KAS,0.9,16
119,2,winter_wheat,1,PK,0.001,40
119,2,winter_wheat,2,KAS,0.25,32
119,2,winter_wheat,3,KAS,0.4,16
119,2,winter_wheat,4,KAS,0.9,16
120,2,winter_wheat,1,PK,0.001,40
120,2,winter_wheat,2,KAS,0.25,32
120,2,winter_wheat,3,KAS,0.4,16
120,2,winter_wheat,4,KAS,0.9,16
121,2,winter_wheat,1,PK,0.001,40
121,2,winter_wheat,2,KAS,0.25,32
121,2,winter_wheat,3,KAS,0.4,16
121,2,winter_wheat,4,KAS,0.9,16
122,2,winter_wheat,1,PK,0.001,40
122,2,winter_wheat,2,KAS,0.25,32
122,2,winter_wheat,3,KAS,0.4,16
122,2,winter_wheat,4,KAS,0.9,16
123,2,winter_wheat,1,PK,0.001,40
123,2,winter_wheat,2,KAS,0.25,32
123,2,winter_wheat,3,KAS,0.4,16
123,2,winter_wheat,4,KAS,0.9,16
124,2,winter_wheat,1,PK,0.001,40
124,2,winter_wheat,2,KAS,0.25,32
124,2,winter_wheat,3,KAS,0.4,16
124,2,winter_wheat,4,KAS,0.9,16
125,2,winter_wheat,1,PK,0.001,40
125,2,winter_wheat,2,KAS,0.25,32
125,2,winter_wheat,3,KAS,0.4,16
125,2,winter_wheat,4,KAS,0.9,16
126,2,winter_wheat,1,PK,0.001,40
126,2,winter_wheat,2,KAS,0.25,32
126,2,winter_wheat,3,KAS,0.4,16
126,2,winter_wheat,4,KAS,0.9,16
127,2,winter_wheat,1,PK,0.001,40
127,2,winter_wheat,2,KAS,0.25,32
127,2,winter_wheat,3,KAS,0.4,16
127,2,winter_wheat,4,KAS,0.9,16
128,2,winter_wheat,1,PK,0.001,40
128,2,winter_wheat,2,KAS,0.25,32
128,2,winter_wheat,3,KAS,0.4,16
128,2,winter_wheat,4,KAS,0.9,16
129,2,winter_wheat,1,PK,0.001,40
129,2,winter_wheat,2,KAS,0.25,32
129,2,winter_wheat,3,KAS,0.4,16
129,2,winter_wheat,4,KAS,0.9,16
130,2,winter_wheat,1,PK,0.001,40
130,2,winter_wheat,2,KAS,0.25,32
130,2,winter_wheat,3,KAS,0.4,16
130,2,winter_wheat,4,KAS,0.9,16
131,2,winter_wheat,1,PK,0.001,40
131,2,winter_wheat,2,KAS,0.25,32
131,2,winter_wheat,3,KAS,0.4,16
131,2,winter_wheat,4,KAS,0.9,16
132,2,winter_wheat,1,PK,0.001,40
132,2,winter_wheat,2,KAS,0.25,32
132,2,winter_wheat,3,KAS,0.4,16
132,2,winter_wheat,4,KAS,0.9,16
133,2,winter_wheat,1,PK,0.001,40
133,2,winter_wheat,2,KAS,0.25,32
133,2,winter_wheat,3,KAS,0.4,16
133,2,winter_wheat,4,KAS,0.9,16
134,2,winter_wheat,1,PK,0.001,40
134,2,winter_wheat,2,KAS,0.25,32
134,2,winter_wheat,3,KAS,0.4,16
134,2,winter_wheat,4,KAS,0.9,16
135,2,winter_wheat,1,PK,0.001,40
135,2,winter_wheat,2,KAS,0.25,32
135,2,winter_wheat,3,KAS,0.4,16
135,2,winter_wheat,4,KAS,0.9,16
136,2,winter_wheat,1,PK,0.001,40
136,2,winter_wheat,2,KAS,0.25,32
136,2,winter_wheat,3,KAS,0.4,16
136,2,winter_wheat,4,KAS,0.9,16
137,2,winter_wheat,1,PK,0.001,40
137,2,winter_wheat,2,KAS,0.25,32
137,2,winter_wheat,3,KAS,0.4,16
137,2,winter_wheat,4,KAS,0.9,16
138,2,winter_wheat,1,PK,0.001,40
138,2,winter_wheat,2,KAS,0.25,32
138,2,winter_wheat,3,KAS,0.4,16
138,2,winter_wheat,4,KAS,0.9,16
139,2,winter_wheat,1,PK,0.001,40
139,2,winter_wheat,2,KAS,0.25,32
139,2,winter_wheat,3,KAS,0.4,16
139,2,winter_wheat,4,KAS,0.9,16
140,2,winter_wheat,1,PK,0.001,40
140,2,winter_wheat,2,KAS,0.25,32
140,2,winter_wheat,3,KAS,0.4,16
140,2,winter_wheat,4,KAS,0.9,16
141,2,winter_wheat,1,PK,0.001,40
141,2,winter_wheat,2,KAS,0.25,32
141,2,winter_wheat,3,KAS,0.4,16
141,2,winter_wheat,4,KAS,0.9,16
142,2,winter_wheat,1,PK,0.001,40
142,2,winter_wheat,2,KAS,0.25,32
142,2,winter_wheat,3,KAS,0.4,16
142,2,winter_wheat,4,KAS,0.9,16
143,2,winter_wheat,1,PK,0.001,40
143,2,winter_wheat,2,KAS,0.25,32
143,2,winter_wheat,3,KAS,0.4,16
143,2,winter_wheat,4,KAS,0.9,16
144,2,winter_wheat,1,PK,0.001,40
144,2,winter_wheat,2,KAS,0.25,32
144,2,winter_wheat,3,KAS,0.4,16
144,2,winter_wheat,4,KAS,0.9,16
145,2,winter_wheat,1,PK,0.001,40
145,2,winter_wheat,2,KAS,0.25,32
145,2,winter_wheat,3,KAS,0.4,16
145,2,winter_wheat,4,KAS,0.9,16
146,2,winter_wheat,1,PK,0.001,40
146,2,winter_wheat,2,KAS,0.25,32
146,2,winter_wheat,3,KAS,0.4,16
146,2,winter_wheat,4,KAS,0.9,16
147,2,winter_wheat,1,PK,0.001,40
147,2,winter_wheat,2,KAS,0.25,32
147,2,winter_wheat,3,KAS,0.4,16
147,2,winter_wheat,4,KAS,0.9,16
148,2,winter_wheat,1,PK,0.001,40
148,2,winter_wheat,2,KAS,0.25,32
148,2,winter_wheat,3,KAS,0.4,16
148,2,winter_wheat,4,KAS,0.9,16
150,2,winter_wheat,1,PK,0.001,40
150,2,winter_wheat,2,KAS,0.25,32
150,2,winter_wheat,3,KAS,0.4,16
150,2,winter_wheat,4,KAS,0.9,16
151,2,winter_wheat,1,PK,0.001,40
151,2,winter_wheat,2,KAS,0.25,32
151,2,winter_wheat,3,KAS,0.4,16
151,2,winter_wheat,4,KAS,0.9,16
152,2,winter_wheat,1,PK,0.001,40
152,2,winter_wheat,2,KAS,0.25,32
152,2,winter_wheat,3,KAS,0.4,16
152,2,winter_wheat,4,KAS,0.9,16
153,2,winter_wheat,1,PK,0.001,40
153,2,winter_wheat,2,KAS,0.25,32
153,2,winter_wheat,3,KAS,0.4,16
153,2,winter_wheat,4,KAS,0.9,16
154,2,winter_wheat,1,PK,0.001,40
154,2,winter_wheat,2,KAS,0.25,32
154,2,winter_wheat,3,KAS,0.4,16
154,2,winter_wheat,4,KAS,0.9,16
155,2,winter_wheat,1,PK,0.001,40
155,2,winter_wheat,2,KAS,0.25,32
155,2,winter_wheat,3,KAS,0.4,16
155,2,winter_wheat,4,KAS,0.9,16
156,2,winter_wheat,1,PK,0.001,40
156,2,winter_wheat,2,KAS,0.25,32
156,2,winter_wheat,3,KAS,0.4,16
156,2,winter_wheat,4,KAS,0.9,16
157,2,winter_wheat,1,PK,0.001,40
157,2,winter_wheat,2,KAS,0.25,32
157,2,winter_wheat,3,KAS,0.4,16
157,2,winter_wheat,4,KAS,0.9,16
158,2,winter_wheat,1,PK,0.001,40
158,2,winter_wheat,2,KAS,0.25,32
158,2,winter_wheat,3,KAS,0.4,16
158,2,winter_wheat,4,KAS,0.9,16
159,2,winter_wheat,1,PK,0.001,40
159,2,winter_wheat,2,KAS,0.25,32
159,2,winter_wheat,3,KAS,0.4,16
159,2,winter_wheat,4,KAS,0.9,16
160,2,winter_wheat,1,PK,0.001,40
160,2,winter_wheat,2,KAS,0.25,32
160,2,winter_wheat,3,KAS,0.4,16
160,2,winter_wheat,4,KAS,0.9,16
161,2,winter_wheat,1,PK,0.001,40
161,2,winter_wheat,2,KAS,0.25,32
161,2,winter_wheat,3,KAS,0.4,16
161,2,winter_wheat,4,KAS,0.9,16
162,2,winter_wheat,1,PK,0.001,40
162,2,winter_wheat,2,KAS,0.25,32
162,2,winter_wheat,3,KAS,0.4,16
162,2,winter_wheat,4,KAS,0.9,16
163,2,winter_wheat,1,PK,0.001,40
163,2,winter_wheat,2,KAS,0.25,32
163,2,winter_wheat,3,KAS,0.4,16
163,2,winter_wheat,4,KAS,0.9,16
164,2,winter_wheat,1,PK,0.001,40
164,2,winter_wheat,2,KAS,0.25,32
164,2,winter_wheat,3,KAS,0.4,16
164,2,winter_wheat,4,KAS,0.9,16
165,2,winter_wheat,1,PK,0.001,40
165,2,winter_wheat,2,KAS,0.25,32
165,2,winter_wheat,3,KAS,0.4,16
165,2,winter_wheat,4,KAS,0.9,16
166,2,winter_wheat,1,PK,0.001,40
166,2,winter_wheat,2,KAS,0.25,32
166,2,winter_wheat,3,KAS,0.4,16
166,2,winter_wheat,4,KAS,0.9,16
167,2,winter_wheat,1,PK,0.001,40
167,2,winter_wheat,2,KAS,0.25,32
167,2,winter_wheat,3,KAS,0.4,16
167,2,winter_wheat,4,KAS,0.9,16
168,2,winter_wheat,1,PK,0.001,40
168,2,winter_wheat,2,KAS,0.25,32
168,2,winter_wheat,3,KAS,0.4,16
168,2,winter_wheat,4,KAS,0.9,16
169,2,winter_wheat,1,PK,0.001,40
169,2,winter_wheat,2,KAS,0.25,32
169,2,winter_wheat,3,KAS,0.4,16
169,2,winter_wheat,4,KAS,0.9,16
170,2,winter_wheat,1,PK,0.001,40
170,2,winter_wheat,2,KAS,0.25,32
170,2,winter_wheat,3,KAS,0.4,16
170,2,winter_wheat,4,KAS,0.9,16
171,2,winter_wheat,1,PK,0.001,40
171,2,winter_wheat,2,KAS,0.25,32
171,2,winter_wheat,3,KAS,0.4,16
171,2,winter_wheat,4,KAS,0.9,16
172,2,winter_wheat,1,PK,0.001,40
172,2,winter_wheat,2,KAS,0.25,32
172,2,winter_wheat,3,KAS,0.4,16
172,2,winter_wheat,4,KAS,0.9,16
173,2,winter_wheat,1,PK,0.001,40
173,2,winter_wheat,2,KAS,0.25,32
173,2,winter_wheat,3,KAS,0.4,16
173,2,winter_wheat,4,KAS,0.9,16
174,2,winter_wheat,1,PK,0.001,40
174,2,winter_wheat,2,KAS,0.25,32
174,2,winter_wheat,3,KAS,0.4,16
174,2,winter_wheat,4,KAS,0.9,16
175,2,winter_wheat,1,PK,0.001,40
175,2,winter_wheat,2,KAS,0.25,32
175,2,winter_wheat,3,KAS,0.4,16
175,2,winter_wheat,4,KAS,0.9,16
176,2,winter_wheat,1,PK,0.001,40
176,2,winter_wheat,2,KAS,0.25,32
176,2,winter_wheat,3,KAS,0.4,16
176,2,winter_wheat,4,KAS,0.9,16
177,2,winter_wheat,1,PK,0.001,40
177,2,winter_wheat,2,KAS,0.25,32
177,2,winter_wheat,3,KAS,0.4,16
177,2,winter_wheat,4,KAS,0.9,16
178,2,winter_wheat,1,PK,0.001,40
178,2,winter_wheat,2,KAS,0.25,32
178,2,winter_wheat,3,KAS,0.4,16
178,2,winter_wheat,4,KAS,0.9,16
179,2,winter_wheat,1,PK,0.001,40
179,2,winter_wheat,2,KAS,0.25,32
179,2,winter_wheat,3,KAS,0.4,16
179,2,winter_wheat,4,KAS,0.9,16
180,2,winter_wheat,1,PK,0.001,40
180,2,winter_wheat,2,KAS,0.25,32
180,2,winter_wheat,3,KAS,0.4,16
180,2,winter_wheat,4,KAS,0.9,16
181,2,winter_wheat,1,PK,0.001,40
181,2,winter_wheat,2,KAS,0.25,32
181,2,winter_wheat,3,KAS,0.4,16
181,2,winter_wheat,4,KAS,0.9,16
182,2,winter_wheat,1,PK,0.001,40
182,2,winter_wheat,2,KAS,0.25,32
182,2,winter_wheat,3,KAS,0.4,16
182,2,winter_wheat,4,KAS,0.9,16
183,2,winter_wheat,1,PK,0.001,40
183,2,winter_wheat,2,KAS,0.25,32
183,2,winter_wheat,3,KAS,0.4,16
183,2,winter_wheat,4,KAS,0.9,16
184,2,winter_wheat,1,PK,0.001,40
184,2,winter_wheat,2,KAS,0.25,32
184,2,winter_wheat,3,KAS,0.4,16
184,2,winter_wheat,4,KAS,0.9,16
185,2,winter_wheat,1,PK,0.001,40
185,2,winter_wheat,2,KAS,0.25,32
185,2,winter_wheat,3,KAS,0.4,16
185,2,winter_wheat,4,KAS,0.9,16
186,2,winter_wheat,1,PK,0.001,40
186,2,winter_wheat,2,KAS,0.25,32
186,2,winter_wheat,3,KAS,0.4,16
186,2,winter_wheat,4,KAS,0.9,16
187,2,winter_wheat,1,PK,0.001,40
187,2,winter_wheat,2,KAS,0.25,32
187,2,winter_wheat,3,KAS,0.4,16
187,2,winter_wheat,4,KAS,0.9,16
188,2,winter_wheat,1,PK,0.001,40
188,2,winter_wheat,2,KAS,0.25,32
188,2,winter_wheat,3,KAS,0.4,16
188,2,winter_wheat,4,KAS,0.9,16
189,2,winter_wheat,1,PK,0.001,40
189,2,winter_wheat,2,KAS,0.25,32
189,2,winter_wheat,3,KAS,0.4,16
189,2,winter_wheat,4,KAS,0.9,16
190,2,winter_wheat,1,PK,0.001,40
190,2,winter_wheat,2,KAS,0.25,32
190,2,winter_wheat,3,KAS,0.4,16
190,2,winter_wheat,4,KAS,0.9,16
191,2,winter_wheat,1,PK,0.001,40
191,2,winter_wheat,2,KAS,0.25,32
191,2,winter_wheat,3,KAS,0.4,16
191,2,winter_wheat,4,KAS,0.9,16
192,2,winter_wheat,1,PK,0.001,40
192,2,winter_wheat,2,KAS,0.25,32
192,2,winter_wheat,3,KAS,0.4,16
192,2,winter_wheat,4,KAS,0.9,16
193,2,winter_wheat,1,PK,0.001,40
193,2,winter_wheat,2,KAS,0.25,32
193,2,winter_wheat,3,KAS,0.4,16
193,2,winter_wheat,4,KAS,0.9,16
194,2,winter_wheat,1,PK,0.001,40
194,2,winter_wheat,2,KAS,0.25,32
194,2,winter_wheat,3,KAS,0.4,16
194,2,winter_wheat,4,KAS,0.9,16
195,2,winter_wheat,1,PK,0.001,40
195,2,winter_wheat,2,KAS,0.25,32
195,2,winter_wheat,3,KAS,0.4,16
195,2,winter_wheat,4,KAS,0.9,16
196,2,winter_wheat,1,PK,0.001,40
196,2,winter_wheat,2,KAS,0.25,32
196,2,winter_wheat,3,KAS,0.4,16
196,2,winter_wheat,4,KAS,0.9,16
197,2,winter_wheat,1,PK,0.001,40
197,2,winter_wheat,2,KAS,0.25,32
197,2,winter_wheat,3,KAS,0.4,16
197,2,winter_wheat,4,KAS,0.9,16
198,2,winter_wheat,1,PK,0.001,40
198,2,winter_wheat,2,KAS,0.25,32
198,2,winter_wheat,3,KAS,0.4,16
198,2,winter_wheat,4,KAS,0.9,16
199,2,winter_wheat,1,PK,0.001,40
199,2,winter_wheat,2,KAS,0.25,32
199,2,winter_wheat,3,KAS,0.4,16
199,2,winter_wheat,4,KAS,0.9,16
200,2,winter_wheat,1,PK,0.001,40
200,2,winter_wheat,2,KAS,0.25,32
200,2,winter_wheat,3,KAS,0.4,16
200,2,winter_wheat,4,KAS,0.9,16
201,2,winter_wheat,1,PK,0.001,40
201,2,winter_wheat,2,KAS,0.25,32
201,2,winter_wheat,3,KAS,0.4,16
201,2,winter_wheat,4,KAS,0.9,16
202,2,winter_wheat,1,PK,0.001,40
202,2,winter_wheat,2,KAS,0.25,32
202,2,winter_wheat,3,KAS,0.4,16
202,2,winter_wheat,4,KAS,0.9,16
203,2,winter_wheat,1,PK,0.001,40
203,2,winter_wheat,2,KAS,0.25,32
203,2,winter_wheat,3,KAS,0.4,16
203,2,winter_wheat,4,KAS,0.9,16
204,2,winter_wheat,1,PK,0.001,40
204,2,winter_wheat,2,KAS,0.25,32
204,2,winter_wheat,3,KAS,0.4,16
204,2,winter_wheat,4,KAS,0.9,16
205,2,winter_wheat,1,PK,0.001,40
205,2,winter_wheat,2,KAS,0.25,32
205,2,winter_wheat,3,KAS,0.4,16
205,2,winter_wheat,4,KAS,0.9,16
206,2,winter_wheat,1,PK,0.001,40
206,2,winter_wheat,2,KAS,0.25,32
206,2,winter_wheat,3,KAS,0.4,16
206,2,winter_wheat,4,KAS,0.9,16
207,2,winter_wheat,1,PK,0.001,40
207,2,winter_wheat,2,KAS,0.25,32
207,2,winter_wheat,3,KAS,0.4,16
207,2,winter_wheat,4,KAS,0.9,16
208,2,winter_wheat,1,PK,0.001,40
208,2,winter_wheat,2,KAS,0.25,32
208,2,winter_wheat,3,KAS,0.4,16
208,2,winter_wheat,4,KAS,0.9,16
209,2,winter_wheat,1,PK,0.001,40
209,2,winter_wheat,2,KAS,0.25,32
209,2,winter_wheat,3,KAS,0.4,16
209,2,winter_wheat,4,KAS,0.9,16
210,2,winter_wheat,1,PK,0.001,40
210,2,winter_wheat,2,KAS,0.25,32
210,2,winter_wheat,3,KAS,0.4,16
210,2,winter_wheat,4,KAS,0.9,16
211,2,winter_wheat,1,PK,0.001,40
211,2,winter_wheat,2,KAS,0.25,32
211,2,winter_wheat,3,KAS,0.4,16
211,2,winter_wheat,4,KAS,0.9,16
212,2,winter_wheat,1,PK,0.001,40
212,2,winter_wheat,2,KAS,0.25,32
212,2,winter_wheat,3,KAS,0.4,16
212,2,winter_wheat,4,KAS,0.9,16
213,2,winter_wheat,1,PK,0.001,40
213,2,winter_wheat,2,KAS,0.25,32
213,2,winter_wheat,3,KAS,0.4,16
213,2,winter_wheat,4,KAS,0.9,16
214,2,winter_wheat,1,PK,0.001,40
214,2,winter_wheat,2,KAS,0.25,32
214,2,winter_wheat,3,KAS,0.4,16
214,2,winter_wheat,4,KAS,0.9,16
215,2,winter_wheat,1,PK,0.001,40
215,2,winter_wheat,2,KAS,0.25,32
215,2,winter_wheat,3,KAS,0.4,16
215,2,winter_wheat,4,KAS,0.9,16
216,2,winter_wheat,1,PK,0.001,40
216,2,winter_wheat,2,KAS,0.25,32
216,2,winter_wheat,3,KAS,0.4,16
216,2,winter_wheat,4,KAS,0.9,16
217,2,winter_wheat,1,PK,0.001,40
217,2,winter_wheat,2,KAS,0.25,32
217,2,winter_wheat,3,KAS,0.4,16
217,2,winter_wheat,4,KAS,0.9,16
218,2,winter_wheat,1,PK,0.001,40
218,2,winter_wheat,2,KAS,0.25,32
218,2,winter_wheat,3,KAS,0.4,16
218,2,winter_wheat,4,KAS,0.9,16
219,2,winter_wheat,1,PK,0.001,40
219,2,winter_wheat,2,KAS,0.25,32
219,2,winter_wheat,3,KAS,0.4,16
219,2,winter_wheat,4,KAS,0.9,16
220,2,winter_wheat,1,PK,0.001,40
220,2,winter_wheat,2,KAS,0.25,32
220,2,winter_wheat,3,KAS,0.4,16
220,2,winter_wheat,4,KAS,0.9,16
221,2,winter_wheat,1,PK,0.001,40
221,2,winter_wheat,2,KAS,0.25,32
221,2,winter_wheat,3,KAS,0.4,16
221,2,winter_wheat,4,KAS,0.9,16
222,2,winter_wheat,1,PK,0.001,40
222,2,winter_wheat,2,KAS,0.25,32
222,2,winter_wheat,3,KAS,0.4,16
222,2,winter_wheat,4,KAS,0.9,16
223,2,winter_wheat,1,PK,0.001,40
223,2,winter_wheat,2,KAS,0.25,32
223,2,winter_wheat,3,KAS,0.4,16
223,2,winter_wheat,4,KAS,0.9,16
224,2,winter_wheat,1,PK,0.001,40
224,2,winter_wheat,2,KAS,0.25,32
224,2,winter_wheat,3,KAS,0.4,16
224,2,winter_wheat,4,KAS,0.9,16
225,2,winter_wheat,1,PK,0.001,40
225,2,winter_wheat,2,KAS,0.25,32
225,2,winter_wheat,3,KAS,0.4,16
225,2,winter_wheat,4,KAS,0.9,16
226,2,winter_wheat,1,PK,0.001,40
226,2,winter_wheat,2,KAS,0.25,32
226,2,winter_wheat,3,KAS,0.4,16
226,2,winter_wheat,4,KAS,0.9,16
227,2,winter_wheat,1,PK,0.001,40
227,2,winter_wheat,2,KAS,0.25,32
227,2,winter_wheat,3,KAS,0.4,16
227,2,winter_wheat,4,KAS,0.9,16
228,2,winter_wheat,1,PK,0.001,40
228,2,winter_wheat,2,KAS,0.25,32
228,2,winter_wheat,3,KAS,0.4,16
228,2,winter_wheat,4,KAS,0.9,16
229,2,winter_wheat,1,PK,0.001,40
229,2,winter_wheat,2,KAS,0.25,32
229,2,winter_wheat,3,KAS,0.4,16
229,2,winter_wheat,4,KAS,0.9,16
230,2,winter_wheat,1,PK,0.001,40
230,2,winter_wheat,2,KAS,0.25,32
230,2,winter_wheat,3,KAS,0.4,16
230,2,winter_wheat,4,KAS,0.9,16
231,2,winter_wheat,1,PK,0.001,40
231,2,winter_wheat,2,KAS,0.25,32
231,2,winter_wheat,3,KAS,0.4,16
231,2,winter_wheat,4,KAS,0.9,16
232,2,winter_wheat,1,PK,0.001,40
232,2,winter_wheat,2,KAS,0.25,32
232,2,winter_wheat,3,KAS,0.4,16
232,2,winter_wheat,4,KAS,0.9,16
233,2,winter_wheat,1,PK,0.001,40
233,2,winter_wheat,2,KAS,0.25,32
233,2,winter_wheat,3,KAS,0.4,16
233,2,winter_wheat,4,KAS,0.9,16
234,2,winter_wheat,1,PK,0.001,40
234,2,winter_wheat,2,KAS,0.25,32
234,2,winter_wheat,3,KAS,0.4,16
234,2,winter_wheat,4,KAS,0.9,16
235,2,winter_wheat,1,PK,0.001,40
235,2,winter_wheat,2,KAS,0.25,32
235,2,winter_wheat,3,KAS,0.4,16
235,2,winter_wheat,4,KAS,0.9,16
237,2,winter_wheat,1,PK,0.001,40
237,2,winter_wheat,2,KAS,0.25,32
237,2,winter_wheat,3,KAS,0.4,16
237,2,winter_wheat,4,KAS,0.9,16
239,2,winter_wheat,1,PK,0.001,40
239,2,winter_wheat,2,KAS,0.25,32
239,2,winter_wheat,3,KAS,0.4,16
239,2,winter_wheat,4,KAS,0.9,16
240,2,winter_wheat,1,PK,0.001,40
240,2,winter_wheat,2,KAS,0.25,32
240,2,winter_wheat,3,KAS,0.4,16
240,2,winter_wheat,4,KAS,0.9,16
241,2,winter_wheat,1,PK,0.001,40
241,2,winter_wheat,2,KAS,0.25,32
241,2,winter_wheat,3,KAS,0.4,16
241,2,winter_wheat,4,KAS,0.9,16
242,2,winter_wheat,1,PK,0.001,40
242,2,winter_wheat,2,KAS,0.25,32
242,2,winter_wheat,3,KAS,0.4,16
242,2,winter_wheat,4,KAS,0.9,16
243,2,winter_wheat,1,PK,0.001,40
243,2,winter_wheat,2,KAS,0.25,32
243,2,winter_wheat,3,KAS,0.4,16
243,2,winter_wheat,4,KAS,0.9,16
244,2,winter_wheat,1,PK,0.001,40
244,2,winter_wheat,2,KAS,0.25,32
244,2,winter_wheat,3,KAS,0.4,16
244,2,winter_wheat,4,KAS,0.9,16
245,2,winter_wheat,1,PK,0.001,40
245,2,winter_wheat,2,KAS,0.25,32
245,2,winter_wheat,3,KAS,0.4,16
245,2,winter_wheat,4,KAS,0.9,16
246,2,winter_wheat,1,PK,0.001,40
246,2,winter_wheat,2,KAS,0.25,32
246,2,winter_wheat,3,KAS,0.4,16
246,2,winter_wheat,4,KAS,0.9,16
247,2,winter_wheat,1,PK,0.001,40
247,2,winter_wheat,2,KAS,0.25,32
247,2,winter_wheat,3,KAS,0.4,16
247,2,winter_wheat,4,KAS,0.9,16
248,2,winter_wheat,1,PK,0.001,40
248,2,winter_wheat,2,KAS,0.25,32
248,2,winter_wheat,3,KAS,0.4,16
248,2,winter_wheat,4,KAS,0.9,16
249,2,winter_wheat,1,PK,0.001,40
249,2,winter_wheat,2,KAS,0.25,32
249,2,winter_wheat,3,KAS,0.4,16
249,2,winter_wheat,4,KAS,0.9,16
250,2,winter_wheat,1,PK,0.001,40
250,2,winter_wheat,2,KAS,0.25,32
250,2,winter_wheat,3,KAS,0.4,16
250,2,winter_wheat,4,KAS,0.9,16
251,2,winter_wheat,1,PK,0.001,40
251,2,winter_wheat,2,KAS,0.25,32
251,2,winter_wheat,3,KAS,0.4,16
251,2,winter_wheat,4,KAS,0.9,16
252,2,winter_wheat,1,PK,0.001,40
252,2,winter_wheat,2,KAS,0.25,32
252,2,winter_wheat,3,KAS,0.4,16
252,2,winter_wheat,4,KAS,0.9,16
253,2,winter_wheat,1,PK,0.001,40
253,2,winter_wheat,2,KAS,0.25,32
253,2,winter_wheat,3,KAS,0.4,16
253,2,winter_wheat,4,KAS,0.9,16
254,2,winter_wheat,1,PK,0.001,40
254,2,winter_wheat,2,KAS,0.25,32
254,2,winter_wheat,3,KAS,0.4,16
254,2,winter_wheat,4,KAS,0.9,16
255,2,winter_wheat,1,PK,0.001,40
255,2,winter_wheat,2,KAS,0.25,32
255,2,winter_wheat,3,KAS,0.4,16
255,2,winter_wheat,4,KAS,0.9,16
256,2,winter_wheat,1,PK,0.001,40
256,2,winter_wheat,2,KAS,0.25,32
256,2,winter_wheat,3,KAS,0.4,16
256,2,winter_wheat,4,KAS,0.9,16
257,2,winter_wheat,1,PK,0.001,40
257,2,winter_wheat,2,KAS,0.25,32
257,2,winter_wheat,3,KAS,0.4,16
257,2,winter_wheat,4,KAS,0.9,16
258,2,winter_wheat,1,PK,0.001,40
258,2,winter_wheat,2,KAS,0.25,32
258,2,winter_wheat,3,KAS,0.4,16
258,2,winter_wheat,4,KAS,0.9,16
259,2,winter_wheat,1,PK,0.001,40
259,2,winter_wheat,2,KAS,0.25,32
259,2,winter_wheat,3,KAS,0.4,16
259,2,winter_wheat,4,KAS,0.9,16
260,2,winter_wheat,1,PK,0.001,40
260,2,winter_wheat,2,KAS,0.25,32
260,2,winter_wheat,3,KAS,0.4,16
260,2,winter_wheat,4,KAS,0.9,16
261,2,winter_wheat,1,PK,0.001,40
261,2,winter_wheat,2,KAS,0.25,32
261,2,winter_wheat,3,KAS,0.4,16
261,2,winter_wheat,4,KAS,0.9,16
262,2,winter_wheat,1,PK,0.001,40
262,2,winter_wheat,2,KAS,0.25,32
262,2,winter_wheat,3,KAS,0.4,16
262,2,winter_wheat,4,KAS,0.9,16
263,2,winter_wheat,1,PK,0.001,40
263,2,winter_wheat,2,KAS,0.25,32
263,2,winter_wheat,3,KAS,0.4,16
263,2,winter_wheat,4,KAS,0.9,16
264,2,winter_wheat,1,PK,0.001,40
264,2,winter_wheat,2,KAS,0.25,32
264,2,winter_wheat,3,KAS,0.4,16
264,2,winter_wheat,4,KAS,0.9,16
265,2,winter_wheat,1,PK,0.001,40
265,2,winter_wheat,2,KAS,0.25,32
265,2,winter_wheat,3,KAS,0.4,16
265,2,winter_wheat,4,KAS,0.9,16
266,2,winter_wheat,1,PK,0.001,40
266,2,winter_wheat,2,KAS,0.25,32
266,2,winter_wheat,3,KAS,0.4,16
266,2,winter_wheat,4,KAS,0.9,16
267,2,winter_wheat,1,PK,0.001,40
267,2,winter_wheat,2,KAS,0.25,32
267,2,winter_wheat,3,KAS,0.4,16
267,2,winter_wheat,4,KAS,0.9,16
268,2,winter_wheat,1,PK,0.001,40
268,2,winter_wheat,2,KAS,0.25,32
268,2,winter_wheat,3,KAS,0.4,16
268,2,winter_wheat,4,KAS,0.9,16
269,2,winter_wheat,1,PK,0.001,40
269,2,winter_wheat,2,KAS,0.25,32
269,2,winter_wheat,3,KAS,0.4,16
269,2,winter_wheat,4,KAS,0.9,16
270,2,winter_wheat,1,PK,0.001,40
270,2,winter_wheat,2,KAS,0.25,32
270,2,winter_wheat,3,KAS,0.4,16
270,2,winter_wheat,4,KAS,0.9,16
271,2,winter_wheat,1,PK,0.001,40
271,2,winter_wheat,2,KAS,0.25,32
271,2,winter_wheat,3,KAS,0.4,16
271,2,winter_wheat,4,KAS,0.9,16
272,2,winter_wheat,1,PK,0.001,40
272,2,winter_wheat,2,KAS,0.25,32
272,2,winter_wheat,3,KAS,0.4,16
272,2,winter_wheat,4,KAS,0.9,16
273,2,winter_wheat,1,PK,0.001,40
273,2,winter_wheat,2,KAS,0.25,32
273,2,winter_wheat,3,KAS,0.4,16
273,2,winter_wheat,4,KAS,0.9,16
274,2,winter_wheat,1,PK,0.001,40
274,2,winter_wheat,2,KAS,0.25,32
274,2,winter_wheat,3,KAS,0.4,16
274,2,winter_wheat,4,KAS,0.9,16
275,2,winter_wheat,1,PK,0.001,40
275,2,winter_wheat,2,KAS,0.25,32
275,2,winter_wheat,3,KAS,0.4,16
275,2,winter_wheat,4,KAS,0.9,16
276,2,winter_wheat,1,PK,0.001,40
276,2,winter_wheat,2,KAS,0.25,32
276,2,winter_wheat,3,KAS,0.4,16
276,2,winter_wheat,4,KAS,0.9,16
277,2,winter_wheat,1,PK,0.001,40
277,2,winter_wheat,2,KAS,0.25,32
277,2,winter_wheat,3,KAS,0.4,16
277,2,winter_wheat,4,KAS,0.9,16
278,2,winter_wheat,1,PK,0.001,40
278,2,winter_wheat,2,KAS,0.25,32
278,2,winter_wheat,3,KAS,0.4,16
278,2,winter_wheat,4,KAS,0.9,16
279,2,winter_wheat,1,PK,0.001,40
279,2,winter_wheat,2,KAS,0.25,32
279,2,winter_wheat,3,KAS,0.4,16
279,2,winter_wheat,4,KAS,0.9,16
281,2,winter_wheat,1,PK,0.001,40
281,2,winter_wheat,2,KAS,0.25,32
281,2,winter_wheat,3,KAS,0.4,16
281,2,winter_wheat,4,KAS,0.9,16
282,2,winter_wheat,1,PK,0.001,40
282,2,winter_wheat,2,KAS,0.25,32
282,2,winter_wheat,3,KAS,0.4,16
282,2,winter_wheat,4,KAS,0.9,16
283,2,winter_wheat,1,PK,0.001,40
283,2,winter_wheat,2,KAS,0.25,32
283,2,winter_wheat,3,KAS,0.4,16
283,2,winter_wheat,4,KAS,0.9,16
284,2,winter_wheat,1,PK,0.001,40
284,2,winter_wheat,2,KAS,0.25,32
284,2,winter_wheat,3,KAS,0.4,16
284,2,winter_wheat,4,KAS,0.9,16
285,2,winter_wheat,1,PK,0.001,40
285,2,winter_wheat,2,KAS,0.25,32
285,2,winter_wheat,3,KAS,0.4,16
285,2,winter_wheat,4,KAS,0.9,16
286,2,winter_wheat,1,PK,0.001,40
286,2,winter_wheat,2,KAS,0.25,32
286,2,winter_wheat,3,KAS,0.4,16
286,2,winter_wheat,4,KAS,0.9,16
287,2,winter_wheat,1,PK,0.001,40
287,2,winter_wheat,2,KAS,0.25,32
287,2,winter_wheat,3,KAS,0.4,16
287,2,winter_wheat,4,KAS,0.9,16
288,2,winter_wheat,1,PK,0.001,40
288,2,winter_wheat,2,KAS,0.25,32
288,2,winter_wheat,3,KAS,0.4,16
288,2,winter_wheat,4,KAS,0.9,16
289,2,winter_wheat,1,PK,0.001,40
289,2,winter_wheat,2,KAS,0.25,32
289,2,winter_wheat,3,KAS,0.4,16
289,2,winter_wheat,4,KAS,0.9,16
290,2,winter_wheat,1,PK,0.001,40
290,2,winter_wheat,2,KAS,0.25,32
290,2,winter_wheat,3,KAS,0.4,16
290,2,winter_wheat,4,KAS,0.9,16
291,2,winter_wheat,1,PK,0.001,40
291,2,winter_wheat,2,KAS,0.25,32
291,2,winter_wheat,3,KAS,0.4,16
291,2,winter_wheat,4,KAS,0.9,16
292,2,winter_wheat,1,PK,0.001,40
292,2,winter_wheat,2,KAS,0.25,32
292,2,winter_wheat,3,KAS,0.4,16
292,2,winter_wheat,4,KAS,0.9,16
293,2,winter_wheat,1,PK,0.001,40
293,2,winter_wheat,2,KAS,0.25,32
293,2,winter_wheat,3,KAS,0.4,16
293,2,winter_wheat,4,KAS,0.9,16
294,2,winter_wheat,1,PK,0.001,40
294,2,winter_wheat,2,KAS,0.25,32
294,2,winter_wheat,3,KAS,0.4,16
294,2,winter_wheat,4,KAS,0.9,16
1750,2,winter_wheat,1,PK,0.001,40
1750,2,winter_wheat,2,KAS,0.25,32
1750,2,winter_wheat,3,KAS,0.4,16
1750,2,winter_wheat,4,KAS,0.9,16
1751,2,winter_wheat,1,PK,0.001,40
1751,2,winter_wheat,2,KAS,0.25,32
1751,2,winter_wheat,3,KAS,0.4,16
1751,2,winter_wheat,4,KAS,0.9,16
1752,2,winter_wheat,1,PK,0.001,40
1752,2,winter_wheat,2,KAS,0.25,32
1752,2,winter_wheat,3,KAS,0.4,16
1752,2,winter_wheat,4,KAS,0.9,16
1753,2,winter_wheat,1,PK,0.001,40
1753,2,winter_wheat,2,KAS,0.25,32
1753,2,winter_wheat,3,KAS,0.4,16
1753,2,winter_wheat,4,KAS,0.9,16
1754,2,winter_wheat,1,PK,0.001,40
1754,2,winter_wheat,2,KAS,0.25,32
1754,2,winter_wheat,3,KAS,0.4,16
1754,2,winter_wheat,4,KAS,0.9,16
1755,2,winter_wheat,1,PK,0.001,40
1755,2,winter_wheat,2,KAS,0.25,32
1755,2,winter_wheat,3,KAS,0.4,16
1755,2,winter_wheat,4,KAS,0.9,16
1756,2,winter_wheat,1,PK,0.001,40
1756,2,winter_wheat,2,KAS,0.25,32
1756,2,winter_wheat,3,KAS,0.4,16
1756,2,winter_wheat,4,KAS,0.9,16
1757,2,winter_wheat,1,PK,0.001,40
1757,2,winter_wheat,2,KAS,0.25,32
1757,2,winter_wheat,3,KAS,0.4,16
1757,2,winter_wheat,4,KAS,0.9,16
1758,2,winter_wheat,1,PK,0.001,40
1758,2,winter_wheat,2,KAS,0.25,32
1758,2,winter_wheat,3,KAS,0.4,16
1758,2,winter_wheat,4,KAS,0.9,16
1759,2,winter_wheat,1,PK,0.001,40
1759,2,winter_wheat,2,KAS,0.25,32
1759,2,winter_wheat,3,KAS,0.4,16
1759,2,winter_wheat,4,KAS,0.9,16
1760,2,winter_wheat,1,PK,0.001,40
1760,2,winter_wheat,2,KAS,0.25,32
1760,2,winter_wheat,3,KAS,0.4,16
1760,2,winter_wheat,4,KAS,0.9,16
1761,2,winter_wheat,1,PK,0.001,40
1761,2,winter_wheat,2,KAS,0.25,32
1761,2,winter_wheat,3,KAS,0.4,16
1761,2,winter_wheat,4,KAS,0.9,16
1762,2,winter_wheat,1,PK,0.001,40
1762,2,winter_wheat,2,KAS,0.25,32
1762,2,winter_wheat,3,KAS,0.4,16
1762,2,winter_wheat,4,KAS,0.9,16
1763,2,winter_wheat,1,PK,0.001,40
1763,2,winter_wheat,2,KAS,0.25,32
1763,2,winter_wheat,3,KAS,0.4,16
1763,2,winter_wheat,4,KAS,0.9,16
1764,2,winter_wheat,1,PK,0.001,40
1764,2,winter_wheat,2,KAS,0.25,32
1764,2,winter_wheat,3,KAS,0.4,16
1764,2,winter_wheat,4,KAS,0.9,16
1765,2,winter_wheat,1,PK,0.001,40
1765,2,winter_wheat,2,KAS,0.25,32
1765,2,winter_wheat,3,KAS,0.4,16
1765,2,winter_wheat,4,KAS,0.9,16
1766,2,winter_wheat,1,PK,0.001,40
1766,2,winter_wheat,2,KAS,0.25,32
1766,2,winter_wheat,3,KAS,0.4,16
1766,2,winter_wheat,4,KAS,0.9,16
1767,2,winter_wheat,1,PK,0.001,40
1767,2,winter_wheat,2,KAS,0.25,32
1767,2,winter_wheat,3,KAS,0.4,16
1767,2,winter_wheat,4,KAS,0.9,16
1768,2,winter_wheat,1,PK,0.001,40
1768,2,winter_wheat,2,KAS,0.25,32
1768,2,winter_wheat,3,KAS,0.4,16
1768,2,winter_wheat,4,KAS,0.9,16
1769,2,winter_wheat,1,PK,0.001,40
1769,2,winter_wheat,2,KAS,0.25,32
1769,2,winter_wheat,3,KAS,0.4,16
1769,2,winter_wheat,4,KAS,0.9,16
1770,2,winter_wheat,1,PK,0.001,40
1770,2,winter_wheat,2,KAS,0.25,32
1770,2,winter_wheat,3,KAS,0.4,16
1770,2,winter_wheat,4,KAS,0.9,16
1771,2,winter_wheat,1,PK,0.001,40
1771,2,winter_wheat,2,KAS,0.25,32
1771,2,winter_wheat,3,KAS,0.4,16
1771,2,winter_wheat,4,KAS,0.9,16
1772,2,winter_wheat,1,PK,0.001,40
1772,2,winter_wheat,2,KAS,0.25,32
1772,2,winter_wheat,3,KAS,0.4,16
1772,2,winter_wheat,4,KAS,0.9,16
1773,2,winter_wheat,1,PK,0.001,40
1773,2,winter_wheat,2,KAS,0.25,32
1773,2,winter_wheat,3,KAS,0.4,16
1773,2,winter_wheat,4,KAS,0.9,16
1774,2,winter_wheat,1,PK,0.001,40
1774,2,winter_wheat,2,KAS,0.25,32
1774,2,winter_wheat,3,KAS,0.4,16
1774,2,winter_wheat,4,KAS,0.9,16
1775,2,winter_wheat,1,PK,0.001,40
1775,2,winter_wheat,2,KAS,0.25,32
1775,2,winter_wheat,3,KAS,0.4,16
1775,2,winter_wheat,4,KAS,0.9,16
1776,2,winter_wheat,1,PK,0.001,40
1776,2,winter_wheat,2,KAS,0.25,32
1776,2,winter_wheat,3,KAS,0.4,16
1776,2,winter_wheat,4,KAS,0.9,16
1777,2,winter_wheat,1,PK,0.001,40
1777,2,winter_wheat,2,KAS,0.25,32
1777,2,winter_wheat,3,KAS,0.4,16
1777,2,winter_wheat,4,KAS,0.9,16
1778,2,winter_wheat,1,PK,0.001,40
1778,2,winter_wheat,2,KAS,0.25,32
1778,2,winter_wheat,3,KAS,0.4,16
1778,2,winter_wheat,4,KAS,0.9,16
1779,2,winter_wheat,1,PK,0.001,40
1779,2,winter_wheat,2,KAS,0.25,32
1779,2,winter_wheat,3,KAS,0.4,16
1779,2,winter_wheat,4,KAS,0.9,16
1780,2,winter_wheat,1,PK,0.001,40
1780,2,winter_wheat,2,KAS,0.25,32
1780,2,winter_wheat,3,KAS,0.4,16
1780,2,winter_wheat,4,KAS,0.9,16
1781,2,winter_wheat,1,PK,0.001,40
1781,2,winter_wheat,2,KAS,0.25,32
1781,2,winter_wheat,3,KAS,0.4,16
1781,2,winter_wheat,4,KAS,0.9,16
1782,2,winter_wheat,1,PK,0.001,40
1782,2,winter_wheat,2,KAS,0.25,32
1782,2,winter_wheat,3,KAS,0.4,16
1782,2,winter_wheat,4,KAS,0.9,16
1783,2,winter_wheat,1,PK,0.001,40
1783,2,winter_wheat,2,KAS,0.25,32
1783,2,winter_wheat,3,KAS,0.4,16
1783,2,winter_wheat,4,KAS,0.9,16
1784,2,winter_wheat,1,PK,0.001,40
1784,2,winter_wheat,2,KAS,0.25,32
1784,2,winter_wheat,3,KAS,0.4,16
1784,2,winter_wheat,4,KAS,0.9,16
1785,2,winter_wheat,1,PK,0.001,40
1785,2,winter_wheat,2,KAS,0.25,32
1785,2,winter_wheat,3,KAS,0.4,16
1785,2,winter_wheat,4,KAS,0.9,16
1786,2,winter_wheat,1,PK,0.001,40
1786,2,winter_wheat,2,KAS,0.25,32
1786,2,winter_wheat,3,KAS,0.4,16
1786,2,winter_wheat,4,KAS,0.9,16
1787,2,winter_wheat,1,PK,0.001,40
1787,2,winter_wheat,2,KAS,0.25,32
1787,2,winter_wheat,3,KAS,0.4,16
1787,2,winter_wheat,4,KAS,0.9,16
1788,2,winter_wheat,1,PK,0.001,40
1788,2,winter_wheat,2,KAS,0.25,32
1788,2,winter_wheat,3,KAS,0.4,16
1788,2,winter_wheat,4,KAS,0.9,16
1789,2,winter_wheat,1,PK,0.001,40
1789,2,winter_wheat,2,KAS,0.25,32
1789,2,winter_wheat,3,KAS,0.4,16
1789,2,winter_wheat,4,KAS,0.9,16
1790,2,winter_wheat,1,PK,0.001,40
1790,2,winter_wheat,2,KAS,0.25,32
1790,2,winter_wheat,3,KAS,0.4,16
1790,2,winter_wheat,4,KAS,0.9,16
1791,2,winter_wheat,1,PK,0.001,40
1791,2,winter_wheat,2,KAS,0.25,32
1791,2,winter_wheat,3,KAS,0.4,16
1791,2,winter_wheat,4,KAS,0.9,16
1792,2,winter_wheat,1,PK,0.001,40
1792,2,winter_wheat,2,KAS,0.25,32
1792,2,winter_wheat,3,KAS,0.4,16
1792,2,winter_wheat,4,KAS,0.9,16
1793,2,winter_wheat,1,PK,0.001,40
1793,2,winter_wheat,2,KAS,0.25,32
1793,2,winter_wheat,3,KAS,0.4,16
1793,2,winter_wheat,4,KAS,0.9,16
1794,2,winter_wheat,1,PK,0.001,40
1794,2,winter_wheat,2,KAS,0.25,32
1794,2,winter_wheat,3,KAS,0.4,16
1794,2,winter_wheat,4,KAS,0.9,16
1795,2,winter_wheat,1,PK,0.001,40
1795,2,winter_wheat,2,KAS,0.25,32
1795,2,winter_wheat,3,KAS,0.4,16
1795,2,winter_wheat,4,KAS,0.9,16
1796,2,winter_wheat,1,PK,0.001,40
1796,2,winter_wheat,2,KAS,0.25,32
1796,2,winter_wheat,3,KAS,0.4,16
1796,2,winter_wheat,4,KAS,0.9,16
1797,2,winter_wheat,1,PK,0.001,40
1797,2,winter_wheat,2,KAS,0.25,32
1797,2,winter_wheat,3,KAS,0.4,16
1797,2,winter_wheat,4,KAS,0.9,16
1798,2,winter_wheat,1,PK,0.001,40
1798,2,winter_wheat,2,KAS,0.25,32
1798,2,winter_wheat,3,KAS,0.4,16
1798,2,winter_wheat,4,KAS,0.9,16
1799,2,winter_wheat,1,PK,0.001,40
1799,2,winter_wheat,2,KAS,0.25,32
1799,2,winter_wheat,3,KAS,0.4,16
1799,2,winter_wheat,4,KAS,0.9,16
1800,2,winter_wheat,1,PK,0.001,40
1800,2,winter_wheat,2,KAS,0.25,32
1800,2,winter_wheat,3,KAS,0.4,16
1800,2,winter_wheat,4,KAS,0.9,16
1801,2,winter_wheat,1,PK,0.001,40
1801,2,winter_wheat,2,KAS,0.25,32
1801,2,winter_wheat,3,KAS,0.4,16
1801,2,winter_wheat,4,KAS,0.9,16
1802,2,winter_wheat,1,PK,0.001,40
1802,2,winter_wheat,2,KAS,0.25,32
1802,2,winter_wheat,3,KAS,0.4,16
1802,2,winter_wheat,4,KAS,0.9,16
1803,2,winter_wheat,1,PK,0.001,40
1803,2,winter_wheat,2,KAS,0.25,32
1803,2,winter_wheat,3,KAS,0.4,16
1803,2,winter_wheat,4,KAS,0.9,16
1804,2,winter_wheat,1,PK,0.001,40
1804,2,winter_wheat,2,KAS,0.25,32
1804,2,winter_wheat,3,KAS,0.4,16
1804,2,winter_wheat,4,KAS,0.9,16
1805,2,winter_wheat,1,PK,0.001,40
1805,2,winter_wheat,2,KAS,0.25,32
1805,2,winter_wheat,3,KAS,0.4,16
1805,2,winter_wheat,4,KAS,0.9,16
1806,2,winter_wheat,1,PK,0.001,40
1806,2,winter_wheat,2,KAS,0.25,32
1806,2,winter_wheat,3,KAS,0.4,16
1806,2,winter_wheat,4,KAS,0.9,16
1807,2,winter_wheat,1,PK,0.001,40
1807,2,winter_wheat,2,KAS,0.25,32
1807,2,winter_wheat,3,KAS,0.4,16
1807,2,winter_wheat,4,KAS,0.9,16
1808,2,winter_wheat,1,PK,0.001,40
1808,2,winter_wheat,2,KAS,0.25,32
1808,2,winter_wheat,3,KAS,0.4,16
1808,2,winter_wheat,4,KAS,0.9,16
1809,2,winter_wheat,1,PK,0.001,40
1809,2,winter_wheat,2,KAS,0.25,32
1809,2,winter_wheat,3,KAS,0.4,16
1809,2,winter_wheat,4,KAS,0.9,16
1810,2,winter_wheat,1,PK,0.001,40
1810,2,winter_wheat,2,KAS,0.25,32
1810,2,winter_wheat,3,KAS,0.4,16
1810,2,winter_wheat,4,KAS,0.9,16
1811,2,winter_wheat,1,PK,0.001,40
1811,2,winter_wheat,2,KAS,0.25,32
1811,2,winter_wheat,3,KAS,0.4,16
1811,2,winter_wheat,4,KAS,0.9,16
1812,2,winter_wheat,1,PK,0.001,40
1812,2,winter_wheat,2,KAS,0.25,32
1812,2,winter_wheat,3,KAS,0.4,16
1812,2,winter_wheat,4,KAS,0.9,16
1813,2,winter_wheat,1,PK,0.001,40
1813,2,winter_wheat,2,KAS,0.25,32
1813,2,winter_wheat,3,KAS,0.4,16
1813,2,winter_wheat,4,KAS,0.9,16
1814,2,winter_wheat,1,PK,0.001,40
1814,2,winter_wheat,2,KAS,0.25,32
1814,2,winter_wheat,3,KAS,0.4,16
1814,2,winter_wheat,4,KAS,0.9,16
1815,2,winter_wheat,1,PK,0.001,40
1815,2,winter_wheat,2,KAS,0.25,32
1815,2,winter_wheat,3,KAS,0.4,16
1815,2,winter_wheat,4,KAS,0.9,16
1816,2,winter_wheat,1,PK,0.001,40
1816,2,winter_wheat,2,KAS,0.25,32
1816,2,winter_wheat,3,KAS,0.4,16
1816,2,winter_wheat,4,KAS,0.9,16
1817,2,winter_wheat,1,PK,0.001,40
1817,2,winter_wheat,2,KAS,0.25,32
1817,2,winter_wheat,3,KAS,0.4,16
1817,2,winter_wheat,4,KAS,0.9,16
1818,2,winter_wheat,1,PK,0.001,40
1818,2,winter_wheat,2,KAS,0.25,32
1818,2,winter_wheat,3,KAS,0.4,16
1818,2,winter_wheat,4,KAS,0.9,16
1819,2,winter_wheat,1,PK,0.001,40
1819,2,winter_wheat,2,KAS,0.25,32
1819,2,winter_wheat,3,KAS,0.4,16
1819,2,winter_wheat,4,KAS,0.9,16
1820,2,winter_wheat,1,PK,0.001,40
1820,2,winter_wheat,2,KAS,0.25,32
1820,2,winter_wheat,3,KAS,0.4,16
1820,2,winter_wheat,4,KAS,0.9,16
1821,2,winter_wheat,1,PK,0.001,40
1821,2,winter_wheat,2,KAS,0.25,32
1821,2,winter_wheat,3,KAS,0.4,16
1821,2,winter_wheat,4,KAS,0.9,16
1822,2,winter_wheat,1,PK,0.001,40
1822,2,winter_wheat,2,KAS,0.25,32
1822,2,winter_wheat,3,KAS,0.4,16
1822,2,winter_wheat,4,KAS,0.9,16
1823,2,winter_wheat,1,PK,0.001,40
1823,2,winter_wheat,2,KAS,0.25,32
1823,2,winter_wheat,3,KAS,0.4,16
1823,2,winter_wheat,4,KAS,0.9,16
1824,2,winter_wheat,1,PK,0.001,40
1824,2,winter_wheat,2,KAS,0.25,32
1824,2,winter_wheat,3,KAS,0.4,16
1824,2,winter_wheat,4,KAS,0.9,16
1825,2,winter_wheat,1,PK,0.001,40
1825,2,winter_wheat,2,KAS,0.25,32
1825,2,winter_wheat,3,KAS,0.4,16
1825,2,winter_wheat,4,KAS,0.9,16
1826,2,winter_wheat,1,PK,0.001,40
1826,2,winter_wheat,2,KAS,0.25,32
1826,2,winter_wheat,3,KAS,0.4,16
1826,2,winter_wheat,4,KAS,0.9,16
1827,2,winter_wheat,1,PK,0.001,40
1827,2,winter_wheat,2,KAS,0.25,32
1827,2,winter_wheat,3,KAS,0.4,16
1827,2,winter_wheat,4,KAS,0.9,16
1828,2,winter_wheat,1,PK,0.001,40
1828,2,winter_wheat,2,KAS,0.25,32
1828,2,winter_wheat,3,KAS,0.4,16
1828,2,winter_wheat,4,KAS,0.9,16
1829,2,winter_wheat,1,PK,0.001,40
1829,2,winter_wheat,2,KAS,0.25,32
1829,2,winter_wheat,3,KAS,0.4,16
1829,2,winter_wheat,4,KAS,0.9,16
1830,2,winter_wheat,1,PK,0.001,40
1830,2,winter_wheat,2,KAS,0.25,32
1830,2,winter_wheat,3,KAS,0.4,16
1830,2,winter_wheat,4,KAS,0.9,16
1831,2,winter_wheat,1,PK,0.001,40
1831,2,winter_wheat,2,KAS,0.25,32
1831,2,winter_wheat,3,KAS,0.4,16
1831,2,winter_wheat,4,KAS,0.9,16
1832,2,winter_wheat,1,PK,0.001,40
1832,2,winter_wheat,2,KAS,0.25,32
1832,2,winter_wheat,3,KAS,0.4,16
1832,2,winter_wheat,4,KAS,0.9,16
1833,2,winter_wheat,1,PK,0.001,40
1833,2,winter_wheat,2,KAS,0.25,32
1833,2,winter_wheat,3,KAS,0.4,16
1833,2,winter_wheat,4,KAS,0.9,16
1834,2,winter_wheat,1,PK,0.001,40
1834,2,winter_wheat,2,KAS,0.25,32
1834,2,winter_wheat,3,KAS,0.4,16
1834,2,winter_wheat,4,KAS,0.9,16
1835,2,winter_wheat,1,PK,0.001,40
1835,2,winter_wheat,2,KAS,0.25,32
1835,2,winter_wheat,3,KAS,0.4,16
1835,2,winter_wheat,4,KAS,0.9,16
1836,2,winter_wheat,1,PK,0.001,40
1836,2,winter_wheat,2,KAS,0.25,32
1836,2,winter_wheat,3,KAS,0.4,16
1836,2,winter_wheat,4,KAS,0.9,16
1837,2,winter_wheat,1,PK,0.001,40
1837,2,winter_wheat,2,KAS,0.25,32
1837,2,winter_wheat,3,KAS,0.4,16
1837,2,winter_wheat,4,KAS,0.9,16
1838,2,winter_wheat,1,PK,0.001,40
1838,2,winter_wheat,2,KAS,0.25,32
1838,2,winter_wheat,3,KAS,0.4,16
1838,2,winter_wheat,4,KAS,0.9,16
1839,2,winter_wheat,1,PK,0.001,40
1839,2,winter_wheat,2,KAS,0.25,32
1839,2,winter_wheat,3,KAS,0.4,16
1839,2,winter_wheat,4,KAS,0.9,16
1840,2,winter_wheat,1,PK,0.001,40
1840,2,winter_wheat,2,KAS,0.25,32
1840,2,winter_wheat,3,KAS,0.4,16
1840,2,winter_wheat,4,KAS,0.9,16
1841,2,winter_wheat,1,PK,0.001,40
1841,2,winter_wheat,2,KAS,0.25,32
1841,2,winter_wheat,3,KAS,0.4,16
1841,2,winter_wheat,4,KAS,0.9,16
1842,2,winter_wheat,1,PK,0.001,40
1842,2,winter_wheat,2,KAS,0.25,32
1842,2,winter_wheat,3,KAS,0.4,16
1842,2,winter_wheat,4,KAS,0.9,16
1843,2,winter_wheat,1,PK,0.001,40
1843,2,winter_wheat,2,KAS,0.25,32
1843,2,winter_wheat,3,KAS,0.4,16
1843,2,winter_wheat,4,KAS,0.9,16
1844,2,winter_wheat,1,PK,0.001,40
1844,2,winter_wheat,2,KAS,0.25,32
1844,2,winter_wheat,3,KAS,0.4,16
1844,2,winter_wheat,4,KAS,0.9,16
1845,2,winter_wheat,1,PK,0.001,40
1845,2,winter_wheat,2,KAS,0.25,32
1845,2,winter_wheat,3,KAS,0.4,16
1845,2,winter_wheat,4,KAS,0.9,16
1846,2,winter_wheat,1,PK,0.001,40
1846,2,winter_wheat,2,KAS,0.25,32
1846,2,winter_wheat,3,KAS,0.4,16
1846,2,winter_wheat,4,KAS,0.9,16
1847,2,winter_wheat,1,PK,0.001,40
1847,2,winter_wheat,2,KAS,0.25,32
1847,2,winter_wheat,3,KAS,0.4,16
1847,2,winter_wheat,4,KAS,0.9,16
1848,2,winter_wheat,1,PK,0.001,40
1848,2,winter_wheat,2,KAS,0.25,32
1848,2,winter_wheat,3,KAS,0.4,16
1848,2,winter_wheat,4,KAS,0.9,16
1849,2,winter_wheat,1,PK,0.001,40
1849,2,winter_wheat,2,KAS,0.25,32
1849,2,winter_wheat,3,KAS,0.4,16
1849,2,winter_wheat,4,KAS,0.9,16
1850,2,winter_wheat,1,PK,0.001,40
1850,2,winter_wheat,2,KAS,0.25,32
1850,2,winter_wheat,3,KAS,0.4,16
1850,2,winter_wheat,4,KAS,0.9,16
1851,2,winter_wheat,1,PK,0.001,40
1851,2,winter_wheat,2,KAS,0.25,32
1851,2,winter_wheat,3,KAS,0.4,16
1851,2,winter_wheat,4,KAS,0.9,16
1852,2,winter_wheat,1,PK,0.001,40
1852,2,winter_wheat,2,KAS,0.25,32
1852,2,winter_wheat,3,KAS,0.4,16
1852,2,winter_wheat,4,KAS,0.9,16
1853,2,winter_wheat,1,PK,0.001,40
1853,2,winter_wheat,2,KAS,0.25,32
1853,2,winter_wheat,3,KAS,0.4,16
1853,2,winter_wheat,4,KAS,0.9,16
1854,2,winter_wheat,1,PK,0.001,40
1854,2,winter_wheat,2,KAS,0.25,32
1854,2,winter_wheat,3,KAS,0.4,16
1854,2,winter_wheat,4,KAS,0.9,16
1855,2,winter_wheat,1,PK,0.001,40
1855,2,winter_wheat,2,KAS,0.25,32
1855,2,winter_wheat,3,KAS,0.4,16
1855,2,winter_wheat,4,KAS,0.9,16
1856,2,winter_wheat,1,PK,0.001,40
1856,2,winter_wheat,2,KAS,0.25,32
1856,2,winter_wheat,3,KAS,0.4,16
1856,2,winter_wheat,4,KAS,0.9,16
1857,2,winter_wheat,1,PK,0.001,40
1857,2,winter_wheat,2,KAS,0.25,32
1857,2,winter_wheat,3,KAS,0.4,16
1857,2,winter_wheat,4,KAS,0.9,16
1858,2,winter_wheat,1,PK,0.001,40
1858,2,winter_wheat,2,KAS,0.25,32
1858,2,winter_wheat,3,KAS,0.4,16
1858,2,winter_wheat,4,KAS,0.9,16
1859,2,winter_wheat,1,PK,0.001,40
1859,2,winter_wheat,2,KAS,0.25,32
1859,2,winter_wheat,3,KAS,0.4,16
1859,2,winter_wheat,4,KAS,0.9,16
1860,2,winter_wheat,1,PK,0.001,40
1860,2,winter_wheat,2,KAS,0.25,32
1860,2,winter_wheat,3,KAS,0.4,16
1860,2,winter_wheat,4,KAS,0.9,16
1861,2,winter_wheat,1,PK,0.001,40
1861,2,winter_wheat,2,KAS,0.25,32
1861,2,winter_wheat,3,KAS,0.4,16
1861,2,winter_wheat,4,KAS,0.9,16
1862,2,winter_wheat,1,PK,0.001,40
1862,2,winter_wheat,2,KAS,0.25,32
1862,2,winter_wheat,3,KAS,0.4,16
1862,2,winter_wheat,4,KAS,0.9,16
1863,2,winter_wheat,1,PK,0.001,40
1863,2,winter_wheat,2,KAS,0.25,32
1863,2,winter_wheat,3,KAS,0.4,16
1863,2,winter_wheat,4,KAS,0.9,16
1864,2,winter_wheat,1,PK,0.001,40
1864,2,winter_wheat,2,KAS,0.25,32
1864,2,winter_wheat,3,KAS,0.4,16
1864,2,winter_wheat,4,KAS,0.9,16
1865,2,winter_wheat,1,PK,0.001,40
1865,2,winter_wheat,2,KAS,0.25,32
1865,2,winter_wheat,3,KAS,0.4,16
1865,2,winter_wheat,4,KAS,0.9,16
1866,2,winter_wheat,1,PK,0.001,40
1866,2,winter_wheat,2,KAS,0.25,32
1866,2,winter_wheat,3,KAS,0.4,16
1866,2,winter_wheat,4,KAS,0.9,16
1867,2,winter_wheat,1,PK,0.001,40
1867,2,winter_wheat,2,KAS,0.25,32
1867,2,winter_wheat,3,KAS,0.4,16
1867,2,winter_wheat,4,KAS,0.9,16
1869,2,winter_wheat,1,PK,0.001,40
1869,2,winter_wheat,2,KAS,0.25,32
1869,2,winter_wheat,3,KAS,0.4,16
1869,2,winter_wheat,4,KAS,0.9,16
1870,2,winter_wheat,1,PK,0.001,40
1870,2,winter_wheat,2,KAS,0.25,32
1870,2,winter_wheat,3,KAS,0.4,16
1870,2,winter_wheat,4,KAS,0.9,16
1871,2,winter_wheat,1,PK,0.001,40
1871,2,winter_wheat,2,KAS,0.25,32
1871,2,winter_wheat,3,KAS,0.4,16
1871,2,winter_wheat,4,KAS,0.9,16
1872,2,winter_wheat,1,PK,0.001,40
1872,2,winter_wheat,2,KAS,0.25,32
1872,2,winter_wheat,3,KAS,0.4,16
1872,2,winter_wheat,4,KAS,0.9,16
1873,2,winter_wheat,1,PK,0.001,40
1873,2,winter_wheat,2,KAS,0.25,32
1873,2,winter_wheat,3,KAS,0.4,16
1873,2,winter_wheat,4,KAS,0.9,16
1874,2,winter_wheat,1,PK,0.001,40
1874,2,winter_wheat,2,KAS,0.25,32
1874,2,winter_wheat,3,KAS,0.4,16
1874,2,winter_wheat,4,KAS,0.9,16
1875,2,winter_wheat,1,PK,0.001,40
1875,2,winter_wheat,2,KAS,0.25,32
1875,2,winter_wheat,3,KAS,0.4,16
1875,2,winter_wheat,4,KAS,0.9,16
1876,2,winter_wheat,1,PK,0.001,40
1876,2,winter_wheat,2,KAS,0.25,32
1876,2,winter_wheat,3,KAS,0.4,16
1876,2,winter_wheat,4,KAS,0.9,16
1877,2,winter_wheat,1,PK,0.001,40
1877,2,winter_wheat,2,KAS,0.25,32
1877,2,winter_wheat,3,KAS,0.4,16
1877,2,winter_wheat,4,KAS,0.9,16
1878,2,winter_wheat,1,PK,0.001,40
1878,2,winter_wheat,2,KAS,0.25,32
1878,2,winter_wheat,3,KAS,0.4,16
1878,2,winter_wheat,4,KAS,0.9,16
1879,2,winter_wheat,1,PK,0.001,40
1879,2,winter_wheat,2,KAS,0.25,32
1879,2,winter_wheat,3,KAS,0.4,16
1879,2,winter_wheat,4,KAS,0.9,16
1880,2,winter_wheat,1,PK,0.001,40
1880,2,winter_wheat,2,KAS,0.25,32
1880,2,winter_wheat,3,KAS,0.4,16
1880,2,winter_wheat,4,KAS,0.9,16
1881,2,winter_wheat,1,PK,0.001,40
1881,2,winter_wheat,2,KAS,0.25,32
1881,2,winter_wheat,3,KAS,0.4,16
1881,2,winter_wheat,4,KAS,0.9,16
1882,2,winter_wheat,1,PK,0.001,40
1882,2,winter_wheat,2,KAS,0.25,32
1882,2,winter_wheat,3,KAS,0.4,16
1882,2,winter_wheat,4,KAS,0.9,16
1883,2,winter_wheat,1,PK,0.001,40
1883,2,winter_wheat,2,KAS,0.25,32
1883,2,winter_wheat,3,KAS,0.4,16
1883,2,winter_wheat,4,KAS,0.9,16
1884,2,winter_wheat,1,PK,0.001,40
1884,2,winter_wheat,2,KAS,0.25,32
1884,2,winter_wheat,3,KAS,0.4,16
1884,2,winter_wheat,4,KAS,0.9,16
1885,2,winter_wheat,1,PK,0.001,40
1885,2,winter_wheat,2,KAS,0.25,32
1885,2,winter_wheat,3,KAS,0.4,16
1885,2,winter_wheat,4,KAS,0.9,16
1886,2,winter_wheat,1,PK,0.001,40
1886,2,winter_wheat,2,KAS,0.25,32
1886,2,winter_wheat,3,KAS,0.4,16
1886,2,winter_wheat,4,KAS,0.9,16
1887,2,winter_wheat,1,PK,0.001,40
1887,2,winter_wheat,2,KAS,0.25,32
1887,2,winter_wheat,3,KAS,0.4,16
1887,2,winter_wheat,4,KAS,0.9,16
1888,2,winter_wheat,1,PK,0.001,40
1888,2,winter_wheat,2,KAS,0.25,32
1888,2,winter_wheat,3,KAS,0.4,16
1888,2,winter_wheat,4,KAS,0.9,16
1889,2,winter_wheat,1,PK,0.001,40
1889,2,winter_wheat,2,KAS,0.25,32
1889,2,winter_wheat,3,KAS,0.4,16
1889,2,winter_wheat,4,KAS,0.9,16
1890,2,winter_wheat,1,PK,0.001,40
1890,2,winter_wheat,2,KAS,0.25,32
1890,2,winter_wheat,3,KAS,0.4,16
1890,2,winter_wheat,4,KAS,0.9,16
1891,2,winter_wheat,1,PK,0.001,40
1891,2,winter_wheat,2,KAS,0.25,32
1891,2,winter_wheat,3,KAS,0.4,16
1891,2,winter_wheat,4,KAS,0.9,16
1892,2,winter_wheat,1,PK,0.001,40
1892,2,winter_wheat,2,KAS,0.25,32
1892,2,winter_wheat,3,KAS,0.4,16
1892,2,winter_wheat,4,KAS,0.9,16
1893,2,winter_wheat,1,PK,0.001,40
1893,2,winter_wheat,2,KAS,0.25,32
1893,2,winter_wheat,3,KAS,0.4,16
1893,2,winter_wheat,4,KAS,0.9,16
1894,2,winter_wheat,1,PK,0.001,40
1894,2,winter_wheat,2,KAS,0.25,32
1894,2,winter_wheat,3,KAS,0.4,16
1894,2,winter_wheat,4,KAS,0.9,16
1895,2,winter_wheat,1,PK,0.001,40
1895,2,winter_wheat,2,KAS,0.25,32
1895,2,winter_wheat,3,KAS,0.4,16
1895,2,winter_wheat,4,KAS,0.9,16
1896,2,winter_wheat,1,PK,0.001,40
1896,2,winter_wheat,2,KAS,0.25,32
1896,2,winter_wheat,3,KAS,0.4,16
1896,2,winter_wheat,4,KAS,0.9,16
1897,2,winter_wheat,1,PK,0.001,40
1897,2,winter_wheat,2,KAS,0.25,32
1897,2,winter_wheat,3,KAS,0.4,16
1897,2,winter_wheat,4,KAS,0.9,16
1898,2,winter_wheat,1,PK,0.001,40
1898,2,winter_wheat,2,KAS,0.25,32
1898,2,winter_wheat,3,KAS,0.4,16
1898,2,winter_wheat,4,KAS,0.9,16
1899,2,winter_wheat,1,PK,0.001,40
1899,2,winter_wheat,2,KAS,0.25,32
1899,2,winter_wheat,3,KAS,0.4,16
1899,2,winter_wheat,4,KAS,0.9,16
1900,2,winter_wheat,1,PK,0.001,40
1900,2,winter_wheat,2,KAS,0.25,32
1900,2,winter_wheat,3,KAS,0.4,16
1900,2,winter_wheat,4,KAS,0.9,16
1901,2,winter_wheat,1,PK,0.001,40
1901,2,winter_wheat,2,KAS,0.25,32
1901,2,winter_wheat,3,KAS,0.4,16
1901,2,winter_wheat,4,KAS,0.9,16
1902,2,winter_wheat,1,PK,0.001,40
1902,2,winter_wheat,2,KAS,0.25,32
1902,2,winter_wheat,3,KAS,0.4,16
1902,2,winter_wheat,4,KAS,0.9,16
1903,2,winter_wheat,1,PK,0.001,40
1903,2,winter_wheat,2,KAS,0.25,32
1903,2,winter_wheat,3,KAS,0.4,16
1903,2,winter_wheat,4,KAS,0.9,16
1904,2,winter_wheat,1,PK,0.001,40
1904,2,winter_wheat,2,KAS,0.25,32
1904,2,winter_wheat,3,KAS,0.4,16
1904,2,winter_wheat,4,KAS,0.9,16
1905,2,winter_wheat,1,PK,0.001,40
1905,2,winter_wheat,2,KAS,0.25,32
1905,2,winter_wheat,3,KAS,0.4,16
1905,2,winter_wheat,4,KAS,0.9,16
1906,2,winter_wheat,1,PK,0.001,40
1906,2,winter_wheat,2,KAS,0.25,32
1906,2,winter_wheat,3,KAS,0.4,16
1906,2,winter_wheat,4,KAS,0.9,16
1907,2,winter_wheat,1,PK,0.001,40
1907,2,winter_wheat,2,KAS,0.25,32
1907,2,winter_wheat,3,KAS,0.4,16
1907,2,winter_wheat,4,KAS,0.9,16
1908,2,winter_wheat,1,PK,0.001,40
1908,2,winter_wheat,2,KAS,0.25,32
1908,2,winter_wheat,3,KAS,0.4,16
1908,2,winter_wheat,4,KAS,0.9,16
1909,2,winter_wheat,1,PK,0.001,40
1909,2,winter_wheat,2,KAS,0.25,32
1909,2,winter_wheat,3,KAS,0.4,16
1909,2,winter_wheat,4,KAS,0.9,16
1910,2,winter_wheat,1,PK,0.001,40
1910,2,winter_wheat,2,KAS,0.25,32
1910,2,winter_wheat,3,KAS,0.4,16
1910,2,winter_wheat,4,KAS,0.9,16
1911,2,winter_wheat,1,PK,0.001,40
1911,2,winter_wheat,2,KAS,0.25,32
1911,2,winter_wheat,3,KAS,0.4,16
1911,2,winter_wheat,4,KAS,0.9,16
1912,2,winter_wheat,1,PK,0.001,40
1912,2,winter_wheat,2,KAS,0.25,32
1912,2,winter_wheat,3,KAS,0.4,16
1912,2,winter_wheat,4,KAS,0.9,16
1913,2,winter_wheat,1,PK,0.001,40
1913,2,winter_wheat,2,KAS,0.25,32
1913,2,winter_wheat,3,KAS,0.4,16
1913,2,winter_wheat,4,KAS,0.9,16
1914,2,winter_wheat,1,PK,0.001,40
1914,2,winter_wheat,2,KAS,0.25,32
1914,2,winter_wheat,3,KAS,0.4,16
1914,2,winter_wheat,4,KAS,0.9,16
1915,2,winter_wheat,1,PK,0.001,40
1915,2,winter_wheat,2,KAS,0.25,32
1915,2,winter_wheat,3,KAS,0.4,16
1915,2,winter_wheat,4,KAS,0.9,16
1916,2,winter_wheat,1,PK,0.001,40
1916,2,winter_wheat,2,KAS,0.25,32
1916,2,winter_wheat,3,KAS,0.4,16
1916,2,winter_wheat,4,KAS,0.9,16
1917,2,winter_wheat,1,PK,0.001,40
1917,2,winter_wheat,2,KAS,0.25,32
1917,2,winter_wheat,3,KAS,0.4,16
1917,2,winter_wheat,4,KAS,0.9,16
1918,2,winter_wheat,1,PK,0.001,40
1918,2,winter_wheat,2,KAS,0.25,32
1918,2,winter_wheat,3,KAS,0.4,16
1918,2,winter_wheat,4,KAS,0.9,16
1919,2,winter_wheat,1,PK,0.001,40
1919,2,winter_wheat,2,KAS,0.25,32
1919,2,winter_wheat,3,KAS,0.4,16
1919,2,winter_wheat,4,KAS,0.9,16
1920,2,winter_wheat,1,PK,0.001,40
1920,2,winter_wheat,2,KAS,0.25,32
1920,2,winter_wheat,3,KAS,0.4,16
1920,2,winter_wheat,4,KAS,0.9,16
1921,2,winter_wheat,1,PK,0.001,40
1921,2,winter_wheat,2,KAS,0.25,32
1921,2,winter_wheat,3,KAS,0.4,16
1921,2,winter_wheat,4,KAS,0.9,16
1922,2,winter_wheat,1,PK,0.001,40
1922,2,winter_wheat,2,KAS,0.25,32
1922,2,winter_wheat,3,KAS,0.4,16
1922,2,winter_wheat,4,KAS,0.9,16
1923,2,winter_wheat,1,PK,0.001,40
1923,2,winter_wheat,2,KAS,0.25,32
1923,2,winter_wheat,3,KAS,0.4,16
1923,2,winter_wheat,4,KAS,0.9,16
1924,2,winter_wheat,1,PK,0.001,40
1924,2,winter_wheat,2,KAS,0.25,32
1924,2,winter_wheat,3,KAS,0.4,16
1924,2,winter_wheat,4,KAS,0.9,16
1925,2,winter_wheat,1,PK,0.001,40
1925,2,winter_wheat,2,KAS,0.25,32
1925,2,winter_wheat,3,KAS,0.4,16
1925,2,winter_wheat,4,KAS,0.9,16
1926,2,winter_wheat,1,PK,0.001,40
1926,2,winter_wheat,2,KAS,0.25,32
1926,2,winter_wheat,3,KAS,0.4,16
1926,2,winter_wheat,4,KAS,0.9,16
1927,2,winter_wheat,1,PK,0.001,40
1927,2,winter_wheat,2,KAS,0.25,32
1927,2,winter_wheat,3,KAS,0.4,16
1927,2,winter_wheat,4,KAS,0.9,16
1928,2,winter_wheat,1,PK,0.001,40
1928,2,winter_wheat,2,KAS,0.25,32
1928,2,winter_wheat,3,KAS,0.4,16
1928,2,winter_wheat,4,KAS,0.9,16
1929,2,winter_wheat,1,PK,0.001,40
1929,2,winter_wheat,2,KAS,0.25,32
1929,2,winter_wheat,3,KAS,0.4,16
1929,2,winter_wheat,4,KAS,0.9,16
1930,2,winter_wheat,1,PK,0.001,40
1930,2,winter_wheat,2,KAS,0.25,32
1930,2,winter_wheat,3,KAS,0.4,16
1930,2,winter_wheat,4,KAS,0.9,16
1931,2,winter_wheat,1,PK,0.001,40
1931,2,winter_wheat,2,KAS,0.25,32
1931,2,winter_wheat,3,KAS,0.4,16
1931,2,winter_wheat,4,KAS,0.9,16
1932,2,winter_wheat,1,PK,0.001,40
1932,2,winter_wheat,2,KAS,0.25,32
1932,2,winter_wheat,3,KAS,0.4,16
1932,2,winter_wheat,4,KAS,0.9,16
1933,2,winter_wheat,1,PK,0.001,40
1933,2,winter_wheat,2,KAS,0.25,32
1933,2,winter_wheat,3,KAS,0.4,16
1933,2,winter_wheat,4,KAS,0.9,16
1934,2,winter_wheat,1,PK,0.001,40
1934,2,winter_wheat,2,KAS,0.25,32
1934,2,winter_wheat,3,KAS,0.4,16
1934,2,winter_wheat,4,KAS,0.9,16
1935,2,winter_wheat,1,PK,0.001,40
1935,2,winter_wheat,2,KAS,0.25,32
1935,2,winter_wheat,3,KAS,0.4,16
1935,2,winter_wheat,4,KAS,0.9,16
1936,2,winter_wheat,1,PK,0.001,40
1936,2,winter_wheat,2,KAS,0.25,32
1936,2,winter_wheat,3,KAS,0.4,16
1936,2,winter_wheat,4,KAS,0.9,16
1937,2,winter_wheat,1,PK,0.001,40
1937,2,winter_wheat,2,KAS,0.25,32
1937,2,winter_wheat,3,KAS,0.4,16
1937,2,winter_wheat,4,KAS,0.9,16
1938,2,winter_wheat,1,PK,0.001,40
1938,2,winter_wheat,2,KAS,0.25,32
1938,2,winter_wheat,3,KAS,0.4,16
1938,2,winter_wheat,4,KAS,0.9,16
1939,2,winter_wheat,1,PK,0.001,40
1939,2,winter_wheat,2,KAS,0.25,32
1939,2,winter_wheat,3,KAS,0.4,16
1939,2,winter_wheat,4,KAS,0.9,16
1940,2,winter_wheat,1,PK,0.001,40
1940,2,winter_wheat,2,KAS,0.25,32
1940,2,winter_wheat,3,KAS,0.4,16
1940,2,winter_wheat,4,KAS,0.9,16
1941,2,winter_wheat,1,PK,0.001,40
1941,2,winter_wheat,2,KAS,0.25,32
1941,2,winter_wheat,3,KAS,0.4,16
1941,2,winter_wheat,4,KAS,0.9,16
1942,2,winter_wheat,1,PK,0.001,40
1942,2,winter_wheat,2,KAS,0.25,32
1942,2,winter_wheat,3,KAS,0.4,16
1942,2,winter_wheat,4,KAS,0.9,16
1943,2,winter_wheat,1,PK,0.001,40
1943,2,winter_wheat,2,KAS,0.25,32
1943,2,winter_wheat,3,KAS,0.4,16
1943,2,winter_wheat,4,KAS,0.9,16
1944,2,winter_wheat,1,PK,0.001,40
1944,2,winter_wheat,2,KAS,0.25,32
1944,2,winter_wheat,3,KAS,0.4,16
1944,2,winter_wheat,4,KAS,0.9,16
1945,2,winter_wheat,1,PK,0.001,40
1945,2,winter_wheat,2,KAS,0.25,32
1945,2,winter_wheat,3,KAS,0.4,16
1945,2,winter_wheat,4,KAS,0.9,16
1946,2,winter_wheat,1,PK,0.001,40
1946,2,winter_wheat,2,KAS,0.25,32
1946,2,winter_wheat,3,KAS,0.4,16
1946,2,winter_wheat,4,KAS,0.9,16
1947,2,winter_wheat,1,PK,0.001,40
1947,2,winter_wheat,2,KAS,0.25,32
1947,2,winter_wheat,3,KAS,0.4,16
1947,2,winter_wheat,4,KAS,0.9,16
1948,2,winter_wheat,1,PK,0.001,40
1948,2,winter_wheat,2,KAS,0.25,32
1948,2,winter_wheat,3,KAS,0.4,16
1948,2,winter_wheat,4,KAS,0.9,16
1949,2,winter_wheat,1,PK,0.001,40
1949,2,winter_wheat,2,KAS,0.25,32
1949,2,winter_wheat,3,KAS,0.4,16
1949,2,winter_wheat,4,KAS,0.9,16
1950,2,winter_wheat,1,PK,0.001,40
1950,2,winter_wheat,2,KAS,0.25,32
1950,2,winter_wheat,3,KAS,0.4,16
1950,2,winter_wheat,4,KAS,0.9,16
1951,2,winter_wheat,1,PK,0.001,40
1951,2,winter_wheat,2,KAS,0.25,32
1951,2,winter_wheat,3,KAS,0.4,16
1951,2,winter_wheat,4,KAS,0.9,16
1952,2,winter_wheat,1,PK,0.001,40
1952,2,winter_wheat,2,KAS,0.25,32
1952,2,winter_wheat,3,KAS,0.4,16
1952,2,winter_wheat,4,KAS,0.9,16
1953,2,winter_wheat,1,PK,0.001,40
1953,2,winter_wheat,2,KAS,0.25,32
1953,2,winter_wheat,3,KAS,0.4,16
1953,2,winter_wheat,4,KAS,0.9,16
1954,2,winter_wheat,1,PK,0.001,40
1954,2,winter_wheat,2,KAS,0.25,32
1954,2,winter_wheat,3,KAS,0.4,16
1954,2,winter_wheat,4,KAS,0.9,16
1955,2,winter_wheat,1,PK,0.001,40
1955,2,winter_wheat,2,KAS,0.25,32
1955,2,winter_wheat,3,KAS,0.4,16
1955,2,winter_wheat,4,KAS,0.9,16
1956,2,winter_wheat,1,PK,0.001,40
1956,2,winter_wheat,2,KAS,0.25,32
1956,2,winter_wheat,3,KAS,0.4,16
1956,2,winter_wheat,4,KAS,0.9,16
1957,2,winter_wheat,1,PK,0.001,40
1957,2,winter_wheat,2,KAS,0.25,32
1957,2,winter_wheat,3,KAS,0.4,16
1957,2,winter_wheat,4,KAS,0.9,16
1958,2,winter_wheat,1,PK,0.001,40
1958,2,winter_wheat,2,KAS,0.25,32
1958,2,winter_wheat,3,KAS,0.4,16
1958,2,winter_wheat,4,KAS,0.9,16
1959,2,winter_wheat,1,PK,0.001,40
1959,2,winter_wheat,2,KAS,0.25,32
1959,2,winter_wheat,3,KAS,0.4,16
1959,2,winter_wheat,4,KAS,0.9,16
1960,2,winter_wheat,1,PK,0.001,40
1960,2,winter_wheat,2,KAS,0.25,32
1960,2,winter_wheat,3,KAS,0.4,16
1960,2,winter_wheat,4,KAS,0.9,16
1961,2,winter_wheat,1,PK,0.001,40
1961,2,winter_wheat,2,KAS,0.25,32
1961,2,winter_wheat,3,KAS,0.4,16
1961,2,winter_wheat,4,KAS,0.9,16
1962,2,winter_wheat,1,PK,0.001,40
1962,2,winter_wheat,2,KAS,0.25,32
1962,2,winter_wheat,3,KAS,0.4,16
1962,2,winter_wheat,4,KAS,0.9,16
1963,2,winter_wheat,1,PK,0.001,40
1963,2,winter_wheat,2,KAS,0.25,32
1963,2,winter_wheat,3,KAS,0.4,16
1963,2,winter_wheat,4,KAS,0.9,16
1964,2,winter_wheat,1,PK,0.001,40
1964,2,winter_wheat,2,KAS,0.25,32
1964,2,winter_wheat,3,KAS,0.4,16
1964,2,winter_wheat,4,KAS,0.9,16
1965,2,winter_wheat,1,PK,0.001,40
1965,2,winter_wheat,2,KAS,0.25,32
1965,2,winter_wheat,3,KAS,0.4,16
1965,2,winter_wheat,4,KAS,0.9,16
1966,2,winter_wheat,1,PK,0.001,40
1966,2,winter_wheat,2,KAS,0.25,32
1966,2,winter_wheat,3,KAS,0.4,16
1966,2,winter_wheat,4,KAS,0.9,16
1967,2,winter_wheat,1,PK,0.001,40
1967,2,winter_wheat,2,KAS,0.25,32
1967,2,winter_wheat,3,KAS,0.4,16
1967,2,winter_wheat,4,KAS,0.9,16
1968,2,winter_wheat,1,PK,0.001,40
1968,2,winter_wheat,2,KAS,0.25,32
1968,2,winter_wheat,3,KAS,0.4,16
1968,2,winter_wheat,4,KAS,0.9,16
1969,2,winter_wheat,1,PK,0.001,40
1969,2,winter_wheat,2,KAS,0.25,32
1969,2,winter_wheat,3,KAS,0.4,16
1969,2,winter_wheat,4,KAS,0.9,16
1970,2,winter_wheat,1,PK,0.001,40
1970,2,winter_wheat,2,KAS,0.25,32
1970,2,winter_wheat,3,KAS,0.4,16
1970,2,winter_wheat,4,KAS,0.9,16
1971,2,winter_wheat,1,PK,0.001,40
1971,2,winter_wheat,2,KAS,0.25,32
1971,2,winter_wheat,3,KAS,0.4,16
1971,2,winter_wheat,4,KAS,0.9,16
1972,2,winter_wheat,1,PK,0.001,40
1972,2,winter_wheat,2,KAS,0.25,32
1972,2,winter_wheat,3,KAS,0.4,16
1972,2,winter_wheat,4,KAS,0.9,16
1973,2,winter_wheat,1,PK,0.001,40
1973,2,winter_wheat,2,KAS,0.25,32
1973,2,winter_wheat,3,KAS,0.4,16
1973,2,winter_wheat,4,KAS,0.9,16
1974,2,winter_wheat,1,PK,0.001,40
1974,2,winter_wheat,2,KAS,0.25,32
1974,2,winter_wheat,3,KAS,0.4,16
1974,2,winter_wheat,4,KAS,0.9,16
1975,2,winter_wheat,1,PK,0.001,40
1975,2,winter_wheat,2,KAS,0.25,32
1975,2,winter_wheat,3,KAS,0.4,16
1975,2,winter_wheat,4,KAS,0.9,16
1976,2,winter_wheat,1,PK,0.001,40
1976,2,winter_wheat,2,KAS,0.25,32
1976,2,winter_wheat,3,KAS,0.4,16
1976,2,winter_wheat,4,KAS,0.9,16
1977,2,winter_wheat,1,PK,0.001,40
1977,2,winter_wheat,2,KAS,0.25,32
1977,2,winter_wheat,3,KAS,0.4,16
1977,2,winter_wheat,4,KAS,0.9,16
1979,2,winter_wheat,1,PK,0.001,40
1979,2,winter_wheat,2,KAS,0.25,32
1979,2,winter_wheat,3,KAS,0.4,16
1979,2,winter_wheat,4,KAS,0.9,16
1980,2,winter_wheat,1,PK,0.001,40
1980,2,winter_wheat,2,KAS,0.25,32
1980,2,winter_wheat,3,KAS,0.4,16
1980,2,winter_wheat,4,KAS,0.9,16
1981,2,winter_wheat,1,PK,0.001,40
1981,2,winter_wheat,2,KAS,0.25,32
1981,2,winter_wheat,3,KAS,0.4,16
1981,2,winter_wheat,4,KAS,0.9,16
1982,2,winter_wheat,1,PK,0.001,40
1982,2,winter_wheat,2,KAS,0.25,32
1982,2,winter_wheat,3,KAS,0.4,16
1982,2,winter_wheat,4,KAS,0.9,16
1983,2,winter_wheat,1,PK,0.001,40
1983,2,winter_wheat,2,KAS,0.25,32
1983,2,winter_wheat,3,KAS,0.4,16
1983,2,winter_wheat,4,KAS,0.9,16
1984,2,winter_wheat,1,PK,0.001,40
1984,2,winter_wheat,2,KAS,0.25,32
1984,2,winter_wheat,3,KAS,0.4,16
1984,2,winter_wheat,4,KAS,0.9,16
1985,2,winter_wheat,1,PK,0.001,40
1985,2,winter_wheat,2,KAS,0.25,32
1985,2,winter_wheat,3,KAS,0.4,16
1985,2,winter_wheat,4,KAS,0.9,16
1986,2,winter_wheat,1,PK,0.001,40
1986,2,winter_wheat,2,KAS,0.25,32
1986,2,winter_wheat,3,KAS,0.4,16
1986,2,winter_wheat,4,KAS,0.9,16
1987,2,winter_wheat,1,PK,0.001,40
1987,2,winter_wheat,2,KAS,0.25,32
1987,2,winter_wheat,3,KAS,0.4,16
1987,2,winter_wheat,4,KAS,0.9,16
1988,2,winter_wheat,1,PK,0.001,40
1988,2,winter_wheat,2,KAS,0.25,32
1988,2,winter_wheat,3,KAS,0.4,16
1988,2,winter_wheat,4,KAS,0.9,16
1989,2,winter_wheat,1,PK,0.001,40
1989,2,winter_wheat,2,KAS,0.25,32
1989,2,winter_wheat,3,KAS,0.4,16
1989,2,winter_wheat,4,KAS,0.9,16
1990,2,winter_wheat,1,PK,0.001,40
1990,2,winter_wheat,2,KAS,0.25,32
1990,2,winter_wheat,3,KAS,0.4,16
1990,2,winter_wheat,4,KAS,0.9,16
1991,2,winter_wheat,1,PK,0.001,40
1991,2,winter_wheat,2,KAS,0.25,32
1991,2,winter_wheat,3,KAS,0.4,16
1991,2,winter_wheat,4,KAS,0.9,16
1992,2,winter_wheat,1,PK,0.001,40
1992,2,winter_wheat,2,KAS,0.25,32
1992,2,winter_wheat,3,KAS,0.4,16
1992,2,winter_wheat,4,KAS,0.9,16
1993,2,winter_wheat,1,PK,0.001,40
1993,2,winter_wheat,2,KAS,0.25,32
1993,2,winter_wheat,3,KAS,0.4,16
1993,2,winter_wheat,4,KAS,0.9,16
1994,2,winter_wheat,1,PK,0.001,40
1994,2,winter_wheat,2,KAS,0.25,32
1994,2,winter_wheat,3,KAS,0.4,16
1994,2,winter_wheat,4,KAS,0.9,16
1995,2,winter_wheat,1,PK,0.001,40
1995,2,winter_wheat,2,KAS,0.25,32
1995,2,winter_wheat,3,KAS,0.4,16
1995,2,winter_wheat,4,KAS,0.9,16
1996,2,winter_wheat,1,PK,0.001,40
1996,2,winter_wheat,2,KAS,0.25,32
1996,2,winter_wheat,3,KAS,0.4,16
1996,2,winter_wheat,4,KAS,0.9,16
1997,2,winter_wheat,1,PK,0.001,40
1997,2,winter_wheat,2,KAS,0.25,32
1997,2,winter_wheat,3,KAS,0.4,16
1997,2,winter_wheat,4,KAS,0.9,16
1998,2,winter_wheat,1,PK,0.001,40
1998,2,winter_wheat,2,KAS,0.25,32
1998,2,winter_wheat,3,KAS,0.4,16
1998,2,winter_wheat,4,KAS,0.9,16
1999,2,winter_wheat,1,PK,0.001,40
1999,2,winter_wheat,2,KAS,0.25,32
1999,2,winter_wheat,3,KAS,0.4,16
1999,2,winter_wheat,4,KAS,0.9,16
2000,2,winter_wheat,1,PK,0.001,40
2000,2,winter_wheat,2,KAS,0.25,32
2000,2,winter_wheat,3,KAS,0.4,16
2000,2,winter_wheat,4,KAS,0.9,16
2001,2,winter_wheat,1,PK,0.001,40
2001,2,winter_wheat,2,KAS,0.25,32
2001,2,winter_wheat,3,KAS,0.4,16
2001,2,winter_wheat,4,KAS,0.9,16
2002,2,winter_wheat,1,PK,0.001,40
2002,2,winter_wheat,2,KAS,0.25,32
2002,2,winter_wheat,3,KAS,0.4,16
2002,2,winter_wheat,4,KAS,0.9,16
2003,2,winter_wheat,1,PK,0.001,40
2003,2,winter_wheat,2,KAS,0.25,32
2003,2,winter_wheat,3,KAS,0.4,16
2003,2,winter_wheat,4,KAS,0.9,16
2004,2,winter_wheat,1,PK,0.001,40
2004,2,winter_wheat,2,KAS,0.25,32
2004,2,winter_wheat,3,KAS,0.4,16
2004,2,winter_wheat,4,KAS,0.9,16
2005,2,winter_wheat,1,PK,0.001,40
2005,2,winter_wheat,2,KAS,0.25,32
2005,2,winter_wheat,3,KAS,0.4,16
2005,2,winter_wheat,4,KAS,0.9,16
2006,2,winter_wheat,1,PK,0.001,40
2006,2,winter_wheat,2,KAS,0.25,32
2006,2,winter_wheat,3,KAS,0.4,16
2006,2,winter_wheat,4,KAS,0.9,16
2007,2,winter_wheat,1,PK,0.001,40
2007,2,winter_wheat,2,KAS,0.25,32
2007,2,winter_wheat,3,KAS,0.4,16
2007,2,winter_wheat,4,KAS,0.9,16
2008,2,winter_wheat,1,PK,0.001,40
2008,2,winter_wheat,2,KAS,0.25,32
2008,2,winter_wheat,3,KAS,0.4,16
2008,2,winter_wheat,4,KAS,0.9,16
2009,2,winter_wheat,1,PK,0.001,40
2009,2,winter_wheat,2,KAS,0.25,32
2009,2,winter_wheat,3,KAS,0.4,16
2009,2,winter_wheat,4,KAS,0.9,16
2010,2,winter_wheat,1,PK,0.001,40
2010,2,winter_wheat,2,KAS,0.25,32
2010,2,winter_wheat,3,KAS,0.4,16
2010,2,winter_wheat,4,KAS,0.9,16
2011,2,winter_wheat,1,PK,0.001,40
2011,2,winter_wheat,2,KAS,0.25,32
2011,2,winter_wheat,3,KAS,0.4,16
2011,2,winter_wheat,4,KAS,0.9,16
2012,2,winter_wheat,1,PK,0.001,40
2012,2,winter_wheat,2,KAS,0.25,32
2012,2,winter_wheat,3,KAS,0.4,16
2012,2,winter_wheat,4,KAS,0.9,16
2013,2,winter_wheat,1,PK,0.001,40
2013,2,winter_wheat,2,KAS,0.25,32
2013,2,winter_wheat,3,KAS,0.4,16
2013,2,winter_wheat,4,KAS,0.9,16
2014,2,winter_wheat,1,PK,0.001,40
2014,2,winter_wheat,2,KAS,0.25,32
2014,2,winter_wheat,3,KAS,0.4,16
2014,2,winter_wheat,4,KAS,0.9,16
2015,2,winter_wheat,1,PK,0.001,40
2015,2,winter_wheat,2,KAS,0.25,32
2015,2,winter_wheat,3,KAS,0.4,16
2015,2,winter_wheat,4,KAS,0.9,16
2016,2,winter_wheat,1,PK,0.001,40
2016,2,winter_wheat,2,KAS,0.25,32
2016,2,winter_wheat,3,KAS,0.4,16
2016,2,winter_wheat,4,KAS,0.9,16
2017,2,winter_wheat,1,PK,0.001,40
2017,2,winter_wheat,2,KAS,0.25,32
2017,2,winter_wheat,3,KAS,0.4,16
2017,2,winter_wheat,4,KAS,0.9,16
2018,2,winter_wheat,1,PK,0.001,40
2018,2,winter_wheat,2,KAS,0.25,32
2018,2,winter_wheat,3,KAS,0.4,16
2018,2,winter_wheat,4,KAS,0.9,16
2019,2,winter_wheat,1,PK,0.001,40
2019,2,winter_wheat,2,KAS,0.25,32
2019,2,winter_wheat,3,KAS,0.4,16
2019,2,winter_wheat,4,KAS,0.9,16
2020,2,winter_wheat,1,PK,0.001,40
2020,2,winter_wheat,2,KAS,0.25,32
2020,2,winter_wheat,3,KAS,0.4,16
2020,2,winter_wheat,4,KAS,0.9,16
2021,2,winter_wheat,1,PK,0.001,40
2021,2,winter_wheat,2,KAS,0.25,32
2021,2,winter_wheat,3,KAS,0.4,16
2021,2,winter_wheat,4,KAS,0.9,16
2022,2,winter_wheat,1,PK,0.001,40
2022,2,winter_wheat,2,KAS,0.25,32
2022,2,winter_wheat,3,KAS,0.4,16
2022,2,winter_wheat,4,KAS,0.9,16
2023,2,winter_wheat,1,PK,0.001,40
2023,2,winter_wheat,2,KAS,0.25,32
2023,2,winter_wheat,3,KAS,0.4,16
2023,2,winter_wheat,4,KAS,0.9,16
2024,2,winter_wheat,1,PK,0.001,40
2024,2,winter_wheat,2,KAS,0.25,32
2024,2,winter_wheat,3,KAS,0.4,16
2024,2,winter_wheat,4,KAS,0.9,16
2025,2,winter_wheat,1,PK,0.001,40
2025,2,winter_wheat,2,KAS,0.25,32
2025,2,winter_wheat,3,KAS,0.4,16
2025,2,winter_wheat,4,KAS,0.9,16
2026,2,winter_wheat,1,PK,0.001,40
2026,2,winter_wheat,2,KAS,0.25,32
2026,2,winter_wheat,3,KAS,0.4,16
2026,2,winter_wheat,4,KAS,0.9,16
2027,2,winter_wheat,1,PK,0.001,40
2027,2,winter_wheat,2,KAS,0.25,32
2027,2,winter_wheat,3,KAS,0.4,16
2027,2,winter_wheat,4,KAS,0.9,16
2028,2,winter_wheat,1,PK,0.001,40
2028,2,winter_wheat,2,KAS,0.25,32
2028,2,winter_wheat,3,KAS,0.4,16
2028,2,winter_wheat,4,KAS,0.9,16
2029,2,winter_wheat,1,PK,0.001,40
2029,2,winter_wheat,2,KAS,0.25,32
2029,2,winter_wheat,3,KAS,0.4,16
2029,2,winter_wheat,4,KAS,0.9,16
2030,2,winter_wheat,1,PK,0.001,40
2030,2,winter_wheat,2,KAS,0.25,32
2030,2,winter_wheat,3,KAS,0.4,16
2030,2,winter_wheat,4,KAS,0.9,16
2031,2,winter_wheat,1,PK,0.001,40
2031,2,winter_wheat,2,KAS,0.25,32
2031,2,winter_wheat,3,KAS,0.4,16
2031,2,winter_wheat,4,KAS,0.9,16
2032,2,winter_wheat,1,PK,0.001,40
2032,2,winter_wheat,2,KAS,0.25,32
2032,2,winter_wheat,3,KAS,0.4,16
2032,2,winter_wheat,4,KAS,0.9,16
2033,2,winter_wheat,1,PK,0.001,40
2033,2,winter_wheat,2,KAS,0.25,32
2033,2,winter_wheat,3,KAS,0.4,16
2033,2,winter_wheat,4,KAS,0.9,16
2034,2,winter_wheat,1,PK,0.001,40
2034,2,winter_wheat,2,KAS,0.25,32
2034,2,winter_wheat,3,KAS,0.4,16
2034,2,winter_wheat,4,KAS,0.9,16
2035,2,winter_wheat,1,PK,0.001,40
2035,2,winter_wheat,2,KAS,0.25,32
2035,2,winter_wheat,3,KAS,0.4,16
2035,2,winter_wheat,4,KAS,0.9,16
2036,2,winter_wheat,1,PK,0.001,40
2036,2,winter_wheat,2,KAS,0.25,32
2036,2,winter_wheat,3,KAS,0.4,16
2036,2,winter_wheat,4,KAS,0.9,16
2037,2,winter_wheat,1,PK,0.001,40
2037,2,winter_wheat,2,KAS,0.25,32
2037,2,winter_wheat,3,KAS,0.4,16
2037,2,winter_wheat,4,KAS,0.9,16
2038,2,winter_wheat,1,PK,0.001,40
2038,2,winter_wheat,2,KAS,0.25,32
2038,2,winter_wheat,3,KAS,0.4,16
2038,2,winter_wheat,4,KAS,0.9,16
3486,2,winter_wheat,1,PK,0.001,40
3486,2,winter_wheat,2,KAS,0.25,32
3486,2,winter_wheat,3,KAS,0.4,16
3486,2,winter_wheat,4,KAS,0.9,16
3487,2,winter_wheat,1,PK,0.001,40
3487,2,winter_wheat,2,KAS,0.25,32
3487,2,winter_wheat,3,KAS,0.4,16
3487,2,winter_wheat,4,KAS,0.9,16
3488,2,winter_wheat,1,PK,0.001,40
3488,2,winter_wheat,2,KAS,0.25,32
3488,2,winter_wheat,3,KAS,0.4,16
3488,2,winter_wheat,4,KAS,0.9,16
3489,2,winter_wheat,1,PK,0.001,40
3489,2,winter_wheat,2,KAS,0.25,32
3489,2,winter_wheat,3,KAS,0.4,16
3489,2,winter_wheat,4,KAS,0.9,16
3490,2,winter_wheat,1,PK,0.001,40
3490,2,winter_wheat,2,KAS,0.25,32
3490,2,winter_wheat,3,KAS,0.4,16
3490,2,winter_wheat,4,KAS,0.9,16
3491,2,winter_wheat,1,PK,0.001,40
3491,2,winter_wheat,2,KAS,0.25,32
3491,2,winter_wheat,3,KAS,0.4,16
3491,2,winter_wheat,4,KAS,0.9,16
3492,2,winter_wheat,1,PK,0.001,40
3492,2,winter_wheat,2,KAS,0.25,32
3492,2,winter_wheat,3,KAS,0.4,16
3492,2,winter_wheat,4,KAS,0.9,16
3493,2,winter_wheat,1,PK,0.001,40
3493,2,winter_wheat,2,KAS,0.25,32
3493,2,winter_wheat,3,KAS,0.4,16
3493,2,winter_wheat,4,KAS,0.9,16
3494,2,winter_wheat,1,PK,0.001,40
3494,2,winter_wheat,2,KAS,0.25,32
3494,2,winter_wheat,3,KAS,0.4,16
3494,2,winter_wheat,4,KAS,0.9,16
3495,2,winter_wheat,1,PK,0.001,40
3495,2,winter_wheat,2,KAS,0.25,32
3495,2,winter_wheat,3,KAS,0.4,16
3495,2,winter_wheat,4,KAS,0.9,16
3496,2,winter_wheat,1,PK,0.001,40
3496,2,winter_wheat,2,KAS,0.25,32
3496,2,winter_wheat,3,KAS,0.4,16
3496,2,winter_wheat,4,KAS,0.9,16
3497,2,winter_wheat,1,PK,0.001,40
3497,2,winter_wheat,2,KAS,0.25,32
3497,2,winter_wheat,3,KAS,0.4,16
3497,2,winter_wheat,4,KAS,0.9,16
3498,2,winter_wheat,1,PK,0.001,40
3498,2,winter_wheat,2,KAS,0.25,32
3498,2,winter_wheat,3,KAS,0.4,16
3498,2,winter_wheat,4,KAS,0.9,16
3499,2,winter_wheat,1,PK,0.001,40
3499,2,winter_wheat,2,KAS,0.25,32
3499,2,winter_wheat,3,KAS,0.4,16
3499,2,winter_wheat,4,KAS,0.9,16
3500,2,winter_wheat,1,PK,0.001,40
3500,2,winter_wheat,2,KAS,0.25,32
3500,2,winter_wheat,3,KAS,0.4,16
3500,2,winter_wheat,4,KAS,0.9,16
3501,2,winter_wheat,1,PK,0.001,40
3501,2,winter_wheat,2,KAS,0.25,32
3501,2,winter_wheat,3,KAS,0.4,16
3501,2,winter_wheat,4,KAS,0.9,16
3502,2,winter_wheat,1,PK,0.001,40
3502,2,winter_wheat,2,KAS,0.25,32
3502,2,winter_wheat,3,KAS,0.4,16
3502,2,winter_wheat,4,KAS,0.9,16
3503,2,winter_wheat,1,PK,0.001,40
3503,2,winter_wheat,2,KAS,0.25,32
3503,2,winter_wheat,3,KAS,0.4,16
3503,2,winter_wheat,4,KAS,0.9,16
3504,2,winter_wheat,1,PK,0.001,40
3504,2,winter_wheat,2,KAS,0.25,32
3504,2,winter_wheat,3,KAS,0.4,16
3504,2,winter_wheat,4,KAS,0.9,16
3505,2,winter_wheat,1,PK,0.001,40
3505,2,winter_wheat,2,KAS,0.25,32
3505,2,winter_wheat,3,KAS,0.4,16
3505,2,winter_wheat,4,KAS,0.9,16
3506,2,winter_wheat,1,PK,0.001,40
3506,2,winter_wheat,2,KAS,0.25,32
3506,2,winter_wheat,3,KAS,0.4,16
3506,2,winter_wheat,4,KAS,0.9,16
3507,2,winter_wheat,1,PK,0.001,40
3507,2,winter_wheat,2,KAS,0.25,32
3507,2,winter_wheat,3,KAS,0.4,16
3507,2,winter_wheat,4,KAS,0.9,16
3509,2,winter_wheat,1,PK,0.001,40
3509,2,winter_wheat,2,KAS,0.25,32
3509,2,winter_wheat,3,KAS,0.4,16
3509,2,winter_wheat,4,KAS,0.9,16
3510,2,winter_wheat,1,PK,0.001,40
3510,2,winter_wheat,2,KAS,0.25,32
3510,2,winter_wheat,3,KAS,0.4,16
3510,2,winter_wheat,4,KAS,0.9,16
3511,2,winter_wheat,1,PK,0.001,40
3511,2,winter_wheat,2,KAS,0.25,32
3511,2,winter_wheat,3,KAS,0.4,16
3511,2,winter_wheat,4,KAS,0.9,16
3513,2,winter_wheat,1,PK,0.001,40
3513,2,winter_wheat,2,KAS,0.25,32
3513,2,winter_wheat,3,KAS,0.4,16
3513,2,winter_wheat,4,KAS,0.9,16
3514,2,winter_wheat,1,PK,0.001,40
3514,2,winter_wheat,2,KAS,0.25,32
3514,2,winter_wheat,3,KAS,0.4,16
3514,2,winter_wheat,4,KAS,0.9,16
3515,2,winter_wheat,1,PK,0.001,40
3515,2,winter_wheat,2,KAS,0.25,32
3515,2,winter_wheat,3,KAS,0.4,16
3515,2,winter_wheat,4,KAS,0.9,16
3516,2,winter_wheat,1,PK,0.001,40
3516,2,winter_wheat,2,KAS,0.25,32
3516,2,winter_wheat,3,KAS,0.4,16
3516,2,winter_wheat,4,KAS,0.9,16
3517,2,winter_wheat,1,PK,0.001,40
3517,2,winter_wheat,2,KAS,0.25,32
3517,2,winter_wheat,3,KAS,0.4,16
3517,2,winter_wheat,4,KAS,0.9,16
3518,2,winter_wheat,1,PK,0.001,40
3518,2,winter_wheat,2,KAS,0.25,32
3518,2,winter_wheat,3,KAS,0.4,16
3518,2,winter_wheat,4,KAS,0.9,16
3519,2,winter_wheat,1,PK,0.001,40
3519,2,winter_wheat,2,KAS,0.25,32
3519,2,winter_wheat,3,KAS,0.4,16
3519,2,winter_wheat,4,KAS,0.9,16
3520,2,winter_wheat,1,PK,0.001,40
3520,2,winter_wheat,2,KAS,0.25,32
3520,2,winter_wheat,3,KAS,0.4,16
3520,2,winter_wheat,4,KAS,0.9,16
3521,2,winter_wheat,1,PK,0.001,40
3521,2,winter_wheat,2,KAS,0.25,32
3521,2,winter_wheat,3,KAS,0.4,16
3521,2,winter_wheat,4,KAS,0.9,16
3522,2,winter_wheat,1,PK,0.001,40
3522,2,winter_wheat,2,KAS,0.25,32
3522,2,winter_wheat,3,KAS,0.4,16
3522,2,winter_wheat,4,KAS,0.9,16
3523,2,winter_wheat,1,PK,0.001,40
3523,2,winter_wheat,2,KAS,0.25,32
3523,2,winter_wheat,3,KAS,0.4,16
3523,2,winter_wheat,4,KAS,0.9,16
3524,2,winter_wheat,1,PK,0.001,40
3524,2,winter_wheat,2,KAS,0.25,32
3524,2,winter_wheat,3,KAS,0.4,16
3524,2,winter_wheat,4,KAS,0.9,16
3525,2,winter_wheat,1,PK,0.001,40
3525,2,winter_wheat,2,KAS,0.25,32
3525,2,winter_wheat,3,KAS,0.4,16
3525,2,winter_wheat,4,KAS,0.9,16
3526,2,winter_wheat,1,PK,0.001,40
3526,2,winter_wheat,2,KAS,0.25,32
3526,2,winter_wheat,3,KAS,0.4,16
3526,2,winter_wheat,4,KAS,0.9,16
3527,2,winter_wheat,1,PK,0.001,40
3527,2,winter_wheat,2,KAS,0.25,32
3527,2,winter_wheat,3,KAS,0.4,16
3527,2,winter_wheat,4,KAS,0.9,16
3528,2,winter_wheat,1,PK,0.001,40
3528,2,winter_wheat,2,KAS,0.25,32
3528,2,winter_wheat,3,KAS,0.4,16
3528,2,winter_wheat,4,KAS,0.9,16
3529,2,winter_wheat,1,PK,0.001,40
3529,2,winter_wheat,2,KAS,0.25,32
3529,2,winter_wheat,3,KAS,0.4,16
3529,2,winter_wheat,4,KAS,0.9,16
3531,2,winter_wheat,1,PK,0.001,40
3531,2,winter_wheat,2,KAS,0.25,32
3531,2,winter_wheat,3,KAS,0.4,16
3531,2,winter_wheat,4,KAS,0.9,16
3532,2,winter_wheat,1,PK,0.001,40
3532,2,winter_wheat,2,KAS,0.25,32
3532,2,winter_wheat,3,KAS,0.4,16
3532,2,winter_wheat,4,KAS,0.9,16
3533,2,winter_wheat,1,PK,0.001,40
3533,2,winter_wheat,2,KAS,0.25,32
3533,2,winter_wheat,3,KAS,0.4,16
3533,2,winter_wheat,4,KAS,0.9,16
3534,2,winter_wheat,1,PK,0.001,40
3534,2,winter_wheat,2,KAS,0.25,32
3534,2,winter_wheat,3,KAS,0.4,16
3534,2,winter_wheat,4,KAS,0.9,16
3535,2,winter_wheat,1,PK,0.001,40
3535,2,winter_wheat,2,KAS,0.25,32
3535,2,winter_wheat,3,KAS,0.4,16
3535,2,winter_wheat,4,KAS,0.9,16
3536,2,winter_wheat,1,PK,0.001,40
3536,2,winter_wheat,2,KAS,0.25,32
3536,2,winter_wheat,3,KAS,0.4,16
3536,2,winter_wheat,4,KAS,0.9,16
3537,2,winter_wheat,1,PK,0.001,40
3537,2,winter_wheat,2,KAS,0.25,32
3537,2,winter_wheat,3,KAS,0.4,16
3537,2,winter_wheat,4,KAS,0.9,16
3538,2,winter_wheat,1,PK,0.001,40
3538,2,winter_wheat,2,KAS,0.25,32
3538,2,winter_wheat,3,KAS,0.4,16
3538,2,winter_wheat,4,KAS,0.9,16
3539,2,winter_wheat,1,PK,0.001,40
3539,2,winter_wheat,2,KAS,0.25,32
3539,2,winter_wheat,3,KAS,0.4,16
3539,2,winter_wheat,4,KAS,0.9,16
3540,2,winter_wheat,1,PK,0.001,40
3540,2,winter_wheat,2,KAS,0.25,32
3540,2,winter_wheat,3,KAS,0.4,16
3540,2,winter_wheat,4,KAS,0.9,16
3541,2,winter_wheat,1,PK,0.001,40
3541,2,winter_wheat,2,KAS,0.25,32
3541,2,winter_wheat,3,KAS,0.4,16
3541,2,winter_wheat,4,KAS,0.9,16
3542,2,winter_wheat,1,PK,0.001,40
3542,2,winter_wheat,2,KAS,0.25,32
3542,2,winter_wheat,3,KAS,0.4,16
3542,2,winter_wheat,4,KAS,0.9,16
3543,2,winter_wheat,1,PK,0.001,40
3543,2,winter_wheat,2,KAS,0.25,32
3543,2,winter_wheat,3,KAS,0.4,16
3543,2,winter_wheat,4,KAS,0.9,16
3544,2,winter_wheat,1,PK,0.001,40
3544,2,winter_wheat,2,KAS,0.25,32
3544,2,winter_wheat,3,KAS,0.4,16
3544,2,winter_wheat,4,KAS,0.9,16
3545,2,winter_wheat,1,PK,0.001,40
3545,2,winter_wheat,2,KAS,0.25,32
3545,2,winter_wheat,3,KAS,0.4,16
3545,2,winter_wheat,4,KAS,0.9,16
3546,2,winter_wheat,1,PK,0.001,40
3546,2,winter_wheat,2,KAS,0.25,32
3546,2,winter_wheat,3,KAS,0.4,16
3546,2,winter_wheat,4,KAS,0.9,16
3547,2,winter_wheat,1,PK,0.001,40
3547,2,winter_wheat,2,KAS,0.25,32
3547,2,winter_wheat,3,KAS,0.4,16
3547,2,winter_wheat,4,KAS,0.9,16
3548,2,winter_wheat,1,PK,0.001,40
3548,2,winter_wheat,2,KAS,0.25,32
3548,2,winter_wheat,3,KAS,0.4,16
3548,2,winter_wheat,4,KAS,0.9,16
3549,2,winter_wheat,1,PK,0.001,40
3549,2,winter_wheat,2,KAS,0.25,32
3549,2,winter_wheat,3,KAS,0.4,16
3549,2,winter_wheat,4,KAS,0.9,16
3550,2,winter_wheat,1,PK,0.001,40
3550,2,winter_wheat,2,KAS,0.25,32
3550,2,winter_wheat,3,KAS,0.4,16
3550,2,winter_wheat,4,KAS,0.9,16
3551,2,winter_wheat,1,PK,0.001,40
3551,2,winter_wheat,2,KAS,0.25,32
3551,2,winter_wheat,3,KAS,0.4,16
3551,2,winter_wheat,4,KAS,0.9,16
3552,2,winter_wheat,1,PK,0.001,40
3552,2,winter_wheat,2,KAS,0.25,32
3552,2,winter_wheat,3,KAS,0.4,16
3552,2,winter_wheat,4,KAS,0.9,16
3553,2,winter_wheat,1,PK,0.001,40
3553,2,winter_wheat,2,KAS,0.25,32
3553,2,winter_wheat,3,KAS,0.4,16
3553,2,winter_wheat,4,KAS,0.9,16
3554,2,winter_wheat,1,PK,0.001,40
3554,2,winter_wheat,2,KAS,0.25,32
3554,2,winter_wheat,3,KAS,0.4,16
3554,2,winter_wheat,4,KAS,0.9,16
3555,2,winter_wheat,1,PK,0.001,40
3555,2,winter_wheat,2,KAS,0.25,32
3555,2,winter_wheat,3,KAS,0.4,16
3555,2,winter_wheat,4,KAS,0.9,16
3556,2,winter_wheat,1,PK,0.001,40
3556,2,winter_wheat,2,KAS,0.25,32
3556,2,winter_wheat,3,KAS,0.4,16
3556,2,winter_wheat,4,KAS,0.9,16
3557,2,winter_wheat,1,PK,0.001,40
3557,2,winter_wheat,2,KAS,0.25,32
3557,2,winter_wheat,3,KAS,0.4,16
3557,2,winter_wheat,4,KAS,0.9,16
3558,2,winter_wheat,1,PK,0.001,40
3558,2,winter_wheat,2,KAS,0.25,32
3558,2,winter_wheat,3,KAS,0.4,16
3558,2,winter_wheat,4,KAS,0.9,16
3559,2,winter_wheat,1,PK,0.001,40
3559,2,winter_wheat,2,KAS,0.25,32
3559,2,winter_wheat,3,KAS,0.4,16
3559,2,winter_wheat,4,KAS,0.9,16
3560,2,winter_wheat,1,PK,0.001,40
3560,2,winter_wheat,2,KAS,0.25,32
3560,2,winter_wheat,3,KAS,0.4,16
3560,2,winter_wheat,4,KAS,0.9,16
3561,2,winter_wheat,1,PK,0.001,40
3561,2,winter_wheat,2,KAS,0.25,32
3561,2,winter_wheat,3,KAS,0.4,16
3561,2,winter_wheat,4,KAS,0.9,16
3562,2,winter_wheat,1,PK,0.001,40
3562,2,winter_wheat,2,KAS,0.25,32
3562,2,winter_wheat,3,KAS,0.4,16
3562,2,winter_wheat,4,KAS,0.9,16
3563,2,winter_wheat,1,PK,0.001,40
3563,2,winter_wheat,2,KAS,0.25,32
3563,2,winter_wheat,3,KAS,0.4,16
3563,2,winter_wheat,4,KAS,0.9,16
3564,2,winter_wheat,1,PK,0.001,40
3564,2,winter_wheat,2,KAS,0.25,32
3564,2,winter_wheat,3,KAS,0.4,16
3564,2,winter_wheat,4,KAS,0.9,16
3565,2,winter_wheat,1,PK,0.001,40
3565,2,winter_wheat,2,KAS,0.25,32
3565,2,winter_wheat,3,KAS,0.4,16
3565,2,winter_wheat,4,KAS,0.9,16
3566,2,winter_wheat,1,PK,0.001,40
3566,2,winter_wheat,2,KAS,0.25,32
3566,2,winter_wheat,3,KAS,0.4,16
3566,2,winter_wheat,4,KAS,0.9,16
3567,2,winter_wheat,1,PK,0.001,40
3567,2,winter_wheat,2,KAS,0.25,32
3567,2,winter_wheat,3,KAS,0.4,16
3567,2,winter_wheat,4,KAS,0.9,16
3568,2,winter_wheat,1,PK,0.001,40
3568,2,winter_wheat,2,KAS,0.25,32
3568,2,winter_wheat,3,KAS,0.4,16
3568,2,winter_wheat,4,KAS,0.9,16
3569,2,winter_wheat,1,PK,0.001,40
3569,2,winter_wheat,2,KAS,0.25,32
3569,2,winter_wheat,3,KAS,0.4,16
3569,2,winter_wheat,4,KAS,0.9,16
3570,2,winter_wheat,1,PK,0.001,40
3570,2,winter_wheat,2,KAS,0.25,32
3570,2,winter_wheat,3,KAS,0.4,16
3570,2,winter_wheat,4,KAS,0.9,16
3571,2,winter_wheat,1,PK,0.001,40
3571,2,winter_wheat,2,KAS,0.25,32
3571,2,winter_wheat,3,KAS,0.4,16
3571,2,winter_wheat,4,KAS,0.9,16
3572,2,winter_wheat,1,PK,0.001,40
3572,2,winter_wheat,2,KAS,0.25,32
3572,2,winter_wheat,3,KAS,0.4,16
3572,2,winter_wheat,4,KAS,0.9,16
3573,2,winter_wheat,1,PK,0.001,40
3573,2,winter_wheat,2,KAS,0.25,32
3573,2,winter_wheat,3,KAS,0.4,16
3573,2,winter_wheat,4,KAS,0.9,16
3574,2,winter_wheat,1,PK,0.001,40
3574,2,winter_wheat,2,KAS,0.25,32
3574,2,winter_wheat,3,KAS,0.4,16
3574,2,winter_wheat,4,KAS,0.9,16
3575,2,winter_wheat,1,PK,0.001,40
3575,2,winter_wheat,2,KAS,0.25,32
3575,2,winter_wheat,3,KAS,0.4,16
3575,2,winter_wheat,4,KAS,0.9,16
3576,2,winter_wheat,1,PK,0.001,40
3576,2,winter_wheat,2,KAS,0.25,32
3576,2,winter_wheat,3,KAS,0.4,16
3576,2,winter_wheat,4,KAS,0.9,16
3577,2,winter_wheat,1,PK,0.001,40
3577,2,winter_wheat,2,KAS,0.25,32
3577,2,winter_wheat,3,KAS,0.4,16
3577,2,winter_wheat,4,KAS,0.9,16
3578,2,winter_wheat,1,PK,0.001,40
3578,2,winter_wheat,2,KAS,0.25,32
3578,2,winter_wheat,3,KAS,0.4,16
3578,2,winter_wheat,4,KAS,0.9,16
3579,2,winter_wheat,1,PK,0.001,40
3579,2,winter_wheat,2,KAS,0.25,32
3579,2,winter_wheat,3,KAS,0.4,16
3579,2,winter_wheat,4,KAS,0.9,16
3580,2,winter_wheat,1,PK,0.001,40
3580,2,winter_wheat,2,KAS,0.25,32
3580,2,winter_wheat,3,KAS,0.4,16
3580,2,winter_wheat,4,KAS,0.9,16
3581,2,winter_wheat,1,PK,0.001,40
3581,2,winter_wheat,2,KAS,0.25,32
3581,2,winter_wheat,3,KAS,0.4,16
3581,2,winter_wheat,4,KAS,0.9,16
3582,2,winter_wheat,1,PK,0.001,40
3582,2,winter_wheat,2,KAS,0.25,32
3582,2,winter_wheat,3,KAS,0.4,16
3582,2,winter_wheat,4,KAS,0.9,16
3583,2,winter_wheat,1,PK,0.001,40
3583,2,winter_wheat,2,KAS,0.25,32
3583,2,winter_wheat,3,KAS,0.4,16
3583,2,winter_wheat,4,KAS,0.9,16
3584,2,winter_wheat,1,PK,0.001,40
3584,2,winter_wheat,2,KAS,0.25,32
3584,2,winter_wheat,3,KAS,0.4,16
3584,2,winter_wheat,4,KAS,0.9,16
3585,2,winter_wheat,1,PK,0.001,40
3585,2,winter_wheat,2,KAS,0.25,32
3585,2,winter_wheat,3,KAS,0.4,16
3585,2,winter_wheat,4,KAS,0.9,16
3586,2,winter_wheat,1,PK,0.001,40
3586,2,winter_wheat,2,KAS,0.25,32
3586,2,winter_wheat,3,KAS,0.4,16
3586,2,winter_wheat,4,KAS,0.9,16
3587,2,winter_wheat,1,PK,0.001,40
3587,2,winter_wheat,2,KAS,0.25,32
3587,2,winter_wheat,3,KAS,0.4,16
3587,2,winter_wheat,4,KAS,0.9,16
3588,2,winter_wheat,1,PK,0.001,40
3588,2,winter_wheat,2,KAS,0.25,32
3588,2,winter_wheat,3,KAS,0.4,16
3588,2,winter_wheat,4,KAS,0.9,16
3589,2,winter_wheat,1,PK,0.001,40
3589,2,winter_wheat,2,KAS,0.25,32
3589,2,winter_wheat,3,KAS,0.4,16
3589,2,winter_wheat,4,KAS,0.9,16
3590,2,winter_wheat,1,PK,0.001,40
3590,2,winter_wheat,2,KAS,0.25,32
3590,2,winter_wheat,3,KAS,0.4,16
3590,2,winter_wheat,4,KAS,0.9,16
3591,2,winter_wheat,1,PK,0.001,40
3591,2,winter_wheat,2,KAS,0.25,32
3591,2,winter_wheat,3,KAS,0.4,16
3591,2,winter_wheat,4,KAS,0.9,16
3592,2,winter_wheat,1,PK,0.001,40
3592,2,winter_wheat,2,KAS,0.25,32
3592,2,winter_wheat,3,KAS,0.4,16
3592,2,winter_wheat,4,KAS,0.9,16
3593,2,winter_wheat,1,PK,0.001,40
3593,2,winter_wheat,2,KAS,0.25,32
3593,2,winter_wheat,3,KAS,0.4,16
3593,2,winter_wheat,4,KAS,0.9,16
3594,2,winter_wheat,1,PK,0.001,40
3594,2,winter_wheat,2,KAS,0.25,32
3594,2,winter_wheat,3,KAS,0.4,16
3594,2,winter_wheat,4,KAS,0.9,16
3595,2,winter_wheat,1,PK,0.001,40
3595,2,winter_wheat,2,KAS,0.25,32
3595,2,winter_wheat,3,KAS,0.4,16
3595,2,winter_wheat,4,KAS,0.9,16
3596,2,winter_wheat,1,PK,0.001,40
3596,2,winter_wheat,2,KAS,0.25,32
3596,2,winter_wheat,3,KAS,0.4,16
3596,2,winter_wheat,4,KAS,0.9,16
3597,2,winter_wheat,1,PK,0.001,40
3597,2,winter_wheat,2,KAS,0.25,32
3597,2,winter_wheat,3,KAS,0.4,16
3597,2,winter_wheat,4,KAS,0.9,16
3598,2,winter_wheat,1,PK,0.001,40
3598,2,winter_wheat,2,KAS,0.25,32
3598,2,winter_wheat,3,KAS,0.4,16
3598,2,winter_wheat,4,KAS,0.9,16
3599,2,winter_wheat,1,PK,0.001,40
3599,2,winter_wheat,2,KAS,0.25,32
3599,2,winter_wheat,3,KAS,0.4,16
3599,2,winter_wheat,4,KAS,0.9,16
3600,2,winter_wheat,1,PK,0.001,40
3600,2,winter_wheat,2,KAS,0.25,32
3600,2,winter_wheat,3,KAS,0.4,16
3600,2,winter_wheat,4,KAS,0.9,16
3601,2,winter_wheat,1,PK,0.001,40
3601,2,winter_wheat,2,KAS,0.25,32
3601,2,winter_wheat,3,KAS,0.4,16
3601,2,winter_wheat,4,KAS,0.9,16
3602,2,winter_wheat,1,PK,0.001,40
3602,2,winter_wheat,2,KAS,0.25,32
3602,2,winter_wheat,3,KAS,0.4,16
3602,2,winter_wheat,4,KAS,0.9,16
3603,2,winter_wheat,1,PK,0.001,40
3603,2,winter_wheat,2,KAS,0.25,32
3603,2,winter_wheat,3,KAS,0.4,16
3603,2,winter_wheat,4,KAS,0.9,16
3604,2,winter_wheat,1,PK,0.001,40
3604,2,winter_wheat,2,KAS,0.25,32
3604,2,winter_wheat,3,KAS,0.4,16
3604,2,winter_wheat,4,KAS,0.9,16
3605,2,winter_wheat,1,PK,0.001,40
3605,2,winter_wheat,2,KAS,0.25,32
3605,2,winter_wheat,3,KAS,0.4,16
3605,2,winter_wheat,4,KAS,0.9,16
3606,2,winter_wheat,1,PK,0.001,40
3606,2,winter_wheat,2,KAS,0.25,32
3606,2,winter_wheat,3,KAS,0.4,16
3606,2,winter_wheat,4,KAS,0.9,16
3607,2,winter_wheat,1,PK,0.001,40
3607,2,winter_wheat,2,KAS,0.25,32
3607,2,winter_wheat,3,KAS,0.4,16
3607,2,winter_wheat,4,KAS,0.9,16
3608,2,winter_wheat,1,PK,0.001,40
3608,2,winter_wheat,2,KAS,0.25,32
3608,2,winter_wheat,3,KAS,0.4,16
3608,2,winter_wheat,4,KAS,0.9,16
3609,2,winter_wheat,1,PK,0.001,40
3609,2,winter_wheat,2,KAS,0.25,32
3609,2,winter_wheat,3,KAS,0.4,16
3609,2,winter_wheat,4,KAS,0.9,16
3610,2,winter_wheat,1,PK,0.001,40
3610,2,winter_wheat,2,KAS,0.25,32
3610,2,winter_wheat,3,KAS,0.4,16
3610,2,winter_wheat,4,KAS,0.9,16
3611,2,winter_wheat,1,PK,0.001,40
3611,2,winter_wheat,2,KAS,0.25,32
3611,2,winter_wheat,3,KAS,0.4,16
3611,2,winter_wheat,4,KAS,0.9,16
3612,2,winter_wheat,1,PK,0.001,40
3612,2,winter_wheat,2,KAS,0.25,32
3612,2,winter_wheat,3,KAS,0.4,16
3612,2,winter_wheat,4,KAS,0.9,16
3613,2,winter_wheat,1,PK,0.001,40
3613,2,winter_wheat,2,KAS,0.25,32
3613,2,winter_wheat,3,KAS,0.4,16
3613,2,winter_wheat,4,KAS,0.9,16
3614,2,winter_wheat,1,PK,0.001,40
3614,2,winter_wheat,2,KAS,0.25,32
3614,2,winter_wheat,3,KAS,0.4,16
3614,2,winter_wheat,4,KAS,0.9,16
3615,2,winter_wheat,1,PK,0.001,40
3615,2,winter_wheat,2,KAS,0.25,32
3615,2,winter_wheat,3,KAS,0.4,16
3615,2,winter_wheat,4,KAS,0.9,16
3616,2,winter_wheat,1,PK,0.001,40
3616,2,winter_wheat,2,KAS,0.25,32
3616,2,winter_wheat,3,KAS,0.4,16
3616,2,winter_wheat,4,KAS,0.9,16
3617,2,winter_wheat,1,PK,0.001,40
3617,2,winter_wheat,2,KAS,0.25,32
3617,2,winter_wheat,3,KAS,0.4,16
3617,2,winter_wheat,4,KAS,0.9,16
3618,2,winter_wheat,1,PK,0.001,40
3618,2,winter_wheat,2,KAS,0.25,32
3618,2,winter_wheat,3,KAS,0.4,16
3618,2,winter_wheat,4,KAS,0.9,16
3619,2,winter_wheat,1,PK,0.001,40
3619,2,winter_wheat,2,KAS,0.25,32
3619,2,winter_wheat,3,KAS,0.4,16
3619,2,winter_wheat,4,KAS,0.9,16
3620,2,winter_wheat,1,PK,0.001,40
3620,2,winter_wheat,2,KAS,0.25,32
3620,2,winter_wheat,3,KAS,0.4,16
3620,2,winter_wheat,4,KAS,0.9,16
3621,2,winter_wheat,1,PK,0.001,40
3621,2,winter_wheat,2,KAS,0.25,32
3621,2,winter_wheat,3,KAS,0.4,16
3621,2,winter_wheat,4,KAS,0.9,16
3622,2,winter_wheat,1,PK,0.001,40
3622,2,winter_wheat,2,KAS,0.25,32
3622,2,winter_wheat,3,KAS,0.4,16
3622,2,winter_wheat,4,KAS,0.9,16
3623,2,winter_wheat,1,PK,0.001,40
3623,2,winter_wheat,2,KAS,0.25,32
3623,2,winter_wheat,3,KAS,0.4,16
3623,2,winter_wheat,4,KAS,0.9,16
3624,2,winter_wheat,1,PK,0.001,40
3624,2,winter_wheat,2,KAS,0.25,32
3624,2,winter_wheat,3,KAS,0.4,16
3624,2,winter_wheat,4,KAS,0.9,16
3625,2,winter_wheat,1,PK,0.001,40
3625,2,winter_wheat,2,KAS,0.25,32
3625,2,winter_wheat,3,KAS,0.4,16
3625,2,winter_wheat,4,KAS,0.9,16
3626,2,winter_wheat,1,PK,0.001,40
3626,2,winter_wheat,2,KAS,0.25,32
3626,2,winter_wheat,3,KAS,0.4,16
3626,2,winter_wheat,4,KAS,0.9,16
3627,2,winter_wheat,1,PK,0.001,40
3627,2,winter_wheat,2,KAS,0.25,32
3627,2,winter_wheat,3,KAS,0.4,16
3627,2,winter_wheat,4,KAS,0.9,16
3628,2,winter_wheat,1,PK,0.001,40
3628,2,winter_wheat,2,KAS,0.25,32
3628,2,winter_wheat,3,KAS,0.4,16
3628,2,winter_wheat,4,KAS,0.9,16
3629,2,winter_wheat,1,PK,0.001,40
3629,2,winter_wheat,2,KAS,0.25,32
3629,2,winter_wheat,3,KAS,0.4,16
3629,2,winter_wheat,4,KAS,0.9,16
3630,2,winter_wheat,1,PK,0.001,40
3630,2,winter_wheat,2,KAS,0.25,32
3630,2,winter_wheat,3,KAS,0.4,16
3630,2,winter_wheat,4,KAS,0.9,16
3631,2,winter_wheat,1,PK,0.001,40
3631,2,winter_wheat,2,KAS,0.25,32
3631,2,winter_wheat,3,KAS,0.4,16
3631,2,winter_wheat,4,KAS,0.9,16
3632,2,winter_wheat,1,PK,0.001,40
3632,2,winter_wheat,2,KAS,0.25,32
3632,2,winter_wheat,3,KAS,0.4,16
3632,2,winter_wheat,4,KAS,0.9,16
3633,2,winter_wheat,1,PK,0.001,40
3633,2,winter_wheat,2,KAS,0.25,32
3633,2,winter_wheat,3,KAS,0.4,16
3633,2,winter_wheat,4,KAS,0.9,16
3634,2,winter_wheat,1,PK,0.001,40
3634,2,winter_wheat,2,KAS,0.25,32
3634,2,winter_wheat,3,KAS,0.4,16
3634,2,winter_wheat,4,KAS,0.9,16
3636,2,winter_wheat,1,PK,0.001,40
3636,2,winter_wheat,2,KAS,0.25,32
3636,2,winter_wheat,3,KAS,0.4,16
3636,2,winter_wheat,4,KAS,0.9,16
3637,2,winter_wheat,1,PK,0.001,40
3637,2,winter_wheat,2,KAS,0.25,32
3637,2,winter_wheat,3,KAS,0.4,16
3637,2,winter_wheat,4,KAS,0.9,16
3638,2,winter_wheat,1,PK,0.001,40
3638,2,winter_wheat,2,KAS,0.25,32
3638,2,winter_wheat,3,KAS,0.4,16
3638,2,winter_wheat,4,KAS,0.9,16
3639,2,winter_wheat,1,PK,0.001,40
3639,2,winter_wheat,2,KAS,0.25,32
3639,2,winter_wheat,3,KAS,0.4,16
3639,2,winter_wheat,4,KAS,0.9,16
3640,2,winter_wheat,1,PK,0.001,40
3640,2,winter_wheat,2,KAS,0.25,32
3640,2,winter_wheat,3,KAS,0.4,16
3640,2,winter_wheat,4,KAS,0.9,16
3641,2,winter_wheat,1,PK,0.001,40
3641,2,winter_wheat,2,KAS,0.25,32
3641,2,winter_wheat,3,KAS,0.4,16
3641,2,winter_wheat,4,KAS,0.9,16
3642,2,winter_wheat,1,PK,0.001,40
3642,2,winter_wheat,2,KAS,0.25,32
3642,2,winter_wheat,3,KAS,0.4,16
3642,2,winter_wheat,4,KAS,0.9,16
3643,2,winter_wheat,1,PK,0.001,40
3643,2,winter_wheat,2,KAS,0.25,32
3643,2,winter_wheat,3,KAS,0.4,16
3643,2,winter_wheat,4,KAS,0.9,16
3644,2,winter_wheat,1,PK,0.001,40
3644,2,winter_wheat,2,KAS,0.25,32
3644,2,winter_wheat,3,KAS,0.4,16
3644,2,winter_wheat,4,KAS,0.9,16
3645,2,winter_wheat,1,PK,0.001,40
3645,2,winter_wheat,2,KAS,0.25,32
3645,2,winter_wheat,3,KAS,0.4,16
3645,2,winter_wheat,4,KAS,0.9,16
3647,2,winter_wheat,1,PK,0.001,40
3647,2,winter_wheat,2,KAS,0.25,32
3647,2,winter_wheat,3,KAS,0.4,16
3647,2,winter_wheat,4,KAS,0.9,16
3648,2,winter_wheat,1,PK,0.001,40
3648,2,winter_wheat,2,KAS,0.25,32
3648,2,winter_wheat,3,KAS,0.4,16
3648,2,winter_wheat,4,KAS,0.9,16
3649,2,winter_wheat,1,PK,0.001,40
3649,2,winter_wheat,2,KAS,0.25,32
3649,2,winter_wheat,3,KAS,0.4,16
3649,2,winter_wheat,4,KAS,0.9,16
3650,2,winter_wheat,1,PK,0.001,40
3650,2,winter_wheat,2,KAS,0.25,32
3650,2,winter_wheat,3,KAS,0.4,16
3650,2,winter_wheat,4,KAS,0.9,16
3651,2,winter_wheat,1,PK,0.001,40
3651,2,winter_wheat,2,KAS,0.25,32
3651,2,winter_wheat,3,KAS,0.4,16
3651,2,winter_wheat,4,KAS,0.9,16
3652,2,winter_wheat,1,PK,0.001,40
3652,2,winter_wheat,2,KAS,0.25,32
3652,2,winter_wheat,3,KAS,0.4,16
3652,2,winter_wheat,4,KAS,0.9,16
3653,2,winter_wheat,1,PK,0.001,40
3653,2,winter_wheat,2,KAS,0.25,32
3653,2,winter_wheat,3,KAS,0.4,16
3653,2,winter_wheat,4,KAS,0.9,16
3654,2,winter_wheat,1,PK,0.001,40
3654,2,winter_wheat,2,KAS,0.25,32
3654,2,winter_wheat,3,KAS,0.4,16
3654,2,winter_wheat,4,KAS,0.9,16
3655,2,winter_wheat,1,PK,0.001,40
3655,2,winter_wheat,2,KAS,0.25,32
3655,2,winter_wheat,3,KAS,0.4,16
3655,2,winter_wheat,4,KAS,0.9,16
3656,2,winter_wheat,1,PK,0.001,40
3656,2,winter_wheat,2,KAS,0.25,32
3656,2,winter_wheat,3,KAS,0.4,16
3656,2,winter_wheat,4,KAS,0.9,16
3657,2,winter_wheat,1,PK,0.001,40
3657,2,winter_wheat,2,KAS,0.25,32
3657,2,winter_wheat,3,KAS,0.4,16
3657,2,winter_wheat,4,KAS,0.9,16
3658,2,winter_wheat,1,PK,0.001,40
3658,2,winter_wheat,2,KAS,0.25,32
3658,2,winter_wheat,3,KAS,0.4,16
3658,2,winter_wheat,4,KAS,0.9,16
3659,2,winter_wheat,1,PK,0.001,40
3659,2,winter_wheat,2,KAS,0.25,32
3659,2,winter_wheat,3,KAS,0.4,16
3659,2,winter_wheat,4,KAS,0.9,16
3660,2,winter_wheat,1,PK,0.001,40
3660,2,winter_wheat,2,KAS,0.25,32
3660,2,winter_wheat,3,KAS,0.4,16
3660,2,winter_wheat,4,KAS,0.9,16
3661,2,winter_wheat,1,PK,0.001,40
3661,2,winter_wheat,2,KAS,0.25,32
3661,2,winter_wheat,3,KAS,0.4,16
3661,2,winter_wheat,4,KAS,0.9,16
3662,2,winter_wheat,1,PK,0.001,40
3662,2,winter_wheat,2,KAS,0.25,32
3662,2,winter_wheat,3,KAS,0.4,16
3662,2,winter_wheat,4,KAS,0.9,16
3663,2,winter_wheat,1,PK,0.001,40
3663,2,winter_wheat,2,KAS,0.25,32
3663,2,winter_wheat,3,KAS,0.4,16
3663,2,winter_wheat,4,KAS,0.9,16
3664,2,winter_wheat,1,PK,0.001,40
3664,2,winter_wheat,2,KAS,0.25,32
3664,2,winter_wheat,3,KAS,0.4,16
3664,2,winter_wheat,4,KAS,0.9,16
3665,2,winter_wheat,1,PK,0.001,40
3665,2,winter_wheat,2,KAS,0.25,32
3665,2,winter_wheat,3,KAS,0.4,16
3665,2,winter_wheat,4,KAS,0.9,16
3666,2,winter_wheat,1,PK,0.001,40
3666,2,winter_wheat,2,KAS,0.25,32
3666,2,winter_wheat,3,KAS,0.4,16
3666,2,winter_wheat,4,KAS,0.9,16
3667,2,winter_wheat,1,PK,0.001,40
3667,2,winter_wheat,2,KAS,0.25,32
3667,2,winter_wheat,3,KAS,0.4,16
3667,2,winter_wheat,4,KAS,0.9,16
3668,2,winter_wheat,1,PK,0.001,40
3668,2,winter_wheat,2,KAS,0.25,32
3668,2,winter_wheat,3,KAS,0.4,16
3668,2,winter_wheat,4,KAS,0.9,16
3669,2,winter_wheat,1,PK,0.001,40
3669,2,winter_wheat,2,KAS,0.25,32
3669,2,winter_wheat,3,KAS,0.4,16
3669,2,winter_wheat,4,KAS,0.9,16
3670,2,winter_wheat,1,PK,0.001,40
3670,2,winter_wheat,2,KAS,0.25,32
3670,2,winter_wheat,3,KAS,0.4,16
3670,2,winter_wheat,4,KAS,0.9,16
3671,2,winter_wheat,1,PK,0.001,40
3671,2,winter_wheat,2,KAS,0.25,32
3671,2,winter_wheat,3,KAS,0.4,16
3671,2,winter_wheat,4,KAS,0.9,16
3672,2,winter_wheat,1,PK,0.001,40
3672,2,winter_wheat,2,KAS,0.25,32
3672,2,winter_wheat,3,KAS,0.4,16
3672,2,winter_wheat,4,KAS,0.9,16
3673,2,winter_wheat,1,PK,0.001,40
3673,2,winter_wheat,2,KAS,0.25,32
3673,2,winter_wheat,3,KAS,0.4,16
3673,2,winter_wheat,4,KAS,0.9,16
3674,2,winter_wheat,1,PK,0.001,40
3674,2,winter_wheat,2,KAS,0.25,32
3674,2,winter_wheat,3,KAS,0.4,16
3674,2,winter_wheat,4,KAS,0.9,16
3675,2,winter_wheat,1,PK,0.001,40
3675,2,winter_wheat,2,KAS,0.25,32
3675,2,winter_wheat,3,KAS,0.4,16
3675,2,winter_wheat,4,KAS,0.9,16
3676,2,winter_wheat,1,PK,0.001,40
3676,2,winter_wheat,2,KAS,0.25,32
3676,2,winter_wheat,3,KAS,0.4,16
3676,2,winter_wheat,4,KAS,0.9,16
3677,2,winter_wheat,1,PK,0.001,40
3677,2,winter_wheat,2,KAS,0.25,32
3677,2,winter_wheat,3,KAS,0.4,16
3677,2,winter_wheat,4,KAS,0.9,16
3678,2,winter_wheat,1,PK,0.001,40
3678,2,winter_wheat,2,KAS,0.25,32
3678,2,winter_wheat,3,KAS,0.4,16
3678,2,winter_wheat,4,KAS,0.9,16
3679,2,winter_wheat,1,PK,0.001,40
3679,2,winter_wheat,2,KAS,0.25,32
3679,2,winter_wheat,3,KAS,0.4,16
3679,2,winter_wheat,4,KAS,0.9,16
3680,2,winter_wheat,1,PK,0.001,40
3680,2,winter_wheat,2,KAS,0.25,32
3680,2,winter_wheat,3,KAS,0.4,16
3680,2,winter_wheat,4,KAS,0.9,16
3681,2,winter_wheat,1,PK,0.001,40
3681,2,winter_wheat,2,KAS,0.25,32
3681,2,winter_wheat,3,KAS,0.4,16
3681,2,winter_wheat,4,KAS,0.9,16
3682,2,winter_wheat,1,PK,0.001,40
3682,2,winter_wheat,2,KAS,0.25,32
3682,2,winter_wheat,3,KAS,0.4,16
3682,2,winter_wheat,4,KAS,0.9,16
3683,2,winter_wheat,1,PK,0.001,40
3683,2,winter_wheat,2,KAS,0.25,32
3683,2,winter_wheat,3,KAS,0.4,16
3683,2,winter_wheat,4,KAS,0.9,16
3684,2,winter_wheat,1,PK,0.001,40
3684,2,winter_wheat,2,KAS,0.25,32
3684,2,winter_wheat,3,KAS,0.4,16
3684,2,winter_wheat,4,KAS,0.9,16
3685,2,winter_wheat,1,PK,0.001,40
3685,2,winter_wheat,2,KAS,0.25,32
3685,2,winter_wheat,3,KAS,0.4,16
3685,2,winter_wheat,4,KAS,0.9,16
3686,2,winter_wheat,1,PK,0.001,40
3686,2,winter_wheat,2,KAS,0.25,32
3686,2,winter_wheat,3,KAS,0.4,16
3686,2,winter_wheat,4,KAS,0.9,16
3687,2,winter_wheat,1,PK,0.001,40
3687,2,winter_wheat,2,KAS,0.25,32
3687,2,winter_wheat,3,KAS,0.4,16
3687,2,winter_wheat,4,KAS,0.9,16
3688,2,winter_wheat,1,PK,0.001,40
3688,2,winter_wheat,2,KAS,0.25,32
3688,2,winter_wheat,3,KAS,0.4,16
3688,2,winter_wheat,4,KAS,0.9,16
3689,2,winter_wheat,1,PK,0.001,40
3689,2,winter_wheat,2,KAS,0.25,32
3689,2,winter_wheat,3,KAS,0.4,16
3689,2,winter_wheat,4,KAS,0.9,16
3690,2,winter_wheat,1,PK,0.001,40
3690,2,winter_wheat,2,KAS,0.25,32
3690,2,winter_wheat,3,KAS,0.4,16
3690,2,winter_wheat,4,KAS,0.9,16
3691,2,winter_wheat,1,PK,0.001,40
3691,2,winter_wheat,2,KAS,0.25,32
3691,2,winter_wheat,3,KAS,0.4,16
3691,2,winter_wheat,4,KAS,0.9,16
3692,2,winter_wheat,1,PK,0.001,40
3692,2,winter_wheat,2,KAS,0.25,32
3692,2,winter_wheat,3,KAS,0.4,16
3692,2,winter_wheat,4,KAS,0.9,16
3693,2,winter_wheat,1,PK,0.001,40
3693,2,winter_wheat,2,KAS,0.25,32
3693,2,winter_wheat,3,KAS,0.4,16
3693,2,winter_wheat,4,KAS,0.9,16
3694,2,winter_wheat,1,PK,0.001,40
3694,2,winter_wheat,2,KAS,0.25,32
3694,2,winter_wheat,3,KAS,0.4,16
3694,2,winter_wheat,4,KAS,0.9,16
3695,2,winter_wheat,1,PK,0.001,40
3695,2,winter_wheat,2,KAS,0.25,32
3695,2,winter_wheat,3,KAS,0.4,16
3695,2,winter_wheat,4,KAS,0.9,16
3696,2,winter_wheat,1,PK,0.001,40
3696,2,winter_wheat,2,KAS,0.25,32
3696,2,winter_wheat,3,KAS,0.4,16
3696,2,winter_wheat,4,KAS,0.9,16
3697,2,winter_wheat,1,PK,0.001,40
3697,2,winter_wheat,2,KAS,0.25,32
3697,2,winter_wheat,3,KAS,0.4,16
3697,2,winter_wheat,4,KAS,0.9,16
3698,2,winter_wheat,1,PK,0.001,40
3698,2,winter_wheat,2,KAS,0.25,32
3698,2,winter_wheat,3,KAS,0.4,16
3698,2,winter_wheat,4,KAS,0.9,16
3699,2,winter_wheat,1,PK,0.001,40
3699,2,winter_wheat,2,KAS,0.25,32
3699,2,winter_wheat,3,KAS,0.4,16
3699,2,winter_wheat,4,KAS,0.9,16
3700,2,winter_wheat,1,PK,0.001,40
3700,2,winter_wheat,2,KAS,0.25,32
3700,2,winter_wheat,3,KAS,0.4,16
3700,2,winter_wheat,4,KAS,0.9,16
3701,2,winter_wheat,1,PK,0.001,40
3701,2,winter_wheat,2,KAS,0.25,32
3701,2,winter_wheat,3,KAS,0.4,16
3701,2,winter_wheat,4,KAS,0.9,16
3702,2,winter_wheat,1,PK,0.001,40
3702,2,winter_wheat,2,KAS,0.25,32
3702,2,winter_wheat,3,KAS,0.4,16
3702,2,winter_wheat,4,KAS,0.9,16
3703,2,winter_wheat,1,PK,0.001,40
3703,2,winter_wheat,2,KAS,0.25,32
3703,2,winter_wheat,3,KAS,0.4,16
3703,2,winter_wheat,4,KAS,0.9,16
3704,2,winter_wheat,1,PK,0.001,40
3704,2,winter_wheat,2,KAS,0.25,32
3704,2,winter_wheat,3,KAS,0.4,16
3704,2,winter_wheat,4,KAS,0.9,16
3705,2,winter_wheat,1,PK,0.001,40
3705,2,winter_wheat,2,KAS,0.25,32
3705,2,winter_wheat,3,KAS,0.4,16
3705,2,winter_wheat,4,KAS,0.9,16
3706,2,winter_wheat,1,PK,0.001,40
3706,2,winter_wheat,2,KAS,0.25,32
3706,2,winter_wheat,3,KAS,0.4,16
3706,2,winter_wheat,4,KAS,0.9,16
3707,2,winter_wheat,1,PK,0.001,40
3707,2,winter_wheat,2,KAS,0.25,32
3707,2,winter_wheat,3,KAS,0.4,16
3707,2,winter_wheat,4,KAS,0.9,16
3708,2,winter_wheat,1,PK,0.001,40
3708,2,winter_wheat,2,KAS,0.25,32
3708,2,winter_wheat,3,KAS,0.4,16
3708,2,winter_wheat,4,KAS,0.9,16
3709,2,winter_wheat,1,PK,0.001,40
3709,2,winter_wheat,2,KAS,0.25,32
3709,2,winter_wheat,3,KAS,0.4,16
3709,2,winter_wheat,4,KAS,0.9,16
3710,2,winter_wheat,1,PK,0.001,40
3710,2,winter_wheat,2,KAS,0.25,32
3710,2,winter_wheat,3,KAS,0.4,16
3710,2,winter_wheat,4,KAS,0.9,16
3711,2,winter_wheat,1,PK,0.001,40
3711,2,winter_wheat,2,KAS,0.25,32
3711,2,winter_wheat,3,KAS,0.4,16
3711,2,winter_wheat,4,KAS,0.9,16
3712,2,winter_wheat,1,PK,0.001,40
3712,2,winter_wheat,2,KAS,0.25,32
3712,2,winter_wheat,3,KAS,0.4,16
3712,2,winter_wheat,4,KAS,0.9,16
3713,2,winter_wheat,1,PK,0.001,40
3713,2,winter_wheat,2,KAS,0.25,32
3713,2,winter_wheat,3,KAS,0.4,16
3713,2,winter_wheat,4,KAS,0.9,16
3715,2,winter_wheat,1,PK,0.001,40
3715,2,winter_wheat,2,KAS,0.25,32
3715,2,winter_wheat,3,KAS,0.4,16
3715,2,winter_wheat,4,KAS,0.9,16
3716,2,winter_wheat,1,PK,0.001,40
3716,2,winter_wheat,2,KAS,0.25,32
3716,2,winter_wheat,3,KAS,0.4,16
3716,2,winter_wheat,4,KAS,0.9,16
3717,2,winter_wheat,1,PK,0.001,40
3717,2,winter_wheat,2,KAS,0.25,32
3717,2,winter_wheat,3,KAS,0.4,16
3717,2,winter_wheat,4,KAS,0.9,16
3718,2,winter_wheat,1,PK,0.001,40
3718,2,winter_wheat,2,KAS,0.25,32
3718,2,winter_wheat,3,KAS,0.4,16
3718,2,winter_wheat,4,KAS,0.9,16
3719,2,winter_wheat,1,PK,0.001,40
3719,2,winter_wheat,2,KAS,0.25,32
3719,2,winter_wheat,3,KAS,0.4,16
3719,2,winter_wheat,4,KAS,0.9,16
3720,2,winter_wheat,1,PK,0.001,40
3720,2,winter_wheat,2,KAS,0.25,32
3720,2,winter_wheat,3,KAS,0.4,16
3720,2,winter_wheat,4,KAS,0.9,16
3721,2,winter_wheat,1,PK,0.001,40
3721,2,winter_wheat,2,KAS,0.25,32
3721,2,winter_wheat,3,KAS,0.4,16
3721,2,winter_wheat,4,KAS,0.9,16
3722,2,winter_wheat,1,PK,0.001,40
3722,2,winter_wheat,2,KAS,0.25,32
3722,2,winter_wheat,3,KAS,0.4,16
3722,2,winter_wheat,4,KAS,0.9,16
3723,2,winter_wheat,1,PK,0.001,40
3723,2,winter_wheat,2,KAS,0.25,32
3723,2,winter_wheat,3,KAS,0.4,16
3723,2,winter_wheat,4,KAS,0.9,16
3724,2,winter_wheat,1,PK,0.001,40
3724,2,winter_wheat,2,KAS,0.25,32
3724,2,winter_wheat,3,KAS,0.4,16
3724,2,winter_wheat,4,KAS,0.9,16
3725,2,winter_wheat,1,PK,0.001,40
3725,2,winter_wheat,2,KAS,0.25,32
3725,2,winter_wheat,3,KAS,0.4,16
3725,2,winter_wheat,4,KAS,0.9,16
3726,2,winter_wheat,1,PK,0.001,40
3726,2,winter_wheat,2,KAS,0.25,32
3726,2,winter_wheat,3,KAS,0.4,16
3726,2,winter_wheat,4,KAS,0.9,16
3727,2,winter_wheat,1,PK,0.001,40
3727,2,winter_wheat,2,KAS,0.25,32
3727,2,winter_wheat,3,KAS,0.4,16
3727,2,winter_wheat,4,KAS,0.9,16
3728,2,winter_wheat,1,PK,0.001,40
3728,2,winter_wheat,2,KAS,0.25,32
3728,2,winter_wheat,3,KAS,0.4,16
3728,2,winter_wheat,4,KAS,0.9,16
3729,2,winter_wheat,1,PK,0.001,40
3729,2,winter_wheat,2,KAS,0.25,32
3729,2,winter_wheat,3,KAS,0.4,16
3729,2,winter_wheat,4,KAS,0.9,16
3730,2,winter_wheat,1,PK,0.001,40
3730,2,winter_wheat,2,KAS,0.25,32
3730,2,winter_wheat,3,KAS,0.4,16
3730,2,winter_wheat,4,KAS,0.9,16
3731,2,winter_wheat,1,PK,0.001,40
3731,2,winter_wheat,2,KAS,0.25,32
3731,2,winter_wheat,3,KAS,0.4,16
3731,2,winter_wheat,4,KAS,0.9,16
3732,2,winter_wheat,1,PK,0.001,40
3732,2,winter_wheat,2,KAS,0.25,32
3732,2,winter_wheat,3,KAS,0.4,16
3732,2,winter_wheat,4,KAS,0.9,16
3733,2,winter_wheat,1,PK,0.001,40
3733,2,winter_wheat,2,KAS,0.25,32
3733,2,winter_wheat,3,KAS,0.4,16
3733,2,winter_wheat,4,KAS,0.9,16
3734,2,winter_wheat,1,PK,0.001,40
3734,2,winter_wheat,2,KAS,0.25,32
3734,2,winter_wheat,3,KAS,0.4,16
3734,2,winter_wheat,4,KAS,0.9,16
3735,2,winter_wheat,1,PK,0.001,40
3735,2,winter_wheat,2,KAS,0.25,32
3735,2,winter_wheat,3,KAS,0.4,16
3735,2,winter_wheat,4,KAS,0.9,16
3736,2,winter_wheat,1,PK,0.001,40
3736,2,winter_wheat,2,KAS,0.25,32
3736,2,winter_wheat,3,KAS,0.4,16
3736,2,winter_wheat,4,KAS,0.9,16
3737,2,winter_wheat,1,PK,0.001,40
3737,2,winter_wheat,2,KAS,0.25,32
3737,2,winter_wheat,3,KAS,0.4,16
3737,2,winter_wheat,4,KAS,0.9,16
3738,2,winter_wheat,1,PK,0.001,40
3738,2,winter_wheat,2,KAS,0.25,32
3738,2,winter_wheat,3,KAS,0.4,16
3738,2,winter_wheat,4,KAS,0.9,16
3739,2,winter_wheat,1,PK,0.001,40
3739,2,winter_wheat,2,KAS,0.25,32
3739,2,winter_wheat,3,KAS,0.4,16
3739,2,winter_wheat,4,KAS,0.9,16
3740,2,winter_wheat,1,PK,0.001,40
3740,2,winter_wheat,2,KAS,0.25,32
3740,2,winter_wheat,3,KAS,0.4,16
3740,2,winter_wheat,4,KAS,0.9,16
3742,2,winter_wheat,1,PK,0.001,40
3742,2,winter_wheat,2,KAS,0.25,32
3742,2,winter_wheat,3,KAS,0.4,16
3742,2,winter_wheat,4,KAS,0.9,16
3743,2,winter_wheat,1,PK,0.001,40
3743,2,winter_wheat,2,KAS,0.25,32
3743,2,winter_wheat,3,KAS,0.4,16
3743,2,winter_wheat,4,KAS,0.9,16
3744,2,winter_wheat,1,PK,0.001,40
3744,2,winter_wheat,2,KAS,0.25,32
3744,2,winter_wheat,3,KAS,0.4,16
3744,2,winter_wheat,4,KAS,0.9,16
3745,2,winter_wheat,1,PK,0.001,40
3745,2,winter_wheat,2,KAS,0.25,32
3745,2,winter_wheat,3,KAS,0.4,16
3745,2,winter_wheat,4,KAS,0.9,16
3746,2,winter_wheat,1,PK,0.001,40
3746,2,winter_wheat,2,KAS,0.25,32
3746,2,winter_wheat,3,KAS,0.4,16
3746,2,winter_wheat,4,KAS,0.9,16
3747,2,winter_wheat,1,PK,0.001,40
3747,2,winter_wheat,2,KAS,0.25,32
3747,2,winter_wheat,3,KAS,0.4,16
3747,2,winter_wheat,4,KAS,0.9,16
3748,2,winter_wheat,1,PK,0.001,40
3748,2,winter_wheat,2,KAS,0.25,32
3748,2,winter_wheat,3,KAS,0.4,16
3748,2,winter_wheat,4,KAS,0.9,16
3749,2,winter_wheat,1,PK,0.001,40
3749,2,winter_wheat,2,KAS,0.25,32
3749,2,winter_wheat,3,KAS,0.4,16
3749,2,winter_wheat,4,KAS,0.9,16
3750,2,winter_wheat,1,PK,0.001,40
3750,2,winter_wheat,2,KAS,0.25,32
3750,2,winter_wheat,3,KAS,0.4,16
3750,2,winter_wheat,4,KAS,0.9,16
3751,2,winter_wheat,1,PK,0.001,40
3751,2,winter_wheat,2,KAS,0.25,32
3751,2,winter_wheat,3,KAS,0.4,16
3751,2,winter_wheat,4,KAS,0.9,16
3752,2,winter_wheat,1,PK,0.001,40
3752,2,winter_wheat,2,KAS,0.25,32
3752,2,winter_wheat,3,KAS,0.4,16
3752,2,winter_wheat,4,KAS,0.9,16
3753,2,winter_wheat,1,PK,0.001,40
3753,2,winter_wheat,2,KAS,0.25,32
3753,2,winter_wheat,3,KAS,0.4,16
3753,2,winter_wheat,4,KAS,0.9,16
3754,2,winter_wheat,1,PK,0.001,40
3754,2,winter_wheat,2,KAS,0.25,32
3754,2,winter_wheat,3,KAS,0.4,16
3754,2,winter_wheat,4,KAS,0.9,16
3755,2,winter_wheat,1,PK,0.001,40
3755,2,winter_wheat,2,KAS,0.25,32
3755,2,winter_wheat,3,KAS,0.4,16
3755,2,winter_wheat,4,KAS,0.9,16
3756,2,winter_wheat,1,PK,0.001,40
3756,2,winter_wheat,2,KAS,0.25,32
3756,2,winter_wheat,3,KAS,0.4,16
3756,2,winter_wheat,4,KAS,0.9,16
3757,2,winter_wheat,1,PK,0.001,40
3757,2,winter_wheat,2,KAS,0.25,32
3757,2,winter_wheat,3,KAS,0.4,16
3757,2,winter_wheat,4,KAS,0.9,16
3758,2,winter_wheat,1,PK,0.001,40
3758,2,winter_wheat,2,KAS,0.25,32
3758,2,winter_wheat,3,KAS,0.4,16
3758,2,winter_wheat,4,KAS,0.9,16
3759,2,winter_wheat,1,PK,0.001,40
3759,2,winter_wheat,2,KAS,0.25,32
3759,2,winter_wheat,3,KAS,0.4,16
3759,2,winter_wheat,4,KAS,0.9,16
3760,2,winter_wheat,1,PK,0.001,40
3760,2,winter_wheat,2,KAS,0.25,32
3760,2,winter_wheat,3,KAS,0.4,16
3760,2,winter_wheat,4,KAS,0.9,16
3761,2,winter_wheat,1,PK,0.001,40
3761,2,winter_wheat,2,KAS,0.25,32
3761,2,winter_wheat,3,KAS,0.4,16
3761,2,winter_wheat,4,KAS,0.9,16
3762,2,winter_wheat,1,PK,0.001,40
3762,2,winter_wheat,2,KAS,0.25,32
3762,2,winter_wheat,3,KAS,0.4,16
3762,2,winter_wheat,4,KAS,0.9,16
3763,2,winter_wheat,1,PK,0.001,40
3763,2,winter_wheat,2,KAS,0.25,32
3763,2,winter_wheat,3,KAS,0.4,16
3763,2,winter_wheat,4,KAS,0.9,16
3764,2,winter_wheat,1,PK,0.001,40
3764,2,winter_wheat,2,KAS,0.25,32
3764,2,winter_wheat,3,KAS,0.4,16
3764,2,winter_wheat,4,KAS,0.9,16
3765,2,winter_wheat,1,PK,0.001,40
3765,2,winter_wheat,2,KAS,0.25,32
3765,2,winter_wheat,3,KAS,0.4,16
3765,2,winter_wheat,4,KAS,0.9,16
3766,2,winter_wheat,1,PK,0.001,40
3766,2,winter_wheat,2,KAS,0.25,32
3766,2,winter_wheat,3,KAS,0.4,16
3766,2,winter_wheat,4,KAS,0.9,16
3767,2,winter_wheat,1,PK,0.001,40
3767,2,winter_wheat,2,KAS,0.25,32
3767,2,winter_wheat,3,KAS,0.4,16
3767,2,winter_wheat,4,KAS,0.9,16
3768,2,winter_wheat,1,PK,0.001,40
3768,2,winter_wheat,2,KAS,0.25,32
3768,2,winter_wheat,3,KAS,0.4,16
3768,2,winter_wheat,4,KAS,0.9,16
3769,2,winter_wheat,1,PK,0.001,40
3769,2,winter_wheat,2,KAS,0.25,32
3769,2,winter_wheat,3,KAS,0.4,16
3769,2,winter_wheat,4,KAS,0.9,16
3770,2,winter_wheat,1,PK,0.001,40
3770,2,winter_wheat,2,KAS,0.25,32
3770,2,winter_wheat,3,KAS,0.4,16
3770,2,winter_wheat,4,KAS,0.9,16
3771,2,winter_wheat,1,PK,0.001,40
3771,2,winter_wheat,2,KAS,0.25,32
3771,2,winter_wheat,3,KAS,0.4,16
3771,2,winter_wheat,4,KAS,0.9,16
3772,2,winter_wheat,1,PK,0.001,40
3772,2,winter_wheat,2,KAS,0.25,32
3772,2,winter_wheat,3,KAS,0.4,16
3772,2,winter_wheat,4,KAS,0.9,16
3773,2,winter_wheat,1,PK,0.001,40
3773,2,winter_wheat,2,KAS,0.25,32
3773,2,winter_wheat,3,KAS,0.4,16
3773,2,winter_wheat,4,KAS,0.9,16
3774,2,winter_wheat,1,PK,0.001,40
3774,2,winter_wheat,2,KAS,0.25,32
3774,2,winter_wheat,3,KAS,0.4,16
3774,2,winter_wheat,4,KAS,0.9,16
3775,2,winter_wheat,1,PK,0.001,40
3775,2,winter_wheat,2,KAS,0.25,32
3775,2,winter_wheat,3,KAS,0.4,16
3775,2,winter_wheat,4,KAS,0.9,16
3776,2,winter_wheat,1,PK,0.001,40
3776,2,winter_wheat,2,KAS,0.25,32
3776,2,winter_wheat,3,KAS,0.4,16
3776,2,winter_wheat,4,KAS,0.9,16
3778,2,winter_wheat,1,PK,0.001,40
3778,2,winter_wheat,2,KAS,0.25,32
3778,2,winter_wheat,3,KAS,0.4,16
3778,2,winter_wheat,4,KAS,0.9,16
3779,2,winter_wheat,1,PK,0.001,40
3779,2,winter_wheat,2,KAS,0.25,32
3779,2,winter_wheat,3,KAS,0.4,16
3779,2,winter_wheat,4,KAS,0.9,16
3780,2,winter_wheat,1,PK,0.001,40
3780,2,winter_wheat,2,KAS,0.25,32
3780,2,winter_wheat,3,KAS,0.4,16
3780,2,winter_wheat,4,KAS,0.9,16
3781,2,winter_wheat,1,PK,0.001,40
3781,2,winter_wheat,2,KAS,0.25,32
3781,2,winter_wheat,3,KAS,0.4,16
3781,2,winter_wheat,4,KAS,0.9,16
3782,2,winter_wheat,1,PK,0.001,40
3782,2,winter_wheat,2,KAS,0.25,32
3782,2,winter_wheat,3,KAS,0.4,16
3782,2,winter_wheat,4,KAS,0.9,16
3783,2,winter_wheat,1,PK,0.001,40
3783,2,winter_wheat,2,KAS,0.25,32
3783,2,winter_wheat,3,KAS,0.4,16
3783,2,winter_wheat,4,KAS,0.9,16
3784,2,winter_wheat,1,PK,0.001,40
3784,2,winter_wheat,2,KAS,0.25,32
3784,2,winter_wheat,3,KAS,0.4,16
3784,2,winter_wheat,4,KAS,0.9,16
3785,2,winter_wheat,1,PK,0.001,40
3785,2,winter_wheat,2,KAS,0.25,32
3785,2,winter_wheat,3,KAS,0.4,16
3785,2,winter_wheat,4,KAS,0.9,16
3786,2,winter_wheat,1,PK,0.001,40
3786,2,winter_wheat,2,KAS,0.25,32
3786,2,winter_wheat,3,KAS,0.4,16
3786,2,winter_wheat,4,KAS,0.9,16
3787,2,winter_wheat,1,PK,0.001,40
3787,2,winter_wheat,2,KAS,0.25,32
3787,2,winter_wheat,3,KAS,0.4,16
3787,2,winter_wheat,4,KAS,0.9,16
3788,2,winter_wheat,1,PK,0.001,40
3788,2,winter_wheat,2,KAS,0.25,32
3788,2,winter_wheat,3,KAS,0.4,16
3788,2,winter_wheat,4,KAS,0.9,16
3789,2,winter_wheat,1,PK,0.001,40
3789,2,winter_wheat,2,KAS,0.25,32
3789,2,winter_wheat,3,KAS,0.4,16
3789,2,winter_wheat,4,KAS,0.9,16
3790,2,winter_wheat,1,PK,0.001,40
3790,2,winter_wheat,2,KAS,0.25,32
3790,2,winter_wheat,3,KAS,0.4,16
3790,2,winter_wheat,4,KAS,0.9,16
3791,2,winter_wheat,1,PK,0.001,40
3791,2,winter_wheat,2,KAS,0.25,32
3791,2,winter_wheat,3,KAS,0.4,16
3791,2,winter_wheat,4,KAS,0.9,16
3792,2,winter_wheat,1,PK,0.001,40
3792,2,winter_wheat,2,KAS,0.25,32
3792,2,winter_wheat,3,KAS,0.4,16
3792,2,winter_wheat,4,KAS,0.9,16
3793,2,winter_wheat,1,PK,0.001,40
3793,2,winter_wheat,2,KAS,0.25,32
3793,2,winter_wheat,3,KAS,0.4,16
3793,2,winter_wheat,4,KAS,0.9,16
3794,2,winter_wheat,1,PK,0.001,40
3794,2,winter_wheat,2,KAS,0.25,32
3794,2,winter_wheat,3,KAS,0.4,16
3794,2,winter_wheat,4,KAS,0.9,16
3795,2,winter_wheat,1,PK,0.001,40
3795,2,winter_wheat,2,KAS,0.25,32
3795,2,winter_wheat,3,KAS,0.4,16
3795,2,winter_wheat,4,KAS,0.9,16
3796,2,winter_wheat,1,PK,0.001,40
3796,2,winter_wheat,2,KAS,0.25,32
3796,2,winter_wheat,3,KAS,0.4,16
3796,2,winter_wheat,4,KAS,0.9,16
5316,2,winter_wheat,1,PK,0.001,40
5316,2,winter_wheat,2,KAS,0.25,32
5316,2,winter_wheat,3,KAS,0.4,16
5316,2,winter_wheat,4,KAS,0.9,16
5317,2,winter_wheat,1,PK,0.001,40
5317,2,winter_wheat,2,KAS,0.25,32
5317,2,winter_wheat,3,KAS,0.4,16
5317,2,winter_wheat,4,KAS,0.9,16
5318,2,winter_wheat,1,PK,0.001,40
5318,2,winter_wheat,2,KAS,0.25,32
5318,2,winter_wheat,3,KAS,0.4,16
5318,2,winter_wheat,4,KAS,0.9,16
5319,2,winter_wheat,1,PK,0.001,40
5319,2,winter_wheat,2,KAS,0.25,32
5319,2,winter_wheat,3,KAS,0.4,16
5319,2,winter_wheat,4,KAS,0.9,16
5320,2,winter_wheat,1,PK,0.001,40
5320,2,winter_wheat,2,KAS,0.25,32
5320,2,winter_wheat,3,KAS,0.4,16
5320,2,winter_wheat,4,KAS,0.9,16
5321,2,winter_wheat,1,PK,0.001,40
5321,2,winter_wheat,2,KAS,0.25,32
5321,2,winter_wheat,3,KAS,0.4,16
5321,2,winter_wheat,4,KAS,0.9,16
5322,2,winter_wheat,1,PK,0.001,40
5322,2,winter_wheat,2,KAS,0.25,32
5322,2,winter_wheat,3,KAS,0.4,16
5322,2,winter_wheat,4,KAS,0.9,16
5323,2,winter_wheat,1,PK,0.001,40
5323,2,winter_wheat,2,KAS,0.25,32
5323,2,winter_wheat,3,KAS,0.4,16
5323,2,winter_wheat,4,KAS,0.9,16
5324,2,winter_wheat,1,PK,0.001,40
5324,2,winter_wheat,2,KAS,0.25,32
5324,2,winter_wheat,3,KAS,0.4,16
5324,2,winter_wheat,4,KAS,0.9,16
5325,2,winter_wheat,1,PK,0.001,40
5325,2,winter_wheat,2,KAS,0.25,32
5325,2,winter_wheat,3,KAS,0.4,16
5325,2,winter_wheat,4,KAS,0.9,16
5326,2,winter_wheat,1,PK,0.001,40
5326,2,winter_wheat,2,KAS,0.25,32
5326,2,winter_wheat,3,KAS,0.4,16
5326,2,winter_wheat,4,KAS,0.9,16
5327,2,winter_wheat,1,PK,0.001,40
5327,2,winter_wheat,2,KAS,0.25,32
5327,2,winter_wheat,3,KAS,0.4,16
5327,2,winter_wheat,4,KAS,0.9,16
5328,2,winter_wheat,1,PK,0.001,40
5328,2,winter_wheat,2,KAS,0.25,32
5328,2,winter_wheat,3,KAS,0.4,16
5328,2,winter_wheat,4,KAS,0.9,16
5329,2,winter_wheat,1,PK,0.001,40
5329,2,winter_wheat,2,KAS,0.25,32
5329,2,winter_wheat,3,KAS,0.4,16
5329,2,winter_wheat,4,KAS,0.9,16
5330,2,winter_wheat,1,PK,0.001,40
5330,2,winter_wheat,2,KAS,0.25,32
5330,2,winter_wheat,3,KAS,0.4,16
5330,2,winter_wheat,4,KAS,0.9,16
5331,2,winter_wheat,1,PK,0.001,40
5331,2,winter_wheat,2,KAS,0.25,32
5331,2,winter_wheat,3,KAS,0.4,16
5331,2,winter_wheat,4,KAS,0.9,16
5332,2,winter_wheat,1,PK,0.001,40
5332,2,winter_wheat,2,KAS,0.25,32
5332,2,winter_wheat,3,KAS,0.4,16
5332,2,winter_wheat,4,KAS,0.9,16
5333,2,winter_wheat,1,PK,0.001,40
5333,2,winter_wheat,2,KAS,0.25,32
5333,2,winter_wheat,3,KAS,0.4,16
5333,2,winter_wheat,4,KAS,0.9,16
5334,2,winter_wheat,1,PK,0.001,40
5334,2,winter_wheat,2,KAS,0.25,32
5334,2,winter_wheat,3,KAS,0.4,16
5334,2,winter_wheat,4,KAS,0.9,16
5335,2,winter_wheat,1,PK,0.001,40
5335,2,winter_wheat,2,KAS,0.25,32
5335,2,winter_wheat,3,KAS,0.4,16
5335,2,winter_wheat,4,KAS,0.9,16
5336,2,winter_wheat,1,PK,0.001,40
5336,2,winter_wheat,2,KAS,0.25,32
5336,2,winter_wheat,3,KAS,0.4,16
5336,2,winter_wheat,4,KAS,0.9,16
5337,2,winter_wheat,1,PK,0.001,40
5337,2,winter_wheat,2,KAS,0.25,32
5337,2,winter_wheat,3,KAS,0.4,16
5337,2,winter_wheat,4,KAS,0.9,16
5338,2,winter_wheat,1,PK,0.001,40
5338,2,winter_wheat,2,KAS,0.25,32
5338,2,winter_wheat,3,KAS,0.4,16
5338,2,winter_wheat,4,KAS,0.9,16
5339,2,winter_wheat,1,PK,0.001,40
5339,2,winter_wheat,2,KAS,0.25,32
5339,2,winter_wheat,3,KAS,0.4,16
5339,2,winter_wheat,4,KAS,0.9,16
5340,2,winter_wheat,1,PK,0.001,40
5340,2,winter_wheat,2,KAS,0.25,32
5340,2,winter_wheat,3,KAS,0.4,16
5340,2,winter_wheat,4,KAS,0.9,16
5341,2,winter_wheat,1,PK,0.001,40
5341,2,winter_wheat,2,KAS,0.25,32
5341,2,winter_wheat,3,KAS,0.4,16
5341,2,winter_wheat,4,KAS,0.9,16
5342,2,winter_wheat,1,PK,0.001,40
5342,2,winter_wheat,2,KAS,0.25,32
5342,2,winter_wheat,3,KAS,0.4,16
5342,2,winter_wheat,4,KAS,0.9,16
5343,2,winter_wheat,1,PK,0.001,40
5343,2,winter_wheat,2,KAS,0.25,32
5343,2,winter_wheat,3,KAS,0.4,16
5343,2,winter_wheat,4,KAS,0.9,16
5344,2,winter_wheat,1,PK,0.001,40
5344,2,winter_wheat,2,KAS,0.25,32
5344,2,winter_wheat,3,KAS,0.4,16
5344,2,winter_wheat,4,KAS,0.9,16
5345,2,winter_wheat,1,PK,0.001,40
5345,2,winter_wheat,2,KAS,0.25,32
5345,2,winter_wheat,3,KAS,0.4,16
5345,2,winter_wheat,4,KAS,0.9,16
5346,2,winter_wheat,1,PK,0.001,40
5346,2,winter_wheat,2,KAS,0.25,32
5346,2,winter_wheat,3,KAS,0.4,16
5346,2,winter_wheat,4,KAS,0.9,16
5347,2,winter_wheat,1,PK,0.001,40
5347,2,winter_wheat,2,KAS,0.25,32
5347,2,winter_wheat,3,KAS,0.4,16
5347,2,winter_wheat,4,KAS,0.9,16
5348,2,winter_wheat,1,PK,0.001,40
5348,2,winter_wheat,2,KAS,0.25,32
5348,2,winter_wheat,3,KAS,0.4,16
5348,2,winter_wheat,4,KAS,0.9,16
5349,2,winter_wheat,1,PK,0.001,40
5349,2,winter_wheat,2,KAS,0.25,32
5349,2,winter_wheat,3,KAS,0.4,16
5349,2,winter_wheat,4,KAS,0.9,16
5350,2,winter_wheat,1,PK,0.001,40
5350,2,winter_wheat,2,KAS,0.25,32
5350,2,winter_wheat,3,KAS,0.4,16
5350,2,winter_wheat,4,KAS,0.9,16
5351,2,winter_wheat,1,PK,0.001,40
5351,2,winter_wheat,2,KAS,0.25,32
5351,2,winter_wheat,3,KAS,0.4,16
5351,2,winter_wheat,4,KAS,0.9,16
5352,2,winter_wheat,1,PK,0.001,40
5352,2,winter_wheat,2,KAS,0.25,32
5352,2,winter_wheat,3,KAS,0.4,16
5352,2,winter_wheat,4,KAS,0.9,16
5353,2,winter_wheat,1,PK,0.001,40
5353,2,winter_wheat,2,KAS,0.25,32
5353,2,winter_wheat,3,KAS,0.4,16
5353,2,winter_wheat,4,KAS,0.9,16
5354,2,winter_wheat,1,PK,0.001,40
5354,2,winter_wheat,2,KAS,0.25,32
5354,2,winter_wheat,3,KAS,0.4,16
5354,2,winter_wheat,4,KAS,0.9,16
5355,2,winter_wheat,1,PK,0.001,40
5355,2,winter_wheat,2,KAS,0.25,32
5355,2,winter_wheat,3,KAS,0.4,16
5355,2,winter_wheat,4,KAS,0.9,16
5356,2,winter_wheat,1,PK,0.001,40
5356,2,winter_wheat,2,KAS,0.25,32
5356,2,winter_wheat,3,KAS,0.4,16
5356,2,winter_wheat,4,KAS,0.9,16
5357,2,winter_wheat,1,PK,0.001,40
5357,2,winter_wheat,2,KAS,0.25,32
5357,2,winter_wheat,3,KAS,0.4,16
5357,2,winter_wheat,4,KAS,0.9,16
5358,2,winter_wheat,1,PK,0.001,40
5358,2,winter_wheat,2,KAS,0.25,32
5358,2,winter_wheat,3,KAS,0.4,16
5358,2,winter_wheat,4,KAS,0.9,16
5359,2,winter_wheat,1,PK,0.001,40
5359,2,winter_wheat,2,KAS,0.25,32
5359,2,winter_wheat,3,KAS,0.4,16
5359,2,winter_wheat,4,KAS,0.9,16
5360,2,winter_wheat,1,PK,0.001,40
5360,2,winter_wheat,2,KAS,0.25,32
5360,2,winter_wheat,3,KAS,0.4,16
5360,2,winter_wheat,4,KAS,0.9,16
5361,2,winter_wheat,1,PK,0.001,40
5361,2,winter_wheat,2,KAS,0.25,32
5361,2,winter_wheat,3,KAS,0.4,16
5361,2,winter_wheat,4,KAS,0.9,16
5362,2,winter_wheat,1,PK,0.001,40
5362,2,winter_wheat,2,KAS,0.25,32
5362,2,winter_wheat,3,KAS,0.4,16
5362,2,winter_wheat,4,KAS,0.9,16
5363,2,winter_wheat,1,PK,0.001,40
5363,2,winter_wheat,2,KAS,0.25,32
5363,2,winter_wheat,3,KAS,0.4,16
5363,2,winter_wheat,4,KAS,0.9,16
5364,2,winter_wheat,1,PK,0.001,40
5364,2,winter_wheat,2,KAS,0.25,32
5364,2,winter_wheat,3,KAS,0.4,16
5364,2,winter_wheat,4,KAS,0.9,16
5365,2,winter_wheat,1,PK,0.001,40
5365,2,winter_wheat,2,KAS,0.25,32
5365,2,winter_wheat,3,KAS,0.4,16
5365,2,winter_wheat,4,KAS,0.9,16
5366,2,winter_wheat,1,PK,0.001,40
5366,2,winter_wheat,2,KAS,0.25,32
5366,2,winter_wheat,3,KAS,0.4,16
5366,2,winter_wheat,4,KAS,0.9,16
5367,2,winter_wheat,1,PK,0.001,40
5367,2,winter_wheat,2,KAS,0.25,32
5367,2,winter_wheat,3,KAS,0.4,16
5367,2,winter_wheat,4,KAS,0.9,16
5368,2,winter_wheat,1,PK,0.001,40
5368,2,winter_wheat,2,KAS,0.25,32
5368,2,winter_wheat,3,KAS,0.4,16
5368,2,winter_wheat,4,KAS,0.9,16
5369,2,winter_wheat,1,PK,0.001,40
5369,2,winter_wheat,2,KAS,0.25,32
5369,2,winter_wheat,3,KAS,0.4,16
5369,2,winter_wheat,4,KAS,0.9,16
5370,2,winter_wheat,1,PK,0.001,40
5370,2,winter_wheat,2,KAS,0.25,32
5370,2,winter_wheat,3,KAS,0.4,16
5370,2,winter_wheat,4,KAS,0.9,16
5371,2,winter_wheat,1,PK,0.001,40
5371,2,winter_wheat,2,KAS,0.25,32
5371,2,winter_wheat,3,KAS,0.4,16
5371,2,winter_wheat,4,KAS,0.9,16
5372,2,winter_wheat,1,PK,0.001,40
5372,2,winter_wheat,2,KAS,0.25,32
5372,2,winter_wheat,3,KAS,0.4,16
5372,2,winter_wheat,4,KAS,0.9,16
5373,2,winter_wheat,1,PK,0.001,40
5373,2,winter_wheat,2,KAS,0.25,32
5373,2,winter_wheat,3,KAS,0.4,16
5373,2,winter_wheat,4,KAS,0.9,16
5374,2,winter_wheat,1,PK,0.001,40
5374,2,winter_wheat,2,KAS,0.25,32
5374,2,winter_wheat,3,KAS,0.4,16
5374,2,winter_wheat,4,KAS,0.9,16
5375,2,winter_wheat,1,PK,0.001,40
5375,2,winter_wheat,2,KAS,0.25,32
5375,2,winter_wheat,3,KAS,0.4,16
5375,2,winter_wheat,4,KAS,0.9,16
5376,2,winter_wheat,1,PK,0.001,40
5376,2,winter_wheat,2,KAS,0.25,32
5376,2,winter_wheat,3,KAS,0.4,16
5376,2,winter_wheat,4,KAS,0.9,16
5377,2,winter_wheat,1,PK,0.001,40
5377,2,winter_wheat,2,KAS,0.25,32
5377,2,winter_wheat,3,KAS,0.4,16
5377,2,winter_wheat,4,KAS,0.9,16
5378,2,winter_wheat,1,PK,0.001,40
5378,2,winter_wheat,2,KAS,0.25,32
5378,2,winter_wheat,3,KAS,0.4,16
5378,2,winter_wheat,4,KAS,0.9,16
5379,2,winter_wheat,1,PK,0.001,40
5379,2,winter_wheat,2,KAS,0.25,32
5379,2,winter_wheat,3,KAS,0.4,16
5379,2,winter_wheat,4,KAS,0.9,16
5381,2,winter_wheat,1,PK,0.001,40
5381,2,winter_wheat,2,KAS,0.25,32
5381,2,winter_wheat,3,KAS,0.4,16
5381,2,winter_wheat,4,KAS,0.9,16
5382,2,winter_wheat,1,PK,0.001,40
5382,2,winter_wheat,2,KAS,0.25,32
5382,2,winter_wheat,3,KAS,0.4,16
5382,2,winter_wheat,4,KAS,0.9,16
5383,2,winter_wheat,1,PK,0.001,40
5383,2,winter_wheat,2,KAS,0.25,32
5383,2,winter_wheat,3,KAS,0.4,16
5383,2,winter_wheat,4,KAS,0.9,16
5385,2,winter_wheat,1,PK,0.001,40
5385,2,winter_wheat,2,KAS,0.25,32
5385,2,winter_wheat,3,KAS,0.4,16
5385,2,winter_wheat,4,KAS,0.9,16
5386,2,winter_wheat,1,PK,0.001,40
5386,2,winter_wheat,2,KAS,0.25,32
5386,2,winter_wheat,3,KAS,0.4,16
5386,2,winter_wheat,4,KAS,0.9,16
5387,2,winter_wheat,1,PK,0.001,40
5387,2,winter_wheat,2,KAS,0.25,32
5387,2,winter_wheat,3,KAS,0.4,16
5387,2,winter_wheat,4,KAS,0.9,16
5388,2,winter_wheat,1,PK,0.001,40
5388,2,winter_wheat,2,KAS,0.25,32
5388,2,winter_wheat,3,KAS,0.4,16
5388,2,winter_wheat,4,KAS,0.9,16
5389,2,winter_wheat,1,PK,0.001,40
5389,2,winter_wheat,2,KAS,0.25,32
5389,2,winter_wheat,3,KAS,0.4,16
5389,2,winter_wheat,4,KAS,0.9,16
5390,2,winter_wheat,1,PK,0.001,40
5390,2,winter_wheat,2,KAS,0.25,32
5390,2,winter_wheat,3,KAS,0.4,16
5390,2,winter_wheat,4,KAS,0.9,16
5391,2,winter_wheat,1,PK,0.001,40
5391,2,winter_wheat,2,KAS,0.25,32
5391,2,winter_wheat,3,KAS,0.4,16
5391,2,winter_wheat,4,KAS,0.9,16
5392,2,winter_wheat,1,PK,0.001,40
5392,2,winter_wheat,2,KAS,0.25,32
5392,2,winter_wheat,3,KAS,0.4,16
5392,2,winter_wheat,4,KAS,0.9,16
5393,2,winter_wheat,1,PK,0.001,40
5393,2,winter_wheat,2,KAS,0.25,32
5393,2,winter_wheat,3,KAS,0.4,16
5393,2,winter_wheat,4,KAS,0.9,16
5394,2,winter_wheat,1,PK,0.001,40
5394,2,winter_wheat,2,KAS,0.25,32
5394,2,winter_wheat,3,KAS,0.4,16
5394,2,winter_wheat,4,KAS,0.9,16
5395,2,winter_wheat,1,PK,0.001,40
5395,2,winter_wheat,2,KAS,0.25,32
5395,2,winter_wheat,3,KAS,0.4,16
5395,2,winter_wheat,4,KAS,0.9,16
5396,2,winter_wheat,1,PK,0.001,40
5396,2,winter_wheat,2,KAS,0.25,32
5396,2,winter_wheat,3,KAS,0.4,16
5396,2,winter_wheat,4,KAS,0.9,16
5397,2,winter_wheat,1,PK,0.001,40
5397,2,winter_wheat,2,KAS,0.25,32
5397,2,winter_wheat,3,KAS,0.4,16
5397,2,winter_wheat,4,KAS,0.9,16
5398,2,winter_wheat,1,PK,0.001,40
5398,2,winter_wheat,2,KAS,0.25,32
5398,2,winter_wheat,3,KAS,0.4,16
5398,2,winter_wheat,4,KAS,0.9,16
5399,2,winter_wheat,1,PK,0.001,40
5399,2,winter_wheat,2,KAS,0.25,32
5399,2,winter_wheat,3,KAS,0.4,16
5399,2,winter_wheat,4,KAS,0.9,16
5400,2,winter_wheat,1,PK,0.001,40
5400,2,winter_wheat,2,KAS,0.25,32
5400,2,winter_wheat,3,KAS,0.4,16
5400,2,winter_wheat,4,KAS,0.9,16
5401,2,winter_wheat,1,PK,0.001,40
5401,2,winter_wheat,2,KAS,0.25,32
5401,2,winter_wheat,3,KAS,0.4,16
5401,2,winter_wheat,4,KAS,0.9,16
5402,2,winter_wheat,1,PK,0.001,40
5402,2,winter_wheat,2,KAS,0.25,32
5402,2,winter_wheat,3,KAS,0.4,16
5402,2,winter_wheat,4,KAS,0.9,16
5403,2,winter_wheat,1,PK,0.001,40
5403,2,winter_wheat,2,KAS,0.25,32
5403,2,winter_wheat,3,KAS,0.4,16
5403,2,winter_wheat,4,KAS,0.9,16
5404,2,winter_wheat,1,PK,0.001,40
5404,2,winter_wheat,2,KAS,0.25,32
5404,2,winter_wheat,3,KAS,0.4,16
5404,2,winter_wheat,4,KAS,0.9,16
5405,2,winter_wheat,1,PK,0.001,40
5405,2,winter_wheat,2,KAS,0.25,32
5405,2,winter_wheat,3,KAS,0.4,16
5405,2,winter_wheat,4,KAS,0.9,16
5406,2,winter_wheat,1,PK,0.001,40
5406,2,winter_wheat,2,KAS,0.25,32
5406,2,winter_wheat,3,KAS,0.4,16
5406,2,winter_wheat,4,KAS,0.9,16
5407,2,winter_wheat,1,PK,0.001,40
5407,2,winter_wheat,2,KAS,0.25,32
5407,2,winter_wheat,3,KAS,0.4,16
5407,2,winter_wheat,4,KAS,0.9,16
5408,2,winter_wheat,1,PK,0.001,40
5408,2,winter_wheat,2,KAS,0.25,32
5408,2,winter_wheat,3,KAS,0.4,16
5408,2,winter_wheat,4,KAS,0.9,16
5409,2,winter_wheat,1,PK,0.001,40
5409,2,winter_wheat,2,KAS,0.25,32
5409,2,winter_wheat,3,KAS,0.4,16
5409,2,winter_wheat,4,KAS,0.9,16
5410,2,winter_wheat,1,PK,0.001,40
5410,2,winter_wheat,2,KAS,0.25,32
5410,2,winter_wheat,3,KAS,0.4,16
5410,2,winter_wheat,4,KAS,0.9,16
5411,2,winter_wheat,1,PK,0.001,40
5411,2,winter_wheat,2,KAS,0.25,32
5411,2,winter_wheat,3,KAS,0.4,16
5411,2,winter_wheat,4,KAS,0.9,16
5412,2,winter_wheat,1,PK,0.001,40
5412,2,winter_wheat,2,KAS,0.25,32
5412,2,winter_wheat,3,KAS,0.4,16
5412,2,winter_wheat,4,KAS,0.9,16
5413,2,winter_wheat,1,PK,0.001,40
5413,2,winter_wheat,2,KAS,0.25,32
5413,2,winter_wheat,3,KAS,0.4,16
5413,2,winter_wheat,4,KAS,0.9,16
5414,2,winter_wheat,1,PK,0.001,40
5414,2,winter_wheat,2,KAS,0.25,32
5414,2,winter_wheat,3,KAS,0.4,16
5414,2,winter_wheat,4,KAS,0.9,16
5415,2,winter_wheat,1,PK,0.001,40
5415,2,winter_wheat,2,KAS,0.25,32
5415,2,winter_wheat,3,KAS,0.4,16
5415,2,winter_wheat,4,KAS,0.9,16
5416,2,winter_wheat,1,PK,0.001,40
5416,2,winter_wheat,2,KAS,0.25,32
5416,2,winter_wheat,3,KAS,0.4,16
5416,2,winter_wheat,4,KAS,0.9,16
5417,2,winter_wheat,1,PK,0.001,40
5417,2,winter_wheat,2,KAS,0.25,32
5417,2,winter_wheat,3,KAS,0.4,16
5417,2,winter_wheat,4,KAS,0.9,16
5418,2,winter_wheat,1,PK,0.001,40
5418,2,winter_wheat,2,KAS,0.25,32
5418,2,winter_wheat,3,KAS,0.4,16
5418,2,winter_wheat,4,KAS,0.9,16
5419,2,winter_wheat,1,PK,0.001,40
5419,2,winter_wheat,2,KAS,0.25,32
5419,2,winter_wheat,3,KAS,0.4,16
5419,2,winter_wheat,4,KAS,0.9,16
5420,2,winter_wheat,1,PK,0.001,40
5420,2,winter_wheat,2,KAS,0.25,32
5420,2,winter_wheat,3,KAS,0.4,16
5420,2,winter_wheat,4,KAS,0.9,16
5421,2,winter_wheat,1,PK,0.001,40
5421,2,winter_wheat,2,KAS,0.25,32
5421,2,winter_wheat,3,KAS,0.4,16
5421,2,winter_wheat,4,KAS,0.9,16
5422,2,winter_wheat,1,PK,0.001,40
5422,2,winter_wheat,2,KAS,0.25,32
5422,2,winter_wheat,3,KAS,0.4,16
5422,2,winter_wheat,4,KAS,0.9,16
5423,2,winter_wheat,1,PK,0.001,40
5423,2,winter_wheat,2,KAS,0.25,32
5423,2,winter_wheat,3,KAS,0.4,16
5423,2,winter_wheat,4,KAS,0.9,16
5424,2,winter_wheat,1,PK,0.001,40
5424,2,winter_wheat,2,KAS,0.25,32
5424,2,winter_wheat,3,KAS,0.4,16
5424,2,winter_wheat,4,KAS,0.9,16
5425,2,winter_wheat,1,PK,0.001,40
5425,2,winter_wheat,2,KAS,0.25,32
5425,2,winter_wheat,3,KAS,0.4,16
5425,2,winter_wheat,4,KAS,0.9,16
5426,2,winter_wheat,1,PK,0.001,40
5426,2,winter_wheat,2,KAS,0.25,32
5426,2,winter_wheat,3,KAS,0.4,16
5426,2,winter_wheat,4,KAS,0.9,16
5427,2,winter_wheat,1,PK,0.001,40
5427,2,winter_wheat,2,KAS,0.25,32
5427,2,winter_wheat,3,KAS,0.4,16
5427,2,winter_wheat,4,KAS,0.9,16
5428,2,winter_wheat,1,PK,0.001,40
5428,2,winter_wheat,2,KAS,0.25,32
5428,2,winter_wheat,3,KAS,0.4,16
5428,2,winter_wheat,4,KAS,0.9,16
5429,2,winter_wheat,1,PK,0.001,40
5429,2,winter_wheat,2,KAS,0.25,32
5429,2,winter_wheat,3,KAS,0.4,16
5429,2,winter_wheat,4,KAS,0.9,16
5430,2,winter_wheat,1,PK,0.001,40
5430,2,winter_wheat,2,KAS,0.25,32
5430,2,winter_wheat,3,KAS,0.4,16
5430,2,winter_wheat,4,KAS,0.9,16
5431,2,winter_wheat,1,PK,0.001,40
5431,2,winter_wheat,2,KAS,0.25,32
5431,2,winter_wheat,3,KAS,0.4,16
5431,2,winter_wheat,4,KAS,0.9,16
5432,2,winter_wheat,1,PK,0.001,40
5432,2,winter_wheat,2,KAS,0.25,32
5432,2,winter_wheat,3,KAS,0.4,16
5432,2,winter_wheat,4,KAS,0.9,16
5433,2,winter_wheat,1,PK,0.001,40
5433,2,winter_wheat,2,KAS,0.25,32
5433,2,winter_wheat,3,KAS,0.4,16
5433,2,winter_wheat,4,KAS,0.9,16
5434,2,winter_wheat,1,PK,0.001,40
5434,2,winter_wheat,2,KAS,0.25,32
5434,2,winter_wheat,3,KAS,0.4,16
5434,2,winter_wheat,4,KAS,0.9,16
5435,2,winter_wheat,1,PK,0.001,40
5435,2,winter_wheat,2,KAS,0.25,32
5435,2,winter_wheat,3,KAS,0.4,16
5435,2,winter_wheat,4,KAS,0.9,16
5436,2,winter_wheat,1,PK,0.001,40
5436,2,winter_wheat,2,KAS,0.25,32
5436,2,winter_wheat,3,KAS,0.4,16
5436,2,winter_wheat,4,KAS,0.9,16
5437,2,winter_wheat,1,PK,0.001,40
5437,2,winter_wheat,2,KAS,0.25,32
5437,2,winter_wheat,3,KAS,0.4,16
5437,2,winter_wheat,4,KAS,0.9,16
5438,2,winter_wheat,1,PK,0.001,40
5438,2,winter_wheat,2,KAS,0.25,32
5438,2,winter_wheat,3,KAS,0.4,16
5438,2,winter_wheat,4,KAS,0.9,16
5439,2,winter_wheat,1,PK,0.001,40
5439,2,winter_wheat,2,KAS,0.25,32
5439,2,winter_wheat,3,KAS,0.4,16
5439,2,winter_wheat,4,KAS,0.9,16
5440,2,winter_wheat,1,PK,0.001,40
5440,2,winter_wheat,2,KAS,0.25,32
5440,2,winter_wheat,3,KAS,0.4,16
5440,2,winter_wheat,4,KAS,0.9,16
5441,2,winter_wheat,1,PK,0.001,40
5441,2,winter_wheat,2,KAS,0.25,32
5441,2,winter_wheat,3,KAS,0.4,16
5441,2,winter_wheat,4,KAS,0.9,16
5442,2,winter_wheat,1,PK,0.001,40
5442,2,winter_wheat,2,KAS,0.25,32
5442,2,winter_wheat,3,KAS,0.4,16
5442,2,winter_wheat,4,KAS,0.9,16
5443,2,winter_wheat,1,PK,0.001,40
5443,2,winter_wheat,2,KAS,0.25,32
5443,2,winter_wheat,3,KAS,0.4,16
5443,2,winter_wheat,4,KAS,0.9,16
5444,2,winter_wheat,1,PK,0.001,40
5444,2,winter_wheat,2,KAS,0.25,32
5444,2,winter_wheat,3,KAS,0.4,16
5444,2,winter_wheat,4,KAS,0.9,16
5445,2,winter_wheat,1,PK,0.001,40
5445,2,winter_wheat,2,KAS,0.25,32
5445,2,winter_wheat,3,KAS,0.4,16
5445,2,winter_wheat,4,KAS,0.9,16
5446,2,winter_wheat,1,PK,0.001,40
5446,2,winter_wheat,2,KAS,0.25,32
5446,2,winter_wheat,3,KAS,0.4,16
5446,2,winter_wheat,4,KAS,0.9,16
5447,2,winter_wheat,1,PK,0.001,40
5447,2,winter_wheat,2,KAS,0.25,32
5447,2,winter_wheat,3,KAS,0.4,16
5447,2,winter_wheat,4,KAS,0.9,16
5448,2,winter_wheat,1,PK,0.001,40
5448,2,winter_wheat,2,KAS,0.25,32
5448,2,winter_wheat,3,KAS,0.4,16
5448,2,winter_wheat,4,KAS,0.9,16
5449,2,winter_wheat,1,PK,0.001,40
5449,2,winter_wheat,2,KAS,0.25,32
5449,2,winter_wheat,3,KAS,0.4,16
5449,2,winter_wheat,4,KAS,0.9,16
5450,2,winter_wheat,1,PK,0.001,40
5450,2,winter_wheat,2,KAS,0.25,32
5450,2,winter_wheat,3,KAS,0.4,16
5450,2,winter_wheat,4,KAS,0.9,16
5451,2,winter_wheat,1,PK,0.001,40
5451,2,winter_wheat,2,KAS,0.25,32
5451,2,winter_wheat,3,KAS,0.4,16
5451,2,winter_wheat,4,KAS,0.9,16
5452,2,winter_wheat,1,PK,0.001,40
5452,2,winter_wheat,2,KAS,0.25,32
5452,2,winter_wheat,3,KAS,0.4,16
5452,2,winter_wheat,4,KAS,0.9,16
5453,2,winter_wheat,1,PK,0.001,40
5453,2,winter_wheat,2,KAS,0.25,32
5453,2,winter_wheat,3,KAS,0.4,16
5453,2,winter_wheat,4,KAS,0.9,16
5454,2,winter_wheat,1,PK,0.001,40
5454,2,winter_wheat,2,KAS,0.25,32
5454,2,winter_wheat,3,KAS,0.4,16
5454,2,winter_wheat,4,KAS,0.9,16
5455,2,winter_wheat,1,PK,0.001,40
5455,2,winter_wheat,2,KAS,0.25,32
5455,2,winter_wheat,3,KAS,0.4,16
5455,2,winter_wheat,4,KAS,0.9,16
5456,2,winter_wheat,1,PK,0.001,40
5456,2,winter_wheat,2,KAS,0.25,32
5456,2,winter_wheat,3,KAS,0.4,16
5456,2,winter_wheat,4,KAS,0.9,16
5457,2,winter_wheat,1,PK,0.001,40
5457,2,winter_wheat,2,KAS,0.25,32
5457,2,winter_wheat,3,KAS,0.4,16
5457,2,winter_wheat,4,KAS,0.9,16
5458,2,winter_wheat,1,PK,0.001,40
5458,2,winter_wheat,2,KAS,0.25,32
5458,2,winter_wheat,3,KAS,0.4,16
5458,2,winter_wheat,4,KAS,0.9,16
5459,2,winter_wheat,1,PK,0.001,40
5459,2,winter_wheat,2,KAS,0.25,32
5459,2,winter_wheat,3,KAS,0.4,16
5459,2,winter_wheat,4,KAS,0.9,16
5460,2,winter_wheat,1,PK,0.001,40
5460,2,winter_wheat,2,KAS,0.25,32
5460,2,winter_wheat,3,KAS,0.4,16
5460,2,winter_wheat,4,KAS,0.9,16
5461,2,winter_wheat,1,PK,0.001,40
5461,2,winter_wheat,2,KAS,0.25,32
5461,2,winter_wheat,3,KAS,0.4,16
5461,2,winter_wheat,4,KAS,0.9,16
5462,2,winter_wheat,1,PK,0.001,40
5462,2,winter_wheat,2,KAS,0.25,32
5462,2,winter_wheat,3,KAS,0.4,16
5462,2,winter_wheat,4,KAS,0.9,16
5463,2,winter_wheat,1,PK,0.001,40
5463,2,winter_wheat,2,KAS,0.25,32
5463,2,winter_wheat,3,KAS,0.4,16
5463,2,winter_wheat,4,KAS,0.9,16
5464,2,winter_wheat,1,PK,0.001,40
5464,2,winter_wheat,2,KAS,0.25,32
5464,2,winter_wheat,3,KAS,0.4,16
5464,2,winter_wheat,4,KAS,0.9,16
5465,2,winter_wheat,1,PK,0.001,40
5465,2,winter_wheat,2,KAS,0.25,32
5465,2,winter_wheat,3,KAS,0.4,16
5465,2,winter_wheat,4,KAS,0.9,16
5466,2,winter_wheat,1,PK,0.001,40
5466,2,winter_wheat,2,KAS,0.25,32
5466,2,winter_wheat,3,KAS,0.4,16
5466,2,winter_wheat,4,KAS,0.9,16
5467,2,winter_wheat,1,PK,0.001,40
5467,2,winter_wheat,2,KAS,0.25,32
5467,2,winter_wheat,3,KAS,0.4,16
5467,2,winter_wheat,4,KAS,0.9,16
5468,2,winter_wheat,1,PK,0.001,40
5468,2,winter_wheat,2,KAS,0.25,32
5468,2,winter_wheat,3,KAS,0.4,16
5468,2,winter_wheat,4,KAS,0.9,16
5469,2,winter_wheat,1,PK,0.001,40
5469,2,winter_wheat,2,KAS,0.25,32
5469,2,winter_wheat,3,KAS,0.4,16
5469,2,winter_wheat,4,KAS,0.9,16
5470,2,winter_wheat,1,PK,0.001,40
5470,2,winter_wheat,2,KAS,0.25,32
5470,2,winter_wheat,3,KAS,0.4,16
5470,2,winter_wheat,4,KAS,0.9,16
5471,2,winter_wheat,1,PK,0.001,40
5471,2,winter_wheat,2,KAS,0.25,32
5471,2,winter_wheat,3,KAS,0.4,16
5471,2,winter_wheat,4,KAS,0.9,16
5472,2,winter_wheat,1,PK,0.001,40
5472,2,winter_wheat,2,KAS,0.25,32
5472,2,winter_wheat,3,KAS,0.4,16
5472,2,winter_wheat,4,KAS,0.9,16
5473,2,winter_wheat,1,PK,0.001,40
5473,2,winter_wheat,2,KAS,0.25,32
5473,2,winter_wheat,3,KAS,0.4,16
5473,2,winter_wheat,4,KAS,0.9,16
5474,2,winter_wheat,1,PK,0.001,40
5474,2,winter_wheat,2,KAS,0.25,32
5474,2,winter_wheat,3,KAS,0.4,16
5474,2,winter_wheat,4,KAS,0.9,16
5475,2,winter_wheat,1,PK,0.001,40
5475,2,winter_wheat,2,KAS,0.25,32
5475,2,winter_wheat,3,KAS,0.4,16
5475,2,winter_wheat,4,KAS,0.9,16
5476,2,winter_wheat,1,PK,0.001,40
5476,2,winter_wheat,2,KAS,0.25,32
5476,2,winter_wheat,3,KAS,0.4,16
5476,2,winter_wheat,4,KAS,0.9,16
5477,2,winter_wheat,1,PK,0.001,40
5477,2,winter_wheat,2,KAS,0.25,32
5477,2,winter_wheat,3,KAS,0.4,16
5477,2,winter_wheat,4,KAS,0.9,16
5478,2,winter_wheat,1,PK,0.001,40
5478,2,winter_wheat,2,KAS,0.25,32
5478,2,winter_wheat,3,KAS,0.4,16
5478,2,winter_wheat,4,KAS,0.9,16
5479,2,winter_wheat,1,PK,0.001,40
5479,2,winter_wheat,2,KAS,0.25,32
5479,2,winter_wheat,3,KAS,0.4,16
5479,2,winter_wheat,4,KAS,0.9,16
5480,2,winter_wheat,1,PK,0.001,40
5480,2,winter_wheat,2,KAS,0.25,32
5480,2,winter_wheat,3,KAS,0.4,16
5480,2,winter_wheat,4,KAS,0.9,16
5481,2,winter_wheat,1,PK,0.001,40
5481,2,winter_wheat,2,KAS,0.25,32
5481,2,winter_wheat,3,KAS,0.4,16
5481,2,winter_wheat,4,KAS,0.9,16
5482,2,winter_wheat,1,PK,0.001,40
5482,2,winter_wheat,2,KAS,0.25,32
5482,2,winter_wheat,3,KAS,0.4,16
5482,2,winter_wheat,4,KAS,0.9,16
5483,2,winter_wheat,1,PK,0.001,40
5483,2,winter_wheat,2,KAS,0.25,32
5483,2,winter_wheat,3,KAS,0.4,16
5483,2,winter_wheat,4,KAS,0.9,16
5484,2,winter_wheat,1,PK,0.001,40
5484,2,winter_wheat,2,KAS,0.25,32
5484,2,winter_wheat,3,KAS,0.4,16
5484,2,winter_wheat,4,KAS,0.9,16
5485,2,winter_wheat,1,PK,0.001,40
5485,2,winter_wheat,2,KAS,0.25,32
5485,2,winter_wheat,3,KAS,0.4,16
5485,2,winter_wheat,4,KAS,0.9,16
5486,2,winter_wheat,1,PK,0.001,40
5486,2,winter_wheat,2,KAS,0.25,32
5486,2,winter_wheat,3,KAS,0.4,16
5486,2,winter_wheat,4,KAS,0.9,16
5487,2,winter_wheat,1,PK,0.001,40
5487,2,winter_wheat,2,KAS,0.25,32
5487,2,winter_wheat,3,KAS,0.4,16
5487,2,winter_wheat,4,KAS,0.9,16
5488,2,winter_wheat,1,PK,0.001,40
5488,2,winter_wheat,2,KAS,0.25,32
5488,2,winter_wheat,3,KAS,0.4,16
5488,2,winter_wheat,4,KAS,0.9,16
5491,2,winter_wheat,1,PK,0.001,40
5491,2,winter_wheat,2,KAS,0.25,32
5491,2,winter_wheat,3,KAS,0.4,16
5491,2,winter_wheat,4,KAS,0.9,16
5492,2,winter_wheat,1,PK,0.001,40
5492,2,winter_wheat,2,KAS,0.25,32
5492,2,winter_wheat,3,KAS,0.4,16
5492,2,winter_wheat,4,KAS,0.9,16
5493,2,winter_wheat,1,PK,0.001,40
5493,2,winter_wheat,2,KAS,0.25,32
5493,2,winter_wheat,3,KAS,0.4,16
5493,2,winter_wheat,4,KAS,0.9,16
5494,2,winter_wheat,1,PK,0.001,40
5494,2,winter_wheat,2,KAS,0.25,32
5494,2,winter_wheat,3,KAS,0.4,16
5494,2,winter_wheat,4,KAS,0.9,16
5495,2,winter_wheat,1,PK,0.001,40
5495,2,winter_wheat,2,KAS,0.25,32
5495,2,winter_wheat,3,KAS,0.4,16
5495,2,winter_wheat,4,KAS,0.9,16
5496,2,winter_wheat,1,PK,0.001,40
5496,2,winter_wheat,2,KAS,0.25,32
5496,2,winter_wheat,3,KAS,0.4,16
5496,2,winter_wheat,4,KAS,0.9,16
5497,2,winter_wheat,1,PK,0.001,40
5497,2,winter_wheat,2,KAS,0.25,32
5497,2,winter_wheat,3,KAS,0.4,16
5497,2,winter_wheat,4,KAS,0.9,16
5498,2,winter_wheat,1,PK,0.001,40
5498,2,winter_wheat,2,KAS,0.25,32
5498,2,winter_wheat,3,KAS,0.4,16
5498,2,winter_wheat,4,KAS,0.9,16
5499,2,winter_wheat,1,PK,0.001,40
5499,2,winter_wheat,2,KAS,0.25,32
5499,2,winter_wheat,3,KAS,0.4,16
5499,2,winter_wheat,4,KAS,0.9,16
5500,2,winter_wheat,1,PK,0.001,40
5500,2,winter_wheat,2,KAS,0.25,32
5500,2,winter_wheat,3,KAS,0.4,16
5500,2,winter_wheat,4,KAS,0.9,16
5502,2,winter_wheat,1,PK,0.001,40
5502,2,winter_wheat,2,KAS,0.25,32
5502,2,winter_wheat,3,KAS,0.4,16
5502,2,winter_wheat,4,KAS,0.9,16
5503,2,winter_wheat,1,PK,0.001,40
5503,2,winter_wheat,2,KAS,0.25,32
5503,2,winter_wheat,3,KAS,0.4,16
5503,2,winter_wheat,4,KAS,0.9,16
5504,2,winter_wheat,1,PK,0.001,40
5504,2,winter_wheat,2,KAS,0.25,32
5504,2,winter_wheat,3,KAS,0.4,16
5504,2,winter_wheat,4,KAS,0.9,16
5505,2,winter_wheat,1,PK,0.001,40
5505,2,winter_wheat,2,KAS,0.25,32
5505,2,winter_wheat,3,KAS,0.4,16
5505,2,winter_wheat,4,KAS,0.9,16
5506,2,winter_wheat,1,PK,0.001,40
5506,2,winter_wheat,2,KAS,0.25,32
5506,2,winter_wheat,3,KAS,0.4,16
5506,2,winter_wheat,4,KAS,0.9,16
5507,2,winter_wheat,1,PK,0.001,40
5507,2,winter_wheat,2,KAS,0.25,32
5507,2,winter_wheat,3,KAS,0.4,16
5507,2,winter_wheat,4,KAS,0.9,16
5508,2,winter_wheat,1,PK,0.001,40
5508,2,winter_wheat,2,KAS,0.25,32
5508,2,winter_wheat,3,KAS,0.4,16
5508,2,winter_wheat,4,KAS,0.9,16
5509,2,winter_wheat,1,PK,0.001,40
5509,2,winter_wheat,2,KAS,0.25,32
5509,2,winter_wheat,3,KAS,0.4,16
5509,2,winter_wheat,4,KAS,0.9,16
5510,2,winter_wheat,1,PK,0.001,40
5510,2,winter_wheat,2,KAS,0.25,32
5510,2,winter_wheat,3,KAS,0.4,16
5510,2,winter_wheat,4,KAS,0.9,16
5511,2,winter_wheat,1,PK,0.001,40
5511,2,winter_wheat,2,KAS,0.25,32
5511,2,winter_wheat,3,KAS,0.4,16
5511,2,winter_wheat,4,KAS,0.9,16
5512,2,winter_wheat,1,PK,0.001,40
5512,2,winter_wheat,2,KAS,0.25,32
5512,2,winter_wheat,3,KAS,0.4,16
5512,2,winter_wheat,4,KAS,0.9,16
5513,2,winter_wheat,1,PK,0.001,40
5513,2,winter_wheat,2,KAS,0.25,32
5513,2,winter_wheat,3,KAS,0.4,16
5513,2,winter_wheat,4,KAS,0.9,16
5514,2,winter_wheat,1,PK,0.001,40
5514,2,winter_wheat,2,KAS,0.25,32
5514,2,winter_wheat,3,KAS,0.4,16
5514,2,winter_wheat,4,KAS,0.9,16
5515,2,winter_wheat,1,PK,0.001,40
5515,2,winter_wheat,2,KAS,0.25,32
5515,2,winter_wheat,3,KAS,0.4,16
5515,2,winter_wheat,4,KAS,0.9,16
5516,2,winter_wheat,1,PK,0.001,40
5516,2,winter_wheat,2,KAS,0.25,32
5516,2,winter_wheat,3,KAS,0.4,16
5516,2,winter_wheat,4,KAS,0.9,16
5517,2,winter_wheat,1,PK,0.001,40
5517,2,winter_wheat,2,KAS,0.25,32
5517,2,winter_wheat,3,KAS,0.4,16
5517,2,winter_wheat,4,KAS,0.9,16
5518,2,winter_wheat,1,PK,0.001,40
5518,2,winter_wheat,2,KAS,0.25,32
5518,2,winter_wheat,3,KAS,0.4,16
5518,2,winter_wheat,4,KAS,0.9,16
5519,2,winter_wheat,1,PK,0.001,40
5519,2,winter_wheat,2,KAS,0.25,32
5519,2,winter_wheat,3,KAS,0.4,16
5519,2,winter_wheat,4,KAS,0.9,16
5520,2,winter_wheat,1,PK,0.001,40
5520,2,winter_wheat,2,KAS,0.25,32
5520,2,winter_wheat,3,KAS,0.4,16
5520,2,winter_wheat,4,KAS,0.9,16
5521,2,winter_wheat,1,PK,0.001,40
5521,2,winter_wheat,2,KAS,0.25,32
5521,2,winter_wheat,3,KAS,0.4,16
5521,2,winter_wheat,4,KAS,0.9,16
5522,2,winter_wheat,1,PK,0.001,40
5522,2,winter_wheat,2,KAS,0.25,32
5522,2,winter_wheat,3,KAS,0.4,16
5522,2,winter_wheat,4,KAS,0.9,16
5523,2,winter_wheat,1,PK,0.001,40
5523,2,winter_wheat,2,KAS,0.25,32
5523,2,winter_wheat,3,KAS,0.4,16
5523,2,winter_wheat,4,KAS,0.9,16
5524,2,winter_wheat,1,PK,0.001,40
5524,2,winter_wheat,2,KAS,0.25,32
5524,2,winter_wheat,3,KAS,0.4,16
5524,2,winter_wheat,4,KAS,0.9,16
5525,2,winter_wheat,1,PK,0.001,40
5525,2,winter_wheat,2,KAS,0.25,32
5525,2,winter_wheat,3,KAS,0.4,16
5525,2,winter_wheat,4,KAS,0.9,16
5526,2,winter_wheat,1,PK,0.001,40
5526,2,winter_wheat,2,KAS,0.25,32
5526,2,winter_wheat,3,KAS,0.4,16
5526,2,winter_wheat,4,KAS,0.9,16
5527,2,winter_wheat,1,PK,0.001,40
5527,2,winter_wheat,2,KAS,0.25,32
5527,2,winter_wheat,3,KAS,0.4,16
5527,2,winter_wheat,4,KAS,0.9,16
5528,2,winter_wheat,1,PK,0.001,40
5528,2,winter_wheat,2,KAS,0.25,32
5528,2,winter_wheat,3,KAS,0.4,16
5528,2,winter_wheat,4,KAS,0.9,16
5529,2,winter_wheat,1,PK,0.001,40
5529,2,winter_wheat,2,KAS,0.25,32
5529,2,winter_wheat,3,KAS,0.4,16
5529,2,winter_wheat,4,KAS,0.9,16
5530,2,winter_wheat,1,PK,0.001,40
5530,2,winter_wheat,2,KAS,0.25,32
5530,2,winter_wheat,3,KAS,0.4,16
5530,2,winter_wheat,4,KAS,0.9,16
5531,2,winter_wheat,1,PK,0.001,40
5531,2,winter_wheat,2,KAS,0.25,32
5531,2,winter_wheat,3,KAS,0.4,16
5531,2,winter_wheat,4,KAS,0.9,16
5532,2,winter_wheat,1,PK,0.001,40
5532,2,winter_wheat,2,KAS,0.25,32
5532,2,winter_wheat,3,KAS,0.4,16
5532,2,winter_wheat,4,KAS,0.9,16
5533,2,winter_wheat,1,PK,0.001,40
5533,2,winter_wheat,2,KAS,0.25,32
5533,2,winter_wheat,3,KAS,0.4,16
5533,2,winter_wheat,4,KAS,0.9,16
5534,2,winter_wheat,1,PK,0.001,40
5534,2,winter_wheat,2,KAS,0.25,32
5534,2,winter_wheat,3,KAS,0.4,16
5534,2,winter_wheat,4,KAS,0.9,16
5535,2,winter_wheat,1,PK,0.001,40
5535,2,winter_wheat,2,KAS,0.25,32
5535,2,winter_wheat,3,KAS,0.4,16
5535,2,winter_wheat,4,KAS,0.9,16
5536,2,winter_wheat,1,PK,0.001,40
5536,2,winter_wheat,2,KAS,0.25,32
5536,2,winter_wheat,3,KAS,0.4,16
5536,2,winter_wheat,4,KAS,0.9,16
5537,2,winter_wheat,1,PK,0.001,40
5537,2,winter_wheat,2,KAS,0.25,32
5537,2,winter_wheat,3,KAS,0.4,16
5537,2,winter_wheat,4,KAS,0.9,16
5539,2,winter_wheat,1,PK,0.001,40
5539,2,winter_wheat,2,KAS,0.25,32
5539,2,winter_wheat,3,KAS,0.4,16
5539,2,winter_wheat,4,KAS,0.9,16
5540,2,winter_wheat,1,PK,0.001,40
5540,2,winter_wheat,2,KAS,0.25,32
5540,2,winter_wheat,3,KAS,0.4,16
5540,2,winter_wheat,4,KAS,0.9,16
5541,2,winter_wheat,1,PK,0.001,40
5541,2,winter_wheat,2,KAS,0.25,32
5541,2,winter_wheat,3,KAS,0.4,16
5541,2,winter_wheat,4,KAS,0.9,16
5542,2,winter_wheat,1,PK,0.001,40
5542,2,winter_wheat,2,KAS,0.25,32
5542,2,winter_wheat,3,KAS,0.4,16
5542,2,winter_wheat,4,KAS,0.9,16
5543,2,winter_wheat,1,PK,0.001,40
5543,2,winter_wheat,2,KAS,0.25,32
5543,2,winter_wheat,3,KAS,0.4,16
5543,2,winter_wheat,4,KAS,0.9,16
5544,2,winter_wheat,1,PK,0.001,40
5544,2,winter_wheat,2,KAS,0.25,32
5544,2,winter_wheat,3,KAS,0.4,16
5544,2,winter_wheat,4,KAS,0.9,16
5545,2,winter_wheat,1,PK,0.001,40
5545,2,winter_wheat,2,KAS,0.25,32
5545,2,winter_wheat,3,KAS,0.4,16
5545,2,winter_wheat,4,KAS,0.9,16
5546,2,winter_wheat,1,PK,0.001,40
5546,2,winter_wheat,2,KAS,0.25,32
5546,2,winter_wheat,3,KAS,0.4,16
5546,2,winter_wheat,4,KAS,0.9,16
5547,2,winter_wheat,1,PK,0.001,40
5547,2,winter_wheat,2,KAS,0.25,32
5547,2,winter_wheat,3,KAS,0.4,16
5547,2,winter_wheat,4,KAS,0.9,16
5548,2,winter_wheat,1,PK,0.001,40
5548,2,winter_wheat,2,KAS,0.25,32
5548,2,winter_wheat,3,KAS,0.4,16
5548,2,winter_wheat,4,KAS,0.9,16
5549,2,winter_wheat,1,PK,0.001,40
5549,2,winter_wheat,2,KAS,0.25,32
5549,2,winter_wheat,3,KAS,0.4,16
5549,2,winter_wheat,4,KAS,0.9,16
5550,2,winter_wheat,1,PK,0.001,40
5550,2,winter_wheat,2,KAS,0.25,32
5550,2,winter_wheat,3,KAS,0.4,16
5550,2,winter_wheat,4,KAS,0.9,16
5551,2,winter_wheat,1,PK,0.001,40
5551,2,winter_wheat,2,KAS,0.25,32
5551,2,winter_wheat,3,KAS,0.4,16
5551,2,winter_wheat,4,KAS,0.9,16
5552,2,winter_wheat,1,PK,0.001,40
5552,2,winter_wheat,2,KAS,0.25,32
5552,2,winter_wheat,3,KAS,0.4,16
5552,2,winter_wheat,4,KAS,0.9,16
5553,2,winter_wheat,1,PK,0.001,40
5553,2,winter_wheat,2,KAS,0.25,32
5553,2,winter_wheat,3,KAS,0.4,16
5553,2,winter_wheat,4,KAS,0.9,16
5554,2,winter_wheat,1,PK,0.001,40
5554,2,winter_wheat,2,KAS,0.25,32
5554,2,winter_wheat,3,KAS,0.4,16
5554,2,winter_wheat,4,KAS,0.9,16
5555,2,winter_wheat,1,PK,0.001,40
5555,2,winter_wheat,2,KAS,0.25,32
5555,2,winter_wheat,3,KAS,0.4,16
5555,2,winter_wheat,4,KAS,0.9,16
5556,2,winter_wheat,1,PK,0.001,40
5556,2,winter_wheat,2,KAS,0.25,32
5556,2,winter_wheat,3,KAS,0.4,16
5556,2,winter_wheat,4,KAS,0.9,16
5557,2,winter_wheat,1,PK,0.001,40
5557,2,winter_wheat,2,KAS,0.25,32
5557,2,winter_wheat,3,KAS,0.4,16
5557,2,winter_wheat,4,KAS,0.9,16
5558,2,winter_wheat,1,PK,0.001,40
5558,2,winter_wheat,2,KAS,0.25,32
5558,2,winter_wheat,3,KAS,0.4,16
5558,2,winter_wheat,4,KAS,0.9,16
5559,2,winter_wheat,1,PK,0.001,40
5559,2,winter_wheat,2,KAS,0.25,32
5559,2,winter_wheat,3,KAS,0.4,16
5559,2,winter_wheat,4,KAS,0.9,16
5560,2,winter_wheat,1,PK,0.001,40
5560,2,winter_wheat,2,KAS,0.25,32
5560,2,winter_wheat,3,KAS,0.4,16
5560,2,winter_wheat,4,KAS,0.9,16
5561,2,winter_wheat,1,PK,0.001,40
5561,2,winter_wheat,2,KAS,0.25,32
5561,2,winter_wheat,3,KAS,0.4,16
5561,2,winter_wheat,4,KAS,0.9,16
5562,2,winter_wheat,1,PK,0.001,40
5562,2,winter_wheat,2,KAS,0.25,32
5562,2,winter_wheat,3,KAS,0.4,16
5562,2,winter_wheat,4,KAS,0.9,16
5563,2,winter_wheat,1,PK,0.001,40
5563,2,winter_wheat,2,KAS,0.25,32
5563,2,winter_wheat,3,KAS,0.4,16
5563,2,winter_wheat,4,KAS,0.9,16
5564,2,winter_wheat,1,PK,0.001,40
5564,2,winter_wheat,2,KAS,0.25,32
5564,2,winter_wheat,3,KAS,0.4,16
5564,2,winter_wheat,4,KAS,0.9,16
5565,2,winter_wheat,1,PK,0.001,40
5565,2,winter_wheat,2,KAS,0.25,32
5565,2,winter_wheat,3,KAS,0.4,16
5565,2,winter_wheat,4,KAS,0.9,16
5566,2,winter_wheat,1,PK,0.001,40
5566,2,winter_wheat,2,KAS,0.25,32
5566,2,winter_wheat,3,KAS,0.4,16
5566,2,winter_wheat,4,KAS,0.9,16
5567,2,winter_wheat,1,PK,0.001,40
5567,2,winter_wheat,2,KAS,0.25,32
5567,2,winter_wheat,3,KAS,0.4,16
5567,2,winter_wheat,4,KAS,0.9,16
5568,2,winter_wheat,1,PK,0.001,40
5568,2,winter_wheat,2,KAS,0.25,32
5568,2,winter_wheat,3,KAS,0.4,16
5568,2,winter_wheat,4,KAS,0.9,16
5569,2,winter_wheat,1,PK,0.001,40
5569,2,winter_wheat,2,KAS,0.25,32
5569,2,winter_wheat,3,KAS,0.4,16
5569,2,winter_wheat,4,KAS,0.9,16
5570,2,winter_wheat,1,PK,0.001,40
5570,2,winter_wheat,2,KAS,0.25,32
5570,2,winter_wheat,3,KAS,0.4,16
5570,2,winter_wheat,4,KAS,0.9,16
5571,2,winter_wheat,1,PK,0.001,40
5571,2,winter_wheat,2,KAS,0.25,32
5571,2,winter_wheat,3,KAS,0.4,16
5571,2,winter_wheat,4,KAS,0.9,16
5572,2,winter_wheat,1,PK,0.001,40
5572,2,winter_wheat,2,KAS,0.25,32
5572,2,winter_wheat,3,KAS,0.4,16
5572,2,winter_wheat,4,KAS,0.9,16
5573,2,winter_wheat,1,PK,0.001,40
5573,2,winter_wheat,2,KAS,0.25,32
5573,2,winter_wheat,3,KAS,0.4,16
5573,2,winter_wheat,4,KAS,0.9,16
5574,2,winter_wheat,1,PK,0.001,40
5574,2,winter_wheat,2,KAS,0.25,32
5574,2,winter_wheat,3,KAS,0.4,16
5574,2,winter_wheat,4,KAS,0.9,16
5575,2,winter_wheat,1,PK,0.001,40
5575,2,winter_wheat,2,KAS,0.25,32
5575,2,winter_wheat,3,KAS,0.4,16
5575,2,winter_wheat,4,KAS,0.9,16
5576,2,winter_wheat,1,PK,0.001,40
5576,2,winter_wheat,2,KAS,0.25,32
5576,2,winter_wheat,3,KAS,0.4,16
5576,2,winter_wheat,4,KAS,0.9,16
5577,2,winter_wheat,1,PK,0.001,40
5577,2,winter_wheat,2,KAS,0.25,32
5577,2,winter_wheat,3,KAS,0.4,16
5577,2,winter_wheat,4,KAS,0.9,16
5578,2,winter_wheat,1,PK,0.001,40
5578,2,winter_wheat,2,KAS,0.25,32
5578,2,winter_wheat,3,KAS,0.4,16
5578,2,winter_wheat,4,KAS,0.9,16
5579,2,winter_wheat,1,PK,0.001,40
5579,2,winter_wheat,2,KAS,0.25,32
5579,2,winter_wheat,3,KAS,0.4,16
5579,2,winter_wheat,4,KAS,0.9,16
5580,2,winter_wheat,1,PK,0.001,40
5580,2,winter_wheat,2,KAS,0.25,32
5580,2,winter_wheat,3,KAS,0.4,16
5580,2,winter_wheat,4,KAS,0.9,16
5581,2,winter_wheat,1,PK,0.001,40
5581,2,winter_wheat,2,KAS,0.25,32
5581,2,winter_wheat,3,KAS,0.4,16
5581,2,winter_wheat,4,KAS,0.9,16
5582,2,winter_wheat,1,PK,0.001,40
5582,2,winter_wheat,2,KAS,0.25,32
5582,2,winter_wheat,3,KAS,0.4,16
5582,2,winter_wheat,4,KAS,0.9,16
5583,2,winter_wheat,1,PK,0.001,40
5583,2,winter_wheat,2,KAS,0.25,32
5583,2,winter_wheat,3,KAS,0.4,16
5583,2,winter_wheat,4,KAS,0.9,16
5584,2,winter_wheat,1,PK,0.001,40
5584,2,winter_wheat,2,KAS,0.25,32
5584,2,winter_wheat,3,KAS,0.4,16
5584,2,winter_wheat,4,KAS,0.9,16
5585,2,winter_wheat,1,PK,0.001,40
5585,2,winter_wheat,2,KAS,0.25,32
5585,2,winter_wheat,3,KAS,0.4,16
5585,2,winter_wheat,4,KAS,0.9,16
5586,2,winter_wheat,1,PK,0.001,40
5586,2,winter_wheat,2,KAS,0.25,32
5586,2,winter_wheat,3,KAS,0.4,16
5586,2,winter_wheat,4,KAS,0.9,16
5587,2,winter_wheat,1,PK,0.001,40
5587,2,winter_wheat,2,KAS,0.25,32
5587,2,winter_wheat,3,KAS,0.4,16
5587,2,winter_wheat,4,KAS,0.9,16
5588,2,winter_wheat,1,PK,0.001,40
5588,2,winter_wheat,2,KAS,0.25,32
5588,2,winter_wheat,3,KAS,0.4,16
5588,2,winter_wheat,4,KAS,0.9,16
5590,2,winter_wheat,1,PK,0.001,40
5590,2,winter_wheat,2,KAS,0.25,32
5590,2,winter_wheat,3,KAS,0.4,16
5590,2,winter_wheat,4,KAS,0.9,16
5591,2,winter_wheat,1,PK,0.001,40
5591,2,winter_wheat,2,KAS,0.25,32
5591,2,winter_wheat,3,KAS,0.4,16
5591,2,winter_wheat,4,KAS,0.9,16
5592,2,winter_wheat,1,PK,0.001,40
5592,2,winter_wheat,2,KAS,0.25,32
5592,2,winter_wheat,3,KAS,0.4,16
5592,2,winter_wheat,4,KAS,0.9,16
5593,2,winter_wheat,1,PK,0.001,40
5593,2,winter_wheat,2,KAS,0.25,32
5593,2,winter_wheat,3,KAS,0.4,16
5593,2,winter_wheat,4,KAS,0.9,16
5594,2,winter_wheat,1,PK,0.001,40
5594,2,winter_wheat,2,KAS,0.25,32
5594,2,winter_wheat,3,KAS,0.4,16
5594,2,winter_wheat,4,KAS,0.9,16
5595,2,winter_wheat,1,PK,0.001,40
5595,2,winter_wheat,2,KAS,0.25,32
5595,2,winter_wheat,3,KAS,0.4,16
5595,2,winter_wheat,4,KAS,0.9,16
5596,2,winter_wheat,1,PK,0.001,40
5596,2,winter_wheat,2,KAS,0.25,32
5596,2,winter_wheat,3,KAS,0.4,16
5596,2,winter_wheat,4,KAS,0.9,16
5597,2,winter_wheat,1,PK,0.001,40
5597,2,winter_wheat,2,KAS,0.25,32
5597,2,winter_wheat,3,KAS,0.4,16
5597,2,winter_wheat,4,KAS,0.9,16
5598,2,winter_wheat,1,PK,0.001,40
5598,2,winter_wheat,2,KAS,0.25,32
5598,2,winter_wheat,3,KAS,0.4,16
5598,2,winter_wheat,4,KAS,0.9,16
5599,2,winter_wheat,1,PK,0.001,40
5599,2,winter_wheat,2,KAS,0.25,32
5599,2,winter_wheat,3,KAS,0.4,16
5599,2,winter_wheat,4,KAS,0.9,16
5600,2,winter_wheat,1,PK,0.001,40
5600,2,winter_wheat,2,KAS,0.25,32
5600,2,winter_wheat,3,KAS,0.4,16
5600,2,winter_wheat,4,KAS,0.9,16
5601,2,winter_wheat,1,PK,0.001,40
5601,2,winter_wheat,2,KAS,0.25,32
5601,2,winter_wheat,3,KAS,0.4,16
5601,2,winter_wheat,4,KAS,0.9,16
5602,2,winter_wheat,1,PK,0.001,40
5602,2,winter_wheat,2,KAS,0.25,32
5602,2,winter_wheat,3,KAS,0.4,16
5602,2,winter_wheat,4,KAS,0.9,16
5603,2,winter_wheat,1,PK,0.001,40
5603,2,winter_wheat,2,KAS,0.25,32
5603,2,winter_wheat,3,KAS,0.4,16
5603,2,winter_wheat,4,KAS,0.9,16
5604,2,winter_wheat,1,PK,0.001,40
5604,2,winter_wheat,2,KAS,0.25,32
5604,2,winter_wheat,3,KAS,0.4,16
5604,2,winter_wheat,4,KAS,0.9,16
5605,2,winter_wheat,1,PK,0.001,40
5605,2,winter_wheat,2,KAS,0.25,32
5605,2,winter_wheat,3,KAS,0.4,16
5605,2,winter_wheat,4,KAS,0.9,16
5606,2,winter_wheat,1,PK,0.001,40
5606,2,winter_wheat,2,KAS,0.25,32
5606,2,winter_wheat,3,KAS,0.4,16
5606,2,winter_wheat,4,KAS,0.9,16
5607,2,winter_wheat,1,PK,0.001,40
5607,2,winter_wheat,2,KAS,0.25,32
5607,2,winter_wheat,3,KAS,0.4,16
5607,2,winter_wheat,4,KAS,0.9,16
7102,2,winter_wheat,1,PK,0.001,40
7102,2,winter_wheat,2,KAS,0.25,32
7102,2,winter_wheat,3,KAS,0.4,16
7102,2,winter_wheat,4,KAS,0.9,16
7103,2,winter_wheat,1,PK,0.001,40
7103,2,winter_wheat,2,KAS,0.25,32
7103,2,winter_wheat,3,KAS,0.4,16
7103,2,winter_wheat,4,KAS,0.9,16
7104,2,winter_wheat,1,PK,0.001,40
7104,2,winter_wheat,2,KAS,0.25,32
7104,2,winter_wheat,3,KAS,0.4,16
7104,2,winter_wheat,4,KAS,0.9,16
7105,2,winter_wheat,1,PK,0.001,40
7105,2,winter_wheat,2,KAS,0.25,32
7105,2,winter_wheat,3,KAS,0.4,16
7105,2,winter_wheat,4,KAS,0.9,16
7106,2,winter_wheat,1,PK,0.001,40
7106,2,winter_wheat,2,KAS,0.25,32
7106,2,winter_wheat,3,KAS,0.4,16
7106,2,winter_wheat,4,KAS,0.9,16
7107,2,winter_wheat,1,PK,0.001,40
7107,2,winter_wheat,2,KAS,0.25,32
7107,2,winter_wheat,3,KAS,0.4,16
7107,2,winter_wheat,4,KAS,0.9,16
7108,2,winter_wheat,1,PK,0.001,40
7108,2,winter_wheat,2,KAS,0.25,32
7108,2,winter_wheat,3,KAS,0.4,16
7108,2,winter_wheat,4,KAS,0.9,16
7109,2,winter_wheat,1,PK,0.001,40
7109,2,winter_wheat,2,KAS,0.25,32
7109,2,winter_wheat,3,KAS,0.4,16
7109,2,winter_wheat,4,KAS,0.9,16
7110,2,winter_wheat,1,PK,0.001,40
7110,2,winter_wheat,2,KAS,0.25,32
7110,2,winter_wheat,3,KAS,0.4,16
7110,2,winter_wheat,4,KAS,0.9,16
7111,2,winter_wheat,1,PK,0.001,40
7111,2,winter_wheat,2,KAS,0.25,32
7111,2,winter_wheat,3,KAS,0.4,16
7111,2,winter_wheat,4,KAS,0.9,16
7112,2,winter_wheat,1,PK,0.001,40
7112,2,winter_wheat,2,KAS,0.25,32
7112,2,winter_wheat,3,KAS,0.4,16
7112,2,winter_wheat,4,KAS,0.9,16
7113,2,winter_wheat,1,PK,0.001,40
7113,2,winter_wheat,2,KAS,0.25,32
7113,2,winter_wheat,3,KAS,0.4,16
7113,2,winter_wheat,4,KAS,0.9,16
7114,2,winter_wheat,1,PK,0.001,40
7114,2,winter_wheat,2,KAS,0.25,32
7114,2,winter_wheat,3,KAS,0.4,16
7114,2,winter_wheat,4,KAS,0.9,16
7115,2,winter_wheat,1,PK,0.001,40
7115,2,winter_wheat,2,KAS,0.25,32
7115,2,winter_wheat,3,KAS,0.4,16
7115,2,winter_wheat,4,KAS,0.9,16
7116,2,winter_wheat,1,PK,0.001,40
7116,2,winter_wheat,2,KAS,0.25,32
7116,2,winter_wheat,3,KAS,0.4,16
7116,2,winter_wheat,4,KAS,0.9,16
7117,2,winter_wheat,1,PK,0.001,40
7117,2,winter_wheat,2,KAS,0.25,32
7117,2,winter_wheat,3,KAS,0.4,16
7117,2,winter_wheat,4,KAS,0.9,16
7118,2,winter_wheat,1,PK,0.001,40
7118,2,winter_wheat,2,KAS,0.25,32
7118,2,winter_wheat,3,KAS,0.4,16
7118,2,winter_wheat,4,KAS,0.9,16
7119,2,winter_wheat,1,PK,0.001,40
7119,2,winter_wheat,2,KAS,0.25,32
7119,2,winter_wheat,3,KAS,0.4,16
7119,2,winter_wheat,4,KAS,0.9,16
7120,2,winter_wheat,1,PK,0.001,40
7120,2,winter_wheat,2,KAS,0.25,32
7120,2,winter_wheat,3,KAS,0.4,16
7120,2,winter_wheat,4,KAS,0.9,16
7121,2,winter_wheat,1,PK,0.001,40
7121,2,winter_wheat,2,KAS,0.25,32
7121,2,winter_wheat,3,KAS,0.4,16
7121,2,winter_wheat,4,KAS,0.9,16
7122,2,winter_wheat,1,PK,0.001,40
7122,2,winter_wheat,2,KAS,0.25,32
7122,2,winter_wheat,3,KAS,0.4,16
7122,2,winter_wheat,4,KAS,0.9,16
7123,2,winter_wheat,1,PK,0.001,40
7123,2,winter_wheat,2,KAS,0.25,32
7123,2,winter_wheat,3,KAS,0.4,16
7123,2,winter_wheat,4,KAS,0.9,16
7124,2,winter_wheat,1,PK,0.001,40
7124,2,winter_wheat,2,KAS,0.25,32
7124,2,winter_wheat,3,KAS,0.4,16
7124,2,winter_wheat,4,KAS,0.9,16
7125,2,winter_wheat,1,PK,0.001,40
7125,2,winter_wheat,2,KAS,0.25,32
7125,2,winter_wheat,3,KAS,0.4,16
7125,2,winter_wheat,4,KAS,0.9,16
7126,2,winter_wheat,1,PK,0.001,40
7126,2,winter_wheat,2,KAS,0.25,32
7126,2,winter_wheat,3,KAS,0.4,16
7126,2,winter_wheat,4,KAS,0.9,16
7127,2,winter_wheat,1,PK,0.001,40
7127,2,winter_wheat,2,KAS,0.25,32
7127,2,winter_wheat,3,KAS,0.4,16
7127,2,winter_wheat,4,KAS,0.9,16
7128,2,winter_wheat,1,PK,0.001,40
7128,2,winter_wheat,2,KAS,0.25,32
7128,2,winter_wheat,3,KAS,0.4,16
7128,2,winter_wheat,4,KAS,0.9,16
7129,2,winter_wheat,1,PK,0.001,40
7129,2,winter_wheat,2,KAS,0.25,32
7129,2,winter_wheat,3,KAS,0.4,16
7129,2,winter_wheat,4,KAS,0.9,16
7130,2,winter_wheat,1,PK,0.001,40
7130,2,winter_wheat,2,KAS,0.25,32
7130,2,winter_wheat,3,KAS,0.4,16
7130,2,winter_wheat,4,KAS,0.9,16
7131,2,winter_wheat,1,PK,0.001,40
7131,2,winter_wheat,2,KAS,0.25,32
7131,2,winter_wheat,3,KAS,0.4,16
7131,2,winter_wheat,4,KAS,0.9,16
7132,2,winter_wheat,1,PK,0.001,40
7132,2,winter_wheat,2,KAS,0.25,32
7132,2,winter_wheat,3,KAS,0.4,16
7132,2,winter_wheat,4,KAS,0.9,16
7133,2,winter_wheat,1,PK,0.001,40
7133,2,winter_wheat,2,KAS,0.25,32
7133,2,winter_wheat,3,KAS,0.4,16
7133,2,winter_wheat,4,KAS,0.9,16
7134,2,winter_wheat,1,PK,0.001,40
7134,2,winter_wheat,2,KAS,0.25,32
7134,2,winter_wheat,3,KAS,0.4,16
7134,2,winter_wheat,4,KAS,0.9,16
7135,2,winter_wheat,1,PK,0.001,40
7135,2,winter_wheat,2,KAS,0.25,32
7135,2,winter_wheat,3,KAS,0.4,16
7135,2,winter_wheat,4,KAS,0.9,16
7136,2,winter_wheat,1,PK,0.001,40
7136,2,winter_wheat,2,KAS,0.25,32
7136,2,winter_wheat,3,KAS,0.4,16
7136,2,winter_wheat,4,KAS,0.9,16
7137,2,winter_wheat,1,PK,0.001,40
7137,2,winter_wheat,2,KAS,0.25,32
7137,2,winter_wheat,3,KAS,0.4,16
7137,2,winter_wheat,4,KAS,0.9,16
7138,2,winter_wheat,1,PK,0.001,40
7138,2,winter_wheat,2,KAS,0.25,32
7138,2,winter_wheat,3,KAS,0.4,16
7138,2,winter_wheat,4,KAS,0.9,16
7139,2,winter_wheat,1,PK,0.001,40
7139,2,winter_wheat,2,KAS,0.25,32
7139,2,winter_wheat,3,KAS,0.4,16
7139,2,winter_wheat,4,KAS,0.9,16
7140,2,winter_wheat,1,PK,0.001,40
7140,2,winter_wheat,2,KAS,0.25,32
7140,2,winter_wheat,3,KAS,0.4,16
7140,2,winter_wheat,4,KAS,0.9,16
7141,2,winter_wheat,1,PK,0.001,40
7141,2,winter_wheat,2,KAS,0.25,32
7141,2,winter_wheat,3,KAS,0.4,16
7141,2,winter_wheat,4,KAS,0.9,16
7142,2,winter_wheat,1,PK,0.001,40
7142,2,winter_wheat,2,KAS,0.25,32
7142,2,winter_wheat,3,KAS,0.4,16
7142,2,winter_wheat,4,KAS,0.9,16
7143,2,winter_wheat,1,PK,0.001,40
7143,2,winter_wheat,2,KAS,0.25,32
7143,2,winter_wheat,3,KAS,0.4,16
7143,2,winter_wheat,4,KAS,0.9,16
7144,2,winter_wheat,1,PK,0.001,40
7144,2,winter_wheat,2,KAS,0.25,32
7144,2,winter_wheat,3,KAS,0.4,16
7144,2,winter_wheat,4,KAS,0.9,16
7145,2,winter_wheat,1,PK,0.001,40
7145,2,winter_wheat,2,KAS,0.25,32
7145,2,winter_wheat,3,KAS,0.4,16
7145,2,winter_wheat,4,KAS,0.9,16
7146,2,winter_wheat,1,PK,0.001,40
7146,2,winter_wheat,2,KAS,0.25,32
7146,2,winter_wheat,3,KAS,0.4,16
7146,2,winter_wheat,4,KAS,0.9,16
7147,2,winter_wheat,1,PK,0.001,40
7147,2,winter_wheat,2,KAS,0.25,32
7147,2,winter_wheat,3,KAS,0.4,16
7147,2,winter_wheat,4,KAS,0.9,16
7148,2,winter_wheat,1,PK,0.001,40
7148,2,winter_wheat,2,KAS,0.25,32
7148,2,winter_wheat,3,KAS,0.4,16
7148,2,winter_wheat,4,KAS,0.9,16
7149,2,winter_wheat,1,PK,0.001,40
7149,2,winter_wheat,2,KAS,0.25,32
7149,2,winter_wheat,3,KAS,0.4,16
7149,2,winter_wheat,4,KAS,0.9,16
7150,2,winter_wheat,1,PK,0.001,40
7150,2,winter_wheat,2,KAS,0.25,32
7150,2,winter_wheat,3,KAS,0.4,16
7150,2,winter_wheat,4,KAS,0.9,16
7151,2,winter_wheat,1,PK,0.001,40
7151,2,winter_wheat,2,KAS,0.25,32
7151,2,winter_wheat,3,KAS,0.4,16
7151,2,winter_wheat,4,KAS,0.9,16
7152,2,winter_wheat,1,PK,0.001,40
7152,2,winter_wheat,2,KAS,0.25,32
7152,2,winter_wheat,3,KAS,0.4,16
7152,2,winter_wheat,4,KAS,0.9,16
7153,2,winter_wheat,1,PK,0.001,40
7153,2,winter_wheat,2,KAS,0.25,32
7153,2,winter_wheat,3,KAS,0.4,16
7153,2,winter_wheat,4,KAS,0.9,16
7154,2,winter_wheat,1,PK,0.001,40
7154,2,winter_wheat,2,KAS,0.25,32
7154,2,winter_wheat,3,KAS,0.4,16
7154,2,winter_wheat,4,KAS,0.9,16
7155,2,winter_wheat,1,PK,0.001,40
7155,2,winter_wheat,2,KAS,0.25,32
7155,2,winter_wheat,3,KAS,0.4,16
7155,2,winter_wheat,4,KAS,0.9,16
7156,2,winter_wheat,1,PK,0.001,40
7156,2,winter_wheat,2,KAS,0.25,32
7156,2,winter_wheat,3,KAS,0.4,16
7156,2,winter_wheat,4,KAS,0.9,16
7157,2,winter_wheat,1,PK,0.001,40
7157,2,winter_wheat,2,KAS,0.25,32
7157,2,winter_wheat,3,KAS,0.4,16
7157,2,winter_wheat,4,KAS,0.9,16
7158,2,winter_wheat,1,PK,0.001,40
7158,2,winter_wheat,2,KAS,0.25,32
7158,2,winter_wheat,3,KAS,0.4,16
7158,2,winter_wheat,4,KAS,0.9,16
7159,2,winter_wheat,1,PK,0.001,40
7159,2,winter_wheat,2,KAS,0.25,32
7159,2,winter_wheat,3,KAS,0.4,16
7159,2,winter_wheat,4,KAS,0.9,16
7160,2,winter_wheat,1,PK,0.001,40
7160,2,winter_wheat,2,KAS,0.25,32
7160,2,winter_wheat,3,KAS,0.4,16
7160,2,winter_wheat,4,KAS,0.9,16
7161,2,winter_wheat,1,PK,0.001,40
7161,2,winter_wheat,2,KAS,0.25,32
7161,2,winter_wheat,3,KAS,0.4,16
7161,2,winter_wheat,4,KAS,0.9,16
7162,2,winter_wheat,1,PK,0.001,40
7162,2,winter_wheat,2,KAS,0.25,32
7162,2,winter_wheat,3,KAS,0.4,16
7162,2,winter_wheat,4,KAS,0.9,16
7163,2,winter_wheat,1,PK,0.001,40
7163,2,winter_wheat,2,KAS,0.25,32
7163,2,winter_wheat,3,KAS,0.4,16
7163,2,winter_wheat,4,KAS,0.9,16
7164,2,winter_wheat,1,PK,0.001,40
7164,2,winter_wheat,2,KAS,0.25,32
7164,2,winter_wheat,3,KAS,0.4,16
7164,2,winter_wheat,4,KAS,0.9,16
7165,2,winter_wheat,1,PK,0.001,40
7165,2,winter_wheat,2,KAS,0.25,32
7165,2,winter_wheat,3,KAS,0.4,16
7165,2,winter_wheat,4,KAS,0.9,16
7166,2,winter_wheat,1,PK,0.001,40
7166,2,winter_wheat,2,KAS,0.25,32
7166,2,winter_wheat,3,KAS,0.4,16
7166,2,winter_wheat,4,KAS,0.9,16
7167,2,winter_wheat,1,PK,0.001,40
7167,2,winter_wheat,2,KAS,0.25,32
7167,2,winter_wheat,3,KAS,0.4,16
7167,2,winter_wheat,4,KAS,0.9,16
7168,2,winter_wheat,1,PK,0.001,40
7168,2,winter_wheat,2,KAS,0.25,32
7168,2,winter_wheat,3,KAS,0.4,16
7168,2,winter_wheat,4,KAS,0.9,16
7169,2,winter_wheat,1,PK,0.001,40
7169,2,winter_wheat,2,KAS,0.25,32
7169,2,winter_wheat,3,KAS,0.4,16
7169,2,winter_wheat,4,KAS,0.9,16
7170,2,winter_wheat,1,PK,0.001,40
7170,2,winter_wheat,2,KAS,0.25,32
7170,2,winter_wheat,3,KAS,0.4,16
7170,2,winter_wheat,4,KAS,0.9,16
7171,2,winter_wheat,1,PK,0.001,40
7171,2,winter_wheat,2,KAS,0.25,32
7171,2,winter_wheat,3,KAS,0.4,16
7171,2,winter_wheat,4,KAS,0.9,16
7172,2,winter_wheat,1,PK,0.001,40
7172,2,winter_wheat,2,KAS,0.25,32
7172,2,winter_wheat,3,KAS,0.4,16
7172,2,winter_wheat,4,KAS,0.9,16
7173,2,winter_wheat,1,PK,0.001,40
7173,2,winter_wheat,2,KAS,0.25,32
7173,2,winter_wheat,3,KAS,0.4,16
7173,2,winter_wheat,4,KAS,0.9,16
7174,2,winter_wheat,1,PK,0.001,40
7174,2,winter_wheat,2,KAS,0.25,32
7174,2,winter_wheat,3,KAS,0.4,16
7174,2,winter_wheat,4,KAS,0.9,16
7175,2,winter_wheat,1,PK,0.001,40
7175,2,winter_wheat,2,KAS,0.25,32
7175,2,winter_wheat,3,KAS,0.4,16
7175,2,winter_wheat,4,KAS,0.9,16
7176,2,winter_wheat,1,PK,0.001,40
7176,2,winter_wheat,2,KAS,0.25,32
7176,2,winter_wheat,3,KAS,0.4,16
7176,2,winter_wheat,4,KAS,0.9,16
7177,2,winter_wheat,1,PK,0.001,40
7177,2,winter_wheat,2,KAS,0.25,32
7177,2,winter_wheat,3,KAS,0.4,16
7177,2,winter_wheat,4,KAS,0.9,16
7178,2,winter_wheat,1,PK,0.001,40
7178,2,winter_wheat,2,KAS,0.25,32
7178,2,winter_wheat,3,KAS,0.4,16
7178,2,winter_wheat,4,KAS,0.9,16
7179,2,winter_wheat,1,PK,0.001,40
7179,2,winter_wheat,2,KAS,0.25,32
7179,2,winter_wheat,3,KAS,0.4,16
7179,2,winter_wheat,4,KAS,0.9,16
7180,2,winter_wheat,1,PK,0.001,40
7180,2,winter_wheat,2,KAS,0.25,32
7180,2,winter_wheat,3,KAS,0.4,16
7180,2,winter_wheat,4,KAS,0.9,16
7181,2,winter_wheat,1,PK,0.001,40
7181,2,winter_wheat,2,KAS,0.25,32
7181,2,winter_wheat,3,KAS,0.4,16
7181,2,winter_wheat,4,KAS,0.9,16
7182,2,winter_wheat,1,PK,0.001,40
7182,2,winter_wheat,2,KAS,0.25,32
7182,2,winter_wheat,3,KAS,0.4,16
7182,2,winter_wheat,4,KAS,0.9,16
7183,2,winter_wheat,1,PK,0.001,40
7183,2,winter_wheat,2,KAS,0.25,32
7183,2,winter_wheat,3,KAS,0.4,16
7183,2,winter_wheat,4,KAS,0.9,16
7184,2,winter_wheat,1,PK,0.001,40
7184,2,winter_wheat,2,KAS,0.25,32
7184,2,winter_wheat,3,KAS,0.4,16
7184,2,winter_wheat,4,KAS,0.9,16
7185,2,winter_wheat,1,PK,0.001,40
7185,2,winter_wheat,2,KAS,0.25,32
7185,2,winter_wheat,3,KAS,0.4,16
7185,2,winter_wheat,4,KAS,0.9,16
7186,2,winter_wheat,1,PK,0.001,40
7186,2,winter_wheat,2,KAS,0.25,32
7186,2,winter_wheat,3,KAS,0.4,16
7186,2,winter_wheat,4,KAS,0.9,16
7187,2,winter_wheat,1,PK,0.001,40
7187,2,winter_wheat,2,KAS,0.25,32
7187,2,winter_wheat,3,KAS,0.4,16
7187,2,winter_wheat,4,KAS,0.9,16
7188,2,winter_wheat,1,PK,0.001,40
7188,2,winter_wheat,2,KAS,0.25,32
7188,2,winter_wheat,3,KAS,0.4,16
7188,2,winter_wheat,4,KAS,0.9,16
7189,2,winter_wheat,1,PK,0.001,40
7189,2,winter_wheat,2,KAS,0.25,32
7189,2,winter_wheat,3,KAS,0.4,16
7189,2,winter_wheat,4,KAS,0.9,16
7190,2,winter_wheat,1,PK,0.001,40
7190,2,winter_wheat,2,KAS,0.25,32
7190,2,winter_wheat,3,KAS,0.4,16
7190,2,winter_wheat,4,KAS,0.9,16
7191,2,winter_wheat,1,PK,0.001,40
7191,2,winter_wheat,2,KAS,0.25,32
7191,2,winter_wheat,3,KAS,0.4,16
7191,2,winter_wheat,4,KAS,0.9,16
7192,2,winter_wheat,1,PK,0.001,40
7192,2,winter_wheat,2,KAS,0.25,32
7192,2,winter_wheat,3,KAS,0.4,16
7192,2,winter_wheat,4,KAS,0.9,16
7193,2,winter_wheat,1,PK,0.001,40
7193,2,winter_wheat,2,KAS,0.25,32
7193,2,winter_wheat,3,KAS,0.4,16
7193,2,winter_wheat,4,KAS,0.9,16
7194,2,winter_wheat,1,PK,0.001,40
7194,2,winter_wheat,2,KAS,0.25,32
7194,2,winter_wheat,3,KAS,0.4,16
7194,2,winter_wheat,4,KAS,0.9,16
7195,2,winter_wheat,1,PK,0.001,40
7195,2,winter_wheat,2,KAS,0.25,32
7195,2,winter_wheat,3,KAS,0.4,16
7195,2,winter_wheat,4,KAS,0.9,16
7196,2,winter_wheat,1,PK,0.001,40
7196,2,winter_wheat,2,KAS,0.25,32
7196,2,winter_wheat,3,KAS,0.4,16
7196,2,winter_wheat,4,KAS,0.9,16
7197,2,winter_wheat,1,PK,0.001,40
7197,2,winter_wheat,2,KAS,0.25,32
7197,2,winter_wheat,3,KAS,0.4,16
7197,2,winter_wheat,4,KAS,0.9,16
7198,2,winter_wheat,1,PK,0.001,40
7198,2,winter_wheat,2,KAS,0.25,32
7198,2,winter_wheat,3,KAS,0.4,16
7198,2,winter_wheat,4,KAS,0.9,16
7199,2,winter_wheat,1,PK,0.001,40
7199,2,winter_wheat,2,KAS,0.25,32
7199,2,winter_wheat,3,KAS,0.4,16
7199,2,winter_wheat,4,KAS,0.9,16
7200,2,winter_wheat,1,PK,0.001,40
7200,2,winter_wheat,2,KAS,0.25,32
7200,2,winter_wheat,3,KAS,0.4,16
7200,2,winter_wheat,4,KAS,0.9,16
7201,2,winter_wheat,1,PK,0.001,40
7201,2,winter_wheat,2,KAS,0.25,32
7201,2,winter_wheat,3,KAS,0.4,16
7201,2,winter_wheat,4,KAS,0.9,16
7202,2,winter_wheat,1,PK,0.001,40
7202,2,winter_wheat,2,KAS,0.25,32
7202,2,winter_wheat,3,KAS,0.4,16
7202,2,winter_wheat,4,KAS,0.9,16
7203,2,winter_wheat,1,PK,0.001,40
7203,2,winter_wheat,2,KAS,0.25,32
7203,2,winter_wheat,3,KAS,0.4,16
7203,2,winter_wheat,4,KAS,0.9,16
7204,2,winter_wheat,1,PK,0.001,40
7204,2,winter_wheat,2,KAS,0.25,32
7204,2,winter_wheat,3,KAS,0.4,16
7204,2,winter_wheat,4,KAS,0.9,16
7205,2,winter_wheat,1,PK,0.001,40
7205,2,winter_wheat,2,KAS,0.25,32
7205,2,winter_wheat,3,KAS,0.4,16
7205,2,winter_wheat,4,KAS,0.9,16
7206,2,winter_wheat,1,PK,0.001,40
7206,2,winter_wheat,2,KAS,0.25,32
7206,2,winter_wheat,3,KAS,0.4,16
7206,2,winter_wheat,4,KAS,0.9,16
7207,2,winter_wheat,1,PK,0.001,40
7207,2,winter_wheat,2,KAS,0.25,32
7207,2,winter_wheat,3,KAS,0.4,16
7207,2,winter_wheat,4,KAS,0.9,16
7208,2,winter_wheat,1,PK,0.001,40
7208,2,winter_wheat,2,KAS,0.25,32
7208,2,winter_wheat,3,KAS,0.4,16
7208,2,winter_wheat,4,KAS,0.9,16
7209,2,winter_wheat,1,PK,0.001,40
7209,2,winter_wheat,2,KAS,0.25,32
7209,2,winter_wheat,3,KAS,0.4,16
7209,2,winter_wheat,4,KAS,0.9,16
7210,2,winter_wheat,1,PK,0.001,40
7210,2,winter_wheat,2,KAS,0.25,32
7210,2,winter_wheat,3,KAS,0.4,16
7210,2,winter_wheat,4,KAS,0.9,16
7211,2,winter_wheat,1,PK,0.001,40
7211,2,winter_wheat,2,KAS,0.25,32
7211,2,winter_wheat,3,KAS,0.4,16
7211,2,winter_wheat,4,KAS,0.9,16
7212,2,winter_wheat,1,PK,0.001,40
7212,2,winter_wheat,2,KAS,0.25,32
7212,2,winter_wheat,3,KAS,0.4,16
7212,2,winter_wheat,4,KAS,0.9,16
7213,2,winter_wheat,1,PK,0.001,40
7213,2,winter_wheat,2,KAS,0.25,32
7213,2,winter_wheat,3,KAS,0.4,16
7213,2,winter_wheat,4,KAS,0.9,16
7214,2,winter_wheat,1,PK,0.001,40
7214,2,winter_wheat,2,KAS,0.25,32
7214,2,winter_wheat,3,KAS,0.4,16
7214,2,winter_wheat,4,KAS,0.9,16
7215,2,winter_wheat,1,PK,0.001,40
7215,2,winter_wheat,2,KAS,0.25,32
7215,2,winter_wheat,3,KAS,0.4,16
7215,2,winter_wheat,4,KAS,0.9,16
7216,2,winter_wheat,1,PK,0.001,40
7216,2,winter_wheat,2,KAS,0.25,32
7216,2,winter_wheat,3,KAS,0.4,16
7216,2,winter_wheat,4,KAS,0.9,16
7217,2,winter_wheat,1,PK,0.001,40
7217,2,winter_wheat,2,KAS,0.25,32
7217,2,winter_wheat,3,KAS,0.4,16
7217,2,winter_wheat,4,KAS,0.9,16
7218,2,winter_wheat,1,PK,0.001,40
7218,2,winter_wheat,2,KAS,0.25,32
7218,2,winter_wheat,3,KAS,0.4,16
7218,2,winter_wheat,4,KAS,0.9,16
7219,2,winter_wheat,1,PK,0.001,40
7219,2,winter_wheat,2,KAS,0.25,32
7219,2,winter_wheat,3,KAS,0.4,16
7219,2,winter_wheat,4,KAS,0.9,16
7220,2,winter_wheat,1,PK,0.001,40
7220,2,winter_wheat,2,KAS,0.25,32
7220,2,winter_wheat,3,KAS,0.4,16
7220,2,winter_wheat,4,KAS,0.9,16
7221,2,winter_wheat,1,PK,0.001,40
7221,2,winter_wheat,2,KAS,0.25,32
7221,2,winter_wheat,3,KAS,0.4,16
7221,2,winter_wheat,4,KAS,0.9,16
7222,2,winter_wheat,1,PK,0.001,40
7222,2,winter_wheat,2,KAS,0.25,32
7222,2,winter_wheat,3,KAS,0.4,16
7222,2,winter_wheat,4,KAS,0.9,16
7223,2,winter_wheat,1,PK,0.001,40
7223,2,winter_wheat,2,KAS,0.25,32
7223,2,winter_wheat,3,KAS,0.4,16
7223,2,winter_wheat,4,KAS,0.9,16
7224,2,winter_wheat,1,PK,0.001,40
7224,2,winter_wheat,2,KAS,0.25,32
7224,2,winter_wheat,3,KAS,0.4,16
7224,2,winter_wheat,4,KAS,0.9,16
7225,2,winter_wheat,1,PK,0.001,40
7225,2,winter_wheat,2,KAS,0.25,32
7225,2,winter_wheat,3,KAS,0.4,16
7225,2,winter_wheat,4,KAS,0.9,16
7226,2,winter_wheat,1,PK,0.001,40
7226,2,winter_wheat,2,KAS,0.25,32
7226,2,winter_wheat,3,KAS,0.4,16
7226,2,winter_wheat,4,KAS,0.9,16
7227,2,winter_wheat,1,PK,0.001,40
7227,2,winter_wheat,2,KAS,0.25,32
7227,2,winter_wheat,3,KAS,0.4,16
7227,2,winter_wheat,4,KAS,0.9,16
7228,2,winter_wheat,1,PK,0.001,40
7228,2,winter_wheat,2,KAS,0.25,32
7228,2,winter_wheat,3,KAS,0.4,16
7228,2,winter_wheat,4,KAS,0.9,16
7229,2,winter_wheat,1,PK,0.001,40
7229,2,winter_wheat,2,KAS,0.25,32
7229,2,winter_wheat,3,KAS,0.4,16
7229,2,winter_wheat,4,KAS,0.9,16
7230,2,winter_wheat,1,PK,0.001,40
7230,2,winter_wheat,2,KAS,0.25,32
7230,2,winter_wheat,3,KAS,0.4,16
7230,2,winter_wheat,4,KAS,0.9,16
7231,2,winter_wheat,1,PK,0.001,40
7231,2,winter_wheat,2,KAS,0.25,32
7231,2,winter_wheat,3,KAS,0.4,16
7231,2,winter_wheat,4,KAS,0.9,16
7232,2,winter_wheat,1,PK,0.001,40
7232,2,winter_wheat,2,KAS,0.25,32
7232,2,winter_wheat,3,KAS,0.4,16
7232,2,winter_wheat,4,KAS,0.9,16
7233,2,winter_wheat,1,PK,0.001,40
7233,2,winter_wheat,2,KAS,0.25,32
7233,2,winter_wheat,3,KAS,0.4,16
7233,2,winter_wheat,4,KAS,0.9,16
7234,2,winter_wheat,1,PK,0.001,40
7234,2,winter_wheat,2,KAS,0.25,32
7234,2,winter_wheat,3,KAS,0.4,16
7234,2,winter_wheat,4,KAS,0.9,16
7235,2,winter_wheat,1,PK,0.001,40
7235,2,winter_wheat,2,KAS,0.25,32
7235,2,winter_wheat,3,KAS,0.4,16
7235,2,winter_wheat,4,KAS,0.9,16
7236,2,winter_wheat,1,PK,0.001,40
7236,2,winter_wheat,2,KAS,0.25,32
7236,2,winter_wheat,3,KAS,0.4,16
7236,2,winter_wheat,4,KAS,0.9,16
7237,2,winter_wheat,1,PK,0.001,40
7237,2,winter_wheat,2,KAS,0.25,32
7237,2,winter_wheat,3,KAS,0.4,16
7237,2,winter_wheat,4,KAS,0.9,16
7238,2,winter_wheat,1,PK,0.001,40
7238,2,winter_wheat,2,KAS,0.25,32
7238,2,winter_wheat,3,KAS,0.4,16
7238,2,winter_wheat,4,KAS,0.9,16
7239,2,winter_wheat,1,PK,0.001,40
7239,2,winter_wheat,2,KAS,0.25,32
7239,2,winter_wheat,3,KAS,0.4,16
7239,2,winter_wheat,4,KAS,0.9,16
7240,2,winter_wheat,1,PK,0.001,40
7240,2,winter_wheat,2,KAS,0.25,32
7240,2,winter_wheat,3,KAS,0.4,16
7240,2,winter_wheat,4,KAS,0.9,16
7241,2,winter_wheat,1,PK,0.001,40
7241,2,winter_wheat,2,KAS,0.25,32
7241,2,winter_wheat,3,KAS,0.4,16
7241,2,winter_wheat,4,KAS,0.9,16
7242,2,winter_wheat,1,PK,0.001,40
7242,2,winter_wheat,2,KAS,0.25,32
7242,2,winter_wheat,3,KAS,0.4,16
7242,2,winter_wheat,4,KAS,0.9,16
7243,2,winter_wheat,1,PK,0.001,40
7243,2,winter_wheat,2,KAS,0.25,32
7243,2,winter_wheat,3,KAS,0.4,16
7243,2,winter_wheat,4,KAS,0.9,16
7244,2,winter_wheat,1,PK,0.001,40
7244,2,winter_wheat,2,KAS,0.25,32
7244,2,winter_wheat,3,KAS,0.4,16
7244,2,winter_wheat,4,KAS,0.9,16
7245,2,winter_wheat,1,PK,0.001,40
7245,2,winter_wheat,2,KAS,0.25,32
7245,2,winter_wheat,3,KAS,0.4,16
7245,2,winter_wheat,4,KAS,0.9,16
7247,2,winter_wheat,1,PK,0.001,40
7247,2,winter_wheat,2,KAS,0.25,32
7247,2,winter_wheat,3,KAS,0.4,16
7247,2,winter_wheat,4,KAS,0.9,16
7248,2,winter_wheat,1,PK,0.001,40
7248,2,winter_wheat,2,KAS,0.25,32
7248,2,winter_wheat,3,KAS,0.4,16
7248,2,winter_wheat,4,KAS,0.9,16
7249,2,winter_wheat,1,PK,0.001,40
7249,2,winter_wheat,2,KAS,0.25,32
7249,2,winter_wheat,3,KAS,0.4,16
7249,2,winter_wheat,4,KAS,0.9,16
7250,2,winter_wheat,1,PK,0.001,40
7250,2,winter_wheat,2,KAS,0.25,32
7250,2,winter_wheat,3,KAS,0.4,16
7250,2,winter_wheat,4,KAS,0.9,16
7251,2,winter_wheat,1,PK,0.001,40
7251,2,winter_wheat,2,KAS,0.25,32
7251,2,winter_wheat,3,KAS,0.4,16
7251,2,winter_wheat,4,KAS,0.9,16
7252,2,winter_wheat,1,PK,0.001,40
7252,2,winter_wheat,2,KAS,0.25,32
7252,2,winter_wheat,3,KAS,0.4,16
7252,2,winter_wheat,4,KAS,0.9,16
7253,2,winter_wheat,1,PK,0.001,40
7253,2,winter_wheat,2,KAS,0.25,32
7253,2,winter_wheat,3,KAS,0.4,16
7253,2,winter_wheat,4,KAS,0.9,16
7254,2,winter_wheat,1,PK,0.001,40
7254,2,winter_wheat,2,KAS,0.25,32
7254,2,winter_wheat,3,KAS,0.4,16
7254,2,winter_wheat,4,KAS,0.9,16
7255,2,winter_wheat,1,PK,0.001,40
7255,2,winter_wheat,2,KAS,0.25,32
7255,2,winter_wheat,3,KAS,0.4,16
7255,2,winter_wheat,4,KAS,0.9,16
7256,2,winter_wheat,1,PK,0.001,40
7256,2,winter_wheat,2,KAS,0.25,32
7256,2,winter_wheat,3,KAS,0.4,16
7256,2,winter_wheat,4,KAS,0.9,16
7257,2,winter_wheat,1,PK,0.001,40
7257,2,winter_wheat,2,KAS,0.25,32
7257,2,winter_wheat,3,KAS,0.4,16
7257,2,winter_wheat,4,KAS,0.9,16
7258,2,winter_wheat,1,PK,0.001,40
7258,2,winter_wheat,2,KAS,0.25,32
7258,2,winter_wheat,3,KAS,0.4,16
7258,2,winter_wheat,4,KAS,0.9,16
7259,2,winter_wheat,1,PK,0.001,40
7259,2,winter_wheat,2,KAS,0.25,32
7259,2,winter_wheat,3,KAS,0.4,16
7259,2,winter_wheat,4,KAS,0.9,16
7260,2,winter_wheat,1,PK,0.001,40
7260,2,winter_wheat,2,KAS,0.25,32
7260,2,winter_wheat,3,KAS,0.4,16
7260,2,winter_wheat,4,KAS,0.9,16
7261,2,winter_wheat,1,PK,0.001,40
7261,2,winter_wheat,2,KAS,0.25,32
7261,2,winter_wheat,3,KAS,0.4,16
7261,2,winter_wheat,4,KAS,0.9,16
7262,2,winter_wheat,1,PK,0.001,40
7262,2,winter_wheat,2,KAS,0.25,32
7262,2,winter_wheat,3,KAS,0.4,16
7262,2,winter_wheat,4,KAS,0.9,16
7263,2,winter_wheat,1,PK,0.001,40
7263,2,winter_wheat,2,KAS,0.25,32
7263,2,winter_wheat,3,KAS,0.4,16
7263,2,winter_wheat,4,KAS,0.9,16
7264,2,winter_wheat,1,PK,0.001,40
7264,2,winter_wheat,2,KAS,0.25,32
7264,2,winter_wheat,3,KAS,0.4,16
7264,2,winter_wheat,4,KAS,0.9,16
7265,2,winter_wheat,1,PK,0.001,40
7265,2,winter_wheat,2,KAS,0.25,32
7265,2,winter_wheat,3,KAS,0.4,16
7265,2,winter_wheat,4,KAS,0.9,16
7266,2,winter_wheat,1,PK,0.001,40
7266,2,winter_wheat,2,KAS,0.25,32
7266,2,winter_wheat,3,KAS,0.4,16
7266,2,winter_wheat,4,KAS,0.9,16
7267,2,winter_wheat,1,PK,0.001,40
7267,2,winter_wheat,2,KAS,0.25,32
7267,2,winter_wheat,3,KAS,0.4,16
7267,2,winter_wheat,4,KAS,0.9,16
7268,2,winter_wheat,1,PK,0.001,40
7268,2,winter_wheat,2,KAS,0.25,32
7268,2,winter_wheat,3,KAS,0.4,16
7268,2,winter_wheat,4,KAS,0.9,16
7269,2,winter_wheat,1,PK,0.001,40
7269,2,winter_wheat,2,KAS,0.25,32
7269,2,winter_wheat,3,KAS,0.4,16
7269,2,winter_wheat,4,KAS,0.9,16
7270,2,winter_wheat,1,PK,0.001,40
7270,2,winter_wheat,2,KAS,0.25,32
7270,2,winter_wheat,3,KAS,0.4,16
7270,2,winter_wheat,4,KAS,0.9,16
7271,2,winter_wheat,1,PK,0.001,40
7271,2,winter_wheat,2,KAS,0.25,32
7271,2,winter_wheat,3,KAS,0.4,16
7271,2,winter_wheat,4,KAS,0.9,16
7272,2,winter_wheat,1,PK,0.001,40
7272,2,winter_wheat,2,KAS,0.25,32
7272,2,winter_wheat,3,KAS,0.4,16
7272,2,winter_wheat,4,KAS,0.9,16
7273,2,winter_wheat,1,PK,0.001,40
7273,2,winter_wheat,2,KAS,0.25,32
7273,2,winter_wheat,3,KAS,0.4,16
7273,2,winter_wheat,4,KAS,0.9,16
7274,2,winter_wheat,1,PK,0.001,40
7274,2,winter_wheat,2,KAS,0.25,32
7274,2,winter_wheat,3,KAS,0.4,16
7274,2,winter_wheat,4,KAS,0.9,16
7275,2,winter_wheat,1,PK,0.001,40
7275,2,winter_wheat,2,KAS,0.25,32
7275,2,winter_wheat,3,KAS,0.4,16
7275,2,winter_wheat,4,KAS,0.9,16
7276,2,winter_wheat,1,PK,0.001,40
7276,2,winter_wheat,2,KAS,0.25,32
7276,2,winter_wheat,3,KAS,0.4,16
7276,2,winter_wheat,4,KAS,0.9,16
7277,2,winter_wheat,1,PK,0.001,40
7277,2,winter_wheat,2,KAS,0.25,32
7277,2,winter_wheat,3,KAS,0.4,16
7277,2,winter_wheat,4,KAS,0.9,16
7278,2,winter_wheat,1,PK,0.001,40
7278,2,winter_wheat,2,KAS,0.25,32
7278,2,winter_wheat,3,KAS,0.4,16
7278,2,winter_wheat,4,KAS,0.9,16
7279,2,winter_wheat,1,PK,0.001,40
7279,2,winter_wheat,2,KAS,0.25,32
7279,2,winter_wheat,3,KAS,0.4,16
7279,2,winter_wheat,4,KAS,0.9,16
7280,2,winter_wheat,1,PK,0.001,40
7280,2,winter_wheat,2,KAS,0.25,32
7280,2,winter_wheat,3,KAS,0.4,16
7280,2,winter_wheat,4,KAS,0.9,16
7281,2,winter_wheat,1,PK,0.001,40
7281,2,winter_wheat,2,KAS,0.25,32
7281,2,winter_wheat,3,KAS,0.4,16
7281,2,winter_wheat,4,KAS,0.9,16
7282,2,winter_wheat,1,PK,0.001,40
7282,2,winter_wheat,2,KAS,0.25,32
7282,2,winter_wheat,3,KAS,0.4,16
7282,2,winter_wheat,4,KAS,0.9,16
7283,2,winter_wheat,1,PK,0.001,40
7283,2,winter_wheat,2,KAS,0.25,32
7283,2,winter_wheat,3,KAS,0.4,16
7283,2,winter_wheat,4,KAS,0.9,16
7284,2,winter_wheat,1,PK,0.001,40
7284,2,winter_wheat,2,KAS,0.25,32
7284,2,winter_wheat,3,KAS,0.4,16
7284,2,winter_wheat,4,KAS,0.9,16
7286,2,winter_wheat,1,PK,0.001,40
7286,2,winter_wheat,2,KAS,0.25,32
7286,2,winter_wheat,3,KAS,0.4,16
7286,2,winter_wheat,4,KAS,0.9,16
7287,2,winter_wheat,1,PK,0.001,40
7287,2,winter_wheat,2,KAS,0.25,32
7287,2,winter_wheat,3,KAS,0.4,16
7287,2,winter_wheat,4,KAS,0.9,16
7288,2,winter_wheat,1,PK,0.001,40
7288,2,winter_wheat,2,KAS,0.25,32
7288,2,winter_wheat,3,KAS,0.4,16
7288,2,winter_wheat,4,KAS,0.9,16
7289,2,winter_wheat,1,PK,0.001,40
7289,2,winter_wheat,2,KAS,0.25,32
7289,2,winter_wheat,3,KAS,0.4,16
7289,2,winter_wheat,4,KAS,0.9,16
7290,2,winter_wheat,1,PK,0.001,40
7290,2,winter_wheat,2,KAS,0.25,32
7290,2,winter_wheat,3,KAS,0.4,16
7290,2,winter_wheat,4,KAS,0.9,16
7291,2,winter_wheat,1,PK,0.001,40
7291,2,winter_wheat,2,KAS,0.25,32
7291,2,winter_wheat,3,KAS,0.4,16
7291,2,winter_wheat,4,KAS,0.9,16
7292,2,winter_wheat,1,PK,0.001,40
7292,2,winter_wheat,2,KAS,0.25,32
7292,2,winter_wheat,3,KAS,0.4,16
7292,2,winter_wheat,4,KAS,0.9,16
7293,2,winter_wheat,1,PK,0.001,40
7293,2,winter_wheat,2,KAS,0.25,32
7293,2,winter_wheat,3,KAS,0.4,16
7293,2,winter_wheat,4,KAS,0.9,16
7294,2,winter_wheat,1,PK,0.001,40
7294,2,winter_wheat,2,KAS,0.25,32
7294,2,winter_wheat,3,KAS,0.4,16
7294,2,winter_wheat,4,KAS,0.9,16
7295,2,winter_wheat,1,PK,0.001,40
7295,2,winter_wheat,2,KAS,0.25,32
7295,2,winter_wheat,3,KAS,0.4,16
7295,2,winter_wheat,4,KAS,0.9,16
7296,2,winter_wheat,1,PK,0.001,40
7296,2,winter_wheat,2,KAS,0.25,32
7296,2,winter_wheat,3,KAS,0.4,16
7296,2,winter_wheat,4,KAS,0.9,16
7297,2,winter_wheat,1,PK,0.001,40
7297,2,winter_wheat,2,KAS,0.25,32
7297,2,winter_wheat,3,KAS,0.4,16
7297,2,winter_wheat,4,KAS,0.9,16
7298,2,winter_wheat,1,PK,0.001,40
7298,2,winter_wheat,2,KAS,0.25,32
7298,2,winter_wheat,3,KAS,0.4,16
7298,2,winter_wheat,4,KAS,0.9,16
7299,2,winter_wheat,1,PK,0.001,40
7299,2,winter_wheat,2,KAS,0.25,32
7299,2,winter_wheat,3,KAS,0.4,16
7299,2,winter_wheat,4,KAS,0.9,16
7300,2,winter_wheat,1,PK,0.001,40
7300,2,winter_wheat,2,KAS,0.25,32
7300,2,winter_wheat,3,KAS,0.4,16
7300,2,winter_wheat,4,KAS,0.9,16
7301,2,winter_wheat,1,PK,0.001,40
7301,2,winter_wheat,2,KAS,0.25,32
7301,2,winter_wheat,3,KAS,0.4,16
7301,2,winter_wheat,4,KAS,0.9,16
7302,2,winter_wheat,1,PK,0.001,40
7302,2,winter_wheat,2,KAS,0.25,32
7302,2,winter_wheat,3,KAS,0.4,16
7302,2,winter_wheat,4,KAS,0.9,16
7303,2,winter_wheat,1,PK,0.001,40
7303,2,winter_wheat,2,KAS,0.25,32
7303,2,winter_wheat,3,KAS,0.4,16
7303,2,winter_wheat,4,KAS,0.9,16
7304,2,winter_wheat,1,PK,0.001,40
7304,2,winter_wheat,2,KAS,0.25,32
7304,2,winter_wheat,3,KAS,0.4,16
7304,2,winter_wheat,4,KAS,0.9,16
7305,2,winter_wheat,1,PK,0.001,40
7305,2,winter_wheat,2,KAS,0.25,32
7305,2,winter_wheat,3,KAS,0.4,16
7305,2,winter_wheat,4,KAS,0.9,16
7306,2,winter_wheat,1,PK,0.001,40
7306,2,winter_wheat,2,KAS,0.25,32
7306,2,winter_wheat,3,KAS,0.4,16
7306,2,winter_wheat,4,KAS,0.9,16
7307,2,winter_wheat,1,PK,0.001,40
7307,2,winter_wheat,2,KAS,0.25,32
7307,2,winter_wheat,3,KAS,0.4,16
7307,2,winter_wheat,4,KAS,0.9,16
7308,2,winter_wheat,1,PK,0.001,40
7308,2,winter_wheat,2,KAS,0.25,32
7308,2,winter_wheat,3,KAS,0.4,16
7308,2,winter_wheat,4,KAS,0.9,16
7309,2,winter_wheat,1,PK,0.001,40
7309,2,winter_wheat,2,KAS,0.25,32
7309,2,winter_wheat,3,KAS,0.4,16
7309,2,winter_wheat,4,KAS,0.9,16
7310,2,winter_wheat,1,PK,0.001,40
7310,2,winter_wheat,2,KAS,0.25,32
7310,2,winter_wheat,3,KAS,0.4,16
7310,2,winter_wheat,4,KAS,0.9,16
7311,2,winter_wheat,1,PK,0.001,40
7311,2,winter_wheat,2,KAS,0.25,32
7311,2,winter_wheat,3,KAS,0.4,16
7311,2,winter_wheat,4,KAS,0.9,16
7312,2,winter_wheat,1,PK,0.001,40
7312,2,winter_wheat,2,KAS,0.25,32
7312,2,winter_wheat,3,KAS,0.4,16
7312,2,winter_wheat,4,KAS,0.9,16
7313,2,winter_wheat,1,PK,0.001,40
7313,2,winter_wheat,2,KAS,0.25,32
7313,2,winter_wheat,3,KAS,0.4,16
7313,2,winter_wheat,4,KAS,0.9,16
7314,2,winter_wheat,1,PK,0.001,40
7314,2,winter_wheat,2,KAS,0.25,32
7314,2,winter_wheat,3,KAS,0.4,16
7314,2,winter_wheat,4,KAS,0.9,16
7315,2,winter_wheat,1,PK,0.001,40
7315,2,winter_wheat,2,KAS,0.25,32
7315,2,winter_wheat,3,KAS,0.4,16
7315,2,winter_wheat,4,KAS,0.9,16
7316,2,winter_wheat,1,PK,0.001,40
7316,2,winter_wheat,2,KAS,0.25,32
7316,2,winter_wheat,3,KAS,0.4,16
7316,2,winter_wheat,4,KAS,0.9,16
7317,2,winter_wheat,1,PK,0.001,40
7317,2,winter_wheat,2,KAS,0.25,32
7317,2,winter_wheat,3,KAS,0.4,16
7317,2,winter_wheat,4,KAS,0.9,16
7318,2,winter_wheat,1,PK,0.001,40
7318,2,winter_wheat,2,KAS,0.25,32
7318,2,winter_wheat,3,KAS,0.4,16
7318,2,winter_wheat,4,KAS,0.9,16
7319,2,winter_wheat,1,PK,0.001,40
7319,2,winter_wheat,2,KAS,0.25,32
7319,2,winter_wheat,3,KAS,0.4,16
7319,2,winter_wheat,4,KAS,0.9,16
7320,2,winter_wheat,1,PK,0.001,40
7320,2,winter_wheat,2,KAS,0.25,32
7320,2,winter_wheat,3,KAS,0.4,16
7320,2,winter_wheat,4,KAS,0.9,16
7321,2,winter_wheat,1,PK,0.001,40
7321,2,winter_wheat,2,KAS,0.25,32
7321,2,winter_wheat,3,KAS,0.4,16
7321,2,winter_wheat,4,KAS,0.9,16
7322,2,winter_wheat,1,PK,0.001,40
7322,2,winter_wheat,2,KAS,0.25,32
7322,2,winter_wheat,3,KAS,0.4,16
7322,2,winter_wheat,4,KAS,0.9,16
7323,2,winter_wheat,1,PK,0.001,40
7323,2,winter_wheat,2,KAS,0.25,32
7323,2,winter_wheat,3,KAS,0.4,16
7323,2,winter_wheat,4,KAS,0.9,16
7324,2,winter_wheat,1,PK,0.001,40
7324,2,winter_wheat,2,KAS,0.25,32
7324,2,winter_wheat,3,KAS,0.4,16
7324,2,winter_wheat,4,KAS,0.9,16
7325,2,winter_wheat,1,PK,0.001,40
7325,2,winter_wheat,2,KAS,0.25,32
7325,2,winter_wheat,3,KAS,0.4,16
7325,2,winter_wheat,4,KAS,0.9,16
7326,2,winter_wheat,1,PK,0.001,40
7326,2,winter_wheat,2,KAS,0.25,32
7326,2,winter_wheat,3,KAS,0.4,16
7326,2,winter_wheat,4,KAS,0.9,16
7327,2,winter_wheat,1,PK,0.001,40
7327,2,winter_wheat,2,KAS,0.25,32
7327,2,winter_wheat,3,KAS,0.4,16
7327,2,winter_wheat,4,KAS,0.9,16
7328,2,winter_wheat,1,PK,0.001,40
7328,2,winter_wheat,2,KAS,0.25,32
7328,2,winter_wheat,3,KAS,0.4,16
7328,2,winter_wheat,4,KAS,0.9,16
7329,2,winter_wheat,1,PK,0.001,40
7329,2,winter_wheat,2,KAS,0.25,32
7329,2,winter_wheat,3,KAS,0.4,16
7329,2,winter_wheat,4,KAS,0.9,16
7330,2,winter_wheat,1,PK,0.001,40
7330,2,winter_wheat,2,KAS,0.25,32
7330,2,winter_wheat,3,KAS,0.4,16
7330,2,winter_wheat,4,KAS,0.9,16
7331,2,winter_wheat,1,PK,0.001,40
7331,2,winter_wheat,2,KAS,0.25,32
7331,2,winter_wheat,3,KAS,0.4,16
7331,2,winter_wheat,4,KAS,0.9,16
7332,2,winter_wheat,1,PK,0.001,40
7332,2,winter_wheat,2,KAS,0.25,32
7332,2,winter_wheat,3,KAS,0.4,16
7332,2,winter_wheat,4,KAS,0.9,16
7333,2,winter_wheat,1,PK,0.001,40
7333,2,winter_wheat,2,KAS,0.25,32
7333,2,winter_wheat,3,KAS,0.4,16
7333,2,winter_wheat,4,KAS,0.9,16
7334,2,winter_wheat,1,PK,0.001,40
7334,2,winter_wheat,2,KAS,0.25,32
7334,2,winter_wheat,3,KAS,0.4,16
7334,2,winter_wheat,4,KAS,0.9,16
7335,2,winter_wheat,1,PK,0.001,40
7335,2,winter_wheat,2,KAS,0.25,32
7335,2,winter_wheat,3,KAS,0.4,16
7335,2,winter_wheat,4,KAS,0.9,16
7336,2,winter_wheat,1,PK,0.001,40
7336,2,winter_wheat,2,KAS,0.25,32
7336,2,winter_wheat,3,KAS,0.4,16
7336,2,winter_wheat,4,KAS,0.9,16
7337,2,winter_wheat,1,PK,0.001,40
7337,2,winter_wheat,2,KAS,0.25,32
7337,2,winter_wheat,3,KAS,0.4,16
7337,2,winter_wheat,4,KAS,0.9,16
7338,2,winter_wheat,1,PK,0.001,40
7338,2,winter_wheat,2,KAS,0.25,32
7338,2,winter_wheat,3,KAS,0.4,16
7338,2,winter_wheat,4,KAS,0.9,16
7339,2,winter_wheat,1,PK,0.001,40
7339,2,winter_wheat,2,KAS,0.25,32
7339,2,winter_wheat,3,KAS,0.4,16
7339,2,winter_wheat,4,KAS,0.9,16
7340,2,winter_wheat,1,PK,0.001,40
7340,2,winter_wheat,2,KAS,0.25,32
7340,2,winter_wheat,3,KAS,0.4,16
7340,2,winter_wheat,4,KAS,0.9,16
7341,2,winter_wheat,1,PK,0.001,40
7341,2,winter_wheat,2,KAS,0.25,32
7341,2,winter_wheat,3,KAS,0.4,16
7341,2,winter_wheat,4,KAS,0.9,16
7342,2,winter_wheat,1,PK,0.001,40
7342,2,winter_wheat,2,KAS,0.25,32
7342,2,winter_wheat,3,KAS,0.4,16
7342,2,winter_wheat,4,KAS,0.9,16
7343,2,winter_wheat,1,PK,0.001,40
7343,2,winter_wheat,2,KAS,0.25,32
7343,2,winter_wheat,3,KAS,0.4,16
7343,2,winter_wheat,4,KAS,0.9,16
7344,2,winter_wheat,1,PK,0.001,40
7344,2,winter_wheat,2,KAS,0.25,32
7344,2,winter_wheat,3,KAS,0.4,16
7344,2,winter_wheat,4,KAS,0.9,16
7345,2,winter_wheat,1,PK,0.001,40
7345,2,winter_wheat,2,KAS,0.25,32
7345,2,winter_wheat,3,KAS,0.4,16
7345,2,winter_wheat,4,KAS,0.9,16
7346,2,winter_wheat,1,PK,0.001,40
7346,2,winter_wheat,2,KAS,0.25,32
7346,2,winter_wheat,3,KAS,0.4,16
7346,2,winter_wheat,4,KAS,0.9,16
7347,2,winter_wheat,1,PK,0.001,40
7347,2,winter_wheat,2,KAS,0.25,32
7347,2,winter_wheat,3,KAS,0.4,16
7347,2,winter_wheat,4,KAS,0.9,16
7348,2,winter_wheat,1,PK,0.001,40
7348,2,winter_wheat,2,KAS,0.25,32
7348,2,winter_wheat,3,KAS,0.4,16
7348,2,winter_wheat,4,KAS,0.9,16
7349,2,winter_wheat,1,PK,0.001,40
7349,2,winter_wheat,2,KAS,0.25,32
7349,2,winter_wheat,3,KAS,0.4,16
7349,2,winter_wheat,4,KAS,0.9,16
7350,2,winter_wheat,1,PK,0.001,40
7350,2,winter_wheat,2,KAS,0.25,32
7350,2,winter_wheat,3,KAS,0.4,16
7350,2,winter_wheat,4,KAS,0.9,16
7351,2,winter_wheat,1,PK,0.001,40
7351,2,winter_wheat,2,KAS,0.25,32
7351,2,winter_wheat,3,KAS,0.4,16
7351,2,winter_wheat,4,KAS,0.9,16
7352,2,winter_wheat,1,PK,0.001,40
7352,2,winter_wheat,2,KAS,0.25,32
7352,2,winter_wheat,3,KAS,0.4,16
7352,2,winter_wheat,4,KAS,0.9,16
7353,2,winter_wheat,1,PK,0.001,40
7353,2,winter_wheat,2,KAS,0.25,32
7353,2,winter_wheat,3,KAS,0.4,16
7353,2,winter_wheat,4,KAS,0.9,16
7354,2,winter_wheat,1,PK,0.001,40
7354,2,winter_wheat,2,KAS,0.25,32
7354,2,winter_wheat,3,KAS,0.4,16
7354,2,winter_wheat,4,KAS,0.9,16
7355,2,winter_wheat,1,PK,0.001,40
7355,2,winter_wheat,2,KAS,0.25,32
7355,2,winter_wheat,3,KAS,0.4,16
7355,2,winter_wheat,4,KAS,0.9,16
7356,2,winter_wheat,1,PK,0.001,40
7356,2,winter_wheat,2,KAS,0.25,32
7356,2,winter_wheat,3,KAS,0.4,16
7356,2,winter_wheat,4,KAS,0.9,16
7357,2,winter_wheat,1,PK,0.001,40
7357,2,winter_wheat,2,KAS,0.25,32
7357,2,winter_wheat,3,KAS,0.4,16
7357,2,winter_wheat,4,KAS,0.9,16
7358,2,winter_wheat,1,PK,0.001,40
7358,2,winter_wheat,2,KAS,0.25,32
7358,2,winter_wheat,3,KAS,0.4,16
7358,2,winter_wheat,4,KAS,0.9,16
7359,2,winter_wheat,1,PK,0.001,40
7359,2,winter_wheat,2,KAS,0.25,32
7359,2,winter_wheat,3,KAS,0.4,16
7359,2,winter_wheat,4,KAS,0.9,16
7360,2,winter_wheat,1,PK,0.001,40
7360,2,winter_wheat,2,KAS,0.25,32
7360,2,winter_wheat,3,KAS,0.4,16
7360,2,winter_wheat,4,KAS,0.9,16
7361,2,winter_wheat,1,PK,0.001,40
7361,2,winter_wheat,2,KAS,0.25,32
7361,2,winter_wheat,3,KAS,0.4,16
7361,2,winter_wheat,4,KAS,0.9,16
7362,2,winter_wheat,1,PK,0.001,40
7362,2,winter_wheat,2,KAS,0.25,32
7362,2,winter_wheat,3,KAS,0.4,16
7362,2,winter_wheat,4,KAS,0.9,16
7363,2,winter_wheat,1,PK,0.001,40
7363,2,winter_wheat,2,KAS,0.25,32
7363,2,winter_wheat,3,KAS,0.4,16
7363,2,winter_wheat,4,KAS,0.9,16
7364,2,winter_wheat,1,PK,0.001,40
7364,2,winter_wheat,2,KAS,0.25,32
7364,2,winter_wheat,3,KAS,0.4,16
7364,2,winter_wheat,4,KAS,0.9,16
7365,2,winter_wheat,1,PK,0.001,40
7365,2,winter_wheat,2,KAS,0.25,32
7365,2,winter_wheat,3,KAS,0.4,16
7365,2,winter_wheat,4,KAS,0.9,16
7366,2,winter_wheat,1,PK,0.001,40
7366,2,winter_wheat,2,KAS,0.25,32
7366,2,winter_wheat,3,KAS,0.4,16
7366,2,winter_wheat,4,KAS,0.9,16
7367,2,winter_wheat,1,PK,0.001,40
7367,2,winter_wheat,2,KAS,0.25,32
7367,2,winter_wheat,3,KAS,0.4,16
7367,2,winter_wheat,4,KAS,0.9,16
7368,2,winter_wheat,1,PK,0.001,40
7368,2,winter_wheat,2,KAS,0.25,32
7368,2,winter_wheat,3,KAS,0.4,16
7368,2,winter_wheat,4,KAS,0.9,16
7369,2,winter_wheat,1,PK,0.001,40
7369,2,winter_wheat,2,KAS,0.25,32
7369,2,winter_wheat,3,KAS,0.4,16
7369,2,winter_wheat,4,KAS,0.9,16
7370,2,winter_wheat,1,PK,0.001,40
7370,2,winter_wheat,2,KAS,0.25,32
7370,2,winter_wheat,3,KAS,0.4,16
7370,2,winter_wheat,4,KAS,0.9,16
7371,2,winter_wheat,1,PK,0.001,40
7371,2,winter_wheat,2,KAS,0.25,32
7371,2,winter_wheat,3,KAS,0.4,16
7371,2,winter_wheat,4,KAS,0.9,16
7372,2,winter_wheat,1,PK,0.001,40
7372,2,winter_wheat,2,KAS,0.25,32
7372,2,winter_wheat,3,KAS,0.4,16
7372,2,winter_wheat,4,KAS,0.9,16
7373,2,winter_wheat,1,PK,0.001,40
7373,2,winter_wheat,2,KAS,0.25,32
7373,2,winter_wheat,3,KAS,0.4,16
7373,2,winter_wheat,4,KAS,0.9,16
7374,2,winter_wheat,1,PK,0.001,40
7374,2,winter_wheat,2,KAS,0.25,32
7374,2,winter_wheat,3,KAS,0.4,16
7374,2,winter_wheat,4,KAS,0.9,16
7375,2,winter_wheat,1,PK,0.001,40
7375,2,winter_wheat,2,KAS,0.25,32
7375,2,winter_wheat,3,KAS,0.4,16
7375,2,winter_wheat,4,KAS,0.9,16
7376,2,winter_wheat,1,PK,0.001,40
7376,2,winter_wheat,2,KAS,0.25,32
7376,2,winter_wheat,3,KAS,0.4,16
7376,2,winter_wheat,4,KAS,0.9,16
7377,2,winter_wheat,1,PK,0.001,40
7377,2,winter_wheat,2,KAS,0.25,32
7377,2,winter_wheat,3,KAS,0.4,16
7377,2,winter_wheat,4,KAS,0.9,16
7378,2,winter_wheat,1,PK,0.001,40
7378,2,winter_wheat,2,KAS,0.25,32
7378,2,winter_wheat,3,KAS,0.4,16
7378,2,winter_wheat,4,KAS,0.9,16
7379,2,winter_wheat,1,PK,0.001,40
7379,2,winter_wheat,2,KAS,0.25,32
7379,2,winter_wheat,3,KAS,0.4,16
7379,2,winter_wheat,4,KAS,0.9,16
7380,2,winter_wheat,1,PK,0.001,40
7380,2,winter_wheat,2,KAS,0.25,32
7380,2,winter_wheat,3,KAS,0.4,16
7380,2,winter_wheat,4,KAS,0.9,16
7381,2,winter_wheat,1,PK,0.001,40
7381,2,winter_wheat,2,KAS,0.25,32
7381,2,winter_wheat,3,KAS,0.4,16
7381,2,winter_wheat,4,KAS,0.9,16
7382,2,winter_wheat,1,PK,0.001,40
7382,2,winter_wheat,2,KAS,0.25,32
7382,2,winter_wheat,3,KAS,0.4,16
7382,2,winter_wheat,4,KAS,0.9,16
7383,2,winter_wheat,1,PK,0.001,40
7383,2,winter_wheat,2,KAS,0.25,32
7383,2,winter_wheat,3,KAS,0.4,16
7383,2,winter_wheat,4,KAS,0.9,16
7385,2,winter_wheat,1,PK,0.001,40
7385,2,winter_wheat,2,KAS,0.25,32
7385,2,winter_wheat,3,KAS,0.4,16
7385,2,winter_wheat,4,KAS,0.9,16
7386,2,winter_wheat,1,PK,0.001,40
7386,2,winter_wheat,2,KAS,0.25,32
7386,2,winter_wheat,3,KAS,0.4,16
7386,2,winter_wheat,4,KAS,0.9,16
7387,2,winter_wheat,1,PK,0.001,40
7387,2,winter_wheat,2,KAS,0.25,32
7387,2,winter_wheat,3,KAS,0.4,16
7387,2,winter_wheat,4,KAS,0.9,16
7388,2,winter_wheat,1,PK,0.001,40
7388,2,winter_wheat,2,KAS,0.25,32
7388,2,winter_wheat,3,KAS,0.4,16
7388,2,winter_wheat,4,KAS,0.9,16
7389,2,winter_wheat,1,PK,0.001,40
7389,2,winter_wheat,2,KAS,0.25,32
7389,2,winter_wheat,3,KAS,0.4,16
7389,2,winter_wheat,4,KAS,0.9,16
7390,2,winter_wheat,1,PK,0.001,40
7390,2,winter_wheat,2,KAS,0.25,32
7390,2,winter_wheat,3,KAS,0.4,16
7390,2,winter_wheat,4,KAS,0.9,16
7391,2,winter_wheat,1,PK,0.001,40
7391,2,winter_wheat,2,KAS,0.25,32
7391,2,winter_wheat,3,KAS,0.4,16
7391,2,winter_wheat,4,KAS,0.9,16
7392,2,winter_wheat,1,PK,0.001,40
7392,2,winter_wheat,2,KAS,0.25,32
7392,2,winter_wheat,3,KAS,0.4,16
7392,2,winter_wheat,4,KAS,0.9,16
7393,2,winter_wheat,1,PK,0.001,40
7393,2,winter_wheat,2,KAS,0.25,32
7393,2,winter_wheat,3,KAS,0.4,16
7393,2,winter_wheat,4,KAS,0.9,16
